collision_index,collision_year,collision_ref_no,vehicle_reference,vehicle_type,towing_and_articulation,vehicle_manoeuvre_historic,vehicle_manoeuvre,vehicle_direction_from,vehicle_direction_to,vehicle_location_restricted_lane_historic,vehicle_location_restricted_lane,junction_location,skidding_and_overturning,hit_object_in_carriageway,vehicle_leaving_carriageway,hit_object_off_carriageway,first_point_of_impact,vehicle_left_hand_drive,journey_purpose_of_driver_historic,journey_purpose_of_driver,sex_of_driver,age_of_driver,age_band_of_driver,engine_capacity_cc,propulsion_code,age_of_vehicle,generic_make_model,driver_imd_decile,lsoa_of_driver,escooter_flag,driver_distance_banding
2023211378663,2023,211378663,1,9,0,5,5,6,2,0,0,1,0,0,0,0,1,1,2,2,2,64,9,1496,1,4,TOYOTA YARIS,8,E01014314,0,-1
2023311314960,2023,311314960,5,9,0,18,19,5,1,0,0,0,0,0,0,0,3,1,5,6,1,25,5,1329,1,11,TOYOTA YARIS,8,E01021607,0,-1
2023061381081,2023,061381081,4,9,0,3,3,1,5,0,0,0,0,0,0,0,2,1,6,6,1,25,5,998,1,19,TOYOTA YARIS,1,E01005197,0,-1
2023131334381,2023,131334381,2,9,0,18,19,1,5,0,0,0,0,0,0,0,1,1,5,6,2,76,11,1299,1,23,TOYOTA YARIS,7,E01017646,0,-1
2023010420783,2023,010420783,1,9,0,18,19,1,5,0,0,0,0,0,0,0,1,1,6,6,2,88,11,1296,1,17,TOYOTA YARIS,7,E01002228,0,-1
2023411340600,2023,411340600,1,9,0,12,12,-1,-1,0,0,3,0,0,0,0,3,1,6,6,1,-1,-1,1497,8,3,TOYOTA YARIS,10,E01023810,0,-1
2023131390420,2023,131390420,2,9,0,18,19,1,5,0,0,8,0,0,0,0,3,1,2,2,2,45,7,998,1,11,TOYOTA YARIS,1,E01010819,0,-1
2023221311254,2023,221311254,2,9,0,4,4,1,2,0,0,2,0,0,0,0,2,1,5,6,2,64,9,1497,8,5,TOYOTA YARIS,8,E01032287,0,-1
2023010471183,2023,010471183,1,9,0,99,99,9,9,99,99,9,9,99,9,99,2,9,6,6,2,76,11,998,1,13,TOYOTA YARIS,6,E01002295,0,-1
2023461357107,2023,461357107,1,9,0,18,19,7,3,0,0,0,0,0,1,0,1,1,6,6,1,26,6,1329,1,14,TOYOTA YARIS,7,E01024789,0,-1
2023061276654,2023,061276654,2,9,0,3,3,3,7,0,0,1,0,0,0,0,-1,1,2,2,1,21,5,1329,1,9,TOYOTA YARIS,1,E01005183,0,-1
2023031340754,2023,031340754,2,9,0,12,12,8,4,0,0,0,0,0,0,0,3,1,5,6,2,47,8,1329,1,12,TOYOTA YARIS,10,E01019244,0,-1
2023221326488,2023,221326488,1,9,0,7,7,6,8,0,0,6,0,0,0,0,1,1,5,6,1,73,10,1496,1,3,TOYOTA YARIS,10,E01032158,0,-1
2023440490319,2023,440490319,1,9,0,18,19,8,4,0,0,0,0,0,0,0,1,1,2,2,2,40,7,1490,8,0,TOYOTA YARIS,9,E01032604,0,-1
2023411407523,2023,411407523,1,9,-1,-1,-1,-1,-1,-1,-1,-1,-1,-1,-1,0,-1,1,6,6,1,75,10,1490,8,2,TOYOTA YARIS,10,E01023563,0,-1
2023061339543,2023,061339543,2,9,0,5,5,8,8,0,0,0,1,0,0,0,2,1,5,6,1,41,7,1329,1,8,TOYOTA YARIS,3,E01005215,0,-1
2023461351098,2023,461351098,2,9,0,18,19,7,3,0,0,0,0,0,0,0,1,1,6,6,2,44,7,1497,8,7,TOYOTA YARIS,2,E01024019,0,-1
2023231284490,2023,231284490,2,9,0,4,4,4,8,0,0,0,0,0,0,0,2,1,3,7,2,35,6,1329,1,10,TOYOTA YARIS,9,E01032891,0,-1
2023070096129,2023,070096129,1,9,0,16,19,5,1,0,0,1,0,0,0,0,1,1,6,6,2,50,8,1490,8,1,TOYOTA YARIS,10,E01018572,0,-1
2023231319140,2023,231319140,1,9,0,18,19,4,8,0,0,0,0,0,0,0,1,1,5,6,1,38,7,1490,8,1,TOYOTA YARIS,4,E01031276,0,-1
2023451357295,2023,451357295,2,9,0,18,19,3,7,0,0,1,1,0,7,0,4,1,1,1,1,48,8,1490,8,0,TOYOTA YARIS,9,E01030900,0,-1
2023010481031,2023,010481031,2,9,0,99,99,9,9,99,99,9,9,99,9,99,9,9,6,6,3,-1,-1,1497,8,7,TOYOTA YARIS,-1,-1,0,-1
2023430277138,2023,430277138,1,9,0,5,5,7,3,0,0,1,0,0,0,0,2,1,6,6,2,57,9,1363,2,18,TOYOTA YARIS,8,E01030846,0,-1
2023010461515,2023,010461515,1,9,0,18,19,5,1,0,0,0,0,11,0,0,1,1,6,6,1,23,5,1329,1,10,TOYOTA YARIS,3,E01003014,0,-1
2023302300399,2023,302300399,1,9,0,18,19,6,2,0,0,0,0,0,0,0,0,1,6,6,2,29,6,1296,1,16,TOYOTA YARIS,4,E01013501,0,-1
2023010424185,2023,010424185,1,9,0,99,99,9,9,99,99,9,9,99,9,99,2,9,6,6,1,38,7,1497,8,6,TOYOTA YARIS,5,E01023542,0,-1
2023010457396,2023,010457396,2,9,0,9,9,3,1,0,0,4,0,0,0,0,1,1,6,6,2,35,6,1497,8,3,TOYOTA YARIS,-1,-1,0,-1
2023991330220,2023,991330220,1,9,0,9,9,5,4,0,0,5,0,0,0,0,1,1,5,6,2,32,6,998,1,16,TOYOTA YARIS,7,-1,0,-1
2023061379717,2023,061379717,1,9,0,5,5,8,5,0,0,6,0,0,0,0,1,1,5,6,2,20,4,1296,1,15,TOYOTA YARIS,2,E01006185,0,-1
2023201292352,2023,201292352,2,9,0,18,19,5,1,0,0,8,0,0,0,0,1,1,6,6,1,33,6,1299,1,20,TOYOTA YARIS,7,E01010461,0,-1
2023411289434,2023,411289434,2,9,0,3,3,7,3,0,0,0,0,0,0,0,1,1,6,6,1,25,5,1490,8,2,TOYOTA YARIS,3,E01001501,0,-1
2023421360280,2023,421360280,3,9,0,2,2,1,6,0,0,1,0,0,0,0,1,1,5,6,2,79,11,1496,1,4,TOYOTA YARIS,8,E01021719,0,-1
2023631360979,2023,631360979,2,9,0,18,19,5,1,0,0,0,0,0,0,0,2,1,2,2,2,55,8,1329,1,7,TOYOTA YARIS,4,W01000724,0,-1
2023371290815,2023,371290815,2,9,0,18,19,3,3,0,0,0,0,0,0,0,1,1,5,6,2,56,9,1496,1,6,TOYOTA YARIS,10,E01030204,0,-1
2023010469760,2023,010469760,2,9,0,99,99,9,9,99,99,9,9,99,9,99,9,9,6,6,3,-1,-1,998,1,8,TOYOTA YARIS,-1,-1,0,-1
2023302301622,2023,302301622,1,9,0,18,19,3,7,0,0,2,0,0,0,0,3,1,6,6,1,70,10,1490,8,0,TOYOTA YARIS,4,E01019689,0,-1
2023101359072,2023,101359072,2,9,0,9,9,5,3,0,0,8,0,0,0,0,3,1,5,6,1,75,10,1329,1,9,TOYOTA YARIS,5,E01008679,0,-1
2023061359006,2023,061359006,1,9,-1,-1,-1,-1,-1,-1,-1,0,-1,-1,-1,0,-1,1,6,6,3,30,6,1363,2,18,TOYOTA YARIS,-1,-1,0,-1
2023131387561,2023,131387561,1,9,0,18,19,6,2,0,0,8,0,0,0,0,4,1,3,7,2,23,5,998,1,18,TOYOTA YARIS,1,E01010663,0,-1
2023430036053,2023,430036053,1,9,0,18,19,2,6,0,0,0,0,0,0,0,1,1,6,6,1,48,8,1364,2,15,TOYOTA YARIS,5,E01017659,0,-1
2023451269484,2023,451269484,1,9,0,7,7,3,5,0,0,3,0,0,0,0,1,2,5,6,2,72,10,998,1,13,TOYOTA YARIS,2,E01002608,0,-1
2023070288253,2023,070288253,1,9,0,17,19,4,8,0,0,1,0,0,0,0,1,1,6,6,2,26,6,1299,1,18,TOYOTA YARIS,2,E01006214,0,-1
2023991329818,2023,991329818,1,9,0,17,19,1,7,0,0,8,0,0,0,0,1,1,1,1,1,42,7,1497,8,9,TOYOTA YARIS,9,-1,0,-1
2023010471936,2023,010471936,2,9,0,99,99,9,9,99,99,9,9,99,9,99,9,9,6,6,1,24,5,1299,1,19,TOYOTA YARIS,-1,-1,0,-1
2023451346116,2023,451346116,2,9,0,16,19,7,3,0,0,1,0,0,0,0,1,1,5,6,2,67,10,1497,8,3,TOYOTA YARIS,7,E01030423,0,-1
2023320765227,2023,320765227,1,9,0,18,19,1,5,0,0,0,0,0,1,10,1,1,6,6,2,85,11,1490,8,1,TOYOTA YARIS,6,E01026297,0,-1
2023201418030,2023,201418030,2,9,0,9,9,7,5,0,0,5,0,0,0,0,3,1,6,6,2,44,7,1329,1,8,TOYOTA YARIS,1,E01033636,0,-1
2023320168632,2023,320168632,2,9,0,18,19,2,6,0,0,8,0,0,0,0,1,1,1,1,2,39,7,1329,1,13,TOYOTA YARIS,5,E01032988,0,-1
2023061298423,2023,061298423,1,9,0,18,19,3,7,0,0,1,0,0,0,0,4,1,6,6,1,30,6,998,1,18,TOYOTA YARIS,1,E01006028,0,-1
2023010470349,2023,010470349,2,9,9,99,99,9,9,99,99,9,9,99,9,99,1,9,6,6,3,-1,-1,1490,8,2,TOYOTA YARIS,-1,-1,0,-1
2023421317172,2023,421317172,1,9,0,17,19,3,7,0,0,0,0,0,1,0,1,1,6,6,1,55,8,1490,8,0,TOYOTA YARIS,6,E01019585,0,-1
2023010434743,2023,010434743,2,9,0,18,19,3,7,0,0,8,0,0,0,0,1,1,6,6,1,18,4,1496,1,5,TOYOTA YARIS,4,E01004124,0,-1
2023991311427,2023,991311427,1,9,0,18,19,1,5,0,0,0,0,0,0,0,1,1,2,2,1,40,7,1329,1,6,TOYOTA YARIS,1,-1,0,-1
2023010480135,2023,010480135,1,9,0,4,4,7,3,0,0,1,0,0,0,0,2,1,6,6,2,36,7,1329,1,9,TOYOTA YARIS,5,E01001530,0,-1
2023041376800,2023,041376800,1,9,0,18,19,-1,-1,0,0,0,0,0,0,0,1,1,6,6,3,-1,-1,1296,1,16,TOYOTA YARIS,-1,-1,0,-1
2023501344053,2023,501344053,2,9,0,18,19,6,4,0,0,8,0,0,0,0,1,1,6,6,1,40,7,1490,8,1,TOYOTA YARIS,-1,-1,0,-1
2023061372728,2023,061372728,1,9,0,9,9,7,4,0,0,8,0,0,0,0,1,1,5,6,1,53,8,1364,2,9,TOYOTA YARIS,2,E01004838,0,-1
2023010458136,2023,010458136,2,9,0,99,99,9,9,99,99,0,9,99,9,99,1,9,6,6,3,-1,-1,1490,8,2,TOYOTA YARIS,-1,-1,0,-1
2023461349396,2023,461349396,1,9,0,18,19,6,3,0,0,0,5,4,0,0,4,1,5,6,1,46,8,1618,1,1,TOYOTA YARIS,6,E01024230,0,-1
2023010483074,2023,010483074,2,9,0,99,99,9,9,99,99,9,9,99,9,99,1,9,6,6,3,-1,-1,1299,1,19,TOYOTA YARIS,5,E01016765,0,-1
2023010466409,2023,010466409,1,9,0,9,9,1,7,0,0,6,0,0,1,0,2,1,6,6,1,39,7,1329,1,13,TOYOTA YARIS,8,E01002925,0,-1
2023031263612,2023,031263612,3,9,0,2,2,5,1,0,0,1,0,0,0,0,1,1,6,6,2,55,8,1496,1,6,TOYOTA YARIS,3,E01019296,0,-1
2023041369562,2023,041369562,3,9,0,2,2,3,7,0,0,0,0,0,0,0,2,1,6,6,3,-1,-1,1329,1,7,TOYOTA YARIS,-1,-1,0,-1
2023061330188,2023,061330188,2,9,0,18,19,3,7,0,0,1,0,0,0,0,4,1,5,6,1,38,7,1329,1,14,TOYOTA YARIS,-1,-1,0,-1
2023010419657,2023,010419657,2,9,0,7,7,1,4,0,0,8,0,0,0,0,1,1,6,6,3,-1,-1,998,1,16,TOYOTA YARIS,-1,-1,0,-1
2023131280015,2023,131280015,1,9,0,9,9,4,3,0,0,1,0,0,0,0,1,1,6,6,3,-1,-1,1364,2,14,TOYOTA YARIS,-1,-1,0,-1
2023201381073,2023,201381073,4,9,0,2,2,0,0,0,0,0,0,4,0,0,3,1,6,6,2,23,5,1329,1,11,TOYOTA YARIS,1,E01033645,0,-1
2023430205744,2023,430205744,2,9,0,18,19,7,3,0,0,8,0,0,0,0,1,1,6,6,1,80,11,1497,8,4,TOYOTA YARIS,-1,-1,0,-1
202363A010723,2023,63A010723,1,9,0,16,19,7,2,0,0,0,0,0,0,0,1,1,1,1,1,34,6,1798,1,16,TOYOTA YARIS,3,W01000641,0,-1
2023552400157,2023,552400157,3,9,0,2,2,0,0,0,0,0,0,4,0,0,2,1,6,6,3,-1,-1,998,1,20,TOYOTA YARIS,-1,-1,0,-1
2023010450192,2023,010450192,1,9,0,99,99,9,9,9,9,6,9,0,9,99,9,9,6,6,3,-1,-1,1497,8,11,TOYOTA YARIS,-1,-1,0,-1
2023111295262,2023,111295262,1,9,0,17,19,3,7,0,0,0,1,0,0,0,2,1,2,2,1,38,7,1299,1,18,TOYOTA YARIS,3,E01008706,0,-1
2023010480848,2023,010480848,1,9,0,18,19,1,5,0,0,1,0,4,0,0,1,1,6,6,2,50,8,1296,1,16,TOYOTA YARIS,8,E01000985,0,-1
2023061309177,2023,061309177,1,9,0,18,19,3,3,0,0,0,0,0,0,0,1,1,5,6,1,32,6,1329,1,13,TOYOTA YARIS,2,E01004812,0,-1
2023440247508,2023,440247508,1,9,0,18,19,3,7,0,0,0,0,0,6,6,1,1,6,6,2,35,6,1299,1,22,TOYOTA YARIS,10,E01020407,0,-1
2023991357672,2023,991357672,2,9,0,16,19,4,8,0,0,0,1,0,1,11,1,1,5,6,2,54,8,1490,8,1,TOYOTA YARIS,1,-1,0,-1
2023010433538,2023,010433538,2,9,9,99,99,9,9,99,99,9,9,99,9,99,9,9,6,6,3,-1,-1,1497,8,4,TOYOTA YARIS,-1,-1,0,-1
2023061371504,2023,061371504,1,9,-1,-1,-1,-1,-1,-1,-1,0,-1,-1,-1,0,-1,1,6,6,1,-1,-1,1497,8,5,TOYOTA YARIS,10,E01005789,0,-1
2023311282260,2023,311282260,2,9,0,4,4,3,7,0,0,1,0,0,0,0,1,1,6,6,2,52,8,1329,1,8,TOYOTA YARIS,-1,-1,0,-1
2023010428503,2023,010428503,1,9,0,18,19,5,1,9,9,8,0,0,1,10,1,1,2,2,1,45,7,1329,1,10,TOYOTA YARIS,-1,-1,0,-1
2023201277472,2023,201277472,1,9,0,9,9,8,6,0,0,5,0,0,0,0,1,1,6,6,1,66,10,1364,2,16,TOYOTA YARIS,2,E01009090,0,-1
2023201275502,2023,201275502,1,9,0,4,4,5,1,0,0,0,0,0,0,0,1,1,6,6,1,-1,-1,1490,8,1,TOYOTA YARIS,2,E01010506,0,-1
2023010449349,2023,010449349,1,9,0,18,19,1,5,0,0,2,0,0,1,2,1,1,6,6,1,51,8,1490,8,1,TOYOTA YARIS,2,E01003267,0,-1
2023010483007,2023,010483007,1,9,0,9,9,5,2,0,0,1,0,0,0,0,1,1,6,6,1,33,6,1497,8,9,TOYOTA YARIS,4,E01003530,0,-1
2023520000425,2023,520000425,2,9,0,18,19,7,3,0,0,0,0,0,0,0,1,1,6,6,2,32,6,1497,8,6,TOYOTA YARIS,5,E01033080,0,-1
2023010468930,2023,010468930,2,9,0,99,99,9,9,99,99,9,9,99,9,99,2,9,6,6,3,-1,-1,998,1,9,TOYOTA YARIS,-1,-1,0,-1
2023440493938,2023,440493938,1,9,0,18,19,7,3,0,0,0,0,0,0,0,1,1,6,6,1,57,9,1296,1,16,TOYOTA YARIS,4,E01017362,0,-1
2023440304371,2023,440304371,1,9,0,18,19,6,2,0,0,0,0,0,0,0,2,1,6,6,2,43,7,1490,8,2,TOYOTA YARIS,9,E01016081,0,-1
2023461320883,2023,461320883,1,9,0,17,19,8,4,0,0,5,0,0,0,0,4,1,6,6,1,57,9,1490,8,1,TOYOTA YARIS,-1,-1,0,-1
2023401267987,2023,401267987,2,9,0,18,19,1,5,0,0,8,0,0,0,0,2,1,5,6,2,37,7,1496,1,4,TOYOTA YARIS,7,E01033500,0,-1
2023141268983,2023,141268983,1,9,0,9,9,3,7,0,0,1,0,0,0,0,1,1,6,6,2,48,8,1329,1,8,TOYOTA YARIS,8,E01007678,0,-1
2023332300421,2023,332300421,1,9,0,18,19,8,4,0,0,6,0,0,0,0,4,1,6,6,1,22,5,1299,1,19,TOYOTA YARIS,6,E01030681,0,-1
2023010430980,2023,010430980,1,9,0,4,4,1,5,0,0,1,0,0,0,0,2,1,6,6,2,45,7,1329,1,11,TOYOTA YARIS,4,E01001174,0,-1
2023302301509,2023,302301509,1,9,0,18,19,2,8,0,0,0,1,0,7,11,4,1,6,6,1,24,5,1329,1,13,TOYOTA YARIS,1,E01008929,0,-1
2023201283376,2023,201283376,1,9,0,7,7,2,4,0,0,6,0,0,0,0,3,1,1,1,1,28,6,1329,1,9,TOYOTA YARIS,2,E01009487,0,-1
2023010447889,2023,010447889,1,9,0,9,9,5,3,0,0,5,0,0,0,0,0,1,6,6,1,30,6,1296,1,17,TOYOTA YARIS,6,E01000196,0,-1
2023501342750,2023,501342750,1,9,0,4,4,6,1,0,0,1,0,0,0,0,1,1,5,6,2,22,5,1329,1,14,TOYOTA YARIS,4,E01020320,0,-1
2023440100698,2023,440100698,1,9,0,10,10,5,3,0,0,1,0,0,0,0,2,1,6,6,1,21,5,998,1,19,TOYOTA YARIS,6,E01022940,0,-1
2023070944203,2023,070944203,2,9,0,5,5,7,3,0,0,4,0,0,0,0,1,1,2,2,1,26,6,1299,1,18,TOYOTA YARIS,2,E01018645,0,-1
2023010452108,2023,010452108,1,9,0,7,7,3,6,0,0,1,0,0,0,0,2,1,6,6,1,37,7,1497,8,7,TOYOTA YARIS,2,E01002356,0,-1
2023141302188,2023,141302188,1,9,0,18,19,5,1,0,0,0,0,0,4,6,1,1,5,6,1,21,5,1497,1,20,TOYOTA YARIS,3,E01011024,0,-1
2023010481012,2023,010481012,3,9,0,2,2,0,0,0,0,1,0,0,0,0,3,1,6,6,3,-1,-1,998,1,17,TOYOTA YARIS,-1,-1,0,-1
2023201276973,2023,201276973,1,9,0,18,19,1,5,0,0,6,0,0,0,0,1,1,6,6,1,39,7,1329,1,13,TOYOTA YARIS,1,E01009365,0,-1
2023141340756,2023,141340756,2,9,0,18,19,7,3,0,0,2,0,0,0,0,1,1,5,6,1,22,5,1329,1,14,TOYOTA YARIS,9,E01008074,0,-1
2023461314025,2023,461314025,1,9,0,3,3,4,8,0,0,0,0,0,0,0,4,1,6,6,1,78,11,1329,1,11,TOYOTA YARIS,8,E01016131,0,-1
2023471372265,2023,471372265,1,9,0,1,1,5,1,9,9,1,0,0,0,0,2,1,5,6,2,29,6,1329,1,8,TOYOTA YARIS,4,E01021045,0,-1
2023332300869,2023,332300869,1,9,0,18,19,2,6,0,0,0,0,0,0,0,3,1,6,6,2,25,5,998,1,19,TOYOTA YARIS,4,E01013648,0,-1
2023010455573,2023,010455573,1,9,0,18,19,5,1,0,0,0,0,4,0,0,1,1,6,6,1,43,7,1296,1,17,TOYOTA YARIS,3,E01002589,0,-1
2023430002192,2023,430002192,1,9,0,18,19,4,8,0,0,1,0,0,0,0,1,1,6,6,1,18,4,1299,1,19,TOYOTA YARIS,-1,-1,0,-1
2023201377753,2023,201377753,2,9,0,18,19,1,5,0,0,0,0,0,0,0,1,1,6,6,2,20,4,1329,1,12,TOYOTA YARIS,2,E01009395,0,-1
2023122400155,2023,122400155,1,9,0,5,5,5,1,0,0,1,0,0,0,0,1,1,6,6,2,61,9,1363,2,18,TOYOTA YARIS,6,E01027569,0,-1
2023501264171,2023,501264171,2,9,0,18,19,7,3,0,0,1,0,0,0,0,4,1,2,2,1,34,6,1296,1,15,TOYOTA YARIS,1,E01015048,0,-1
2023010438675,2023,010438675,1,9,0,99,99,9,9,99,99,9,9,99,9,99,4,9,1,1,2,27,6,1490,8,2,TOYOTA YARIS,3,E01003522,0,-1
2023430027442,2023,430027442,1,9,0,9,9,5,3,0,0,6,0,0,0,0,1,1,3,7,2,23,5,1497,8,5,TOYOTA YARIS,10,E01017639,0,-1
2023522400274,2023,522400274,1,9,0,13,13,5,1,0,0,0,0,0,0,0,4,1,6,6,1,34,6,1497,8,7,TOYOTA YARIS,8,E01014868,0,-1
2023421367168,2023,421367168,1,9,0,5,5,1,5,0,0,3,0,0,0,0,1,1,5,6,1,72,10,1329,1,11,TOYOTA YARIS,6,E01021380,0,-1
2023052301317,2023,052301317,2,9,0,18,19,5,1,0,0,3,0,0,0,0,2,1,6,6,2,41,7,1329,1,14,TOYOTA YARIS,4,E01006878,0,-1
2023201338868,2023,201338868,2,9,0,4,4,4,8,0,0,1,0,0,0,0,1,1,6,6,2,66,10,1490,8,1,TOYOTA YARIS,6,E01009036,0,-1
2023010422566,2023,010422566,2,9,0,99,99,9,9,99,99,9,9,99,9,99,9,9,6,6,3,-1,-1,998,1,12,TOYOTA YARIS,-1,-1,0,-1
2023320393552,2023,320393552,2,9,0,7,7,2,4,0,0,6,0,0,0,0,3,1,6,6,1,46,8,1329,1,10,TOYOTA YARIS,1,E01013954,0,-1
2023461272971,2023,461272971,1,9,0,8,8,1,5,0,0,0,0,0,0,0,3,1,6,6,2,91,11,998,1,18,TOYOTA YARIS,8,E01024394,0,-1
2023411343998,2023,411343998,2,9,0,18,19,1,5,0,0,0,0,0,1,7,2,1,2,2,2,34,6,1299,1,21,TOYOTA YARIS,7,E01002228,0,-1
2023141391279,2023,141391279,2,9,0,5,5,7,3,0,0,6,0,0,0,0,4,1,5,6,2,80,11,1490,8,3,TOYOTA YARIS,3,E01008148,0,-1
2023010477406,2023,010477406,1,9,9,99,99,9,9,99,99,9,9,99,9,99,3,9,6,6,1,48,8,1497,8,5,TOYOTA YARIS,3,E01001505,0,-1
2023411343964,2023,411343964,1,9,0,18,19,6,2,0,0,0,0,0,0,0,1,1,2,2,1,65,9,1497,8,8,TOYOTA YARIS,2,E01001620,0,-1
2023131329069,2023,131329069,1,9,0,18,19,7,3,0,0,8,0,0,0,0,1,1,2,2,2,39,7,1296,1,16,TOYOTA YARIS,1,E01011339,0,-1
2023340WN6892,2023,340WN6892,1,9,0,9,9,2,8,0,0,5,0,0,0,0,1,1,6,6,2,36,7,1490,8,2,TOYOTA YARIS,2,E01027243,0,-1
2023501299489,2023,501299489,1,9,0,18,19,8,4,0,0,0,5,0,8,10,4,1,4,7,2,18,4,1299,1,21,TOYOTA YARIS,5,E01020068,0,-1
2023201380595,2023,201380595,2,9,0,18,19,1,5,0,0,8,0,0,0,0,4,1,6,6,1,48,8,1329,1,9,TOYOTA YARIS,1,E01009507,0,-1
2023122400013,2023,122400013,2,9,0,2,2,0,0,0,0,0,0,0,0,0,3,1,6,6,1,83,11,1299,1,21,TOYOTA YARIS,7,E01013401,0,-1
2023991346694,2023,991346694,1,9,0,18,19,3,7,0,0,0,0,0,0,0,1,1,2,2,2,29,6,1329,1,9,TOYOTA YARIS,4,-1,0,-1
2023041311998,2023,041311998,2,9,0,12,12,1,1,0,0,0,0,0,0,0,3,1,6,6,2,56,9,998,1,17,TOYOTA YARIS,4,E01012607,0,-1
2023010444613,2023,010444613,2,9,0,99,99,9,9,99,99,9,9,99,9,99,2,9,6,6,3,-1,-1,1490,8,2,TOYOTA YARIS,-1,-1,0,-1
2023430551392,2023,430551392,1,9,0,9,9,2,8,0,0,5,0,0,0,0,4,1,6,6,1,18,4,998,1,9,TOYOTA YARIS,9,E01017678,0,-1
2023041352135,2023,041352135,2,9,0,18,19,1,5,0,0,1,0,0,0,0,1,1,5,6,1,39,7,1364,2,14,TOYOTA YARIS,2,E01025229,0,-1
2023201305840,2023,201305840,2,9,0,2,2,0,0,0,0,1,0,4,0,0,1,1,1,1,1,51,8,1296,1,15,TOYOTA YARIS,1,E01010060,0,-1
2023010453237,2023,010453237,1,9,0,18,19,3,7,0,0,1,0,0,0,0,1,1,6,6,1,49,8,1296,1,15,TOYOTA YARIS,3,E01003569,0,-1
2023010462338,2023,010462338,1,9,0,9,9,7,5,0,0,0,0,0,0,0,4,2,1,1,1,31,6,1296,1,15,TOYOTA YARIS,2,E01002506,0,-1
2023430173794,2023,430173794,3,9,0,18,19,4,8,0,0,0,0,0,0,0,1,1,6,6,1,39,7,1490,8,2,TOYOTA YARIS,-1,-1,0,-1
2023010459874,2023,010459874,2,9,0,99,99,9,9,99,99,9,9,99,9,99,1,9,6,6,3,-1,-1,1329,1,13,TOYOTA YARIS,6,E01002166,0,-1
2023131316079,2023,131316079,1,9,0,18,19,3,7,0,0,1,0,0,0,0,1,1,6,6,1,40,7,1299,1,18,TOYOTA YARIS,1,E01010812,0,-1
2023320705584,2023,320705584,1,9,0,18,19,7,3,0,0,8,0,0,0,0,3,1,2,2,2,36,7,1490,8,0,TOYOTA YARIS,-1,-1,0,-1
2023371412399,2023,371412399,1,9,0,18,19,5,1,0,0,8,0,0,0,0,1,1,2,2,1,62,9,1490,8,1,TOYOTA YARIS,5,E01029946,0,-1
2023061370869,2023,061370869,1,9,0,18,19,2,6,0,0,6,0,0,0,0,1,1,5,6,2,39,7,1497,8,6,TOYOTA YARIS,5,E01005961,0,-1
2023991281346,2023,991281346,2,9,0,18,19,7,3,0,0,0,0,0,0,0,1,1,2,2,1,63,9,1497,8,6,TOYOTA YARIS,3,E01028310,0,-1
2023141359707,2023,141359707,1,9,0,9,9,4,1,0,0,0,0,0,0,0,3,1,6,6,2,33,6,1497,8,7,TOYOTA YARIS,5,E01008045,0,-1
2023421370643,2023,421370643,1,9,0,18,19,6,2,0,0,0,0,0,0,0,1,1,5,6,1,59,9,1497,8,10,TOYOTA YARIS,6,E01024703,0,-1
2023461284375,2023,461284375,1,9,0,9,9,4,1,0,0,5,0,0,1,0,1,1,1,1,2,47,8,998,1,11,TOYOTA YARIS,2,E01001579,0,-1
2023302300586,2023,302300586,1,9,0,11,11,4,7,0,0,3,0,0,0,0,1,1,6,6,1,-1,-1,998,1,20,TOYOTA YARIS,4,E01013503,0,-1
2023010451680,2023,010451680,1,9,0,18,19,5,1,0,0,0,5,4,0,0,1,1,6,6,2,69,10,1490,8,2,TOYOTA YARIS,5,E01004527,0,-1
2023311292115,2023,311292115,2,9,0,18,19,4,8,0,0,0,0,0,0,0,2,1,5,6,2,60,9,1490,8,2,TOYOTA YARIS,3,E01025703,0,-1
2023361272097,2023,361272097,1,9,0,7,7,7,2,0,0,1,0,0,0,0,0,1,5,6,2,75,10,1497,8,7,TOYOTA YARIS,2,E01026459,0,-1
2023622300198,2023,622300198,1,9,0,17,19,4,2,0,0,0,0,6,0,0,1,1,6,6,1,31,6,1329,1,14,TOYOTA YARIS,1,W01001698,0,-1
2023631341623,2023,631341623,2,9,0,3,3,3,6,0,0,1,0,0,0,0,2,1,5,6,2,54,8,1329,1,10,TOYOTA YARIS,5,W01000617,0,-1
2023411380471,2023,411380471,2,9,0,18,19,4,8,0,0,8,0,0,1,0,1,1,3,7,2,47,8,1329,1,14,TOYOTA YARIS,9,E01023407,0,-1
2023311303663,2023,311303663,1,9,0,5,5,4,8,0,0,0,0,0,0,0,1,1,6,6,1,-1,-1,1299,1,19,TOYOTA YARIS,6,E01026167,0,-1
2023010473864,2023,010473864,2,9,0,9,9,7,4,0,0,8,1,0,0,0,4,1,6,6,1,51,8,1490,8,0,TOYOTA YARIS,-1,-1,0,-1
2023010464576,2023,010464576,2,9,9,99,99,9,9,99,99,0,9,99,9,99,1,9,6,6,3,-1,-1,1497,8,8,TOYOTA YARIS,-1,-1,0,-1
2023451355414,2023,451355414,1,9,0,18,19,7,3,0,0,1,0,0,0,0,4,1,2,2,2,45,7,1490,8,1,TOYOTA YARIS,10,E01030434,0,-1
2023010431342,2023,010431342,1,9,0,99,99,9,9,99,99,0,9,99,9,99,9,9,6,6,1,46,8,1497,8,5,TOYOTA YARIS,4,E01001150,0,-1