collision_index,collision_year,collision_ref_no,vehicle_reference,vehicle_type,towing_and_articulation,vehicle_manoeuvre_historic,vehicle_manoeuvre,vehicle_direction_from,vehicle_direction_to,vehicle_location_restricted_lane_historic,vehicle_location_restricted_lane,junction_location,skidding_and_overturning,hit_object_in_carriageway,vehicle_leaving_carriageway,hit_object_off_carriageway,first_point_of_impact,vehicle_left_hand_drive,journey_purpose_of_driver_historic,journey_purpose_of_driver,sex_of_driver,age_of_driver,age_band_of_driver,engine_capacity_cc,propulsion_code,age_of_vehicle,generic_make_model,driver_imd_decile,lsoa_of_driver,escooter_flag,driver_distance_banding
2023010435140,2023,010435140,2,9,9,99,99,9,9,99,99,9,9,99,9,99,9,9,6,6,2,34,6,1497,8,10,TOYOTA YARIS,4,E01004525,0,-1
2023440009842,2023,440009842,1,9,0,18,19,1,5,0,0,1,0,0,0,0,1,1,1,1,1,46,8,1296,1,16,TOYOTA YARIS,1,E01017167,0,-1
2023622300876,2023,622300876,1,9,0,1,1,1,6,0,0,0,0,4,0,0,1,1,6,6,3,-1,-1,1364,2,16,TOYOTA YARIS,-1,-1,0,-1
2023010440393,2023,010440393,1,9,0,99,99,9,9,99,99,9,9,99,9,99,2,9,6,6,2,41,7,1490,8,1,TOYOTA YARIS,5,E01002636,0,-1
2023221379306,2023,221379306,1,9,0,2,2,0,0,0,0,2,0,0,0,0,3,1,6,6,1,33,6,1299,1,22,TOYOTA YARIS,1,E01009498,0,-1
2023010429313,2023,010429313,1,9,0,18,19,3,7,0,0,0,0,0,0,0,1,1,6,6,1,37,7,1296,1,17,TOYOTA YARIS,3,E01023954,0,-1
2023201333478,2023,201333478,1,9,0,4,4,4,8,0,0,8,0,0,0,0,1,1,6,6,2,55,8,998,1,17,TOYOTA YARIS,2,E01010071,0,-1
2023421380277,2023,421380277,2,9,0,18,19,5,1,0,0,0,0,0,0,0,1,1,6,6,1,46,8,1364,2,16,TOYOTA YARIS,8,E01022093,0,-1
2023401268479,2023,401268479,2,9,0,4,4,7,3,0,0,4,0,0,0,0,2,1,6,6,2,42,7,1490,8,2,TOYOTA YARIS,3,E01015761,0,-1
2023010461888,2023,010461888,1,9,0,99,99,9,9,99,99,9,9,99,9,99,9,9,2,2,2,60,9,1490,8,1,TOYOTA YARIS,5,E01000255,0,-1
2023041373322,2023,041373322,2,9,0,18,19,1,5,0,0,1,0,0,0,0,2,1,1,1,1,22,5,1490,8,1,TOYOTA YARIS,2,E01012705,0,-1
2023231389799,2023,231389799,2,9,0,18,19,1,5,0,0,6,0,0,0,0,1,1,6,6,1,56,9,998,1,19,TOYOTA YARIS,5,E01031262,0,-1
2023501313778,2023,501313778,4,9,0,3,3,6,2,0,0,0,0,4,0,0,2,1,5,6,1,34,6,1497,8,6,TOYOTA YARIS,1,E01004987,0,-1
2023010420530,2023,010420530,2,9,0,99,99,9,9,99,99,9,9,99,9,99,1,9,6,6,1,54,8,1490,8,1,TOYOTA YARIS,3,E01003042,0,-1
2023010428950,2023,010428950,2,9,0,99,99,9,9,99,99,9,9,99,9,99,9,9,6,6,3,-1,-1,1490,8,1,TOYOTA YARIS,-1,-1,0,-1
2023010433383,2023,010433383,3,9,0,18,19,1,5,0,0,0,0,0,0,0,1,1,6,6,2,48,8,1329,1,7,TOYOTA YARIS,2,E01002392,0,-1
2023440159824,2023,440159824,1,9,0,5,5,8,4,0,0,1,0,0,0,0,1,1,6,6,2,18,4,998,1,18,TOYOTA YARIS,10,E01022893,0,-1
202360A122850,2023,60A122850,1,9,0,18,19,4,8,0,0,1,0,0,0,0,1,1,6,6,2,75,10,1490,8,3,TOYOTA YARIS,-1,-1,0,-1
2023061337484,2023,061337484,1,9,-1,-1,-1,-1,-1,-1,-1,-1,-1,-1,-1,0,-1,1,6,6,3,-1,-1,1497,8,9,TOYOTA YARIS,4,E01005877,0,-1
2023201379840,2023,201379840,2,9,0,18,19,4,8,0,0,1,0,0,0,0,2,1,1,1,2,-1,-1,1497,8,5,TOYOTA YARIS,1,E01009349,0,-1
2023440468397,2023,440468397,2,9,0,5,5,6,2,0,0,4,0,0,0,0,1,1,6,6,3,-1,-1,1329,1,10,TOYOTA YARIS,-1,-1,0,-1
2023302301943,2023,302301943,2,8,0,9,9,5,3,0,0,2,0,0,0,0,4,1,1,1,1,35,6,1497,8,4,-1,2,E01008095,0,-1
2023421340451,2023,421340451,1,9,0,5,5,1,4,0,0,0,0,10,4,0,4,1,6,6,2,74,10,1490,8,2,TOYOTA YARIS,10,E01003746,0,-1
2023010434466,2023,010434466,2,9,0,3,3,1,5,0,0,1,0,0,0,0,2,1,6,6,2,65,9,1490,8,0,TOYOTA YARIS,3,E01001502,0,-1
2023201279149,2023,201279149,1,9,0,16,19,2,5,0,0,0,1,0,0,0,1,1,6,6,1,27,6,1363,2,19,TOYOTA YARIS,1,E01010366,0,-1
2023010447224,2023,010447224,1,9,0,9,9,5,2,0,0,3,0,0,0,0,1,1,6,6,1,31,6,1329,1,12,TOYOTA YARIS,4,E01000507,0,-1
2023440017855,2023,440017855,3,9,0,8,8,3,7,0,0,1,0,0,0,0,3,1,6,6,1,42,7,1296,1,16,TOYOTA YARIS,10,E01023607,0,-1
2023010432822,2023,010432822,1,9,0,99,99,9,9,99,99,0,9,99,9,99,9,9,6,6,1,76,11,1299,1,19,TOYOTA YARIS,5,E01003955,0,-1
2023471338350,2023,471338350,2,9,0,4,4,7,4,0,0,1,0,0,0,0,2,1,5,6,2,20,4,998,1,24,TOYOTA YARIS,10,E01031686,0,-1
2023131279889,2023,131279889,1,9,0,18,19,7,3,0,0,8,0,4,0,0,1,1,5,6,1,34,6,1329,1,9,TOYOTA YARIS,2,E01011867,0,-1
2023471368274,2023,471368274,1,9,0,4,4,7,3,0,0,1,0,0,0,0,2,1,6,6,2,40,7,1296,1,17,TOYOTA YARIS,2,E01016978,0,-1
2023411309224,2023,411309224,1,9,0,17,19,7,5,0,0,8,0,0,0,0,3,1,5,6,2,81,11,1490,8,1,TOYOTA YARIS,10,E01023451,0,-1
2023451389939,2023,451389939,1,9,0,9,9,7,1,0,0,6,0,0,0,0,1,1,5,6,2,83,11,1497,8,9,TOYOTA YARIS,10,E01030999,0,-1
2023010482909,2023,010482909,1,9,9,99,99,9,9,99,99,9,9,99,9,99,9,9,6,6,2,-1,-1,1329,1,14,TOYOTA YARIS,-1,-1,0,-1
2023340WN3092,2023,340WN3092,1,9,0,18,19,7,3,0,0,8,0,0,0,0,3,1,6,6,1,30,6,998,1,20,TOYOTA YARIS,-1,-1,0,-1
2023461366308,2023,461366308,2,9,0,5,5,7,3,0,0,1,0,0,0,0,2,1,6,6,1,26,6,998,1,20,TOYOTA YARIS,4,E01024027,0,-1
2023522400292,2023,522400292,1,9,0,10,10,7,3,0,0,1,0,0,0,0,2,1,6,6,2,41,7,1296,1,17,TOYOTA YARIS,8,E01033338,0,-1
2023010431109,2023,010431109,2,9,0,99,99,9,9,99,99,9,9,99,9,99,1,9,6,6,3,29,6,1296,1,17,TOYOTA YARIS,4,E01004694,0,-1
2023421353838,2023,421353838,2,9,0,5,5,3,6,0,0,1,0,0,0,0,1,1,1,1,2,76,11,1497,8,7,TOYOTA YARIS,-1,-1,0,-1
2023122301342,2023,122301342,1,9,0,18,19,1,5,0,0,0,0,11,7,4,1,1,6,6,2,60,9,1497,8,7,TOYOTA YARIS,6,E01027628,0,-1
2023201378398,2023,201378398,1,9,0,18,19,6,2,0,0,0,0,0,0,0,1,1,5,6,1,-1,-1,1329,1,12,TOYOTA YARIS,2,E01009505,0,-1
2023430187858,2023,430187858,1,9,0,18,19,4,8,0,0,2,0,0,0,0,1,1,6,6,1,50,8,1618,1,0,TOYOTA YARIS,-1,-1,0,-1
2023421372344,2023,421372344,1,9,0,18,19,3,7,0,0,2,0,0,0,0,1,1,6,6,1,20,4,998,1,19,TOYOTA YARIS,1,E01016010,0,-1
2023461358368,2023,461358368,1,9,0,5,5,3,7,0,0,0,0,0,0,0,1,1,2,2,2,29,6,1490,8,1,TOYOTA YARIS,3,E01016154,0,-1
2023010443179,2023,010443179,1,9,0,18,19,1,5,0,0,1,0,0,0,0,2,1,6,6,1,48,8,1497,8,7,TOYOTA YARIS,3,E01000092,0,-1
2023141263440,2023,141263440,2,9,0,9,9,8,6,0,0,6,0,0,0,0,1,1,5,6,2,62,9,1497,8,4,TOYOTA YARIS,2,E01007395,0,-1
2023340WN6732,2023,340WN6732,1,9,0,18,19,5,1,0,0,1,0,0,0,0,1,1,6,6,2,41,7,1329,1,8,TOYOTA YARIS,4,E01027171,0,-1
2023010434491,2023,010434491,1,9,0,99,99,9,9,99,99,0,9,99,9,99,9,9,2,2,2,20,4,998,1,21,TOYOTA YARIS,10,E01000767,0,-1
2023461268022,2023,461268022,2,9,0,3,3,6,2,0,0,0,0,0,0,0,2,1,6,6,1,49,8,1329,1,14,TOYOTA YARIS,8,E01000752,0,-1
2023991286299,2023,991286299,2,9,0,18,19,5,8,0,0,1,0,0,0,0,3,1,2,2,2,31,6,1496,1,3,TOYOTA YARIS,1,-1,0,-1
2023201390261,2023,201390261,1,9,0,12,12,5,1,0,0,5,0,0,0,0,3,1,6,6,2,36,7,1329,1,9,TOYOTA YARIS,2,E01010021,0,-1
2023131357441,2023,131357441,1,9,0,9,9,7,3,0,0,8,0,0,0,0,1,1,5,6,2,43,7,1329,1,10,TOYOTA YARIS,1,E01010710,0,-1
2023010461431,2023,010461431,1,9,0,18,19,7,3,0,0,1,0,0,0,0,2,1,6,6,2,46,8,1299,1,21,TOYOTA YARIS,4,E01000112,0,-1
2023122301430,2023,122301430,1,9,0,6,6,5,5,0,0,8,0,0,0,0,1,1,6,6,2,90,11,1490,8,0,TOYOTA YARIS,10,E01011703,0,-1
2023501374142,2023,501374142,1,9,0,5,5,6,1,0,0,6,0,0,0,0,3,1,2,2,2,58,9,1299,1,21,TOYOTA YARIS,6,E01020160,0,-1
2023440343046,2023,440343046,1,9,0,18,19,7,3,0,0,0,0,0,4,0,1,1,6,6,1,80,11,1497,8,9,TOYOTA YARIS,6,E01000231,0,-1
2023991290639,2023,991290639,1,9,0,18,19,3,7,6,6,0,1,2,0,0,3,1,5,6,1,19,4,998,1,18,TOYOTA YARIS,8,-1,0,-1
2023161276313,2023,161276313,1,9,0,9,9,7,3,0,0,0,0,0,0,0,1,2,5,6,1,83,11,1364,2,11,TOYOTA YARIS,6,E01007630,0,-1
2023471301559,2023,471301559,2,9,0,18,19,3,7,0,0,8,0,0,0,0,3,1,2,2,1,32,6,998,1,14,TOYOTA YARIS,1,E01016895,0,-1
2023201291730,2023,201291730,1,9,0,9,9,4,1,0,0,8,0,7,0,0,4,1,6,6,1,30,6,1329,1,13,TOYOTA YARIS,1,E01013601,0,-1
2023201381740,2023,201381740,2,9,0,9,9,4,2,0,0,5,0,0,0,0,4,1,6,6,2,-1,-1,1329,1,10,TOYOTA YARIS,1,E01009341,0,-1
2023131327531,2023,131327531,1,9,0,18,19,6,2,0,0,8,0,0,0,0,1,1,6,6,1,28,6,1490,8,0,TOYOTA YARIS,4,E01010669,0,-1
2023070884806,2023,070884806,1,9,0,18,19,5,1,0,0,0,0,0,0,0,1,1,6,6,1,86,11,1497,8,9,TOYOTA YARIS,10,E01018438,0,-1
2023520400104,2023,520400104,1,9,0,16,19,3,7,0,0,0,0,0,8,11,4,1,6,6,2,17,4,1364,2,16,TOYOTA YARIS,4,E01020057,0,-1
2023522300621,2023,522300621,2,9,0,9,9,5,3,0,0,6,0,0,0,0,1,1,6,6,3,-1,-1,1329,1,14,TOYOTA YARIS,-1,-1,0,-1
2023302301386,2023,302301386,1,9,0,18,19,5,1,0,0,1,0,0,0,0,1,1,2,2,2,26,6,1296,1,16,TOYOTA YARIS,3,E01019739,0,-1
2023010445053,2023,010445053,2,9,0,99,99,9,9,99,99,9,9,99,9,99,1,9,6,6,3,-1,-1,1497,8,4,TOYOTA YARIS,-1,-1,0,-1
2023141278121,2023,141278121,1,9,0,4,4,3,7,0,0,1,0,0,0,0,1,1,5,6,1,85,11,1296,1,17,TOYOTA YARIS,1,E01020880,0,-1
2023010458191,2023,010458191,2,9,0,2,2,0,0,9,9,2,0,0,0,0,1,1,6,6,3,-1,-1,1329,1,9,TOYOTA YARIS,-1,-1,0,-1
2023010444383,2023,010444383,2,9,0,99,99,9,9,99,99,9,9,99,9,99,1,9,6,6,3,50,8,1329,1,11,TOYOTA YARIS,-1,-1,0,-1
2023302301916,2023,302301916,1,9,0,9,9,5,2,0,0,8,0,0,0,0,3,1,6,6,1,85,11,1329,1,13,TOYOTA YARIS,9,E01028070,0,-1
2023411378010,2023,411378010,2,9,0,18,19,3,7,0,0,8,0,0,0,0,1,1,5,6,1,-1,-1,1598,2,4,VAUXHALL ASTRA,5,E01023727,0,-1
2023430260215,2023,430260215,1,9,0,9,9,6,3,0,0,8,0,0,0,0,3,1,6,6,1,52,8,1598,2,7,VAUXHALL ASTRA,8,E01017836,0,-1
2023520400403,2023,520400403,2,9,0,18,19,5,1,0,0,0,0,0,0,0,1,1,6,6,1,47,8,1399,1,7,VAUXHALL ASTRA,3,E01026310,0,-1
2023351394761,2023,351394761,2,9,0,18,19,1,5,0,0,1,0,0,0,0,1,1,6,6,2,77,11,1398,1,9,VAUXHALL ASTRA,10,E01018130,0,-1
2023201275657,2023,201275657,1,9,0,9,9,4,3,0,0,6,0,0,0,0,1,1,6,6,2,20,4,1598,1,11,VAUXHALL ASTRA,2,E01010311,0,-1
202360A195761,2023,60A195761,1,9,0,18,19,8,4,0,0,8,0,0,0,0,1,1,6,6,1,34,6,1598,2,8,VAUXHALL ASTRA,-1,-1,0,-1
2023440490445,2023,440490445,2,9,0,4,4,5,1,0,0,0,0,0,1,0,2,1,6,6,1,43,7,1598,1,11,VAUXHALL ASTRA,9,E01023050,0,-1
2023361337852,2023,361337852,1,9,0,18,19,8,4,0,0,0,0,0,0,0,0,1,6,6,1,18,4,1598,1,14,VAUXHALL ASTRA,6,E01026612,0,-1
2023010477755,2023,010477755,2,9,0,99,99,9,9,99,99,9,9,99,9,99,1,9,6,6,3,-1,-1,1796,1,15,VAUXHALL ASTRA,-1,-1,0,-1
2023010444074,2023,010444074,1,9,9,99,99,9,9,99,99,0,9,99,9,99,9,9,6,6,3,62,9,1598,1,12,VAUXHALL ASTRA,2,E01017340,0,-1
2023302301874,2023,302301874,1,9,0,4,4,4,8,0,0,0,0,0,0,0,1,1,6,6,2,53,8,1598,1,14,VAUXHALL ASTRA,3,E01033439,0,-1
2023010452848,2023,010452848,1,9,0,16,19,4,8,0,0,4,0,0,0,0,1,1,6,6,3,-1,-1,1399,1,4,VAUXHALL ASTRA,-1,-1,0,-1
2023522400462,2023,522400462,1,9,0,18,19,7,3,0,0,8,0,4,0,0,4,1,6,6,2,27,6,1956,2,10,VAUXHALL ASTRA,10,E01014903,0,-1
2023401309193,2023,401309193,2,9,0,10,10,4,8,0,0,1,0,0,0,0,2,1,5,6,1,27,6,1598,2,6,VAUXHALL ASTRA,3,E01015757,0,-1
2023101346413,2023,101346413,1,9,0,6,6,7,3,0,0,0,0,0,0,0,1,1,2,2,1,43,7,1686,2,13,VAUXHALL ASTRA,2,E01008665,0,-1
2023010429544,2023,010429544,2,9,0,99,99,9,9,99,99,9,9,99,9,99,1,9,6,6,1,42,7,1598,1,11,VAUXHALL ASTRA,3,E01004037,0,-1
2023010445811,2023,010445811,2,9,9,18,19,3,7,0,0,9,9,0,0,0,2,9,6,6,3,-1,-1,1398,1,11,VAUXHALL ASTRA,-1,-1,0,-1
2023501376806,2023,501376806,1,9,0,9,9,6,4,0,0,1,0,0,0,0,1,1,6,6,1,29,6,1956,2,9,VAUXHALL ASTRA,1,E01015256,0,-1
2023141371271,2023,141371271,1,9,0,17,19,5,1,0,0,0,1,10,1,11,1,1,6,6,1,23,5,1399,1,7,VAUXHALL ASTRA,3,E01011028,0,-1
2023351430048,2023,351430048,2,9,0,4,4,1,5,0,0,0,0,0,0,0,2,1,2,2,1,46,8,1598,1,21,VAUXHALL ASTRA,9,E01018298,0,-1
2023501341278,2023,501341278,2,9,0,16,19,2,5,0,0,0,0,0,0,0,3,1,5,6,1,30,6,1686,2,19,VAUXHALL ASTRA,8,E01020306,0,-1
2023131320003,2023,131320003,1,9,0,18,19,4,8,0,0,8,0,0,0,0,1,1,5,6,2,57,9,1598,1,14,VAUXHALL ASTRA,4,E01010959,0,-1
2023991354146,2023,991354146,1,9,0,17,19,7,3,0,0,0,0,0,1,2,1,1,5,6,1,30,6,1598,2,7,VAUXHALL ASTRA,4,-1,0,-1
2023010436527,2023,010436527,1,9,0,9,9,5,2,0,0,1,0,0,0,0,1,1,6,6,1,45,7,1598,1,10,VAUXHALL ASTRA,4,E01000976,0,-1
2023340WN0672,2023,340WN0672,2,9,0,18,19,6,2,0,0,8,1,0,0,0,1,1,2,2,1,24,5,1364,1,8,VAUXHALL ASTRA,2,E01027178,0,-1
2023101350106,2023,101350106,1,9,0,18,19,7,3,0,0,8,0,0,0,0,1,1,6,6,1,29,6,1910,2,17,VAUXHALL ASTRA,7,E01027490,0,-1
2023131279480,2023,131279480,1,9,0,7,7,1,7,0,0,1,0,0,0,0,1,1,2,2,1,57,9,1686,2,12,VAUXHALL ASTRA,2,E01011840,0,-1
2023461325815,2023,461325815,1,9,0,18,19,3,7,0,0,0,0,0,0,0,1,1,6,6,1,39,7,1796,1,17,VAUXHALL ASTRA,4,E01023997,0,-1
2023471372918,2023,471372918,1,9,0,7,7,7,8,0,0,0,0,0,0,0,4,1,2,2,1,20,4,1910,2,14,VAUXHALL ASTRA,5,E01021120,0,-1
2023010452255,2023,010452255,2,9,9,99,99,9,9,99,99,9,9,99,9,99,9,9,6,6,3,29,6,1598,1,9,VAUXHALL ASTRA,1,E01004311,0,-1
2023411301914,2023,411301914,2,9,0,16,19,1,5,0,0,0,0,0,0,0,0,1,1,1,1,48,8,1598,2,4,VAUXHALL ASTRA,-1,-1,0,-1
2023522400702,2023,522400702,2,19,0,18,19,7,3,0,0,0,0,0,0,0,1,1,6,6,3,-1,-1,1686,2,14,VAUXHALL ASTRA,-1,-1,0,-1
2023531288772,2023,531288772,1,9,0,18,19,6,2,0,0,0,0,0,0,0,0,1,1,1,1,37,7,1598,2,4,VAUXHALL ASTRA,10,E01022431,0,-1
2023461286690,2023,461286690,2,9,0,4,4,2,6,0,0,0,0,0,0,0,2,1,1,1,1,45,7,1686,2,10,VAUXHALL ASTRA,3,E01024684,0,-1
2023010424076,2023,010424076,2,9,9,18,19,6,2,0,0,6,0,0,9,0,9,9,6,6,3,-1,-1,1362,1,11,VAUXHALL ASTRA,-1,-1,0,-1
2023010460917,2023,010460917,1,9,0,9,9,7,4,0,0,1,0,0,0,0,1,1,2,2,1,33,6,1598,1,13,VAUXHALL ASTRA,3,E01001162,0,-1
2023010433166,2023,010433166,1,9,0,11,11,5,1,0,0,1,0,0,0,0,1,1,2,2,1,59,9,1364,1,14,VAUXHALL ASTRA,6,E01002919,0,-1
2023131284233,2023,131284233,3,9,0,2,2,5,1,0,0,8,0,0,0,0,3,1,6,6,3,-1,-1,1199,1,0,VAUXHALL ASTRA,-1,-1,0,-1
2023411391380,2023,411391380,2,9,0,18,19,-1,-1,-1,-1,0,0,0,0,0,-1,1,6,6,1,26,6,1364,1,9,VAUXHALL ASTRA,6,E01023945,0,-1
2023320497254,2023,320497254,2,9,0,18,19,3,7,0,0,0,0,0,0,0,3,1,6,6,1,37,7,1686,2,16,VAUXHALL ASTRA,1,E01013590,0,-1
2023421334327,2023,421334327,3,9,0,3,3,5,8,0,0,2,0,0,0,0,2,1,5,6,2,49,8,1364,1,7,VAUXHALL ASTRA,6,E01021589,0,-1
2023201292434,2023,201292434,1,9,0,18,19,6,4,0,0,6,0,0,0,0,1,1,6,6,1,37,7,1796,1,20,VAUXHALL ASTRA,8,E01032373,0,-1
2023010464889,2023,010464889,2,9,0,2,2,0,0,9,9,2,0,0,0,0,4,1,6,6,3,-1,-1,1399,1,6,VAUXHALL ASTRA,-1,-1,0,-1
202363D001123,2023,63D001123,1,9,0,16,19,2,5,0,0,8,0,0,0,0,1,1,2,2,1,34,6,1910,2,14,VAUXHALL ASTRA,9,W01000481,0,-1
2023010450109,2023,010450109,2,9,0,18,19,1,5,0,0,1,0,0,0,0,1,1,6,6,1,42,7,1598,1,15,VAUXHALL ASTRA,4,E01002299,0,-1
2023311318969,2023,311318969,3,9,0,18,19,7,3,0,0,0,0,0,0,0,2,1,6,6,2,29,6,1910,2,15,VAUXHALL ASTRA,2,E01028226,0,-1
2023010471081,2023,010471081,2,9,0,18,19,7,3,0,0,0,0,0,0,0,2,1,6,6,3,77,11,1399,1,7,VAUXHALL ASTRA,3,E01002726,0,-1
2023351289854,2023,351289854,2,9,0,17,19,4,8,0,0,0,0,0,1,9,1,1,1,1,1,49,8,1399,1,7,VAUXHALL ASTRA,2,E01015733,0,-1
2023010470836,2023,010470836,1,9,0,18,19,7,3,0,0,1,0,10,3,1,1,1,6,6,1,18,4,1399,1,7,VAUXHALL ASTRA,3,E01001688,0,-1
2023101307095,2023,101307095,1,9,0,18,19,1,5,0,0,0,0,0,0,0,1,1,6,6,1,20,4,1686,2,17,VAUXHALL ASTRA,-1,-1,0,-1
2023101299217,2023,101299217,1,9,0,18,19,3,7,0,0,3,0,0,0,0,1,1,5,6,1,40,7,1362,1,11,VAUXHALL ASTRA,2,E01008428,0,-1
2023440516094,2023,440516094,1,9,0,5,5,6,2,0,0,4,0,0,0,0,1,1,6,6,1,55,8,1598,1,11,VAUXHALL ASTRA,8,E01022757,0,-1
2023552301175,2023,552301175,1,9,0,18,19,5,1,0,0,8,0,0,0,0,1,1,6,6,2,36,7,1686,2,10,VAUXHALL ASTRA,4,E01020543,0,-1
2023201354001,2023,201354001,1,9,0,18,19,1,5,0,0,8,1,10,1,2,1,1,6,6,1,31,6,1598,2,6,VAUXHALL ASTRA,10,E01010387,0,-1
2023201382952,2023,201382952,2,9,0,18,19,7,3,0,0,8,0,0,0,0,4,1,5,6,1,21,5,1399,1,7,VAUXHALL ASTRA,2,E01009121,0,-1
2023421365486,2023,421365486,4,9,0,2,2,0,0,0,0,2,0,0,0,0,1,1,6,6,3,-1,-1,1598,1,8,VAUXHALL ASTRA,-1,-1,0,-1
2023131294982,2023,131294982,1,9,0,13,13,1,5,0,0,0,0,0,0,0,1,1,6,6,2,37,7,1956,2,9,VAUXHALL ASTRA,4,E01010727,0,-1
2023010469665,2023,010469665,2,9,0,99,99,9,9,99,99,9,9,99,9,99,2,9,6,6,3,-1,-1,1796,1,18,VAUXHALL ASTRA,-1,-1,0,-1
2023061338343,2023,061338343,1,9,0,18,19,1,5,0,0,1,0,0,0,0,3,1,6,6,1,20,4,1598,1,12,VAUXHALL ASTRA,3,E01005332,0,-1
2023052300227,2023,052300227,2,9,0,3,3,1,2,0,0,1,0,0,0,0,4,1,1,1,3,-1,-1,1598,1,16,VAUXHALL ASTRA,-1,-1,0,-1
2023111351291,2023,111351291,2,9,0,18,19,4,8,0,0,1,0,0,0,0,4,1,6,6,2,42,7,1598,1,17,VAUXHALL ASTRA,4,E01020808,0,-1
2023430500632,2023,430500632,2,9,0,18,19,1,5,0,0,8,0,0,1,0,1,1,6,6,2,33,6,1686,2,16,VAUXHALL ASTRA,4,E01028466,0,-1
2023522400016,2023,522400016,1,9,0,18,19,7,3,0,0,6,0,0,0,0,1,1,6,6,1,19,4,1364,1,16,VAUXHALL ASTRA,5,E01014812,0,-1
2023471330351,2023,471330351,1,9,0,18,19,1,5,0,0,0,0,0,0,0,4,1,5,6,1,-1,-1,1598,2,6,VAUXHALL ASTRA,6,E01021034,0,-1
2023201448008,2023,201448008,1,9,0,9,9,7,4,0,0,5,0,0,0,0,4,1,1,1,3,28,6,1598,2,4,VAUXHALL ASTRA,-1,-1,0,-1
2023131323628,2023,131323628,2,9,0,-1,-1,-1,-1,-1,-1,0,-1,-1,-1,-1,-1,1,5,6,1,42,7,1956,2,11,VAUXHALL ASTRA,1,E01010817,0,-1
2023320066821,2023,320066821,1,9,0,18,19,6,2,0,0,0,0,0,0,0,3,1,6,6,2,38,7,1248,2,13,VAUXHALL ASTRA,7,E01028285,0,-1
2023131341216,2023,131341216,1,9,0,13,13,7,3,0,0,0,0,7,0,0,1,1,5,6,1,22,5,1362,1,10,VAUXHALL ASTRA,3,E01013929,0,-1
2023010422478,2023,010422478,2,9,0,4,4,1,5,0,0,1,0,0,0,0,1,1,6,6,3,38,7,1399,1,6,VAUXHALL ASTRA,-1,-1,0,-1
2023991282545,2023,991282545,1,9,0,17,19,1,7,0,0,3,0,0,0,0,3,1,5,6,1,42,7,1399,1,5,VAUXHALL ASTRA,5,-1,0,-1
2023461280728,2023,461280728,3,9,0,4,4,7,3,0,0,0,0,0,0,0,2,1,6,6,2,35,6,1598,1,11,VAUXHALL ASTRA,5,E01024551,0,-1
2023311325093,2023,311325093,1,9,0,9,9,5,3,0,0,1,0,0,0,0,0,1,1,1,1,30,6,1598,2,4,VAUXHALL ASTRA,-1,-1,0,-1
2023201405897,2023,201405897,1,9,0,18,19,6,2,0,0,1,0,0,0,0,2,1,1,1,1,23,5,1598,1,15,VAUXHALL ASTRA,1,E01009173,0,-1
2023471357997,2023,471357997,2,9,0,9,9,1,7,0,0,6,0,0,0,0,4,1,5,6,1,37,7,1399,1,6,VAUXHALL ASTRA,4,E01020973,0,-1
2023041327125,2023,041327125,5,9,0,2,2,0,0,0,0,0,0,0,0,0,1,1,5,6,2,72,10,1399,1,5,VAUXHALL ASTRA,5,E01012664,0,-1
2023131394588,2023,131394588,3,9,0,18,19,1,5,0,0,1,0,0,0,0,2,1,5,6,1,29,6,1598,2,9,VAUXHALL ASTRA,2,E01010837,0,-1
2023131291108,2023,131291108,1,9,0,-1,-1,-1,-1,-1,-1,0,-1,-1,-1,-1,-1,1,5,6,1,32,6,1496,2,2,VAUXHALL ASTRA,9,E01011937,0,-1
2023411331835,2023,411331835,1,9,0,1,1,-1,-1,0,0,2,0,0,0,0,2,1,6,6,1,25,5,1364,1,5,VAUXHALL ASTRA,5,E01023303,0,-1
2023231297766,2023,231297766,1,9,0,18,19,5,1,0,0,0,0,0,0,0,1,1,5,6,2,49,8,1399,1,7,VAUXHALL ASTRA,10,E01031318,0,-1
2023430192756,2023,430192756,1,9,0,9,9,8,6,0,0,5,0,0,0,0,4,1,6,6,1,52,8,1598,1,10,VAUXHALL ASTRA,3,E01016381,0,-1
2023471387366,2023,471387366,1,9,0,18,19,8,4,0,0,4,0,0,0,0,1,1,6,6,3,-1,-1,1956,2,10,VAUXHALL ASTRA,-1,-1,0,-1
2023430470091,2023,430470091,2,9,0,18,19,1,5,0,0,8,0,0,0,0,1,1,6,6,1,-1,-1,1598,2,7,VAUXHALL ASTRA,-1,-1,0,-1
2023201301450,2023,201301450,2,9,0,9,9,3,8,0,0,5,0,10,1,0,1,1,2,2,2,31,6,1598,2,6,VAUXHALL ASTRA,4,E01009835,0,-1
2023010426714,2023,010426714,1,9,0,18,19,5,1,0,0,2,0,0,0,0,1,1,6,6,1,52,8,1399,1,4,VAUXHALL ASTRA,4,E01000155,0,-1
2023201373614,2023,201373614,1,9,0,2,2,0,0,0,0,0,0,0,0,0,2,1,6,6,1,41,7,1364,1,14,VAUXHALL ASTRA,4,E01009894,0,-1
2023010420966,2023,010420966,2,9,0,9,9,3,1,0,0,8,0,0,0,0,1,1,6,6,1,39,7,1598,2,6,VAUXHALL ASTRA,3,E01004038,0,-1
2023320419330,2023,320419330,2,9,0,3,3,1,5,0,0,0,0,0,0,0,2,1,6,6,2,27,6,1956,2,13,VAUXHALL ASTRA,1,E01026168,0,-1
2023131332894,2023,131332894,2,9,0,14,14,7,7,0,0,1,0,0,0,0,-1,1,6,6,3,-1,-1,1598,1,14,VAUXHALL ASTRA,-1,-1,0,-1