collision_index,collision_year,collision_ref_no,vehicle_reference,vehicle_type,towing_and_articulation,vehicle_manoeuvre_historic,vehicle_manoeuvre,vehicle_direction_from,vehicle_direction_to,vehicle_location_restricted_lane_historic,vehicle_location_restricted_lane,junction_location,skidding_and_overturning,hit_object_in_carriageway,vehicle_leaving_carriageway,hit_object_off_carriageway,first_point_of_impact,vehicle_left_hand_drive,journey_purpose_of_driver_historic,journey_purpose_of_driver,sex_of_driver,age_of_driver,age_band_of_driver,engine_capacity_cc,propulsion_code,age_of_vehicle,generic_make_model,driver_imd_decile,lsoa_of_driver,escooter_flag,driver_distance_banding
2023201285414,2023,201285414,1,9,0,18,19,3,7,0,0,2,0,0,0,0,1,1,6,6,2,-1,-1,1796,1,15,VAUXHALL ASTRA,-1,-1,0,-1
2023010473986,2023,010473986,2,9,0,99,99,9,9,99,99,9,9,99,9,99,9,9,6,6,3,-1,-1,1598,1,12,VAUXHALL ASTRA,-1,-1,0,-1
2023401362070,2023,401362070,2,9,0,13,13,1,5,0,0,0,0,0,0,0,0,1,1,1,1,33,6,1598,2,4,VAUXHALL ASTRA,-1,-1,0,-1
2023221311224,2023,221311224,1,9,0,16,19,8,1,0,0,1,0,0,0,0,4,1,2,2,2,19,4,999,1,4,VAUXHALL ASTRA,8,E01032233,0,-1
2023201391827,2023,201391827,2,9,0,4,4,5,1,0,0,0,0,0,0,0,1,1,3,7,1,38,7,1956,2,10,VAUXHALL ASTRA,2,E01010521,0,-1
2023471294516,2023,471294516,1,9,0,18,19,7,3,0,0,1,0,0,0,0,1,1,5,6,1,20,4,1956,2,11,VAUXHALL ASTRA,4,E01002055,0,-1
2023010440166,2023,010440166,2,9,0,18,19,3,7,0,0,6,0,0,0,0,4,1,6,6,1,35,6,1598,1,8,VAUXHALL ASTRA,1,E01004757,0,-1
2023101384636,2023,101384636,3,9,0,2,2,1,5,0,0,0,0,0,0,0,2,1,6,6,1,76,11,1399,1,4,VAUXHALL ASTRA,3,E01008637,0,-1
2023501373641,2023,501373641,3,9,0,2,2,0,0,0,0,1,0,0,0,0,2,1,6,6,3,-1,-1,1362,1,10,VAUXHALL ASTRA,-1,-1,0,-1
2023411324429,2023,411324429,3,9,0,3,3,1,5,0,0,0,0,0,0,0,2,1,6,6,2,34,6,1956,2,7,VAUXHALL ASTRA,6,E01023494,0,-1
2023351321654,2023,351321654,2,9,0,9,9,1,7,0,0,8,0,0,0,0,3,1,5,6,2,77,11,1796,1,14,VAUXHALL ASTRA,10,E01018253,0,-1
2023070364162,2023,070364162,3,9,0,18,19,5,1,0,0,0,0,0,0,0,2,1,6,6,1,19,4,1598,1,16,VAUXHALL ASTRA,6,-1,0,-1
2023552300654,2023,552300654,1,9,0,18,19,1,5,0,0,1,0,0,0,0,4,1,6,6,1,56,9,1398,1,9,VAUXHALL ASTRA,10,E01020426,0,-1
2023010484620,2023,010484620,3,9,0,18,19,3,7,0,0,0,0,0,0,0,1,1,6,6,1,29,6,1399,1,5,VAUXHALL ASTRA,3,E01001109,0,-1
2023471320111,2023,471320111,2,9,0,10,10,3,7,0,0,8,0,0,0,0,2,1,5,6,2,61,9,1598,1,20,VAUXHALL ASTRA,8,E01031629,0,-1
2023010421429,2023,010421429,1,9,0,18,19,5,1,0,0,1,0,4,0,0,1,1,6,6,1,63,9,1598,1,8,VAUXHALL ASTRA,2,E01001826,0,-1
2023311259087,2023,311259087,5,9,0,18,19,7,3,0,0,0,1,11,0,0,1,1,1,1,3,-1,-1,1598,2,5,VAUXHALL ASTRA,-1,-1,0,-1
2023401337601,2023,401337601,2,9,0,18,19,7,3,0,0,0,0,0,0,0,1,1,6,6,1,71,10,1796,1,17,VAUXHALL ASTRA,4,E01017567,0,-1
2023471286263,2023,471286263,1,9,0,18,19,3,7,0,0,8,0,0,0,0,4,1,5,6,1,29,6,1910,2,15,VAUXHALL ASTRA,5,E01016950,0,-1
2023501302211,2023,501302211,2,9,0,4,4,5,1,0,0,1,0,0,0,0,2,1,6,6,1,53,8,1796,1,16,VAUXHALL ASTRA,5,E01019982,0,-1
2023201403645,2023,201403645,1,9,0,18,19,8,4,0,0,8,0,0,0,0,1,1,5,6,3,-1,-1,1598,1,12,VAUXHALL ASTRA,-1,-1,0,-1
2023311390026,2023,311390026,1,9,0,4,4,2,6,0,0,1,0,0,0,0,2,1,3,7,2,41,7,1598,1,13,VAUXHALL ASTRA,6,E01027925,0,-1
2023010484514,2023,010484514,1,9,0,99,99,9,9,99,99,9,9,99,9,99,9,9,6,6,3,35,6,1398,1,12,VAUXHALL ASTRA,2,E01003970,0,-1
2023351296689,2023,351296689,1,9,0,18,19,7,2,9,9,5,0,0,7,0,1,1,5,6,1,86,11,1399,1,6,VAUXHALL ASTRA,9,E01018123,0,-1
2023430244955,2023,430244955,2,9,0,9,9,3,8,0,0,6,0,0,0,0,1,1,6,6,1,33,6,1399,1,6,VAUXHALL ASTRA,-1,-1,0,-1
2023010445315,2023,010445315,1,9,0,9,9,5,3,0,0,5,0,0,0,0,1,1,2,2,2,56,9,1598,1,13,VAUXHALL ASTRA,8,E01003001,0,-1
2023010454266,2023,010454266,1,9,0,18,19,6,2,0,0,1,0,0,0,0,1,1,2,2,2,36,7,1598,1,13,VAUXHALL ASTRA,2,E01002774,0,-1
2023061370869,2023,061370869,2,9,0,18,19,7,3,0,0,8,0,0,0,0,4,1,5,6,1,52,8,1364,1,9,VAUXHALL ASTRA,2,E01006030,0,-1
2023411367630,2023,411367630,1,9,0,18,19,1,5,0,0,0,0,0,0,0,1,1,6,6,1,23,5,1686,2,14,VAUXHALL ASTRA,6,E01033308,0,-1
2023141327385,2023,141327385,1,9,0,9,9,8,4,0,0,6,0,0,0,0,1,1,5,6,2,44,7,1364,1,17,VAUXHALL ASTRA,2,E01008029,0,-1
2023501286116,2023,501286116,2,9,0,9,9,3,2,0,0,6,1,0,0,0,1,1,6,6,1,66,10,1399,1,7,VAUXHALL ASTRA,1,E01015267,0,-1
2023010444935,2023,010444935,2,9,0,99,99,9,9,99,99,0,9,99,9,99,9,9,6,6,3,-1,-1,1598,1,13,VAUXHALL ASTRA,-1,-1,0,-1
2023041295215,2023,041295215,2,9,0,18,19,7,3,0,0,1,0,0,0,0,1,1,5,6,1,22,5,1598,1,11,VAUXHALL ASTRA,2,E01012640,0,-1
2023501363114,2023,501363114,1,9,0,4,4,3,7,0,0,1,0,0,0,0,2,1,5,6,2,37,7,1956,2,9,VAUXHALL ASTRA,6,E01020204,0,-1
2023010467164,2023,010467164,1,9,0,17,19,1,7,0,0,1,0,0,0,0,1,1,6,6,2,23,5,1956,2,8,VAUXHALL ASTRA,3,E01003275,0,-1
2023041408690,2023,041408690,2,9,0,18,19,3,7,0,0,0,0,0,0,0,2,1,2,2,1,26,6,1598,2,6,VAUXHALL ASTRA,10,E01025345,0,-1
2023010449258,2023,010449258,2,9,0,99,99,9,9,99,99,6,9,99,9,99,1,9,6,6,2,-1,-1,1686,2,14,VAUXHALL ASTRA,7,E01021035,0,-1
2023440379784,2023,440379784,2,9,0,18,19,8,4,0,0,1,0,0,0,0,1,1,6,6,1,43,7,1496,2,2,VAUXHALL ASTRA,10,E01022862,0,-1
2023471364415,2023,471364415,1,9,0,4,4,3,7,0,0,0,0,0,0,0,2,1,2,2,2,53,8,1956,2,12,VAUXHALL ASTRA,6,E01031362,0,-1
2023411324344,2023,411324344,2,9,0,4,4,1,5,0,0,0,0,0,0,0,2,1,2,2,1,35,6,1796,1,16,VAUXHALL ASTRA,9,E01017389,0,-1
2023010471629,2023,010471629,2,9,0,99,99,9,9,99,99,9,9,99,9,99,1,9,6,6,3,20,4,1398,1,11,VAUXHALL ASTRA,5,E01001646,0,-1
2023122300792,2023,122300792,1,9,0,18,19,4,8,0,0,0,5,0,7,11,1,1,6,6,1,20,4,1598,1,15,VAUXHALL ASTRA,5,E01027594,0,-1
2023231265859,2023,231265859,1,9,0,18,19,2,6,0,0,0,0,0,0,0,1,1,6,6,1,19,4,1598,1,14,VAUXHALL ASTRA,10,E01031179,0,-1
2023471338411,2023,471338411,2,9,0,18,19,7,3,0,0,0,0,0,0,0,2,1,1,1,1,44,7,1598,2,6,VAUXHALL ASTRA,6,E01021034,0,-1
2023031357464,2023,031357464,1,9,0,17,19,2,4,0,0,8,1,0,7,4,1,1,5,6,1,19,4,1686,2,10,VAUXHALL ASTRA,-1,-1,0,-1
2023010426309,2023,010426309,3,9,9,99,99,9,9,0,0,0,0,0,0,0,2,9,6,6,1,31,6,1598,1,12,VAUXHALL ASTRA,3,E01003524,0,-1
2023010447580,2023,010447580,3,9,0,10,10,6,3,0,0,1,0,0,0,0,0,1,1,1,1,41,7,1399,1,4,VAUXHALL ASTRA,9,E01030519,0,-1
2023991283314,2023,991283314,1,9,0,9,9,5,3,0,0,6,0,0,0,0,4,1,6,6,2,22,5,1910,2,14,VAUXHALL ASTRA,8,-1,0,-1
2023401359762,2023,401359762,2,9,0,18,19,7,3,0,0,0,0,0,0,0,1,1,6,6,1,26,6,1598,1,15,VAUXHALL ASTRA,5,E01017615,0,-1
2023549891723,2023,549891723,1,9,0,18,19,1,5,0,0,0,2,0,0,0,1,1,2,2,2,45,7,1598,1,20,VAUXHALL ASTRA,6,E01031842,0,-1
2023141309735,2023,141309735,2,19,0,18,19,2,6,0,0,8,0,0,0,0,1,1,6,6,3,-1,-1,1686,2,12,VAUXHALL ASTRA,-1,-1,0,-1
2023221357603,2023,221357603,1,9,0,5,5,1,5,0,0,6,0,0,0,0,1,1,5,6,1,20,4,1364,1,14,VAUXHALL ASTRA,7,E01028941,0,-1
2023361316184,2023,361316184,2,9,0,7,7,8,4,0,0,8,0,0,0,0,3,1,5,6,2,31,6,1399,1,4,VAUXHALL ASTRA,4,E01026426,0,-1
2023010462319,2023,010462319,1,9,0,3,3,2,6,0,0,1,0,0,0,0,2,1,6,6,2,48,8,1364,1,15,VAUXHALL ASTRA,2,E01004471,0,-1
2023552301221,2023,552301221,2,9,0,9,9,2,8,0,0,5,0,0,0,0,1,1,6,6,2,25,5,1598,1,15,VAUXHALL ASTRA,2,E01015430,0,-1
2023991346147,2023,991346147,1,9,0,18,19,3,7,0,0,2,0,0,0,0,1,1,5,6,1,35,6,1398,1,8,VAUXHALL ASTRA,2,-1,0,-1
2023221270994,2023,221270994,2,9,0,18,19,4,8,0,0,8,0,0,0,0,3,1,2,2,1,42,7,1598,1,17,VAUXHALL ASTRA,5,E01014084,0,-1
2023010451822,2023,010451822,1,9,0,18,19,4,8,0,0,2,0,0,0,0,1,1,6,6,1,63,9,1399,1,4,VAUXHALL ASTRA,3,E01000800,0,-1
2023311352989,2023,311352989,1,9,0,12,12,1,5,0,0,0,0,0,0,0,1,1,5,6,1,43,7,1598,1,10,VAUXHALL ASTRA,1,E01013849,0,-1
2023302301527,2023,302301527,2,9,0,4,4,8,4,0,0,1,0,0,0,0,1,1,2,2,3,34,6,1364,1,14,VAUXHALL ASTRA,10,E01019686,0,-1
2023451377638,2023,451377638,2,9,0,18,19,3,1,0,0,0,0,0,0,0,1,1,6,6,1,21,5,1598,1,10,VAUXHALL ASTRA,8,E01030703,0,-1
2023010462711,2023,010462711,1,9,0,18,19,7,3,0,0,1,2,10,3,6,1,1,6,6,1,33,6,1956,2,11,VAUXHALL ASTRA,-1,-1,0,-1
2023010423957,2023,010423957,3,9,0,2,2,0,0,0,0,2,0,0,0,0,2,1,6,6,3,-1,-1,1399,1,6,VAUXHALL ASTRA,-1,-1,0,-1
2023010445317,2023,010445317,1,9,0,12,12,5,1,2,2,1,0,0,0,0,0,1,6,6,1,39,7,1341,1,3,VAUXHALL ASTRA,4,E01032639,0,-1
2023010473657,2023,010473657,1,9,0,18,19,1,5,0,0,1,0,0,0,0,1,1,2,2,1,60,9,1598,1,14,VAUXHALL ASTRA,8,E01000646,0,-1
2023461394684,2023,461394684,2,9,0,18,19,1,5,0,0,1,0,0,0,0,1,1,6,6,1,40,7,1998,1,8,VAUXHALL ASTRA,6,E01024346,0,-1
2023010481510,2023,010481510,2,9,0,18,19,5,1,0,0,0,0,0,0,0,1,1,6,6,1,21,5,1796,1,17,VAUXHALL ASTRA,-1,-1,0,-1
2023430495932,2023,430495932,1,9,0,18,19,2,6,0,0,0,0,0,0,0,1,1,6,6,1,22,5,1199,1,1,VAUXHALL ASTRA,10,E01016343,0,-1
2023311347398,2023,311347398,1,9,0,18,19,6,2,0,0,0,0,0,0,0,1,1,2,2,1,21,5,1598,1,22,VAUXHALL ASTRA,-1,-1,0,-1
2023320719887,2023,320719887,1,9,0,18,19,8,4,0,0,6,0,0,0,0,1,1,6,6,1,55,8,1956,2,11,VAUXHALL ASTRA,3,E01026116,0,-1
2023430542159,2023,430542159,1,9,0,18,19,2,6,0,0,0,0,0,0,0,1,1,6,6,1,38,7,1956,2,11,VAUXHALL ASTRA,3,E01016249,0,-1
2023461305910,2023,461305910,1,9,0,5,5,7,3,0,0,6,0,0,0,0,3,1,6,6,1,61,9,1598,1,14,VAUXHALL ASTRA,5,E01024033,0,-1
2023141324251,2023,141324251,3,9,0,2,2,0,0,0,0,1,0,0,0,0,3,1,6,6,3,-1,-1,1910,2,14,VAUXHALL ASTRA,-1,-1,0,-1
2023440022998,2023,440022998,1,9,0,18,19,1,5,0,0,0,0,0,0,0,4,1,2,2,1,55,8,1598,2,5,VAUXHALL ASTRA,8,E01020474,0,-1
2023010459336,2023,010459336,1,9,0,9,9,7,4,0,0,8,0,0,0,0,1,1,6,6,2,34,6,999,1,6,VAUXHALL ASTRA,9,E01004100,0,-1
2023340NN1612,2023,340NN1612,2,9,0,18,19,5,1,0,0,1,0,0,0,0,1,1,6,6,2,37,7,1598,1,9,VAUXHALL ASTRA,8,E01027040,0,-1
2023010454825,2023,010454825,2,9,0,99,99,9,9,99,99,9,9,99,9,99,9,9,6,6,3,-1,-1,1598,1,10,VAUXHALL ASTRA,-1,-1,0,-1
2023361302968,2023,361302968,2,9,0,18,19,5,1,0,0,0,0,0,0,0,3,1,1,1,1,27,6,1598,1,17,VAUXHALL ASTRA,6,E01026797,0,-1
202360A081073,2023,60A081073,2,9,0,18,19,4,8,0,0,8,0,0,1,11,4,1,6,6,1,42,7,1598,1,12,VAUXHALL ASTRA,-1,-1,0,-1
2023201316300,2023,201316300,1,9,0,13,13,7,3,0,0,8,0,10,7,10,1,1,6,6,1,21,5,1598,1,10,VAUXHALL ASTRA,5,E01009561,0,-1
2023340WN0412,2023,340WN0412,1,9,0,18,19,6,2,0,0,0,0,0,0,0,1,1,6,6,1,50,8,1686,2,10,VAUXHALL ASTRA,7,E01027259,0,-1
2023332300157,2023,332300157,1,9,0,18,19,6,2,0,0,0,5,0,1,10,1,1,2,2,1,30,6,1796,1,18,VAUXHALL ASTRA,8,E01025792,0,-1
2023221341778,2023,221341778,2,9,0,17,19,8,4,0,0,0,0,0,0,0,0,1,1,1,1,32,6,1598,2,4,VAUXHALL ASTRA,4,E01032343,0,-1
2023101364531,2023,101364531,1,9,-1,18,19,8,5,0,0,8,0,0,0,0,1,1,6,6,2,48,8,1399,1,5,VAUXHALL ASTRA,2,E01008701,0,-1
2023101353220,2023,101353220,1,9,0,16,19,7,3,0,0,0,0,0,0,0,1,1,6,6,1,35,6,1598,1,12,VAUXHALL ASTRA,7,E01008424,0,-1
2023302300240,2023,302300240,1,9,0,18,19,8,4,0,0,1,0,0,0,0,4,1,2,2,1,53,8,1199,1,2,VAUXHALL ASTRA,2,E01019497,0,-1
2023401339552,2023,401339552,1,9,0,18,19,5,1,0,0,4,0,0,2,11,3,1,1,1,1,19,4,1956,2,10,VAUXHALL ASTRA,4,E01015782,0,-1
2023440455564,2023,440455564,1,9,0,18,19,1,5,0,0,0,0,0,0,0,1,1,3,7,1,47,8,1598,1,8,VAUXHALL ASTRA,5,E01017030,0,-1
2023131360771,2023,131360771,1,9,0,2,2,5,1,0,0,1,0,0,0,0,3,1,6,6,3,-1,-1,1364,1,15,VAUXHALL ASTRA,-1,-1,0,-1
2023221344398,2023,221344398,1,9,0,16,19,4,7,0,0,0,0,0,0,0,1,1,5,6,1,35,6,1398,1,10,VAUXHALL ASTRA,6,E01032387,0,-1
2023552300184,2023,552300184,2,9,0,18,19,7,3,0,0,8,0,0,0,0,1,1,6,6,1,41,7,1796,1,19,VAUXHALL ASTRA,2,E01020347,0,-1
2023141328398,2023,141328398,3,9,0,2,2,0,0,9,9,0,0,4,0,0,2,1,6,6,3,-1,-1,1956,2,11,VAUXHALL ASTRA,-1,-1,0,-1
2023430275676,2023,430275676,2,9,0,9,9,6,4,0,0,6,0,0,0,0,1,1,6,6,2,-1,-1,1598,1,10,VAUXHALL ASTRA,-1,-1,0,-1
2023010430668,2023,010430668,1,9,0,8,8,5,8,0,0,1,0,0,0,0,2,1,6,6,2,36,7,1598,1,13,VAUXHALL ASTRA,5,E01001685,0,-1
2023401286209,2023,401286209,1,9,0,17,19,7,1,0,0,0,0,0,0,0,3,1,6,6,1,-1,-1,1598,1,8,VAUXHALL ASTRA,7,E01017575,0,-1
2023451282048,2023,451282048,2,9,0,18,19,2,6,0,0,0,0,0,0,0,1,1,5,6,1,50,8,1598,2,8,VAUXHALL ASTRA,10,E01030773,0,-1
2023411322761,2023,411322761,2,9,-1,-1,-1,-1,-1,-1,-1,8,-1,-1,-1,0,-1,1,5,6,2,58,9,1598,1,8,VAUXHALL ASTRA,10,E01023615,0,-1
2023451269762,2023,451269762,1,9,0,18,19,7,3,0,0,0,0,0,6,0,1,1,5,6,2,28,6,1399,1,4,VAUXHALL ASTRA,9,E01030334,0,-1
2023401273411,2023,401273411,1,9,0,2,2,1,5,0,0,0,0,0,1,2,1,1,6,6,3,-1,-1,1598,1,19,VAUXHALL ASTRA,-1,-1,0,-1
2023010471081,2023,010471081,1,9,0,18,19,7,3,0,0,0,0,0,0,0,2,1,6,6,1,35,6,999,1,7,VAUXHALL ASTRA,2,E01002638,0,-1
2023161296317,2023,161296317,1,9,0,2,2,0,0,0,0,0,0,0,0,0,3,1,4,7,2,35,6,1686,2,10,VAUXHALL ASTRA,10,E01012926,0,-1
2023010431023,2023,010431023,2,9,0,99,99,9,9,99,99,9,9,99,9,99,2,9,6,6,3,-1,-1,1796,1,17,VAUXHALL ASTRA,-1,-1,0,-1
2023520400259,2023,520400259,2,9,0,18,19,4,8,0,0,0,0,8,0,0,4,1,6,6,1,23,5,1598,1,12,VAUXHALL ASTRA,2,E01029042,0,-1
2023052302587,2023,052302587,1,9,0,18,19,7,3,0,0,1,0,0,0,0,1,1,6,6,1,40,7,1398,1,10,VAUXHALL ASTRA,5,E01006892,0,-1
2023201380335,2023,201380335,2,9,0,3,3,-1,-1,0,0,0,0,0,0,0,4,1,2,2,2,39,7,1686,2,9,VAUXHALL ASTRA,2,E01010071,0,-1
2023320562616,2023,320562616,2,9,0,3,3,4,8,0,0,0,0,0,1,0,2,1,6,6,1,33,6,1598,1,16,VAUXHALL ASTRA,10,E01026204,0,-1
2023201397041,2023,201397041,2,9,0,18,19,4,8,0,0,8,0,0,0,0,1,1,6,6,1,57,9,1598,2,9,VAUXHALL ASTRA,1,E01010435,0,-1
2023461328442,2023,461328442,2,9,0,8,8,7,2,0,0,4,0,0,0,0,2,1,5,6,2,27,6,1598,1,10,VAUXHALL ASTRA,4,E01020924,0,-1
2023141324786,2023,141324786,1,9,0,18,19,4,4,0,0,1,0,0,1,4,1,1,5,6,2,40,7,1686,2,11,VAUXHALL ASTRA,9,E01008041,0,-1
2023501308524,2023,501308524,2,9,0,10,10,4,5,0,0,1,0,0,0,0,3,1,5,6,2,51,8,1362,1,10,VAUXHALL ASTRA,10,E01015131,0,-1
2023010439941,2023,010439941,1,9,0,18,19,3,7,0,0,8,0,0,0,0,1,1,2,2,2,36,7,1399,1,7,VAUXHALL ASTRA,4,E01000591,0,-1
2023201278293,2023,201278293,2,9,0,18,19,2,6,0,0,8,0,0,0,0,1,1,6,6,1,-1,-1,1796,1,14,VAUXHALL ASTRA,-1,-1,0,-1
2023501350907,2023,501350907,2,9,0,9,9,1,6,0,0,8,0,0,0,0,1,1,5,6,2,38,7,1686,2,17,VAUXHALL ASTRA,3,E01020272,0,-1
2023991293716,2023,991293716,2,9,0,18,19,7,2,0,0,4,0,0,0,0,2,1,6,6,1,33,6,1399,1,5,VAUXHALL ASTRA,5,-1,0,-1
2023010432388,2023,010432388,2,9,9,18,19,1,5,0,0,1,0,0,0,0,4,1,6,6,2,38,7,1598,1,13,VAUXHALL ASTRA,7,E01002687,0,-1
2023522301061,2023,522301061,1,9,0,18,19,2,6,0,0,0,0,0,0,0,1,1,6,6,1,32,6,1399,1,7,VAUXHALL ASTRA,3,E01014502,0,-1
2023010430592,2023,010430592,1,9,0,18,19,5,1,0,0,0,1,10,0,0,3,1,6,6,2,53,8,1364,1,14,VAUXHALL ASTRA,5,E01004057,0,-1
2023421276756,2023,421276756,2,9,0,4,4,6,1,0,0,8,0,0,0,0,2,1,1,1,1,28,6,1598,2,5,VAUXHALL ASTRA,8,E01021544,0,-1
2023501277847,2023,501277847,1,9,0,9,9,-1,-1,-1,-1,0,-1,-1,-1,0,3,1,6,6,1,67,10,1956,2,9,VAUXHALL ASTRA,4,E01019037,0,-1
2023221397540,2023,221397540,2,9,0,18,19,6,2,0,0,0,0,0,0,0,2,1,6,6,1,78,11,1686,2,16,VAUXHALL ASTRA,7,E01028987,0,-1
2023501324142,2023,501324142,2,9,0,18,19,4,8,0,0,0,0,0,0,0,1,1,6,6,1,39,7,1686,2,13,VAUXHALL ASTRA,4,E01019054,0,-1
2023041342999,2023,041342999,1,9,0,9,9,5,3,0,0,7,0,0,0,0,1,1,5,6,2,30,6,1956,2,10,VAUXHALL ASTRA,4,E01012713,0,-1
2023552300656,2023,552300656,1,9,0,9,9,4,2,0,0,5,0,0,0,0,3,1,6,6,1,55,8,1399,1,5,VAUXHALL ASTRA,8,E01015319,0,-1
2023010446833,2023,010446833,1,9,9,99,99,9,9,99,99,9,9,99,9,99,9,9,6,6,3,-1,-1,1399,1,5,VAUXHALL ASTRA,-1,-1,0,-1
202360A095350,2023,60A095350,2,9,0,2,2,0,0,0,0,2,0,0,0,0,3,1,6,6,2,27,6,1686,2,17,VAUXHALL ASTRA,-1,-1,0,-1
2023302300741,2023,302300741,1,9,0,18,19,2,6,0,0,0,0,0,0,0,1,1,6,6,1,27,6,1598,1,14,VAUXHALL ASTRA,3,E01001156,0,-1
2023471314612,2023,471314612,2,9,0,18,19,3,8,0,0,8,0,0,0,0,1,1,6,6,3,-1,-1,1598,1,8,VAUXHALL ASTRA,-1,-1,0,-1
2023010421213,2023,010421213,2,9,0,18,19,3,7,0,0,0,0,0,0,0,1,1,6,6,1,61,9,1598,2,6,VAUXHALL ASTRA,1,E01002099,0,-1
2023141342459,2023,141342459,2,9,0,9,9,7,3,0,0,0,0,0,0,0,1,1,2,2,1,49,8,1598,2,7,VAUXHALL ASTRA,6,E01028043,0,-1
2023010458566,2023,010458566,1,9,0,18,19,5,1,0,0,0,0,0,0,0,1,1,2,2,1,28,6,1598,1,18,VAUXHALL ASTRA,8,E01000328,0,-1
2023010471867,2023,010471867,1,9,0,5,5,3,7,9,9,6,1,0,1,11,1,1,6,6,2,36,7,1598,2,5,VAUXHALL ASTRA,4,E01031549,0,-1
202360A130138,2023,60A130138,2,9,0,18,19,5,1,0,0,1,1,0,7,0,1,1,6,6,1,80,11,1598,2,6,VAUXHALL ASTRA,-1,-1,0,-1
2023201278814,2023,201278814,1,9,0,18,19,2,6,0,0,0,0,0,0,0,4,1,6,6,1,40,7,1686,2,9,VAUXHALL ASTRA,2,E01010312,0,-1
2023991392691,2023,991392691,1,9,0,9,9,6,3,0,0,3,0,0,1,0,4,1,5,6,1,56,9,1686,2,15,VAUXHALL ASTRA,-1,-1,0,-1
2023320088393,2023,320088393,2,9,0,18,19,2,6,0,0,8,0,0,7,0,1,1,6,6,2,40,7,1598,2,9,VAUXHALL ASTRA,-1,-1,0,-1
2023311291873,2023,311291873,1,9,0,9,9,5,3,0,0,1,0,0,0,0,1,1,5,6,2,21,5,1598,1,10,VAUXHALL ASTRA,2,E01027958,0,-1
2023010434037,2023,010434037,1,9,0,5,5,1,5,0,0,4,0,0,0,0,4,1,2,2,1,35,6,1910,2,17,VAUXHALL ASTRA,3,E01002151,0,-1
2023520300741,2023,520300741,1,9,0,2,2,0,0,0,0,0,0,0,0,0,2,1,6,6,1,21,5,1598,1,16,VAUXHALL ASTRA,10,E01029104,0,-1
2023010460565,2023,010460565,3,9,0,2,2,0,0,9,9,1,0,0,0,0,1,1,6,6,3,-1,-1,1598,1,22,VAUXHALL ASTRA,-1,-1,0,-1
2023401270810,2023,401270810,2,9,0,18,19,-1,-1,0,0,0,0,0,0,0,4,1,5,6,1,22,5,1364,1,14,VAUXHALL ASTRA,4,E01015723,0,-1
2023461275851,2023,461275851,1,9,0,17,19,6,2,0,0,0,0,0,0,0,1,1,6,6,2,31,6,1686,2,10,VAUXHALL ASTRA,-1,-1,0,-1
2023201322772,2023,201322772,2,9,0,18,19,7,2,0,0,8,0,0,0,0,0,1,6,6,2,53,8,1248,2,11,VAUXHALL ASTRA,1,E01010374,0,-1
2023010430409,2023,010430409,2,9,0,99,99,9,9,99,99,9,9,99,9,99,2,9,6,6,3,25,5,1598,2,5,VAUXHALL ASTRA,6,E01001991,0,-1
2023031381990,2023,031381990,1,9,0,2,2,6,7,6,6,0,1,0,1,11,1,1,2,2,1,40,7,1364,1,15,VAUXHALL ASTRA,-1,-1,0,-1
2023471343287,2023,471343287,1,9,0,18,19,6,2,0,0,0,0,0,0,0,0,1,1,1,1,46,8,1598,2,6,VAUXHALL ASTRA,6,E01016938,0,-1
2023421306429,2023,421306429,1,9,0,18,19,1,5,0,0,6,1,7,0,0,3,1,1,1,1,28,6,1598,2,5,VAUXHALL ASTRA,2,E01021488,0,-1
2023010443016,2023,010443016,1,9,0,5,5,0,7,0,0,0,0,0,0,0,1,1,1,1,1,56,9,1796,1,15,VAUXHALL ASTRA,8,E01023480,0,-1
2023141273570,2023,141273570,2,9,0,9,9,3,1,0,0,6,0,0,0,0,3,1,5,6,1,74,10,1686,2,10,VAUXHALL ASTRA,6,E01008143,0,-1
2023520400995,2023,520400995,3,9,0,18,19,2,6,0,0,0,0,0,0,0,1,1,6,6,1,52,8,1364,1,13,VAUXHALL ASTRA,4,E01020262,0,-1
2023520301033,2023,520301033,1,9,0,9,9,3,1,0,0,8,0,0,7,11,4,1,6,6,2,54,8,1364,1,19,VAUXHALL ASTRA,3,E01029072,0,-1
2023010471273,2023,010471273,2,9,0,4,4,7,3,0,0,8,0,0,0,0,0,1,1,1,1,28,6,1341,1,3,VAUXHALL ASTRA,3,E01002695,0,-1
2023122300034,2023,122300034,1,9,0,18,19,2,6,0,0,0,0,0,7,4,4,1,6,6,1,19,4,1598,1,17,VAUXHALL ASTRA,5,E01012937,0,-1
2023461322923,2023,461322923,1,9,0,16,19,1,5,0,0,1,5,4,0,0,3,1,6,6,1,69,10,1598,1,9,VAUXHALL ASTRA,3,E01024149,0,-1
2023631314791,2023,631314791,3,9,0,18,19,6,2,0,0,0,0,0,0,0,1,1,5,6,1,48,8,1598,1,15,VAUXHALL ASTRA,2,W01001215,0,-1
2023311355762,2023,311355762,2,9,0,9,9,7,5,0,0,1,0,0,0,0,3,1,3,7,1,71,10,1598,2,9,VAUXHALL ASTRA,2,E01013858,0,-1
2023430020912,2023,430020912,3,9,0,18,19,3,7,0,0,0,0,0,0,0,1,1,6,6,1,41,7,1598,1,11,VAUXHALL ASTRA,7,E01016840,0,-1
2023411325780,2023,411325780,2,9,0,12,12,1,5,0,0,0,0,0,0,0,3,1,1,1,1,26,6,1399,1,5,VAUXHALL ASTRA,6,E01017578,0,-1