collision_index,collision_year,collision_ref_no,vehicle_reference,vehicle_type,towing_and_articulation,vehicle_manoeuvre_historic,vehicle_manoeuvre,vehicle_direction_from,vehicle_direction_to,vehicle_location_restricted_lane_historic,vehicle_location_restricted_lane,junction_location,skidding_and_overturning,hit_object_in_carriageway,vehicle_leaving_carriageway,hit_object_off_carriageway,first_point_of_impact,vehicle_left_hand_drive,journey_purpose_of_driver_historic,journey_purpose_of_driver,sex_of_driver,age_of_driver,age_band_of_driver,engine_capacity_cc,propulsion_code,age_of_vehicle,generic_make_model,driver_imd_decile,lsoa_of_driver,escooter_flag,driver_distance_banding
2023552400013,2023,552400013,2,9,0,16,19,1,4,0,0,0,0,0,2,11,1,1,6,6,1,26,6,1598,1,17,VAUXHALL ASTRA,9,E01020399,0,-1
2023101343977,2023,101343977,1,9,0,18,19,3,6,0,0,1,0,0,0,0,1,1,6,6,1,28,6,1686,2,18,VAUXHALL ASTRA,-1,-1,0,-1
2023340WN3802,2023,340WN3802,1,9,0,18,19,5,1,0,0,1,0,0,0,0,1,1,6,6,1,30,6,1598,1,14,VAUXHALL ASTRA,1,E01027168,0,-1
2023520301053,2023,520301053,1,9,0,18,19,5,1,0,0,8,0,0,0,0,1,1,6,6,1,42,7,1956,2,10,VAUXHALL ASTRA,3,E01029339,0,-1
2023411362372,2023,411362372,2,9,0,9,9,7,5,0,0,6,0,0,0,0,1,1,6,6,1,36,7,1796,1,17,VAUXHALL ASTRA,9,E01017372,0,-1
2023440203061,2023,440203061,1,9,0,9,9,4,2,0,0,8,0,0,0,0,3,1,6,6,2,42,7,1399,1,6,VAUXHALL ASTRA,5,E01023201,0,-1
2023131274652,2023,131274652,1,9,0,9,9,4,8,0,0,0,0,0,0,0,1,1,2,2,2,41,7,1598,1,9,VAUXHALL ASTRA,8,E01011200,0,-1
2023052301197,2023,052301197,2,9,0,18,19,3,7,0,0,8,0,0,0,0,1,1,6,6,1,32,6,1598,1,5,VAUXHALL ASTRA,8,E01006829,0,-1
2023201376988,2023,201376988,1,9,0,13,13,4,8,0,0,0,0,0,0,0,4,1,6,6,1,54,8,1598,1,13,VAUXHALL ASTRA,4,E01010100,0,-1
2023440376626,2023,440376626,2,9,0,2,2,0,0,0,0,0,0,0,0,0,4,1,6,6,2,26,6,1364,1,9,VAUXHALL ASTRA,1,E01017112,0,-1
2023010458953,2023,010458953,1,9,0,5,5,6,2,0,0,8,0,4,0,0,2,1,6,6,1,34,6,1598,1,14,VAUXHALL ASTRA,9,E01000341,0,-1
2023010454096,2023,010454096,2,9,0,99,99,9,9,99,99,9,9,99,9,99,1,9,6,6,3,38,7,1598,2,7,VAUXHALL ASTRA,4,E01003793,0,-1
2023471367919,2023,471367919,1,9,0,18,19,7,3,0,0,0,0,0,0,0,4,1,6,6,1,46,8,1686,2,16,VAUXHALL ASTRA,8,E01032831,0,-1
2023101375042,2023,101375042,1,9,0,18,19,5,1,0,0,0,1,0,0,0,1,1,6,6,1,34,6,1956,2,10,VAUXHALL ASTRA,1,E01027539,0,-1
2023440482384,2023,440482384,1,19,0,9,9,8,6,0,0,8,0,0,0,0,1,1,6,6,1,66,10,1686,2,10,VAUXHALL ASTRA,10,E01022595,0,-1
2023010481485,2023,010481485,2,9,0,99,99,9,9,99,99,9,9,99,9,99,9,9,6,6,3,-1,-1,1598,1,12,VAUXHALL ASTRA,-1,-1,0,-1
2023070199332,2023,070199332,1,9,0,5,5,4,7,0,0,4,0,0,0,0,1,1,6,6,2,-1,-1,1598,2,7,VAUXHALL ASTRA,1,E01012444,0,-1
2023131328773,2023,131328773,1,9,0,18,19,3,7,0,0,1,0,0,0,0,1,1,5,6,2,31,6,1598,1,13,VAUXHALL ASTRA,1,E01011792,0,-1
2023201416776,2023,201416776,1,9,0,18,19,7,3,0,0,1,0,0,0,0,4,1,2,2,1,36,7,1686,2,9,VAUXHALL ASTRA,1,E01010483,0,-1
2023501381534,2023,501381534,1,9,0,7,7,5,1,0,0,8,0,0,0,0,4,1,5,6,3,-1,-1,1686,2,16,VAUXHALL ASTRA,-1,-1,0,-1
2023010471720,2023,010471720,2,9,0,99,99,9,9,99,99,9,9,99,9,99,1,9,6,6,3,-1,-1,1598,2,8,VAUXHALL ASTRA,-1,-1,0,-1
2023170H10253,2023,170H10253,1,9,0,13,13,8,4,0,0,0,0,0,4,6,4,1,6,6,1,21,5,1364,1,16,VAUXHALL ASTRA,4,E01012142,0,-1
2023141376502,2023,141376502,1,9,0,18,19,7,3,0,0,0,0,0,0,0,1,1,6,6,3,-1,-1,1364,1,15,VAUXHALL ASTRA,-1,-1,0,-1
2023411265372,2023,411265372,2,9,0,17,19,8,2,0,0,4,0,0,0,0,1,1,2,2,1,31,6,1796,1,18,VAUXHALL ASTRA,6,E01023922,0,-1
2023201302936,2023,201302936,1,9,0,18,19,4,8,0,0,6,0,0,0,0,1,1,6,6,3,-1,-1,1686,2,10,VAUXHALL ASTRA,-1,-1,0,-1
2023631316022,2023,631316022,2,9,0,18,19,2,6,0,0,0,0,0,0,0,1,1,1,1,1,53,8,1598,1,5,VAUXHALL ASTRA,8,W01000649,0,-1
2023351323441,2023,351323441,2,9,0,9,9,5,5,0,0,0,0,0,0,0,2,1,6,6,1,63,9,1598,1,15,VAUXHALL ASTRA,-1,-1,0,-1
2023461348243,2023,461348243,1,9,0,18,19,7,3,0,0,4,0,0,0,0,1,1,6,6,3,-1,-1,1199,1,2,VAUXHALL ASTRA,-1,-1,0,-1
2023471264086,2023,471264086,3,9,0,18,19,1,5,0,0,0,1,0,0,0,0,1,2,2,2,41,7,1364,1,19,VAUXHALL ASTRA,6,E01020949,0,-1
2023451288963,2023,451288963,1,9,0,17,19,6,2,0,0,0,1,0,0,0,4,1,2,2,1,30,6,1598,2,7,VAUXHALL ASTRA,8,E01022641,0,-1
2023010444881,2023,010444881,2,9,0,18,19,5,1,0,0,8,0,0,0,0,1,1,6,6,2,30,6,1598,1,5,VAUXHALL ASTRA,2,E01001172,0,-1
2023401392751,2023,401392751,4,9,0,2,2,0,0,0,0,0,0,0,0,0,4,1,6,6,3,-1,-1,1598,1,15,VAUXHALL ASTRA,-1,-1,0,-1
2023541852323,2023,541852323,2,9,0,8,8,6,8,0,0,1,0,0,1,9,2,1,6,6,2,56,9,1598,2,8,VAUXHALL ASTRA,6,E01015555,0,-1
2023221343957,2023,221343957,2,9,0,18,19,7,3,0,0,8,1,0,0,0,1,1,5,6,2,75,10,1248,2,10,VAUXHALL ASTRA,7,E01014204,0,-1
2023991263988,2023,991263988,1,8,0,17,19,6,4,0,0,1,0,0,0,0,1,1,3,7,1,56,9,1598,2,6,-1,-1,-1,0,-1
2023421350989,2023,421350989,1,9,0,16,19,3,7,0,0,1,0,0,0,0,0,1,5,6,2,48,8,1598,2,5,VAUXHALL ASTRA,8,E01021544,0,-1
2023411352827,2023,411352827,1,9,-1,-1,-1,-1,-1,-1,-1,0,-1,-1,-1,0,-1,1,6,6,2,54,8,1796,1,15,VAUXHALL ASTRA,10,E01017746,0,-1
2023010468875,2023,010468875,2,9,0,99,99,9,9,99,99,9,9,99,9,99,1,9,6,6,2,32,6,1399,1,6,VAUXHALL ASTRA,1,E01003207,0,-1
2023610040323,2023,610040323,1,9,0,5,5,3,5,0,0,6,0,0,0,0,1,1,6,6,1,63,9,1399,1,7,VAUXHALL ASTRA,1,W01001364,0,-1
2023552300143,2023,552300143,1,9,0,18,19,1,5,0,0,0,0,0,0,0,4,1,6,6,1,30,6,1199,1,2,VAUXHALL ASTRA,10,E01015400,0,-1
2023461286308,2023,461286308,2,9,0,18,19,1,5,0,0,1,0,0,0,0,1,1,5,6,1,73,10,1796,1,14,VAUXHALL ASTRA,8,E01000680,0,-1
2023361365314,2023,361365314,1,9,0,9,9,3,1,0,0,6,0,0,0,0,1,1,5,6,2,57,9,1248,2,12,VAUXHALL ASTRA,3,E01026753,0,-1
2023010456724,2023,010456724,2,9,0,2,2,0,0,0,0,0,0,0,0,0,4,1,6,6,3,-1,-1,1686,2,17,VAUXHALL ASTRA,-1,-1,0,-1
2023311267284,2023,311267284,1,9,0,18,19,2,2,0,0,0,0,0,0,0,1,1,6,6,1,32,6,1598,1,14,VAUXHALL ASTRA,2,E01028234,0,-1
2023010456508,2023,010456508,1,9,0,18,19,5,1,0,0,1,0,0,0,0,1,1,3,7,2,24,5,1598,1,8,VAUXHALL ASTRA,5,E01004521,0,-1
2023320429308,2023,320429308,1,9,0,7,7,4,6,0,0,6,0,0,0,0,1,1,3,7,1,34,6,1398,1,12,VAUXHALL ASTRA,5,E01026190,0,-1
2023302300592,2023,302300592,3,9,0,4,4,8,4,0,0,0,0,0,0,0,1,1,6,6,2,61,9,1598,1,13,VAUXHALL ASTRA,9,E01019706,0,-1
2023010452429,2023,010452429,1,9,0,99,99,9,9,99,99,9,9,99,9,99,9,9,6,6,1,20,4,1598,1,13,VAUXHALL ASTRA,2,E01032562,0,-1
2023622300603,2023,622300603,1,9,0,18,19,2,6,0,0,1,0,0,0,0,1,1,6,6,1,31,6,1598,1,15,VAUXHALL ASTRA,4,W01001092,0,-1
2023531366616,2023,531366616,1,9,0,1,1,1,5,0,0,8,0,0,0,0,2,1,6,6,1,-1,-1,-1,-1,-1,VAUXHALL ASTRA,-1,-1,0,-1
2023052302917,2023,052302917,1,9,0,9,9,8,5,0,0,6,0,0,0,0,1,1,6,6,2,27,6,1398,1,11,VAUXHALL ASTRA,3,E01007137,0,-1
2023430275331,2023,430275331,1,9,0,7,7,3,5,0,0,2,0,0,0,0,1,1,2,2,2,72,10,1796,1,16,VAUXHALL ASTRA,9,E01016539,0,-1
2023052301120,2023,052301120,2,9,0,18,19,1,5,0,0,0,0,4,0,0,1,1,6,6,1,64,9,1598,1,13,VAUXHALL ASTRA,8,E01007154,0,-1
2023311377192,2023,311377192,1,9,0,18,19,7,3,0,0,0,0,0,0,0,1,1,5,6,1,22,5,1910,2,15,VAUXHALL ASTRA,9,E01028120,0,-1
2023201383206,2023,201383206,1,9,0,9,9,7,6,0,0,5,0,0,0,0,1,1,6,6,1,23,5,1598,2,6,VAUXHALL ASTRA,6,E01010115,0,-1
2023010462648,2023,010462648,2,9,0,7,7,5,8,0,0,5,0,0,0,0,1,1,6,6,3,-1,-1,1398,1,8,VAUXHALL ASTRA,-1,-1,0,-1
2023010458649,2023,010458649,2,9,0,18,19,5,1,0,0,1,0,0,0,0,0,1,1,1,1,28,6,1399,1,4,VAUXHALL ASTRA,2,E01001709,0,-1
2023332300102,2023,332300102,2,9,0,2,2,0,0,0,0,1,0,0,0,0,1,1,6,6,1,-1,-1,1364,1,16,VAUXHALL ASTRA,-1,-1,0,-1
2023440038797,2023,440038797,1,9,0,18,19,6,2,0,0,6,0,0,3,11,1,1,6,6,1,53,8,1598,1,14,VAUXHALL ASTRA,3,E01022908,0,-1
2023361347053,2023,361347053,2,9,0,18,19,5,1,0,0,8,0,0,0,0,4,1,1,1,1,60,9,-1,-1,-1,VAUXHALL ASTRA,5,E01026643,0,-1
2023451311090,2023,451311090,2,9,0,18,19,1,3,0,0,0,0,0,0,0,2,1,5,6,1,30,6,1364,1,18,VAUXHALL ASTRA,-1,-1,0,-1
2023221306690,2023,221306690,2,9,0,17,19,3,8,0,0,0,0,0,0,0,1,1,5,6,2,31,6,1364,1,17,VAUXHALL ASTRA,1,E01032471,0,-1
2023401382223,2023,401382223,1,9,0,12,12,7,3,0,0,2,9,0,0,0,1,1,6,6,2,-1,-1,1399,1,7,VAUXHALL ASTRA,9,E01033194,0,-1
2023061391241,2023,061391241,1,9,0,18,19,3,7,0,0,0,2,0,6,6,1,1,5,6,1,19,4,1399,1,5,VAUXHALL ASTRA,-1,-1,0,-1
2023221396261,2023,221396261,2,9,0,18,19,1,5,0,0,8,0,0,0,0,1,1,6,6,2,30,6,1598,2,6,VAUXHALL ASTRA,8,W01000444,0,-1
2023201346283,2023,201346283,1,9,0,11,11,3,7,0,0,0,0,0,0,0,1,1,6,6,1,44,7,1598,2,9,VAUXHALL ASTRA,4,E01015069,0,-1
2023201291904,2023,201291904,1,9,0,9,9,5,2,0,0,8,0,0,0,0,3,1,6,6,1,-1,-1,1598,1,14,VAUXHALL ASTRA,-1,-1,0,-1
2023411376528,2023,411376528,1,9,0,9,9,2,7,0,0,1,0,0,0,0,3,1,3,7,2,31,6,1398,1,10,VAUXHALL ASTRA,6,E01023927,0,-1
2023501269175,2023,501269175,2,9,0,3,3,7,3,0,0,0,0,0,0,0,1,1,6,6,2,-1,-1,1399,1,4,VAUXHALL ASTRA,5,E01015163,0,-1
2023010481246,2023,010481246,1,9,0,4,4,1,5,0,0,1,0,0,0,0,4,1,2,2,2,63,9,1796,1,17,VAUXHALL ASTRA,4,E01003632,0,-1
2023501299664,2023,501299664,2,9,0,18,19,7,3,0,0,1,0,0,0,0,1,1,5,6,2,29,6,1956,2,13,VAUXHALL ASTRA,5,E01033289,0,-1
2023371276072,2023,371276072,1,19,0,18,19,7,3,0,0,0,0,0,0,0,1,1,6,6,1,71,10,1910,2,15,VAUXHALL ASTRA,4,E01029929,0,-1
2023010479413,2023,010479413,2,9,0,7,7,1,2,0,0,1,1,0,0,0,3,1,6,6,1,55,8,1598,1,10,VAUXHALL ASTRA,3,E01002413,0,-1
2023320146064,2023,320146064,2,9,0,18,19,4,2,0,0,4,0,0,0,0,1,1,6,6,2,78,11,1598,1,14,VAUXHALL ASTRA,7,E01026299,0,-1
2023371284208,2023,371284208,2,9,0,9,9,2,3,0,0,5,0,0,0,0,2,2,1,1,2,34,6,1364,1,14,VAUXHALL ASTRA,4,E01029927,0,-1
2023010425752,2023,010425752,4,9,0,18,19,5,1,0,0,1,0,4,3,10,2,1,6,6,2,-1,-1,1496,2,3,VAUXHALL ASTRA,-1,-1,0,-1
2023461299637,2023,461299637,2,9,0,9,9,1,7,0,0,1,0,0,0,0,2,1,1,1,2,-1,-1,1598,2,4,VAUXHALL ASTRA,5,E01024281,0,-1
2023430299140,2023,430299140,1,9,0,18,19,3,7,0,0,0,0,0,0,0,1,1,6,6,1,33,6,1796,1,19,VAUXHALL ASTRA,9,E01032954,0,-1
2023101266383,2023,101266383,2,9,0,18,19,1,5,0,0,0,0,0,1,9,1,1,6,6,1,23,5,1686,2,21,VAUXHALL ASTRA,8,E01027418,0,-1
202360A007748,2023,60A007748,4,9,0,3,3,6,2,0,0,2,0,0,0,0,2,1,6,6,2,75,10,1399,1,7,VAUXHALL ASTRA,-1,-1,0,-1
2023430540596,2023,430540596,2,9,0,18,19,5,1,0,0,2,0,0,0,0,1,1,6,6,2,27,6,1364,1,9,VAUXHALL ASTRA,3,E01029397,0,-1
2023010419599,2023,010419599,1,9,0,7,7,6,1,0,0,1,0,0,0,0,4,1,1,1,1,44,7,1399,1,4,VAUXHALL ASTRA,7,E01003199,0,-1
2023061332813,2023,061332813,1,9,0,18,19,-1,-1,0,0,0,0,0,0,0,1,1,6,6,3,-1,-1,1796,1,14,VAUXHALL ASTRA,3,E01004916,0,-1
2023010480633,2023,010480633,2,9,0,9,9,3,1,0,0,1,0,0,0,0,1,2,6,6,1,29,6,1796,1,15,VAUXHALL ASTRA,2,E01003174,0,-1
2023991297542,2023,991297542,2,9,0,18,19,5,1,0,0,8,1,0,0,0,4,1,2,2,1,47,8,1598,1,14,VAUXHALL ASTRA,2,-1,0,-1
2023411296628,2023,411296628,2,9,0,8,8,1,3,0,0,1,0,0,0,0,1,1,5,6,2,26,6,1796,1,18,VAUXHALL ASTRA,6,E01017743,0,-1
2023170L11183,2023,170L11183,4,9,0,18,19,4,8,0,0,0,0,0,0,0,1,1,6,6,2,24,5,1910,2,16,VAUXHALL ASTRA,1,E01033473,0,-1
2023461346491,2023,461346491,1,9,0,16,19,1,5,0,0,2,0,0,0,0,0,1,1,1,1,-1,-1,1598,2,4,VAUXHALL ASTRA,6,E01032798,0,-1
2023471392152,2023,471392152,6,9,0,2,2,0,0,0,0,8,0,0,0,0,3,1,6,6,3,-1,-1,1598,1,15,VAUXHALL ASTRA,-1,-1,0,-1
2023010464819,2023,010464819,2,9,0,99,99,9,9,99,99,9,9,99,9,99,9,9,6,6,3,-1,-1,1598,1,13,VAUXHALL ASTRA,-1,-1,0,-1
2023010447755,2023,010447755,1,9,0,18,19,1,5,0,0,8,0,0,0,0,4,1,6,6,2,44,7,1199,1,2,VAUXHALL ASTRA,1,E01000105,0,-1
2023522301147,2023,522301147,1,9,0,18,19,3,7,0,0,8,0,0,0,0,1,1,1,1,1,100,11,1598,2,5,VAUXHALL ASTRA,-1,-1,0,-1
2023131294807,2023,131294807,1,9,0,-1,-1,-1,-1,0,0,2,-1,-1,-1,0,2,1,5,6,3,37,7,1598,1,11,VAUXHALL ASTRA,1,E01011427,0,-1
2023070266793,2023,070266793,1,9,0,5,5,3,5,0,0,4,0,0,0,0,1,1,6,6,1,66,10,1399,1,6,VAUXHALL ASTRA,8,E01012415,0,-1
2023041373423,2023,041373423,1,9,0,14,14,4,8,1,1,1,0,0,0,0,4,1,6,6,1,53,8,1956,2,9,VAUXHALL ASTRA,8,E01025090,0,-1
2023010460378,2023,010460378,1,9,0,1,1,1,3,0,0,8,0,0,0,0,1,1,6,6,2,37,7,1598,2,6,VAUXHALL ASTRA,4,E01001518,0,-1
2023461284577,2023,461284577,2,9,0,3,3,3,7,0,0,0,0,0,0,0,0,1,1,1,1,83,11,1598,1,13,VAUXHALL ASTRA,2,E01024019,0,-1
2023211278624,2023,211278624,2,9,-1,18,19,4,8,-1,-1,0,-1,-1,-1,0,-1,1,6,6,2,36,7,1956,2,12,VAUXHALL ASTRA,-1,-1,0,-1
2023430216991,2023,430216991,2,9,0,10,10,2,8,0,0,1,0,0,0,0,2,1,6,6,1,25,5,1686,2,9,VAUXHALL ASTRA,8,E01028731,0,-1
2023052300544,2023,052300544,2,9,0,4,4,3,7,0,0,0,0,0,0,0,2,1,6,6,2,56,9,1598,1,14,VAUXHALL ASTRA,1,E01006736,0,-1
2023161390111,2023,161390111,1,9,0,18,19,8,4,0,0,0,0,0,0,0,1,1,5,6,2,28,6,1598,1,12,VAUXHALL ASTRA,5,E01013306,0,-1
2023201418551,2023,201418551,2,9,0,18,19,2,6,0,0,8,0,0,0,0,1,1,2,2,1,31,6,1398,1,12,VAUXHALL ASTRA,1,E01009482,0,-1
2023311341104,2023,311341104,2,9,0,18,19,2,6,0,0,8,0,0,0,0,1,1,2,2,2,36,7,1364,1,13,VAUXHALL ASTRA,4,E01028272,0,-1
2023101329601,2023,101329601,2,9,0,9,9,3,4,0,0,2,0,0,0,0,3,1,1,1,1,43,7,1598,2,6,VAUXHALL ASTRA,7,E01027516,0,-1
2023531273545,2023,531273545,1,9,0,16,19,6,2,0,0,0,0,0,7,2,1,1,1,1,1,26,6,1598,2,4,VAUXHALL ASTRA,6,E01032934,0,-1
2023010451057,2023,010451057,3,9,0,18,19,1,5,0,0,1,0,0,0,0,0,1,1,1,1,27,6,1341,1,3,VAUXHALL ASTRA,3,E01002695,0,-1
2023141338559,2023,141338559,1,9,0,18,19,7,3,0,0,2,1,0,7,0,1,1,6,6,1,44,7,1598,1,14,VAUXHALL ASTRA,8,E01011171,0,-1
2023421342800,2023,421342800,1,9,0,18,19,1,5,0,0,0,0,0,0,0,1,1,6,6,1,25,5,1598,1,17,VAUXHALL ASTRA,2,E01015839,0,-1
2023991366319,2023,991366319,1,9,0,10,10,8,5,0,0,1,0,0,0,0,1,1,5,6,2,35,6,1598,1,10,VAUXHALL ASTRA,-1,-1,0,-1
2023211323780,2023,211323780,2,9,0,2,2,0,0,0,0,0,0,4,0,0,1,1,6,6,2,31,6,1956,2,12,VAUXHALL ASTRA,1,E01014212,0,-1
2023201301152,2023,201301152,1,9,0,9,9,2,8,0,0,5,0,0,0,0,4,1,6,6,1,89,11,1598,1,23,VAUXHALL ASTRA,10,E01029674,0,-1
2023332300792,2023,332300792,1,9,0,3,3,7,3,0,0,0,0,0,0,0,2,1,6,6,1,42,7,1598,1,10,VAUXHALL ASTRA,1,E01013640,0,-1
2023221339262,2023,221339262,2,9,0,8,8,2,4,0,0,8,0,0,0,0,2,1,5,6,1,22,5,1598,2,8,VAUXHALL ASTRA,2,E01032239,0,-1
2023052301450,2023,052301450,2,9,0,18,19,5,1,0,0,8,0,0,0,0,4,1,2,2,2,30,6,1248,2,10,VAUXHALL ASTRA,6,E01006951,0,-1
2023440340206,2023,440340206,2,9,0,18,19,6,2,0,0,1,0,0,0,0,1,1,6,6,2,43,7,1956,2,11,VAUXHALL ASTRA,2,E01017168,0,-1
2023481388177,2023,481388177,1,9,0,9,9,5,3,0,0,8,0,0,0,0,3,1,5,6,1,45,7,1398,1,9,VAUXHALL ASTRA,-1,-1,0,-1
2023201267727,2023,201267727,1,9,0,9,9,4,2,0,0,6,0,0,0,0,1,1,3,7,1,27,6,1398,1,8,VAUXHALL ASTRA,1,E01009378,0,-1
2023421365772,2023,421365772,1,9,0,9,9,7,4,0,0,8,0,0,0,0,4,1,2,2,1,35,6,1686,2,12,VAUXHALL ASTRA,6,E01033458,0,-1
2023221352021,2023,221352021,1,9,0,9,9,5,3,0,0,5,0,0,0,0,3,1,6,6,1,25,5,1598,2,5,VAUXHALL ASTRA,5,E01014207,0,-1
2023340WN0742,2023,340WN0742,2,9,0,18,19,2,6,0,0,8,0,0,0,0,1,1,6,6,1,55,8,1796,1,17,VAUXHALL ASTRA,7,E01027182,0,-1
2023201384030,2023,201384030,2,9,0,16,19,7,1,0,0,2,0,0,0,0,1,1,6,6,3,-1,-1,1910,2,17,VAUXHALL ASTRA,-1,-1,0,-1
2023332300024,2023,332300024,1,9,0,18,19,8,4,0,0,1,0,0,3,9,1,1,6,6,1,71,10,1598,1,17,VAUXHALL ASTRA,7,E01019843,0,-1
2023440491950,2023,440491950,1,9,0,9,9,5,3,0,0,6,0,0,0,0,1,1,6,6,2,58,9,1598,1,16,VAUXHALL ASTRA,7,E01022927,0,-1
2023545955723,2023,545955723,2,9,0,5,5,5,1,0,0,6,0,0,0,0,1,1,2,2,1,36,7,1598,1,9,VAUXHALL ASTRA,3,E01015543,0,-1
2023221375182,2023,221375182,2,9,0,18,19,3,7,0,0,8,0,0,0,0,1,1,6,6,2,43,7,1364,1,10,VAUXHALL ASTRA,4,E01014011,0,-1
2023211311160,2023,211311160,1,9,0,16,19,2,6,0,0,0,0,0,2,0,4,1,6,6,1,44,7,1598,1,13,VAUXHALL ASTRA,5,E01029647,0,-1
2023311387997,2023,311387997,2,9,0,18,19,6,2,0,0,1,0,0,0,0,4,1,5,6,2,45,7,1686,2,10,VAUXHALL ASTRA,6,E01028316,0,-1
2023010436505,2023,010436505,3,9,0,2,2,0,0,0,0,2,1,0,0,0,1,1,6,6,3,-1,-1,1341,1,3,VAUXHALL ASTRA,-1,-1,0,-1
2023361283261,2023,361283261,1,9,0,12,12,7,1,0,0,0,0,0,7,9,1,1,5,6,2,18,4,1364,1,15,VAUXHALL ASTRA,4,E01030244,0,-1
2023131360806,2023,131360806,1,9,0,18,19,5,1,0,0,8,0,0,0,0,1,1,5,6,1,57,9,1796,1,16,VAUXHALL ASTRA,1,E01011803,0,-1
2023351280970,2023,351280970,1,9,0,18,19,5,1,0,0,0,0,0,0,0,3,1,5,6,1,71,10,1399,1,6,VAUXHALL ASTRA,8,E01018280,0,-1
2023122300453,2023,122300453,1,9,0,18,19,1,5,0,0,0,0,0,0,0,4,1,6,6,2,48,8,1598,1,11,VAUXHALL ASTRA,6,E01027851,0,-1
2023041285754,2023,041285754,1,9,0,7,7,5,7,0,0,6,0,0,0,0,1,1,5,6,1,53,8,1686,2,13,VAUXHALL ASTRA,4,E01012607,0,-1
2023010456013,2023,010456013,1,9,0,18,19,5,1,0,0,1,0,0,0,0,4,1,2,2,1,56,9,1598,1,11,VAUXHALL ASTRA,3,E01001465,0,-1
2023201333463,2023,201333463,1,9,0,18,19,2,6,0,0,0,0,0,0,0,1,1,6,6,1,-1,-1,1686,2,16,VAUXHALL ASTRA,2,E01032538,0,-1
2023421272426,2023,421272426,2,9,0,18,19,7,3,0,0,0,0,0,0,0,2,1,6,6,2,29,6,1796,1,16,VAUXHALL ASTRA,2,E01021318,0,-1
2023421364729,2023,421364729,2,9,0,18,19,8,4,0,0,1,0,0,0,0,1,1,5,6,1,28,6,1598,1,5,VAUXHALL ASTRA,8,E01022068,0,-1
2023471280625,2023,471280625,2,9,0,2,2,0,0,0,0,0,0,0,0,0,1,1,6,6,3,-1,-1,1598,1,10,VAUXHALL ASTRA,-1,-1,0,-1
2023071315407,2023,071315407,1,9,0,9,9,4,8,0,0,8,0,0,0,0,3,1,1,1,1,50,8,1686,2,11,VAUXHALL ASTRA,2,E01014252,0,-1
2023010456308,2023,010456308,1,9,0,9,9,1,6,0,0,5,0,0,0,0,4,1,6,6,2,32,6,1598,1,12,VAUXHALL ASTRA,3,E01003099,0,-1
2023631378502,2023,631378502,2,9,0,8,8,7,3,0,0,8,0,0,0,0,1,1,5,6,2,31,6,1956,2,9,VAUXHALL ASTRA,5,W01000706,0,-1
2023061354095,2023,061354095,2,9,0,2,2,2,6,6,6,0,0,0,0,0,0,1,6,6,1,24,5,1598,1,11,VAUXHALL ASTRA,-1,-1,0,-1
2023320139570,2023,320139570,2,9,0,18,19,2,6,0,0,8,0,0,0,0,1,1,6,6,1,47,8,1598,2,7,VAUXHALL ASTRA,4,E01026366,0,-1
2023302300418,2023,302300418,2,9,0,9,9,4,2,0,0,6,0,0,0,0,1,1,6,6,2,38,7,1956,2,11,VAUXHALL ASTRA,6,E01013491,0,-1
2023131354585,2023,131354585,1,9,0,5,5,3,7,0,0,6,0,0,0,0,3,1,5,6,2,22,5,1598,1,9,VAUXHALL ASTRA,4,E01011023,0,-1
2023141327127,2023,141327127,1,9,0,18,19,1,5,0,0,0,0,0,0,0,1,1,5,6,2,28,6,1598,2,9,VAUXHALL ASTRA,1,E01007575,0,-1
2023201311734,2023,201311734,1,9,0,5,5,-1,-1,0,0,0,0,0,0,0,1,1,1,1,1,33,6,1956,2,8,VAUXHALL ASTRA,4,E01010325,0,-1
2023401295807,2023,401295807,1,9,0,18,19,7,3,0,0,0,0,0,0,0,1,1,2,2,1,38,7,1686,2,19,VAUXHALL ASTRA,5,E01015777,0,-1
2023010458953,2023,010458953,4,9,0,4,4,6,2,0,0,8,0,0,0,0,1,1,1,1,1,27,6,1341,1,3,VAUXHALL ASTRA,7,E01000675,0,-1
202360A096275,2023,60A096275,1,9,0,16,19,6,8,0,0,0,0,0,8,4,1,1,6,6,1,30,6,1598,1,16,VAUXHALL ASTRA,-1,-1,0,-1
2023161371959,2023,161371959,1,8,0,18,19,6,4,0,0,1,0,0,0,0,1,1,1,1,1,58,9,1398,1,8,-1,8,E01013037,0,-1
2023552300751,2023,552300751,1,9,0,9,9,3,1,0,0,5,0,0,0,0,4,1,2,2,2,43,7,1686,2,11,VAUXHALL ASTRA,2,E01015304,0,-1
2023421300180,2023,421300180,1,9,0,-1,-1,-1,-1,-1,-1,-1,-1,-1,-1,0,-1,1,6,6,1,29,6,1364,1,9,VAUXHALL ASTRA,2,E01015851,0,-1
2023461329030,2023,461329030,2,9,0,18,19,5,1,0,0,8,0,0,0,0,4,1,6,6,2,72,10,-1,-1,-1,VAUXHALL ASTRA,6,E01024655,0,-1
2023302300470,2023,302300470,1,9,0,9,9,4,2,0,0,1,0,0,0,0,2,1,6,6,2,51,8,1598,1,12,VAUXHALL ASTRA,5,E01019633,0,-1
2023101381238,2023,101381238,2,9,0,18,19,7,3,0,0,2,0,0,0,0,1,1,6,6,1,29,6,1364,1,14,VAUXHALL ASTRA,1,E01008712,0,-1
2023010462378,2023,010462378,1,9,0,18,19,5,1,0,0,1,0,0,0,0,1,1,6,6,2,34,6,1598,1,17,VAUXHALL ASTRA,8,E01003649,0,-1
2023010437763,2023,010437763,1,9,0,7,7,7,2,0,0,1,0,0,0,0,1,1,6,6,3,-1,-1,1598,1,15,VAUXHALL ASTRA,-1,-1,0,-1