collision_index,collision_year,collision_ref_no,vehicle_reference,vehicle_type,towing_and_articulation,vehicle_manoeuvre_historic,vehicle_manoeuvre,vehicle_direction_from,vehicle_direction_to,vehicle_location_restricted_lane_historic,vehicle_location_restricted_lane,junction_location,skidding_and_overturning,hit_object_in_carriageway,vehicle_leaving_carriageway,hit_object_off_carriageway,first_point_of_impact,vehicle_left_hand_drive,journey_purpose_of_driver_historic,journey_purpose_of_driver,sex_of_driver,age_of_driver,age_band_of_driver,engine_capacity_cc,propulsion_code,age_of_vehicle,generic_make_model,driver_imd_decile,lsoa_of_driver,escooter_flag,driver_distance_banding
2023302300271,2023,302300271,2,9,0,7,7,6,8,0,0,2,0,0,0,0,1,1,6,6,1,19,4,1598,2,7,VAUXHALL ASTRA,1,E01013484,0,-1
2023332300347,2023,332300347,1,9,0,18,19,4,8,0,0,0,5,0,0,0,4,1,6,6,1,42,7,1956,2,9,VAUXHALL ASTRA,3,E01013626,0,-1
2023141304510,2023,141304510,1,9,0,18,19,3,7,0,0,5,0,0,0,0,4,1,5,6,1,25,5,1686,2,11,VAUXHALL ASTRA,1,E01007873,0,-1
2023461278575,2023,461278575,3,9,0,18,19,1,5,0,0,0,0,0,7,11,1,1,6,6,2,30,6,1598,1,11,VAUXHALL ASTRA,2,E01024397,0,-1
2023131310759,2023,131310759,1,9,0,18,19,-1,-1,0,0,8,0,0,0,0,-1,1,6,6,3,-1,-1,1248,2,10,VAUXHALL ASTRA,-1,-1,0,-1
2023010463497,2023,010463497,1,9,0,6,6,3,3,0,0,0,0,0,0,0,1,1,6,6,1,24,5,1796,1,15,VAUXHALL ASTRA,3,E01002052,0,-1
2023141269058,2023,141269058,2,9,0,9,9,7,5,0,0,2,0,0,0,0,1,1,6,6,3,-1,-1,1598,1,9,VAUXHALL ASTRA,-1,-1,0,-1
2023332300027,2023,332300027,3,9,0,10,10,1,7,0,0,8,0,0,0,0,2,1,2,2,1,44,7,1598,1,20,VAUXHALL ASTRA,1,E01013600,0,-1
2023010453355,2023,010453355,1,9,0,9,9,6,5,0,0,5,0,0,0,0,3,1,2,2,1,42,7,1399,1,5,VAUXHALL ASTRA,6,E01002670,0,-1
2023052300350,2023,052300350,1,9,0,1,1,1,5,0,0,0,0,0,0,0,2,1,2,2,1,35,6,1686,2,11,VAUXHALL ASTRA,6,E01007164,0,-1
2023471379217,2023,471379217,1,9,0,18,19,4,8,0,0,0,0,0,0,0,1,1,2,2,1,39,7,1399,1,5,VAUXHALL ASTRA,4,E01017074,0,-1
2023501265006,2023,501265006,1,9,0,-1,-1,-1,-1,-1,-1,-1,-1,-1,-1,0,-1,1,6,6,1,80,11,1598,1,5,VAUXHALL ASTRA,7,E01018816,0,-1
2023010432511,2023,010432511,3,9,0,4,4,8,4,0,0,4,0,0,0,0,0,1,1,1,2,31,6,1399,1,4,VAUXHALL ASTRA,2,E01001830,0,-1
2023010480896,2023,010480896,2,9,0,99,99,9,9,99,99,9,9,99,9,99,9,9,6,6,3,-1,-1,1598,1,11,VAUXHALL ASTRA,-1,-1,0,-1
2023221314935,2023,221314935,2,9,0,9,9,4,1,0,0,6,0,0,7,10,1,1,5,6,2,79,11,1598,1,20,VAUXHALL ASTRA,-1,-1,0,-1
2023031327523,2023,031327523,1,9,0,7,7,2,2,0,0,8,0,0,0,0,0,1,6,6,1,38,7,1796,1,19,VAUXHALL ASTRA,8,E01019399,0,-1
2023440244430,2023,440244430,1,9,0,18,19,7,3,0,0,0,2,0,6,6,1,1,6,6,1,29,6,1389,1,22,VAUXHALL ASTRA,9,E01022494,0,-1
2023010429369,2023,010429369,1,9,9,99,99,9,9,99,99,9,9,99,9,99,4,9,6,6,1,49,8,1598,1,9,VAUXHALL ASTRA,7,E01004166,0,-1
2023052301901,2023,052301901,2,9,0,18,19,1,5,0,0,0,0,0,0,0,2,1,6,6,2,34,6,1598,1,14,VAUXHALL ASTRA,1,E01010401,0,-1
2023421371968,2023,421371968,1,9,0,9,9,5,1,0,0,1,0,0,0,0,1,1,1,1,1,40,7,1796,1,15,VAUXHALL ASTRA,2,E01029987,0,-1
202360A200957,2023,60A200957,1,9,0,5,5,1,5,0,0,6,0,0,0,0,1,1,6,6,2,25,5,1362,1,11,VAUXHALL ASTRA,-1,-1,0,-1
2023520400740,2023,520400740,1,9,0,18,19,2,6,0,0,0,0,0,0,0,1,1,6,6,1,60,9,1910,2,17,VAUXHALL ASTRA,9,E01029295,0,-1
2023010441953,2023,010441953,1,9,0,99,99,9,9,99,99,9,9,99,9,99,9,9,6,6,1,37,7,1399,1,7,VAUXHALL ASTRA,2,E01001761,0,-1
2023010424273,2023,010424273,1,9,0,1,1,5,1,0,0,1,0,0,0,0,2,1,1,1,1,29,6,1399,1,4,VAUXHALL ASTRA,-1,-1,0,-1
2023991387779,2023,991387779,1,9,0,9,9,1,6,0,0,8,0,0,0,0,4,1,5,6,1,76,11,1399,1,4,VAUXHALL ASTRA,2,-1,0,-1
2023010452190,2023,010452190,2,9,0,99,99,9,9,99,99,9,9,99,9,99,1,9,6,6,3,-1,-1,1598,2,5,VAUXHALL ASTRA,2,E01001775,0,-1
2023302301481,2023,302301481,1,9,0,16,19,1,4,0,0,0,0,0,0,0,1,2,6,6,1,73,10,1796,1,18,VAUXHALL ASTRA,6,E01019421,0,-1
2023010485147,2023,010485147,2,9,0,99,99,9,9,99,99,9,9,99,9,99,9,9,6,6,3,-1,-1,1496,2,2,VAUXHALL ASTRA,-1,-1,0,-1
2023010478437,2023,010478437,3,9,0,2,2,0,0,0,0,0,0,0,0,0,4,1,6,6,3,-1,-1,1598,1,10,VAUXHALL ASTRA,-1,-1,0,-1
2023411288962,2023,411288962,1,9,0,18,19,4,8,0,0,8,0,0,0,0,1,1,6,6,2,45,7,1686,2,12,VAUXHALL ASTRA,5,E01023869,0,-1
2023302301194,2023,302301194,2,9,0,4,4,8,2,0,0,1,0,0,0,0,2,1,6,6,1,28,6,1598,2,4,VAUXHALL ASTRA,6,E01028331,0,-1
2023041373116,2023,041373116,1,9,0,13,13,3,7,0,0,0,0,4,0,0,1,1,5,6,1,56,9,1598,1,21,VAUXHALL ASTRA,7,E01025361,0,-1
2023461291335,2023,461291335,1,9,0,18,19,5,1,0,0,0,0,0,0,0,1,1,6,6,2,41,7,1796,1,16,VAUXHALL ASTRA,2,E01023973,0,-1
2023991381844,2023,991381844,1,9,0,18,19,1,5,0,0,0,0,0,7,0,1,1,5,6,2,73,10,1399,1,4,VAUXHALL ASTRA,4,-1,0,-1
2023010464994,2023,010464994,1,9,0,9,9,2,1,4,4,5,0,0,0,0,1,1,2,2,1,23,5,1796,1,15,VAUXHALL ASTRA,2,E01032580,0,-1
2023052302528,2023,052302528,2,9,0,18,19,1,5,0,0,3,0,0,0,0,4,1,6,6,2,35,6,1956,2,9,VAUXHALL ASTRA,4,E01006626,0,-1
2023010459098,2023,010459098,1,9,0,3,3,7,3,0,0,4,0,0,0,0,2,1,6,6,2,37,7,1398,1,12,VAUXHALL ASTRA,7,E01002683,0,-1
2023430458777,2023,430458777,2,9,0,4,4,8,4,0,0,1,0,0,0,0,2,1,6,6,2,23,5,1364,1,13,VAUXHALL ASTRA,7,E01022477,0,-1
2023101347622,2023,101347622,3,9,0,18,19,5,1,0,0,0,0,0,0,0,1,1,5,6,2,30,6,1598,2,7,VAUXHALL ASTRA,4,E01008866,0,-1
2023201343819,2023,201343819,1,9,0,17,19,5,8,0,0,0,0,4,1,0,1,1,6,6,2,45,7,1796,1,15,VAUXHALL ASTRA,5,E01032355,0,-1
2023522400065,2023,522400065,2,9,0,18,19,3,7,0,0,1,0,0,0,0,1,1,6,6,3,-1,-1,1598,1,16,VAUXHALL ASTRA,-1,-1,0,-1
2023161386668,2023,161386668,2,9,0,12,12,7,2,0,0,0,1,0,0,0,1,1,2,2,1,47,8,1598,1,9,VAUXHALL ASTRA,1,E01012841,0,-1
2023471389042,2023,471389042,1,9,0,9,9,7,4,0,0,2,0,0,0,0,1,1,6,6,2,48,8,1364,1,15,VAUXHALL ASTRA,3,E01020922,0,-1
2023501268061,2023,501268061,1,9,0,18,19,7,3,0,0,0,0,0,0,0,0,1,1,1,2,28,6,1598,2,6,VAUXHALL ASTRA,-1,-1,0,-1
2023522400620,2023,522400620,2,9,0,5,5,0,2,0,0,0,0,0,0,0,3,1,6,6,3,-1,-1,1598,1,18,VAUXHALL ASTRA,-1,-1,0,-1
2023401303857,2023,401303857,1,9,0,18,19,-1,-1,0,0,8,0,0,0,0,1,1,6,6,2,27,6,1956,2,10,VAUXHALL ASTRA,5,E01023358,0,-1
2023471293821,2023,471293821,1,9,0,18,19,7,3,0,0,0,0,0,7,0,1,1,6,6,1,30,6,1364,1,15,VAUXHALL ASTRA,2,E01021179,0,-1
2023501380531,2023,501380531,1,9,0,18,19,7,3,0,0,0,1,0,0,0,1,1,6,6,1,37,7,1399,1,4,VAUXHALL ASTRA,4,E01015269,0,-1
202354A216323,2023,54A216323,2,9,0,4,4,8,4,0,0,0,0,0,0,0,2,1,6,6,1,59,9,1686,2,17,VAUXHALL ASTRA,4,E01015475,0,-1
2023401276620,2023,401276620,1,9,0,5,5,2,5,0,0,8,0,0,0,0,1,1,6,6,1,48,8,1956,2,7,VAUXHALL ASTRA,4,E01017475,0,-1
2023010474469,2023,010474469,2,9,0,5,5,1,5,0,0,0,0,0,0,0,1,1,6,6,1,42,7,1598,1,8,VAUXHALL ASTRA,3,E01003716,0,-1
2023991284055,2023,991284055,2,9,0,4,4,6,1,0,0,0,0,0,0,0,4,1,5,6,2,36,7,1956,2,11,VAUXHALL ASTRA,8,-1,0,-1
2023201297353,2023,201297353,2,9,0,2,2,0,0,0,0,0,0,0,0,0,2,1,2,2,1,35,6,1598,1,23,VAUXHALL ASTRA,7,E01009771,0,-1
2023141341556,2023,141341556,2,9,0,18,19,5,1,0,0,0,0,0,0,0,1,1,5,6,2,28,6,1399,1,4,VAUXHALL ASTRA,6,E01014633,0,-1
2023111325474,2023,111325474,2,9,0,3,3,5,1,0,0,0,0,0,0,0,2,1,5,6,2,66,10,1598,1,10,VAUXHALL ASTRA,8,E01020779,0,-1
2023430114556,2023,430114556,2,9,0,9,9,2,1,0,0,6,0,0,0,0,4,1,6,6,1,-1,-1,1248,2,13,VAUXHALL ASTRA,-1,-1,0,-1
2023501329690,2023,501329690,1,9,0,16,19,7,3,0,0,0,1,0,2,10,1,1,5,6,1,63,9,1796,1,18,VAUXHALL ASTRA,4,E01020289,0,-1
2023010469856,2023,010469856,1,9,0,5,5,5,1,0,0,1,0,0,0,0,4,1,6,6,2,37,7,1598,1,13,VAUXHALL ASTRA,6,E01002609,0,-1
2023010469247,2023,010469247,2,9,0,18,19,2,6,0,0,1,0,0,0,0,1,1,6,6,1,25,5,1364,1,13,VAUXHALL ASTRA,-1,-1,0,-1
2023010436330,2023,010436330,1,9,0,13,13,6,2,0,0,1,0,0,0,0,1,1,1,1,1,41,7,1399,1,4,VAUXHALL ASTRA,6,E01000330,0,-1
2023320415248,2023,320415248,1,9,0,18,19,8,4,0,0,1,0,0,0,0,0,1,1,1,1,46,8,1598,2,7,VAUXHALL ASTRA,6,E01026349,0,-1
2023010433284,2023,010433284,1,9,0,18,19,5,1,0,0,2,0,0,0,0,3,1,6,6,1,21,5,1364,1,13,VAUXHALL ASTRA,4,E01002014,0,-1
2023320351028,2023,320351028,4,9,0,4,4,4,8,0,0,0,0,0,1,0,2,1,2,2,1,33,6,1598,1,16,VAUXHALL ASTRA,10,E01026204,0,-1
2023052301978,2023,052301978,1,9,0,18,19,8,4,0,0,0,0,0,1,11,1,1,6,6,1,80,11,1364,1,15,VAUXHALL ASTRA,3,E01006533,0,-1
2023010445721,2023,010445721,1,9,0,4,4,1,5,0,0,1,0,7,1,7,1,1,6,6,1,36,7,1598,2,7,VAUXHALL ASTRA,3,E01000054,0,-1
2023461351937,2023,461351937,2,9,0,18,19,6,2,0,0,1,0,0,0,0,3,1,6,6,1,69,10,1598,1,14,VAUXHALL ASTRA,5,E01024110,0,-1
2023471390189,2023,471390189,1,9,0,9,9,2,8,0,0,5,0,0,0,0,1,1,2,2,2,37,7,1598,1,10,VAUXHALL ASTRA,1,E01021015,0,-1
2023041267064,2023,041267064,2,9,0,18,19,5,1,0,0,1,0,0,0,0,1,1,2,2,1,27,6,1598,1,18,VAUXHALL ASTRA,1,E01025295,0,-1
2023161365767,2023,161365767,1,9,0,7,7,1,5,0,0,1,0,0,0,0,1,1,6,6,1,20,4,1399,1,5,VAUXHALL ASTRA,-1,-1,0,-1
2023440078949,2023,440078949,2,9,0,18,19,5,1,0,0,8,0,0,0,0,1,1,6,6,1,34,6,1598,2,7,VAUXHALL ASTRA,4,E01022910,0,-1
2023411304221,2023,411304221,1,9,0,18,19,7,3,0,0,1,0,0,0,0,1,1,6,6,1,22,5,1598,1,10,VAUXHALL ASTRA,10,E01023770,0,-1
2023421389398,2023,421389398,2,9,0,2,2,0,0,9,9,0,0,0,0,0,3,1,6,6,3,-1,-1,1496,2,3,VAUXHALL ASTRA,-1,-1,0,-1
2023131297180,2023,131297180,1,9,0,18,19,5,5,0,0,8,0,0,0,0,1,1,5,6,1,41,7,1399,1,6,VAUXHALL ASTRA,3,E01011141,0,-1
2023010444094,2023,010444094,1,9,0,3,3,1,5,0,0,1,0,0,0,0,4,1,6,6,2,48,8,1796,1,14,VAUXHALL ASTRA,8,E01002322,0,-1
2023440031727,2023,440031727,1,9,0,18,19,4,8,0,0,3,0,0,0,0,1,1,6,6,2,61,9,1398,1,8,VAUXHALL ASTRA,6,E01022520,0,-1
2023010476497,2023,010476497,1,9,0,18,19,3,7,0,0,0,0,0,0,0,3,1,6,6,2,35,6,1598,1,16,VAUXHALL ASTRA,3,E01016005,0,-1
2023430377420,2023,430377420,2,9,0,16,19,1,4,0,0,0,0,0,0,0,1,1,6,6,2,83,11,1598,1,27,VAUXHALL ASTRA,9,E01028653,0,-1
2023010481037,2023,010481037,2,9,0,99,99,9,9,99,99,9,9,99,9,99,9,9,6,6,3,-1,-1,1598,1,12,VAUXHALL ASTRA,-1,-1,0,-1
2023010435463,2023,010435463,2,9,0,99,99,9,9,99,99,9,9,99,9,99,9,9,6,6,3,-1,-1,1956,2,12,VAUXHALL ASTRA,-1,-1,0,-1
2023311283287,2023,311283287,1,9,0,18,19,2,6,0,0,1,0,0,0,0,1,1,6,6,3,24,5,1956,2,11,VAUXHALL ASTRA,-1,-1,0,-1
2023010423736,2023,010423736,4,9,0,2,2,0,0,0,0,1,0,0,0,0,1,1,6,6,3,-1,-1,1598,2,6,VAUXHALL ASTRA,-1,-1,0,-1
2023061371016,2023,061371016,2,9,0,4,4,8,4,0,0,0,0,0,0,0,3,1,5,6,1,23,5,1598,2,6,VAUXHALL ASTRA,5,E01004908,0,-1
2023461341308,2023,461341308,2,9,0,2,2,1,5,0,0,1,0,0,0,0,2,1,2,2,1,34,6,1796,1,15,VAUXHALL ASTRA,2,E01016061,0,-1
2023501314917,2023,501314917,2,9,0,4,4,2,6,0,0,8,0,0,0,0,2,1,5,6,2,30,6,1364,1,14,VAUXHALL ASTRA,9,E01020026,0,-1
2023010478442,2023,010478442,2,9,0,99,99,9,9,99,99,9,9,99,9,99,1,9,6,6,3,-1,-1,1796,1,15,VAUXHALL ASTRA,5,E01003640,0,-1
2023401344368,2023,401344368,1,9,0,18,19,-1,-1,0,0,8,0,0,0,0,1,1,6,6,2,22,5,999,1,7,VAUXHALL ASTRA,10,E01017409,0,-1
2023010440418,2023,010440418,1,9,0,7,7,5,6,0,0,6,0,0,0,0,2,1,6,6,1,32,6,1398,1,13,VAUXHALL ASTRA,1,E01004407,0,-1
2023141357620,2023,141357620,1,9,0,18,19,2,6,0,0,1,0,0,0,0,4,1,6,6,2,35,6,1686,2,12,VAUXHALL ASTRA,3,E01007510,0,-1
2023070604868,2023,070604868,2,9,0,17,19,2,8,0,0,3,0,0,0,0,4,1,6,6,2,28,6,1364,1,8,VAUXHALL ASTRA,10,E01018696,0,-1
2023131312611,2023,131312611,2,9,0,4,4,6,8,0,0,1,0,0,0,0,1,1,6,6,3,-1,-1,1686,2,12,VAUXHALL ASTRA,-1,-1,0,-1
2023010481409,2023,010481409,1,9,0,17,19,7,3,0,0,8,0,0,0,0,1,1,6,6,2,31,6,1796,1,14,VAUXHALL ASTRA,6,E01000330,0,-1
2023471355338,2023,471355338,1,9,0,18,19,8,4,0,0,1,0,0,0,0,1,1,1,1,1,57,9,1910,2,16,VAUXHALL ASTRA,5,E01031705,0,-1
2023552300791,2023,552300791,1,9,0,18,19,1,5,0,0,8,5,0,8,10,1,1,2,2,1,68,10,1598,1,16,VAUXHALL ASTRA,6,E01020443,0,-1
2023471370131,2023,471370131,2,9,0,2,2,0,0,0,0,0,0,0,0,0,2,1,5,6,1,35,6,1598,1,15,VAUXHALL ASTRA,-1,-1,0,-1
2023141381074,2023,141381074,1,9,0,18,19,1,5,0,0,0,1,0,1,0,4,1,6,6,1,32,6,1796,1,15,VAUXHALL ASTRA,2,E01007638,0,-1
2023302300308,2023,302300308,2,9,0,7,7,2,5,0,0,8,0,0,0,0,3,2,6,6,2,35,6,1686,2,10,VAUXHALL ASTRA,2,E01013847,0,-1
2023520400092,2023,520400092,2,9,0,4,4,3,5,0,0,1,0,0,0,0,1,1,6,6,1,31,6,1598,1,18,VAUXHALL ASTRA,3,E01029029,0,-1
2023111377856,2023,111377856,2,9,0,18,19,7,3,0,0,1,5,0,2,11,1,1,6,6,1,19,4,1956,2,9,VAUXHALL ASTRA,-1,-1,0,-1
2023221287735,2023,221287735,1,9,0,10,10,7,1,0,0,8,0,0,0,0,2,1,6,6,2,52,8,1398,1,8,VAUXHALL ASTRA,5,E01032196,0,-1
2023010446141,2023,010446141,2,9,0,18,19,5,1,0,0,8,0,0,0,0,1,1,6,6,1,28,6,1598,1,12,VAUXHALL ASTRA,5,E01001157,0,-1
2023161268991,2023,161268991,1,9,0,9,9,1,7,0,0,6,0,0,0,0,1,1,5,6,2,58,9,1398,1,12,VAUXHALL ASTRA,3,E01013319,0,-1
2023010425551,2023,010425551,1,9,0,6,6,5,5,9,9,8,0,0,0,0,4,1,6,6,1,25,5,1364,1,7,VAUXHALL ASTRA,3,E01001166,0,-1
2023471321397,2023,471321397,1,9,0,18,19,6,2,0,0,0,0,0,0,0,1,1,2,2,1,26,6,-1,-1,-1,VAUXHALL ASTRA,8,E01031613,0,-1
2023221374313,2023,221374313,1,9,0,6,6,3,3,0,0,0,0,0,0,0,3,1,1,1,1,55,8,1686,2,22,VAUXHALL ASTRA,1,E01009881,0,-1
2023440019258,2023,440019258,2,9,0,18,19,1,5,0,0,4,0,0,0,0,0,1,6,6,1,22,5,1598,1,14,VAUXHALL ASTRA,6,E01023155,0,-1
2023010451522,2023,010451522,2,9,9,99,99,9,9,99,99,9,9,99,9,99,9,9,6,6,3,-1,-1,1399,1,7,VAUXHALL ASTRA,-1,-1,0,-1
2023010469261,2023,010469261,1,9,0,13,13,7,3,0,0,1,0,10,0,0,3,1,6,6,1,23,5,1598,1,11,VAUXHALL ASTRA,6,E01002630,0,-1
2023340WN3412,2023,340WN3412,2,9,0,18,19,1,5,0,0,0,0,0,0,0,1,1,6,6,1,40,7,1686,2,19,VAUXHALL ASTRA,8,E01027335,0,-1
2023411364138,2023,411364138,1,9,0,18,19,-1,-1,0,0,0,0,0,0,0,1,1,6,6,2,-1,-1,1686,2,10,VAUXHALL ASTRA,-1,-1,0,-1
2023010430884,2023,010430884,2,9,0,99,99,9,9,99,99,9,9,99,9,99,9,9,6,6,1,36,7,1598,2,7,VAUXHALL ASTRA,3,E01017515,0,-1
2023010482612,2023,010482612,2,9,0,99,99,9,9,99,99,9,9,99,9,99,1,9,6,6,3,-1,-1,999,1,7,VAUXHALL ASTRA,-1,-1,0,-1
2023010430467,2023,010430467,1,9,0,18,19,5,1,0,0,0,0,10,2,4,1,1,6,6,1,30,6,1364,1,17,VAUXHALL ASTRA,7,E01000711,0,-1
2023131265509,2023,131265509,2,9,0,18,19,3,5,0,0,2,0,0,0,0,4,1,5,6,1,38,7,1956,2,9,VAUXHALL ASTRA,4,E01011529,0,-1
2023320747578,2023,320747578,1,9,0,17,19,4,8,0,0,1,5,0,1,0,4,1,6,6,1,43,7,1956,2,11,VAUXHALL ASTRA,2,E01026049,0,-1
2023430349255,2023,430349255,1,9,0,1,1,4,2,0,0,2,0,0,0,0,3,1,6,6,1,25,5,1598,1,11,VAUXHALL ASTRA,4,E01016453,0,-1
2023351377459,2023,351377459,2,9,0,9,9,7,3,0,0,5,0,0,0,0,3,1,5,6,2,63,9,1686,2,12,VAUXHALL ASTRA,10,E01018252,0,-1
2023161361273,2023,161361273,1,9,0,9,9,1,6,0,0,8,0,0,0,0,1,1,5,6,2,36,7,1956,2,11,VAUXHALL ASTRA,1,E01012854,0,-1
2023010422005,2023,010422005,1,9,0,99,99,9,9,99,99,0,9,99,9,99,2,9,2,2,1,27,6,1598,2,7,VAUXHALL ASTRA,3,E01003917,0,-1
2023101273946,2023,101273946,2,9,0,17,19,6,2,0,0,1,0,0,0,0,3,1,2,2,2,48,8,1399,1,4,VAUXHALL ASTRA,7,E01008797,0,-1
2023041319172,2023,041319172,1,9,0,18,19,7,3,1,1,1,0,0,0,0,3,1,2,2,1,22,5,1598,1,15,VAUXHALL ASTRA,2,E01012666,0,-1
2023131260539,2023,131260539,2,9,0,18,19,5,1,0,0,1,0,0,0,0,1,1,2,2,2,35,6,1598,1,18,VAUXHALL ASTRA,1,E01010872,0,-1
2023010432527,2023,010432527,2,9,9,99,99,9,9,99,99,9,9,99,9,99,9,9,6,6,3,29,6,1598,1,14,VAUXHALL ASTRA,7,E01003709,0,-1
2023631331529,2023,631331529,1,9,0,18,19,2,6,0,0,0,0,0,0,0,1,1,5,6,1,72,10,1956,2,10,VAUXHALL ASTRA,5,W01000617,0,-1
202354A962223,2023,54A962223,1,9,0,5,5,6,2,0,0,6,0,0,0,0,1,1,6,6,2,81,11,1398,1,9,VAUXHALL ASTRA,7,E01015560,0,-1
2023411356854,2023,411356854,1,9,0,17,19,4,8,0,0,8,0,0,0,0,1,1,6,6,1,-1,-1,1686,2,12,VAUXHALL ASTRA,-1,-1,0,-1
202360A115079,2023,60A115079,2,9,0,18,19,3,7,0,0,1,0,0,0,0,1,1,6,6,1,53,8,1248,2,13,VAUXHALL ASTRA,-1,-1,0,-1
2023440043549,2023,440043549,1,9,0,4,4,7,3,0,0,1,0,0,0,0,1,1,6,6,1,30,6,1956,2,11,VAUXHALL ASTRA,10,E01022512,0,-1
2023141338688,2023,141338688,1,9,0,16,19,2,6,0,0,0,0,0,0,0,1,1,6,6,1,40,7,1686,2,11,VAUXHALL ASTRA,2,E01011785,0,-1
2023061358790,2023,061358790,1,9,-1,7,7,1,7,0,0,8,0,0,0,0,1,1,6,6,3,30,6,1364,1,7,VAUXHALL ASTRA,-1,-1,0,-1
2023041339618,2023,041339618,1,9,0,18,19,2,3,0,0,1,0,0,0,0,1,1,6,6,1,19,4,-1,-1,-1,VAUXHALL ASTRA,7,E01004974,0,-1
2023320090108,2023,320090108,1,9,0,18,19,4,8,0,0,0,1,0,0,4,1,1,6,6,1,47,8,1686,2,12,VAUXHALL ASTRA,4,E01026278,0,-1
2023070545289,2023,070545289,2,9,0,18,19,5,1,0,0,1,0,0,0,0,4,1,6,6,2,38,7,1998,1,19,VAUXHALL ASTRA,-1,-1,0,-1
2023461341298,2023,461341298,1,9,0,7,7,5,7,9,9,0,1,7,7,0,1,1,6,6,1,18,4,1598,1,14,VAUXHALL ASTRA,4,E01024694,0,-1
2023461279643,2023,461279643,2,9,0,9,9,5,1,0,0,5,0,0,0,0,1,1,5,6,1,42,7,1364,1,17,VAUXHALL ASTRA,3,E01024501,0,-1
2023141366649,2023,141366649,1,9,0,16,19,3,7,0,0,0,0,0,0,0,1,1,5,6,1,25,5,-1,-1,-1,VAUXHALL ASTRA,1,E01007367,0,-1
2023361372676,2023,361372676,2,9,0,18,19,7,5,0,0,0,0,0,0,0,1,1,6,6,2,58,9,1598,2,5,VAUXHALL ASTRA,-1,-1,0,-1
2023501301048,2023,501301048,2,9,0,18,19,1,5,0,0,0,0,0,0,0,2,1,6,6,1,41,7,1598,1,11,VAUXHALL ASTRA,5,E01015135,0,-1
2023131300077,2023,131300077,2,9,0,9,9,7,5,0,0,1,0,0,0,0,1,1,5,6,1,36,7,1598,1,18,VAUXHALL ASTRA,6,E01010945,0,-1
2023311371781,2023,311371781,1,9,0,18,19,3,5,0,0,4,0,0,0,0,3,1,6,6,1,38,7,1598,1,10,VAUXHALL ASTRA,10,E01028139,0,-1
2023141291116,2023,141291116,2,9,0,18,19,5,5,0,0,4,0,0,0,0,2,2,2,2,1,59,9,1399,1,5,VAUXHALL ASTRA,7,E01007399,0,-1
2023451354821,2023,451354821,2,9,0,9,9,3,1,0,0,6,0,0,0,0,1,1,5,6,1,20,4,1598,1,15,VAUXHALL ASTRA,-1,-1,0,-1
202354A035223,2023,54A035223,1,9,0,16,19,2,6,0,0,0,0,0,1,4,1,1,6,6,2,26,6,1598,1,16,VAUXHALL ASTRA,9,E01031965,0,-1
2023531351058,2023,531351058,2,9,0,17,19,3,1,0,0,0,0,0,0,0,3,1,5,6,1,23,5,1686,2,12,VAUXHALL ASTRA,6,E01022400,0,-1
2023010434279,2023,010434279,1,9,0,99,99,9,9,99,99,9,9,99,9,99,9,9,6,6,1,47,8,1398,1,13,VAUXHALL ASTRA,1,E01004042,0,-1
2023010455857,2023,010455857,2,9,0,99,99,9,9,99,99,0,9,99,9,99,1,9,6,6,1,20,4,1598,1,9,VAUXHALL ASTRA,2,E01004539,0,-1
2023211272917,2023,211272917,2,9,0,18,19,1,5,0,0,0,2,0,1,0,2,1,6,6,1,44,7,1686,2,16,VAUXHALL ASTRA,6,E01029670,0,-1
2023131319120,2023,131319120,1,9,0,9,9,1,7,0,0,1,0,0,2,0,4,1,2,2,2,28,6,1399,1,4,VAUXHALL ASTRA,4,E01011876,0,-1
2023101304355,2023,101304355,1,9,0,7,7,3,5,0,0,6,0,0,0,0,0,1,1,1,1,32,6,1598,2,6,VAUXHALL ASTRA,6,E01012046,0,-1
2023131347679,2023,131347679,1,9,0,18,19,2,8,0,0,8,0,0,0,0,4,1,5,6,2,42,7,999,1,5,VAUXHALL ASTRA,10,E01011526,0,-1
2023131274489,2023,131274489,1,9,0,14,14,7,3,0,0,0,0,0,0,0,4,1,3,7,2,45,7,1364,1,13,VAUXHALL ASTRA,1,E01011904,0,-1
2023170H10103,2023,170H10103,1,9,0,18,19,7,3,0,0,1,0,0,0,0,1,1,6,6,2,41,7,1598,1,9,VAUXHALL ASTRA,8,E01011970,0,-1
2023041342438,2023,041342438,2,9,0,18,19,7,3,0,0,0,0,0,0,0,2,1,5,6,2,29,6,999,1,8,VAUXHALL ASTRA,2,E01012642,0,-1
2023010458467,2023,010458467,2,9,0,99,99,9,9,99,99,9,9,99,9,99,9,9,6,6,3,39,7,1399,1,6,VAUXHALL ASTRA,5,E01003140,0,-1
2023471301868,2023,471301868,1,9,0,12,12,8,4,0,0,1,0,0,0,0,2,1,6,6,1,27,6,1598,2,4,VAUXHALL ASTRA,2,E01016975,0,-1
2023552400157,2023,552400157,4,9,0,2,2,0,0,0,0,0,0,0,0,0,2,1,6,6,3,-1,-1,1956,2,10,VAUXHALL ASTRA,-1,-1,0,-1
2023401324465,2023,401324465,3,9,0,2,2,0,0,0,0,1,0,0,0,0,1,1,1,1,3,-1,-1,1398,1,10,VAUXHALL ASTRA,-1,-1,0,-1
2023471265162,2023,471265162,2,9,0,18,19,3,7,0,0,0,0,0,0,0,3,1,5,6,2,65,9,1598,1,10,VAUXHALL ASTRA,4,E01021060,0,-1
2023111391244,2023,111391244,1,9,0,18,19,2,6,0,0,0,0,10,1,0,4,1,5,6,1,21,5,1364,1,7,VAUXHALL ASTRA,2,E01020840,0,-1