collision_index,collision_year,collision_ref_no,vehicle_reference,vehicle_type,towing_and_articulation,vehicle_manoeuvre_historic,vehicle_manoeuvre,vehicle_direction_from,vehicle_direction_to,vehicle_location_restricted_lane_historic,vehicle_location_restricted_lane,junction_location,skidding_and_overturning,hit_object_in_carriageway,vehicle_leaving_carriageway,hit_object_off_carriageway,first_point_of_impact,vehicle_left_hand_drive,journey_purpose_of_driver_historic,journey_purpose_of_driver,sex_of_driver,age_of_driver,age_band_of_driver,engine_capacity_cc,propulsion_code,age_of_vehicle,generic_make_model,driver_imd_decile,lsoa_of_driver,escooter_flag,driver_distance_banding
2023010483302,2023,010483302,2,9,0,99,99,9,9,99,99,0,9,99,9,99,1,9,6,6,3,23,5,1598,1,12,VAUXHALL ASTRA,3,E01003597,0,-1
2023302300619,2023,302300619,1,9,0,17,19,2,8,0,0,0,0,0,1,11,1,1,6,6,1,63,9,1364,1,16,VAUXHALL ASTRA,3,E01019569,0,-1
2023010437270,2023,010437270,1,9,0,18,19,7,3,0,0,8,0,0,0,0,1,1,2,2,1,23,5,1398,1,13,VAUXHALL ASTRA,-1,-1,0,-1
2023421330369,2023,421330369,3,9,0,18,19,5,1,0,0,0,0,0,0,0,0,1,1,1,1,39,7,1496,2,3,VAUXHALL ASTRA,4,E01021651,0,-1
2023010431134,2023,010431134,1,9,0,17,19,3,7,0,0,1,0,0,0,0,1,1,1,1,1,29,6,1399,1,4,VAUXHALL ASTRA,5,E01000631,0,-1
2023544325723,2023,544325723,2,9,0,4,4,8,4,0,0,0,0,0,0,0,2,1,1,1,1,40,7,1399,1,5,VAUXHALL ASTRA,6,E01015002,0,-1
2023041260673,2023,041260673,2,9,0,2,2,8,4,0,0,8,0,0,0,0,1,1,2,2,1,29,6,1364,1,17,VAUXHALL ASTRA,2,E01025581,0,-1
202360A145220,2023,60A145220,1,9,0,17,19,4,2,0,0,0,1,0,0,0,1,1,6,6,1,19,4,1398,1,11,VAUXHALL ASTRA,-1,-1,0,-1
2023031372710,2023,031372710,1,9,0,2,2,5,1,2,2,0,0,0,7,0,4,1,6,6,1,31,6,1686,2,15,VAUXHALL ASTRA,1,E01019248,0,-1
2023010483344,2023,010483344,1,9,0,99,99,9,9,99,99,0,9,99,9,99,2,9,6,6,1,56,9,1399,1,5,VAUXHALL ASTRA,4,E01015996,0,-1
2023221360737,2023,221360737,1,9,0,18,19,4,8,0,0,0,0,0,0,0,3,1,6,6,1,74,10,1364,1,16,VAUXHALL ASTRA,4,E01028836,0,-1
2023070178934,2023,070178934,2,9,0,9,9,4,2,0,0,1,0,0,7,0,3,1,6,6,1,22,5,1598,1,18,VAUXHALL ASTRA,1,E01018550,0,-1
2023070158151,2023,070158151,1,9,0,4,4,7,3,0,0,0,1,0,0,0,1,1,6,6,1,29,6,1598,1,17,VAUXHALL ASTRA,1,E01005655,0,-1
2023631391701,2023,631391701,3,9,0,18,19,8,5,0,0,0,0,1,0,0,1,1,5,6,1,61,9,-1,-1,-1,VAUXHALL ASTRA,7,W01000548,0,-1
2023631332198,2023,631332198,1,9,0,18,19,6,2,0,0,1,0,0,0,0,1,1,5,6,1,78,11,1399,1,7,VAUXHALL ASTRA,6,E01025514,0,-1
2023201377779,2023,201377779,1,9,0,13,13,3,7,0,0,8,0,0,0,0,1,1,6,6,1,30,6,1398,1,11,VAUXHALL ASTRA,1,E01010375,0,-1
2023371281392,2023,371281392,1,9,0,7,7,3,3,0,0,8,0,0,0,0,0,1,2,2,1,34,6,1796,1,17,VAUXHALL ASTRA,3,E01030262,0,-1
2023010441906,2023,010441906,3,9,0,18,19,3,7,0,0,8,0,0,0,0,2,1,6,6,1,22,5,1598,1,12,VAUXHALL ASTRA,8,E01002414,0,-1
2023010450822,2023,010450822,2,9,0,18,19,4,8,0,0,1,0,0,0,0,1,1,6,6,1,46,8,1598,1,12,VAUXHALL ASTRA,6,E01002204,0,-1
2023361359683,2023,361359683,2,9,0,18,19,7,3,0,0,0,0,0,0,0,1,1,5,6,2,50,8,1598,1,13,VAUXHALL ASTRA,5,E01026940,0,-1
2023421270615,2023,421270615,1,9,0,18,19,1,5,0,0,0,0,0,0,0,1,1,6,6,2,36,7,1686,2,12,VAUXHALL ASTRA,8,E01021405,0,-1
2023471371892,2023,471371892,2,9,0,2,2,0,0,0,0,2,0,0,0,0,2,1,6,6,3,-1,-1,1686,2,10,VAUXHALL ASTRA,-1,-1,0,-1
2023201342213,2023,201342213,2,9,0,18,19,4,8,0,0,0,2,7,4,0,2,1,6,6,2,42,7,1598,1,14,VAUXHALL ASTRA,2,E01010472,0,-1
2023031341675,2023,031341675,3,9,0,13,13,3,7,0,0,0,0,0,7,0,1,1,6,6,2,33,6,1598,1,12,VAUXHALL ASTRA,1,E01019301,0,-1
2023221349868,2023,221349868,2,9,0,17,19,5,2,0,0,1,0,0,0,0,1,1,1,1,1,32,6,1598,2,6,VAUXHALL ASTRA,6,E01014117,0,-1
2023461375136,2023,461375136,3,9,0,2,2,0,0,0,0,0,0,4,0,0,3,1,6,6,1,-1,-1,1796,1,19,VAUXHALL ASTRA,-1,-1,0,-1
2023201416055,2023,201416055,2,9,0,2,2,0,0,0,0,0,0,0,0,0,2,1,1,1,1,-1,-1,1598,2,4,VAUXHALL ASTRA,2,E01010521,0,-1
2023991277325,2023,991277325,1,9,0,17,19,7,3,0,0,0,0,0,1,0,0,1,2,2,2,77,11,1398,1,12,VAUXHALL ASTRA,8,-1,0,-1
2023131286550,2023,131286550,2,9,0,4,4,3,7,0,0,0,0,0,0,0,2,1,1,1,1,39,7,-1,-1,-1,VAUXHALL ASTRA,8,E01011530,0,-1
2023201382937,2023,201382937,1,9,0,16,19,2,4,0,0,0,0,0,0,0,1,1,5,6,1,-1,-1,1956,2,11,VAUXHALL ASTRA,-1,-1,0,-1
2023471309811,2023,471309811,1,9,0,18,19,2,7,0,0,3,0,0,0,0,3,1,5,6,1,38,7,1598,1,14,VAUXHALL ASTRA,6,E01031554,0,-1
2023302300970,2023,302300970,1,9,0,18,19,8,4,9,9,0,0,0,1,0,1,1,6,6,1,32,6,1998,1,15,VAUXHALL ASTRA,5,E01019598,0,-1
2023061338765,2023,061338765,1,9,0,18,19,7,3,0,0,1,0,0,0,0,1,1,5,6,1,80,11,1598,1,20,VAUXHALL ASTRA,1,E01004957,0,-1
2023451337897,2023,451337897,3,9,0,2,2,1,5,0,0,1,0,0,0,0,0,1,1,1,1,48,8,1598,2,5,VAUXHALL ASTRA,10,E01030780,0,-1
2023451292221,2023,451292221,1,9,0,17,19,5,1,0,0,0,0,0,1,4,1,1,6,6,1,37,7,1598,1,10,VAUXHALL ASTRA,4,E01031610,0,-1
2023141312157,2023,141312157,1,9,0,18,19,2,8,0,0,0,0,0,0,0,2,1,6,6,2,39,7,1956,2,13,VAUXHALL ASTRA,-1,-1,0,-1
2023041354897,2023,041354897,1,9,0,11,11,5,7,0,0,0,0,0,0,0,1,1,2,2,1,51,8,1686,2,10,VAUXHALL ASTRA,7,E01025270,0,-1
2023451294980,2023,451294980,1,9,0,9,9,7,3,0,0,0,0,0,0,0,1,1,6,6,1,33,6,1598,1,10,VAUXHALL ASTRA,8,E01030538,0,-1
2023010426112,2023,010426112,1,9,0,18,19,7,3,0,0,2,0,0,0,0,1,1,6,6,1,-1,-1,1398,1,11,VAUXHALL ASTRA,4,E01003326,0,-1
2023430546149,2023,430546149,1,9,0,18,19,6,2,0,0,6,0,0,0,0,1,1,6,6,1,30,6,1956,2,12,VAUXHALL ASTRA,-1,-1,0,-1
2023201310983,2023,201310983,1,9,0,18,19,2,6,0,0,0,1,10,7,4,1,1,6,6,1,21,5,1364,1,14,VAUXHALL ASTRA,2,E01010239,0,-1
2023010468617,2023,010468617,2,9,0,99,99,9,9,99,99,9,9,99,9,99,1,9,6,6,3,-1,-1,1598,1,15,VAUXHALL ASTRA,4,E01001945,0,-1
2023161375778,2023,161375778,1,9,0,2,2,0,0,9,9,0,0,0,0,0,2,1,5,6,1,19,4,1364,1,13,VAUXHALL ASTRA,1,E01013141,0,-1
2023411355174,2023,411355174,2,9,0,2,2,0,0,0,0,1,0,0,0,0,1,1,5,6,1,22,5,1598,1,15,VAUXHALL ASTRA,7,E01023636,0,-1
2023010474439,2023,010474439,2,9,0,18,19,4,8,0,0,1,0,0,3,11,1,1,6,6,3,-1,-1,1399,1,4,VAUXHALL ASTRA,-1,-1,0,-1
2023052300133,2023,052300133,1,9,0,18,19,7,3,0,0,0,0,0,0,0,4,1,6,6,2,43,7,1399,1,6,VAUXHALL ASTRA,10,E01007264,0,-1
2023461265201,2023,461265201,1,9,0,15,15,5,1,0,0,0,1,4,0,0,3,1,5,6,1,36,7,1796,1,16,VAUXHALL ASTRA,2,E01016041,0,-1
2023440147762,2023,440147762,2,9,0,18,19,1,4,0,0,8,0,0,0,0,1,1,6,6,1,28,6,1998,1,10,VAUXHALL ASTRA,8,E01022628,0,-1
2023302300835,2023,302300835,2,9,0,12,12,2,6,0,0,0,0,0,0,0,1,1,6,6,1,28,6,1598,1,15,VAUXHALL ASTRA,4,E01019554,0,-1
2023461296286,2023,461296286,1,9,0,16,19,8,4,0,0,0,0,0,0,0,0,1,1,1,1,-1,-1,1598,2,4,VAUXHALL ASTRA,2,E01033090,0,-1
2023010458945,2023,010458945,4,9,0,18,19,3,7,0,0,8,0,0,0,0,1,1,6,6,1,35,6,1598,1,10,VAUXHALL ASTRA,3,E01002554,0,-1
2023201374499,2023,201374499,1,9,0,5,5,3,7,0,0,4,0,0,0,0,1,1,5,6,1,67,10,1598,1,8,VAUXHALL ASTRA,4,E01009689,0,-1
2023481409652,2023,481409652,1,9,0,18,19,7,3,0,0,1,0,0,0,0,4,1,6,6,3,35,6,1399,1,4,VAUXHALL ASTRA,-1,-1,0,-1
2023430265493,2023,430265493,2,9,0,18,19,3,7,0,0,1,0,0,0,0,1,1,6,6,2,58,9,1248,2,13,VAUXHALL ASTRA,4,E01016705,0,-1
2023461364973,2023,461364973,1,9,0,9,9,5,3,0,0,3,0,0,0,0,3,1,6,6,1,23,5,1398,1,10,VAUXHALL ASTRA,9,E01024753,0,-1
2023451290996,2023,451290996,1,9,0,18,19,6,2,0,0,1,0,0,0,0,3,1,5,6,1,42,7,1199,1,2,VAUXHALL ASTRA,9,E01030470,0,-1
2023302300298,2023,302300298,2,9,0,18,19,8,4,0,0,1,0,0,0,0,3,1,6,6,2,38,7,1364,1,16,VAUXHALL ASTRA,1,E01013568,0,-1
2023201366722,2023,201366722,1,9,0,16,19,2,4,0,0,0,5,0,0,0,1,1,1,1,1,27,6,1598,1,15,VAUXHALL ASTRA,2,E01010406,0,-1
2023520400396,2023,520400396,1,9,0,4,4,4,8,0,0,1,0,0,0,0,2,1,6,6,1,46,8,1399,1,7,VAUXHALL ASTRA,6,E01029320,0,-1
2023461352304,2023,461352304,1,9,0,18,19,7,3,0,0,0,0,0,0,0,1,1,6,6,1,20,4,1598,1,12,VAUXHALL ASTRA,9,E01022613,0,-1
2023052301893,2023,052301893,1,9,0,18,19,5,1,0,0,0,0,0,0,0,1,1,6,6,3,-1,-1,1796,1,14,VAUXHALL ASTRA,-1,-1,0,-1
2023332301260,2023,332301260,1,9,0,18,19,6,2,0,0,1,0,0,0,0,1,1,6,6,1,19,4,1598,1,16,VAUXHALL ASTRA,8,E01025668,0,-1
2023201416918,2023,201416918,1,9,0,13,13,1,5,0,0,1,0,0,0,0,1,1,6,6,2,35,6,1598,2,7,VAUXHALL ASTRA,1,E01009141,0,-1
2023631377355,2023,631377355,1,9,0,17,19,6,2,0,0,0,2,0,8,0,0,1,5,6,2,21,5,1399,1,8,VAUXHALL ASTRA,2,W01000483,0,-1
2023430458662,2023,430458662,1,9,0,18,19,5,1,0,0,4,0,0,0,0,3,1,6,6,2,28,6,1398,1,9,VAUXHALL ASTRA,3,E01016486,0,-1
2023320012574,2023,320012574,1,9,0,18,19,8,5,0,0,8,0,0,0,0,4,1,6,6,1,28,6,1364,1,8,VAUXHALL ASTRA,2,E01026378,0,-1
2023201393237,2023,201393237,1,9,0,18,19,8,4,0,0,8,0,0,0,0,4,1,5,6,1,36,7,1364,1,14,VAUXHALL ASTRA,3,E01010458,0,-1
2023131299325,2023,131299325,2,9,0,18,19,2,6,0,0,8,0,0,0,0,3,1,5,6,2,61,9,1598,1,12,VAUXHALL ASTRA,2,E01032492,0,-1
2023010453659,2023,010453659,1,9,0,99,99,9,9,99,99,9,9,99,9,99,9,9,2,2,2,26,6,1399,1,6,VAUXHALL ASTRA,5,E01001646,0,-1
2023991348153,2023,991348153,1,9,0,9,9,2,7,0,0,1,0,0,0,0,1,1,2,2,1,35,6,1686,2,10,VAUXHALL ASTRA,3,-1,0,-1
2023201376924,2023,201376924,1,9,0,18,19,3,7,0,0,2,0,0,0,0,1,1,1,1,2,28,6,1598,1,15,VAUXHALL ASTRA,6,E01010549,0,-1
2023501362951,2023,501362951,1,9,0,17,19,3,1,0,0,1,1,0,0,0,1,1,6,6,1,20,4,1364,1,14,VAUXHALL ASTRA,3,E01018793,0,-1
2023440422460,2023,440422460,1,9,0,9,9,1,7,0,0,6,0,0,0,0,1,1,6,6,1,22,5,1364,1,15,VAUXHALL ASTRA,4,E01017028,0,-1
2023340WN6642,2023,340WN6642,2,9,0,4,4,1,5,0,0,5,0,0,0,0,2,1,1,1,2,27,6,1598,2,8,VAUXHALL ASTRA,8,E01027162,0,-1
2023122300520,2023,122300520,2,9,0,18,19,7,3,0,0,8,1,0,7,4,1,1,6,6,1,38,7,1248,2,12,VAUXHALL ASTRA,6,E01010816,0,-1
2023201415120,2023,201415120,2,9,0,18,19,7,3,2,2,1,0,0,0,0,1,1,6,6,1,30,6,1956,2,10,VAUXHALL ASTRA,4,E01010510,0,-1
2023361359187,2023,361359187,2,9,0,18,19,5,1,0,0,0,0,0,0,0,2,1,5,6,1,34,6,1956,2,10,VAUXHALL ASTRA,6,E01026722,0,-1
2023010475757,2023,010475757,2,9,0,7,7,1,4,0,0,1,0,0,0,0,4,1,6,6,1,27,6,1399,1,6,VAUXHALL ASTRA,1,E01033153,0,-1
2023131318671,2023,131318671,2,9,0,18,19,5,5,0,0,1,0,0,0,0,1,1,6,6,2,31,6,1796,1,13,VAUXHALL ASTRA,2,E01011163,0,-1
2023302301462,2023,302301462,1,9,0,4,4,6,2,0,0,0,0,0,0,0,2,1,3,7,2,36,7,1598,2,9,VAUXHALL ASTRA,3,E01008027,0,-1
2023411279788,2023,411279788,1,9,0,3,3,5,1,0,0,0,0,0,0,0,2,1,6,6,1,18,4,1598,1,15,VAUXHALL ASTRA,5,E01023295,0,-1
2023461347681,2023,461347681,2,9,0,5,5,1,5,0,0,1,0,0,0,0,1,1,6,6,2,31,6,1598,1,18,VAUXHALL ASTRA,5,E01024716,0,-1
2023401288537,2023,401288537,2,9,0,18,19,4,8,0,0,1,0,0,0,0,4,1,1,1,2,31,6,1796,1,17,VAUXHALL ASTRA,1,E01015771,0,-1
2023311337511,2023,311337511,1,9,0,17,19,4,2,0,0,5,0,0,0,0,1,1,6,6,1,-1,-1,1398,1,8,VAUXHALL ASTRA,-1,-1,0,-1
2023320560185,2023,320560185,1,9,0,18,19,5,1,0,0,0,0,11,0,10,4,1,6,6,1,25,5,1686,2,11,VAUXHALL ASTRA,6,E01026242,0,-1
2023542970223,2023,542970223,3,9,0,4,4,6,2,0,0,1,0,0,0,0,2,1,2,2,1,54,8,-1,-1,-1,VAUXHALL ASTRA,8,E01032121,0,-1
2023161325456,2023,161325456,1,9,0,9,9,3,8,0,0,1,0,0,0,0,3,1,5,6,2,58,9,1598,1,10,VAUXHALL ASTRA,-1,-1,0,-1
2023031298081,2023,031298081,1,9,0,18,19,2,6,0,0,2,0,0,0,0,3,1,5,6,1,47,8,1398,1,8,VAUXHALL ASTRA,1,E01019160,0,-1
2023131272599,2023,131272599,1,9,0,9,9,1,7,0,0,5,0,0,0,0,4,1,5,6,2,44,7,1598,1,10,VAUXHALL ASTRA,2,E01032487,0,-1
202360A144997,2023,60A144997,2,9,0,2,2,0,0,0,0,0,0,0,0,0,1,1,6,6,3,-1,-1,1686,2,15,VAUXHALL ASTRA,-1,-1,0,-1
2023991263408,2023,991263408,1,9,0,18,19,4,1,0,0,0,0,0,1,4,4,1,2,2,1,32,6,1399,1,6,VAUXHALL ASTRA,4,-1,0,-1
2023221271380,2023,221271380,2,9,0,18,19,2,6,0,0,8,0,0,1,11,1,1,5,6,1,68,10,1686,2,10,VAUXHALL ASTRA,7,E01028889,0,-1
2023461322766,2023,461322766,1,9,0,18,19,5,1,0,0,8,0,0,0,0,1,1,3,7,2,36,7,1598,1,15,VAUXHALL ASTRA,2,E01024686,0,-1
2023061338736,2023,061338736,3,9,0,18,19,3,7,0,0,0,0,0,0,0,2,1,5,6,1,28,6,1399,1,6,VAUXHALL ASTRA,1,E01005729,0,-1
2023421365212,2023,421365212,2,9,0,18,19,5,1,0,0,0,0,0,0,0,1,1,1,1,1,26,6,1496,2,3,VAUXHALL ASTRA,2,E01021318,0,-1
202363A014423,2023,63A014423,2,9,0,5,5,6,2,0,0,8,0,0,0,0,3,1,6,6,2,36,7,1686,2,9,VAUXHALL ASTRA,3,W01000654,0,-1
2023531331935,2023,531331935,2,9,0,18,19,1,5,0,0,4,0,0,0,0,1,1,5,6,2,26,6,1598,2,6,VAUXHALL ASTRA,9,E01022436,0,-1
2023631354133,2023,631354133,1,9,0,7,7,5,1,0,0,6,0,0,0,0,1,1,6,6,1,55,8,1248,2,10,VAUXHALL ASTRA,4,E01028914,0,-1
2023211376095,2023,211376095,2,9,0,18,19,1,1,0,0,1,0,0,0,0,1,1,6,6,3,30,6,-1,-1,-1,VAUXHALL ASTRA,-1,-1,0,-1
2023411402131,2023,411402131,1,9,0,5,5,3,1,0,0,6,0,0,0,0,1,1,6,6,1,29,6,1796,1,14,VAUXHALL ASTRA,6,E01023499,0,-1
2023421346202,2023,421346202,1,9,0,18,19,1,5,0,0,1,5,0,7,11,1,1,1,1,1,52,8,1598,2,5,VAUXHALL ASTRA,8,E01021544,0,-1
2023501317439,2023,501317439,1,9,0,1,1,4,3,0,0,1,0,0,0,0,3,1,5,6,1,62,9,1399,1,6,VAUXHALL ASTRA,8,E01025942,0,-1
2023221357332,2023,221357332,2,9,0,18,19,4,8,0,0,6,1,0,7,10,4,1,5,6,1,26,6,1686,2,10,VAUXHALL ASTRA,2,E01010525,0,-1
2023440313673,2023,440313673,1,9,0,4,4,2,6,0,0,0,0,0,0,0,2,1,6,6,1,44,7,1199,1,0,VAUXHALL ASTRA,6,E01024704,0,-1
2023332301179,2023,332301179,2,9,0,1,1,5,1,0,0,8,0,0,0,0,2,1,6,6,3,-1,-1,1362,1,11,VAUXHALL ASTRA,-1,-1,0,-1
2023231340265,2023,231340265,2,9,0,3,3,6,2,0,0,0,0,0,0,0,2,1,5,6,1,52,8,1364,1,7,VAUXHALL ASTRA,5,E01009527,0,-1
2023101381019,2023,101381019,1,9,0,9,9,7,3,0,0,1,0,0,0,0,3,1,6,6,1,56,9,1686,2,21,VAUXHALL ASTRA,4,E01008255,0,-1
2023041377240,2023,041377240,1,9,0,18,19,7,3,0,0,0,0,0,0,0,1,1,6,6,1,38,7,1364,1,13,VAUXHALL ASTRA,3,E01025399,0,-1
2023161368025,2023,161368025,2,9,0,18,19,4,8,0,0,2,0,0,0,0,3,2,5,6,2,50,8,1598,2,7,VAUXHALL ASTRA,8,E01013273,0,-1
2023170L30183,2023,170L30183,1,9,0,7,7,8,1,0,0,8,0,0,0,0,1,1,6,6,1,40,7,1910,2,15,VAUXHALL ASTRA,2,E01011926,0,-1
2023122300175,2023,122300175,1,9,0,9,9,2,8,0,0,6,0,0,0,0,1,1,3,7,1,45,7,1598,1,10,VAUXHALL ASTRA,10,E01027730,0,-1
2023540512723,2023,540512723,3,9,0,4,4,8,4,0,0,0,0,0,0,0,2,1,1,1,1,30,6,1598,2,6,VAUXHALL ASTRA,-1,-1,0,-1
2023201315836,2023,201315836,1,9,0,17,19,4,2,0,0,0,0,0,0,0,1,1,6,6,1,39,7,1686,2,13,VAUXHALL ASTRA,8,E01009794,0,-1
2023061329147,2023,061329147,1,9,0,9,9,1,7,0,0,8,0,0,0,0,1,1,2,2,1,29,6,1364,1,13,VAUXHALL ASTRA,2,E01005661,0,-1
2023552300981,2023,552300981,1,9,0,18,19,5,1,0,0,5,0,0,0,0,1,1,1,1,1,22,5,1598,1,11,VAUXHALL ASTRA,8,E01020475,0,-1
2023052302893,2023,052302893,1,9,0,6,6,7,7,0,0,0,0,0,0,0,1,1,6,6,2,32,6,1598,1,12,VAUXHALL ASTRA,1,E01006598,0,-1
2023061329195,2023,061329195,1,9,0,18,19,3,7,0,0,0,0,0,0,0,4,1,6,6,1,32,6,1399,1,7,VAUXHALL ASTRA,4,E01006022,0,-1
2023061328384,2023,061328384,3,8,0,7,7,7,5,0,0,1,0,0,0,0,3,1,1,1,1,48,8,1598,2,7,-1,1,E01005067,0,-1
2023010437647,2023,010437647,1,8,0,18,19,7,3,0,0,0,0,0,0,0,1,1,1,1,1,43,7,1598,1,8,-1,3,E01004274,0,-1
2023320104714,2023,320104714,1,9,0,17,19,6,2,0,0,0,0,0,0,0,1,1,2,2,1,60,9,1686,2,10,VAUXHALL ASTRA,3,E01026032,0,-1
2023421292651,2023,421292651,1,9,0,9,9,3,7,0,0,8,0,0,0,0,1,1,5,6,1,42,7,-1,-1,-1,VAUXHALL ASTRA,-1,-1,0,-1
2023440036470,2023,440036470,1,9,0,16,19,7,3,0,0,0,0,0,0,0,1,1,2,2,1,56,9,1598,1,8,VAUXHALL ASTRA,7,E01017256,0,-1
2023991384744,2023,991384744,1,9,0,9,9,1,6,0,0,4,0,0,0,0,1,1,6,6,1,44,7,1598,1,16,VAUXHALL ASTRA,-1,-1,0,-1
2023010420020,2023,010420020,1,9,0,99,99,9,9,99,99,9,9,99,9,99,2,9,2,2,2,38,7,1598,1,9,VAUXHALL ASTRA,10,E01030386,0,-1
2023061365452,2023,061365452,3,9,0,4,4,2,6,0,0,0,0,0,0,0,2,1,5,6,2,41,7,1598,1,12,VAUXHALL ASTRA,1,E01005529,0,-1
2023552300438,2023,552300438,2,9,0,18,19,8,4,0,0,8,0,0,0,0,3,1,6,6,2,40,7,1910,2,16,VAUXHALL ASTRA,5,E01015296,0,-1
2023471343612,2023,471343612,1,9,0,18,19,2,6,0,0,0,1,0,5,6,4,1,2,2,2,20,4,999,1,6,VAUXHALL ASTRA,6,E01031673,0,-1
2023501350857,2023,501350857,1,9,-1,18,19,5,7,0,0,1,1,6,0,0,-1,1,5,6,1,18,4,1598,1,14,VAUXHALL ASTRA,8,E01020110,0,-1
2023010429983,2023,010429983,1,9,0,1,1,1,5,0,0,9,0,7,0,0,2,1,1,1,2,40,7,999,1,6,VAUXHALL ASTRA,5,E01000036,0,-1
2023471281382,2023,471281382,1,9,0,5,5,7,3,0,0,4,0,0,0,0,0,1,2,2,2,76,11,1598,1,10,VAUXHALL ASTRA,8,E01021143,0,-1
2023631370119,2023,631370119,1,9,0,16,19,1,5,0,0,0,2,0,8,2,1,1,1,1,2,32,6,1956,2,12,VAUXHALL ASTRA,6,W01001204,0,-1
2023361330141,2023,361330141,2,9,0,18,19,7,3,0,0,1,0,0,0,0,1,1,2,2,1,38,7,1364,1,16,VAUXHALL ASTRA,6,E01026629,0,-1
2023451338550,2023,451338550,1,9,0,18,19,3,7,0,0,0,0,0,0,0,1,1,2,2,1,44,7,1598,1,14,VAUXHALL ASTRA,5,E01002666,0,-1
2023221396916,2023,221396916,1,9,0,18,19,2,6,0,0,0,0,0,0,0,1,1,2,2,2,44,7,999,1,4,VAUXHALL ASTRA,7,E01028998,0,-1
2023302301250,2023,302301250,1,9,0,18,19,1,5,0,0,0,1,0,0,0,2,1,6,6,2,29,6,1598,1,10,VAUXHALL ASTRA,8,E01019834,0,-1
2023101353358,2023,101353358,1,9,0,18,19,4,8,0,0,0,1,0,0,0,1,1,6,6,1,18,4,1686,2,12,VAUXHALL ASTRA,-1,-1,0,-1
2023421260100,2023,421260100,2,9,0,18,19,2,6,0,0,0,0,0,0,0,3,1,5,6,1,21,5,1796,1,13,VAUXHALL ASTRA,2,E01021278,0,-1
2023041331655,2023,041331655,1,9,0,18,19,1,5,0,0,0,0,0,0,0,1,1,2,2,1,37,7,1956,2,12,VAUXHALL ASTRA,10,E01024997,0,-1
2023440443364,2023,440443364,1,9,0,18,19,8,4,0,0,1,0,0,0,0,1,1,6,6,2,29,6,999,1,7,VAUXHALL ASTRA,7,E01023196,0,-1
2023430032159,2023,430032159,4,9,0,3,3,8,4,0,0,0,0,0,0,0,2,1,6,6,1,50,8,1796,1,16,VAUXHALL ASTRA,2,E01009998,0,-1
2023311384286,2023,311384286,1,9,0,15,15,7,3,0,0,0,0,0,0,0,2,1,6,6,1,51,8,1796,1,16,VAUXHALL ASTRA,1,E01033411,0,-1
2023010452927,2023,010452927,1,9,0,3,3,3,7,0,0,7,0,0,0,0,1,1,1,1,1,38,7,999,1,6,VAUXHALL ASTRA,2,E01001351,0,-1
2023201314223,2023,201314223,2,9,0,10,10,2,8,0,0,1,0,0,0,0,2,1,6,6,1,31,6,1598,1,8,VAUXHALL ASTRA,5,E01009825,0,-1
2023302300181,2023,302300181,2,9,0,18,19,6,2,0,0,0,0,0,0,0,3,1,6,6,2,30,6,1598,1,12,VAUXHALL ASTRA,-1,-1,0,-1
2023501391053,2023,501391053,4,9,0,18,19,2,6,0,0,0,0,0,0,0,0,1,6,6,2,43,7,1199,1,0,VAUXHALL ASTRA,3,E01023256,0,-1
2023401332721,2023,401332721,1,9,0,15,15,7,3,0,0,0,0,0,0,0,1,1,6,6,1,28,6,1956,2,10,VAUXHALL ASTRA,4,E01015810,0,-1
2023201384281,2023,201384281,2,9,0,5,5,6,2,0,0,2,0,8,0,0,3,1,6,6,1,23,5,1364,1,9,VAUXHALL ASTRA,1,E01010060,0,-1
2023991336183,2023,991336183,1,9,0,18,19,8,4,0,0,0,0,0,0,0,1,1,6,6,1,30,6,1956,2,10,VAUXHALL ASTRA,4,-1,0,-1
2023461386390,2023,461386390,1,9,0,6,6,7,3,0,0,0,0,0,0,0,3,1,6,6,1,20,4,1399,1,5,VAUXHALL ASTRA,8,E01024414,0,-1
2023544325723,2023,544325723,1,9,0,18,19,8,4,0,0,0,0,0,0,0,1,1,6,6,2,73,10,1399,1,7,VAUXHALL ASTRA,9,E01022204,0,-1
2023991285124,2023,991285124,2,9,0,18,19,7,3,0,0,8,0,0,0,0,3,1,6,6,1,25,5,1399,1,6,VAUXHALL ASTRA,4,-1,0,-1
2023361299143,2023,361299143,2,9,0,18,19,1,5,0,0,8,0,0,7,10,1,1,2,2,2,32,6,1598,1,17,VAUXHALL ASTRA,3,E01026747,0,-1
2023010436275,2023,010436275,2,9,0,3,3,7,3,0,0,1,0,0,0,0,1,1,6,6,1,28,6,1956,2,10,VAUXHALL ASTRA,5,E01008346,0,-1
2023991282466,2023,991282466,1,9,0,18,19,1,5,0,0,0,2,0,7,0,1,1,5,6,1,36,7,1248,2,11,VAUXHALL ASTRA,4,-1,0,-1
2023451283692,2023,451283692,1,9,0,18,19,1,5,0,0,0,0,0,0,0,1,1,5,6,1,54,8,1598,1,10,VAUXHALL ASTRA,9,E01016230,0,-1
202363D015523,2023,63D015523,1,9,0,18,19,6,2,0,0,0,5,0,2,10,1,1,6,6,1,41,7,-1,-1,-1,VAUXHALL ASTRA,5,W01000461,0,-1
2023631378502,2023,631378502,1,9,0,9,9,5,1,0,0,1,0,0,0,0,1,1,2,2,2,27,6,1364,1,8,VAUXHALL ASTRA,2,W01000659,0,-1