collision_index,collision_year,collision_ref_no,vehicle_reference,vehicle_type,towing_and_articulation,vehicle_manoeuvre_historic,vehicle_manoeuvre,vehicle_direction_from,vehicle_direction_to,vehicle_location_restricted_lane_historic,vehicle_location_restricted_lane,junction_location,skidding_and_overturning,hit_object_in_carriageway,vehicle_leaving_carriageway,hit_object_off_carriageway,first_point_of_impact,vehicle_left_hand_drive,journey_purpose_of_driver_historic,journey_purpose_of_driver,sex_of_driver,age_of_driver,age_band_of_driver,engine_capacity_cc,propulsion_code,age_of_vehicle,generic_make_model,driver_imd_decile,lsoa_of_driver,escooter_flag,driver_distance_banding
2023430143030,2023,430143030,1,9,0,18,19,8,4,0,0,8,0,0,0,0,1,1,1,1,1,30,6,1598,2,4,VAUXHALL ASTRA,-1,-1,0,-1
2023421320456,2023,421320456,1,9,0,7,7,1,1,0,0,8,0,0,0,0,4,1,1,1,1,21,5,1364,1,14,VAUXHALL ASTRA,5,E01003756,0,-1
2023552300880,2023,552300880,2,9,0,10,10,5,2,0,0,1,0,0,0,0,1,1,6,6,1,21,5,1598,1,19,VAUXHALL ASTRA,3,E01020572,0,-1
2023010475288,2023,010475288,1,9,0,18,19,5,1,0,0,2,0,11,0,0,1,1,6,6,1,22,5,1598,1,12,VAUXHALL ASTRA,2,E01000955,0,-1
2023010461326,2023,010461326,1,9,0,3,3,5,1,0,0,1,0,0,0,0,2,1,6,6,1,57,9,1598,2,6,VAUXHALL ASTRA,4,E01004187,0,-1
2023501380128,2023,501380128,1,9,0,18,19,1,6,0,0,1,0,0,0,0,1,1,6,6,1,22,5,1686,2,12,VAUXHALL ASTRA,9,E01019998,0,-1
2023061389481,2023,061389481,1,9,-1,18,19,5,1,0,0,1,0,0,0,0,1,1,6,6,3,30,6,1399,1,5,VAUXHALL ASTRA,-1,-1,0,-1
2023070947222,2023,070947222,4,9,0,2,2,0,0,9,9,0,0,0,0,0,2,1,6,6,3,-1,-1,1389,1,18,VAUXHALL ASTRA,-1,-1,0,-1
2023010454138,2023,010454138,4,9,0,18,19,1,5,0,0,0,0,0,0,0,1,1,6,6,1,47,8,1398,1,11,VAUXHALL ASTRA,5,E01002501,0,-1
2023631319654,2023,631319654,1,9,0,18,19,8,4,0,0,8,0,0,0,0,1,1,5,6,1,32,6,1364,1,7,VAUXHALL ASTRA,8,W01000917,0,-1
2023101296416,2023,101296416,1,9,0,5,5,6,2,0,0,0,0,0,0,0,1,1,6,6,1,32,6,1598,1,11,VAUXHALL ASTRA,3,E01008163,0,-1
2023471283521,2023,471283521,1,9,0,5,5,4,8,8,6,0,0,0,0,0,2,1,5,6,1,25,5,1598,1,16,VAUXHALL ASTRA,2,E01033223,0,-1
2023231383772,2023,231383772,1,9,0,18,19,2,4,0,0,0,0,7,7,1,1,1,5,6,1,33,6,1598,1,9,VAUXHALL ASTRA,1,E01031043,0,-1
2023401325252,2023,401325252,2,9,0,18,19,3,7,0,0,0,0,0,0,0,1,1,1,1,1,48,8,1796,1,15,VAUXHALL ASTRA,4,E01026444,0,-1
2023211425010,2023,211425010,1,9,0,18,19,7,7,0,0,0,0,4,1,0,1,1,6,6,1,-1,-1,1598,2,8,VAUXHALL ASTRA,-1,-1,0,-1
2023010424107,2023,010424107,3,9,0,2,2,0,0,0,0,0,0,0,0,0,1,1,6,6,3,-1,-1,1796,1,19,VAUXHALL ASTRA,-1,-1,0,-1
2023320494500,2023,320494500,1,9,0,18,19,2,6,0,0,1,1,0,0,0,1,1,6,6,2,35,6,1686,2,10,VAUXHALL ASTRA,7,E01028018,0,-1
2023552300513,2023,552300513,1,9,0,9,9,2,7,0,0,3,0,0,0,0,1,1,6,6,2,21,5,1362,1,9,VAUXHALL ASTRA,9,E01015406,0,-1
2023201376254,2023,201376254,1,9,0,5,5,1,5,0,0,1,0,7,0,0,1,1,6,6,1,21,5,1364,1,13,VAUXHALL ASTRA,5,E01010022,0,-1
202354A777723,2023,54A777723,2,9,0,10,10,3,8,0,0,1,0,0,0,0,2,1,6,6,2,44,7,1686,2,17,VAUXHALL ASTRA,5,E01032698,0,-1
2023361277698,2023,361277698,3,9,0,2,2,5,5,6,6,2,0,0,0,0,4,1,6,6,1,39,7,1598,1,15,VAUXHALL ASTRA,6,E01026424,0,-1
2023010435367,2023,010435367,1,9,0,99,99,9,9,99,99,9,9,99,9,99,3,9,2,2,1,39,7,1598,1,17,VAUXHALL ASTRA,2,E01032580,0,-1
2023461337352,2023,461337352,2,9,0,18,19,5,1,0,0,0,1,0,1,9,1,1,6,6,2,21,5,1598,1,14,VAUXHALL ASTRA,3,E01016114,0,-1
2023010461310,2023,010461310,1,9,0,18,19,1,5,0,0,2,1,0,0,0,1,1,6,6,1,21,5,1362,1,12,VAUXHALL ASTRA,2,E01001010,0,-1
2023041316729,2023,041316729,2,9,0,18,19,3,4,0,0,1,0,0,0,0,1,1,6,6,2,66,10,1598,1,15,VAUXHALL ASTRA,4,E01025407,0,-1
2023302300811,2023,302300811,2,9,0,18,19,4,8,0,0,0,0,0,0,0,1,1,6,6,2,31,6,1956,2,9,VAUXHALL ASTRA,-1,-1,0,-1
2023201413734,2023,201413734,2,9,0,18,19,8,4,0,0,0,0,0,0,0,0,1,6,6,3,54,8,999,1,6,VAUXHALL ASTRA,8,E01010514,0,-1
2023010483903,2023,010483903,1,9,0,9,9,6,3,0,0,1,0,0,0,0,1,1,6,6,1,26,6,1598,2,5,VAUXHALL ASTRA,4,E01004643,0,-1
2023451329165,2023,451329165,2,9,0,18,19,2,6,9,9,8,0,0,0,0,4,1,6,6,1,35,6,-1,-1,-1,VAUXHALL ASTRA,7,E01030594,0,-1
2023411283519,2023,411283519,2,9,0,18,19,5,1,0,0,1,0,0,0,0,1,1,5,6,1,32,6,1598,1,10,VAUXHALL ASTRA,4,E01023774,0,-1
2023332300408,2023,332300408,1,9,0,7,7,1,3,0,0,6,1,0,0,0,1,1,6,6,1,23,5,1686,2,12,VAUXHALL ASTRA,2,E01013742,0,-1
2023991382088,2023,991382088,1,9,0,4,4,1,5,0,0,0,0,0,0,0,1,1,5,6,1,55,8,1956,2,10,VAUXHALL ASTRA,-1,-1,0,-1
2023351330994,2023,351330994,2,9,0,7,7,7,3,0,0,3,0,7,1,10,3,1,6,6,2,36,7,1956,2,12,VAUXHALL ASTRA,8,E01023511,0,-1
2023070449985,2023,070449985,1,9,0,16,19,2,6,0,0,1,0,0,0,0,1,1,1,1,1,26,6,-1,-1,-1,VAUXHALL ASTRA,8,E01012385,0,-1
2023311342671,2023,311342671,1,9,0,18,19,1,1,0,0,0,2,0,0,0,1,1,6,6,1,34,6,1956,2,11,VAUXHALL ASTRA,-1,-1,0,-1
2023543900923,2023,543900923,1,9,0,1,1,5,1,0,0,0,0,0,0,0,2,1,1,1,1,33,6,1598,2,5,VAUXHALL ASTRA,3,E01031854,0,-1
2023010456505,2023,010456505,1,9,0,99,99,9,9,99,99,9,9,99,9,99,9,9,6,6,3,-1,-1,1598,2,6,VAUXHALL ASTRA,1,E01013820,0,-1
2023131304032,2023,131304032,2,9,0,18,19,3,7,0,0,1,0,0,0,0,3,1,1,1,1,58,9,1399,1,7,VAUXHALL ASTRA,2,E01011000,0,-1
2023010458235,2023,010458235,6,9,0,18,19,7,3,0,0,0,0,0,0,0,0,1,6,6,1,24,5,1598,2,8,VAUXHALL ASTRA,5,E01033573,0,-1
2023010445353,2023,010445353,2,9,0,99,99,9,9,99,99,9,9,99,9,99,1,9,6,6,3,-1,-1,1598,1,12,VAUXHALL ASTRA,-1,-1,0,-1
2023430403214,2023,430403214,2,9,0,18,19,6,2,0,0,8,0,0,0,0,1,1,1,1,1,62,9,1598,1,11,VAUXHALL ASTRA,5,E01016203,0,-1
2023231356913,2023,231356913,1,9,0,18,19,6,2,0,0,0,0,0,0,0,3,1,6,6,1,52,8,1956,2,12,VAUXHALL ASTRA,5,E01031141,0,-1
2023440021571,2023,440021571,2,9,0,16,19,3,7,0,0,0,1,0,0,0,3,1,6,6,2,49,8,1598,1,22,VAUXHALL ASTRA,9,E01022577,0,-1
2023421307637,2023,421307637,1,19,0,18,19,1,5,0,0,1,0,0,0,0,3,1,6,6,1,55,8,1686,2,20,VAUXHALL ASTRA,9,E01021555,0,-1
2023201413558,2023,201413558,2,9,0,3,3,1,5,0,0,1,0,0,0,0,2,1,1,1,1,31,6,1364,1,7,VAUXHALL ASTRA,3,E01009220,0,-1
2023010473690,2023,010473690,1,9,0,16,19,8,2,0,0,1,0,0,0,0,2,1,6,6,1,79,11,1598,1,10,VAUXHALL ASTRA,10,E01004122,0,-1
2023991355594,2023,991355594,1,9,0,17,19,3,8,0,0,0,2,0,0,0,4,1,2,2,1,24,5,1398,1,8,VAUXHALL ASTRA,5,-1,0,-1
2023071155244,2023,071155244,1,9,0,18,19,7,3,0,0,0,0,0,0,0,1,1,6,6,3,-1,-1,1364,1,14,VAUXHALL ASTRA,-1,-1,0,-1
2023231308873,2023,231308873,2,9,0,18,19,1,5,0,0,8,0,0,0,0,3,1,5,6,2,29,6,1598,2,7,VAUXHALL ASTRA,2,E01031066,0,-1
2023440308941,2023,440308941,2,9,0,18,19,5,1,0,0,1,0,0,0,0,1,1,6,6,3,-1,-1,1598,1,11,VAUXHALL ASTRA,-1,-1,0,-1
2023991347620,2023,991347620,2,9,0,18,19,2,7,0,0,1,0,0,0,0,4,1,5,6,1,24,5,1598,1,15,VAUXHALL ASTRA,2,-1,0,-1
2023522300603,2023,522300603,1,9,0,9,9,8,6,0,0,5,0,0,0,0,1,1,6,6,2,36,7,1796,1,16,VAUXHALL ASTRA,5,E01014961,0,-1
2023501291786,2023,501291786,1,9,0,18,19,6,2,0,0,0,1,0,2,10,4,1,5,6,2,44,7,1598,1,13,VAUXHALL ASTRA,8,E01015230,0,-1
2023501342453,2023,501342453,1,9,0,18,19,5,3,0,0,0,0,0,0,0,1,1,6,6,3,18,4,1364,1,16,VAUXHALL ASTRA,-1,-1,0,-1
2023010444920,2023,010444920,2,9,9,99,99,9,9,99,99,9,9,99,9,99,9,9,6,6,1,-1,-1,1364,1,13,VAUXHALL ASTRA,3,E01032774,0,-1
2023131258763,2023,131258763,1,9,0,17,19,5,1,0,0,2,0,0,1,2,1,1,5,6,2,45,7,1364,1,15,VAUXHALL ASTRA,5,E01010898,0,-1
2023010458515,2023,010458515,2,9,0,99,99,9,9,99,99,5,9,99,9,99,1,9,6,6,3,-1,-1,1364,1,10,VAUXHALL ASTRA,6,E01021541,0,-1
2023041334553,2023,041334553,1,9,0,18,19,5,8,0,0,1,1,0,7,4,1,1,5,6,1,20,4,1598,1,12,VAUXHALL ASTRA,1,E01025250,0,-1
2023221356861,2023,221356861,1,9,0,18,19,5,1,0,0,0,2,10,1,11,1,1,5,6,2,37,7,1399,1,5,VAUXHALL ASTRA,3,E01014141,0,-1
2023161325250,2023,161325250,1,9,0,9,9,3,1,0,0,8,0,0,0,0,3,1,5,6,1,29,6,1956,2,12,VAUXHALL ASTRA,5,E01013329,0,-1
2023332300721,2023,332300721,3,9,0,4,4,1,5,0,0,1,0,0,0,0,2,1,6,6,2,61,9,1598,1,9,VAUXHALL ASTRA,10,E01025836,0,-1
2023440484419,2023,440484419,1,9,0,11,11,6,2,0,0,0,0,0,0,0,2,1,6,6,1,24,5,1248,2,11,VAUXHALL ASTRA,4,E01022973,0,-1
2023010445861,2023,010445861,2,9,0,7,7,1,3,0,0,7,0,0,0,0,1,1,6,6,1,21,5,1796,1,18,VAUXHALL ASTRA,4,E01001645,0,-1
2023052301534,2023,052301534,1,9,0,13,13,5,1,0,0,0,0,0,0,0,4,1,6,6,1,57,9,1399,1,6,VAUXHALL ASTRA,3,E01007217,0,-1
2023010452695,2023,010452695,1,9,0,8,8,7,2,0,0,4,0,0,0,0,0,1,1,1,1,29,6,1341,1,3,VAUXHALL ASTRA,3,E01002695,0,-1
2023172301026,2023,172301026,2,9,0,18,19,1,5,0,0,0,0,0,0,0,4,1,1,1,1,55,8,1598,2,7,VAUXHALL ASTRA,1,E01012088,0,-1
2023991375611,2023,991375611,1,9,0,5,5,3,1,0,0,1,0,0,0,0,1,1,5,6,1,44,7,1686,2,21,VAUXHALL ASTRA,3,-1,0,-1
2023010419494,2023,010419494,1,9,0,9,9,5,2,6,6,3,0,0,0,0,0,1,6,6,2,51,8,1399,1,7,VAUXHALL ASTRA,6,E01000555,0,-1
2023052301881,2023,052301881,1,9,0,18,19,5,1,0,0,0,0,0,0,0,1,1,6,6,1,62,9,1598,1,13,VAUXHALL ASTRA,4,E01007206,0,-1
2023522400190,2023,522400190,3,9,0,2,2,0,0,0,0,2,0,0,0,0,3,1,6,6,3,-1,-1,1364,1,13,VAUXHALL ASTRA,-1,-1,0,-1
2023461283472,2023,461283472,1,9,0,18,19,3,7,0,0,8,0,0,0,0,1,1,6,6,1,76,11,1598,1,8,VAUXHALL ASTRA,9,E01024814,0,-1
2023461273033,2023,461273033,1,9,0,18,19,2,6,0,0,8,0,0,0,0,1,1,1,1,1,-1,-1,1598,2,4,VAUXHALL ASTRA,-1,-1,0,-1
2023070074272,2023,070074272,1,9,0,17,19,1,5,0,0,2,0,0,0,0,4,1,6,6,1,-1,-1,1199,1,1,VAUXHALL ASTRA,-1,-1,0,-1
2023421266830,2023,421266830,1,9,0,17,19,3,7,0,0,1,0,0,1,2,1,1,5,6,2,32,6,1598,1,13,VAUXHALL ASTRA,-1,-1,0,-1
2023131330293,2023,131330293,2,9,0,18,19,3,7,0,0,1,0,0,0,0,1,1,6,6,1,32,6,1956,2,11,VAUXHALL ASTRA,7,E01011142,0,-1
2023371277026,2023,371277026,1,9,0,18,19,5,1,0,0,0,0,0,0,0,1,1,2,2,1,27,6,1598,2,7,VAUXHALL ASTRA,5,E01033454,0,-1
2023451378706,2023,451378706,2,9,0,18,19,2,6,0,0,1,0,0,0,0,1,1,6,6,1,20,4,1910,2,16,VAUXHALL ASTRA,8,E01030867,0,-1
2023010466181,2023,010466181,1,9,0,18,19,3,7,0,0,2,0,0,0,0,3,1,6,6,1,-1,-1,1598,1,15,VAUXHALL ASTRA,5,E01029094,0,-1
2023141331135,2023,141331135,1,9,0,4,4,8,4,0,0,3,0,0,0,0,1,1,6,6,2,60,9,1598,1,15,VAUXHALL ASTRA,1,E01008018,0,-1
2023421312591,2023,421312591,2,9,0,18,19,5,1,0,0,0,0,0,0,0,1,1,6,6,2,67,10,1598,1,14,VAUXHALL ASTRA,8,E01022059,0,-1
2023451302274,2023,451302274,1,9,0,3,3,1,6,0,0,1,0,0,0,0,1,1,2,2,1,46,8,1796,1,16,VAUXHALL ASTRA,10,E01030899,0,-1
2023010424886,2023,010424886,2,9,0,99,99,9,9,99,99,9,9,99,9,99,1,9,6,6,3,-1,-1,1598,2,5,VAUXHALL ASTRA,-1,-1,0,-1
2023991310757,2023,991310757,2,9,0,18,19,3,7,0,0,0,0,0,0,0,1,1,5,6,1,19,4,1199,1,2,VAUXHALL ASTRA,9,-1,0,-1
2023311272593,2023,311272593,2,9,0,3,3,5,1,0,0,0,0,0,0,0,2,1,2,2,1,34,6,1364,1,8,VAUXHALL ASTRA,2,E01027976,0,-1
2023501399413,2023,501399413,2,9,0,18,19,8,4,0,0,8,0,0,0,0,4,1,6,6,2,22,5,1364,1,12,VAUXHALL ASTRA,4,E01018881,0,-1
2023311314838,2023,311314838,2,9,0,18,19,3,3,0,0,8,0,0,0,0,1,1,6,6,2,54,8,1598,1,15,VAUXHALL ASTRA,2,E01027986,0,-1
2023010429284,2023,010429284,1,9,0,9,9,4,1,0,0,8,0,0,0,0,1,1,6,6,1,36,7,1598,1,14,VAUXHALL ASTRA,4,E01003148,0,-1
2023161321382,2023,161321382,2,9,0,10,10,5,3,0,0,1,0,0,0,0,1,1,5,6,2,49,8,1598,2,8,VAUXHALL ASTRA,2,E01023758,0,-1
2023010459097,2023,010459097,2,9,0,4,4,1,5,0,0,1,0,0,0,0,2,1,6,6,2,45,7,1399,1,6,VAUXHALL ASTRA,8,E01024286,0,-1
2023451258801,2023,451258801,1,9,0,18,19,1,3,0,0,3,1,0,0,0,0,1,6,6,1,21,5,1364,1,16,VAUXHALL ASTRA,10,E01030590,0,-1
2023170L50753,2023,170L50753,1,9,0,3,3,6,2,0,0,1,0,0,0,0,2,1,6,6,1,39,7,1598,2,6,VAUXHALL ASTRA,2,E01012134,0,-1
2023320568271,2023,320568271,2,9,0,18,19,1,5,0,0,0,5,0,1,9,1,2,2,2,2,27,6,1956,2,9,VAUXHALL ASTRA,6,E01026316,0,-1
2023421285034,2023,421285034,2,9,0,7,7,1,3,0,0,1,0,0,0,0,2,1,6,6,2,28,6,1598,1,13,VAUXHALL ASTRA,3,E01015868,0,-1
2023010432472,2023,010432472,2,9,0,18,19,5,1,0,0,0,0,0,0,0,1,1,6,6,1,41,7,1399,1,7,VAUXHALL ASTRA,4,E01003166,0,-1
2023401368480,2023,401368480,1,9,-1,-1,-1,-1,-1,0,0,0,0,0,0,0,3,1,6,6,1,19,4,1796,1,15,VAUXHALL ASTRA,-1,-1,0,-1
2023141375725,2023,141375725,1,9,0,7,7,2,4,0,0,8,0,0,0,0,2,1,6,6,2,43,7,1598,2,8,VAUXHALL ASTRA,1,E01007648,0,-1
2023041350968,2023,041350968,2,9,0,2,2,0,0,0,0,8,0,0,0,0,4,1,6,6,3,-1,-1,1686,2,9,VAUXHALL ASTRA,-1,-1,0,-1
2023461339204,2023,461339204,1,9,1,17,19,1,5,0,0,0,5,10,0,0,4,1,2,2,2,34,6,1995,2,19,VAUXHALL ASTRA,6,E01024127,0,-1
2023991280014,2023,991280014,1,9,0,3,3,1,5,0,0,1,0,0,0,0,1,1,5,6,1,23,5,1364,1,13,VAUXHALL ASTRA,2,-1,0,-1
2023311376368,2023,311376368,2,9,0,18,19,5,1,0,0,0,0,0,0,0,1,1,6,6,1,37,7,1598,2,7,VAUXHALL ASTRA,7,E01019705,0,-1
2023161274822,2023,161274822,1,9,0,4,4,7,3,0,0,0,0,0,0,0,2,1,5,6,2,44,7,1956,2,11,VAUXHALL ASTRA,8,E01013028,0,-1
2023302300921,2023,302300921,1,9,0,4,4,4,8,0,0,4,1,7,7,1,1,1,6,6,1,53,8,1956,2,9,VAUXHALL ASTRA,10,E01013539,0,-1
2023161362929,2023,161362929,2,9,0,3,3,7,3,0,0,1,0,0,0,0,2,1,6,6,2,29,6,999,1,5,VAUXHALL ASTRA,4,E01013239,0,-1
202360A134849,2023,60A134849,1,9,0,18,19,8,4,0,0,0,0,0,0,0,1,1,6,6,1,26,6,1598,2,6,VAUXHALL ASTRA,-1,-1,0,-1
2023531266135,2023,531266135,1,9,0,18,19,8,4,0,0,0,0,0,0,0,1,1,2,2,1,57,9,1399,1,4,VAUXHALL ASTRA,8,E01022191,0,-1
2023010447025,2023,010447025,1,9,0,9,9,4,1,0,0,1,0,0,0,0,4,1,6,6,1,27,6,1399,1,4,VAUXHALL ASTRA,4,E01031799,0,-1
2023461300595,2023,461300595,1,9,0,18,19,1,5,0,0,0,1,0,0,0,1,1,6,6,1,33,6,1910,2,16,VAUXHALL ASTRA,6,E01024836,0,-1
2023052303089,2023,052303089,2,9,0,2,2,0,0,0,0,0,0,0,0,0,4,1,6,6,3,-1,-1,1598,2,8,VAUXHALL ASTRA,-1,-1,0,-1
2023471305693,2023,471305693,1,9,0,18,19,3,7,0,0,4,0,0,0,0,1,1,6,6,1,39,7,1598,1,12,VAUXHALL ASTRA,4,E01031549,0,-1
2023430530419,2023,430530419,1,9,0,18,19,8,4,0,0,6,0,0,0,0,3,1,6,6,1,19,4,1598,1,13,VAUXHALL ASTRA,-1,-1,0,-1
2023122400104,2023,122400104,1,9,0,6,6,7,7,0,0,0,0,0,0,0,1,1,6,6,2,19,4,1199,1,3,VAUXHALL ASTRA,6,E01027774,0,-1
2023201379375,2023,201379375,2,9,0,9,9,6,2,0,0,5,0,0,0,0,2,1,6,6,1,74,10,1598,1,16,VAUXHALL ASTRA,3,E01009928,0,-1
2023501272070,2023,501272070,2,9,0,18,19,-1,-1,0,0,1,0,0,0,0,1,1,6,6,1,51,8,1364,1,18,VAUXHALL ASTRA,1,E01018767,0,-1
2023010438022,2023,010438022,2,9,0,99,99,9,9,99,99,9,9,99,9,99,9,9,6,6,3,-1,-1,1796,1,15,VAUXHALL ASTRA,-1,-1,0,-1
2023531345443,2023,531345443,1,9,0,18,19,7,3,0,0,0,0,0,0,0,3,1,1,1,1,30,6,1398,1,9,VAUXHALL ASTRA,-1,-1,0,-1
2023010470831,2023,010470831,1,9,0,99,99,9,9,99,99,9,9,99,9,99,2,9,6,6,1,40,7,1598,1,14,VAUXHALL ASTRA,4,E01002665,0,-1
2023010436476,2023,010436476,2,9,0,9,9,3,1,0,0,2,0,0,0,0,1,1,6,6,1,24,5,1364,1,13,VAUXHALL ASTRA,4,E01001296,0,-1
2023101294018,2023,101294018,2,9,0,18,19,1,5,0,0,8,0,0,0,0,3,1,6,6,2,20,4,1364,1,8,VAUXHALL ASTRA,2,E01008569,0,-1
2023351377087,2023,351377087,2,9,0,18,19,7,3,0,0,1,0,0,1,0,1,1,2,2,1,59,9,-1,-1,-1,VAUXHALL ASTRA,4,E01026659,0,-1
2023302301544,2023,302301544,1,9,0,13,13,8,4,0,0,0,0,0,1,4,2,1,6,6,2,37,7,1598,1,14,VAUXHALL ASTRA,2,E01027341,0,-1
2023131266491,2023,131266491,1,9,0,9,9,5,1,0,0,8,0,0,0,0,4,1,6,6,1,27,6,999,1,7,VAUXHALL ASTRA,3,E01011040,0,-1
2023451325065,2023,451325065,1,9,0,18,19,5,1,0,0,0,0,0,0,0,1,1,6,6,1,22,5,1399,1,5,VAUXHALL ASTRA,7,E01003287,0,-1
2023991337374,2023,991337374,1,9,0,1,1,1,4,0,0,8,0,0,1,10,2,1,5,6,1,75,10,1399,1,6,VAUXHALL ASTRA,8,-1,0,-1
2023311301975,2023,311301975,2,9,0,18,19,6,2,0,0,0,0,0,0,0,2,1,5,6,2,36,7,1686,2,10,VAUXHALL ASTRA,2,E01028234,0,-1
2023052300312,2023,052300312,2,9,0,9,9,3,7,0,0,2,0,0,0,0,3,1,6,6,1,69,10,1496,2,3,VAUXHALL ASTRA,6,E01007045,0,-1
2023320660742,2023,320660742,2,9,0,4,4,6,2,0,0,0,0,0,0,0,1,1,1,1,2,32,6,1910,2,15,VAUXHALL ASTRA,7,E01026220,0,-1
2023311334750,2023,311334750,1,9,0,18,19,1,5,0,0,1,0,10,7,10,3,2,1,1,2,24,5,1598,2,5,VAUXHALL ASTRA,-1,-1,0,-1
2023461293454,2023,461293454,1,9,0,9,9,5,3,0,0,1,0,0,0,0,1,1,6,6,1,32,6,1398,1,8,VAUXHALL ASTRA,1,E01003087,0,-1
2023401271831,2023,401271831,1,9,0,18,19,6,1,0,0,0,0,0,0,0,0,1,1,1,1,53,8,1598,1,4,VAUXHALL ASTRA,1,E01015736,0,-1
2023111295299,2023,111295299,1,9,0,9,9,3,1,0,0,1,0,0,0,0,3,1,6,6,1,54,8,1598,2,9,VAUXHALL ASTRA,4,E01020643,0,-1
2023552300153,2023,552300153,1,9,0,18,19,2,6,0,0,0,0,0,0,0,1,1,6,6,1,36,7,1598,1,16,VAUXHALL ASTRA,7,E01015413,0,-1
2023461321984,2023,461321984,2,9,0,3,3,7,3,0,0,0,0,0,0,0,2,1,6,6,2,48,8,1364,1,18,VAUXHALL ASTRA,5,E01024138,0,-1
2023010481128,2023,010481128,1,9,0,9,9,6,3,0,0,1,0,0,0,0,0,1,2,2,1,38,7,1364,1,13,VAUXHALL ASTRA,2,E01004524,0,-1
2023201298271,2023,201298271,2,8,0,9,9,7,5,0,0,3,0,0,0,0,3,1,1,1,1,55,8,1956,2,8,-1,4,E01009249,0,-1
2023231390158,2023,231390158,1,9,0,9,9,3,1,0,0,6,0,0,0,0,1,1,6,6,1,27,6,1598,1,16,VAUXHALL ASTRA,8,E01031272,0,-1
2023010437286,2023,010437286,1,9,0,99,99,9,9,99,99,9,9,99,9,99,4,9,6,6,2,29,6,1598,1,14,VAUXHALL ASTRA,2,E01003729,0,-1
2023552301416,2023,552301416,1,9,0,4,4,8,4,0,0,8,0,0,0,0,1,1,1,1,1,46,8,1598,2,7,VAUXHALL ASTRA,10,E01015433,0,-1
2023332301146,2023,332301146,3,9,0,9,9,5,4,0,0,8,0,0,0,0,1,1,6,6,1,65,9,1598,1,14,VAUXHALL ASTRA,1,E01032602,0,-1
2023421331616,2023,421331616,2,9,0,3,3,3,7,0,0,0,0,0,0,0,2,1,6,6,1,22,5,1398,1,10,VAUXHALL ASTRA,-1,-1,0,-1
2023010440288,2023,010440288,4,9,0,18,19,6,2,0,0,0,0,0,0,0,1,1,6,6,1,31,6,1398,1,10,VAUXHALL ASTRA,2,E01001339,0,-1
2023311359729,2023,311359729,2,9,0,3,3,7,3,0,0,0,0,0,0,0,2,1,1,1,2,40,7,1364,1,14,VAUXHALL ASTRA,7,E01019700,0,-1
2023430484698,2023,430484698,2,9,0,18,19,7,3,0,0,8,0,0,0,0,4,1,2,2,1,60,9,1598,2,6,VAUXHALL ASTRA,4,E01028604,0,-1
2023010434236,2023,010434236,1,9,0,17,19,3,1,0,0,2,0,0,1,0,1,1,1,1,2,36,7,1598,1,13,VAUXHALL ASTRA,2,E01004036,0,-1
2023041376117,2023,041376117,2,9,0,9,9,4,2,0,0,0,0,0,0,0,1,1,5,6,1,54,8,1686,2,10,VAUXHALL ASTRA,9,E01025364,0,-1
2023211285729,2023,211285729,2,9,0,3,3,3,7,0,0,0,0,0,0,0,2,1,6,6,1,-1,-1,1956,2,12,VAUXHALL ASTRA,7,E01029673,0,-1
2023320240371,2023,320240371,2,9,0,3,3,2,6,0,0,0,0,0,0,0,2,1,3,7,1,47,8,999,1,7,VAUXHALL ASTRA,10,E01032990,0,-1
2023545562123,2023,545562123,1,9,0,18,19,6,2,0,0,4,0,0,0,0,1,1,6,6,2,37,7,1598,1,16,VAUXHALL ASTRA,4,E01015569,0,-1
2023520301193,2023,520301193,1,9,0,9,9,5,3,0,0,8,0,0,0,0,3,1,6,6,1,-1,-1,1598,2,6,VAUXHALL ASTRA,10,E01014793,0,-1
2023221330663,2023,221330663,2,9,0,2,2,0,0,0,0,0,0,0,0,0,2,1,1,1,1,26,6,1598,2,4,VAUXHALL ASTRA,2,E01033247,0,-1
2023522400822,2023,522400822,2,9,0,18,19,4,8,0,0,0,1,0,1,0,1,1,6,6,2,20,4,999,1,7,VAUXHALL ASTRA,-1,-1,0,-1
2023010440103,2023,010440103,1,9,0,18,19,7,3,9,9,0,0,0,1,11,1,1,6,6,1,22,5,1399,1,6,VAUXHALL ASTRA,-1,-1,0,-1
2023401350064,2023,401350064,1,9,0,15,15,8,4,0,0,1,0,0,0,0,1,1,5,6,1,18,4,1598,1,13,VAUXHALL ASTRA,4,E01015734,0,-1
2023010465141,2023,010465141,2,9,0,18,19,1,5,0,0,8,0,0,0,0,1,1,6,6,1,32,6,1362,1,11,VAUXHALL ASTRA,2,E01003580,0,-1
2023622300529,2023,622300529,2,9,0,18,19,1,5,0,0,1,0,0,0,0,3,1,1,1,2,51,8,1956,2,8,VAUXHALL ASTRA,6,W01001366,0,-1
2023461383972,2023,461383972,2,9,0,3,3,7,3,0,0,0,0,0,0,0,2,1,6,6,1,24,5,1598,1,16,VAUXHALL ASTRA,4,E01024624,0,-1
2023010469391,2023,010469391,1,9,0,99,99,9,9,99,99,1,9,99,9,99,9,9,6,6,1,36,7,1598,1,12,VAUXHALL ASTRA,4,E01003704,0,-1
2023201389893,2023,201389893,1,9,0,18,19,7,3,0,0,8,0,10,1,1,1,1,6,6,1,35,6,1598,2,6,VAUXHALL ASTRA,7,E01009726,0,-1
2023471381346,2023,471381346,1,9,0,18,19,7,3,0,0,0,0,0,0,0,1,1,2,2,1,50,8,1364,1,13,VAUXHALL ASTRA,6,E01023284,0,-1