collision_index,collision_year,collision_ref_no,vehicle_reference,vehicle_type,towing_and_articulation,vehicle_manoeuvre_historic,vehicle_manoeuvre,vehicle_direction_from,vehicle_direction_to,vehicle_location_restricted_lane_historic,vehicle_location_restricted_lane,junction_location,skidding_and_overturning,hit_object_in_carriageway,vehicle_leaving_carriageway,hit_object_off_carriageway,first_point_of_impact,vehicle_left_hand_drive,journey_purpose_of_driver_historic,journey_purpose_of_driver,sex_of_driver,age_of_driver,age_band_of_driver,engine_capacity_cc,propulsion_code,age_of_vehicle,generic_make_model,driver_imd_decile,lsoa_of_driver,escooter_flag,driver_distance_banding
2023302301743,2023,302301743,1,9,0,17,19,8,7,0,0,8,0,0,0,0,4,1,6,6,2,26,6,1910,2,14,VAUXHALL ASTRA,2,E01019644,0,-1
2023520400259,2023,520400259,1,9,0,2,2,0,0,0,0,0,0,0,0,0,3,1,6,6,3,-1,-1,1364,1,14,VAUXHALL ASTRA,-1,-1,0,-1
2023010459855,2023,010459855,1,9,9,2,2,0,0,99,99,9,9,99,9,99,9,9,6,6,3,-1,-1,1398,1,11,VAUXHALL ASTRA,-1,-1,0,-1
2023161374435,2023,161374435,1,9,0,5,5,4,8,0,0,6,0,0,0,0,1,1,6,6,1,25,5,1248,2,13,VAUXHALL ASTRA,4,E01012803,0,-1
2023401307973,2023,401307973,1,9,0,18,19,5,1,0,0,0,0,0,0,0,1,1,6,6,3,-1,-1,1598,1,16,VAUXHALL ASTRA,-1,-1,0,-1
2023302301114,2023,302301114,2,9,0,18,19,6,2,0,0,1,0,0,1,10,1,1,2,2,1,29,6,1686,2,15,VAUXHALL ASTRA,5,E01019837,0,-1
2023010453545,2023,010453545,2,9,9,99,99,9,9,99,99,9,9,99,9,99,9,9,6,6,2,31,6,1598,1,9,VAUXHALL ASTRA,2,E01003604,0,-1
2023131281997,2023,131281997,2,9,0,18,19,1,5,0,0,8,0,0,0,0,3,1,6,6,2,32,6,1598,1,12,VAUXHALL ASTRA,1,E01011662,0,-1
2023201413594,2023,201413594,1,9,0,11,11,4,8,0,0,3,0,0,0,0,1,2,2,2,3,-1,-1,1199,1,2,VAUXHALL ASTRA,-1,-1,0,-1
2023501380113,2023,501380113,1,9,-1,16,19,8,4,0,0,0,2,11,0,0,3,1,5,6,1,34,6,1998,1,17,VAUXHALL ASTRA,2,E01018771,0,-1
2023461282345,2023,461282345,1,9,0,18,19,8,4,0,0,0,0,0,4,0,3,1,6,6,1,41,7,1686,2,15,VAUXHALL ASTRA,-1,-1,0,-1
2023461284115,2023,461284115,1,9,0,5,5,7,3,0,0,1,0,0,0,0,1,1,6,6,1,21,5,1598,1,14,VAUXHALL ASTRA,7,E01024137,0,-1
2023361291651,2023,361291651,1,9,0,9,9,7,5,0,0,8,0,0,0,0,3,1,5,6,2,35,6,1598,2,7,VAUXHALL ASTRA,2,E01026477,0,-1
2023061346513,2023,061346513,1,9,0,16,19,3,7,0,0,0,0,0,0,0,1,1,5,6,1,85,11,1686,2,16,VAUXHALL ASTRA,5,E01006206,0,-1
2023340NN2452,2023,340NN2452,2,9,0,18,19,5,1,0,0,0,0,0,0,0,0,1,1,1,1,-1,-1,1598,2,5,VAUXHALL ASTRA,8,E01027162,0,-1
2023010434905,2023,010434905,1,9,0,18,19,5,1,0,0,1,0,0,0,0,1,1,6,6,1,42,7,1398,1,12,VAUXHALL ASTRA,4,E01032732,0,-1
2023161360518,2023,161360518,1,9,0,5,5,5,1,0,0,0,0,0,0,0,4,1,5,6,2,54,8,1598,1,14,VAUXHALL ASTRA,10,E01012970,0,-1
2023131272605,2023,131272605,2,9,0,18,19,3,7,0,0,0,0,0,0,0,3,1,5,6,2,53,8,1389,1,19,VAUXHALL ASTRA,5,E01011731,0,-1
2023501273665,2023,501273665,1,9,0,3,3,3,2,0,0,4,0,0,0,0,1,1,2,2,1,32,6,-1,-1,-1,VAUXHALL ASTRA,1,E01015196,0,-1
2023010483163,2023,010483163,2,9,0,99,99,9,9,99,99,9,9,99,9,99,1,9,6,6,3,-1,-1,1598,1,13,VAUXHALL ASTRA,8,E01000752,0,-1
2023010432933,2023,010432933,2,9,0,99,99,9,9,99,99,9,9,99,9,99,1,9,6,6,3,-1,-1,1598,1,12,VAUXHALL ASTRA,-1,-1,0,-1
202360A072103,2023,60A072103,1,9,0,5,5,3,7,0,0,4,1,0,1,2,1,1,6,6,2,34,6,1598,2,5,VAUXHALL ASTRA,-1,-1,0,-1
2023010458565,2023,010458565,5,9,0,18,19,1,5,0,0,8,0,0,0,0,0,1,1,1,1,29,6,1399,1,4,VAUXHALL ASTRA,3,E01001508,0,-1
2023201291722,2023,201291722,1,9,0,18,19,6,2,0,0,8,0,10,1,10,1,1,6,6,2,34,6,1598,1,16,VAUXHALL ASTRA,1,E01010039,0,-1
2023010482629,2023,010482629,2,9,0,99,99,9,9,99,99,9,9,99,9,99,9,9,6,6,3,-1,-1,1398,1,10,VAUXHALL ASTRA,-1,-1,0,-1
2023052301519,2023,052301519,1,9,0,2,2,0,0,0,0,2,0,0,0,0,3,1,6,6,2,31,6,1956,2,10,VAUXHALL ASTRA,5,E01007057,0,-1
2023332300720,2023,332300720,2,9,0,18,19,1,5,0,0,1,0,0,0,0,1,1,6,6,3,-1,-1,1598,1,17,VAUXHALL ASTRA,-1,-1,0,-1
2023991327207,2023,991327207,4,9,0,3,3,6,2,0,0,0,0,0,0,0,1,1,5,6,1,44,7,1598,1,9,VAUXHALL ASTRA,6,-1,0,-1
2023031353856,2023,031353856,1,9,0,5,5,1,5,0,0,6,0,0,0,0,3,1,6,6,1,32,6,1598,1,11,VAUXHALL ASTRA,2,E01019230,0,-1
2023430488138,2023,430488138,2,9,0,3,3,3,7,0,0,1,0,0,0,0,2,1,6,6,2,38,7,1598,1,11,VAUXHALL ASTRA,4,E01016356,0,-1
2023440108487,2023,440108487,1,9,0,18,19,1,5,0,0,0,0,0,0,0,1,1,6,6,1,57,9,1956,2,11,VAUXHALL ASTRA,1,E01017039,0,-1
2023631347017,2023,631347017,1,9,0,18,19,2,6,0,0,0,5,0,2,10,1,1,1,1,2,60,9,1598,1,13,VAUXHALL ASTRA,8,W01001905,0,-1
2023010453661,2023,010453661,1,9,0,99,99,9,9,99,99,9,9,99,9,99,9,9,2,2,1,20,4,1598,2,6,VAUXHALL ASTRA,2,E01001800,0,-1
2023351374928,2023,351374928,2,9,0,2,2,0,0,0,0,0,0,0,0,0,0,1,1,1,1,42,7,1598,2,4,VAUXHALL ASTRA,9,E01018029,0,-1
2023010480383,2023,010480383,1,9,0,4,4,5,1,0,0,0,0,0,0,0,3,1,6,6,1,41,7,1796,1,15,VAUXHALL ASTRA,2,E01004537,0,-1
2023320727937,2023,320727937,2,9,0,4,4,4,8,0,0,1,0,0,0,0,2,1,2,2,1,50,8,1399,1,6,VAUXHALL ASTRA,7,E01026218,0,-1
2023371345170,2023,371345170,1,9,0,6,6,1,5,0,0,0,0,0,0,0,2,1,6,6,1,43,7,1364,1,13,VAUXHALL ASTRA,2,E01003983,0,-1
202360A143230,2023,60A143230,1,9,0,18,19,8,4,0,0,0,0,10,0,0,1,1,6,6,1,-1,-1,1956,2,12,VAUXHALL ASTRA,-1,-1,0,-1
2023010461782,2023,010461782,6,9,0,18,19,3,7,0,0,0,0,0,0,0,0,2,6,6,1,54,8,1399,1,4,VAUXHALL ASTRA,3,E01002133,0,-1
2023201289366,2023,201289366,1,9,0,17,19,5,3,0,0,0,0,0,0,0,1,1,6,6,1,57,9,1998,1,8,VAUXHALL ASTRA,1,E01032887,0,-1
2023552300370,2023,552300370,1,9,0,18,19,5,1,0,0,4,0,0,7,1,1,1,6,6,1,25,5,1598,1,15,VAUXHALL ASTRA,6,E01020439,0,-1
2023440081889,2023,440081889,1,9,0,18,19,7,3,0,0,8,1,0,0,0,4,1,6,6,1,41,7,1499,2,1,VAUXHALL ASTRA,8,E01017215,0,-1
2023520300728,2023,520300728,1,9,0,17,19,1,7,0,0,0,0,1,0,0,1,1,6,6,2,71,10,1598,1,11,VAUXHALL ASTRA,5,E01029108,0,-1
2023010479803,2023,010479803,2,9,0,99,99,9,9,99,99,9,9,99,9,99,1,9,6,6,1,44,7,1598,1,13,VAUXHALL ASTRA,2,E01001775,0,-1
2023010471474,2023,010471474,1,9,0,9,9,1,7,0,0,2,0,0,0,0,4,1,6,6,1,21,5,1598,1,11,VAUXHALL ASTRA,-1,-1,0,-1
2023340NN4392,2023,340NN4392,1,9,0,18,19,4,1,0,0,8,0,0,0,0,4,1,1,1,2,37,7,1598,1,12,VAUXHALL ASTRA,-1,-1,0,-1
2023991269299,2023,991269299,2,9,0,18,19,8,4,0,0,0,0,0,0,0,2,1,5,6,2,41,7,1398,1,9,VAUXHALL ASTRA,1,-1,0,-1
2023440200551,2023,440200551,1,9,0,18,19,3,7,0,0,4,0,0,0,0,1,1,6,6,1,33,6,1956,2,10,VAUXHALL ASTRA,5,E01017023,0,-1
2023501357871,2023,501357871,5,9,-1,-1,-1,5,2,-1,-1,0,-1,-1,-1,0,-1,1,6,6,3,-1,-1,1598,2,6,VAUXHALL ASTRA,-1,-1,0,-1
2023340NN1572,2023,340NN1572,1,9,0,9,9,5,3,0,0,6,0,0,0,0,3,1,6,6,2,64,9,1598,1,16,VAUXHALL ASTRA,4,E01027069,0,-1
2023010486496,2023,010486496,2,9,9,99,99,9,9,99,99,9,9,99,9,99,9,9,6,6,3,-1,-1,1598,1,15,VAUXHALL ASTRA,4,E01003090,0,-1
2023101384692,2023,101384692,2,9,0,10,10,7,3,0,0,1,0,0,0,0,2,1,2,2,1,39,7,1398,1,8,VAUXHALL ASTRA,10,E01033551,0,-1
2023332301123,2023,332301123,1,9,0,3,3,6,2,0,0,8,0,0,0,0,2,1,6,6,1,22,5,1686,2,12,VAUXHALL ASTRA,5,E01013700,0,-1
2023371285587,2023,371285587,1,9,0,18,19,7,3,0,0,0,1,0,1,4,3,1,2,2,1,50,8,1364,1,7,VAUXHALL ASTRA,4,E01030115,0,-1
2023411292485,2023,411292485,3,9,0,18,19,8,4,0,0,0,0,0,0,0,2,1,6,6,1,39,7,1598,1,11,VAUXHALL ASTRA,2,E01016451,0,-1
2023421277515,2023,421277515,2,9,0,18,19,3,7,0,0,1,0,0,0,0,4,1,2,2,2,43,7,1399,1,7,VAUXHALL ASTRA,7,E01021928,0,-1
2023411306717,2023,411306717,1,9,0,18,19,3,7,0,0,1,0,0,0,0,1,1,6,6,2,39,7,1248,2,10,VAUXHALL ASTRA,3,E01023397,0,-1
2023211375046,2023,211375046,3,9,0,3,3,5,2,0,0,0,0,0,0,0,1,1,6,6,1,64,9,-1,-1,-1,VAUXHALL ASTRA,4,E01013501,0,-1
2023451347039,2023,451347039,1,9,0,18,19,5,1,0,0,0,0,0,0,0,1,1,5,6,1,22,5,1598,1,10,VAUXHALL ASTRA,2,E01017665,0,-1
2023991327770,2023,991327770,1,9,0,18,19,4,8,0,0,4,1,10,1,4,1,1,5,6,1,19,4,1364,1,13,VAUXHALL ASTRA,2,-1,0,-1
2023991364048,2023,991364048,2,9,0,4,4,4,8,0,0,1,0,0,0,0,2,1,1,1,1,37,7,999,1,4,VAUXHALL ASTRA,10,-1,0,-1
2023461296304,2023,461296304,2,9,0,18,19,7,3,0,0,8,0,0,1,0,3,1,6,6,1,42,7,1598,1,9,VAUXHALL ASTRA,7,E01024013,0,-1
2023451364780,2023,451364780,1,9,0,5,5,7,3,0,0,4,0,0,0,0,1,1,5,6,2,45,7,1399,1,6,VAUXHALL ASTRA,6,E01030336,0,-1
2023010433141,2023,010433141,2,9,0,18,19,1,5,0,0,1,0,4,0,0,1,1,6,6,1,28,6,1998,1,15,VAUXHALL ASTRA,3,E01003719,0,-1
2023430340020,2023,430340020,2,9,0,18,19,2,6,0,0,4,0,0,0,0,1,1,6,6,1,46,8,1248,2,17,VAUXHALL ASTRA,10,E01016597,0,-1
2023421273057,2023,421273057,1,9,0,7,7,3,5,0,0,1,0,0,0,0,1,1,2,2,1,33,6,1796,1,16,VAUXHALL ASTRA,7,E01002329,0,-1
2023302300934,2023,302300934,2,9,0,4,4,1,5,0,0,1,0,0,0,0,2,1,6,6,1,26,6,1598,2,7,VAUXHALL ASTRA,2,E01019796,0,-1
2023520400099,2023,520400099,1,9,0,18,19,3,7,0,0,1,0,0,0,0,1,1,6,6,1,48,8,1364,1,9,VAUXHALL ASTRA,3,E01029112,0,-1
2023010452070,2023,010452070,2,9,0,99,99,9,9,99,99,9,9,99,9,99,9,9,6,6,2,-1,-1,1598,1,9,VAUXHALL ASTRA,5,E01004057,0,-1
2023501352966,2023,501352966,1,9,0,17,19,5,1,0,0,0,0,0,0,0,1,1,5,6,1,47,8,1399,1,6,VAUXHALL ASTRA,5,E01019039,0,-1
2023041296420,2023,041296420,1,9,0,14,14,1,5,0,0,2,0,0,0,0,1,1,5,6,1,61,9,1398,1,12,VAUXHALL ASTRA,1,E01012721,0,-1
2023131353700,2023,131353700,1,9,0,18,19,7,3,0,0,1,0,0,0,0,4,1,1,1,1,47,8,1598,1,11,VAUXHALL ASTRA,2,E01011867,0,-1
2023201371089,2023,201371089,1,9,0,18,19,1,5,0,0,8,0,10,1,10,3,1,2,2,2,45,7,1598,1,8,VAUXHALL ASTRA,3,E01009838,0,-1
2023010463787,2023,010463787,1,9,0,99,99,9,9,99,99,9,9,99,9,99,1,9,6,6,3,-1,-1,1598,1,14,VAUXHALL ASTRA,8,E01000646,0,-1
2023201402456,2023,201402456,1,9,0,16,19,2,4,0,0,0,0,10,1,4,1,1,6,6,1,38,7,1248,2,15,VAUXHALL ASTRA,8,E01010373,0,-1
2023010424294,2023,010424294,2,9,0,18,19,7,3,0,0,4,0,0,0,0,1,1,2,2,1,53,8,1598,1,10,VAUXHALL ASTRA,5,E01000663,0,-1
2023546882423,2023,546882423,1,9,0,18,19,3,7,0,0,4,1,0,0,0,1,1,2,2,2,39,7,1956,2,12,VAUXHALL ASTRA,1,E01015538,0,-1
2023010471976,2023,010471976,1,9,0,18,19,1,5,0,0,1,0,0,0,0,1,1,6,6,1,24,5,1598,2,6,VAUXHALL ASTRA,2,E01015781,0,-1
2023010474630,2023,010474630,1,9,0,9,9,5,2,0,0,5,0,0,0,0,1,1,1,1,1,48,8,1341,1,2,VAUXHALL ASTRA,5,E01004733,0,-1
2023302300574,2023,302300574,3,9,0,7,7,2,4,0,0,1,0,0,0,0,1,1,6,6,2,27,6,1598,2,6,VAUXHALL ASTRA,6,E01019882,0,-1
2023122301401,2023,122301401,3,9,0,18,19,1,5,0,0,0,0,0,0,0,0,1,2,2,2,33,6,1598,1,17,VAUXHALL ASTRA,8,E01012977,0,-1
2023131266992,2023,131266992,2,9,0,7,7,1,3,0,0,5,0,0,1,0,2,1,2,2,1,27,6,1598,2,7,VAUXHALL ASTRA,5,E01011435,0,-1
2023302300125,2023,302300125,3,9,0,4,4,2,7,0,0,1,0,0,0,0,2,1,6,6,1,62,9,1956,2,10,VAUXHALL ASTRA,-1,-1,0,-1
2023461265963,2023,461265963,3,9,0,14,14,1,5,0,0,2,1,0,0,0,2,1,1,1,1,-1,-1,1496,2,2,VAUXHALL ASTRA,5,E01024281,0,-1
2023060186706,2023,060186706,1,9,0,12,12,2,7,0,0,0,0,0,1,7,1,1,6,6,1,37,7,1598,1,19,VAUXHALL ASTRA,1,E01025482,0,-1
2023131309534,2023,131309534,1,9,0,5,5,5,1,0,0,3,0,0,0,0,2,1,5,6,2,39,7,1598,1,13,VAUXHALL ASTRA,1,E01010620,0,-1
2023010451024,2023,010451024,1,9,0,7,7,8,3,0,0,1,0,0,0,0,4,1,6,6,1,37,7,1598,1,9,VAUXHALL ASTRA,7,E01015719,0,-1
2023411384404,2023,411384404,1,9,0,18,19,4,7,0,0,4,0,0,0,0,3,1,6,6,2,30,6,1598,1,9,VAUXHALL ASTRA,9,E01023580,0,-1
2023131301776,2023,131301776,1,9,0,5,5,1,5,0,0,8,0,0,0,0,3,2,6,6,2,29,6,1598,2,7,VAUXHALL ASTRA,1,E01010964,0,-1
2023440079531,2023,440079531,1,9,0,18,19,6,2,0,0,0,0,0,0,0,3,1,6,6,1,49,8,1598,1,20,VAUXHALL ASTRA,1,E01017281,0,-1
2023451259266,2023,451259266,1,9,0,18,19,7,3,0,0,8,0,7,0,0,4,1,1,1,2,22,5,1598,2,6,VAUXHALL ASTRA,7,E01030451,0,-1
2023141305649,2023,141305649,1,9,0,18,19,1,5,0,0,0,0,0,0,0,4,1,1,1,2,28,6,1686,2,11,VAUXHALL ASTRA,3,E01007494,0,-1
2023302300674,2023,302300674,1,9,0,9,9,2,8,0,0,1,0,0,0,0,3,1,6,6,1,-1,-1,1398,1,8,VAUXHALL ASTRA,3,E01013549,0,-1
2023161360337,2023,161360337,2,9,0,18,19,3,7,0,0,2,5,0,0,0,1,1,6,6,1,33,6,1398,1,8,VAUXHALL ASTRA,1,E01013296,0,-1
2023991405009,2023,991405009,2,9,0,3,3,5,1,0,0,3,0,0,0,0,2,2,6,6,2,45,7,1910,2,15,VAUXHALL ASTRA,6,-1,0,-1
2023991312191,2023,991312191,2,9,0,18,19,3,8,0,0,1,0,0,0,0,1,1,5,6,1,35,6,1598,1,12,VAUXHALL ASTRA,5,-1,0,-1
2023501283891,2023,501283891,2,9,0,3,3,5,5,0,0,2,0,0,0,0,2,1,6,6,2,37,7,1956,2,8,VAUXHALL ASTRA,4,E01018895,0,-1
2023010442503,2023,010442503,2,9,0,99,99,9,9,99,99,9,9,99,9,99,1,9,6,6,3,38,7,1364,1,13,VAUXHALL ASTRA,2,E01001744,0,-1
2023201412539,2023,201412539,2,9,0,2,2,0,0,0,0,0,0,4,1,0,1,1,6,6,1,49,8,1598,1,10,VAUXHALL ASTRA,2,E01010128,0,-1
2023221323127,2023,221323127,1,9,0,11,11,5,1,0,0,4,0,0,0,0,1,1,6,6,2,60,9,1956,2,10,VAUXHALL ASTRA,7,W01000079,0,-1
2023041296579,2023,041296579,1,9,0,18,19,5,1,0,0,0,5,0,2,3,1,1,6,6,1,29,6,999,1,5,VAUXHALL ASTRA,8,E01012385,0,-1
2023010422772,2023,010422772,1,9,0,99,99,9,9,99,99,9,9,99,9,99,9,9,6,6,2,27,6,1598,1,13,VAUXHALL ASTRA,3,E01004367,0,-1
2023991320949,2023,991320949,3,9,0,5,5,7,3,0,0,0,0,0,0,0,1,1,5,6,1,18,4,1956,2,9,VAUXHALL ASTRA,-1,-1,0,-1
2023351328489,2023,351328489,1,9,0,18,19,1,5,0,0,0,0,0,0,0,1,1,2,2,1,32,6,1598,1,13,VAUXHALL ASTRA,5,E01018035,0,-1
2023302300121,2023,302300121,4,9,0,4,4,8,4,0,0,0,0,0,0,0,1,1,6,6,1,74,10,1686,2,10,VAUXHALL ASTRA,2,E01019799,0,-1
2023361296879,2023,361296879,1,9,0,18,19,7,3,0,0,1,0,0,0,0,1,1,6,6,1,81,11,1598,1,23,VAUXHALL ASTRA,3,E01026843,0,-1
2023161388159,2023,161388159,1,9,0,18,19,7,3,0,0,0,0,0,0,0,1,1,2,2,2,23,5,1364,1,13,VAUXHALL ASTRA,1,E01012787,0,-1
2023052302525,2023,052302525,2,9,0,4,4,5,1,0,0,0,0,0,0,0,2,1,6,6,2,30,6,999,1,4,VAUXHALL ASTRA,-1,-1,0,-1
2023411287305,2023,411287305,1,9,0,18,19,5,1,0,0,4,0,0,0,0,3,1,6,6,2,44,7,1796,1,18,VAUXHALL ASTRA,5,E01023930,0,-1
2023141391522,2023,141391522,2,9,0,18,19,2,6,0,0,1,0,0,0,0,1,1,6,6,3,18,4,1598,1,17,VAUXHALL ASTRA,-1,-1,0,-1
2023451322189,2023,451322189,1,9,0,9,9,1,3,0,0,8,0,0,0,0,1,1,1,1,2,50,8,1598,2,4,VAUXHALL ASTRA,7,E01030451,0,-1
2023421264626,2023,421264626,1,9,0,18,19,1,5,0,0,1,1,0,0,0,1,1,5,6,1,34,6,1796,1,15,VAUXHALL ASTRA,1,E01021288,0,-1
2023010428027,2023,010428027,7,9,0,2,2,0,0,0,0,2,0,0,0,0,3,1,6,6,3,-1,-1,1956,2,11,VAUXHALL ASTRA,-1,-1,0,-1
2023451272952,2023,451272952,2,9,0,9,9,8,6,0,0,8,0,0,0,0,1,1,5,6,1,25,5,1598,1,14,VAUXHALL ASTRA,8,E01030988,0,-1
2023052301118,2023,052301118,2,9,0,7,7,7,1,0,0,1,0,0,0,0,4,1,6,6,2,56,9,1598,1,9,VAUXHALL ASTRA,1,E01007175,0,-1
2023991330759,2023,991330759,2,9,0,2,2,2,6,0,0,0,0,0,0,0,2,1,6,6,2,26,6,1796,1,14,VAUXHALL ASTRA,2,-1,0,-1
2023440517709,2023,440517709,1,9,0,10,10,3,1,0,0,1,0,0,0,0,2,1,6,6,2,23,5,1598,2,7,VAUXHALL ASTRA,-1,-1,0,-1
2023440214412,2023,440214412,2,9,0,18,19,4,8,0,0,0,0,0,0,0,1,1,6,6,1,31,6,1598,2,4,VAUXHALL ASTRA,8,E01022754,0,-1
2023461320972,2023,461320972,1,9,0,18,19,7,3,0,0,0,0,0,0,0,4,1,6,6,2,21,5,1998,1,10,VAUXHALL ASTRA,4,E01024444,0,-1
2023041452895,2023,041452895,2,9,0,2,2,0,0,0,0,0,0,0,0,0,3,1,6,6,3,-1,-1,1364,1,14,VAUXHALL ASTRA,-1,-1,0,-1
2023010483113,2023,010483113,1,9,0,5,5,3,7,0,0,1,0,0,0,0,1,1,6,6,1,51,8,1364,1,15,VAUXHALL ASTRA,4,E01033590,0,-1
2023991298783,2023,991298783,1,9,0,9,9,3,5,0,0,5,0,0,0,0,4,1,6,6,2,33,6,1399,1,6,VAUXHALL ASTRA,-1,-1,0,-1
2023010446985,2023,010446985,2,9,0,99,99,9,9,99,99,9,9,99,9,99,1,9,6,6,3,-1,-1,1796,1,16,VAUXHALL ASTRA,5,E01016118,0,-1
2023070388892,2023,070388892,2,9,0,17,19,6,2,0,0,8,0,0,0,0,1,1,6,6,1,35,6,1364,1,9,VAUXHALL ASTRA,2,E01018467,0,-1
2023451339061,2023,451339061,2,9,0,18,19,7,3,0,0,0,0,0,0,0,1,1,6,6,2,45,7,1598,1,9,VAUXHALL ASTRA,4,E01001023,0,-1
2023231342332,2023,231342332,2,9,0,18,19,2,6,0,0,0,0,0,0,0,1,1,1,1,1,31,6,1598,2,7,VAUXHALL ASTRA,-1,-1,0,-1
2023311268917,2023,311268917,1,9,0,18,19,1,5,0,0,2,0,0,0,0,4,1,5,6,1,32,6,1956,2,8,VAUXHALL ASTRA,2,E01013499,0,-1
2023421304974,2023,421304974,2,9,0,18,19,3,7,0,0,0,0,0,0,0,0,1,1,1,1,43,7,1598,2,4,VAUXHALL ASTRA,8,E01021544,0,-1
2023311316530,2023,311316530,2,9,0,5,5,6,2,0,0,0,0,0,0,0,2,1,3,7,2,63,9,1598,2,7,VAUXHALL ASTRA,7,E01027995,0,-1
2023122400156,2023,122400156,1,9,0,18,19,1,5,0,0,0,0,0,0,0,4,1,6,6,2,54,8,1398,1,8,VAUXHALL ASTRA,6,E01027604,0,-1
2023311268449,2023,311268449,1,9,0,17,19,6,2,0,0,0,2,10,0,0,1,1,6,6,1,19,4,1364,1,15,VAUXHALL ASTRA,3,E01027977,0,-1
2023991337637,2023,991337637,1,9,0,18,19,8,4,0,0,8,0,0,0,0,1,1,5,6,1,28,6,1956,2,8,VAUXHALL ASTRA,3,-1,0,-1
2023010464215,2023,010464215,2,9,0,99,99,9,9,99,99,9,9,99,9,99,1,9,6,6,1,35,6,1796,1,14,VAUXHALL ASTRA,7,E01002176,0,-1
2023302300383,2023,302300383,1,9,0,18,19,8,4,0,0,0,1,0,8,4,1,1,3,7,2,37,7,1364,1,15,VAUXHALL ASTRA,4,E01019492,0,-1
2023101367206,2023,101367206,1,9,0,18,19,5,1,0,0,2,0,0,0,0,1,1,6,6,1,49,8,1598,2,8,VAUXHALL ASTRA,5,E01008648,0,-1
2023471294487,2023,471294487,2,9,0,9,9,4,2,0,0,8,0,0,0,0,3,1,6,6,2,34,6,1399,1,7,VAUXHALL ASTRA,3,E01020941,0,-1
2023501406676,2023,501406676,2,9,0,18,19,6,2,0,0,0,0,0,0,0,1,1,6,6,1,44,7,1796,1,16,VAUXHALL ASTRA,1,E01015043,0,-1
2023141389246,2023,141389246,2,9,0,4,4,4,7,0,0,1,0,0,0,0,1,1,2,2,1,40,7,1686,2,11,VAUXHALL ASTRA,-1,-1,0,-1
2023520300940,2023,520300940,2,9,0,18,19,6,1,0,0,0,0,0,0,0,1,1,6,6,1,39,7,1199,1,0,VAUXHALL ASTRA,4,E01029241,0,-1
2023522301038,2023,522301038,1,9,0,9,9,4,1,0,0,6,0,0,0,0,1,1,6,6,1,41,7,1598,1,17,VAUXHALL ASTRA,1,E01033367,0,-1
2023201371899,2023,201371899,1,9,0,18,19,8,4,0,0,8,0,0,0,0,1,1,6,6,1,-1,-1,-1,-1,-1,VAUXHALL ASTRA,3,E01009930,0,-1
2023332300573,2023,332300573,3,9,0,2,2,0,0,0,0,0,0,0,0,0,3,1,6,6,3,-1,-1,1956,2,11,VAUXHALL ASTRA,-1,-1,0,-1
2023010482042,2023,010482042,1,9,0,18,19,3,7,0,0,0,5,4,0,0,1,1,6,6,1,38,7,1598,2,9,VAUXHALL ASTRA,4,E01032742,0,-1
2023332300591,2023,332300591,1,9,0,18,19,8,5,0,0,8,5,0,1,1,1,1,2,2,2,40,7,1399,1,5,VAUXHALL ASTRA,7,E01025864,0,-1
2023552300955,2023,552300955,2,9,0,4,4,3,7,0,0,1,0,0,0,0,0,1,1,1,1,34,6,1398,1,9,VAUXHALL ASTRA,2,E01033200,0,-1
2023010428866,2023,010428866,2,9,0,99,99,9,9,99,99,9,9,99,9,99,1,1,6,6,3,33,6,1598,1,9,VAUXHALL ASTRA,-1,-1,0,-1
2023201289785,2023,201289785,2,9,0,3,3,-1,-1,0,0,1,0,0,1,0,1,1,6,6,1,-1,-1,1598,1,8,VAUXHALL ASTRA,-1,-1,0,-1
2023430067545,2023,430067545,1,9,0,18,19,2,8,0,0,0,0,0,4,2,1,1,6,6,3,-1,-1,1796,1,16,VAUXHALL ASTRA,-1,-1,0,-1
2023991342095,2023,991342095,2,9,0,18,19,1,5,0,0,2,0,0,7,0,2,1,6,6,2,64,9,1598,1,8,VAUXHALL ASTRA,2,-1,0,-1
2023010480454,2023,010480454,2,9,0,99,99,9,9,99,99,9,9,99,9,99,1,9,6,6,3,18,4,1364,1,13,VAUXHALL ASTRA,7,E01002424,0,-1
2023010464864,2023,010464864,1,9,0,9,9,3,1,0,0,1,0,0,0,0,1,1,6,6,1,22,5,1598,1,12,VAUXHALL ASTRA,2,E01001980,0,-1
2023141351423,2023,141351423,2,9,0,2,2,0,0,0,0,2,0,4,0,0,2,1,6,6,3,-1,-1,1199,1,0,VAUXHALL ASTRA,-1,-1,0,-1
2023101366687,2023,101366687,2,9,0,18,19,1,1,0,0,1,0,0,0,0,4,1,5,6,1,33,6,1364,1,14,VAUXHALL ASTRA,1,E01008429,0,-1
2023221387833,2023,221387833,2,9,0,18,19,1,5,0,0,0,1,0,0,0,1,1,6,6,1,74,10,1364,1,12,VAUXHALL ASTRA,6,E01032217,0,-1
2023201372372,2023,201372372,2,9,0,3,3,5,1,0,0,0,0,0,0,0,2,1,5,6,1,-1,-1,1598,1,13,VAUXHALL ASTRA,1,E01010273,0,-1
2023031373736,2023,031373736,1,9,0,18,19,4,4,0,0,0,0,0,1,0,1,1,5,6,1,38,7,1398,1,9,VAUXHALL ASTRA,1,-1,0,-1
2023201289039,2023,201289039,2,9,0,5,5,4,8,0,0,0,0,0,0,0,1,1,6,6,1,75,10,1796,1,17,VAUXHALL ASTRA,8,E01010333,0,-1