collision_index,collision_year,collision_ref_no,vehicle_reference,vehicle_type,towing_and_articulation,vehicle_manoeuvre_historic,vehicle_manoeuvre,vehicle_direction_from,vehicle_direction_to,vehicle_location_restricted_lane_historic,vehicle_location_restricted_lane,junction_location,skidding_and_overturning,hit_object_in_carriageway,vehicle_leaving_carriageway,hit_object_off_carriageway,first_point_of_impact,vehicle_left_hand_drive,journey_purpose_of_driver_historic,journey_purpose_of_driver,sex_of_driver,age_of_driver,age_band_of_driver,engine_capacity_cc,propulsion_code,age_of_vehicle,generic_make_model,driver_imd_decile,lsoa_of_driver,escooter_flag,driver_distance_banding
2023201440611,2023,201440611,1,9,0,18,19,2,6,0,0,0,0,0,0,0,3,1,6,6,1,35,6,1910,2,15,VAUXHALL ASTRA,1,E01010413,0,-1
2023991389483,2023,991389483,2,9,0,5,5,1,5,0,0,8,0,0,0,0,3,1,6,6,2,55,8,1399,1,4,VAUXHALL ASTRA,-1,-1,0,-1
2023101334706,2023,101334706,6,9,0,18,19,5,1,0,0,0,0,0,0,0,2,1,6,6,1,59,9,1686,2,9,VAUXHALL ASTRA,-1,-1,0,-1
2023401292509,2023,401292509,1,9,0,18,19,-1,-1,0,0,8,0,0,0,0,1,1,6,6,3,-1,-1,1686,2,13,VAUXHALL ASTRA,-1,-1,0,-1
2023622300076,2023,622300076,1,9,0,18,19,8,4,0,0,0,1,10,7,0,1,1,6,6,2,45,7,1956,2,8,VAUXHALL ASTRA,9,W01001104,0,-1
2023991367489,2023,991367489,2,9,0,3,3,1,4,0,0,1,0,0,0,0,2,1,2,2,2,51,8,1399,1,4,VAUXHALL ASTRA,5,-1,0,-1
2023131318266,2023,131318266,2,9,0,2,2,4,8,0,0,0,0,0,0,0,2,1,2,2,2,43,7,1598,1,16,VAUXHALL ASTRA,2,E01011865,0,-1
2023061381408,2023,061381408,3,9,0,2,2,0,0,0,0,2,0,0,0,0,4,1,6,6,3,-1,-1,1598,2,7,VAUXHALL ASTRA,-1,-1,0,-1
2023522400785,2023,522400785,1,9,0,9,9,8,6,0,0,5,0,0,0,0,4,1,6,6,1,79,11,1796,1,16,VAUXHALL ASTRA,7,E01014649,0,-1
2023061332298,2023,061332298,1,9,0,18,19,8,4,0,0,1,0,4,0,0,1,1,5,6,1,48,8,1598,1,17,VAUXHALL ASTRA,2,E01005371,0,-1
2023122301175,2023,122301175,1,9,0,18,19,7,3,0,0,1,0,0,0,0,1,1,6,6,1,17,4,1398,1,8,VAUXHALL ASTRA,7,E01027808,0,-1
2023010457175,2023,010457175,1,9,0,18,19,7,3,0,0,8,0,0,0,0,4,1,2,2,2,40,7,1598,1,11,VAUXHALL ASTRA,1,E01001559,0,-1
2023201349202,2023,201349202,4,9,0,2,2,0,0,0,0,0,0,0,0,0,2,1,6,6,3,-1,-1,1598,2,6,VAUXHALL ASTRA,-1,-1,0,-1
2023421284715,2023,421284715,1,9,0,18,19,3,7,0,0,1,0,0,0,0,1,1,6,6,3,-1,-1,1956,2,11,VAUXHALL ASTRA,-1,-1,0,-1
2023052300134,2023,052300134,1,9,0,10,10,5,3,0,0,5,0,0,0,0,4,1,6,6,1,55,8,999,1,6,VAUXHALL ASTRA,1,E01006765,0,-1
2023991360843,2023,991360843,1,9,0,18,19,3,7,0,0,3,0,0,0,0,1,1,5,6,1,36,7,1910,2,18,VAUXHALL ASTRA,9,-1,0,-1
2023211378560,2023,211378560,2,9,0,18,19,2,3,0,0,6,0,0,0,0,1,2,6,6,1,34,6,1956,2,10,VAUXHALL ASTRA,-1,-1,0,-1
2023302301056,2023,302301056,2,9,0,14,14,4,8,0,0,0,0,0,0,0,3,1,2,2,1,26,6,1956,2,10,VAUXHALL ASTRA,3,E01013453,0,-1
2023501332525,2023,501332525,1,9,0,18,19,7,3,0,0,0,0,0,1,4,1,1,6,6,2,26,6,1598,1,15,VAUXHALL ASTRA,4,E01015265,0,-1
2023430056752,2023,430056752,1,9,0,18,19,4,8,0,0,8,0,0,0,0,1,1,6,6,1,32,6,1796,1,17,VAUXHALL ASTRA,10,E01016709,0,-1
2023421275025,2023,421275025,1,9,0,13,13,5,1,0,0,4,0,10,1,0,1,1,1,1,2,26,6,1496,2,3,VAUXHALL ASTRA,2,E01021318,0,-1
2023547842023,2023,547842023,1,9,0,18,19,1,5,0,0,0,0,0,0,0,1,1,6,6,2,24,5,1956,2,12,VAUXHALL ASTRA,2,E01031981,0,-1
2023411330221,2023,411330221,2,9,0,18,19,5,1,0,0,0,0,0,0,0,1,1,2,2,2,61,9,1598,1,9,VAUXHALL ASTRA,5,E01023592,0,-1
2023061326960,2023,061326960,2,9,-1,-1,-1,-1,-1,-1,-1,-1,-1,-1,-1,0,-1,1,2,2,1,55,8,1686,2,16,VAUXHALL ASTRA,3,E01004867,0,-1
2023320733166,2023,320733166,1,9,0,18,19,4,8,0,0,8,0,0,0,0,1,1,2,2,1,56,9,1598,2,6,VAUXHALL ASTRA,7,E01026340,0,-1
2023501341594,2023,501341594,2,9,0,10,10,1,7,0,0,1,0,0,1,10,3,1,5,6,1,27,6,1248,2,12,VAUXHALL ASTRA,9,E01020086,0,-1
2023141350711,2023,141350711,1,9,0,18,19,6,2,0,0,0,0,0,0,0,4,1,6,6,3,-1,-1,1956,2,12,VAUXHALL ASTRA,-1,-1,0,-1
2023010480927,2023,010480927,1,9,0,1,1,3,5,0,0,6,0,0,0,0,2,1,6,6,1,32,6,1598,1,17,VAUXHALL ASTRA,6,E01001565,0,-1
2023101268409,2023,101268409,1,9,-1,5,5,6,1,0,0,0,0,0,0,0,4,1,3,7,2,29,6,1956,2,11,VAUXHALL ASTRA,1,E01027539,0,-1
2023161307698,2023,161307698,2,9,0,18,19,7,3,0,0,1,0,7,0,0,1,1,2,2,1,28,6,1598,1,15,VAUXHALL ASTRA,1,E01012877,0,-1
2023332300067,2023,332300067,1,9,0,18,19,1,5,0,0,2,0,0,0,0,1,1,6,6,1,21,5,1364,1,16,VAUXHALL ASTRA,3,E01013665,0,-1
2023411372638,2023,411372638,2,9,0,18,19,7,3,0,0,0,5,0,0,0,1,1,6,6,2,38,7,1686,2,11,VAUXHALL ASTRA,3,E01023397,0,-1
2023421314748,2023,421314748,2,9,0,18,19,7,3,0,0,0,1,0,0,0,3,1,1,1,1,24,5,1496,2,3,VAUXHALL ASTRA,-1,-1,0,-1
2023010420718,2023,010420718,2,9,0,99,99,9,9,99,99,9,9,99,9,99,9,9,6,6,1,58,9,1398,1,8,VAUXHALL ASTRA,4,E01003255,0,-1
2023201298172,2023,201298172,3,9,0,2,2,0,0,0,0,2,0,0,0,0,0,1,6,6,3,-1,-1,1598,1,10,VAUXHALL ASTRA,-1,-1,0,-1
2023010431300,2023,010431300,1,9,0,18,19,3,7,0,0,1,0,0,0,0,1,1,6,6,1,44,7,1796,1,18,VAUXHALL ASTRA,6,E01002523,0,-1
2023421379422,2023,421379422,2,9,0,18,19,5,1,0,0,0,0,0,0,0,4,1,5,6,2,29,6,1364,1,15,VAUXHALL ASTRA,7,E01021878,0,-1
2023471312579,2023,471312579,1,9,0,18,19,3,7,0,0,0,0,0,0,0,1,2,5,6,1,63,9,1598,1,15,VAUXHALL ASTRA,6,E01031533,0,-1
2023411316684,2023,411316684,3,9,0,18,19,5,1,0,0,0,0,0,0,0,0,1,1,1,1,25,5,1598,2,6,VAUXHALL ASTRA,-1,-1,0,-1
2023440041402,2023,440041402,1,9,0,4,4,6,2,0,0,0,0,0,1,4,1,1,6,6,2,24,5,1398,1,10,VAUXHALL ASTRA,4,E01022635,0,-1
2023340WN1822,2023,340WN1822,1,9,0,9,9,3,1,0,0,8,0,0,0,0,1,1,2,2,1,36,7,1956,2,10,VAUXHALL ASTRA,3,E01027224,0,-1
2023010458013,2023,010458013,2,9,0,99,99,9,9,99,99,9,9,99,9,99,1,9,6,6,3,45,7,1598,1,17,VAUXHALL ASTRA,3,E01004355,0,-1
2023052302228,2023,052302228,2,9,0,18,19,5,1,0,0,8,0,0,0,0,3,1,6,6,2,43,7,1598,2,6,VAUXHALL ASTRA,3,E01007219,0,-1
2023440102073,2023,440102073,2,9,0,6,6,6,6,0,0,0,0,0,0,0,1,1,6,6,1,74,10,1956,2,8,VAUXHALL ASTRA,6,E01023155,0,-1
2023302300150,2023,302300150,1,9,0,7,7,4,6,0,0,2,1,10,1,10,4,1,6,6,1,20,4,1398,1,10,VAUXHALL ASTRA,2,E01008072,0,-1
2023351308926,2023,351308926,2,9,0,3,3,-1,-1,0,0,0,0,0,1,0,2,1,1,1,1,34,6,1956,2,11,VAUXHALL ASTRA,9,E01026355,0,-1
2023311335893,2023,311335893,1,9,0,18,19,5,1,0,0,0,0,0,0,0,1,1,5,6,1,32,6,1364,1,15,VAUXHALL ASTRA,-1,-1,0,-1
2023361335923,2023,361335923,1,9,0,11,11,4,1,0,0,0,1,0,1,0,3,1,6,6,2,75,10,1364,1,14,VAUXHALL ASTRA,6,E01026569,0,-1
2023440327023,2023,440327023,3,9,0,18,19,6,2,0,0,3,0,0,0,0,3,1,6,6,2,45,7,1598,2,7,VAUXHALL ASTRA,4,E01017277,0,-1
2023070611540,2023,070611540,1,9,0,4,4,4,8,0,0,0,0,0,0,0,1,1,6,6,1,43,7,1598,1,14,VAUXHALL ASTRA,8,E01018348,0,-1
2023201291551,2023,201291551,1,9,0,9,9,8,5,0,0,1,0,0,0,0,4,1,2,2,1,61,9,1598,1,14,VAUXHALL ASTRA,1,E01009362,0,-1
2023061338051,2023,061338051,2,9,0,18,19,2,6,0,0,8,0,0,0,0,1,1,2,2,1,54,8,1598,2,6,VAUXHALL ASTRA,6,E01018704,0,-1
2023332300205,2023,332300205,2,9,0,3,3,5,1,0,0,0,0,0,0,0,2,1,6,6,2,26,6,1686,2,12,VAUXHALL ASTRA,3,E01013719,0,-1
2023451372051,2023,451372051,1,9,0,4,4,1,5,0,0,0,0,0,0,0,3,1,3,7,2,26,6,1598,1,13,VAUXHALL ASTRA,7,E01023135,0,-1
2023041321360,2023,041321360,1,9,0,18,19,3,7,0,0,6,0,0,0,0,3,1,6,6,3,-1,-1,1598,1,13,VAUXHALL ASTRA,-1,-1,0,-1
2023141261480,2023,141261480,2,9,0,13,13,1,5,0,0,0,0,0,0,0,1,1,6,6,2,29,6,1598,2,8,VAUXHALL ASTRA,1,E01005198,0,-1
2023010470293,2023,010470293,1,9,0,18,19,1,5,0,0,0,0,0,0,0,1,1,6,6,1,81,11,1598,1,17,VAUXHALL ASTRA,7,E01001313,0,-1
2023440285506,2023,440285506,1,9,0,9,9,8,6,0,0,6,0,0,0,0,1,1,6,6,1,38,7,1598,1,10,VAUXHALL ASTRA,10,E01022675,0,-1
2023320412041,2023,320412041,1,9,0,16,19,4,8,0,0,0,0,0,0,0,1,1,6,6,1,20,4,1598,1,13,VAUXHALL ASTRA,-1,-1,0,-1
2023052302530,2023,052302530,1,9,0,18,19,5,7,0,0,5,0,0,0,0,1,1,1,1,1,42,7,1686,2,10,VAUXHALL ASTRA,1,E01006776,0,-1
2023101341238,2023,101341238,1,9,0,3,3,3,7,0,0,8,0,0,0,0,3,1,5,6,1,79,11,1399,1,4,VAUXHALL ASTRA,6,E01027368,0,-1
2023520300051,2023,520300051,2,9,0,12,12,7,3,0,0,8,0,0,0,0,2,1,6,6,2,46,8,1598,2,8,VAUXHALL ASTRA,5,E01029314,0,-1
2023991295347,2023,991295347,1,9,0,9,9,3,8,0,0,8,0,0,0,0,1,1,2,2,1,36,7,-1,-1,-1,VAUXHALL ASTRA,8,-1,0,-1
2023361375343,2023,361375343,2,9,0,3,3,6,2,0,0,0,0,0,0,0,2,1,6,6,2,36,7,1598,1,10,VAUXHALL ASTRA,4,E01029927,0,-1
2023010454791,2023,010454791,1,9,0,14,14,3,7,0,0,1,0,4,0,0,1,1,6,6,1,24,5,1796,1,15,VAUXHALL ASTRA,2,E01001055,0,-1
2023010441976,2023,010441976,1,9,0,4,4,5,1,0,0,0,0,0,0,0,0,1,6,6,1,32,6,1398,1,9,VAUXHALL ASTRA,-1,-1,0,-1
2023522300972,2023,522300972,1,9,0,9,9,8,6,0,0,5,0,0,0,0,1,1,6,6,1,21,5,1598,1,9,VAUXHALL ASTRA,2,W01001525,0,-1
2023010440993,2023,010440993,1,9,0,9,9,7,4,9,9,5,0,0,0,0,0,1,1,1,1,38,7,1341,1,2,VAUXHALL ASTRA,2,E01003619,0,-1
2023991271576,2023,991271576,1,9,0,18,19,5,1,0,0,1,0,0,0,0,1,1,5,6,2,51,8,1364,1,13,VAUXHALL ASTRA,5,-1,0,-1
2023211277199,2023,211277199,1,9,-1,16,19,1,4,-1,-1,-1,-1,-1,-1,0,-1,1,1,1,1,36,7,1199,1,3,VAUXHALL ASTRA,-1,-1,0,-1
2023131373576,2023,131373576,2,9,0,12,12,1,1,0,0,0,0,0,0,0,1,1,2,2,1,57,9,1598,1,21,VAUXHALL ASTRA,3,E01010895,0,-1
2023061315083,2023,061315083,1,9,0,18,19,1,5,0,0,0,1,0,0,0,1,1,6,6,2,30,6,1598,1,10,VAUXHALL ASTRA,1,E01006050,0,-1
2023221263709,2023,221263709,4,9,0,18,19,7,3,0,0,1,0,0,0,0,1,1,5,6,1,48,8,1686,2,10,VAUXHALL ASTRA,3,E01032277,0,-1
2023201411737,2023,201411737,1,9,0,9,9,1,4,0,0,6,0,0,0,0,1,1,6,6,1,46,8,1796,1,15,VAUXHALL ASTRA,4,E01009894,0,-1
2023991352675,2023,991352675,1,9,0,17,19,7,3,0,0,0,1,0,1,4,0,1,5,6,1,24,5,1364,1,14,VAUXHALL ASTRA,5,-1,0,-1
2023311259087,2023,311259087,6,9,5,18,19,7,3,0,0,0,1,11,0,0,1,1,1,1,3,-1,-1,1598,2,5,VAUXHALL ASTRA,-1,-1,0,-1
2023161286686,2023,161286686,1,9,0,18,19,3,7,0,0,8,0,0,0,0,4,1,5,6,2,43,7,1398,1,10,VAUXHALL ASTRA,4,E01013207,0,-1
2023411375638,2023,411375638,2,9,0,4,4,-1,-1,0,0,0,1,0,0,0,1,1,2,2,1,58,9,1398,1,8,VAUXHALL ASTRA,5,E01023593,0,-1
2023421370713,2023,421370713,2,9,0,17,19,1,6,0,0,1,0,0,0,0,1,1,5,6,2,62,9,1686,2,14,VAUXHALL ASTRA,5,E01018041,0,-1
2023411393899,2023,411393899,2,9,0,5,5,6,2,0,0,5,0,0,0,0,1,1,6,6,1,-1,-1,1686,2,12,VAUXHALL ASTRA,-1,-1,0,-1
2023401390220,2023,401390220,1,9,0,18,19,1,5,0,0,6,0,7,1,9,1,1,6,6,2,53,8,1796,1,16,VAUXHALL ASTRA,10,E01017419,0,-1
2023231279229,2023,231279229,1,9,0,9,9,8,6,0,0,5,0,0,0,0,3,1,6,6,1,77,11,1364,1,17,VAUXHALL ASTRA,8,E01031069,0,-1
2023461295652,2023,461295652,3,9,0,2,2,0,0,0,0,0,0,0,0,0,2,1,6,6,1,-1,-1,1796,1,19,VAUXHALL ASTRA,7,E01024073,0,-1
2023421290546,2023,421290546,3,9,0,2,2,0,0,0,0,2,0,0,0,0,2,1,6,6,2,36,7,1796,1,16,VAUXHALL ASTRA,5,E01015904,0,-1
2023221308024,2023,221308024,1,9,0,16,19,4,7,0,0,0,1,0,1,0,1,1,6,6,2,32,6,1598,1,11,VAUXHALL ASTRA,2,E01017474,0,-1
2023440224622,2023,440224622,1,9,0,17,19,2,7,0,0,0,5,0,1,4,1,1,6,6,1,56,9,1598,1,18,VAUXHALL ASTRA,8,E01023280,0,-1
2023131355784,2023,131355784,1,9,0,5,5,1,1,0,0,0,0,0,0,0,2,1,5,6,3,35,6,1598,1,8,VAUXHALL ASTRA,8,E01011279,0,-1
2023201396601,2023,201396601,1,9,0,18,19,7,3,0,0,2,0,0,0,0,1,1,6,6,1,41,7,1598,2,8,VAUXHALL ASTRA,1,E01009061,0,-1
2023031312178,2023,031312178,2,9,0,18,19,7,4,0,0,1,0,0,0,0,1,1,6,6,3,-1,-1,1956,2,9,VAUXHALL ASTRA,-1,-1,0,-1
2023451343606,2023,451343606,2,9,0,18,19,7,3,0,0,8,1,0,0,0,1,1,5,6,1,72,10,1399,1,4,VAUXHALL ASTRA,2,E01004539,0,-1
2023991305823,2023,991305823,1,9,0,18,19,1,5,0,0,1,0,0,0,0,2,1,5,6,1,21,5,1598,1,8,VAUXHALL ASTRA,2,-1,0,-1
2023161271429,2023,161271429,2,9,0,18,19,7,3,0,0,0,0,0,0,0,1,1,5,6,1,38,7,1364,1,9,VAUXHALL ASTRA,3,E01012866,0,-1
2023041358499,2023,041358499,1,9,0,12,12,4,2,0,0,8,0,0,0,0,1,1,6,6,2,19,4,1248,2,13,VAUXHALL ASTRA,1,E01012578,0,-1
2023170L10593,2023,170L10593,1,9,0,18,19,4,7,0,0,8,0,0,0,0,1,1,6,6,2,36,7,1956,2,10,VAUXHALL ASTRA,1,E01012143,0,-1
2023010423362,2023,010423362,2,9,0,99,99,9,9,99,99,9,9,99,9,99,9,9,6,6,3,-1,-1,1598,1,14,VAUXHALL ASTRA,5,E01004450,0,-1
2023131287982,2023,131287982,1,9,0,-1,-1,-1,-1,-1,-1,-1,-1,-1,-1,-1,-1,1,6,6,3,-1,-1,1389,1,20,VAUXHALL ASTRA,-1,-1,0,-1
2023211370703,2023,211370703,1,9,0,5,5,1,5,0,0,0,0,0,0,0,0,1,1,1,1,77,11,1598,2,7,VAUXHALL ASTRA,2,E01029763,0,-1
2023501266114,2023,501266114,1,9,0,5,5,3,7,0,0,8,0,0,0,0,1,1,1,1,2,27,6,1399,1,6,VAUXHALL ASTRA,6,E01015244,0,-1
2023351284100,2023,351284100,2,9,0,4,4,4,8,0,0,1,0,0,0,0,2,1,6,6,2,43,7,1796,1,15,VAUXHALL ASTRA,1,E01015663,0,-1
2023548322023,2023,548322023,1,9,0,18,19,2,6,0,0,1,0,0,0,0,1,1,6,6,2,42,7,1364,1,17,VAUXHALL ASTRA,7,E01032116,0,-1
2023451280537,2023,451280537,1,9,0,18,19,5,1,0,0,4,5,0,7,0,1,1,5,6,1,20,4,1796,1,16,VAUXHALL ASTRA,6,E01001275,0,-1
2023311319857,2023,311319857,1,9,0,5,5,5,3,0,0,2,5,4,0,0,1,1,5,6,1,34,6,1686,2,9,VAUXHALL ASTRA,8,E01019517,0,-1
2023471324660,2023,471324660,2,9,0,2,2,1,5,0,0,0,0,0,0,0,2,1,5,6,2,25,5,1398,1,10,VAUXHALL ASTRA,4,E01031576,0,-1
2023141299775,2023,141299775,1,9,0,7,7,3,7,0,0,3,0,0,7,2,3,1,1,1,1,32,6,1199,1,1,VAUXHALL ASTRA,6,E01007455,0,-1
2023411279289,2023,411279289,2,9,0,2,2,0,0,0,0,0,0,0,0,0,2,1,6,6,3,-1,-1,1956,2,12,VAUXHALL ASTRA,-1,-1,0,-1
2023070842485,2023,070842485,1,9,0,18,19,5,7,0,0,4,0,0,0,0,3,1,2,2,2,-1,-1,1398,1,9,VAUXHALL ASTRA,8,E01012435,0,-1
2023471317182,2023,471317182,2,9,0,9,9,6,2,0,0,2,0,0,0,0,2,1,5,6,2,56,9,1598,1,14,VAUXHALL ASTRA,10,E01031619,0,-1
2023430503423,2023,430503423,2,9,0,18,19,5,1,0,0,0,0,0,0,0,1,1,6,6,1,48,8,1796,1,24,VAUXHALL ASTRA,-1,-1,0,-1
2023501337428,2023,501337428,2,9,0,18,19,1,5,0,0,0,1,0,0,0,1,1,6,6,2,44,7,1598,1,9,VAUXHALL ASTRA,1,E01015146,0,-1
2023010486302,2023,010486302,2,9,0,99,99,9,9,99,99,9,9,99,9,99,2,9,6,6,1,-1,-1,1796,1,15,VAUXHALL ASTRA,2,E01001588,0,-1
2023201309257,2023,201309257,2,9,0,18,19,2,6,0,0,8,0,0,0,0,1,1,6,6,2,36,7,1364,1,16,VAUXHALL ASTRA,5,E01010558,0,-1
2023141299125,2023,141299125,1,9,0,5,5,6,2,0,0,0,0,0,0,0,0,1,6,6,2,53,8,1598,1,10,VAUXHALL ASTRA,7,E01007400,0,-1
2023010437327,2023,010437327,1,9,0,5,5,1,5,0,0,0,0,0,0,0,1,1,1,1,1,27,6,1399,1,4,VAUXHALL ASTRA,2,E01003044,0,-1
2023461285013,2023,461285013,1,9,0,5,5,5,1,0,0,1,0,0,0,0,1,1,6,6,2,40,7,1796,1,17,VAUXHALL ASTRA,6,E01024023,0,-1
2023361300874,2023,361300874,3,9,0,2,2,0,0,0,0,0,0,0,0,0,2,1,6,6,3,-1,-1,1598,1,14,VAUXHALL ASTRA,-1,-1,0,-1
2023010443370,2023,010443370,2,9,0,99,99,9,9,99,99,9,9,99,9,99,9,9,6,6,3,25,5,1598,2,6,VAUXHALL ASTRA,1,E01002790,0,-1
2023010461418,2023,010461418,1,9,0,5,5,7,3,0,0,4,0,0,0,0,2,1,6,6,2,33,6,1364,1,9,VAUXHALL ASTRA,2,E01024477,0,-1
2023430294871,2023,430294871,1,9,0,18,19,1,5,0,0,1,0,0,0,0,1,1,6,6,1,45,7,1598,1,16,VAUXHALL ASTRA,5,E01028605,0,-1
2023311309321,2023,311309321,1,9,0,18,19,4,8,0,0,0,0,7,0,0,1,1,1,1,1,25,5,1598,2,5,VAUXHALL ASTRA,5,E01028189,0,-1
2023041267683,2023,041267683,1,9,0,18,19,5,1,0,0,0,0,0,0,0,1,1,2,2,1,52,8,1598,1,15,VAUXHALL ASTRA,3,E01012689,0,-1
2023320756744,2023,320756744,1,9,0,18,19,4,8,0,0,4,0,0,0,0,1,1,6,6,1,35,6,1910,2,15,VAUXHALL ASTRA,-1,-1,0,-1
2023201390692,2023,201390692,2,9,0,18,19,1,5,0,0,8,0,0,0,0,1,1,6,6,1,32,6,1956,2,11,VAUXHALL ASTRA,3,E01009928,0,-1
2023440061895,2023,440061895,2,9,0,4,4,3,7,0,0,0,0,0,0,0,2,1,2,2,1,23,5,1598,1,12,VAUXHALL ASTRA,10,E01022606,0,-1
2023141280396,2023,141280396,2,9,0,1,1,1,5,0,0,0,0,0,0,0,2,1,6,6,3,-1,-1,1686,2,10,VAUXHALL ASTRA,-1,-1,0,-1
2023501329414,2023,501329414,2,9,0,16,19,3,6,0,0,0,5,0,2,10,4,1,5,6,1,39,7,1686,2,20,VAUXHALL ASTRA,6,E01020304,0,-1
2023010475313,2023,010475313,2,9,0,99,99,9,9,99,99,9,9,99,9,99,9,9,6,6,3,-1,-1,1399,1,6,VAUXHALL ASTRA,-1,-1,0,-1
2023430183601,2023,430183601,1,9,0,9,9,8,6,0,0,6,0,0,0,0,3,1,6,6,1,30,6,1796,1,14,VAUXHALL ASTRA,5,E01016405,0,-1
2023101328426,2023,101328426,1,9,0,18,19,3,7,0,0,0,0,0,0,0,4,1,5,6,1,48,8,1598,2,6,VAUXHALL ASTRA,6,E01008196,0,-1
2023221387806,2023,221387806,2,9,0,18,19,5,1,0,0,8,0,0,0,0,1,1,5,6,1,87,11,1686,2,19,VAUXHALL ASTRA,4,E01032359,0,-1
2023991319160,2023,991319160,1,9,0,18,19,8,4,0,0,0,0,0,0,0,1,1,5,6,1,46,8,1598,1,8,VAUXHALL ASTRA,5,-1,0,-1
2023311269971,2023,311269971,2,9,0,18,19,3,7,0,0,1,0,0,0,0,1,1,5,6,1,48,8,1956,2,11,VAUXHALL ASTRA,-1,-1,0,-1
2023302300302,2023,302300302,1,9,0,16,19,4,8,0,0,3,0,0,0,0,1,1,6,6,1,29,6,1598,1,14,VAUXHALL ASTRA,9,E01028376,0,-1
2023201404692,2023,201404692,1,9,0,5,5,4,8,0,0,8,0,0,0,0,1,1,6,6,2,63,9,1598,1,17,VAUXHALL ASTRA,3,E01009411,0,-1
2023520400498,2023,520400498,1,9,0,18,19,1,5,0,0,8,0,0,0,0,1,1,6,6,2,26,6,1598,1,12,VAUXHALL ASTRA,9,E01029076,0,-1
2023501308955,2023,501308955,2,9,0,10,10,7,5,0,0,1,0,0,0,0,2,1,5,6,2,31,6,1686,2,13,VAUXHALL ASTRA,4,E01020293,0,-1
2023520401025,2023,520401025,1,9,0,18,19,6,2,0,0,8,0,0,0,0,4,1,6,6,2,22,5,1399,1,7,VAUXHALL ASTRA,4,E01029238,0,-1
2023610035823,2023,610035823,1,9,0,18,19,5,1,0,0,0,0,10,2,1,1,1,6,6,1,59,9,1686,2,15,VAUXHALL ASTRA,6,W01001458,0,-1
2023010453856,2023,010453856,2,9,0,9,9,1,7,0,0,0,0,0,0,0,1,1,6,6,1,20,4,1598,1,14,VAUXHALL ASTRA,2,E01004267,0,-1
2023311382016,2023,311382016,2,9,0,18,19,6,1,0,0,8,0,0,7,11,4,1,2,2,2,31,6,1364,1,16,VAUXHALL ASTRA,2,E01027967,0,-1
2023010460226,2023,010460226,1,9,0,6,6,1,1,0,0,0,0,0,0,0,3,1,6,6,2,26,6,1598,1,19,VAUXHALL ASTRA,4,E01002794,0,-1
2023991321027,2023,991321027,2,9,0,18,19,3,7,0,0,0,0,0,0,0,1,1,5,6,1,66,10,1956,2,10,VAUXHALL ASTRA,9,-1,0,-1
2023351318187,2023,351318187,1,9,0,7,7,-1,-1,0,0,6,0,0,0,0,1,1,6,6,2,-1,-1,1598,1,17,VAUXHALL ASTRA,-1,-1,0,-1
2023221290541,2023,221290541,2,9,0,17,19,1,6,0,0,8,0,0,0,0,1,1,6,6,1,74,10,1598,2,8,VAUXHALL ASTRA,5,E01014069,0,-1
2023430329278,2023,430329278,1,9,0,18,19,6,2,0,0,0,0,0,0,0,4,1,1,1,1,32,6,1598,1,12,VAUXHALL ASTRA,4,E01016724,0,-1
2023161294313,2023,161294313,2,9,0,7,7,3,5,0,0,0,0,0,0,0,3,1,5,6,2,66,10,1364,1,14,VAUXHALL ASTRA,10,E01013091,0,-1
2023421353325,2023,421353325,1,9,0,15,15,2,6,0,0,0,5,0,0,0,4,1,6,6,1,40,7,1398,1,9,VAUXHALL ASTRA,5,E01022009,0,-1
2023010468281,2023,010468281,1,9,9,99,99,9,9,99,99,9,9,99,9,99,9,9,6,6,2,28,6,1398,1,13,VAUXHALL ASTRA,3,E01004126,0,-1
2023141373636,2023,141373636,1,9,0,9,9,1,6,0,0,1,0,0,3,0,1,2,5,6,2,53,8,1364,1,9,VAUXHALL ASTRA,4,E01007879,0,-1
2023010484329,2023,010484329,2,9,9,99,99,9,9,99,99,9,9,99,9,99,9,9,6,6,3,-1,-1,1362,1,11,VAUXHALL ASTRA,-1,-1,0,-1
2023010427859,2023,010427859,2,9,0,9,9,1,6,0,0,1,0,0,0,0,0,1,6,6,3,-1,-1,1598,1,13,VAUXHALL ASTRA,3,E01009164,0,-1
2023351333686,2023,351333686,2,9,0,9,9,1,5,0,0,1,0,0,0,0,1,1,6,6,1,26,6,-1,-1,-1,VAUXHALL ASTRA,4,E01018095,0,-1
2023351343777,2023,351343777,2,9,0,4,4,1,7,0,0,0,0,0,0,0,2,1,2,2,2,24,5,1399,1,6,VAUXHALL ASTRA,7,E01026240,0,-1
2023411269700,2023,411269700,1,9,0,16,19,-1,-1,0,0,0,0,0,0,0,1,1,5,6,1,31,6,1598,2,7,VAUXHALL ASTRA,3,E01015757,0,-1
2023552300059,2023,552300059,1,9,0,18,19,5,1,0,0,1,0,0,0,0,0,1,6,6,2,39,7,1398,1,10,VAUXHALL ASTRA,8,E01015344,0,-1
2023320751573,2023,320751573,1,9,0,9,9,6,4,0,0,5,0,0,0,0,4,1,6,6,1,28,6,1686,2,11,VAUXHALL ASTRA,9,E01026304,0,-1
2023201380841,2023,201380841,2,9,0,12,12,2,6,0,0,3,0,0,0,0,2,1,5,6,2,51,8,1364,1,8,VAUXHALL ASTRA,1,E01010421,0,-1
2023010465093,2023,010465093,2,9,0,99,99,9,9,99,99,9,9,99,9,99,2,9,6,6,1,-1,-1,1398,1,13,VAUXHALL ASTRA,-1,-1,0,-1
2023211330467,2023,211330467,1,9,0,4,4,4,6,0,0,1,0,0,0,0,1,1,6,6,2,47,8,1796,1,16,VAUXHALL ASTRA,7,E01031041,0,-1