collision_index,collision_year,collision_ref_no,vehicle_reference,vehicle_type,towing_and_articulation,vehicle_manoeuvre_historic,vehicle_manoeuvre,vehicle_direction_from,vehicle_direction_to,vehicle_location_restricted_lane_historic,vehicle_location_restricted_lane,junction_location,skidding_and_overturning,hit_object_in_carriageway,vehicle_leaving_carriageway,hit_object_off_carriageway,first_point_of_impact,vehicle_left_hand_drive,journey_purpose_of_driver_historic,journey_purpose_of_driver,sex_of_driver,age_of_driver,age_band_of_driver,engine_capacity_cc,propulsion_code,age_of_vehicle,generic_make_model,driver_imd_decile,lsoa_of_driver,escooter_flag,driver_distance_banding
2023010465572,2023,010465572,2,9,0,99,99,9,9,99,99,0,9,99,9,99,9,9,6,6,1,-1,-1,1796,1,17,VAUXHALL ASTRA,-1,-1,0,-1
2023411356080,2023,411356080,2,9,0,2,2,-1,-1,6,6,0,0,0,0,0,2,1,5,6,2,20,4,1686,2,16,VAUXHALL ASTRA,6,E01023359,0,-1
2023501298056,2023,501298056,2,9,0,2,2,0,0,0,0,1,0,0,0,0,0,1,1,1,3,-1,-1,1598,2,5,VAUXHALL ASTRA,-1,-1,0,-1
2023631366620,2023,631366620,1,9,0,18,19,3,7,0,0,0,1,0,0,0,2,1,5,6,1,24,5,-1,-1,-1,VAUXHALL ASTRA,6,W01000579,0,-1
2023332300486,2023,332300486,1,9,0,9,9,4,3,0,0,6,0,0,0,0,1,1,1,1,2,48,8,1398,1,8,VAUXHALL ASTRA,3,E01013698,0,-1
2023010465616,2023,010465616,2,9,0,99,99,9,9,99,99,9,9,99,9,99,1,9,6,6,3,-1,-1,1398,1,13,VAUXHALL ASTRA,-1,-1,0,-1
2023010484628,2023,010484628,1,9,0,99,99,9,9,99,99,9,9,99,9,99,2,9,6,6,1,44,7,1598,1,11,VAUXHALL ASTRA,-1,-1,0,-1
2023451291740,2023,451291740,1,9,0,18,19,1,3,0,0,0,0,0,0,0,2,1,2,2,2,43,7,1686,2,15,VAUXHALL ASTRA,-1,-1,0,-1
2023332301223,2023,332301223,1,9,0,9,9,2,8,0,0,6,0,0,0,0,1,1,6,6,1,80,11,1598,2,7,VAUXHALL ASTRA,7,E01025621,0,-1
2023201290868,2023,201290868,2,9,0,10,10,-1,-1,-1,-1,-1,0,0,-1,0,1,1,3,7,2,-1,-1,999,1,5,VAUXHALL ASTRA,6,E01010012,0,-1
2023131322533,2023,131322533,1,9,0,-1,-1,-1,-1,-1,-1,-1,-1,-1,-1,0,-1,1,5,6,3,95,11,1956,2,10,VAUXHALL ASTRA,6,E01011598,0,-1
2023052302020,2023,052302020,1,9,0,18,19,1,5,0,0,0,0,0,0,0,1,1,6,6,1,35,6,1796,1,15,VAUXHALL ASTRA,5,E01006887,0,-1
2023610042323,2023,610042323,1,9,0,18,19,6,2,0,0,8,0,0,0,0,4,1,2,2,2,38,7,1598,1,16,VAUXHALL ASTRA,7,W01001354,0,-1
202360A081268,2023,60A081268,3,9,0,8,8,5,7,0,0,1,0,0,0,0,3,1,6,6,2,55,8,1598,2,8,VAUXHALL ASTRA,-1,-1,0,-1
2023161384085,2023,161384085,1,9,0,18,19,3,7,0,0,1,0,0,0,0,1,1,2,2,2,30,6,1598,1,10,VAUXHALL ASTRA,-1,-1,0,-1
2023010464636,2023,010464636,2,9,0,99,99,9,9,99,99,9,9,99,9,99,1,9,6,6,3,-1,-1,1598,1,10,VAUXHALL ASTRA,5,E01003292,0,-1
2023010442042,2023,010442042,1,9,0,16,19,7,3,0,0,1,0,10,1,2,4,1,6,6,1,29,6,1598,1,13,VAUXHALL ASTRA,5,E01003638,0,-1
2023520301365,2023,520301365,1,9,0,18,19,1,5,0,0,8,0,0,0,0,4,1,6,6,2,32,6,1956,2,10,VAUXHALL ASTRA,6,E01032631,0,-1
2023622300429,2023,622300429,2,9,0,18,19,4,8,0,0,1,0,0,0,0,4,1,6,6,1,20,4,1910,2,16,VAUXHALL ASTRA,3,W01001336,0,-1
2023070094878,2023,070094878,1,9,0,18,19,7,3,9,9,0,0,0,0,0,1,1,2,2,1,40,7,1398,1,11,VAUXHALL ASTRA,5,E01018547,0,-1
2023421338734,2023,421338734,1,9,0,14,14,3,7,0,0,1,0,0,0,0,1,1,5,6,1,56,9,1956,2,11,VAUXHALL ASTRA,6,E01021472,0,-1
2023161258762,2023,161258762,1,9,0,9,9,2,6,0,0,8,0,0,0,0,1,1,5,6,1,53,8,1598,1,12,VAUXHALL ASTRA,1,E01013137,0,-1
2023320283358,2023,320283358,2,9,0,13,13,7,3,0,0,8,0,0,7,11,1,1,1,1,1,22,5,1598,2,6,VAUXHALL ASTRA,1,E01026114,0,-1
2023522400688,2023,522400688,2,9,0,18,19,4,8,0,0,0,0,8,0,0,1,1,6,6,3,-1,-1,1796,1,14,VAUXHALL ASTRA,-1,-1,0,-1
2023501349529,2023,501349529,1,9,0,2,2,0,0,0,0,0,0,0,0,0,0,1,1,1,1,34,6,-1,-1,-1,VAUXHALL ASTRA,6,E01027034,0,-1
2023371358746,2023,371358746,2,9,0,18,19,5,1,0,0,1,1,0,0,0,1,1,2,2,2,52,8,1598,1,16,VAUXHALL ASTRA,5,E01030267,0,-1
2023010476963,2023,010476963,1,9,0,18,19,5,1,0,0,2,0,0,0,0,1,1,6,6,1,52,8,1364,1,13,VAUXHALL ASTRA,-1,-1,0,-1
2023052301375,2023,052301375,1,9,0,18,19,1,5,0,0,8,0,0,0,0,1,1,6,6,3,-1,-1,1399,1,5,VAUXHALL ASTRA,-1,-1,0,-1
2023320187775,2023,320187775,1,9,0,17,19,7,5,0,0,2,0,0,1,0,4,1,6,6,1,45,7,-1,-1,-1,VAUXHALL ASTRA,-1,-1,0,-1
2023010447220,2023,010447220,1,9,0,18,19,1,5,0,0,1,0,11,0,0,1,1,2,2,1,26,6,1598,2,6,VAUXHALL ASTRA,2,E01001830,0,-1
2023522400448,2023,522400448,2,9,0,3,3,2,6,0,0,2,0,0,0,0,2,1,6,6,1,53,8,1598,1,16,VAUXHALL ASTRA,10,E01014878,0,-1
202360A165789,2023,60A165789,2,9,0,18,19,8,4,0,0,1,0,0,0,0,0,1,6,6,1,39,7,-1,-1,-1,VAUXHALL ASTRA,-1,-1,0,-1
2023302301054,2023,302301054,1,9,0,18,19,1,5,0,0,0,0,0,1,0,1,1,6,6,2,64,9,999,1,7,VAUXHALL ASTRA,7,E01019700,0,-1
2023461352330,2023,461352330,1,9,0,14,14,5,1,0,0,1,0,0,0,0,1,1,1,1,1,-1,-1,1496,2,2,VAUXHALL ASTRA,3,E01024608,0,-1
2023161372914,2023,161372914,2,9,0,18,19,1,4,0,0,0,0,0,0,0,1,1,6,6,2,30,6,1598,1,13,VAUXHALL ASTRA,3,E01012795,0,-1
2023010425532,2023,010425532,2,9,0,9,9,8,6,0,0,6,0,0,0,0,1,1,6,6,3,-1,-1,999,1,6,VAUXHALL ASTRA,-1,-1,0,-1
2023332300080,2023,332300080,1,9,0,16,19,2,5,0,0,0,0,0,0,0,1,1,6,6,2,37,7,1956,2,9,VAUXHALL ASTRA,2,E01032873,0,-1
2023430500416,2023,430500416,2,9,0,9,9,1,7,0,0,8,0,0,0,0,4,1,2,2,1,60,9,1598,1,13,VAUXHALL ASTRA,3,E01028552,0,-1
2023302300655,2023,302300655,2,9,0,2,2,0,0,0,0,0,0,0,0,0,4,1,6,6,3,-1,-1,1796,1,16,VAUXHALL ASTRA,-1,-1,0,-1
2023991402910,2023,991402910,3,9,0,18,19,1,5,0,0,0,1,0,0,0,1,1,6,6,1,58,9,1598,1,8,VAUXHALL ASTRA,9,E01018365,0,-1
2023501310159,2023,501310159,2,9,0,18,19,7,3,0,0,0,0,0,0,0,3,1,6,6,2,40,7,1598,1,8,VAUXHALL ASTRA,5,E01020339,0,-1
2023520400638,2023,520400638,2,9,0,18,19,1,5,0,0,0,0,0,0,0,1,1,6,6,2,35,6,1598,2,7,VAUXHALL ASTRA,1,E01029297,0,-1
2023311319340,2023,311319340,1,9,0,3,3,7,5,0,0,0,0,0,0,0,2,1,6,6,2,26,6,1399,1,6,VAUXHALL ASTRA,5,E01019439,0,-1
2023161287175,2023,161287175,2,9,0,2,2,0,0,0,0,0,0,10,7,0,1,1,6,6,3,-1,-1,1398,1,13,VAUXHALL ASTRA,-1,-1,0,-1
2023332300208,2023,332300208,1,9,0,18,19,8,4,0,0,0,0,0,1,9,3,1,6,6,1,20,4,1362,1,11,VAUXHALL ASTRA,9,E01026001,0,-1
2023052302656,2023,052302656,2,9,0,18,19,3,7,0,0,8,0,0,4,1,4,1,6,6,1,56,9,1364,1,6,VAUXHALL ASTRA,4,E01033762,0,-1
2023440479991,2023,440479991,2,9,0,18,19,2,6,0,0,8,0,0,0,0,3,1,6,6,2,19,4,1399,1,7,VAUXHALL ASTRA,2,E01017165,0,-1
2023302301058,2023,302301058,1,9,0,17,19,2,8,0,0,1,0,0,0,0,1,1,6,6,1,41,7,1598,1,21,VAUXHALL ASTRA,4,E01019481,0,-1
2023471305414,2023,471305414,3,9,0,18,19,3,7,0,0,1,0,0,0,0,3,1,1,1,2,44,7,1598,2,7,VAUXHALL ASTRA,6,E01022925,0,-1
2023440337038,2023,440337038,2,9,0,18,19,2,6,0,0,8,0,0,0,0,1,1,6,6,1,33,6,1398,1,8,VAUXHALL ASTRA,9,E01023036,0,-1
2023010481094,2023,010481094,2,9,0,99,99,9,9,99,99,0,9,99,9,99,9,9,6,6,3,-1,-1,1398,1,12,VAUXHALL ASTRA,8,E01000393,0,-1
2023061273029,2023,061273029,1,9,0,9,9,3,8,0,0,8,0,0,0,0,1,1,5,6,2,38,7,1686,2,11,VAUXHALL ASTRA,-1,-1,0,-1
2023631354617,2023,631354617,1,9,0,18,19,2,5,0,0,0,0,4,0,0,1,1,6,6,1,45,7,1199,1,0,VAUXHALL ASTRA,5,W01000505,0,-1
2023010475314,2023,010475314,2,9,0,99,99,9,9,99,99,9,9,99,9,99,9,9,6,6,3,-1,-1,1598,1,12,VAUXHALL ASTRA,-1,-1,0,-1
2023161361998,2023,161361998,1,9,0,7,7,3,5,0,0,1,0,0,0,0,4,1,6,6,2,20,4,1364,1,16,VAUXHALL ASTRA,6,E01012766,0,-1
2023131303809,2023,131303809,1,9,0,-1,-1,-1,-1,-1,-1,0,-1,-1,-1,-1,-1,1,6,6,3,-1,-1,1248,2,10,VAUXHALL ASTRA,-1,-1,0,-1
2023461286880,2023,461286880,2,9,0,18,19,8,7,0,0,8,0,0,0,0,1,1,6,6,2,74,10,1598,1,10,VAUXHALL ASTRA,10,E01024408,0,-1
2023010445937,2023,010445937,2,9,0,99,99,9,9,99,99,9,9,99,9,99,1,9,6,6,3,-1,-1,1598,1,9,VAUXHALL ASTRA,-1,-1,0,-1
2023052302434,2023,052302434,1,9,0,18,19,5,1,0,0,4,0,0,0,0,1,1,6,6,1,56,9,1399,1,5,VAUXHALL ASTRA,5,E01006896,0,-1
2023340WN2392,2023,340WN2392,2,9,0,8,8,6,2,0,0,4,0,0,0,0,2,1,6,6,1,48,8,1598,2,6,VAUXHALL ASTRA,2,E01027257,0,-1
2023430447873,2023,430447873,1,9,0,18,19,2,6,0,0,0,0,0,0,0,2,1,6,6,1,36,7,1598,1,9,VAUXHALL ASTRA,-1,-1,0,-1
2023201371575,2023,201371575,1,9,0,18,19,8,4,0,0,1,0,0,0,0,1,1,6,6,1,31,6,1598,2,7,VAUXHALL ASTRA,7,E01010121,0,-1
2023041283226,2023,041283226,2,9,0,13,13,5,1,0,0,0,0,0,1,0,3,1,6,6,1,22,5,1796,1,13,VAUXHALL ASTRA,5,E01024998,0,-1
2023010482223,2023,010482223,2,9,0,18,19,1,5,0,0,1,0,0,0,0,1,1,2,2,1,24,5,1399,1,7,VAUXHALL ASTRA,-1,-1,0,-1
2023211284559,2023,211284559,1,9,-1,18,19,6,2,-1,-1,-1,-1,-1,-1,0,-1,1,6,6,2,32,6,1399,1,6,VAUXHALL ASTRA,2,E01029351,0,-1
2023471270005,2023,471270005,1,9,0,14,14,5,1,0,0,1,0,11,1,11,1,1,6,6,1,41,7,1598,1,12,VAUXHALL ASTRA,4,E01031716,0,-1
2023131317316,2023,131317316,1,9,0,18,19,1,1,0,0,2,5,0,0,0,1,1,5,6,2,56,9,1956,2,10,VAUXHALL ASTRA,4,E01011323,0,-1
2023061366936,2023,061366936,1,9,0,6,6,8,8,0,0,0,0,0,0,0,1,1,6,6,3,30,6,1399,1,4,VAUXHALL ASTRA,-1,-1,0,-1
2023471329143,2023,471329143,2,9,0,9,9,7,5,0,0,1,0,0,0,0,4,1,6,6,1,48,8,1598,1,11,VAUXHALL ASTRA,4,E01016973,0,-1
2023552300692,2023,552300692,1,19,0,9,9,4,2,0,0,6,0,0,0,0,1,1,6,6,1,28,6,1686,2,13,VAUXHALL ASTRA,8,E01022991,0,-1
2023221303818,2023,221303818,1,9,0,18,19,6,2,0,0,0,0,0,0,0,1,1,1,1,1,28,6,1598,2,5,VAUXHALL ASTRA,-1,-1,0,-1
2023010473140,2023,010473140,1,9,0,18,19,7,3,0,0,8,0,0,0,0,1,1,6,6,1,27,6,1598,1,8,VAUXHALL ASTRA,6,E01004626,0,-1
2023131305015,2023,131305015,1,9,0,-1,-1,-1,-1,-1,-1,-1,-1,-1,-1,-1,-1,1,6,6,3,-1,-1,1686,2,8,VAUXHALL ASTRA,-1,-1,0,-1
2023461272373,2023,461272373,2,9,0,18,19,3,7,0,0,0,0,0,0,0,1,1,6,6,2,39,7,1956,2,8,VAUXHALL ASTRA,2,E01024616,0,-1
2023549255623,2023,549255623,2,9,0,3,3,6,2,0,0,1,0,0,0,0,2,1,6,6,1,53,8,1364,1,13,VAUXHALL ASTRA,2,E01032062,0,-1
2023010425450,2023,010425450,2,9,0,9,9,5,3,0,0,1,0,0,0,0,3,1,6,6,2,30,6,1796,1,16,VAUXHALL ASTRA,2,E01032569,0,-1
2023401298412,2023,401298412,2,9,0,18,19,8,4,0,0,8,0,0,0,0,1,1,5,6,1,32,6,1598,2,8,VAUXHALL ASTRA,2,E01015760,0,-1
2023041389845,2023,041389845,4,9,0,2,2,0,0,0,0,2,0,0,0,0,2,1,6,6,3,-1,-1,1686,2,18,VAUXHALL ASTRA,-1,-1,0,-1
2023451319497,2023,451319497,1,9,0,13,13,6,1,0,0,0,0,0,0,0,4,1,3,7,1,43,7,1598,1,8,VAUXHALL ASTRA,9,E01002995,0,-1
2023501343664,2023,501343664,2,9,0,13,13,5,1,0,0,0,1,0,1,10,1,1,5,6,1,19,4,1598,1,13,VAUXHALL ASTRA,4,E01020305,0,-1
2023430053721,2023,430053721,1,9,0,17,19,7,4,0,0,8,0,0,0,0,0,1,1,1,1,23,5,1598,2,5,VAUXHALL ASTRA,10,E01028473,0,-1
2023131290068,2023,131290068,1,9,0,9,9,5,3,0,0,6,0,0,0,0,3,1,5,6,1,34,6,1199,1,1,VAUXHALL ASTRA,3,E01033032,0,-1
2023201295763,2023,201295763,2,9,0,18,19,8,4,0,0,4,0,0,0,0,4,1,6,6,1,34,6,1598,2,7,VAUXHALL ASTRA,3,E01010083,0,-1
2023010468055,2023,010468055,2,9,0,5,5,3,7,0,0,1,0,0,0,0,1,1,6,6,2,28,6,1598,1,13,VAUXHALL ASTRA,2,E01017537,0,-1
2023010476463,2023,010476463,1,9,0,99,99,9,9,99,99,9,9,99,9,99,9,9,2,2,3,27,6,1598,1,12,VAUXHALL ASTRA,3,E01004575,0,-1
2023161330234,2023,161330234,3,9,0,4,4,7,3,0,0,0,0,0,0,0,1,1,6,6,2,35,6,1398,1,9,VAUXHALL ASTRA,1,E01012858,0,-1
2023302300750,2023,302300750,2,9,0,16,19,5,8,0,0,0,0,0,0,0,3,1,6,6,1,28,6,1598,1,9,VAUXHALL ASTRA,7,E01032039,0,-1
2023552300445,2023,552300445,1,9,0,18,19,2,6,0,0,3,0,0,7,11,1,1,6,6,1,28,6,1956,2,11,VAUXHALL ASTRA,4,E01020496,0,-1
2023991283648,2023,991283648,3,9,0,18,19,6,2,0,0,1,0,0,0,0,1,1,1,1,1,22,5,1796,1,14,VAUXHALL ASTRA,9,-1,0,-1
2023131327585,2023,131327585,3,9,0,2,2,0,0,0,0,1,0,0,0,0,1,1,6,6,3,-1,-1,1598,2,8,VAUXHALL ASTRA,-1,-1,0,-1
2023320500910,2023,320500910,2,9,0,5,5,2,6,0,0,8,0,0,0,0,1,1,1,1,1,51,8,1364,1,15,VAUXHALL ASTRA,4,E01026250,0,-1
2023440181800,2023,440181800,3,9,0,2,2,0,0,0,0,0,0,0,0,0,2,1,6,6,3,-1,-1,1598,1,19,VAUXHALL ASTRA,-1,-1,0,-1
2023201378449,2023,201378449,2,9,0,2,2,0,0,9,9,0,0,0,0,0,3,1,6,6,1,51,8,1364,1,13,VAUXHALL ASTRA,1,E01009400,0,-1
2023610016023,2023,610016023,1,9,0,18,19,4,8,0,0,0,0,0,0,0,3,1,6,6,2,58,9,1398,1,8,VAUXHALL ASTRA,9,E01031930,0,-1
2023122400170,2023,122400170,1,9,0,17,19,1,5,0,0,0,2,0,0,0,1,1,2,2,2,59,9,1598,1,8,VAUXHALL ASTRA,8,E01013037,0,-1
2023351305241,2023,351305241,2,9,0,18,19,3,3,0,0,8,0,0,0,0,1,1,5,6,2,36,7,1399,1,7,VAUXHALL ASTRA,10,E01018175,0,-1
2023201311519,2023,201311519,1,9,0,18,19,7,3,0,0,0,0,0,0,0,1,1,6,6,1,88,11,1598,1,14,VAUXHALL ASTRA,9,E01009850,0,-1
2023010449642,2023,010449642,2,9,0,99,99,9,9,99,99,0,9,99,9,99,2,9,6,6,1,69,10,1598,1,10,VAUXHALL ASTRA,8,E01002922,0,-1
2023122301070,2023,122301070,2,9,0,7,7,3,5,0,0,1,0,0,0,0,1,1,6,6,2,64,9,1598,1,13,VAUXHALL ASTRA,8,E01027859,0,-1
2023311354588,2023,311354588,1,9,0,4,4,8,3,0,0,0,0,0,0,0,2,1,5,6,1,28,6,1598,2,7,VAUXHALL ASTRA,5,E01013931,0,-1
2023430355161,2023,430355161,2,9,0,18,19,3,7,0,0,0,0,0,0,0,1,1,1,1,1,34,6,1364,1,9,VAUXHALL ASTRA,9,E01028759,0,-1
2023161382584,2023,161382584,1,9,0,9,9,3,1,0,0,5,0,0,0,0,1,2,6,6,2,33,6,1398,1,10,VAUXHALL ASTRA,9,E01012998,0,-1
2023010462126,2023,010462126,2,9,0,18,19,1,5,0,0,8,0,0,0,0,0,1,1,1,1,39,7,1341,1,3,VAUXHALL ASTRA,2,E01015807,0,-1
2023991290248,2023,991290248,13,9,0,18,19,1,5,0,0,1,1,0,0,0,3,1,6,6,1,23,5,1399,1,4,VAUXHALL ASTRA,10,-1,0,-1
202360A056947,2023,60A056947,1,9,0,5,5,5,1,0,0,6,0,0,0,0,3,1,6,6,1,81,11,1248,2,15,VAUXHALL ASTRA,-1,-1,0,-1
2023471335516,2023,471335516,1,9,0,2,2,6,2,0,0,0,0,0,0,0,2,1,6,6,3,-1,-1,1598,2,4,VAUXHALL ASTRA,-1,-1,0,-1
2023430160386,2023,430160386,2,9,0,18,19,9,9,0,0,0,0,0,0,0,1,1,6,6,2,30,6,1796,1,16,VAUXHALL ASTRA,-1,-1,0,-1
2023010469993,2023,010469993,2,9,0,18,19,5,1,0,0,1,0,0,0,0,1,1,6,6,1,38,7,1796,1,16,VAUXHALL ASTRA,2,E01002051,0,-1
2023522400982,2023,522400982,1,9,0,17,19,6,2,0,0,0,1,0,7,9,3,1,6,6,2,40,7,1364,1,14,VAUXHALL ASTRA,10,E01014930,0,-1
2023010479179,2023,010479179,1,9,0,9,9,1,6,0,0,1,0,0,0,0,1,1,6,6,2,23,5,1398,1,10,VAUXHALL ASTRA,3,E01000481,0,-1
202360A095386,2023,60A095386,2,9,0,18,19,7,3,0,0,0,0,0,0,0,2,1,6,6,2,31,6,1686,2,13,VAUXHALL ASTRA,-1,-1,0,-1
2023231396352,2023,231396352,2,9,0,18,19,2,6,0,0,8,0,0,1,0,1,1,6,6,1,69,10,1598,1,11,VAUXHALL ASTRA,8,E01031182,0,-1
202354D644323,2023,54D644323,1,9,0,12,12,5,1,0,0,4,0,0,0,0,1,1,2,2,2,31,6,1398,1,12,VAUXHALL ASTRA,-1,-1,0,-1
2023010430901,2023,010430901,1,9,0,9,9,1,7,0,0,8,0,0,0,0,0,1,2,2,2,57,9,1399,1,7,VAUXHALL ASTRA,4,E01001061,0,-1
2023131375061,2023,131375061,4,9,0,18,19,7,3,0,0,0,0,0,0,0,2,1,6,6,1,26,6,1598,1,15,VAUXHALL ASTRA,7,E01013017,0,-1
2023401337863,2023,401337863,3,9,0,18,19,4,8,0,0,0,0,0,0,0,2,1,6,6,1,28,6,1598,2,7,VAUXHALL ASTRA,4,E01015755,0,-1
2023161364240,2023,161364240,1,9,0,18,19,1,5,0,0,1,0,0,0,0,3,1,6,6,2,-1,-1,1248,2,10,VAUXHALL ASTRA,-1,-1,0,-1
2023041315664,2023,041315664,1,9,0,9,9,3,1,0,0,5,0,0,0,0,1,1,2,2,1,30,6,1956,2,10,VAUXHALL ASTRA,4,E01025518,0,-1
2023122301278,2023,122301278,1,9,0,7,7,6,8,0,0,6,0,0,0,0,1,1,6,6,1,28,6,1796,1,15,VAUXHALL ASTRA,1,E01027907,0,-1
2023501325896,2023,501325896,2,9,0,18,19,3,7,0,0,0,2,0,0,0,4,1,2,2,1,19,4,1364,1,14,VAUXHALL ASTRA,8,E01015111,0,-1
2023010446672,2023,010446672,2,9,0,18,19,1,5,0,0,0,0,0,0,0,1,1,6,6,1,26,6,1399,1,7,VAUXHALL ASTRA,2,E01004044,0,-1
2023221351112,2023,221351112,2,9,0,17,19,6,3,0,0,0,0,0,0,0,1,1,5,6,2,61,9,1598,2,7,VAUXHALL ASTRA,7,E01019435,0,-1
2023471281542,2023,471281542,2,9,0,18,19,1,5,0,0,4,0,0,3,0,1,1,1,1,1,23,5,1598,2,4,VAUXHALL ASTRA,5,E01031585,0,-1
2023411352369,2023,411352369,3,9,0,18,19,4,8,0,0,4,0,0,3,0,1,1,6,6,1,30,6,1399,1,6,VAUXHALL ASTRA,-1,-1,0,-1
2023131342925,2023,131342925,2,9,0,18,19,5,1,0,0,8,0,0,0,0,2,1,5,6,1,32,6,1598,1,11,VAUXHALL ASTRA,4,E01033018,0,-1
2023061368343,2023,061368343,1,9,-1,-1,-1,-1,-1,-1,-1,0,-1,-1,-1,0,-1,1,6,6,3,-1,-1,1364,1,14,VAUXHALL ASTRA,-1,-1,0,-1
2023131355784,2023,131355784,2,9,0,4,4,1,1,0,0,0,0,0,0,0,1,1,2,2,1,28,6,999,1,5,VAUXHALL ASTRA,1,E01005104,0,-1
2023131342925,2023,131342925,1,9,0,18,19,5,1,0,0,8,0,0,0,0,1,1,6,6,1,42,7,1598,1,5,VAUXHALL ASTRA,1,E01011355,0,-1
2023461307253,2023,461307253,8,9,0,2,2,0,0,0,0,8,0,0,0,0,2,1,6,6,3,-1,-1,1598,1,13,VAUXHALL ASTRA,-1,-1,0,-1
2023010444514,2023,010444514,1,9,0,18,19,1,5,0,0,0,0,0,0,0,1,1,1,1,1,28,6,1341,11,3,VAUXHALL ASTRA,3,E01004259,0,-1
2023401315349,2023,401315349,1,9,0,18,19,1,5,0,0,0,1,0,0,0,1,1,6,6,1,29,6,1598,1,16,VAUXHALL ASTRA,6,E01017507,0,-1
2023010465839,2023,010465839,1,9,0,18,19,5,1,0,0,0,0,0,0,0,1,1,6,6,1,28,6,1398,1,11,VAUXHALL ASTRA,-1,-1,0,-1
2023543794423,2023,543794423,1,9,0,18,19,6,2,0,0,0,1,0,0,0,1,1,2,2,2,56,9,1956,2,12,VAUXHALL ASTRA,8,E01015557,0,-1
2023552301062,2023,552301062,2,9,0,3,3,8,4,0,0,0,0,0,0,0,2,1,1,1,1,-1,-1,1686,2,9,VAUXHALL ASTRA,2,E01015367,0,-1
2023231395171,2023,231395171,1,9,0,5,5,8,2,0,0,4,0,0,0,0,3,1,6,6,1,45,7,1398,1,12,VAUXHALL ASTRA,6,E01019873,0,-1
2023201385563,2023,201385563,2,9,0,9,9,4,2,0,0,6,0,0,0,0,3,1,6,6,2,23,5,1598,1,9,VAUXHALL ASTRA,2,E01009317,0,-1
2023991371451,2023,991371451,2,9,0,9,9,6,4,0,0,8,0,0,7,0,1,1,1,1,2,25,5,1398,1,11,VAUXHALL ASTRA,5,-1,0,-1
2023010469637,2023,010469637,1,9,0,18,19,5,1,0,0,8,0,0,0,0,1,1,3,7,1,22,5,1362,1,11,VAUXHALL ASTRA,5,E01001344,0,-1
2023071015354,2023,071015354,1,9,0,18,19,8,4,0,0,8,0,0,0,0,4,1,6,6,1,44,7,1598,1,10,VAUXHALL ASTRA,2,E01012379,0,-1
2023501350143,2023,501350143,2,9,0,2,2,0,0,0,0,0,1,4,0,0,1,1,6,6,3,-1,-1,1796,1,15,VAUXHALL ASTRA,-1,-1,0,-1
2023610023523,2023,610023523,1,9,0,17,19,6,3,0,0,0,0,0,8,3,1,1,6,6,1,22,5,1686,2,14,VAUXHALL ASTRA,8,W01001608,0,-1
2023401306630,2023,401306630,2,9,0,18,19,1,5,0,0,0,0,0,0,0,1,1,5,6,1,47,8,1598,1,13,VAUXHALL ASTRA,4,E01015784,0,-1
2023010438744,2023,010438744,1,9,0,5,5,1,5,0,0,1,0,7,0,0,4,1,2,2,1,50,8,1398,1,12,VAUXHALL ASTRA,5,E01002666,0,-1
2023010427791,2023,010427791,1,9,0,18,19,5,1,0,0,8,0,0,0,0,3,2,6,6,1,30,6,1364,1,8,VAUXHALL ASTRA,3,E01004448,0,-1
2023361368818,2023,361368818,1,9,0,5,5,5,1,0,0,1,0,0,0,0,1,1,5,6,1,39,7,1956,2,11,VAUXHALL ASTRA,4,E01026278,0,-1
2023541631823,2023,541631823,1,9,0,18,19,5,1,0,0,1,1,7,1,2,4,1,6,6,1,45,7,1956,2,11,VAUXHALL ASTRA,8,W01001517,0,-1
2023451337897,2023,451337897,2,9,0,4,4,5,1,0,0,1,0,0,0,0,2,1,2,2,2,38,7,1398,1,8,VAUXHALL ASTRA,4,E01002611,0,-1
2023141331337,2023,141331337,2,9,0,17,19,2,2,0,0,3,0,7,1,2,1,1,5,6,1,32,6,1910,2,14,VAUXHALL ASTRA,4,E01005534,0,-1
2023361277324,2023,361277324,1,9,0,16,19,3,5,0,0,0,0,0,0,0,3,1,6,6,1,32,6,-1,-1,-1,VAUXHALL ASTRA,1,E01026666,0,-1
2023010461427,2023,010461427,1,9,0,9,9,5,3,0,0,1,0,0,0,0,0,1,6,6,2,26,6,1399,1,4,VAUXHALL ASTRA,3,E01003567,0,-1
2023010478003,2023,010478003,1,9,0,99,99,9,9,0,0,9,9,99,9,99,2,9,2,2,2,31,6,1364,1,14,VAUXHALL ASTRA,10,E01023474,0,-1
2023421260506,2023,421260506,1,9,0,9,9,5,3,0,0,8,0,0,0,0,3,1,2,2,1,33,6,1598,1,22,VAUXHALL ASTRA,6,E01021373,0,-1
2023440135907,2023,440135907,2,9,0,18,19,8,4,0,0,4,0,0,0,0,0,1,6,6,2,-1,-1,1796,1,18,VAUXHALL ASTRA,1,E01032755,0,-1
2023131350670,2023,131350670,1,9,0,-1,-1,-1,-1,-1,-1,-1,-1,-1,-1,0,-1,1,6,6,3,-1,-1,1598,1,13,VAUXHALL ASTRA,-1,-1,0,-1
2023351325835,2023,351325835,1,9,0,18,19,-1,-1,0,0,8,0,0,0,0,4,1,6,6,1,69,10,1598,1,16,VAUXHALL ASTRA,8,E01018003,0,-1
2023461268010,2023,461268010,1,9,0,4,4,6,1,0,0,0,0,0,0,0,1,1,6,6,1,66,10,-1,-1,-1,VAUXHALL ASTRA,3,E01024001,0,-1
2023070009454,2023,070009454,1,9,0,18,19,1,3,0,0,0,0,0,0,0,4,1,6,6,1,22,5,-1,-1,-1,VAUXHALL ASTRA,6,E01012416,0,-1