collision_index,collision_year,collision_ref_no,vehicle_reference,vehicle_type,towing_and_articulation,vehicle_manoeuvre_historic,vehicle_manoeuvre,vehicle_direction_from,vehicle_direction_to,vehicle_location_restricted_lane_historic,vehicle_location_restricted_lane,junction_location,skidding_and_overturning,hit_object_in_carriageway,vehicle_leaving_carriageway,hit_object_off_carriageway,first_point_of_impact,vehicle_left_hand_drive,journey_purpose_of_driver_historic,journey_purpose_of_driver,sex_of_driver,age_of_driver,age_band_of_driver,engine_capacity_cc,propulsion_code,age_of_vehicle,generic_make_model,driver_imd_decile,lsoa_of_driver,escooter_flag,driver_distance_banding
2023010421931,2023,010421931,1,9,0,9,9,2,8,0,0,5,0,0,0,0,1,1,6,6,1,30,6,1796,1,16,VAUXHALL ASTRA,-1,-1,0,-1
2023010459623,2023,010459623,1,9,0,99,99,9,9,99,99,9,9,99,9,99,1,9,6,6,1,44,7,1598,1,10,VAUXHALL ASTRA,3,E01000058,0,-1
2023010467503,2023,010467503,1,9,0,18,19,1,5,0,0,0,0,0,0,0,1,1,6,6,2,44,7,1598,1,8,VAUXHALL ASTRA,5,E01002374,0,-1
2023201314159,2023,201314159,1,9,0,18,19,5,1,0,0,3,0,9,1,2,1,1,6,6,1,-1,-1,1956,2,11,VAUXHALL ASTRA,-1,-1,0,-1
2023552300711,2023,552300711,2,9,0,4,4,4,8,0,0,6,0,0,0,0,2,1,6,6,1,73,10,1598,1,11,VAUXHALL ASTRA,6,E01020482,0,-1
2023041354818,2023,041354818,1,9,0,9,9,7,5,0,0,1,0,0,0,0,1,1,1,1,2,59,9,1598,1,10,VAUXHALL ASTRA,1,E01012572,0,-1
2023340WN2362,2023,340WN2362,2,9,0,17,19,2,6,0,0,8,0,0,0,0,4,1,6,6,1,64,9,1598,2,8,VAUXHALL ASTRA,6,E01029753,0,-1
2023010477165,2023,010477165,2,9,0,99,99,9,9,99,99,0,9,99,9,99,9,9,6,6,2,52,8,1399,1,8,VAUXHALL ASTRA,5,E01004127,0,-1
2023101316395,2023,101316395,1,9,0,7,7,3,5,0,0,8,0,0,0,0,1,1,6,6,1,51,8,1796,1,16,VAUXHALL ASTRA,1,E01008540,0,-1
2023461279130,2023,461279130,1,9,0,18,19,-1,-1,0,0,1,0,0,0,0,1,1,5,6,1,28,6,1598,2,8,VAUXHALL ASTRA,4,E01024312,0,-1
2023411316801,2023,411316801,2,9,0,3,3,-1,-1,0,0,4,0,0,0,0,2,1,6,6,1,51,8,1598,2,7,VAUXHALL ASTRA,9,E01023525,0,-1
2023421278098,2023,421278098,2,9,0,18,19,7,3,0,0,8,0,0,0,0,0,1,1,1,1,45,7,1496,2,3,VAUXHALL ASTRA,8,E01021544,0,-1
2023221283475,2023,221283475,1,9,0,9,9,5,3,0,0,6,0,0,0,0,1,1,2,2,1,42,7,1398,1,11,VAUXHALL ASTRA,3,E01032478,0,-1
2023501273609,2023,501273609,1,9,0,18,19,7,7,0,0,4,0,0,0,0,1,1,5,6,2,54,8,1956,2,12,VAUXHALL ASTRA,9,E01015034,0,-1
2023170H10023,2023,170H10023,1,9,0,5,5,0,6,0,0,1,0,0,0,0,4,1,6,6,2,37,7,1956,2,11,VAUXHALL ASTRA,1,E01011979,0,-1
2023221286855,2023,221286855,1,9,0,18,19,2,6,0,0,0,1,0,1,0,1,1,6,6,1,20,4,1364,1,18,VAUXHALL ASTRA,-1,-1,0,-1
2023547153523,2023,547153523,2,9,0,17,19,5,1,0,0,0,0,0,1,10,1,1,6,6,2,39,7,1998,1,9,VAUXHALL ASTRA,8,E01031940,0,-1
2023991351657,2023,991351657,2,9,0,18,19,5,1,0,0,0,0,0,0,0,1,1,5,6,1,26,6,1598,1,5,VAUXHALL ASTRA,8,-1,0,-1
2023461386658,2023,461386658,2,9,0,18,19,1,5,0,0,0,0,0,0,0,0,1,1,1,1,-1,-1,1496,2,2,VAUXHALL ASTRA,-1,-1,0,-1
2023010447470,2023,010447470,2,9,0,99,99,9,9,99,99,9,9,99,9,99,9,9,6,6,2,26,6,1398,1,12,VAUXHALL ASTRA,4,E01003230,0,-1
2023311264471,2023,311264471,1,9,0,7,7,6,8,0,0,2,0,0,1,0,0,1,6,6,1,67,10,1364,1,14,VAUXHALL ASTRA,8,E01028367,0,-1
2023311281014,2023,311281014,1,9,0,9,9,4,1,0,0,8,0,0,0,0,1,1,5,6,1,25,5,1956,2,10,VAUXHALL ASTRA,1,E01028057,0,-1
2023548095423,2023,548095423,1,9,0,15,15,1,5,0,0,0,2,0,1,9,1,1,6,6,2,31,6,-1,-1,-1,VAUXHALL ASTRA,-1,-1,0,-1
2023991338313,2023,991338313,1,9,0,5,5,6,3,0,0,6,0,0,0,0,3,1,6,6,1,44,7,1956,2,10,VAUXHALL ASTRA,4,-1,0,-1
2023440468454,2023,440468454,2,9,0,18,19,1,5,0,0,8,0,0,0,0,1,1,6,6,1,37,7,1598,1,16,VAUXHALL ASTRA,6,E01017176,0,-1
2023361341752,2023,361341752,3,9,0,4,4,7,3,0,0,0,1,0,0,0,1,1,5,6,1,43,7,1686,2,11,VAUXHALL ASTRA,3,E01026601,0,-1
2023010444094,2023,010444094,2,9,0,7,7,7,1,0,0,1,0,0,0,0,1,1,6,6,2,41,7,1398,1,9,VAUXHALL ASTRA,2,E01003349,0,-1
2023201302824,2023,201302824,1,9,0,9,9,6,4,0,0,5,0,0,0,0,2,1,6,6,1,60,9,1598,1,9,VAUXHALL ASTRA,8,E01016711,0,-1
2023371360542,2023,371360542,1,9,0,9,9,7,5,0,0,8,0,0,0,0,1,1,5,6,1,45,7,1399,1,5,VAUXHALL ASTRA,8,E01029997,0,-1
2023332300916,2023,332300916,2,9,0,9,9,6,4,0,0,4,0,0,0,0,3,1,6,6,2,23,5,1686,2,10,VAUXHALL ASTRA,1,E01013621,0,-1
2023411372509,2023,411372509,1,9,0,9,9,1,6,0,0,8,0,0,0,0,1,1,6,6,1,28,6,1362,1,11,VAUXHALL ASTRA,7,E01023902,0,-1
2023141276833,2023,141276833,2,9,0,18,19,2,7,0,0,8,0,0,0,0,3,1,5,6,1,35,6,1364,1,14,VAUXHALL ASTRA,4,E01033264,0,-1
2023010456518,2023,010456518,2,9,9,99,99,9,9,99,99,9,9,99,9,99,9,9,6,6,1,40,7,1364,1,14,VAUXHALL ASTRA,3,E01000107,0,-1
2023461348514,2023,461348514,2,9,0,18,19,7,5,0,0,8,0,0,0,0,1,1,6,6,1,38,7,1389,1,25,VAUXHALL ASTRA,2,E01024020,0,-1
2023211388160,2023,211388160,1,9,0,18,19,7,3,0,0,0,0,0,0,0,1,1,1,1,1,34,6,1956,2,11,VAUXHALL ASTRA,-1,-1,0,-1
2023010459791,2023,010459791,2,9,0,14,14,3,7,0,0,1,0,0,0,0,1,1,6,6,3,-1,-1,1598,1,13,VAUXHALL ASTRA,-1,-1,0,-1
2023622301002,2023,622301002,1,9,0,1,1,2,6,0,0,0,0,0,0,0,2,1,3,7,1,33,6,1956,2,12,VAUXHALL ASTRA,1,W01000993,0,-1
2023440480347,2023,440480347,1,9,0,9,9,3,1,0,0,8,0,0,0,0,1,1,6,6,1,39,7,1399,1,7,VAUXHALL ASTRA,4,E01017193,0,-1
2023440490570,2023,440490570,2,9,0,18,19,8,4,0,0,8,0,0,0,0,1,1,2,2,2,47,8,1399,1,7,VAUXHALL ASTRA,8,E01023165,0,-1
2023340NN0972,2023,340NN0972,2,9,0,18,19,2,6,0,0,1,0,0,0,0,1,1,6,6,1,22,5,1248,2,16,VAUXHALL ASTRA,4,E01027327,0,-1
2023520301840,2023,520301840,1,9,0,18,19,3,7,0,0,0,0,7,0,0,1,1,6,6,2,73,10,1364,1,13,VAUXHALL ASTRA,6,E01022679,0,-1
2023991366281,2023,991366281,1,9,0,9,9,2,8,0,0,2,0,0,0,0,4,1,6,6,2,30,6,1398,1,11,VAUXHALL ASTRA,-1,-1,0,-1
2023522400972,2023,522400972,2,9,0,9,9,6,3,0,0,6,0,0,1,0,1,1,6,6,1,25,5,1398,1,13,VAUXHALL ASTRA,7,E01015004,0,-1
2023440012011,2023,440012011,2,9,0,18,19,7,3,0,0,8,0,0,0,0,1,1,6,6,2,-1,-1,1399,1,7,VAUXHALL ASTRA,-1,-1,0,-1
2023010421518,2023,010421518,1,9,0,18,19,3,7,0,0,1,0,0,7,10,1,1,6,6,2,19,4,1598,1,10,VAUXHALL ASTRA,3,E01002552,0,-1
2023440308997,2023,440308997,1,9,0,3,3,5,1,0,0,1,0,0,0,0,2,1,1,1,1,34,6,1399,1,4,VAUXHALL ASTRA,5,E01020050,0,-1
2023131370676,2023,131370676,3,9,0,18,19,5,1,0,0,0,0,0,0,0,1,1,6,6,2,58,9,1598,1,17,VAUXHALL ASTRA,3,E01011541,0,-1
2023501271608,2023,501271608,1,9,0,18,19,7,3,0,0,3,0,0,0,0,1,1,6,6,1,54,8,1364,1,17,VAUXHALL ASTRA,4,E01015054,0,-1
2023061362625,2023,061362625,2,9,0,18,19,3,1,0,0,0,0,0,0,0,3,1,6,6,1,53,8,1598,1,8,VAUXHALL ASTRA,7,E01005414,0,-1
2023010439859,2023,010439859,1,9,0,18,19,5,1,0,0,0,1,0,0,0,4,1,6,6,1,25,5,1598,1,8,VAUXHALL ASTRA,2,E01001193,0,-1
2023010486597,2023,010486597,2,9,0,99,99,9,9,99,99,9,9,99,9,99,2,9,6,6,3,-1,-1,1598,1,11,VAUXHALL ASTRA,-1,-1,0,-1
202360A081226,2023,60A081226,3,9,0,18,19,8,4,0,0,0,0,0,0,0,3,1,6,6,1,66,10,1686,2,11,VAUXHALL ASTRA,-1,-1,0,-1
2023440221101,2023,440221101,1,9,0,16,19,4,7,0,0,1,0,0,0,0,1,1,6,6,1,39,7,1598,2,8,VAUXHALL ASTRA,7,E01023116,0,-1
2023010427574,2023,010427574,1,9,0,9,9,4,1,0,0,1,0,0,0,0,3,1,6,6,1,24,5,1399,1,6,VAUXHALL ASTRA,6,E01004726,0,-1
2023161271414,2023,161271414,1,9,0,7,7,4,2,0,0,8,0,0,0,0,1,1,6,6,2,32,6,1598,1,17,VAUXHALL ASTRA,1,E01012808,0,-1
2023440235295,2023,440235295,1,9,0,10,10,3,7,0,0,1,0,0,0,0,2,1,2,2,2,41,7,1598,1,15,VAUXHALL ASTRA,-1,-1,0,-1
2023440141809,2023,440141809,1,9,0,10,10,5,3,0,0,5,0,0,0,0,2,1,6,6,2,62,9,1598,1,21,VAUXHALL ASTRA,5,E01017013,0,-1
2023440221670,2023,440221670,2,9,0,7,7,7,1,0,0,3,0,0,0,0,1,1,2,2,2,50,8,1199,1,2,VAUXHALL ASTRA,4,E01022805,0,-1
2023141273555,2023,141273555,4,9,0,18,19,5,1,0,0,0,0,0,0,0,2,1,6,6,2,27,6,1956,2,9,VAUXHALL ASTRA,7,E01032926,0,-1
2023471302815,2023,471302815,2,9,0,8,8,4,6,0,0,8,0,0,0,0,2,1,3,7,2,30,6,1598,1,15,VAUXHALL ASTRA,4,E01021013,0,-1
2023320514366,2023,320514366,2,9,0,2,2,0,0,9,9,2,0,0,0,0,2,1,6,6,3,-1,-1,1399,1,5,VAUXHALL ASTRA,-1,-1,0,-1
2023010442752,2023,010442752,1,9,0,18,19,1,5,0,0,4,0,0,0,0,4,1,6,6,1,58,9,2198,1,19,VAUXHALL ASTRA,9,E01003011,0,-1
2023201281703,2023,201281703,2,9,0,4,4,3,8,0,0,0,0,0,0,0,1,1,6,6,1,-1,-1,1398,1,9,VAUXHALL ASTRA,2,E01001423,0,-1
2023351293274,2023,351293274,2,9,0,18,19,-1,-1,0,0,0,1,0,0,0,1,1,5,6,1,26,6,1399,1,7,VAUXHALL ASTRA,-1,-1,0,-1
2023010456210,2023,010456210,1,9,0,4,4,7,3,0,0,2,0,0,0,0,1,1,2,2,1,34,6,1399,1,7,VAUXHALL ASTRA,3,E01004344,0,-1
2023122300196,2023,122300196,2,9,0,10,10,2,6,0,0,1,0,0,0,0,2,1,1,1,2,42,7,1399,1,7,VAUXHALL ASTRA,6,E01027676,0,-1
2023010434885,2023,010434885,2,9,0,3,3,1,5,0,0,1,9,0,0,0,9,9,6,6,2,36,7,1398,1,9,VAUXHALL ASTRA,2,E01003066,0,-1
2023401270951,2023,401270951,1,9,0,18,19,6,2,0,0,0,1,0,7,9,1,1,5,6,1,26,6,1956,2,10,VAUXHALL ASTRA,2,E01015727,0,-1
2023010422252,2023,010422252,3,9,0,18,19,7,3,0,0,2,0,0,0,0,0,1,6,6,2,25,5,1399,1,4,VAUXHALL ASTRA,-1,-1,0,-1
2023041273571,2023,041273571,1,9,0,18,19,3,7,0,0,1,0,4,0,0,1,1,5,6,1,30,6,1598,1,16,VAUXHALL ASTRA,2,E01025152,0,-1
2023231339429,2023,231339429,1,9,0,5,5,4,8,2,2,0,0,0,0,0,1,1,5,6,1,22,5,1598,1,9,VAUXHALL ASTRA,5,E01031168,0,-1
2023010422875,2023,010422875,2,9,0,18,19,1,5,0,0,6,0,0,0,0,1,1,6,6,1,28,6,1598,1,16,VAUXHALL ASTRA,3,E01017522,0,-1
2023221268147,2023,221268147,2,9,0,18,19,4,8,0,0,0,0,0,1,0,3,1,5,6,1,23,5,1598,1,18,VAUXHALL ASTRA,4,E01028849,0,-1
2023461276331,2023,461276331,2,9,0,16,19,6,2,0,0,1,0,0,0,0,1,1,5,6,1,40,7,1598,2,7,VAUXHALL ASTRA,5,E01016029,0,-1
2023010473216,2023,010473216,2,9,0,18,19,1,5,0,0,0,0,0,0,0,4,1,6,6,1,27,6,1598,1,12,VAUXHALL ASTRA,1,E01015313,0,-1
2023010456578,2023,010456578,1,9,0,7,7,1,4,0,0,1,0,0,0,0,4,1,6,6,1,41,7,1598,1,12,VAUXHALL ASTRA,6,E01001083,0,-1
2023211340661,2023,211340661,3,9,0,13,13,4,8,0,0,0,1,0,0,0,1,1,1,1,1,39,7,1956,2,12,VAUXHALL ASTRA,1,E01005142,0,-1
2023010419555,2023,010419555,2,9,9,99,99,9,9,99,99,9,9,99,9,99,9,9,6,6,3,-1,-1,1399,1,6,VAUXHALL ASTRA,-1,-1,0,-1
2023461300375,2023,461300375,4,9,0,2,2,0,0,0,0,0,0,0,0,0,4,1,6,6,1,27,6,1598,2,7,VAUXHALL ASTRA,4,E01024179,0,-1
2023221350312,2023,221350312,2,9,0,2,2,0,0,0,0,0,0,0,0,0,2,1,5,6,1,25,5,1598,2,7,VAUXHALL ASTRA,3,E01032437,0,-1
2023131302127,2023,131302127,2,9,0,18,19,1,5,0,0,1,0,0,0,0,1,1,5,6,1,35,6,1598,1,13,VAUXHALL ASTRA,8,E01010937,0,-1
2023010481549,2023,010481549,1,9,0,99,99,9,9,99,99,9,9,99,9,99,2,9,6,6,2,32,6,1598,1,9,VAUXHALL ASTRA,1,E01003051,0,-1
2023991358438,2023,991358438,2,9,0,10,10,5,3,0,0,1,0,0,0,0,2,1,5,6,2,36,7,1956,2,8,VAUXHALL ASTRA,5,-1,0,-1
2023161360571,2023,161360571,1,9,0,18,19,5,1,0,0,0,0,0,1,2,1,1,5,6,1,37,7,1686,2,12,VAUXHALL ASTRA,1,E01012787,0,-1
2023371342574,2023,371342574,2,9,0,4,4,2,6,0,0,0,0,0,0,0,2,1,5,6,1,58,9,1364,1,7,VAUXHALL ASTRA,7,E01029871,0,-1
2023131365492,2023,131365492,2,9,0,4,4,1,5,0,0,0,0,0,0,0,2,1,6,6,1,20,4,1598,1,8,VAUXHALL ASTRA,1,E01011723,0,-1
2023501297187,2023,501297187,1,9,0,18,19,4,8,0,0,0,0,0,2,11,4,1,5,6,2,33,6,1598,1,14,VAUXHALL ASTRA,2,E01018867,0,-1
2023421321743,2023,421321743,1,9,0,4,4,5,1,0,0,4,0,0,0,0,1,1,6,6,1,28,6,1364,1,16,VAUXHALL ASTRA,5,E01015951,0,-1
2023311280207,2023,311280207,1,9,0,7,7,7,1,0,0,0,0,0,0,0,1,1,5,6,1,20,4,1364,1,14,VAUXHALL ASTRA,3,E01013863,0,-1
2023201415190,2023,201415190,1,9,0,18,19,8,4,0,0,8,0,0,0,0,1,1,6,6,3,-1,-1,1598,1,15,VAUXHALL ASTRA,-1,-1,0,-1
2023221362761,2023,221362761,1,9,0,17,19,6,2,0,0,0,0,0,2,0,1,1,5,6,1,21,5,1398,1,13,VAUXHALL ASTRA,8,E01032286,0,-1
2023010437506,2023,010437506,1,9,0,18,19,1,5,0,0,1,0,0,1,11,1,1,6,6,1,39,7,1686,2,12,VAUXHALL ASTRA,-1,-1,0,-1
2023421353541,2023,421353541,1,9,0,17,19,4,8,0,0,0,1,0,8,4,1,1,5,6,1,28,6,1796,1,17,VAUXHALL ASTRA,6,E01021369,0,-1
2023052301311,2023,052301311,2,9,0,9,9,7,3,0,0,5,0,0,0,0,3,1,6,6,3,-1,-1,1248,2,17,VAUXHALL ASTRA,-1,-1,0,-1
2023501362300,2023,501362300,1,9,0,9,9,7,6,0,0,2,0,0,0,0,3,1,2,2,1,28,6,1598,1,16,VAUXHALL ASTRA,1,E01015045,0,-1
2023332301101,2023,332301101,2,9,0,10,10,5,3,0,0,1,0,0,0,0,2,1,6,6,2,37,7,1598,1,13,VAUXHALL ASTRA,3,E01013779,0,-1
2023471362819,2023,471362819,1,9,0,5,5,0,1,0,0,8,0,0,0,0,3,1,5,6,1,-1,-1,1910,2,15,VAUXHALL ASTRA,5,E01031524,0,-1
2023501282693,2023,501282693,2,9,0,3,3,1,5,0,0,0,0,0,0,0,2,1,6,6,2,26,6,1956,2,8,VAUXHALL ASTRA,4,E01018777,0,-1
2023010431054,2023,010431054,2,9,0,18,19,1,5,0,0,8,0,0,0,0,3,1,1,1,1,40,7,1341,1,2,VAUXHALL ASTRA,1,E01003047,0,-1
2023411321236,2023,411321236,2,9,0,3,3,7,3,0,0,1,0,0,0,0,2,1,5,6,1,44,7,1248,2,15,VAUXHALL ASTRA,6,E01000250,0,-1
2023610009423,2023,610009423,1,9,0,9,9,8,6,0,0,8,0,0,0,0,1,1,6,6,1,33,6,1686,2,16,VAUXHALL ASTRA,9,E01031880,0,-1
2023111287737,2023,111287737,1,9,0,9,9,3,1,0,0,0,0,0,0,0,1,1,6,6,1,20,4,1598,2,9,VAUXHALL ASTRA,1,E01012094,0,-1
2023211381200,2023,211381200,1,9,0,5,5,3,5,0,0,4,0,0,0,0,3,1,6,6,1,32,6,1362,1,10,VAUXHALL ASTRA,6,E01029869,0,-1
2023991328443,2023,991328443,2,9,0,18,19,2,6,0,0,8,0,0,0,0,1,1,5,6,1,26,6,1364,1,18,VAUXHALL ASTRA,2,-1,0,-1
2023531387104,2023,531387104,2,9,0,5,5,5,1,0,0,1,0,0,0,0,4,1,5,6,1,31,6,1598,2,7,VAUXHALL ASTRA,7,E01022302,0,-1
2023122300812,2023,122300812,2,9,0,18,19,5,1,0,0,0,0,0,0,0,2,1,6,6,1,24,5,1998,1,13,VAUXHALL ASTRA,1,E01010700,0,-1
2023221283092,2023,221283092,2,9,0,9,9,8,6,0,0,5,0,0,0,0,4,1,5,6,1,46,8,1598,1,21,VAUXHALL ASTRA,1,E01032469,0,-1
2023421279601,2023,421279601,1,9,0,1,1,2,6,0,0,0,0,0,0,0,2,1,1,1,1,25,5,1598,1,22,VAUXHALL ASTRA,7,E01029899,0,-1
2023041393139,2023,041393139,2,9,0,2,2,1,7,9,9,2,5,0,0,0,2,2,5,6,2,22,5,1686,2,10,VAUXHALL ASTRA,4,E01025011,0,-1
2023010442665,2023,010442665,1,9,0,9,9,6,3,0,0,0,0,0,7,0,2,1,6,6,1,28,6,1399,1,6,VAUXHALL ASTRA,-1,-1,0,-1
2023411379383,2023,411379383,3,9,0,18,19,5,1,0,0,0,0,0,0,0,1,1,5,6,2,58,9,1598,1,17,VAUXHALL ASTRA,3,E01023876,0,-1
2023311330644,2023,311330644,2,9,0,17,19,4,1,0,0,0,0,0,0,0,3,1,1,1,1,56,9,-1,-1,-1,VAUXHALL ASTRA,8,E01028094,0,-1
2023552301166,2023,552301166,2,9,0,4,4,6,2,0,0,6,0,0,0,0,0,1,1,1,3,-1,-1,1598,2,4,VAUXHALL ASTRA,-1,-1,0,-1
2023111282669,2023,111282669,2,9,0,3,3,4,7,0,0,1,0,0,0,0,2,1,1,1,2,35,6,1399,1,6,VAUXHALL ASTRA,2,E01020626,0,-1
2023010453649,2023,010453649,5,9,0,2,2,0,0,0,0,0,0,0,0,0,1,1,6,6,3,-1,-1,1399,1,5,VAUXHALL ASTRA,-1,-1,0,-1
2023552300852,2023,552300852,2,9,0,13,13,6,2,0,0,0,0,0,0,0,2,1,2,2,1,20,4,1598,1,21,VAUXHALL ASTRA,9,E01020558,0,-1
2023061343371,2023,061343371,1,9,0,18,19,2,6,0,0,1,0,0,0,0,1,1,6,6,2,24,5,1598,2,6,VAUXHALL ASTRA,2,E01005663,0,-1
2023340WN6012,2023,340WN6012,1,9,0,18,19,6,2,0,0,4,0,9,3,10,1,1,6,6,1,56,9,1598,1,5,VAUXHALL ASTRA,8,E01032974,0,-1
2023501319210,2023,501319210,2,9,0,18,19,7,3,0,0,1,0,0,0,0,1,1,6,6,1,34,6,1399,1,7,VAUXHALL ASTRA,4,E01015071,0,-1
2023471280868,2023,471280868,1,9,0,18,19,1,5,0,0,0,0,11,0,0,1,1,2,2,1,32,6,1398,1,8,VAUXHALL ASTRA,6,E01021200,0,-1
2023440050755,2023,440050755,3,9,0,18,19,8,4,0,0,0,0,0,0,0,1,1,6,6,2,29,6,1399,1,6,VAUXHALL ASTRA,6,E01022715,0,-1
2023010441667,2023,010441667,1,9,0,7,7,1,4,0,0,8,0,0,0,0,3,1,6,6,1,21,5,1364,1,15,VAUXHALL ASTRA,2,E01002087,0,-1
2023141285047,2023,141285047,2,9,0,9,9,2,8,0,0,8,0,0,0,0,3,1,5,6,1,36,7,999,1,4,VAUXHALL ASTRA,1,E01007794,0,-1
2023531289648,2023,531289648,1,9,0,9,9,7,3,0,0,3,0,0,0,0,1,2,3,7,2,40,7,1956,2,10,VAUXHALL ASTRA,1,E01022147,0,-1
2023332301210,2023,332301210,1,9,0,18,19,2,6,0,0,8,0,0,1,11,1,1,6,6,1,69,10,1399,1,6,VAUXHALL ASTRA,-1,-1,0,-1
2023141329066,2023,141329066,2,9,0,18,19,4,7,0,0,0,0,0,0,0,4,1,6,6,2,20,4,1598,1,9,VAUXHALL ASTRA,2,E01007804,0,-1
2023010424317,2023,010424317,2,9,9,99,99,9,9,99,99,0,9,99,9,99,9,9,6,6,3,-1,-1,1399,1,6,VAUXHALL ASTRA,-1,-1,0,-1
2023332300363,2023,332300363,1,9,0,4,4,5,1,0,0,0,0,0,0,0,2,1,2,2,2,31,6,1598,2,7,VAUXHALL ASTRA,6,E01025756,0,-1
2023461280855,2023,461280855,1,9,0,18,19,3,7,0,0,8,0,0,0,0,1,1,1,1,1,21,5,1796,1,17,VAUXHALL ASTRA,9,E01024006,0,-1
2023061384579,2023,061384579,1,9,0,4,4,7,3,0,0,1,1,0,0,0,3,1,6,6,1,23,5,1598,2,5,VAUXHALL ASTRA,-1,-1,0,-1
2023201410075,2023,201410075,2,9,0,18,19,5,1,0,0,8,0,4,1,0,4,1,6,6,1,32,6,1956,2,10,VAUXHALL ASTRA,5,E01009764,0,-1
2023161371365,2023,161371365,1,9,0,5,5,3,7,0,0,0,0,10,0,0,4,1,5,6,2,40,7,1598,2,9,VAUXHALL ASTRA,7,E01013333,0,-1
2023430118441,2023,430118441,1,9,0,18,19,5,1,0,0,4,0,0,0,0,3,1,1,1,2,65,9,1998,1,17,VAUXHALL ASTRA,-1,-1,0,-1
2023131328799,2023,131328799,1,9,0,5,5,3,4,0,0,8,0,0,7,0,1,1,6,6,1,29,6,1686,2,13,VAUXHALL ASTRA,1,E01011122,0,-1
2023101284946,2023,101284946,2,9,0,18,19,7,3,0,0,0,1,0,1,0,2,1,5,6,1,32,6,1399,1,7,VAUXHALL ASTRA,9,E01008442,0,-1
2023170L10703,2023,170L10703,2,9,0,9,9,1,8,0,0,6,0,0,0,0,1,1,6,6,1,71,10,1199,1,1,VAUXHALL ASTRA,1,E01012121,0,-1
2023461321010,2023,461321010,2,9,0,3,3,7,3,0,0,0,0,0,0,0,3,1,5,6,2,25,5,1364,1,9,VAUXHALL ASTRA,4,E01024296,0,-1
2023552300194,2023,552300194,2,9,0,2,2,0,0,0,0,0,0,0,0,0,2,1,6,6,3,-1,-1,1598,1,4,VAUXHALL ASTRA,-1,-1,0,-1
2023131298554,2023,131298554,1,9,0,-1,-1,-1,-1,-1,-1,0,-1,-1,-1,-1,-1,1,6,6,3,-1,-1,1598,1,15,VAUXHALL ASTRA,-1,-1,0,-1
2023501378687,2023,501378687,1,9,0,5,5,3,7,0,0,0,0,0,0,0,1,1,2,2,1,25,5,1956,2,13,VAUXHALL ASTRA,1,E01015028,0,-1
2023201377049,2023,201377049,2,9,0,18,19,2,5,0,0,8,0,0,0,0,1,1,6,6,1,35,6,1399,1,7,VAUXHALL ASTRA,4,E01009139,0,-1
2023320768829,2023,320768829,1,9,0,16,19,8,2,0,0,5,1,0,1,9,1,1,6,6,1,22,5,1686,2,11,VAUXHALL ASTRA,3,E01026227,0,-1
2023547963323,2023,547963323,2,9,0,18,19,8,5,0,0,1,0,0,0,0,3,1,6,6,2,37,7,1686,2,10,VAUXHALL ASTRA,9,E01015473,0,-1
2023501393870,2023,501393870,1,9,0,18,19,4,7,0,0,0,0,0,0,0,1,1,2,2,1,36,7,1686,2,12,VAUXHALL ASTRA,8,E01015119,0,-1
2023541426923,2023,541426923,3,9,0,18,19,4,8,0,0,0,0,0,0,0,2,1,1,1,1,38,7,1686,2,11,VAUXHALL ASTRA,6,E01032011,0,-1
2023122300326,2023,122300326,1,9,0,17,19,3,7,0,0,0,1,0,1,11,4,1,2,2,2,29,6,1598,2,7,VAUXHALL ASTRA,8,E01027691,0,-1
2023010474967,2023,010474967,2,9,0,99,99,9,9,99,99,1,9,99,9,99,2,9,6,6,3,-1,-1,1364,1,13,VAUXHALL ASTRA,-1,-1,0,-1
2023351267457,2023,351267457,3,9,0,10,10,3,2,0,0,0,0,0,1,0,2,1,5,6,2,53,8,1686,2,16,VAUXHALL ASTRA,3,E01018097,0,-1
202354B493123,2023,54B493123,1,9,0,18,19,3,7,0,0,0,1,0,1,4,1,1,2,2,1,23,5,1364,1,15,VAUXHALL ASTRA,5,E01029025,0,-1
2023991359202,2023,991359202,1,9,0,18,19,5,8,0,0,0,0,0,0,0,1,1,3,7,2,48,8,1398,1,8,VAUXHALL ASTRA,3,-1,0,-1
2023501297638,2023,501297638,2,9,0,18,19,7,3,0,0,2,0,0,0,0,0,1,1,1,1,34,6,1598,2,4,VAUXHALL ASTRA,-1,-1,0,-1
2023010485043,2023,010485043,1,9,0,18,19,5,1,9,9,0,0,0,1,0,1,1,6,6,1,22,5,1598,1,12,VAUXHALL ASTRA,4,E01002448,0,-1
2023231280032,2023,231280032,2,9,0,17,19,1,6,0,0,0,0,0,4,6,2,1,6,6,2,33,6,1364,1,8,VAUXHALL ASTRA,3,E01009597,0,-1
2023122301122,2023,122301122,1,9,0,18,19,3,7,0,0,0,0,0,0,0,1,1,6,6,1,31,6,1598,1,11,VAUXHALL ASTRA,8,E01027688,0,-1
2023141355496,2023,141355496,2,9,0,5,5,4,8,0,0,4,0,0,0,0,3,1,5,6,1,36,7,1796,1,15,VAUXHALL ASTRA,3,E01007337,0,-1
2023031306350,2023,031306350,1,9,0,18,19,3,7,0,0,0,0,0,0,0,1,1,5,6,1,26,6,1598,1,17,VAUXHALL ASTRA,3,E01019234,0,-1
2023430242123,2023,430242123,1,9,0,18,19,8,4,0,0,4,0,0,0,0,1,1,6,6,1,20,4,1248,2,16,VAUXHALL ASTRA,7,E01016582,0,-1
2023471291096,2023,471291096,2,9,0,18,19,3,7,0,0,1,0,0,0,0,1,1,1,1,2,31,6,1598,2,5,VAUXHALL ASTRA,-1,-1,0,-1