collision_index,collision_year,collision_ref_no,vehicle_reference,vehicle_type,towing_and_articulation,vehicle_manoeuvre_historic,vehicle_manoeuvre,vehicle_direction_from,vehicle_direction_to,vehicle_location_restricted_lane_historic,vehicle_location_restricted_lane,junction_location,skidding_and_overturning,hit_object_in_carriageway,vehicle_leaving_carriageway,hit_object_off_carriageway,first_point_of_impact,vehicle_left_hand_drive,journey_purpose_of_driver_historic,journey_purpose_of_driver,sex_of_driver,age_of_driver,age_band_of_driver,engine_capacity_cc,propulsion_code,age_of_vehicle,generic_make_model,driver_imd_decile,lsoa_of_driver,escooter_flag,driver_distance_banding
2023141353191,2023,141353191,2,9,0,18,19,1,5,0,0,6,0,0,0,0,1,1,6,6,1,28,6,1686,2,13,VAUXHALL ASTRA,1,E01007737,0,-1
2023131276748,2023,131276748,1,9,0,-1,-1,-1,-1,-1,-1,8,-1,-1,-1,0,-1,1,6,6,3,-1,-1,1598,1,17,VAUXHALL ASTRA,-1,-1,0,-1
2023991291664,2023,991291664,1,9,0,5,5,5,3,0,0,0,0,0,0,0,3,1,5,6,2,22,5,1686,2,11,VAUXHALL ASTRA,4,-1,0,-1
2023610043823,2023,610043823,1,9,0,5,5,8,4,0,0,0,0,0,0,0,1,1,6,6,2,45,7,1686,2,10,VAUXHALL ASTRA,10,W01001673,0,-1
2023070312747,2023,070312747,2,9,0,3,3,3,7,0,0,1,0,0,0,0,2,1,6,6,2,30,6,1398,1,13,VAUXHALL ASTRA,5,E01012544,0,-1
2023010479947,2023,010479947,2,9,0,2,2,0,0,0,0,0,0,0,0,0,4,1,6,6,3,-1,-1,1796,1,18,VAUXHALL ASTRA,-1,-1,0,-1
2023991300451,2023,991300451,1,9,0,18,19,6,2,0,0,0,1,0,7,4,3,1,5,6,2,62,9,1598,1,17,VAUXHALL ASTRA,5,-1,0,-1
2023221327668,2023,221327668,1,9,0,16,19,8,3,0,0,0,0,0,0,0,3,1,6,6,1,29,6,1686,2,18,VAUXHALL ASTRA,5,E01032444,0,-1
2023461366743,2023,461366743,1,9,0,12,12,3,7,0,0,0,0,0,0,0,0,1,6,6,1,38,7,1598,1,15,VAUXHALL ASTRA,2,E01001692,0,-1
2023010473882,2023,010473882,1,9,0,5,5,1,5,0,0,0,5,4,0,0,1,1,6,6,1,36,7,1598,1,8,VAUXHALL ASTRA,10,E01002188,0,-1
2023201366868,2023,201366868,1,9,0,18,19,8,4,0,0,6,0,0,0,0,3,1,6,6,1,-1,-1,1598,1,13,VAUXHALL ASTRA,-1,-1,0,-1
2023440249047,2023,440249047,2,9,0,9,9,3,1,0,0,8,0,0,0,0,3,1,6,6,2,29,6,1956,2,8,VAUXHALL ASTRA,9,E01022639,0,-1
2023161350187,2023,161350187,1,9,0,18,19,1,5,0,0,1,0,0,0,0,1,1,6,6,1,42,7,1598,2,7,VAUXHALL ASTRA,1,E01013080,0,-1
2023131326282,2023,131326282,1,9,0,6,6,1,5,0,0,0,0,0,0,0,1,1,5,6,1,26,6,1686,2,10,VAUXHALL ASTRA,1,E01010830,0,-1
2023401327837,2023,401327837,2,9,0,4,4,-1,-1,0,0,0,0,0,0,0,2,1,2,2,1,25,5,1398,1,8,VAUXHALL ASTRA,9,E01022060,0,-1
2023010475945,2023,010475945,1,9,0,9,9,5,3,0,0,1,0,0,0,0,1,1,6,6,3,-1,-1,1598,1,13,VAUXHALL ASTRA,1,E01001772,0,-1
2023141268983,2023,141268983,2,9,0,5,5,3,7,0,0,2,0,0,0,0,2,1,5,6,2,40,7,1399,1,6,VAUXHALL ASTRA,2,E01007717,0,-1
2023461362001,2023,461362001,1,9,0,14,14,5,1,0,0,0,0,0,0,0,3,1,5,6,2,44,7,1796,1,16,VAUXHALL ASTRA,2,E01024398,0,-1
2023340WN5022,2023,340WN5022,2,9,0,2,2,0,0,0,0,2,0,0,0,0,2,1,6,6,1,49,8,1598,1,17,VAUXHALL ASTRA,5,E01027139,0,-1
2023010476557,2023,010476557,1,9,0,18,19,5,1,0,0,0,0,0,0,0,1,1,6,6,2,72,10,1796,1,15,VAUXHALL ASTRA,9,E01000647,0,-1
2023221321195,2023,221321195,2,9,0,3,3,4,8,0,0,8,0,0,0,0,2,1,2,2,1,51,8,1598,1,13,VAUXHALL ASTRA,5,E01028946,0,-1
2023552300293,2023,552300293,4,9,0,4,4,6,2,0,0,0,0,0,0,0,0,1,6,6,3,-1,-1,1398,1,8,VAUXHALL ASTRA,-1,-1,0,-1
2023552300922,2023,552300922,1,9,0,18,19,6,2,0,0,4,0,0,0,0,1,1,6,6,2,34,6,1598,1,13,VAUXHALL ASTRA,2,E01015304,0,-1
2023131390613,2023,131390613,2,9,0,-1,-1,-1,-1,-1,-1,8,-1,-1,-1,0,-1,1,6,6,3,-1,-1,1686,2,17,VAUXHALL ASTRA,-1,-1,0,-1
2023991357270,2023,991357270,2,9,0,18,19,5,1,0,0,0,0,0,0,0,2,1,1,1,2,57,9,999,1,7,VAUXHALL ASTRA,1,-1,0,-1
2023440193198,2023,440193198,1,9,0,9,9,8,6,0,0,8,0,0,0,0,4,1,6,6,1,21,5,999,1,6,VAUXHALL ASTRA,8,E01016418,0,-1
2023010422367,2023,010422367,1,9,0,6,6,1,1,0,0,2,0,0,1,0,0,1,1,1,1,51,8,1341,1,2,VAUXHALL ASTRA,1,E01003047,0,-1
2023010471522,2023,010471522,2,9,9,99,99,9,9,99,99,9,9,99,9,99,9,9,6,6,3,-1,-1,1399,1,5,VAUXHALL ASTRA,-1,-1,0,-1
2023430124962,2023,430124962,1,9,0,16,19,8,2,0,0,0,1,0,8,4,1,1,2,2,1,26,6,1998,1,16,VAUXHALL ASTRA,10,E01028722,0,-1
2023311382586,2023,311382586,1,9,0,9,9,1,7,0,0,1,0,0,0,0,1,1,1,1,1,30,6,1598,2,5,VAUXHALL ASTRA,-1,-1,0,-1
2023010433533,2023,010433533,2,9,0,99,99,9,9,99,99,9,9,99,9,99,1,9,6,6,3,-1,-1,1399,1,7,VAUXHALL ASTRA,-1,-1,0,-1
2023231391367,2023,231391367,2,9,0,18,19,8,4,0,0,8,0,0,0,0,4,1,6,6,1,37,7,1398,1,9,VAUXHALL ASTRA,2,E01013695,0,-1
2023311304404,2023,311304404,1,9,0,17,19,8,5,0,0,0,0,0,0,0,1,1,6,6,2,50,8,1364,1,14,VAUXHALL ASTRA,2,E01013856,0,-1
2023161376331,2023,161376331,2,9,0,18,19,1,5,0,0,8,0,0,0,0,1,1,6,6,2,50,8,1686,2,12,VAUXHALL ASTRA,2,E01012863,0,-1
2023041306788,2023,041306788,2,9,0,18,19,1,5,0,0,8,0,0,0,0,4,2,6,6,2,28,6,1956,2,10,VAUXHALL ASTRA,1,E01012657,0,-1
2023221304826,2023,221304826,2,9,0,2,2,0,0,0,0,1,0,0,0,0,3,1,6,6,2,44,7,1686,2,18,VAUXHALL ASTRA,2,E01032369,0,-1
2023010424999,2023,010424999,2,9,0,13,13,6,2,0,0,1,0,0,0,0,1,1,6,6,1,36,7,1399,1,7,VAUXHALL ASTRA,1,E01003075,0,-1
2023440284313,2023,440284313,1,9,0,17,19,1,7,0,0,2,1,0,1,2,1,1,6,6,1,24,5,1598,1,15,VAUXHALL ASTRA,3,E01017179,0,-1
2023010464054,2023,010464054,2,9,0,99,99,9,9,99,99,9,9,99,9,99,9,9,6,6,3,-1,-1,1398,1,12,VAUXHALL ASTRA,-1,-1,0,-1
2023501295128,2023,501295128,2,9,0,3,3,3,7,0,0,0,0,0,0,0,1,1,6,6,1,62,9,1399,1,6,VAUXHALL ASTRA,2,E01015259,0,-1
2023461287719,2023,461287719,1,9,0,5,5,7,3,0,0,1,0,4,0,0,3,1,1,1,1,57,9,1598,1,11,VAUXHALL ASTRA,3,E01003728,0,-1
2023201320268,2023,201320268,1,9,0,3,3,5,8,0,0,1,0,0,0,0,2,1,6,6,2,23,5,1598,1,8,VAUXHALL ASTRA,3,E01031095,0,-1
2023161351787,2023,161351787,1,9,0,9,9,3,1,0,0,8,0,0,0,0,4,1,6,6,1,24,5,1956,2,9,VAUXHALL ASTRA,10,E01013357,0,-1
2023010485838,2023,010485838,2,9,0,99,99,9,9,99,99,9,9,99,9,99,9,9,6,6,3,-1,-1,1598,1,16,VAUXHALL ASTRA,-1,-1,0,-1
2023201298538,2023,201298538,2,9,0,9,9,5,3,0,0,8,0,0,0,0,4,1,6,6,1,18,4,1598,1,13,VAUXHALL ASTRA,3,E01008933,0,-1
2023361341752,2023,361341752,5,9,0,4,4,7,3,0,0,0,1,0,0,0,1,1,5,6,1,23,5,1910,2,17,VAUXHALL ASTRA,8,E01030293,0,-1
2023010449833,2023,010449833,1,9,0,14,14,1,5,0,0,0,0,4,0,0,1,1,6,6,1,21,5,1398,1,10,VAUXHALL ASTRA,3,E01003146,0,-1
2023401383183,2023,401383183,1,9,0,9,9,7,3,0,0,6,1,0,0,0,1,1,6,6,1,26,6,1398,1,8,VAUXHALL ASTRA,3,E01017568,0,-1
2023451311919,2023,451311919,2,9,0,5,5,3,7,0,0,0,0,0,0,0,1,1,2,2,1,56,9,1398,1,9,VAUXHALL ASTRA,4,E01017905,0,-1
2023461373113,2023,461373113,1,9,0,9,9,1,5,0,0,1,0,0,0,0,1,1,5,6,1,31,6,1796,1,14,VAUXHALL ASTRA,9,E01024438,0,-1
2023991265725,2023,991265725,1,9,0,18,19,7,3,0,0,2,0,11,1,1,4,1,5,6,1,38,7,1364,1,13,VAUXHALL ASTRA,5,-1,0,-1
2023010467404,2023,010467404,1,9,0,18,19,7,3,9,9,0,0,0,1,4,1,1,6,6,1,23,5,1910,2,16,VAUXHALL ASTRA,-1,-1,0,-1
2023320003006,2023,320003006,2,9,0,18,19,2,6,0,0,0,0,0,0,0,3,1,6,6,2,42,7,1598,1,24,VAUXHALL ASTRA,3,E01026075,0,-1
2023371344083,2023,371344083,2,9,0,4,4,4,7,0,0,0,0,0,0,0,2,1,5,6,1,50,8,1910,2,18,VAUXHALL ASTRA,7,E01030049,0,-1
2023211404118,2023,211404118,2,9,0,18,19,3,7,0,0,1,0,0,0,0,1,1,6,6,2,57,9,1199,1,0,VAUXHALL ASTRA,6,E01029524,0,-1
202360A058380,2023,60A058380,1,9,0,18,19,8,4,0,0,8,0,0,0,0,1,1,6,6,1,18,4,1364,1,13,VAUXHALL ASTRA,-1,-1,0,-1
2023302301332,2023,302301332,1,9,0,18,19,4,8,0,0,0,0,0,0,0,1,1,6,6,1,22,5,1364,1,14,VAUXHALL ASTRA,1,E01027978,0,-1
2023070772801,2023,070772801,1,9,0,6,6,7,3,0,0,2,0,0,0,0,3,2,6,6,1,52,8,1796,1,15,VAUXHALL ASTRA,8,W01000267,0,-1
2023311266051,2023,311266051,2,9,0,5,5,2,2,0,0,3,0,0,0,0,1,1,5,6,2,37,7,1598,1,10,VAUXHALL ASTRA,9,E01028419,0,-1
2023430388589,2023,430388589,1,9,0,9,9,5,4,0,0,5,0,0,0,0,1,1,6,6,1,55,8,1598,1,17,VAUXHALL ASTRA,-1,-1,0,-1
2023991275309,2023,991275309,1,9,0,18,19,4,8,0,0,0,2,0,4,1,3,1,6,6,1,44,7,1398,1,10,VAUXHALL ASTRA,4,-1,0,-1
2023542129023,2023,542129023,2,9,0,18,19,8,4,0,0,2,0,0,0,0,1,1,6,6,1,44,7,1686,2,13,VAUXHALL ASTRA,6,E01030677,0,-1
2023351324363,2023,351324363,1,9,0,18,19,5,1,0,0,0,0,0,0,0,0,1,5,6,2,50,8,1598,1,5,VAUXHALL ASTRA,6,E01018186,0,-1
2023061305069,2023,061305069,2,9,0,3,3,4,2,0,0,0,0,0,0,0,2,1,5,6,2,50,8,1598,1,16,VAUXHALL ASTRA,5,E01005543,0,-1
2023331331108,2023,331331108,2,9,0,18,19,5,1,0,0,0,0,0,0,0,2,1,6,6,1,35,6,1496,2,3,VAUXHALL ASTRA,7,E01011402,0,-1
2023101312582,2023,101312582,1,9,0,5,5,3,7,0,0,3,0,0,0,0,4,1,1,1,1,52,8,1598,2,9,VAUXHALL ASTRA,1,E01008667,0,-1
202360A059554,2023,60A059554,1,9,0,18,19,5,1,0,0,0,0,0,0,0,1,1,2,2,1,35,6,1598,1,10,VAUXHALL ASTRA,-1,-1,0,-1
2023471358910,2023,471358910,2,9,0,3,3,3,7,0,0,1,0,0,0,0,2,1,5,6,2,23,5,1398,1,13,VAUXHALL ASTRA,4,E01031785,0,-1
2023131348211,2023,131348211,1,9,0,18,19,6,2,0,0,0,5,0,0,0,1,1,6,6,1,38,7,1956,2,8,VAUXHALL ASTRA,1,E01010996,0,-1
2023010433424,2023,010433424,1,9,0,18,19,3,7,0,0,3,0,0,1,0,1,1,6,6,1,18,4,1364,1,12,VAUXHALL ASTRA,1,E01004236,0,-1
2023221274045,2023,221274045,2,9,0,2,2,0,0,0,0,0,0,0,0,0,4,1,5,6,1,36,7,1598,1,16,VAUXHALL ASTRA,8,E01032221,0,-1
2023201281936,2023,201281936,1,9,0,18,19,1,5,0,0,0,0,4,0,0,1,1,6,6,1,23,5,1364,1,14,VAUXHALL ASTRA,10,E01009808,0,-1
2023201421362,2023,201421362,1,9,0,7,7,1,4,0,0,5,0,10,1,2,1,1,6,6,1,19,4,1598,1,10,VAUXHALL ASTRA,3,E01008977,0,-1
2023061372256,2023,061372256,1,9,0,18,19,4,8,0,0,8,0,0,0,0,1,1,2,2,1,25,5,1398,1,11,VAUXHALL ASTRA,2,E01004849,0,-1
2023141317338,2023,141317338,1,9,0,18,19,1,5,0,0,1,0,0,0,0,1,1,6,6,1,36,7,1956,2,10,VAUXHALL ASTRA,1,E01007848,0,-1
2023131275410,2023,131275410,1,9,0,9,9,5,8,0,0,1,0,0,0,0,1,1,2,2,1,49,8,1399,1,6,VAUXHALL ASTRA,1,E01011916,0,-1
2023010430050,2023,010430050,2,9,0,99,99,9,9,99,99,9,9,99,9,99,9,9,6,6,3,42,7,1399,1,4,VAUXHALL ASTRA,1,E01001944,0,-1
2023320451048,2023,320451048,2,9,0,18,19,3,7,0,0,0,0,0,0,0,1,1,6,6,3,50,8,1598,2,6,VAUXHALL ASTRA,-1,-1,0,-1
2023522301145,2023,522301145,1,9,0,18,19,6,2,0,0,0,0,0,0,0,1,1,6,6,2,43,7,1598,2,9,VAUXHALL ASTRA,7,E01022416,0,-1
2023461273371,2023,461273371,1,9,0,18,19,7,3,0,0,1,0,0,0,0,1,1,6,6,2,49,8,1598,2,8,VAUXHALL ASTRA,7,E01024274,0,-1
2023451308997,2023,451308997,2,9,0,9,9,1,3,0,0,5,0,0,7,0,4,1,6,6,2,28,6,1399,1,6,VAUXHALL ASTRA,6,E01031586,0,-1
2023211355007,2023,211355007,1,9,0,7,7,6,4,0,0,0,0,11,0,0,1,1,5,6,1,34,6,1399,1,7,VAUXHALL ASTRA,-1,-1,0,-1
2023401360203,2023,401360203,1,9,0,17,19,6,2,0,0,1,0,0,0,0,1,1,6,6,1,40,7,1686,2,12,VAUXHALL ASTRA,6,E01017554,0,-1
2023451299833,2023,451299833,1,9,0,18,19,3,7,0,0,2,5,0,0,0,1,1,5,6,1,41,7,1364,1,7,VAUXHALL ASTRA,7,E01030741,0,-1
2023501295817,2023,501295817,1,9,0,4,4,1,5,0,0,1,0,0,0,0,1,1,5,6,1,92,11,1686,2,21,VAUXHALL ASTRA,6,E01018752,0,-1
2023010453831,2023,010453831,1,9,0,13,13,5,1,0,0,1,0,0,0,0,3,1,6,6,1,36,7,1341,1,3,VAUXHALL ASTRA,3,E01002695,0,-1
2023061292986,2023,061292986,1,9,0,18,19,6,3,0,0,0,0,0,0,0,1,1,6,6,1,-1,-1,1399,1,6,VAUXHALL ASTRA,-1,-1,0,-1
2023461362350,2023,461362350,1,9,0,18,19,2,4,0,0,0,1,0,0,0,-1,1,6,6,1,25,5,1598,1,16,VAUXHALL ASTRA,5,E01024379,0,-1
2023311379148,2023,311379148,1,9,0,10,10,3,1,0,0,1,1,0,0,0,4,1,5,6,2,37,7,1364,1,13,VAUXHALL ASTRA,6,E01027997,0,-1
202360A095386,2023,60A095386,1,9,0,18,19,7,3,0,0,0,0,0,0,0,1,1,6,6,2,-1,-1,1598,1,11,VAUXHALL ASTRA,-1,-1,0,-1
2023161292338,2023,161292338,2,9,0,18,19,4,8,0,0,0,0,0,0,0,1,1,6,6,1,-1,-1,1598,1,16,VAUXHALL ASTRA,-1,-1,0,-1
2023421290169,2023,421290169,1,9,0,9,9,1,6,0,0,8,0,0,1,0,1,1,5,6,2,80,11,1598,1,9,VAUXHALL ASTRA,10,E01021402,0,-1
202360A034375,2023,60A034375,2,9,0,10,10,2,8,0,0,5,0,0,0,0,2,1,2,2,2,29,6,1686,2,11,VAUXHALL ASTRA,-1,-1,0,-1
2023320470588,2023,320470588,1,9,0,6,6,3,3,0,0,0,0,0,0,0,1,1,6,6,1,-1,-1,1598,1,12,VAUXHALL ASTRA,-1,-1,0,-1
2023161354596,2023,161354596,1,9,0,7,7,4,7,0,0,6,0,0,0,0,1,1,6,6,1,40,7,1956,2,10,VAUXHALL ASTRA,1,E01012852,0,-1
2023010437797,2023,010437797,3,9,0,3,3,3,7,0,0,0,0,0,0,0,2,1,2,2,1,53,8,1399,1,5,VAUXHALL ASTRA,5,E01001499,0,-1
2023421326401,2023,421326401,1,9,0,18,19,4,8,0,0,0,5,0,0,0,1,1,6,6,3,-1,-1,1364,1,16,VAUXHALL ASTRA,-1,-1,0,-1
2023531274808,2023,531274808,3,9,0,18,19,2,5,0,0,0,0,0,0,0,4,1,2,2,1,38,7,1598,2,7,VAUXHALL ASTRA,6,E01022225,0,-1
2023010459485,2023,010459485,2,9,0,16,19,3,5,0,0,1,0,0,0,0,1,1,6,6,2,73,10,1598,1,10,VAUXHALL ASTRA,7,E01002578,0,-1
2023221380747,2023,221380747,1,9,0,9,9,2,8,0,0,6,0,0,0,0,3,1,6,6,1,74,10,1598,1,14,VAUXHALL ASTRA,7,E01032425,0,-1
2023411366059,2023,411366059,2,9,0,18,19,-1,-1,0,0,0,0,0,0,0,3,1,5,6,2,52,8,1598,1,12,VAUXHALL ASTRA,4,E01001497,0,-1
2023461327867,2023,461327867,1,9,0,7,7,5,4,0,0,0,0,0,0,0,1,1,6,6,1,21,5,999,1,6,VAUXHALL ASTRA,5,E01024156,0,-1
2023430044718,2023,430044718,2,9,0,10,10,8,6,0,0,1,0,0,0,0,2,1,1,1,1,36,7,1399,1,6,VAUXHALL ASTRA,8,E01028817,0,-1
2023141392301,2023,141392301,1,9,0,18,19,7,2,0,0,0,5,0,6,7,1,1,6,6,2,22,5,1686,2,11,VAUXHALL ASTRA,1,E01007941,0,-1
2023351370225,2023,351370225,1,9,0,14,14,8,1,0,0,0,0,0,0,0,1,1,1,1,1,46,8,1796,1,16,VAUXHALL ASTRA,5,E01018102,0,-1
2023131325534,2023,131325534,2,9,0,18,19,6,2,0,0,8,0,0,0,0,1,1,5,6,1,33,6,1598,2,7,VAUXHALL ASTRA,4,E01011839,0,-1
2023302300606,2023,302300606,2,9,0,15,15,2,6,0,0,2,0,0,8,10,3,1,6,6,2,25,5,1399,1,7,VAUXHALL ASTRA,5,E01013587,0,-1
2023501288565,2023,501288565,1,9,0,18,19,3,7,0,0,1,0,0,0,0,1,1,6,6,2,47,8,1248,2,16,VAUXHALL ASTRA,4,E01020081,0,-1
2023311344252,2023,311344252,2,9,0,18,19,5,1,0,0,0,0,0,0,0,2,1,6,6,2,29,6,1686,2,12,VAUXHALL ASTRA,2,E01013908,0,-1
2023991299959,2023,991299959,2,9,0,9,9,1,7,0,0,8,0,0,0,0,1,1,5,6,1,57,9,1956,2,8,VAUXHALL ASTRA,3,-1,0,-1
2023552300120,2023,552300120,1,9,0,7,7,6,8,0,0,5,1,0,7,9,1,1,6,6,1,29,6,1796,1,18,VAUXHALL ASTRA,9,E01023270,0,-1
2023010436237,2023,010436237,2,9,0,7,7,1,3,7,6,0,0,0,1,0,0,1,6,6,2,28,6,1796,1,17,VAUXHALL ASTRA,4,E01003186,0,-1
2023401289014,2023,401289014,1,9,0,18,19,6,2,0,0,0,0,0,8,0,1,1,3,7,2,26,6,1389,1,20,VAUXHALL ASTRA,3,E01017400,0,-1
2023320540139,2023,320540139,2,9,0,18,19,3,7,0,0,8,0,0,0,0,1,1,6,6,2,46,8,1956,2,10,VAUXHALL ASTRA,-1,-1,0,-1
2023522300452,2023,522300452,1,9,0,3,3,7,3,0,0,0,0,0,0,0,2,1,6,6,1,24,5,1956,2,10,VAUXHALL ASTRA,10,E01014966,0,-1
2023320752241,2023,320752241,2,9,0,9,9,4,2,0,0,8,0,0,0,0,4,1,1,1,1,35,6,1910,2,16,VAUXHALL ASTRA,1,E01026176,0,-1
2023545203823,2023,545203823,1,9,0,18,19,1,5,0,0,8,0,0,0,0,1,1,6,6,1,55,8,1910,2,16,VAUXHALL ASTRA,1,E01032096,0,-1
202360A181977,2023,60A181977,1,9,0,5,5,4,8,0,0,2,0,0,0,0,3,1,6,6,2,31,6,1956,2,10,VAUXHALL ASTRA,-1,-1,0,-1
2023552301021,2023,552301021,2,9,0,3,3,8,4,0,0,1,0,0,0,0,2,1,1,1,1,33,6,1598,2,6,VAUXHALL ASTRA,3,E01015285,0,-1
2023461354377,2023,461354377,2,9,0,18,19,8,4,0,0,3,0,0,0,0,3,1,1,1,2,36,7,1598,2,6,VAUXHALL ASTRA,-1,-1,0,-1
2023141345567,2023,141345567,2,9,0,18,19,3,7,0,0,4,1,0,1,9,3,1,6,6,1,60,9,1398,1,13,VAUXHALL ASTRA,4,E01007653,0,-1
2023010461847,2023,010461847,1,9,0,18,19,7,3,0,0,1,0,0,0,0,2,1,2,2,2,41,7,1399,1,7,VAUXHALL ASTRA,3,E01015922,0,-1
2023631377743,2023,631377743,1,9,0,1,1,1,7,0,0,8,0,0,0,0,2,1,6,6,2,28,6,1598,2,7,VAUXHALL ASTRA,8,W01000547,0,-1
2023451312561,2023,451312561,1,9,0,18,19,1,5,0,0,0,0,0,0,0,1,1,5,6,1,21,5,1796,1,14,VAUXHALL ASTRA,4,E01018894,0,-1
2023440320366,2023,440320366,1,9,0,18,19,3,7,0,0,4,0,0,0,0,2,1,2,2,2,34,6,1364,1,15,VAUXHALL ASTRA,3,E01017020,0,-1
2023440354603,2023,440354603,2,9,0,9,9,2,0,0,0,0,0,0,0,0,3,1,6,6,2,28,6,1598,1,12,VAUXHALL ASTRA,9,E01022881,0,-1
2023311280191,2023,311280191,1,9,0,18,19,8,4,0,0,1,0,0,0,0,1,1,5,6,2,35,6,1399,1,6,VAUXHALL ASTRA,4,E01013503,0,-1
2023061275510,2023,061275510,1,9,0,18,19,1,5,0,0,4,0,0,0,0,1,1,6,6,2,30,6,1598,2,9,VAUXHALL ASTRA,5,E01005543,0,-1
2023122301286,2023,122301286,2,9,0,2,2,0,0,0,0,0,0,0,0,0,2,1,6,6,2,35,6,1398,1,11,VAUXHALL ASTRA,3,E01013386,0,-1
2023461296158,2023,461296158,1,9,-1,-1,-1,-1,-1,-1,-1,0,-1,-1,-1,0,-1,1,6,6,1,-1,-1,1364,1,9,VAUXHALL ASTRA,8,E01016179,0,-1
2023010440849,2023,010440849,1,9,0,4,4,5,1,2,2,4,0,0,0,0,4,1,1,1,1,34,6,1341,1,2,VAUXHALL ASTRA,3,E01001445,0,-1
2023461303890,2023,461303890,1,9,0,13,13,1,5,0,0,1,0,0,1,0,4,1,6,6,2,27,6,1364,1,15,VAUXHALL ASTRA,3,E01024182,0,-1
2023461382304,2023,461382304,1,9,0,-1,-1,1,7,-1,-1,0,-1,-1,-1,0,-1,1,6,6,2,56,9,1598,1,9,VAUXHALL ASTRA,8,E01033213,0,-1
2023461357094,2023,461357094,1,9,0,18,19,5,1,0,0,8,0,0,0,0,1,1,6,6,2,45,7,1686,2,9,VAUXHALL ASTRA,8,E01024362,0,-1
2023451280735,2023,451280735,1,9,0,18,19,6,2,0,0,1,0,0,0,0,1,1,5,6,1,37,7,1598,2,7,VAUXHALL ASTRA,4,E01030383,0,-1
2023010449335,2023,010449335,1,9,0,99,99,9,9,99,99,9,9,99,9,99,9,9,6,6,2,28,6,1598,1,16,VAUXHALL ASTRA,3,E01002403,0,-1
2023461380477,2023,461380477,2,9,0,18,19,1,4,0,0,0,1,0,0,0,4,1,6,6,1,47,8,1796,1,21,VAUXHALL ASTRA,8,E01024434,0,-1
2023461381147,2023,461381147,2,9,0,4,4,8,4,0,0,2,0,0,0,0,2,1,1,1,1,54,8,999,1,8,VAUXHALL ASTRA,4,E01024197,0,-1
2023070586091,2023,070586091,1,9,0,15,15,7,3,0,0,0,0,0,0,0,4,1,1,1,1,41,7,1686,2,9,VAUXHALL ASTRA,6,E01018472,0,-1
2023231286917,2023,231286917,2,9,0,18,19,8,4,0,0,0,0,0,0,0,3,1,6,6,2,26,6,1598,1,10,VAUXHALL ASTRA,5,E01019883,0,-1
2023010424655,2023,010424655,3,9,0,18,19,4,8,0,0,0,0,0,0,0,0,1,6,6,1,35,6,1399,2,4,VAUXHALL ASTRA,5,E01033573,0,-1
2023131360378,2023,131360378,1,9,0,18,19,3,7,0,0,0,0,0,0,0,1,1,6,6,1,40,7,1364,1,15,VAUXHALL ASTRA,1,E01011664,0,-1
2023141348759,2023,141348759,2,9,0,18,19,5,1,0,0,0,0,0,0,0,1,1,6,6,2,67,10,1364,1,13,VAUXHALL ASTRA,5,E01007360,0,-1
2023170M11723,2023,170M11723,3,9,0,18,19,6,2,0,0,0,0,0,0,0,1,1,6,6,1,39,7,1598,2,9,VAUXHALL ASTRA,1,E01012286,0,-1
2023010430483,2023,010430483,1,9,0,18,19,1,5,0,0,6,0,0,0,0,1,1,6,6,1,22,5,1598,1,12,VAUXHALL ASTRA,5,E01002184,0,-1
2023052302374,2023,052302374,1,9,0,18,19,2,6,0,0,0,5,0,0,0,1,1,2,2,2,40,7,1956,2,12,VAUXHALL ASTRA,1,E01007290,0,-1
2023010486051,2023,010486051,1,9,0,9,9,5,3,0,0,8,0,0,0,0,4,1,1,1,1,51,8,1399,1,4,VAUXHALL ASTRA,3,E01002612,0,-1
2023531307016,2023,531307016,1,9,0,18,19,3,7,0,0,0,0,0,0,0,1,1,2,2,1,54,8,1956,2,12,VAUXHALL ASTRA,6,E01022211,0,-1
2023332300562,2023,332300562,3,9,0,18,19,7,3,0,0,8,0,0,0,0,2,1,6,6,1,75,10,1399,1,8,VAUXHALL ASTRA,8,E01025959,0,-1
2023070673568,2023,070673568,2,9,0,2,2,0,0,0,0,0,0,0,0,0,4,1,6,6,1,73,10,1398,1,13,VAUXHALL ASTRA,1,E01018317,0,-1
2023010458426,2023,010458426,3,9,0,18,19,1,5,0,0,2,0,0,0,0,1,1,2,2,1,26,6,1598,1,18,VAUXHALL ASTRA,2,E01001021,0,-1
2023421291805,2023,421291805,2,9,0,18,19,8,4,0,0,0,0,0,0,0,3,1,5,6,2,32,6,1398,1,8,VAUXHALL ASTRA,-1,-1,0,-1
2023201319266,2023,201319266,5,9,0,2,2,0,0,0,0,0,0,0,0,0,3,1,1,1,2,35,6,1598,1,17,VAUXHALL ASTRA,4,E01009224,0,-1
2023430446066,2023,430446066,2,9,0,18,19,2,6,0,0,6,0,0,0,0,1,1,6,6,3,-1,-1,1364,1,9,VAUXHALL ASTRA,-1,-1,0,-1
2023201277810,2023,201277810,1,9,0,18,19,2,6,9,9,0,0,10,7,11,1,1,6,6,1,48,8,1598,1,14,VAUXHALL ASTRA,4,E01013936,0,-1
2023141376281,2023,141376281,3,9,0,18,19,8,4,0,0,1,0,0,0,0,1,1,6,6,2,-1,-1,1796,1,15,VAUXHALL ASTRA,-1,-1,0,-1
2023231301923,2023,231301923,1,9,0,17,19,8,5,0,0,8,0,0,1,4,1,1,5,6,1,27,6,1598,1,8,VAUXHALL ASTRA,7,E01031091,0,-1