collision_index,collision_year,collision_ref_no,vehicle_reference,vehicle_type,towing_and_articulation,vehicle_manoeuvre_historic,vehicle_manoeuvre,vehicle_direction_from,vehicle_direction_to,vehicle_location_restricted_lane_historic,vehicle_location_restricted_lane,junction_location,skidding_and_overturning,hit_object_in_carriageway,vehicle_leaving_carriageway,hit_object_off_carriageway,first_point_of_impact,vehicle_left_hand_drive,journey_purpose_of_driver_historic,journey_purpose_of_driver,sex_of_driver,age_of_driver,age_band_of_driver,engine_capacity_cc,propulsion_code,age_of_vehicle,generic_make_model,driver_imd_decile,lsoa_of_driver,escooter_flag,driver_distance_banding
2023041341491,2023,041341491,2,9,0,18,19,7,3,0,0,8,0,0,0,0,3,1,1,1,1,36,7,1598,1,19,VAUXHALL ASTRA,2,E01025274,0,-1
2023440019384,2023,440019384,2,9,0,18,19,7,3,0,0,1,0,0,0,0,1,1,6,6,2,40,7,1398,1,10,VAUXHALL ASTRA,4,E01017125,0,-1
2023010423701,2023,010423701,1,9,0,18,19,1,5,0,0,8,0,0,0,0,4,1,6,6,1,19,4,1398,1,11,VAUXHALL ASTRA,3,E01001502,0,-1
2023010455719,2023,010455719,1,9,0,18,19,5,1,0,0,0,0,0,0,0,1,1,6,6,1,22,5,1598,1,12,VAUXHALL ASTRA,7,E01003675,0,-1
2023010440379,2023,010440379,1,9,0,14,14,3,7,0,0,0,0,0,0,0,1,1,6,6,1,51,8,1364,1,9,VAUXHALL ASTRA,2,E01001316,0,-1
2023131348700,2023,131348700,1,9,0,18,19,5,1,0,0,8,0,0,0,0,1,1,3,7,2,38,7,1686,2,12,VAUXHALL ASTRA,2,E01011121,0,-1
2023201330529,2023,201330529,2,9,0,18,19,7,4,0,0,8,0,0,0,0,1,1,6,6,1,-1,-1,1399,1,6,VAUXHALL ASTRA,2,E01008892,0,-1
2023471379100,2023,471379100,1,9,0,18,19,7,3,0,0,0,0,0,1,0,1,1,2,2,2,40,7,1598,1,16,VAUXHALL ASTRA,3,E01021178,0,-1
2023201278704,2023,201278704,2,9,0,18,19,2,6,0,0,8,0,0,0,0,1,1,6,6,2,42,7,1598,1,17,VAUXHALL ASTRA,2,E01009985,0,-1
2023010438821,2023,010438821,5,9,0,2,2,0,0,0,0,0,0,0,0,0,1,1,6,6,3,-1,-1,1398,1,11,VAUXHALL ASTRA,-1,-1,0,-1
2023351383686,2023,351383686,1,9,0,18,19,1,5,0,0,0,0,0,0,0,1,1,1,1,1,33,6,1598,2,4,VAUXHALL ASTRA,9,E01015689,0,-1
2023010424790,2023,010424790,1,9,0,16,19,3,7,0,0,1,0,0,0,0,1,1,6,6,3,-1,-1,1399,1,5,VAUXHALL ASTRA,-1,-1,0,-1
2023201422513,2023,201422513,2,9,0,2,2,0,0,0,0,0,0,0,0,0,2,1,3,7,1,33,6,1598,1,13,VAUXHALL ASTRA,2,E01009842,0,-1
2023010451418,2023,010451418,2,9,0,18,19,7,3,0,0,6,0,0,0,0,1,1,6,6,1,28,6,1398,1,12,VAUXHALL ASTRA,5,E01000264,0,-1
2023451380625,2023,451380625,2,9,0,9,9,3,1,0,0,1,0,0,0,0,3,1,6,6,1,32,6,1796,1,15,VAUXHALL ASTRA,7,E01030410,0,-1
2023010437228,2023,010437228,1,9,0,99,99,9,9,99,99,9,9,99,9,99,9,9,6,6,3,-1,-1,1598,1,11,VAUXHALL ASTRA,-1,-1,0,-1
2023411346312,2023,411346312,1,9,0,16,19,6,1,0,0,0,0,0,0,0,1,1,6,6,1,35,6,1686,2,11,VAUXHALL ASTRA,6,E01023431,0,-1
2023201390937,2023,201390937,2,9,0,18,19,8,4,0,0,0,0,0,0,0,1,1,5,6,1,50,8,1598,1,13,VAUXHALL ASTRA,4,E01009626,0,-1
2023340WN3272,2023,340WN3272,1,9,0,9,9,1,7,0,0,6,0,0,0,0,1,1,6,6,2,19,4,1364,1,13,VAUXHALL ASTRA,7,E01032967,0,-1
2023351348225,2023,351348225,2,9,0,16,19,1,5,0,0,0,0,0,0,0,0,1,1,1,1,25,5,1598,2,5,VAUXHALL ASTRA,6,E01018151,0,-1
2023231334207,2023,231334207,3,9,0,18,19,2,6,0,0,0,0,0,0,0,0,1,1,1,1,35,6,1598,2,6,VAUXHALL ASTRA,-1,-1,0,-1
2023451295549,2023,451295549,1,9,0,18,19,3,7,0,0,1,0,0,0,0,1,1,5,6,1,49,8,1686,2,14,VAUXHALL ASTRA,6,E01023140,0,-1
2023161284205,2023,161284205,2,9,0,18,19,7,3,0,0,2,0,0,0,0,1,1,5,6,1,18,4,999,1,7,VAUXHALL ASTRA,2,E01013240,0,-1
2023010439886,2023,010439886,2,9,0,2,2,0,0,0,0,1,0,0,0,0,2,1,6,6,3,-1,-1,1598,1,9,VAUXHALL ASTRA,-1,-1,0,-1
2023440380525,2023,440380525,2,9,0,5,5,7,3,0,0,4,0,0,0,0,3,1,6,6,1,36,7,1364,1,9,VAUXHALL ASTRA,9,E01022494,0,-1
2023430325534,2023,430325534,1,9,0,17,19,4,1,0,0,2,0,0,8,11,1,1,6,6,1,24,5,1686,2,13,VAUXHALL ASTRA,-1,-1,0,-1
2023320210260,2023,320210260,1,9,0,18,19,6,2,0,0,1,0,0,0,0,1,2,6,6,2,50,8,1399,1,7,VAUXHALL ASTRA,4,E01026082,0,-1
2023320376074,2023,320376074,2,9,0,13,13,3,7,0,0,0,0,0,0,0,4,1,6,6,1,21,5,1364,1,9,VAUXHALL ASTRA,5,E01026232,0,-1
2023451334749,2023,451334749,1,9,0,18,19,5,1,0,0,0,0,0,0,0,1,1,5,6,2,44,7,1399,1,6,VAUXHALL ASTRA,6,E01031601,0,-1
2023122300325,2023,122300325,1,9,0,18,19,7,3,0,0,1,5,10,3,1,1,1,1,1,1,40,7,1598,1,16,VAUXHALL ASTRA,8,E01027631,0,-1
2023320401181,2023,320401181,2,9,0,7,7,4,6,0,0,8,0,0,0,0,4,1,2,2,1,40,7,1796,1,15,VAUXHALL ASTRA,4,E01026268,0,-1
2023542374123,2023,542374123,1,9,0,9,9,7,4,0,0,6,0,0,1,9,4,1,6,6,1,71,10,1598,1,21,VAUXHALL ASTRA,8,E01031873,0,-1
2023041390342,2023,041390342,1,9,0,18,19,3,7,0,0,6,0,0,0,0,1,1,6,6,3,-1,-1,-1,-1,-1,VAUXHALL ASTRA,-1,-1,0,-1
2023201295795,2023,201295795,3,9,0,2,2,0,0,9,9,0,1,0,0,0,2,1,6,6,1,-1,-1,1956,2,10,VAUXHALL ASTRA,1,E01009491,0,-1
2023421328424,2023,421328424,3,9,0,2,2,0,0,0,0,0,0,0,0,0,2,1,6,6,3,-1,-1,1686,2,19,VAUXHALL ASTRA,-1,-1,0,-1
2023440155947,2023,440155947,1,9,0,12,12,5,1,0,0,2,5,0,0,0,1,1,6,6,1,20,4,1248,2,10,VAUXHALL ASTRA,4,E01022621,0,-1
2023471264913,2023,471264913,1,9,0,2,2,4,8,0,0,1,1,0,0,0,3,1,6,6,1,22,5,1598,1,14,VAUXHALL ASTRA,8,E01021134,0,-1
2023010441050,2023,010441050,2,9,0,99,99,9,9,99,99,9,9,99,9,99,9,9,6,6,3,-1,-1,1796,1,15,VAUXHALL ASTRA,-1,-1,0,-1
2023041374160,2023,041374160,1,9,0,9,9,7,3,0,0,6,0,0,0,0,1,1,6,6,3,-1,-1,1598,1,14,VAUXHALL ASTRA,-1,-1,0,-1
2023501355890,2023,501355890,1,9,0,7,7,2,4,0,0,8,0,0,0,0,4,1,1,1,2,48,8,1598,2,7,VAUXHALL ASTRA,2,E01015086,0,-1
2023401308017,2023,401308017,1,9,0,16,19,1,2,0,0,3,0,0,0,0,4,1,6,6,2,60,9,1598,1,16,VAUXHALL ASTRA,-1,-1,0,-1
2023010445764,2023,010445764,2,9,0,18,19,4,8,0,0,1,0,0,0,0,1,1,6,6,3,-1,-1,1598,1,11,VAUXHALL ASTRA,-1,-1,0,-1
2023471260509,2023,471260509,1,9,0,5,5,5,1,0,0,8,0,0,0,0,4,1,5,6,2,50,8,-1,-1,-1,VAUXHALL ASTRA,3,E01016858,0,-1
2023221270957,2023,221270957,1,9,0,18,19,8,4,0,0,0,0,0,0,0,1,1,6,6,1,24,5,1598,1,15,VAUXHALL ASTRA,4,E01014015,0,-1
2023302301797,2023,302301797,1,9,0,16,19,6,8,0,0,0,0,0,0,0,1,1,3,7,1,27,6,1956,2,10,VAUXHALL ASTRA,10,E01019881,0,-1
2023411339030,2023,411339030,1,9,0,4,4,4,8,0,0,0,0,0,0,0,2,1,5,6,2,27,6,1399,1,4,VAUXHALL ASTRA,2,E01015774,0,-1
2023440056332,2023,440056332,1,9,0,5,5,6,2,0,0,0,0,0,0,0,1,1,3,7,1,42,7,1686,2,12,VAUXHALL ASTRA,10,E01023047,0,-1
2023161310005,2023,161310005,1,9,0,16,19,1,6,0,0,0,0,10,1,0,1,1,6,6,2,38,7,1598,1,12,VAUXHALL ASTRA,1,E01012948,0,-1
2023010429976,2023,010429976,1,9,0,3,3,7,3,0,0,6,0,0,0,0,1,1,6,6,2,45,7,1598,1,20,VAUXHALL ASTRA,2,E01003432,0,-1
2023010434257,2023,010434257,2,9,0,99,99,9,9,99,99,9,9,99,9,99,2,9,6,6,3,20,4,1398,1,13,VAUXHALL ASTRA,4,E01001137,0,-1
2023031282877,2023,031282877,1,9,0,18,19,7,7,0,0,0,0,4,0,0,1,1,5,6,1,19,4,1364,1,7,VAUXHALL ASTRA,7,E01019093,0,-1
2023461301922,2023,461301922,1,9,0,18,19,7,3,0,0,0,0,0,0,0,3,1,6,6,1,64,9,1796,1,14,VAUXHALL ASTRA,7,E01032619,0,-1
2023111288580,2023,111288580,1,9,0,9,9,7,5,0,0,1,0,0,0,0,1,1,2,2,1,35,6,1598,2,6,VAUXHALL ASTRA,10,E01012201,0,-1
2023501368194,2023,501368194,1,9,0,18,19,1,5,0,0,0,0,0,0,0,3,1,6,6,2,83,11,1398,1,11,VAUXHALL ASTRA,9,E01015104,0,-1
2023010459277,2023,010459277,1,9,0,13,13,3,7,0,0,8,0,0,0,0,4,1,6,6,1,18,4,1364,1,15,VAUXHALL ASTRA,3,E01004303,0,-1
2023421281558,2023,421281558,2,9,0,18,19,7,3,0,0,0,0,0,0,0,1,1,6,6,2,22,5,1796,1,15,VAUXHALL ASTRA,3,E01015884,0,-1
2023461302219,2023,461302219,1,9,0,4,4,6,2,0,0,0,0,0,0,0,1,1,2,2,1,61,9,1598,1,12,VAUXHALL ASTRA,3,E01024241,0,-1
2023041288780,2023,041288780,1,9,0,18,19,3,7,0,0,0,5,0,0,0,1,2,2,2,1,40,7,1364,1,16,VAUXHALL ASTRA,9,E01024966,0,-1
2023010449510,2023,010449510,1,9,0,7,7,1,4,9,9,0,0,4,1,11,3,1,2,2,2,53,8,1796,1,19,VAUXHALL ASTRA,4,E01001595,0,-1
2023161311054,2023,161311054,1,9,0,3,3,5,1,0,0,1,0,0,0,0,1,1,6,6,1,26,6,1598,1,13,VAUXHALL ASTRA,2,E01033104,0,-1
2023010477536,2023,010477536,2,9,0,4,4,1,5,0,0,1,0,0,0,0,2,1,2,2,1,47,8,999,1,7,VAUXHALL ASTRA,8,E01000774,0,-1
2023430068548,2023,430068548,2,9,0,18,19,6,2,0,0,1,0,0,0,0,1,1,6,6,3,-1,-1,1796,1,16,VAUXHALL ASTRA,-1,-1,0,-1
2023201314185,2023,201314185,1,9,0,9,9,4,2,0,0,5,0,0,0,0,2,1,6,6,2,37,7,1598,2,8,VAUXHALL ASTRA,2,E01010419,0,-1
2023131311185,2023,131311185,2,9,0,2,2,0,0,0,0,8,0,0,0,0,2,1,6,6,3,-1,-1,1598,2,7,VAUXHALL ASTRA,-1,-1,0,-1
2023371361853,2023,371361853,1,9,0,11,11,4,3,0,0,0,0,0,0,0,4,1,6,6,1,20,4,1598,1,12,VAUXHALL ASTRA,5,E01030138,0,-1
2023141307318,2023,141307318,1,9,0,1,1,3,7,0,0,0,0,0,0,0,2,1,6,6,2,38,7,1399,1,7,VAUXHALL ASTRA,1,E01007715,0,-1
2023332300730,2023,332300730,1,9,0,3,3,1,5,0,0,0,0,0,0,0,1,1,6,6,2,35,6,1796,1,17,VAUXHALL ASTRA,7,E01026005,0,-1
2023421305515,2023,421305515,1,9,0,16,19,4,1,0,0,0,1,10,1,11,3,1,1,1,1,24,5,1598,2,4,VAUXHALL ASTRA,4,E01021651,0,-1
2023111304742,2023,111304742,1,9,0,16,19,8,2,0,0,1,1,0,3,0,1,1,5,6,1,21,5,1398,1,9,VAUXHALL ASTRA,2,E01012357,0,-1
2023141388861,2023,141388861,1,9,0,9,9,5,3,0,0,8,0,0,0,0,1,1,5,6,1,23,5,1362,1,11,VAUXHALL ASTRA,-1,-1,0,-1
2023131375401,2023,131375401,1,9,0,18,19,1,1,0,0,0,0,0,0,0,1,1,2,2,1,45,7,1598,1,21,VAUXHALL ASTRA,1,E01011911,0,-1
2023061280486,2023,061280486,4,9,0,4,4,4,8,0,0,0,0,0,0,0,1,1,5,6,1,61,9,1598,2,5,VAUXHALL ASTRA,7,E01012993,0,-1
2023440082802,2023,440082802,1,9,0,9,9,7,5,0,0,2,0,0,0,0,1,1,2,2,1,42,7,1686,2,8,VAUXHALL ASTRA,10,E01023276,0,-1
2023161350181,2023,161350181,1,9,0,12,12,5,1,0,0,0,0,0,0,0,3,1,6,6,2,33,6,999,1,8,VAUXHALL ASTRA,1,E01033110,0,-1
2023221392960,2023,221392960,3,9,0,2,2,0,0,0,0,0,0,0,0,0,0,1,1,1,1,32,6,1598,2,5,VAUXHALL ASTRA,8,E01032400,0,-1
2023461387240,2023,461387240,1,9,0,12,12,3,7,0,0,0,0,0,0,0,1,1,2,2,1,33,6,999,1,6,VAUXHALL ASTRA,4,E01016048,0,-1
2023201411529,2023,201411529,2,9,0,3,3,2,6,0,0,0,0,0,0,0,2,1,5,6,1,22,5,1598,1,17,VAUXHALL ASTRA,5,E01027133,0,-1
2023010435354,2023,010435354,1,9,0,99,99,9,9,99,99,9,9,99,9,99,9,9,6,6,2,30,6,1399,1,6,VAUXHALL ASTRA,2,E01001136,0,-1
2023401356150,2023,401356150,2,9,0,7,7,4,7,0,0,2,0,0,0,0,1,1,5,6,1,34,6,1399,1,5,VAUXHALL ASTRA,2,E01015794,0,-1
2023231313162,2023,231313162,1,9,0,18,19,5,1,0,0,8,2,0,1,3,1,1,5,6,2,54,8,1796,1,15,VAUXHALL ASTRA,1,E01031043,0,-1
2023451344258,2023,451344258,3,9,0,18,19,1,5,0,0,0,0,0,0,0,1,1,5,6,1,50,8,1598,2,8,VAUXHALL ASTRA,7,E01022946,0,-1
2023451282724,2023,451282724,1,9,0,17,19,5,1,0,0,0,0,0,0,0,3,1,2,2,2,41,7,1686,2,12,VAUXHALL ASTRA,7,E01030520,0,-1
2023010419861,2023,010419861,1,9,0,9,9,3,1,0,0,6,0,0,3,0,1,1,2,2,2,19,4,1364,1,12,VAUXHALL ASTRA,4,E01003076,0,-1
2023010434074,2023,010434074,1,9,0,18,19,1,5,0,0,8,0,0,3,1,1,1,6,6,1,18,4,1796,1,14,VAUXHALL ASTRA,2,E01000104,0,-1
2023161382816,2023,161382816,2,8,0,18,19,1,5,0,0,1,0,0,0,0,1,1,1,1,1,39,7,1598,2,5,-1,1,E01013196,0,-1
2023170L30853,2023,170L30853,2,9,0,18,19,1,5,0,0,0,5,0,1,0,1,1,6,6,2,28,6,1364,1,8,VAUXHALL ASTRA,1,E01012143,0,-1
2023161326484,2023,161326484,1,9,0,18,19,7,3,0,0,1,0,0,0,0,3,1,6,6,2,37,7,1398,1,11,VAUXHALL ASTRA,5,E01013297,0,-1
2023430565965,2023,430565965,1,9,0,7,7,7,1,0,0,8,0,0,0,0,3,1,6,6,1,54,8,1956,2,12,VAUXHALL ASTRA,3,E01016738,0,-1
2023421281558,2023,421281558,1,9,0,4,4,7,7,0,0,0,0,0,0,0,2,1,6,6,1,42,7,1598,1,15,VAUXHALL ASTRA,6,E01015919,0,-1
2023501271849,2023,501271849,2,9,0,8,8,7,3,0,0,1,0,0,0,0,2,1,1,1,1,48,8,1248,2,9,VAUXHALL ASTRA,6,E01019016,0,-1
2023131263050,2023,131263050,2,9,0,2,2,0,0,0,0,8,0,0,0,0,0,1,6,6,3,-1,-1,1399,1,6,VAUXHALL ASTRA,-1,-1,0,-1
2023991391564,2023,991391564,1,9,0,18,19,1,4,0,0,0,0,0,0,0,1,1,6,6,1,38,7,1598,2,6,VAUXHALL ASTRA,10,-1,0,-1
2023010444162,2023,010444162,1,9,0,99,99,9,9,99,99,0,9,99,9,99,9,9,6,6,2,43,7,1362,1,10,VAUXHALL ASTRA,4,E01016514,0,-1
2023501350774,2023,501350774,1,9,0,7,7,3,7,4,4,8,0,0,0,0,1,1,5,6,1,42,7,1598,1,15,VAUXHALL ASTRA,6,E01015132,0,-1
2023010444831,2023,010444831,2,9,0,99,99,9,9,0,0,9,9,0,0,0,1,9,6,6,3,53,8,1364,1,13,VAUXHALL ASTRA,4,E01001097,0,-1
2023461271723,2023,461271723,2,9,0,18,19,4,8,0,0,0,0,0,0,0,3,1,6,6,1,40,7,1796,1,17,VAUXHALL ASTRA,1,E01006739,0,-1
2023122301072,2023,122301072,1,9,0,16,19,4,8,0,0,1,5,10,0,0,1,1,6,6,2,76,11,1796,1,18,VAUXHALL ASTRA,6,E01027742,0,-1
2023340WN0532,2023,340WN0532,2,9,0,18,19,7,3,0,0,1,0,0,0,0,1,1,2,2,1,50,8,1364,1,15,VAUXHALL ASTRA,2,E01027229,0,-1
2023320483921,2023,320483921,1,9,0,18,19,8,4,0,0,0,0,0,1,4,1,1,6,6,1,60,9,1598,1,15,VAUXHALL ASTRA,8,E01026223,0,-1
2023531347792,2023,531347792,1,9,0,18,19,7,3,0,0,1,5,0,7,0,1,1,6,6,2,24,5,1796,1,16,VAUXHALL ASTRA,9,E01022185,0,-1
2023471362972,2023,471362972,1,9,0,18,19,5,1,0,0,2,0,0,0,0,4,1,1,1,1,40,7,1598,2,5,VAUXHALL ASTRA,2,E01016949,0,-1
2023471283646,2023,471283646,2,9,0,18,19,5,1,0,0,1,0,0,0,0,4,1,1,1,2,27,6,1598,2,6,VAUXHALL ASTRA,4,E01031455,0,-1
2023440418355,2023,440418355,2,19,0,18,19,7,3,0,0,0,0,0,0,0,1,1,2,2,1,51,8,1686,2,21,VAUXHALL ASTRA,4,E01017362,0,-1
2023520000794,2023,520000794,1,9,0,7,7,1,3,9,9,0,0,0,0,0,1,1,6,6,1,51,8,-1,-1,-1,VAUXHALL ASTRA,5,E01014426,0,-1
2023461348838,2023,461348838,1,9,0,1,1,3,7,0,0,0,0,0,0,0,1,1,6,6,1,-1,-1,1598,2,8,VAUXHALL ASTRA,-1,-1,0,-1
2023440247375,2023,440247375,1,9,5,5,5,6,2,0,0,0,0,0,0,0,3,1,2,2,1,33,6,1598,1,16,VAUXHALL ASTRA,1,E01017205,0,-1
2023061350034,2023,061350034,1,9,0,18,19,4,8,0,0,0,0,0,0,0,1,1,6,6,1,55,8,1598,2,4,VAUXHALL ASTRA,4,E01025011,0,-1
2023501364337,2023,501364337,2,9,0,9,9,8,6,0,0,8,0,0,0,0,1,1,6,6,2,29,6,1598,1,13,VAUXHALL ASTRA,2,E01020277,0,-1
2023161308389,2023,161308389,1,9,0,18,19,5,1,0,0,0,0,0,0,0,1,1,5,6,1,47,8,1248,2,11,VAUXHALL ASTRA,3,E01011834,0,-1
2023211338488,2023,211338488,1,9,0,5,5,6,6,0,0,8,0,0,0,0,1,1,6,6,1,-1,-1,1364,1,9,VAUXHALL ASTRA,3,E01029349,0,-1
2023061266307,2023,061266307,1,9,0,18,19,6,2,0,0,0,0,0,0,0,1,1,2,2,1,40,7,1364,1,13,VAUXHALL ASTRA,2,E01005376,0,-1
2023010472927,2023,010472927,1,9,0,99,99,9,9,99,99,9,9,99,9,99,2,9,6,6,2,33,6,1598,1,17,VAUXHALL ASTRA,1,E01002036,0,-1
2023471426022,2023,471426022,1,9,0,18,19,5,1,0,0,0,0,4,0,0,1,1,6,6,1,36,7,1796,1,13,VAUXHALL ASTRA,7,E01020970,0,-1
2023201277171,2023,201277171,1,9,0,18,19,5,1,0,0,1,0,0,0,0,1,1,6,6,2,-1,-1,1398,1,11,VAUXHALL ASTRA,-1,-1,0,-1
2023461285415,2023,461285415,1,9,0,9,9,3,7,0,0,4,0,0,0,0,1,1,6,6,1,33,6,1598,1,17,VAUXHALL ASTRA,3,E01024154,0,-1
2023471312450,2023,471312450,4,9,0,18,19,7,3,0,0,1,0,0,0,0,0,1,1,1,1,-1,-1,1598,2,4,VAUXHALL ASTRA,2,E01016949,0,-1
2023461374670,2023,461374670,2,9,0,9,9,5,3,0,0,3,0,0,0,0,4,1,6,6,1,34,6,1364,1,7,VAUXHALL ASTRA,1,E01024295,0,-1
2023031378839,2023,031378839,2,9,0,18,19,1,5,0,0,0,1,0,0,0,1,1,5,6,1,25,5,1598,1,14,VAUXHALL ASTRA,-1,-1,0,-1
2023520301858,2023,520301858,2,9,0,18,19,5,1,0,0,2,0,0,0,0,2,1,6,6,1,53,8,1598,1,17,VAUXHALL ASTRA,5,E01020060,0,-1
2023131319845,2023,131319845,1,9,0,18,19,5,1,0,0,0,5,0,1,11,1,1,5,6,1,19,4,1910,2,16,VAUXHALL ASTRA,3,E01011175,0,-1
2023302300050,2023,302300050,1,9,0,18,19,3,7,0,0,2,0,0,0,0,1,1,6,6,1,52,8,1598,1,12,VAUXHALL ASTRA,3,E01019496,0,-1
2023010442605,2023,010442605,2,9,0,99,99,9,9,99,99,9,9,99,9,99,9,9,6,6,3,-1,-1,1598,1,13,VAUXHALL ASTRA,-1,-1,0,-1
2023440521606,2023,440521606,2,9,0,9,9,5,2,0,0,8,0,0,0,0,1,1,6,6,1,49,8,1686,2,11,VAUXHALL ASTRA,10,E01022534,0,-1
2023421326286,2023,421326286,1,9,0,4,4,7,3,0,0,4,0,0,0,0,1,1,6,6,2,30,6,1956,2,9,VAUXHALL ASTRA,3,E01033051,0,-1
2023010457784,2023,010457784,1,9,0,6,6,3,3,0,0,1,0,0,0,0,0,1,6,6,2,33,6,1598,1,8,VAUXHALL ASTRA,4,E01001699,0,-1
2023552300822,2023,552300822,1,9,0,18,19,2,6,0,0,0,0,4,0,0,1,1,6,6,3,-1,-1,1598,1,12,VAUXHALL ASTRA,-1,-1,0,-1
2023010423532,2023,010423532,1,9,0,7,7,3,5,0,0,4,0,0,0,0,1,1,6,6,1,33,6,1398,1,13,VAUXHALL ASTRA,2,E01003506,0,-1
2023421351362,2023,421351362,2,9,0,10,10,1,7,0,0,0,0,0,0,0,1,1,6,6,1,29,6,1364,1,9,VAUXHALL ASTRA,2,E01015934,0,-1
2023501276204,2023,501276204,2,9,0,3,3,6,1,0,0,1,0,0,0,0,2,1,5,6,1,34,6,1956,2,13,VAUXHALL ASTRA,3,E01019028,0,-1
2023461288546,2023,461288546,1,9,0,18,19,5,1,0,0,6,0,0,0,0,1,1,5,6,1,-1,-1,1796,1,15,VAUXHALL ASTRA,8,E01024828,0,-1
2023461394612,2023,461394612,2,9,0,18,19,5,1,0,0,0,0,0,0,0,4,1,6,6,2,81,11,1796,1,17,VAUXHALL ASTRA,7,E01024380,0,-1
2023411364085,2023,411364085,1,9,0,18,19,8,2,0,0,4,0,0,0,0,1,1,5,6,1,24,5,1398,1,12,VAUXHALL ASTRA,6,E01023922,0,-1
2023010480691,2023,010480691,2,9,0,99,99,9,9,99,99,9,9,99,9,99,9,9,6,6,3,-1,-1,1796,1,16,VAUXHALL ASTRA,-1,-1,0,-1
2023401282784,2023,401282784,1,9,0,18,19,1,5,0,0,0,0,0,0,0,1,1,2,2,2,64,9,1598,1,9,VAUXHALL ASTRA,2,E01015781,0,-1
2023041280685,2023,041280685,1,9,0,18,19,7,3,0,0,0,1,6,2,0,2,1,5,6,1,25,5,1364,1,18,VAUXHALL ASTRA,4,E01025460,0,-1
2023052300622,2023,052300622,1,9,0,18,19,4,8,0,0,1,0,0,0,0,1,1,6,6,1,31,6,1364,1,16,VAUXHALL ASTRA,7,E01012434,0,-1
2023552300697,2023,552300697,1,9,0,18,19,8,4,0,0,0,0,0,0,0,1,1,6,6,1,81,11,1686,2,10,VAUXHALL ASTRA,7,E01020375,0,-1
2023010484334,2023,010484334,2,9,0,99,99,9,9,99,99,9,9,99,9,99,1,9,6,6,3,27,6,1598,1,16,VAUXHALL ASTRA,4,E01000608,0,-1
2023340WN5982,2023,340WN5982,2,9,0,17,19,6,2,0,0,0,0,0,0,0,1,1,6,6,1,29,6,1364,1,16,VAUXHALL ASTRA,7,E01007477,0,-1
2023010476847,2023,010476847,1,9,0,18,19,5,1,0,0,8,0,0,0,0,1,1,1,1,1,30,6,1399,1,6,VAUXHALL ASTRA,6,E01000330,0,-1
2023522400315,2023,522400315,1,9,0,2,2,0,0,6,6,2,0,0,0,0,3,1,6,6,1,39,7,1598,1,15,VAUXHALL ASTRA,8,E01014507,0,-1
2023430101997,2023,430101997,2,9,0,18,19,8,4,0,0,0,1,0,4,6,2,1,6,6,2,20,4,1364,1,7,VAUXHALL ASTRA,4,W01001189,0,-1
2023440466622,2023,440466622,1,9,0,5,5,1,5,0,0,1,0,0,0,0,1,1,2,2,2,60,9,1364,1,8,VAUXHALL ASTRA,9,E01023158,0,-1
2023211337648,2023,211337648,2,9,0,10,10,8,4,0,0,2,0,4,0,0,2,1,5,6,2,34,6,1686,2,12,VAUXHALL ASTRA,7,E01029719,0,-1
2023461305182,2023,461305182,1,9,0,18,19,7,2,0,0,0,0,0,0,0,0,1,1,1,1,36,7,1496,2,2,VAUXHALL ASTRA,2,E01024247,0,-1
2023131361150,2023,131361150,2,9,0,4,4,8,4,0,0,8,0,0,0,0,2,1,5,6,1,53,8,999,1,5,VAUXHALL ASTRA,1,E01010622,0,-1
2023332300231,2023,332300231,1,9,0,7,7,2,4,0,0,6,0,0,0,0,3,1,2,2,2,35,6,1598,1,18,VAUXHALL ASTRA,7,E01025864,0,-1
2023401382757,2023,401382757,1,9,0,3,3,3,7,0,0,0,0,0,0,0,1,1,5,6,2,80,11,1796,1,18,VAUXHALL ASTRA,7,E01017420,0,-1
2023401377173,2023,401377173,2,9,0,18,19,1,5,0,0,8,0,0,0,0,3,1,1,1,1,36,7,1598,2,9,VAUXHALL ASTRA,1,E01015772,0,-1
2023991264163,2023,991264163,2,9,0,18,19,5,1,0,0,0,0,4,0,0,1,1,6,6,1,32,6,1598,1,13,VAUXHALL ASTRA,7,-1,0,-1
2023131348546,2023,131348546,1,9,0,-1,-1,-1,-1,-1,-1,-1,-1,-1,-1,-1,-1,1,6,6,3,-1,-1,1796,1,14,VAUXHALL ASTRA,-1,-1,0,-1
2023552300571,2023,552300571,1,9,0,5,5,1,5,0,0,6,0,0,0,0,1,1,6,6,1,20,4,1364,1,14,VAUXHALL ASTRA,5,E01015375,0,-1
2023061321559,2023,061321559,2,9,0,2,2,7,3,0,0,0,0,0,0,0,3,1,6,6,2,83,11,1598,1,21,VAUXHALL ASTRA,10,E01004949,0,-1
2023451357934,2023,451357934,2,9,0,13,13,1,3,0,0,0,0,0,0,0,2,1,6,6,1,40,7,1598,1,18,VAUXHALL ASTRA,5,E01030739,0,-1
2023332300060,2023,332300060,1,9,0,14,14,7,3,0,0,1,0,0,0,0,3,1,6,6,1,33,6,1598,2,8,VAUXHALL ASTRA,9,E01025619,0,-1
2023451309859,2023,451309859,1,9,0,7,7,3,7,0,0,0,0,0,0,0,4,1,5,6,1,78,11,1686,2,21,VAUXHALL ASTRA,8,E01032838,0,-1
2023010473866,2023,010473866,1,9,0,9,9,5,3,0,0,2,1,0,0,0,4,1,6,6,1,22,5,1398,1,8,VAUXHALL ASTRA,2,E01001331,0,-1