collision_index,collision_year,collision_ref_no,vehicle_reference,vehicle_type,towing_and_articulation,vehicle_manoeuvre_historic,vehicle_manoeuvre,vehicle_direction_from,vehicle_direction_to,vehicle_location_restricted_lane_historic,vehicle_location_restricted_lane,junction_location,skidding_and_overturning,hit_object_in_carriageway,vehicle_leaving_carriageway,hit_object_off_carriageway,first_point_of_impact,vehicle_left_hand_drive,journey_purpose_of_driver_historic,journey_purpose_of_driver,sex_of_driver,age_of_driver,age_band_of_driver,engine_capacity_cc,propulsion_code,age_of_vehicle,generic_make_model,driver_imd_decile,lsoa_of_driver,escooter_flag,driver_distance_banding
2023141365692,2023,141365692,1,9,0,18,19,3,7,0,0,0,0,0,0,0,1,1,5,6,1,56,9,999,1,1,FORD PUMA,7,E01007827,0,-1
2023461380941,2023,461380941,1,9,0,18,19,3,7,0,0,0,0,0,1,0,1,1,5,6,1,18,4,999,1,2,FORD PUMA,1,E01024590,0,-1
2023430423839,2023,430423839,1,9,0,18,19,7,3,0,0,8,0,0,0,0,1,1,6,6,1,28,6,999,1,3,FORD PUMA,7,E01017851,0,-1
2023421291831,2023,421291831,1,9,0,18,19,2,6,0,0,0,0,0,0,0,4,1,5,6,1,51,8,999,1,0,FORD PUMA,5,E01015949,0,-1
2023471367990,2023,471367990,1,9,0,18,19,2,4,0,0,1,0,9,3,4,1,1,6,6,2,25,5,999,1,2,FORD PUMA,10,E01030585,0,-1
2023010425094,2023,010425094,1,9,9,99,99,9,9,0,0,0,9,99,9,99,2,9,6,6,1,52,8,1679,1,23,FORD PUMA,4,E01002593,0,-1
2023052301251,2023,052301251,1,9,0,5,5,2,5,0,0,1,0,0,0,0,3,1,6,6,1,54,8,999,1,1,FORD PUMA,6,E01007014,0,-1
2023221370245,2023,221370245,2,9,0,18,19,7,3,0,0,0,0,0,1,9,3,1,5,6,2,63,9,999,1,1,FORD PUMA,6,E01014082,0,-1
2023201413495,2023,201413495,2,9,0,18,19,7,3,0,0,8,0,10,2,0,1,1,6,6,2,53,8,999,1,1,FORD PUMA,8,E01010117,0,-1
2023991375521,2023,991375521,1,9,0,18,19,6,2,0,0,0,0,0,0,0,1,1,2,2,1,24,5,999,1,2,FORD PUMA,7,-1,0,-1
2023041327312,2023,041327312,1,9,0,9,9,1,7,0,0,8,0,0,0,0,1,1,6,6,2,67,10,999,1,0,FORD PUMA,5,E01023128,0,-1
2023320075319,2023,320075319,2,9,0,9,9,8,6,0,0,5,0,0,0,0,3,1,2,2,2,45,7,999,1,1,FORD PUMA,8,E01026141,0,-1
2023631321469,2023,631321469,2,9,0,18,19,8,2,0,0,1,0,0,0,0,1,1,5,6,1,64,9,999,1,1,FORD PUMA,2,E01029453,0,-1
2023010428869,2023,010428869,5,9,0,2,2,0,0,0,0,1,0,0,0,0,3,1,6,6,3,-1,-1,999,1,2,FORD PUMA,-1,-1,0,-1
2023010448991,2023,010448991,2,9,0,18,19,1,5,0,0,6,0,0,0,0,3,1,6,6,2,64,9,999,1,1,FORD PUMA,4,E01002059,0,-1
2023430539795,2023,430539795,2,9,0,18,19,7,3,0,0,8,0,0,0,0,4,1,6,6,2,27,6,999,1,1,FORD PUMA,5,E01028441,0,-1
2023010420407,2023,010420407,1,9,9,99,99,9,9,99,99,9,9,99,9,99,9,9,6,6,3,-1,-1,999,1,1,FORD PUMA,-1,-1,0,-1
2023010460513,2023,010460513,2,9,9,18,19,3,7,99,99,9,9,99,9,99,1,1,6,6,1,-1,-1,999,1,2,FORD PUMA,2,E01003598,0,-1
2023340WN0072,2023,340WN0072,3,9,0,3,3,3,7,0,0,1,0,0,0,0,3,1,6,6,2,55,8,999,1,2,FORD PUMA,7,E01031166,0,-1
2023421299276,2023,421299276,1,9,0,9,9,6,2,0,0,0,0,0,0,0,1,1,1,1,2,53,8,999,1,1,FORD PUMA,3,E01021888,0,-1
2023101269448,2023,101269448,1,9,0,4,4,3,7,0,0,0,0,0,0,0,1,1,6,6,2,-1,-1,999,1,3,FORD PUMA,10,E01008309,0,-1
2023302301374,2023,302301374,1,9,0,17,19,6,4,0,0,0,5,4,0,0,1,1,6,6,2,79,11,999,1,2,FORD PUMA,10,E01013465,0,-1
2023451368125,2023,451368125,1,9,0,5,5,7,3,0,0,0,0,0,0,0,3,1,1,1,2,42,7,999,8,0,FORD PUMA,9,E01030976,0,-1
2023622300272,2023,622300272,1,8,0,18,19,4,8,0,0,0,0,0,0,0,1,1,6,6,1,75,10,999,1,1,-1,8,W01000905,0,-1
2023430411012,2023,430411012,2,9,0,16,19,4,6,0,0,0,0,0,0,0,1,1,6,6,1,51,8,999,1,0,FORD PUMA,3,E01016456,0,-1
2023041378649,2023,041378649,2,9,0,18,19,3,7,0,0,0,0,0,0,0,3,1,6,6,1,50,8,999,1,2,FORD PUMA,3,E01025391,0,-1
2023131374963,2023,131374963,2,9,0,10,10,7,3,0,0,0,0,0,0,0,2,1,5,6,2,43,7,999,1,1,FORD PUMA,2,E01011223,0,-1
2023010428700,2023,010428700,1,9,0,18,19,5,1,0,0,8,0,0,0,0,1,1,6,6,1,62,9,999,1,2,FORD PUMA,6,E01004493,0,-1
2023010469972,2023,010469972,1,9,0,7,7,3,5,0,0,1,0,0,1,0,2,1,6,6,2,58,9,999,8,0,FORD PUMA,4,E01001645,0,-1
2023052302245,2023,052302245,1,9,0,18,19,5,1,0,0,0,0,0,2,7,1,1,6,6,1,38,7,999,8,0,FORD PUMA,1,E01006648,0,-1
2023211384870,2023,211384870,1,9,0,18,19,5,1,0,0,1,0,0,0,0,4,1,6,6,2,19,4,999,1,2,FORD PUMA,5,E01029540,0,-1
2023340WN6292,2023,340WN6292,1,9,0,18,19,6,2,0,0,0,0,0,0,0,1,1,4,7,2,40,7,999,1,1,FORD PUMA,3,E01026988,0,-1
2023141379000,2023,141379000,2,9,0,2,2,0,0,9,9,0,0,0,0,0,0,1,6,6,3,-1,-1,999,1,2,FORD PUMA,-1,-1,0,-1
2023451391468,2023,451391468,1,9,0,9,9,1,7,0,0,8,0,0,0,0,1,1,2,2,2,23,5,999,1,0,FORD PUMA,10,E01030331,0,-1
2023041334154,2023,041334154,1,9,0,5,5,1,5,0,0,6,0,0,0,0,4,1,5,6,1,27,6,999,1,3,FORD PUMA,2,E01025285,0,-1
2023041375411,2023,041375411,2,9,0,3,3,1,6,0,0,0,0,0,0,0,2,1,2,2,1,22,5,999,1,0,FORD PUMA,5,E01005648,0,-1
2023061289373,2023,061289373,1,9,0,7,7,3,1,0,0,8,0,0,0,0,1,1,6,6,3,30,6,999,1,3,FORD PUMA,-1,-1,0,-1
2023440253050,2023,440253050,1,9,0,17,19,2,8,0,0,1,0,0,0,0,3,1,6,6,2,61,9,999,1,1,FORD PUMA,10,E01022985,0,-1
202360A078709,2023,60A078709,1,9,0,18,19,1,5,0,0,0,0,0,0,0,1,1,6,6,1,28,6,999,1,3,FORD PUMA,-1,-1,0,-1
2023070376465,2023,070376465,1,9,0,18,19,7,3,0,0,2,0,0,0,0,4,1,6,6,2,69,10,999,1,3,FORD PUMA,6,E01018728,0,-1
2023421333169,2023,421333169,1,9,0,18,19,2,5,0,0,0,5,0,0,0,3,1,5,6,1,86,11,999,1,1,FORD PUMA,9,E01021767,0,-1
2023131361459,2023,131361459,2,9,0,3,3,6,2,0,0,8,0,0,0,0,2,1,5,6,2,27,6,999,8,0,FORD PUMA,6,E01011071,0,-1
2023421382503,2023,421382503,2,9,0,18,19,6,3,0,0,0,0,0,0,0,4,1,5,6,2,38,7,999,8,0,FORD PUMA,8,E01015836,0,-1
2023131288811,2023,131288811,1,9,0,5,5,1,5,0,0,2,0,0,0,0,1,1,5,6,2,21,5,999,1,2,FORD PUMA,8,E01012584,0,-1
2023991301342,2023,991301342,2,9,0,2,2,4,8,0,0,0,0,0,1,0,2,1,5,6,2,25,5,999,1,2,FORD PUMA,3,-1,0,-1
2023061384107,2023,061384107,1,9,0,18,19,5,1,0,0,1,0,0,0,0,1,1,6,6,2,49,8,999,8,0,FORD PUMA,2,E01005917,0,-1
2023101391918,2023,101391918,2,9,0,2,2,0,0,0,0,0,0,0,0,0,4,1,6,6,2,39,7,999,1,2,FORD PUMA,3,E01032483,0,-1
2023401270350,2023,401270350,2,9,0,4,4,-1,-1,0,0,0,0,0,0,0,1,1,6,6,2,31,6,999,1,1,FORD PUMA,5,E01003392,0,-1
2023122300703,2023,122300703,1,9,0,18,19,5,1,0,0,0,0,0,7,11,4,1,6,6,1,18,4,999,1,1,FORD PUMA,10,E01010586,0,-1
2023320681305,2023,320681305,1,9,0,13,13,8,4,0,0,1,0,0,0,0,1,1,6,6,3,-1,-1,999,1,3,FORD PUMA,-1,-1,0,-1
2023122301413,2023,122301413,2,9,0,18,19,5,1,0,0,0,0,0,0,0,1,1,2,2,1,60,9,999,1,1,FORD PUMA,6,E01027851,0,-1
2023101304977,2023,101304977,2,9,0,18,19,1,5,0,0,0,0,0,0,0,1,1,5,6,1,47,8,999,1,1,FORD PUMA,9,E01027410,0,-1
2023421266828,2023,421266828,1,9,0,5,5,5,2,0,0,6,0,0,0,0,3,1,5,6,1,77,11,999,1,2,FORD PUMA,9,E01022099,0,-1
2023421383389,2023,421383389,2,9,0,18,19,7,3,0,0,1,0,0,0,0,1,1,5,6,2,19,4,999,1,3,FORD PUMA,3,E01015962,0,-1
2023991309304,2023,991309304,2,9,0,18,19,4,7,0,0,1,0,0,7,0,1,1,5,6,2,55,8,999,1,1,FORD PUMA,10,-1,0,-1
2023052301688,2023,052301688,1,9,0,18,19,3,7,0,0,0,0,0,0,0,1,1,6,6,2,27,6,999,1,2,FORD PUMA,1,E01006413,0,-1
2023201373891,2023,201373891,2,9,0,18,19,6,2,0,0,1,0,0,0,0,2,1,5,6,2,51,8,999,1,3,FORD PUMA,10,E01032139,0,-1
2023501347823,2023,501347823,2,9,0,4,4,7,3,0,0,8,0,0,0,0,2,1,6,6,2,39,7,999,1,1,FORD PUMA,6,E01019058,0,-1
2023451290842,2023,451290842,1,9,0,16,19,1,5,0,0,1,0,0,1,10,4,1,1,1,2,49,8,999,1,2,FORD PUMA,6,E01030598,0,-1
2023201424134,2023,201424134,1,9,0,18,19,7,3,0,0,1,0,0,0,0,1,1,6,6,2,-1,-1,999,1,0,FORD PUMA,-1,-1,0,-1
2023201376899,2023,201376899,1,9,0,5,5,5,1,0,0,6,0,10,3,11,1,1,6,6,2,77,11,999,8,0,FORD PUMA,2,E01010045,0,-1
2023061378937,2023,061378937,1,9,0,7,7,7,1,0,0,0,0,0,0,0,1,1,5,6,2,68,10,999,8,0,FORD PUMA,10,E01006205,0,-1
2023991396173,2023,991396173,3,9,0,18,19,1,5,0,0,0,0,0,0,0,2,2,5,6,1,31,6,999,1,2,FORD PUMA,3,-1,0,-1
2023161304214,2023,161304214,1,9,0,7,7,3,6,0,0,3,0,0,0,0,3,1,5,6,2,-1,-1,999,1,3,FORD PUMA,-1,-1,0,-1
2023041392837,2023,041392837,1,9,0,16,19,2,6,0,0,0,0,4,0,0,1,1,5,6,1,76,11,999,1,1,FORD PUMA,1,E01012673,0,-1
2023141345240,2023,141345240,2,9,0,9,9,5,2,0,0,1,0,0,0,0,4,2,5,6,1,88,11,999,1,1,FORD PUMA,2,E01008037,0,-1
2023131296840,2023,131296840,3,9,0,18,19,7,3,0,0,8,0,0,0,0,2,1,5,6,1,32,6,1496,1,1,FORD PUMA,4,E01011469,0,-1
2023340WN6812,2023,340WN6812,3,9,0,4,4,1,5,0,0,0,0,0,0,0,2,1,6,6,1,48,8,999,8,0,FORD PUMA,9,E01027218,0,-1
2023440133537,2023,440133537,3,9,0,18,19,1,5,0,0,8,0,0,0,0,1,1,6,6,3,70,10,999,1,3,FORD PUMA,3,E01022801,0,-1
2023401380242,2023,401380242,3,9,0,18,19,5,1,0,0,8,0,0,0,0,1,1,2,2,2,36,7,999,1,2,FORD PUMA,9,E01017445,0,-1
2023010485981,2023,010485981,3,9,0,2,2,0,0,0,0,2,0,0,0,0,3,1,6,6,3,-1,-1,999,1,2,FORD PUMA,-1,-1,0,-1
2023041313531,2023,041313531,2,9,0,18,19,7,3,0,0,1,0,0,0,0,1,1,6,6,2,57,9,999,1,0,FORD PUMA,3,E01012726,0,-1
2023371370081,2023,371370081,1,9,0,18,19,3,7,0,0,0,0,0,0,0,3,1,1,1,2,26,6,999,1,2,FORD PUMA,10,E01030292,0,-1
2023440066930,2023,440066930,2,9,0,7,7,1,3,0,0,1,0,0,0,0,2,1,6,6,1,72,10,999,1,3,FORD PUMA,10,E01022784,0,-1
2023010442343,2023,010442343,1,9,0,5,5,3,7,9,9,1,0,0,1,0,1,1,6,6,1,34,6,999,1,1,FORD PUMA,7,E01000732,0,-1
2023430574397,2023,430574397,1,9,0,3,3,8,4,0,0,0,0,0,0,0,2,1,6,6,2,31,6,999,1,1,FORD PUMA,7,E01023960,0,-1
2023221397160,2023,221397160,2,9,0,18,19,5,1,0,0,0,0,0,0,0,3,1,6,6,2,36,7,999,1,3,FORD PUMA,7,W01000873,0,-1
2023161355322,2023,161355322,1,9,0,7,7,7,1,0,0,6,0,0,3,0,1,1,5,6,1,75,10,999,1,3,FORD PUMA,8,E01012939,0,-1
2023052301750,2023,052301750,2,9,0,18,19,5,1,0,0,8,0,0,0,0,1,1,6,6,2,56,9,999,1,2,FORD PUMA,5,E01006526,0,-1
2023631324820,2023,631324820,1,9,0,12,12,5,8,0,0,0,0,0,0,0,1,1,5,6,2,65,9,999,1,2,FORD PUMA,6,W01000582,0,-1
2023361323171,2023,361323171,1,9,0,9,9,4,5,0,0,8,0,0,0,0,4,1,5,6,2,56,9,999,1,3,FORD PUMA,3,E01000367,0,-1
2023010456766,2023,010456766,3,9,0,2,2,0,0,0,0,1,0,4,0,0,2,1,6,6,3,-1,-1,999,1,1,FORD PUMA,-1,-1,0,-1
2023010478292,2023,010478292,1,9,0,99,99,9,9,99,99,0,9,99,9,99,9,9,2,2,1,26,6,999,1,1,FORD PUMA,3,E01001318,0,-1
2023061276764,2023,061276764,2,9,0,18,19,7,3,0,0,0,0,0,0,0,2,1,6,6,1,35,6,999,1,2,FORD PUMA,3,E01006238,0,-1
2023221296505,2023,221296505,1,9,0,18,19,3,7,0,0,1,0,0,0,0,1,1,5,6,1,51,8,1679,1,22,FORD PUMA,8,W01000476,0,-1
2023520000440,2023,520000440,1,9,0,18,19,1,5,0,0,0,0,0,0,0,1,1,6,6,2,43,7,999,1,0,FORD PUMA,9,E01032107,0,-1
2023231349162,2023,231349162,2,9,0,18,19,8,4,0,0,6,0,0,0,0,4,1,5,6,1,65,9,999,8,0,FORD PUMA,6,E01031048,0,-1
2023141364896,2023,141364896,1,9,0,18,19,1,5,0,0,0,0,0,0,0,1,1,6,6,2,52,8,999,1,3,FORD PUMA,7,E01028004,0,-1
2023421364232,2023,421364232,1,9,0,1,1,2,6,0,0,6,0,0,0,0,2,1,5,6,2,28,6,999,1,2,FORD PUMA,8,E01002290,0,-1
2023622300535,2023,622300535,1,9,0,18,19,4,8,0,0,0,0,0,0,0,1,1,6,6,2,23,5,999,1,2,FORD PUMA,1,W01001266,0,-1
2023501353660,2023,501353660,1,9,0,9,9,1,8,0,0,6,1,0,7,0,4,1,6,6,2,76,11,999,8,0,FORD PUMA,6,E01018852,0,-1
2023302301895,2023,302301895,2,9,0,18,19,6,2,0,0,0,0,0,0,0,1,1,6,6,1,76,11,1496,1,0,FORD PUMA,7,E01019548,0,-1
2023031315147,2023,031315147,1,9,0,18,19,5,1,0,0,8,0,0,0,0,4,1,5,6,2,43,7,999,1,3,FORD PUMA,6,E01019237,0,-1
2023122301205,2023,122301205,1,9,0,4,4,4,8,0,0,1,0,0,7,11,3,1,6,6,2,57,9,1496,1,1,FORD PUMA,6,E01027778,0,-1
2023221278490,2023,221278490,3,9,0,18,19,8,4,0,0,0,0,0,0,0,2,1,5,6,1,66,10,999,1,1,FORD PUMA,5,E01014088,0,-1
2023161391340,2023,161391340,1,9,0,3,3,3,7,0,0,0,0,0,0,0,2,1,5,6,1,29,6,999,1,1,FORD PUMA,-1,-1,0,-1
2023141345794,2023,141345794,2,9,0,9,9,8,6,0,0,1,0,0,0,0,1,1,6,6,3,-1,-1,999,1,2,FORD PUMA,-1,-1,0,-1
2023440409116,2023,440409116,3,9,0,18,19,2,6,0,0,0,0,0,0,0,2,1,6,6,2,60,9,999,1,1,FORD PUMA,2,E01015844,0,-1
2023221363496,2023,221363496,2,9,0,3,3,6,1,0,0,0,0,0,0,0,2,1,6,6,2,29,6,999,8,0,FORD PUMA,6,E01032199,0,-1
2023010424193,2023,010424193,1,9,0,3,3,3,7,0,0,1,0,0,0,0,1,1,6,6,2,49,8,999,1,3,FORD PUMA,-1,-1,0,-1
2023320433192,2023,320433192,1,9,0,18,19,8,2,0,0,4,0,0,0,0,1,1,2,2,2,63,9,1496,1,2,FORD PUMA,6,E01026265,0,-1
2023161389447,2023,161389447,2,9,0,3,3,2,6,0,0,4,0,0,0,0,2,1,5,6,2,34,6,999,1,2,FORD PUMA,3,E01013272,0,-1
2023131366152,2023,131366152,1,9,0,18,19,5,1,0,0,0,0,0,0,0,3,1,6,6,1,83,11,999,1,1,FORD PUMA,3,E01011776,0,-1
2023501272526,2023,501272526,1,9,0,9,9,1,5,0,0,1,0,0,7,0,3,1,5,6,2,57,9,999,1,1,FORD PUMA,8,E01015108,0,-1
2023461303849,2023,461303849,1,9,0,5,5,2,4,0,0,6,5,0,7,0,1,1,6,6,1,55,8,999,1,2,FORD PUMA,2,E01024741,0,-1
2023131353385,2023,131353385,1,9,0,18,19,3,7,0,0,0,5,0,0,0,1,1,6,6,2,37,7,999,1,0,FORD PUMA,2,E01010929,0,-1
2023421284332,2023,421284332,1,9,0,18,19,5,1,0,0,0,0,0,0,0,4,1,5,6,2,42,7,999,1,1,FORD PUMA,9,E01021675,0,-1
2023131280284,2023,131280284,1,9,0,18,19,1,5,0,0,2,0,0,0,0,4,1,2,2,2,39,7,1496,1,1,FORD PUMA,4,E01011469,0,-1
2023052302800,2023,052302800,1,9,0,18,19,1,5,0,0,0,0,0,0,0,1,1,6,6,2,77,11,999,1,1,FORD PUMA,5,E01007157,0,-1
2023161387940,2023,161387940,1,9,0,9,9,3,1,0,0,8,0,0,0,0,4,1,6,6,1,54,8,999,1,1,FORD PUMA,8,E01026368,0,-1
2023010456958,2023,010456958,1,9,0,99,99,9,9,99,99,9,9,99,9,99,9,9,6,6,1,38,7,999,1,2,FORD PUMA,6,E01002335,0,-1
2023231414101,2023,231414101,2,9,0,18,19,2,6,0,0,0,0,0,0,0,1,1,2,2,2,57,9,999,1,1,FORD PUMA,6,E01026986,0,-1
2023371296466,2023,371296466,1,9,0,18,19,3,7,0,0,0,0,0,0,0,1,1,6,6,1,35,6,999,1,2,FORD PUMA,6,E01029902,0,-1
2023991292206,2023,991292206,1,9,0,18,19,5,1,0,0,1,0,0,0,0,1,1,2,2,1,51,8,999,1,3,FORD PUMA,-1,-1,0,-1
2023991322531,2023,991322531,2,9,0,3,3,1,4,0,0,1,0,0,0,0,2,1,6,6,1,42,7,1496,1,2,FORD PUMA,3,-1,0,-1
2023991341658,2023,991341658,1,9,0,18,19,1,5,0,0,0,0,0,0,0,4,1,5,6,1,50,8,999,1,0,FORD PUMA,-1,-1,0,-1
2023351374861,2023,351374861,1,9,0,9,9,-1,-1,99,99,1,0,0,9,0,3,1,6,6,2,76,11,999,8,0,FORD PUMA,10,E01018116,0,-1
2023451329646,2023,451329646,2,9,0,16,19,1,5,0,0,0,0,0,0,0,1,1,3,7,1,52,8,1496,1,1,FORD PUMA,10,E01030532,0,-1
2023221268392,2023,221268392,1,9,0,18,19,6,2,0,0,8,0,0,0,0,1,1,5,6,1,44,7,999,1,2,FORD PUMA,4,E01014128,0,-1
2023622300369,2023,622300369,4,9,0,2,2,0,0,0,0,1,0,0,0,0,3,1,6,6,3,-1,-1,1496,1,1,FORD PUMA,-1,-1,0,-1
2023548436223,2023,548436223,4,9,0,4,4,3,7,0,0,1,0,0,0,0,2,1,6,6,1,52,8,999,1,3,FORD PUMA,7,E01022179,0,-1
2023041368680,2023,041368680,2,9,0,18,19,6,2,0,0,1,0,0,0,0,1,1,5,6,1,61,9,999,1,1,FORD PUMA,3,E01025076,0,-1
202360A095730,2023,60A095730,2,9,0,18,19,6,1,0,0,0,0,0,0,0,1,1,1,1,2,55,8,999,1,1,FORD PUMA,-1,-1,0,-1
2023061295455,2023,061295455,1,9,0,18,19,6,5,0,0,0,0,0,0,0,4,1,5,6,2,43,7,999,1,0,FORD PUMA,1,E01006027,0,-1
2023991387942,2023,991387942,2,9,0,9,9,8,6,0,0,8,0,0,0,0,0,1,2,2,1,44,7,999,8,0,FORD PUMA,7,-1,0,-1
2023201277186,2023,201277186,4,9,0,2,2,0,0,0,0,0,0,0,0,0,0,1,6,6,1,-1,-1,999,1,2,FORD PUMA,10,E01010176,0,-1
2023201292067,2023,201292067,1,9,0,4,4,8,4,0,0,1,0,0,0,0,2,1,6,6,1,53,8,999,1,3,FORD PUMA,1,E01010292,0,-1
2023332300442,2023,332300442,1,9,0,18,19,3,7,0,0,8,0,0,0,0,3,1,6,6,1,40,7,999,1,1,FORD PUMA,6,E01025796,0,-1
2023471374180,2023,471374180,3,9,0,18,19,3,7,0,0,0,0,0,0,0,2,1,5,6,1,55,8,999,1,3,FORD PUMA,8,E01031399,0,-1
2023161262126,2023,161262126,1,9,0,18,19,7,3,0,0,8,0,9,3,1,1,1,6,6,2,43,7,999,1,2,FORD PUMA,10,E01013111,0,-1
2023430541210,2023,430541210,2,9,0,3,3,4,8,0,0,1,0,0,0,0,2,1,6,6,2,27,6,999,1,3,FORD PUMA,9,E01027167,0,-1
2023111335631,2023,111335631,1,9,0,9,9,6,4,0,0,2,0,10,0,0,1,1,2,2,2,52,8,999,1,2,FORD PUMA,1,E01020673,0,-1
2023522301647,2023,522301647,2,9,0,9,9,5,3,0,0,8,0,0,0,0,1,1,6,6,2,28,6,999,1,0,FORD PUMA,1,E01014727,0,-1
2023010459359,2023,010459359,2,9,0,99,99,9,9,99,99,9,9,99,9,99,1,9,6,6,2,27,6,999,1,0,FORD PUMA,-1,-1,0,-1
2023010484201,2023,010484201,2,9,9,99,99,9,9,99,99,9,9,99,9,99,9,9,6,6,3,-1,-1,999,1,1,FORD PUMA,6,E01031499,0,-1
2023440146504,2023,440146504,1,9,0,18,19,3,7,0,0,0,0,0,0,0,2,1,6,6,2,76,11,999,1,3,FORD PUMA,6,E01024301,0,-1
2023010484537,2023,010484537,1,9,0,99,99,9,9,99,99,9,9,99,9,99,1,9,6,6,1,49,8,999,1,2,FORD PUMA,-1,-1,0,-1
2023070360882,2023,070360882,2,9,0,18,19,0,0,0,0,0,0,0,0,0,0,2,6,6,1,26,6,999,1,0,FORD PUMA,4,E01018613,0,-1
2023141277824,2023,141277824,1,9,0,18,19,3,6,0,0,8,0,0,0,0,3,1,5,6,2,33,6,999,1,1,FORD PUMA,6,E01007706,0,-1
2023041316988,2023,041316988,1,9,0,18,19,3,7,0,0,1,0,0,0,0,4,1,5,6,1,53,8,999,1,1,FORD PUMA,5,E01025228,0,-1
2023552300775,2023,552300775,1,9,0,5,5,1,5,0,0,4,0,0,0,0,0,1,6,6,1,86,11,999,1,1,FORD PUMA,4,E01015385,0,-1
2023522401429,2023,522401429,3,9,0,18,19,4,8,0,0,8,0,0,0,0,1,1,6,6,1,53,8,1496,1,0,FORD PUMA,9,E01014758,0,-1
2023411376518,2023,411376518,2,9,0,17,19,3,7,0,0,1,0,0,0,0,1,1,6,6,2,58,9,1496,1,2,FORD PUMA,9,E01023612,0,-1
2023052301388,2023,052301388,2,9,0,4,4,5,1,0,0,0,0,0,0,0,2,1,6,6,1,56,9,1496,1,1,FORD PUMA,5,E01006462,0,-1
2023421345801,2023,421345801,1,9,0,18,19,1,5,0,0,6,0,0,0,0,1,1,5,6,2,70,10,999,1,0,FORD PUMA,7,E01021966,0,-1
2023070678759,2023,070678759,2,9,0,18,19,3,7,0,0,0,0,0,1,0,1,1,6,6,1,26,6,999,1,2,FORD PUMA,4,E01018639,0,-1
2023522400376,2023,522400376,1,9,0,17,19,8,4,0,0,0,1,4,0,0,1,1,6,6,1,29,6,999,1,2,FORD PUMA,6,E01014960,0,-1
2023461318914,2023,461318914,2,9,0,2,2,0,0,0,0,0,0,0,0,0,2,1,6,6,3,-1,-1,999,1,2,FORD PUMA,-1,-1,0,-1
2023520301098,2023,520301098,2,9,0,17,19,6,2,0,0,0,0,0,0,0,1,1,6,6,1,57,9,1679,1,25,FORD PUMA,4,E01014450,0,-1
2023161338760,2023,161338760,2,9,0,5,5,7,5,0,0,4,0,0,0,0,1,2,6,6,2,70,10,999,8,0,FORD PUMA,5,E01012930,0,-1
2023440132635,2023,440132635,1,9,0,9,9,5,3,0,0,6,0,0,0,0,3,1,6,6,2,65,9,999,1,1,FORD PUMA,7,E01022529,0,-1
2023231382921,2023,231382921,2,9,0,10,10,8,4,0,0,1,0,0,0,0,2,1,6,6,2,48,8,1496,1,0,FORD PUMA,9,E01027286,0,-1
2023991295163,2023,991295163,1,9,0,9,9,1,6,0,0,6,0,0,0,0,1,1,5,6,1,32,6,999,1,3,FORD PUMA,4,-1,0,-1
2023302300111,2023,302300111,1,9,0,18,19,8,4,9,9,2,0,0,7,1,1,1,6,6,1,26,6,999,1,1,FORD PUMA,9,E01019595,0,-1
2023622300806,2023,622300806,2,9,0,4,4,1,6,0,0,0,0,0,0,0,2,1,6,6,1,67,10,999,1,0,FORD PUMA,4,W01000852,0,-1
2023052301369,2023,052301369,1,9,0,18,19,7,3,0,0,0,0,0,0,0,4,1,1,1,1,-1,-1,999,1,2,FORD PUMA,2,E01006708,0,-1
2023141338740,2023,141338740,3,9,0,18,19,5,1,0,0,0,0,0,0,0,2,1,6,6,1,30,6,999,1,1,FORD PUMA,-1,-1,0,-1
2023421326508,2023,421326508,1,9,0,7,7,8,1,0,0,1,0,0,0,0,4,1,6,6,1,-1,-1,999,1,3,FORD PUMA,-1,-1,0,-1
2023211305360,2023,211305360,1,9,0,9,9,3,2,8,6,0,0,0,0,0,4,1,5,6,2,59,9,999,1,3,FORD PUMA,1,E01029372,0,-1
2023141270599,2023,141270599,1,9,0,18,19,7,3,0,0,0,0,0,0,0,1,1,5,6,1,58,9,999,1,3,FORD PUMA,5,E01007682,0,-1
2023141328327,2023,141328327,1,9,0,18,19,8,4,9,9,0,5,0,1,4,1,1,6,6,1,44,7,999,1,1,FORD PUMA,2,E01033279,0,-1
2023010456681,2023,010456681,1,9,0,99,99,9,9,99,99,9,9,99,9,99,2,9,6,6,2,35,6,999,1,2,FORD PUMA,3,E01002404,0,-1
2023041322146,2023,041322146,2,9,0,18,19,3,7,0,0,1,0,0,0,0,1,1,5,6,1,21,5,999,1,0,FORD PUMA,-1,-1,0,-1
2023552301154,2023,552301154,2,9,0,4,4,2,6,0,0,8,0,0,0,0,2,1,6,6,1,70,10,999,1,0,FORD PUMA,2,E01015312,0,-1
2023161396791,2023,161396791,1,9,0,18,19,-1,-1,0,0,0,0,0,0,0,1,1,5,6,2,-1,-1,999,1,2,FORD PUMA,-1,-1,0,-1
2023430032575,2023,430032575,1,9,0,1,1,2,6,0,0,0,0,0,0,0,4,1,6,6,2,-1,-1,999,1,1,FORD PUMA,10,E01030375,0,-1
2023552301325,2023,552301325,2,9,0,18,19,8,4,0,0,8,0,0,0,0,3,1,6,6,2,68,10,1679,1,23,FORD PUMA,10,E01020470,0,-1