collision_index,collision_year,collision_ref_no,vehicle_reference,vehicle_type,towing_and_articulation,vehicle_manoeuvre_historic,vehicle_manoeuvre,vehicle_direction_from,vehicle_direction_to,vehicle_location_restricted_lane_historic,vehicle_location_restricted_lane,junction_location,skidding_and_overturning,hit_object_in_carriageway,vehicle_leaving_carriageway,hit_object_off_carriageway,first_point_of_impact,vehicle_left_hand_drive,journey_purpose_of_driver_historic,journey_purpose_of_driver,sex_of_driver,age_of_driver,age_band_of_driver,engine_capacity_cc,propulsion_code,age_of_vehicle,generic_make_model,driver_imd_decile,lsoa_of_driver,escooter_flag,driver_distance_banding
2023421367112,2023,421367112,2,9,0,3,3,1,5,0,0,1,0,0,0,0,2,1,6,6,2,40,7,999,1,1,FORD PUMA,9,E01015850,0,-1
2023041349729,2023,041349729,2,9,0,2,2,0,0,9,9,8,0,0,0,0,3,1,5,6,2,70,10,999,1,3,FORD PUMA,8,E01025012,0,-1
2023052300356,2023,052300356,2,9,0,18,19,2,6,0,0,1,0,0,0,0,1,1,1,1,2,31,6,999,1,3,FORD PUMA,4,E01006620,0,-1
2023041279401,2023,041279401,1,9,0,18,19,7,3,0,0,0,0,0,0,0,1,1,5,6,2,49,8,999,1,2,FORD PUMA,10,E01025478,0,-1
2023101259724,2023,101259724,1,9,0,18,19,7,3,0,0,1,0,0,1,0,1,1,5,6,2,59,9,999,1,2,FORD PUMA,10,E01020829,0,-1
2023401389643,2023,401389643,1,9,0,18,19,5,1,0,0,0,0,0,0,0,1,1,6,6,1,38,7,999,1,2,FORD PUMA,1,E01017471,0,-1
2023622300255,2023,622300255,2,9,0,18,19,4,8,0,0,0,0,0,0,0,3,1,6,6,1,35,6,1496,1,2,FORD PUMA,4,W01001713,0,-1
2023010444298,2023,010444298,1,9,0,18,19,3,7,0,0,0,0,0,0,0,1,1,6,6,2,35,6,999,1,3,FORD PUMA,2,E01003191,0,-1
2023622300395,2023,622300395,2,9,0,18,19,7,3,0,0,8,0,0,0,0,4,1,6,6,1,63,9,999,1,2,FORD PUMA,10,W01000837,0,-1
2023421340927,2023,421340927,1,9,0,9,9,7,5,0,0,2,0,0,0,0,1,1,6,6,1,60,9,999,1,1,FORD PUMA,8,E01021514,0,-1
2023122301406,2023,122301406,1,9,0,5,5,1,7,0,0,8,0,0,0,0,1,1,2,2,1,60,9,999,1,2,FORD PUMA,-1,-1,0,-1
2023131340791,2023,131340791,1,9,0,18,19,3,7,0,0,1,0,0,0,0,1,1,6,6,1,51,8,999,1,0,FORD PUMA,2,E01010792,0,-1
2023010441023,2023,010441023,1,9,0,99,99,9,9,99,99,9,9,99,9,99,9,1,6,6,3,-1,-1,999,1,3,FORD PUMA,-1,-1,0,-1
2023461294211,2023,461294211,1,9,0,18,19,2,7,0,0,0,0,0,0,0,1,1,6,6,1,91,11,1679,1,23,FORD PUMA,10,E01024150,0,-1
2023052303033,2023,052303033,1,9,0,18,19,5,1,0,0,0,0,0,0,0,4,1,2,2,2,26,6,999,1,0,FORD PUMA,5,E01006462,0,-1
2023101293974,2023,101293974,2,9,0,10,10,7,5,0,0,0,0,0,0,0,2,1,6,6,1,24,5,999,1,3,FORD PUMA,7,E01008850,0,-1
2023101401973,2023,101401973,1,9,0,18,19,7,3,0,0,8,0,0,0,0,1,1,6,6,2,57,9,999,1,2,FORD PUMA,9,E01020692,0,-1
2023311365616,2023,311365616,1,9,0,9,9,7,3,0,0,0,0,0,0,0,3,1,5,6,2,32,6,999,1,1,FORD PUMA,10,E01028198,0,-1
2023451381757,2023,451381757,1,9,0,3,3,8,2,0,0,2,0,0,0,0,2,1,5,6,2,28,6,999,1,1,FORD PUMA,8,E01016610,0,-1
2023471287980,2023,471287980,1,9,0,5,5,3,6,0,0,4,0,0,0,0,1,1,6,6,2,43,7,999,1,1,FORD PUMA,6,E01031513,0,-1
2023201289937,2023,201289937,2,9,0,18,19,8,4,0,0,8,0,0,0,0,1,1,6,6,1,46,8,999,1,2,FORD PUMA,4,E01010252,0,-1
2023430254725,2023,430254725,1,9,0,18,19,6,2,0,0,3,0,0,7,1,1,1,6,6,2,49,8,999,1,2,FORD PUMA,10,E01016621,0,-1
202363C024423,2023,63C024423,1,9,0,18,19,8,4,0,0,1,0,0,0,0,1,1,6,6,2,64,9,999,1,2,FORD PUMA,8,W01000569,0,-1
2023010427502,2023,010427502,2,9,0,99,99,9,9,99,99,9,9,99,9,99,9,9,6,6,3,-1,-1,999,1,1,FORD PUMA,1,E01004222,0,-1
2023440225710,2023,440225710,1,9,0,18,19,1,5,0,0,0,0,0,0,0,1,1,2,2,2,35,6,999,1,1,FORD PUMA,4,E01017083,0,-1
2023070238554,2023,070238554,2,9,0,9,9,3,8,0,0,3,0,0,0,0,3,1,6,6,2,30,6,999,1,3,FORD PUMA,3,E01012539,0,-1
2023421372790,2023,421372790,1,9,0,9,9,1,7,0,0,8,0,0,0,0,1,1,5,6,2,31,6,999,1,2,FORD PUMA,6,E01021595,0,-1
2023522400126,2023,522400126,1,9,0,3,3,3,7,0,0,1,0,0,0,0,2,1,6,6,2,60,9,999,1,2,FORD PUMA,5,E01014983,0,-1
2023201314982,2023,201314982,1,9,0,18,19,4,8,0,0,8,0,0,0,0,3,1,1,1,2,41,7,999,1,0,FORD PUMA,6,E01009847,0,-1
2023340WN4332,2023,340WN4332,1,9,0,5,5,6,5,0,0,6,0,0,0,0,1,1,6,6,1,33,6,999,1,1,FORD PUMA,1,E01027153,0,-1
2023221391004,2023,221391004,1,9,0,18,19,7,3,0,0,4,0,0,0,0,1,1,5,6,1,83,11,999,1,1,FORD PUMA,8,E01009736,0,-1
2023161324185,2023,161324185,1,9,0,18,19,7,3,0,0,1,0,0,7,11,3,1,2,2,2,49,8,999,1,0,FORD PUMA,9,E01012998,0,-1
2023201380340,2023,201380340,2,9,0,3,3,6,2,0,0,1,0,0,0,0,2,1,5,6,1,36,7,999,1,1,FORD PUMA,-1,-1,0,-1
2023010462368,2023,010462368,1,9,0,99,99,9,9,99,99,9,9,99,9,99,9,9,6,6,2,30,6,999,1,1,FORD PUMA,5,E01000825,0,-1
2023371321742,2023,371321742,2,9,0,16,19,5,5,0,0,0,0,0,0,0,1,1,5,6,1,67,10,999,1,3,FORD PUMA,9,E01030214,0,-1
2023052302274,2023,052302274,2,9,0,9,9,3,1,0,0,8,0,0,1,0,4,1,6,6,1,26,6,999,8,0,FORD PUMA,1,E01006560,0,-1
2023010430863,2023,010430863,1,9,0,99,99,9,9,99,99,9,9,99,9,99,9,9,6,6,2,34,6,999,1,3,FORD PUMA,2,E01001485,0,-1
2023061371207,2023,061371207,1,9,0,5,5,7,2,0,0,8,0,0,0,0,1,1,2,2,2,51,8,999,1,2,FORD PUMA,6,E01005963,0,-1
2023631370092,2023,631370092,1,9,0,18,19,1,5,0,0,0,5,0,8,4,3,1,5,6,1,59,9,999,8,0,FORD PUMA,6,W01000524,0,-1
2023440162758,2023,440162758,1,9,0,9,9,3,1,0,0,8,0,0,0,0,4,1,2,2,1,37,7,999,1,0,FORD PUMA,4,E01017258,0,-1
2023351390470,2023,351390470,1,9,0,16,19,6,2,0,0,0,0,0,0,0,1,1,6,6,2,29,6,999,1,3,FORD PUMA,5,E01018138,0,-1
2023201416423,2023,201416423,2,9,0,3,3,2,6,0,0,2,0,0,0,0,3,1,6,6,2,52,8,999,1,2,FORD PUMA,3,E01009883,0,-1
2023451359428,2023,451359428,2,9,0,4,4,1,5,0,0,4,0,0,0,0,2,1,5,6,2,35,6,999,8,0,FORD PUMA,4,E01001015,0,-1
2023052302442,2023,052302442,1,9,0,18,19,5,1,0,0,0,2,0,1,0,1,1,6,6,1,54,8,999,1,3,FORD PUMA,1,E01006706,0,-1
2023010447743,2023,010447743,1,9,0,10,10,1,8,0,0,0,0,0,0,0,4,1,6,6,2,43,7,999,1,2,FORD PUMA,2,E01004434,0,-1
2023421304887,2023,421304887,1,9,0,7,7,1,3,0,0,1,0,0,3,0,1,1,5,6,2,21,5,999,1,1,FORD PUMA,1,E01021576,0,-1
2023201278720,2023,201278720,1,9,0,4,4,6,2,0,0,0,0,0,0,0,1,1,6,6,1,-1,-1,999,1,3,FORD PUMA,-1,-1,0,-1
2023010460230,2023,010460230,1,9,0,18,19,5,1,0,0,0,0,0,0,0,1,1,6,6,2,28,6,999,1,3,FORD PUMA,2,E01021270,0,-1
2023351310618,2023,351310618,1,9,0,18,19,-1,-1,0,0,4,0,0,0,0,3,1,6,6,2,-1,-1,999,8,0,FORD PUMA,9,E01018221,0,-1
2023161314401,2023,161314401,2,9,0,5,5,2,8,0,0,6,0,10,1,0,3,1,5,6,1,38,7,999,1,1,FORD PUMA,1,E01012895,0,-1
2023201416946,2023,201416946,1,9,0,7,7,7,1,0,0,5,0,0,0,0,1,1,6,6,1,73,10,999,8,0,FORD PUMA,3,E01009220,0,-1
2023440129758,2023,440129758,1,9,0,18,19,3,7,0,0,1,0,0,0,0,1,1,6,6,2,36,7,999,1,1,FORD PUMA,9,E01022859,0,-1
2023201377122,2023,201377122,2,9,0,18,19,3,7,0,0,2,0,0,0,0,3,1,6,6,1,75,10,999,1,3,FORD PUMA,10,E01029663,0,-1
2023991348613,2023,991348613,1,9,0,9,9,5,3,0,0,0,0,0,0,0,1,1,6,6,1,33,6,999,1,0,FORD PUMA,3,-1,0,-1
2023451359501,2023,451359501,1,9,0,18,19,4,8,0,0,1,0,0,0,0,3,1,5,6,2,92,11,999,1,2,FORD PUMA,7,E01030410,0,-1
2023461348865,2023,461348865,2,9,0,5,5,5,1,0,0,0,0,0,0,0,1,1,5,6,2,36,7,999,8,0,FORD PUMA,6,E01024432,0,-1
2023201418745,2023,201418745,2,9,0,3,3,4,8,0,0,1,0,0,0,0,1,1,1,1,2,28,6,999,8,0,FORD PUMA,2,E01009304,0,-1
2023461295247,2023,461295247,1,9,0,18,19,6,2,0,0,0,5,0,0,0,3,1,6,6,1,56,9,999,1,2,FORD PUMA,6,E01024512,0,-1
2023010472880,2023,010472880,1,9,0,9,9,2,7,0,0,0,0,0,0,0,3,1,6,6,1,64,9,999,1,0,FORD PUMA,-1,-1,0,-1
2023320695468,2023,320695468,1,9,0,18,19,1,5,0,0,8,0,0,0,0,1,1,2,2,2,34,6,999,1,3,FORD PUMA,-1,-1,0,-1
2023531324987,2023,531324987,2,9,0,7,7,7,3,0,0,6,0,0,0,0,1,2,5,6,2,31,6,999,1,2,FORD PUMA,4,E01033730,0,-1
2023351282721,2023,351282721,2,9,0,3,3,-1,-1,0,0,0,0,0,0,0,2,1,2,2,2,54,8,999,1,3,FORD PUMA,10,E01018240,0,-1
2023010480782,2023,010480782,1,9,0,99,99,9,9,99,99,9,9,99,9,99,9,9,6,6,3,-1,-1,999,8,0,FORD PUMA,-1,-1,0,-1
2023461348595,2023,461348595,1,9,0,7,7,8,2,0,0,2,0,0,0,0,1,1,2,2,1,40,7,999,1,2,FORD PUMA,5,E01032654,0,-1
2023421306405,2023,421306405,1,9,0,7,7,5,1,0,0,0,0,0,0,0,4,1,5,6,2,37,7,999,1,1,FORD PUMA,6,E01021589,0,-1
2023010441949,2023,010441949,2,9,0,99,99,9,9,99,99,9,9,99,9,99,1,9,6,6,2,-1,-1,999,1,2,FORD PUMA,1,E01004675,0,-1
2023302301307,2023,302301307,2,9,0,18,19,1,5,0,0,2,0,0,0,0,1,1,6,6,2,34,6,999,8,0,FORD PUMA,7,E01019548,0,-1
2023411370170,2023,411370170,1,9,0,18,19,7,3,0,0,0,0,0,0,0,2,1,5,6,2,46,8,999,8,0,FORD PUMA,9,E01022063,0,-1
2023501406871,2023,501406871,1,9,0,18,19,3,1,0,0,0,0,0,7,9,1,1,5,6,1,18,4,1679,7,21,FORD PUMA,5,E01019947,0,-1
2023340NN2862,2023,340NN2862,1,9,0,1,1,3,7,0,0,1,0,0,0,0,2,1,6,6,2,32,6,999,1,0,FORD PUMA,3,E01026967,0,-1
2023552300416,2023,552300416,2,9,0,9,9,7,5,0,0,5,0,0,0,0,3,1,6,6,2,59,9,999,1,2,FORD PUMA,7,W01000507,0,-1
2023371282810,2023,371282810,1,9,0,18,19,3,7,0,0,0,0,4,0,0,1,1,6,6,1,51,8,1496,1,2,FORD PUMA,4,E01029910,0,-1
2023451378287,2023,451378287,1,9,0,5,5,7,3,0,0,6,0,0,0,0,2,1,2,2,2,23,5,999,1,1,FORD PUMA,10,E01023092,0,-1
2023201281671,2023,201281671,3,9,0,3,3,3,7,0,0,0,0,0,0,0,2,1,6,6,1,56,9,999,1,2,FORD PUMA,8,E01010514,0,-1
2023201373837,2023,201373837,1,9,0,5,5,1,6,0,0,6,0,0,0,0,1,1,1,1,2,37,7,999,1,1,FORD PUMA,1,E01009137,0,-1
2023461363329,2023,461363329,1,9,0,7,7,5,7,0,0,0,0,0,0,0,3,1,5,6,1,67,10,999,1,1,FORD PUMA,2,E01004036,0,-1
2023311338368,2023,311338368,3,9,0,2,2,0,0,0,0,0,0,0,0,0,2,1,6,6,3,-1,-1,999,1,2,FORD PUMA,-1,-1,0,-1
2023461281087,2023,461281087,2,9,0,4,4,1,2,0,0,0,0,0,0,0,2,1,6,6,2,49,8,999,1,2,FORD PUMA,3,E01016044,0,-1
2023101339120,2023,101339120,2,9,0,9,9,1,5,0,0,1,0,0,0,0,2,1,5,6,2,36,7,999,1,0,FORD PUMA,4,E01008532,0,-1
2023421301146,2023,421301146,2,9,0,5,5,2,7,0,0,1,0,0,0,0,2,1,5,6,1,54,8,1679,1,21,FORD PUMA,8,E01021332,0,-1
2023010466062,2023,010466062,2,9,0,99,99,9,9,99,99,9,9,99,9,99,1,9,6,6,3,-1,-1,999,8,0,FORD PUMA,4,E01003043,0,-1
2023201391663,2023,201391663,2,9,0,3,3,8,4,0,0,1,0,0,0,0,2,1,6,6,1,27,6,1496,1,0,FORD PUMA,3,E01009544,0,-1
2023622301005,2023,622301005,1,9,0,18,19,6,2,0,0,0,0,0,0,0,1,1,6,6,3,-1,-1,999,8,0,FORD PUMA,-1,-1,0,-1
2023552301452,2023,552301452,1,9,0,14,14,2,6,0,0,0,0,0,0,0,3,1,6,6,1,35,6,999,1,2,FORD PUMA,6,E01020453,0,-1
2023531283757,2023,531283757,1,9,0,18,19,2,6,0,0,1,0,2,1,1,1,1,5,6,1,62,9,999,1,0,FORD PUMA,9,E01022276,0,-1
2023430013826,2023,430013826,1,9,0,18,19,6,2,0,0,8,0,0,0,0,3,1,6,6,2,32,6,999,1,1,FORD PUMA,4,E01016356,0,-1
2023320768220,2023,320768220,1,9,0,18,19,8,6,0,0,1,0,0,0,0,1,1,2,2,1,54,8,999,8,0,FORD PUMA,3,E01026055,0,-1
2023320572745,2023,320572745,1,9,0,18,19,3,6,0,0,8,1,0,1,4,1,1,6,6,1,78,11,999,1,2,FORD PUMA,4,E01026071,0,-1
2023430009114,2023,430009114,1,9,0,3,3,8,4,0,0,1,0,0,0,0,2,1,2,2,2,35,6,999,1,2,FORD PUMA,4,E01016512,0,-1
202363C007123,2023,63C007123,1,9,0,18,19,8,4,0,0,0,5,0,1,10,4,1,6,6,1,67,10,999,1,1,FORD PUMA,6,W01000579,0,-1
2023052300409,2023,052300409,1,9,0,18,19,5,1,0,0,1,0,0,0,0,1,1,6,6,1,29,6,999,1,3,FORD PUMA,1,E01025295,0,-1
2023471361739,2023,471361739,1,9,0,18,19,1,5,0,0,0,0,0,0,0,1,1,6,6,1,76,11,2497,1,1,-1,8,E01031667,0,-1
2023161272405,2023,161272405,2,3,0,14,14,7,3,0,0,0,0,0,0,0,1,1,5,6,1,18,4,125,1,11,-1,7,E01033296,0,-1
2023471348785,2023,471348785,1,9,0,4,4,3,7,0,0,1,0,4,0,0,1,1,5,6,1,66,10,2776,2,20,JEEP CHEROKEE,9,E01031741,0,-1
2023430553208,2023,430553208,1,9,0,17,19,2,6,0,0,0,2,0,7,9,1,1,6,6,1,37,7,1956,2,9,JEEP CHEROKEE,4,E01015509,0,-1
2023991378945,2023,991378945,1,9,0,18,19,7,3,0,0,0,0,0,0,0,1,1,6,6,1,27,6,2987,2,17,JEEP CHEROKEE,5,-1,0,-1
2023010429765,2023,010429765,3,9,0,2,2,0,0,0,0,0,0,0,0,0,0,1,6,6,3,-1,-1,3960,1,25,JEEP CHEROKEE,-1,-1,0,-1
2023631382015,2023,631382015,2,9,0,5,5,8,4,0,0,0,0,0,0,0,2,1,6,6,2,44,7,2777,2,15,JEEP CHEROKEE,8,W01000457,0,-1
2023101302465,2023,101302465,1,9,0,17,19,4,2,0,0,0,0,10,1,0,4,1,5,6,2,56,9,2499,2,20,JEEP CHEROKEE,2,E01008180,0,-1
2023231300640,2023,231300640,2,9,0,4,4,7,3,0,0,0,0,0,0,0,2,1,6,6,1,49,8,2499,2,21,JEEP CHEROKEE,3,E01031174,0,-1
2023122300879,2023,122300879,1,9,0,16,19,1,5,0,0,0,2,10,7,9,1,1,2,2,1,35,6,2987,2,14,JEEP CHEROKEE,7,E01027585,0,-1
2023131272538,2023,131272538,1,9,0,18,19,1,5,0,0,0,0,0,0,0,1,1,6,6,3,-1,-1,2499,2,19,JEEP CHEROKEE,-1,-1,0,-1
2023010475615,2023,010475615,1,9,0,18,19,7,3,0,0,1,0,0,0,0,2,1,6,6,1,61,9,3700,1,20,JEEP CHEROKEE,3,E01001970,0,-1
2023411333471,2023,411333471,1,9,0,18,19,5,1,0,0,1,0,0,0,0,1,1,6,6,1,26,6,1956,2,8,JEEP CHEROKEE,10,E01023595,0,-1
2023111289661,2023,111289661,2,9,0,9,9,8,4,0,0,2,0,0,0,0,2,1,2,2,1,60,9,2499,2,21,JEEP CHEROKEE,1,E01020873,0,-1
2023430177031,2023,430177031,2,9,0,18,19,8,4,0,0,4,0,0,0,0,1,1,6,6,1,-1,-1,2184,2,7,JEEP CHEROKEE,-1,-1,0,-1
2023010456329,2023,010456329,2,9,0,99,99,9,9,99,99,9,9,99,9,99,1,9,6,6,3,28,6,3700,1,18,JEEP CHEROKEE,2,E01002831,0,-1
2023311325093,2023,311325093,2,9,0,4,4,3,7,0,0,1,0,0,0,0,0,1,6,6,2,39,7,1956,2,9,JEEP CHEROKEE,4,E01028045,0,-1
2023991346883,2023,991346883,1,9,0,18,19,1,5,0,0,0,5,7,1,7,1,1,5,6,1,61,9,2184,2,7,JEEP CHEROKEE,7,-1,0,-1
2023221377552,2023,221377552,1,9,0,18,19,3,7,0,0,8,0,0,0,0,1,1,6,6,2,53,8,2184,2,7,JEEP CHEROKEE,10,E01032137,0,-1
2023010481929,2023,010481929,1,9,0,18,19,3,7,0,0,8,0,0,0,0,4,1,6,6,2,41,7,3700,1,20,JEEP CHEROKEE,1,E01004247,0,-1
2023401307965,2023,401307965,4,9,0,18,19,1,5,0,0,0,0,0,0,0,2,1,6,6,1,55,8,1956,2,7,JEEP CHEROKEE,5,E01017384,0,-1
2023131300438,2023,131300438,2,9,0,18,19,1,5,0,0,8,0,0,0,0,1,1,5,6,1,71,10,1956,2,6,JEEP CHEROKEE,8,E01011188,0,-1
2023461395119,2023,461395119,2,9,0,3,3,5,1,0,0,0,0,0,0,0,2,1,6,6,2,56,9,1956,2,9,JEEP CHEROKEE,9,E01024299,0,-1
2023010482872,2023,010482872,2,9,0,99,99,9,9,99,99,9,9,99,9,99,3,9,6,6,2,-1,-1,2184,2,8,JEEP CHEROKEE,-1,-1,0,-1
2023111383873,2023,111383873,2,9,0,2,2,0,0,0,0,0,0,0,0,0,2,1,6,6,1,55,8,2499,2,22,JEEP CHEROKEE,7,E01012334,0,-1
2023531299234,2023,531299234,1,9,0,18,19,7,3,0,0,0,1,4,0,0,1,1,6,6,1,73,10,2987,2,13,JEEP CHEROKEE,9,E01022107,0,-1
2023531294976,2023,531294976,2,9,0,3,3,7,3,0,0,0,0,0,0,0,2,1,5,6,1,32,6,3500,1,7,JEEP CHEROKEE,5,E01018051,0,-1
2023131312337,2023,131312337,1,9,0,18,19,7,3,0,0,1,0,0,0,0,4,1,5,6,1,36,7,1956,2,8,JEEP CHEROKEE,2,E01011665,0,-1
2023461297680,2023,461297680,2,9,0,13,13,-1,-1,0,0,0,1,0,0,0,4,1,5,6,1,61,9,2184,2,6,JEEP CHEROKEE,7,E01024273,0,-1
2023430450217,2023,430450217,2,9,0,18,19,4,8,0,0,1,0,0,0,0,1,1,6,6,3,-1,-1,2776,2,19,JEEP CHEROKEE,-1,-1,0,-1
2023421292197,2023,421292197,3,9,0,17,19,1,5,0,0,0,0,0,0,0,1,1,5,6,1,42,7,2499,2,25,JEEP CHEROKEE,5,E01021753,0,-1
2023010479035,2023,010479035,1,9,0,3,3,1,5,0,0,1,0,0,0,0,2,1,2,2,1,37,7,1956,2,8,JEEP CHEROKEE,7,E01017925,0,-1
2023052302344,2023,052302344,1,9,0,7,7,3,1,0,0,4,0,0,0,0,1,1,6,6,1,57,9,2987,2,16,JEEP CHEROKEE,4,E01025508,0,-1
2023501344413,2023,501344413,2,9,0,2,2,0,0,0,0,0,0,0,0,0,1,1,6,6,3,-1,-1,2499,2,19,JEEP CHEROKEE,-1,-1,0,-1
2023161273049,2023,161273049,1,9,0,18,19,7,3,0,0,0,2,10,4,0,1,2,5,6,1,25,5,3960,1,25,JEEP CHEROKEE,6,E01013318,0,-1
2023111334695,2023,111334695,1,9,0,13,13,4,8,0,0,0,0,0,7,0,3,1,6,6,1,25,5,2776,2,17,JEEP CHEROKEE,3,E01033203,0,-1
2023010469109,2023,010469109,1,9,0,16,19,7,3,9,9,2,0,0,0,0,1,1,6,6,2,40,7,2184,2,6,JEEP CHEROKEE,3,E01001188,0,-1
2023411351951,2023,411351951,3,9,0,2,2,0,0,0,0,2,0,0,0,0,2,1,6,6,3,-1,-1,2776,2,17,JEEP CHEROKEE,-1,-1,0,-1
2023991319003,2023,991319003,2,9,0,18,19,4,7,0,0,2,0,0,0,0,4,2,5,6,2,64,9,1956,2,8,JEEP CHEROKEE,7,-1,0,-1
2023010434398,2023,010434398,1,9,0,99,99,9,9,99,99,9,9,99,9,99,1,9,6,6,3,-1,-1,3700,1,18,JEEP CHEROKEE,9,E01024440,0,-1
2023430560048,2023,430560048,2,9,0,18,19,8,4,0,0,0,0,0,7,9,3,1,6,6,2,56,9,2184,2,7,JEEP CHEROKEE,-1,-1,0,-1
2023544692423,2023,544692423,2,9,0,18,19,3,7,0,0,0,0,0,0,0,1,1,6,6,1,56,9,2987,2,16,JEEP CHEROKEE,6,E01031842,0,-1
2023371297536,2023,371297536,1,9,0,18,19,1,5,0,0,0,0,0,0,0,1,1,6,6,2,34,6,3200,1,9,JEEP CHEROKEE,6,E01026492,0,-1
202360A019020,2023,60A019020,1,9,0,18,19,4,8,0,0,0,0,0,0,0,1,1,6,6,1,47,8,2776,2,20,JEEP CHEROKEE,-1,-1,0,-1
2023461359585,2023,461359585,2,9,0,10,10,3,7,0,0,0,0,0,0,0,2,1,6,6,2,60,9,2776,2,20,JEEP CHEROKEE,8,E01024004,0,-1
2023440396434,2023,440396434,1,9,0,14,14,3,7,0,0,0,0,0,0,0,1,1,1,1,1,48,8,2776,2,18,JEEP CHEROKEE,6,E01022690,0,-1
2023052301681,2023,052301681,1,9,0,18,19,3,7,0,0,0,0,0,0,0,1,1,2,2,1,38,7,1956,2,8,JEEP CHEROKEE,1,E01006547,0,-1
2023991265986,2023,991265986,1,9,0,18,19,2,7,0,0,4,0,0,0,0,1,1,3,7,1,61,9,1956,2,8,JEEP CHEROKEE,1,-1,0,-1
2023010423534,2023,010423534,1,9,0,15,15,1,5,0,0,1,0,0,0,0,1,1,6,6,2,21,5,2184,2,7,JEEP CHEROKEE,4,E01001674,0,-1
2023122300774,2023,122300774,2,9,0,9,9,3,5,0,0,8,0,0,0,0,1,1,6,6,2,-1,-1,2776,2,16,JEEP CHEROKEE,4,E01011808,0,-1
2023041330982,2023,041330982,2,9,0,9,9,7,6,0,0,8,0,0,0,0,1,1,1,1,1,64,9,5654,1,16,JEEP CHEROKEE,2,E01025381,0,-1
2023471365497,2023,471365497,1,3,0,18,19,5,1,0,0,1,2,0,0,0,1,1,6,6,1,18,4,125,1,17,-1,1,E01016895,0,-1
2023052300600,2023,052300600,2,8,0,99,99,8,4,0,0,8,0,0,0,0,1,1,1,1,1,38,7,2499,2,13,LONDON TAXIS INT. TX4,5,E01006475,0,-1
2023010440535,2023,010440535,1,8,0,18,19,3,7,0,0,2,0,0,0,0,4,1,1,1,1,50,8,2499,2,8,LONDON TAXIS INT. TX4,7,E01002268,0,-1
2023010460787,2023,010460787,1,8,0,7,7,5,6,0,0,8,0,0,0,0,3,1,1,1,1,69,10,2776,2,8,LONDON TAXIS INT. TX4,5,E01033741,0,-1
2023010448512,2023,010448512,2,8,0,99,99,9,9,99,99,9,9,99,9,99,1,9,6,6,3,-1,-1,2499,2,9,LONDON TAXIS INT. TX4,8,E01000411,0,-1
2023481374368,2023,481374368,2,8,0,9,9,3,1,0,0,8,0,0,0,0,3,1,1,1,1,38,7,2776,2,7,LONDON TAXIS INT. TX4,-1,-1,0,-1
2023010439908,2023,010439908,1,8,0,18,19,1,5,0,0,1,0,0,0,0,1,1,1,1,1,52,8,2499,2,8,LONDON TAXIS INT. TX4,8,E01000760,0,-1
2023010431257,2023,010431257,1,8,0,99,99,9,9,99,99,9,9,99,9,99,1,9,1,1,1,48,8,2499,2,8,LONDON TAXIS INT. TX4,6,E01000726,0,-1
2023201276950,2023,201276950,1,8,0,18,19,4,8,0,0,1,0,0,0,0,1,1,6,6,1,60,9,2499,2,12,LONDON TAXIS INT. TX4,2,E01008881,0,-1
2023201403328,2023,201403328,2,8,0,18,19,8,4,0,0,0,0,0,0,0,2,1,1,1,1,50,8,2499,7,15,LONDON TAXIS INT. TX4,5,E01009046,0,-1
2023010446858,2023,010446858,2,8,0,99,99,9,9,99,99,9,0,99,0,0,9,9,6,6,1,73,10,2499,2,11,LONDON TAXIS INT. TX4,5,E01004374,0,-1
2023052302336,2023,052302336,1,8,0,18,19,5,1,0,0,0,0,0,0,0,1,1,1,1,1,59,9,2499,2,12,LONDON TAXIS INT. TX4,1,E01032508,0,-1
2023991307985,2023,991307985,2,8,0,18,19,3,7,0,0,1,0,0,0,0,1,1,1,1,1,67,10,2499,2,12,LONDON TAXIS INT. TX4,10,-1,0,-1
2023010434012,2023,010434012,1,8,0,5,5,3,7,0,0,3,0,0,0,0,1,1,1,1,1,51,8,2499,2,9,LONDON TAXIS INT. TX4,4,E01021283,0,-1
2023430242025,2023,430242025,1,8,0,1,1,8,4,0,0,0,0,0,0,0,2,1,1,1,1,33,6,2499,2,9,LONDON TAXIS INT. TX4,7,E01016613,0,-1
2023052300737,2023,052300737,2,8,0,16,19,2,6,0,0,8,0,0,0,0,1,1,1,1,1,52,8,2499,2,12,LONDON TAXIS INT. TX4,2,E01006655,0,-1
2023010478733,2023,010478733,1,8,0,4,4,1,5,0,0,0,0,0,0,0,3,1,1,1,1,55,8,2499,2,10,LONDON TAXIS INT. TX4,9,E01021786,0,-1
2023010506574,2023,010506574,1,8,0,99,99,9,9,99,99,9,9,99,9,99,1,9,6,6,3,-1,-1,2499,2,12,LONDON TAXIS INT. TX4,-1,-1,0,-1
2023010442152,2023,010442152,1,8,0,99,99,9,9,99,99,9,9,99,9,99,1,9,6,6,1,61,9,2499,2,8,LONDON TAXIS INT. TX4,3,E01004043,0,-1