collision_index,collision_year,collision_ref_no,vehicle_reference,vehicle_type,towing_and_articulation,vehicle_manoeuvre_historic,vehicle_manoeuvre,vehicle_direction_from,vehicle_direction_to,vehicle_location_restricted_lane_historic,vehicle_location_restricted_lane,junction_location,skidding_and_overturning,hit_object_in_carriageway,vehicle_leaving_carriageway,hit_object_off_carriageway,first_point_of_impact,vehicle_left_hand_drive,journey_purpose_of_driver_historic,journey_purpose_of_driver,sex_of_driver,age_of_driver,age_band_of_driver,engine_capacity_cc,propulsion_code,age_of_vehicle,generic_make_model,driver_imd_decile,lsoa_of_driver,escooter_flag,driver_distance_banding
2023201281739,2023,201281739,2,9,0,18,19,8,4,0,0,8,0,10,1,7,3,1,1,1,1,62,9,-1,-1,-1,LONDON TAXIS INT. TX4,1,E01033645,0,-1
2023041373175,2023,041373175,1,9,0,18,19,5,1,0,0,0,0,0,8,0,1,1,1,1,1,57,9,-1,-1,-1,LONDON TAXIS INT. TX4,1,E01024858,0,-1
2023052300387,2023,052300387,2,8,0,18,19,5,1,0,0,0,0,0,1,11,2,1,2,2,1,46,8,2499,2,12,LONDON TAXIS INT. TX4,1,E01006964,0,-1
2023010460635,2023,010460635,2,8,0,18,19,5,1,0,0,1,0,0,0,0,0,1,1,1,1,55,8,2499,2,12,LONDON TAXIS INT. TX4,5,E01004346,0,-1
2023991355852,2023,991355852,1,8,0,18,19,8,4,0,0,0,0,0,0,0,4,2,1,1,1,60,9,2499,2,11,LONDON TAXIS INT. TX4,8,-1,0,-1
2023010450949,2023,010450949,2,8,0,99,99,9,9,99,99,9,9,99,9,99,1,9,6,6,1,62,9,2499,2,11,LONDON TAXIS INT. TX4,10,E01002389,0,-1
2023010427241,2023,010427241,1,8,0,3,3,7,3,0,0,0,0,0,0,0,2,1,6,6,1,75,10,2499,2,12,LONDON TAXIS INT. TX4,1,E01003503,0,-1
2023010440190,2023,010440190,1,8,0,18,19,1,5,0,0,8,0,0,0,0,4,1,1,1,1,61,9,2499,2,10,LONDON TAXIS INT. TX4,7,E01004291,0,-1
2023052302912,2023,052302912,2,8,0,18,19,3,7,0,0,1,0,0,0,0,1,1,1,1,1,59,9,2499,2,14,LONDON TAXIS INT. TX4,1,E01006633,0,-1
2023010457631,2023,010457631,2,8,0,18,19,7,3,0,0,2,1,0,0,0,2,1,1,1,1,55,8,2776,2,6,LONDON TAXIS INT. TX4,1,E01001461,0,-1
2023010441463,2023,010441463,2,9,0,18,19,3,7,0,0,8,0,0,0,0,1,1,1,1,1,67,10,-1,-1,-1,LONDON TAXIS INT. TX4,7,E01002337,0,-1
2023010427154,2023,010427154,2,8,9,99,99,9,9,99,99,9,9,99,9,99,9,9,6,6,1,72,10,2499,2,12,LONDON TAXIS INT. TX4,10,E01023559,0,-1
2023061360960,2023,061360960,1,8,0,9,9,5,3,0,0,8,0,0,0,0,1,1,1,1,1,60,9,2499,2,9,LONDON TAXIS INT. TX4,7,E01005152,0,-1
2023052302037,2023,052302037,2,8,0,18,19,2,6,0,0,8,0,0,0,0,1,1,6,6,1,-1,-1,2499,2,15,LONDON TAXIS INT. TX4,1,E01006676,0,-1
2023991296975,2023,991296975,1,8,0,9,9,5,4,0,0,2,0,0,0,0,1,1,1,1,1,48,8,2499,2,12,LONDON TAXIS INT. TX4,2,-1,0,-1
2023061303750,2023,061303750,1,9,-1,-1,-1,-1,-1,-1,-1,0,-1,-1,-1,0,-1,1,1,1,1,54,8,-1,-1,-1,LONDON TAXIS INT. TX4,4,E01005300,0,-1
2023010474870,2023,010474870,1,8,0,18,19,2,6,0,0,0,0,0,0,0,1,1,1,1,1,81,11,2499,2,10,LONDON TAXIS INT. TX4,5,E01000594,0,-1
2023010459982,2023,010459982,1,8,0,99,99,9,9,99,99,0,9,99,9,99,2,9,1,1,1,61,9,2776,2,7,LONDON TAXIS INT. TX4,3,E01002795,0,-1
2023010461422,2023,010461422,1,8,0,4,4,7,3,0,0,0,0,0,0,0,4,1,1,1,1,69,10,2499,2,8,LONDON TAXIS INT. TX4,5,E01000211,0,-1
2023010437486,2023,010437486,1,8,0,3,3,1,5,0,0,0,0,0,0,0,2,1,2,2,1,55,8,2499,2,9,LONDON TAXIS INT. TX4,7,E01000457,0,-1
2023311384183,2023,311384183,2,9,0,18,19,2,6,0,0,1,0,0,0,0,1,1,6,6,1,59,9,-1,-1,-1,LONDON TAXIS INT. TX4,2,E01013872,0,-1
2023481398826,2023,481398826,1,8,0,18,19,1,5,0,0,0,0,0,0,0,1,2,1,1,1,61,9,2499,2,9,LONDON TAXIS INT. TX4,-1,-1,0,-1
2023451320893,2023,451320893,2,8,0,18,19,1,3,0,0,1,0,0,0,0,4,1,1,1,1,30,6,2499,2,16,LONDON TAXIS INT. TX4,-1,-1,0,-1
2023010450455,2023,010450455,2,8,0,99,99,9,9,99,99,0,9,99,9,99,1,9,6,6,3,57,9,2776,2,7,LONDON TAXIS INT. TX4,7,E01004639,0,-1
2023501347213,2023,501347213,1,8,0,18,19,5,1,0,0,0,0,7,0,0,4,1,1,1,2,58,9,2499,2,15,LONDON TAXIS INT. TX4,5,E01015174,0,-1
2023010433963,2023,010433963,3,8,0,18,19,7,3,2,2,1,0,99,0,0,1,9,6,6,1,61,9,2499,2,9,LONDON TAXIS INT. TX4,4,E01033572,0,-1
2023041279488,2023,041279488,2,9,0,18,19,7,3,0,0,8,0,0,0,0,1,1,1,1,1,53,8,-1,-1,-1,LONDON TAXIS INT. TX4,1,E01012683,0,-1
2023010439944,2023,010439944,1,8,0,18,19,1,5,0,0,2,9,0,0,0,3,9,1,1,1,68,10,2499,2,11,LONDON TAXIS INT. TX4,9,E01000358,0,-1
2023010457934,2023,010457934,1,8,9,99,99,9,9,99,99,9,9,99,9,99,9,9,6,6,1,58,9,2499,2,11,LONDON TAXIS INT. TX4,2,E01003187,0,-1
2023010447857,2023,010447857,1,8,0,18,19,5,1,0,0,0,0,0,1,0,1,1,1,1,1,77,11,2776,2,6,LONDON TAXIS INT. TX4,3,E01002311,0,-1
2023010455318,2023,010455318,2,8,0,99,99,9,9,99,99,9,9,99,9,99,9,9,6,6,1,63,9,2499,2,12,LONDON TAXIS INT. TX4,10,E01024443,0,-1
2023010431819,2023,010431819,1,8,0,99,99,9,9,99,99,9,9,99,9,99,9,9,1,1,1,61,9,2499,2,8,LONDON TAXIS INT. TX4,4,E01002717,0,-1
2023052300638,2023,052300638,2,8,0,18,19,5,1,0,0,6,0,0,0,0,1,1,1,1,1,50,8,2499,2,13,LONDON TAXIS INT. TX4,5,E01033748,0,-1
2023201393938,2023,201393938,2,8,0,8,8,8,1,0,0,1,0,0,0,0,2,1,1,1,1,56,9,1998,7,14,LONDON TAXIS INT. TX4,5,E01009283,0,-1
2023351278464,2023,351278464,1,8,0,18,19,2,6,0,0,1,0,0,0,0,1,1,1,1,3,-1,-1,2499,2,14,LONDON TAXIS INT. TX4,-1,-1,0,-1
2023430031390,2023,430031390,1,8,0,17,19,3,8,0,0,0,0,0,0,0,4,1,1,1,1,24,5,2499,2,15,LONDON TAXIS INT. TX4,7,E01016613,0,-1
2023201291146,2023,201291146,2,8,0,18,19,2,6,0,0,1,0,0,0,0,1,1,1,1,1,-1,-1,2499,2,13,LONDON TAXIS INT. TX4,5,E01009582,0,-1
2023010474616,2023,010474616,1,8,0,99,99,9,9,99,99,9,9,99,9,99,9,9,1,1,1,50,8,2499,2,9,LONDON TAXIS INT. TX4,7,E01021463,0,-1
2023010450141,2023,010450141,1,8,0,6,6,7,7,0,0,8,0,0,0,0,3,1,1,1,1,72,10,2499,2,13,LONDON TAXIS INT. TX4,-1,-1,0,-1
2023010438375,2023,010438375,1,8,0,18,19,1,5,2,2,8,0,10,7,4,1,1,1,1,1,57,9,2499,2,12,LONDON TAXIS INT. TX4,6,E01003657,0,-1
2023010456500,2023,010456500,1,8,0,4,4,7,3,2,2,1,0,0,0,0,2,1,1,1,1,61,9,2499,2,8,LONDON TAXIS INT. TX4,-1,-1,0,-1
2023010446740,2023,010446740,2,8,0,18,19,3,7,0,0,8,0,0,0,0,0,1,1,1,1,53,8,2499,2,8,LONDON TAXIS INT. TX4,5,E01022008,0,-1
2023052300588,2023,052300588,1,8,0,18,19,5,2,0,0,8,0,0,0,0,3,1,1,1,1,28,6,2499,2,11,LONDON TAXIS INT. TX4,1,E01033747,0,-1
2023010472702,2023,010472702,1,8,0,18,19,3,7,0,0,1,0,0,0,0,4,1,6,6,1,62,9,2499,2,8,LONDON TAXIS INT. TX4,9,E01021547,0,-1
2023010444179,2023,010444179,1,8,0,18,19,7,3,0,0,0,0,0,0,0,3,1,1,1,1,50,8,2776,2,8,LONDON TAXIS INT. TX4,-1,-1,0,-1
2023010438578,2023,010438578,1,8,0,99,99,9,9,99,99,9,9,99,9,99,1,9,1,1,1,50,8,2499,2,9,LONDON TAXIS INT. TX4,4,E01000788,0,-1
2023010485661,2023,010485661,1,8,0,2,2,0,0,0,0,0,0,0,0,0,2,1,6,6,3,-1,-1,2776,2,6,LONDON TAXIS INT. TX4,-1,-1,0,-1
2023052302049,2023,052302049,2,8,0,4,4,3,5,0,0,1,0,0,0,0,2,1,1,1,1,61,9,2499,2,12,LONDON TAXIS INT. TX4,5,E01007106,0,-1
2023010462604,2023,010462604,1,8,0,4,4,1,5,0,0,0,0,0,1,0,4,1,6,6,1,54,8,2499,2,8,LONDON TAXIS INT. TX4,2,E01002799,0,-1
2023010438104,2023,010438104,1,8,0,5,5,7,3,0,0,1,0,0,0,0,1,1,6,6,3,-1,-1,2499,2,8,LONDON TAXIS INT. TX4,-1,-1,0,-1
2023010444670,2023,010444670,2,8,0,99,99,9,9,99,99,9,9,99,9,99,2,9,6,6,1,43,7,2499,2,12,LONDON TAXIS INT. TX4,5,E01000662,0,-1
2023010419678,2023,010419678,6,8,0,2,2,0,0,9,9,2,0,0,0,0,2,1,6,6,3,-1,-1,2499,2,12,LONDON TAXIS INT. TX4,-1,-1,0,-1
2023010440479,2023,010440479,2,9,0,99,99,9,9,99,99,9,9,99,9,99,1,9,6,6,3,-1,-1,-1,-1,-1,LONDON TAXIS INT. TX4,-1,-1,0,-1
2023010461859,2023,010461859,1,8,0,9,9,8,6,0,0,0,0,0,0,0,2,1,1,1,1,79,11,2499,2,13,LONDON TAXIS INT. TX4,8,E01003765,0,-1
2023010429501,2023,010429501,1,8,0,15,15,5,1,2,2,1,0,0,1,4,1,1,1,1,1,73,10,2499,2,9,LONDON TAXIS INT. TX4,7,E01023963,0,-1
2023010466940,2023,010466940,2,8,0,99,99,9,9,99,99,9,9,99,9,99,2,9,6,6,3,-1,-1,2776,2,7,LONDON TAXIS INT. TX4,-1,-1,0,-1
2023010483694,2023,010483694,2,8,9,99,99,9,9,99,99,9,9,99,9,99,9,9,6,6,1,-1,-1,2499,2,9,LONDON TAXIS INT. TX4,-1,-1,0,-1
2023010472463,2023,010472463,2,8,0,99,99,9,9,0,0,1,0,0,0,0,1,9,6,6,3,-1,-1,2499,2,8,LONDON TAXIS INT. TX4,-1,-1,0,-1
2023010482498,2023,010482498,1,8,9,99,99,9,9,99,99,0,9,99,9,99,9,9,6,6,3,-1,-1,2499,2,8,LONDON TAXIS INT. TX4,-1,-1,0,-1
2023451309649,2023,451309649,1,9,0,18,19,5,1,0,0,0,0,0,0,0,1,1,6,6,1,59,9,-1,-1,-1,LONDON TAXIS INT. TX4,10,E01030403,0,-1
2023010441931,2023,010441931,2,9,9,99,99,9,9,99,99,9,9,99,9,99,1,9,6,6,3,-1,-1,-1,-1,-1,LONDON TAXIS INT. TX4,-1,-1,0,-1
2023052301012,2023,052301012,1,8,0,18,19,7,3,0,0,8,0,0,0,0,3,1,1,1,1,41,7,2499,2,13,LONDON TAXIS INT. TX4,2,E01007091,0,-1
2023430232787,2023,430232787,2,8,0,18,19,4,8,0,0,0,0,0,0,0,1,1,6,6,1,-1,-1,2499,2,16,LONDON TAXIS INT. TX4,-1,-1,0,-1
2023010439294,2023,010439294,2,8,0,99,99,9,9,99,99,9,9,99,9,99,2,9,6,6,3,-1,-1,2499,2,11,LONDON TAXIS INT. TX4,-1,-1,0,-1
2023340NN0262,2023,340NN0262,2,8,0,18,19,3,7,0,0,8,0,0,0,0,4,1,1,1,1,66,10,2499,2,8,LONDON TAXIS INT. TX4,5,E01026970,0,-1
2023010437949,2023,010437949,2,8,0,3,3,5,1,0,0,1,0,0,0,0,2,1,1,1,1,68,10,2776,2,7,LONDON TAXIS INT. TX4,-1,-1,0,-1
2023010465928,2023,010465928,1,8,0,18,19,7,3,0,0,2,0,0,0,0,1,1,1,1,1,61,9,2776,2,8,LONDON TAXIS INT. TX4,3,E01032785,0,-1
2023010443256,2023,010443256,3,8,0,2,2,0,0,0,0,1,0,0,0,0,0,1,6,6,3,-1,-1,2499,2,9,LONDON TAXIS INT. TX4,-1,-1,0,-1
2023010462034,2023,010462034,3,8,0,18,19,5,1,0,0,1,0,0,0,0,1,1,1,1,1,68,10,2499,2,9,LONDON TAXIS INT. TX4,2,E01002872,0,-1
2023052302861,2023,052302861,1,9,0,18,19,6,2,0,0,8,0,0,1,11,1,1,1,1,1,39,7,-1,-1,-1,LONDON TAXIS INT. TX4,1,E01006659,0,-1
2023010422426,2023,010422426,1,8,0,5,5,3,7,0,0,0,0,0,0,0,1,1,1,1,1,65,9,2499,2,11,LONDON TAXIS INT. TX4,3,E01002706,0,-1
2023010444182,2023,010444182,1,8,0,18,19,1,5,0,0,2,0,0,0,0,3,1,1,1,1,65,9,2499,2,10,LONDON TAXIS INT. TX4,1,E01004206,0,-1
2023010472695,2023,010472695,2,8,0,99,99,9,9,99,99,9,9,99,9,99,1,9,6,6,1,57,9,2776,2,6,LONDON TAXIS INT. TX4,3,E01004443,0,-1
2023010449366,2023,010449366,2,8,0,4,4,5,1,0,0,0,0,0,0,0,2,1,1,1,1,29,6,2499,2,10,LONDON TAXIS INT. TX4,3,E01003387,0,-1
2023052300466,2023,052300466,1,8,0,9,9,7,3,0,0,8,0,0,0,0,1,1,1,1,1,61,9,2499,2,13,LONDON TAXIS INT. TX4,4,E01006528,0,-1
2023010453625,2023,010453625,1,8,0,99,99,9,9,99,99,9,9,99,9,99,9,9,6,6,3,-1,-1,2776,2,8,LONDON TAXIS INT. TX4,-1,-1,0,-1
2023430381413,2023,430381413,2,9,0,7,7,8,4,0,0,1,0,0,0,0,2,1,6,6,2,38,7,-1,-1,-1,LONDON TAXIS INT. TX4,3,E01016358,0,-1
2023010428618,2023,010428618,1,8,0,6,6,1,1,0,0,8,0,0,0,0,3,1,1,1,1,69,10,2499,2,12,LONDON TAXIS INT. TX4,9,E01000421,0,-1
2023010435497,2023,010435497,1,8,0,9,9,5,3,0,0,1,0,0,0,0,1,1,6,6,3,-1,-1,2776,2,7,LONDON TAXIS INT. TX4,-1,-1,0,-1
2023501329834,2023,501329834,2,8,0,3,3,7,3,0,0,1,0,0,0,0,3,1,1,1,2,51,8,2499,2,12,LONDON TAXIS INT. TX4,3,E01015085,0,-1
2023010480060,2023,010480060,3,8,0,18,19,7,3,0,0,1,0,0,0,0,4,1,6,6,1,44,7,2499,2,9,LONDON TAXIS INT. TX4,1,E01004312,0,-1
2023010472709,2023,010472709,1,8,0,10,10,8,6,0,0,8,0,0,0,0,1,1,1,1,1,65,9,2776,2,6,LONDON TAXIS INT. TX4,9,E01002239,0,-1
2023010419305,2023,010419305,1,8,0,18,19,1,5,0,0,2,0,0,0,0,2,1,1,1,1,50,8,1998,7,14,LONDON TAXIS INT. TX4,8,E01003417,0,-1
2023010448892,2023,010448892,1,8,0,99,99,9,9,99,99,0,9,99,9,99,9,9,1,1,1,36,7,2499,2,8,LONDON TAXIS INT. TX4,3,E01021764,0,-1
2023451354990,2023,451354990,3,9,0,18,19,5,1,0,0,3,0,4,0,0,1,1,5,6,1,58,9,-1,-1,-1,LONDON TAXIS INT. TX4,6,E01004108,0,-1
2023061283954,2023,061283954,1,9,-1,6,6,6,3,0,0,1,0,0,0,0,-1,1,6,6,3,-1,-1,-1,-1,-1,LONDON TAXIS INT. TX4,-1,-1,0,-1
2023211346410,2023,211346410,2,8,0,16,19,3,7,0,0,0,0,0,0,0,1,1,1,1,1,44,7,2499,7,10,LONDON TAXIS INT. TX4,1,E01009197,0,-1
2023430409430,2023,430409430,1,8,0,12,12,4,8,2,2,0,0,0,0,0,1,1,3,7,1,60,9,2499,2,9,LONDON TAXIS INT. TX4,8,E01016614,0,-1
2023010484832,2023,010484832,1,8,0,99,99,9,9,99,99,9,9,99,9,99,1,9,1,1,1,69,10,2499,2,8,LONDON TAXIS INT. TX4,2,E01004306,0,-1
2023061395736,2023,061395736,2,9,0,18,19,4,8,0,0,0,0,0,0,0,1,1,6,6,1,55,8,-1,-1,-1,LONDON TAXIS INT. TX4,3,E01005181,0,-1
2023010501790,2023,010501790,1,9,0,99,99,9,9,0,0,9,9,0,9,0,2,9,6,6,1,-1,-1,-1,-1,-1,LONDON TAXIS INT. TX4,-1,-1,0,-1
2023052302734,2023,052302734,1,8,0,18,19,5,1,0,0,0,0,0,0,0,1,1,1,1,1,71,10,2499,2,12,LONDON TAXIS INT. TX4,6,E01007108,0,-1
2023141280535,2023,141280535,2,9,0,2,2,0,0,6,6,0,0,0,0,0,2,1,6,6,1,46,8,-1,-1,-1,LONDON TAXIS INT. TX4,5,E01008051,0,-1
2023010433222,2023,010433222,1,8,0,6,6,5,5,0,0,0,0,0,0,0,0,1,1,1,1,56,9,2499,2,12,LONDON TAXIS INT. TX4,4,E01021785,0,-1
2023061343761,2023,061343761,1,8,0,9,9,3,1,0,0,5,0,0,0,0,1,1,1,1,1,46,8,2499,2,10,LONDON TAXIS INT. TX4,6,E01006143,0,-1
2023052303026,2023,052303026,1,8,0,9,9,1,7,0,0,8,0,0,0,0,1,1,1,1,3,57,9,2499,2,16,LONDON TAXIS INT. TX4,-1,-1,0,-1
2023430514433,2023,430514433,2,9,0,18,19,2,6,0,0,8,0,0,0,0,1,1,1,1,1,34,6,-1,-1,-1,LONDON TAXIS INT. TX4,-1,-1,0,-1
2023010472671,2023,010472671,1,8,9,18,19,5,1,0,0,1,0,0,0,0,3,1,6,6,1,68,10,2499,2,8,LONDON TAXIS INT. TX4,-1,-1,0,-1
2023061384150,2023,061384150,1,8,0,18,19,5,1,0,0,1,0,0,0,0,1,1,1,1,1,42,7,2776,2,6,LONDON TAXIS INT. TX4,5,E01005269,0,-1
2023010431536,2023,010431536,2,8,0,18,19,1,5,0,0,1,0,0,0,0,2,1,1,1,1,34,6,2499,2,8,LONDON TAXIS INT. TX4,3,E01023343,0,-1
2023010449984,2023,010449984,2,8,0,99,99,9,9,0,0,9,9,99,9,99,9,9,6,6,3,-1,-1,2499,2,13,LONDON TAXIS INT. TX4,-1,-1,0,-1
2023061273170,2023,061273170,2,9,0,2,2,0,0,0,0,0,0,0,0,0,2,1,1,1,1,46,8,-1,-1,-1,LONDON TAXIS INT. TX4,2,E01005590,0,-1
2023010476585,2023,010476585,1,8,0,99,99,9,9,99,99,0,9,99,9,99,1,9,1,1,1,55,8,2776,2,7,LONDON TAXIS INT. TX4,8,E01002383,0,-1
2023010472770,2023,010472770,1,8,0,9,9,5,2,0,0,1,0,0,0,0,4,1,1,1,1,52,8,2776,2,6,LONDON TAXIS INT. TX4,2,E01000065,0,-1
2023052301272,2023,052301272,2,8,0,18,19,2,5,0,0,1,0,0,0,0,1,1,1,1,1,44,7,2499,2,9,LONDON TAXIS INT. TX4,1,E01006701,0,-1
2023010467910,2023,010467910,1,8,5,5,5,7,3,0,0,6,0,0,0,0,3,1,1,1,1,48,8,2499,2,8,LONDON TAXIS INT. TX4,-1,-1,0,-1
2023010455042,2023,010455042,2,8,0,99,99,9,9,99,99,0,9,99,9,99,9,9,6,6,3,-1,-1,2499,2,11,LONDON TAXIS INT. TX4,-1,-1,0,-1
2023052300022,2023,052300022,3,8,0,18,19,1,5,0,0,1,0,0,0,0,1,1,1,1,1,74,10,2499,2,14,LONDON TAXIS INT. TX4,4,E01006485,0,-1
2023041393105,2023,041393105,1,9,0,18,19,6,2,0,0,2,0,0,0,0,1,1,1,1,1,60,9,-1,-1,-1,LONDON TAXIS INT. TX4,7,E01012718,0,-1
2023010447508,2023,010447508,1,8,0,5,5,6,2,0,0,0,0,0,0,0,1,1,1,1,1,61,9,2499,2,8,LONDON TAXIS INT. TX4,9,E01016685,0,-1
2023430229019,2023,430229019,1,8,0,18,19,7,3,0,0,0,0,4,0,0,1,1,1,1,3,-1,-1,2499,2,17,LONDON TAXIS INT. TX4,-1,-1,0,-1
2023010463611,2023,010463611,1,8,0,18,19,5,1,0,0,1,0,0,0,0,4,1,1,1,1,61,9,2499,2,9,LONDON TAXIS INT. TX4,7,E01024479,0,-1
2023052302854,2023,052302854,2,8,0,18,19,7,3,0,0,8,0,0,0,0,3,1,1,1,1,56,9,2499,2,8,LONDON TAXIS INT. TX4,7,E01006623,0,-1
2023340NN0232,2023,340NN0232,1,8,0,18,19,3,6,0,0,2,0,0,0,0,1,1,1,1,1,71,10,2776,2,6,LONDON TAXIS INT. TX4,2,E01026966,0,-1
2023010434173,2023,010434173,1,8,0,99,99,9,9,99,99,9,9,99,9,99,9,9,1,1,1,44,7,2776,2,6,LONDON TAXIS INT. TX4,4,E01021637,0,-1
2023010436276,2023,010436276,4,8,0,2,2,0,0,0,0,1,0,0,0,0,2,1,6,6,3,-1,-1,2499,2,12,LONDON TAXIS INT. TX4,-1,-1,0,-1
2023010440931,2023,010440931,2,8,0,7,7,7,1,0,0,1,0,0,0,0,1,1,1,1,1,64,9,2776,2,7,LONDON TAXIS INT. TX4,9,E01000761,0,-1
2023010448634,2023,010448634,1,8,0,9,9,7,5,0,0,8,0,0,0,0,1,1,6,6,1,57,9,2499,2,8,LONDON TAXIS INT. TX4,9,E01004032,0,-1
2023010471562,2023,010471562,3,8,0,3,3,3,7,0,0,1,0,0,0,0,2,1,1,1,1,63,9,2776,2,7,LONDON TAXIS INT. TX4,8,E01021744,0,-1
2023430045795,2023,430045795,2,9,0,16,19,1,3,0,0,8,0,0,0,0,1,1,1,1,3,-1,-1,-1,-1,-1,LONDON TAXIS INT. TX4,-1,-1,0,-1
2023010479335,2023,010479335,3,8,0,7,7,7,1,0,0,8,0,0,0,0,1,1,6,6,1,49,8,2499,2,8,LONDON TAXIS INT. TX4,4,E01003166,0,-1
2023010473688,2023,010473688,1,8,0,9,9,5,2,0,0,8,0,0,0,0,3,1,1,1,1,58,9,2499,2,8,LONDON TAXIS INT. TX4,4,E01004258,0,-1
2023010448275,2023,010448275,1,8,0,18,19,5,1,2,2,2,0,0,0,0,1,1,1,1,1,81,11,2499,2,13,LONDON TAXIS INT. TX4,9,E01023811,0,-1
2023010424584,2023,010424584,2,8,0,14,14,5,1,0,0,1,0,0,0,0,1,1,1,1,1,71,10,2499,2,10,LONDON TAXIS INT. TX4,4,E01001418,0,-1
2023991277063,2023,991277063,2,8,0,4,4,7,3,0,0,0,0,0,0,0,1,1,1,1,1,53,8,1998,7,13,LONDON TAXIS INT. TX4,2,-1,0,-1
2023411279777,2023,411279777,1,8,0,9,9,5,3,0,0,1,0,0,0,0,4,1,6,6,1,61,9,2776,2,6,LONDON TAXIS INT. TX4,10,E01023567,0,-1
2023010427197,2023,010427197,2,8,0,99,99,9,9,99,99,9,9,99,9,99,1,9,6,6,3,-1,-1,2776,2,7,LONDON TAXIS INT. TX4,4,E01001146,0,-1
2023010440483,2023,010440483,2,8,0,99,99,9,9,99,99,0,9,99,9,99,1,9,6,6,3,-1,-1,2499,2,10,LONDON TAXIS INT. TX4,-1,-1,0,-1
2023010468066,2023,010468066,2,8,0,18,19,3,7,0,0,8,0,0,0,0,1,1,1,1,1,63,9,2776,2,7,LONDON TAXIS INT. TX4,5,E01000852,0,-1
2023010440980,2023,010440980,1,8,0,9,9,1,7,0,0,8,0,0,0,0,4,1,1,1,1,48,8,2499,2,9,LONDON TAXIS INT. TX4,-1,-1,0,-1
2023991335870,2023,991335870,1,8,0,6,6,7,7,0,0,0,0,0,0,0,3,1,1,1,1,64,9,2500,7,12,LONDON TAXIS INT. TX4,2,-1,0,-1
2023010443369,2023,010443369,1,8,0,99,99,9,9,99,99,9,9,99,9,99,1,9,1,1,2,60,9,2499,2,11,LONDON TAXIS INT. TX4,5,E01017378,0,-1
2023010445991,2023,010445991,2,8,0,99,99,9,9,99,99,0,9,99,9,99,9,9,6,6,3,-1,-1,2499,2,12,LONDON TAXIS INT. TX4,4,E01021802,0,-1
2023010422366,2023,010422366,1,8,0,5,5,7,3,0,0,1,0,0,0,0,2,1,6,6,1,56,9,2499,2,9,LONDON TAXIS INT. TX4,5,E01020115,0,-1
2023010420501,2023,010420501,1,8,0,9,9,5,3,0,0,2,0,0,0,0,1,1,1,1,1,75,10,2499,2,9,LONDON TAXIS INT. TX4,8,E01002148,0,-1
2023481368788,2023,481368788,1,8,0,18,19,1,5,0,0,1,0,0,0,0,1,1,1,1,1,75,10,2499,2,12,LONDON TAXIS INT. TX4,-1,-1,0,-1
2023010454575,2023,010454575,2,8,0,99,99,9,9,99,99,9,9,99,9,99,9,9,6,6,1,41,7,2499,2,9,LONDON TAXIS INT. TX4,3,E01001661,0,-1
2023061356994,2023,061356994,6,8,0,2,2,3,7,9,9,1,0,0,0,0,1,1,6,6,3,-1,-1,2499,2,12,LONDON TAXIS INT. TX4,-1,-1,0,-1
2023010443669,2023,010443669,2,8,9,18,19,4,8,99,99,9,0,99,0,0,1,9,1,1,1,64,9,2776,2,7,LONDON TAXIS INT. TX4,4,E01000940,0,-1
2023052302227,2023,052302227,1,9,0,18,19,3,7,0,0,1,0,0,0,0,1,1,6,6,1,48,8,-1,-1,-1,LONDON TAXIS INT. TX4,1,E01006674,0,-1
2023411407541,2023,411407541,1,8,0,18,19,1,5,0,0,2,0,0,0,0,4,1,1,1,1,56,9,2499,2,17,LONDON TAXIS INT. TX4,8,E01023297,0,-1
2023010434631,2023,010434631,2,8,0,99,99,9,9,99,99,9,9,99,9,99,1,9,6,6,3,-1,-1,2499,2,12,LONDON TAXIS INT. TX4,-1,-1,0,-1
2023231357126,2023,231357126,1,8,0,18,19,4,8,0,0,8,0,0,0,0,1,1,1,1,1,68,10,2499,2,16,LONDON TAXIS INT. TX4,9,E01009671,0,-1
2023010453814,2023,010453814,2,8,0,99,99,9,9,99,99,9,9,99,9,99,9,9,6,6,1,73,10,1998,7,12,LONDON TAXIS INT. TX4,4,E01001418,0,-1
2023061388571,2023,061388571,2,8,-1,-1,-1,-1,-1,-1,-1,0,-1,-1,-1,0,-1,1,6,6,1,30,6,2499,2,11,LONDON TAXIS INT. TX4,-1,-1,0,-1
2023991391411,2023,991391411,2,8,0,18,19,3,7,0,0,1,0,0,0,0,4,1,1,1,1,50,8,2499,2,9,LONDON TAXIS INT. TX4,6,-1,0,-1
2023010466082,2023,010466082,1,8,0,5,5,5,1,0,0,8,0,0,0,0,1,1,2,2,1,39,7,2499,2,9,LONDON TAXIS INT. TX4,2,E01002784,0,-1
2023010448978,2023,010448978,1,8,0,3,3,6,2,0,0,0,0,0,0,0,1,1,1,1,1,70,10,2499,2,10,LONDON TAXIS INT. TX4,5,E01033741,0,-1
2023201453066,2023,201453066,2,8,0,3,3,8,4,0,0,0,0,0,0,0,2,1,2,2,1,55,8,2499,2,17,LONDON TAXIS INT. TX4,5,E01009647,0,-1