collision_index,collision_year,collision_ref_no,vehicle_reference,vehicle_type,towing_and_articulation,vehicle_manoeuvre_historic,vehicle_manoeuvre,vehicle_direction_from,vehicle_direction_to,vehicle_location_restricted_lane_historic,vehicle_location_restricted_lane,junction_location,skidding_and_overturning,hit_object_in_carriageway,vehicle_leaving_carriageway,hit_object_off_carriageway,first_point_of_impact,vehicle_left_hand_drive,journey_purpose_of_driver_historic,journey_purpose_of_driver,sex_of_driver,age_of_driver,age_band_of_driver,engine_capacity_cc,propulsion_code,age_of_vehicle,generic_make_model,driver_imd_decile,lsoa_of_driver,escooter_flag,driver_distance_banding
2023311371847,2023,311371847,2,19,0,2,2,1,1,0,0,0,0,0,0,0,3,1,6,6,3,-1,-1,-1,3,1,MAXUS DELIVER,-1,-1,0,-1
2023010473496,2023,010473496,2,19,0,9,9,7,5,0,0,5,0,0,0,0,1,1,1,1,1,52,8,-1,3,1,MAXUS DELIVER,2,E01001515,0,-1
2023010465410,2023,010465410,2,19,0,99,99,9,9,99,99,9,9,99,9,99,2,9,6,6,3,-1,-1,-1,3,1,MAXUS DELIVER,-1,-1,0,-1
2023610037223,2023,610037223,2,19,0,16,19,3,6,0,0,3,0,0,0,0,1,1,6,6,1,24,5,1996,2,1,MAXUS DELIVER,8,W01001252,0,-1
2023201312795,2023,201312795,1,19,0,18,19,2,6,0,0,0,0,0,0,0,4,1,6,6,1,-1,-1,-1,3,1,MAXUS DELIVER,-1,-1,0,-1
2023010470130,2023,010470130,1,19,0,99,99,9,9,99,99,9,9,99,9,99,9,1,6,6,3,-1,-1,-1,3,2,MAXUS DELIVER,10,E01028734,0,-1
2023131388368,2023,131388368,2,19,0,18,19,3,8,0,0,8,0,0,0,0,4,1,1,1,1,23,5,-1,3,1,MAXUS DELIVER,1,E01011355,0,-1
2023010475960,2023,010475960,2,19,0,18,19,1,5,0,0,4,0,0,0,0,1,1,1,1,1,48,8,-1,3,0,MAXUS DELIVER,2,E01003988,0,-1
2023411364631,2023,411364631,1,19,0,18,19,2,6,0,0,0,0,0,0,0,1,1,6,6,1,48,8,1998,2,2,MAXUS DELIVER,6,E01015721,0,-1
2023010481056,2023,010481056,2,19,0,99,99,9,9,99,99,2,0,99,0,0,3,9,6,6,1,34,6,-1,3,0,MAXUS DELIVER,-1,-1,0,-1
2023041387973,2023,041387973,1,19,0,18,19,5,1,0,0,0,0,0,0,0,3,1,6,6,1,-1,-1,1996,2,0,MAXUS DELIVER,-1,-1,0,-1
2023010427620,2023,010427620,2,19,0,18,19,5,1,0,0,1,0,0,7,11,1,1,2,2,1,34,6,-1,3,1,MAXUS DELIVER,5,E01002652,0,-1
2023010460879,2023,010460879,2,19,0,99,99,9,9,99,99,9,9,99,9,99,9,9,6,6,1,21,5,-1,3,1,MAXUS DELIVER,1,E01000601,0,-1
2023430481298,2023,430481298,2,19,0,18,19,2,6,0,0,8,0,0,0,0,1,1,1,1,1,37,7,-1,3,1,MAXUS DELIVER,8,E01028614,0,-1
2023010477105,2023,010477105,2,19,0,99,99,9,9,99,99,9,9,99,9,99,9,9,6,6,3,-1,-1,-1,3,1,MAXUS DELIVER,-1,-1,0,-1
2023070065414,2023,070065414,1,19,0,7,7,7,3,0,0,1,0,0,0,0,3,1,2,2,1,59,9,1996,2,2,MAXUS DELIVER,3,E01005954,0,-1
2023522301860,2023,522301860,2,19,0,18,19,7,3,0,0,2,0,0,0,0,1,1,6,6,1,28,6,1996,2,1,MAXUS DELIVER,6,E01031893,0,-1
2023461334203,2023,461334203,1,19,0,18,19,1,5,0,0,2,0,0,0,0,4,1,1,1,1,-1,-1,-1,3,0,MAXUS DELIVER,3,E01016036,0,-1
2023010477333,2023,010477333,1,19,0,5,5,1,5,0,0,0,1,0,0,0,1,1,6,6,3,-1,-1,-1,3,1,MAXUS DELIVER,10,E01025707,0,-1
2023440287080,2023,440287080,2,19,0,18,19,3,7,0,0,0,0,0,0,0,2,1,1,1,1,57,9,1996,2,1,MAXUS DELIVER,7,E01021088,0,-1
2023501305554,2023,501305554,1,19,0,18,19,8,4,5,5,6,0,0,0,0,1,1,1,1,1,44,7,1996,2,2,MAXUS DELIVER,2,E01020039,0,-1
2023461348831,2023,461348831,1,19,0,11,11,6,2,0,0,0,0,0,0,0,1,1,6,6,1,28,6,1996,2,1,MAXUS DELIVER,7,E01024844,0,-1
2023311288190,2023,311288190,3,19,0,18,19,1,5,0,0,0,0,0,0,0,1,1,1,1,1,30,6,-1,3,2,MAXUS DELIVER,-1,-1,0,-1
2023010474538,2023,010474538,1,19,0,9,9,3,8,0,0,2,0,0,0,0,1,1,1,1,1,30,6,-1,3,2,MAXUS DELIVER,8,E01002206,0,-1
2023010455204,2023,010455204,2,19,0,18,19,7,3,0,0,1,0,0,0,0,1,2,1,1,1,23,5,-1,3,1,MAXUS DELIVER,3,E01001363,0,-1
2023440419861,2023,440419861,2,19,0,5,5,5,1,0,0,4,0,0,0,0,1,1,6,6,1,-1,-1,-1,3,0,MAXUS DELIVER,-1,-1,0,-1
2023221348968,2023,221348968,1,20,0,18,19,7,3,0,0,0,0,0,0,0,3,1,1,1,1,33,6,-1,-1,-1,-1,1,E01010273,0,-1
2023440283451,2023,440283451,1,19,0,4,4,2,6,0,0,0,1,0,0,0,1,1,1,1,1,21,5,1996,2,0,MAXUS DELIVER,4,E01022484,0,-1
2023070436282,2023,070436282,1,19,0,4,4,1,5,0,0,0,1,0,0,0,1,1,1,1,1,29,6,1996,2,0,MAXUS DELIVER,1,E01006863,0,-1
2023430563159,2023,430563159,1,19,0,18,19,8,4,0,0,0,0,0,0,0,1,1,6,6,2,25,5,-1,3,0,MAXUS DELIVER,-1,-1,0,-1
2023010447334,2023,010447334,1,19,0,7,7,7,2,0,0,0,0,0,0,0,4,1,1,1,1,50,8,-1,3,1,MAXUS DELIVER,5,E01000174,0,-1
2023991298097,2023,991298097,2,19,0,5,5,1,5,0,0,8,0,0,0,0,1,1,1,1,1,58,9,-1,3,2,MAXUS DELIVER,1,-1,0,-1
2023010471372,2023,010471372,1,19,9,99,99,9,9,99,99,9,9,0,9,0,1,9,6,6,3,-1,-1,-1,3,1,MAXUS DELIVER,5,E01002410,0,-1
2023010458121,2023,010458121,2,19,0,1,1,5,1,99,99,0,0,0,0,0,2,1,6,6,1,22,5,-1,3,1,MAXUS DELIVER,6,E01000069,0,-1
2023010484709,2023,010484709,2,19,9,99,99,9,9,99,99,9,9,99,9,99,9,9,6,6,3,-1,-1,1996,2,0,MAXUS DELIVER,7,E01003419,0,-1
2023461382863,2023,461382863,1,19,0,18,19,3,7,0,0,0,0,0,0,0,3,1,6,6,1,-1,-1,1996,2,2,MAXUS DELIVER,8,E01016126,0,-1
2023451369965,2023,451369965,2,19,0,18,19,5,1,0,0,0,5,0,7,6,2,1,1,1,1,39,7,1996,2,0,MAXUS DELIVER,7,E01033568,0,-1
2023622300727,2023,622300727,1,19,0,1,1,5,1,0,0,0,0,0,0,0,2,1,1,1,1,38,7,1996,2,2,MAXUS DELIVER,4,W01001329,0,-1
2023440053136,2023,440053136,3,19,0,3,3,4,8,0,0,0,0,0,0,0,2,1,1,1,1,58,9,-1,3,2,MAXUS DELIVER,4,E01017277,0,-1
2023522301831,2023,522301831,1,19,0,17,19,7,5,0,0,2,0,0,0,0,1,1,6,6,1,28,6,-1,3,2,MAXUS DELIVER,9,E01014796,0,-1
2023010475904,2023,010475904,4,19,0,2,2,0,0,0,0,1,0,0,0,0,0,1,6,6,3,-1,-1,1996,2,2,MAXUS DELIVER,-1,-1,0,-1
2023471365762,2023,471365762,3,19,0,18,19,6,2,0,0,0,0,0,0,0,4,1,2,2,1,38,7,1996,2,1,MAXUS DELIVER,8,E01031613,0,-1
2023010466173,2023,010466173,2,19,9,99,99,9,9,99,99,9,9,99,9,99,9,9,6,6,1,-1,-1,-1,3,1,MAXUS DELIVER,4,E01002684,0,-1
2023471378167,2023,471378167,2,19,0,18,19,7,3,0,0,1,0,0,0,0,1,1,1,1,1,59,9,-1,3,2,MAXUS DELIVER,7,E01016913,0,-1
2023010446711,2023,010446711,2,19,0,99,99,9,9,99,99,9,9,99,9,99,1,9,6,6,3,-1,-1,-1,3,1,MAXUS DELIVER,-1,-1,0,-1
2023320110971,2023,320110971,1,19,0,1,1,1,5,0,0,0,0,0,0,0,2,1,1,1,1,21,5,1996,2,2,MAXUS DELIVER,-1,-1,0,-1
2023451285978,2023,451285978,2,19,0,18,19,1,5,0,0,1,0,0,0,0,1,1,1,1,1,27,6,1996,2,1,MAXUS DELIVER,10,E01030593,0,-1
2023461382332,2023,461382332,1,19,0,18,19,3,7,0,0,0,0,0,0,0,1,1,6,6,1,35,6,-1,3,0,MAXUS DELIVER,3,E01016047,0,-1
2023010435241,2023,010435241,1,19,0,9,9,7,5,0,0,6,0,0,0,0,1,1,1,1,1,37,7,1996,2,2,MAXUS DELIVER,8,-1,0,-1
2023010450410,2023,010450410,2,19,9,99,99,9,9,99,99,9,9,99,9,99,9,1,6,6,1,35,6,-1,3,1,MAXUS DELIVER,3,E01016505,0,-1
2023430205040,2023,430205040,1,19,0,18,19,3,7,0,0,0,0,0,0,0,1,1,1,1,1,57,9,1996,2,1,MAXUS DELIVER,3,E01021834,0,-1
2023010427337,2023,010427337,3,19,0,3,3,3,7,0,0,0,0,4,0,0,1,1,2,2,1,31,6,1996,2,2,MAXUS DELIVER,6,E01023583,0,-1
2023401332644,2023,401332644,1,19,0,16,19,8,4,0,0,0,1,10,7,10,1,1,6,6,1,31,6,1996,2,2,MAXUS DELIVER,2,E01015705,0,-1
2023010437387,2023,010437387,1,19,0,5,5,1,5,0,0,4,0,0,8,10,1,1,1,1,1,33,6,-1,3,2,MAXUS DELIVER,3,E01002028,0,-1
2023010485987,2023,010485987,1,19,0,18,19,1,5,0,0,8,0,0,0,0,1,1,2,2,1,25,5,-1,3,2,MAXUS DELIVER,2,E01004239,0,-1
2023010462113,2023,010462113,2,19,0,99,99,9,9,99,99,0,9,99,9,99,9,9,6,6,3,-1,-1,-1,3,1,MAXUS DELIVER,-1,-1,0,-1
2023010435258,2023,010435258,1,19,0,99,99,9,9,99,99,0,9,99,9,99,9,9,6,6,1,46,8,-1,3,1,MAXUS DELIVER,4,E01000491,0,-1
2023010451516,2023,010451516,2,19,0,99,99,9,9,99,99,9,9,99,9,99,9,9,6,6,3,-1,-1,-1,3,2,MAXUS DELIVER,1,E01001729,0,-1
2023430139876,2023,430139876,1,19,0,18,19,6,2,0,0,1,0,0,0,0,1,1,1,1,1,22,5,-1,3,2,MAXUS DELIVER,8,E01016269,0,-1
2023010423828,2023,010423828,4,19,0,3,3,7,3,0,0,1,0,0,0,0,2,1,1,1,2,34,6,1996,2,1,MAXUS DELIVER,2,E01003918,0,-1
2023010421444,2023,010421444,1,19,0,18,19,3,7,0,0,1,0,0,0,0,1,1,6,6,1,35,6,-1,3,1,MAXUS DELIVER,4,E01002798,0,-1
2023010435714,2023,010435714,1,19,0,5,5,3,7,0,0,0,0,0,0,0,1,1,1,1,1,20,4,-1,3,1,MAXUS DELIVER,5,E01023304,0,-1
2023351315143,2023,351315143,2,19,0,9,9,1,5,0,0,3,0,0,0,0,3,1,5,6,1,63,9,-1,3,2,MAXUS DELIVER,5,E01017412,0,-1
2023010462675,2023,010462675,1,19,0,17,19,5,1,0,0,0,0,0,0,0,3,1,1,1,1,60,9,-1,3,1,MAXUS DELIVER,2,E01001515,0,-1
2023010424917,2023,010424917,2,19,0,7,7,2,5,0,0,6,0,0,0,0,4,1,6,6,3,-1,-1,-1,3,2,MAXUS DELIVER,-1,-1,0,-1
2023501354515,2023,501354515,1,19,0,17,19,4,2,0,0,0,0,0,0,0,1,1,1,1,1,26,6,1996,2,1,MAXUS DELIVER,6,E01020136,0,-1
2023221380063,2023,221380063,1,19,0,7,7,7,1,0,0,6,0,0,0,0,1,1,1,1,1,24,5,1996,2,0,MAXUS DELIVER,9,E01032177,0,-1
2023451370606,2023,451370606,1,19,0,18,19,1,5,0,0,0,0,0,0,0,1,1,1,1,1,56,9,1996,2,1,MAXUS DELIVER,6,E01004637,0,-1
2023010479863,2023,010479863,2,19,0,99,99,9,9,99,99,9,9,99,9,99,2,9,6,6,3,-1,-1,-1,3,2,MAXUS DELIVER,-1,-1,0,-1
2023101381353,2023,101381353,1,19,0,9,9,7,5,0,0,6,0,0,0,0,4,1,1,1,1,36,7,1996,2,1,MAXUS DELIVER,2,E01008825,0,-1
2023010465645,2023,010465645,1,19,0,7,7,6,1,0,0,2,0,0,0,0,1,1,1,1,1,55,8,-1,3,1,MAXUS DELIVER,4,E01003230,0,-1
2023351390887,2023,351390887,1,19,0,18,19,7,3,0,0,0,0,0,1,0,1,1,1,1,1,32,6,-1,3,2,MAXUS DELIVER,6,E01015644,0,-1
2023371293216,2023,371293216,5,19,0,2,2,0,0,0,0,0,0,0,0,0,0,1,6,6,1,28,6,1996,2,1,MAXUS DELIVER,-1,-1,0,-1
2023010439696,2023,010439696,1,19,0,99,99,9,9,99,99,9,9,99,9,99,1,9,6,6,3,-1,-1,-1,3,2,MAXUS DELIVER,-1,-1,0,-1
2023010483530,2023,010483530,2,19,0,99,99,9,9,99,99,9,9,99,9,99,1,9,6,6,3,45,7,1996,2,0,MAXUS DELIVER,6,E01003852,0,-1
2023010483402,2023,010483402,2,19,0,9,9,5,2,0,0,1,0,0,0,0,3,1,1,1,1,22,5,-1,3,2,MAXUS DELIVER,2,E01002080,0,-1
2023320498255,2023,320498255,1,20,0,17,19,8,4,0,0,0,0,0,0,0,1,1,6,6,1,23,5,1996,2,1,-1,2,E01026050,0,-1
2023010468023,2023,010468023,2,20,0,3,3,2,6,0,0,1,0,0,0,0,2,1,1,1,1,46,8,-1,3,1,-1,4,E01002754,0,-1
2023161269642,2023,161269642,2,9,0,18,19,3,6,0,0,0,0,10,2,0,2,1,2,2,1,40,7,-1,3,1,MERCEDES EQB CLASS,8,E01013094,0,-1
2023340WN1232,2023,340WN1232,2,9,0,18,19,5,1,0,0,8,0,0,0,0,3,1,2,2,1,39,7,-1,3,1,MERCEDES EQB CLASS,8,E01027160,0,-1
2023471333889,2023,471333889,2,9,0,9,9,3,1,0,0,8,1,0,7,0,4,1,5,6,1,38,7,-1,3,0,MERCEDES EQB CLASS,10,E01031619,0,-1
2023101330725,2023,101330725,1,9,0,1,1,8,7,0,0,1,0,0,0,0,2,1,6,6,1,38,7,-1,3,1,MERCEDES EQB CLASS,5,E01008687,0,-1
2023010442125,2023,010442125,2,9,0,99,99,9,9,99,99,9,9,99,9,99,1,9,6,6,3,37,7,-1,3,1,MERCEDES EQB CLASS,6,E01004481,0,-1
2023411433011,2023,411433011,1,9,0,11,11,4,6,0,0,8,0,0,0,0,3,1,1,1,2,51,8,-1,3,1,MERCEDES EQB CLASS,9,E01023849,0,-1
2023351325704,2023,351325704,2,9,0,18,19,4,8,0,0,0,0,0,0,0,2,1,6,6,3,38,7,-1,3,1,MERCEDES EQB CLASS,3,E01026123,0,-1
2023231351595,2023,231351595,2,9,0,18,19,3,7,0,0,8,0,0,0,0,1,1,6,6,1,57,9,-1,3,0,MERCEDES EQB CLASS,3,E01024149,0,-1
2023010474817,2023,010474817,2,9,0,99,99,9,9,99,99,9,9,99,9,99,9,9,6,6,3,-1,-1,-1,3,1,MERCEDES EQB CLASS,4,E01003784,0,-1
2023451378180,2023,451378180,1,9,0,18,19,5,1,0,0,3,0,0,4,0,1,1,2,2,1,52,8,-1,3,0,MERCEDES EQB CLASS,10,E01031824,0,-1
2023010422221,2023,010422221,2,9,0,18,19,1,5,0,0,8,0,0,0,0,2,1,6,6,1,33,6,-1,3,1,MERCEDES EQB CLASS,9,E01002359,0,-1
2023201384004,2023,201384004,1,9,0,5,5,6,2,0,0,0,0,0,0,0,1,1,6,6,1,38,7,-1,3,0,MERCEDES EQB CLASS,6,E01010079,0,-1
2023471394284,2023,471394284,1,9,0,18,19,1,5,0,0,1,0,0,0,0,1,1,6,6,1,46,8,-1,3,1,MERCEDES EQB CLASS,8,E01017010,0,-1
2023371373589,2023,371373589,2,90,0,18,19,3,4,0,0,0,2,0,0,0,2,1,5,6,1,54,8,2287,2,5,-1,10,E01033319,0,-1
2023421344926,2023,421344926,1,9,0,18,19,5,2,0,0,0,0,0,0,0,1,1,5,6,2,89,11,1998,1,25,NISSAN PRIMERA,1,E01022042,0,-1
2023552300296,2023,552300296,2,9,0,4,4,5,1,0,0,0,0,0,0,0,2,1,6,6,1,50,8,1998,1,27,NISSAN PRIMERA,5,E01015456,0,-1
2023010448719,2023,010448719,2,9,0,99,99,9,9,0,0,8,0,0,0,0,4,1,6,6,1,-1,-1,1769,1,18,NISSAN PRIMERA,-1,-1,0,-1
2023041367625,2023,041367625,1,9,0,9,9,1,3,0,0,8,0,0,0,0,1,1,2,2,1,33,6,1769,1,21,NISSAN PRIMERA,5,E01025543,0,-1
2023231396605,2023,231396605,1,9,0,1,1,0,0,0,0,0,0,4,0,0,2,1,5,6,1,80,11,1769,1,19,NISSAN PRIMERA,9,E01031222,0,-1
2023122301379,2023,122301379,2,9,0,13,13,5,1,0,0,1,0,10,0,0,1,1,6,6,1,81,11,2184,2,21,NISSAN PRIMERA,9,E01027844,0,-1
2023010484491,2023,010484491,1,9,0,10,10,1,6,0,0,5,0,0,0,0,1,1,6,6,2,75,10,1998,1,20,NISSAN PRIMERA,6,E01001415,0,-1
2023221276013,2023,221276013,2,9,0,18,19,6,2,0,0,0,0,0,0,0,4,1,6,6,1,61,9,1769,1,19,NISSAN PRIMERA,8,E01016959,0,-1
2023141343580,2023,141343580,2,9,0,18,19,7,3,0,0,1,0,0,0,0,1,1,6,6,3,-1,-1,2184,2,18,NISSAN PRIMERA,-1,-1,0,-1
2023201363756,2023,201363756,1,9,0,18,19,1,5,0,0,0,0,0,0,0,1,1,6,6,1,20,4,1769,1,20,NISSAN PRIMERA,3,E01000481,0,-1
2023332300876,2023,332300876,1,9,0,17,19,8,5,0,0,0,1,0,7,9,1,1,6,6,1,38,7,1769,1,17,NISSAN PRIMERA,2,E01013688,0,-1
2023061307041,2023,061307041,2,9,0,18,19,3,7,0,0,0,0,0,0,0,2,1,6,6,1,27,6,1769,1,19,NISSAN PRIMERA,3,E01004868,0,-1
2023461356767,2023,461356767,1,9,0,18,19,6,2,0,0,8,0,0,0,0,1,1,6,6,1,32,6,1769,1,17,NISSAN PRIMERA,4,E01000788,0,-1
2023201381073,2023,201381073,1,9,0,18,19,6,2,0,0,0,0,4,0,0,1,1,6,6,2,35,6,1769,1,17,NISSAN PRIMERA,2,E01008892,0,-1
2023421384341,2023,421384341,1,9,0,18,19,7,3,0,0,2,0,0,0,0,1,1,5,6,2,86,11,1597,1,27,NISSAN PRIMERA,8,E01021784,0,-1
2023010462776,2023,010462776,2,9,0,99,99,9,9,99,99,9,9,99,9,99,9,9,6,6,3,68,10,1769,1,18,NISSAN PRIMERA,2,E01001151,0,-1
2023440315452,2023,440315452,2,9,0,2,2,0,0,0,0,0,0,0,0,0,2,1,6,6,1,55,8,1998,1,26,NISSAN PRIMERA,-1,-1,0,-1
2023231352793,2023,231352793,2,9,0,4,4,8,3,0,0,0,0,0,0,0,2,1,6,6,1,75,10,1769,1,18,NISSAN PRIMERA,8,E01031103,0,-1
2023371347384,2023,371347384,1,9,0,9,9,4,4,0,0,1,0,0,1,0,1,1,5,6,2,45,7,1769,1,21,NISSAN PRIMERA,3,E01030077,0,-1
2023311278173,2023,311278173,2,9,0,18,19,5,1,0,0,0,1,0,0,0,1,1,2,2,1,54,8,1769,1,17,NISSAN PRIMERA,10,E01019653,0,-1
2023520400508,2023,520400508,2,9,0,18,19,1,5,0,0,8,0,0,0,0,1,1,6,6,1,79,11,2700,1,19,PORSCHE BOXSTER,6,E01020517,0,-1
2023430167050,2023,430167050,2,9,0,18,19,4,8,0,0,0,1,0,0,0,1,1,6,6,1,-1,-1,3387,1,15,PORSCHE BOXSTER,-1,-1,0,-1
2023440128365,2023,440128365,1,9,0,18,19,5,1,0,0,0,1,0,4,6,1,1,6,6,1,48,8,3387,1,16,PORSCHE BOXSTER,10,E01028634,0,-1
2023371395348,2023,371395348,2,9,0,18,19,1,5,0,0,1,0,0,0,0,1,1,5,6,2,54,8,2893,1,14,PORSCHE BOXSTER,7,E01030171,0,-1
2023311360356,2023,311360356,3,9,0,2,2,1,1,0,0,0,0,0,0,0,2,1,6,6,3,-1,-1,3436,1,10,PORSCHE BOXSTER,-1,-1,0,-1
2023170L10223,2023,170L10223,1,9,0,18,19,7,2,0,0,3,1,10,0,0,4,1,6,6,1,43,7,3200,6,23,PORSCHE BOXSTER,-1,-1,0,-1
2023041264036,2023,041264036,1,9,0,1,1,3,7,0,0,1,0,0,0,0,2,2,6,6,1,54,8,2700,1,21,PORSCHE BOXSTER,9,E01025253,0,-1
2023430400619,2023,430400619,1,9,0,4,4,2,6,0,0,1,0,0,0,0,2,1,1,1,1,57,9,2700,1,22,PORSCHE BOXSTER,8,E01016491,0,-1
2023010460587,2023,010460587,2,9,0,18,19,1,5,0,0,1,0,0,0,0,3,1,6,6,1,48,8,2687,1,18,PORSCHE BOXSTER,6,E01001565,0,-1
2023302300855,2023,302300855,1,9,0,18,19,8,4,0,0,0,0,0,0,0,1,1,6,6,1,38,7,3179,1,18,PORSCHE BOXSTER,-1,-1,0,-1
2023451299995,2023,451299995,1,9,0,4,4,1,5,0,0,1,0,0,0,0,2,1,5,6,2,34,6,2687,1,18,PORSCHE BOXSTER,4,E01030615,0,-1
2023041364815,2023,041364815,2,9,0,18,19,3,7,0,0,3,0,0,0,0,1,1,5,6,1,28,6,3200,1,21,PORSCHE BOXSTER,5,E01025415,0,-1
2023311272090,2023,311272090,1,9,0,9,9,7,4,0,0,0,0,0,0,0,1,1,5,6,2,70,10,2700,1,19,PORSCHE BOXSTER,-1,-1,0,-1
2023411343871,2023,411343871,1,9,0,17,19,3,8,0,0,1,1,0,2,11,1,1,6,6,1,23,5,2500,6,24,PORSCHE BOXSTER,10,E01023474,0,-1
2023421362335,2023,421362335,1,9,0,18,19,5,1,0,0,0,0,0,0,0,1,1,6,6,1,22,5,3179,1,21,PORSCHE BOXSTER,7,E01021457,0,-1
2023302300994,2023,302300994,1,9,0,17,19,2,8,0,0,0,0,0,0,0,1,1,6,6,2,44,7,3200,6,24,PORSCHE BOXSTER,10,E01007929,0,-1
2023320499799,2023,320499799,1,9,0,9,9,2,8,0,0,6,1,0,0,0,1,1,6,6,1,52,8,2700,1,21,PORSCHE BOXSTER,5,E01028317,0,-1
2023351270790,2023,351270790,2,9,0,3,3,8,4,0,0,8,0,0,0,0,3,1,6,6,1,50,8,2893,1,12,PORSCHE BOXSTER,9,E01018013,0,-1
2023991308428,2023,991308428,1,9,0,18,19,8,4,0,0,0,1,0,1,0,4,1,6,6,2,62,9,3200,1,22,PORSCHE BOXSTER,6,-1,0,-1
2023041320970,2023,041320970,2,9,0,18,19,3,7,0,0,0,0,0,0,0,3,1,5,6,1,38,7,2700,1,20,PORSCHE BOXSTER,8,E01025272,0,-1
2023141376316,2023,141376316,1,9,0,18,19,3,7,0,0,0,1,0,0,0,2,1,5,6,1,54,8,2700,1,22,PORSCHE BOXSTER,6,E01007598,0,-1
2023471354420,2023,471354420,1,9,0,1,1,1,6,0,0,1,5,0,0,0,2,1,1,1,1,29,6,3200,1,20,PORSCHE BOXSTER,8,E01024514,0,-1
2023211349592,2023,211349592,2,9,0,2,2,0,0,6,6,0,0,0,0,0,3,1,1,1,2,25,5,2700,1,21,PORSCHE BOXSTER,-1,-1,0,-1
2023070102151,2023,070102151,1,9,0,18,19,1,5,0,0,1,0,0,0,0,1,1,6,6,1,-1,-1,3179,1,22,PORSCHE BOXSTER,-1,-1,0,-1
2023041380021,2023,041380021,2,9,0,18,19,3,7,0,0,8,0,0,0,0,1,1,5,6,2,64,9,2706,1,8,PORSCHE BOXSTER,9,E01007081,0,-1
2023430250365,2023,430250365,1,2,0,16,19,7,2,0,0,0,0,0,0,0,1,1,6,6,1,16,4,50,1,12,-1,5,E01028718,0,-1
2023131276285,2023,131276285,1,9,0,18,19,1,5,0,0,0,0,0,0,0,2,1,2,2,2,35,6,999,1,5,SEAT ATECA,8,E01011187,0,-1
2023141293590,2023,141293590,2,9,0,5,5,2,5,0,0,2,0,0,0,0,1,1,2,2,1,17,4,999,1,6,SEAT ATECA,5,E01007609,0,-1
2023101391689,2023,101391689,1,9,0,9,9,6,4,0,0,8,0,0,0,0,1,1,6,6,1,62,9,999,1,4,SEAT ATECA,9,E01008260,0,-1
2023371340668,2023,371340668,2,9,0,18,19,7,3,0,0,8,0,0,0,0,3,1,5,6,2,60,9,1395,1,5,SEAT ATECA,9,E01023477,0,-1
2023451338457,2023,451338457,1,9,0,18,19,1,5,0,0,0,1,2,0,0,1,1,5,6,2,35,6,1498,1,3,SEAT ATECA,8,E01004498,0,-1
2023501299650,2023,501299650,2,9,0,4,4,1,6,0,0,4,0,0,0,0,2,1,6,6,2,19,4,999,1,5,SEAT ATECA,6,E01019030,0,-1
2023010449475,2023,010449475,1,9,0,1,1,5,1,0,0,1,0,0,0,0,2,1,6,6,2,46,8,1498,1,2,SEAT ATECA,6,E01001572,0,-1
2023421360205,2023,421360205,1,9,0,18,19,3,3,0,0,2,0,0,1,2,4,1,5,6,1,71,10,1498,1,3,SEAT ATECA,8,E01033063,0,-1
2023010452054,2023,010452054,3,9,0,2,2,0,0,0,0,0,0,0,0,0,3,1,6,6,3,-1,-1,1395,1,5,SEAT ATECA,-1,-1,0,-1
2023371340668,2023,371340668,1,9,0,18,19,1,5,0,0,8,0,0,0,0,1,1,5,6,1,66,10,1498,1,1,SEAT ATECA,7,E01030228,0,-1
2023531388393,2023,531388393,1,9,0,18,19,3,7,0,0,0,0,0,0,0,1,1,5,6,1,59,9,1498,1,0,SEAT ATECA,1,E01032932,0,-1
2023071088555,2023,071088555,1,9,0,9,9,1,7,0,0,8,0,0,0,0,4,1,6,6,2,24,5,1968,2,0,SEAT ATECA,1,E01033300,0,-1
2023141349745,2023,141349745,1,9,0,18,19,6,2,0,0,8,0,0,0,0,1,1,5,6,2,52,8,1498,1,0,SEAT ATECA,1,E01007339,0,-1
2023461273940,2023,461273940,2,9,0,3,3,7,3,0,0,0,0,0,0,0,2,1,6,6,1,24,5,999,1,6,SEAT ATECA,10,E01024483,0,-1
2023631309381,2023,631309381,3,9,0,18,19,7,3,0,0,8,0,0,0,0,4,1,2,2,1,62,9,1598,2,4,SEAT ATECA,7,W01000712,0,-1
2023131344735,2023,131344735,1,9,0,18,19,1,5,0,0,0,0,0,0,0,4,1,5,6,1,68,10,999,1,4,SEAT ATECA,9,E01033257,0,-1
2023041360507,2023,041360507,2,9,0,18,19,5,1,0,0,0,0,0,0,0,1,1,5,6,2,34,6,999,1,6,SEAT ATECA,7,E01025014,0,-1
2023411297990,2023,411297990,1,9,0,17,19,5,3,0,0,0,0,0,1,1,1,1,6,6,2,50,8,1984,1,3,SEAT ATECA,4,E01023794,0,-1
2023461354867,2023,461354867,2,9,0,4,4,5,1,0,0,0,0,0,0,0,2,1,5,6,1,38,7,1498,1,1,SEAT ATECA,8,E01000371,0,-1
2023340WN2052,2023,340WN2052,1,9,0,18,19,7,3,0,0,0,0,4,0,0,1,1,1,1,1,36,7,1598,2,4,SEAT ATECA,3,E01025829,0,-1
2023522400623,2023,522400623,2,9,0,18,19,5,1,0,0,0,0,0,0,0,1,1,6,6,1,39,7,999,1,1,SEAT ATECA,9,E01014957,0,-1