collision_index,collision_year,collision_ref_no,vehicle_reference,vehicle_type,towing_and_articulation,vehicle_manoeuvre_historic,vehicle_manoeuvre,vehicle_direction_from,vehicle_direction_to,vehicle_location_restricted_lane_historic,vehicle_location_restricted_lane,junction_location,skidding_and_overturning,hit_object_in_carriageway,vehicle_leaving_carriageway,hit_object_off_carriageway,first_point_of_impact,vehicle_left_hand_drive,journey_purpose_of_driver_historic,journey_purpose_of_driver,sex_of_driver,age_of_driver,age_band_of_driver,engine_capacity_cc,propulsion_code,age_of_vehicle,generic_make_model,driver_imd_decile,lsoa_of_driver,escooter_flag,driver_distance_banding
2023010479801,2023,010479801,1,9,0,18,19,3,7,0,0,0,0,0,0,0,0,1,6,6,1,28,6,1598,2,6,SEAT ATECA,4,E01002648,0,-1
2023302301106,2023,302301106,2,9,0,4,4,4,8,0,0,0,0,0,0,0,2,1,6,6,2,38,7,1498,1,2,SEAT ATECA,7,E01019419,0,-1
2023131318793,2023,131318793,2,9,0,3,3,3,7,0,0,0,0,0,0,0,2,1,5,6,1,39,7,999,1,6,SEAT ATECA,6,E01006070,0,-1
2023320292920,2023,320292920,2,9,0,9,9,6,4,0,0,0,0,0,0,0,3,1,6,6,1,79,11,1968,2,6,SEAT ATECA,8,E01026394,0,-1
2023991291664,2023,991291664,2,9,0,18,19,3,7,0,0,0,0,0,0,0,1,1,2,2,2,33,6,999,1,6,SEAT ATECA,7,-1,0,-1
2023531294659,2023,531294659,2,9,0,18,19,5,1,0,0,1,0,0,0,0,4,1,5,6,2,38,7,1984,1,1,SEAT ATECA,10,E01031214,0,-1
2023010467715,2023,010467715,2,9,0,5,5,1,5,0,0,0,0,0,0,0,1,1,6,6,3,25,5,1498,1,2,SEAT ATECA,6,E01002479,0,-1
2023052300328,2023,052300328,1,9,0,18,19,1,5,0,0,0,0,0,0,0,1,1,6,6,1,25,5,1984,1,4,SEAT ATECA,1,E01006455,0,-1
2023311310621,2023,311310621,1,9,3,7,7,8,4,0,0,3,0,0,0,0,4,1,5,6,1,70,10,1968,2,7,SEAT ATECA,4,E01026458,0,-1
2023161303092,2023,161303092,2,9,0,5,5,3,7,0,0,6,0,0,0,0,0,1,5,6,2,35,6,1498,1,2,SEAT ATECA,1,E01013196,0,-1
2023010468212,2023,010468212,2,9,0,99,99,9,9,99,99,9,9,99,9,99,2,9,6,6,3,-1,-1,1498,1,1,SEAT ATECA,-1,-1,0,-1
2023471326086,2023,471326086,3,9,0,2,2,0,0,0,0,0,0,0,0,0,2,1,6,6,3,-1,-1,1598,2,4,SEAT ATECA,-1,-1,0,-1
2023430075655,2023,430075655,1,9,0,9,9,4,2,0,0,5,0,0,0,0,1,1,1,1,1,36,7,1598,2,5,SEAT ATECA,10,E01017675,0,-1
2023131309311,2023,131309311,2,9,0,18,19,2,1,0,0,0,0,0,0,0,4,1,6,6,2,35,6,999,1,3,SEAT ATECA,10,E01011649,0,-1
2023302300599,2023,302300599,1,9,0,18,19,4,8,0,0,2,0,0,0,0,1,1,6,6,1,74,10,1498,1,2,SEAT ATECA,6,E01019545,0,-1
2023052302103,2023,052302103,1,9,0,4,4,1,5,0,0,0,0,0,0,0,1,1,1,1,1,44,7,1984,1,3,SEAT ATECA,4,E01006681,0,-1
2023520300660,2023,520300660,1,9,0,5,5,8,4,0,0,8,0,0,3,4,1,1,6,6,1,76,11,1395,1,6,SEAT ATECA,7,E01029033,0,-1
2023061344234,2023,061344234,1,9,0,18,19,5,1,0,0,0,0,0,7,11,1,1,5,6,1,31,6,1498,1,2,SEAT ATECA,10,E01004949,0,-1
2023031305024,2023,031305024,1,9,0,6,6,3,7,0,0,0,0,0,0,0,1,1,5,6,1,44,7,1968,2,0,SEAT ATECA,-1,-1,0,-1
2023141355826,2023,141355826,2,9,0,9,9,3,1,0,0,8,0,0,0,0,3,1,6,6,3,-1,-1,1498,1,2,SEAT ATECA,-1,-1,0,-1
2023010457572,2023,010457572,2,9,0,18,19,5,1,0,0,0,0,0,0,0,1,1,6,6,1,70,10,1498,1,2,SEAT ATECA,8,E01000420,0,-1
2023010459928,2023,010459928,2,9,0,9,9,7,4,0,0,6,0,0,0,0,1,1,6,6,1,38,7,1498,1,2,SEAT ATECA,-1,-1,0,-1
2023320420134,2023,320420134,2,9,0,3,3,6,2,0,0,0,0,0,0,0,2,1,6,6,1,28,6,1984,1,2,SEAT ATECA,9,E01026231,0,-1
2023010474380,2023,010474380,2,9,0,99,99,9,9,99,99,9,9,99,9,99,9,9,6,6,3,-1,-1,1498,1,3,SEAT ATECA,-1,-1,0,-1
2023411314929,2023,411314929,2,9,-1,-1,-1,-1,-1,-1,-1,-1,-1,-1,-1,0,-1,1,6,6,1,45,7,1598,2,4,SEAT ATECA,10,E01023516,0,-1
2023991306371,2023,991306371,1,9,0,17,19,3,7,0,0,0,0,0,0,0,3,1,5,6,1,47,8,1498,1,0,SEAT ATECA,-1,-1,0,-1
2023371361513,2023,371361513,2,9,0,18,19,3,7,0,0,0,0,0,0,0,1,1,5,6,1,64,9,1984,1,4,SEAT ATECA,10,E01030129,0,-1
2023010447855,2023,010447855,3,9,0,2,2,0,0,0,0,2,0,0,0,0,2,1,6,6,3,-1,-1,1498,1,1,SEAT ATECA,-1,-1,0,-1
2023351318892,2023,351318892,1,9,-1,-1,-1,-1,-1,-1,-1,0,-1,-1,-1,0,-1,1,5,6,1,41,7,1498,1,0,SEAT ATECA,-1,-1,0,-1
2023061302041,2023,061302041,1,9,0,3,3,2,4,0,0,0,0,0,0,0,1,1,1,1,1,44,7,1498,1,2,SEAT ATECA,1,E01005202,0,-1
2023501390599,2023,501390599,2,9,0,18,19,3,7,0,0,0,0,0,0,0,1,1,5,6,2,54,8,1498,1,2,SEAT ATECA,4,E01020131,0,-1
2023010452389,2023,010452389,2,9,9,99,99,9,9,99,99,9,9,99,9,99,9,9,6,6,2,37,7,999,1,5,SEAT ATECA,8,E01022091,0,-1
2023010465556,2023,010465556,1,9,0,18,19,3,7,0,0,1,0,0,0,0,1,1,2,2,2,26,6,1395,1,6,SEAT ATECA,8,E01007831,0,-1
2023201340140,2023,201340140,2,9,0,3,3,1,5,0,0,0,0,0,0,0,2,1,5,6,2,46,8,1498,1,1,SEAT ATECA,2,E01009088,0,-1
2023161306628,2023,161306628,2,9,0,18,19,6,2,0,0,1,0,0,0,0,2,1,1,1,1,43,7,1984,1,2,SEAT ATECA,-1,-1,0,-1
2023471340455,2023,471340455,1,9,0,18,19,5,1,0,0,0,0,0,0,0,1,1,6,6,1,72,10,1498,1,1,SEAT ATECA,8,E01016138,0,-1
2023041308586,2023,041308586,1,9,0,4,4,5,1,0,0,1,0,0,0,0,1,1,5,6,1,68,10,1498,1,0,SEAT ATECA,-1,-1,0,-1
2023031306815,2023,031306815,2,9,0,17,19,6,2,0,0,0,0,0,0,0,1,1,5,6,1,31,6,999,1,5,SEAT ATECA,-1,-1,0,-1
2023522300721,2023,522300721,1,9,0,1,1,1,5,0,0,0,0,0,0,0,4,1,6,6,2,68,10,1598,2,6,SEAT ATECA,9,E01017061,0,-1
2023991381953,2023,991381953,2,9,0,18,19,8,4,0,0,1,0,0,0,0,1,1,5,6,1,47,8,1498,1,3,SEAT ATECA,6,-1,0,-1
2023501345844,2023,501345844,2,9,0,18,19,3,7,0,0,0,2,0,2,0,3,1,5,6,1,40,7,999,1,4,SEAT ATECA,7,E01013008,0,-1
2023440418355,2023,440418355,1,9,0,18,19,3,7,0,0,0,0,0,0,0,1,1,6,6,2,33,6,1598,2,6,SEAT ATECA,3,E01017347,0,-1
2023141379864,2023,141379864,1,9,0,6,6,4,6,0,0,0,0,0,0,0,1,1,5,6,1,36,7,1498,1,1,SEAT ATECA,7,E01007659,0,-1
2023141356140,2023,141356140,1,9,0,15,15,3,7,0,0,0,0,0,0,0,1,1,6,6,1,28,6,1498,1,0,SEAT ATECA,1,E01007940,0,-1
2023010462840,2023,010462840,1,9,0,6,6,6,6,0,0,1,0,0,0,0,2,1,6,6,1,30,6,1395,1,5,SEAT ATECA,4,E01001723,0,-1
2023041264789,2023,041264789,1,9,0,16,19,5,1,0,0,0,1,0,0,0,1,1,2,2,1,34,6,999,1,1,SEAT ATECA,1,E01025227,0,-1
2023471393619,2023,471393619,2,9,0,18,19,3,8,0,0,8,0,0,0,0,1,1,5,6,2,27,6,1395,1,6,SEAT ATECA,9,E01031800,0,-1
2023101275879,2023,101275879,4,9,0,4,4,2,6,0,0,0,0,0,0,0,1,1,5,6,1,62,9,1498,1,2,SEAT ATECA,1,E01008682,0,-1
2023440011660,2023,440011660,1,9,0,9,9,5,3,0,0,5,0,0,0,0,2,1,2,2,1,44,7,1598,2,6,SEAT ATECA,8,E01022887,0,-1
2023340NN1082,2023,340NN1082,2,9,0,4,4,2,6,0,0,1,0,0,0,0,3,1,6,6,2,39,7,1498,1,2,SEAT ATECA,6,E01027234,0,-1
2023411307975,2023,411307975,2,9,0,7,7,-1,-1,0,0,3,0,0,0,0,3,1,6,6,1,33,6,1968,2,7,SEAT ATECA,10,E01023515,0,-1
2023131311836,2023,131311836,1,9,0,18,19,7,3,0,0,8,0,0,0,0,1,1,5,6,1,25,5,1598,2,4,SEAT ATECA,5,E01010603,0,-1
2023101340120,2023,101340120,1,9,0,18,19,1,5,0,0,0,0,0,0,0,2,1,6,6,2,42,7,1598,2,7,SEAT ATECA,4,E01008747,0,-1
2023201298230,2023,201298230,1,9,0,18,19,4,8,0,0,2,0,0,0,0,4,1,6,6,2,26,6,1598,2,6,SEAT ATECA,5,E01010542,0,-1
2023622300394,2023,622300394,2,9,0,4,4,4,8,0,0,0,0,0,0,0,2,1,6,6,1,41,7,1598,2,6,SEAT ATECA,6,W01001372,0,-1
2023311330269,2023,311330269,1,9,0,4,4,7,3,0,0,0,2,0,1,0,4,1,5,6,2,69,10,999,1,6,SEAT ATECA,8,E01014111,0,-1
2023010427613,2023,010427613,1,9,0,16,19,1,5,9,9,8,0,10,1,2,1,1,6,6,2,81,11,1498,1,3,SEAT ATECA,4,E01000787,0,-1
2023501316583,2023,501316583,3,9,0,18,19,2,5,0,0,0,0,0,0,0,0,1,6,6,2,26,6,1598,2,5,SEAT ATECA,-1,-1,0,-1
2023141353216,2023,141353216,1,9,0,16,19,1,7,0,0,1,2,10,7,2,3,1,6,6,1,34,6,1968,2,5,SEAT ATECA,1,E01008059,0,-1
2023471342451,2023,471342451,1,9,0,7,7,6,3,0,0,1,0,0,0,0,1,1,5,6,1,45,7,1498,1,3,SEAT ATECA,2,E01016914,0,-1
2023061276234,2023,061276234,6,9,0,18,19,1,1,0,0,1,0,0,0,0,0,1,1,1,1,40,7,1984,1,3,SEAT ATECA,4,E01005730,0,-1
2023471338111,2023,471338111,2,9,0,18,19,3,6,0,0,4,0,0,0,0,2,1,5,6,1,37,7,1598,2,7,SEAT ATECA,2,E01021020,0,-1
2023471384747,2023,471384747,1,9,0,18,19,5,1,0,0,0,0,0,0,0,1,1,5,6,2,40,7,999,1,0,SEAT ATECA,10,E01027355,0,-1
2023201400871,2023,201400871,1,9,0,10,10,6,4,0,0,1,0,0,0,0,4,1,6,6,1,59,9,999,1,7,SEAT ATECA,1,E01009498,0,-1
2023201387744,2023,201387744,1,9,0,18,19,2,6,0,0,0,0,0,0,0,1,1,5,6,1,40,7,1984,1,4,SEAT ATECA,-1,-1,0,-1
2023520400689,2023,520400689,1,9,0,18,19,1,5,0,0,8,0,0,0,0,3,9,1,1,1,29,6,1968,2,6,SEAT ATECA,1,W01001879,0,-1
2023052300309,2023,052300309,2,9,0,18,19,3,7,0,0,8,0,0,0,0,1,1,6,6,2,29,6,999,1,2,SEAT ATECA,1,E01006776,0,-1
2023340WN1502,2023,340WN1502,1,9,0,5,5,4,8,0,0,1,0,0,0,0,3,1,3,7,2,44,7,999,1,1,SEAT ATECA,8,E01027294,0,-1
2023522301841,2023,522301841,1,9,0,3,3,7,3,0,0,0,0,11,0,0,2,1,6,6,1,34,6,1498,1,4,SEAT ATECA,10,E01014964,0,-1
2023052302595,2023,052302595,1,9,0,1,1,3,7,0,0,0,0,0,0,0,2,1,6,6,1,79,11,1395,1,6,SEAT ATECA,5,E01006488,0,-1
2023471326381,2023,471326381,2,9,0,10,10,5,2,0,0,8,0,0,0,0,3,1,5,6,1,71,10,1968,2,3,SEAT ATECA,3,E01031548,0,-1
2023010464644,2023,010464644,1,9,0,4,4,1,5,0,0,0,0,0,0,0,1,1,6,6,2,42,7,1498,1,2,SEAT ATECA,2,E01002634,0,-1
2023131389381,2023,131389381,2,9,0,5,5,1,1,0,0,0,0,0,0,0,1,1,5,6,2,57,9,1968,2,4,SEAT ATECA,8,E01011929,0,-1
2023430175112,2023,430175112,2,9,0,8,8,5,7,0,0,1,0,0,0,0,2,1,6,6,1,30,6,999,1,6,SEAT ATECA,-1,-1,0,-1
2023161298469,2023,161298469,1,9,0,3,3,2,6,0,0,0,0,0,0,0,2,1,5,6,2,35,6,1498,1,1,SEAT ATECA,10,E01013117,0,-1
2023430224616,2023,430224616,3,9,0,3,3,7,3,0,0,0,0,0,0,0,2,1,6,6,2,31,6,1498,1,2,SEAT ATECA,7,E01033509,0,-1
2023440224829,2023,440224829,2,9,0,3,3,3,7,0,0,1,0,0,0,0,2,1,2,2,2,31,6,1498,1,4,SEAT ATECA,9,E01022490,0,-1
2023041306812,2023,041306812,1,9,0,5,5,2,6,0,0,0,0,0,0,0,1,1,5,6,2,75,10,1498,1,4,SEAT ATECA,9,E01024992,0,-1
2023421382002,2023,421382002,1,9,0,18,19,5,1,0,0,0,0,0,0,0,1,1,6,6,1,39,7,1498,1,2,SEAT ATECA,6,E01021373,0,-1
2023131367404,2023,131367404,1,9,0,18,19,3,7,0,0,0,0,4,0,0,3,1,5,6,1,90,11,1968,2,7,SEAT ATECA,7,E01011569,0,-1
2023545059723,2023,545059723,2,9,0,4,4,7,3,0,0,1,0,0,0,0,2,1,6,6,1,34,6,1498,1,4,SEAT ATECA,7,E01015582,0,-1
2023010448232,2023,010448232,4,9,0,4,4,7,3,0,0,0,0,0,0,0,2,1,6,6,2,25,5,1498,1,2,SEAT ATECA,1,E01004250,0,-1
2023421260898,2023,421260898,3,9,0,4,4,1,5,0,0,0,1,0,1,0,2,1,5,6,2,59,9,1498,1,0,SEAT ATECA,7,-1,0,-1
2023141355765,2023,141355765,2,9,0,18,19,5,1,0,0,1,0,0,0,0,2,1,5,6,1,33,6,1598,2,6,SEAT ATECA,7,E01007973,0,-1
2023061361450,2023,061361450,4,9,0,18,19,6,2,0,0,0,1,0,0,0,2,1,6,6,1,25,5,1968,2,0,SEAT ATECA,2,E01009257,0,-1
2023543794423,2023,543794423,2,9,0,18,19,2,6,0,0,0,0,0,1,9,1,1,6,6,1,52,8,1498,1,3,SEAT ATECA,3,E01031956,0,-1
2023311285756,2023,311285756,2,9,0,10,10,4,1,0,0,2,0,0,0,0,2,1,5,6,1,44,7,1598,2,4,SEAT ATECA,7,E01028287,0,-1
2023131375918,2023,131375918,1,9,0,18,19,1,6,0,0,8,1,0,7,11,1,1,5,6,1,21,5,999,1,2,SEAT ATECA,5,E01027841,0,-1
2023421372108,2023,421372108,2,9,0,-1,-1,-1,-1,-1,-1,-1,-1,-1,-1,0,-1,1,6,6,2,-1,-1,1498,1,1,SEAT ATECA,3,E01021649,0,-1
2023302301578,2023,302301578,1,9,0,18,19,6,1,0,0,0,0,0,0,0,2,1,6,6,2,30,6,1598,2,4,SEAT ATECA,5,E01025875,0,-1
2023451373591,2023,451373591,1,9,0,18,19,5,1,0,0,0,0,0,0,0,1,1,5,6,2,57,9,1498,1,1,SEAT ATECA,9,E01030723,0,-1
2023141288631,2023,141288631,2,9,0,18,19,1,5,0,0,0,0,0,0,0,1,1,1,1,2,21,5,1598,2,6,SEAT ATECA,4,E01007329,0,-1
2023201313266,2023,201313266,2,9,0,18,19,4,8,0,0,0,0,0,0,0,3,1,6,6,1,47,8,1498,1,2,SEAT ATECA,8,E01031042,0,-1
2023101310729,2023,101310729,2,9,0,18,19,1,5,0,0,0,0,0,0,0,1,1,5,6,1,38,7,1395,1,5,SEAT ATECA,7,E01008314,0,-1
202354B781123,2023,54B781123,1,9,0,18,19,1,5,0,0,8,0,0,0,0,4,1,6,6,2,60,9,1498,1,0,SEAT ATECA,6,E01022176,0,-1
2023101375422,2023,101375422,2,9,0,10,10,4,1,0,0,1,0,0,0,0,2,1,5,6,2,41,7,999,1,6,SEAT ATECA,5,E01008384,0,-1
2023041354886,2023,041354886,2,9,0,18,19,1,5,0,0,2,0,0,0,0,2,1,5,6,2,29,6,999,1,6,SEAT ATECA,7,E01025465,0,-1
2023522400627,2023,522400627,1,9,0,3,3,8,3,0,0,1,0,0,0,0,2,1,6,6,1,31,6,999,1,5,SEAT ATECA,6,E01014670,0,-1
2023501360790,2023,501360790,1,9,0,9,9,2,8,0,0,8,0,0,0,0,1,1,6,6,1,79,11,1968,2,0,SEAT ATECA,-1,-1,0,-1
2023010463077,2023,010463077,2,9,0,2,2,0,0,0,0,0,0,0,0,0,3,1,6,6,3,-1,-1,1498,1,2,SEAT ATECA,-1,-1,0,-1
2023141353181,2023,141353181,4,9,0,2,2,0,0,0,0,2,0,0,0,0,2,1,6,6,3,-1,-1,1968,2,6,SEAT ATECA,-1,-1,0,-1
2023501305471,2023,501305471,2,9,0,18,19,4,7,0,0,0,0,0,0,0,3,1,5,6,1,56,9,1498,1,1,SEAT ATECA,6,E01020223,0,-1
2023041263516,2023,041263516,2,9,0,18,19,7,3,0,0,0,0,0,0,0,1,1,5,6,1,65,9,1395,1,6,SEAT ATECA,6,E01025121,0,-1
2023010456508,2023,010456508,2,9,0,18,19,1,5,0,0,2,0,0,0,0,1,1,3,7,2,34,6,999,1,5,SEAT ATECA,4,E01004614,0,-1
2023340NN1812,2023,340NN1812,2,9,0,9,9,5,1,0,0,5,0,0,0,0,3,1,6,6,2,30,6,1498,1,2,SEAT ATECA,8,E01027103,0,-1
2023070546038,2023,070546038,2,9,0,18,19,7,3,0,0,0,1,0,0,0,1,1,6,6,1,32,6,999,1,0,SEAT ATECA,8,E01005170,0,-1
2023010462074,2023,010462074,2,9,0,5,5,3,7,0,0,1,1,0,0,0,2,1,6,6,1,25,5,1968,2,6,SEAT ATECA,4,E01002103,0,-1
2023061382042,2023,061382042,1,9,0,4,4,6,8,0,0,2,0,4,0,0,1,1,5,6,1,56,9,1498,1,2,SEAT ATECA,7,E01004775,0,-1
2023440220626,2023,440220626,1,9,0,9,9,6,4,0,0,8,0,0,0,0,4,1,6,6,2,30,6,999,1,3,SEAT ATECA,9,E01032576,0,-1
2023991365646,2023,991365646,2,9,0,18,19,6,2,0,0,0,1,0,2,11,1,1,5,6,2,35,6,1598,2,4,SEAT ATECA,9,-1,0,-1
2023061330272,2023,061330272,2,9,0,16,19,1,5,0,0,2,0,0,0,0,0,1,1,1,2,38,7,1984,1,3,SEAT ATECA,-1,-1,0,-1
2023991365753,2023,991365753,1,9,0,12,12,8,8,0,0,0,0,0,0,0,2,1,5,6,1,32,6,999,1,3,SEAT ATECA,9,-1,0,-1
2023122300605,2023,122300605,2,9,0,9,9,5,3,0,0,6,0,0,0,0,4,1,6,6,2,55,8,1598,2,6,SEAT ATECA,7,E01027788,0,-1
2023131361588,2023,131361588,1,9,0,18,19,1,1,0,0,4,0,0,0,0,3,1,5,6,1,46,8,1395,1,5,SEAT ATECA,1,E01011292,0,-1
2023010448139,2023,010448139,1,3,0,99,99,9,9,99,99,9,9,99,9,99,9,1,1,1,1,24,5,125,1,2,SINNIS ZS 125,9,E01000831,0,-1
2023471281382,2023,471281382,2,4,0,9,9,3,1,0,0,1,0,0,0,0,0,1,6,6,1,24,5,125,1,5,-1,6,E01021047,0,-1
2023531360641,2023,531360641,1,3,0,16,19,6,2,0,0,0,0,0,0,0,1,1,2,2,1,25,5,125,1,6,SINNIS ZS 125,2,E01022324,0,-1
2023231311414,2023,231311414,1,3,0,9,9,6,4,0,0,6,0,0,0,0,2,1,5,6,2,24,5,125,1,5,SINNIS ZS 125,2,E01009608,0,-1
2023122301169,2023,122301169,2,4,0,18,19,8,4,0,0,8,0,0,0,0,3,1,2,2,1,21,5,125,1,3,-1,3,E01027908,0,-1
2023421357144,2023,421357144,2,3,0,18,19,7,3,0,0,1,0,0,0,0,1,1,6,6,1,24,5,125,1,3,SINNIS ZS 125,2,E01015828,0,-1
2023101293851,2023,101293851,2,3,0,5,5,5,1,0,0,1,0,0,0,0,1,1,5,6,1,18,4,125,1,3,SINNIS ZS 125,5,E01008384,0,-1
2023522324527,2023,522324527,1,3,0,17,19,1,6,0,0,0,1,0,0,0,3,1,6,6,1,21,5,125,1,4,SINNIS ZS 125,1,E01032515,0,-1
2023201440549,2023,201440549,2,3,0,18,19,3,7,0,0,0,0,0,0,0,1,1,6,6,1,40,7,125,1,3,SINNIS ZS 125,1,E01010316,0,-1
2023451277731,2023,451277731,1,3,0,18,19,7,3,0,0,8,0,0,0,0,1,1,6,6,1,22,5,125,1,3,SINNIS ZS 125,9,E01030636,0,-1
2023440279833,2023,440279833,1,4,0,13,13,6,2,0,0,1,1,0,0,0,4,1,6,6,1,21,5,125,1,5,-1,-1,-1,0,-1
2023122300804,2023,122300804,2,3,0,18,19,5,1,0,0,1,0,0,0,0,1,1,6,6,2,17,4,125,1,3,SINNIS ZS 125,10,E01027901,0,-1
2023201370560,2023,201370560,2,3,0,18,19,3,8,0,0,8,1,0,0,0,4,1,2,2,1,22,5,125,1,3,SINNIS ZS 125,1,E01010291,0,-1
2023461363194,2023,461363194,2,2,0,18,19,7,3,0,0,1,0,0,0,0,1,1,6,6,1,66,10,125,1,3,-1,4,E01024647,0,-1
2023401342991,2023,401342991,2,3,0,18,19,8,2,0,0,8,0,4,0,0,1,1,5,6,1,23,5,125,1,6,SINNIS ZS 125,8,E01017529,0,-1
2023501375821,2023,501375821,1,3,0,18,19,3,7,0,0,0,1,0,0,0,3,1,5,6,1,50,8,125,1,5,SINNIS ZS 125,4,E01018892,0,-1
2023622300217,2023,622300217,1,3,0,17,19,6,3,0,0,0,1,0,0,0,1,1,2,2,1,17,4,125,1,3,SINNIS ZS 125,4,W01000753,0,-1
2023351372912,2023,351372912,2,3,0,18,19,5,1,0,0,6,0,0,0,0,4,1,6,6,1,25,5,125,1,6,SINNIS ZS 125,8,E01026363,0,-1
2023061307015,2023,061307015,2,4,0,18,19,3,7,0,0,1,0,0,0,0,1,1,6,6,1,18,4,125,1,3,-1,1,E01005325,0,-1
2023461263803,2023,461263803,2,3,0,14,14,7,3,0,0,0,0,0,0,0,3,1,4,7,1,17,4,125,1,6,SINNIS ZS 125,5,E01024623,0,-1
2023501308507,2023,501308507,1,3,0,18,19,5,1,0,0,4,0,0,1,11,2,1,5,6,1,37,7,125,1,4,SINNIS ZS 125,2,E01015170,0,-1
2023311368663,2023,311368663,2,3,0,9,9,3,5,0,0,2,2,0,0,0,3,1,6,6,1,42,7,125,1,3,SINNIS ZS 125,1,E01028276,0,-1
2023471329549,2023,471329549,1,3,0,18,19,7,3,0,0,4,0,10,3,1,1,1,6,6,1,35,6,125,1,3,SINNIS ZS 125,6,E01031839,0,-1
2023471380164,2023,471380164,2,3,0,16,19,8,7,2,2,1,0,0,0,0,3,1,2,2,1,19,4,125,1,4,SINNIS ZS 125,1,E01016915,0,-1
2023010482422,2023,010482422,1,9,0,9,9,7,5,0,0,1,0,0,0,0,1,1,6,6,2,55,8,998,1,15,TOYOTA AYGO,3,E01001318,0,-1
2023010428313,2023,010428313,1,9,0,9,9,7,5,0,0,8,0,0,0,0,1,1,6,6,1,62,9,998,1,12,TOYOTA AYGO,6,E01004637,0,-1
2023991340727,2023,991340727,1,9,0,9,9,4,2,0,0,6,5,0,2,0,3,2,5,6,1,25,5,998,1,0,TOYOTA AYGO,-1,-1,0,-1
2023061386027,2023,061386027,1,9,0,18,19,2,7,0,0,1,1,0,0,0,4,1,5,6,1,17,4,998,1,15,TOYOTA AYGO,8,E01006169,0,-1
2023471309566,2023,471309566,1,9,0,9,9,1,5,0,0,8,0,0,0,0,1,1,5,6,1,29,6,998,1,2,TOYOTA AYGO,7,E01021130,0,-1
2023010432705,2023,010432705,2,9,0,9,9,7,5,0,0,5,0,0,0,0,3,1,6,6,1,33,6,998,1,5,TOYOTA AYGO,8,E01023907,0,-1
2023522400628,2023,522400628,1,9,0,18,19,3,7,0,0,8,0,0,0,0,3,1,6,6,2,55,8,998,1,8,TOYOTA AYGO,8,E01014824,0,-1
2023430499163,2023,430499163,1,9,0,9,9,1,7,0,0,1,0,0,7,0,1,1,6,6,2,35,6,998,1,8,TOYOTA AYGO,6,E01016473,0,-1
2023201304187,2023,201304187,1,9,0,9,9,2,8,0,0,5,0,0,0,0,1,1,6,6,1,21,5,998,1,16,TOYOTA AYGO,2,E01010268,0,-1
2023430039472,2023,430039472,2,9,0,18,19,8,4,0,0,8,0,0,0,0,1,1,6,6,1,36,7,998,1,1,TOYOTA AYGO,2,E01016480,0,-1
2023461354258,2023,461354258,1,9,0,9,9,5,3,0,0,1,0,0,1,0,1,1,6,6,2,49,8,998,1,17,TOYOTA AYGO,6,E01024230,0,-1
2023070768432,2023,070768432,1,9,0,18,19,3,7,0,0,8,0,0,0,1,4,1,6,6,2,40,7,998,1,8,TOYOTA AYGO,7,E01006089,0,-1
2023221299504,2023,221299504,1,9,0,4,4,6,2,0,0,1,0,0,0,0,4,1,6,6,2,75,10,998,1,10,TOYOTA AYGO,6,E01014058,0,-1
2023161323273,2023,161323273,1,9,0,5,5,6,4,0,0,6,0,0,0,0,1,1,5,6,2,54,8,998,1,8,TOYOTA AYGO,5,E01013200,0,-1
2023531301801,2023,531301801,2,9,0,18,19,1,5,0,0,0,0,0,0,0,1,1,5,6,2,34,6,998,1,7,TOYOTA AYGO,-1,-1,0,-1
2023161266205,2023,161266205,2,9,0,18,19,3,7,0,0,0,0,0,0,0,2,1,5,6,1,21,5,998,1,9,TOYOTA AYGO,1,E01007534,0,-1
2023141361271,2023,141361271,1,9,0,17,19,7,3,0,0,0,2,0,7,0,1,1,5,6,2,19,4,998,1,10,TOYOTA AYGO,2,E01028029,0,-1
2023471306338,2023,471306338,2,9,0,18,19,5,7,0,0,0,0,0,0,0,2,1,6,6,2,22,5,998,1,7,TOYOTA AYGO,8,E01024839,0,-1
2023061323129,2023,061323129,1,9,0,9,9,6,2,0,0,0,0,0,0,0,4,1,6,6,2,40,7,998,1,2,TOYOTA AYGO,-1,-1,0,-1
2023111273861,2023,111273861,1,9,0,18,19,1,5,0,0,1,1,0,0,0,1,1,6,6,2,30,6,998,1,2,TOYOTA AYGO,-1,-1,0,-1
2023451362375,2023,451362375,1,9,0,16,19,3,7,0,0,2,1,6,0,0,4,1,2,2,1,21,5,998,1,16,TOYOTA AYGO,7,E01030515,0,-1
2023101307102,2023,101307102,3,9,0,18,19,5,1,0,0,0,1,0,8,6,1,1,5,6,2,67,10,998,1,7,TOYOTA AYGO,6,E01008003,0,-1
2023471353627,2023,471353627,1,9,0,9,9,3,1,0,0,2,0,0,0,0,1,1,6,6,1,53,8,1364,2,16,TOYOTA AYGO,2,E01016905,0,-1
2023201344988,2023,201344988,1,9,0,18,19,8,4,0,0,0,0,0,0,0,1,1,1,1,1,33,6,998,1,17,TOYOTA AYGO,1,E01009341,0,-1
2023131350608,2023,131350608,1,9,0,18,19,7,3,0,0,0,0,0,0,0,1,1,1,1,1,24,5,998,1,14,TOYOTA AYGO,1,E01010732,0,-1
2023201274635,2023,201274635,1,9,0,18,19,-1,-1,0,0,1,0,0,0,0,1,1,6,6,1,-1,-1,998,1,7,TOYOTA AYGO,4,E01009224,0,-1