collision_index,collision_year,collision_ref_no,vehicle_reference,vehicle_type,towing_and_articulation,vehicle_manoeuvre_historic,vehicle_manoeuvre,vehicle_direction_from,vehicle_direction_to,vehicle_location_restricted_lane_historic,vehicle_location_restricted_lane,junction_location,skidding_and_overturning,hit_object_in_carriageway,vehicle_leaving_carriageway,hit_object_off_carriageway,first_point_of_impact,vehicle_left_hand_drive,journey_purpose_of_driver_historic,journey_purpose_of_driver,sex_of_driver,age_of_driver,age_band_of_driver,engine_capacity_cc,propulsion_code,age_of_vehicle,generic_make_model,driver_imd_decile,lsoa_of_driver,escooter_flag,driver_distance_banding
2023361267212,2023,361267212,2,9,0,8,8,8,3,0,0,1,0,0,0,0,2,1,5,6,2,40,7,998,1,9,TOYOTA AYGO,4,E01026610,0,-1
2023411356123,2023,411356123,2,9,0,3,3,4,8,0,0,1,0,0,0,0,2,1,6,6,2,59,9,998,1,15,TOYOTA AYGO,4,E01023877,0,-1
2023041396556,2023,041396556,1,9,0,16,19,7,3,0,0,3,1,11,1,1,1,1,5,6,2,86,11,998,1,6,TOYOTA AYGO,4,E01025225,0,-1
2023131357954,2023,131357954,2,9,0,2,2,7,3,0,0,8,0,0,0,0,0,1,6,6,3,-1,-1,998,1,12,TOYOTA AYGO,-1,-1,0,-1
2023991353306,2023,991353306,2,9,0,3,3,3,4,0,0,0,0,0,0,0,2,1,6,6,2,27,6,998,1,5,TOYOTA AYGO,1,-1,0,-1
2023610037323,2023,610037323,1,9,0,-1,-1,5,-1,0,0,8,0,0,1,0,4,1,6,6,3,-1,-1,998,1,15,TOYOTA AYGO,-1,-1,0,-1
2023440307864,2023,440307864,2,9,0,9,9,5,3,0,0,6,0,0,0,0,1,1,6,6,1,61,9,998,1,2,TOYOTA AYGO,5,E01017097,0,-1
2023461338409,2023,461338409,2,9,0,18,19,6,2,0,0,1,0,0,0,0,2,1,5,6,2,76,11,998,1,5,TOYOTA AYGO,5,E01024031,0,-1
2023440165991,2023,440165991,1,9,0,9,9,5,3,0,0,0,0,0,0,0,1,1,6,6,1,31,6,998,1,16,TOYOTA AYGO,4,E01022723,0,-1
2023221323868,2023,221323868,2,9,0,4,4,7,3,0,0,1,0,0,0,0,2,1,5,6,1,60,9,998,1,9,TOYOTA AYGO,5,E01009721,0,-1
2023010437508,2023,010437508,1,9,0,18,19,5,1,0,0,4,0,0,3,11,1,1,6,6,1,37,7,998,1,1,TOYOTA AYGO,6,E01002422,0,-1
2023471365631,2023,471365631,1,9,0,4,4,2,6,0,0,0,0,0,0,0,1,1,5,6,1,27,6,998,1,6,TOYOTA AYGO,4,E01021006,0,-1
2023451270634,2023,451270634,2,9,0,18,19,3,7,0,0,2,0,0,0,0,2,1,5,6,2,40,7,998,1,15,TOYOTA AYGO,5,E01030740,0,-1
2023010441368,2023,010441368,1,9,0,99,99,9,9,99,99,9,9,99,9,99,9,9,6,6,3,-1,-1,998,1,5,TOYOTA AYGO,5,E01000150,0,-1
2023010442276,2023,010442276,2,9,0,99,99,9,9,99,99,0,9,99,9,99,1,9,6,6,3,-1,-1,998,1,5,TOYOTA AYGO,4,E01001406,0,-1
2023131278254,2023,131278254,1,9,0,9,9,7,3,0,0,8,0,0,0,0,1,1,3,7,2,22,5,998,1,4,TOYOTA AYGO,2,E01011128,0,-1
2023471286156,2023,471286156,1,9,0,18,19,5,1,0,0,0,0,0,0,0,1,1,6,6,2,71,10,998,1,2,TOYOTA AYGO,5,E01021120,0,-1
2023461284129,2023,461284129,1,9,0,5,5,1,3,0,0,0,0,0,0,0,1,1,6,6,2,57,9,998,1,5,TOYOTA AYGO,6,E01032817,0,-1
2023201304919,2023,201304919,2,9,0,18,19,4,8,0,0,0,0,0,0,0,2,1,2,2,1,32,6,998,1,1,TOYOTA AYGO,1,E01009333,0,-1
2023010477420,2023,010477420,1,9,0,99,99,9,9,99,99,9,9,99,9,99,2,9,6,6,1,55,8,998,1,2,TOYOTA AYGO,3,E01000578,0,-1
2023041319518,2023,041319518,2,9,0,4,4,3,7,0,0,1,0,0,0,0,2,1,5,6,1,40,7,998,1,9,TOYOTA AYGO,1,E01012657,0,-1
2023141391642,2023,141391642,2,9,0,18,19,1,6,0,0,4,0,0,0,0,1,1,1,1,2,27,6,998,1,11,TOYOTA AYGO,4,E01007693,0,-1
2023161298047,2023,161298047,1,9,0,18,19,2,6,0,0,1,5,0,7,3,3,1,5,6,2,66,10,998,1,3,TOYOTA AYGO,8,E01007427,0,-1
2023320087698,2023,320087698,1,9,0,16,19,6,2,0,0,0,0,0,7,10,1,1,6,6,1,19,4,998,1,8,TOYOTA AYGO,7,E01026199,0,-1
2023070049813,2023,070049813,3,9,0,4,4,4,8,0,0,1,0,0,1,1,3,1,6,6,2,49,8,998,1,16,TOYOTA AYGO,1,E01005466,0,-1
2023201400708,2023,201400708,2,9,0,9,9,2,6,0,0,5,0,0,0,0,2,1,6,6,2,38,7,998,1,16,TOYOTA AYGO,8,E01010357,0,-1
2023520300150,2023,520300150,2,9,0,9,9,5,3,0,0,8,0,0,0,0,1,1,6,6,2,35,6,998,1,8,TOYOTA AYGO,5,E01029134,0,-1
2023522400359,2023,522400359,2,9,0,18,19,5,1,0,0,0,0,0,0,0,1,1,6,6,1,21,5,998,1,16,TOYOTA AYGO,2,E01014522,0,-1
2023010447887,2023,010447887,1,9,0,18,19,1,5,0,0,9,0,0,0,0,1,9,6,6,3,-1,-1,998,1,10,TOYOTA AYGO,-1,-1,0,-1
2023501282972,2023,501282972,1,9,0,17,19,2,3,0,0,0,0,0,0,0,0,1,5,6,2,18,4,998,1,13,TOYOTA AYGO,8,E01020066,0,-1
2023610025123,2023,610025123,4,9,0,2,2,0,0,0,0,0,0,0,0,0,3,1,6,6,1,46,8,998,1,10,TOYOTA AYGO,-1,-1,0,-1
2023430119742,2023,430119742,2,9,0,3,3,6,2,0,0,1,0,0,1,0,2,1,6,6,2,65,9,998,1,9,TOYOTA AYGO,10,E01016200,0,-1
2023461310866,2023,461310866,2,9,0,3,3,6,8,0,0,4,0,0,0,0,2,1,5,6,1,63,9,998,1,10,TOYOTA AYGO,6,E01016125,0,-1
2023131332324,2023,131332324,1,9,0,9,9,1,5,0,0,5,0,0,1,0,4,1,6,6,1,45,7,998,1,16,TOYOTA AYGO,1,E01011346,0,-1
2023131371535,2023,131371535,3,9,0,2,2,0,0,0,0,8,0,0,0,0,2,1,6,6,3,-1,-1,998,1,3,TOYOTA AYGO,-1,-1,0,-1
2023122300167,2023,122300167,1,9,0,2,2,0,0,0,0,0,0,0,7,0,1,1,6,6,2,81,11,998,1,4,TOYOTA AYGO,10,E01027561,0,-1
2023201330591,2023,201330591,2,9,0,2,2,0,0,0,0,0,0,0,0,0,1,1,6,6,2,46,8,998,1,16,TOYOTA AYGO,1,E01009204,0,-1
2023302301439,2023,302301439,1,9,0,18,19,3,7,0,0,2,0,0,0,0,3,1,6,6,1,22,5,998,1,13,TOYOTA AYGO,9,E01013544,0,-1
2023421340797,2023,421340797,2,9,0,2,2,1,5,6,6,0,0,0,0,0,2,1,5,6,1,37,7,998,1,13,TOYOTA AYGO,8,E01017770,0,-1
2023501332923,2023,501332923,1,9,0,18,19,7,3,0,0,0,0,0,0,0,1,1,5,6,2,52,8,998,1,14,TOYOTA AYGO,4,E01020189,0,-1
2023201408382,2023,201408382,1,9,0,18,19,7,2,0,0,1,0,0,0,0,1,1,6,6,3,41,7,998,1,8,TOYOTA AYGO,2,E01004537,0,-1
2023010444723,2023,010444723,2,9,0,99,99,9,9,99,99,9,9,99,9,99,0,9,6,6,1,21,5,998,1,14,TOYOTA AYGO,8,E01000311,0,-1
2023501373927,2023,501373927,1,9,0,18,19,1,5,0,0,1,0,0,0,0,4,1,2,2,2,20,4,998,1,11,TOYOTA AYGO,8,E01018792,0,-1
2023461394135,2023,461394135,2,9,0,4,4,7,3,0,0,0,0,0,0,0,2,1,6,6,2,46,8,998,1,10,TOYOTA AYGO,1,E01016017,0,-1
2023451344900,2023,451344900,1,9,0,18,19,5,1,0,0,0,0,0,0,0,1,1,6,6,2,21,5,998,1,18,TOYOTA AYGO,4,E01003034,0,-1
2023010468895,2023,010468895,2,9,9,99,99,9,9,99,99,9,9,99,9,99,1,9,6,6,3,-1,-1,998,1,18,TOYOTA AYGO,-1,-1,0,-1
2023161311172,2023,161311172,1,9,0,16,19,3,7,0,0,3,0,0,7,2,1,1,6,6,2,80,11,998,1,5,TOYOTA AYGO,5,E01013048,0,-1
2023041314641,2023,041314641,2,9,0,18,19,1,5,0,0,1,0,0,0,0,1,1,5,6,1,53,8,998,1,14,TOYOTA AYGO,8,E01025214,0,-1
2023010478742,2023,010478742,1,9,0,17,19,7,3,0,0,1,0,0,0,0,3,1,6,6,2,24,5,998,1,12,TOYOTA AYGO,8,E01025626,0,-1
2023141319548,2023,141319548,1,9,0,12,12,1,5,0,0,0,1,0,0,0,3,1,2,2,2,41,7,998,1,4,TOYOTA AYGO,2,E01007125,0,-1
2023522400416,2023,522400416,1,9,0,9,9,6,3,0,0,2,0,0,0,0,9,1,6,6,1,21,5,998,1,12,TOYOTA AYGO,9,E01014898,0,-1
2023361349100,2023,361349100,2,9,0,7,7,-1,-1,0,0,2,0,0,0,0,3,1,6,6,2,61,9,998,1,7,TOYOTA AYGO,1,E01026687,0,-1
2023461267125,2023,461267125,2,9,0,3,3,7,8,0,0,1,0,0,0,0,2,1,6,6,2,33,6,998,1,3,TOYOTA AYGO,10,E01024320,0,-1
2023122301144,2023,122301144,2,9,0,3,3,5,6,0,0,4,0,0,0,0,4,1,6,6,1,65,9,998,1,12,TOYOTA AYGO,-1,-1,0,-1
2023501297153,2023,501297153,2,9,0,18,19,3,7,0,0,8,0,0,0,0,1,1,5,6,1,60,9,998,1,4,TOYOTA AYGO,7,E01020132,0,-1
2023041283686,2023,041283686,1,9,0,18,19,7,3,0,0,8,0,0,0,0,1,1,5,6,1,45,7,998,1,16,TOYOTA AYGO,9,E01025273,0,-1
2023522400991,2023,522400991,1,9,0,9,9,8,6,0,0,5,0,0,0,0,1,1,6,6,1,28,6,998,1,6,TOYOTA AYGO,5,E01014812,0,-1
2023010459199,2023,010459199,2,9,0,99,99,9,9,99,99,9,9,99,9,99,1,9,6,6,2,38,7,998,1,14,TOYOTA AYGO,7,E01001986,0,-1
2023122300910,2023,122300910,1,9,0,18,19,1,5,0,0,1,0,0,0,0,1,1,6,6,2,59,9,998,1,10,TOYOTA AYGO,10,E01013376,0,-1
2023311273863,2023,311273863,1,9,0,17,19,8,6,0,0,1,1,0,1,0,1,1,2,2,2,25,5,998,1,6,TOYOTA AYGO,-1,-1,0,-1
2023471338498,2023,471338498,2,9,0,9,9,1,7,0,0,6,0,0,0,0,1,1,6,6,2,50,8,998,1,5,TOYOTA AYGO,6,E01024016,0,-1
2023122300421,2023,122300421,1,9,0,9,9,5,7,0,0,6,0,0,0,0,1,1,2,2,2,39,7,998,1,2,TOYOTA AYGO,6,E01027831,0,-1
2023520300894,2023,520300894,1,9,0,4,4,5,1,0,0,8,0,0,0,0,2,1,6,6,2,55,8,998,1,1,TOYOTA AYGO,2,E01014458,0,-1
2023161260722,2023,161260722,1,9,0,16,19,1,2,0,0,0,2,0,1,10,1,1,5,6,2,17,4,998,1,6,TOYOTA AYGO,4,E01013271,0,-1
2023991275141,2023,991275141,1,9,0,1,1,5,1,0,0,0,0,0,0,0,0,1,6,6,2,77,11,998,1,6,TOYOTA AYGO,8,-1,0,-1
2023430366670,2023,430366670,1,9,0,7,7,8,2,0,0,5,0,0,0,0,4,1,6,6,2,36,7,998,1,11,TOYOTA AYGO,5,E01000036,0,-1
2023010483495,2023,010483495,1,9,0,5,5,1,5,0,0,4,0,0,0,0,4,1,2,2,2,25,5,998,1,8,TOYOTA AYGO,1,E01002734,0,-1
2023061384436,2023,061384436,1,9,0,18,19,3,7,0,0,0,0,0,0,0,1,1,6,6,2,76,11,998,1,1,TOYOTA AYGO,8,E01019757,0,-1
2023010445811,2023,010445811,1,9,0,99,99,9,9,99,99,9,9,99,9,99,2,9,2,2,2,22,5,998,1,17,TOYOTA AYGO,1,E01033207,0,-1
2023141266606,2023,141266606,1,9,0,18,19,1,5,0,0,0,0,0,0,0,1,1,6,6,1,31,6,998,1,5,TOYOTA AYGO,5,E01007438,0,-1
2023471281312,2023,471281312,1,9,0,9,9,3,1,0,0,6,0,0,0,0,1,1,3,7,2,52,8,998,1,2,TOYOTA AYGO,4,E01016966,0,-1
2023141353346,2023,141353346,2,9,0,9,9,5,3,0,0,0,0,0,0,0,1,1,6,6,2,25,5,998,1,11,TOYOTA AYGO,2,E01007982,0,-1
2023991264434,2023,991264434,4,9,0,4,4,1,5,0,0,1,0,0,0,0,2,1,6,6,1,62,9,998,1,10,TOYOTA AYGO,9,-1,0,-1
2023010462541,2023,010462541,1,9,0,9,9,3,1,0,0,6,0,0,0,0,1,1,6,6,2,74,10,998,1,13,TOYOTA AYGO,6,E01002024,0,-1
2023552301041,2023,552301041,1,9,0,18,19,5,1,0,0,0,0,0,0,0,4,1,6,6,2,79,11,998,1,16,TOYOTA AYGO,7,E01020537,0,-1
2023010460281,2023,010460281,1,9,0,18,19,1,5,0,0,1,0,0,0,0,4,1,6,6,1,67,10,998,1,15,TOYOTA AYGO,3,E01004303,0,-1
2023302301785,2023,302301785,1,9,0,9,9,6,4,0,0,5,0,0,0,0,1,1,6,6,2,49,8,998,1,5,TOYOTA AYGO,7,E01013562,0,-1
2023031305695,2023,031305695,1,9,0,9,9,7,5,0,0,6,0,0,0,0,4,1,5,6,1,74,10,998,1,18,TOYOTA AYGO,6,E01019133,0,-1
2023430332020,2023,430332020,1,9,0,18,19,3,7,0,0,6,0,0,0,0,3,1,6,6,2,17,4,998,1,4,TOYOTA AYGO,9,E01028619,0,-1
2023141319679,2023,141319679,2,9,0,18,19,5,1,0,0,8,0,0,0,0,1,1,5,6,2,79,11,998,1,1,TOYOTA AYGO,3,E01007812,0,-1
2023421383801,2023,421383801,2,9,0,3,3,-1,-1,0,0,0,0,0,0,0,3,1,6,6,2,40,7,998,1,1,TOYOTA AYGO,4,E01015835,0,-1
2023010475732,2023,010475732,1,9,0,3,3,7,3,0,0,1,0,0,0,0,2,1,6,6,1,48,8,998,1,2,TOYOTA AYGO,9,E01003824,0,-1
2023221268316,2023,221268316,2,9,0,18,19,8,4,0,0,8,0,0,0,0,1,1,2,2,2,34,6,998,1,9,TOYOTA AYGO,3,E01033526,0,-1
2023440290624,2023,440290624,2,9,0,3,3,7,3,0,0,0,0,0,0,0,2,1,6,6,1,55,8,998,1,4,TOYOTA AYGO,10,E01023231,0,-1
2023991327353,2023,991327353,1,9,0,18,19,5,8,0,0,8,0,0,0,0,1,1,5,6,2,18,4,998,1,5,TOYOTA AYGO,2,-1,0,-1
2023201287457,2023,201287457,1,9,0,9,9,6,4,0,0,8,0,0,0,0,1,1,1,1,1,19,4,998,1,16,TOYOTA AYGO,5,E01010000,0,-1
2023991340828,2023,991340828,2,9,0,3,3,4,8,0,0,1,0,0,0,0,2,1,6,6,2,18,4,998,1,5,TOYOTA AYGO,5,-1,0,-1
2023440407615,2023,440407615,2,9,0,3,3,4,8,0,0,1,0,0,0,0,2,1,2,2,2,40,7,998,1,7,TOYOTA AYGO,9,E01022930,0,-1
2023010431655,2023,010431655,1,9,0,99,99,9,9,99,99,0,9,99,9,99,3,9,6,6,1,64,9,998,1,17,TOYOTA AYGO,1,E01002092,0,-1
2023061352649,2023,061352649,1,9,0,9,9,3,1,0,0,1,0,0,0,0,1,1,5,6,2,31,6,998,1,6,TOYOTA AYGO,5,E01006206,0,-1
202354A734123,2023,54A734123,2,9,0,18,19,1,5,0,0,0,0,0,0,0,3,1,6,6,2,29,6,998,1,9,TOYOTA AYGO,8,E01023197,0,-1
2023101313060,2023,101313060,1,9,0,9,9,2,6,0,0,0,0,0,7,0,3,1,5,6,2,18,4,998,1,8,TOYOTA AYGO,8,E01008458,0,-1
2023610000623,2023,610000623,1,9,0,3,3,4,8,0,0,7,0,0,0,0,2,1,6,6,2,19,4,998,1,5,TOYOTA AYGO,-1,-1,0,-1
2023070781566,2023,070781566,2,9,0,17,19,2,6,0,0,1,0,0,0,0,1,1,6,6,2,61,9,998,1,5,TOYOTA AYGO,10,E01018419,0,-1
2023161299636,2023,161299636,1,9,0,18,19,2,6,0,0,0,5,0,1,0,4,1,5,6,1,27,6,998,1,11,TOYOTA AYGO,8,E01012812,0,-1
2023170H10293,2023,170H10293,3,9,0,3,3,6,2,0,0,1,0,0,0,0,2,1,6,6,2,30,6,998,1,8,TOYOTA AYGO,1,E01011977,0,-1
2023201388852,2023,201388852,1,9,0,18,19,6,2,0,0,2,2,10,1,4,1,1,5,6,1,72,10,998,1,3,TOYOTA AYGO,4,E01009576,0,-1
2023991358623,2023,991358623,1,9,0,18,19,1,5,0,0,0,0,0,0,0,1,1,5,6,2,64,9,998,1,0,TOYOTA AYGO,8,-1,0,-1
2023061325360,2023,061325360,1,9,0,18,19,-1,-1,0,0,0,0,0,0,0,0,1,6,6,2,-1,-1,998,1,8,TOYOTA AYGO,-1,-1,0,-1
2023221262104,2023,221262104,1,9,0,18,19,6,2,0,0,8,0,0,0,0,4,1,2,2,2,36,7,998,1,6,TOYOTA AYGO,1,E01010524,0,-1
2023141333944,2023,141333944,1,9,0,18,19,8,4,0,0,2,0,0,0,0,3,1,5,6,2,18,4,998,1,1,TOYOTA AYGO,3,E01007465,0,-1
2023320203861,2023,320203861,2,9,0,4,4,6,2,0,0,0,0,0,0,0,2,1,6,6,2,36,7,998,1,8,TOYOTA AYGO,1,E01026149,0,-1
2023411305648,2023,411305648,2,9,0,1,1,-1,-1,0,0,0,0,0,0,0,2,1,2,2,1,33,6,998,1,6,TOYOTA AYGO,6,E01023414,0,-1
2023471331949,2023,471331949,3,9,0,2,2,0,0,0,0,0,0,4,0,0,1,1,6,6,3,-1,-1,998,1,7,TOYOTA AYGO,-1,-1,0,-1
2023010459595,2023,010459595,1,9,0,18,19,1,5,0,0,2,0,0,0,0,1,1,6,6,1,51,8,998,1,9,TOYOTA AYGO,9,E01003358,0,-1
2023302301990,2023,302301990,1,9,0,9,9,3,1,0,0,8,0,0,0,0,1,1,6,6,1,39,7,998,1,14,TOYOTA AYGO,1,E01013570,0,-1
2023061389736,2023,061389736,1,9,0,9,9,-1,-1,0,0,8,0,0,0,0,1,1,6,6,3,-1,-1,998,1,17,TOYOTA AYGO,-1,-1,0,-1
2023010480184,2023,010480184,1,9,0,99,99,9,9,99,99,9,9,99,9,99,9,9,6,6,3,-1,-1,998,1,16,TOYOTA AYGO,2,E01003267,0,-1
2023141379202,2023,141379202,3,9,0,2,2,0,0,9,9,0,0,0,1,0,2,1,6,6,3,-1,-1,998,1,14,TOYOTA AYGO,-1,-1,0,-1
2023131383080,2023,131383080,2,9,0,5,5,7,3,0,0,0,0,0,0,0,4,1,6,6,2,55,8,998,1,0,TOYOTA AYGO,1,E01011059,0,-1
2023421388946,2023,421388946,2,9,0,18,19,7,3,0,0,8,0,0,0,0,3,1,5,6,2,75,10,998,1,5,TOYOTA AYGO,4,E01021368,0,-1
2023010483505,2023,010483505,2,9,0,99,99,9,9,99,99,9,9,99,9,99,1,9,6,6,1,91,11,998,1,16,TOYOTA AYGO,6,E01001270,0,-1
2023311290284,2023,311290284,1,9,0,5,5,4,7,0,0,1,0,0,7,0,1,1,5,6,2,70,10,998,1,5,TOYOTA AYGO,9,E01028419,0,-1
2023101270709,2023,101270709,2,9,0,4,4,5,1,0,0,4,0,0,0,0,2,1,5,6,2,49,8,998,1,4,TOYOTA AYGO,8,E01027446,0,-1
2023131374177,2023,131374177,1,9,0,18,19,3,7,0,0,0,2,0,7,10,1,2,5,6,1,18,4,998,1,13,TOYOTA AYGO,5,E01011831,0,-1
2023201418429,2023,201418429,1,9,0,18,19,5,1,0,0,2,0,0,0,0,3,1,5,6,1,37,7,998,1,8,TOYOTA AYGO,1,E01010271,0,-1
2023052300587,2023,052300587,2,9,0,18,19,3,7,0,0,8,0,0,0,0,4,1,6,6,2,18,4,998,1,11,TOYOTA AYGO,4,E01025508,0,-1
2023041269407,2023,041269407,1,9,0,18,19,5,1,0,0,8,0,0,0,0,1,1,5,6,2,19,4,998,1,18,TOYOTA AYGO,1,E01024895,0,-1
2023311410969,2023,311410969,1,9,0,18,19,2,6,0,0,0,5,0,7,0,0,1,1,1,2,31,6,998,1,14,TOYOTA AYGO,-1,-1,0,-1
2023131353189,2023,131353189,2,9,0,2,2,0,0,0,0,0,0,0,0,0,1,1,6,6,3,-1,-1,998,1,11,TOYOTA AYGO,-1,-1,0,-1
202360A084207,2023,60A084207,2,9,0,18,19,3,7,0,0,1,0,0,0,0,1,1,6,6,2,18,4,998,1,6,TOYOTA AYGO,-1,-1,0,-1
2023440206833,2023,440206833,3,9,0,2,2,0,0,6,6,0,0,0,0,0,1,1,6,6,3,-1,-1,998,1,6,TOYOTA AYGO,-1,-1,0,-1
2023010436648,2023,010436648,1,9,0,99,99,9,9,99,99,9,9,99,9,99,3,9,6,6,1,18,4,998,1,3,TOYOTA AYGO,6,E01003786,0,-1
202354C554123,2023,54C554123,2,9,0,7,7,5,7,0,0,6,0,0,0,0,1,1,6,6,2,52,8,998,1,5,TOYOTA AYGO,2,E01032062,0,-1
2023361302181,2023,361302181,1,9,0,5,5,5,1,0,0,0,0,0,0,0,2,1,6,6,1,27,6,998,1,16,TOYOTA AYGO,2,E01026865,0,-1
2023201396092,2023,201396092,1,9,0,18,19,8,5,0,0,0,1,10,1,0,2,1,1,1,1,25,5,998,1,11,TOYOTA AYGO,1,E01008995,0,-1
2023622300926,2023,622300926,2,9,0,3,3,2,6,0,0,1,0,0,1,0,2,1,6,6,1,49,8,998,1,11,TOYOTA AYGO,7,W01000888,0,-1
2023991325927,2023,991325927,3,9,0,3,3,2,6,0,0,1,0,0,0,0,2,1,6,6,1,59,9,998,1,8,TOYOTA AYGO,8,-1,0,-1
2023010461431,2023,010461431,5,9,0,3,3,7,3,0,0,1,0,0,0,0,4,1,6,6,1,35,6,998,1,6,TOYOTA AYGO,6,E01003665,0,-1
2023302301689,2023,302301689,2,9,0,16,19,8,4,0,0,1,0,0,0,0,1,1,6,6,2,41,7,998,1,17,TOYOTA AYGO,2,E01013565,0,-1
2023061267792,2023,061267792,1,9,0,3,3,2,6,0,0,0,0,0,0,0,1,1,6,6,2,67,10,998,1,13,TOYOTA AYGO,2,E01005100,0,-1
2023311388847,2023,311388847,2,9,0,18,19,3,7,0,0,0,0,0,0,0,1,1,2,2,2,32,6,998,1,9,TOYOTA AYGO,2,E01019688,0,-1
2023430198392,2023,430198392,2,9,0,3,3,8,4,0,0,0,0,0,0,0,2,1,6,6,2,30,6,998,1,9,TOYOTA AYGO,10,E01016429,0,-1
2023052302538,2023,052302538,1,9,0,12,12,3,7,0,0,0,0,0,0,0,3,1,2,2,2,30,6,998,1,7,TOYOTA AYGO,5,E01012411,0,-1
2023451325389,2023,451325389,3,9,0,9,9,7,3,0,0,0,0,0,0,0,0,1,5,6,2,35,6,998,1,14,TOYOTA AYGO,9,E01004559,0,-1
2023131276175,2023,131276175,2,9,0,-1,-1,-1,-1,-1,-1,8,-1,-1,-1,0,-1,1,6,6,2,32,6,998,1,8,TOYOTA AYGO,3,E01011331,0,-1
2023451319421,2023,451319421,1,9,0,18,19,7,3,0,0,1,0,0,0,0,3,1,3,7,2,28,6,998,1,7,TOYOTA AYGO,6,E01030674,0,-1
2023451320406,2023,451320406,1,9,0,4,4,1,5,0,0,2,0,0,0,0,1,1,6,6,2,88,11,998,1,3,TOYOTA AYGO,9,E01030560,0,-1
2023010422050,2023,010422050,2,9,0,99,99,9,9,0,0,0,9,99,9,99,1,9,6,6,3,-1,-1,998,1,17,TOYOTA AYGO,-1,-1,0,-1
2023010470509,2023,010470509,1,9,0,18,19,5,1,0,0,2,0,7,0,0,2,1,2,2,2,43,7,998,1,8,TOYOTA AYGO,4,E01004345,0,-1
2023552300497,2023,552300497,1,9,0,9,9,2,8,0,0,6,0,0,0,0,4,1,1,1,2,44,7,998,1,7,TOYOTA AYGO,9,E01029207,0,-1
2023471356659,2023,471356659,3,9,0,2,2,0,0,0,0,8,0,0,1,0,1,1,6,6,3,-1,-1,998,1,6,TOYOTA AYGO,-1,-1,0,-1
2023522400062,2023,522400062,1,9,0,18,19,1,5,0,0,0,0,0,0,0,1,1,6,6,2,67,10,998,1,14,TOYOTA AYGO,3,E01014736,0,-1
2023010433562,2023,010433562,1,9,0,18,19,3,7,0,0,1,0,0,0,0,2,1,6,6,2,51,8,998,1,12,TOYOTA AYGO,2,E01001971,0,-1
2023161351759,2023,161351759,2,9,0,7,7,5,1,0,0,0,0,0,0,0,1,1,6,6,1,45,7,998,1,8,TOYOTA AYGO,2,E01013332,0,-1
2023010467745,2023,010467745,1,9,0,18,19,1,5,0,0,0,5,0,0,0,1,1,6,6,2,25,5,998,1,10,TOYOTA AYGO,-1,-1,0,-1
202360A159481,2023,60A159481,2,9,0,18,19,3,7,0,0,1,0,0,0,0,1,1,6,6,2,81,11,998,1,1,TOYOTA AYGO,-1,-1,0,-1
2023471366183,2023,471366183,1,9,0,7,7,4,6,0,0,6,0,0,0,0,1,1,5,6,2,51,8,998,1,0,TOYOTA AYGO,9,E01020944,0,-1
2023101381238,2023,101381238,1,9,0,18,19,1,5,0,0,2,0,10,0,0,4,1,6,6,2,63,9,998,1,17,TOYOTA AYGO,8,E01008726,0,-1
2023501354929,2023,501354929,2,9,0,4,4,8,3,0,0,1,0,0,0,0,2,1,5,6,2,47,8,998,1,8,TOYOTA AYGO,-1,-1,0,-1
2023471280247,2023,471280247,1,9,0,5,5,5,1,0,0,0,0,0,0,0,3,1,6,6,1,49,8,998,1,8,TOYOTA AYGO,1,E01020984,0,-1
2023010455523,2023,010455523,1,9,0,99,99,9,9,99,99,9,9,99,9,99,2,9,6,6,1,41,7,998,1,8,TOYOTA AYGO,2,E01001553,0,-1
2023351423145,2023,351423145,1,9,0,18,19,3,7,0,0,2,0,0,0,0,1,1,6,6,2,28,6,998,1,17,TOYOTA AYGO,8,E01015690,0,-1
2023421303166,2023,421303166,5,9,0,2,2,0,0,9,9,1,0,0,0,0,4,1,6,6,3,-1,-1,998,1,14,TOYOTA AYGO,-1,-1,0,-1
2023991258861,2023,991258861,1,9,0,16,19,5,1,0,0,2,1,0,0,0,1,1,5,6,2,20,4,998,1,5,TOYOTA AYGO,1,-1,0,-1
202354C458323,2023,54C458323,2,9,0,10,10,7,5,0,0,1,0,0,0,0,2,1,6,6,1,60,9,998,1,0,TOYOTA AYGO,9,E01031968,0,-1
2023471282323,2023,471282323,1,9,0,18,19,1,5,0,0,0,0,0,0,0,1,1,2,2,2,23,5,998,1,8,TOYOTA AYGO,10,E01024817,0,-1
2023411390232,2023,411390232,2,9,0,4,4,-1,-1,0,0,0,0,0,0,0,2,1,2,2,1,27,6,998,1,2,TOYOTA AYGO,10,E01023701,0,-1
2023201313620,2023,201313620,1,9,0,14,14,3,7,0,0,0,0,0,0,0,1,1,6,6,1,48,8,998,1,0,TOYOTA AYGO,2,E01010448,0,-1
2023061323970,2023,061323970,1,9,0,9,9,7,5,0,0,0,0,0,0,0,1,1,6,6,2,65,9,998,1,7,TOYOTA AYGO,2,E01004813,0,-1
2023010471881,2023,010471881,2,9,0,99,99,9,9,99,99,9,9,99,9,99,1,9,6,6,3,-1,-1,998,1,1,TOYOTA AYGO,-1,-1,0,-1
2023131376114,2023,131376114,1,9,0,17,19,2,6,0,0,0,0,0,0,0,1,1,2,2,2,59,9,998,1,7,TOYOTA AYGO,1,E01011094,0,-1
2023501402472,2023,501402472,2,9,-1,4,4,3,7,0,0,1,0,0,0,0,2,1,1,1,2,37,7,998,1,10,TOYOTA AYGO,7,E01015198,0,-1