collision_index,collision_year,collision_ref_no,vehicle_reference,vehicle_type,towing_and_articulation,vehicle_manoeuvre_historic,vehicle_manoeuvre,vehicle_direction_from,vehicle_direction_to,vehicle_location_restricted_lane_historic,vehicle_location_restricted_lane,junction_location,skidding_and_overturning,hit_object_in_carriageway,vehicle_leaving_carriageway,hit_object_off_carriageway,first_point_of_impact,vehicle_left_hand_drive,journey_purpose_of_driver_historic,journey_purpose_of_driver,sex_of_driver,age_of_driver,age_band_of_driver,engine_capacity_cc,propulsion_code,age_of_vehicle,generic_make_model,driver_imd_decile,lsoa_of_driver,escooter_flag,driver_distance_banding
2023122300862,2023,122300862,1,9,0,2,2,0,0,0,0,0,0,0,0,0,1,1,6,6,3,32,6,998,1,17,TOYOTA AYGO,4,E01027581,0,-1
2023320757098,2023,320757098,2,9,0,18,19,3,7,0,0,0,0,0,0,0,1,1,6,6,1,31,6,998,1,14,TOYOTA AYGO,3,E01026122,0,-1
2023541203923,2023,541203923,1,9,0,18,19,1,5,0,0,0,0,0,0,0,1,1,2,2,2,34,6,998,1,16,TOYOTA AYGO,3,E01032115,0,-1
2023421339131,2023,421339131,1,9,0,4,4,3,7,0,0,0,0,0,0,0,1,1,6,6,1,18,4,998,1,0,TOYOTA AYGO,7,E01021913,0,-1
2023010449346,2023,010449346,2,9,0,11,11,4,8,0,0,0,0,0,0,0,1,1,6,6,2,25,5,998,1,9,TOYOTA AYGO,2,E01000291,0,-1
2023311291029,2023,311291029,1,9,0,17,19,3,4,0,0,8,0,0,0,0,3,1,2,2,2,45,7,998,1,13,TOYOTA AYGO,2,E01013916,0,-1
2023991314272,2023,991314272,2,9,0,18,19,8,2,0,0,1,0,0,0,0,2,1,6,6,2,70,10,998,1,10,TOYOTA AYGO,-1,-1,0,-1
2023061363557,2023,061363557,4,9,0,2,2,3,7,0,0,1,0,0,0,0,1,1,6,6,1,45,7,998,1,5,TOYOTA AYGO,1,E01033679,0,-1
2023010427215,2023,010427215,2,9,0,10,10,1,7,0,0,5,0,0,0,0,1,1,6,6,3,-1,-1,998,1,12,TOYOTA AYGO,-1,-1,0,-1
2023471269002,2023,471269002,2,9,0,18,19,5,1,0,0,0,0,0,0,0,4,1,5,6,2,69,10,998,1,3,TOYOTA AYGO,5,E01021195,0,-1
2023522400339,2023,522400339,2,9,0,18,19,4,8,0,0,0,0,0,0,0,1,1,6,6,2,65,9,998,1,5,TOYOTA AYGO,4,E01014906,0,-1
2023131282893,2023,131282893,1,9,0,18,19,1,5,0,0,0,2,0,0,0,4,1,5,6,1,22,5,998,1,6,TOYOTA AYGO,1,E01010679,0,-1
2023010461337,2023,010461337,1,9,0,7,7,1,3,9,9,0,1,10,0,0,1,1,6,6,2,45,7,998,1,0,TOYOTA AYGO,1,E01001655,0,-1
2023201289318,2023,201289318,1,9,0,18,19,1,5,0,0,8,5,0,1,10,1,1,5,6,1,22,5,998,1,16,TOYOTA AYGO,4,E01009243,0,-1
2023010426817,2023,010426817,1,9,0,9,9,1,7,9,9,0,0,10,0,0,0,1,2,2,2,52,8,998,1,5,TOYOTA AYGO,3,E01000495,0,-1
2023501324316,2023,501324316,2,9,0,18,19,8,4,0,0,1,0,0,0,0,1,1,6,6,2,44,7,998,1,15,TOYOTA AYGO,6,E01019893,0,-1
2023451356265,2023,451356265,3,9,0,2,2,0,0,0,0,0,0,0,0,0,2,1,6,6,3,-1,-1,998,1,6,TOYOTA AYGO,-1,-1,0,-1
2023010482102,2023,010482102,1,9,0,12,12,7,3,0,0,0,1,0,0,0,1,1,6,6,1,29,6,998,1,3,TOYOTA AYGO,2,E01003601,0,-1
2023302300808,2023,302300808,2,9,0,3,3,4,8,0,0,4,0,0,0,0,2,1,6,6,2,42,7,998,1,17,TOYOTA AYGO,2,E01028234,0,-1
2023311324937,2023,311324937,1,9,0,18,19,8,4,0,0,1,0,0,0,0,1,1,6,6,1,36,7,998,1,10,TOYOTA AYGO,-1,-1,0,-1
202354D059923,2023,54D059923,1,9,0,5,5,4,8,0,0,4,0,0,0,0,1,1,1,1,2,50,8,998,1,7,TOYOTA AYGO,8,E01032071,0,-1
2023520000967,2023,520000967,1,9,0,4,4,4,8,0,0,0,0,0,0,0,2,1,6,6,2,26,6,998,1,4,TOYOTA AYGO,10,E01014389,0,-1
2023070070787,2023,070070787,2,9,0,5,5,7,3,0,0,8,0,10,1,0,1,1,6,6,1,24,5,998,1,10,TOYOTA AYGO,9,E01018365,0,-1
2023311301373,2023,311301373,2,9,0,18,19,2,6,0,0,8,0,0,0,0,1,1,5,6,1,34,6,998,1,17,TOYOTA AYGO,9,E01027934,0,-1
2023141265003,2023,141265003,1,9,0,18,19,5,1,0,0,0,1,7,5,0,1,1,6,6,2,20,4,998,1,13,TOYOTA AYGO,1,E01007736,0,-1
2023361330499,2023,361330499,2,9,0,5,5,5,1,0,0,0,0,0,0,0,3,1,1,1,2,23,5,998,1,6,TOYOTA AYGO,10,E01026540,0,-1
2023161359044,2023,161359044,2,9,0,3,3,4,8,0,0,0,0,0,0,0,2,2,2,2,1,37,7,998,1,8,TOYOTA AYGO,8,E01013226,0,-1
2023041361294,2023,041361294,2,9,0,2,2,0,0,0,0,1,0,0,7,0,2,1,6,6,3,-1,-1,998,1,7,TOYOTA AYGO,-1,-1,0,-1
2023131350430,2023,131350430,2,9,0,18,19,3,7,0,0,1,0,0,0,0,4,1,6,6,2,70,10,998,1,2,TOYOTA AYGO,4,E01011037,0,-1
2023010442368,2023,010442368,3,9,0,99,99,9,9,99,99,0,9,99,9,99,1,9,6,6,3,44,7,998,1,10,TOYOTA AYGO,3,E01001171,0,-1
2023311260845,2023,311260845,1,9,0,5,5,4,8,0,0,4,0,0,0,0,1,1,6,6,2,33,6,998,1,4,TOYOTA AYGO,6,E01028037,0,-1
2023131387854,2023,131387854,1,9,0,18,19,2,6,0,0,8,0,0,0,0,3,1,1,1,1,19,4,998,1,13,TOYOTA AYGO,8,E01010863,0,-1
2023461263900,2023,461263900,2,9,0,2,2,0,0,0,0,0,0,0,0,0,2,1,6,6,3,-1,-1,998,1,8,TOYOTA AYGO,-1,-1,0,-1
2023991318301,2023,991318301,1,9,0,18,19,7,3,0,0,0,0,0,0,0,1,1,5,6,1,19,4,998,1,12,TOYOTA AYGO,10,-1,0,-1
2023010485364,2023,010485364,2,9,9,99,99,9,9,99,99,9,9,99,9,99,9,9,6,6,3,-1,-1,998,1,16,TOYOTA AYGO,-1,-1,0,-1
2023471352442,2023,471352442,1,9,0,18,19,5,8,0,0,8,0,0,0,0,1,1,6,6,2,17,4,998,1,10,TOYOTA AYGO,-1,-1,0,-1
2023122300386,2023,122300386,2,9,0,18,19,5,1,0,0,0,0,0,0,0,2,1,2,2,1,38,7,998,1,4,TOYOTA AYGO,5,E01008306,0,-1
2023421307677,2023,421307677,2,9,0,3,3,5,1,0,0,0,1,0,0,0,2,1,5,6,1,53,8,998,1,8,TOYOTA AYGO,10,E01021403,0,-1
2023471299752,2023,471299752,2,9,0,5,5,5,2,0,0,0,0,0,0,0,1,1,6,6,1,18,4,998,1,3,TOYOTA AYGO,7,E01021032,0,-1
2023471323376,2023,471323376,2,9,0,2,2,0,0,0,0,0,0,0,1,0,2,1,6,6,3,-1,-1,998,1,2,TOYOTA AYGO,-1,-1,0,-1
2023351343154,2023,351343154,1,9,0,18,19,3,1,0,0,6,0,0,0,0,1,1,6,6,1,17,4,998,1,4,TOYOTA AYGO,6,E01030112,0,-1
2023991271185,2023,991271185,1,9,0,17,19,5,1,0,0,0,0,6,0,0,1,1,6,6,1,27,6,998,1,6,TOYOTA AYGO,2,-1,0,-1
2023070314534,2023,070314534,1,9,0,18,19,1,5,0,0,1,1,0,1,4,1,1,6,6,1,45,7,998,1,16,TOYOTA AYGO,5,E01029774,0,-1
2023311354969,2023,311354969,1,9,0,4,4,5,1,0,0,2,0,0,0,0,1,1,6,6,2,23,5,998,1,10,TOYOTA AYGO,5,E01013840,0,-1
2023122301318,2023,122301318,1,9,0,17,19,5,1,0,0,0,2,0,0,0,1,1,2,2,2,64,9,998,1,1,TOYOTA AYGO,6,E01027604,0,-1
2023141355632,2023,141355632,1,9,0,18,19,1,5,0,0,8,0,0,0,0,1,1,6,6,1,37,7,998,1,5,TOYOTA AYGO,2,E01007708,0,-1
2023451362381,2023,451362381,1,9,0,12,12,1,5,0,0,0,0,0,0,0,2,1,6,6,1,62,9,998,1,12,TOYOTA AYGO,6,E01023118,0,-1
2023340NN0932,2023,340NN0932,1,9,0,18,19,5,1,0,0,0,0,0,0,0,1,1,6,6,1,29,6,998,1,14,TOYOTA AYGO,2,E01013842,0,-1
2023141324180,2023,141324180,2,9,0,9,9,2,8,0,0,1,0,0,0,0,1,1,5,6,2,37,7,998,1,0,TOYOTA AYGO,7,E01007778,0,-1
2023201311704,2023,201311704,1,9,0,18,19,8,6,0,0,0,0,0,0,0,1,1,1,1,1,54,8,998,1,14,TOYOTA AYGO,2,E01009877,0,-1
2023031307778,2023,031307778,1,9,0,18,19,4,8,0,0,1,0,0,0,0,1,1,2,2,2,51,8,998,1,8,TOYOTA AYGO,7,E01019352,0,-1
2023440429313,2023,440429313,1,9,0,18,19,1,5,0,0,1,0,0,0,0,1,1,6,6,1,46,8,998,1,7,TOYOTA AYGO,2,E01017032,0,-1
2023411393844,2023,411393844,1,9,0,18,19,8,5,0,0,1,0,0,7,0,1,1,5,6,1,27,6,998,1,3,TOYOTA AYGO,4,E01023555,0,-1
2023010443455,2023,010443455,2,9,0,2,2,0,0,0,0,2,0,0,0,0,4,1,6,6,3,-1,-1,998,1,1,TOYOTA AYGO,-1,-1,0,-1
2023552300802,2023,552300802,1,9,0,5,5,2,6,8,6,0,0,0,0,0,3,1,6,6,2,21,5,998,1,4,TOYOTA AYGO,10,E01015399,0,-1
2023010419981,2023,010419981,2,9,0,99,99,9,9,99,99,9,9,99,9,99,1,9,6,6,3,-1,-1,998,1,8,TOYOTA AYGO,2,E01033702,0,-1
2023411344427,2023,411344427,2,9,0,18,19,8,5,0,0,8,0,0,0,0,1,1,2,2,2,36,7,998,1,9,TOYOTA AYGO,7,E01023508,0,-1
2023010458386,2023,010458386,2,9,0,4,4,7,3,0,0,0,0,0,0,0,1,1,6,6,1,20,4,998,1,6,TOYOTA AYGO,2,E01004060,0,-1
2023161299418,2023,161299418,1,9,0,3,3,5,1,0,0,4,0,0,0,0,2,1,5,6,2,19,4,998,1,15,TOYOTA AYGO,6,E01013041,0,-1
2023302301635,2023,302301635,2,9,0,18,19,3,7,0,0,1,0,0,1,10,1,1,1,1,1,56,9,998,1,3,TOYOTA AYGO,4,E01019823,0,-1
2023421271468,2023,421271468,1,9,0,7,7,4,6,0,0,6,0,0,0,0,3,1,1,1,2,43,7,998,1,4,TOYOTA AYGO,2,E01021771,0,-1
2023101378638,2023,101378638,2,9,0,18,19,2,6,0,0,8,0,0,0,0,1,1,6,6,2,42,7,998,1,9,TOYOTA AYGO,10,E01008366,0,-1
2023520300081,2023,520300081,2,9,0,18,19,1,5,0,0,1,0,0,0,0,1,1,6,6,3,27,6,998,1,7,TOYOTA AYGO,8,E01020260,0,-1
2023010434909,2023,010434909,1,9,0,99,99,9,9,99,99,9,9,99,9,99,2,9,2,2,2,21,5,998,1,7,TOYOTA AYGO,2,E01023338,0,-1
2023991260657,2023,991260657,1,9,0,18,19,6,2,0,0,1,0,0,0,0,4,1,5,6,1,44,7,998,1,5,TOYOTA AYGO,1,-1,0,-1
2023201391188,2023,201391188,1,9,0,10,10,6,2,0,0,1,0,0,0,0,2,1,1,1,1,34,6,998,1,14,TOYOTA AYGO,5,E01009280,0,-1
2023520400786,2023,520400786,2,9,0,18,19,3,7,0,0,8,0,0,0,0,3,1,6,6,1,70,10,1364,2,17,TOYOTA AYGO,6,E01029021,0,-1
2023631313079,2023,631313079,1,9,0,12,12,8,2,0,0,8,5,0,3,10,1,1,5,6,1,18,4,998,1,13,TOYOTA AYGO,6,W01000857,0,-1
2023010425067,2023,010425067,1,9,0,16,19,3,7,0,0,3,0,0,0,0,4,1,6,6,1,37,7,998,1,17,TOYOTA AYGO,8,E01000412,0,-1
2023041319159,2023,041319159,1,9,0,7,7,1,5,0,0,1,0,0,0,0,4,1,6,6,1,27,6,998,1,6,TOYOTA AYGO,10,E01025259,0,-1
2023010478368,2023,010478368,1,9,0,99,99,9,9,99,99,9,9,99,9,99,2,9,2,2,2,28,6,998,1,15,TOYOTA AYGO,3,E01003331,0,-1
2023471392152,2023,471392152,5,9,0,2,2,0,0,9,9,2,0,0,0,0,3,1,6,6,3,-1,-1,998,1,17,TOYOTA AYGO,-1,-1,0,-1
2023531354715,2023,531354715,1,9,0,14,14,5,1,0,0,8,0,0,0,0,1,1,5,6,1,22,5,998,1,8,TOYOTA AYGO,4,E01014038,0,-1
2023501370628,2023,501370628,3,9,0,2,2,0,0,0,0,2,0,0,0,0,2,1,6,6,1,22,5,998,1,13,TOYOTA AYGO,3,E01020073,0,-1
2023430219699,2023,430219699,2,9,0,18,19,4,8,0,0,4,0,0,0,0,1,1,6,6,2,-1,-1,998,1,14,TOYOTA AYGO,-1,-1,0,-1
2023501330485,2023,501330485,1,9,0,17,19,7,3,0,0,2,1,0,0,0,1,1,5,6,1,29,6,998,1,11,TOYOTA AYGO,4,E01015177,0,-1
2023071268305,2023,071268305,1,9,0,3,3,8,4,0,0,1,0,0,0,0,1,1,1,1,1,27,6,998,1,14,TOYOTA AYGO,2,W01000290,0,-1
2023041330814,2023,041330814,3,9,0,18,19,5,1,0,0,0,1,1,0,0,1,1,5,6,2,77,11,998,1,1,TOYOTA AYGO,7,E01025164,0,-1
2023041390828,2023,041390828,1,9,0,17,19,2,6,0,0,8,0,0,0,0,1,1,5,6,1,43,7,998,1,10,TOYOTA AYGO,5,E01025017,0,-1
2023101324970,2023,101324970,1,9,0,7,7,1,5,0,0,1,0,0,0,0,4,1,6,6,2,23,5,998,1,6,TOYOTA AYGO,1,E01008390,0,-1
2023302300668,2023,302300668,2,9,0,17,19,1,6,0,0,8,0,0,0,0,4,1,6,6,2,19,4,998,1,13,TOYOTA AYGO,5,E01019470,0,-1
2023201315039,2023,201315039,1,9,0,18,19,2,6,0,0,6,0,10,7,10,1,1,6,6,3,42,7,998,1,7,TOYOTA AYGO,2,E01033641,0,-1
2023170M10493,2023,170M10493,1,9,0,18,19,7,3,0,0,8,0,0,0,0,4,1,6,6,1,53,8,998,1,8,TOYOTA AYGO,3,E01012017,0,-1
2023440455758,2023,440455758,4,9,0,18,19,2,6,0,0,2,0,0,0,0,2,1,2,2,2,51,8,998,1,11,TOYOTA AYGO,4,E01022841,0,-1
2023552301311,2023,552301311,1,9,0,18,19,2,6,0,0,1,0,0,0,0,1,1,2,2,1,38,7,998,1,8,TOYOTA AYGO,3,E01015292,0,-1
2023451260924,2023,451260924,3,9,0,5,5,6,3,0,0,0,0,0,0,0,0,1,6,6,2,52,8,998,1,2,TOYOTA AYGO,10,E01030953,0,-1
2023371276875,2023,371276875,3,9,0,4,4,7,2,0,0,0,0,0,0,0,2,1,5,6,2,46,8,998,1,4,TOYOTA AYGO,2,E01030289,0,-1
2023622300388,2023,622300388,1,9,0,5,5,4,8,0,0,1,0,0,0,0,1,1,6,6,1,29,6,998,1,15,TOYOTA AYGO,4,W01000852,0,-1
2023340WN3932,2023,340WN3932,1,9,0,16,19,4,8,0,0,0,0,0,0,0,1,1,6,6,1,18,4,998,1,13,TOYOTA AYGO,6,E01014750,0,-1
2023622300045,2023,622300045,1,9,0,17,19,4,8,0,0,0,0,0,0,0,1,1,6,6,2,19,4,998,1,7,TOYOTA AYGO,10,W01001083,0,-1
2023421376847,2023,421376847,2,9,0,18,19,3,7,0,0,0,0,0,0,0,0,1,6,6,2,33,6,998,1,2,TOYOTA AYGO,2,E01016004,0,-1
2023520400168,2023,520400168,1,9,0,4,4,2,4,0,0,6,0,0,0,0,2,1,6,6,2,39,7,998,1,4,TOYOTA AYGO,9,E01029065,0,-1
2023170S10343,2023,170S10343,1,9,0,18,19,3,7,0,0,1,0,0,0,0,4,1,6,6,1,17,4,998,1,15,TOYOTA AYGO,1,E01012252,0,-1
2023302300077,2023,302300077,2,9,0,3,3,4,6,0,0,1,0,0,0,0,2,1,6,6,1,64,9,998,1,15,TOYOTA AYGO,1,E01013485,0,-1
2023440496281,2023,440496281,1,9,0,17,19,2,6,0,0,8,0,7,2,7,1,1,6,6,2,30,6,998,1,11,TOYOTA AYGO,4,E01023154,0,-1
2023010458883,2023,010458883,2,9,0,99,99,9,9,99,99,9,9,99,9,99,1,9,6,6,2,33,6,998,1,5,TOYOTA AYGO,4,E01001092,0,-1
2023440318760,2023,440318760,1,9,0,18,19,7,3,0,0,0,0,0,0,0,1,1,2,2,2,19,4,998,1,12,TOYOTA AYGO,9,E01020370,0,-1
2023991360403,2023,991360403,1,9,0,1,1,4,8,0,0,0,0,0,7,0,2,1,6,6,2,68,10,998,1,11,TOYOTA AYGO,2,-1,0,-1
2023991431572,2023,991431572,2,9,0,18,19,2,6,0,0,1,0,0,0,0,1,1,5,6,2,18,4,998,1,8,TOYOTA AYGO,-1,-1,0,-1
2023061275029,2023,061275029,1,9,0,18,19,7,3,0,0,1,0,0,0,0,1,1,1,1,1,46,8,998,1,5,TOYOTA AYGO,-1,-1,0,-1
2023991332240,2023,991332240,3,9,0,4,4,7,3,0,0,0,0,0,0,0,2,1,5,6,2,30,6,998,1,9,TOYOTA AYGO,3,-1,0,-1
2023440323170,2023,440323170,1,9,0,18,19,8,4,0,0,0,0,0,0,0,1,1,2,2,2,53,8,998,1,5,TOYOTA AYGO,4,E01023033,0,-1
2023231291668,2023,231291668,1,9,0,9,9,2,6,0,0,5,0,0,0,0,1,1,6,6,2,82,11,998,1,9,TOYOTA AYGO,8,E01031217,0,-1
2023542176023,2023,542176023,2,9,0,2,2,0,0,0,0,0,0,0,0,0,2,1,6,6,3,34,6,998,1,4,TOYOTA AYGO,3,E01014942,0,-1
2023991359536,2023,991359536,2,9,0,18,19,1,5,0,0,0,0,0,1,2,3,1,5,6,2,58,9,998,1,2,TOYOTA AYGO,5,-1,0,-1
2023430180234,2023,430180234,1,9,0,18,19,5,1,0,0,0,0,0,0,0,4,1,2,2,1,56,9,998,1,1,TOYOTA AYGO,7,E01028493,0,-1
2023440137234,2023,440137234,1,9,0,3,3,3,7,0,0,0,0,0,0,0,2,1,6,6,1,60,9,998,1,6,TOYOTA AYGO,10,E01022662,0,-1
2023411316662,2023,411316662,2,9,0,18,19,6,2,0,0,1,0,0,0,0,1,1,6,6,1,90,11,998,1,6,TOYOTA AYGO,5,E01023630,0,-1
2023010467963,2023,010467963,1,9,0,99,99,9,9,99,99,9,9,99,9,99,9,9,6,6,1,39,7,998,1,15,TOYOTA AYGO,5,E01002232,0,-1
2023622300241,2023,622300241,1,9,0,12,12,4,8,0,0,0,0,0,0,0,2,1,6,6,2,18,4,998,1,2,TOYOTA AYGO,9,W01001113,0,-1
2023451393594,2023,451393594,1,9,0,9,9,3,4,0,0,8,0,0,0,0,1,1,5,6,2,20,4,998,1,3,TOYOTA AYGO,7,E01030583,0,-1
2023041262570,2023,041262570,1,9,0,18,19,7,3,0,0,0,0,0,0,0,1,1,5,6,1,81,11,998,1,11,TOYOTA AYGO,3,E01025391,0,-1
2023340WN1032,2023,340WN1032,1,9,0,18,19,5,1,0,0,0,0,0,0,0,1,1,6,6,2,27,6,998,1,5,TOYOTA AYGO,3,E01027185,0,-1
2023201376998,2023,201376998,1,9,0,18,19,6,2,0,0,0,0,0,0,0,1,1,6,6,1,20,4,998,1,5,TOYOTA AYGO,2,E01029426,0,-1
2023010428061,2023,010428061,1,9,0,9,9,6,3,0,0,8,0,0,0,0,1,1,6,6,2,83,11,998,1,4,TOYOTA AYGO,8,E01000752,0,-1
2023461316159,2023,461316159,1,9,0,18,19,7,3,0,0,0,5,7,0,0,4,1,6,6,2,45,7,998,1,4,TOYOTA AYGO,9,E01024331,0,-1
2023061371413,2023,061371413,2,9,0,18,19,3,7,0,0,0,0,0,0,0,1,1,6,6,1,26,6,998,1,11,TOYOTA AYGO,-1,-1,0,-1
2023131342275,2023,131342275,1,9,0,7,7,2,6,0,0,1,0,0,0,0,4,1,6,6,3,-1,-1,998,1,15,TOYOTA AYGO,-1,-1,0,-1
2023010434027,2023,010434027,1,9,0,14,14,7,3,0,0,1,0,0,0,0,3,1,6,6,1,47,8,998,1,4,TOYOTA AYGO,5,E01000354,0,-1
2023501293021,2023,501293021,2,9,0,18,19,2,4,0,0,0,0,0,0,0,3,1,6,6,2,51,8,998,1,4,TOYOTA AYGO,8,E01020054,0,-1
2023161289993,2023,161289993,1,9,0,5,5,1,5,0,0,4,0,0,0,0,1,1,2,2,1,31,6,998,1,8,TOYOTA AYGO,9,E01012955,0,-1
2023010460848,2023,010460848,1,9,0,99,99,9,9,99,99,9,9,99,9,99,3,9,6,6,3,-1,-1,998,1,7,TOYOTA AYGO,-1,-1,0,-1
2023461390398,2023,461390398,2,9,0,10,10,4,6,0,0,0,1,0,0,0,1,1,2,2,1,57,9,998,1,13,TOYOTA AYGO,9,E01024183,0,-1
2023131365666,2023,131365666,1,9,0,9,9,3,3,0,0,6,0,4,0,0,1,1,6,6,1,78,11,998,1,8,TOYOTA AYGO,7,E01011181,0,-1
2023340WN4242,2023,340WN4242,2,9,0,18,19,1,5,0,0,0,0,0,0,0,4,1,6,6,2,34,6,998,1,16,TOYOTA AYGO,2,E01011262,0,-1
2023061290157,2023,061290157,1,9,0,18,19,3,7,0,0,0,0,0,0,0,4,1,5,6,1,59,9,998,1,16,TOYOTA AYGO,2,E01005026,0,-1
2023991281505,2023,991281505,2,9,0,18,19,3,7,0,0,1,5,0,0,0,1,1,6,6,1,83,11,998,1,6,TOYOTA AYGO,1,-1,0,-1
2023421369086,2023,421369086,1,9,0,9,9,6,3,0,0,8,0,0,0,0,1,1,5,6,2,26,6,998,1,11,TOYOTA AYGO,8,E01021717,0,-1
2023302301260,2023,302301260,1,9,0,9,9,3,8,0,0,0,0,0,0,0,1,1,6,6,2,22,5,998,1,4,TOYOTA AYGO,10,E01019427,0,-1
2023351365125,2023,351365125,2,9,0,4,4,3,7,0,0,1,0,0,1,1,2,1,1,1,1,42,7,998,1,8,TOYOTA AYGO,8,E01015628,0,-1
2023010470006,2023,010470006,2,9,0,6,6,1,1,0,0,0,0,0,0,0,1,1,6,6,1,54,8,998,1,17,TOYOTA AYGO,2,E01004083,0,-1
2023010481010,2023,010481010,9,9,0,2,2,0,0,0,0,0,0,0,0,0,3,1,6,6,3,-1,-1,998,1,14,TOYOTA AYGO,-1,-1,0,-1
2023471350477,2023,471350477,1,9,0,4,4,3,7,0,0,0,0,0,0,0,1,1,5,6,1,48,8,998,1,6,TOYOTA AYGO,4,E01031443,0,-1
2023461301985,2023,461301985,1,9,0,18,19,6,2,0,0,1,0,0,0,0,1,1,1,1,1,36,7,998,1,17,TOYOTA AYGO,7,E01024355,0,-1
2023552301407,2023,552301407,1,9,0,7,7,4,6,0,0,6,0,0,0,0,3,1,6,6,2,42,7,998,1,11,TOYOTA AYGO,2,E01015379,0,-1
2023302301119,2023,302301119,1,9,0,10,10,4,8,0,0,0,0,0,0,0,2,1,6,6,2,33,6,998,1,8,TOYOTA AYGO,-1,-1,0,-1
2023371363464,2023,371363464,2,9,0,18,19,-1,-1,0,0,0,0,0,0,0,3,1,6,6,2,38,7,998,1,13,TOYOTA AYGO,3,E01030025,0,-1
2023440309560,2023,440309560,1,9,0,4,4,8,4,0,0,4,1,0,4,2,1,1,2,2,2,67,10,998,1,15,TOYOTA AYGO,1,E01032755,0,-1
2023471391200,2023,471391200,1,9,0,16,19,2,5,0,0,0,0,0,0,0,1,1,2,2,1,19,4,998,1,4,TOYOTA AYGO,5,E01021195,0,-1
2023311300676,2023,311300676,2,9,0,4,4,7,3,0,0,1,0,0,0,0,2,1,5,6,2,50,8,998,1,13,TOYOTA AYGO,-1,-1,0,-1
2023451390765,2023,451390765,1,9,0,18,19,1,5,0,0,0,0,0,7,4,1,1,2,2,1,47,8,998,1,0,TOYOTA AYGO,6,E01030995,0,-1
2023332300342,2023,332300342,1,9,0,5,5,6,2,0,0,4,0,0,0,0,3,1,6,6,2,63,9,998,1,7,TOYOTA AYGO,7,E01013615,0,-1
2023010420408,2023,010420408,3,9,9,3,3,1,5,99,99,1,9,99,9,99,2,1,6,6,2,36,7,998,1,4,TOYOTA AYGO,6,E01003033,0,-1
2023041316432,2023,041316432,1,9,0,9,9,1,5,0,0,8,0,0,0,0,1,1,5,6,1,26,6,998,1,13,TOYOTA AYGO,7,E01012722,0,-1
2023170M31423,2023,170M31423,1,9,0,4,4,6,2,0,0,1,0,0,0,0,2,1,2,2,2,53,8,998,1,15,TOYOTA AYGO,9,E01012230,0,-1
2023451353225,2023,451353225,1,9,0,18,19,5,1,0,0,0,0,0,0,0,1,1,6,6,2,22,5,998,1,16,TOYOTA AYGO,9,E01030470,0,-1
2023010437141,2023,010437141,2,9,0,18,19,3,7,0,0,1,0,0,0,0,9,1,6,6,1,65,9,998,1,2,TOYOTA AYGO,4,E01000676,0,-1
2023531288105,2023,531288105,1,9,0,18,19,8,4,0,0,2,0,0,0,0,3,1,1,1,2,28,6,998,1,4,TOYOTA AYGO,6,E01022142,0,-1
2023371384550,2023,371384550,1,9,0,18,19,5,1,0,0,5,0,0,0,0,4,1,5,6,1,64,9,998,1,15,TOYOTA AYGO,6,E01030003,0,-1
2023010465262,2023,010465262,2,9,0,99,99,9,9,99,99,9,9,99,9,99,1,9,6,6,2,34,6,998,1,16,TOYOTA AYGO,4,E01001176,0,-1
2023320282498,2023,320282498,2,9,0,18,19,5,1,0,0,0,0,0,0,0,1,1,6,6,2,71,10,998,1,4,TOYOTA AYGO,-1,-1,0,-1
2023010443361,2023,010443361,1,9,0,1,1,1,5,0,0,8,0,0,3,0,4,1,6,6,1,28,6,998,1,14,TOYOTA AYGO,1,E01004670,0,-1
2023010436719,2023,010436719,1,9,0,18,19,7,3,0,0,0,0,0,0,0,1,1,6,6,2,20,4,998,1,8,TOYOTA AYGO,3,E01003631,0,-1
2023522300994,2023,522300994,1,9,0,18,19,8,4,0,0,0,0,0,0,0,4,1,6,6,1,44,7,998,1,15,TOYOTA AYGO,1,E01014658,0,-1
2023411306157,2023,411306157,1,9,0,5,5,5,8,0,0,0,0,0,0,0,2,1,6,6,1,27,6,998,1,15,TOYOTA AYGO,6,E01023633,0,-1
2023170S11883,2023,170S11883,1,9,0,13,13,2,6,0,0,0,0,0,0,0,4,1,2,2,2,-1,-1,998,1,7,TOYOTA AYGO,-1,-1,0,-1
2023501378636,2023,501378636,1,9,0,18,19,7,3,0,0,8,0,0,3,9,1,1,5,6,1,21,5,998,1,8,TOYOTA AYGO,7,E01032670,0,-1
2023061332507,2023,061332507,1,9,0,17,19,1,6,0,0,8,1,0,0,0,1,1,6,6,1,20,4,998,1,16,TOYOTA AYGO,1,E01005464,0,-1
2023010455285,2023,010455285,1,9,0,99,99,9,9,99,99,9,9,99,9,99,1,9,1,1,1,45,7,998,1,5,TOYOTA AYGO,4,E01000608,0,-1
2023070555743,2023,070555743,1,9,0,18,19,4,8,0,0,4,0,0,0,0,1,1,6,6,1,-1,-1,998,1,4,TOYOTA AYGO,-1,-1,0,-1
2023401318484,2023,401318484,1,9,0,18,19,5,3,0,0,8,0,0,0,0,3,1,6,6,2,41,7,998,1,5,TOYOTA AYGO,2,E01015754,0,-1
2023010455565,2023,010455565,2,9,0,99,99,9,9,99,99,9,9,99,9,99,1,9,6,6,3,66,10,998,1,2,TOYOTA AYGO,1,E01004272,0,-1
2023430343907,2023,430343907,2,9,0,3,3,3,7,0,0,1,0,0,0,0,2,1,6,6,1,57,9,998,1,17,TOYOTA AYGO,4,E01016784,0,-1