collision_index,collision_year,collision_ref_no,vehicle_reference,vehicle_type,towing_and_articulation,vehicle_manoeuvre_historic,vehicle_manoeuvre,vehicle_direction_from,vehicle_direction_to,vehicle_location_restricted_lane_historic,vehicle_location_restricted_lane,junction_location,skidding_and_overturning,hit_object_in_carriageway,vehicle_leaving_carriageway,hit_object_off_carriageway,first_point_of_impact,vehicle_left_hand_drive,journey_purpose_of_driver_historic,journey_purpose_of_driver,sex_of_driver,age_of_driver,age_band_of_driver,engine_capacity_cc,propulsion_code,age_of_vehicle,generic_make_model,driver_imd_decile,lsoa_of_driver,escooter_flag,driver_distance_banding
2023141311134,2023,141311134,2,9,0,18,19,7,3,0,0,1,0,0,0,0,1,1,3,7,1,60,9,998,1,18,TOYOTA AYGO,1,E01007318,0,-1
2023991290390,2023,991290390,1,9,0,18,19,8,4,0,0,0,0,0,0,0,1,1,5,6,2,75,10,998,1,6,TOYOTA AYGO,5,-1,0,-1
2023311375313,2023,311375313,1,9,0,18,19,3,3,0,0,1,0,0,0,0,4,1,6,6,3,-1,-1,998,1,10,TOYOTA AYGO,-1,-1,0,-1
2023451374445,2023,451374445,6,9,0,18,19,7,3,0,0,0,0,0,0,0,3,1,5,6,2,19,4,998,1,8,TOYOTA AYGO,6,E01030862,0,-1
2023471373387,2023,471373387,1,9,0,7,7,4,6,0,0,5,0,0,0,0,4,1,6,6,2,19,4,998,1,7,TOYOTA AYGO,1,E01016964,0,-1
2023991323233,2023,991323233,1,9,0,18,19,5,1,0,0,1,0,0,0,0,1,1,2,2,1,26,6,998,1,9,TOYOTA AYGO,3,-1,0,-1
2023440191618,2023,440191618,1,9,0,18,19,5,1,0,0,2,0,0,0,0,1,1,6,6,3,26,6,998,1,8,TOYOTA AYGO,7,E01022962,0,-1
2023061330372,2023,061330372,1,9,0,9,9,1,3,0,0,1,0,0,0,0,3,1,5,6,2,84,11,998,1,16,TOYOTA AYGO,-1,-1,0,-1
2023401345017,2023,401345017,2,9,0,18,19,-1,-1,0,0,8,0,0,7,0,1,1,1,1,1,35,6,998,1,17,TOYOTA AYGO,2,E01015727,0,-1
2023471334181,2023,471334181,2,9,0,2,2,0,0,9,9,0,0,0,0,0,2,1,6,6,3,-1,-1,998,1,13,TOYOTA AYGO,-1,-1,0,-1
2023010467953,2023,010467953,2,9,0,99,99,9,9,99,99,9,9,99,9,99,3,9,6,6,3,-1,-1,998,1,6,TOYOTA AYGO,-1,-1,0,-1
2023451266235,2023,451266235,2,9,0,9,9,8,6,0,0,1,0,0,0,0,3,1,6,6,2,70,10,998,1,3,TOYOTA AYGO,5,E01030656,0,-1
2023061339688,2023,061339688,2,9,-1,-1,-1,-1,-1,-1,-1,-1,-1,-1,-1,0,-1,1,6,6,1,-1,-1,998,1,15,TOYOTA AYGO,2,E01005438,0,-1
2023221395901,2023,221395901,1,9,0,14,14,4,8,0,0,0,0,4,0,0,1,1,6,6,2,90,11,998,1,8,TOYOTA AYGO,9,E01014083,0,-1
2023552300869,2023,552300869,1,9,0,5,5,4,8,0,0,8,0,0,0,0,1,1,6,6,2,46,8,998,1,17,TOYOTA AYGO,8,E01015447,0,-1
2023461289783,2023,461289783,1,9,0,18,19,2,8,0,0,0,0,0,0,0,1,1,2,2,1,64,9,998,1,8,TOYOTA AYGO,10,E01024781,0,-1
2023541587323,2023,541587323,1,9,0,17,19,7,3,0,0,0,2,0,0,0,1,1,6,6,1,18,4,998,1,14,TOYOTA AYGO,9,E01032026,0,-1
2023991302589,2023,991302589,1,9,0,9,9,4,2,0,0,5,0,0,0,0,0,1,5,6,1,81,11,998,1,10,TOYOTA AYGO,4,-1,0,-1
2023131277231,2023,131277231,1,9,0,9,9,7,3,0,0,2,0,0,-1,-1,-1,1,6,6,3,99,11,998,1,8,TOYOTA AYGO,-1,-1,0,-1
2023101340874,2023,101340874,1,9,0,18,19,1,5,0,0,0,0,0,0,0,1,1,6,6,2,56,9,998,1,5,TOYOTA AYGO,10,E01027520,0,-1
2023010423510,2023,010423510,1,9,0,2,2,0,0,0,0,2,0,0,0,0,0,1,6,6,3,-1,-1,998,1,13,TOYOTA AYGO,-1,-1,0,-1
2023543626223,2023,543626223,3,9,0,3,3,6,2,0,0,0,0,0,0,0,2,1,6,6,1,74,10,998,1,9,TOYOTA AYGO,9,E01015483,0,-1
2023010468107,2023,010468107,2,9,0,99,99,9,9,99,99,9,9,99,9,99,9,9,6,6,3,-1,-1,998,1,2,TOYOTA AYGO,-1,-1,0,-1
2023010449693,2023,010449693,2,9,0,5,5,2,6,0,0,4,0,0,0,0,1,1,6,6,2,22,5,998,1,2,TOYOTA AYGO,2,E01001006,0,-1
2023131299761,2023,131299761,1,9,0,18,19,2,6,0,0,0,0,0,0,0,3,1,5,6,2,38,7,998,1,12,TOYOTA AYGO,2,E01011251,0,-1
2023141325049,2023,141325049,1,9,0,9,9,8,4,0,0,0,0,0,2,10,1,1,5,6,1,91,11,998,1,4,TOYOTA AYGO,6,E01008154,0,-1
2023010433978,2023,010433978,2,9,0,7,7,6,8,0,0,2,0,0,0,0,2,1,2,2,1,35,6,998,1,13,TOYOTA AYGO,2,E01001437,0,-1
2023332300783,2023,332300783,1,9,0,3,3,4,8,0,0,8,0,0,0,0,2,1,2,2,2,43,7,998,1,0,TOYOTA AYGO,1,E01025699,0,-1
2023201292422,2023,201292422,2,9,0,18,19,5,1,0,0,8,0,0,0,0,1,1,6,6,2,41,7,998,1,17,TOYOTA AYGO,1,E01009160,0,-1
2023351388186,2023,351388186,1,9,0,18,19,7,3,0,0,4,0,7,7,0,1,1,6,6,1,64,9,998,1,13,TOYOTA AYGO,6,E01017961,0,-1
2023070828889,2023,070828889,2,9,0,7,7,7,3,0,0,8,0,0,0,0,2,1,6,6,1,17,4,998,1,9,TOYOTA AYGO,6,E01018373,0,-1
2023411333992,2023,411333992,2,9,0,3,3,-1,-1,0,0,8,0,0,0,0,2,1,5,6,2,21,5,998,1,6,TOYOTA AYGO,8,E01027631,0,-1
2023010468493,2023,010468493,1,9,0,9,9,1,6,0,0,1,0,0,1,0,1,1,6,6,1,58,9,998,1,7,TOYOTA AYGO,3,E01004415,0,-1
2023471264959,2023,471264959,1,9,0,18,19,2,7,0,0,0,0,0,0,0,1,1,2,2,1,42,7,998,1,4,TOYOTA AYGO,8,E01021215,0,-1
2023421314507,2023,421314507,1,9,0,18,19,7,8,0,0,0,0,0,0,0,1,1,6,6,2,84,11,998,1,8,TOYOTA AYGO,5,E01021720,0,-1
2023221372249,2023,221372249,1,9,0,18,19,7,3,0,0,0,0,0,0,0,1,1,6,6,2,68,10,998,1,7,TOYOTA AYGO,5,E01028834,0,-1
2023041294670,2023,041294670,1,9,0,18,19,3,5,0,0,0,0,0,0,0,1,1,5,6,1,25,5,998,1,10,TOYOTA AYGO,1,E01025041,0,-1
2023010462446,2023,010462446,3,9,0,2,2,0,0,0,0,0,0,0,0,0,1,1,6,6,3,-1,-1,998,1,2,TOYOTA AYGO,-1,-1,0,-1
2023501310965,2023,501310965,1,9,0,18,19,7,3,0,0,0,0,10,1,0,3,1,2,2,1,25,5,998,1,4,TOYOTA AYGO,9,E01015141,0,-1
2023430465743,2023,430465743,1,9,0,18,19,2,6,0,0,0,0,0,0,0,1,1,6,6,1,18,4,998,1,9,TOYOTA AYGO,9,E01017678,0,-1
2023991326765,2023,991326765,3,9,0,2,2,0,0,0,0,1,0,0,0,0,3,1,5,6,2,83,11,998,1,5,TOYOTA AYGO,8,-1,0,-1
2023430397826,2023,430397826,2,9,0,18,19,7,3,0,0,8,0,0,0,0,1,1,6,6,1,43,7,998,1,13,TOYOTA AYGO,7,E01016812,0,-1
2023131373612,2023,131373612,2,9,0,4,4,1,5,0,0,4,0,0,0,0,2,1,1,1,1,29,6,998,1,5,TOYOTA AYGO,4,E01011892,0,-1
2023031362932,2023,031362932,2,9,0,2,2,0,0,0,0,0,0,0,0,0,2,1,6,6,3,-1,-1,998,1,5,TOYOTA AYGO,-1,-1,0,-1
2023122300854,2023,122300854,1,9,0,4,4,4,8,0,0,1,0,0,0,0,4,1,6,6,1,31,6,998,1,4,TOYOTA AYGO,2,E01007717,0,-1
2023010482417,2023,010482417,1,9,0,99,99,9,9,99,99,1,9,99,9,99,1,9,2,2,2,64,9,998,1,6,TOYOTA AYGO,5,E01001291,0,-1
2023010462565,2023,010462565,2,9,0,9,9,3,2,0,0,8,1,0,0,0,1,1,6,6,1,32,6,998,1,6,TOYOTA AYGO,3,E01004037,0,-1
2023131347312,2023,131347312,1,9,0,5,5,1,1,0,0,3,0,0,0,0,2,1,5,6,1,63,9,998,1,8,TOYOTA AYGO,6,E01010765,0,-1
2023440509578,2023,440509578,1,9,0,9,9,6,4,0,0,6,0,0,0,0,4,1,1,1,2,45,7,998,1,5,TOYOTA AYGO,3,E01032851,0,-1
2023141341280,2023,141341280,2,9,0,17,19,7,3,0,0,8,0,0,0,0,3,1,5,6,2,22,5,998,1,13,TOYOTA AYGO,4,E01008088,0,-1
2023010434680,2023,010434680,1,9,0,99,99,9,9,99,99,9,9,99,9,99,2,9,6,6,2,53,8,998,1,13,TOYOTA AYGO,2,E01004267,0,-1
2023031296018,2023,031296018,1,9,0,9,9,7,8,0,0,5,1,0,0,0,1,1,2,2,2,51,8,998,1,17,TOYOTA AYGO,1,E01019164,0,-1
2023061281396,2023,061281396,2,9,0,-1,-1,-1,-1,-1,-1,-1,-1,-1,-1,0,-1,1,6,6,1,-1,-1,998,1,10,TOYOTA AYGO,1,E01005569,0,-1
2023461316618,2023,461316618,1,9,0,7,7,5,1,0,0,6,0,0,0,0,1,1,5,6,2,21,5,998,1,6,TOYOTA AYGO,8,E01024652,0,-1
2023070006917,2023,070006917,1,9,0,7,7,7,3,0,0,8,0,0,0,0,1,1,6,6,2,74,10,998,1,8,TOYOTA AYGO,8,E01012450,0,-1
2023311362059,2023,311362059,1,9,0,18,19,3,7,0,0,0,0,0,0,0,2,1,2,2,2,36,7,998,1,7,TOYOTA AYGO,3,E01019487,0,-1
2023622300303,2023,622300303,1,9,0,18,19,6,2,0,0,8,0,0,0,0,4,1,1,1,2,31,6,998,1,4,TOYOTA AYGO,1,W01001876,0,-1
2023451299885,2023,451299885,1,9,0,18,19,1,5,0,0,1,0,0,0,0,1,1,5,6,2,46,8,998,1,16,TOYOTA AYGO,9,E01001104,0,-1
2023471291794,2023,471291794,1,9,0,16,19,5,1,0,0,0,0,0,0,0,1,1,5,6,1,30,6,998,1,13,TOYOTA AYGO,7,E01021146,0,-1
2023070544839,2023,070544839,1,9,0,18,19,4,8,0,0,0,0,0,0,0,4,1,6,6,2,45,7,998,1,11,TOYOTA AYGO,1,E01018459,0,-1
2023010457530,2023,010457530,2,9,0,99,99,9,9,99,99,9,9,99,9,99,1,9,6,6,3,-1,-1,998,1,18,TOYOTA AYGO,-1,-1,0,-1
2023010444130,2023,010444130,1,9,0,99,99,9,9,99,99,0,9,99,9,99,4,9,2,2,1,42,7,998,1,1,TOYOTA AYGO,7,E01030858,0,-1
2023131390317,2023,131390317,2,9,0,18,19,1,5,0,0,1,0,0,0,0,1,1,5,6,2,43,7,998,1,1,TOYOTA AYGO,3,E01011060,0,-1
2023010457420,2023,010457420,1,9,0,9,9,3,8,0,0,5,0,0,1,0,1,1,6,6,3,-1,-1,998,1,14,TOYOTA AYGO,-1,-1,0,-1
2023010428519,2023,010428519,2,9,0,18,19,1,5,0,0,8,0,0,3,11,1,1,6,6,2,47,8,998,1,14,TOYOTA AYGO,4,E01001158,0,-1
2023201448507,2023,201448507,2,9,0,18,19,7,3,0,0,8,0,0,0,0,1,1,6,6,3,52,8,998,1,15,TOYOTA AYGO,2,E01033248,0,-1
2023010421759,2023,010421759,2,9,0,18,19,1,5,0,0,2,1,0,0,0,1,1,6,6,2,33,6,998,1,7,TOYOTA AYGO,4,E01000331,0,-1
2023010484522,2023,010484522,1,9,0,5,5,5,1,0,0,8,0,0,0,0,1,1,6,6,2,49,8,998,1,7,TOYOTA AYGO,2,E01002804,0,-1
2023010447858,2023,010447858,2,9,0,5,5,7,3,0,0,1,0,0,0,0,1,1,6,6,3,-1,-1,998,1,14,TOYOTA AYGO,-1,-1,0,-1
2023010458689,2023,010458689,2,9,0,99,99,9,9,99,99,0,9,99,9,99,2,9,6,6,3,28,6,998,1,10,TOYOTA AYGO,3,E01001298,0,-1
2023451384561,2023,451384561,2,9,0,16,19,7,1,0,0,0,0,0,0,0,1,1,5,6,2,22,5,998,1,7,TOYOTA AYGO,4,E01030914,0,-1
2023451350792,2023,451350792,2,9,0,3,3,7,1,0,0,0,0,0,0,0,2,1,5,6,2,58,9,998,1,1,TOYOTA AYGO,10,E01016605,0,-1
2023101384394,2023,101384394,1,9,0,18,19,7,3,0,0,8,0,0,0,0,1,1,6,6,1,41,7,998,1,5,TOYOTA AYGO,10,E01008264,0,-1
2023401354312,2023,401354312,1,9,0,18,19,8,4,0,0,0,0,0,0,0,3,1,6,6,2,31,6,998,1,17,TOYOTA AYGO,3,E01017609,0,-1
2023421282150,2023,421282150,2,9,0,18,19,1,5,0,0,0,0,0,0,0,1,1,2,2,2,27,6,998,1,14,TOYOTA AYGO,2,E01022056,0,-1
2023010433509,2023,010433509,1,9,0,18,19,1,5,0,0,2,0,0,0,0,1,1,6,6,1,46,8,998,1,15,TOYOTA AYGO,-1,-1,0,-1
2023010455385,2023,010455385,1,9,0,18,19,3,7,0,0,8,0,0,0,0,1,1,6,6,2,18,4,998,1,5,TOYOTA AYGO,7,E01002377,0,-1
2023421375184,2023,421375184,2,9,0,18,19,7,3,0,0,0,0,0,0,0,4,1,2,2,1,56,9,998,1,8,TOYOTA AYGO,9,E01021804,0,-1
2023471325948,2023,471325948,1,9,0,17,19,7,3,0,0,0,0,0,1,0,1,1,5,6,2,63,9,998,1,2,TOYOTA AYGO,5,E01021800,0,-1
2023131318853,2023,131318853,3,9,0,4,4,3,7,0,0,0,0,0,0,0,2,1,2,2,1,24,5,998,1,9,TOYOTA AYGO,2,E01010740,0,-1
2023061333961,2023,061333961,2,9,-1,-1,-1,-1,-1,-1,-1,-1,-1,-1,-1,0,-1,1,6,6,2,33,6,998,1,8,TOYOTA AYGO,6,E01005824,0,-1
2023351383462,2023,351383462,2,9,0,2,2,0,0,0,0,0,0,0,0,0,3,1,6,6,3,-1,-1,998,1,10,TOYOTA AYGO,-1,-1,0,-1
2023411313183,2023,411313183,1,9,0,5,5,2,7,0,0,0,0,0,7,0,1,1,2,2,2,18,4,998,1,14,TOYOTA AYGO,10,E01023911,0,-1
2023471381559,2023,471381559,1,9,0,16,19,4,8,0,0,0,1,0,8,4,1,1,5,6,2,17,4,998,1,14,TOYOTA AYGO,4,E01031443,0,-1
2023010446096,2023,010446096,2,9,0,2,2,0,0,0,0,0,0,0,0,0,2,1,6,6,3,-1,-1,998,1,10,TOYOTA AYGO,-1,-1,0,-1
2023622300861,2023,622300861,1,9,0,1,1,4,8,0,0,0,0,0,0,0,2,1,6,6,1,36,7,998,1,8,TOYOTA AYGO,7,W01001722,0,-1
2023302300515,2023,302300515,1,9,0,9,9,4,2,0,0,8,0,0,0,0,4,1,6,6,1,64,9,998,1,12,TOYOTA AYGO,6,E01006042,0,-1
2023320751087,2023,320751087,1,9,0,18,19,8,6,0,0,8,0,0,0,0,1,1,6,6,3,-1,-1,998,1,8,TOYOTA AYGO,-1,-1,0,-1
2023201453336,2023,201453336,2,9,0,18,19,2,6,0,0,8,0,0,0,0,4,1,6,6,1,26,6,998,1,13,TOYOTA AYGO,3,E01009392,0,-1
2023471327406,2023,471327406,1,9,0,12,12,3,7,0,0,0,0,0,0,0,4,1,5,6,2,22,5,998,1,4,TOYOTA AYGO,5,E01031585,0,-1
2023451292215,2023,451292215,1,9,0,5,5,4,8,0,0,6,0,0,0,0,3,1,5,6,2,20,4,998,1,3,TOYOTA AYGO,4,E01030383,0,-1
2023111384618,2023,111384618,1,9,0,18,19,5,1,0,0,1,0,0,0,0,4,1,5,6,2,68,10,998,1,8,TOYOTA AYGO,2,E01020809,0,-1
2023461364512,2023,461364512,2,9,0,18,19,4,8,0,0,4,0,0,0,0,2,1,5,6,1,39,7,998,1,15,TOYOTA AYGO,4,E01015050,0,-1
2023302300949,2023,302300949,1,9,0,1,1,1,5,0,0,0,0,0,0,0,2,1,6,6,2,26,6,998,1,3,TOYOTA AYGO,-1,-1,0,-1
2023461374691,2023,461374691,1,9,0,18,19,5,3,0,0,3,0,0,0,0,1,1,6,6,1,23,5,998,1,17,TOYOTA AYGO,1,E01024659,0,-1
2023010446826,2023,010446826,2,9,0,99,99,9,9,99,99,9,9,99,9,99,9,9,6,6,1,31,6,998,1,15,TOYOTA AYGO,6,E01024568,0,-1
2023010486433,2023,010486433,3,9,0,16,19,7,3,0,0,8,0,0,0,0,1,1,6,6,1,58,9,998,1,16,TOYOTA AYGO,6,E01003375,0,-1
2023131365131,2023,131365131,2,9,0,16,19,7,2,0,0,3,0,0,7,0,1,1,6,6,2,69,10,998,1,7,TOYOTA AYGO,10,E01011563,0,-1
2023471371835,2023,471371835,1,9,0,18,19,7,3,0,0,2,0,0,0,0,1,1,5,6,2,69,10,998,1,11,TOYOTA AYGO,7,E01021112,0,-1
2023540702723,2023,540702723,1,9,0,9,9,6,4,0,0,4,0,0,0,0,3,1,6,6,1,68,10,998,1,4,TOYOTA AYGO,5,E01014455,0,-1
2023010479746,2023,010479746,1,9,0,18,19,7,3,0,0,1,0,0,0,0,1,1,6,6,1,56,9,998,1,15,TOYOTA AYGO,8,E01002418,0,-1
2023991325946,2023,991325946,1,9,0,4,4,4,8,0,0,1,0,0,1,0,1,1,5,6,2,48,8,998,1,4,TOYOTA AYGO,6,-1,0,-1
2023320307040,2023,320307040,1,9,0,9,9,6,2,0,0,8,0,0,0,0,3,1,6,6,2,89,11,998,1,16,TOYOTA AYGO,9,E01026301,0,-1
202354A099523,2023,54A099523,1,9,0,5,5,1,7,0,0,6,0,0,0,0,0,1,6,6,1,20,4,998,1,14,TOYOTA AYGO,5,E01014455,0,-1
2023201384309,2023,201384309,2,9,0,3,3,8,4,0,0,0,0,0,0,0,3,1,6,6,2,31,6,998,1,14,TOYOTA AYGO,1,E01014250,0,-1
2023052301395,2023,052301395,1,9,0,18,19,3,7,0,0,0,0,0,0,0,4,1,6,6,2,-1,-1,998,1,8,TOYOTA AYGO,-1,-1,0,-1
2023010427195,2023,010427195,1,9,0,5,5,3,7,0,0,4,0,0,0,0,4,1,6,6,1,23,5,998,1,5,TOYOTA AYGO,2,E01001529,0,-1
2023010442966,2023,010442966,2,9,0,2,2,0,0,0,0,0,0,4,0,0,1,1,6,6,3,-1,-1,998,1,17,TOYOTA AYGO,-1,-1,0,-1
2023010448418,2023,010448418,1,9,0,6,6,1,1,0,0,2,0,0,0,0,2,2,6,6,1,40,7,998,1,8,TOYOTA AYGO,2,E01001982,0,-1
2023201298353,2023,201298353,2,9,0,3,3,6,2,0,0,0,0,0,0,0,2,1,6,6,2,31,6,998,1,7,TOYOTA AYGO,1,E01010076,0,-1
2023201406111,2023,201406111,1,9,0,18,19,8,4,0,0,8,0,7,7,0,1,1,6,6,1,25,5,998,1,7,TOYOTA AYGO,1,E01009409,0,-1
2023311375878,2023,311375878,2,9,0,9,9,7,5,0,0,6,0,0,0,0,4,1,6,6,1,38,7,998,1,4,TOYOTA AYGO,9,E01028241,0,-1
202360A146986,2023,60A146986,1,9,0,9,9,8,6,0,0,8,0,0,0,0,3,1,6,6,2,70,10,998,1,5,TOYOTA AYGO,-1,-1,0,-1
2023302301294,2023,302301294,1,9,0,18,19,5,1,0,0,8,0,0,0,0,1,1,6,6,1,19,4,998,1,5,TOYOTA AYGO,7,E01029463,0,-1
2023010431223,2023,010431223,1,9,0,18,19,5,1,0,0,0,0,0,0,0,4,1,6,6,2,27,6,998,1,7,TOYOTA AYGO,9,E01031733,0,-1
2023471299741,2023,471299741,1,9,0,18,19,6,3,0,0,4,0,0,0,0,1,1,6,6,2,63,9,998,1,4,TOYOTA AYGO,10,E01031735,0,-1
2023101354438,2023,101354438,2,9,0,10,10,7,4,0,0,5,0,0,0,0,2,1,5,6,2,35,6,998,1,13,TOYOTA AYGO,1,E01033076,0,-1
2023010440484,2023,010440484,2,9,0,18,19,1,5,0,0,8,0,0,0,0,1,1,6,6,2,46,8,998,1,15,TOYOTA AYGO,2,E01002615,0,-1
202360A144128,2023,60A144128,1,9,0,18,19,2,6,0,0,1,0,0,0,0,3,1,6,6,1,18,4,998,1,9,TOYOTA AYGO,-1,-1,0,-1
2023311281774,2023,311281774,2,9,0,15,15,7,3,2,2,0,0,0,0,0,3,1,6,6,1,-1,-1,998,1,14,TOYOTA AYGO,1,E01013867,0,-1
2023340WN5052,2023,340WN5052,1,9,0,18,19,7,3,0,0,4,0,9,7,1,1,1,1,1,2,36,7,998,1,15,TOYOTA AYGO,6,E01027169,0,-1
2023122300236,2023,122300236,1,9,0,9,9,1,3,0,0,1,0,0,0,0,0,1,2,2,3,30,6,998,1,12,TOYOTA AYGO,6,E01027578,0,-1
2023201280848,2023,201280848,1,9,0,18,19,3,7,0,0,8,0,0,0,0,1,1,6,6,2,-1,-1,998,1,10,TOYOTA AYGO,-1,-1,0,-1
2023411401124,2023,411401124,2,9,0,5,5,3,6,0,0,0,0,0,0,0,3,1,6,6,1,92,11,998,1,5,TOYOTA AYGO,6,E01023388,0,-1
2023131294982,2023,131294982,3,9,0,18,19,1,5,0,0,0,0,0,0,0,3,1,6,6,2,68,10,998,1,3,TOYOTA AYGO,1,E01010941,0,-1
2023231390796,2023,231390796,2,9,0,18,19,1,5,0,0,0,0,0,0,0,1,1,1,1,1,22,5,998,1,7,TOYOTA AYGO,8,E01029489,0,-1
2023061301173,2023,061301173,1,9,-1,-1,-1,-1,-1,-1,-1,-1,-1,-1,-1,0,-1,1,6,6,3,-1,-1,998,1,14,TOYOTA AYGO,-1,-1,0,-1
2023131343573,2023,131343573,2,9,0,2,2,0,0,0,0,1,0,0,0,0,2,1,6,6,3,-1,-1,998,1,12,TOYOTA AYGO,-1,-1,0,-1
2023471328294,2023,471328294,1,9,0,9,9,6,3,0,0,8,0,0,0,0,1,1,6,6,2,-1,-1,998,1,5,TOYOTA AYGO,10,E01031828,0,-1
2023061322590,2023,061322590,2,9,0,18,19,6,2,0,0,0,0,0,0,0,2,1,6,6,2,37,7,998,1,4,TOYOTA AYGO,-1,-1,0,-1
2023131313865,2023,131313865,2,9,0,5,5,5,1,0,0,4,0,0,0,0,2,1,6,6,2,35,6,998,1,7,TOYOTA AYGO,9,E01010769,0,-1
2023401388517,2023,401388517,2,9,0,3,3,3,7,0,0,0,0,0,0,0,1,1,6,6,1,47,8,998,1,17,TOYOTA AYGO,2,E01015794,0,-1
2023052301726,2023,052301726,2,9,0,18,19,1,5,0,0,0,0,0,0,0,2,1,6,6,2,42,7,998,1,6,TOYOTA AYGO,5,E01006687,0,-1
2023471392152,2023,471392152,1,9,0,9,9,2,1,9,9,2,0,0,7,11,4,1,5,6,1,25,5,998,1,13,TOYOTA AYGO,5,E01031577,0,-1
2023221359860,2023,221359860,1,9,0,18,19,2,6,0,0,0,2,0,0,0,1,1,5,6,1,25,5,998,1,13,TOYOTA AYGO,3,E01009086,0,-1
2023010457776,2023,010457776,1,9,0,99,99,9,9,99,99,9,9,99,9,99,2,9,6,6,2,45,7,998,1,6,TOYOTA AYGO,2,E01003512,0,-1
2023340NN0132,2023,340NN0132,2,9,0,18,19,3,8,0,0,0,0,0,0,0,1,1,6,6,3,-1,-1,998,1,6,TOYOTA AYGO,-1,-1,0,-1
2023010435768,2023,010435768,2,9,0,99,99,9,9,99,99,0,9,99,9,99,2,9,6,6,1,-1,-1,998,1,13,TOYOTA AYGO,-1,-1,0,-1
2023421381111,2023,421381111,1,9,0,9,9,2,8,0,0,8,0,0,0,0,1,1,5,6,2,40,7,998,1,10,TOYOTA AYGO,-1,-1,0,-1
2023302301729,2023,302301729,1,9,0,16,19,2,5,0,0,2,0,0,1,11,4,1,6,6,1,17,4,998,1,13,TOYOTA AYGO,4,E01019516,0,-1
2023991266640,2023,991266640,2,9,5,18,19,1,4,0,0,6,0,0,0,0,3,1,6,6,2,43,7,998,1,15,TOYOTA AYGO,1,-1,0,-1
2023010421803,2023,010421803,1,9,0,99,99,9,9,99,99,0,9,99,9,99,2,9,6,6,1,44,7,998,1,7,TOYOTA AYGO,10,E01017782,0,-1
2023461293798,2023,461293798,1,9,0,4,4,8,4,0,0,8,0,0,0,0,1,1,6,6,1,18,4,998,1,14,TOYOTA AYGO,6,E01024250,0,-1
2023522301177,2023,522301177,1,9,0,18,19,4,2,0,0,5,0,0,0,0,4,1,6,6,2,51,8,998,1,9,TOYOTA AYGO,6,E01014900,0,-1
2023131299216,2023,131299216,1,9,0,-1,-1,-1,-1,-1,-1,-1,-1,-1,-1,0,-1,1,6,6,3,-1,-1,998,1,15,TOYOTA AYGO,-1,-1,0,-1
2023522301688,2023,522301688,1,9,0,18,19,3,7,0,0,0,0,4,0,0,4,1,6,6,2,26,6,998,1,1,TOYOTA AYGO,5,E01014642,0,-1
2023461340121,2023,461340121,1,9,0,7,7,7,3,0,0,8,0,0,0,0,3,1,6,6,2,59,9,998,1,7,TOYOTA AYGO,9,E01024299,0,-1
2023041353780,2023,041353780,1,9,0,9,9,7,5,0,0,0,0,0,0,0,1,1,6,6,1,17,4,998,1,13,TOYOTA AYGO,6,E01025330,0,-1
2023010426985,2023,010426985,2,9,0,18,19,3,7,0,0,0,0,0,0,0,1,1,6,6,1,-1,-1,998,1,17,TOYOTA AYGO,-1,-1,0,-1
2023201363723,2023,201363723,1,9,0,1,1,2,6,9,9,0,0,0,0,0,2,1,1,1,1,47,8,998,1,3,TOYOTA AYGO,1,E01009408,0,-1
2023041300610,2023,041300610,2,9,0,18,19,3,7,0,0,0,0,0,0,0,2,1,6,6,2,20,4,998,1,7,TOYOTA AYGO,10,E01025341,0,-1
202363C021723,2023,63C021723,2,9,0,17,19,1,6,0,0,8,0,0,1,0,3,1,6,6,1,72,10,998,1,10,TOYOTA AYGO,4,W01000605,0,-1
2023010480273,2023,010480273,2,9,0,99,99,9,9,99,99,9,9,99,9,99,1,9,6,6,3,-1,-1,998,1,8,TOYOTA AYGO,-1,-1,0,-1
2023041272468,2023,041272468,1,9,0,18,19,1,5,0,0,1,1,4,0,0,3,1,6,6,1,18,4,998,1,14,TOYOTA AYGO,1,E01010046,0,-1
2023010451754,2023,010451754,2,9,0,14,14,5,1,0,0,6,0,4,0,0,1,1,6,6,1,77,11,998,1,1,TOYOTA AYGO,-1,-1,0,-1
2023421351258,2023,421351258,1,9,0,13,13,5,1,0,0,0,0,0,0,0,-1,1,6,6,2,62,9,998,1,1,TOYOTA AYGO,5,E01021874,0,-1
2023991305973,2023,991305973,1,9,0,17,19,8,4,0,0,1,0,0,0,0,1,1,5,6,2,35,6,998,1,9,TOYOTA AYGO,1,-1,0,-1
2023211386714,2023,211386714,1,9,0,18,19,6,8,0,0,1,0,7,4,0,4,1,5,6,1,60,9,998,1,8,TOYOTA AYGO,1,E01010541,0,-1
2023371373527,2023,371373527,2,9,0,10,10,3,1,0,0,1,0,0,0,0,2,1,6,6,2,19,4,998,1,10,TOYOTA AYGO,6,E01026872,0,-1
2023320663854,2023,320663854,1,9,0,5,5,6,2,0,0,0,0,0,0,0,3,1,6,6,2,40,7,998,1,4,TOYOTA AYGO,7,E01026275,0,-1
2023010460987,2023,010460987,1,9,0,99,99,9,9,99,99,9,9,99,9,99,9,9,2,2,1,37,7,998,1,15,TOYOTA AYGO,4,E01017902,0,-1
2023501317882,2023,501317882,1,9,0,9,9,7,5,0,0,8,0,0,0,0,3,1,6,6,2,46,8,998,1,17,TOYOTA AYGO,9,E01015064,0,-1
2023061333563,2023,061333563,1,9,0,18,19,6,2,0,0,8,0,0,0,0,1,1,6,6,2,33,6,998,1,14,TOYOTA AYGO,2,E01005976,0,-1