collision_index,collision_year,collision_ref_no,vehicle_reference,vehicle_type,towing_and_articulation,vehicle_manoeuvre_historic,vehicle_manoeuvre,vehicle_direction_from,vehicle_direction_to,vehicle_location_restricted_lane_historic,vehicle_location_restricted_lane,junction_location,skidding_and_overturning,hit_object_in_carriageway,vehicle_leaving_carriageway,hit_object_off_carriageway,first_point_of_impact,vehicle_left_hand_drive,journey_purpose_of_driver_historic,journey_purpose_of_driver,sex_of_driver,age_of_driver,age_band_of_driver,engine_capacity_cc,propulsion_code,age_of_vehicle,generic_make_model,driver_imd_decile,lsoa_of_driver,escooter_flag,driver_distance_banding
2023411337543,2023,411337543,2,9,0,3,3,7,1,0,0,0,0,0,0,0,1,1,6,6,1,19,4,1198,1,15,VOLKSWAGEN FOX,9,E01023634,0,-1
2023451285258,2023,451285258,1,9,0,16,19,3,4,0,0,0,0,0,0,0,3,1,5,6,1,54,8,1198,1,16,VOLKSWAGEN FOX,10,E01030989,0,-1
2023430222557,2023,430222557,1,9,0,18,19,4,8,0,0,1,0,7,1,1,1,1,6,6,1,78,11,1198,1,15,VOLKSWAGEN FOX,10,E01016671,0,-1
2023161293167,2023,161293167,2,9,0,18,19,4,8,0,0,0,0,0,0,0,4,1,6,6,2,-1,-1,1198,1,15,VOLKSWAGEN FOX,-1,-1,0,-1
2023010433393,2023,010433393,1,9,0,9,9,4,1,0,0,0,0,0,0,0,1,1,6,6,2,69,10,1198,1,12,VOLKSWAGEN FOX,2,E01004398,0,-1
2023991365826,2023,991365826,1,9,0,18,19,7,3,0,0,2,0,4,0,0,1,1,5,6,2,49,8,1198,1,13,VOLKSWAGEN FOX,8,-1,0,-1
2023231357649,2023,231357649,1,9,0,18,19,2,6,0,0,0,5,10,1,4,1,1,5,6,1,20,4,1198,1,13,VOLKSWAGEN FOX,5,E01031050,0,-1
2023131384570,2023,131384570,1,9,0,9,9,2,6,0,0,1,0,0,0,0,3,1,5,6,2,21,5,1198,1,14,VOLKSWAGEN FOX,3,E01010993,0,-1
2023231373801,2023,231373801,1,9,0,5,5,4,8,0,0,6,5,0,1,0,4,1,6,6,2,75,10,1198,1,13,VOLKSWAGEN FOX,8,E01031245,0,-1
2023141383430,2023,141383430,2,9,0,4,4,5,1,0,0,0,0,0,0,0,2,1,5,6,2,42,7,1198,1,12,VOLKSWAGEN FOX,7,E01007334,0,-1
2023440269607,2023,440269607,2,9,0,18,19,3,7,0,0,1,0,0,0,0,1,1,6,6,1,22,5,1198,1,15,VOLKSWAGEN FOX,5,E01023201,0,-1
2023522300856,2023,522300856,1,9,0,9,9,1,6,0,0,5,0,0,0,0,1,1,6,6,2,26,6,1198,1,12,VOLKSWAGEN FOX,9,E01014710,0,-1
2023471318789,2023,471318789,1,9,0,5,5,4,8,0,0,0,0,0,4,0,1,1,2,2,2,27,6,1198,1,15,VOLKSWAGEN FOX,2,E01031558,0,-1
2023471296395,2023,471296395,3,9,0,18,19,8,3,0,0,1,0,0,0,0,3,2,5,6,2,26,6,1198,1,14,VOLKSWAGEN FOX,4,E01031652,0,-1
2023010432391,2023,010432391,2,9,0,99,99,9,9,99,99,9,9,99,9,99,9,9,6,6,2,62,9,1198,1,17,VOLKSWAGEN FOX,8,E01002985,0,-1
2023201387178,2023,201387178,1,9,0,18,19,7,3,0,0,0,0,0,0,0,1,1,6,6,2,25,5,1198,1,13,VOLKSWAGEN FOX,3,E01009701,0,-1
2023201386954,2023,201386954,1,9,0,3,3,6,4,0,0,1,0,0,0,0,2,1,6,6,2,30,6,1198,1,14,VOLKSWAGEN FOX,1,E01009270,0,-1
2023131388366,2023,131388366,1,9,0,18,19,3,7,0,0,0,0,0,0,0,1,1,5,6,1,21,5,1198,1,17,VOLKSWAGEN FOX,2,E01026156,0,-1
202363A016023,2023,63A016023,1,9,0,16,19,4,7,0,0,0,0,0,0,0,1,1,6,6,2,23,5,1198,1,15,VOLKSWAGEN FOX,6,W01000689,0,-1
2023401314224,2023,401314224,3,9,0,3,3,1,5,0,0,0,0,0,0,0,2,1,6,6,2,27,6,1198,1,14,VOLKSWAGEN FOX,2,E01004004,0,-1
2023430578341,2023,430578341,1,9,0,18,19,3,7,0,0,1,0,0,7,4,1,1,2,2,1,51,8,1198,1,14,VOLKSWAGEN FOX,8,E01022558,0,-1
2023320631366,2023,320631366,1,9,0,16,19,5,1,0,0,0,5,0,7,0,3,1,6,6,1,17,4,1198,1,16,VOLKSWAGEN FOX,8,E01013185,0,-1
2023552300923,2023,552300923,2,9,0,18,19,6,2,0,0,0,0,0,0,0,1,1,6,6,1,51,8,1198,1,14,VOLKSWAGEN FOX,5,E01020427,0,-1
2023421358732,2023,421358732,2,9,0,18,19,3,7,0,0,0,0,0,0,0,3,1,5,6,1,21,5,1198,1,13,VOLKSWAGEN FOX,9,E01021654,0,-1
2023010477354,2023,010477354,2,9,0,99,99,9,9,99,99,9,9,99,9,99,9,9,6,6,3,-1,-1,1198,1,17,VOLKSWAGEN FOX,-1,-1,0,-1
2023451354182,2023,451354182,2,9,0,18,19,5,1,0,0,0,0,0,0,0,2,1,5,6,1,22,5,1198,1,15,VOLKSWAGEN FOX,6,E01030665,0,-1
2023131351856,2023,131351856,1,9,0,9,9,1,1,0,0,0,0,0,0,0,4,1,5,6,2,34,6,1198,1,12,VOLKSWAGEN FOX,2,E01010778,0,-1
2023010474036,2023,010474036,2,9,0,18,19,3,7,0,0,1,0,0,0,0,2,1,6,6,2,21,5,1198,1,13,VOLKSWAGEN FOX,9,E01030149,0,-1
2023131347215,2023,131347215,1,9,0,12,12,5,5,0,0,0,0,0,1,0,3,1,5,6,2,76,11,1198,1,15,VOLKSWAGEN FOX,3,E01027846,0,-1
2023320735760,2023,320735760,1,9,0,18,19,7,3,0,0,0,5,0,7,1,1,1,6,6,1,18,4,1198,1,15,VOLKSWAGEN FOX,9,E01026211,0,-1
2023041350349,2023,041350349,2,9,0,18,19,7,3,0,0,2,0,0,0,0,1,1,6,6,2,60,9,1390,1,14,VOLKSWAGEN FOX,2,E01012746,0,-1
2023501329782,2023,501329782,2,9,0,17,19,8,5,0,0,0,0,0,0,0,1,1,5,6,1,40,7,1198,1,14,VOLKSWAGEN FOX,2,E01018897,0,-1
2023320775689,2023,320775689,2,9,0,10,10,3,1,0,0,5,0,0,0,0,2,1,6,6,1,54,8,1198,1,13,VOLKSWAGEN FOX,9,E01026370,0,-1
2023131317332,2023,131317332,1,9,0,18,19,1,5,0,0,2,0,0,0,0,1,1,5,6,2,28,6,1198,1,14,VOLKSWAGEN FOX,3,E01010867,0,-1
2023440118542,2023,440118542,1,9,0,3,3,5,1,0,0,0,0,0,0,0,2,1,6,6,1,30,6,1198,1,15,VOLKSWAGEN FOX,6,E01022939,0,-1
2023520301393,2023,520301393,1,9,0,18,19,5,1,0,0,8,0,0,0,0,4,1,6,6,1,19,4,1198,1,13,VOLKSWAGEN FOX,8,E01032651,0,-1
2023610022323,2023,610022323,1,2,0,17,19,5,2,0,0,0,0,0,0,0,1,1,6,6,1,16,4,49,1,7,YAMAHA NS,8,W01001392,0,-1
2023031299554,2023,031299554,1,2,0,7,7,3,6,0,0,2,2,0,0,0,1,1,2,2,1,20,4,49,1,9,YAMAHA NS,2,E01033160,0,-1
2023351337158,2023,351337158,2,2,0,18,19,-1,-1,0,0,3,0,0,0,0,4,1,6,6,1,19,4,49,1,6,YAMAHA NS,5,E01033176,0,-1
2023440347991,2023,440347991,2,2,0,18,19,8,4,0,0,0,0,0,0,0,1,1,6,6,1,17,4,49,1,8,YAMAHA NS,8,E01022786,0,-1
2023311295149,2023,311295149,1,2,0,18,19,3,7,0,0,1,5,0,0,0,1,1,5,6,1,16,4,49,1,6,YAMAHA NS,8,E01028337,0,-1
2023131319426,2023,131319426,2,2,0,9,9,7,2,0,0,8,5,0,0,0,4,1,5,6,1,16,4,49,1,9,YAMAHA NS,3,E01011175,0,-1
2023332300456,2023,332300456,1,2,0,9,9,5,3,0,0,5,0,0,0,0,3,1,6,6,1,17,4,49,1,9,YAMAHA NS,10,E01025783,0,-1
2023131311837,2023,131311837,1,2,0,4,4,8,4,0,0,0,0,0,0,0,3,1,4,7,1,16,4,49,1,6,YAMAHA NS,5,E01011022,0,-1
2023201372899,2023,201372899,1,2,0,17,19,4,2,0,0,2,0,4,0,0,1,1,5,6,1,21,5,49,1,9,YAMAHA NS,5,E01009594,0,-1
2023361354832,2023,361354832,2,2,0,13,13,7,3,0,0,1,0,0,0,0,1,1,5,6,1,16,4,49,1,6,YAMAHA NS,7,E01026883,0,-1
2023161314823,2023,161314823,2,2,0,18,19,5,7,0,0,1,0,0,0,0,4,1,5,6,1,16,4,49,1,5,YAMAHA NS,1,E01012834,0,-1
2023522400741,2023,522400741,2,2,0,18,19,8,4,0,0,0,0,0,0,0,1,1,6,6,1,16,4,49,1,10,YAMAHA NS,9,E01029129,0,-1
2023131362270,2023,131362270,2,1,0,9,9,1,5,0,0,5,0,0,0,0,1,1,2,2,1,58,9,-1,-1,-1,-1,4,E01011875,0,-1
2023010476126,2023,010476126,2,1,0,7,7,1,3,0,0,1,0,0,0,0,4,1,1,1,1,20,4,-1,-1,-1,-1,2,E01032805,0,-1
2023010452423,2023,010452423,1,1,9,99,99,9,9,99,99,9,9,99,9,99,1,1,6,6,1,44,7,-1,-1,-1,-1,2,E01004404,0,-1
2023010420623,2023,010420623,1,9,9,99,99,9,9,99,99,9,9,99,9,99,9,9,6,6,3,-1,-1,-1,-1,-1,-1,-1,-1,0,-1
2023631375890,2023,631375890,1,9,0,9,9,1,5,0,0,0,0,0,0,0,1,1,6,6,1,76,11,-1,-1,-1,-1,7,W01000459,0,-1
2023371360693,2023,371360693,2,1,0,18,19,7,3,0,0,1,0,0,0,0,1,1,6,6,1,52,8,-1,-1,-1,-1,5,E01030061,0,-1
2023461299037,2023,461299037,2,9,0,4,4,7,3,0,0,0,0,0,0,0,0,1,6,6,3,-1,-1,-1,-1,-1,-1,-1,-1,0,-1
2023411366454,2023,411366454,2,1,0,18,19,-1,-1,0,0,3,0,0,0,0,1,1,5,6,1,40,7,-1,-1,-1,-1,10,E01023734,0,-1
2023010449192,2023,010449192,2,1,0,9,9,2,8,0,0,1,0,0,0,0,3,1,3,7,1,6,2,-1,-1,-1,-1,3,E01000866,0,-1
202360A188766,2023,60A188766,1,9,0,18,19,8,4,0,0,0,0,0,0,0,1,1,6,6,1,36,7,-1,-1,-1,-1,-1,-1,0,-1
202354A477623,2023,54A477623,1,3,0,18,19,5,1,0,0,0,2,0,0,0,2,1,6,6,1,18,4,-1,-1,-1,-1,3,E01031975,0,-1
2023211303894,2023,211303894,1,9,-1,14,14,2,6,-1,-1,-1,-1,-1,-1,0,-1,1,6,6,3,-1,-1,-1,-1,-1,-1,-1,-1,0,-1
2023211332914,2023,211332914,1,19,0,5,5,5,8,9,9,2,0,0,0,0,4,1,2,2,1,33,6,-1,-1,-1,-1,7,E01029532,0,-1
2023320099644,2023,320099644,1,9,0,9,9,2,8,0,0,6,0,0,0,0,0,1,6,6,1,40,7,-1,-1,-1,-1,-1,-1,0,-1
2023522300155,2023,522300155,1,1,0,3,3,8,4,0,0,1,0,0,0,0,2,1,6,6,1,26,6,-1,-1,-1,-1,7,E01014909,0,-1
2023061325310,2023,061325310,2,1,0,18,19,1,5,0,0,1,0,0,0,0,0,1,2,2,1,44,7,-1,-1,-1,-1,2,E01004876,0,-1
2023061307219,2023,061307219,2,1,0,18,19,5,1,0,0,2,0,0,1,0,2,1,2,2,1,46,8,-1,-1,-1,-1,2,E01005337,0,-1
2023010422688,2023,010422688,2,1,0,18,19,4,8,0,0,8,0,0,0,0,1,1,6,6,1,26,6,-1,-1,-1,-1,4,E01003301,0,-1
2023302300158,2023,302300158,2,9,0,18,19,6,2,0,0,2,0,0,0,0,1,1,6,6,3,-1,-1,-1,-1,-1,-1,-1,-1,0,-1
2023131334050,2023,131334050,2,1,0,18,19,2,6,0,0,0,0,0,0,0,1,1,6,6,1,56,9,-1,-1,-1,-1,1,E01011492,0,-1
2023311328529,2023,311328529,2,-1,0,18,19,1,5,4,4,0,0,0,0,0,1,1,3,7,1,38,7,-1,-1,-1,-1,-1,-1,1,-1
2023061352758,2023,061352758,1,97,0,13,13,5,1,0,0,2,0,0,0,0,3,1,6,6,3,-1,-1,-1,-1,-1,-1,-1,-1,0,-1
2023351402053,2023,351402053,2,9,0,18,19,5,1,9,9,0,0,0,7,0,1,1,5,6,2,60,9,-1,-1,-1,-1,5,E01026255,0,-1
2023010456975,2023,010456975,2,90,9,99,99,9,9,99,99,9,9,99,9,99,2,9,6,6,3,-1,-1,-1,-1,-1,-1,7,E01003283,0,-1
2023221297714,2023,221297714,1,19,0,3,3,1,5,0,0,1,0,0,0,0,2,1,6,6,3,34,6,-1,-1,-1,-1,-1,-1,0,-1
2023471337115,2023,471337115,2,1,0,17,19,6,2,0,0,8,5,0,0,0,1,1,5,6,1,22,5,-1,-1,-1,-1,5,E01031807,0,-1
2023010428486,2023,010428486,1,19,0,18,19,1,5,0,0,8,0,0,0,0,1,1,1,1,1,-1,-1,-1,-1,-1,-1,-1,-1,0,-1
2023531261334,2023,531261334,1,9,0,9,9,1,7,0,0,8,1,0,0,0,1,1,2,2,1,32,6,-1,-1,-1,-1,7,E01022224,0,-1
2023430114726,2023,430114726,2,19,0,18,19,4,8,0,0,0,0,0,0,0,2,1,6,6,1,40,7,-1,-1,-1,-1,-1,-1,0,-1
2023421383801,2023,421383801,1,9,-1,18,19,-1,-1,0,0,0,0,0,0,0,-1,1,6,6,3,-1,-1,-1,-1,-1,-1,-1,-1,0,-1
2023461370134,2023,461370134,1,9,0,18,19,5,7,0,0,0,0,0,0,0,2,1,6,6,1,41,7,-1,-1,-1,-1,3,E01015988,0,-1
2023010443955,2023,010443955,1,9,0,99,99,9,9,99,99,9,9,99,9,99,9,9,2,2,1,53,8,-1,-1,-1,-1,4,E01023574,0,-1
2023161381820,2023,161381820,3,9,0,17,19,5,1,0,0,2,0,0,0,0,4,1,6,6,1,38,7,-1,-1,-1,-1,2,E01010658,0,-1
2023061326635,2023,061326635,2,1,-1,-1,-1,-1,-1,-1,-1,-1,-1,-1,-1,0,-1,1,4,7,1,13,3,-1,-1,-1,-1,6,E01006234,0,-1
2023451320459,2023,451320459,4,9,0,10,10,7,3,0,0,1,0,0,0,0,0,1,6,6,3,30,6,-1,-1,-1,-1,-1,-1,0,-1
2023501376806,2023,501376806,2,1,0,18,19,3,6,0,0,1,0,0,0,0,1,1,6,6,1,59,9,-1,-1,-1,-1,6,E01015207,0,-1
2023201321003,2023,201321003,2,9,0,13,13,2,6,0,0,8,0,0,0,0,1,1,6,6,1,24,5,-1,-1,-1,-1,1,E01008918,0,-1
2023010465352,2023,010465352,2,22,0,18,19,7,3,0,0,0,0,0,0,0,1,1,6,6,1,55,8,-1,-1,-1,-1,1,E01001426,0,-1
2023440514218,2023,440514218,1,97,0,18,19,8,4,0,0,0,0,0,0,0,1,1,6,6,1,24,5,-1,-1,-1,-1,3,E01017189,0,-1
2023010422169,2023,010422169,1,1,9,99,99,9,9,99,99,9,9,99,9,99,9,1,6,6,1,48,8,-1,-1,-1,-1,6,E01004497,0,-1
2023131361757,2023,131361757,1,9,0,-1,-1,-1,-1,-1,-1,0,-1,-1,-1,-1,-1,1,6,6,3,-1,-1,-1,-1,-1,-1,-1,-1,0,-1
2023302400030,2023,302400030,1,1,0,13,13,2,6,0,0,0,0,0,0,0,4,1,6,6,1,37,7,-1,-1,-1,-1,5,E01013542,0,-1
2023211343384,2023,211343384,3,9,0,3,3,4,8,0,0,0,0,0,0,0,2,1,5,6,1,21,5,-1,-1,-1,-1,10,E01019241,0,-1
2023411286531,2023,411286531,1,1,0,18,19,7,3,0,0,0,0,0,0,0,2,1,5,6,1,55,8,-1,-1,-1,-1,9,E01023653,0,-1
2023361373278,2023,361373278,1,9,0,18,19,-1,-1,0,0,2,0,0,0,0,1,1,6,6,2,-1,-1,-1,-1,-1,-1,-1,-1,0,-1
2023010472788,2023,010472788,2,1,0,3,3,8,4,0,0,4,0,0,0,0,2,1,2,2,2,24,5,-1,-1,-1,-1,1,E01003291,0,-1
202360A056402,2023,60A056402,1,9,0,18,19,3,7,0,0,7,0,0,0,0,1,1,6,6,1,-1,-1,-1,-1,-1,-1,-1,-1,0,-1
2023231291126,2023,231291126,2,9,0,4,4,4,8,0,0,0,0,0,0,0,4,1,1,1,1,52,8,-1,-1,-1,-1,-1,-1,0,-1
2023070682922,2023,070682922,2,1,0,18,19,7,3,5,5,8,0,0,0,0,4,1,6,6,1,17,4,-1,-1,-1,-1,1,E01018748,0,-1
2023010472759,2023,010472759,1,1,0,18,19,5,1,0,0,1,0,0,0,0,4,1,1,1,1,27,6,-1,-1,-1,-1,-1,-1,0,-1
2023141268058,2023,141268058,2,1,0,18,19,4,8,0,0,2,0,0,0,0,1,1,6,6,1,-1,-1,-1,-1,-1,-1,-1,-1,0,-1
2023451311203,2023,451311203,2,9,0,13,13,1,5,0,0,8,0,0,0,0,4,1,6,6,3,55,8,-1,-1,-1,-1,-1,-1,0,-1
2023101324312,2023,101324312,1,1,0,18,19,3,7,0,0,0,0,0,0,0,1,1,6,6,1,39,7,-1,-1,-1,-1,3,E01008350,0,-1
2023101368362,2023,101368362,1,9,0,18,19,3,7,0,0,0,0,0,0,0,4,1,6,6,3,40,7,-1,-1,-1,-1,-1,-1,0,-1
2023332300541,2023,332300541,2,1,0,18,19,2,6,0,0,6,0,0,0,0,1,1,6,6,1,19,4,-1,-1,-1,-1,2,E01013753,0,-1
2023401286627,2023,401286627,1,98,0,18,19,-1,-1,0,0,0,0,0,0,0,1,1,6,6,3,-1,-1,-1,-1,-1,-1,-1,-1,0,-1
2023501285111,2023,501285111,2,9,-1,2,2,0,0,-1,-1,0,-1,-1,-1,0,-1,1,6,6,3,-1,-1,-1,-1,-1,-1,-1,-1,0,-1
2023010437360,2023,010437360,2,9,0,4,4,5,1,0,0,8,0,0,0,0,0,1,6,6,2,58,9,-1,-1,-1,-1,7,E01004586,0,-1
2023052300959,2023,052300959,1,8,0,2,2,0,0,0,0,0,0,0,0,0,0,2,1,1,3,-1,-1,-1,-1,-1,-1,-1,-1,0,-1
2023211365654,2023,211365654,2,9,0,17,19,7,3,0,0,1,0,0,0,0,1,1,6,6,2,64,9,-1,-1,-1,-1,5,E01029638,0,-1
2023010440852,2023,010440852,2,1,0,16,19,5,1,0,0,0,0,0,0,0,0,1,6,6,1,43,7,-1,-1,-1,-1,2,E01001758,0,-1
2023221310826,2023,221310826,2,1,0,18,19,3,7,0,0,0,0,0,0,0,2,1,5,6,1,28,6,-1,-1,-1,-1,8,E01028875,0,-1
2023061280099,2023,061280099,2,1,0,-1,-1,-1,-1,-1,-1,0,-1,-1,-1,0,-1,1,6,6,3,30,6,-1,-1,-1,-1,-1,-1,0,-1
2023430216189,2023,430216189,1,9,0,18,19,5,1,0,0,0,0,0,0,0,3,1,6,6,1,60,9,-1,-1,-1,-1,-1,-1,0,-1
2023231352337,2023,231352337,2,1,0,10,10,1,7,0,0,1,0,0,0,0,3,1,6,6,1,44,7,-1,-1,-1,-1,10,E01031255,0,-1
2023201408362,2023,201408362,2,9,0,9,9,1,2,0,0,8,0,0,0,0,3,1,6,6,3,-1,-1,-1,-1,-1,-1,-1,-1,0,-1
2023101351245,2023,101351245,2,1,-1,-1,-1,-1,-1,-1,-1,0,-1,-1,-1,0,1,1,2,2,1,9,2,-1,-1,-1,-1,5,E01027536,0,-1
2023520301261,2023,520301261,1,9,0,4,4,4,8,0,0,0,0,0,0,0,2,1,6,6,1,47,8,-1,-1,-1,-1,6,E01032117,0,-1
2023421387496,2023,421387496,1,9,0,18,19,3,7,0,0,0,0,0,0,0,1,1,6,6,1,-1,-1,-1,-1,-1,-1,-1,-1,0,-1
2023451312183,2023,451312183,2,1,0,18,19,1,5,0,0,0,1,0,0,0,1,1,6,6,1,13,3,-1,-1,-1,-1,6,E01030767,0,-1
2023351364676,2023,351364676,2,9,0,4,4,-1,-1,0,0,0,0,0,0,0,2,1,2,2,1,43,7,-1,-1,-1,-1,8,E01018286,0,-1
2023332301046,2023,332301046,1,19,0,9,9,5,3,0,0,5,0,0,0,0,1,1,6,6,3,-1,-1,-1,-1,-1,-1,-1,-1,0,-1
2023421348822,2023,421348822,1,1,0,18,19,5,1,0,0,1,0,0,0,0,1,1,6,6,1,12,3,-1,-1,-1,-1,3,E01021269,0,-1
2023421368931,2023,421368931,2,1,0,18,19,4,8,0,0,0,0,0,0,0,3,1,5,6,1,39,7,-1,-1,-1,-1,4,E01021670,0,-1
2023231330092,2023,231330092,2,97,0,5,5,7,3,0,0,8,0,0,0,0,1,1,5,6,1,12,3,-1,-1,-1,-1,8,E01031011,0,-1
2023461274083,2023,461274083,1,9,0,7,7,7,3,0,0,0,0,0,0,0,0,1,6,6,3,-1,-1,-1,-1,-1,-1,-1,-1,0,-1
2023141285798,2023,141285798,1,1,0,18,19,4,8,0,0,2,0,0,0,0,1,1,6,6,1,73,10,-1,-1,-1,-1,6,E01008151,0,-1
2023010443061,2023,010443061,1,1,9,99,99,9,9,99,99,9,9,99,9,99,9,1,6,6,1,41,7,-1,-1,-1,-1,3,E01002100,0,-1
2023052300340,2023,052300340,1,9,0,99,99,9,9,0,0,0,0,99,9,99,9,9,6,6,3,-1,-1,-1,-1,-1,-1,-1,-1,0,-1
2023010425373,2023,010425373,1,1,9,99,99,9,9,99,99,0,9,99,9,99,1,1,2,2,3,51,8,-1,-1,-1,-1,6,E01003646,0,-1
2023302300705,2023,302300705,2,1,0,18,19,2,6,0,0,0,0,0,0,0,1,1,6,6,1,7,2,-1,-1,-1,-1,8,E01019535,0,-1
2023131381992,2023,131381992,1,9,0,9,9,0,5,0,0,8,0,0,0,0,1,1,5,6,1,27,6,-1,-1,-1,-1,2,E01011121,0,-1
2023201408830,2023,201408830,2,9,0,4,4,8,4,0,0,1,0,0,0,0,1,1,2,2,2,36,7,-1,-1,-1,-1,10,E01014177,0,-1
2023170S30063,2023,170S30063,2,22,0,18,19,1,5,0,0,1,0,0,0,0,3,1,6,6,1,74,10,-1,-1,-1,-1,-1,-1,0,-1
2023461333924,2023,461333924,1,97,0,18,19,4,8,0,0,8,1,0,0,0,1,1,6,6,1,17,4,-1,-1,-1,-1,3,E01016038,0,-1
2023221347047,2023,221347047,1,9,0,5,5,5,1,0,0,1,0,0,0,0,1,1,5,6,1,32,6,-1,-1,-1,-1,6,E01032159,0,-1
2023552300366,2023,552300366,2,1,0,18,19,1,5,0,0,8,0,0,0,0,1,1,6,6,1,11,3,-1,-1,-1,-1,9,E01020391,0,-1
2023522400059,2023,522400059,1,1,0,18,19,3,7,0,0,6,0,0,0,0,1,1,6,6,1,25,5,-1,-1,-1,-1,-1,-1,0,-1
2023010466571,2023,010466571,3,1,9,99,99,9,9,99,99,0,9,99,9,99,2,1,6,6,3,-1,-1,-1,-1,-1,-1,10,E01032638,0,-1
2023401322680,2023,401322680,1,9,0,18,19,-1,-1,0,0,8,0,0,0,0,1,1,6,6,1,-1,-1,-1,-1,-1,-1,-1,-1,0,-1
2023131284620,2023,131284620,2,9,0,9,9,5,3,0,0,5,0,0,0,0,2,1,1,1,1,40,7,-1,-1,-1,-1,7,E01011193,0,-1
2023421360786,2023,421360786,2,1,0,9,9,2,8,0,0,1,0,0,0,0,4,1,6,6,1,66,10,-1,-1,-1,-1,4,E01015906,0,-1
2023461378032,2023,461378032,1,1,0,18,19,1,5,9,9,0,0,0,0,0,1,1,6,6,3,-1,-1,-1,-1,-1,-1,-1,-1,0,-1
2023547158123,2023,547158123,1,9,0,18,19,3,7,0,0,0,1,0,0,0,1,1,6,6,1,47,8,-1,-1,-1,-1,8,E01030440,0,-1
2023141384746,2023,141384746,2,9,0,18,19,4,8,0,0,2,0,0,0,0,4,1,5,6,1,42,7,-1,-1,-1,-1,7,E01007468,0,-1
2023061286611,2023,061286611,2,1,0,18,19,4,2,4,4,0,0,0,0,0,1,1,2,2,1,32,6,-1,-1,-1,-1,3,E01032919,0,-1
2023122301419,2023,122301419,1,9,0,18,19,1,5,0,0,0,0,0,0,0,4,1,6,6,1,42,7,-1,-1,-1,-1,6,E01011704,0,-1
2023161294080,2023,161294080,2,9,0,7,7,5,7,0,0,8,0,0,0,0,1,1,6,6,1,-1,-1,-1,-1,-1,-1,-1,-1,0,-1
2023010445903,2023,010445903,2,1,9,99,99,9,9,99,99,9,9,99,9,99,9,1,6,6,2,41,7,-1,-1,-1,-1,-1,-1,0,-1
2023122301163,2023,122301163,1,1,0,18,19,6,2,0,0,0,0,0,0,0,1,1,6,6,3,-1,-1,-1,-1,-1,-1,-1,-1,0,-1
2023010462700,2023,010462700,1,9,9,99,99,9,9,99,99,9,9,99,9,99,9,1,6,6,3,-1,-1,-1,-1,-1,-1,-1,-1,0,-1
2023010449122,2023,010449122,2,1,0,18,19,5,1,0,0,1,0,0,0,0,1,1,6,6,2,27,6,-1,-1,-1,-1,-1,-1,0,-1
2023552301476,2023,552301476,2,1,0,18,19,5,1,0,0,8,0,0,0,0,1,1,6,6,1,51,8,-1,-1,-1,-1,7,E01020576,0,-1
2023131299941,2023,131299941,2,1,0,18,19,5,1,0,0,1,0,0,0,0,1,1,5,6,1,27,6,-1,-1,-1,-1,1,E01011038,0,-1
2023320274044,2023,320274044,1,16,0,18,19,4,8,0,0,0,5,0,0,0,0,1,6,6,2,63,9,-1,-1,-1,-1,-1,-1,0,-1
2023071125455,2023,071125455,1,9,0,18,19,3,7,0,0,0,0,0,0,0,1,1,6,6,1,22,5,-1,-1,-1,-1,4,E01012504,0,-1
2023461278700,2023,461278700,2,21,0,12,12,4,7,0,0,0,0,0,0,0,3,1,1,1,1,31,6,-1,-1,-1,-1,-1,-1,0,-1
2023101272988,2023,101272988,2,1,0,4,4,6,2,0,0,4,0,0,0,0,1,1,5,6,1,27,6,-1,-1,-1,-1,1,E01008668,0,-1
2023320430986,2023,320430986,1,9,0,18,19,6,2,9,9,0,0,0,0,0,4,1,6,6,3,-1,-1,-1,-1,-1,-1,-1,-1,0,-1
2023010482994,2023,010482994,1,3,0,99,99,9,9,0,0,8,0,99,9,99,2,1,2,2,2,58,9,-1,-1,-1,-1,3,E01000130,0,-1
2023522400462,2023,522400462,2,9,0,9,9,1,7,0,0,6,0,0,0,0,1,1,6,6,3,-1,-1,-1,-1,-1,-1,-1,-1,0,-1
2023201293162,2023,201293162,3,9,0,3,3,6,2,0,0,0,0,0,0,0,2,1,5,6,1,-1,-1,-1,-1,-1,-1,-1,-1,0,-1
2023501284285,2023,501284285,1,9,0,18,19,8,4,0,0,1,0,10,1,10,1,1,2,2,1,30,6,-1,-1,-1,-1,4,E01018969,0,-1
2023010434164,2023,010434164,1,9,0,3,3,3,7,0,0,0,0,0,0,0,2,1,6,6,1,36,7,-1,-1,-1,-1,8,E01021750,0,-1
2023031312560,2023,031312560,1,1,0,18,19,1,5,0,0,0,0,0,0,0,1,1,5,6,1,36,7,-1,-1,-1,-1,-1,-1,0,-1
2023131297916,2023,131297916,2,1,0,18,19,7,3,0,0,8,0,0,0,0,4,1,6,6,1,43,7,-1,-1,-1,-1,4,E01011839,0,-1
2023361347819,2023,361347819,2,9,0,18,19,5,1,0,0,0,0,0,0,0,4,1,2,2,1,35,6,-1,-1,-1,-1,6,E01026529,0,-1
2023161325960,2023,161325960,1,1,0,18,19,3,1,0,0,8,0,0,0,0,1,1,5,6,1,35,6,-1,-1,-1,-1,-1,-1,0,-1
2023311354746,2023,311354746,2,1,0,18,19,4,1,0,0,1,0,0,0,0,1,1,5,6,1,62,9,-1,-1,-1,-1,2,E01028245,0,-1
2023010426562,2023,010426562,1,9,0,9,9,7,4,0,0,1,0,0,0,0,1,1,6,6,3,-1,-1,-1,-1,-1,-1,-1,-1,0,-1
2023101384147,2023,101384147,2,9,-1,18,19,1,5,0,0,2,-1,-1,0,0,-1,1,6,6,3,-1,-1,-1,-1,-1,-1,-1,-1,0,-1
2023320680566,2023,320680566,2,17,0,9,9,5,3,0,0,0,0,0,0,0,3,1,1,1,1,66,10,-1,-1,-1,-1,3,E01026075,0,-1
2023010460551,2023,010460551,2,1,0,18,19,1,5,0,0,1,1,8,0,0,1,1,6,6,1,19,4,-1,-1,-1,-1,-1,-1,0,-1