collision_index,collision_year,collision_ref_no,vehicle_reference,vehicle_type,towing_and_articulation,vehicle_manoeuvre_historic,vehicle_manoeuvre,vehicle_direction_from,vehicle_direction_to,vehicle_location_restricted_lane_historic,vehicle_location_restricted_lane,junction_location,skidding_and_overturning,hit_object_in_carriageway,vehicle_leaving_carriageway,hit_object_off_carriageway,first_point_of_impact,vehicle_left_hand_drive,journey_purpose_of_driver_historic,journey_purpose_of_driver,sex_of_driver,age_of_driver,age_band_of_driver,engine_capacity_cc,propulsion_code,age_of_vehicle,generic_make_model,driver_imd_decile,lsoa_of_driver,escooter_flag,driver_distance_banding
2023010425395,2023,010425395,1,9,9,99,99,9,9,99,99,9,9,99,9,99,9,9,6,6,3,-1,-1,-1,-1,-1,-1,-1,-1,0,-1
2023471359439,2023,471359439,1,9,0,18,19,3,7,0,0,1,0,0,0,0,1,1,6,6,3,-1,-1,-1,-1,-1,-1,-1,-1,0,-1
2023052300738,2023,052300738,1,9,0,18,19,7,3,0,0,0,0,0,0,0,1,1,6,6,3,-1,-1,-1,-1,-1,-1,-1,-1,0,-1
2023010458066,2023,010458066,2,-1,0,7,7,5,8,0,0,1,0,0,0,0,1,1,6,6,1,16,4,-1,-1,-1,-1,2,E01000901,1,-1
2023421368077,2023,421368077,1,19,0,18,19,2,3,0,0,0,0,0,0,0,1,1,1,1,1,61,9,-1,-1,-1,-1,6,E01032968,0,-1
2023010483932,2023,010483932,1,1,0,18,19,7,3,0,0,1,0,0,0,0,1,1,2,2,1,23,5,-1,-1,-1,-1,4,E01002759,0,-1
2023991452640,2023,991452640,1,98,1,18,19,7,4,0,0,2,0,0,0,0,4,1,6,6,1,64,9,-1,-1,-1,-1,-1,-1,0,-1
2023010456321,2023,010456321,1,1,9,99,99,9,9,99,99,9,9,99,9,99,9,1,2,2,2,59,9,-1,-1,-1,-1,4,E01003343,0,-1
2023070766615,2023,070766615,1,8,0,18,19,5,1,0,0,0,0,0,0,0,1,1,6,6,3,-1,-1,-1,-1,-1,-1,-1,-1,0,-1
2023201409111,2023,201409111,2,9,0,4,4,1,5,0,0,0,0,0,0,0,2,1,6,6,1,66,10,-1,-1,-1,-1,4,E01014106,0,-1
2023141264421,2023,141264421,2,9,0,18,19,1,5,0,0,1,0,0,0,0,1,1,6,6,3,-1,-1,-1,-1,-1,-1,-1,-1,0,-1
2023010452412,2023,010452412,2,9,0,99,99,9,9,99,99,9,9,99,9,99,0,9,6,6,3,-1,-1,-1,-1,-1,-1,-1,-1,0,-1
2023311319254,2023,311319254,1,9,0,16,19,5,1,0,0,0,1,0,7,0,1,1,1,1,1,22,5,-1,-1,-1,-1,5,E01028189,0,-1
2023631375893,2023,631375893,2,90,4,18,19,2,6,0,0,1,0,0,0,0,2,1,1,1,1,51,8,-1,-1,-1,-1,4,E01028922,0,-1
2023101360455,2023,101360455,1,19,0,18,19,2,6,0,0,0,0,0,0,0,4,1,6,6,3,40,7,-1,-1,-1,-1,-1,-1,0,-1
2023101354505,2023,101354505,1,9,0,11,11,5,1,0,0,0,0,0,0,0,0,1,6,6,1,-1,-1,-1,-1,-1,-1,-1,-1,0,-1
2023302300482,2023,302300482,2,1,0,7,7,1,2,0,0,4,1,0,0,0,1,1,6,6,2,27,6,-1,-1,-1,-1,3,E01013874,0,-1
2023421281234,2023,421281234,1,-1,0,18,19,5,1,0,0,1,0,0,0,0,1,1,6,6,2,-1,-1,-1,-1,-1,-1,-1,-1,1,-1
2023122300942,2023,122300942,1,9,0,7,7,5,7,0,0,6,0,0,0,0,3,1,1,1,2,53,8,-1,-1,-1,-1,6,E01027736,0,-1
2023161352099,2023,161352099,2,1,0,18,19,3,7,0,0,0,1,0,0,0,1,1,4,7,2,11,3,-1,-1,-1,-1,-1,-1,0,-1
2023122300714,2023,122300714,3,1,0,9,9,5,3,0,0,8,0,0,0,0,3,1,6,6,1,19,4,-1,-1,-1,-1,7,E01011509,0,-1
2023010448455,2023,010448455,1,11,0,5,5,7,3,2,2,0,0,0,0,0,0,1,6,6,1,40,7,-1,-1,-1,-1,7,E01003839,0,-1
2023010442745,2023,010442745,2,1,0,18,19,1,5,0,0,1,0,0,0,0,2,1,6,6,1,32,6,-1,-1,-1,-1,2,E01003032,0,-1
2023101271383,2023,101271383,1,22,0,18,19,3,7,9,9,0,0,0,0,0,1,1,5,6,2,50,8,-1,-1,-1,-1,-1,-1,0,-1
2023010437330,2023,010437330,2,9,0,99,99,9,9,99,99,9,9,99,9,99,1,9,6,6,3,-1,-1,-1,-1,-1,-1,-1,-1,0,-1
2023010476680,2023,010476680,1,1,9,99,99,9,9,99,99,9,9,99,9,99,9,1,2,2,1,53,8,-1,-1,-1,-1,7,E01002573,0,-1
2023010445129,2023,010445129,1,1,0,18,19,3,7,0,0,8,5,0,0,0,1,1,6,6,1,50,8,-1,-1,-1,-1,7,E01001226,0,-1
2023031285033,2023,031285033,1,9,0,18,19,7,3,0,0,8,0,0,0,0,1,1,2,2,1,57,9,-1,-1,-1,-1,4,E01019218,0,-1
2023010430984,2023,010430984,1,9,0,5,5,3,7,0,0,6,0,0,0,0,4,2,6,6,1,63,9,-1,-1,-1,-1,5,E01033489,0,-1
2023111280828,2023,111280828,1,97,0,18,19,2,5,0,0,0,0,0,0,0,1,1,6,6,3,18,4,-1,-1,-1,-1,-1,-1,0,-1
2023421369219,2023,421369219,2,16,0,18,19,7,3,5,5,0,0,0,0,0,0,1,5,6,2,60,9,-1,-1,-1,-1,8,E01022091,0,-1
2023061271699,2023,061271699,1,-1,-1,18,19,5,8,0,0,0,0,0,0,0,1,1,6,6,2,-1,-1,-1,-1,-1,-1,-1,-1,0,-1
2023421359367,2023,421359367,1,9,0,18,19,3,7,0,0,1,0,0,0,0,4,1,6,6,3,-1,-1,-1,-1,-1,-1,-1,-1,0,-1
2023010470386,2023,010470386,2,22,0,18,19,1,5,0,0,8,0,0,0,0,4,1,6,6,2,69,10,-1,-1,-1,-1,7,E01000400,0,-1
2023340WN0442,2023,340WN0442,2,9,0,2,2,0,0,0,0,0,0,0,0,0,3,1,6,6,2,32,6,-1,-1,-1,-1,-1,-1,0,-1
2023461402563,2023,461402563,2,1,0,18,19,5,1,0,0,1,0,0,0,0,1,1,6,6,1,51,8,-1,-1,-1,-1,1,E01016024,0,-1
2023122400155,2023,122400155,2,9,0,18,19,7,1,0,0,2,0,0,0,0,4,1,6,6,1,55,8,-1,-1,-1,-1,10,E01010646,0,-1
2023170S11533,2023,170S11533,2,1,0,18,19,1,5,0,0,8,0,0,0,0,1,1,6,6,1,44,7,-1,-1,-1,-1,1,E01012271,0,-1
2023421391986,2023,421391986,2,1,0,18,19,3,7,9,9,1,0,0,0,0,1,1,6,6,1,24,5,-1,-1,-1,-1,4,E01021293,0,-1
2023430018135,2023,430018135,1,9,0,18,19,4,8,0,0,6,0,0,0,0,1,1,6,6,1,35,6,-1,-1,-1,-1,-1,-1,0,-1
2023010470658,2023,010470658,1,1,0,18,19,5,1,0,0,1,0,0,0,0,0,1,6,6,1,63,9,-1,-1,-1,-1,5,E01003058,0,-1
2023010471248,2023,010471248,1,9,0,99,99,9,9,99,99,9,9,99,9,99,1,9,6,6,3,-1,-1,-1,-1,-1,-1,-1,-1,0,-1
2023010461915,2023,010461915,2,9,0,99,99,9,9,99,99,9,9,99,9,99,9,9,6,6,3,33,6,-1,-1,-1,-1,-1,-1,0,-1
2023041381448,2023,041381448,2,1,0,18,19,1,5,0,0,0,0,0,0,0,3,1,6,6,1,60,9,-1,-1,-1,-1,-1,-1,0,-1
2023010470727,2023,010470727,1,3,0,99,99,9,9,99,99,9,9,99,9,99,9,1,2,2,1,33,6,-1,-1,-1,-1,2,E01003137,0,-1
2023430325816,2023,430325816,1,9,0,17,19,7,4,0,0,0,1,0,1,9,1,1,6,6,1,32,6,-1,-1,-1,-1,6,E01017834,0,-1
2023471337972,2023,471337972,3,9,0,18,19,3,7,0,0,0,0,0,0,0,2,1,1,1,1,49,8,-1,-1,-1,-1,10,E01022590,0,-1
2023302301863,2023,302301863,1,21,0,18,19,5,3,0,0,8,0,0,0,0,1,2,1,1,1,37,7,-1,-1,-1,-1,-1,-1,0,-1
202360A160789,2023,60A160789,3,1,0,17,19,2,6,0,0,0,0,0,1,0,3,1,6,6,1,65,9,-1,-1,-1,-1,-1,-1,0,-1
2023991314333,2023,991314333,1,9,0,14,14,5,8,0,0,0,0,0,0,0,1,1,6,6,1,29,6,-1,-1,-1,-1,9,-1,0,-1
2023451311154,2023,451311154,2,1,0,18,19,8,4,0,0,0,2,0,1,0,1,1,5,6,1,48,8,-1,-1,-1,-1,10,E01030353,0,-1
2023371350024,2023,371350024,3,1,0,18,19,7,4,0,0,0,1,0,0,0,1,1,5,6,2,11,3,-1,-1,-1,-1,6,E01030005,0,-1
2023070361916,2023,070361916,1,1,0,18,19,8,4,9,9,1,0,0,0,0,1,1,6,6,1,25,5,-1,-1,-1,-1,-1,-1,0,-1
2023101270437,2023,101270437,2,9,-1,3,3,7,3,0,0,4,0,0,0,0,2,1,6,6,2,31,6,-1,-1,-1,-1,-1,-1,0,-1
2023461331284,2023,461331284,2,1,0,9,9,5,7,0,0,0,0,10,1,0,4,1,6,6,2,54,8,-1,-1,-1,-1,7,E01024635,0,-1
2023501359162,2023,501359162,1,19,0,9,9,2,8,0,0,8,0,0,0,0,1,1,6,6,1,-1,-1,-1,-1,-1,-1,-1,-1,0,-1
2023332300012,2023,332300012,2,1,0,18,19,4,8,0,0,0,0,0,0,0,2,1,6,6,1,61,9,-1,-1,-1,-1,5,E01025936,0,-1
2023010481458,2023,010481458,2,9,0,18,19,8,4,0,0,2,0,0,0,0,0,1,6,6,3,-1,-1,-1,-1,-1,-1,-1,-1,0,-1
2023101391717,2023,101391717,2,22,0,18,19,7,3,0,0,2,2,0,0,0,1,1,6,6,2,44,7,-1,-1,-1,-1,7,E01008789,0,-1
2023122300469,2023,122300469,2,1,0,5,5,7,1,0,0,8,0,0,0,0,1,1,6,6,1,29,6,-1,-1,-1,-1,3,E01013350,0,-1
2023070286752,2023,070286752,1,1,0,18,19,3,7,0,0,3,0,0,0,0,3,1,6,6,1,16,4,-1,-1,-1,-1,2,E01018596,0,-1
2023122300435,2023,122300435,1,1,0,13,13,7,3,0,0,8,0,0,0,0,1,1,6,6,1,15,3,-1,-1,-1,-1,-1,-1,0,-1
2023221315348,2023,221315348,2,9,0,13,13,3,7,0,0,0,0,0,0,0,0,1,6,6,3,26,6,-1,-1,-1,-1,-1,-1,0,-1
2023061260736,2023,061260736,1,1,0,13,13,3,7,0,0,8,0,0,0,0,1,1,5,6,1,15,3,-1,-1,-1,-1,5,E01005728,0,-1
2023471371891,2023,471371891,2,-1,0,18,19,3,7,0,0,4,5,0,0,0,1,1,6,6,1,38,7,-1,-1,-1,-1,3,E01016879,1,-1
2023340WN1202,2023,340WN1202,2,1,0,18,19,3,7,9,9,1,0,0,0,0,1,1,6,6,1,53,8,-1,-1,-1,-1,1,E01027244,0,-1
2023501260483,2023,501260483,2,1,0,18,19,6,2,0,0,1,2,0,0,0,3,1,6,6,1,30,6,-1,-1,-1,-1,4,E01015178,0,-1
2023010483662,2023,010483662,2,1,0,18,19,1,5,0,0,8,0,0,0,0,3,1,6,6,1,26,6,-1,-1,-1,-1,4,E01001007,0,-1
2023421340034,2023,421340034,2,1,0,18,19,2,6,5,5,0,0,0,0,0,1,1,6,6,1,69,10,-1,-1,-1,-1,8,E01021341,0,-1
2023052301476,2023,052301476,1,9,0,18,19,3,7,0,0,0,0,0,0,0,3,1,6,6,3,-1,-1,-1,-1,-1,-1,-1,-1,0,-1
2023071304794,2023,071304794,2,1,0,5,5,3,7,0,0,2,0,0,0,0,3,1,6,6,1,33,6,-1,-1,-1,-1,9,E01018381,0,-1
2023131343828,2023,131343828,2,9,0,15,15,7,3,0,0,0,0,0,0,0,2,1,2,2,1,39,7,-1,-1,-1,-1,2,E01025524,0,-1
2023522400108,2023,522400108,3,9,0,18,19,2,6,0,0,0,0,0,0,0,1,1,6,6,3,-1,-1,-1,-1,-1,-1,-1,-1,0,-1
2023041373399,2023,041373399,1,98,0,18,19,-1,-1,0,0,0,0,0,0,0,-1,1,6,6,3,-1,-1,-1,-1,-1,-1,-1,-1,0,-1
2023161351816,2023,161351816,2,9,0,5,5,5,1,0,0,2,0,0,0,0,4,1,6,6,3,-1,-1,-1,-1,-1,-1,-1,-1,0,-1
202360A094737,2023,60A094737,2,1,0,18,19,7,3,0,0,8,0,0,0,0,1,1,6,6,1,55,8,-1,-1,-1,-1,-1,-1,0,-1
2023302300447,2023,302300447,1,20,0,18,19,2,6,0,0,0,0,0,0,0,1,1,6,6,3,-1,-1,-1,-1,-1,-1,5,E01019456,0,-1
2023371414727,2023,371414727,1,9,0,18,19,-1,-1,0,0,1,0,0,0,0,-1,1,6,6,3,-1,-1,-1,-1,-1,-1,-1,-1,0,-1
2023010439781,2023,010439781,1,1,9,99,99,9,9,99,99,9,9,99,9,99,1,1,2,2,1,54,8,-1,-1,-1,-1,1,E01002026,0,-1
2023610001723,2023,610001723,2,11,0,18,19,1,5,0,0,1,0,0,0,0,1,1,1,1,1,65,9,-1,-1,-1,-1,-1,-1,0,-1
2023522400653,2023,522400653,1,8,0,18,19,4,8,0,0,0,0,0,0,0,9,1,6,6,3,-1,-1,-1,-1,-1,-1,-1,-1,0,-1
2023041374135,2023,041374135,2,1,0,18,19,1,5,0,0,1,0,0,0,0,1,1,6,6,1,13,3,-1,-1,-1,-1,4,E01012699,0,-1
2023351395175,2023,351395175,2,1,0,18,19,2,6,0,0,0,0,0,0,0,1,1,2,2,2,22,5,-1,-1,-1,-1,8,E01017966,0,-1
2023052301907,2023,052301907,1,19,0,5,5,3,1,0,0,0,0,0,0,0,1,1,6,6,1,-1,-1,-1,-1,-1,-1,-1,-1,0,-1
2023471388709,2023,471388709,1,98,0,18,19,2,6,0,0,0,0,0,0,0,4,1,6,6,3,-1,-1,-1,-1,-1,-1,-1,-1,0,-1
2023421357531,2023,421357531,2,1,0,18,19,1,5,5,5,0,5,0,0,0,1,1,6,6,1,8,2,-1,-1,-1,-1,8,E01022091,0,-1
2023421381123,2023,421381123,2,9,0,5,5,7,7,0,0,8,0,0,0,0,1,1,2,2,1,50,8,-1,-1,-1,-1,10,E01021247,0,-1
2023010428763,2023,010428763,2,9,0,99,99,9,9,99,99,0,9,99,9,99,9,9,6,6,3,-1,-1,-1,-1,-1,-1,-1,-1,0,-1
2023411368346,2023,411368346,2,-1,0,5,5,1,5,0,0,2,0,0,0,0,2,1,6,6,1,30,6,-1,-1,-1,-1,3,E01023866,1,-1
2023010437492,2023,010437492,1,9,9,99,99,9,9,99,99,9,9,99,9,99,9,9,6,6,3,-1,-1,-1,-1,-1,-1,-1,-1,0,-1
2023010481600,2023,010481600,2,9,0,99,99,9,9,99,99,9,9,99,9,99,1,9,6,6,1,-1,-1,-1,-1,-1,-1,-1,-1,0,-1
2023552300180,2023,552300180,1,-1,0,18,19,1,5,0,0,0,0,0,0,0,4,1,6,6,1,17,4,-1,-1,-1,-1,3,E01015426,1,-1
2023211302039,2023,211302039,1,9,0,18,19,1,5,0,0,0,0,0,0,0,1,1,6,6,1,40,7,-1,-1,-1,-1,5,E01029537,0,-1
2023010465228,2023,010465228,1,1,9,99,99,9,9,99,99,9,9,99,9,99,9,1,2,2,3,23,5,-1,-1,-1,-1,2,E01003092,0,-1
2023610044923,2023,610044923,2,9,0,18,19,4,8,0,0,6,0,0,0,0,3,1,6,6,1,26,6,-1,-1,-1,-1,3,W01001331,0,-1
2023010479630,2023,010479630,2,1,0,5,5,5,1,0,0,1,0,0,0,0,1,1,6,6,2,20,4,-1,-1,-1,-1,6,E01025878,0,-1
2023221343284,2023,221343284,2,90,0,2,2,0,0,0,0,0,0,0,0,0,2,1,5,6,2,57,9,-1,-1,-1,-1,3,E01022403,0,-1
2023471268936,2023,471268936,1,90,0,1,1,3,7,0,0,0,0,0,0,0,2,1,6,6,3,-1,-1,-1,-1,-1,-1,-1,-1,0,-1
2023421316251,2023,421316251,1,9,0,18,19,1,5,0,0,1,0,0,0,0,1,1,6,6,2,82,11,-1,-1,-1,-1,3,E01021806,0,-1
2023122300324,2023,122300324,1,9,0,5,5,2,7,0,0,1,0,0,0,0,0,9,6,6,3,-1,-1,-1,-1,-1,-1,-1,-1,0,-1
2023522301316,2023,522301316,2,19,0,18,19,7,3,0,0,0,0,0,0,0,1,1,6,6,3,-1,-1,-1,-1,-1,-1,-1,-1,0,-1
2023311351761,2023,311351761,1,19,0,1,1,2,6,9,9,0,0,0,0,0,2,1,6,6,1,30,6,-1,-1,-1,-1,-1,-1,0,-1
2023131275783,2023,131275783,2,1,0,18,19,5,1,0,0,1,0,0,0,0,1,1,6,6,1,33,6,-1,-1,-1,-1,1,E01011317,0,-1
2023451377039,2023,451377039,1,-1,0,4,4,1,6,0,0,8,0,0,0,0,1,1,6,6,2,40,7,-1,-1,-1,-1,-1,-1,0,-1
2023010460658,2023,010460658,1,1,9,99,99,9,9,99,99,9,9,99,9,99,9,1,2,2,1,41,7,-1,-1,-1,-1,6,E01000581,0,-1
2023010482842,2023,010482842,2,9,9,99,99,9,9,99,99,9,9,99,9,99,9,9,6,6,3,-1,-1,-1,-1,-1,-1,-1,-1,0,-1
2023010469628,2023,010469628,1,9,0,18,19,5,1,0,0,1,0,0,0,0,1,1,6,6,3,-1,-1,-1,-1,-1,-1,-1,-1,0,-1
2023131344584,2023,131344584,1,9,0,-1,-1,-1,-1,-1,-1,0,-1,-1,-1,-1,-1,1,6,6,3,99,11,-1,-1,-1,-1,-1,-1,0,-1
2023101374694,2023,101374694,3,1,0,18,19,5,1,0,0,0,0,0,0,0,1,1,5,6,1,18,4,-1,-1,-1,-1,-1,-1,0,-1
2023461268100,2023,461268100,2,1,0,-1,-1,-1,-1,-1,-1,0,-1,-1,-1,0,3,1,4,7,1,12,3,-1,-1,-1,-1,8,E01024354,0,-1
2023131389074,2023,131389074,1,9,0,-1,-1,-1,-1,-1,-1,0,-1,-1,-1,0,-1,1,6,6,3,-1,-1,-1,-1,-1,-1,-1,-1,0,-1
2023010474408,2023,010474408,2,9,0,99,99,9,9,99,99,9,9,99,9,99,1,9,6,6,3,-1,-1,-1,-1,-1,-1,-1,-1,0,-1
2023461302212,2023,461302212,1,9,0,5,5,3,8,0,0,8,1,0,0,0,3,1,3,7,2,33,6,-1,-1,-1,-1,6,E01024034,0,-1
2023430287384,2023,430287384,3,98,0,9,9,5,3,0,0,6,0,0,0,0,0,1,6,6,3,-1,-1,-1,-1,-1,-1,-1,-1,0,-1
2023451342140,2023,451342140,2,9,0,18,19,1,5,0,0,0,0,0,0,0,1,1,6,6,3,45,7,-1,-1,-1,-1,-1,-1,0,-1
2023320315620,2023,320315620,2,9,0,18,19,1,5,0,0,0,0,0,0,0,1,1,6,6,1,39,7,-1,-1,-1,-1,6,E01013169,0,-1
2023061333147,2023,061333147,1,9,0,18,19,-1,-1,0,0,0,0,0,0,0,0,1,6,6,3,30,6,-1,-1,-1,-1,7,E01004775,0,-1
2023170S11923,2023,170S11923,2,1,0,18,19,5,1,0,0,6,0,0,0,0,1,1,6,6,1,15,3,-1,-1,-1,-1,8,E01012212,0,-1
2023361395267,2023,361395267,2,1,0,-1,-1,5,1,-1,-1,-1,0,0,0,0,-1,1,6,6,1,13,3,-1,-1,-1,-1,9,E01026933,0,-1
2023221264741,2023,221264741,2,9,0,4,4,2,7,0,0,8,0,0,0,0,3,1,6,6,2,37,7,-1,-1,-1,-1,6,E01018682,0,-1
2023010454626,2023,010454626,1,1,9,99,99,9,9,99,99,9,9,99,9,99,0,1,2,2,2,26,6,-1,-1,-1,-1,1,E01004318,0,-1
2023332300090,2023,332300090,1,9,0,17,19,5,2,0,0,0,0,0,2,4,1,1,6,6,1,19,4,-1,-1,-1,-1,6,E01031017,0,-1
2023201308312,2023,201308312,1,9,0,3,3,8,4,0,0,0,0,0,0,0,4,1,5,6,1,-1,-1,-1,-1,-1,-1,-1,-1,0,-1
2023201298283,2023,201298283,1,9,0,4,4,6,2,0,0,1,0,0,0,0,1,1,6,6,1,-1,-1,-1,-1,-1,-1,-1,-1,0,-1
2023010436975,2023,010436975,3,1,0,5,5,3,7,9,9,2,0,0,0,0,4,1,6,6,1,24,5,-1,-1,-1,-1,-1,-1,0,-1
2023520300754,2023,520300754,1,9,0,18,19,2,6,0,0,0,2,0,1,11,1,1,6,6,1,20,4,-1,-1,-1,-1,7,E01029018,0,-1
2023010471524,2023,010471524,2,1,0,18,19,1,5,0,0,5,0,0,0,0,1,1,6,6,1,29,6,-1,-1,-1,-1,-1,-1,0,-1
2023131373613,2023,131373613,1,9,0,18,19,-1,-1,9,9,6,0,0,0,0,-1,1,6,6,3,-1,-1,-1,-1,-1,-1,-1,-1,0,-1
2023122400160,2023,122400160,1,8,0,5,5,6,2,0,0,4,0,0,0,0,4,1,1,1,1,45,7,-1,-1,-1,-1,3,E01013350,0,-1
2023010478551,2023,010478551,1,11,0,5,5,3,7,0,0,0,0,0,0,0,1,1,1,1,3,-1,-1,-1,-1,-1,-1,2,E01001437,0,-1
2023540131723,2023,540131723,2,1,0,5,5,7,3,0,0,0,0,0,0,0,1,1,4,7,1,12,3,-1,-1,-1,-1,2,E01015573,0,-1
2023461316310,2023,461316310,2,9,0,18,19,7,3,0,0,8,0,0,0,0,1,1,1,1,1,25,5,-1,-1,-1,-1,9,E01000808,0,-1
2023552300332,2023,552300332,1,9,0,18,19,1,7,0,0,8,0,0,0,0,1,1,6,6,3,-1,-1,-1,-1,-1,-1,-1,-1,0,-1
2023070535299,2023,070535299,2,1,0,18,19,5,1,0,0,2,0,0,0,0,1,1,4,7,1,11,3,-1,-1,-1,-1,2,E01012383,0,-1
2023520400085,2023,520400085,1,9,0,18,19,8,4,0,0,8,0,0,0,0,4,1,6,6,1,70,10,-1,-1,-1,-1,8,E01029225,0,-1
2023421312972,2023,421312972,2,-1,0,18,19,5,5,0,0,0,0,0,0,0,2,1,1,1,1,19,4,-1,-1,-1,-1,5,E01021492,1,-1
2023141377221,2023,141377221,1,9,0,18,19,3,7,0,0,8,0,0,7,1,1,1,6,6,3,-1,-1,-1,-1,-1,-1,-1,-1,0,-1
2023545039323,2023,545039323,2,1,0,18,19,5,1,0,0,8,0,0,0,0,4,1,6,6,1,38,7,-1,-1,-1,-1,7,E01029033,0,-1
2023471384562,2023,471384562,2,-1,0,18,19,3,8,0,0,1,0,0,0,0,4,1,5,6,1,27,6,-1,-1,-1,-1,6,E01030455,1,-1
2023221260567,2023,221260567,2,1,0,18,19,1,5,0,0,2,0,0,0,0,1,1,6,6,1,31,6,-1,-1,-1,-1,4,E01032381,0,-1
2023122300853,2023,122300853,2,5,0,3,3,5,1,0,0,1,0,0,0,0,1,1,6,6,2,64,9,-1,-1,-1,-1,7,E01013449,0,-1
2023041358639,2023,041358639,2,1,0,18,19,3,7,0,0,1,5,0,0,0,1,1,5,6,1,51,8,-1,-1,-1,-1,8,E01025378,0,-1
2023311295405,2023,311295405,1,9,0,18,19,3,7,0,0,0,0,0,0,0,1,1,6,6,3,25,5,-1,-1,-1,-1,-1,-1,0,-1
2023351284977,2023,351284977,2,1,0,18,19,-1,-1,0,0,8,5,0,0,0,1,1,4,7,1,16,4,-1,-1,-1,-1,2,E01015592,0,-1
2023010475380,2023,010475380,1,1,9,99,99,9,9,99,99,9,9,99,9,99,1,1,1,1,1,25,5,-1,-1,-1,-1,1,E01002039,0,-1
2023010476676,2023,010476676,1,1,9,99,99,9,9,99,99,9,9,99,9,99,9,1,2,2,3,27,6,-1,-1,-1,-1,6,E01001984,0,-1
2023501283263,2023,501283263,1,3,0,11,11,7,3,0,0,0,5,0,0,0,4,1,6,6,1,-1,-1,-1,-1,-1,-1,-1,-1,0,-1
2023421359367,2023,421359367,2,9,0,2,2,0,0,0,0,1,0,0,0,0,4,1,6,6,3,-1,-1,-1,-1,-1,-1,-1,-1,0,-1
2023461348280,2023,461348280,1,9,0,5,5,5,3,0,0,6,0,0,0,0,2,1,6,6,2,38,7,-1,-1,-1,-1,-1,-1,0,-1
2023010485180,2023,010485180,2,9,0,99,99,9,9,99,99,9,9,99,9,99,9,9,6,6,3,-1,-1,-1,-1,-1,-1,-1,-1,0,-1
2023201410391,2023,201410391,1,9,0,15,15,2,6,0,0,0,0,0,0,0,4,1,3,7,2,40,7,-1,-1,-1,-1,1,E01009125,0,-1
2023320740365,2023,320740365,1,1,0,18,19,5,1,0,0,0,0,0,0,0,1,1,6,6,2,30,6,-1,-1,-1,-1,-1,-1,0,-1
2023440155461,2023,440155461,1,1,0,2,2,0,0,0,0,0,0,0,0,0,4,1,2,2,1,55,8,-1,-1,-1,-1,2,E01017076,0,-1
2023320746595,2023,320746595,2,9,0,2,2,0,0,0,0,0,0,0,0,0,3,1,6,6,1,25,5,-1,-1,-1,-1,3,E01026017,0,-1
2023440516645,2023,440516645,1,9,0,9,9,6,4,0,0,6,0,0,0,0,1,1,2,2,1,43,7,-1,-1,-1,-1,10,E01023276,0,-1
2023401452524,2023,401452524,2,1,0,9,9,1,5,0,0,8,2,0,0,0,4,1,6,6,2,43,7,-1,-1,-1,-1,7,E01033432,0,-1
2023411311300,2023,411311300,1,-1,0,18,19,5,1,0,0,0,0,0,0,0,1,1,6,6,3,-1,-1,-1,-1,-1,-1,-1,-1,0,-1
2023010457171,2023,010457171,2,1,0,18,19,3,7,0,0,8,0,0,0,0,1,1,6,6,1,14,3,-1,-1,-1,-1,2,E01001791,0,-1
2023010456581,2023,010456581,1,9,0,18,19,3,7,0,0,1,0,0,0,0,4,1,2,2,1,51,8,-1,-1,-1,-1,3,E01000872,0,-1
2023010483235,2023,010483235,2,9,9,99,99,9,9,99,99,9,9,99,9,99,9,9,6,6,3,-1,-1,-1,-1,-1,-1,-1,-1,0,-1
2023201384033,2023,201384033,2,9,0,3,3,6,1,0,0,1,0,0,0,0,2,1,2,2,2,47,8,-1,-1,-1,-1,6,E01032591,0,-1
2023010454040,2023,010454040,1,9,0,18,19,5,1,0,0,8,0,0,0,0,4,1,6,6,3,-1,-1,-1,-1,-1,-1,-1,-1,0,-1
2023522301387,2023,522301387,1,8,0,18,19,6,2,0,0,0,0,0,0,0,1,1,6,6,3,-1,-1,-1,-1,-1,-1,-1,-1,0,-1
2023010427580,2023,010427580,1,1,9,99,99,9,9,99,99,9,9,99,9,99,1,1,2,2,1,49,8,-1,-1,-1,-1,1,E01001845,0,-1
2023010429568,2023,010429568,2,1,0,18,19,5,1,0,0,1,0,0,0,0,4,1,6,6,1,33,6,-1,-1,-1,-1,2,E01033151,0,-1
2023141314056,2023,141314056,2,22,0,5,5,5,8,0,0,0,0,0,0,0,3,1,6,6,1,-1,-1,-1,-1,-1,-1,10,E01007710,0,-1
2023010447641,2023,010447641,2,1,0,18,19,3,7,0,0,0,0,0,0,0,1,1,2,2,1,26,6,-1,-1,-1,-1,4,E01032778,0,-1
2023430134549,2023,430134549,3,9,0,3,3,1,5,0,0,0,0,0,0,0,0,1,6,6,3,-1,-1,-1,-1,-1,-1,-1,-1,0,-1
2023010468762,2023,010468762,1,9,0,2,2,0,0,0,0,0,0,0,0,0,4,1,6,6,3,-1,-1,-1,-1,-1,-1,-1,-1,0,-1
2023010480181,2023,010480181,3,9,0,2,2,0,0,0,0,0,0,0,0,0,1,1,6,6,3,-1,-1,-1,-1,-1,-1,-1,-1,0,-1
2023610028623,2023,610028623,1,4,0,16,19,1,4,0,0,0,1,4,0,0,1,1,6,6,1,23,5,-1,-1,-1,-1,1,W01001441,0,-1
2023010429553,2023,010429553,2,9,0,99,99,9,9,99,99,9,9,99,9,99,1,9,6,6,3,-1,-1,-1,-1,-1,-1,-1,-1,0,-1
2023010452530,2023,010452530,1,9,0,18,19,8,4,0,0,2,0,0,0,0,0,1,6,6,3,-1,-1,-1,-1,-1,-1,-1,-1,0,-1
2023461319097,2023,461319097,1,21,1,18,19,8,3,0,0,8,0,0,0,0,1,1,6,6,3,-1,-1,-1,-1,-1,-1,-1,-1,0,-1
2023451346116,2023,451346116,1,-1,0,9,9,5,2,0,0,2,0,0,0,0,1,1,5,6,1,10,2,-1,-1,-1,-1,7,E01030423,1,-1
2023302301093,2023,302301093,2,1,0,18,19,5,2,0,0,8,0,0,0,0,4,1,6,6,2,53,8,-1,-1,-1,-1,2,E01019579,0,-1
2023010458121,2023,010458121,1,1,0,1,1,7,3,99,99,0,0,0,0,0,2,1,6,6,1,64,9,-1,-1,-1,-1,1,E01003486,0,-1
2023010450344,2023,010450344,2,90,0,18,19,5,1,0,0,2,0,0,0,0,4,1,1,1,1,27,6,-1,-1,-1,-1,3,E01002612,0,-1