collision_index,collision_year,collision_ref_no,vehicle_reference,vehicle_type,towing_and_articulation,vehicle_manoeuvre_historic,vehicle_manoeuvre,vehicle_direction_from,vehicle_direction_to,vehicle_location_restricted_lane_historic,vehicle_location_restricted_lane,junction_location,skidding_and_overturning,hit_object_in_carriageway,vehicle_leaving_carriageway,hit_object_off_carriageway,first_point_of_impact,vehicle_left_hand_drive,journey_purpose_of_driver_historic,journey_purpose_of_driver,sex_of_driver,age_of_driver,age_band_of_driver,engine_capacity_cc,propulsion_code,age_of_vehicle,generic_make_model,driver_imd_decile,lsoa_of_driver,escooter_flag,driver_distance_banding
2023320046184,2023,320046184,2,1,0,18,19,2,8,0,0,8,0,0,0,0,1,1,6,6,1,42,7,-1,-1,-1,-1,4,E01026019,0,-1
2023221462174,2023,221462174,2,9,0,18,19,8,4,0,0,4,0,0,0,0,1,1,6,6,1,38,7,-1,-1,-1,-1,1,E01008978,0,-1
2023141277824,2023,141277824,2,9,0,18,19,3,6,0,0,1,0,0,0,0,1,1,6,6,3,-1,-1,-1,-1,-1,-1,-1,-1,0,-1
2023010484221,2023,010484221,1,1,9,99,99,9,9,99,99,0,9,99,9,99,9,1,6,6,2,29,6,-1,-1,-1,-1,5,E01000512,0,-1
2023141292148,2023,141292148,2,97,0,18,19,3,7,0,0,1,0,0,0,0,0,1,6,6,1,13,3,-1,-1,-1,-1,1,E01007790,0,-1
2023010465747,2023,010465747,1,1,0,99,99,9,9,0,0,1,0,0,0,0,9,1,2,2,2,33,6,-1,-1,-1,-1,7,E01003369,0,-1
2023010481790,2023,010481790,2,1,0,18,19,1,5,0,0,1,0,0,0,0,4,1,6,6,3,23,5,-1,-1,-1,-1,-1,-1,0,-1
2023061361824,2023,061361824,1,-1,0,18,19,7,3,0,0,1,0,0,0,0,1,1,6,6,3,-1,-1,-1,-1,-1,-1,-1,-1,0,-1
2023461328704,2023,461328704,1,1,0,7,7,5,7,0,0,0,0,0,0,0,1,1,6,6,1,11,3,-1,-1,-1,-1,1,E01024306,0,-1
2023131317169,2023,131317169,2,9,0,18,19,1,5,0,0,0,0,0,0,0,4,1,5,6,1,44,7,-1,-1,-1,-1,1,E01011472,0,-1
2023070175999,2023,070175999,3,9,0,4,4,5,1,0,0,0,0,0,0,0,0,1,6,6,3,-1,-1,-1,-1,-1,-1,-1,-1,0,-1
2023010477690,2023,010477690,1,9,0,18,19,5,1,0,0,8,0,0,0,0,1,1,6,6,3,-1,-1,-1,-1,-1,-1,-1,-1,0,-1
2023361269949,2023,361269949,1,19,-1,-1,-1,-1,-1,-1,-1,0,-1,-1,-1,0,-1,1,6,6,3,-1,-1,-1,-1,-1,-1,-1,-1,0,-1
2023340WN4022,2023,340WN4022,1,-1,0,18,19,1,5,0,0,0,5,0,0,0,1,1,2,2,2,33,6,-1,-1,-1,-1,6,E01017717,1,-1
2023221384194,2023,221384194,2,1,0,18,19,3,7,0,0,0,0,0,0,0,4,1,6,6,1,14,3,-1,-1,-1,-1,-1,-1,0,-1
2023401289805,2023,401289805,1,9,0,18,19,-1,-1,0,0,0,0,0,0,0,1,1,6,6,2,-1,-1,-1,-1,-1,-1,-1,-1,0,-1
2023131311523,2023,131311523,2,1,0,18,19,6,8,0,0,1,0,0,0,0,1,1,6,6,1,32,6,-1,-1,-1,-1,6,E01011026,0,-1
2023311313064,2023,311313064,2,1,0,18,19,6,2,0,0,1,0,0,0,0,1,1,6,6,2,32,6,-1,-1,-1,-1,8,E01028375,0,-1
2023141304776,2023,141304776,2,9,0,18,19,8,4,0,0,4,0,0,0,0,1,1,6,6,3,-1,-1,-1,-1,-1,-1,-1,-1,0,-1
2023332300428,2023,332300428,1,9,0,18,19,2,6,0,0,8,0,0,0,0,1,1,6,6,1,30,6,-1,-1,-1,-1,4,E01013714,0,-1
2023501330437,2023,501330437,2,1,0,18,19,1,5,0,0,1,0,0,0,0,1,1,6,6,1,15,3,-1,-1,-1,-1,7,E01015036,0,-1
2023440186104,2023,440186104,2,9,0,18,19,7,3,0,0,1,0,0,0,0,4,1,2,2,1,24,5,-1,-1,-1,-1,-1,-1,0,-1
2023101278507,2023,101278507,1,8,0,18,19,5,1,2,2,2,0,0,0,0,4,1,1,1,3,-1,-1,-1,-1,-1,-1,-1,-1,0,-1
2023401386690,2023,401386690,2,9,0,99,99,-1,-1,6,6,0,0,0,0,0,3,1,5,6,3,-1,-1,-1,-1,-1,-1,-1,-1,0,-1
2023010427888,2023,010427888,2,1,0,4,4,5,1,0,0,0,0,0,0,0,4,1,6,6,1,25,5,-1,-1,-1,-1,5,E01001646,0,-1
2023010425928,2023,010425928,1,1,9,99,99,9,9,99,99,9,9,99,9,99,9,1,6,6,1,45,7,-1,-1,-1,-1,6,E01003952,0,-1
2023461303797,2023,461303797,1,21,1,18,19,3,7,0,0,0,3,0,1,0,1,1,6,6,1,43,7,-1,-1,-1,-1,-1,-1,0,-1
2023161373054,2023,161373054,2,98,0,18,19,1,4,0,0,0,0,0,0,0,3,1,6,6,3,-1,-1,-1,-1,-1,-1,-1,-1,0,-1
2023010475057,2023,010475057,2,19,9,99,99,9,9,99,99,9,9,99,9,99,9,9,6,6,3,-1,-1,-1,-1,-1,-1,-1,-1,0,-1
2023141371046,2023,141371046,2,9,0,7,7,5,7,0,0,1,0,0,0,0,1,1,6,6,3,-1,-1,-1,-1,-1,-1,-1,-1,0,-1
2023451259266,2023,451259266,2,9,0,18,19,1,5,0,0,8,0,0,0,0,1,1,2,2,2,43,7,-1,-1,-1,-1,10,E01030866,0,-1
202360A042404,2023,60A042404,1,9,0,7,7,4,7,0,0,1,0,0,0,0,1,1,6,6,1,82,11,-1,-1,-1,-1,-1,-1,0,-1
2023061264049,2023,061264049,2,9,0,18,19,8,4,0,0,8,0,0,0,0,4,1,6,6,1,24,5,-1,-1,-1,-1,1,E01005692,0,-1
2023010433954,2023,010433954,1,23,0,18,19,5,1,0,0,0,0,0,0,0,1,1,6,6,3,-1,-1,-1,-1,-1,-1,-1,-1,0,-1
2023061277434,2023,061277434,1,9,-1,-1,-1,-1,-1,-1,-1,-1,0,0,0,0,-1,1,6,6,1,-1,-1,-1,-1,-1,-1,-1,-1,0,-1
2023131363983,2023,131363983,1,9,0,-1,-1,-1,-1,-1,-1,-1,-1,-1,-1,-1,-1,1,6,6,3,-1,-1,-1,-1,-1,-1,-1,-1,0,-1
2023211366875,2023,211366875,2,9,0,18,19,5,1,0,0,0,0,0,0,0,2,1,5,6,1,49,8,-1,-1,-1,-1,8,E01019847,0,-1
2023481377549,2023,481377549,1,1,0,18,19,3,7,0,0,8,0,0,0,0,1,1,6,6,2,27,6,-1,-1,-1,-1,-1,-1,0,-1
2023430453414,2023,430453414,1,1,0,18,19,1,5,0,0,0,0,0,0,0,1,1,2,2,1,23,5,-1,-1,-1,-1,5,E01016419,0,-1
2023991374589,2023,991374589,1,98,0,14,14,3,7,0,0,2,0,0,0,0,1,1,5,6,2,41,7,-1,-1,-1,-1,6,-1,0,-1
2023010433079,2023,010433079,2,9,0,99,99,9,9,99,99,9,9,99,9,99,1,9,6,6,3,-1,-1,-1,-1,-1,-1,-1,-1,0,-1
2023111344970,2023,111344970,1,9,0,7,7,7,3,0,0,1,0,0,0,0,4,1,6,6,3,30,6,-1,-1,-1,-1,-1,-1,0,-1
2023010458785,2023,010458785,1,1,9,99,99,9,9,99,99,9,9,99,9,99,9,9,6,6,3,-1,-1,-1,-1,-1,-1,-1,-1,0,-1
2023052302333,2023,052302333,1,97,0,18,19,3,7,0,0,0,0,0,0,0,1,1,6,6,3,-1,-1,-1,-1,-1,-1,-1,-1,0,-1
2023610033123,2023,610033123,1,23,0,5,5,5,1,0,0,6,0,0,0,0,3,1,6,6,1,9,2,-1,-1,-1,-1,1,W01001621,0,-1
2023201340563,2023,201340563,2,1,0,5,5,2,6,0,0,0,0,0,0,0,3,1,6,6,1,41,7,-1,-1,-1,-1,1,E01010029,0,-1
2023061379303,2023,061379303,2,1,0,18,19,5,1,0,0,1,0,0,0,0,1,1,6,6,3,52,8,-1,-1,-1,-1,6,E01010885,0,-1
2023141299298,2023,141299298,2,9,0,18,19,8,4,0,0,0,0,0,0,0,0,1,6,6,1,-1,-1,-1,-1,-1,-1,-1,-1,0,-1
2023548697323,2023,548697323,2,1,0,18,19,8,4,0,0,1,0,0,0,0,1,1,2,2,1,51,8,-1,-1,-1,-1,3,E01015530,0,-1
2023430451841,2023,430451841,1,9,0,18,19,6,2,0,0,4,0,0,0,0,1,1,2,2,2,38,7,-1,-1,-1,-1,5,E01016218,0,-1
2023010451968,2023,010451968,1,1,0,18,19,1,5,9,9,1,2,11,0,0,1,1,1,1,1,44,7,-1,-1,-1,-1,3,E01003942,0,-1
2023421390270,2023,421390270,2,97,0,18,19,3,7,0,0,1,0,0,0,0,1,1,5,6,1,15,3,-1,-1,-1,-1,4,E01021265,0,-1
2023311377264,2023,311377264,2,18,1,18,19,5,2,1,1,1,0,0,0,0,1,1,1,1,1,51,8,-1,-1,-1,-1,10,E01028357,0,-1
2023991375025,2023,991375025,2,1,0,18,19,3,7,0,0,1,0,0,0,0,1,1,2,2,1,44,7,-1,-1,-1,-1,-1,-1,0,-1
2023302300368,2023,302300368,1,1,0,18,19,4,8,0,0,8,0,0,0,0,4,1,2,2,2,46,8,-1,-1,-1,-1,10,E01019427,0,-1
2023041311586,2023,041311586,2,1,0,18,19,3,7,0,0,8,0,0,0,0,4,1,6,6,1,11,3,-1,-1,-1,-1,5,E01025100,0,-1
2023201295762,2023,201295762,1,9,0,9,9,6,3,0,0,6,0,0,0,0,1,1,6,6,1,-1,-1,-1,-1,-1,-1,-1,-1,0,-1
2023622300566,2023,622300566,1,-1,0,18,19,2,6,0,0,0,0,0,0,0,1,1,6,6,1,19,4,-1,-1,-1,-1,5,W01001033,1,-1
2023111261546,2023,111261546,2,1,0,18,19,1,5,0,0,3,0,0,0,0,1,1,6,6,1,44,7,-1,-1,-1,-1,10,E01020712,0,-1
2023541911123,2023,541911123,2,1,0,18,19,4,8,9,9,1,0,0,0,0,1,1,6,6,1,43,7,-1,-1,-1,-1,4,E01015578,0,-1
2023340WN4842,2023,340WN4842,2,9,0,3,3,1,5,0,0,1,0,0,0,0,3,1,6,6,1,71,10,-1,-1,-1,-1,4,E01027142,0,-1
2023211438048,2023,211438048,1,98,1,4,4,2,6,0,0,4,0,0,0,0,1,1,1,1,1,60,9,-1,-1,-1,-1,4,E01010006,0,-1
2023010452194,2023,010452194,2,1,0,18,19,1,5,0,0,0,5,0,0,0,0,1,6,6,1,32,6,-1,-1,-1,-1,4,E01002884,0,-1
2023371375306,2023,371375306,1,9,-1,-1,-1,-1,-1,-1,-1,0,-1,-1,-1,0,-1,1,6,6,3,-1,-1,-1,-1,-1,-1,-1,-1,0,-1
2023161348255,2023,161348255,2,1,0,18,19,5,1,0,0,8,5,0,0,0,1,1,5,6,1,42,7,-1,-1,-1,-1,5,E01012930,0,-1
2023440072044,2023,440072044,2,-1,0,9,9,3,1,0,0,8,0,0,0,0,3,1,6,6,1,64,9,-1,-1,-1,-1,6,E01001656,1,-1
2023411271905,2023,411271905,1,98,1,11,11,2,4,0,0,5,0,0,0,0,1,1,6,6,3,-1,-1,-1,-1,-1,-1,-1,-1,0,-1
2023010483180,2023,010483180,1,1,9,99,99,9,9,99,99,0,9,99,9,99,1,1,2,2,2,28,6,-1,-1,-1,-1,10,-1,0,-1
2023010438140,2023,010438140,2,9,0,18,19,3,7,0,0,1,0,0,0,0,1,1,6,6,3,-1,-1,-1,-1,-1,-1,-1,-1,0,-1
2023031273005,2023,031273005,1,1,0,18,19,7,3,0,0,1,0,0,1,0,1,1,6,6,1,27,6,-1,-1,-1,-1,3,E01019194,0,-1
2023991350472,2023,991350472,1,1,0,18,19,8,4,0,0,0,0,0,0,0,1,1,5,6,1,43,7,-1,-1,-1,-1,-1,-1,0,-1
2023010419278,2023,010419278,1,9,0,18,19,3,7,0,0,1,0,0,0,0,2,1,6,6,3,-1,-1,-1,-1,-1,-1,-1,-1,0,-1
2023010472339,2023,010472339,2,8,0,99,99,9,9,99,99,0,9,99,9,99,9,9,6,6,3,-1,-1,-1,-1,-1,-1,-1,-1,0,-1
2023101270492,2023,101270492,2,9,0,3,3,1,5,0,0,4,0,0,0,0,2,1,5,6,2,60,9,-1,-1,-1,-1,-1,-1,0,-1
2023101378303,2023,101378303,1,9,0,18,19,3,7,0,0,0,0,0,0,0,1,1,6,6,1,40,7,-1,-1,-1,-1,-1,-1,0,-1
2023010443534,2023,010443534,1,9,0,99,99,9,9,99,99,9,9,99,9,99,1,9,6,6,3,-1,-1,-1,-1,-1,-1,-1,-1,0,-1
2023351350368,2023,351350368,3,-1,0,4,4,2,6,0,0,0,0,0,0,0,2,1,2,2,3,-1,-1,-1,-1,-1,-1,-1,-1,0,-1
2023010452622,2023,010452622,1,1,0,18,19,3,7,0,0,8,0,0,0,0,1,1,6,6,3,23,5,-1,-1,-1,-1,-1,-1,0,-1
2023052301657,2023,052301657,1,9,0,18,19,5,1,0,0,1,0,0,0,0,1,1,6,6,1,-1,-1,-1,-1,-1,-1,-1,-1,0,-1
2023131304933,2023,131304933,2,1,0,18,19,3,7,0,0,0,0,0,0,0,1,1,5,6,1,30,6,-1,-1,-1,-1,5,E01011352,0,-1
2023101390575,2023,101390575,2,1,0,9,9,3,7,0,0,1,0,0,0,0,4,1,5,6,2,-1,-1,-1,-1,-1,-1,4,E01008624,0,-1
2023461339437,2023,461339437,1,1,0,18,19,1,5,0,0,1,1,0,1,11,1,1,6,6,1,30,6,-1,-1,-1,-1,6,E01024806,0,-1
2023010464226,2023,010464226,2,9,0,4,4,7,3,0,0,8,0,0,0,0,0,1,6,6,3,-1,-1,-1,-1,-1,-1,-1,-1,0,-1
2023332300853,2023,332300853,2,9,0,18,19,3,7,0,0,4,0,0,0,0,1,1,6,6,3,-1,-1,-1,-1,-1,-1,-1,-1,0,-1
2023170L10773,2023,170L10773,1,9,0,7,7,2,4,0,0,2,0,0,1,0,4,1,6,6,3,-1,-1,-1,-1,-1,-1,-1,-1,0,-1
2023430438313,2023,430438313,3,9,0,2,2,0,0,0,0,0,0,0,0,0,2,1,6,6,3,-1,-1,-1,-1,-1,-1,-1,-1,0,-1
2023010424286,2023,010424286,1,19,9,4,4,1,5,0,0,5,9,99,0,0,9,9,6,6,1,-1,-1,-1,-1,-1,-1,-1,-1,0,-1
2023201333420,2023,201333420,2,1,0,14,14,6,2,0,0,0,0,8,0,0,1,1,1,1,1,56,9,-1,-1,-1,-1,1,E01009400,0,-1
2023161301597,2023,161301597,1,1,0,5,5,7,3,0,0,2,0,0,0,0,1,1,2,2,1,18,4,-1,-1,-1,-1,7,E01013011,0,-1
2023141295550,2023,141295550,1,1,0,10,10,1,7,0,0,1,0,0,0,0,2,1,5,6,1,38,7,-1,-1,-1,-1,5,E01008042,0,-1
2023101312697,2023,101312697,2,9,0,18,19,-1,3,0,0,0,0,0,0,0,3,1,6,6,1,-1,-1,-1,-1,-1,-1,-1,-1,0,-1
2023101376753,2023,101376753,1,-1,0,18,19,4,7,0,0,1,0,0,0,0,1,1,6,6,1,-1,-1,-1,-1,-1,-1,-1,-1,1,-1
2023332300546,2023,332300546,1,9,0,18,19,1,5,0,0,0,0,0,0,0,1,1,6,6,3,-1,-1,-1,-1,-1,-1,-1,-1,0,-1
2023052301303,2023,052301303,1,9,0,5,5,5,1,0,0,4,0,0,0,0,1,1,6,6,3,-1,-1,-1,-1,-1,-1,-1,-1,0,-1
2023311306112,2023,311306112,1,11,0,2,2,8,4,0,0,0,0,0,0,0,0,1,1,1,1,64,9,-1,-1,-1,-1,-1,-1,0,-1
2023010430589,2023,010430589,3,9,0,18,19,7,3,0,0,0,0,0,0,0,1,1,6,6,3,-1,-1,-1,-1,-1,-1,-1,-1,0,-1
2023320781358,2023,320781358,1,9,0,18,19,2,6,0,0,0,0,0,0,0,1,1,6,6,1,-1,-1,-1,-1,-1,-1,-1,-1,0,-1
2023131316713,2023,131316713,2,9,0,18,19,8,4,0,0,0,0,0,0,0,1,1,1,1,1,39,7,-1,-1,-1,-1,1,E01010653,0,-1
2023161266648,2023,161266648,2,1,0,18,19,7,3,0,0,1,0,0,0,0,4,1,6,6,1,59,9,-1,-1,-1,-1,4,E01012797,0,-1
2023061398739,2023,061398739,2,1,0,18,19,3,7,0,0,1,0,0,0,0,1,1,6,6,1,22,5,-1,-1,-1,-1,1,E01005729,0,-1
2023351330925,2023,351330925,1,9,0,18,19,-1,-1,0,0,0,0,0,0,0,1,1,6,6,3,-1,-1,-1,-1,-1,-1,-1,-1,0,-1
2023010422524,2023,010422524,2,19,0,7,7,6,8,0,0,4,0,0,0,0,1,1,6,6,3,-1,-1,-1,-1,-1,-1,-1,-1,0,-1
2023440008669,2023,440008669,1,1,0,18,19,1,5,0,0,1,0,0,0,0,1,1,6,6,1,39,7,-1,-1,-1,-1,4,E01017058,0,-1
2023501300453,2023,501300453,2,1,0,18,19,6,2,0,0,0,5,0,0,0,3,1,6,6,1,16,4,-1,-1,-1,-1,4,E01018951,0,-1
2023010447167,2023,010447167,2,1,0,18,19,7,3,5,5,1,0,0,0,0,1,1,2,2,1,54,8,-1,-1,-1,-1,3,E01003550,0,-1
2023311261486,2023,311261486,1,8,0,18,19,5,1,0,0,2,0,0,0,0,1,1,1,1,1,20,4,-1,-1,-1,-1,-1,-1,0,-1
2023052302334,2023,052302334,2,1,0,18,19,1,5,0,0,8,0,0,0,0,3,1,6,6,1,29,6,-1,-1,-1,-1,1,E01007292,0,-1
2023052301300,2023,052301300,1,1,0,18,19,8,4,0,0,0,0,0,0,0,3,1,6,6,1,50,8,-1,-1,-1,-1,1,E01006957,0,-1
2023010463618,2023,010463618,1,9,0,1,1,1,5,0,0,0,0,0,0,0,2,1,1,1,1,51,8,-1,-1,-1,-1,4,E01000380,0,-1
2023451333888,2023,451333888,2,1,0,18,19,3,7,0,0,1,0,0,0,0,1,1,6,6,1,52,8,-1,-1,-1,-1,7,E01030741,0,-1
2023061315320,2023,061315320,2,1,0,3,3,-1,-1,0,0,1,0,0,0,0,0,1,6,6,3,47,8,-1,-1,-1,-1,7,E01006379,0,-1
2023440336740,2023,440336740,3,1,0,18,19,7,3,0,0,0,0,0,0,0,3,1,6,6,1,59,9,-1,-1,-1,-1,-1,-1,0,-1
2023461279376,2023,461279376,1,9,0,18,19,7,3,0,0,0,0,0,0,0,1,1,6,6,2,-1,-1,-1,-1,-1,-1,-1,-1,0,-1
2023320400775,2023,320400775,2,9,0,17,19,4,2,0,0,8,0,0,0,0,1,1,6,6,2,33,6,-1,-1,-1,-1,8,E01026289,0,-1
2023010438483,2023,010438483,2,10,0,18,19,7,3,0,0,1,0,99,0,0,1,9,6,6,3,-1,-1,-1,-1,-1,-1,-1,-1,0,-1
2023010486231,2023,010486231,2,9,0,13,13,5,1,0,0,1,0,0,0,0,1,1,6,6,3,-1,-1,-1,-1,-1,-1,-1,-1,0,-1
2023991324889,2023,991324889,1,9,0,12,12,6,2,0,0,0,0,0,0,0,3,1,6,6,3,18,4,-1,-1,-1,-1,-1,-1,0,-1
2023421333430,2023,421333430,1,1,0,18,19,3,7,0,0,6,0,0,0,0,1,1,5,6,1,12,3,-1,-1,-1,-1,2,E01021592,0,-1
2023531392182,2023,531392182,2,1,0,18,19,1,5,0,0,0,0,0,0,0,3,1,5,6,1,51,8,-1,-1,-1,-1,4,E01022399,0,-1
2023440039043,2023,440039043,1,3,0,17,19,5,2,0,0,8,0,0,0,0,4,1,6,6,1,19,4,-1,-1,-1,-1,1,E01017240,0,-1
2023320008840,2023,320008840,2,1,0,18,19,2,6,0,0,8,5,0,0,0,2,1,6,6,2,45,7,-1,-1,-1,-1,-1,-1,0,-1
2023201338030,2023,201338030,1,9,0,18,19,4,8,0,0,0,0,0,0,0,0,1,6,6,1,24,5,-1,-1,-1,-1,1,E01010526,0,-1
2023552301460,2023,552301460,2,1,0,18,19,2,6,0,0,8,0,0,0,0,1,1,6,6,1,22,5,-1,-1,-1,-1,6,E01020452,0,-1
2023131292486,2023,131292486,1,9,0,-1,-1,-1,-1,-1,-1,-1,-1,-1,-1,-1,-1,1,6,6,3,-1,-1,-1,-1,-1,-1,-1,-1,0,-1
2023031359320,2023,031359320,2,9,0,2,2,0,0,0,0,0,0,0,0,0,3,1,1,1,1,45,7,-1,-1,-1,-1,1,E01019197,0,-1
2023131312332,2023,131312332,2,1,0,18,19,1,5,0,0,8,0,0,0,0,1,1,5,6,1,53,8,-1,-1,-1,-1,3,E01010725,0,-1
2023471299537,2023,471299537,3,19,-1,10,10,3,1,0,0,0,0,0,0,0,0,1,6,6,3,-1,-1,-1,-1,-1,-1,-1,-1,0,-1
2023991345854,2023,991345854,2,9,0,18,19,7,3,0,0,0,0,4,0,0,4,1,6,6,3,-1,-1,-1,-1,-1,-1,-1,-1,0,-1
2023421319570,2023,421319570,1,-1,0,1,1,-1,-1,9,9,0,0,0,0,0,2,1,6,6,3,-1,-1,-1,-1,-1,-1,-1,-1,0,-1
2023421311897,2023,421311897,1,9,0,13,13,6,4,0,0,0,0,0,0,0,1,1,6,6,1,36,7,-1,-1,-1,-1,5,E01033459,0,-1
2023411394399,2023,411394399,1,9,0,18,19,-1,-1,0,0,0,0,0,0,0,4,1,6,6,3,-1,-1,-1,-1,-1,-1,-1,-1,0,-1
2023421288709,2023,421288709,1,9,0,18,19,7,3,0,0,4,0,0,0,0,1,1,1,1,1,42,7,-1,-1,-1,-1,4,E01021265,0,-1
2023031309805,2023,031309805,1,8,0,-1,-1,-1,-1,0,0,2,0,0,0,0,-1,1,1,1,1,-1,-1,-1,-1,-1,-1,-1,-1,0,-1
2023451373657,2023,451373657,1,9,0,2,2,0,0,0,0,2,0,0,0,0,0,1,5,6,1,40,7,-1,-1,-1,-1,-1,-1,0,-1
2023471361178,2023,471361178,2,1,0,18,19,5,1,0,0,1,5,0,1,0,2,1,1,1,1,26,6,-1,-1,-1,-1,8,E01031653,0,-1
2023010480504,2023,010480504,2,9,0,99,99,9,9,99,99,9,9,99,9,99,1,9,6,6,3,-1,-1,-1,-1,-1,-1,-1,-1,0,-1
2023351283412,2023,351283412,2,9,0,18,19,5,1,0,0,0,0,0,0,0,1,1,6,6,3,-1,-1,-1,-1,-1,-1,-1,-1,0,-1
2023041350455,2023,041350455,1,9,0,18,19,1,1,0,0,0,0,0,0,0,1,1,6,6,1,26,6,-1,-1,-1,-1,1,E01012695,0,-1
2023451364985,2023,451364985,2,1,0,18,19,7,3,0,0,1,0,0,0,0,1,1,1,1,1,43,7,-1,-1,-1,-1,10,E01004084,0,-1
2023552300992,2023,552300992,1,19,0,5,5,2,6,0,0,1,0,0,0,0,1,1,6,6,3,-1,-1,-1,-1,-1,-1,-1,-1,0,-1
2023010466412,2023,010466412,1,1,9,99,99,9,9,99,99,9,9,99,9,99,1,1,6,6,1,27,6,-1,-1,-1,-1,2,E01004290,0,-1
2023430161780,2023,430161780,1,1,0,18,19,4,8,0,0,8,0,0,0,0,1,1,2,2,1,23,5,-1,-1,-1,-1,-1,-1,0,-1
2023010474493,2023,010474493,1,1,9,99,99,9,9,99,99,9,9,99,9,99,1,1,6,6,1,22,5,-1,-1,-1,-1,-1,-1,0,-1
2023052300363,2023,052300363,1,9,0,18,19,3,7,0,0,0,0,0,0,0,1,1,6,6,1,39,7,-1,-1,-1,-1,8,E01006683,0,-1
2023111340328,2023,111340328,2,1,0,18,19,3,7,0,0,8,0,0,0,0,2,1,6,6,1,48,8,-1,-1,-1,-1,3,E01012328,0,-1
2023549387523,2023,549387523,2,1,0,18,19,2,6,0,0,1,0,0,0,0,3,1,6,6,1,52,8,-1,-1,-1,-1,5,E01029045,0,-1
2023052302628,2023,052302628,1,9,0,18,19,1,2,0,0,0,0,11,1,11,1,1,6,6,1,28,6,-1,-1,-1,-1,3,E01012588,0,-1
2023010463161,2023,010463161,2,1,0,8,8,5,7,0,0,4,0,0,0,0,1,1,2,2,1,37,7,-1,-1,-1,-1,3,E01033704,0,-1
2023401265375,2023,401265375,3,9,0,2,2,0,0,0,0,0,0,0,0,0,2,1,5,6,3,-1,-1,-1,-1,-1,-1,-1,-1,0,-1
2023401443564,2023,401443564,1,9,0,18,19,7,3,0,0,0,0,0,0,0,1,1,6,6,2,63,9,-1,-1,-1,-1,9,E01017558,0,-1
2023010461274,2023,010461274,1,9,0,18,19,5,1,0,0,1,0,0,0,0,1,1,6,6,1,-1,-1,-1,-1,-1,-1,-1,-1,0,-1
2023501299757,2023,501299757,2,19,0,2,2,2,7,0,0,6,0,0,0,0,1,1,6,6,1,18,4,-1,-1,-1,-1,5,E01018780,0,-1
2023201360248,2023,201360248,3,19,0,3,3,8,4,0,0,0,0,0,0,0,1,1,6,6,1,75,10,-1,-1,-1,-1,2,E01010429,0,-1
2023010486368,2023,010486368,1,9,0,99,99,9,9,99,99,9,9,99,9,99,1,9,6,6,3,-1,-1,-1,-1,-1,-1,-1,-1,0,-1
2023522400379,2023,522400379,1,1,0,9,9,5,3,0,0,3,0,0,0,0,4,1,6,6,1,60,9,-1,-1,-1,-1,3,E01029029,0,-1
2023421330333,2023,421330333,1,1,0,18,19,1,5,0,0,8,5,0,0,0,4,1,5,6,1,16,4,-1,-1,-1,-1,3,E01015956,0,-1
2023161379652,2023,161379652,1,1,0,18,19,2,6,0,0,0,0,0,0,0,4,1,5,6,1,46,8,-1,-1,-1,-1,3,E01013319,0,-1
2023340WN1422,2023,340WN1422,1,9,0,18,19,3,7,0,0,2,0,0,0,0,1,1,6,6,3,-1,-1,-1,-1,-1,-1,-1,-1,0,-1
2023201411022,2023,201411022,2,9,0,18,19,7,4,0,0,8,0,0,0,0,2,1,6,6,2,59,9,-1,-1,-1,-1,10,E01031139,0,-1
2023010478629,2023,010478629,2,-1,0,18,19,1,5,4,4,8,0,0,0,0,1,1,6,6,1,24,5,-1,-1,-1,-1,9,E01002339,1,-1
2023421278766,2023,421278766,1,4,0,7,7,7,1,0,0,1,1,0,0,0,4,1,6,6,1,68,10,-1,-1,-1,-1,9,E01021364,0,-1
2023052303082,2023,052303082,2,1,0,7,7,9,9,0,0,8,0,0,0,0,2,1,2,2,1,21,5,-1,-1,-1,-1,2,E01006451,0,-1
2023522400162,2023,522400162,1,1,0,18,19,1,5,4,4,0,0,0,0,0,3,1,6,6,2,34,6,-1,-1,-1,-1,8,E01014511,0,-1
2023231351283,2023,231351283,2,21,1,2,2,0,0,6,6,0,0,0,0,0,2,2,1,1,1,30,6,-1,-1,-1,-1,-1,-1,0,-1
2023430474464,2023,430474464,1,9,0,18,19,1,5,0,0,4,0,0,0,0,1,1,6,6,1,-1,-1,-1,-1,-1,-1,-1,-1,0,-1
2023340NN1162,2023,340NN1162,1,9,0,5,5,8,4,0,0,6,0,0,0,0,1,1,6,6,3,-1,-1,-1,-1,-1,-1,-1,-1,0,-1
2023161311906,2023,161311906,2,1,0,9,9,3,7,0,0,1,0,0,0,0,2,1,5,6,1,25,5,-1,-1,-1,-1,7,E01013256,0,-1
2023461360010,2023,461360010,1,1,0,18,19,1,5,0,0,8,0,0,0,0,1,1,1,1,1,-1,-1,-1,-1,-1,-1,2,E01024677,0,-1
2023351301919,2023,351301919,1,1,0,18,19,0,0,0,0,8,0,0,0,0,1,1,6,6,1,41,7,-1,-1,-1,-1,5,E01017991,0,-1
2023991272283,2023,991272283,2,1,0,18,19,2,6,0,0,8,0,0,0,0,1,1,5,6,1,59,9,-1,-1,-1,-1,10,-1,0,-1
2023522300756,2023,522300756,2,9,0,99,99,9,9,0,0,6,0,0,0,0,9,1,6,6,3,-1,-1,-1,-1,-1,-1,-1,-1,0,-1
2023131380428,2023,131380428,1,21,0,-1,-1,-1,-1,-1,-1,-1,-1,-1,-1,0,-1,1,6,6,3,-1,-1,-1,-1,-1,-1,-1,-1,0,-1
2023302300892,2023,302300892,1,9,0,9,9,6,4,0,0,6,0,0,0,0,1,1,6,6,3,-1,-1,-1,-1,-1,-1,5,E01019456,0,-1
2023211320552,2023,211320552,1,9,0,4,4,1,3,0,0,1,5,0,0,0,4,1,5,6,1,21,5,-1,-1,-1,-1,2,E01010408,0,-1
2023522400451,2023,522400451,2,9,0,9,9,1,6,0,0,5,0,0,0,0,1,1,6,6,3,-1,-1,-1,-1,-1,-1,-1,-1,0,-1
2023010479076,2023,010479076,2,1,0,4,4,3,7,0,0,1,0,0,0,0,0,1,2,2,2,55,8,-1,-1,-1,-1,3,E01003201,0,-1
2023111388783,2023,111388783,2,1,0,18,19,7,3,0,0,1,0,0,0,0,1,1,2,2,1,40,7,-1,-1,-1,-1,2,E01020802,0,-1
2023131299239,2023,131299239,2,1,0,18,19,5,1,0,0,8,2,0,0,0,4,1,5,6,1,18,4,-1,-1,-1,-1,6,E01010699,0,-1