collision_index,collision_year,collision_ref_no,vehicle_reference,vehicle_type,towing_and_articulation,vehicle_manoeuvre_historic,vehicle_manoeuvre,vehicle_direction_from,vehicle_direction_to,vehicle_location_restricted_lane_historic,vehicle_location_restricted_lane,junction_location,skidding_and_overturning,hit_object_in_carriageway,vehicle_leaving_carriageway,hit_object_off_carriageway,first_point_of_impact,vehicle_left_hand_drive,journey_purpose_of_driver_historic,journey_purpose_of_driver,sex_of_driver,age_of_driver,age_band_of_driver,engine_capacity_cc,propulsion_code,age_of_vehicle,generic_make_model,driver_imd_decile,lsoa_of_driver,escooter_flag,driver_distance_banding
2023552301206,2023,552301206,2,1,0,18,19,4,8,0,0,0,0,0,0,0,4,1,6,6,1,13,3,-1,-1,-1,-1,5,E01015375,0,-1
2023041362236,2023,041362236,1,9,0,18,19,8,4,0,0,0,0,0,0,0,1,1,6,6,3,-1,-1,-1,-1,-1,-1,-1,-1,0,-1
2023461295844,2023,461295844,1,21,0,12,12,5,1,0,0,0,0,0,0,0,4,1,6,6,3,-1,-1,-1,-1,-1,-1,-1,-1,0,-1
2023101352886,2023,101352886,2,1,0,18,19,2,6,0,0,6,0,0,0,0,1,1,6,6,1,15,3,-1,-1,-1,-1,-1,-1,0,-1
2023010469529,2023,010469529,2,9,0,5,5,1,5,0,0,8,0,0,0,0,1,1,1,1,1,50,8,-1,-1,-1,-1,6,E01003755,0,-1
2023010457390,2023,010457390,2,1,0,18,19,2,6,0,0,2,5,0,0,0,3,1,6,6,2,33,6,-1,-1,-1,-1,3,E01001805,0,-1
2023010451213,2023,010451213,1,9,0,18,19,8,4,0,0,2,0,0,0,0,1,1,6,6,3,-1,-1,-1,-1,-1,-1,-1,-1,0,-1
2023061317242,2023,061317242,2,1,0,18,19,7,3,0,0,8,0,0,0,0,1,1,6,6,1,19,4,-1,-1,-1,-1,1,E01005935,0,-1
202363A032223,2023,63A032223,3,90,0,2,2,0,0,0,0,0,0,0,0,0,2,1,1,1,1,72,10,-1,-1,-1,-1,-1,-1,0,-1
2023010469863,2023,010469863,1,1,5,99,99,9,9,99,99,9,9,99,9,99,9,1,6,6,1,-1,-1,-1,-1,-1,-1,2,E01001780,0,-1
2023010461327,2023,010461327,2,1,0,4,4,5,1,0,0,0,0,4,0,0,1,1,2,2,1,34,6,-1,-1,-1,-1,2,E01004720,0,-1
2023010454030,2023,010454030,2,1,0,18,19,5,1,0,0,4,0,0,0,0,0,1,6,6,1,18,4,-1,-1,-1,-1,1,E01002852,0,-1
2023430381804,2023,430381804,2,90,0,18,19,5,1,0,0,0,0,0,0,0,2,1,1,1,1,60,9,-1,-1,-1,-1,-1,-1,0,-1
2023231357316,2023,231357316,1,9,0,18,19,4,8,0,0,1,0,0,0,0,1,1,6,6,1,30,6,-1,-1,-1,-1,9,E01031235,0,-1
2023471347557,2023,471347557,2,1,0,7,7,6,2,0,0,8,2,0,0,0,4,1,5,6,1,13,3,-1,-1,-1,-1,1,E01016915,0,-1
2023401310645,2023,401310645,2,1,0,18,19,-1,-1,0,0,6,5,0,0,0,4,1,5,6,1,15,3,-1,-1,-1,-1,2,E01015698,0,-1
2023440234620,2023,440234620,1,1,0,18,19,7,3,0,0,8,0,0,0,0,1,1,6,6,1,17,4,-1,-1,-1,-1,3,E01017020,0,-1
2023520400722,2023,520400722,2,9,0,4,4,5,1,0,0,0,0,0,0,0,2,1,6,6,2,42,7,-1,-1,-1,-1,5,E01029101,0,-1
2023522301847,2023,522301847,2,9,0,9,9,8,5,0,0,6,0,0,0,0,2,1,6,6,3,-1,-1,-1,-1,-1,-1,-1,-1,0,-1
2023010439906,2023,010439906,2,9,9,99,99,9,9,99,99,9,9,99,9,99,9,9,6,6,3,-1,-1,-1,-1,-1,-1,-1,-1,0,-1
2023010463826,2023,010463826,1,1,9,99,99,9,9,99,99,9,9,99,9,99,9,1,2,2,1,38,7,-1,-1,-1,-1,8,E01003856,0,-1
202354C270323,2023,54C270323,2,1,0,18,19,8,4,0,0,0,0,0,0,0,2,1,6,6,1,87,11,-1,-1,-1,-1,9,E01031841,0,-1
2023010456088,2023,010456088,1,3,0,18,19,7,3,0,0,1,1,0,0,0,1,1,6,6,1,24,5,-1,-1,-1,-1,2,E01000523,0,-1
2023440356751,2023,440356751,2,1,0,18,19,1,5,0,0,1,0,0,0,0,3,1,6,6,1,17,4,-1,-1,-1,-1,-1,-1,0,-1
2023041343441,2023,041343441,2,9,0,18,19,7,3,0,0,0,0,0,0,0,1,1,6,6,3,-1,-1,-1,-1,-1,-1,-1,-1,0,-1
2023010470466,2023,010470466,2,1,0,18,19,5,1,0,0,8,0,0,0,0,3,1,6,6,2,31,6,-1,-1,-1,-1,7,E01003906,0,-1
2023401321492,2023,401321492,2,1,0,18,19,6,3,0,0,1,0,0,0,0,3,1,5,6,1,53,8,-1,-1,-1,-1,10,E01033189,0,-1
2023501366182,2023,501366182,2,9,0,18,19,7,3,0,0,8,0,0,0,0,4,1,1,1,1,26,6,-1,-1,-1,-1,3,E01018942,0,-1
2023201281630,2023,201281630,1,9,0,15,15,8,4,0,0,0,0,0,0,0,1,1,6,6,3,-1,-1,-1,-1,-1,-1,-1,-1,0,-1
2023161352267,2023,161352267,2,1,0,18,19,1,5,0,0,2,1,0,0,0,1,1,6,6,2,10,2,-1,-1,-1,-1,-1,-1,0,-1
2023010427852,2023,010427852,1,9,0,9,9,1,6,0,0,6,0,0,0,0,1,1,6,6,3,33,6,-1,-1,-1,-1,-1,-1,0,-1
2023461310559,2023,461310559,2,1,0,18,19,5,1,0,0,0,0,0,0,0,2,1,4,7,1,19,4,-1,-1,-1,-1,2,E01016159,0,-1
2023141322586,2023,141322586,1,9,0,18,19,4,8,0,0,0,0,0,0,0,1,1,6,6,3,-1,-1,-1,-1,-1,-1,-1,-1,0,-1
2023131388673,2023,131388673,2,1,0,14,14,7,3,0,0,0,0,8,0,0,4,1,6,6,1,49,8,-1,-1,-1,-1,6,E01010787,0,-1
2023010476534,2023,010476534,2,1,9,99,99,9,9,99,99,0,9,99,9,99,1,1,6,6,1,-1,-1,-1,-1,-1,-1,3,E01000586,0,-1
2023201430982,2023,201430982,1,9,0,18,19,2,6,0,0,1,0,0,0,0,1,1,6,6,3,-1,-1,-1,-1,-1,-1,-1,-1,0,-1
2023461375222,2023,461375222,1,9,0,-1,-1,-1,-1,-1,-1,0,-1,-1,-1,0,2,1,6,6,3,-1,-1,-1,-1,-1,-1,-1,-1,0,-1
2023552300301,2023,552300301,1,9,0,9,9,2,8,0,0,6,0,0,0,0,1,1,6,6,3,-1,-1,-1,-1,-1,-1,-1,-1,0,-1
2023421303036,2023,421303036,1,1,0,15,15,6,2,0,0,1,0,0,0,0,1,1,5,6,1,45,7,-1,-1,-1,-1,9,E01021555,0,-1
2023010434600,2023,010434600,1,1,9,99,99,9,9,99,99,9,9,99,9,99,9,1,6,6,1,57,9,-1,-1,-1,-1,7,E01002883,0,-1
2023052300758,2023,052300758,1,9,0,17,19,7,3,0,0,0,0,0,0,0,1,1,6,6,3,-1,-1,-1,-1,-1,-1,-1,-1,0,-1
2023520301671,2023,520301671,1,9,0,18,19,2,6,0,0,8,0,0,0,0,1,2,6,6,1,62,9,-1,-1,-1,-1,-1,-1,0,-1
202360A105849,2023,60A105849,1,9,0,18,19,1,5,0,0,1,0,0,0,0,1,1,6,6,1,-1,-1,-1,-1,-1,-1,-1,-1,0,-1
2023221337397,2023,221337397,1,1,0,9,9,4,2,0,0,5,0,0,0,0,3,1,5,6,1,13,3,-1,-1,-1,-1,-1,-1,0,-1
2023302301038,2023,302301038,4,19,0,2,2,0,0,0,0,0,0,0,0,0,0,1,1,1,3,-1,-1,-1,-1,-1,-1,-1,-1,0,-1
2023010427939,2023,010427939,2,9,0,5,5,0,5,0,0,8,0,0,0,0,0,1,6,6,3,23,5,-1,-1,-1,-1,-1,-1,0,-1
2023461310813,2023,461310813,2,9,0,18,19,8,4,0,0,0,0,0,0,0,2,1,6,6,2,69,10,-1,-1,-1,-1,4,E01024690,0,-1
2023430254939,2023,430254939,1,1,0,17,19,2,7,0,0,0,1,0,0,0,1,1,6,6,1,55,8,-1,-1,-1,-1,10,E01028476,0,-1
2023131377034,2023,131377034,2,1,0,18,19,1,5,0,0,8,1,0,0,0,1,1,4,7,2,10,2,-1,-1,-1,-1,1,E01011332,0,-1
2023010461565,2023,010461565,2,1,0,18,19,3,7,0,0,8,0,0,0,0,1,1,6,6,1,75,10,-1,-1,-1,-1,-1,-1,0,-1
2023340NN3722,2023,340NN3722,2,9,0,18,19,7,3,0,0,8,0,0,7,0,1,1,6,6,2,43,7,-1,-1,-1,-1,8,E01027089,0,-1
2023010460524,2023,010460524,1,1,0,18,19,5,1,4,4,2,0,11,0,0,1,1,6,6,2,41,7,-1,-1,-1,-1,6,E01003013,0,-1
2023010426190,2023,010426190,1,9,0,15,15,1,5,0,0,1,0,0,0,0,1,1,6,6,3,-1,-1,-1,-1,-1,-1,-1,-1,0,-1
2023201360173,2023,201360173,1,9,0,12,12,8,4,0,0,0,0,0,0,0,3,1,5,6,1,59,9,-1,-1,-1,-1,-1,-1,0,-1
2023010436516,2023,010436516,2,1,0,16,19,1,5,0,0,1,0,0,0,0,0,1,6,6,1,34,6,-1,-1,-1,-1,3,E01032743,0,-1
2023061330498,2023,061330498,2,9,-1,-1,-1,-1,-1,-1,-1,0,-1,-1,-1,0,-1,1,6,6,3,-1,-1,-1,-1,-1,-1,-1,-1,0,-1
2023471316607,2023,471316607,1,1,0,18,19,7,3,0,0,1,0,0,0,0,3,1,5,6,1,15,3,-1,-1,-1,-1,5,E01031370,0,-1
2023010484493,2023,010484493,2,9,0,9,9,6,3,0,0,8,0,0,0,0,1,1,6,6,3,-1,-1,-1,-1,-1,-1,-1,-1,0,-1
2023170S20483,2023,170S20483,2,9,0,4,4,2,6,0,0,4,0,0,0,0,2,1,6,6,2,49,8,-1,-1,-1,-1,7,E01027751,0,-1
2023010446335,2023,010446335,2,3,0,13,13,5,1,0,0,5,0,0,0,0,1,1,6,6,1,25,5,-1,-1,-1,-1,6,E01003954,0,-1
2023010461215,2023,010461215,1,1,9,99,99,9,9,99,99,9,9,99,9,99,9,1,6,6,1,29,6,-1,-1,-1,-1,3,E01000866,0,-1
2023041258828,2023,041258828,1,1,0,18,19,7,3,0,0,0,5,0,0,0,1,1,5,6,1,84,11,-1,-1,-1,-1,7,E01025561,0,-1
2023061353993,2023,061353993,1,9,0,13,13,6,2,0,0,1,0,0,0,0,4,1,6,6,1,-1,-1,-1,-1,-1,-1,-1,-1,0,-1
2023010478233,2023,010478233,2,23,0,5,5,7,3,0,0,1,0,0,0,0,1,1,6,6,1,54,8,-1,-1,-1,-1,7,E01001308,0,-1
2023201461946,2023,201461946,4,9,0,2,2,0,0,9,9,0,0,0,0,0,1,1,6,6,3,-1,-1,-1,-1,-1,-1,-1,-1,0,-1
2023061333146,2023,061333146,1,97,0,18,19,3,7,0,0,0,2,0,1,0,1,1,5,6,1,30,6,-1,-1,-1,-1,4,E01005214,0,-1
2023471375503,2023,471375503,2,1,0,18,19,2,6,0,0,8,0,0,0,0,4,1,6,6,1,14,3,-1,-1,-1,-1,1,E01020972,0,-1
2023052300715,2023,052300715,2,1,0,18,19,1,5,0,0,0,0,0,0,0,3,1,4,7,1,13,3,-1,-1,-1,-1,1,E01007209,0,-1
2023520000842,2023,520000842,1,1,0,18,19,1,5,0,0,8,0,0,0,0,1,1,6,6,1,13,3,-1,-1,-1,-1,2,E01014390,0,-1
2023170L31063,2023,170L31063,1,9,0,18,19,2,6,0,0,8,0,0,0,0,3,1,6,6,2,54,8,-1,-1,-1,-1,8,E01012156,0,-1
2023041344850,2023,041344850,2,9,0,2,2,0,0,0,0,2,0,0,0,0,1,1,6,6,3,-1,-1,-1,-1,-1,-1,-1,-1,0,-1
2023430280859,2023,430280859,2,98,0,11,11,1,5,0,0,0,0,0,0,0,4,1,6,6,1,-1,-1,-1,-1,-1,-1,-1,-1,0,-1
2023131313721,2023,131313721,2,1,0,-1,-1,-1,-1,-1,-1,0,-1,-1,-1,0,-1,1,6,6,1,26,6,-1,-1,-1,-1,4,E01011153,0,-1
2023010443143,2023,010443143,1,1,0,18,19,1,5,0,0,0,0,0,0,0,0,1,1,1,1,36,7,-1,-1,-1,-1,1,E01033456,0,-1
2023320687413,2023,320687413,1,9,0,18,19,2,6,0,0,6,0,0,0,0,3,1,6,6,2,42,7,-1,-1,-1,-1,-1,-1,0,-1
2023010480238,2023,010480238,2,1,9,99,99,9,9,99,99,9,9,99,9,99,1,1,6,6,3,-1,-1,-1,-1,-1,-1,7,E01004544,0,-1
2023991314501,2023,991314501,1,5,0,11,11,3,2,0,0,3,2,0,0,0,4,1,6,6,1,62,9,-1,-1,-1,-1,-1,-1,0,-1
2023351376590,2023,351376590,1,9,0,12,12,5,1,0,0,0,0,0,0,0,3,1,6,6,3,-1,-1,-1,-1,-1,-1,-1,-1,0,-1
2023320172343,2023,320172343,2,1,0,18,19,8,6,0,0,2,5,0,0,0,1,1,6,6,1,21,5,-1,-1,-1,-1,-1,-1,0,-1
2023010484274,2023,010484274,1,-1,0,18,19,1,5,0,0,1,0,0,0,0,0,9,2,2,1,31,6,-1,-1,-1,-1,4,E01003147,1,-1
202360A054087,2023,60A054087,2,1,0,18,19,4,8,0,0,0,0,0,0,0,3,1,6,6,1,13,3,-1,-1,-1,-1,-1,-1,0,-1
2023991296813,2023,991296813,1,9,0,5,5,8,6,0,0,2,1,0,4,0,3,1,5,6,2,21,5,-1,-1,-1,-1,9,-1,0,-1
2023231348856,2023,231348856,1,9,0,17,19,6,1,0,0,0,2,0,1,3,1,1,6,6,1,51,8,-1,-1,-1,-1,7,E01010164,0,-1
2023411306684,2023,411306684,1,97,0,12,12,7,3,0,0,1,5,0,0,0,1,1,6,6,3,-1,-1,-1,-1,-1,-1,-1,-1,0,-1
2023131380135,2023,131380135,2,1,0,18,19,3,7,0,0,0,0,0,0,0,2,1,5,6,1,50,8,-1,-1,-1,-1,8,E01011938,0,-1
2023622300652,2023,622300652,1,4,0,18,19,8,4,0,0,1,0,0,0,0,0,1,6,6,1,30,6,-1,-1,-1,-1,1,W01001301,0,-1
2023010479155,2023,010479155,2,-1,0,14,14,7,3,0,0,0,0,0,0,0,1,1,6,6,1,31,6,-1,-1,-1,-1,2,E01004253,1,-1
2023101293601,2023,101293601,1,2,-1,18,19,1,5,5,5,0,2,0,0,0,3,1,6,6,1,-1,-1,-1,-1,-1,-1,-1,-1,0,-1
2023332300042,2023,332300042,2,1,0,18,19,7,3,0,0,8,0,0,0,0,4,1,2,2,2,50,8,-1,-1,-1,-1,5,E01025629,0,-1
2023141356190,2023,141356190,1,1,0,5,5,7,3,0,0,2,0,0,0,0,1,1,5,6,1,18,4,-1,-1,-1,-1,1,E01007339,0,-1
2023361276981,2023,361276981,2,98,4,18,19,1,5,0,0,0,0,0,0,0,3,1,6,6,3,-1,-1,-1,-1,-1,-1,-1,-1,0,-1
2023201409657,2023,201409657,2,9,0,9,9,1,8,0,0,5,0,0,0,0,0,1,5,6,1,26,6,-1,-1,-1,-1,3,E01005115,0,-1
2023610051023,2023,610051023,2,9,0,7,7,2,4,0,0,0,0,0,0,0,3,1,6,6,1,34,6,-1,-1,-1,-1,1,W01001666,0,-1
2023201381273,2023,201381273,1,-1,9,18,19,5,1,0,0,2,0,0,0,0,4,1,6,6,3,-1,-1,-1,-1,-1,-1,-1,-1,0,-1
2023122400102,2023,122400102,1,9,0,18,19,1,5,0,0,1,0,0,0,0,1,1,6,6,1,-1,-1,-1,-1,-1,-1,7,E01027667,0,-1
2023010435725,2023,010435725,2,1,0,18,19,3,7,0,0,1,2,0,7,0,4,1,6,6,1,44,7,-1,-1,-1,-1,-1,-1,0,-1
2023010422771,2023,010422771,3,1,0,4,4,4,8,0,0,1,0,0,0,0,1,1,6,6,1,48,8,-1,-1,-1,-1,1,E01004005,0,-1
2023522324480,2023,522324480,2,9,0,18,19,9,9,0,0,0,0,0,0,0,9,1,6,6,3,-1,-1,-1,-1,-1,-1,-1,-1,0,-1
2023361351662,2023,361351662,2,11,-1,-1,-1,-1,-1,-1,-1,0,-1,-1,-1,0,-1,1,6,6,3,-1,-1,-1,-1,-1,-1,-1,-1,0,-1
2023010473182,2023,010473182,3,9,0,99,99,9,9,99,99,0,9,99,9,99,9,9,6,6,3,-1,-1,-1,-1,-1,-1,-1,-1,0,-1
2023010465518,2023,010465518,2,-1,0,18,19,5,1,0,0,4,0,0,0,0,1,1,6,6,2,37,7,-1,-1,-1,-1,5,E01002394,1,-1
2023421334532,2023,421334532,2,1,0,16,19,5,7,0,0,0,0,0,0,0,1,1,6,6,1,14,3,-1,-1,-1,-1,6,E01021689,0,-1
2023522301412,2023,522301412,1,1,0,18,19,2,6,2,2,1,0,0,0,0,3,1,6,6,1,35,6,-1,-1,-1,-1,8,E01014637,0,-1
2023320350370,2023,320350370,2,1,0,18,19,7,3,0,0,8,0,0,0,0,3,1,6,6,1,37,7,-1,-1,-1,-1,1,E01026173,0,-1
2023010430007,2023,010430007,2,1,0,18,19,5,1,0,0,8,5,0,0,0,3,1,2,2,1,24,5,-1,-1,-1,-1,5,E01003949,0,-1
2023201278182,2023,201278182,1,9,0,18,19,8,4,0,0,8,0,0,0,0,1,1,6,6,3,-1,-1,-1,-1,-1,-1,-1,-1,0,-1
2023451360499,2023,451360499,1,22,0,18,19,7,3,9,9,1,0,0,0,0,2,1,6,6,3,87,11,-1,-1,-1,-1,-1,-1,0,-1
202360A033074,2023,60A033074,2,9,0,18,19,8,4,0,0,0,0,0,0,0,1,1,6,6,2,30,6,-1,-1,-1,-1,-1,-1,0,-1
2023201304322,2023,201304322,1,9,0,18,19,3,7,0,0,0,0,0,0,0,1,1,1,1,2,-1,-1,-1,-1,-1,-1,5,E01009895,0,-1
2023052301139,2023,052301139,2,1,0,18,19,5,8,0,0,1,0,0,0,0,1,1,6,6,1,46,8,-1,-1,-1,-1,4,E01006619,0,-1
2023010460110,2023,010460110,2,8,0,99,99,9,9,99,99,9,9,99,9,99,1,9,6,6,3,-1,-1,-1,-1,-1,-1,-1,-1,0,-1
2023440389074,2023,440389074,2,-1,0,18,19,7,3,0,0,3,0,0,0,0,4,1,6,6,2,21,5,-1,-1,-1,-1,3,E01032738,1,-1
2023622300920,2023,622300920,2,1,0,7,7,7,3,0,0,0,0,0,0,0,1,1,6,6,1,76,11,-1,-1,-1,-1,3,W01001044,0,-1
2023421376652,2023,421376652,2,1,0,-1,-1,-1,-1,-1,-1,0,-1,-1,-1,0,-1,1,2,2,1,21,5,-1,-1,-1,-1,3,E01033722,0,-1
2023340WN7342,2023,340WN7342,1,19,0,18,19,5,1,0,0,8,0,0,0,0,2,1,1,1,1,39,7,-1,-1,-1,-1,2,E01027155,0,-1
2023461377855,2023,461377855,1,-1,0,18,19,3,7,9,9,1,0,0,0,0,1,1,5,6,1,-1,-1,-1,-1,-1,-1,-1,-1,1,-1
2023461344972,2023,461344972,1,9,0,18,19,7,3,0,0,0,0,0,0,0,1,1,6,6,1,-1,-1,-1,-1,-1,-1,-1,-1,0,-1
2023010421509,2023,010421509,2,9,0,99,99,9,9,99,99,9,9,99,9,99,1,9,6,6,3,-1,-1,-1,-1,-1,-1,-1,-1,0,-1
2023411402771,2023,411402771,1,9,0,5,5,5,3,0,0,6,0,0,0,0,4,1,6,6,1,55,8,-1,-1,-1,-1,4,E01023883,0,-1
2023010425772,2023,010425772,2,1,0,18,19,5,1,0,0,8,0,0,0,0,1,1,2,2,1,57,9,-1,-1,-1,-1,3,E01002932,0,-1
2023311297150,2023,311297150,1,9,0,5,5,1,3,0,0,0,0,0,0,0,1,1,1,1,1,58,9,-1,-1,-1,-1,9,E01028408,0,-1
2023010478349,2023,010478349,1,3,0,99,99,9,9,99,99,9,9,99,9,99,9,1,2,2,3,30,6,-1,-1,-1,-1,2,E01003947,0,-1
2023061287553,2023,061287553,1,9,0,18,19,8,4,0,0,8,0,0,0,0,1,1,6,6,3,-1,-1,-1,-1,-1,-1,-1,-1,0,-1
2023401292127,2023,401292127,1,98,-1,-1,-1,-1,-1,-1,-1,0,-1,-1,-1,0,-1,1,6,6,3,-1,-1,-1,-1,-1,-1,-1,-1,0,-1
2023010476533,2023,010476533,1,1,9,99,99,9,9,99,99,9,9,99,9,99,9,1,2,2,1,34,6,-1,-1,-1,-1,4,E01003332,0,-1
2023302301057,2023,302301057,2,1,0,16,19,2,4,0,0,1,0,0,0,0,1,1,6,6,1,8,2,-1,-1,-1,-1,7,E01019697,0,-1
2023481398831,2023,481398831,1,1,0,18,19,1,5,0,0,0,0,0,0,0,1,1,5,6,1,30,6,-1,-1,-1,-1,-1,-1,0,-1
2023131326464,2023,131326464,2,9,0,-1,-1,-1,-1,-1,-1,0,-1,-1,-1,-1,-1,1,6,6,3,99,11,-1,-1,-1,-1,-1,-1,0,-1
2023010466725,2023,010466725,2,9,0,99,99,9,9,99,99,9,9,99,9,99,1,9,6,6,3,-1,-1,-1,-1,-1,-1,-1,-1,0,-1
2023430017166,2023,430017166,1,9,0,18,19,5,1,0,0,0,0,0,1,11,4,1,6,6,2,47,8,-1,-1,-1,-1,7,E01028598,0,-1
2023201388221,2023,201388221,1,9,0,5,5,7,5,0,0,1,0,0,0,0,1,1,6,6,1,30,6,-1,-1,-1,-1,-1,-1,0,-1
2023461377826,2023,461377826,1,9,0,18,19,5,1,0,0,0,0,0,0,0,4,1,6,6,1,63,9,-1,-1,-1,-1,2,E01023975,0,-1
2023351386580,2023,351386580,2,1,0,2,2,-1,-1,0,0,1,1,0,0,0,3,1,5,6,2,26,6,-1,-1,-1,-1,9,E01017988,0,-1
2023543034323,2023,543034323,1,1,0,18,19,2,6,0,0,1,0,0,0,0,1,1,6,6,1,40,7,-1,-1,-1,-1,6,E01031845,0,-1
2023061348834,2023,061348834,2,1,-1,18,19,7,3,9,9,0,0,0,0,0,4,1,6,6,1,11,3,-1,-1,-1,-1,-1,-1,0,-1
2023461376895,2023,461376895,1,9,0,4,4,5,1,0,0,0,0,0,0,0,4,1,1,1,3,-1,-1,-1,-1,-1,-1,-1,-1,0,-1
2023471350626,2023,471350626,1,9,0,7,7,8,2,0,0,6,0,0,0,0,3,1,6,6,3,-1,-1,-1,-1,-1,-1,-1,-1,0,-1
2023631374090,2023,631374090,1,9,0,-1,-1,-1,-1,-1,-1,0,-1,-1,-1,0,-1,1,6,6,3,-1,-1,-1,-1,-1,-1,-1,-1,0,-1
2023311270348,2023,311270348,2,1,0,18,19,6,2,0,0,1,2,0,0,0,1,1,5,6,1,15,3,-1,-1,-1,-1,6,E01028080,0,-1
2023340WN0382,2023,340WN0382,1,9,0,4,4,7,3,0,0,1,0,0,0,0,1,1,1,1,1,46,8,-1,-1,-1,-1,3,E01027224,0,-1
2023010448410,2023,010448410,2,9,0,18,19,6,2,0,0,5,0,0,0,0,1,1,1,1,1,33,6,-1,-1,-1,-1,9,E01004155,0,-1
2023311320942,2023,311320942,1,1,0,18,19,5,1,0,0,0,2,4,0,0,1,1,5,6,2,67,10,-1,-1,-1,-1,8,E01028327,0,-1
2023122301263,2023,122301263,1,-1,0,18,19,2,4,0,0,2,0,0,0,0,2,1,1,1,1,38,7,-1,-1,-1,-1,7,E01013428,1,-1
2023221383989,2023,221383989,2,1,0,18,19,2,5,0,0,8,0,0,0,0,4,1,6,6,1,18,4,-1,-1,-1,-1,4,E01014072,0,-1
2023010453862,2023,010453862,2,9,0,99,99,9,9,99,99,9,9,99,9,99,9,9,6,6,3,-1,-1,-1,-1,-1,-1,-1,-1,0,-1
2023111307772,2023,111307772,2,1,0,18,19,3,7,0,0,1,0,0,0,0,1,1,5,6,1,57,9,-1,-1,-1,-1,4,E01020818,0,-1
2023451264903,2023,451264903,2,9,0,9,9,3,3,0,0,5,0,0,0,0,3,1,2,2,1,40,7,-1,-1,-1,-1,3,E01003788,0,-1
2023351282314,2023,351282314,2,90,0,18,19,7,3,0,0,8,0,0,0,0,3,1,1,1,2,45,7,-1,-1,-1,-1,9,E01018120,0,-1
2023010487030,2023,010487030,1,11,0,18,19,3,7,2,2,8,0,0,0,0,0,1,1,1,3,-1,-1,-1,-1,-1,-1,-1,-1,0,-1
2023010446641,2023,010446641,1,9,0,1,1,7,3,0,0,6,0,0,0,0,2,1,6,6,1,29,6,-1,-1,-1,-1,4,E01003683,0,-1
2023461375365,2023,461375365,1,9,0,4,4,7,3,0,0,4,0,0,0,0,4,1,6,6,1,69,10,-1,-1,-1,-1,7,E01024727,0,-1
2023421356551,2023,421356551,1,9,0,18,19,5,1,0,0,0,0,0,0,0,1,1,5,6,2,90,11,-1,-1,-1,-1,6,E01015878,0,-1
2023131306379,2023,131306379,1,1,0,11,11,2,5,0,0,1,0,0,0,0,4,1,1,1,1,20,4,-1,-1,-1,-1,2,E01011726,0,-1
2023010443290,2023,010443290,1,1,0,99,99,9,9,0,0,0,0,99,0,0,9,1,6,6,3,29,6,-1,-1,-1,-1,9,E01016300,0,-1
2023141299125,2023,141299125,3,9,0,4,4,6,2,0,0,0,0,0,0,0,2,1,6,6,2,49,8,-1,-1,-1,-1,8,E01011769,0,-1
2023461368393,2023,461368393,2,1,-1,18,19,7,3,0,0,1,0,0,0,0,1,1,6,6,1,19,4,-1,-1,-1,-1,1,E01016019,0,-1
2023010457774,2023,010457774,2,1,0,14,14,4,8,0,0,8,0,0,0,0,3,1,6,6,1,46,8,-1,-1,-1,-1,2,E01002003,0,-1
2023451310808,2023,451310808,2,9,0,1,1,0,0,6,6,1,0,0,0,0,2,1,6,6,1,30,6,-1,-1,-1,-1,-1,-1,0,-1
2023010419645,2023,010419645,5,9,0,18,19,7,3,0,0,0,0,0,0,0,1,1,6,6,1,69,10,-1,-1,-1,-1,10,E01024418,0,-1
2023122300655,2023,122300655,1,9,0,18,19,8,2,0,0,0,0,0,0,0,4,1,2,2,1,24,5,-1,-1,-1,-1,3,E01013350,0,-1
2023010439988,2023,010439988,1,1,9,99,99,9,9,99,99,9,9,99,9,99,9,1,2,2,2,25,5,-1,-1,-1,-1,4,E01003186,0,-1
2023552300635,2023,552300635,1,1,0,18,19,4,8,0,0,0,0,0,0,0,1,1,6,6,2,13,3,-1,-1,-1,-1,5,E01015421,0,-1
2023610050223,2023,610050223,1,9,0,18,19,8,4,0,0,1,0,0,0,0,1,1,6,6,2,27,6,-1,-1,-1,-1,1,W01001479,0,-1
2023451314971,2023,451314971,1,97,0,18,19,5,1,0,0,4,1,0,0,0,1,1,2,2,2,24,5,-1,-1,-1,-1,10,E01030809,0,-1
2023451364726,2023,451364726,2,9,0,17,19,7,3,0,0,0,0,0,1,0,3,1,1,1,1,56,9,-1,-1,-1,-1,5,E01004579,0,-1
2023161297282,2023,161297282,1,9,0,3,3,1,5,0,0,8,0,0,0,0,2,1,1,1,1,53,8,-1,-1,-1,-1,4,E01012762,0,-1
2023010451260,2023,010451260,2,9,0,9,9,3,8,0,0,8,0,0,0,0,1,1,6,6,3,-1,-1,-1,-1,-1,-1,-1,-1,0,-1
2023201454503,2023,201454503,2,9,0,8,8,6,2,0,0,1,0,0,0,0,2,1,6,6,2,35,6,-1,-1,-1,-1,1,E01009607,0,-1
2023141306468,2023,141306468,2,19,0,18,19,7,2,0,0,4,0,0,0,0,0,1,6,6,3,-1,-1,-1,-1,-1,-1,-1,-1,0,-1
2023201411068,2023,201411068,2,9,0,9,9,2,8,0,0,5,0,0,0,0,1,1,6,6,3,-1,-1,-1,-1,-1,-1,-1,-1,0,-1
2023351310883,2023,351310883,2,9,0,9,9,6,2,0,0,5,0,0,0,0,1,1,5,6,2,56,9,-1,-1,-1,-1,9,E01018199,0,-1
2023010419766,2023,010419766,1,9,0,9,9,5,3,0,0,1,0,0,0,0,1,1,6,6,1,-1,-1,-1,-1,-1,-1,6,E01021875,0,-1
2023131373558,2023,131373558,1,9,0,-1,-1,-1,-1,-1,-1,-1,-1,-1,-1,-1,-1,1,6,6,3,-1,-1,-1,-1,-1,-1,-1,-1,0,-1
2023332300543,2023,332300543,2,9,0,12,12,8,4,0,0,2,0,0,0,0,3,1,2,2,1,53,8,-1,-1,-1,-1,8,E01025830,0,-1
2023302300162,2023,302300162,1,9,0,9,9,2,8,0,0,6,0,0,0,0,1,1,6,6,3,-1,-1,-1,-1,-1,-1,5,E01019456,0,-1
2023031350149,2023,031350149,1,1,0,9,9,7,7,0,0,2,0,0,0,0,1,1,6,6,3,50,8,-1,-1,-1,-1,-1,-1,0,-1
2023101324965,2023,101324965,1,21,1,18,19,6,2,0,0,3,0,0,0,0,1,1,1,1,3,-1,-1,-1,-1,-1,-1,-1,-1,0,-1