collision_index,collision_year,collision_ref_no,vehicle_reference,vehicle_type,towing_and_articulation,vehicle_manoeuvre_historic,vehicle_manoeuvre,vehicle_direction_from,vehicle_direction_to,vehicle_location_restricted_lane_historic,vehicle_location_restricted_lane,junction_location,skidding_and_overturning,hit_object_in_carriageway,vehicle_leaving_carriageway,hit_object_off_carriageway,first_point_of_impact,vehicle_left_hand_drive,journey_purpose_of_driver_historic,journey_purpose_of_driver,sex_of_driver,age_of_driver,age_band_of_driver,engine_capacity_cc,propulsion_code,age_of_vehicle,generic_make_model,driver_imd_decile,lsoa_of_driver,escooter_flag,driver_distance_banding
2023201396614,2023,201396614,2,1,0,18,19,6,2,9,9,8,0,0,0,0,4,1,6,6,1,15,3,-1,-1,-1,-1,9,E01009823,0,-1
2023101338681,2023,101338681,1,97,0,18,19,2,7,0,0,1,0,0,0,0,1,1,6,6,3,-1,-1,-1,-1,-1,-1,-1,-1,0,-1
2023041283058,2023,041283058,1,9,0,18,19,-1,-1,0,0,1,0,0,0,0,1,1,6,6,3,-1,-1,-1,-1,-1,-1,-1,-1,0,-1
2023061382263,2023,061382263,2,1,0,18,19,8,4,0,0,1,1,0,0,0,1,1,2,2,1,43,7,-1,-1,-1,-1,9,E01005713,0,-1
2023010467928,2023,010467928,1,1,9,99,99,9,9,99,99,9,9,99,9,99,1,1,2,2,1,55,8,-1,-1,-1,-1,8,E01000343,0,-1
2023440258133,2023,440258133,2,1,0,18,19,1,5,4,4,8,0,0,0,0,4,1,2,2,1,59,9,-1,-1,-1,-1,4,E01017028,0,-1
2023010475961,2023,010475961,1,1,0,18,19,5,1,0,0,8,0,0,0,0,3,1,6,6,2,34,6,-1,-1,-1,-1,2,E01003984,0,-1
2023351301955,2023,351301955,2,1,0,18,19,8,4,0,0,8,5,0,0,0,3,1,1,1,1,38,7,-1,-1,-1,-1,9,E01018012,0,-1
2023552300508,2023,552300508,1,9,0,7,7,8,2,0,0,6,0,0,0,0,1,1,6,6,3,-1,-1,-1,-1,-1,-1,-1,-1,0,-1
2023421359294,2023,421359294,1,1,0,7,7,1,3,0,0,0,0,0,0,0,4,1,5,6,1,-1,-1,-1,-1,-1,-1,-1,-1,0,-1
2023311371752,2023,311371752,1,1,0,3,3,7,3,0,0,6,0,0,0,0,3,1,5,6,1,20,4,-1,-1,-1,-1,-1,-1,0,-1
2023122400056,2023,122400056,2,1,0,5,5,4,2,0,0,3,0,0,0,0,4,1,6,6,2,73,10,-1,-1,-1,-1,8,E01013348,0,-1
2023131354062,2023,131354062,1,1,0,17,19,1,5,0,0,8,0,0,0,0,4,1,2,2,1,52,8,-1,-1,-1,-1,3,E01033690,0,-1
2023430443462,2023,430443462,2,1,0,18,19,4,8,4,4,8,0,0,0,0,1,1,6,6,2,54,8,-1,-1,-1,-1,10,E01016665,0,-1
2023061350212,2023,061350212,2,1,0,18,19,7,3,0,0,1,0,0,0,0,1,1,6,6,1,59,9,-1,-1,-1,-1,1,E01006357,0,-1
2023320766342,2023,320766342,1,9,0,16,19,6,6,0,0,8,0,0,0,0,1,1,6,6,1,-1,-1,-1,-1,-1,-1,-1,-1,0,-1
2023010442255,2023,010442255,1,5,0,18,19,8,4,0,0,0,2,0,0,0,3,1,6,6,2,26,6,-1,-1,-1,-1,5,W01001431,0,-1
2023010483167,2023,010483167,2,-1,0,18,19,5,1,0,0,1,0,0,0,0,1,1,6,6,1,45,7,-1,-1,-1,-1,2,E01001795,1,-1
2023141386858,2023,141386858,2,97,0,18,19,3,7,0,0,8,5,0,0,0,1,1,5,6,1,24,5,-1,-1,-1,-1,1,E01007575,0,-1
2023111278854,2023,111278854,1,1,0,18,19,3,7,0,0,2,0,0,0,0,1,1,6,6,3,30,6,-1,-1,-1,-1,-1,-1,0,-1
2023010438107,2023,010438107,1,9,0,99,99,9,9,99,99,9,9,99,9,99,2,9,1,1,1,36,7,-1,-1,-1,-1,4,E01023783,0,-1
2023010443858,2023,010443858,2,1,0,9,9,8,5,0,0,1,0,0,0,0,1,1,6,6,2,22,5,-1,-1,-1,-1,2,E01002784,0,-1
2023631355691,2023,631355691,1,9,0,18,19,1,5,0,0,1,2,0,0,0,1,1,1,1,1,58,9,-1,-1,-1,-1,7,W01000712,0,-1
2023320658123,2023,320658123,2,1,0,18,19,7,3,0,0,0,0,0,0,0,3,1,6,6,1,12,3,-1,-1,-1,-1,3,E01026123,0,-1
2023430194802,2023,430194802,1,97,0,13,13,3,7,0,0,8,0,0,0,0,3,1,6,6,3,-1,-1,-1,-1,-1,-1,-1,-1,0,-1
2023461397037,2023,461397037,1,19,0,7,7,7,3,9,9,2,2,11,0,0,1,1,5,6,1,76,11,-1,-1,-1,-1,-1,-1,0,-1
2023520301193,2023,520301193,2,9,0,13,13,5,1,0,0,8,0,0,0,0,1,1,6,6,1,41,7,-1,-1,-1,-1,6,E01032631,0,-1
2023221274417,2023,221274417,2,3,0,9,9,5,3,0,0,5,0,0,0,0,3,1,5,6,1,26,6,-1,-1,-1,-1,8,E01028883,0,-1
2023351359349,2023,351359349,2,9,0,4,4,5,4,0,0,0,0,0,0,0,2,1,6,6,1,37,7,-1,-1,-1,-1,5,E01018138,0,-1
2023552301030,2023,552301030,1,9,0,18,19,6,2,0,0,0,0,0,0,0,1,1,6,6,3,-1,-1,-1,-1,-1,-1,-1,-1,0,-1
2023401357199,2023,401357199,1,9,0,18,19,1,5,0,0,8,0,0,0,0,1,1,6,6,1,32,6,-1,-1,-1,-1,2,E01015720,0,-1
2023451371080,2023,451371080,2,9,0,9,9,3,5,0,0,6,0,0,0,0,4,1,6,6,3,45,7,-1,-1,-1,-1,-1,-1,0,-1
2023461319019,2023,461319019,2,1,0,18,19,8,4,0,0,8,2,0,2,0,2,1,6,6,1,23,5,-1,-1,-1,-1,8,E01024185,0,-1
2023610020423,2023,610020423,1,9,0,18,19,2,6,0,0,8,0,0,0,0,1,1,6,6,1,34,6,-1,-1,-1,-1,2,W01001614,0,-1
2023221331348,2023,221331348,2,1,0,18,19,2,6,0,0,5,0,0,0,0,3,1,6,6,1,68,10,-1,-1,-1,-1,8,E01032146,0,-1
2023520301762,2023,520301762,1,9,0,7,7,6,8,0,0,8,0,0,0,0,1,1,6,6,1,79,11,-1,-1,-1,-1,7,E01029270,0,-1
2023451269839,2023,451269839,2,1,0,18,19,1,5,0,0,1,0,0,0,0,1,1,6,6,1,30,6,-1,-1,-1,-1,-1,-1,0,-1
2023010445225,2023,010445225,1,1,9,99,99,9,9,99,99,9,9,99,9,99,9,1,6,6,1,29,6,-1,-1,-1,-1,4,E01001194,0,-1
2023421316964,2023,421316964,2,9,0,3,3,6,3,0,0,1,0,0,0,0,2,1,2,2,2,36,7,-1,-1,-1,-1,5,E01021866,0,-1
2023461343751,2023,461343751,1,19,0,18,19,7,3,0,0,1,0,0,0,0,4,1,6,6,3,-1,-1,-1,-1,-1,-1,-1,-1,0,-1
2023052303002,2023,052303002,2,90,0,5,5,3,5,0,0,1,0,0,0,0,3,1,6,6,1,22,5,-1,-1,-1,-1,1,E01006679,0,-1
2023311268691,2023,311268691,1,9,0,4,4,6,2,0,0,0,0,0,0,0,1,1,6,6,1,-1,-1,-1,-1,-1,-1,-1,-1,0,-1
2023052300267,2023,052300267,1,-1,0,18,19,7,3,0,0,8,0,0,0,0,1,1,6,6,1,23,5,-1,-1,-1,-1,2,E01006783,1,-1
2023122301068,2023,122301068,2,1,0,18,19,5,1,0,0,0,0,0,0,0,1,1,1,1,1,35,6,-1,-1,-1,-1,10,E01013402,0,-1
2023351276185,2023,351276185,1,-1,-1,17,19,-1,-1,9,9,8,0,0,-1,0,1,1,6,6,3,-1,-1,-1,-1,-1,-1,-1,-1,1,-1
2023211361925,2023,211361925,1,9,0,7,7,8,1,0,0,0,0,10,0,0,1,1,2,2,2,22,5,-1,-1,-1,-1,5,E01029702,0,-1
2023010421798,2023,010421798,2,1,0,18,19,2,6,0,0,8,0,0,0,0,1,1,1,1,1,48,8,-1,-1,-1,-1,6,E01002351,0,-1
2023131314678,2023,131314678,2,1,0,15,15,7,3,0,0,0,0,0,0,0,1,1,5,6,1,71,10,-1,-1,-1,-1,10,E01011458,0,-1
2023010439704,2023,010439704,1,9,0,18,19,1,5,0,0,1,0,0,0,0,1,1,6,6,3,-1,-1,-1,-1,-1,-1,-1,-1,0,-1
2023131306902,2023,131306902,2,1,0,18,19,2,1,0,0,1,0,0,0,0,0,1,5,6,1,46,8,-1,-1,-1,-1,-1,-1,0,-1
2023010459681,2023,010459681,2,9,0,99,99,9,9,99,99,9,9,99,9,99,1,9,6,6,3,-1,-1,-1,-1,-1,-1,-1,-1,0,-1
2023440376289,2023,440376289,1,1,0,18,19,6,2,0,0,3,0,0,0,0,4,1,2,2,1,65,9,-1,-1,-1,-1,5,E01017097,0,-1
2023010467428,2023,010467428,2,1,0,4,4,1,5,0,0,1,0,0,0,0,1,1,2,2,2,37,7,-1,-1,-1,-1,7,E01003283,0,-1
2023361329136,2023,361329136,2,1,-1,-1,-1,4,3,-1,-1,-1,-1,-1,-1,0,2,1,6,6,2,10,2,-1,-1,-1,-1,7,E01026673,0,-1
2023430427583,2023,430427583,1,9,0,14,14,5,1,0,0,0,0,0,0,0,1,1,6,6,1,-1,-1,-1,-1,-1,-1,-1,-1,0,-1
2023430351449,2023,430351449,1,8,0,18,19,3,7,0,0,1,0,0,0,0,1,1,1,1,1,-1,-1,-1,-1,-1,-1,-1,-1,0,-1
2023430111832,2023,430111832,1,19,0,18,19,7,3,0,0,8,0,0,0,0,1,1,6,6,3,-1,-1,-1,-1,-1,-1,-1,-1,0,-1
2023010443689,2023,010443689,2,1,9,99,99,9,9,99,99,9,9,99,9,99,9,1,6,6,2,-1,-1,-1,-1,-1,-1,-1,-1,0,-1
2023131293093,2023,131293093,2,1,0,18,19,1,5,0,0,1,0,0,0,0,1,1,6,6,1,27,6,-1,-1,-1,-1,1,E01011373,0,-1
2023010482851,2023,010482851,1,1,9,99,99,9,9,99,99,9,9,99,9,99,9,1,2,2,2,32,6,-1,-1,-1,-1,4,E01004215,0,-1
2023481387783,2023,481387783,2,1,0,18,19,8,4,0,0,8,0,0,0,0,1,1,5,6,2,33,6,-1,-1,-1,-1,-1,-1,0,-1
2023010457550,2023,010457550,1,1,9,99,99,9,9,99,99,9,9,99,9,99,9,1,2,2,1,38,7,-1,-1,-1,-1,5,E01002563,0,-1
2023061271350,2023,061271350,1,9,-1,5,5,3,7,0,0,0,0,0,0,0,1,1,6,6,1,30,6,-1,-1,-1,-1,-1,-1,0,-1
2023031354556,2023,031354556,1,9,0,2,2,7,7,0,0,0,0,0,0,0,2,1,6,6,3,-1,-1,-1,-1,-1,-1,-1,-1,0,-1
2023061395944,2023,061395944,2,1,0,18,19,6,2,0,0,1,1,0,0,0,3,1,6,6,1,39,7,-1,-1,-1,-1,1,E01005166,0,-1
2023421397013,2023,421397013,1,9,0,-1,-1,-1,-1,-1,-1,0,-1,-1,-1,0,1,1,6,6,3,-1,-1,-1,-1,-1,-1,-1,-1,0,-1
2023311380065,2023,311380065,2,1,0,18,19,7,3,5,5,0,0,0,0,0,1,1,2,2,1,50,8,-1,-1,-1,-1,-1,-1,0,-1
2023141370013,2023,141370013,2,9,0,18,19,3,7,0,0,8,0,0,0,0,1,1,5,6,1,39,7,-1,-1,-1,-1,4,E01007852,0,-1
2023610043823,2023,610043823,2,1,0,18,19,2,6,0,0,0,0,0,0,0,1,1,6,6,1,51,8,-1,-1,-1,-1,5,W01001603,0,-1
2023440359557,2023,440359557,1,9,0,18,19,4,8,0,0,0,0,0,0,0,3,1,6,6,2,33,6,-1,-1,-1,-1,5,E01017090,0,-1
2023311376542,2023,311376542,2,1,0,4,4,4,3,0,0,1,0,0,0,0,1,1,1,1,2,15,3,-1,-1,-1,-1,10,E01028084,0,-1
2023421293583,2023,421293583,1,2,0,18,19,3,7,0,0,2,0,0,0,0,4,1,6,6,3,-1,-1,-1,-1,-1,-1,-1,-1,0,-1
2023401261592,2023,401261592,1,9,0,9,9,-1,-1,0,0,8,0,0,0,0,3,1,6,6,2,-1,-1,-1,-1,-1,-1,-1,-1,0,-1
2023421286898,2023,421286898,1,9,0,18,19,1,5,0,0,4,0,0,0,0,3,1,6,6,1,51,8,-1,-1,-1,-1,-1,-1,0,-1
2023010469081,2023,010469081,2,9,0,7,7,1,2,0,0,1,0,0,0,0,1,2,6,6,3,-1,-1,-1,-1,-1,-1,-1,-1,0,-1
2023430250829,2023,430250829,2,9,0,2,2,0,0,0,0,1,0,0,0,0,1,1,6,6,3,-1,-1,-1,-1,-1,-1,-1,-1,0,-1
2023451291519,2023,451291519,1,98,0,18,19,1,5,0,0,0,0,0,0,0,1,1,6,6,3,59,9,-1,-1,-1,-1,-1,-1,0,-1
2023461379747,2023,461379747,2,1,0,13,13,7,7,0,0,0,1,0,7,0,1,1,2,2,1,54,8,-1,-1,-1,-1,7,E01000837,0,-1
2023221341778,2023,221341778,1,5,0,17,19,8,4,0,0,0,0,0,1,2,1,1,6,6,1,38,7,-1,-1,-1,-1,6,E01022211,0,-1
2023461367266,2023,461367266,1,9,0,18,19,1,5,0,0,1,0,0,0,0,3,1,6,6,1,70,10,-1,-1,-1,-1,-1,-1,0,-1
2023010443567,2023,010443567,1,1,0,99,99,9,9,0,0,0,0,0,0,0,9,1,6,6,1,13,3,-1,-1,-1,-1,3,E01000929,0,-1
2023010448734,2023,010448734,1,1,0,5,5,5,1,0,0,1,0,0,0,0,1,1,6,6,1,-1,-1,-1,-1,-1,-1,-1,-1,0,-1
2023010481549,2023,010481549,2,9,0,99,99,9,9,99,99,9,9,99,9,99,1,9,6,6,3,-1,-1,-1,-1,-1,-1,-1,-1,0,-1
2023010479644,2023,010479644,1,1,9,99,99,9,9,99,99,9,9,99,9,99,1,1,6,6,1,25,5,-1,-1,-1,-1,2,E01000126,0,-1
2023552300862,2023,552300862,2,1,0,18,19,2,6,0,0,0,0,0,0,0,3,1,6,6,1,58,9,-1,-1,-1,-1,7,E01020549,0,-1
2023201413939,2023,201413939,1,9,0,18,19,2,8,0,0,8,0,0,0,0,4,1,6,6,1,-1,-1,-1,-1,-1,-1,-1,-1,0,-1
2023010470562,2023,010470562,2,1,0,18,19,5,1,0,0,1,0,0,0,0,1,1,6,6,1,45,7,-1,-1,-1,-1,9,E01028650,0,-1
2023371390598,2023,371390598,2,9,0,4,4,3,7,0,0,1,0,0,0,0,1,1,5,6,2,44,7,-1,-1,-1,-1,6,E01030044,0,-1
2023010456133,2023,010456133,2,1,0,18,19,5,1,0,0,0,0,0,7,4,1,1,6,6,1,13,3,-1,-1,-1,-1,-1,-1,0,-1
2023501303732,2023,501303732,1,23,0,16,19,7,3,0,0,7,1,0,0,0,4,1,1,1,1,19,4,-1,-1,-1,-1,2,E01015157,0,-1
2023311357439,2023,311357439,1,2,0,14,14,7,3,0,0,0,0,0,7,0,1,1,6,6,3,-1,-1,-1,-1,-1,-1,-1,-1,0,-1
2023141390343,2023,141390343,2,-1,0,18,19,4,8,9,9,1,5,0,0,0,0,1,6,6,1,19,4,-1,-1,-1,-1,1,E01007736,1,-1
2023520301534,2023,520301534,2,9,0,18,19,7,3,0,0,0,0,0,0,0,1,1,6,6,1,55,8,-1,-1,-1,-1,6,E01029221,0,-1
2023201411747,2023,201411747,1,-1,0,7,7,8,3,0,0,3,0,0,0,0,4,1,6,6,3,-1,-1,-1,-1,-1,-1,-1,-1,0,-1
2023052301009,2023,052301009,2,1,0,18,19,1,5,0,0,8,0,10,1,10,2,1,6,6,1,44,7,-1,-1,-1,-1,8,E01007142,0,-1
2023041331541,2023,041331541,1,9,0,5,5,5,1,0,0,6,0,0,0,0,0,1,6,6,3,-1,-1,-1,-1,-1,-1,-1,-1,0,-1
2023010432168,2023,010432168,1,1,9,99,99,9,9,99,99,9,9,99,9,99,2,1,2,2,1,54,8,-1,-1,-1,-1,9,E01030326,0,-1
2023010473825,2023,010473825,2,-1,0,13,13,1,5,0,0,1,0,0,0,0,4,1,6,6,1,13,3,-1,-1,-1,-1,5,E01000892,1,-1
2023351266790,2023,351266790,1,98,0,18,19,7,3,0,0,0,2,0,0,0,4,1,1,1,1,67,10,-1,-1,-1,-1,5,E01026703,0,-1
2023010455194,2023,010455194,1,9,0,18,19,7,3,0,0,1,0,0,0,0,1,1,6,6,3,-1,-1,-1,-1,-1,-1,-1,-1,0,-1
2023501281614,2023,501281614,1,9,4,13,13,7,3,0,0,0,0,0,0,0,0,1,1,1,1,61,9,-1,-1,-1,-1,6,E01020083,0,-1
202360A130260,2023,60A130260,2,1,0,18,19,2,6,0,0,1,0,0,0,0,1,1,6,6,1,41,7,-1,-1,-1,-1,-1,-1,0,-1
2023041307391,2023,041307391,2,1,0,18,19,5,1,0,0,1,0,0,0,0,4,1,6,6,1,37,7,-1,-1,-1,-1,9,E01025461,0,-1
2023061316164,2023,061316164,2,1,0,18,19,7,3,0,0,0,0,0,0,0,1,1,6,6,1,11,3,-1,-1,-1,-1,-1,-1,0,-1
2023541499423,2023,541499423,1,9,0,18,19,2,6,0,0,1,0,0,0,0,1,1,6,6,3,-1,-1,-1,-1,-1,-1,-1,-1,0,-1
2023010479776,2023,010479776,1,1,9,99,99,9,9,99,99,9,9,99,9,99,1,1,6,6,1,30,6,-1,-1,-1,-1,6,E01003157,0,-1
2023320038348,2023,320038348,1,9,0,18,19,6,2,0,0,0,1,0,1,4,1,1,1,1,1,23,5,-1,-1,-1,-1,2,E01026006,0,-1
2023421375805,2023,421375805,1,23,0,18,19,3,7,9,9,0,0,0,7,0,4,1,6,6,1,25,5,-1,-1,-1,-1,10,E01021548,0,-1
2023201310923,2023,201310923,1,9,0,16,19,4,7,0,0,1,0,12,0,0,1,1,6,6,1,-1,-1,-1,-1,-1,-1,-1,-1,0,-1
2023141273977,2023,141273977,2,97,0,18,19,8,4,9,9,1,0,0,0,0,4,1,5,6,1,15,3,-1,-1,-1,-1,1,E01007979,0,-1
2023430132730,2023,430132730,1,97,0,18,19,1,5,0,0,4,1,0,7,1,4,1,6,6,3,-1,-1,-1,-1,-1,-1,-1,-1,0,-1
2023010474965,2023,010474965,2,-1,0,18,19,1,5,0,0,2,0,0,0,0,4,1,6,6,1,20,4,-1,-1,-1,-1,10,E01030606,1,-1
2023010477997,2023,010477997,1,9,9,18,19,1,5,0,0,8,9,0,9,0,1,9,6,6,3,-1,-1,-1,-1,-1,-1,-1,-1,0,-1
2023101301702,2023,101301702,2,23,0,18,19,3,7,0,0,0,1,0,0,0,2,1,5,6,1,21,5,-1,-1,-1,-1,1,E01008297,0,-1
2023501277847,2023,501277847,2,1,0,7,7,-1,-1,-1,-1,0,-1,-1,-1,0,3,1,1,1,1,59,9,-1,-1,-1,-1,7,E01015134,0,-1
2023501338369,2023,501338369,1,1,0,18,19,1,5,0,0,0,0,0,0,0,3,1,5,6,1,48,8,-1,-1,-1,-1,4,E01018929,0,-1
2023991319222,2023,991319222,1,97,0,9,9,1,7,0,0,1,0,0,0,0,4,1,5,6,1,60,9,-1,-1,-1,-1,-1,-1,0,-1
2023430229031,2023,430229031,2,9,0,18,19,4,8,0,0,1,0,0,0,0,1,1,6,6,2,-1,-1,-1,-1,-1,-1,-1,-1,0,-1
2023010486525,2023,010486525,1,9,0,7,7,2,4,0,0,2,0,0,0,0,1,1,6,6,3,-1,-1,-1,-1,-1,-1,-1,-1,0,-1
2023101313763,2023,101313763,2,1,0,18,19,1,5,0,0,0,0,0,0,0,1,1,5,6,1,7,2,-1,-1,-1,-1,5,E01027453,0,-1
2023010451283,2023,010451283,2,5,0,18,19,1,5,0,0,0,2,0,1,11,1,1,6,6,1,25,5,-1,-1,-1,-1,7,E01015920,0,-1
2023461261843,2023,461261843,1,9,0,18,19,7,3,0,0,1,-1,0,0,0,0,1,6,6,1,-1,-1,-1,-1,-1,-1,-1,-1,0,-1
2023010420587,2023,010420587,2,9,0,99,99,9,9,99,99,0,9,99,9,99,1,9,6,6,3,-1,-1,-1,-1,-1,-1,-1,-1,0,-1
2023010481079,2023,010481079,2,19,9,99,99,9,9,99,99,0,9,99,9,0,9,9,6,6,3,-1,-1,-1,-1,-1,-1,-1,-1,0,-1
2023440107082,2023,440107082,2,9,0,18,19,4,8,0,0,0,0,0,0,0,1,1,6,6,2,42,7,-1,-1,-1,-1,10,E01022581,0,-1
2023545208723,2023,545208723,1,9,0,18,19,5,1,0,0,1,0,0,0,0,1,1,6,6,1,55,8,-1,-1,-1,-1,-1,-1,0,-1
2023010474103,2023,010474103,1,1,9,99,99,9,9,99,99,9,9,99,9,99,9,1,2,2,1,32,6,-1,-1,-1,-1,3,E01024280,0,-1
2023141360746,2023,141360746,1,9,0,18,19,6,2,0,0,0,0,7,0,0,1,1,5,6,2,25,5,-1,-1,-1,-1,1,E01026129,0,-1
2023351271515,2023,351271515,2,1,-1,-1,-1,-1,-1,-1,-1,-1,-1,-1,-1,0,-1,1,5,6,1,48,8,-1,-1,-1,-1,8,E01018238,0,-1
2023552301097,2023,552301097,2,1,0,18,19,8,4,0,0,8,0,0,0,0,1,1,6,6,2,33,6,-1,-1,-1,-1,3,E01015442,0,-1
2023481407567,2023,481407567,1,8,0,18,19,3,7,0,0,0,0,0,0,0,1,1,1,1,3,40,7,-1,-1,-1,-1,-1,-1,0,-1
2023010459122,2023,010459122,1,9,0,18,19,7,3,0,0,2,0,0,0,0,4,1,6,6,3,-1,-1,-1,-1,-1,-1,-1,-1,0,-1
2023531314635,2023,531314635,1,1,0,18,19,3,7,0,0,8,0,0,0,0,1,1,6,6,3,-1,-1,-1,-1,-1,-1,-1,-1,0,-1
2023351359254,2023,351359254,1,11,0,16,19,2,6,0,0,0,0,0,0,0,1,1,6,6,1,62,9,-1,-1,-1,-1,9,E01018205,0,-1
2023131389858,2023,131389858,2,90,0,18,19,6,8,0,0,0,0,0,0,0,3,1,2,2,1,16,4,-1,-1,-1,-1,2,E01010894,0,-1
2023451299995,2023,451299995,2,9,0,18,19,1,5,0,0,1,1,0,0,0,1,1,5,6,2,36,7,-1,-1,-1,-1,4,E01030634,0,-1
2023010468434,2023,010468434,1,1,0,18,19,1,5,4,4,0,0,0,0,0,4,1,6,6,1,33,6,-1,-1,-1,-1,-1,-1,0,-1
2023201283821,2023,201283821,2,1,0,18,19,-1,-1,0,0,4,0,0,0,0,1,1,2,2,1,59,9,-1,-1,-1,-1,10,E01009859,0,-1
2023302301914,2023,302301914,2,20,0,18,19,3,7,0,0,1,0,0,0,0,0,1,6,6,3,-1,-1,-1,-1,-1,-1,5,E01019456,0,-1
2023010488728,2023,010488728,2,9,0,99,99,9,9,99,99,9,9,99,9,99,9,9,6,6,3,-1,-1,-1,-1,-1,-1,-1,-1,0,-1
202363A034723,2023,63A034723,1,9,0,9,9,5,2,0,0,8,0,0,0,0,1,1,6,6,1,64,9,-1,-1,-1,-1,-1,-1,0,-1
2023141320794,2023,141320794,2,1,0,18,19,1,5,0,0,1,0,0,0,0,1,1,6,6,2,31,6,-1,-1,-1,-1,7,E01007834,0,-1
2023052302963,2023,052302963,1,23,0,18,19,5,1,0,0,0,0,0,0,0,1,1,1,1,1,19,4,-1,-1,-1,-1,1,E01006445,0,-1
2023010464936,2023,010464936,2,9,0,99,99,9,9,99,99,9,9,99,9,99,1,9,6,6,3,48,8,-1,-1,-1,-1,2,E01003970,0,-1
2023440466129,2023,440466129,2,9,0,3,3,5,1,0,0,0,0,0,0,0,2,1,2,2,1,44,7,-1,-1,-1,-1,2,E01022970,0,-1
2023201461868,2023,201461868,2,9,9,18,19,8,4,0,0,2,0,0,0,0,9,1,2,2,1,58,9,-1,-1,-1,-1,9,E01009704,0,-1
2023010463813,2023,010463813,1,9,0,18,19,5,1,0,0,3,0,0,0,0,1,1,6,6,3,-1,-1,-1,-1,-1,-1,-1,-1,0,-1
2023070161833,2023,070161833,1,1,0,9,9,5,3,0,0,0,0,0,0,0,3,1,6,6,1,75,10,-1,-1,-1,-1,9,E01033378,0,-1
2023122301118,2023,122301118,1,99,9,9,9,1,3,0,0,8,0,0,0,0,1,9,6,6,3,-1,-1,-1,-1,-1,-1,-1,-1,0,-1
2023010467096,2023,010467096,1,1,9,99,99,9,9,99,99,1,9,99,9,99,1,1,2,2,1,33,6,-1,-1,-1,-1,6,E01004532,0,-1
2023522300447,2023,522300447,1,1,0,18,19,2,6,0,0,0,0,0,0,0,2,1,6,6,2,41,7,-1,-1,-1,-1,4,E01033364,0,-1
2023471369496,2023,471369496,1,9,0,3,3,4,8,0,0,0,0,0,0,0,1,1,6,6,3,-1,-1,-1,-1,-1,-1,-1,-1,0,-1
2023010451888,2023,010451888,1,5,0,18,19,7,3,0,0,0,0,0,0,0,1,1,6,6,3,-1,-1,-1,-1,-1,-1,-1,-1,0,-1
2023041349281,2023,041349281,1,1,0,18,19,5,1,0,0,0,0,0,0,0,0,1,5,6,1,37,7,-1,-1,-1,-1,5,E01025363,0,-1
2023440154343,2023,440154343,2,1,0,18,19,5,1,0,0,8,0,0,0,0,3,1,6,6,1,18,4,-1,-1,-1,-1,10,E01030892,0,-1
2023010450295,2023,010450295,1,1,9,99,99,9,9,99,99,9,9,99,9,99,1,1,2,2,1,50,8,-1,-1,-1,-1,4,E01033727,0,-1
2023371296451,2023,371296451,1,19,0,18,19,7,3,0,0,0,0,0,0,0,4,1,1,1,1,26,6,-1,-1,-1,-1,-1,-1,0,-1
2023010453628,2023,010453628,2,1,0,8,8,2,5,0,0,2,0,0,0,0,1,1,6,6,1,35,6,-1,-1,-1,-1,2,E01004729,0,-1
2023351316331,2023,351316331,1,9,0,16,19,5,1,0,0,0,5,0,1,0,1,1,6,6,2,26,6,-1,-1,-1,-1,9,E01018211,0,-1
2023351363687,2023,351363687,1,22,0,18,19,-1,-1,9,9,0,0,0,0,0,3,1,6,6,2,-1,-1,-1,-1,-1,-1,-1,-1,0,-1
2023141317858,2023,141317858,2,1,0,18,19,7,3,0,0,2,2,0,0,0,0,1,5,6,1,55,8,-1,-1,-1,-1,10,E01007955,0,-1
2023201372811,2023,201372811,2,1,0,18,19,5,1,0,0,8,5,0,0,0,1,1,6,6,1,22,5,-1,-1,-1,-1,1,E01009371,0,-1
2023052302339,2023,052302339,1,11,0,5,5,5,1,0,0,0,0,0,0,0,4,1,1,1,1,-1,-1,-1,-1,-1,-1,-1,-1,0,-1
2023430020557,2023,430020557,1,1,0,17,19,6,3,0,0,8,0,0,0,0,0,1,6,6,1,27,6,-1,-1,-1,-1,10,E01017874,0,-1
2023531383250,2023,531383250,2,1,-1,18,19,1,5,0,0,3,0,0,0,0,2,1,6,6,1,20,4,-1,-1,-1,-1,6,E01022348,0,-1
2023440508995,2023,440508995,1,9,0,9,9,1,7,0,0,0,0,0,0,0,3,1,6,6,1,28,6,-1,-1,-1,-1,6,E01022657,0,-1
2023481377467,2023,481377467,2,1,0,18,19,1,5,0,0,0,0,0,0,0,2,1,6,6,1,42,7,-1,-1,-1,-1,-1,-1,0,-1
2023010452934,2023,010452934,2,1,0,18,19,1,5,0,0,8,0,0,0,0,1,1,6,6,1,47,8,-1,-1,-1,-1,6,E01002005,0,-1
2023531353011,2023,531353011,2,90,0,18,19,5,1,0,0,0,5,0,0,0,2,1,6,6,1,30,6,-1,-1,-1,-1,6,E01032211,0,-1
2023340WN6942,2023,340WN6942,1,9,0,18,19,4,8,0,0,0,0,4,0,0,1,1,6,6,1,50,8,-1,-1,-1,-1,4,E01032976,0,-1
2023061271178,2023,061271178,1,21,4,18,19,3,7,0,0,0,0,0,0,0,3,1,2,2,1,61,9,-1,-1,-1,-1,-1,-1,0,-1
2023440300709,2023,440300709,1,1,0,18,19,7,3,0,0,8,0,0,0,0,4,1,6,6,1,18,4,-1,-1,-1,-1,6,E01022715,0,-1
2023010486569,2023,010486569,2,1,0,18,19,3,7,0,0,2,0,0,0,0,2,1,6,6,2,29,6,-1,-1,-1,-1,2,E01001773,0,-1
2023430298285,2023,430298285,2,98,1,12,12,4,8,0,0,0,0,0,0,0,1,2,1,1,1,60,9,-1,-1,-1,-1,-1,-1,0,-1
2023010476454,2023,010476454,2,1,0,17,19,1,6,0,0,8,0,0,0,0,1,1,6,6,1,46,8,-1,-1,-1,-1,2,E01000154,0,-1
2023010457821,2023,010457821,2,9,9,99,99,9,9,0,0,9,9,0,7,0,1,9,6,6,3,-1,-1,-1,-1,-1,-1,-1,-1,0,-1
202363D028623,2023,63D028623,2,21,1,18,19,6,2,0,0,8,1,0,0,0,1,1,1,1,1,59,9,-1,-1,-1,-1,-1,-1,0,-1
2023010475846,2023,010475846,2,1,0,18,19,3,7,0,0,1,0,0,0,0,3,1,6,6,1,35,6,-1,-1,-1,-1,5,E01000850,0,-1