collision_index,collision_year,collision_ref_no,vehicle_reference,vehicle_type,towing_and_articulation,vehicle_manoeuvre_historic,vehicle_manoeuvre,vehicle_direction_from,vehicle_direction_to,vehicle_location_restricted_lane_historic,vehicle_location_restricted_lane,junction_location,skidding_and_overturning,hit_object_in_carriageway,vehicle_leaving_carriageway,hit_object_off_carriageway,first_point_of_impact,vehicle_left_hand_drive,journey_purpose_of_driver_historic,journey_purpose_of_driver,sex_of_driver,age_of_driver,age_band_of_driver,engine_capacity_cc,propulsion_code,age_of_vehicle,generic_make_model,driver_imd_decile,lsoa_of_driver,escooter_flag,driver_distance_banding
2023522301493,2023,522301493,2,9,0,7,7,7,8,0,0,1,0,0,0,0,1,2,6,6,2,38,7,-1,-1,-1,-1,6,E01014769,0,-1
2023010439190,2023,010439190,1,1,9,99,99,9,9,99,99,9,9,99,9,99,9,1,6,6,3,67,10,-1,-1,-1,-1,5,E01001542,0,-1
2023421271129,2023,421271129,1,4,0,18,19,3,7,0,0,4,0,0,0,0,1,1,6,6,1,27,6,-1,-1,-1,-1,9,E01021335,0,-1
2023340WN2942,2023,340WN2942,1,9,0,18,19,1,5,0,0,0,0,0,1,5,1,1,6,6,1,49,8,-1,-1,-1,-1,6,E01027025,0,-1
2023401383437,2023,401383437,1,9,0,-1,-1,-1,-1,-1,-1,-1,-1,-1,-1,0,-1,1,6,6,1,-1,-1,-1,-1,-1,-1,-1,-1,0,-1
2023010457005,2023,010457005,1,9,4,16,19,1,5,0,0,8,0,0,0,0,4,1,1,1,1,29,6,-1,-1,-1,-1,6,E01002601,0,-1
2023430332571,2023,430332571,2,-1,0,18,19,6,2,0,0,6,0,0,0,0,4,1,6,6,1,16,4,-1,-1,-1,-1,5,E01017710,1,-1
2023010421965,2023,010421965,2,9,0,7,7,5,7,0,0,6,1,0,0,0,1,1,6,6,3,-1,-1,-1,-1,-1,-1,-1,-1,0,-1
2023320426403,2023,320426403,1,9,0,18,19,4,8,0,0,0,0,0,0,0,4,1,6,6,3,-1,-1,-1,-1,-1,-1,-1,-1,0,-1
2023320252953,2023,320252953,2,19,0,18,19,2,6,0,0,8,2,0,3,0,2,1,1,1,1,51,8,-1,-1,-1,-1,3,E01026271,0,-1
2023371399787,2023,371399787,2,1,0,18,19,5,1,2,2,0,0,0,0,0,4,1,6,6,1,19,4,-1,-1,-1,-1,-1,-1,0,-1
2023421313996,2023,421313996,1,9,0,17,19,8,5,0,0,0,5,0,0,0,1,1,6,6,1,52,8,-1,-1,-1,-1,-1,-1,0,-1
2023010458753,2023,010458753,2,1,0,18,19,3,7,0,0,8,0,0,0,0,1,1,6,6,1,54,8,-1,-1,-1,-1,2,E01000998,0,-1
2023311357554,2023,311357554,2,9,0,9,9,2,2,0,0,1,0,0,0,0,1,1,6,6,3,30,6,-1,-1,-1,-1,-1,-1,0,-1
2023531323818,2023,531323818,1,9,0,5,5,3,7,0,0,4,0,0,0,0,0,1,6,6,3,-1,-1,-1,-1,-1,-1,-1,-1,0,-1
2023010483251,2023,010483251,2,1,0,18,19,5,1,0,0,8,0,0,0,0,4,1,6,6,2,57,9,-1,-1,-1,-1,9,E01003849,0,-1
2023131298086,2023,131298086,1,19,0,-1,-1,-1,-1,-1,-1,0,-1,-1,-1,-1,-1,1,6,6,3,-1,-1,-1,-1,-1,-1,-1,-1,0,-1
2023010437099,2023,010437099,1,9,0,99,99,9,9,99,99,9,9,99,9,99,1,9,6,6,3,-1,-1,-1,-1,-1,-1,-1,-1,0,-1
2023201385474,2023,201385474,1,9,0,9,9,8,5,0,0,5,0,0,0,0,1,1,6,6,2,-1,-1,-1,-1,-1,-1,-1,-1,0,-1
2023531364598,2023,531364598,1,1,0,15,15,3,7,0,0,0,0,0,0,0,1,1,6,6,1,53,8,-1,-1,-1,-1,8,E01022116,0,-1
2023131346044,2023,131346044,2,9,0,9,9,-1,-1,0,0,2,-1,-1,-1,0,-1,1,6,6,3,30,6,-1,-1,-1,-1,-1,-1,0,-1
2023351383795,2023,351383795,2,1,0,3,3,3,7,9,9,0,2,0,0,0,4,1,4,7,1,13,3,-1,-1,-1,-1,7,E01015659,0,-1
2023010441529,2023,010441529,1,9,0,5,5,0,7,8,6,0,0,0,0,0,0,1,6,6,1,57,9,-1,-1,-1,-1,8,E01001030,0,-1
2023461339380,2023,461339380,1,9,0,3,3,1,5,0,0,4,0,0,0,0,1,1,6,6,3,-1,-1,-1,-1,-1,-1,-1,-1,0,-1
2023440392086,2023,440392086,2,9,0,18,19,5,1,0,0,0,0,0,0,0,1,1,6,6,1,-1,-1,-1,-1,-1,-1,-1,-1,0,-1
2023351391074,2023,351391074,4,-1,0,18,19,2,6,0,0,0,0,0,0,0,1,1,6,6,3,-1,-1,-1,-1,-1,-1,-1,-1,0,-1
2023311365967,2023,311365967,2,-1,0,18,19,8,4,0,0,1,0,0,0,0,1,1,6,6,1,24,5,-1,-1,-1,-1,3,E01013915,1,-1
2023522400848,2023,522400848,2,9,0,9,9,8,6,0,0,5,0,0,0,0,0,1,6,6,1,-1,-1,-1,-1,-1,-1,-1,-1,0,-1
2023610049523,2023,610049523,2,9,0,17,19,2,7,0,0,4,0,0,0,0,3,1,6,6,3,-1,-1,-1,-1,-1,-1,-1,-1,0,-1
2023311385484,2023,311385484,2,9,0,18,19,4,8,0,0,2,0,0,0,0,1,1,6,6,3,-1,-1,-1,-1,-1,-1,-1,-1,0,-1
2023351274774,2023,351274774,2,1,-1,-1,-1,-1,-1,-1,-1,-1,-1,-1,-1,0,-1,1,5,6,2,55,8,-1,-1,-1,-1,6,E01017951,0,-1
2023010434196,2023,010434196,3,9,0,18,19,2,6,0,0,1,0,0,0,0,0,1,6,6,1,29,6,-1,-1,-1,-1,5,E01000631,0,-1
2023991295564,2023,991295564,2,9,0,18,19,6,2,0,0,1,0,0,0,0,1,1,2,2,1,-1,-1,-1,-1,-1,-1,-1,-1,0,-1
2023440125598,2023,440125598,2,1,0,18,19,6,2,0,0,2,0,0,0,0,3,1,6,6,1,34,6,-1,-1,-1,-1,4,E01017211,0,-1
2023430394764,2023,430394764,1,1,0,18,19,8,4,0,0,1,0,0,0,0,3,1,2,2,1,24,5,-1,-1,-1,-1,5,E01016279,0,-1
2023010420358,2023,010420358,2,9,0,99,99,9,9,99,99,9,9,99,9,99,9,9,6,6,3,-1,-1,-1,-1,-1,-1,-1,-1,0,-1
2023461382666,2023,461382666,1,9,0,18,19,5,1,0,0,0,0,0,0,0,1,1,6,6,3,-1,-1,-1,-1,-1,-1,-1,-1,0,-1
2023061285768,2023,061285768,2,1,0,18,19,3,7,0,0,1,0,0,0,0,1,1,5,6,1,38,7,-1,-1,-1,-1,1,E01005133,0,-1
2023320009325,2023,320009325,2,1,0,18,19,3,7,0,0,8,5,0,0,0,1,1,6,6,1,34,6,-1,-1,-1,-1,2,E01026378,0,-1
2023201298405,2023,201298405,2,9,0,18,19,6,2,0,0,0,0,0,0,0,1,1,6,6,3,-1,-1,-1,-1,-1,-1,-1,-1,0,-1
2023052301380,2023,052301380,1,9,0,18,19,1,5,0,0,1,0,0,0,0,1,1,6,6,3,-1,-1,-1,-1,-1,-1,-1,-1,0,-1
2023320493493,2023,320493493,1,1,0,18,19,3,7,9,9,0,0,0,0,0,1,1,6,6,2,12,3,-1,-1,-1,-1,9,E01028196,0,-1
2023010439280,2023,010439280,1,9,0,18,19,5,1,0,0,2,0,0,0,0,1,1,6,6,3,-1,-1,-1,-1,-1,-1,-1,-1,0,-1
2023522400295,2023,522400295,1,1,0,18,19,4,8,0,0,8,0,0,0,0,4,1,6,6,2,38,7,-1,-1,-1,-1,3,E01014569,0,-1
2023440197794,2023,440197794,2,5,0,7,7,8,2,0,0,6,0,0,0,0,2,1,2,2,1,65,9,-1,-1,-1,-1,6,E01022812,0,-1
2023141327506,2023,141327506,2,98,0,16,19,7,3,0,0,0,1,0,0,0,1,1,5,6,1,22,5,-1,-1,-1,-1,-1,-1,0,-1
2023070129170,2023,070129170,2,9,0,18,19,2,6,0,0,0,0,0,0,0,1,1,2,2,1,48,8,-1,-1,-1,-1,8,E01018567,0,-1
2023041329659,2023,041329659,2,1,0,18,19,5,1,0,0,8,0,1,0,0,1,1,5,6,1,50,8,-1,-1,-1,-1,6,E01004962,0,-1
2023161352246,2023,161352246,1,9,0,18,19,1,5,0,0,2,0,0,0,0,1,1,6,6,3,-1,-1,-1,-1,-1,-1,-1,-1,0,-1
2023440490896,2023,440490896,2,19,0,5,5,1,5,0,0,1,0,0,0,0,4,1,6,6,1,-1,-1,-1,-1,-1,-1,-1,-1,0,-1
2023302300821,2023,302300821,2,1,0,18,19,8,4,0,0,1,0,0,0,0,4,1,6,6,1,59,9,-1,-1,-1,-1,6,E01013528,0,-1
2023010476300,2023,010476300,1,1,9,99,99,9,9,99,99,9,9,99,9,99,9,1,2,2,1,27,6,-1,-1,-1,-1,7,E01001890,0,-1
2023010455026,2023,010455026,2,21,1,18,19,5,1,0,0,0,0,0,0,0,4,2,1,1,1,66,10,-1,-1,-1,-1,-1,-1,0,-1
2023201339269,2023,201339269,1,-1,0,7,7,8,3,0,0,5,0,0,0,0,1,1,6,6,1,18,4,-1,-1,-1,-1,3,E01032536,1,-1
2023041381861,2023,041381861,1,-1,0,18,19,1,5,0,0,8,5,0,0,0,4,1,5,6,1,20,4,-1,-1,-1,-1,1,E01012596,1,-1
2023010483335,2023,010483335,1,1,9,18,19,6,2,99,99,9,9,0,9,99,9,1,6,6,1,23,5,-1,-1,-1,-1,-1,-1,0,-1
2023531339837,2023,531339837,1,9,0,1,1,3,7,0,0,8,0,0,0,0,2,1,1,1,1,23,5,-1,-1,-1,-1,6,E01026330,0,-1
2023010420039,2023,010420039,1,10,0,4,4,3,7,0,0,6,0,0,0,0,0,1,1,1,1,28,6,-1,-1,-1,-1,-1,-1,0,-1
2023061270078,2023,061270078,2,1,0,18,19,1,5,0,0,0,0,0,0,0,2,1,5,6,1,14,3,-1,-1,-1,-1,3,E01005437,0,-1
2023010478352,2023,010478352,1,19,0,5,5,1,5,0,0,1,0,11,9,0,1,9,6,6,3,-1,-1,-1,-1,-1,-1,-1,-1,0,-1
2023221357976,2023,221357976,2,9,0,9,9,7,5,0,0,5,0,0,0,0,4,1,6,6,1,32,6,-1,-1,-1,-1,-1,-1,0,-1
2023201387349,2023,201387349,1,9,0,18,19,6,2,0,0,6,0,0,0,0,1,1,6,6,3,-1,-1,-1,-1,-1,-1,-1,-1,0,-1
2023461349899,2023,461349899,1,9,0,18,19,2,6,0,0,0,0,0,0,0,1,1,6,6,1,19,4,-1,-1,-1,-1,-1,-1,0,-1
2023141373636,2023,141373636,2,1,0,18,19,5,1,0,0,1,5,0,0,0,1,1,6,6,2,31,6,-1,-1,-1,-1,2,E01008101,0,-1
2023401342672,2023,401342672,1,19,0,18,19,5,1,0,0,0,1,0,0,0,1,1,1,1,1,34,6,-1,-1,-1,-1,2,E01010465,0,-1
2023332300723,2023,332300723,2,1,0,18,19,2,6,0,0,2,0,0,0,0,1,1,6,6,1,38,7,-1,-1,-1,-1,7,E01013686,0,-1
2023430520717,2023,430520717,2,9,0,18,19,2,6,0,0,8,0,0,0,0,1,1,6,6,1,-1,-1,-1,-1,-1,-1,-1,-1,0,-1
2023201456331,2023,201456331,2,1,0,18,19,5,1,9,9,0,1,0,0,0,1,1,2,2,1,19,4,-1,-1,-1,-1,8,E01022189,0,-1
2023201363654,2023,201363654,1,9,0,9,9,2,8,0,0,5,0,0,0,0,3,1,6,6,3,-1,-1,-1,-1,-1,-1,-1,-1,0,-1
2023010453572,2023,010453572,1,9,0,99,99,9,9,99,99,9,9,99,9,99,9,9,2,2,1,36,7,-1,-1,-1,-1,2,E01021771,0,-1
2023041393529,2023,041393529,1,9,0,5,5,0,1,0,0,0,0,0,0,0,0,1,5,6,1,15,3,-1,-1,-1,-1,3,E01012691,0,-1
2023201306173,2023,201306173,1,9,0,1,1,2,6,0,0,0,0,0,0,0,2,1,6,6,2,-1,-1,-1,-1,-1,-1,-1,-1,0,-1
2023461383889,2023,461383889,1,9,0,18,19,4,8,0,0,0,0,0,1,9,4,1,6,6,1,42,7,-1,-1,-1,-1,5,E01000375,0,-1
2023122400168,2023,122400168,2,1,0,18,19,5,1,0,0,8,0,0,0,0,4,1,2,2,2,30,6,-1,-1,-1,-1,7,E01027657,0,-1
2023010429774,2023,010429774,1,1,9,99,99,9,9,99,99,9,9,99,9,99,9,1,1,1,1,20,4,-1,-1,-1,-1,1,E01004420,0,-1
2023010481426,2023,010481426,2,9,0,99,99,9,9,99,99,9,9,99,9,99,9,9,6,6,3,-1,-1,-1,-1,-1,-1,-1,-1,0,-1
2023320022198,2023,320022198,1,9,0,18,19,6,2,0,0,8,0,0,0,0,1,1,2,2,1,50,8,-1,-1,-1,-1,8,E01026262,0,-1
2023531368083,2023,531368083,1,1,0,18,19,3,7,0,0,8,0,0,0,0,4,1,5,6,1,49,8,-1,-1,-1,-1,5,E01022334,0,-1
2023061275449,2023,061275449,2,22,0,18,19,3,7,0,0,1,0,0,0,0,3,1,5,6,2,69,10,-1,-1,-1,-1,2,E01005958,0,-1
2023451259302,2023,451259302,1,1,0,18,19,5,5,0,0,0,0,0,0,0,1,1,5,6,1,44,7,-1,-1,-1,-1,-1,-1,0,-1
2023401337245,2023,401337245,1,21,1,12,12,5,1,0,0,0,0,0,0,0,1,1,1,1,1,41,7,-1,-1,-1,-1,-1,-1,0,-1
2023010421410,2023,010421410,2,23,0,18,19,7,3,0,0,8,0,0,1,0,1,1,1,1,1,21,5,-1,-1,-1,-1,2,E01001705,0,-1
2023161261237,2023,161261237,2,1,0,18,19,5,1,0,0,3,0,0,0,0,4,1,2,2,1,54,8,-1,-1,-1,-1,8,E01013277,0,-1
2023311362860,2023,311362860,1,9,-1,16,19,8,4,0,0,8,0,0,0,0,3,1,6,6,1,-1,-1,-1,-1,-1,-1,-1,-1,0,-1
2023010433808,2023,010433808,1,9,0,9,9,7,5,0,0,1,0,0,0,0,1,1,6,6,1,-1,-1,-1,-1,-1,-1,-1,-1,0,-1
2023010457017,2023,010457017,2,20,0,99,99,9,9,99,99,9,9,99,9,99,9,9,6,6,3,36,7,-1,-1,-1,-1,2,E01003993,0,-1
2023141295517,2023,141295517,1,97,0,16,19,1,6,0,0,2,0,0,0,0,1,1,5,6,1,32,6,-1,-1,-1,-1,2,E01007531,0,-1
2023010471049,2023,010471049,1,9,0,18,19,1,5,0,0,0,0,0,0,0,2,1,1,1,1,23,5,-1,-1,-1,-1,1,E01006556,0,-1
2023610016523,2023,610016523,2,1,0,18,19,5,1,0,0,0,0,0,0,0,3,1,6,6,1,51,8,-1,-1,-1,-1,6,W01001564,0,-1
2023101323626,2023,101323626,1,19,0,1,1,5,1,0,0,0,0,0,0,0,2,1,1,1,1,36,7,-1,-1,-1,-1,2,E01027431,0,-1
2023411364636,2023,411364636,2,9,0,3,3,6,2,0,0,3,0,0,0,0,0,1,6,6,1,34,6,-1,-1,-1,-1,8,E01023486,0,-1
2023421290074,2023,421290074,2,10,0,18,19,5,1,0,0,8,0,0,0,0,4,1,3,7,1,49,8,-1,-1,-1,-1,6,E01022010,0,-1
2023451365708,2023,451365708,2,1,0,18,19,5,1,0,0,0,0,0,0,0,1,1,5,6,1,32,6,-1,-1,-1,-1,9,E01030991,0,-1
2023421358968,2023,421358968,1,9,0,18,19,1,5,0,0,0,0,0,0,0,1,1,6,6,3,-1,-1,-1,-1,-1,-1,-1,-1,0,-1
2023161354925,2023,161354925,1,1,0,18,19,6,2,0,0,2,0,0,0,0,1,1,6,6,1,38,7,-1,-1,-1,-1,6,E01012771,0,-1
2023471374164,2023,471374164,3,9,0,18,19,5,1,0,0,0,0,0,0,0,0,1,6,6,3,-1,-1,-1,-1,-1,-1,-1,-1,0,-1
2023041346546,2023,041346546,2,1,0,18,19,1,3,0,0,1,0,0,0,0,1,1,6,6,1,53,8,-1,-1,-1,-1,5,E01004888,0,-1
2023471285410,2023,471285410,1,1,0,18,19,3,7,5,5,8,0,0,0,0,1,1,2,2,1,24,5,-1,-1,-1,-1,4,E01033329,0,-1
2023440500366,2023,440500366,1,1,0,18,19,3,7,0,0,2,0,0,0,0,3,1,6,6,1,58,9,-1,-1,-1,-1,9,E01022909,0,-1
2023161383354,2023,161383354,2,9,0,13,13,4,8,0,0,0,0,0,0,0,1,1,6,6,2,17,4,-1,-1,-1,-1,-1,-1,0,-1
2023461272378,2023,461272378,1,1,-1,-1,-1,-1,-1,-1,-1,0,-1,-1,-1,0,2,1,4,7,1,-1,-1,-1,-1,-1,-1,-1,-1,0,-1
2023461357486,2023,461357486,3,9,0,3,3,1,5,0,0,0,0,0,0,0,2,1,2,2,1,-1,-1,-1,-1,-1,-1,7,E01024073,0,-1
2023401360985,2023,401360985,1,9,0,18,19,3,7,0,0,0,0,0,0,0,0,1,6,6,3,-1,-1,-1,-1,-1,-1,-1,-1,0,-1
2023311305765,2023,311305765,1,11,0,2,2,6,1,0,0,1,0,0,0,0,0,1,1,1,1,50,8,-1,-1,-1,-1,-1,-1,0,-1
2023010447295,2023,010447295,2,1,0,18,19,1,5,0,0,8,0,0,0,0,4,1,6,6,1,36,7,-1,-1,-1,-1,-1,-1,0,-1
2023610018123,2023,610018123,1,9,0,7,7,1,4,0,0,3,1,0,6,6,1,1,6,6,2,24,5,-1,-1,-1,-1,3,W01001435,0,-1
2023041373673,2023,041373673,2,1,0,18,19,7,3,0,0,4,0,0,0,0,1,1,2,2,1,-1,-1,-1,-1,-1,-1,6,E01025031,0,-1
2023101371877,2023,101371877,2,-1,0,13,13,3,7,0,0,0,0,0,0,0,1,1,5,6,1,19,4,-1,-1,-1,-1,3,E01008163,1,-1
2023320482927,2023,320482927,2,1,0,18,19,2,6,0,0,0,0,0,0,0,4,1,6,6,1,21,5,-1,-1,-1,-1,1,E01026308,0,-1
2023471290316,2023,471290316,1,9,0,6,6,1,5,0,0,0,0,0,0,0,3,1,2,2,1,55,8,-1,-1,-1,-1,3,E01016919,0,-1
2023010421213,2023,010421213,3,9,0,18,19,3,7,0,0,0,0,0,0,0,1,1,6,6,1,47,8,-1,-1,-1,-1,3,E01002102,0,-1
2023010447564,2023,010447564,1,1,9,99,99,9,9,99,99,9,9,99,9,99,1,1,6,6,2,24,5,-1,-1,-1,-1,2,E01001795,0,-1
2023010447468,2023,010447468,2,1,0,18,19,1,5,0,0,2,0,0,0,0,3,1,2,2,2,41,7,-1,-1,-1,-1,5,E01003692,0,-1
2023451260262,2023,451260262,2,97,0,18,19,5,1,0,0,1,0,0,0,0,1,1,2,2,1,56,9,-1,-1,-1,-1,9,E01002980,0,-1
2023430472899,2023,430472899,2,9,0,18,19,8,4,0,0,8,0,0,0,0,4,1,6,6,1,66,10,-1,-1,-1,-1,10,E01032949,0,-1
2023010471069,2023,010471069,1,9,9,99,99,9,9,99,99,0,9,99,9,99,9,9,6,6,3,-1,-1,-1,-1,-1,-1,-1,-1,0,-1
2023141381678,2023,141381678,2,9,0,1,1,8,4,0,0,0,0,0,0,0,2,1,6,6,3,-1,-1,-1,-1,-1,-1,-1,-1,0,-1
2023440101245,2023,440101245,2,1,0,18,19,5,1,5,5,8,0,0,0,0,1,1,2,2,1,50,8,-1,-1,-1,-1,8,E01017226,0,-1
2023061303283,2023,061303283,1,9,0,7,7,-1,-1,0,0,0,0,0,0,0,0,1,6,6,3,30,6,-1,-1,-1,-1,3,E01005363,0,-1
2023430049288,2023,430049288,1,1,0,18,19,5,1,0,0,8,0,0,0,0,3,1,6,6,2,54,8,-1,-1,-1,-1,9,E01016303,0,-1
2023371369779,2023,371369779,1,9,-1,-1,-1,-1,-1,-1,-1,0,-1,-1,-1,0,-1,1,6,6,2,-1,-1,-1,-1,-1,-1,-1,-1,0,-1
2023320799589,2023,320799589,2,1,0,18,19,4,8,0,0,8,0,0,0,0,3,1,6,6,2,51,8,-1,-1,-1,-1,6,E01026031,0,-1
2023131390259,2023,131390259,1,9,0,-1,-1,-1,-1,-1,-1,-1,-1,-1,-1,-1,-1,1,6,6,3,-1,-1,-1,-1,-1,-1,-1,-1,0,-1
2023461338408,2023,461338408,2,90,0,2,2,0,0,0,0,0,0,0,0,0,1,1,6,6,3,-1,-1,-1,-1,-1,-1,-1,-1,0,-1
2023461343582,2023,461343582,2,1,0,18,19,6,2,0,0,0,0,0,0,0,4,1,5,6,1,46,8,-1,-1,-1,-1,-1,-1,0,-1
2023371352400,2023,371352400,2,1,0,18,19,8,5,0,0,8,0,0,0,0,4,1,6,6,2,40,7,-1,-1,-1,-1,2,E01030032,0,-1
2023010432111,2023,010432111,2,9,9,99,99,9,9,99,99,9,9,99,9,99,9,9,6,6,3,-1,-1,-1,-1,-1,-1,-1,-1,0,-1
2023201400630,2023,201400630,2,9,0,2,2,0,0,0,0,0,0,0,0,0,2,1,6,6,1,-1,-1,-1,-1,-1,-1,4,E01010100,0,-1
2023201370963,2023,201370963,2,1,0,18,19,6,2,0,0,0,0,0,0,0,1,1,6,6,1,53,8,-1,-1,-1,-1,-1,-1,0,-1
2023461264668,2023,461264668,1,9,0,18,19,7,3,0,0,2,0,4,0,0,1,1,6,6,2,64,9,-1,-1,-1,-1,5,E01024643,0,-1
2023010451695,2023,010451695,1,9,9,99,99,9,9,99,99,9,9,99,9,0,9,9,6,6,3,-1,-1,-1,-1,-1,-1,-1,-1,0,-1
2023010462788,2023,010462788,1,9,0,18,19,1,5,0,0,1,0,0,0,0,1,1,6,6,1,45,7,-1,-1,-1,-1,7,E01002679,0,-1
2023211289705,2023,211289705,2,9,0,9,9,6,4,0,0,2,0,0,0,0,3,1,6,6,1,69,10,-1,-1,-1,-1,5,E01019852,0,-1
2023161377138,2023,161377138,2,-1,-1,18,19,1,5,0,0,0,0,0,0,0,1,1,6,6,3,-1,-1,-1,-1,-1,-1,-1,-1,0,-1
2023061388585,2023,061388585,1,19,-1,-1,-1,-1,-1,-1,-1,0,-1,-1,-1,0,2,1,6,6,1,-1,-1,-1,-1,-1,-1,-1,-1,0,-1
2023010446925,2023,010446925,2,10,0,99,99,9,9,99,99,9,9,99,9,99,1,9,6,6,3,-1,-1,-1,-1,-1,-1,-1,-1,0,-1
2023361329161,2023,361329161,1,3,0,17,19,7,3,0,0,0,1,0,0,0,1,1,5,6,1,44,7,-1,-1,-1,-1,1,E01026625,0,-1
2023531353344,2023,531353344,2,9,0,18,19,7,3,0,0,0,0,0,0,0,1,2,5,6,1,51,8,-1,-1,-1,-1,7,E01002871,0,-1
2023101260806,2023,101260806,2,1,0,18,19,5,1,0,0,0,5,0,0,0,4,1,2,2,1,40,7,-1,-1,-1,-1,10,E01027402,0,-1
2023351352420,2023,351352420,1,8,0,18,19,-1,-1,0,0,3,-1,0,-1,0,1,1,6,6,3,-1,-1,-1,-1,-1,-1,-1,-1,0,-1
2023061353935,2023,061353935,2,1,0,18,19,6,4,0,0,1,0,0,0,0,1,1,2,2,2,39,7,-1,-1,-1,-1,2,E01005302,0,-1
2023010455393,2023,010455393,1,9,0,99,99,9,9,99,99,9,9,99,9,99,2,9,6,6,1,46,8,-1,-1,-1,-1,-1,-1,0,-1
2023231311414,2023,231311414,2,9,0,18,19,4,8,0,0,8,0,0,0,0,1,1,6,6,1,46,8,-1,-1,-1,-1,5,E01013766,0,-1
2023221347054,2023,221347054,1,1,0,18,19,3,7,0,0,0,0,0,0,0,3,1,5,6,1,14,3,-1,-1,-1,-1,4,E01014138,0,-1
2023070979869,2023,070979869,1,1,0,18,19,1,5,0,0,1,0,0,0,0,4,1,6,6,2,9,2,-1,-1,-1,-1,-1,-1,0,-1
2023170L20743,2023,170L20743,3,9,5,18,19,2,6,0,0,0,0,0,0,0,2,1,6,6,1,36,7,-1,-1,-1,-1,4,E01012043,0,-1
2023320488811,2023,320488811,2,9,0,18,19,8,4,0,0,0,0,0,0,0,1,1,6,6,1,25,5,-1,-1,-1,-1,6,E01026252,0,-1
2023201322798,2023,201322798,1,9,0,18,19,4,6,0,0,0,0,0,0,0,1,1,6,6,3,-1,-1,-1,-1,-1,-1,-1,-1,0,-1
2023451334554,2023,451334554,2,9,0,18,19,1,4,0,0,0,0,0,0,0,0,1,6,6,3,35,6,-1,-1,-1,-1,-1,-1,0,-1
2023461341154,2023,461341154,1,1,0,18,19,3,7,0,0,0,0,0,0,0,0,1,6,6,1,75,10,-1,-1,-1,-1,4,E01024231,0,-1
2023010453403,2023,010453403,2,97,0,99,99,9,9,99,99,9,9,99,9,99,9,9,6,6,3,-1,-1,-1,-1,-1,-1,-1,-1,0,-1
2023421382559,2023,421382559,2,19,0,18,19,2,6,0,0,0,0,0,0,0,0,1,6,6,1,-1,-1,-1,-1,-1,-1,-1,-1,0,-1
2023201409875,2023,201409875,1,9,0,5,5,6,4,0,0,6,0,0,0,0,1,1,1,1,1,-1,-1,-1,-1,-1,-1,-1,-1,0,-1
2023991379237,2023,991379237,2,1,0,9,9,3,1,0,0,8,0,0,0,0,4,1,5,6,2,46,8,-1,-1,-1,-1,10,-1,0,-1
2023430204528,2023,430204528,1,19,0,18,19,-1,-1,0,0,8,0,0,0,0,1,1,6,6,3,-1,-1,-1,-1,-1,-1,-1,-1,0,-1
2023421266349,2023,421266349,2,1,0,9,9,1,7,0,0,8,0,0,0,0,2,1,5,6,1,22,5,-1,-1,-1,-1,10,E01021569,0,-1
2023451365251,2023,451365251,1,1,0,18,19,7,3,0,0,0,0,0,0,0,3,1,2,2,2,37,7,-1,-1,-1,-1,6,E01030570,0,-1
2023231349964,2023,231349964,2,1,0,18,19,4,1,0,0,8,0,0,0,0,2,1,5,6,2,36,7,-1,-1,-1,-1,1,E01031015,0,-1
2023010430133,2023,010430133,2,1,0,18,19,4,8,0,0,8,0,0,0,0,1,1,6,6,1,35,6,-1,-1,-1,-1,6,E01002919,0,-1
2023351284104,2023,351284104,2,1,0,7,7,7,3,0,0,1,0,0,0,0,1,1,2,2,1,29,6,-1,-1,-1,-1,2,E01015660,0,-1
2023440497375,2023,440497375,1,1,0,18,19,5,1,0,0,8,0,0,0,0,4,1,6,6,1,40,7,-1,-1,-1,-1,-1,-1,0,-1
2023411368422,2023,411368422,2,9,0,2,2,-1,-1,-1,-1,1,0,4,0,0,4,1,5,6,2,42,7,-1,-1,-1,-1,9,E01022136,0,-1
2023471316327,2023,471316327,2,1,0,18,19,1,5,0,0,8,0,0,0,0,1,1,4,7,1,14,3,-1,-1,-1,-1,5,E01020951,0,-1
2023052300910,2023,052300910,2,1,0,18,19,1,5,0,0,1,0,0,0,0,1,1,6,6,1,53,8,-1,-1,-1,-1,6,E01006499,0,-1
2023546303723,2023,546303723,2,1,0,18,19,5,1,0,0,8,0,0,0,0,1,1,2,2,2,56,9,-1,-1,-1,-1,8,E01032071,0,-1
2023010461207,2023,010461207,2,1,0,18,19,7,3,0,0,1,0,0,0,0,1,1,2,2,1,28,6,-1,-1,-1,-1,3,E01000499,0,-1
202360A107106,2023,60A107106,3,9,0,18,19,4,8,0,0,0,0,0,0,0,0,1,6,6,1,45,7,-1,-1,-1,-1,-1,-1,0,-1
2023610050423,2023,610050423,1,19,0,18,19,8,4,0,0,1,0,0,0,0,1,1,2,2,1,18,4,-1,-1,-1,-1,5,W01001347,0,-1
2023061394993,2023,061394993,1,9,0,18,19,2,6,0,0,1,0,0,0,0,1,2,6,6,1,18,4,-1,-1,-1,-1,1,E01006310,0,-1
2023201374857,2023,201374857,1,9,0,18,19,6,2,0,0,0,0,0,0,0,1,1,6,6,3,-1,-1,-1,-1,-1,-1,-1,-1,0,-1
2023461367528,2023,461367528,1,19,0,18,19,1,5,0,0,0,0,0,0,0,1,1,6,6,1,23,5,-1,-1,-1,-1,-1,-1,0,-1
2023031320030,2023,031320030,1,1,0,2,2,7,3,0,0,0,0,4,0,0,4,1,6,6,1,52,8,-1,-1,-1,-1,9,E01019326,0,-1
2023161295321,2023,161295321,2,1,0,18,19,7,3,0,0,8,0,0,0,0,3,1,6,6,2,-1,-1,-1,-1,-1,-1,-1,-1,0,-1
2023501327350,2023,501327350,1,9,0,16,19,7,3,0,0,0,0,0,0,0,4,1,6,6,3,-1,-1,-1,-1,-1,-1,-1,-1,0,-1
2023041283027,2023,041283027,1,9,0,-1,-1,-1,-1,-1,-1,0,-1,-1,-1,0,-1,1,6,6,1,-1,-1,-1,-1,-1,-1,-1,-1,0,-1
2023161259728,2023,161259728,2,9,0,2,2,0,0,0,0,2,0,0,0,0,1,1,6,6,3,-1,-1,-1,-1,-1,-1,-1,-1,0,-1
2023010452604,2023,010452604,1,97,0,18,19,5,1,0,0,0,0,0,0,0,2,1,6,6,3,33,6,-1,-1,-1,-1,-1,-1,0,-1