collision_index,collision_year,collision_ref_no,vehicle_reference,vehicle_type,towing_and_articulation,vehicle_manoeuvre_historic,vehicle_manoeuvre,vehicle_direction_from,vehicle_direction_to,vehicle_location_restricted_lane_historic,vehicle_location_restricted_lane,junction_location,skidding_and_overturning,hit_object_in_carriageway,vehicle_leaving_carriageway,hit_object_off_carriageway,first_point_of_impact,vehicle_left_hand_drive,journey_purpose_of_driver_historic,journey_purpose_of_driver,sex_of_driver,age_of_driver,age_band_of_driver,engine_capacity_cc,propulsion_code,age_of_vehicle,generic_make_model,driver_imd_decile,lsoa_of_driver,escooter_flag,driver_distance_banding
2023471363671,2023,471363671,2,1,0,18,19,7,3,0,0,8,0,0,0,0,2,1,2,2,1,44,7,-1,-1,-1,-1,4,E01031547,0,-1
2023302301768,2023,302301768,2,1,0,18,19,3,5,0,0,8,0,0,0,0,2,1,4,7,1,15,3,-1,-1,-1,-1,6,E01013507,0,-1
2023010481216,2023,010481216,1,9,0,9,9,5,3,0,0,6,0,0,0,0,1,1,6,6,3,-1,-1,-1,-1,-1,-1,-1,-1,0,-1
2023161324258,2023,161324258,2,1,0,18,19,3,7,0,0,0,0,0,0,0,2,1,6,6,3,-1,-1,-1,-1,-1,-1,-1,-1,0,-1
2023311306993,2023,311306993,2,1,0,18,19,8,4,0,0,8,0,0,0,0,1,1,6,6,1,28,6,-1,-1,-1,-1,3,E01013934,0,-1
2023131369117,2023,131369117,2,23,0,18,19,1,5,5,5,0,0,0,0,0,1,1,6,6,2,41,7,-1,-1,-1,-1,4,E01011876,0,-1
2023010432942,2023,010432942,2,3,0,16,19,1,5,0,0,4,1,0,0,0,1,1,6,6,1,18,4,-1,-1,-1,-1,5,E01001271,0,-1
2023052301555,2023,052301555,1,9,0,18,19,3,7,0,0,0,0,0,0,0,4,1,6,6,3,-1,-1,-1,-1,-1,-1,1,E01006648,0,-1
2023411330517,2023,411330517,1,9,0,17,19,1,5,0,0,1,1,0,0,0,1,1,5,6,1,85,11,-1,-1,-1,-1,8,E01023491,0,-1
2023201291127,2023,201291127,1,9,0,7,7,2,4,0,0,2,0,0,0,0,0,1,6,6,3,-1,-1,-1,-1,-1,-1,-1,-1,0,-1
2023440005314,2023,440005314,1,1,0,18,19,2,6,0,0,8,0,0,0,0,1,1,1,1,1,40,7,-1,-1,-1,-1,10,E01023273,0,-1
2023010445571,2023,010445571,2,1,0,18,19,3,7,0,0,1,0,0,0,0,0,1,6,6,1,37,7,-1,-1,-1,-1,1,E01003051,0,-1
2023440107570,2023,440107570,1,9,0,9,9,8,6,0,0,8,0,0,0,0,1,1,6,6,3,-1,-1,-1,-1,-1,-1,-1,-1,0,-1
202360A175233,2023,60A175233,1,9,0,18,19,2,6,0,0,0,0,0,0,0,3,1,6,6,3,-1,-1,-1,-1,-1,-1,-1,-1,0,-1
2023101302066,2023,101302066,1,19,0,18,19,1,5,0,0,0,0,0,0,0,1,1,6,6,1,-1,-1,-1,-1,-1,-1,-1,-1,0,-1
2023332300784,2023,332300784,1,10,0,18,19,5,1,0,0,0,0,0,0,0,1,1,6,6,1,22,5,-1,-1,-1,-1,3,E01019661,0,-1
2023010434495,2023,010434495,1,1,9,99,99,9,9,99,99,9,9,99,9,99,9,1,1,1,1,42,7,-1,-1,-1,-1,5,E01003411,0,-1
2023430299479,2023,430299479,2,1,0,18,19,3,7,0,0,0,0,0,0,0,1,1,6,6,1,24,5,-1,-1,-1,-1,10,E01017739,0,-1
202354A989223,2023,54A989223,1,1,0,18,19,8,4,0,0,6,0,0,0,0,1,1,2,2,1,20,4,-1,-1,-1,-1,8,E01032705,0,-1
2023430243437,2023,430243437,2,9,0,18,19,8,4,0,0,0,0,0,0,0,1,1,6,6,3,-1,-1,-1,-1,-1,-1,-1,-1,0,-1
2023610039123,2023,610039123,2,1,0,17,19,1,6,5,5,0,0,0,0,0,1,1,6,6,1,53,8,-1,-1,-1,-1,3,W01001909,0,-1
2023340WN0182,2023,340WN0182,2,1,0,18,19,7,3,0,0,8,0,0,0,0,4,1,6,6,1,66,10,-1,-1,-1,-1,8,E01027181,0,-1
2023431347310,2023,431347310,1,98,0,18,19,3,1,0,0,0,0,0,0,0,0,1,6,6,3,50,8,-1,-1,-1,-1,-1,-1,0,-1
2023351273435,2023,351273435,2,1,0,18,19,7,3,0,0,1,0,0,0,0,1,1,5,6,1,20,4,-1,-1,-1,-1,10,E01017985,0,-1
2023471324764,2023,471324764,1,9,0,18,19,1,6,0,0,1,0,0,0,0,1,1,6,6,3,-1,-1,-1,-1,-1,-1,-1,-1,0,-1
2023440013207,2023,440013207,2,9,0,18,19,8,4,0,0,2,0,4,0,0,1,1,6,6,2,40,7,-1,-1,-1,-1,-1,-1,0,-1
2023010443108,2023,010443108,2,5,0,99,99,9,9,99,99,9,9,99,9,99,1,1,6,6,1,-1,-1,-1,-1,-1,-1,-1,-1,0,-1
2023010452700,2023,010452700,1,1,9,99,99,9,9,99,99,9,9,99,9,99,9,1,6,6,1,30,6,-1,-1,-1,-1,2,E01003256,0,-1
2023010476479,2023,010476479,1,9,9,99,99,9,9,99,99,9,9,99,9,99,9,9,6,6,3,-1,-1,-1,-1,-1,-1,-1,-1,0,-1
2023320749399,2023,320749399,1,19,0,18,19,4,8,0,0,2,0,0,0,0,1,1,1,1,1,58,9,-1,-1,-1,-1,-1,-1,0,-1
2023061282699,2023,061282699,2,-1,0,18,19,5,1,0,0,1,0,0,0,0,1,1,6,6,1,38,7,-1,-1,-1,-1,1,E01005165,1,-1
2023440207114,2023,440207114,2,1,0,9,9,6,4,0,0,6,0,0,0,0,2,1,2,2,2,27,6,-1,-1,-1,-1,6,E01032884,0,-1
2023351328969,2023,351328969,2,1,0,18,19,-1,-1,0,0,8,0,0,0,0,3,1,6,6,1,22,5,-1,-1,-1,-1,8,E01018001,0,-1
2023522300456,2023,522300456,2,9,0,7,7,2,5,0,0,6,0,0,0,0,1,1,6,6,1,-1,-1,-1,-1,-1,-1,-1,-1,0,-1
2023010484583,2023,010484583,2,9,0,99,99,9,9,99,99,9,9,99,9,99,1,9,6,6,3,-1,-1,-1,-1,-1,-1,-1,-1,0,-1
2023141313014,2023,141313014,2,9,0,18,19,3,7,0,0,7,0,0,0,0,1,1,6,6,3,-1,-1,-1,-1,-1,-1,-1,-1,0,-1
2023461366044,2023,461366044,1,9,0,18,19,5,1,0,0,0,0,0,0,0,1,1,6,6,3,-1,-1,-1,-1,-1,-1,-1,-1,0,-1
2023522300409,2023,522300409,2,9,0,18,19,5,1,0,0,1,0,0,0,0,1,1,6,6,1,-1,-1,-1,-1,-1,-1,-1,-1,0,-1
2023010472912,2023,010472912,1,1,9,99,99,9,9,99,99,9,9,99,9,99,1,1,2,2,3,30,6,-1,-1,-1,-1,5,E01004370,0,-1
2023471306367,2023,471306367,2,9,-1,4,4,7,3,0,0,0,0,0,0,0,0,1,6,6,3,-1,-1,-1,-1,-1,-1,-1,-1,0,-1
2023131328057,2023,131328057,1,1,0,18,19,1,5,9,9,0,0,0,0,0,1,1,2,2,1,40,7,-1,-1,-1,-1,5,E01011902,0,-1
2023010420459,2023,010420459,1,9,0,18,19,5,1,0,0,4,1,0,0,0,2,1,6,6,1,38,7,-1,-1,-1,-1,8,E01002378,0,-1
2023471381011,2023,471381011,2,1,0,18,19,1,4,0,0,0,0,0,0,0,3,1,5,6,1,71,10,-1,-1,-1,-1,3,E01031366,0,-1
2023010421014,2023,010421014,1,9,9,99,99,9,9,99,99,9,9,99,9,99,9,9,6,6,3,-1,-1,-1,-1,-1,-1,-1,-1,0,-1
2023170M30353,2023,170M30353,1,8,0,18,19,4,8,0,0,0,0,0,0,0,3,1,1,1,1,-1,-1,-1,-1,-1,-1,-1,-1,0,-1
2023411399068,2023,411399068,2,19,0,4,4,7,6,0,0,4,0,0,0,0,1,1,5,6,1,25,5,-1,-1,-1,-1,6,E01023600,0,-1
2023010426295,2023,010426295,1,1,9,99,99,9,9,99,99,0,9,99,9,99,0,1,1,1,1,36,7,-1,-1,-1,-1,7,E01003270,0,-1
2023340WN6952,2023,340WN6952,1,9,0,18,19,1,5,0,0,1,0,0,0,0,1,1,6,6,2,47,8,-1,-1,-1,-1,8,E01026977,0,-1
2023111330564,2023,111330564,1,1,0,18,19,3,7,0,0,0,0,0,0,0,1,1,6,6,2,10,2,-1,-1,-1,-1,3,E01033206,0,-1
2023461326453,2023,461326453,2,9,0,18,19,5,1,0,0,1,1,0,1,10,4,1,6,6,1,44,7,-1,-1,-1,-1,3,E01024600,0,-1
2023141311238,2023,141311238,2,98,0,18,19,2,6,0,0,0,0,0,0,0,1,1,6,6,3,-1,-1,-1,-1,-1,-1,-1,-1,0,-1
2023061369549,2023,061369549,1,9,0,13,13,1,5,0,0,1,0,0,0,0,0,1,6,6,1,46,8,-1,-1,-1,-1,5,E01024888,0,-1
2023522300855,2023,522300855,1,1,0,18,19,1,5,0,0,0,0,0,0,0,2,1,2,2,2,20,4,-1,-1,-1,-1,7,E01014533,0,-1
2023471275976,2023,471275976,1,1,0,17,19,4,2,0,0,1,0,0,0,0,3,1,6,6,1,44,7,-1,-1,-1,-1,6,E01031637,0,-1
2023320373381,2023,320373381,2,1,0,18,19,2,6,0,0,0,5,0,1,0,2,1,6,6,2,43,7,-1,-1,-1,-1,3,E01026075,0,-1
2023201316756,2023,201316756,2,1,0,18,19,6,2,0,0,2,0,0,0,0,3,1,6,6,1,43,7,-1,-1,-1,-1,1,E01033646,0,-1
2023010446403,2023,010446403,1,1,9,99,99,9,9,99,99,9,9,99,9,99,9,1,6,6,1,36,7,-1,-1,-1,-1,2,E01033713,0,-1
2023991391849,2023,991391849,2,9,0,15,15,8,4,0,0,7,0,0,0,0,1,1,1,1,1,22,5,-1,-1,-1,-1,4,-1,0,-1
2023010469945,2023,010469945,1,1,9,99,99,9,9,99,99,9,9,99,9,99,2,1,2,2,2,34,6,-1,-1,-1,-1,5,E01004610,0,-1
2023340WN2222,2023,340WN2222,2,9,0,18,19,8,4,0,0,8,1,0,0,0,2,1,6,6,1,26,6,-1,-1,-1,-1,2,E01027246,0,-1
2023471270542,2023,471270542,2,1,0,7,7,3,1,0,0,8,0,0,0,0,1,1,2,2,1,37,7,-1,-1,-1,-1,9,E01031489,0,-1
2023221324085,2023,221324085,2,1,0,18,19,4,8,0,0,0,0,0,0,0,1,1,5,6,1,72,10,-1,-1,-1,-1,5,E01014096,0,-1
2023101378189,2023,101378189,1,9,0,9,9,2,8,0,0,6,0,0,0,0,3,1,5,6,2,74,10,-1,-1,-1,-1,4,E01027380,0,-1
2023052300399,2023,052300399,1,9,0,18,19,1,5,0,0,1,0,0,0,0,4,1,6,6,3,-1,-1,-1,-1,-1,-1,-1,-1,0,-1
2023010483909,2023,010483909,2,9,0,99,99,9,9,0,0,0,9,99,9,99,1,9,6,6,3,-1,-1,-1,-1,-1,-1,-1,-1,0,-1
2023421366372,2023,421366372,1,9,0,18,19,8,4,0,0,1,0,0,0,0,0,1,6,6,3,-1,-1,-1,-1,-1,-1,-1,-1,0,-1
2023430175480,2023,430175480,2,3,0,18,19,7,3,0,0,1,0,0,0,0,0,1,6,6,1,17,4,-1,-1,-1,-1,6,E01028451,0,-1
2023311378841,2023,311378841,1,9,0,7,7,6,4,0,0,8,0,0,0,0,1,1,6,6,1,45,7,-1,-1,-1,-1,-1,-1,0,-1
2023451275091,2023,451275091,2,98,0,12,12,7,3,0,0,0,0,0,0,0,1,2,1,1,1,65,9,-1,-1,-1,-1,-1,-1,0,-1
2023332300351,2023,332300351,2,9,0,18,19,4,8,0,0,2,0,0,0,0,1,1,6,6,3,-1,-1,-1,-1,-1,-1,-1,-1,0,-1
2023440507565,2023,440507565,1,-1,0,9,9,3,1,0,0,8,0,0,0,0,4,1,6,6,1,30,6,-1,-1,-1,-1,3,E01017194,1,-1
2023221357978,2023,221357978,2,1,0,18,19,1,5,0,0,1,0,10,1,0,3,1,4,7,1,12,3,-1,-1,-1,-1,9,E01032142,0,-1
2023010429330,2023,010429330,2,1,0,18,19,5,1,0,0,1,2,0,0,0,3,1,1,1,1,24,5,-1,-1,-1,-1,3,E01004037,0,-1
2023430486281,2023,430486281,2,9,0,4,4,4,8,0,0,8,0,0,0,0,1,1,6,6,1,45,7,-1,-1,-1,-1,-1,-1,0,-1
2023131281152,2023,131281152,1,90,0,9,9,4,3,0,0,8,0,0,0,0,1,1,6,6,3,-1,-1,-1,-1,-1,-1,-1,-1,0,-1
2023031297984,2023,031297984,1,9,0,18,19,1,5,0,0,0,0,0,0,0,1,1,5,6,1,85,11,-1,-1,-1,-1,7,E01019169,0,-1
2023010431583,2023,010431583,2,1,0,18,19,7,3,0,0,1,0,0,0,0,1,1,6,6,1,59,9,-1,-1,-1,-1,10,E01000826,0,-1
2023221318868,2023,221318868,1,1,0,17,19,7,4,0,0,8,0,0,0,0,2,1,5,6,1,69,10,-1,-1,-1,-1,10,E01032243,0,-1
2023010443936,2023,010443936,1,9,0,5,5,5,1,0,0,0,0,0,7,0,2,1,6,6,3,33,6,-1,-1,-1,-1,-1,-1,0,-1
2023552300433,2023,552300433,1,1,0,18,19,3,7,0,0,1,1,0,0,0,0,1,2,2,1,50,8,-1,-1,-1,-1,6,E01015336,0,-1
2023070469237,2023,070469237,1,9,0,18,19,5,1,0,0,4,0,9,0,0,1,1,6,6,3,-1,-1,-1,-1,-1,-1,-1,-1,0,-1
2023201340154,2023,201340154,2,1,0,18,19,4,8,0,0,1,0,0,0,0,4,1,5,6,1,44,7,-1,-1,-1,-1,1,E01009124,0,-1
2023302300676,2023,302300676,2,11,0,3,3,4,8,0,0,0,0,0,0,0,0,1,3,7,3,-1,-1,-1,-1,-1,-1,5,E01019456,0,-1
2023471351741,2023,471351741,2,1,0,18,19,2,6,0,0,8,0,0,0,0,1,1,6,6,1,-1,-1,-1,-1,-1,-1,-1,-1,0,-1
2023161384680,2023,161384680,2,9,0,18,19,7,3,0,0,2,0,0,0,0,1,1,5,6,1,51,8,-1,-1,-1,-1,3,E01011961,0,-1
2023610049023,2023,610049023,1,22,0,18,19,2,6,0,0,1,0,0,0,0,4,1,6,6,3,-1,-1,-1,-1,-1,-1,6,E01020056,0,-1
2023010439258,2023,010439258,1,1,9,99,99,9,9,99,99,9,9,99,9,99,1,1,2,2,1,23,5,-1,-1,-1,-1,4,E01004668,0,-1
2023010439114,2023,010439114,2,9,0,3,3,2,6,0,0,0,0,0,0,0,4,1,6,6,3,-1,-1,-1,-1,-1,-1,-1,-1,0,-1
2023311321496,2023,311321496,1,9,0,1,1,2,6,0,0,1,-1,-1,-1,0,2,1,6,6,3,-1,-1,-1,-1,-1,-1,-1,-1,0,-1
2023052302286,2023,052302286,2,1,0,18,19,3,7,0,0,0,0,0,0,0,2,1,6,6,1,11,3,-1,-1,-1,-1,1,E01007048,0,-1
2023010472060,2023,010472060,1,1,0,18,19,5,1,0,0,1,5,0,0,0,3,1,6,6,1,40,7,-1,-1,-1,-1,6,E01003416,0,-1
2023052301288,2023,052301288,2,1,0,5,5,5,1,0,0,0,0,0,0,0,1,1,6,6,1,7,2,-1,-1,-1,-1,2,E01007176,0,-1
2023061315197,2023,061315197,2,1,0,4,4,5,1,4,4,1,0,0,0,0,1,1,5,6,1,27,6,-1,-1,-1,-1,-1,-1,0,-1
2023320435512,2023,320435512,2,1,0,18,19,1,5,0,0,8,0,0,0,0,1,1,6,6,1,6,2,-1,-1,-1,-1,3,E01026318,0,-1
2023161371609,2023,161371609,1,9,0,18,19,1,5,0,0,1,0,0,0,0,3,1,6,6,3,-1,-1,-1,-1,-1,-1,-1,-1,0,-1
2023010480785,2023,010480785,1,9,0,16,19,5,1,0,0,3,0,11,0,0,4,1,6,6,3,-1,-1,-1,-1,-1,-1,-1,-1,0,-1
2023421264585,2023,421264585,1,9,0,9,9,1,5,0,0,0,0,0,0,0,3,1,5,6,1,54,8,-1,-1,-1,-1,1,E01015932,0,-1
2023141275396,2023,141275396,1,9,0,18,19,7,3,0,0,0,0,0,0,0,0,1,6,6,3,-1,-1,-1,-1,-1,-1,-1,-1,0,-1
2023010444129,2023,010444129,1,1,9,99,99,9,9,99,99,9,9,99,9,99,1,1,6,6,2,25,5,-1,-1,-1,-1,6,E01004481,0,-1
2023522301351,2023,522301351,2,-1,0,18,19,5,2,0,0,8,0,0,0,0,1,1,6,6,2,27,6,-1,-1,-1,-1,2,E01014536,1,-1
2023401287836,2023,401287836,3,9,0,4,4,5,1,0,0,0,0,0,0,0,2,1,6,6,3,-1,-1,-1,-1,-1,-1,-1,-1,0,-1
2023481387783,2023,481387783,1,9,0,6,6,8,8,0,0,8,0,0,0,0,3,1,1,1,1,57,9,-1,-1,-1,-1,-1,-1,0,-1
2023010449323,2023,010449323,1,9,9,99,99,9,9,99,99,9,9,0,0,0,1,9,6,6,3,-1,-1,-1,-1,-1,-1,-1,-1,0,-1
2023161352998,2023,161352998,1,1,0,18,19,5,1,0,0,1,5,0,0,0,1,1,5,6,1,30,6,-1,-1,-1,-1,-1,-1,0,-1
2023010435847,2023,010435847,1,1,9,99,99,9,9,99,99,9,9,99,9,99,9,1,2,2,1,35,6,-1,-1,-1,-1,3,E01004408,0,-1
2023221296165,2023,221296165,2,1,0,18,19,2,6,0,0,8,0,0,0,0,1,1,5,6,2,32,6,-1,-1,-1,-1,8,E01014195,0,-1
2023010439397,2023,010439397,2,90,0,99,99,9,9,99,99,9,9,99,9,99,2,9,6,6,3,-1,-1,-1,-1,-1,-1,-1,-1,0,-1
2023461313114,2023,461313114,2,9,0,18,19,8,4,0,0,0,0,0,1,11,1,1,6,6,1,26,6,-1,-1,-1,-1,5,E01016034,0,-1
2023461333190,2023,461333190,2,9,0,3,3,1,5,0,0,0,0,0,0,0,2,1,1,1,1,54,8,-1,-1,-1,-1,9,E01001096,0,-1
2023351291646,2023,351291646,1,9,0,18,19,-1,-1,0,0,0,0,0,0,0,1,1,6,6,3,-1,-1,-1,-1,-1,-1,-1,-1,0,-1
2023010463296,2023,010463296,2,-1,0,17,19,5,3,5,5,1,0,0,0,0,4,1,2,2,1,27,6,-1,-1,-1,-1,2,E01000482,1,-1
2023201347124,2023,201347124,1,1,0,18,19,8,4,0,0,0,0,0,0,0,1,1,5,6,1,76,11,-1,-1,-1,-1,3,E01009294,0,-1
2023549718423,2023,549718423,1,9,0,11,11,1,5,0,0,8,0,0,0,0,1,1,6,6,3,-1,-1,-1,-1,-1,-1,-1,-1,0,-1
2023141356795,2023,141356795,2,98,0,18,19,5,1,0,0,0,1,0,0,0,1,1,6,6,3,-1,-1,-1,-1,-1,-1,-1,-1,0,-1
2023351377539,2023,351377539,2,-1,0,17,19,1,5,0,0,8,0,0,0,0,1,1,5,6,3,-1,-1,-1,-1,-1,-1,-1,-1,0,-1
2023010434337,2023,010434337,1,9,0,15,15,7,3,9,9,0,1,0,7,10,1,2,6,6,1,21,5,-1,-1,-1,-1,5,E01000592,0,-1
2023131281194,2023,131281194,1,9,0,-1,-1,-1,-1,-1,-1,0,-1,-1,-1,-1,-1,1,6,6,3,-1,-1,-1,-1,-1,-1,2,E01033689,0,-1
2023070972171,2023,070972171,1,9,0,18,19,7,1,0,0,8,0,0,0,0,1,1,6,6,2,-1,-1,-1,-1,-1,-1,-1,-1,0,-1
2023041326706,2023,041326706,1,9,0,18,19,3,7,0,0,0,0,0,0,0,0,1,6,6,3,-1,-1,-1,-1,-1,-1,-1,-1,0,-1
2023010438297,2023,010438297,1,1,0,18,19,7,3,0,0,2,0,0,0,0,1,1,1,1,1,35,6,-1,-1,-1,-1,2,E01032722,0,-1
2023622300492,2023,622300492,2,1,0,18,19,3,7,0,0,0,0,0,0,0,1,1,6,6,1,15,3,-1,-1,-1,-1,2,W01001803,0,-1
2023991306332,2023,991306332,1,5,0,11,11,4,8,0,0,0,1,0,0,0,3,1,6,6,1,56,9,-1,-1,-1,-1,3,-1,0,-1
2023552300426,2023,552300426,1,1,0,18,19,2,6,0,0,6,0,0,0,0,3,1,6,6,1,18,4,-1,-1,-1,-1,8,E01015322,0,-1
2023430070057,2023,430070057,2,8,0,9,9,4,2,0,0,6,0,0,0,0,1,1,6,6,1,-1,-1,-1,-1,-1,-1,-1,-1,0,-1
2023311319388,2023,311319388,2,1,0,9,9,4,8,0,0,1,0,0,0,0,3,1,6,6,1,14,3,-1,-1,-1,-1,10,E01028328,0,-1
2023010477596,2023,010477596,3,19,0,2,2,0,0,0,0,0,0,0,0,0,4,2,6,6,3,-1,-1,-1,-1,-1,-1,-1,-1,0,-1
2023440223252,2023,440223252,1,9,0,9,9,7,5,0,0,0,0,0,0,0,1,1,3,7,1,54,8,-1,-1,-1,-1,6,E01023199,0,-1
2023010459788,2023,010459788,1,1,9,99,99,9,9,99,99,9,9,99,9,99,9,1,2,2,2,37,7,-1,-1,-1,-1,2,E01001696,0,-1
2023061347421,2023,061347421,1,1,0,18,19,5,1,0,0,0,0,0,0,0,1,1,5,6,1,18,4,-1,-1,-1,-1,8,E01005791,0,-1
2023010459492,2023,010459492,1,1,9,99,99,9,9,99,99,9,9,99,9,99,9,1,6,6,2,54,8,-1,-1,-1,-1,7,E01002675,0,-1
2023201410862,2023,201410862,2,9,0,18,19,7,3,0,0,0,0,0,0,0,1,1,6,6,2,-1,-1,-1,-1,-1,-1,-1,-1,0,-1
2023461376995,2023,461376995,1,22,-1,18,19,-1,-1,9,9,1,0,0,0,0,1,1,6,6,1,-1,-1,-1,-1,-1,-1,-1,-1,0,-1
2023010423976,2023,010423976,1,1,0,99,99,9,9,0,0,8,0,0,0,0,1,1,6,6,3,-1,-1,-1,-1,-1,-1,-1,-1,0,-1
2023440398112,2023,440398112,2,1,0,18,19,5,1,0,0,1,0,0,0,0,4,1,4,7,2,11,3,-1,-1,-1,-1,2,E01032879,0,-1
2023010433891,2023,010433891,2,9,9,99,99,9,9,99,99,9,9,99,9,99,9,9,6,6,3,-1,-1,-1,-1,-1,-1,-1,-1,0,-1
2023451342992,2023,451342992,1,1,0,18,19,7,3,0,0,8,5,0,0,0,4,1,5,6,1,51,8,-1,-1,-1,-1,9,E01030306,0,-1
2023010441446,2023,010441446,2,9,0,99,99,9,9,99,99,9,9,99,9,99,1,9,6,6,3,-1,-1,-1,-1,-1,-1,-1,-1,0,-1
2023101291342,2023,101291342,2,-1,-1,-1,-1,8,4,-1,-1,-1,-1,-1,-1,0,-1,1,6,6,1,59,9,-1,-1,-1,-1,3,E01008298,0,-1
2023010480023,2023,010480023,1,9,0,18,19,4,8,0,0,0,0,0,0,0,1,1,6,6,3,-1,-1,-1,-1,-1,-1,-1,-1,0,-1
2023010456791,2023,010456791,1,9,0,9,9,2,1,0,0,2,0,0,0,0,2,1,1,1,1,45,7,-1,-1,-1,-1,2,E01033341,0,-1
2023170M10073,2023,170M10073,1,9,0,18,19,4,8,0,0,0,0,0,0,0,1,1,6,6,1,33,6,-1,-1,-1,-1,1,E01012060,0,-1
2023501271769,2023,501271769,1,9,0,9,9,5,2,0,0,8,0,0,0,0,1,1,6,6,1,28,6,-1,-1,-1,-1,1,E01019029,0,-1
2023401300718,2023,401300718,2,1,0,18,19,1,5,0,0,0,0,0,0,0,4,1,2,2,1,28,6,-1,-1,-1,-1,4,E01017600,0,-1
2023061295083,2023,061295083,1,19,0,18,19,7,3,0,0,8,0,0,0,0,1,1,1,1,2,38,7,-1,-1,-1,-1,1,E01006023,0,-1
2023010459950,2023,010459950,2,9,0,7,7,7,2,0,0,1,0,0,0,0,3,1,6,6,1,37,7,-1,-1,-1,-1,3,E01003526,0,-1
2023451385499,2023,451385499,1,9,0,9,9,7,5,0,0,5,0,0,0,0,1,1,5,6,1,58,9,-1,-1,-1,-1,7,E01030332,0,-1
2023430140603,2023,430140603,1,9,0,9,9,5,4,0,0,6,0,0,0,0,1,1,6,6,1,46,8,-1,-1,-1,-1,-1,-1,0,-1
2023010463411,2023,010463411,1,1,9,99,99,9,9,99,99,9,9,99,9,99,1,1,6,6,3,32,6,-1,-1,-1,-1,3,E01003104,0,-1
2023010443711,2023,010443711,2,9,0,5,5,5,1,0,0,1,0,0,0,0,1,2,6,6,1,35,6,-1,-1,-1,-1,-1,-1,0,-1
2023010475710,2023,010475710,2,9,0,18,19,5,1,0,0,2,0,0,0,0,1,1,6,6,1,23,5,-1,-1,-1,-1,-1,-1,0,-1
2023141305525,2023,141305525,2,1,0,14,14,2,4,0,0,1,0,0,0,0,1,1,6,6,1,32,6,-1,-1,-1,-1,5,E01008051,0,-1
2023061279131,2023,061279131,1,9,-1,18,19,7,3,0,0,1,0,0,0,0,1,1,6,6,3,-1,-1,-1,-1,-1,-1,-1,-1,0,-1
2023351270276,2023,351270276,1,9,0,18,19,6,2,0,0,0,0,0,0,0,1,1,6,6,3,-1,-1,-1,-1,-1,-1,-1,-1,0,-1
2023052302827,2023,052302827,1,9,0,5,5,3,7,0,0,0,0,0,0,0,1,1,6,6,1,72,10,-1,-1,-1,-1,1,E01007012,0,-1
2023401309984,2023,401309984,2,9,0,3,3,7,3,0,0,1,0,0,0,0,2,1,1,1,1,41,7,-1,-1,-1,-1,9,E01017676,0,-1
2023010484135,2023,010484135,1,9,0,99,99,9,9,0,0,1,9,99,9,99,1,9,6,6,1,-1,-1,-1,-1,-1,-1,-1,-1,0,-1
2023311359934,2023,311359934,1,9,0,16,19,1,4,0,0,0,0,10,1,2,1,2,6,6,2,27,6,-1,-1,-1,-1,1,E01028068,0,-1
2023548724623,2023,548724623,1,9,0,13,13,3,7,0,0,0,0,0,0,0,1,1,6,6,1,-1,-1,-1,-1,-1,-1,-1,-1,0,-1
2023061318514,2023,061318514,1,9,0,18,19,4,7,0,0,1,0,0,0,0,4,1,6,6,3,30,6,-1,-1,-1,-1,-1,-1,0,-1
2023361348730,2023,361348730,2,1,0,18,19,6,2,0,0,8,0,0,0,0,1,1,5,6,2,64,9,-1,-1,-1,-1,9,E01026906,0,-1
2023531328868,2023,531328868,2,1,0,18,19,7,3,0,0,1,2,0,0,0,3,1,6,6,1,11,3,-1,-1,-1,-1,9,E01022212,0,-1
2023411314178,2023,411314178,4,9,0,18,19,5,1,0,0,0,0,0,0,0,2,1,6,6,1,65,9,-1,-1,-1,-1,7,E01023963,0,-1
2023451338361,2023,451338361,2,-1,0,5,5,7,3,0,0,0,0,0,0,0,1,1,5,6,1,16,4,-1,-1,-1,-1,5,E01030740,1,-1
2023141378694,2023,141378694,2,1,0,9,9,5,1,0,0,8,0,0,0,0,2,1,6,6,1,23,5,-1,-1,-1,-1,2,E01007854,0,-1
2023461267585,2023,461267585,2,1,0,18,19,4,8,0,0,1,0,0,0,0,1,1,6,6,1,72,10,-1,-1,-1,-1,10,E01024147,0,-1
2023010435360,2023,010435360,2,1,9,99,99,9,9,99,99,9,9,99,9,99,1,1,6,6,1,-1,-1,-1,-1,-1,-1,-1,-1,0,-1
2023071213986,2023,071213986,1,19,0,4,4,5,1,0,0,0,0,0,0,0,1,1,2,2,1,33,6,-1,-1,-1,-1,7,E01006245,0,-1
2023052302629,2023,052302629,2,1,0,2,2,0,0,0,0,0,0,0,0,0,2,1,6,6,1,16,4,-1,-1,-1,-1,3,E01007047,0,-1
2023101317453,2023,101317453,1,9,0,18,19,1,5,0,0,8,0,0,0,0,1,1,6,6,1,40,7,-1,-1,-1,-1,-1,-1,0,-1
2023010434187,2023,010434187,1,90,0,7,7,7,2,0,0,0,0,0,0,0,0,1,1,1,1,57,9,-1,-1,-1,-1,4,E01024387,0,-1
2023421348055,2023,421348055,3,9,0,18,19,6,2,0,0,0,2,0,0,0,2,1,1,1,1,44,7,-1,-1,-1,-1,5,E01021297,0,-1
2023101303678,2023,101303678,1,9,0,18,19,1,5,0,0,0,0,0,0,0,1,1,6,6,1,40,7,-1,-1,-1,-1,-1,-1,0,-1
2023161396602,2023,161396602,1,22,0,18,19,1,5,0,0,2,0,0,0,0,1,1,5,6,1,75,10,-1,-1,-1,-1,1,E01012786,0,-1
2023041318214,2023,041318214,3,9,0,2,2,0,0,0,0,2,0,0,0,0,1,1,6,6,1,56,9,-1,-1,-1,-1,4,E01025001,0,-1
2023461375609,2023,461375609,2,1,0,18,19,3,7,0,0,1,0,0,0,0,1,1,6,6,1,35,6,-1,-1,-1,-1,5,E01024577,0,-1
2023430510116,2023,430510116,1,9,0,18,19,5,1,0,0,0,0,0,0,0,1,1,1,1,1,33,6,-1,-1,-1,-1,6,E01032037,0,-1
2023610052523,2023,610052523,2,90,0,18,19,1,5,0,0,8,0,0,0,0,1,1,6,6,1,18,4,-1,-1,-1,-1,8,W01001563,0,-1
2023401334278,2023,401334278,1,9,0,18,19,1,3,0,0,1,0,0,0,0,0,1,6,6,3,65,9,-1,-1,-1,-1,-1,-1,0,-1