collision_index,collision_year,collision_ref_no,vehicle_reference,vehicle_type,towing_and_articulation,vehicle_manoeuvre_historic,vehicle_manoeuvre,vehicle_direction_from,vehicle_direction_to,vehicle_location_restricted_lane_historic,vehicle_location_restricted_lane,junction_location,skidding_and_overturning,hit_object_in_carriageway,vehicle_leaving_carriageway,hit_object_off_carriageway,first_point_of_impact,vehicle_left_hand_drive,journey_purpose_of_driver_historic,journey_purpose_of_driver,sex_of_driver,age_of_driver,age_band_of_driver,engine_capacity_cc,propulsion_code,age_of_vehicle,generic_make_model,driver_imd_decile,lsoa_of_driver,escooter_flag,driver_distance_banding
2023461375789,2023,461375789,2,9,0,2,2,0,0,0,0,0,0,0,0,0,2,1,6,6,3,-1,-1,-1,-1,-1,-1,-1,-1,0,-1
2023302301968,2023,302301968,1,9,0,18,19,7,3,0,0,2,0,0,0,0,1,1,6,6,3,-1,-1,-1,-1,-1,-1,5,E01019456,0,-1
2023440035199,2023,440035199,2,9,0,18,19,4,8,0,0,1,0,0,0,0,1,1,6,6,3,-1,-1,-1,-1,-1,-1,-1,-1,0,-1
2023010475960,2023,010475960,1,1,0,18,19,6,2,0,0,4,0,0,0,0,4,1,6,6,1,18,4,-1,-1,-1,-1,1,E01004222,0,-1
2023221316407,2023,221316407,2,1,0,18,19,3,7,0,0,0,0,0,0,0,2,1,6,6,1,68,10,-1,-1,-1,-1,-1,-1,0,-1
2023010459740,2023,010459740,1,1,9,99,99,9,9,99,99,9,9,99,9,99,9,1,6,6,1,45,7,-1,-1,-1,-1,7,E01001904,0,-1
2023010461725,2023,010461725,1,1,9,99,99,9,9,99,99,9,9,99,9,99,1,1,6,6,1,57,9,-1,-1,-1,-1,8,E01001390,0,-1
2023010428744,2023,010428744,2,1,0,18,19,1,5,0,0,2,0,0,0,0,2,1,2,2,1,48,8,-1,-1,-1,-1,9,E01003889,0,-1
2023545505223,2023,545505223,2,9,0,18,19,1,5,0,0,8,0,0,0,0,1,1,6,6,3,-1,-1,-1,-1,-1,-1,-1,-1,0,-1
2023010475367,2023,010475367,1,1,9,99,99,9,9,99,99,9,9,99,9,99,9,1,6,6,1,24,5,-1,-1,-1,-1,4,E01033490,0,-1
2023401374760,2023,401374760,1,98,0,99,99,-1,-1,0,0,1,0,0,0,0,1,1,6,6,1,-1,-1,-1,-1,-1,-1,-1,-1,0,-1
2023061335552,2023,061335552,2,1,0,4,4,7,3,0,0,1,0,0,0,0,2,1,6,6,1,40,7,-1,-1,-1,-1,2,E01005732,0,-1
2023501392009,2023,501392009,1,9,0,18,19,6,3,0,0,1,0,0,0,0,3,1,6,6,3,50,8,-1,-1,-1,-1,-1,-1,0,-1
2023302300763,2023,302300763,1,1,0,14,14,3,6,0,0,4,0,0,0,0,2,1,6,6,1,56,9,-1,-1,-1,-1,3,E01008028,0,-1
2023061351535,2023,061351535,2,1,-1,-1,-1,-1,-1,-1,-1,-1,-1,-1,-1,0,-1,1,5,6,1,18,4,-1,-1,-1,-1,1,E01005194,0,-1
2023010440332,2023,010440332,2,1,9,99,99,9,9,99,99,9,9,99,9,99,9,1,6,6,1,-1,-1,-1,-1,-1,-1,-1,-1,0,-1
2023461264967,2023,461264967,2,9,0,17,19,2,7,0,0,0,0,0,0,0,1,1,1,1,1,46,8,-1,-1,-1,-1,4,E01016168,0,-1
2023430398930,2023,430398930,2,1,0,18,19,2,6,0,0,8,0,0,0,0,1,1,2,2,1,52,8,-1,-1,-1,-1,6,E01032959,0,-1
2023522400264,2023,522400264,2,9,0,1,1,9,9,0,0,8,0,0,0,0,2,1,6,6,3,-1,-1,-1,-1,-1,-1,-1,-1,0,-1
2023311306977,2023,311306977,1,9,0,5,5,1,5,0,0,1,0,0,0,0,1,1,6,6,3,-1,-1,-1,-1,-1,-1,-1,-1,0,-1
2023010454018,2023,010454018,2,1,0,5,5,1,5,9,9,1,0,0,0,0,1,1,6,6,1,38,7,-1,-1,-1,-1,1,E01002842,0,-1
2023070090454,2023,070090454,1,23,0,18,19,1,5,0,0,1,0,0,0,0,1,1,6,6,1,7,2,-1,-1,-1,-1,1,E01018476,0,-1
2023461364193,2023,461364193,3,21,1,18,19,4,8,0,0,0,0,0,0,0,4,1,6,6,1,31,6,-1,-1,-1,-1,-1,-1,0,-1
2023201304351,2023,201304351,1,9,0,18,19,-1,-1,0,0,8,0,0,0,0,1,1,1,1,1,-1,-1,-1,-1,-1,-1,5,E01010069,0,-1
2023131328744,2023,131328744,2,90,0,-1,-1,-1,-1,-1,-1,8,-1,-1,-1,0,-1,1,6,6,3,-1,-1,-1,-1,-1,-1,-1,-1,0,-1
2023440321051,2023,440321051,1,1,0,18,19,1,5,0,0,0,0,0,0,0,0,1,6,6,2,61,9,-1,-1,-1,-1,5,E01022728,0,-1
2023010453877,2023,010453877,1,-1,0,2,2,0,0,0,0,8,0,0,0,0,1,1,6,6,3,-1,-1,-1,-1,-1,-1,-1,-1,1,-1
2023161314963,2023,161314963,2,9,0,5,5,5,1,0,0,0,0,0,0,0,0,1,6,6,3,-1,-1,-1,-1,-1,-1,-1,-1,0,-1
2023421355532,2023,421355532,2,9,0,9,9,8,6,0,0,1,0,0,0,0,3,1,1,1,1,62,9,-1,-1,-1,-1,8,E01021389,0,-1
2023141321687,2023,141321687,2,9,0,13,13,3,7,0,0,1,0,0,0,0,4,1,6,6,2,45,7,-1,-1,-1,-1,4,E01007330,0,-1
2023141274778,2023,141274778,1,1,0,18,19,6,2,0,0,1,0,0,0,0,1,1,6,6,1,30,6,-1,-1,-1,-1,6,E01007908,0,-1
2023302300655,2023,302300655,1,97,0,16,19,2,6,0,0,0,1,0,0,0,1,1,6,6,1,30,6,-1,-1,-1,-1,2,E01013504,0,-1
2023201380753,2023,201380753,2,22,0,18,19,6,2,0,0,8,0,0,0,0,4,1,5,6,2,36,7,-1,-1,-1,-1,10,E01010231,0,-1
2023201285438,2023,201285438,1,9,0,18,19,8,4,0,0,2,0,0,0,0,1,1,6,6,1,-1,-1,-1,-1,-1,-1,-1,-1,0,-1
2023052300854,2023,052300854,1,1,0,18,19,5,1,0,0,0,0,0,0,0,4,1,6,6,1,35,6,-1,-1,-1,-1,2,E01006439,0,-1
2023320037305,2023,320037305,1,9,0,18,19,2,6,0,0,0,0,0,0,0,1,1,6,6,3,-1,-1,-1,-1,-1,-1,-1,-1,0,-1
2023010485776,2023,010485776,1,-1,0,14,14,7,3,0,0,1,0,0,0,0,0,2,6,6,1,58,9,-1,-1,-1,-1,6,E01032740,1,-1
2023451364817,2023,451364817,2,1,0,18,19,1,5,0,0,1,0,0,0,0,2,1,1,1,2,65,9,-1,-1,-1,-1,8,E01030920,0,-1
2023471307164,2023,471307164,1,23,0,18,19,7,3,4,4,0,0,0,0,0,1,1,5,6,1,14,3,-1,-1,-1,-1,5,E01016963,0,-1
2023061331275,2023,061331275,2,1,0,3,3,2,6,0,0,1,0,0,0,0,2,1,2,2,1,21,5,-1,-1,-1,-1,1,E01005093,0,-1
2023461315869,2023,461315869,1,9,0,18,19,1,5,0,0,0,0,0,0,0,1,1,6,6,1,-1,-1,-1,-1,-1,-1,-1,-1,0,-1
2023991273054,2023,991273054,1,9,0,17,19,8,4,0,0,0,0,0,2,11,4,1,6,6,1,19,4,-1,-1,-1,-1,6,-1,0,-1
2023010459952,2023,010459952,1,1,0,18,19,3,7,0,0,1,0,0,1,0,1,1,2,2,1,41,7,-1,-1,-1,-1,4,E01004376,0,-1
2023340WN2952,2023,340WN2952,2,-1,0,18,19,3,7,0,0,2,0,0,0,0,2,1,6,6,1,25,5,-1,-1,-1,-1,2,E01027155,1,-1
2023471345649,2023,471345649,4,9,0,18,19,2,6,0,0,1,0,0,1,4,1,1,2,2,1,25,5,-1,-1,-1,-1,4,E01021057,0,-1
2023010468680,2023,010468680,2,1,0,18,19,7,3,0,0,8,0,0,0,0,2,1,1,1,1,24,5,-1,-1,-1,-1,6,E01004485,0,-1
2023131324107,2023,131324107,1,9,0,-1,-1,-1,-1,-1,-1,-1,-1,-1,-1,-1,-1,1,6,6,3,-1,-1,-1,-1,-1,-1,-1,-1,0,-1
2023041329948,2023,041329948,1,1,0,18,19,8,4,5,5,8,0,0,0,0,1,1,5,6,2,31,6,-1,-1,-1,-1,9,E01025491,0,-1
2023010475621,2023,010475621,2,1,0,18,19,5,1,0,0,0,0,0,0,0,1,1,2,2,1,35,6,-1,-1,-1,-1,4,E01004172,0,-1
2023622300239,2023,622300239,1,9,0,18,19,8,4,0,0,0,5,4,0,0,1,1,6,6,1,18,4,-1,-1,-1,-1,4,W01001281,0,-1
2023161291388,2023,161291388,2,-1,0,18,19,1,5,0,0,6,0,0,0,0,1,1,6,6,1,11,3,-1,-1,-1,-1,1,E01033110,1,-1
2023991341890,2023,991341890,1,9,0,18,19,7,3,0,0,0,0,0,0,0,1,1,1,1,1,31,6,-1,-1,-1,-1,5,-1,0,-1
2023440307485,2023,440307485,1,19,0,9,9,8,6,0,0,8,0,0,0,0,3,1,1,1,1,29,6,-1,-1,-1,-1,8,E01023069,0,-1
2023361297276,2023,361297276,3,9,0,2,2,0,0,0,0,0,0,0,0,0,3,1,6,6,3,-1,-1,-1,-1,-1,-1,-1,-1,0,-1
2023131326918,2023,131326918,3,22,0,4,4,3,7,0,0,8,0,0,0,0,2,1,1,1,1,26,6,-1,-1,-1,-1,2,E01011220,0,-1
2023361314541,2023,361314541,1,9,0,9,9,3,4,0,0,0,0,0,0,0,1,1,5,6,1,18,4,-1,-1,-1,-1,4,E01026780,0,-1
2023361313026,2023,361313026,2,9,0,4,4,7,3,0,0,0,0,0,0,0,1,1,2,2,1,56,9,-1,-1,-1,-1,7,E01030271,0,-1
202360A061818,2023,60A061818,2,1,0,18,19,2,1,0,0,0,0,0,0,0,1,1,6,6,1,73,10,-1,-1,-1,-1,-1,-1,0,-1
2023010426151,2023,010426151,2,19,0,99,99,9,9,99,99,9,9,99,9,99,9,9,6,6,3,-1,-1,-1,-1,-1,-1,-1,-1,0,-1
2023010468731,2023,010468731,2,1,0,18,19,5,1,0,0,1,0,0,0,0,2,1,3,7,2,36,7,-1,-1,-1,-1,6,E01004017,0,-1
2023332300146,2023,332300146,1,19,0,18,19,7,3,0,0,6,0,0,0,0,1,1,1,1,1,38,7,-1,-1,-1,-1,6,E01031025,0,-1
2023302300063,2023,302300063,1,9,0,18,19,4,8,0,0,8,0,0,0,0,4,1,6,6,3,-1,-1,-1,-1,-1,-1,5,E01019456,0,-1
2023991372326,2023,991372326,2,1,0,18,19,4,8,0,0,0,0,0,0,0,3,1,5,6,1,36,7,-1,-1,-1,-1,1,-1,0,-1
2023052303002,2023,052303002,1,9,0,18,19,1,5,0,0,5,0,0,0,0,4,1,6,6,1,39,7,-1,-1,-1,-1,1,E01007013,0,-1
2023010472884,2023,010472884,2,90,0,99,99,9,9,99,99,9,9,99,9,99,1,9,6,6,3,-1,-1,-1,-1,-1,-1,3,E01000465,0,-1
2023010431662,2023,010431662,2,9,0,7,7,1,2,0,0,2,0,0,0,0,1,1,6,6,2,43,7,-1,-1,-1,-1,-1,-1,0,-1
2023010424004,2023,010424004,3,9,0,4,4,1,5,0,0,0,0,0,0,0,2,1,6,6,1,26,6,-1,-1,-1,-1,2,E01004365,0,-1
2023401383798,2023,401383798,1,9,0,18,19,-1,-1,0,0,8,0,0,0,0,1,1,6,6,3,-1,-1,-1,-1,-1,-1,-1,-1,0,-1
2023552301371,2023,552301371,1,9,0,18,19,7,3,0,0,8,0,0,0,0,1,1,6,6,3,-1,-1,-1,-1,-1,-1,-1,-1,0,-1
2023991380286,2023,991380286,1,21,0,18,19,3,7,0,0,0,0,0,7,0,1,1,1,1,1,35,6,-1,-1,-1,-1,-1,-1,0,-1
2023101388205,2023,101388205,1,9,0,18,19,3,7,0,0,4,0,0,0,0,1,1,6,6,3,-1,-1,-1,-1,-1,-1,-1,-1,0,-1
2023131361832,2023,131361832,1,9,0,18,19,3,7,0,0,1,0,0,0,0,1,1,6,6,1,46,8,-1,-1,-1,-1,2,E01018400,0,-1
2023531351000,2023,531351000,2,1,0,18,19,5,1,0,0,3,0,0,0,0,1,1,1,1,1,39,7,-1,-1,-1,-1,1,E01022347,0,-1
2023430565965,2023,430565965,2,1,0,18,19,5,1,0,0,8,0,0,0,0,1,1,6,6,1,54,8,-1,-1,-1,-1,4,E01016710,0,-1
2023401356864,2023,401356864,2,1,0,18,19,1,5,0,0,0,0,0,0,0,4,1,2,2,1,28,6,-1,-1,-1,-1,3,E01017518,0,-1
2023340WN5582,2023,340WN5582,2,9,0,18,19,5,1,0,0,8,0,0,0,0,1,1,6,6,3,-1,-1,-1,-1,-1,-1,-1,-1,0,-1
2023522401047,2023,522401047,2,9,0,18,19,7,3,0,0,4,0,0,0,0,9,1,6,6,1,-1,-1,-1,-1,-1,-1,-1,-1,0,-1
2023010437056,2023,010437056,3,1,0,13,13,5,1,0,0,1,0,0,0,0,0,1,2,2,1,36,7,-1,-1,-1,-1,2,E01004296,0,-1
2023010454589,2023,010454589,1,1,9,99,99,9,9,99,99,9,9,99,9,99,2,1,2,2,1,56,9,-1,-1,-1,-1,5,E01004482,0,-1
2023401310467,2023,401310467,2,22,0,18,19,6,2,9,9,0,0,0,0,0,1,1,5,6,2,25,5,-1,-1,-1,-1,3,E01017609,0,-1
202363D026423,2023,63D026423,1,21,4,9,9,4,2,0,0,6,0,0,0,0,0,1,1,1,1,69,10,-1,-1,-1,-1,-1,-1,0,-1
2023010465223,2023,010465223,2,1,0,18,19,1,5,9,9,0,0,4,0,0,1,1,6,6,1,18,4,-1,-1,-1,-1,2,E01003990,0,-1
2023351301919,2023,351301919,2,9,0,18,19,-1,-1,0,0,8,0,0,0,0,1,1,6,6,3,-1,-1,-1,-1,-1,-1,-1,-1,0,-1
2023010465106,2023,010465106,2,1,0,12,12,3,7,0,0,1,0,0,0,0,3,1,6,6,1,57,9,-1,-1,-1,-1,3,E01001004,0,-1
2023101353266,2023,101353266,1,9,0,18,19,8,4,0,0,0,0,0,0,0,4,1,3,7,1,45,7,-1,-1,-1,-1,-1,-1,0,-1
2023161309529,2023,161309529,2,1,0,18,19,5,1,0,0,0,0,0,0,0,1,1,6,6,1,12,3,-1,-1,-1,-1,9,E01013015,0,-1
2023201261835,2023,201261835,1,-1,0,2,2,-1,-1,0,0,-1,0,-1,0,0,1,1,6,6,3,-1,-1,-1,-1,-1,-1,-1,-1,0,-1
2023161273541,2023,161273541,1,90,0,18,19,1,5,9,9,0,0,0,0,0,1,1,6,6,3,-1,-1,-1,-1,-1,-1,-1,-1,0,-1
2023010467933,2023,010467933,2,9,0,99,99,9,9,99,99,9,9,99,9,99,9,9,6,6,2,24,5,-1,-1,-1,-1,4,E01004580,0,-1
2023552301301,2023,552301301,2,1,0,18,19,8,4,0,0,8,0,0,0,0,2,1,6,6,1,55,8,-1,-1,-1,-1,2,E01015338,0,-1
2023332300692,2023,332300692,1,9,0,18,19,3,7,0,0,0,0,0,1,2,1,1,6,6,2,25,5,-1,-1,-1,-1,3,E01025866,0,-1
2023340WN1512,2023,340WN1512,1,1,0,18,19,6,2,9,9,1,0,0,0,0,1,1,1,1,1,26,6,-1,-1,-1,-1,3,E01027185,0,-1
2023421271134,2023,421271134,1,9,0,17,19,1,7,0,0,8,0,0,0,0,1,1,6,6,1,71,10,-1,-1,-1,-1,-1,-1,0,-1
2023340NN3402,2023,340NN3402,1,9,0,18,19,8,4,0,0,1,0,0,0,0,4,1,6,6,3,-1,-1,-1,-1,-1,-1,-1,-1,0,-1
2023430230585,2023,430230585,1,9,0,9,9,8,6,0,0,5,0,0,0,0,1,1,6,6,1,54,8,-1,-1,-1,-1,9,E01017692,0,-1
2023501324589,2023,501324589,1,9,-1,9,9,1,7,0,0,1,0,0,0,0,-1,1,6,6,3,-1,-1,-1,-1,-1,-1,-1,-1,0,-1
2023430129797,2023,430129797,2,9,0,18,19,6,2,0,0,1,0,0,0,0,1,1,6,6,3,-1,-1,-1,-1,-1,-1,-1,-1,0,-1
2023010443692,2023,010443692,1,1,9,99,99,9,9,99,99,9,9,99,9,99,9,1,2,2,1,25,5,-1,-1,-1,-1,2,E01003299,0,-1
2023010477529,2023,010477529,1,23,0,99,99,9,9,99,99,9,9,99,9,99,1,1,1,1,1,27,6,-1,-1,-1,-1,2,E01001712,0,-1
2023010481225,2023,010481225,1,9,0,7,7,7,2,0,0,1,0,0,0,0,1,1,6,6,1,22,5,-1,-1,-1,-1,-1,-1,0,-1
2023010470822,2023,010470822,2,1,9,99,99,9,9,99,99,0,9,99,9,99,2,1,6,6,3,-1,-1,-1,-1,-1,-1,-1,-1,0,-1
2023041351791,2023,041351791,1,9,0,18,19,5,1,0,0,0,0,0,0,0,4,1,6,6,3,-1,-1,-1,-1,-1,-1,-1,-1,0,-1
2023311309730,2023,311309730,2,1,0,18,19,7,3,0,0,8,0,0,0,0,4,1,6,6,1,49,8,-1,-1,-1,-1,9,E01028054,0,-1
2023401360156,2023,401360156,3,9,-1,-1,-1,-1,-1,-1,-1,1,-1,-1,-1,0,-1,1,6,6,3,-1,-1,-1,-1,-1,-1,-1,-1,0,-1
2023010448108,2023,010448108,2,3,0,99,99,9,9,99,99,9,9,99,9,99,9,1,6,6,3,-1,-1,-1,-1,-1,-1,-1,-1,0,-1
2023141321070,2023,141321070,1,97,0,18,19,5,1,0,0,1,0,7,0,0,1,1,6,6,3,-1,-1,-1,-1,-1,-1,-1,-1,0,-1
2023010483730,2023,010483730,1,9,9,99,99,9,9,99,99,9,9,99,9,99,9,9,6,6,3,-1,-1,-1,-1,-1,-1,-1,-1,0,-1
2023010455827,2023,010455827,1,9,0,99,99,9,9,0,0,9,0,0,0,0,9,9,6,6,3,-1,-1,-1,-1,-1,-1,-1,-1,0,-1
2023010445688,2023,010445688,1,1,9,99,99,9,9,99,99,0,9,99,9,99,0,1,2,2,2,12,3,-1,-1,-1,-1,3,E01001244,0,-1
2023131316029,2023,131316029,1,9,0,-1,-1,-1,-1,-1,-1,-1,-1,-1,-1,0,-1,1,6,6,3,-1,-1,-1,-1,-1,-1,-1,-1,0,-1
2023421376914,2023,421376914,1,9,0,5,5,1,5,0,0,4,0,0,0,0,1,1,6,6,2,54,8,-1,-1,-1,-1,5,E01021838,0,-1
2023070142889,2023,070142889,2,9,0,7,7,5,8,0,0,8,0,0,0,0,3,1,1,1,2,43,7,-1,-1,-1,-1,10,E01018416,0,-1
2023010453611,2023,010453611,1,1,9,99,99,9,9,99,99,9,9,99,9,99,9,1,2,2,1,36,7,-1,-1,-1,-1,1,E01033603,0,-1
2023201373022,2023,201373022,1,9,0,18,19,6,2,0,0,1,0,0,0,0,1,1,5,6,1,-1,-1,-1,-1,-1,-1,-1,-1,0,-1
2023010433587,2023,010433587,1,1,9,99,99,9,9,99,99,9,9,99,9,99,9,1,2,2,1,52,8,-1,-1,-1,-1,10,E01000425,0,-1
2023201339391,2023,201339391,1,9,0,18,19,2,6,0,0,1,0,7,7,10,4,1,6,6,2,27,6,-1,-1,-1,-1,1,E01009298,0,-1
2023010443622,2023,010443622,2,9,0,99,99,9,9,99,99,9,9,99,9,99,9,9,6,6,1,63,9,-1,-1,-1,-1,9,E01000350,0,-1
2023522324196,2023,522324196,1,-1,0,18,19,3,7,0,0,1,0,0,0,0,2,1,6,6,2,21,5,-1,-1,-1,-1,10,E01014415,1,-1
2023101326007,2023,101326007,1,9,0,18,19,3,7,0,0,0,0,0,0,0,1,1,6,6,2,26,6,-1,-1,-1,-1,5,E01019314,0,-1
2023421379550,2023,421379550,1,9,0,-1,-1,-1,-1,-1,-1,-1,-1,-1,-1,0,-1,1,6,6,1,-1,-1,-1,-1,-1,-1,-1,-1,0,-1
2023421311131,2023,421311131,1,-1,-1,-1,-1,-1,-1,-1,-1,0,-1,-1,-1,0,-1,1,6,6,3,-1,-1,-1,-1,-1,-1,-1,-1,0,-1
2023052302358,2023,052302358,2,1,0,18,19,8,4,0,0,1,0,0,0,0,1,1,6,6,1,28,6,-1,-1,-1,-1,1,E01006642,0,-1
2023320399706,2023,320399706,2,1,0,18,19,2,4,0,0,1,0,0,0,0,1,1,6,6,1,85,11,-1,-1,-1,-1,-1,-1,0,-1
2023201281662,2023,201281662,1,22,0,18,19,8,4,0,0,0,0,8,0,0,1,1,6,6,3,-1,-1,-1,-1,-1,-1,-1,-1,0,-1
2023010456542,2023,010456542,1,1,0,18,19,1,5,0,0,1,0,0,0,0,1,1,2,2,1,56,9,-1,-1,-1,-1,4,E01000286,0,-1
2023201356295,2023,201356295,1,9,0,18,19,8,4,0,0,0,0,0,0,0,1,1,6,6,3,-1,-1,-1,-1,-1,-1,-1,-1,0,-1
2023311339074,2023,311339074,2,9,0,18,19,2,6,0,0,2,0,0,0,0,2,1,6,6,1,46,8,-1,-1,-1,-1,1,E01027951,0,-1
2023201381417,2023,201381417,1,19,0,13,13,1,5,0,0,8,0,0,0,0,1,1,6,6,3,-1,-1,-1,-1,-1,-1,-1,-1,0,-1
2023451376738,2023,451376738,1,9,0,18,19,3,7,0,0,0,0,0,0,0,1,1,6,6,3,41,7,-1,-1,-1,-1,-1,-1,0,-1
2023451320493,2023,451320493,2,1,0,18,19,4,8,0,0,1,0,0,0,0,3,1,5,6,1,35,6,-1,-1,-1,-1,7,E01004496,0,-1
2023631326669,2023,631326669,1,1,0,18,19,5,1,0,0,0,0,0,0,0,1,1,6,6,3,-1,-1,-1,-1,-1,-1,-1,-1,0,-1
2023101300668,2023,101300668,1,9,0,7,7,1,5,0,0,1,0,0,0,0,4,1,6,6,1,-1,-1,-1,-1,-1,-1,-1,-1,0,-1
2023440013012,2023,440013012,1,9,0,7,7,6,7,0,0,8,0,0,0,0,1,1,2,2,1,40,7,-1,-1,-1,-1,8,E01022532,0,-1
2023991297576,2023,991297576,2,-1,0,18,19,5,1,0,0,0,0,0,0,0,1,1,2,2,1,27,6,-1,-1,-1,-1,2,-1,1,-1
2023201287308,2023,201287308,3,9,0,3,3,7,7,0,0,0,0,0,0,0,2,1,6,6,2,28,6,-1,-1,-1,-1,10,E01022406,0,-1
2023161320291,2023,161320291,1,1,0,18,19,3,7,0,0,6,0,0,0,0,1,1,4,7,1,17,4,-1,-1,-1,-1,4,E01012810,0,-1
2023010424138,2023,010424138,2,1,0,18,19,8,4,0,0,1,0,0,0,0,1,1,2,2,2,45,7,-1,-1,-1,-1,2,E01001830,0,-1
2023010478341,2023,010478341,2,9,0,99,99,9,9,99,99,9,9,99,9,99,9,9,6,6,3,-1,-1,-1,-1,-1,-1,-1,-1,0,-1
2023320425130,2023,320425130,1,9,0,18,19,6,2,0,0,0,0,0,0,0,0,1,6,6,3,-1,-1,-1,-1,-1,-1,-1,-1,0,-1
2023010469547,2023,010469547,2,90,0,99,99,9,9,99,99,9,9,99,9,99,1,9,6,6,3,-1,-1,-1,-1,-1,-1,1,E01000508,0,-1
2023531341374,2023,531341374,1,1,0,18,19,1,5,0,0,0,2,0,0,0,0,1,6,6,1,48,8,-1,-1,-1,-1,6,E01022383,0,-1
2023141364526,2023,141364526,1,9,0,18,19,1,5,0,0,2,0,0,0,0,3,1,3,7,1,44,7,-1,-1,-1,-1,10,E01007600,0,-1
2023131360128,2023,131360128,2,1,0,18,19,1,5,0,0,1,0,0,0,0,3,1,6,6,1,57,9,-1,-1,-1,-1,5,E01011465,0,-1
2023361331597,2023,361331597,2,1,0,18,19,8,4,0,0,1,0,0,0,0,1,1,6,6,1,17,4,-1,-1,-1,-1,-1,-1,0,-1
2023501276609,2023,501276609,1,9,0,18,19,2,6,0,0,4,1,0,1,4,1,1,1,1,1,43,7,-1,-1,-1,-1,4,E01020252,0,-1
2023411356969,2023,411356969,1,-1,0,18,19,5,1,9,9,0,0,0,0,0,1,1,6,6,1,-1,-1,-1,-1,-1,-1,-1,-1,1,-1
2023010458804,2023,010458804,2,1,0,5,5,5,1,0,0,6,0,0,0,0,1,1,2,2,1,42,7,-1,-1,-1,-1,6,E01003226,0,-1
2023440385968,2023,440385968,2,2,0,18,19,3,7,0,0,1,0,0,0,0,1,1,4,7,1,16,4,-1,-1,-1,-1,10,E01023045,0,-1
2023461301602,2023,461301602,1,1,0,18,19,7,3,0,0,0,0,0,0,0,0,1,6,6,2,50,8,-1,-1,-1,-1,5,E01024223,0,-1
2023531281545,2023,531281545,2,1,0,18,19,7,3,0,0,1,0,0,0,0,1,1,2,2,1,49,8,-1,-1,-1,-1,4,E01022296,0,-1
2023430330909,2023,430330909,2,1,0,18,19,2,6,0,0,8,0,0,0,0,1,1,6,6,1,60,9,-1,-1,-1,-1,-1,-1,0,-1
2023010439690,2023,010439690,2,1,0,18,19,3,7,0,0,1,0,0,0,0,3,1,6,6,1,20,4,-1,-1,-1,-1,7,E01018830,0,-1
2023991339712,2023,991339712,2,1,0,10,10,2,6,0,0,1,0,0,0,0,1,1,1,1,2,26,6,-1,-1,-1,-1,9,-1,0,-1
2023471346524,2023,471346524,2,1,0,18,19,7,3,0,0,1,0,0,0,0,1,1,5,6,1,64,9,-1,-1,-1,-1,7,E01031462,0,-1
2023522300997,2023,522300997,1,-1,0,18,19,7,3,0,0,1,0,0,0,0,3,1,6,6,1,18,4,-1,-1,-1,-1,5,E01015005,1,-1
2023201382173,2023,201382173,1,1,0,18,19,1,5,0,0,0,0,0,0,0,1,1,6,6,1,16,4,-1,-1,-1,-1,4,E01010120,0,-1
2023440390000,2023,440390000,2,9,0,14,14,1,5,0,0,1,0,0,0,0,1,1,6,6,3,-1,-1,-1,-1,-1,-1,-1,-1,0,-1
2023221374938,2023,221374938,2,9,0,18,19,5,1,0,0,8,0,0,0,0,3,1,6,6,1,62,9,-1,-1,-1,-1,5,E01014135,0,-1
2023070491758,2023,070491758,2,1,0,18,19,4,8,0,0,0,0,8,0,0,3,1,6,6,1,60,9,-1,-1,-1,-1,10,E01006151,0,-1
2023440005738,2023,440005738,1,21,1,12,12,1,5,0,0,0,0,0,0,0,3,1,1,1,1,25,5,-1,-1,-1,-1,-1,-1,0,-1
2023041316885,2023,041316885,1,11,0,4,4,8,4,0,0,1,0,0,0,0,0,1,1,1,1,51,8,-1,-1,-1,-1,3,E01025087,0,-1
2023201292042,2023,201292042,2,1,0,18,19,6,2,0,0,0,0,0,0,0,4,1,6,6,1,49,8,-1,-1,-1,-1,4,E01010072,0,-1
2023201295506,2023,201295506,2,9,0,9,9,5,3,0,0,0,0,0,0,0,3,1,6,6,1,46,8,-1,-1,-1,-1,5,E01009548,0,-1
2023440062789,2023,440062789,2,1,0,18,19,8,4,0,0,8,0,0,0,0,1,1,2,2,1,50,8,-1,-1,-1,-1,6,E01022666,0,-1
2023052302296,2023,052302296,1,9,0,3,3,3,7,0,0,2,0,0,0,0,1,1,6,6,1,-1,-1,-1,-1,-1,-1,-1,-1,0,-1
2023430166273,2023,430166273,1,9,0,18,19,4,8,0,0,4,0,0,0,0,1,1,6,6,1,30,6,-1,-1,-1,-1,-1,-1,0,-1
2023010470751,2023,010470751,2,1,0,5,5,2,6,0,0,0,0,0,0,0,3,1,6,6,2,57,9,-1,-1,-1,-1,9,E01003864,0,-1
2023991341735,2023,991341735,2,9,0,18,19,3,7,0,0,0,0,0,0,0,1,1,6,6,3,18,4,-1,-1,-1,-1,-1,-1,0,-1
2023401345518,2023,401345518,1,17,4,3,3,5,8,0,0,8,0,0,0,0,3,1,6,6,3,-1,-1,-1,-1,-1,-1,-1,-1,0,-1
2023101361658,2023,101361658,1,9,0,18,19,8,4,0,0,2,0,0,0,0,1,1,6,6,3,-1,-1,-1,-1,-1,-1,-1,-1,0,-1
2023141364659,2023,141364659,2,9,0,3,3,5,1,0,0,0,0,0,0,0,1,1,6,6,3,-1,-1,-1,-1,-1,-1,-1,-1,0,-1
2023010471836,2023,010471836,2,9,9,99,99,9,9,99,99,9,9,99,9,99,9,9,6,6,3,-1,-1,-1,-1,-1,-1,-1,-1,0,-1
2023010429899,2023,010429899,1,1,9,99,99,9,9,99,99,9,9,99,9,99,9,1,2,2,1,33,6,-1,-1,-1,-1,6,E01000306,0,-1
2023471299076,2023,471299076,2,1,0,18,19,3,7,0,0,1,0,0,0,0,1,1,2,2,2,42,7,-1,-1,-1,-1,4,E01031344,0,-1
2023631320420,2023,631320420,1,9,0,18,19,4,8,0,0,0,1,0,0,0,1,1,1,1,1,70,10,-1,-1,-1,-1,5,W01001925,0,-1
2023010467838,2023,010467838,1,1,9,99,99,9,9,99,99,9,9,99,9,99,9,1,6,6,2,34,6,-1,-1,-1,-1,2,E01004246,0,-1
2023430558530,2023,430558530,2,1,0,18,19,1,5,2,2,0,0,0,0,0,3,1,6,6,1,7,2,-1,-1,-1,-1,3,E01028522,0,-1