collision_index,collision_year,collision_ref_no,vehicle_reference,vehicle_type,towing_and_articulation,vehicle_manoeuvre_historic,vehicle_manoeuvre,vehicle_direction_from,vehicle_direction_to,vehicle_location_restricted_lane_historic,vehicle_location_restricted_lane,junction_location,skidding_and_overturning,hit_object_in_carriageway,vehicle_leaving_carriageway,hit_object_off_carriageway,first_point_of_impact,vehicle_left_hand_drive,journey_purpose_of_driver_historic,journey_purpose_of_driver,sex_of_driver,age_of_driver,age_band_of_driver,engine_capacity_cc,propulsion_code,age_of_vehicle,generic_make_model,driver_imd_decile,lsoa_of_driver,escooter_flag,driver_distance_banding
2023201386966,2023,201386966,1,9,0,9,9,5,2,0,0,5,0,0,0,0,1,1,6,6,3,-1,-1,-1,-1,-1,-1,-1,-1,0,-1
2023010449342,2023,010449342,2,1,0,18,19,1,5,0,0,0,0,0,0,0,1,1,6,6,2,26,6,-1,-1,-1,-1,3,E01001725,0,-1
2023122300886,2023,122300886,1,9,4,18,19,6,2,0,0,0,4,0,2,11,1,1,6,6,1,74,10,-1,-1,-1,-1,6,E01027570,0,-1
2023010469740,2023,010469740,2,11,0,99,99,9,9,99,99,9,9,99,9,99,9,9,6,6,3,-1,-1,-1,-1,-1,-1,-1,-1,0,-1
2023070606992,2023,070606992,1,1,0,18,19,7,3,0,0,2,0,0,0,0,1,1,6,6,2,65,9,-1,-1,-1,-1,7,E01018708,0,-1
202363A002223,2023,63A002223,2,1,0,17,19,7,4,0,0,8,0,0,0,0,1,1,6,6,1,24,5,-1,-1,-1,-1,6,W01000667,0,-1
2023991317825,2023,991317825,1,5,0,9,9,5,3,0,0,8,2,0,0,0,3,1,5,6,1,59,9,-1,-1,-1,-1,-1,-1,0,-1
2023052300442,2023,052300442,1,9,0,5,5,1,5,0,0,1,0,0,0,0,1,1,6,6,3,-1,-1,-1,-1,-1,-1,-1,-1,0,-1
2023101330806,2023,101330806,1,97,0,18,19,1,5,0,0,1,0,0,1,0,1,1,6,6,3,-1,-1,-1,-1,-1,-1,-1,-1,0,-1
2023340WN5622,2023,340WN5622,2,1,0,18,19,4,8,0,0,2,0,0,0,0,4,1,6,6,1,23,5,-1,-1,-1,-1,1,E01027153,0,-1
2023161327553,2023,161327553,1,9,0,3,3,4,8,0,0,1,0,0,0,0,1,1,6,6,3,-1,-1,-1,-1,-1,-1,-1,-1,0,-1
2023010467552,2023,010467552,2,1,0,5,5,5,1,5,5,9,0,0,0,0,2,1,2,2,1,57,9,-1,-1,-1,-1,3,E01002623,0,-1
2023501345582,2023,501345582,2,1,0,18,19,3,7,0,0,1,0,8,0,0,4,1,1,1,1,27,6,-1,-1,-1,-1,4,E01015178,0,-1
2023071259765,2023,071259765,1,22,0,10,10,3,7,9,9,0,0,0,0,0,3,1,6,6,1,88,11,-1,-1,-1,-1,-1,-1,0,-1
202360A144323,2023,60A144323,2,21,0,18,19,7,3,0,0,8,0,0,0,0,4,1,1,1,1,49,8,-1,-1,-1,-1,-1,-1,0,-1
2023010436796,2023,010436796,2,9,9,99,99,9,9,99,99,9,9,99,9,99,9,9,6,6,3,-1,-1,-1,-1,-1,-1,-1,-1,0,-1
2023451294740,2023,451294740,1,1,0,18,19,7,3,0,0,0,0,0,0,0,3,1,6,6,2,24,5,-1,-1,-1,-1,6,E01030548,0,-1
2023052302550,2023,052302550,2,1,0,18,19,3,7,0,0,1,0,0,0,0,4,1,6,6,1,14,3,-1,-1,-1,-1,1,E01006645,0,-1
2023041327314,2023,041327314,1,1,0,18,19,7,3,0,0,0,5,11,0,0,1,1,6,6,1,12,3,-1,-1,-1,-1,9,E01025600,0,-1
2023451291626,2023,451291626,2,9,0,18,19,5,1,0,0,0,0,0,0,0,3,1,6,6,3,40,7,-1,-1,-1,-1,-1,-1,0,-1
2023010477586,2023,010477586,1,1,9,99,99,9,9,99,99,9,9,99,9,99,9,1,1,1,1,43,7,-1,-1,-1,-1,1,E01004256,0,-1
2023061387599,2023,061387599,2,1,0,18,19,7,3,0,0,8,2,0,0,0,4,1,5,6,2,20,4,-1,-1,-1,-1,3,E01005312,0,-1
2023122301429,2023,122301429,2,1,0,18,19,5,1,0,0,1,0,0,0,0,1,1,6,6,1,64,9,-1,-1,-1,-1,10,E01013379,0,-1
2023351294350,2023,351294350,2,1,0,18,19,5,1,4,4,0,0,0,0,0,2,1,6,6,1,57,9,-1,-1,-1,-1,9,E01017968,0,-1
2023141341704,2023,141341704,4,9,0,2,2,0,0,0,0,0,0,4,0,0,4,1,6,6,3,-1,-1,-1,-1,-1,-1,-1,-1,0,-1
2023010464467,2023,010464467,1,1,0,12,12,3,7,0,0,1,0,0,0,0,1,1,1,1,1,58,9,-1,-1,-1,-1,6,E01001207,0,-1
2023401325398,2023,401325398,2,9,-1,18,19,-1,-1,0,0,0,0,0,0,0,1,1,6,6,3,-1,-1,-1,-1,-1,-1,-1,-1,0,-1
2023471323726,2023,471323726,2,9,0,4,4,2,6,0,0,0,0,0,0,0,0,1,6,6,3,-1,-1,-1,-1,-1,-1,-1,-1,0,-1
2023131375901,2023,131375901,2,1,0,16,19,5,1,0,0,1,1,0,0,0,1,1,2,2,1,61,9,-1,-1,-1,-1,7,E01011589,0,-1
2023061327436,2023,061327436,2,1,0,18,19,5,1,0,0,1,0,0,0,0,3,1,5,6,1,56,9,-1,-1,-1,-1,8,E01005169,0,-1
2023991315216,2023,991315216,2,1,0,18,19,6,2,4,4,1,0,0,0,0,1,1,2,2,1,39,7,-1,-1,-1,-1,7,-1,0,-1
2023010462166,2023,010462166,1,1,0,18,19,1,5,0,0,1,0,10,0,0,0,1,1,1,1,25,5,-1,-1,-1,-1,3,E01002728,0,-1
2023161305180,2023,161305180,1,9,0,18,19,3,7,0,0,2,0,0,0,0,1,1,6,6,3,-1,-1,-1,-1,-1,-1,-1,-1,0,-1
2023401375244,2023,401375244,2,1,0,18,19,6,2,0,0,0,0,0,0,0,4,1,2,2,2,42,7,-1,-1,-1,-1,3,E01017515,0,-1
2023221317952,2023,221317952,1,1,0,18,19,5,1,0,0,6,0,0,0,0,1,1,4,7,2,10,2,-1,-1,-1,-1,3,E01032242,0,-1
2023010428008,2023,010428008,2,9,0,99,99,9,9,99,99,9,9,99,9,99,1,9,6,6,3,-1,-1,-1,-1,-1,-1,-1,-1,0,-1
2023461395599,2023,461395599,1,9,0,9,9,1,5,0,0,1,0,0,0,0,3,1,6,6,2,29,6,-1,-1,-1,-1,9,E01024343,0,-1
2023471258840,2023,471258840,2,9,0,17,19,6,2,0,0,0,0,0,0,0,0,1,6,6,3,-1,-1,-1,-1,-1,-1,-1,-1,0,-1
2023231280108,2023,231280108,2,1,0,18,19,3,7,9,9,6,0,0,0,0,1,1,5,6,2,9,2,-1,-1,-1,-1,6,E01031084,0,-1
2023201363824,2023,201363824,3,98,0,18,19,5,1,0,0,0,0,0,0,0,1,1,1,1,1,54,8,-1,-1,-1,-1,-1,-1,0,-1
2023010465663,2023,010465663,2,11,0,99,99,9,9,99,99,0,9,99,9,99,9,9,6,6,3,-1,-1,-1,-1,-1,-1,-1,-1,0,-1
2023430345810,2023,430345810,2,9,0,18,19,1,5,0,0,0,0,0,0,0,1,1,6,6,1,-1,-1,-1,-1,-1,-1,-1,-1,0,-1
2023361311772,2023,361311772,1,98,4,18,19,5,1,0,0,0,0,0,0,0,0,1,6,6,3,-1,-1,-1,-1,-1,-1,-1,-1,0,-1
2023010456376,2023,010456376,1,-1,0,18,19,1,5,9,9,1,0,0,0,0,1,1,6,6,3,-1,-1,-1,-1,-1,-1,-1,-1,1,-1
2023332300066,2023,332300066,1,98,0,18,19,1,5,0,0,1,0,0,0,0,1,1,6,6,3,-1,-1,-1,-1,-1,-1,-1,-1,0,-1
2023501349852,2023,501349852,2,9,0,17,19,5,1,0,0,0,0,0,0,0,1,1,5,6,1,26,6,-1,-1,-1,-1,5,E01020098,0,-1
2023471371865,2023,471371865,3,9,0,18,19,1,5,0,0,0,0,0,0,0,3,1,2,2,1,56,9,-1,-1,-1,-1,8,E01021140,0,-1
2023201377417,2023,201377417,1,9,0,18,19,5,1,0,0,8,0,0,0,0,1,1,6,6,2,-1,-1,-1,-1,-1,-1,-1,-1,0,-1
2023201390972,2023,201390972,1,9,0,18,19,6,2,0,0,1,0,0,0,0,1,1,6,6,1,-1,-1,-1,-1,-1,-1,-1,-1,0,-1
2023461335299,2023,461335299,3,9,0,4,4,4,8,0,0,0,0,0,0,0,2,1,6,6,1,23,5,-1,-1,-1,-1,1,E01024563,0,-1
2023522324592,2023,522324592,2,1,0,18,19,5,1,4,4,8,0,0,0,0,3,1,6,6,2,49,8,-1,-1,-1,-1,4,E01014906,0,-1
2023340WN4342,2023,340WN4342,2,9,0,3,3,5,2,0,0,0,0,0,0,0,2,1,2,2,2,29,6,-1,-1,-1,-1,-1,-1,0,-1
2023010477148,2023,010477148,1,1,9,99,99,9,9,99,99,9,9,99,9,99,9,1,2,2,2,33,6,-1,-1,-1,-1,5,E01003949,0,-1
2023471293478,2023,471293478,2,1,0,18,19,7,3,0,0,0,2,8,0,0,4,1,2,2,2,27,6,-1,-1,-1,-1,5,E01031378,0,-1
2023320770558,2023,320770558,2,9,0,18,19,4,8,0,0,0,0,0,0,0,3,2,6,6,2,37,7,-1,-1,-1,-1,8,E01026262,0,-1
2023430052848,2023,430052848,2,9,0,12,12,4,8,0,0,0,0,0,0,0,3,1,6,6,3,-1,-1,-1,-1,-1,-1,-1,-1,0,-1
202363A003923,2023,63A003923,1,19,0,16,19,6,1,0,0,0,2,0,2,10,4,1,1,1,1,35,6,-1,-1,-1,-1,1,W01001924,0,-1
2023010445518,2023,010445518,1,1,9,99,99,9,9,99,99,9,9,99,9,99,1,1,6,6,1,15,3,-1,-1,-1,-1,10,E01002958,0,-1
2023010451025,2023,010451025,2,1,0,18,19,1,5,0,0,8,2,0,0,0,1,1,2,2,1,25,5,-1,-1,-1,-1,5,E01003392,0,-1
2023340NN2732,2023,340NN2732,1,9,0,18,19,3,7,0,0,6,0,0,0,0,3,1,1,1,1,28,6,-1,-1,-1,-1,6,E01017508,0,-1
2023010474243,2023,010474243,2,97,0,99,99,9,9,99,99,0,9,99,9,99,1,1,6,6,3,-1,-1,-1,-1,-1,-1,-1,-1,0,-1
2023010426847,2023,010426847,2,9,3,14,14,4,8,9,9,1,0,10,7,10,1,1,6,6,3,-1,-1,-1,-1,-1,-1,-1,-1,0,-1
2023201301135,2023,201301135,1,9,0,18,19,6,2,0,0,0,0,0,0,0,3,1,6,6,3,-1,-1,-1,-1,-1,-1,-1,-1,0,-1
2023340WN1352,2023,340WN1352,2,9,0,3,3,2,6,0,0,1,0,0,0,0,2,1,2,2,2,28,6,-1,-1,-1,-1,6,E01027079,0,-1
2023010452647,2023,010452647,2,1,0,5,5,1,5,0,0,8,0,0,0,0,4,1,6,6,2,27,6,-1,-1,-1,-1,2,E01002735,0,-1
2023401330649,2023,401330649,2,1,0,9,9,-1,-1,0,0,8,0,0,0,0,2,1,2,2,1,49,8,-1,-1,-1,-1,4,E01017542,0,-1
2023201290896,2023,201290896,2,9,0,9,9,4,2,0,0,5,0,0,0,0,1,1,6,6,3,-1,-1,-1,-1,-1,-1,-1,-1,0,-1
2023101338017,2023,101338017,1,3,0,18,19,1,5,9,9,0,0,0,0,0,1,1,5,6,1,12,3,-1,-1,-1,-1,-1,-1,0,-1
2023010482072,2023,010482072,1,1,9,99,99,9,9,99,99,9,9,99,9,99,9,1,2,2,1,26,6,-1,-1,-1,-1,2,E01004255,0,-1
2023361310755,2023,361310755,2,1,0,18,19,8,4,0,0,6,0,0,0,0,0,1,4,7,2,13,3,-1,-1,-1,-1,5,E01033441,0,-1
2023010437084,2023,010437084,2,1,0,18,19,3,7,0,0,0,0,0,0,0,1,1,1,1,1,26,6,-1,-1,-1,-1,3,E01003014,0,-1
2023451366055,2023,451366055,1,1,0,5,5,7,3,0,0,0,0,0,0,0,1,1,6,6,1,52,8,-1,-1,-1,-1,4,E01004551,0,-1
2023522300780,2023,522300780,2,9,0,18,19,2,6,0,0,3,0,0,0,0,3,1,6,6,1,-1,-1,-1,-1,-1,-1,-1,-1,0,-1
2023122400160,2023,122400160,2,1,0,18,19,8,4,0,0,6,0,0,0,0,1,1,6,6,2,27,6,-1,-1,-1,-1,3,E01013350,0,-1
2023010429319,2023,010429319,2,9,0,18,19,5,1,0,0,1,0,0,0,0,2,1,6,6,3,-1,-1,-1,-1,-1,-1,-1,-1,0,-1
2023991343168,2023,991343168,2,9,0,4,4,6,2,0,0,0,0,0,0,0,1,1,5,6,1,47,8,-1,-1,-1,-1,-1,-1,0,-1
2023201382410,2023,201382410,2,1,0,18,19,4,8,0,0,0,0,0,0,0,1,1,5,6,2,11,3,-1,-1,-1,-1,8,E01010209,0,-1
2023131308002,2023,131308002,1,19,0,18,19,1,5,0,0,0,0,0,0,0,1,1,6,6,1,23,5,-1,-1,-1,-1,1,E01010828,0,-1
2023332300412,2023,332300412,1,9,0,18,19,7,3,0,0,0,0,0,0,0,1,1,6,6,1,21,5,-1,-1,-1,-1,3,E01013665,0,-1
2023010475647,2023,010475647,2,1,9,99,99,9,9,99,99,9,9,99,9,99,2,1,6,6,1,-1,-1,-1,-1,-1,-1,-1,-1,0,-1
2023471327801,2023,471327801,1,9,0,18,19,7,4,0,0,0,0,0,0,0,1,1,6,6,1,-1,-1,-1,-1,-1,-1,2,E01031361,0,-1
2023531356254,2023,531356254,3,98,0,18,19,5,1,0,0,0,0,0,0,0,0,1,6,6,3,-1,-1,-1,-1,-1,-1,-1,-1,0,-1
2023991310688,2023,991310688,1,5,0,13,13,1,4,0,0,0,0,0,7,0,1,1,5,6,2,31,6,-1,-1,-1,-1,-1,-1,0,-1
2023451380133,2023,451380133,1,23,0,18,19,5,1,0,0,8,0,0,0,0,1,1,1,1,2,60,9,-1,-1,-1,-1,10,E01030351,0,-1
2023010484782,2023,010484782,1,1,0,18,19,5,1,0,0,0,0,0,0,0,1,1,6,6,3,22,5,-1,-1,-1,-1,-1,-1,0,-1
202354C554123,2023,54C554123,1,1,0,18,19,7,3,0,0,8,0,0,0,0,3,1,6,6,1,35,6,-1,-1,-1,-1,2,E01032064,0,-1
2023451331514,2023,451331514,1,1,0,18,19,4,8,0,0,0,-1,-1,7,0,2,1,2,2,1,24,5,-1,-1,-1,-1,3,E01002557,0,-1
2023332301130,2023,332301130,1,9,0,18,19,5,1,0,0,0,0,0,0,0,1,1,6,6,3,-1,-1,-1,-1,-1,-1,-1,-1,0,-1
2023141266187,2023,141266187,2,1,0,18,19,8,4,0,0,0,0,0,0,0,1,1,6,6,1,16,4,-1,-1,-1,-1,-1,-1,0,-1
2023010476074,2023,010476074,1,1,9,99,99,9,9,99,99,9,9,99,9,99,1,1,6,6,1,49,8,-1,-1,-1,-1,6,E01032646,0,-1
2023010482893,2023,010482893,1,1,9,99,99,9,9,99,99,9,9,99,9,99,9,1,2,2,1,46,8,-1,-1,-1,-1,4,E01003056,0,-1
2023161322703,2023,161322703,1,1,0,18,19,3,7,4,4,0,0,0,0,0,3,1,2,2,1,50,8,-1,-1,-1,-1,4,E01012760,0,-1
2023101295883,2023,101295883,2,1,0,18,19,2,6,0,0,3,0,0,0,0,4,1,2,2,1,65,9,-1,-1,-1,-1,1,E01008304,0,-1
2023052300449,2023,052300449,2,1,0,18,19,1,5,0,0,6,0,0,0,0,1,1,1,1,1,19,4,-1,-1,-1,-1,2,E01006708,0,-1
2023010462912,2023,010462912,1,3,0,99,99,9,9,99,99,9,9,99,9,99,9,1,6,6,1,41,7,-1,-1,-1,-1,4,E01000997,0,-1
2023471288728,2023,471288728,2,1,0,18,19,1,5,0,0,1,0,0,0,0,4,1,6,6,2,55,8,-1,-1,-1,-1,5,E01031442,0,-1
2023302301308,2023,302301308,2,1,0,18,19,8,5,0,0,1,1,0,0,0,3,1,6,6,1,36,7,-1,-1,-1,-1,1,E01033167,0,-1
2023631307495,2023,631307495,2,9,0,10,10,6,4,0,0,8,0,0,0,0,2,1,5,6,1,46,8,-1,-1,-1,-1,8,W01000453,0,-1
2023311263033,2023,311263033,2,19,0,18,19,4,8,0,0,0,0,0,0,0,3,1,6,6,3,-1,-1,-1,-1,-1,-1,-1,-1,0,-1
2023131339115,2023,131339115,1,1,0,18,19,3,7,0,0,8,0,0,0,0,1,1,5,6,1,62,9,-1,-1,-1,-1,5,E01010756,0,-1
2023010473265,2023,010473265,2,1,9,99,99,9,9,99,99,9,9,99,9,99,1,1,6,6,3,-1,-1,-1,-1,-1,-1,-1,-1,0,-1
2023311370401,2023,311370401,1,9,0,18,19,7,3,0,0,1,0,0,0,0,1,1,6,6,3,16,4,-1,-1,-1,-1,-1,-1,0,-1
2023010423721,2023,010423721,2,9,0,15,15,1,5,0,0,1,0,0,0,0,0,1,6,6,3,-1,-1,-1,-1,-1,-1,-1,-1,0,-1
2023231352757,2023,231352757,2,1,0,18,19,3,7,0,0,8,0,0,0,0,2,1,6,6,2,23,5,-1,-1,-1,-1,10,E01031296,0,-1
2023010470353,2023,010470353,2,19,0,18,19,6,2,0,0,1,0,0,0,0,4,1,6,6,3,-1,-1,-1,-1,-1,-1,-1,-1,0,-1
2023351310871,2023,351310871,1,1,0,18,19,2,6,0,0,0,0,0,0,0,2,1,1,1,1,37,7,-1,-1,-1,-1,9,E01021682,0,-1
2023010470322,2023,010470322,1,1,9,99,99,9,9,99,99,9,9,99,9,99,9,1,2,2,1,44,7,-1,-1,-1,-1,1,E01004222,0,-1
2023061291849,2023,061291849,2,9,0,18,19,2,4,0,0,0,0,0,0,0,0,1,1,1,1,31,6,-1,-1,-1,-1,8,E01005401,0,-1
2023351337225,2023,351337225,2,1,0,5,5,-1,-1,4,4,1,0,0,0,0,2,1,2,2,1,73,10,-1,-1,-1,-1,9,E01018250,0,-1
2023340WN1282,2023,340WN1282,2,-1,0,9,9,8,6,0,0,2,1,0,0,0,2,1,6,6,1,18,4,-1,-1,-1,-1,1,E01027200,1,-1
2023010432636,2023,010432636,1,19,0,17,19,3,7,0,0,8,0,0,0,0,1,1,6,6,3,-1,-1,-1,-1,-1,-1,-1,-1,0,-1
2023991328683,2023,991328683,1,9,0,18,19,4,8,0,0,0,0,0,0,0,1,1,6,6,3,30,6,-1,-1,-1,-1,-1,-1,0,-1
2023010482792,2023,010482792,2,98,0,99,99,9,9,0,0,0,0,99,9,99,9,9,6,6,3,-1,-1,-1,-1,-1,-1,-1,-1,0,-1
2023010484164,2023,010484164,2,9,0,99,99,9,9,99,99,9,0,99,9,0,9,1,6,6,3,-1,-1,-1,-1,-1,-1,-1,-1,0,-1
2023522301565,2023,522301565,1,1,0,18,19,8,4,0,0,8,0,0,0,0,4,1,6,6,1,25,5,-1,-1,-1,-1,4,E01002017,0,-1
202363B025523,2023,63B025523,1,9,0,18,19,4,8,0,0,0,2,0,7,11,3,1,2,2,1,18,4,-1,-1,-1,-1,-1,-1,0,-1
2023461268028,2023,461268028,1,98,0,18,19,7,3,0,0,0,0,0,0,0,3,1,6,6,1,-1,-1,-1,-1,-1,-1,-1,-1,0,-1
202363C027823,2023,63C027823,2,9,0,18,19,2,6,0,0,0,0,0,1,10,3,1,6,6,2,46,8,-1,-1,-1,-1,-1,-1,0,-1
2023041327971,2023,041327971,1,1,0,18,19,3,7,0,0,1,0,0,0,0,1,1,6,6,1,30,6,-1,-1,-1,-1,-1,-1,0,-1
2023302300947,2023,302300947,3,9,0,13,13,7,3,0,0,0,0,0,0,0,0,1,6,6,3,-1,-1,-1,-1,-1,-1,5,E01019456,0,-1
2023010445985,2023,010445985,2,1,0,18,19,1,5,4,4,1,0,0,0,0,2,1,6,6,1,18,4,-1,-1,-1,-1,4,E01000869,0,-1
2023501298536,2023,501298536,1,9,0,18,19,4,8,0,0,1,0,0,0,0,1,1,6,6,3,-1,-1,-1,-1,-1,-1,-1,-1,0,-1
2023451260583,2023,451260583,1,9,0,16,19,4,8,0,0,0,0,0,0,0,1,1,5,6,2,57,9,-1,-1,-1,-1,8,E01022641,0,-1
2023351308034,2023,351308034,1,9,0,10,10,7,4,0,0,1,0,0,0,0,1,1,6,6,1,18,4,-1,-1,-1,-1,8,E01018050,0,-1
2023320231217,2023,320231217,2,9,0,18,19,3,7,0,0,0,0,0,0,0,1,1,6,6,1,24,5,-1,-1,-1,-1,8,E01026214,0,-1
2023010454141,2023,010454141,1,1,9,99,99,9,9,99,99,9,9,99,9,99,9,1,6,6,2,38,7,-1,-1,-1,-1,1,E01004324,0,-1
2023991277213,2023,991277213,1,9,0,18,19,5,1,0,0,1,0,0,0,0,1,1,1,1,1,39,7,-1,-1,-1,-1,-1,-1,0,-1
2023544710623,2023,544710623,1,9,0,18,19,8,4,0,0,1,0,0,0,0,1,1,6,6,3,-1,-1,-1,-1,-1,-1,-1,-1,0,-1
2023131319004,2023,131319004,1,9,0,18,19,3,7,0,0,0,0,0,0,0,4,1,1,1,1,31,6,-1,-1,-1,-1,4,E01011839,0,-1
2023010490492,2023,010490492,2,9,0,99,99,9,9,99,99,9,9,99,9,99,1,9,6,6,3,-1,-1,-1,-1,-1,-1,-1,-1,0,-1
2023430469495,2023,430469495,1,19,0,1,1,1,5,0,0,0,0,0,0,0,2,1,6,6,1,60,9,-1,-1,-1,-1,-1,-1,0,-1
2023010457219,2023,010457219,2,1,0,9,9,5,3,0,0,1,0,0,0,0,2,1,2,2,2,32,6,-1,-1,-1,-1,4,E01003543,0,-1
2023471349709,2023,471349709,2,1,0,18,19,1,5,0,0,8,0,0,1,0,2,1,6,6,1,-1,-1,-1,-1,-1,-1,7,E01031396,0,-1
2023201426466,2023,201426466,1,9,0,18,19,3,8,0,0,6,0,0,0,0,1,1,6,6,3,-1,-1,-1,-1,-1,-1,-1,-1,0,-1
2023161362434,2023,161362434,2,1,0,16,19,8,2,0,0,8,0,0,0,0,1,1,6,6,1,28,6,-1,-1,-1,-1,3,E01013164,0,-1
2023010477216,2023,010477216,1,1,9,99,99,9,9,99,99,9,9,99,9,99,9,1,6,6,1,29,6,-1,-1,-1,-1,3,E01002070,0,-1
2023401282731,2023,401282731,2,1,0,18,19,4,8,0,0,8,0,0,0,0,2,1,4,7,1,14,3,-1,-1,-1,-1,7,E01033192,0,-1
2023311309618,2023,311309618,1,-1,0,18,19,5,1,0,0,5,0,0,0,0,1,1,5,6,1,31,6,-1,-1,-1,-1,-1,-1,1,-1
2023311387934,2023,311387934,1,1,0,18,19,3,5,9,9,0,0,0,7,0,1,1,5,6,1,22,5,-1,-1,-1,-1,-1,-1,0,-1
2023411300810,2023,411300810,1,9,0,18,19,-1,-1,0,0,1,0,0,0,0,1,1,6,6,1,51,8,-1,-1,-1,-1,5,E01015763,0,-1
2023131344014,2023,131344014,2,1,0,18,19,3,7,4,4,0,0,0,0,0,3,1,2,2,1,30,6,-1,-1,-1,-1,4,E01011585,0,-1
2023211302969,2023,211302969,2,9,0,9,9,0,6,0,0,0,0,0,0,0,1,1,6,6,1,70,10,-1,-1,-1,-1,7,E01029385,0,-1
2023371268761,2023,371268761,2,9,0,18,19,7,3,0,0,1,0,0,0,0,1,1,2,2,1,71,10,-1,-1,-1,-1,3,E01029962,0,-1
2023010466964,2023,010466964,1,1,0,18,19,7,3,0,0,1,5,4,0,0,4,1,2,2,1,43,7,-1,-1,-1,-1,8,E01030972,0,-1
2023332300953,2023,332300953,2,1,0,18,19,7,3,0,0,6,0,0,0,0,3,1,6,6,1,9,2,-1,-1,-1,-1,1,E01013603,0,-1
2023031327422,2023,031327422,1,1,0,3,3,5,1,0,0,2,1,0,0,0,1,1,5,6,1,55,8,-1,-1,-1,-1,8,E01019366,0,-1
2023010441718,2023,010441718,1,1,9,99,99,9,9,99,99,9,9,99,9,99,1,1,2,2,2,35,6,-1,-1,-1,-1,3,E01003250,0,-1
2023991354623,2023,991354623,1,9,0,16,19,5,7,0,0,0,0,0,0,0,1,1,6,6,3,-1,-1,-1,-1,-1,-1,-1,-1,0,-1
2023231349567,2023,231349567,1,1,0,16,19,5,7,0,0,0,1,0,0,0,0,1,1,1,1,18,4,-1,-1,-1,-1,6,E01031146,0,-1
2023211371527,2023,211371527,1,20,0,12,12,5,1,0,0,0,0,0,0,0,2,1,6,6,1,-1,-1,-1,-1,-1,-1,5,E01010534,0,-1
2023061298692,2023,061298692,1,9,-1,-1,-1,-1,-1,-1,-1,-1,-1,-1,-1,0,-1,1,6,6,1,-1,-1,-1,-1,-1,-1,-1,-1,0,-1
2023131293720,2023,131293720,2,9,0,9,9,-1,-1,0,0,6,-1,-1,-1,-1,1,1,6,6,3,18,4,-1,-1,-1,-1,-1,-1,0,-1
2023522301254,2023,522301254,2,1,0,18,19,2,6,2,2,8,0,0,0,0,1,1,6,6,1,16,4,-1,-1,-1,-1,-1,-1,0,-1
2023471365715,2023,471365715,1,-1,0,18,19,7,3,9,9,0,0,0,0,0,1,1,6,6,1,-1,-1,-1,-1,-1,-1,-1,-1,1,-1
2023141286873,2023,141286873,1,1,0,9,9,4,8,0,0,1,5,0,0,0,3,1,6,6,1,17,4,-1,-1,-1,-1,2,E01008081,0,-1
2023541768723,2023,541768723,1,9,0,18,19,4,1,0,0,0,5,0,7,2,1,1,2,2,1,18,4,-1,-1,-1,-1,-1,-1,0,-1
2023010478040,2023,010478040,1,1,9,99,99,9,9,99,99,9,9,99,9,99,2,1,6,6,1,20,4,-1,-1,-1,-1,2,E01003601,0,-1
2023471295557,2023,471295557,1,9,0,18,19,5,2,0,0,0,0,0,0,0,1,1,6,6,3,-1,-1,-1,-1,-1,-1,-1,-1,0,-1
2023520300367,2023,520300367,1,1,0,10,10,9,9,0,0,1,0,0,0,0,3,1,6,6,1,16,4,-1,-1,-1,-1,2,E01029097,0,-1
2023401276100,2023,401276100,1,9,0,18,19,6,2,0,0,0,1,10,7,2,4,1,2,2,1,19,4,-1,-1,-1,-1,10,E01017404,0,-1
2023201458872,2023,201458872,2,9,0,3,3,8,6,0,0,0,0,0,0,0,4,1,6,6,2,43,7,-1,-1,-1,-1,-1,-1,0,-1
2023451311929,2023,451311929,1,1,0,10,10,7,3,0,0,0,0,0,0,0,1,1,5,6,1,16,4,-1,-1,-1,-1,5,E01030946,0,-1
2023061273905,2023,061273905,2,9,0,-1,-1,-1,-1,-1,-1,0,-1,-1,-1,-1,-1,1,6,6,1,-1,-1,-1,-1,-1,-1,-1,-1,0,-1
2023501322517,2023,501322517,2,1,0,18,19,4,8,0,0,1,0,0,0,0,1,1,2,2,1,40,7,-1,-1,-1,-1,4,E01015183,0,-1
2023010486369,2023,010486369,2,9,0,99,99,9,9,99,99,9,9,99,9,99,2,9,6,6,3,-1,-1,-1,-1,-1,-1,-1,-1,0,-1
2023010476225,2023,010476225,2,9,0,99,99,9,9,99,99,9,9,99,9,99,2,9,6,6,3,-1,-1,-1,-1,-1,-1,-1,-1,0,-1
2023522301228,2023,522301228,1,1,0,18,19,7,3,5,5,0,0,0,0,0,1,1,6,6,2,11,3,-1,-1,-1,-1,8,E01032667,0,-1
2023010470966,2023,010470966,2,19,9,99,99,9,9,99,99,9,9,99,9,99,9,9,6,6,3,-1,-1,-1,-1,-1,-1,-1,-1,0,-1
2023430564851,2023,430564851,1,9,0,2,2,0,0,0,0,0,0,0,0,0,3,1,6,6,1,54,8,-1,-1,-1,-1,6,E01023284,0,-1
2023461317699,2023,461317699,2,1,0,17,19,5,1,0,0,0,0,0,0,0,2,1,6,6,1,31,6,-1,-1,-1,-1,5,E01003327,0,-1
2023010424833,2023,010424833,2,1,0,9,9,1,7,0,0,8,5,0,0,0,1,1,2,2,1,48,8,-1,-1,-1,-1,9,E01002571,0,-1
2023010439699,2023,010439699,1,1,9,99,99,9,9,99,99,9,9,99,9,99,9,1,2,2,1,38,7,-1,-1,-1,-1,7,E01000347,0,-1
202354D236223,2023,54D236223,1,9,0,18,19,3,7,0,0,0,0,0,0,0,4,1,1,1,2,30,6,-1,-1,-1,-1,6,E01020449,0,-1
2023461394821,2023,461394821,2,1,0,18,19,5,1,0,0,0,0,0,0,0,4,1,5,6,1,80,11,-1,-1,-1,-1,6,E01024674,0,-1
2023440376298,2023,440376298,1,1,0,18,19,6,2,0,0,1,0,0,0,0,0,1,6,6,2,49,8,-1,-1,-1,-1,4,E01017074,0,-1
2023131344075,2023,131344075,1,9,0,18,19,3,7,0,0,1,0,0,0,0,-1,1,6,6,3,-1,-1,-1,-1,-1,-1,-1,-1,0,-1
2023522301773,2023,522301773,2,19,0,18,19,3,7,0,0,0,0,0,0,0,1,1,6,6,3,-1,-1,-1,-1,-1,-1,-1,-1,0,-1
2023991279468,2023,991279468,2,1,0,17,19,4,1,0,0,0,0,0,0,0,3,1,2,2,1,61,9,-1,-1,-1,-1,5,-1,0,-1