collision_index,collision_year,collision_ref_no,vehicle_reference,vehicle_type,towing_and_articulation,vehicle_manoeuvre_historic,vehicle_manoeuvre,vehicle_direction_from,vehicle_direction_to,vehicle_location_restricted_lane_historic,vehicle_location_restricted_lane,junction_location,skidding_and_overturning,hit_object_in_carriageway,vehicle_leaving_carriageway,hit_object_off_carriageway,first_point_of_impact,vehicle_left_hand_drive,journey_purpose_of_driver_historic,journey_purpose_of_driver,sex_of_driver,age_of_driver,age_band_of_driver,engine_capacity_cc,propulsion_code,age_of_vehicle,generic_make_model,driver_imd_decile,lsoa_of_driver,escooter_flag,driver_distance_banding
2023340NN2052,2023,340NN2052,2,4,0,13,13,7,3,0,0,8,0,0,0,0,4,1,6,6,1,36,7,-1,-1,-1,-1,2,E01027351,0,-1
2023141297586,2023,141297586,1,9,0,18,19,3,7,0,0,2,0,0,0,0,1,1,6,6,3,-1,-1,-1,-1,-1,-1,-1,-1,0,-1
2023351373938,2023,351373938,2,1,0,18,19,5,1,0,0,1,0,0,0,0,1,1,2,2,1,30,6,-1,-1,-1,-1,6,E01017999,0,-1
2023320131488,2023,320131488,1,1,0,18,19,8,4,0,0,8,5,0,0,0,1,1,2,2,1,19,4,-1,-1,-1,-1,4,E01026019,0,-1
2023010452940,2023,010452940,1,90,0,18,19,1,5,0,0,8,0,0,1,0,1,1,1,1,2,27,6,-1,-1,-1,-1,3,E01001668,0,-1
202360A105323,2023,60A105323,2,98,0,17,19,7,5,0,0,0,0,0,0,0,3,1,1,1,1,56,9,-1,-1,-1,-1,-1,-1,0,-1
2023101292944,2023,101292944,2,9,0,4,4,6,2,0,0,8,0,0,0,0,2,1,1,1,1,42,7,-1,-1,-1,-1,2,E01008428,0,-1
2023201364155,2023,201364155,2,1,0,18,19,1,5,0,0,8,0,0,0,0,1,1,2,2,1,44,7,-1,-1,-1,-1,5,E01008975,0,-1
2023631312508,2023,631312508,1,9,0,18,19,4,8,0,0,1,0,0,0,0,1,1,6,6,3,-1,-1,-1,-1,-1,-1,-1,-1,0,-1
2023211327095,2023,211327095,1,19,-1,18,19,4,8,-1,-1,0,-1,-1,-1,0,-1,1,6,6,3,-1,-1,-1,-1,-1,-1,-1,-1,0,-1
2023221318982,2023,221318982,2,19,0,18,19,2,6,0,0,0,0,0,0,0,1,1,1,1,1,60,9,-1,-1,-1,-1,1,E01027110,0,-1
2023061317930,2023,061317930,2,1,0,18,19,1,5,9,9,0,0,0,0,0,1,1,6,6,1,51,8,-1,-1,-1,-1,2,E01005548,0,-1
2023141341672,2023,141341672,1,9,0,18,19,1,5,0,0,0,0,0,0,0,2,1,5,6,2,64,9,-1,-1,-1,-1,3,E01011832,0,-1
2023131326300,2023,131326300,2,1,0,18,19,3,7,0,0,0,0,0,0,0,3,1,6,6,1,14,3,-1,-1,-1,-1,2,E01010716,0,-1
2023440492727,2023,440492727,2,1,0,18,19,2,6,0,0,8,0,0,0,0,1,1,6,6,1,66,10,-1,-1,-1,-1,10,E01022756,0,-1
2023071103001,2023,071103001,2,9,0,18,19,7,3,0,0,3,0,0,0,0,2,1,1,1,1,27,6,-1,-1,-1,-1,6,E01018373,0,-1
2023610046923,2023,610046923,1,4,0,16,19,6,1,0,0,0,0,10,0,0,1,1,6,6,1,16,4,-1,-1,-1,-1,3,W01001592,0,-1
2023340WN6582,2023,340WN6582,1,9,0,13,13,2,7,0,0,0,0,0,0,0,0,1,6,6,3,-1,-1,-1,-1,-1,-1,-1,-1,0,-1
2023520301805,2023,520301805,3,9,0,3,3,7,4,0,0,1,0,0,0,0,2,1,6,6,1,42,7,-1,-1,-1,-1,2,E01029109,0,-1
2023061354403,2023,061354403,2,1,-1,-1,-1,-1,-1,-1,-1,-1,-1,-1,-1,0,-1,1,6,6,1,53,8,-1,-1,-1,-1,5,E01005025,0,-1
2023430574046,2023,430574046,2,23,0,18,19,6,2,0,0,8,0,0,0,0,1,1,6,6,1,19,4,-1,-1,-1,-1,4,E01016359,0,-1
2023421381834,2023,421381834,1,9,0,18,19,6,1,0,0,8,0,0,0,0,0,1,6,6,3,-1,-1,-1,-1,-1,-1,-1,-1,0,-1
202363B026023,2023,63B026023,1,9,0,18,19,8,4,0,0,0,5,0,2,11,4,1,6,6,1,42,7,-1,-1,-1,-1,-1,-1,0,-1
2023461350296,2023,461350296,1,19,0,3,3,5,1,0,0,0,0,0,0,0,1,1,5,6,3,-1,-1,-1,-1,-1,-1,-1,-1,0,-1
2023201413559,2023,201413559,1,22,0,18,19,6,2,9,9,8,0,0,0,0,9,1,6,6,2,-1,-1,-1,-1,-1,-1,1,E01009136,0,-1
2023010480919,2023,010480919,2,19,0,18,19,3,7,0,0,0,1,0,0,0,2,2,6,6,1,30,6,-1,-1,-1,-1,-1,-1,0,-1
2023211323780,2023,211323780,3,9,0,2,2,0,0,0,0,0,0,0,0,0,4,1,6,6,3,-1,-1,-1,-1,-1,-1,-1,-1,0,-1
2023122300643,2023,122300643,2,9,0,18,19,3,7,0,0,1,0,0,0,0,1,1,6,6,3,-1,-1,-1,-1,-1,-1,-1,-1,0,-1
2023131274888,2023,131274888,2,16,0,18,19,6,2,0,0,0,0,0,0,0,0,1,1,1,2,21,5,-1,-1,-1,-1,7,E01010573,0,-1
2023332301148,2023,332301148,2,1,0,18,19,5,1,0,0,8,0,0,0,0,4,1,6,6,1,77,11,-1,-1,-1,-1,5,E01025670,0,-1
2023071139337,2023,071139337,2,9,0,2,2,0,0,9,9,0,0,0,1,11,2,1,6,6,2,52,8,-1,-1,-1,-1,3,E01012391,0,-1
2023332300249,2023,332300249,1,-1,0,18,19,2,6,9,9,1,0,0,0,0,1,1,6,6,1,-1,-1,-1,-1,-1,-1,-1,-1,1,-1
2023010438187,2023,010438187,2,1,0,18,19,5,1,5,5,1,5,0,0,0,1,1,2,2,1,33,6,-1,-1,-1,-1,5,E01033711,0,-1
2023430210269,2023,430210269,1,9,0,18,19,1,5,0,0,4,0,0,0,0,1,1,6,6,1,47,8,-1,-1,-1,-1,9,E01028511,0,-1
2023010457404,2023,010457404,1,9,0,9,9,3,1,0,0,6,0,0,0,0,3,1,6,6,1,23,5,-1,-1,-1,-1,-1,-1,0,-1
2023622300392,2023,622300392,3,10,0,18,19,8,4,0,0,0,0,0,0,0,2,1,6,6,1,34,6,-1,-1,-1,-1,4,W01001272,0,-1
2023531288251,2023,531288251,1,9,0,18,19,6,2,0,0,1,0,0,0,0,0,1,6,6,3,-1,-1,-1,-1,-1,-1,-1,-1,0,-1
2023010429682,2023,010429682,1,1,9,99,99,9,9,99,99,9,9,99,9,99,1,9,6,6,3,-1,-1,-1,-1,-1,-1,-1,-1,0,-1
2023461286707,2023,461286707,2,1,0,18,19,5,1,0,0,8,0,0,0,0,1,1,6,6,1,17,4,-1,-1,-1,-1,7,E01024131,0,-1
2023010457780,2023,010457780,2,1,0,18,19,3,7,0,0,0,5,0,0,0,1,1,6,6,1,29,6,-1,-1,-1,-1,3,E01033704,0,-1
2023201295708,2023,201295708,2,1,0,18,19,2,6,0,0,2,0,0,0,0,4,1,6,6,1,22,5,-1,-1,-1,-1,3,E01009448,0,-1
2023320652881,2023,320652881,1,9,0,18,19,8,4,0,0,0,0,0,0,0,1,1,6,6,3,-1,-1,-1,-1,-1,-1,-1,-1,0,-1
2023010465618,2023,010465618,2,1,0,18,19,1,5,0,0,8,0,0,0,0,4,1,1,1,1,22,5,-1,-1,-1,-1,3,E01000404,0,-1
2023052301724,2023,052301724,2,-1,0,18,19,2,6,0,0,8,0,0,0,0,1,1,2,2,1,37,7,-1,-1,-1,-1,3,E01006722,1,-1
2023610003123,2023,610003123,1,9,0,16,19,5,8,0,0,0,1,12,7,11,1,1,6,6,1,22,5,-1,-1,-1,-1,8,W01001563,0,-1
2023010455888,2023,010455888,2,19,0,18,19,5,1,0,0,1,0,0,0,0,3,1,6,6,3,-1,-1,-1,-1,-1,-1,-1,-1,0,-1
2023522300067,2023,522300067,1,1,0,18,19,6,2,0,0,0,0,0,1,10,4,1,6,6,1,26,6,-1,-1,-1,-1,3,E01014515,0,-1
2023052300120,2023,052300120,1,9,0,9,9,6,4,0,0,8,0,0,0,0,1,1,6,6,1,-1,-1,-1,-1,-1,-1,-1,-1,0,-1
2023522400620,2023,522400620,1,1,0,18,19,6,2,0,0,0,0,0,0,0,1,1,6,6,1,24,5,-1,-1,-1,-1,7,E01014949,0,-1
2023070922188,2023,070922188,1,9,0,18,19,3,7,0,0,8,0,0,1,11,3,1,6,6,2,21,5,-1,-1,-1,-1,-1,-1,0,-1
2023451345260,2023,451345260,2,1,0,18,19,1,5,0,0,1,0,0,0,0,1,1,6,6,1,20,4,-1,-1,-1,-1,-1,-1,0,-1
2023010453892,2023,010453892,2,1,0,18,19,3,7,0,0,1,5,0,0,0,1,1,6,6,1,22,5,-1,-1,-1,-1,2,E01003253,0,-1
2023010469638,2023,010469638,2,9,0,9,9,7,5,0,0,8,0,0,0,0,4,1,1,1,1,42,7,-1,-1,-1,-1,-1,-1,0,-1
2023332300047,2023,332300047,2,9,0,18,19,7,3,0,0,8,2,0,0,0,1,1,6,6,1,27,6,-1,-1,-1,-1,3,E01013697,0,-1
2023471260121,2023,471260121,2,1,0,18,19,3,7,0,0,8,0,0,0,0,4,1,6,6,1,24,5,-1,-1,-1,-1,6,E01031827,0,-1
2023052301857,2023,052301857,2,1,0,18,19,1,5,0,0,1,0,0,0,0,2,1,6,6,1,18,4,-1,-1,-1,-1,1,E01006677,0,-1
2023991343495,2023,991343495,1,2,0,16,19,8,3,0,0,0,0,4,7,0,1,1,6,6,1,16,4,-1,-1,-1,-1,3,-1,0,-1
2023141304382,2023,141304382,1,9,0,16,19,2,6,0,0,0,1,0,1,0,3,1,5,6,1,31,6,-1,-1,-1,-1,2,E01007855,0,-1
2023201355882,2023,201355882,1,-1,0,13,13,5,1,0,0,8,0,0,0,0,1,1,6,6,1,24,5,-1,-1,-1,-1,1,E01009117,0,-1
2023111359526,2023,111359526,1,1,0,5,5,5,1,0,0,0,0,0,0,0,1,1,5,6,1,6,2,-1,-1,-1,-1,-1,-1,0,-1
2023620014223,2023,620014223,2,9,0,18,19,2,6,0,0,3,0,0,0,0,3,1,6,6,1,70,10,-1,-1,-1,-1,-1,-1,0,-1
2023010483660,2023,010483660,2,9,0,18,19,7,3,0,0,0,0,0,0,0,1,1,6,6,3,-1,-1,-1,-1,-1,-1,-1,-1,0,-1
2023351287873,2023,351287873,2,98,1,18,19,3,7,0,0,0,0,0,0,0,2,1,1,1,1,66,10,-1,-1,-1,-1,10,E01027333,0,-1
2023010431116,2023,010431116,3,9,0,99,99,9,9,99,99,9,9,99,9,99,0,9,6,6,3,-1,-1,-1,-1,-1,-1,-1,-1,0,-1
2023131357544,2023,131357544,2,1,0,18,19,4,4,4,4,1,0,0,0,0,1,1,5,6,1,15,3,-1,-1,-1,-1,2,E01010605,0,-1
2023201278755,2023,201278755,1,9,0,6,6,6,6,0,0,8,0,0,0,0,1,1,6,6,2,32,6,-1,-1,-1,-1,1,E01009080,0,-1
2023170M10193,2023,170M10193,1,9,0,9,9,3,1,0,0,8,0,0,0,0,1,1,6,6,1,42,7,-1,-1,-1,-1,4,E01012118,0,-1
2023471326370,2023,471326370,1,-1,0,18,19,1,5,9,9,0,0,0,0,0,1,1,6,6,3,-1,-1,-1,-1,-1,-1,-1,-1,1,-1
2023131273416,2023,131273416,1,9,0,-1,-1,-1,-1,-1,-1,0,-1,-1,-1,0,-1,1,6,6,3,-1,-1,-1,-1,-1,-1,-1,-1,0,-1
2023010434543,2023,010434543,2,9,0,18,19,7,3,0,0,8,0,0,0,0,1,1,6,6,3,-1,-1,-1,-1,-1,-1,-1,-1,0,-1
2023131264545,2023,131264545,2,9,0,18,19,5,1,0,0,0,0,4,0,0,1,1,5,6,1,85,11,-1,-1,-1,-1,3,E01011806,0,-1
2023451360458,2023,451360458,2,9,0,18,19,3,7,0,0,1,0,0,0,0,4,1,5,6,2,64,9,-1,-1,-1,-1,6,E01030818,0,-1
2023131315642,2023,131315642,1,19,0,4,4,3,7,0,0,0,0,0,0,0,2,1,6,6,3,30,6,-1,-1,-1,-1,-1,-1,0,-1
2023351325989,2023,351325989,1,-1,0,9,9,-1,-1,0,0,5,0,0,0,0,1,1,6,6,2,-1,-1,-1,-1,-1,-1,-1,-1,1,-1
2023440161110,2023,440161110,1,1,0,18,19,7,3,0,0,0,0,0,0,0,1,1,6,6,1,18,4,-1,-1,-1,-1,4,E01022524,0,-1
2023061261768,2023,061261768,1,9,0,18,19,1,5,0,0,0,0,0,0,0,1,1,6,6,3,-1,-1,-1,-1,-1,-1,-1,-1,0,-1
2023371391366,2023,371391366,1,9,0,7,7,3,5,0,0,6,0,0,0,0,0,1,6,6,3,-1,-1,-1,-1,-1,-1,-1,-1,0,-1
2023010461216,2023,010461216,3,90,9,99,99,9,9,99,99,9,9,99,9,99,9,9,6,6,3,-1,-1,-1,-1,-1,-1,-1,-1,0,-1
2023991314713,2023,991314713,1,19,0,3,3,1,5,0,0,0,0,0,0,0,2,1,1,1,1,35,6,-1,-1,-1,-1,2,-1,0,-1
2023302300407,2023,302300407,2,1,0,18,19,2,6,0,0,1,0,0,0,0,1,1,6,6,1,14,3,-1,-1,-1,-1,7,E01019705,0,-1
202360A130125,2023,60A130125,2,1,0,5,5,6,2,0,0,1,0,0,0,0,3,1,6,6,2,14,3,-1,-1,-1,-1,-1,-1,0,-1
2023351289108,2023,351289108,2,9,0,18,19,2,6,0,0,8,0,0,0,0,3,1,6,6,2,85,11,-1,-1,-1,-1,7,E01018011,0,-1
2023531387128,2023,531387128,3,9,0,10,10,6,4,0,0,1,0,0,0,0,1,1,2,2,1,44,7,-1,-1,-1,-1,6,E01032933,0,-1
2023010477216,2023,010477216,2,9,0,99,99,9,9,99,99,9,9,99,9,99,9,9,6,6,3,-1,-1,-1,-1,-1,-1,-1,-1,0,-1
2023631313415,2023,631313415,1,9,0,18,19,4,8,0,0,0,0,0,0,0,0,1,6,6,3,-1,-1,-1,-1,-1,-1,-1,-1,0,-1
2023221379532,2023,221379532,2,1,0,18,19,5,2,0,0,0,0,0,0,0,2,1,6,6,1,50,8,-1,-1,-1,-1,5,E01028864,0,-1
2023052302165,2023,052302165,2,1,0,18,19,3,7,0,0,2,0,0,0,0,1,1,6,6,1,68,10,-1,-1,-1,-1,1,E01007155,0,-1
202363A028423,2023,63A028423,3,9,0,18,19,7,3,0,0,8,0,0,0,0,4,1,6,6,2,63,9,-1,-1,-1,-1,-1,-1,0,-1
2023201365686,2023,201365686,1,9,0,18,19,5,1,0,0,0,0,0,0,0,1,1,6,6,3,-1,-1,-1,-1,-1,-1,-1,-1,0,-1
2023010458485,2023,010458485,2,9,0,18,19,1,5,0,0,1,0,0,0,0,1,1,6,6,1,-1,-1,-1,-1,-1,-1,-1,-1,0,-1
2023421300200,2023,421300200,2,19,0,18,19,7,3,0,0,0,0,0,0,0,1,1,6,6,2,57,9,-1,-1,-1,-1,7,E01015849,0,-1
2023201461815,2023,201461815,1,8,0,18,19,8,4,0,0,8,0,0,0,0,3,1,1,1,1,-1,-1,-1,-1,-1,-1,2,E01009014,0,-1
2023010472151,2023,010472151,1,9,0,5,5,7,3,0,0,3,0,0,0,0,1,1,6,6,1,33,6,-1,-1,-1,-1,5,E01004519,0,-1
2023061324329,2023,061324329,2,1,0,-1,-1,-1,-1,-1,-1,-1,-1,-1,-1,0,-1,1,6,6,3,13,3,-1,-1,-1,-1,6,E01005973,0,-1
2023010443985,2023,010443985,2,9,0,99,99,9,9,99,99,0,9,99,9,99,2,9,6,6,3,-1,-1,-1,-1,-1,-1,-1,-1,0,-1
2023131312379,2023,131312379,1,1,0,18,19,3,7,0,0,0,0,0,0,0,3,1,1,1,1,27,6,-1,-1,-1,-1,1,E01008800,0,-1
2023302301939,2023,302301939,3,9,0,18,19,2,6,0,0,2,0,0,0,0,0,1,6,6,1,-1,-1,-1,-1,-1,-1,9,E01019631,0,-1
2023161390440,2023,161390440,2,1,0,18,19,7,3,0,0,8,0,0,0,0,1,1,6,6,1,40,7,-1,-1,-1,-1,-1,-1,0,-1
2023010501834,2023,010501834,1,1,9,99,99,9,9,99,99,9,9,99,9,99,1,1,2,2,1,33,6,-1,-1,-1,-1,10,E01002934,0,-1
2023141269260,2023,141269260,2,9,0,18,19,7,4,0,0,0,0,0,0,0,1,1,6,6,3,-1,-1,-1,-1,-1,-1,-1,-1,0,-1
2023010460843,2023,010460843,1,1,9,99,99,9,9,99,99,9,9,99,9,99,9,1,2,2,2,63,9,-1,-1,-1,-1,5,E01003131,0,-1
2023010427061,2023,010427061,1,1,9,99,99,9,9,99,99,0,9,99,9,99,1,1,6,6,1,40,7,-1,-1,-1,-1,2,E01000604,0,-1
2023010433089,2023,010433089,2,9,0,99,99,9,9,99,99,5,9,99,9,99,1,9,6,6,3,-1,-1,-1,-1,-1,-1,-1,-1,0,-1
2023481359369,2023,481359369,1,3,0,7,7,1,5,0,0,8,0,0,0,0,4,1,6,6,1,-1,-1,-1,-1,-1,-1,-1,-1,0,-1
2023111377066,2023,111377066,2,9,0,18,19,3,7,0,0,1,0,0,0,0,1,1,5,6,2,25,5,-1,-1,-1,-1,5,E01020706,0,-1
202360A170787,2023,60A170787,2,1,0,18,19,3,8,0,0,1,0,0,0,0,3,1,2,2,1,37,7,-1,-1,-1,-1,-1,-1,0,-1
2023161348853,2023,161348853,1,11,0,7,7,7,1,0,0,1,0,0,0,0,1,1,1,1,1,40,7,-1,-1,-1,-1,-1,-1,0,-1
2023010475323,2023,010475323,2,19,9,7,7,7,2,0,0,8,0,0,0,0,4,9,6,6,1,-1,-1,-1,-1,-1,-1,-1,-1,0,-1
2023010480547,2023,010480547,2,1,0,18,19,3,7,4,4,8,0,0,0,0,4,1,6,6,2,59,9,-1,-1,-1,-1,4,E01003249,0,-1
2023010466296,2023,010466296,2,1,0,18,19,3,7,0,0,8,2,0,0,0,1,1,6,6,1,44,7,-1,-1,-1,-1,10,E01003859,0,-1
2023991349385,2023,991349385,1,1,0,18,19,1,5,0,0,8,5,0,7,0,4,1,6,6,1,26,6,-1,-1,-1,-1,-1,-1,0,-1
2023201330590,2023,201330590,2,1,0,18,19,4,8,0,0,0,0,8,0,0,1,1,6,6,1,46,8,-1,-1,-1,-1,6,E01009682,0,-1
2023041338872,2023,041338872,1,1,0,18,19,3,7,1,1,8,0,0,0,0,4,1,5,6,1,28,6,-1,-1,-1,-1,5,E01024888,0,-1
2023361272455,2023,361272455,1,-1,0,18,19,1,5,9,9,4,0,0,1,0,1,1,5,6,2,21,5,-1,-1,-1,-1,7,E01026835,1,-1
2023411276129,2023,411276129,7,9,0,4,4,1,5,0,0,0,0,0,0,0,2,1,2,2,1,-1,-1,-1,-1,-1,-1,4,E01032980,0,-1
2023302300615,2023,302300615,1,9,0,9,9,2,8,0,0,0,0,0,0,0,0,1,6,6,3,-1,-1,-1,-1,-1,-1,5,E01019456,0,-1
2023101319118,2023,101319118,1,9,0,18,19,6,1,0,0,2,0,0,0,0,4,1,6,6,3,98,11,-1,-1,-1,-1,-1,-1,0,-1
2023010464966,2023,010464966,1,1,9,99,99,9,9,99,99,9,9,99,9,99,1,1,6,6,1,60,9,-1,-1,-1,-1,1,E01002755,0,-1
2023201378336,2023,201378336,1,9,0,9,9,4,2,0,0,5,0,0,0,0,1,1,6,6,3,-1,-1,-1,-1,-1,-1,-1,-1,0,-1
2023041311277,2023,041311277,2,1,0,18,19,3,7,0,0,3,0,0,0,0,4,1,2,2,2,41,7,-1,-1,-1,-1,2,E01025247,0,-1
2023302301516,2023,302301516,2,1,0,18,19,8,4,0,0,8,0,0,0,0,3,1,1,1,2,34,6,-1,-1,-1,-1,9,E01013556,0,-1
202354A726023,2023,54A726023,1,9,0,9,9,8,4,0,0,6,0,0,0,0,1,1,6,6,2,80,11,-1,-1,-1,-1,2,E01015528,0,-1
2023371353584,2023,371353584,1,9,0,18,19,4,8,0,0,0,0,0,0,0,3,1,6,6,3,-1,-1,-1,-1,-1,-1,-1,-1,0,-1
2023461299625,2023,461299625,1,9,0,15,15,7,3,0,0,0,0,0,0,0,2,1,5,6,1,48,8,-1,-1,-1,-1,4,E01016067,0,-1
2023201394081,2023,201394081,1,9,0,18,19,2,8,0,0,2,0,0,0,0,9,1,6,6,3,-1,-1,-1,-1,-1,-1,-1,-1,0,-1
2023010458348,2023,010458348,1,2,0,18,19,4,8,0,0,0,0,0,1,0,1,1,6,6,3,-1,-1,-1,-1,-1,-1,-1,-1,0,-1
2023010464596,2023,010464596,2,1,9,99,99,9,9,99,99,9,9,99,9,99,1,1,6,6,3,-1,-1,-1,-1,-1,-1,-1,-1,0,-1
2023111344321,2023,111344321,1,19,0,18,19,8,2,0,0,0,0,0,0,0,1,1,1,1,1,30,6,-1,-1,-1,-1,-1,-1,0,-1
2023010430413,2023,010430413,2,1,0,18,19,3,7,0,0,1,0,0,0,0,1,1,6,6,1,60,9,-1,-1,-1,-1,3,E01001808,0,-1
2023481367227,2023,481367227,1,8,0,18,19,7,3,0,0,0,0,0,0,0,1,1,1,1,1,45,7,-1,-1,-1,-1,-1,-1,0,-1
2023471268970,2023,471268970,2,1,0,18,19,1,5,4,4,1,0,0,0,0,3,1,5,6,1,40,7,-1,-1,-1,-1,3,E01016891,0,-1
2023070586592,2023,070586592,1,9,0,11,11,4,8,0,0,0,0,0,0,0,1,1,1,1,1,44,7,-1,-1,-1,-1,9,E01006075,0,-1
2023101311867,2023,101311867,1,9,-1,-1,-1,-1,-1,-1,-1,0,-1,-1,-1,0,-1,1,6,6,2,-1,-1,-1,-1,-1,-1,-1,-1,0,-1
2023421386852,2023,421386852,2,1,0,18,19,-1,-1,0,0,0,-1,-1,-1,0,1,1,6,6,1,-1,-1,-1,-1,-1,-1,-1,-1,0,-1
2023552301060,2023,552301060,1,1,0,18,19,1,5,0,0,0,0,0,0,0,0,1,6,6,1,16,4,-1,-1,-1,-1,8,E01019961,0,-1
2023351265891,2023,351265891,1,9,0,17,19,1,6,0,0,0,0,0,0,0,3,1,5,6,1,56,9,-1,-1,-1,-1,5,E01030494,0,-1
2023501387404,2023,501387404,2,9,0,4,4,7,3,0,0,0,0,0,0,0,1,1,6,6,3,-1,-1,-1,-1,-1,-1,-1,-1,0,-1
2023131347372,2023,131347372,2,1,0,18,19,3,7,4,4,0,0,0,0,0,1,1,2,2,1,21,5,-1,-1,-1,-1,4,E01011238,0,-1
2023041399975,2023,041399975,1,1,0,18,19,1,5,0,0,8,2,0,2,0,0,1,5,6,1,28,6,-1,-1,-1,-1,1,E01012724,0,-1
2023461346688,2023,461346688,2,1,0,18,19,3,7,0,0,0,0,0,0,0,1,1,2,2,1,52,8,-1,-1,-1,-1,7,E01000387,0,-1
2023461395034,2023,461395034,1,9,0,18,19,6,2,0,0,0,0,0,0,0,1,1,6,6,3,-1,-1,-1,-1,-1,-1,-1,-1,0,-1
2023101290046,2023,101290046,1,9,0,11,11,4,8,0,0,0,0,0,0,0,1,1,6,6,1,50,8,-1,-1,-1,-1,3,E01008318,0,-1
2023471312845,2023,471312845,2,1,0,3,3,1,5,0,0,1,0,0,0,0,2,1,6,6,1,42,7,-1,-1,-1,-1,9,E01031816,0,-1
2023471315588,2023,471315588,2,9,0,16,19,5,8,0,0,0,0,0,0,0,0,1,6,6,3,-1,-1,-1,-1,-1,-1,-1,-1,0,-1
2023430269998,2023,430269998,1,11,0,17,19,4,1,0,0,0,0,0,0,0,3,1,1,1,1,-1,-1,-1,-1,-1,-1,-1,-1,0,-1
2023522324518,2023,522324518,1,1,0,9,9,3,1,0,0,8,0,0,0,0,4,1,6,6,1,57,9,-1,-1,-1,-1,4,E01014488,0,-1
2023991262686,2023,991262686,1,9,0,18,19,7,4,0,0,0,0,0,0,0,3,1,5,6,2,40,7,-1,-1,-1,-1,-1,-1,0,-1
202360A170135,2023,60A170135,1,9,0,18,19,7,3,0,0,0,0,0,0,0,4,1,6,6,1,-1,-1,-1,-1,-1,-1,-1,-1,0,-1
2023501374053,2023,501374053,2,1,5,18,19,0,0,0,0,4,0,0,0,0,1,1,5,6,1,30,6,-1,-1,-1,-1,1,E01015266,0,-1
2023211357323,2023,211357323,1,9,0,18,19,5,1,0,0,0,0,0,0,0,1,1,5,6,1,61,9,-1,-1,-1,-1,4,E01029353,0,-1
2023010443822,2023,010443822,2,1,0,18,19,7,3,0,0,1,0,0,0,0,2,1,6,6,1,29,6,-1,-1,-1,-1,3,E01004735,0,-1
202354A350723,2023,54A350723,3,19,0,2,2,0,0,0,0,1,0,0,0,0,3,1,6,6,1,-1,-1,-1,-1,-1,-1,-1,-1,0,-1
2023320640543,2023,320640543,1,1,0,18,19,7,3,0,0,6,0,0,0,0,2,1,6,6,1,25,5,-1,-1,-1,-1,-1,-1,0,-1
2023010455567,2023,010455567,2,9,0,18,19,6,2,0,0,8,0,0,0,0,1,1,6,6,3,-1,-1,-1,-1,-1,-1,-1,-1,0,-1
2023010464959,2023,010464959,2,1,0,18,19,7,3,0,0,1,0,0,0,0,1,1,6,6,1,54,8,-1,-1,-1,-1,5,E01001962,0,-1
2023411269655,2023,411269655,1,9,0,18,19,6,2,0,0,0,0,0,0,0,1,1,6,6,3,-1,-1,-1,-1,-1,-1,-1,-1,0,-1
2023131325478,2023,131325478,1,11,0,-1,-1,-1,-1,-1,-1,8,-1,-1,-1,0,-1,1,6,6,3,-1,-1,-1,-1,-1,-1,-1,-1,0,-1
2023552300080,2023,552300080,1,17,0,18,19,6,2,0,0,0,0,0,0,0,0,1,1,1,2,61,9,-1,-1,-1,-1,2,E01020575,0,-1
2023131348616,2023,131348616,2,90,0,18,19,5,1,0,0,0,0,0,0,0,2,1,1,1,1,46,8,-1,-1,-1,-1,1,E01005258,0,-1
2023010455798,2023,010455798,2,-1,0,99,99,9,9,0,0,9,0,0,0,0,9,1,6,6,1,-1,-1,-1,-1,-1,-1,2,E01004404,1,-1
2023201359360,2023,201359360,1,9,0,5,5,7,3,9,9,8,0,0,0,0,1,1,6,6,3,-1,-1,-1,-1,-1,-1,-1,-1,0,-1
2023010486727,2023,010486727,1,1,9,99,99,9,9,99,99,9,9,99,9,99,9,1,1,1,1,27,6,-1,-1,-1,-1,2,E01003501,0,-1
2023522301049,2023,522301049,1,1,0,9,9,3,1,0,0,8,0,0,0,0,2,1,6,6,1,26,6,-1,-1,-1,-1,8,E01014556,0,-1
2023131356682,2023,131356682,3,9,0,-1,-1,-1,-1,-1,-1,8,-1,-1,-1,0,-1,1,6,6,3,-1,-1,-1,-1,-1,-1,-1,-1,0,-1
2023201364549,2023,201364549,2,1,0,18,19,7,3,0,0,0,0,0,0,0,2,1,6,6,1,27,6,-1,-1,-1,-1,1,E01009702,0,-1
2023201299203,2023,201299203,2,1,0,18,19,2,6,0,0,0,0,0,0,0,1,1,6,6,1,29,6,-1,-1,-1,-1,1,E01010456,0,-1
2023461346704,2023,461346704,2,1,0,18,19,1,5,0,0,0,0,0,0,0,1,1,6,6,1,52,8,-1,-1,-1,-1,5,E01024110,0,-1
2023010432838,2023,010432838,1,1,9,99,99,9,9,99,99,9,9,99,9,99,9,1,2,2,1,57,9,-1,-1,-1,-1,4,E01002001,0,-1
2023131391796,2023,131391796,1,9,0,-1,-1,-1,-1,-1,-1,8,-1,-1,-1,0,-1,1,6,6,3,-1,-1,-1,-1,-1,-1,-1,-1,0,-1
2023311283195,2023,311283195,2,22,0,18,19,3,7,0,0,1,2,0,0,0,2,1,6,6,2,89,11,-1,-1,-1,-1,1,E01013960,0,-1
2023052301851,2023,052301851,1,11,0,18,19,3,7,0,0,0,0,0,0,0,4,1,1,1,2,58,9,-1,-1,-1,-1,1,E01007215,0,-1
2023401304417,2023,401304417,1,9,0,18,19,-1,-1,0,0,0,0,0,0,0,1,1,6,6,3,-1,-1,-1,-1,-1,-1,-1,-1,0,-1
2023622300353,2023,622300353,1,1,0,9,9,2,8,0,0,2,0,0,0,0,1,1,6,6,1,23,5,-1,-1,-1,-1,3,W01001875,0,-1
2023440386486,2023,440386486,2,9,0,7,7,8,2,0,0,8,0,0,0,0,1,1,6,6,1,-1,-1,-1,-1,-1,-1,-1,-1,0,-1
2023311287480,2023,311287480,1,1,0,18,19,6,2,0,0,1,5,0,0,0,3,1,6,6,2,53,8,-1,-1,-1,-1,8,E01028096,0,-1
2023010476551,2023,010476551,1,1,0,18,19,1,5,0,0,1,0,0,0,0,1,1,6,6,1,23,5,-1,-1,-1,-1,2,E01004242,0,-1
2023991378483,2023,991378483,2,1,0,18,19,7,3,0,0,8,0,0,0,0,1,1,5,6,1,30,6,-1,-1,-1,-1,-1,-1,0,-1