collision_index,collision_year,collision_ref_no,vehicle_reference,vehicle_type,towing_and_articulation,vehicle_manoeuvre_historic,vehicle_manoeuvre,vehicle_direction_from,vehicle_direction_to,vehicle_location_restricted_lane_historic,vehicle_location_restricted_lane,junction_location,skidding_and_overturning,hit_object_in_carriageway,vehicle_leaving_carriageway,hit_object_off_carriageway,first_point_of_impact,vehicle_left_hand_drive,journey_purpose_of_driver_historic,journey_purpose_of_driver,sex_of_driver,age_of_driver,age_band_of_driver,engine_capacity_cc,propulsion_code,age_of_vehicle,generic_make_model,driver_imd_decile,lsoa_of_driver,escooter_flag,driver_distance_banding
2023201405503,2023,201405503,2,8,0,3,3,1,5,0,0,1,0,0,0,0,1,1,1,1,1,34,6,-1,-1,-1,-1,5,E01010517,0,-1
2023421318547,2023,421318547,2,-1,0,18,19,2,6,0,0,0,0,0,0,0,3,1,6,6,1,21,5,-1,-1,-1,-1,3,E01033583,1,-1
2023010463769,2023,010463769,2,9,9,99,99,9,9,99,99,9,9,99,9,99,9,9,6,6,3,-1,-1,-1,-1,-1,-1,-1,-1,0,-1
2023371333570,2023,371333570,1,9,0,18,19,7,5,0,0,0,0,0,0,0,1,1,6,6,1,47,8,-1,-1,-1,-1,4,E01029927,0,-1
2023451380132,2023,451380132,1,9,0,18,19,3,7,0,0,2,0,0,0,0,1,2,2,2,1,28,6,-1,-1,-1,-1,9,E01030391,0,-1
2023461345127,2023,461345127,1,9,0,18,19,7,3,0,0,1,0,0,0,0,1,1,6,6,1,-1,-1,-1,-1,-1,-1,-1,-1,0,-1
2023010427138,2023,010427138,1,1,9,99,99,9,9,99,99,9,9,99,9,99,2,1,6,6,1,36,7,-1,-1,-1,-1,3,E01000545,0,-1
2023010454242,2023,010454242,2,9,0,99,99,9,9,99,99,9,9,99,9,99,2,9,6,6,3,-1,-1,-1,-1,-1,-1,-1,-1,0,-1
2023010460897,2023,010460897,3,9,0,2,2,0,0,0,0,0,0,0,0,0,2,1,6,6,3,-1,-1,-1,-1,-1,-1,-1,-1,0,-1
2023440353724,2023,440353724,2,1,0,10,10,3,7,0,0,1,0,0,0,0,2,1,2,2,1,28,6,-1,-1,-1,-1,10,E01022928,0,-1
2023461375776,2023,461375776,2,9,0,18,19,6,2,0,0,0,1,0,0,0,3,1,6,6,2,54,8,-1,-1,-1,-1,2,E01033090,0,-1
2023141294370,2023,141294370,2,9,0,4,4,2,6,0,0,0,0,0,0,0,1,1,6,6,3,-1,-1,-1,-1,-1,-1,-1,-1,0,-1
2023451260868,2023,451260868,2,9,0,18,19,7,5,0,0,1,0,0,0,0,1,1,6,6,1,25,5,-1,-1,-1,-1,-1,-1,0,-1
2023010439249,2023,010439249,2,1,0,18,19,1,5,0,0,8,0,0,0,0,1,1,1,1,1,27,6,-1,-1,-1,-1,2,E01001862,0,-1
2023161367312,2023,161367312,1,1,-1,5,5,7,3,0,0,8,0,0,0,0,4,1,6,6,1,22,5,-1,-1,-1,-1,7,E01013307,0,-1
2023010471508,2023,010471508,2,1,9,99,99,9,9,99,99,0,9,99,9,99,1,1,6,6,3,-1,-1,-1,-1,-1,-1,-1,-1,0,-1
2023010443499,2023,010443499,2,9,0,99,99,9,9,99,99,9,9,99,9,99,1,9,6,6,2,43,7,-1,-1,-1,-1,1,E01004722,0,-1
2023430278593,2023,430278593,1,-1,0,18,19,5,1,0,0,0,0,0,0,0,1,1,6,6,1,12,3,-1,-1,-1,-1,6,E01016231,1,-1
2023010456722,2023,010456722,2,9,0,5,5,1,5,0,0,0,0,0,0,0,1,1,6,6,3,-1,-1,-1,-1,-1,-1,-1,-1,0,-1
2023010476015,2023,010476015,2,9,0,99,99,9,9,99,99,0,9,99,9,99,0,9,6,6,3,-1,-1,-1,-1,-1,-1,-1,-1,0,-1
2023361343536,2023,361343536,1,9,0,7,7,4,7,5,5,1,0,0,0,0,3,1,6,6,1,55,8,-1,-1,-1,-1,6,E01026863,0,-1
2023010481457,2023,010481457,1,1,0,9,9,1,6,0,0,1,0,0,3,0,3,1,6,6,1,22,5,-1,-1,-1,-1,3,E01003180,0,-1
2023052300421,2023,052300421,2,9,0,5,5,4,6,0,0,8,0,0,0,0,1,1,1,1,1,73,10,-1,-1,-1,-1,3,E01006811,0,-1
2023131365356,2023,131365356,1,9,0,2,2,0,-1,0,0,0,0,0,0,0,3,1,6,6,3,-1,-1,-1,-1,-1,-1,-1,-1,0,-1
2023052301822,2023,052301822,1,1,0,18,19,8,4,0,0,0,0,0,0,0,0,1,6,6,1,42,7,-1,-1,-1,-1,3,E01032505,0,-1
2023991262604,2023,991262604,1,9,0,18,19,5,1,0,0,1,0,0,0,0,4,1,6,6,3,50,8,-1,-1,-1,-1,-1,-1,0,-1
2023440087098,2023,440087098,1,10,0,18,19,6,2,0,0,0,0,0,0,0,1,1,1,1,1,63,9,-1,-1,-1,-1,5,-1,0,-1
2023430362326,2023,430362326,1,9,0,9,9,7,5,0,0,6,0,0,0,0,3,1,6,6,1,69,10,-1,-1,-1,-1,-1,-1,0,-1
2023522400357,2023,522400357,2,9,0,9,9,8,5,0,0,6,0,0,0,0,1,1,6,6,3,-1,-1,-1,-1,-1,-1,-1,-1,0,-1
2023010482179,2023,010482179,1,1,9,99,99,9,9,99,99,0,9,99,9,99,9,1,6,6,1,19,4,-1,-1,-1,-1,10,E01003822,0,-1
2023052300982,2023,052300982,1,9,0,18,19,1,5,0,0,0,0,0,0,0,1,1,6,6,1,34,6,-1,-1,-1,-1,3,E01006786,0,-1
2023052300986,2023,052300986,2,1,0,18,19,1,5,0,0,6,0,0,0,0,1,1,6,6,1,8,2,-1,-1,-1,-1,2,E01007249,0,-1
2023201339693,2023,201339693,2,9,0,4,4,5,1,0,0,8,2,10,1,11,3,1,2,2,2,37,7,-1,-1,-1,-1,4,E01009590,0,-1
2023501368046,2023,501368046,2,1,0,18,19,2,6,0,0,0,0,0,0,0,1,1,4,7,1,11,3,-1,-1,-1,-1,7,E01018807,0,-1
2023471279430,2023,471279430,1,9,4,18,19,7,3,0,0,0,1,0,0,0,1,2,1,1,1,36,7,-1,-1,-1,-1,7,E01017316,0,-1
2023430546937,2023,430546937,1,-1,0,18,19,5,1,0,0,0,0,0,0,0,3,1,3,7,1,31,6,-1,-1,-1,-1,3,E01016804,1,-1
2023010470074,2023,010470074,2,97,0,99,99,9,9,99,99,9,9,99,9,99,1,1,6,6,3,-1,-1,-1,-1,-1,-1,-1,-1,0,-1
2023531295581,2023,531295581,2,1,0,18,19,3,7,0,0,8,0,0,0,0,1,1,6,6,1,26,6,-1,-1,-1,-1,9,E01022443,0,-1
2023170L20833,2023,170L20833,1,9,0,18,19,4,8,0,0,8,0,0,0,0,1,1,6,6,2,-1,-1,-1,-1,-1,-1,-1,-1,0,-1
2023430393130,2023,430393130,1,9,0,18,19,1,5,0,0,0,0,0,0,0,2,1,6,6,1,64,9,-1,-1,-1,-1,3,E01026988,0,-1
2023061274420,2023,061274420,2,1,0,18,19,4,7,9,9,0,1,0,0,0,4,1,1,1,1,52,8,-1,-1,-1,-1,5,E01019738,0,-1
2023161288457,2023,161288457,2,1,0,9,9,5,2,0,0,0,0,0,0,0,1,1,6,6,2,-1,-1,-1,-1,-1,-1,-1,-1,0,-1
2023440200174,2023,440200174,1,9,4,13,13,3,7,0,0,0,0,0,0,0,4,1,6,6,1,46,8,-1,-1,-1,-1,6,E01023288,0,-1
2023010484325,2023,010484325,1,1,0,18,19,6,2,0,0,8,0,0,0,0,1,1,6,6,1,18,4,-1,-1,-1,-1,9,E01004638,0,-1
2023141270198,2023,141270198,2,9,0,18,19,1,5,0,0,0,0,0,0,0,1,1,6,6,3,-1,-1,-1,-1,-1,-1,-1,-1,0,-1
2023201330023,2023,201330023,1,3,0,-1,-1,-1,-1,0,0,0,1,0,0,0,4,1,6,6,1,18,4,-1,-1,-1,-1,-1,-1,0,-1
2023451347264,2023,451347264,1,1,0,18,19,7,3,0,0,0,0,0,0,0,1,1,5,6,1,83,11,-1,-1,-1,-1,9,E01030742,0,-1
2023520400577,2023,520400577,2,-1,0,18,19,3,7,0,0,0,0,0,0,0,1,1,6,6,1,15,3,-1,-1,-1,-1,8,E01029296,1,-1
2023991306958,2023,991306958,2,1,0,18,19,5,2,0,0,3,0,0,0,0,1,1,5,6,1,63,9,-1,-1,-1,-1,-1,-1,0,-1
2023421260523,2023,421260523,2,1,0,18,19,5,2,0,0,3,0,0,0,0,3,1,2,2,1,33,6,-1,-1,-1,-1,4,E01015994,0,-1
2023421260666,2023,421260666,1,9,0,1,1,2,6,9,9,0,0,0,0,0,2,1,6,6,1,30,6,-1,-1,-1,-1,-1,-1,0,-1
2023010463684,2023,010463684,1,3,0,18,19,1,5,0,0,1,0,0,0,0,1,1,6,6,3,-1,-1,-1,-1,-1,-1,-1,-1,0,-1
2023041322466,2023,041322466,1,9,0,13,13,5,1,0,0,0,0,0,0,0,4,1,6,6,3,-1,-1,-1,-1,-1,-1,-1,-1,0,-1
2023010469923,2023,010469923,2,9,0,18,19,1,5,0,0,0,0,0,0,0,1,1,6,6,3,-1,-1,-1,-1,-1,-1,-1,-1,0,-1
2023071090135,2023,071090135,2,1,0,18,19,7,7,0,0,1,0,0,0,0,1,1,6,6,2,35,6,-1,-1,-1,-1,1,E01012453,0,-1
2023010426950,2023,010426950,1,1,9,99,99,9,9,99,99,9,9,99,9,99,1,1,2,2,1,28,6,-1,-1,-1,-1,4,E01003573,0,-1
2023221321443,2023,221321443,2,1,0,18,19,1,5,0,0,8,0,0,0,0,1,1,5,6,2,61,9,-1,-1,-1,-1,1,E01032424,0,-1
2023010442171,2023,010442171,2,1,0,17,19,3,7,0,0,8,0,0,0,0,1,1,2,2,2,28,6,-1,-1,-1,-1,3,E01003969,0,-1
2023411288626,2023,411288626,1,9,0,18,19,3,7,0,0,1,0,0,0,0,1,1,6,6,3,-1,-1,-1,-1,-1,-1,-1,-1,0,-1
2023421340927,2023,421340927,2,1,0,18,19,5,1,0,0,4,0,0,0,0,4,1,5,6,1,56,9,-1,-1,-1,-1,2,E01015900,0,-1
2023131282860,2023,131282860,2,1,0,18,19,4,8,0,0,1,0,0,0,0,1,1,5,6,1,37,7,-1,-1,-1,-1,7,E01011193,0,-1
2023010444315,2023,010444315,1,9,0,9,9,8,5,0,0,2,0,0,0,0,1,1,6,6,3,-1,-1,-1,-1,-1,-1,-1,-1,0,-1
2023161384439,2023,161384439,2,9,0,18,19,1,5,0,0,0,0,0,0,0,0,1,1,1,1,57,9,-1,-1,-1,-1,5,E01013268,0,-1
2023131397236,2023,131397236,3,90,0,18,19,4,8,0,0,4,0,0,0,0,0,1,1,1,1,25,5,-1,-1,-1,-1,2,E01011370,0,-1
2023101298437,2023,101298437,1,1,0,18,19,4,8,0,0,0,0,0,0,0,1,1,6,6,1,30,6,-1,-1,-1,-1,2,E01008252,0,-1
2023451265284,2023,451265284,1,1,0,18,19,7,3,0,0,8,0,0,8,0,4,1,2,2,2,44,7,-1,-1,-1,-1,-1,-1,0,-1
2023461316191,2023,461316191,2,1,0,18,19,2,6,0,0,3,0,0,0,0,4,1,1,1,2,26,6,-1,-1,-1,-1,2,E01024091,0,-1
2023471337115,2023,471337115,1,1,0,7,7,8,2,0,0,6,1,0,0,0,1,1,6,6,1,-1,-1,-1,-1,-1,-1,2,E01031790,0,-1
2023201331019,2023,201331019,1,-1,0,5,5,5,1,0,0,0,0,0,0,0,3,1,3,7,1,-1,-1,-1,-1,-1,-1,1,E01009406,0,-1
2023052301107,2023,052301107,2,1,0,3,3,5,1,0,0,1,0,0,0,0,3,1,6,6,1,34,6,-1,-1,-1,-1,1,E01007272,0,-1
2023430053884,2023,430053884,2,9,0,2,2,0,0,0,0,2,0,0,0,0,2,1,6,6,3,-1,-1,-1,-1,-1,-1,-1,-1,0,-1
2023131363100,2023,131363100,2,22,0,18,19,3,7,0,0,8,0,0,0,0,4,1,6,6,2,55,8,-1,-1,-1,-1,1,E01010838,0,-1
2023371391648,2023,371391648,2,1,-1,18,19,-1,-1,0,0,8,0,0,0,0,4,1,2,2,1,21,5,-1,-1,-1,-1,9,E01033045,0,-1
2023371323008,2023,371323008,1,9,0,18,19,3,6,0,0,0,0,0,0,0,4,1,6,6,1,26,6,-1,-1,-1,-1,4,E01030022,0,-1
2023201329345,2023,201329345,1,9,0,5,5,6,2,0,0,6,0,0,0,0,1,1,6,6,1,29,6,-1,-1,-1,-1,4,E01009205,0,-1
2023010479379,2023,010479379,1,1,9,99,99,9,9,99,99,9,9,99,9,99,1,1,6,6,2,57,9,-1,-1,-1,-1,4,E01003492,0,-1
2023440409489,2023,440409489,1,1,0,9,9,4,2,0,0,8,0,0,0,0,1,1,6,6,1,40,7,-1,-1,-1,-1,2,E01017331,0,-1
2023161352166,2023,161352166,2,98,0,18,19,7,3,0,0,0,0,0,0,0,3,1,6,6,3,-1,-1,-1,-1,-1,-1,-1,-1,0,-1
2023361300703,2023,361300703,2,9,0,18,19,6,2,0,0,0,0,0,0,0,1,1,5,6,2,51,8,-1,-1,-1,-1,5,E01026783,0,-1
2023421355532,2023,421355532,1,1,0,13,13,8,3,0,0,1,0,0,0,0,1,1,5,6,1,58,9,-1,-1,-1,-1,7,E01021662,0,-1
2023471293011,2023,471293011,2,9,0,4,4,1,5,0,0,1,0,0,0,0,0,1,6,6,3,-1,-1,-1,-1,-1,-1,-1,-1,0,-1
2023501368964,2023,501368964,1,19,0,18,19,3,7,0,0,6,0,0,0,0,1,1,6,6,1,58,9,-1,-1,-1,-1,7,E01020124,0,-1
2023991364036,2023,991364036,1,9,0,18,19,8,4,0,0,0,0,0,0,0,1,1,6,6,1,46,8,-1,-1,-1,-1,8,-1,0,-1
2023320458015,2023,320458015,2,1,0,18,19,6,2,4,4,8,5,0,0,0,1,1,2,2,1,36,7,-1,-1,-1,-1,8,E01032991,0,-1
2023361366471,2023,361366471,2,1,0,18,19,7,3,0,0,8,0,0,0,0,1,1,2,2,1,64,9,-1,-1,-1,-1,10,E01026815,0,-1
2023302301064,2023,302301064,1,9,0,18,19,5,1,0,0,0,0,0,0,0,1,1,6,6,3,-1,-1,-1,-1,-1,-1,-1,-1,0,-1
2023010465322,2023,010465322,2,9,0,99,99,9,9,99,99,9,9,99,9,99,9,9,6,6,3,-1,-1,-1,-1,-1,-1,-1,-1,0,-1
2023052300417,2023,052300417,1,9,0,4,4,1,5,0,0,1,0,0,0,0,2,1,6,6,3,-1,-1,-1,-1,-1,-1,-1,-1,0,-1
2023351330634,2023,351330634,1,9,0,18,19,-1,-1,0,0,0,0,0,0,0,1,1,6,6,1,-1,-1,-1,-1,-1,-1,-1,-1,0,-1
2023161343862,2023,161343862,2,19,0,7,7,5,3,0,0,8,0,0,0,0,1,1,6,6,1,-1,-1,-1,-1,-1,-1,-1,-1,0,-1
2023201413555,2023,201413555,1,9,0,18,19,2,6,0,0,0,1,4,1,0,1,1,6,6,3,-1,-1,-1,-1,-1,-1,-1,-1,0,-1
2023010476798,2023,010476798,1,1,0,18,19,7,3,0,0,2,0,0,0,0,1,1,6,6,1,22,5,-1,-1,-1,-1,2,E01033705,0,-1
2023010459441,2023,010459441,1,9,0,1,1,1,5,0,0,0,0,0,0,0,2,1,6,6,3,-1,-1,-1,-1,-1,-1,-1,-1,0,-1
2023991367456,2023,991367456,2,1,0,3,3,3,1,0,0,2,0,0,0,0,2,1,2,2,2,56,9,-1,-1,-1,-1,4,-1,0,-1
2023010435161,2023,010435161,2,1,9,99,99,9,9,99,99,9,9,99,9,99,9,1,6,6,3,-1,-1,-1,-1,-1,-1,-1,-1,0,-1
2023010449522,2023,010449522,2,1,0,18,19,3,7,0,0,0,0,4,0,0,1,1,6,6,2,36,7,-1,-1,-1,-1,5,E01001935,0,-1
2023010425497,2023,010425497,1,8,0,9,9,8,6,0,0,2,0,0,0,0,1,1,6,6,3,-1,-1,-1,-1,-1,-1,-1,-1,0,-1
2023070629867,2023,070629867,2,1,0,18,19,5,6,0,0,1,5,0,0,0,3,1,6,6,1,18,4,-1,-1,-1,-1,8,E01005791,0,-1
2023010427396,2023,010427396,2,9,9,99,99,9,9,99,99,0,9,99,9,99,9,9,6,6,3,-1,-1,-1,-1,-1,-1,-1,-1,0,-1
2023631366185,2023,631366185,1,9,0,-1,-1,-1,-1,-1,-1,1,-1,-1,-1,0,-1,1,6,6,3,-1,-1,-1,-1,-1,-1,-1,-1,0,-1
2023061289038,2023,061289038,2,9,0,2,2,7,3,0,0,0,0,0,0,0,2,1,6,6,1,54,8,-1,-1,-1,-1,2,E01010628,0,-1
2023340WN6212,2023,340WN6212,2,9,0,18,19,2,6,0,0,1,0,0,0,0,1,1,6,6,1,29,6,-1,-1,-1,-1,1,E01027199,0,-1
2023201337363,2023,201337363,1,-1,0,18,19,4,8,0,0,0,0,0,0,0,1,1,6,6,1,-1,-1,-1,-1,-1,-1,-1,-1,0,-1
2023430289109,2023,430289109,1,9,0,18,19,4,8,0,0,1,0,0,0,0,1,1,6,6,1,37,7,-1,-1,-1,-1,2,E01016847,0,-1
2023031357415,2023,031357415,2,9,0,18,19,3,6,0,0,0,0,0,0,0,2,1,6,6,1,97,11,-1,-1,-1,-1,6,E01019239,0,-1
2023201413271,2023,201413271,2,1,0,18,19,3,7,0,0,0,0,0,0,0,1,1,6,6,1,17,4,-1,-1,-1,-1,1,E01010143,0,-1
2023061333390,2023,061333390,1,9,0,9,9,4,1,0,0,8,0,0,0,0,3,1,6,6,3,-1,-1,-1,-1,-1,-1,-1,-1,0,-1
2023430464792,2023,430464792,4,1,0,9,9,2,8,0,0,1,0,0,0,0,3,1,6,6,1,7,2,-1,-1,-1,-1,9,E01032954,0,-1
2023161329981,2023,161329981,1,97,0,18,19,3,7,0,0,0,0,0,0,0,3,1,5,6,1,16,4,-1,-1,-1,-1,7,E01013248,0,-1
2023501345149,2023,501345149,1,9,0,18,19,7,3,0,0,8,0,0,0,0,1,1,6,6,2,-1,-1,-1,-1,-1,-1,-1,-1,0,-1
2023101285823,2023,101285823,1,90,0,9,9,5,3,0,0,8,1,0,0,0,1,1,6,6,1,16,4,-1,-1,-1,-1,-1,-1,0,-1
2023231282239,2023,231282239,1,9,0,18,19,3,7,0,0,0,0,0,0,0,1,1,2,2,1,22,5,-1,-1,-1,-1,10,E01031111,0,-1
202360A035754,2023,60A035754,2,1,0,18,19,1,5,0,0,0,0,0,0,0,4,1,6,6,1,20,4,-1,-1,-1,-1,-1,-1,0,-1
2023522301554,2023,522301554,2,9,0,18,19,1,5,0,0,4,0,0,0,0,0,1,6,6,3,-1,-1,-1,-1,-1,-1,-1,-1,0,-1
2023010434981,2023,010434981,2,1,9,99,99,9,9,99,99,0,9,99,9,99,1,1,6,6,1,-1,-1,-1,-1,-1,-1,4,E01003803,0,-1
202354D236423,2023,54D236423,1,9,0,18,19,1,5,0,0,4,0,0,0,0,1,1,6,6,1,64,9,-1,-1,-1,-1,9,E01031998,0,-1
2023440421304,2023,440421304,1,19,0,18,19,3,7,0,0,0,0,0,0,0,4,1,6,6,3,-1,-1,-1,-1,-1,-1,-1,-1,0,-1
2023131283062,2023,131283062,2,1,0,18,19,4,8,0,0,8,5,0,0,0,1,1,4,7,1,17,4,-1,-1,-1,-1,9,E01011186,0,-1
2023010420777,2023,010420777,2,1,0,9,9,1,7,0,0,8,2,0,0,0,1,1,6,6,1,58,9,-1,-1,-1,-1,7,E01001564,0,-1
2023010477473,2023,010477473,2,1,0,18,19,3,7,0,0,1,0,10,0,0,2,1,6,6,2,32,6,-1,-1,-1,-1,4,E01033099,0,-1
2023421354156,2023,421354156,1,-1,0,18,19,5,1,0,0,0,0,0,1,0,4,1,6,6,2,16,4,-1,-1,-1,-1,2,E01015954,1,-1
2023201291597,2023,201291597,2,1,0,14,14,6,2,0,0,8,0,8,0,0,1,1,1,1,1,57,9,-1,-1,-1,-1,1,E01009929,0,-1
2023302301075,2023,302301075,2,1,0,18,19,7,3,4,4,1,0,0,0,0,3,1,6,6,1,18,4,-1,-1,-1,-1,1,E01019650,0,-1
2023430496562,2023,430496562,2,1,0,18,19,5,1,4,4,8,0,0,0,0,4,1,2,2,1,31,6,-1,-1,-1,-1,8,E01028547,0,-1
2023430100975,2023,430100975,2,9,0,5,5,3,7,0,0,6,0,0,0,0,1,1,6,6,1,-1,-1,-1,-1,-1,-1,-1,-1,0,-1
2023332301087,2023,332301087,1,1,0,18,19,2,6,0,0,8,0,0,0,0,1,1,6,6,1,25,5,-1,-1,-1,-1,3,E01013765,0,-1
2023010463026,2023,010463026,2,1,0,13,13,8,4,0,0,1,5,0,0,0,4,1,6,6,1,28,6,-1,-1,-1,-1,-1,-1,0,-1
2023010459513,2023,010459513,2,19,0,7,7,1,3,0,0,8,0,0,0,0,0,1,6,6,3,-1,-1,-1,-1,-1,-1,-1,-1,0,-1
2023010423209,2023,010423209,1,9,0,99,99,9,9,99,99,9,9,99,9,99,1,9,6,6,3,-1,-1,-1,-1,-1,-1,-1,-1,0,-1
2023101375309,2023,101375309,2,1,0,18,19,2,6,0,0,8,2,0,0,0,4,1,6,6,1,10,2,-1,-1,-1,-1,2,E01008628,0,-1
2023610044523,2023,610044523,2,9,0,18,19,6,2,0,0,1,0,0,0,0,1,1,6,6,2,72,10,-1,-1,-1,-1,8,W01001904,0,-1
2023361354861,2023,361354861,2,9,0,18,19,3,7,0,0,1,0,0,0,0,0,1,1,1,1,37,7,-1,-1,-1,-1,-1,-1,0,-1
2023520400340,2023,520400340,3,21,1,2,2,0,0,6,6,0,0,0,0,0,1,2,6,6,1,51,8,-1,-1,-1,-1,-1,-1,0,-1
2023501301366,2023,501301366,1,19,0,18,19,4,8,0,0,1,0,0,0,0,1,1,5,6,1,45,7,-1,-1,-1,-1,6,E01020241,0,-1
2023371325598,2023,371325598,2,1,0,18,19,8,4,0,0,2,1,0,0,0,1,1,6,6,2,11,3,-1,-1,-1,-1,10,E01029904,0,-1
2023161345021,2023,161345021,1,9,0,2,2,0,0,0,0,0,0,0,0,0,0,1,6,6,3,-1,-1,-1,-1,-1,-1,-1,-1,0,-1
2023010446099,2023,010446099,2,1,0,18,19,3,7,0,0,1,5,0,0,0,1,1,2,2,1,62,9,-1,-1,-1,-1,4,E01024162,0,-1
2023421280978,2023,421280978,1,90,0,18,19,5,1,-1,-1,-1,0,0,0,0,0,1,1,1,3,-1,-1,-1,-1,-1,-1,-1,-1,0,-1
2023010457298,2023,010457298,1,1,9,99,99,9,9,99,99,9,9,99,9,0,4,1,2,2,1,35,6,-1,-1,-1,-1,4,E01033729,0,-1
2023481361953,2023,481361953,2,1,0,18,19,3,7,0,0,8,0,0,0,0,0,1,2,2,1,46,8,-1,-1,-1,-1,-1,-1,0,-1
2023010468601,2023,010468601,2,9,0,99,99,9,9,99,99,9,9,99,9,99,1,9,6,6,3,-1,-1,-1,-1,-1,-1,-1,-1,0,-1
2023010464059,2023,010464059,2,9,0,9,9,2,7,0,0,6,0,0,0,0,4,1,6,6,3,-1,-1,-1,-1,-1,-1,-1,-1,0,-1
2023170L20533,2023,170L20533,1,97,0,18,19,7,3,9,9,0,0,0,0,0,1,1,6,6,3,-1,-1,-1,-1,-1,-1,-1,-1,0,-1
2023461264562,2023,461264562,2,1,0,18,19,5,1,0,0,1,0,0,0,0,1,1,6,6,1,16,4,-1,-1,-1,-1,7,E01024846,0,-1
2023010434818,2023,010434818,2,17,9,99,99,9,9,99,99,9,9,99,9,99,9,9,6,6,3,-1,-1,-1,-1,-1,-1,7,E01021416,0,-1
2023010481010,2023,010481010,7,9,0,18,19,7,3,0,0,0,0,0,0,0,3,1,1,1,1,26,6,-1,-1,-1,-1,5,E01033573,0,-1
2023010450342,2023,010450342,1,19,0,99,99,9,9,99,99,9,9,99,9,99,1,9,6,6,3,-1,-1,-1,-1,-1,-1,1,E01001155,0,-1
2023101260347,2023,101260347,2,22,0,18,19,5,1,0,0,0,0,0,0,0,3,1,5,6,1,61,9,-1,-1,-1,-1,3,E01008395,0,-1
2023010458584,2023,010458584,2,1,0,18,19,3,7,0,0,2,0,0,0,0,1,1,6,6,1,45,7,-1,-1,-1,-1,5,E01004681,0,-1
2023411293665,2023,411293665,2,9,0,5,5,-1,-1,0,0,0,0,0,0,0,4,1,6,6,1,45,7,-1,-1,-1,-1,4,E01023757,0,-1
2023371270569,2023,371270569,2,9,0,13,13,1,5,0,0,0,0,0,0,0,4,1,5,6,1,57,9,-1,-1,-1,-1,3,E01030010,0,-1
2023430397655,2023,430397655,2,90,0,2,2,0,0,0,0,0,0,0,0,0,0,1,1,1,3,-1,-1,-1,-1,-1,-1,-1,-1,0,-1
2023211369250,2023,211369250,1,3,0,18,19,5,1,0,0,1,0,0,0,0,1,1,6,6,1,18,4,-1,-1,-1,-1,8,E01029432,0,-1
2023501355115,2023,501355115,1,9,0,3,3,1,5,0,0,1,0,0,0,0,1,1,5,6,1,25,5,-1,-1,-1,-1,5,E01020115,0,-1
2023451268894,2023,451268894,2,1,0,18,19,1,5,5,5,0,0,0,0,0,3,1,6,6,2,54,8,-1,-1,-1,-1,9,E01030742,0,-1
2023161366915,2023,161366915,1,11,0,18,19,7,3,0,0,0,0,0,0,0,0,1,1,1,1,28,6,-1,-1,-1,-1,1,E01012855,0,-1
2023061368479,2023,061368479,1,9,0,18,19,4,8,0,0,0,0,0,0,0,1,1,6,6,3,30,6,-1,-1,-1,-1,-1,-1,0,-1
2023010474906,2023,010474906,1,11,0,4,4,5,1,0,0,9,0,0,0,0,0,1,6,6,3,-1,-1,-1,-1,-1,-1,-1,-1,0,-1
2023430287669,2023,430287669,2,1,0,9,9,8,6,0,0,8,0,0,0,0,4,1,6,6,2,40,7,-1,-1,-1,-1,5,E01016560,0,-1
2023010448006,2023,010448006,1,1,9,99,99,9,9,99,99,0,9,99,9,99,9,1,2,2,1,25,5,-1,-1,-1,-1,3,E01004270,0,-1
2023221370447,2023,221370447,1,19,0,18,19,6,2,0,0,0,0,0,0,0,4,1,6,6,1,47,8,-1,-1,-1,-1,-1,-1,0,-1
2023052302276,2023,052302276,1,19,0,5,5,6,2,0,0,1,0,0,0,0,0,1,6,6,3,-1,-1,-1,-1,-1,-1,-1,-1,0,-1
2023351339748,2023,351339748,2,9,0,2,2,-1,-1,-1,-1,0,0,0,-1,0,0,1,6,6,3,-1,-1,-1,-1,-1,-1,-1,-1,0,-1
2023010449956,2023,010449956,2,1,0,7,7,3,6,0,0,5,0,0,0,0,1,1,6,6,1,47,8,-1,-1,-1,-1,1,E01001559,0,-1
2023010465300,2023,010465300,2,1,0,18,19,2,6,0,0,8,0,0,0,0,1,1,6,6,1,18,4,-1,-1,-1,-1,5,E01002977,0,-1
2023010444622,2023,010444622,1,9,0,5,5,5,1,0,0,0,0,0,0,0,1,1,6,6,1,40,7,-1,-1,-1,-1,9,E01030742,0,-1
2023010462353,2023,010462353,1,1,9,99,99,9,9,99,99,9,9,99,9,99,9,1,6,6,1,52,8,-1,-1,-1,-1,8,E01001044,0,-1
2023221317434,2023,221317434,1,1,0,18,19,2,6,0,0,0,1,11,1,10,1,1,5,6,1,28,6,-1,-1,-1,-1,5,E01014079,0,-1
2023421293971,2023,421293971,1,98,0,18,19,3,7,0,0,0,0,0,0,0,4,1,6,6,1,-1,-1,-1,-1,-1,-1,-1,-1,0,-1
202360A124309,2023,60A124309,1,9,0,18,19,1,5,0,0,0,0,0,0,0,0,1,6,6,3,-1,-1,-1,-1,-1,-1,-1,-1,0,-1
2023122300683,2023,122300683,1,9,0,18,19,1,5,0,0,1,0,0,0,0,1,1,1,1,1,22,5,-1,-1,-1,-1,10,E01013357,0,-1
2023122300988,2023,122300988,1,1,0,18,19,6,2,9,9,1,0,0,0,0,1,1,6,6,1,58,9,-1,-1,-1,-1,8,E01013342,0,-1
202360A105251,2023,60A105251,1,9,0,1,1,8,4,0,0,0,0,0,0,0,2,1,6,6,1,-1,-1,-1,-1,-1,-1,-1,-1,0,-1
2023061272779,2023,061272779,1,19,0,1,1,5,1,0,0,0,0,0,0,0,2,1,6,6,3,30,6,-1,-1,-1,-1,-1,-1,0,-1
2023170S10053,2023,170S10053,1,1,0,18,19,1,5,0,0,8,0,0,0,0,4,1,2,2,1,56,9,-1,-1,-1,-1,9,E01012200,0,-1
2023010481993,2023,010481993,2,8,9,99,99,9,9,99,99,9,9,99,9,99,9,9,6,6,3,-1,-1,-1,-1,-1,-1,-1,-1,0,-1
2023430217870,2023,430217870,2,9,0,18,19,7,3,0,0,8,0,0,0,0,4,1,1,1,1,29,6,-1,-1,-1,-1,1,E01004702,0,-1
2023010422492,2023,010422492,1,9,0,99,99,9,9,99,99,9,9,99,9,99,2,9,6,6,1,34,6,-1,-1,-1,-1,5,E01012144,0,-1