collision_index,collision_year,collision_ref_no,vehicle_reference,vehicle_type,towing_and_articulation,vehicle_manoeuvre_historic,vehicle_manoeuvre,vehicle_direction_from,vehicle_direction_to,vehicle_location_restricted_lane_historic,vehicle_location_restricted_lane,junction_location,skidding_and_overturning,hit_object_in_carriageway,vehicle_leaving_carriageway,hit_object_off_carriageway,first_point_of_impact,vehicle_left_hand_drive,journey_purpose_of_driver_historic,journey_purpose_of_driver,sex_of_driver,age_of_driver,age_band_of_driver,engine_capacity_cc,propulsion_code,age_of_vehicle,generic_make_model,driver_imd_decile,lsoa_of_driver,escooter_flag,driver_distance_banding
202360A192399,2023,60A192399,2,1,0,18,19,4,8,0,0,3,0,0,0,0,1,1,2,2,1,21,5,-1,-1,-1,-1,-1,-1,0,-1
2023010472831,2023,010472831,2,90,0,99,99,9,9,99,99,9,9,99,9,99,1,9,6,6,3,-1,-1,-1,-1,-1,-1,-1,-1,0,-1
2023010484371,2023,010484371,1,1,0,9,9,1,7,0,0,6,0,0,0,0,4,1,6,6,1,53,8,-1,-1,-1,-1,4,E01002833,0,-1
2023170M11363,2023,170M11363,1,8,0,18,19,6,2,0,0,0,0,0,0,0,1,1,1,1,3,-1,-1,-1,-1,-1,-1,-1,-1,0,-1
2023061349376,2023,061349376,2,1,0,18,19,2,6,0,0,1,0,0,0,0,1,1,6,6,1,29,6,-1,-1,-1,-1,1,E01005194,0,-1
2023061298424,2023,061298424,2,1,0,18,19,1,1,0,0,0,0,0,0,0,1,1,6,6,1,45,7,-1,-1,-1,-1,5,E01005153,0,-1
2023340WN2312,2023,340WN2312,2,21,0,18,19,4,8,0,0,5,0,0,1,7,1,1,1,1,1,49,8,-1,-1,-1,-1,3,E01000499,0,-1
2023101327525,2023,101327525,2,1,0,18,19,3,7,0,0,8,0,0,0,0,0,1,6,6,1,63,9,-1,-1,-1,-1,5,E01008410,0,-1
2023161345003,2023,161345003,2,9,0,18,19,2,6,0,0,0,0,0,0,0,4,1,6,6,1,-1,-1,-1,-1,-1,-1,5,E01012772,0,-1
2023141276041,2023,141276041,2,1,0,18,19,4,8,0,0,1,0,0,0,0,1,1,6,6,1,17,4,-1,-1,-1,-1,1,E01007977,0,-1
2023161343894,2023,161343894,1,5,0,18,19,6,4,0,0,8,0,0,0,0,1,1,6,6,1,-1,-1,-1,-1,-1,-1,-1,-1,0,-1
2023501272118,2023,501272118,2,1,0,18,19,5,1,0,0,1,0,0,0,0,3,1,4,7,1,15,3,-1,-1,-1,-1,1,E01015261,0,-1
2023471312942,2023,471312942,3,9,0,18,19,7,3,0,0,8,0,0,0,0,0,1,6,6,3,-1,-1,-1,-1,-1,-1,-1,-1,0,-1
2023010479348,2023,010479348,1,4,0,18,19,7,3,0,0,1,0,0,3,0,4,1,6,6,1,17,4,-1,-1,-1,-1,4,E01001323,0,-1
2023411394303,2023,411394303,2,1,0,18,19,-1,-1,0,0,2,0,0,0,0,1,1,2,2,1,35,6,-1,-1,-1,-1,3,E01023793,0,-1
2023311321849,2023,311321849,1,1,0,18,19,-1,-1,0,0,-1,-1,0,0,0,-1,1,6,6,1,26,6,-1,-1,-1,-1,-1,-1,0,-1
2023531305001,2023,531305001,1,9,0,18,19,-1,-1,0,0,0,0,0,0,0,1,1,6,6,2,-1,-1,-1,-1,-1,-1,-1,-1,0,-1
2023141311247,2023,141311247,1,9,0,9,9,5,1,0,0,0,0,0,0,0,4,1,1,1,1,75,10,-1,-1,-1,-1,9,E01013252,0,-1
2023522400588,2023,522400588,1,-1,0,18,19,1,5,0,0,8,0,0,0,0,1,1,6,6,2,16,4,-1,-1,-1,-1,1,E01014653,1,-1
2023461375156,2023,461375156,1,1,0,18,19,7,3,0,0,0,0,0,0,0,1,1,6,6,1,64,9,-1,-1,-1,-1,3,E01024714,0,-1
2023111314863,2023,111314863,1,98,0,18,19,1,5,0,0,0,0,0,0,0,1,1,6,6,3,30,6,-1,-1,-1,-1,-1,-1,0,-1
2023501272167,2023,501272167,1,9,0,18,19,3,5,0,0,6,0,0,0,0,1,1,6,6,3,-1,-1,-1,-1,-1,-1,-1,-1,0,-1
2023221327909,2023,221327909,1,-1,0,18,19,7,3,0,0,8,0,0,0,0,3,1,5,6,1,13,3,-1,-1,-1,-1,7,E01014114,1,-1
2023430313687,2023,430313687,2,9,0,13,13,4,8,0,0,0,0,0,0,0,4,1,2,2,2,48,8,-1,-1,-1,-1,4,E01028819,0,-1
2023471305863,2023,471305863,2,1,0,18,19,1,5,0,0,0,0,0,1,0,3,1,6,6,1,31,6,-1,-1,-1,-1,6,E01031692,0,-1
2023531289866,2023,531289866,1,1,0,16,19,5,1,0,0,1,0,0,0,0,1,1,6,6,1,68,10,-1,-1,-1,-1,8,E01022413,0,-1
2023430403481,2023,430403481,2,19,0,18,19,1,5,9,9,2,0,0,0,0,4,1,6,6,3,-1,-1,-1,-1,-1,-1,-1,-1,0,-1
2023411356184,2023,411356184,1,8,0,18,19,7,8,0,0,0,0,0,0,0,3,1,1,1,1,-1,-1,-1,-1,-1,-1,-1,-1,0,-1
2023010422288,2023,010422288,1,1,0,9,9,3,1,0,0,2,5,0,0,0,4,1,6,6,1,22,5,-1,-1,-1,-1,7,E01000118,0,-1
2023010457216,2023,010457216,1,97,0,18,19,7,3,0,0,0,0,0,0,0,1,1,6,6,3,-1,-1,-1,-1,-1,-1,-1,-1,0,-1
2023461377932,2023,461377932,2,9,0,3,3,5,1,0,0,0,0,0,0,0,2,1,2,2,1,44,7,-1,-1,-1,-1,10,E01001019,0,-1
2023010477552,2023,010477552,2,9,0,99,99,9,9,99,99,9,9,99,9,99,1,9,6,6,3,-1,-1,-1,-1,-1,-1,-1,-1,0,-1
2023332300914,2023,332300914,2,1,0,18,19,6,2,0,0,2,0,0,0,0,1,1,6,6,1,60,9,-1,-1,-1,-1,5,E01013729,0,-1
2023010450654,2023,010450654,1,1,9,99,99,9,9,99,99,9,9,99,9,99,2,1,2,2,1,35,6,-1,-1,-1,-1,6,E01004583,0,-1
2023471327534,2023,471327534,1,97,0,18,19,1,5,0,0,0,1,0,0,0,3,1,6,6,1,19,4,-1,-1,-1,-1,4,E01020971,0,-1
2023141296970,2023,141296970,1,1,0,18,19,7,2,0,0,4,0,0,0,0,4,1,6,6,1,49,8,-1,-1,-1,-1,2,E01007783,0,-1
2023471276898,2023,471276898,2,1,0,18,19,3,1,0,0,8,0,0,0,0,1,1,6,6,1,56,9,-1,-1,-1,-1,3,E01031789,0,-1
2023610050223,2023,610050223,2,4,0,3,3,8,4,0,0,1,0,0,0,0,2,1,6,6,1,32,6,-1,-1,-1,-1,2,W01001474,0,-1
2023451361612,2023,451361612,2,20,1,18,19,5,1,0,0,0,0,0,0,0,1,1,6,6,3,40,7,-1,-1,-1,-1,-1,-1,0,-1
2023221296555,2023,221296555,2,1,0,18,19,8,4,0,0,8,0,10,1,0,3,1,5,6,1,48,8,-1,-1,-1,-1,10,E01010386,0,-1
2023201277817,2023,201277817,1,9,0,5,5,5,1,0,0,0,0,0,0,0,1,1,6,6,3,-1,-1,-1,-1,-1,-1,-1,-1,0,-1
2023010448027,2023,010448027,1,8,0,99,99,9,9,99,99,9,9,99,9,99,9,9,6,6,3,59,9,-1,-1,-1,-1,3,E01003785,0,-1
2023131321250,2023,131321250,2,9,0,18,19,1,5,0,0,0,0,0,0,0,1,1,1,1,1,29,6,-1,-1,-1,-1,4,E01011799,0,-1
2023070224810,2023,070224810,1,19,0,18,19,1,5,0,0,1,0,0,0,0,1,1,6,6,3,-1,-1,-1,-1,-1,-1,-1,-1,0,-1
2023161326285,2023,161326285,1,2,0,18,19,2,6,9,9,0,0,0,0,0,1,1,6,6,3,-1,-1,-1,-1,-1,-1,-1,-1,0,-1
2023010458995,2023,010458995,1,1,9,99,99,9,9,99,99,0,9,99,9,99,9,1,6,6,2,29,6,-1,-1,-1,-1,1,E01001944,0,-1
2023451372686,2023,451372686,1,1,0,18,19,2,6,0,0,8,0,0,0,0,3,1,5,6,1,15,3,-1,-1,-1,-1,6,E01030699,0,-1
2023430013772,2023,430013772,2,9,0,6,6,8,4,0,0,2,0,0,0,0,3,1,6,6,1,-1,-1,-1,-1,-1,-1,-1,-1,0,-1
2023010431361,2023,010431361,1,1,9,99,99,9,9,99,99,9,9,99,9,99,1,1,2,2,1,30,6,-1,-1,-1,-1,2,E01003595,0,-1
2023991412773,2023,991412773,2,97,0,18,19,5,1,0,0,0,2,0,0,0,3,1,1,1,1,62,9,-1,-1,-1,-1,-1,-1,0,-1
2023010467014,2023,010467014,1,9,9,99,99,9,9,99,99,6,9,99,9,99,9,9,6,6,3,-1,-1,-1,-1,-1,-1,-1,-1,0,-1
2023010455717,2023,010455717,1,1,9,99,99,9,9,99,99,9,9,99,9,99,1,1,6,6,2,27,6,-1,-1,-1,-1,3,E01003109,0,-1
2023371344582,2023,371344582,3,9,0,4,4,6,2,0,0,1,0,0,0,0,3,1,1,1,1,44,7,-1,-1,-1,-1,6,E01030057,0,-1
2023371376220,2023,371376220,1,9,0,-1,-1,1,-1,0,0,0,-1,-1,-1,0,1,1,6,6,1,-1,-1,-1,-1,-1,-1,-1,-1,0,-1
2023340NN2992,2023,340NN2992,2,16,0,13,13,6,2,0,0,0,0,0,1,9,3,1,6,6,2,21,5,-1,-1,-1,-1,6,E01027043,0,-1
2023010452504,2023,010452504,3,9,0,2,2,0,0,9,9,0,0,0,0,0,2,2,6,6,3,-1,-1,-1,-1,-1,-1,-1,-1,0,-1
2023501391383,2023,501391383,2,1,-1,18,19,2,6,0,0,8,5,0,0,0,4,1,6,6,1,48,8,-1,-1,-1,-1,6,E01020226,0,-1
2023471389871,2023,471389871,2,1,0,18,19,8,4,0,0,0,0,4,0,0,1,1,6,6,1,66,10,-1,-1,-1,-1,8,E01031439,0,-1
2023131288763,2023,131288763,1,9,0,18,19,3,4,0,0,8,0,0,0,0,1,1,6,6,3,-1,-1,-1,-1,-1,-1,-1,-1,0,-1
2023991368512,2023,991368512,2,1,0,18,19,1,5,0,0,4,2,0,1,0,4,1,5,6,1,64,9,-1,-1,-1,-1,8,-1,0,-1
2023351280914,2023,351280914,1,1,0,9,9,8,4,0,0,1,0,0,0,0,3,1,6,6,2,26,6,-1,-1,-1,-1,8,E01017990,0,-1
2023041280590,2023,041280590,1,9,0,12,12,3,7,0,0,0,0,0,0,0,0,1,6,6,1,-1,-1,-1,-1,-1,-1,-1,-1,0,-1
2023010460962,2023,010460962,2,1,0,18,19,3,7,0,0,2,0,0,0,0,1,1,6,6,1,41,7,-1,-1,-1,-1,-1,-1,0,-1
2023320570693,2023,320570693,2,1,0,18,19,4,8,0,0,0,5,0,0,0,3,1,6,6,1,61,9,-1,-1,-1,-1,6,E01026058,0,-1
2023340WN0372,2023,340WN0372,2,1,0,18,19,6,2,0,0,1,0,0,0,0,3,1,6,6,1,12,3,-1,-1,-1,-1,10,E01027272,0,-1
2023451294597,2023,451294597,3,9,0,9,9,3,7,0,0,0,0,0,0,0,0,1,6,6,3,45,7,-1,-1,-1,-1,-1,-1,0,-1
2023221348259,2023,221348259,2,1,0,7,7,1,3,0,0,5,0,0,0,0,1,1,5,6,1,49,8,-1,-1,-1,-1,8,E01014123,0,-1
2023531337970,2023,531337970,1,9,0,18,19,1,5,0,0,0,0,11,0,0,1,1,5,6,1,30,6,-1,-1,-1,-1,10,E01022395,0,-1
2023501290909,2023,501290909,1,97,0,7,7,7,1,0,0,1,1,0,0,0,1,1,6,6,3,-1,-1,-1,-1,-1,-1,-1,-1,0,-1
2023010474745,2023,010474745,1,9,9,99,99,9,9,0,0,0,9,99,9,99,9,9,6,6,3,-1,-1,-1,-1,-1,-1,-1,-1,0,-1
2023161373895,2023,161373895,2,1,0,18,19,7,3,0,0,4,0,0,0,0,1,1,4,7,1,13,3,-1,-1,-1,-1,-1,-1,0,-1
2023131327477,2023,131327477,2,1,0,18,19,1,1,0,0,0,0,0,0,0,4,1,6,6,1,14,3,-1,-1,-1,-1,5,E01011734,0,-1
2023311320662,2023,311320662,2,1,0,18,19,4,8,0,0,1,1,0,7,0,3,1,5,6,1,10,2,-1,-1,-1,-1,2,E01028275,0,-1
2023549455523,2023,549455523,2,1,0,18,19,3,7,0,0,8,0,0,0,0,4,1,6,6,1,59,9,-1,-1,-1,-1,9,E01016324,0,-1
2023421371314,2023,421371314,1,1,0,18,19,6,2,0,0,1,0,0,0,0,1,1,6,6,1,19,4,-1,-1,-1,-1,10,E01021939,0,-1
2023010447272,2023,010447272,2,9,0,99,99,9,9,99,99,9,9,99,9,99,0,9,6,6,3,-1,-1,-1,-1,-1,-1,-1,-1,0,-1
2023010419198,2023,010419198,1,9,0,18,19,5,1,0,0,0,0,0,0,0,1,1,6,6,3,-1,-1,-1,-1,-1,-1,-1,-1,0,-1
2023991332283,2023,991332283,2,9,0,16,19,5,8,0,0,0,0,0,0,0,0,1,5,6,2,38,7,-1,-1,-1,-1,9,-1,0,-1
2023430456119,2023,430456119,2,1,0,18,19,4,8,0,0,8,0,0,0,0,1,1,6,6,1,19,4,-1,-1,-1,-1,6,E01016492,0,-1
2023010478475,2023,010478475,2,1,0,17,19,3,7,0,0,1,0,0,0,0,1,1,6,6,1,54,8,-1,-1,-1,-1,4,E01003259,0,-1
2023041282051,2023,041282051,1,9,0,-1,-1,-1,-1,-1,-1,0,-1,-1,-1,0,1,1,6,6,3,-1,-1,-1,-1,-1,-1,-1,-1,0,-1
2023010441443,2023,010441443,1,9,9,99,99,9,9,99,99,9,9,99,9,99,9,9,6,6,3,-1,-1,-1,-1,-1,-1,-1,-1,0,-1
2023041300040,2023,041300040,1,1,0,16,19,7,3,0,0,0,5,0,0,0,0,1,5,6,1,38,7,-1,-1,-1,-1,1,E01006361,0,-1
2023411341438,2023,411341438,1,19,0,18,19,-1,-1,0,0,1,0,0,0,0,1,1,6,6,3,-1,-1,-1,-1,-1,-1,-1,-1,0,-1
2023471302815,2023,471302815,1,98,0,18,19,4,1,0,0,1,0,0,0,0,2,1,6,6,3,-1,-1,-1,-1,-1,-1,-1,-1,0,-1
2023430264329,2023,430264329,1,1,0,9,9,3,1,0,0,8,0,0,0,0,4,1,2,2,2,30,6,-1,-1,-1,-1,4,E01002583,0,-1
2023320788515,2023,320788515,1,19,0,18,19,4,8,9,9,0,0,0,0,0,4,1,6,6,3,-1,-1,-1,-1,-1,-1,-1,-1,0,-1
2023332300828,2023,332300828,2,1,0,18,19,2,6,0,0,0,0,0,0,0,1,1,6,6,1,67,10,-1,-1,-1,-1,10,E01025695,0,-1
2023010473216,2023,010473216,3,19,4,18,19,1,5,0,0,0,0,0,0,0,2,1,6,6,1,59,9,-1,-1,-1,-1,7,E01021556,0,-1
2023461343921,2023,461343921,1,1,0,18,19,3,7,0,0,0,0,0,0,0,1,1,5,6,1,-1,-1,-1,-1,-1,-1,-1,-1,0,-1
2023010461798,2023,010461798,2,-1,9,99,99,9,9,99,99,9,9,99,9,99,9,1,6,6,1,-1,-1,-1,-1,-1,-1,-1,-1,1,-1
2023131290278,2023,131290278,2,90,0,18,19,3,3,0,0,0,0,0,1,0,0,1,6,6,1,13,3,-1,-1,-1,-1,2,E01011840,0,-1
2023010435265,2023,010435265,2,9,0,9,9,5,3,0,0,4,0,0,0,0,0,1,6,6,3,-1,-1,-1,-1,-1,-1,-1,-1,0,-1
2023201406105,2023,201406105,1,3,0,18,19,6,2,0,0,8,0,0,0,0,1,1,6,6,1,-1,-1,-1,-1,-1,-1,-1,-1,0,-1
2023461279641,2023,461279641,1,9,0,18,19,7,3,0,0,0,0,0,0,0,1,1,6,6,1,-1,-1,-1,-1,-1,-1,-1,-1,0,-1
2023201339270,2023,201339270,1,9,0,18,19,3,6,0,0,1,0,0,0,0,1,1,6,6,1,-1,-1,-1,-1,-1,-1,-1,-1,0,-1
2023340WN1202,2023,340WN1202,1,9,0,5,5,1,5,9,9,6,0,0,0,0,1,1,6,6,2,-1,-1,-1,-1,-1,-1,-1,-1,0,-1
2023430172076,2023,430172076,3,9,0,3,3,7,3,0,0,1,0,0,0,0,2,1,6,6,1,65,9,-1,-1,-1,-1,10,E01027203,0,-1
2023070015757,2023,070015757,1,9,0,7,7,8,2,0,0,6,0,0,0,0,2,1,6,6,1,-1,-1,-1,-1,-1,-1,-1,-1,0,-1
2023430139064,2023,430139064,1,9,0,18,19,5,1,0,0,0,0,0,0,0,1,1,6,6,3,-1,-1,-1,-1,-1,-1,-1,-1,0,-1
2023161328272,2023,161328272,1,9,0,7,7,7,1,0,0,8,0,0,0,0,2,1,6,6,2,38,7,-1,-1,-1,-1,4,E01012938,0,-1
2023161298291,2023,161298291,2,9,0,18,19,7,3,0,0,0,0,0,0,0,0,1,6,6,3,-1,-1,-1,-1,-1,-1,-1,-1,0,-1
2023320167823,2023,320167823,1,21,0,12,12,8,4,0,0,0,0,0,0,0,3,1,1,1,3,-1,-1,-1,-1,-1,-1,-1,-1,0,-1
2023332300941,2023,332300941,2,9,0,9,9,2,8,0,0,6,0,0,0,0,1,1,6,6,1,21,5,-1,-1,-1,-1,9,E01028264,0,-1
2023010439267,2023,010439267,2,9,0,99,99,9,9,99,99,9,9,99,9,99,9,9,6,6,3,-1,-1,-1,-1,-1,-1,-1,-1,0,-1
2023131333768,2023,131333768,2,9,0,7,7,-1,-1,0,0,1,0,-1,-1,-1,-1,1,6,6,3,-1,-1,-1,-1,-1,-1,-1,-1,0,-1
2023522301117,2023,522301117,1,1,0,18,19,3,7,0,0,0,0,0,0,0,2,1,6,6,1,15,3,-1,-1,-1,-1,6,E01014614,0,-1
2023552300771,2023,552300771,2,1,0,18,19,2,8,0,0,8,0,0,0,0,1,1,2,2,1,57,9,-1,-1,-1,-1,5,E01015329,0,-1
2023070556413,2023,070556413,1,9,0,15,15,7,3,0,0,0,0,0,0,0,4,1,6,6,3,-1,-1,-1,-1,-1,-1,-1,-1,0,-1
2023522300933,2023,522300933,1,-1,0,18,19,1,5,9,9,0,0,0,0,0,4,1,6,6,3,-1,-1,-1,-1,-1,-1,-1,-1,1,-1
2023010445863,2023,010445863,2,9,0,99,99,9,9,99,99,9,9,99,9,99,9,9,6,6,3,-1,-1,-1,-1,-1,-1,-1,-1,0,-1
2023010448962,2023,010448962,2,9,0,4,4,7,3,0,0,0,0,0,0,0,4,1,6,6,1,44,7,-1,-1,-1,-1,3,E01002542,0,-1
2023221328964,2023,221328964,2,1,0,18,19,5,1,0,0,1,0,0,0,0,1,1,5,6,1,19,4,-1,-1,-1,-1,8,E01032420,0,-1
2023531310742,2023,531310742,1,1,0,18,19,1,5,0,0,8,0,0,0,0,1,1,5,6,1,51,8,-1,-1,-1,-1,8,E01022163,0,-1
2023010481138,2023,010481138,1,1,9,99,99,9,9,99,99,9,9,99,9,99,2,1,2,2,2,31,6,-1,-1,-1,-1,3,E01003972,0,-1
2023141345817,2023,141345817,2,-1,0,5,5,4,8,0,0,1,1,0,0,0,1,1,6,6,2,15,3,-1,-1,-1,-1,1,E01007566,1,-1
2023010451560,2023,010451560,2,9,0,99,99,9,9,99,99,9,9,99,9,99,9,9,6,6,3,-1,-1,-1,-1,-1,-1,5,E01003155,0,-1
2023622300261,2023,622300261,2,1,0,4,4,4,8,0,0,1,0,0,0,0,2,1,1,1,1,23,5,-1,-1,-1,-1,8,W01001836,0,-1
2023440063452,2023,440063452,1,1,0,18,19,7,3,0,0,8,0,0,0,0,1,1,2,2,1,38,7,-1,-1,-1,-1,8,E01022721,0,-1
2023010421715,2023,010421715,1,1,9,99,99,9,9,99,99,0,9,99,9,99,9,1,2,2,1,36,7,-1,-1,-1,-1,8,E01016544,0,-1
2023010453641,2023,010453641,2,1,0,18,19,7,3,0,0,0,0,0,0,0,1,1,6,6,1,38,7,-1,-1,-1,-1,1,E01001838,0,-1
2023010445700,2023,010445700,2,1,0,9,9,3,8,0,0,5,0,0,0,0,0,1,6,6,1,29,6,-1,-1,-1,-1,9,E01000775,0,-1
2023302300427,2023,302300427,2,97,0,18,19,2,6,0,0,1,5,0,0,0,1,1,6,6,1,43,7,-1,-1,-1,-1,1,E01013472,0,-1
2023041344416,2023,041344416,1,1,0,18,19,1,5,9,9,1,0,0,0,0,1,1,5,6,1,15,3,-1,-1,-1,-1,3,E01025291,0,-1
2023010476901,2023,010476901,2,1,0,18,19,5,1,0,0,2,0,4,0,0,1,1,6,6,1,28,6,-1,-1,-1,-1,2,E01001982,0,-1
2023141303652,2023,141303652,1,1,0,9,9,5,4,0,0,6,2,0,0,0,3,1,5,6,2,18,4,-1,-1,-1,-1,10,E01008043,0,-1
2023201309093,2023,201309093,1,1,0,18,19,2,6,9,9,1,0,0,0,0,1,1,6,6,1,53,8,-1,-1,-1,-1,2,E01009385,0,-1
2023010447768,2023,010447768,2,1,0,9,9,3,1,0,0,2,0,0,0,0,1,1,4,7,1,17,4,-1,-1,-1,-1,2,E01001191,0,-1
2023010464877,2023,010464877,1,1,9,99,99,9,9,99,99,9,9,99,9,99,9,1,2,2,1,34,6,-1,-1,-1,-1,2,E01002712,0,-1
2023061323120,2023,061323120,2,1,0,18,19,3,7,0,0,8,1,0,1,0,3,1,5,6,2,53,8,-1,-1,-1,-1,7,E01019746,0,-1
2023010468418,2023,010468418,2,1,0,18,19,5,1,5,5,0,5,0,0,0,2,1,6,6,1,18,4,-1,-1,-1,-1,3,E01001999,0,-1
2023440083543,2023,440083543,1,1,0,18,19,5,1,0,0,2,0,0,0,0,1,1,6,6,1,38,7,-1,-1,-1,-1,8,E01017226,0,-1
2023010424400,2023,010424400,2,1,9,99,99,9,9,99,99,9,9,99,9,99,9,1,6,6,3,-1,-1,-1,-1,-1,-1,-1,-1,0,-1
2023052301424,2023,052301424,1,9,0,18,19,2,6,0,0,0,0,0,0,0,1,1,6,6,1,-1,-1,-1,-1,-1,-1,-1,-1,0,-1
2023340NN1512,2023,340NN1512,2,1,0,16,19,7,3,0,0,0,0,0,0,0,2,1,6,6,2,35,6,-1,-1,-1,-1,7,E01026978,0,-1
2023070189110,2023,070189110,1,9,0,18,19,4,2,0,0,1,0,0,0,0,1,1,6,6,3,-1,-1,-1,-1,-1,-1,-1,-1,0,-1
2023302300180,2023,302300180,1,9,0,9,9,7,5,0,0,1,0,0,0,0,1,1,6,6,3,-1,-1,-1,-1,-1,-1,5,E01019456,0,-1
2023991350656,2023,991350656,1,1,0,4,4,1,5,0,0,1,0,0,0,0,0,1,5,6,1,77,11,-1,-1,-1,-1,6,-1,0,-1
2023471310213,2023,471310213,1,97,0,9,9,3,8,0,0,1,0,0,1,0,1,1,6,6,1,22,5,-1,-1,-1,-1,4,E01031573,0,-1
2023041315035,2023,041315035,3,9,0,3,3,3,7,0,0,0,0,0,0,0,2,1,1,1,1,39,7,-1,-1,-1,-1,1,E01012403,0,-1
2023401337338,2023,401337338,2,19,0,9,9,6,8,0,0,8,0,0,0,0,4,1,1,1,1,50,8,-1,-1,-1,-1,3,E01017580,0,-1
2023061365186,2023,061365186,2,1,0,18,19,7,3,0,0,0,0,0,0,0,1,1,1,1,1,26,6,-1,-1,-1,-1,1,E01005130,0,-1
2023302301790,2023,302301790,2,9,0,18,19,3,7,0,0,0,0,0,0,0,1,1,2,2,1,25,5,-1,-1,-1,-1,1,E01012637,0,-1
2023010475916,2023,010475916,2,1,0,18,19,8,4,0,0,1,5,0,0,0,1,1,6,6,1,30,6,-1,-1,-1,-1,2,E01001861,0,-1
2023010438733,2023,010438733,2,1,0,18,19,4,8,0,0,1,0,0,0,0,4,1,6,6,1,84,11,-1,-1,-1,-1,8,E01004058,0,-1
2023461286391,2023,461286391,2,1,0,18,19,4,1,0,0,4,0,0,0,0,1,1,6,6,1,21,5,-1,-1,-1,-1,4,E01024090,0,-1
2023010437459,2023,010437459,2,-1,0,13,13,3,7,0,0,8,0,0,0,0,1,1,6,6,1,23,5,-1,-1,-1,-1,-1,-1,1,-1
2023531416067,2023,531416067,1,1,0,18,19,3,7,0,0,8,0,0,0,0,0,1,6,6,1,53,8,-1,-1,-1,-1,2,E01022285,0,-1
2023010468062,2023,010468062,1,9,0,18,19,5,1,0,0,1,0,0,0,0,1,1,1,1,1,62,9,-1,-1,-1,-1,4,E01024429,0,-1
2023122301438,2023,122301438,1,9,0,18,19,3,7,0,0,0,0,0,7,4,1,1,2,2,1,22,5,-1,-1,-1,-1,10,E01027623,0,-1
2023471302574,2023,471302574,2,20,0,18,19,8,4,0,0,0,0,0,0,0,3,1,6,6,3,-1,-1,-1,-1,-1,-1,-1,-1,0,-1
2023010419865,2023,010419865,2,1,0,18,19,1,5,0,0,1,0,0,0,0,1,1,6,6,2,27,6,-1,-1,-1,-1,6,E01004513,0,-1
2023401310872,2023,401310872,1,9,0,18,19,1,3,0,0,0,0,0,0,0,1,1,6,6,3,-1,-1,-1,-1,-1,-1,-1,-1,0,-1
2023052301880,2023,052301880,2,17,0,2,2,0,0,0,0,0,0,0,0,0,3,1,1,1,1,41,7,-1,-1,-1,-1,4,W01000605,0,-1
2023531340446,2023,531340446,2,1,0,18,19,3,7,5,5,8,5,0,0,0,1,1,6,6,1,54,8,-1,-1,-1,-1,3,E01022153,0,-1
2023302300498,2023,302300498,1,9,0,18,19,4,8,0,0,2,0,0,0,0,1,1,6,6,3,-1,-1,-1,-1,-1,-1,5,E01019456,0,-1
2023332300171,2023,332300171,1,9,0,7,7,1,3,0,0,5,0,0,0,0,1,1,6,6,2,-1,-1,-1,-1,-1,-1,-1,-1,0,-1
2023122301076,2023,122301076,2,1,0,5,5,9,9,0,0,1,0,0,0,0,9,1,2,2,1,27,6,-1,-1,-1,-1,10,E01013420,0,-1
2023351338236,2023,351338236,1,98,1,6,6,3,3,0,0,8,0,0,0,0,4,1,5,6,1,43,7,-1,-1,-1,-1,-1,-1,0,-1
2023010428984,2023,010428984,1,8,0,5,5,5,1,0,0,4,0,0,0,0,3,1,6,6,1,29,6,-1,-1,-1,-1,4,E01003702,0,-1
2023010464512,2023,010464512,1,9,0,18,19,3,7,0,0,1,0,0,0,0,1,1,6,6,3,-1,-1,-1,-1,-1,-1,-1,-1,0,-1
2023221326338,2023,221326338,1,9,0,9,9,1,7,0,0,6,0,0,0,0,1,1,6,6,1,59,9,-1,-1,-1,-1,4,E01032381,0,-1
2023421268978,2023,421268978,1,9,0,9,9,3,1,0,0,5,0,0,0,0,1,1,6,6,1,50,8,-1,-1,-1,-1,-1,-1,0,-1
2023010446924,2023,010446924,1,9,0,18,19,1,5,0,0,2,0,0,0,0,1,1,6,6,3,23,5,-1,-1,-1,-1,-1,-1,0,-1
2023010426359,2023,010426359,1,1,9,99,99,9,9,99,99,9,9,99,9,99,1,1,2,2,2,44,7,-1,-1,-1,-1,6,E01000259,0,-1
2023010455558,2023,010455558,2,1,0,13,13,1,5,0,0,5,5,0,0,0,4,1,6,6,1,30,6,-1,-1,-1,-1,-1,-1,0,-1
2023010466173,2023,010466173,1,1,9,99,99,9,9,99,99,9,9,99,9,99,2,1,2,2,1,51,8,-1,-1,-1,-1,4,E01003076,0,-1
2023010435925,2023,010435925,3,19,9,99,99,9,9,99,99,9,9,99,9,99,9,9,6,6,1,-1,-1,-1,-1,-1,-1,-1,-1,0,-1
2023991379704,2023,991379704,1,20,0,18,19,6,2,0,0,4,0,0,0,0,1,1,6,6,1,51,8,-1,-1,-1,-1,-1,-1,0,-1
2023061379761,2023,061379761,2,1,-1,18,19,-1,-1,0,0,1,0,0,0,0,4,1,6,6,2,48,8,-1,-1,-1,-1,2,E01005902,0,-1
2023201288867,2023,201288867,2,1,0,18,19,1,5,0,0,4,0,0,0,0,3,1,2,2,1,54,8,-1,-1,-1,-1,4,E01009188,0,-1
2023501300453,2023,501300453,1,9,0,18,19,6,2,0,0,0,0,0,0,0,4,1,6,6,3,-1,-1,-1,-1,-1,-1,-1,-1,0,-1
2023481371506,2023,481371506,2,1,0,14,14,5,1,0,0,0,0,0,0,0,4,1,2,2,1,38,7,-1,-1,-1,-1,-1,-1,0,-1
2023552301486,2023,552301486,2,1,0,18,19,2,6,0,0,0,0,0,0,0,1,1,6,6,1,40,7,-1,-1,-1,-1,5,E01015461,0,-1
2023221384248,2023,221384248,1,1,0,18,19,8,4,9,9,0,0,0,0,0,1,1,6,6,1,60,9,-1,-1,-1,-1,3,E01014156,0,-1
2023010468251,2023,010468251,1,1,9,99,99,9,9,99,99,9,9,99,9,99,9,1,1,1,2,36,7,-1,-1,-1,-1,4,E01003034,0,-1
202363A028223,2023,63A028223,2,9,0,18,19,6,2,0,0,0,0,0,1,10,3,1,6,6,2,24,5,-1,-1,-1,-1,-1,-1,0,-1