collision_index,collision_year,collision_ref_no,vehicle_reference,vehicle_type,towing_and_articulation,vehicle_manoeuvre_historic,vehicle_manoeuvre,vehicle_direction_from,vehicle_direction_to,vehicle_location_restricted_lane_historic,vehicle_location_restricted_lane,junction_location,skidding_and_overturning,hit_object_in_carriageway,vehicle_leaving_carriageway,hit_object_off_carriageway,first_point_of_impact,vehicle_left_hand_drive,journey_purpose_of_driver_historic,journey_purpose_of_driver,sex_of_driver,age_of_driver,age_band_of_driver,engine_capacity_cc,propulsion_code,age_of_vehicle,generic_make_model,driver_imd_decile,lsoa_of_driver,escooter_flag,driver_distance_banding
2023010428043,2023,010428043,1,19,0,99,99,9,9,99,99,0,9,99,9,99,9,9,6,6,3,-1,-1,-1,-1,-1,-1,-1,-1,0,-1
2023010419784,2023,010419784,2,1,0,18,19,8,4,0,0,3,0,0,0,0,4,1,6,6,2,43,7,-1,-1,-1,-1,5,E01001471,0,-1
2023010475360,2023,010475360,2,-1,0,15,15,6,2,0,0,1,5,4,0,0,2,1,6,6,1,27,6,-1,-1,-1,-1,5,E01001646,1,-1
2023351268800,2023,351268800,1,9,0,17,19,7,3,0,0,0,0,0,0,0,1,1,5,6,1,34,6,-1,-1,-1,-1,-1,-1,0,-1
2023101321343,2023,101321343,2,1,0,18,19,4,8,0,0,8,0,0,0,0,4,1,5,6,1,53,8,-1,-1,-1,-1,10,E01027469,0,-1
2023061338926,2023,061338926,1,9,0,18,19,8,4,0,0,2,1,0,0,0,1,1,6,6,2,-1,-1,-1,-1,-1,-1,-1,-1,0,-1
2023471370030,2023,471370030,2,1,0,18,19,2,6,0,0,0,0,0,0,0,3,1,1,1,1,23,5,-1,-1,-1,-1,2,E01016945,0,-1
2023010421314,2023,010421314,2,1,0,16,19,1,5,0,0,7,0,0,0,0,3,1,6,6,1,29,6,-1,-1,-1,-1,3,E01000742,0,-1
2023401300481,2023,401300481,1,9,0,18,19,-1,-1,0,0,0,0,0,0,0,1,1,6,6,1,-1,-1,-1,-1,-1,-1,-1,-1,0,-1
2023411394282,2023,411394282,2,9,0,18,19,4,8,0,0,1,0,0,0,0,1,1,2,2,1,19,4,-1,-1,-1,-1,10,E01023558,0,-1
2023052301510,2023,052301510,1,1,0,13,13,7,3,0,0,1,0,0,0,0,1,1,6,6,1,-1,-1,-1,-1,-1,-1,-1,-1,0,-1
2023010476637,2023,010476637,2,19,0,99,99,9,9,99,99,9,9,99,9,99,9,9,6,6,3,-1,-1,-1,-1,-1,-1,-1,-1,0,-1
2023161382080,2023,161382080,1,1,0,4,4,2,8,0,0,0,0,0,0,0,2,1,5,6,1,18,4,-1,-1,-1,-1,2,E01012821,0,-1
2023201314897,2023,201314897,1,9,0,9,9,4,2,0,0,6,0,0,0,0,1,1,6,6,1,-1,-1,-1,-1,-1,-1,-1,-1,0,-1
2023010428087,2023,010428087,1,9,0,3,3,7,3,0,0,3,0,0,0,0,2,1,2,2,1,41,7,-1,-1,-1,-1,3,E01002526,0,-1
2023991316573,2023,991316573,1,9,0,18,19,4,8,0,0,8,0,0,0,0,1,1,6,6,1,40,7,-1,-1,-1,-1,-1,-1,0,-1
2023371331345,2023,371331345,2,1,-1,-1,-1,-1,-1,-1,-1,0,-1,-1,-1,0,-1,1,6,6,3,-1,-1,-1,-1,-1,-1,-1,-1,0,-1
2023010435087,2023,010435087,1,9,0,18,19,8,4,0,0,0,0,0,0,0,4,1,6,6,3,-1,-1,-1,-1,-1,-1,-1,-1,0,-1
2023451381954,2023,451381954,2,9,0,18,19,7,7,0,0,0,0,0,0,0,1,1,6,6,1,40,7,-1,-1,-1,-1,-1,-1,0,-1
2023161364158,2023,161364158,2,19,0,18,19,4,8,0,0,0,0,0,0,0,1,1,1,1,1,-1,-1,-1,-1,-1,-1,1,E01012841,0,-1
2023070861729,2023,070861729,2,1,0,18,19,5,1,0,0,0,0,0,1,0,2,1,6,6,1,14,3,-1,-1,-1,-1,8,E01012530,0,-1
2023010444542,2023,010444542,2,1,0,18,19,3,7,0,0,1,0,0,0,0,1,1,6,6,1,31,6,-1,-1,-1,-1,6,E01003378,0,-1
2023161372828,2023,161372828,2,98,0,11,11,3,7,0,0,0,0,0,0,0,1,1,1,1,1,50,8,-1,-1,-1,-1,-1,-1,0,-1
2023421388070,2023,421388070,1,1,0,18,19,7,3,9,9,1,0,0,0,0,1,1,6,6,1,-1,-1,-1,-1,-1,-1,-1,-1,0,-1
2023622300689,2023,622300689,1,2,0,9,9,2,4,0,0,2,0,0,1,10,1,1,6,6,2,44,7,-1,-1,-1,-1,2,W01001402,0,-1
2023010429958,2023,010429958,2,9,0,99,99,9,9,99,99,9,9,99,9,99,9,9,6,6,3,-1,-1,-1,-1,-1,-1,-1,-1,0,-1
2023101376348,2023,101376348,1,4,0,5,5,5,1,0,0,5,1,0,1,0,1,1,6,6,1,40,7,-1,-1,-1,-1,1,E01008743,0,-1
2023302301737,2023,302301737,2,97,0,17,19,4,2,0,0,8,1,0,0,0,4,1,6,6,2,16,4,-1,-1,-1,-1,7,E01019770,0,-1
2023440217042,2023,440217042,3,19,0,18,19,6,2,0,0,0,0,0,0,0,3,1,6,6,3,-1,-1,-1,-1,-1,-1,-1,-1,0,-1
2023361370632,2023,361370632,1,8,0,1,1,3,5,9,9,1,0,0,0,0,2,1,5,6,3,-1,-1,-1,-1,-1,-1,-1,-1,0,-1
2023070281239,2023,070281239,2,1,0,18,19,6,2,0,0,8,0,0,0,0,4,1,6,6,1,9,2,-1,-1,-1,-1,2,E01018551,0,-1
2023010425562,2023,010425562,2,-1,0,4,4,3,7,0,0,0,0,0,0,0,1,1,6,6,1,47,8,-1,-1,-1,-1,2,E01001744,1,-1
2023430526565,2023,430526565,3,9,0,18,19,2,6,0,0,0,0,0,1,0,3,1,6,6,1,56,9,-1,-1,-1,-1,7,E01028512,0,-1
2023041261797,2023,041261797,1,9,0,18,19,2,6,0,0,0,0,0,0,0,4,1,6,6,3,-1,-1,-1,-1,-1,-1,-1,-1,0,-1
2023991364913,2023,991364913,2,9,0,7,7,2,5,0,0,1,0,0,0,0,0,1,6,6,3,-1,-1,-1,-1,-1,-1,-1,-1,0,-1
2023010443261,2023,010443261,2,1,0,11,11,1,5,0,0,0,0,0,0,0,4,1,6,6,1,40,7,-1,-1,-1,-1,2,E01003300,0,-1
2023522400663,2023,522400663,2,9,0,6,6,3,3,0,0,8,0,0,0,0,3,1,6,6,2,28,6,-1,-1,-1,-1,8,E01029024,0,-1
2023610051323,2023,610051323,2,9,0,7,7,8,2,0,0,6,0,0,0,0,2,1,1,1,1,30,6,-1,-1,-1,-1,-1,-1,0,-1
2023211329141,2023,211329141,1,9,0,18,19,1,5,0,0,0,0,0,0,0,1,1,2,2,2,46,8,-1,-1,-1,-1,-1,-1,0,-1
2023010462731,2023,010462731,2,9,0,99,99,9,9,99,99,9,9,99,9,99,1,9,6,6,3,-1,-1,-1,-1,-1,-1,-1,-1,0,-1
2023340NN1462,2023,340NN1462,1,1,0,18,19,3,7,0,0,1,0,0,0,0,1,1,6,6,1,13,3,-1,-1,-1,-1,1,E01027083,0,-1
2023461337029,2023,461337029,1,9,0,15,15,1,5,0,0,1,0,0,0,0,0,1,6,6,3,-1,-1,-1,-1,-1,-1,-1,-1,0,-1
2023461328139,2023,461328139,1,9,0,9,9,5,3,0,0,7,0,0,1,0,4,1,6,6,1,39,7,-1,-1,-1,-1,9,E01016147,0,-1
2023522300488,2023,522300488,1,-1,0,18,19,2,6,0,0,8,0,0,0,0,9,1,6,6,1,20,4,-1,-1,-1,-1,3,E01014665,1,-1
2023131279515,2023,131279515,1,9,0,18,19,4,8,0,0,8,0,0,0,0,-1,1,6,6,3,-1,-1,-1,-1,-1,-1,-1,-1,0,-1
2023631350631,2023,631350631,1,9,0,-1,-1,-1,-1,-1,-1,0,-1,-1,-1,0,-1,1,6,6,3,-1,-1,-1,-1,-1,-1,-1,-1,0,-1
2023332300321,2023,332300321,2,1,0,18,19,5,1,0,0,8,0,0,0,0,1,1,6,6,1,37,7,-1,-1,-1,-1,3,E01013613,0,-1
2023451304132,2023,451304132,1,98,0,18,19,1,5,0,0,1,0,0,0,0,0,1,6,6,3,45,7,-1,-1,-1,-1,-1,-1,0,-1
2023302300391,2023,302300391,2,19,0,2,2,0,0,0,0,1,0,0,0,0,0,1,6,6,3,-1,-1,-1,-1,-1,-1,-1,-1,0,-1
2023461397021,2023,461397021,2,9,0,18,19,7,3,0,0,0,1,0,1,11,4,1,6,6,1,49,8,-1,-1,-1,-1,5,E01016149,0,-1
2023111326069,2023,111326069,2,1,0,18,19,5,1,0,0,1,0,0,0,0,3,1,6,6,2,10,2,-1,-1,-1,-1,4,E01020801,0,-1
2023231298189,2023,231298189,1,9,0,6,6,8,8,0,0,6,0,0,0,0,1,1,6,6,1,20,4,-1,-1,-1,-1,8,E01032410,0,-1
2023522400728,2023,522400728,2,1,0,5,5,1,5,0,0,0,0,0,0,0,1,1,6,6,1,6,2,-1,-1,-1,-1,1,E01014658,0,-1
2023010466550,2023,010466550,2,1,0,8,8,5,8,9,9,6,0,0,0,0,3,1,6,6,1,49,8,-1,-1,-1,-1,4,E01003147,0,-1
2023991280044,2023,991280044,2,11,0,12,12,3,7,0,0,0,0,0,0,0,1,1,1,1,1,59,9,-1,-1,-1,-1,7,-1,0,-1
2023411345069,2023,411345069,1,1,0,18,19,2,6,0,0,0,0,11,0,0,1,1,5,6,1,55,8,-1,-1,-1,-1,10,E01023586,0,-1
2023351271001,2023,351271001,2,1,0,18,19,3,7,0,0,1,0,0,0,0,1,1,6,6,1,27,6,-1,-1,-1,-1,1,E01015639,0,-1
2023201327680,2023,201327680,2,-1,0,2,2,0,0,0,0,0,0,0,0,0,2,1,6,6,1,41,7,-1,-1,-1,-1,1,E01010430,0,-1
2023101310775,2023,101310775,2,1,0,18,19,3,7,0,0,1,0,0,0,0,2,1,6,6,2,65,9,-1,-1,-1,-1,1,E01008348,0,-1
202360A057895,2023,60A057895,1,98,0,18,19,4,8,0,0,0,0,0,0,0,0,1,6,6,3,-1,-1,-1,-1,-1,-1,-1,-1,0,-1
2023311295117,2023,311295117,3,9,0,4,4,8,4,0,0,0,0,0,0,0,2,1,5,6,2,35,6,-1,-1,-1,-1,-1,-1,0,-1
2023161350972,2023,161350972,2,1,0,18,19,1,5,9,9,8,0,0,0,0,3,1,4,7,1,14,3,-1,-1,-1,-1,1,E01012798,0,-1
2023440013398,2023,440013398,1,3,0,13,13,5,1,0,0,8,0,0,2,10,1,1,6,6,1,-1,-1,-1,-1,-1,-1,-1,-1,0,-1
2023610006223,2023,610006223,2,22,0,18,19,2,6,0,0,0,0,0,0,0,3,1,6,6,1,61,9,-1,-1,-1,-1,2,W01001385,0,-1
2023131350785,2023,131350785,2,9,0,18,19,2,6,0,0,1,0,0,0,0,1,1,6,6,3,-1,-1,-1,-1,-1,-1,-1,-1,0,-1
2023010441122,2023,010441122,1,1,9,99,99,9,9,99,99,9,9,99,9,99,9,1,1,1,1,39,7,-1,-1,-1,-1,3,E01004203,0,-1
2023041274838,2023,041274838,1,9,0,7,7,-1,-1,0,0,4,0,0,0,0,1,1,6,6,3,-1,-1,-1,-1,-1,-1,-1,-1,0,-1
2023411298852,2023,411298852,1,9,0,4,4,6,3,0,0,0,0,0,0,0,1,1,6,6,3,-1,-1,-1,-1,-1,-1,-1,-1,0,-1
2023170L20693,2023,170L20693,2,1,0,18,19,3,7,4,4,8,0,0,0,0,4,1,6,6,1,46,8,-1,-1,-1,-1,1,E01033471,0,-1
2023201358334,2023,201358334,1,-1,0,18,19,2,6,0,0,0,0,0,0,0,1,1,6,6,1,47,8,-1,-1,-1,-1,1,E01008914,1,-1
2023440476124,2023,440476124,1,1,0,18,19,4,8,0,0,8,0,0,0,0,1,1,6,6,2,63,9,-1,-1,-1,-1,7,E01017050,0,-1
2023070566718,2023,070566718,2,9,4,16,19,6,2,0,0,2,0,0,1,2,1,1,1,1,1,52,8,-1,-1,-1,-1,2,E01018739,0,-1
2023520301720,2023,520301720,1,1,0,7,7,1,5,0,0,0,0,0,0,0,2,1,6,6,1,22,5,-1,-1,-1,-1,6,E01029300,0,-1
2023010424900,2023,010424900,1,9,0,99,99,9,9,99,99,9,9,99,9,99,9,9,6,6,3,-1,-1,-1,-1,-1,-1,-1,-1,0,-1
2023201416446,2023,201416446,1,9,5,18,19,5,1,0,0,0,0,0,0,0,4,1,1,1,1,29,6,-1,-1,-1,-1,9,E01029419,0,-1
2023461379900,2023,461379900,1,19,0,18,19,5,1,0,0,1,0,0,0,0,3,1,5,6,3,-1,-1,-1,-1,-1,-1,-1,-1,0,-1
2023201414927,2023,201414927,1,9,5,9,9,4,2,0,0,5,0,0,0,0,1,1,6,6,3,24,5,-1,-1,-1,-1,8,E01032223,0,-1
2023520400997,2023,520400997,2,9,0,5,5,5,1,0,0,0,0,0,0,0,2,1,6,6,1,41,7,-1,-1,-1,-1,6,E01032652,0,-1
2023010460681,2023,010460681,1,11,0,4,4,1,5,0,0,2,0,0,0,0,0,1,1,1,1,-1,-1,-1,-1,-1,-1,-1,-1,0,-1
2023010457329,2023,010457329,2,1,0,4,4,5,1,4,4,1,0,0,0,0,1,1,2,2,1,46,8,-1,-1,-1,-1,4,E01004419,0,-1
2023141324628,2023,141324628,1,9,0,18,19,4,8,0,0,0,0,0,0,0,1,1,6,6,3,-1,-1,-1,-1,-1,-1,-1,-1,0,-1
2023061307989,2023,061307989,2,1,0,18,19,1,5,0,0,0,0,0,0,0,3,1,5,6,1,45,7,-1,-1,-1,-1,7,E01005771,0,-1
2023101263998,2023,101263998,1,9,0,18,19,5,1,9,9,0,0,0,0,0,0,1,6,6,3,40,7,-1,-1,-1,-1,-1,-1,0,-1
2023041317373,2023,041317373,1,97,0,18,19,5,1,0,0,2,0,0,2,0,1,1,6,6,1,27,6,-1,-1,-1,-1,2,E01025579,0,-1
2023991347619,2023,991347619,1,9,0,3,3,8,3,0,0,4,0,0,0,0,1,1,1,1,1,37,7,-1,-1,-1,-1,1,-1,0,-1
2023101337357,2023,101337357,1,-1,0,18,19,7,3,9,9,0,0,0,0,0,1,1,6,6,1,20,4,-1,-1,-1,-1,-1,-1,1,-1
2023430246281,2023,430246281,2,1,0,15,15,1,5,0,0,8,0,0,0,0,3,1,6,6,1,35,6,-1,-1,-1,-1,5,E01028542,0,-1
2023161314326,2023,161314326,2,-1,0,18,19,1,5,0,0,0,0,4,0,0,1,1,6,6,1,15,3,-1,-1,-1,-1,1,E01012879,1,-1
2023010450442,2023,010450442,2,1,0,15,15,7,3,4,4,1,0,8,1,0,1,1,2,2,1,58,9,-1,-1,-1,-1,5,E01002410,0,-1
2023052301731,2023,052301731,1,9,0,18,19,5,1,0,0,0,0,0,0,0,1,1,6,6,3,-1,-1,-1,-1,-1,-1,-1,-1,0,-1
2023332300016,2023,332300016,1,1,0,16,19,1,5,0,0,1,0,0,0,0,3,1,6,6,3,-1,-1,-1,-1,-1,-1,-1,-1,0,-1
2023010422360,2023,010422360,2,9,0,18,19,7,3,0,0,1,0,0,0,0,4,1,6,6,3,-1,-1,-1,-1,-1,-1,-1,-1,0,-1
2023131302027,2023,131302027,2,1,0,18,19,8,4,4,4,8,0,0,0,0,3,1,6,6,1,47,8,-1,-1,-1,-1,3,E01033005,0,-1
2023430400224,2023,430400224,2,9,0,18,19,4,8,0,0,0,0,0,0,0,3,1,6,6,1,35,6,-1,-1,-1,-1,5,E01016472,0,-1
2023622300924,2023,622300924,1,9,0,18,19,8,4,0,0,1,0,0,0,0,1,1,2,2,1,41,7,-1,-1,-1,-1,1,W01001292,0,-1
2023302301783,2023,302301783,2,1,0,18,19,5,1,0,0,0,1,0,0,0,4,1,6,6,1,57,9,-1,-1,-1,-1,1,E01013586,0,-1
2023131352838,2023,131352838,2,1,0,18,19,5,1,0,0,1,0,0,0,0,1,1,5,6,1,48,8,-1,-1,-1,-1,2,E01011374,0,-1
2023430218269,2023,430218269,2,9,0,18,19,5,1,0,0,4,0,0,0,0,1,1,6,6,2,45,7,-1,-1,-1,-1,-1,-1,0,-1
2023622300803,2023,622300803,2,1,0,18,19,8,4,0,0,1,0,0,0,0,1,1,2,2,1,22,5,-1,-1,-1,-1,9,W01000874,0,-1
2023522400457,2023,522400457,1,9,0,18,19,7,3,0,0,8,0,0,0,0,1,1,6,6,3,-1,-1,-1,-1,-1,-1,-1,-1,0,-1
2023522301771,2023,522301771,1,1,0,18,19,4,8,0,0,6,0,0,0,0,1,1,6,6,2,30,6,-1,-1,-1,-1,7,E01014649,0,-1
2023371343032,2023,371343032,1,9,0,-1,-1,-1,-1,0,0,1,0,0,0,0,1,1,6,6,3,-1,-1,-1,-1,-1,-1,-1,-1,0,-1
2023141389269,2023,141389269,2,97,0,18,19,-1,-1,0,0,1,5,0,0,0,-1,1,6,6,3,-1,-1,-1,-1,-1,-1,-1,-1,0,-1
2023010440713,2023,010440713,1,9,0,2,2,0,0,0,0,1,0,0,0,0,3,1,6,6,3,-1,-1,-1,-1,-1,-1,-1,-1,0,-1
2023522400830,2023,522400830,2,9,9,18,19,4,8,0,0,0,0,0,0,0,1,1,6,6,1,-1,-1,-1,-1,-1,-1,-1,-1,0,-1
2023320160697,2023,320160697,2,1,0,18,19,8,6,0,0,1,5,0,0,0,2,1,6,6,1,39,7,-1,-1,-1,-1,4,E01026148,0,-1
2023531292349,2023,531292349,2,1,0,18,19,4,8,0,0,1,0,0,0,0,1,1,2,2,2,54,8,-1,-1,-1,-1,6,E01022142,0,-1
2023351352779,2023,351352779,1,9,0,18,19,7,3,0,0,5,1,0,7,0,1,1,6,6,1,33,6,-1,-1,-1,-1,-1,-1,0,-1
2023320338952,2023,320338952,2,1,0,18,19,7,3,0,0,0,5,0,0,0,3,1,6,6,1,15,3,-1,-1,-1,-1,8,E01026035,0,-1
2023461382661,2023,461382661,2,1,0,18,19,4,8,5,5,0,0,0,0,0,1,1,6,6,1,66,10,-1,-1,-1,-1,8,E01024351,0,-1
2023111369669,2023,111369669,1,-1,0,18,19,7,3,9,9,1,0,0,0,0,1,1,6,6,1,12,3,-1,-1,-1,-1,-1,-1,1,-1
2023311379874,2023,311379874,3,1,0,18,19,8,4,0,0,0,0,0,0,0,2,1,5,6,1,54,8,-1,-1,-1,-1,10,E01028412,0,-1
2023201381493,2023,201381493,2,9,0,17,19,4,8,0,0,0,0,0,0,0,0,1,6,6,1,-1,-1,-1,-1,-1,-1,-1,-1,0,-1
2023401369456,2023,401369456,2,-1,0,18,19,1,5,0,0,8,0,0,0,0,1,1,5,6,1,13,3,-1,-1,-1,-1,-1,-1,1,-1
2023320780793,2023,320780793,2,90,0,2,2,0,0,0,0,0,0,0,0,0,2,1,6,6,2,20,4,-1,-1,-1,-1,4,E01026256,0,-1
2023010484226,2023,010484226,2,19,9,99,99,9,9,99,99,0,9,99,9,99,9,9,6,6,3,63,9,-1,-1,-1,-1,3,E01012079,0,-1
2023201365842,2023,201365842,2,1,0,18,19,4,6,0,0,6,0,0,0,0,1,1,6,6,1,31,6,-1,-1,-1,-1,9,E01029521,0,-1
2023010445140,2023,010445140,2,1,3,7,7,5,7,0,0,0,1,0,0,0,3,1,6,6,2,13,3,-1,-1,-1,-1,2,E01001698,0,-1
2023010447620,2023,010447620,1,9,0,5,5,3,7,9,9,7,0,0,0,0,4,1,6,6,2,82,11,-1,-1,-1,-1,10,E01002390,0,-1
2023010480595,2023,010480595,2,9,0,18,19,5,1,0,0,1,0,0,0,0,4,1,6,6,1,-1,-1,-1,-1,-1,-1,-1,-1,0,-1
2023010446511,2023,010446511,1,1,0,18,19,5,1,0,0,0,0,0,0,0,1,1,6,6,1,55,8,-1,-1,-1,-1,8,E01004075,0,-1
2023010432417,2023,010432417,2,1,0,14,14,5,1,0,0,1,0,0,0,0,1,1,6,6,1,46,8,-1,-1,-1,-1,8,E01003830,0,-1
2023320403238,2023,320403238,3,9,0,2,2,0,0,0,0,1,0,0,0,0,2,1,6,6,3,50,8,-1,-1,-1,-1,-1,-1,0,-1
2023610032823,2023,610032823,2,19,0,18,19,2,6,0,0,2,0,1,0,0,1,1,2,2,1,35,6,-1,-1,-1,-1,-1,-1,0,-1
2023131299720,2023,131299720,1,9,0,9,9,1,7,0,0,6,0,0,0,0,1,1,5,6,1,21,5,-1,-1,-1,-1,4,E01011499,0,-1
2023010443058,2023,010443058,2,9,0,99,99,9,9,99,99,9,9,99,9,99,1,9,6,6,3,-1,-1,-1,-1,-1,-1,3,E01033594,0,-1
2023070138832,2023,070138832,1,9,0,18,19,4,8,0,0,8,0,0,0,0,1,1,6,6,1,-1,-1,-1,-1,-1,-1,-1,-1,0,-1
2023421351724,2023,421351724,1,1,0,16,19,3,7,4,4,1,0,0,0,0,1,1,6,6,1,-1,-1,-1,-1,-1,-1,-1,-1,0,-1
2023351360100,2023,351360100,1,1,0,15,15,5,1,4,4,0,0,0,1,0,3,1,6,6,1,35,6,-1,-1,-1,-1,10,E01017955,0,-1
2023010434733,2023,010434733,1,1,9,18,19,5,1,0,0,1,0,0,0,0,1,1,6,6,3,-1,-1,-1,-1,-1,-1,-1,-1,0,-1
202360A145086,2023,60A145086,2,1,0,18,19,1,5,0,0,8,0,0,0,0,1,1,6,6,1,63,9,-1,-1,-1,-1,-1,-1,0,-1
2023302301723,2023,302301723,2,1,0,16,19,5,8,0,0,8,0,0,0,0,3,1,6,6,1,35,6,-1,-1,-1,-1,2,E01013588,0,-1
2023061349589,2023,061349589,1,19,0,5,5,-1,-1,0,0,2,0,0,0,0,1,1,6,6,3,-1,-1,-1,-1,-1,-1,-1,-1,0,-1
2023161349076,2023,161349076,2,9,0,18,19,4,8,0,0,2,0,0,0,0,1,1,6,6,1,-1,-1,-1,-1,-1,-1,-1,-1,0,-1
2023421344384,2023,421344384,2,1,0,5,5,2,6,0,0,0,0,0,0,0,1,1,6,6,1,15,3,-1,-1,-1,-1,10,E01021960,0,-1
202360A026182,2023,60A026182,2,1,0,16,19,5,7,0,0,0,1,0,0,0,1,1,6,6,2,52,8,-1,-1,-1,-1,-1,-1,0,-1
202363B022423,2023,63B022423,2,1,0,18,19,6,2,0,0,8,0,0,0,0,1,1,6,6,1,72,10,-1,-1,-1,-1,9,W01000534,0,-1
2023302301718,2023,302301718,2,1,0,18,19,6,2,0,0,1,1,0,0,0,1,1,4,7,1,17,4,-1,-1,-1,-1,5,E01013542,0,-1
2023610043023,2023,610043023,1,9,0,4,4,2,6,0,0,1,0,0,0,0,1,1,6,6,1,26,6,-1,-1,-1,-1,-1,-1,0,-1
2023461268904,2023,461268904,1,98,0,18,19,7,3,0,0,1,0,0,0,0,4,1,1,1,1,52,8,-1,-1,-1,-1,-1,-1,0,-1
2023461300951,2023,461300951,2,9,0,18,19,7,3,0,0,0,0,0,0,0,1,1,5,6,1,39,7,-1,-1,-1,-1,4,E01024179,0,-1
2023041380894,2023,041380894,1,9,0,18,19,3,7,0,0,1,0,0,0,0,1,1,6,6,3,-1,-1,-1,-1,-1,-1,-1,-1,0,-1
2023010442214,2023,010442214,2,22,0,9,9,1,7,0,0,6,0,0,0,0,1,1,6,6,1,38,7,-1,-1,-1,-1,2,E01004013,0,-1
2023622300901,2023,622300901,1,9,0,7,7,7,1,0,0,8,0,0,0,0,1,1,6,6,3,-1,-1,-1,-1,-1,-1,-1,-1,0,-1
2023430344406,2023,430344406,1,9,0,18,19,5,1,0,0,1,0,0,0,0,1,1,6,6,3,-1,-1,-1,-1,-1,-1,-1,-1,0,-1
2023501287334,2023,501287334,2,1,0,18,19,7,3,0,0,8,5,0,0,0,2,1,2,2,1,22,5,-1,-1,-1,-1,7,E01019973,0,-1
2023545807223,2023,545807223,1,9,0,13,13,1,5,0,0,0,0,0,0,0,4,1,1,1,1,39,7,-1,-1,-1,-1,4,E01032070,0,-1
202363A029123,2023,63A029123,2,9,0,2,2,0,0,0,0,0,0,0,0,0,4,1,6,6,2,51,8,-1,-1,-1,-1,-1,-1,0,-1
2023101316389,2023,101316389,2,1,0,18,19,1,5,0,0,1,0,0,0,0,4,1,2,2,1,36,7,-1,-1,-1,-1,-1,-1,0,-1
2023041331947,2023,041331947,2,9,0,18,19,1,5,0,0,2,0,0,0,0,3,1,6,6,1,58,9,-1,-1,-1,-1,3,E01025221,0,-1
2023010474776,2023,010474776,2,90,0,99,99,9,9,99,99,9,9,99,9,99,1,9,6,6,3,-1,-1,-1,-1,-1,-1,-1,-1,0,-1
2023010463755,2023,010463755,2,1,0,18,19,7,3,9,9,1,0,0,0,0,1,1,6,6,2,27,6,-1,-1,-1,-1,3,E01004064,0,-1
2023501387423,2023,501387423,1,9,0,4,4,2,3,0,0,1,0,0,0,0,4,1,2,2,1,77,11,-1,-1,-1,-1,4,E01020116,0,-1
2023070953269,2023,070953269,1,9,0,18,19,4,8,0,0,0,0,0,0,0,1,1,6,6,3,-1,-1,-1,-1,-1,-1,-1,-1,0,-1
2023361381644,2023,361381644,1,19,0,18,19,-1,-1,0,0,0,0,0,0,0,4,1,6,6,3,-1,-1,-1,-1,-1,-1,-1,-1,0,-1
2023231268510,2023,231268510,2,1,0,18,19,2,6,0,0,0,0,0,1,0,3,1,5,6,1,70,10,-1,-1,-1,-1,5,E01008981,0,-1
2023451274945,2023,451274945,2,90,0,18,19,1,1,0,0,0,0,0,0,0,2,1,5,6,1,22,5,-1,-1,-1,-1,9,E01004147,0,-1
2023471310556,2023,471310556,1,9,0,13,13,7,3,0,0,0,0,0,0,0,1,1,6,6,2,-1,-1,-1,-1,-1,-1,-1,-1,0,-1
2023201453223,2023,201453223,1,9,0,18,19,2,6,0,0,1,0,0,0,0,1,1,6,6,1,40,7,-1,-1,-1,-1,-1,-1,0,-1
2023421310214,2023,421310214,2,1,0,12,12,3,7,0,0,0,0,0,1,0,2,1,5,6,1,77,11,-1,-1,-1,-1,3,E01021276,0,-1
2023131285024,2023,131285024,1,9,0,-1,-1,-1,-1,-1,-1,0,-1,-1,-1,-1,-1,1,6,6,3,-1,-1,-1,-1,-1,-1,-1,-1,0,-1
2023131329622,2023,131329622,1,9,0,-1,-1,-1,-1,-1,-1,0,-1,-1,-1,-1,-1,1,6,6,3,-1,-1,-1,-1,-1,-1,-1,-1,0,-1
2023070028538,2023,070028538,1,1,0,18,19,7,3,0,0,0,0,0,0,0,1,1,1,1,1,32,6,-1,-1,-1,-1,1,E01012453,0,-1
2023010452122,2023,010452122,2,9,0,99,99,9,9,99,99,9,9,99,9,99,9,9,6,6,3,-1,-1,-1,-1,-1,-1,-1,-1,0,-1
2023340WN3002,2023,340WN3002,2,9,0,16,19,5,8,0,0,1,0,0,0,0,1,1,6,6,3,-1,-1,-1,-1,-1,-1,-1,-1,0,-1
2023302301128,2023,302301128,2,17,4,2,2,0,0,0,0,0,0,0,0,0,4,1,1,1,1,25,5,-1,-1,-1,-1,9,E01019595,0,-1
2023131266532,2023,131266532,1,9,0,-1,-1,-1,-1,-1,-1,0,-1,-1,-1,-1,-1,1,6,6,3,-1,-1,-1,-1,-1,-1,-1,-1,0,-1
2023010453668,2023,010453668,1,1,9,99,99,9,9,99,99,9,9,99,9,99,1,1,6,6,3,-1,-1,-1,-1,-1,-1,-1,-1,0,-1
2023552300522,2023,552300522,2,19,0,18,19,8,4,0,0,8,0,0,0,0,1,1,6,6,1,68,10,-1,-1,-1,-1,-1,-1,0,-1
2023010423763,2023,010423763,2,1,0,5,5,3,7,0,0,2,0,0,0,0,1,1,4,7,1,14,3,-1,-1,-1,-1,9,E01001123,0,-1
2023101378840,2023,101378840,2,1,-1,-1,-1,-1,-1,-1,-1,0,-1,-1,-1,0,-1,1,6,6,1,20,4,-1,-1,-1,-1,4,E01008732,0,-1
2023552300395,2023,552300395,1,9,0,13,13,4,8,0,0,0,0,0,0,0,0,1,6,6,3,-1,-1,-1,-1,-1,-1,-1,-1,0,-1
2023010455365,2023,010455365,1,1,9,99,99,9,9,99,99,9,9,99,9,99,9,1,2,2,2,56,9,-1,-1,-1,-1,9,E01004092,0,-1
2023461360037,2023,461360037,2,1,0,18,19,1,5,0,0,1,0,0,0,0,1,1,6,6,1,57,9,-1,-1,-1,-1,4,E01024179,0,-1
2023101349680,2023,101349680,1,9,0,18,19,3,7,0,0,8,0,0,0,0,1,1,6,6,1,30,6,-1,-1,-1,-1,-1,-1,0,-1
2023471316739,2023,471316739,1,9,0,18,19,8,5,0,0,0,0,0,0,0,-1,1,6,6,1,-1,-1,-1,-1,-1,-1,-1,-1,0,-1
2023471346489,2023,471346489,2,1,0,18,19,7,3,0,0,1,0,0,0,0,4,1,5,6,1,46,8,-1,-1,-1,-1,7,E01012966,0,-1
2023522400840,2023,522400840,1,8,0,4,4,4,8,9,9,0,0,7,9,10,1,1,1,1,1,-1,-1,-1,-1,-1,-1,-1,-1,0,-1