collision_index,collision_year,collision_ref_no,vehicle_reference,vehicle_type,towing_and_articulation,vehicle_manoeuvre_historic,vehicle_manoeuvre,vehicle_direction_from,vehicle_direction_to,vehicle_location_restricted_lane_historic,vehicle_location_restricted_lane,junction_location,skidding_and_overturning,hit_object_in_carriageway,vehicle_leaving_carriageway,hit_object_off_carriageway,first_point_of_impact,vehicle_left_hand_drive,journey_purpose_of_driver_historic,journey_purpose_of_driver,sex_of_driver,age_of_driver,age_band_of_driver,engine_capacity_cc,propulsion_code,age_of_vehicle,generic_make_model,driver_imd_decile,lsoa_of_driver,escooter_flag,driver_distance_banding
2023201448510,2023,201448510,2,9,0,18,19,6,2,0,0,2,0,0,0,0,4,1,6,6,3,57,9,-1,-1,-1,-1,1,E01008995,0,-1
2023461275885,2023,461275885,1,9,0,17,19,7,3,0,0,1,2,0,8,0,3,1,5,6,1,60,9,-1,-1,-1,-1,8,E01000655,0,-1
2023201318998,2023,201318998,2,1,0,9,9,2,8,0,0,6,0,0,0,0,3,1,4,7,1,16,4,-1,-1,-1,-1,2,E01008942,0,-1
2023461284293,2023,461284293,1,9,0,18,19,7,3,0,0,0,0,0,0,0,1,1,6,6,1,29,6,-1,-1,-1,-1,5,E01024206,0,-1
2023201346739,2023,201346739,1,-1,0,18,19,2,6,0,0,0,0,0,0,0,1,1,6,6,1,-1,-1,-1,-1,-1,-1,-1,-1,0,-1
2023161273421,2023,161273421,1,1,0,18,19,2,6,4,4,8,0,0,0,0,3,1,2,2,1,36,7,-1,-1,-1,-1,1,E01012864,0,-1
2023332300429,2023,332300429,2,1,0,18,19,7,3,0,0,6,0,0,0,0,1,1,6,6,1,47,8,-1,-1,-1,-1,4,E01013714,0,-1
2023302301472,2023,302301472,2,1,0,18,19,5,1,0,0,0,0,0,0,0,1,1,6,6,1,11,3,-1,-1,-1,-1,5,E01019470,0,-1
2023552301358,2023,552301358,1,9,0,18,19,2,6,0,0,0,0,0,0,0,4,1,1,1,1,42,7,-1,-1,-1,-1,2,E01029410,0,-1
2023440148763,2023,440148763,2,1,0,17,19,4,2,0,0,8,0,0,0,0,1,1,6,6,1,13,3,-1,-1,-1,-1,-1,-1,0,-1
202360A093061,2023,60A093061,2,3,0,4,4,8,2,0,0,1,0,0,0,0,1,1,6,6,1,35,6,-1,-1,-1,-1,-1,-1,0,-1
2023361342792,2023,361342792,1,9,0,18,19,1,5,0,0,5,0,0,0,0,1,1,1,1,1,55,8,-1,-1,-1,-1,6,E01026494,0,-1
2023010452389,2023,010452389,1,1,9,99,99,9,9,99,99,9,9,99,9,99,9,1,6,6,1,31,6,-1,-1,-1,-1,4,E01004658,0,-1
2023991372462,2023,991372462,2,1,0,18,19,1,5,0,0,8,0,0,0,0,3,1,6,6,1,45,7,-1,-1,-1,-1,10,-1,0,-1
2023201295602,2023,201295602,2,1,0,18,19,6,2,4,4,8,0,0,0,0,4,1,2,2,1,49,8,-1,-1,-1,-1,3,E01008930,0,-1
2023471328311,2023,471328311,2,1,0,18,19,7,3,0,0,0,0,0,0,0,3,1,6,6,1,69,10,-1,-1,-1,-1,-1,-1,0,-1
2023201312915,2023,201312915,2,1,0,18,19,5,1,0,0,8,0,0,0,0,1,1,6,6,2,71,10,-1,-1,-1,-1,9,E01009694,0,-1
2023031316959,2023,031316959,1,9,5,7,7,4,8,0,0,0,0,0,0,0,0,1,6,6,3,-1,-1,-1,-1,-1,-1,-1,-1,0,-1
2023061386553,2023,061386553,2,1,-1,-1,-1,-1,-1,-1,-1,-1,-1,-1,-1,0,-1,1,2,2,1,31,6,-1,-1,-1,-1,8,E01005155,0,-1
2023501302126,2023,501302126,1,20,0,9,9,2,3,0,0,0,0,0,0,0,4,1,1,1,1,26,6,-1,-1,-1,-1,3,E01020073,0,-1
2023522400027,2023,522400027,1,9,0,4,4,3,7,0,0,0,0,0,0,0,2,1,6,6,1,27,6,-1,-1,-1,-1,8,E01014899,0,-1
2023430482863,2023,430482863,1,9,0,2,2,0,0,0,0,0,0,0,0,0,3,1,1,1,1,60,9,-1,-1,-1,-1,-1,-1,0,-1
2023471355340,2023,471355340,2,1,0,3,3,5,1,0,0,4,0,0,0,0,2,1,5,6,1,69,10,-1,-1,-1,-1,7,E01024521,0,-1
2023010451144,2023,010451144,1,1,9,99,99,9,9,99,99,9,9,99,9,99,9,1,2,2,1,44,7,-1,-1,-1,-1,4,E01002551,0,-1
2023340NN0992,2023,340NN0992,2,9,0,18,19,3,7,0,0,1,0,0,1,0,1,1,6,6,1,71,10,-1,-1,-1,-1,4,E01026952,0,-1
2023311318074,2023,311318074,2,1,0,18,19,3,7,0,0,1,0,0,0,0,2,1,6,6,1,47,8,-1,-1,-1,-1,-1,-1,0,-1
2023010482943,2023,010482943,2,23,0,18,19,7,3,0,0,0,0,0,0,0,1,1,6,6,3,-1,-1,-1,-1,-1,-1,-1,-1,0,-1
2023010464262,2023,010464262,1,-1,0,18,19,8,4,9,9,6,0,0,0,0,1,1,6,6,3,-1,-1,-1,-1,-1,-1,-1,-1,1,-1
2023161353433,2023,161353433,2,9,0,2,2,0,0,0,0,0,0,0,0,0,2,1,5,6,1,61,9,-1,-1,-1,-1,-1,-1,0,-1
2023010473879,2023,010473879,2,1,0,5,5,5,1,0,0,6,0,0,0,0,1,1,6,6,1,35,6,-1,-1,-1,-1,3,E01001814,0,-1
2023122300550,2023,122300550,2,22,0,18,19,7,3,0,0,8,0,0,0,0,4,1,6,6,1,79,11,-1,-1,-1,-1,8,E01027611,0,-1
2023461313216,2023,461313216,1,9,0,15,15,5,1,0,0,0,0,0,0,0,1,1,6,6,3,-1,-1,-1,-1,-1,-1,-1,-1,0,-1
2023131324261,2023,131324261,1,1,0,18,19,5,1,0,0,8,0,0,0,0,1,1,5,6,1,27,6,-1,-1,-1,-1,1,E01011294,0,-1
2023201378337,2023,201378337,1,9,0,5,5,1,5,0,0,6,0,0,0,0,1,1,5,6,1,35,6,-1,-1,-1,-1,1,E01010342,0,-1
2023010460159,2023,010460159,1,1,0,18,19,8,4,0,0,0,0,4,1,0,1,1,6,6,1,21,5,-1,-1,-1,-1,5,E01001644,0,-1
2023010458510,2023,010458510,2,1,0,9,9,5,3,0,0,5,0,0,0,0,1,1,2,2,1,28,6,-1,-1,-1,-1,5,E01002667,0,-1
2023141284190,2023,141284190,2,9,0,18,19,2,2,0,0,0,0,0,0,0,1,1,6,6,3,-1,-1,-1,-1,-1,-1,-1,-1,0,-1
2023010485629,2023,010485629,1,9,0,3,3,3,7,0,0,0,0,0,0,0,1,1,1,1,1,47,8,-1,-1,-1,-1,3,E01000372,0,-1
2023471368564,2023,471368564,1,9,0,18,19,-1,-1,0,0,0,0,0,0,0,1,1,6,6,3,-1,-1,-1,-1,-1,-1,-1,-1,0,-1
2023371392900,2023,371392900,2,1,0,18,19,2,7,0,0,1,0,0,0,0,2,1,6,6,1,50,8,-1,-1,-1,-1,6,E01029879,0,-1
2023101289496,2023,101289496,1,9,0,18,19,6,2,0,0,0,0,0,0,0,4,1,6,6,1,-1,-1,-1,-1,-1,-1,-1,-1,0,-1
2023010471004,2023,010471004,2,-1,0,18,19,3,7,0,0,5,0,0,0,0,1,1,6,6,1,17,4,-1,-1,-1,-1,1,E01000508,1,-1
2023041347015,2023,041347015,2,1,0,18,19,1,7,0,0,3,0,0,0,0,3,1,6,6,1,22,5,-1,-1,-1,-1,2,E01012625,0,-1
2023201418711,2023,201418711,1,8,0,9,9,4,2,0,0,1,0,0,0,0,1,1,6,6,1,-1,-1,-1,-1,-1,-1,-1,-1,0,-1
2023221273918,2023,221273918,2,1,0,18,19,1,5,0,0,0,0,0,1,9,4,1,5,6,1,59,9,-1,-1,-1,-1,7,E01032123,0,-1
2023201271340,2023,201271340,2,1,0,18,19,8,4,0,0,0,0,0,0,0,1,1,4,7,1,15,3,-1,-1,-1,-1,4,E01010459,0,-1
2023061371529,2023,061371529,1,11,-1,-1,-1,-1,-1,-1,-1,-1,-1,-1,-1,0,-1,1,1,1,3,-1,-1,-1,-1,-1,-1,-1,-1,0,-1
2023010433756,2023,010433756,1,9,0,7,7,1,3,6,6,5,0,0,0,0,1,1,6,6,3,-1,-1,-1,-1,-1,-1,-1,-1,0,-1
2023461341805,2023,461341805,2,1,0,18,19,5,1,0,0,0,1,0,0,0,1,1,1,1,1,38,7,-1,-1,-1,-1,10,E01024423,0,-1
2023531340402,2023,531340402,1,-1,0,18,19,3,7,0,0,1,5,0,0,0,3,1,5,6,1,13,3,-1,-1,-1,-1,1,E01022152,1,-1
2023052302596,2023,052302596,2,1,0,18,19,5,1,0,0,1,0,0,0,0,3,1,6,6,1,54,8,-1,-1,-1,-1,1,E01006613,0,-1
2023041343285,2023,041343285,2,1,0,18,19,1,5,0,0,8,0,0,0,0,1,1,5,6,1,29,6,-1,-1,-1,-1,2,E01025290,0,-1
2023041309488,2023,041309488,1,2,0,18,19,-1,-1,0,0,2,0,0,0,0,1,1,6,6,3,-1,-1,-1,-1,-1,-1,-1,-1,0,-1
2023201459028,2023,201459028,2,9,0,18,19,4,8,0,0,8,0,0,0,0,3,1,6,6,2,65,9,-1,-1,-1,-1,1,E01009300,0,-1
2023440373917,2023,440373917,2,1,0,18,19,1,5,0,0,8,0,0,0,0,3,1,6,6,1,32,6,-1,-1,-1,-1,7,E01017049,0,-1
2023141355297,2023,141355297,1,22,0,5,5,3,7,0,0,2,0,0,0,0,1,1,6,6,1,86,11,-1,-1,-1,-1,3,E01007510,0,-1
202360A141136,2023,60A141136,1,10,0,18,19,3,7,0,0,0,0,0,0,0,1,1,1,1,1,52,8,-1,-1,-1,-1,-1,-1,0,-1
2023430443406,2023,430443406,2,21,0,12,12,7,3,0,0,3,0,0,0,0,0,1,6,6,1,-1,-1,-1,-1,-1,-1,-1,-1,0,-1
2023052300261,2023,052300261,1,9,0,5,5,1,5,0,0,0,0,0,0,0,4,1,6,6,3,-1,-1,-1,-1,-1,-1,-1,-1,0,-1
2023471265914,2023,471265914,1,9,0,17,19,7,3,0,0,1,2,0,1,0,1,1,1,1,1,21,5,-1,-1,-1,-1,9,E01021226,0,-1
2023041383953,2023,041383953,1,9,4,5,5,5,1,0,0,0,0,0,0,0,4,1,1,1,1,28,6,-1,-1,-1,-1,4,E01012661,0,-1
2023302300803,2023,302300803,1,1,0,18,19,8,4,0,0,8,0,0,1,1,4,1,6,6,1,-1,-1,-1,-1,-1,-1,1,E01013487,0,-1
2023010445999,2023,010445999,2,1,0,9,9,8,5,0,0,3,0,0,0,0,1,1,6,6,1,14,3,-1,-1,-1,-1,2,E01004246,0,-1
2023010439688,2023,010439688,1,1,9,99,99,9,9,99,99,9,9,99,9,99,1,1,6,6,3,25,5,-1,-1,-1,-1,2,E01001191,0,-1
2023010467255,2023,010467255,2,1,0,18,19,5,1,0,0,1,0,0,0,0,1,1,1,1,1,24,5,-1,-1,-1,-1,6,E01032567,0,-1
2023170S11113,2023,170S11113,2,9,0,18,19,6,2,0,0,1,0,0,0,0,4,1,6,6,2,-1,-1,-1,-1,-1,-1,-1,-1,0,-1
2023610025323,2023,610025323,1,9,0,1,1,4,8,0,0,0,0,0,0,0,2,1,6,6,1,-1,-1,-1,-1,-1,-1,-1,-1,0,-1
2023311263530,2023,311263530,1,9,0,7,7,4,6,0,0,6,0,0,0,0,1,1,5,6,1,32,6,-1,-1,-1,-1,2,E01013966,0,-1
2023440033737,2023,440033737,1,4,0,18,19,8,4,0,0,2,0,7,0,0,1,1,2,2,1,55,8,-1,-1,-1,-1,6,E01022831,0,-1
2023010472943,2023,010472943,2,9,9,99,99,9,9,99,99,9,9,99,9,99,9,9,6,6,3,-1,-1,-1,-1,-1,-1,-1,-1,0,-1
2023052300096,2023,052300096,1,9,9,99,99,2,6,0,0,0,9,99,0,0,3,1,6,6,3,-1,-1,-1,-1,-1,-1,-1,-1,0,-1
2023501288098,2023,501288098,1,9,0,18,19,1,4,0,0,0,0,0,0,0,1,1,6,6,1,-1,-1,-1,-1,-1,-1,-1,-1,0,-1
2023430128667,2023,430128667,1,22,0,18,19,7,3,0,0,8,0,0,1,0,0,1,6,6,1,60,9,-1,-1,-1,-1,3,E01016486,0,-1
2023010422966,2023,010422966,1,1,9,18,19,7,3,99,99,0,9,99,9,99,4,1,1,1,1,42,7,-1,-1,-1,-1,5,E01001895,0,-1
2023361354098,2023,361354098,1,9,-1,-1,-1,3,6,-1,-1,-1,-1,-1,-1,-1,-1,1,6,6,1,50,8,-1,-1,-1,-1,4,E01026814,0,-1
2023481371506,2023,481371506,1,19,0,6,6,5,5,0,0,0,0,0,0,0,3,1,1,1,1,40,7,-1,-1,-1,-1,-1,-1,0,-1
2023411295761,2023,411295761,1,1,0,18,19,6,2,0,0,1,0,0,0,0,3,1,2,2,1,58,9,-1,-1,-1,-1,5,E01023843,0,-1
2023201408315,2023,201408315,2,1,0,18,19,4,8,0,0,2,0,8,0,0,3,1,4,7,3,14,3,-1,-1,-1,-1,9,E01010206,0,-1
2023131311500,2023,131311500,1,9,0,-1,-1,-1,-1,-1,-1,-1,-1,-1,-1,-1,-1,1,6,6,3,-1,-1,-1,-1,-1,-1,-1,-1,0,-1
2023471289494,2023,471289494,1,-1,0,18,19,2,6,9,9,2,0,0,0,0,1,1,6,6,3,-1,-1,-1,-1,-1,-1,-1,-1,1,-1
2023061308558,2023,061308558,2,1,0,18,19,6,2,0,0,1,0,0,0,0,1,1,6,6,1,15,3,-1,-1,-1,-1,9,E01006400,0,-1
2023010429278,2023,010429278,1,1,0,18,19,8,4,5,5,2,0,0,0,0,1,1,6,6,3,-1,-1,-1,-1,-1,-1,-1,-1,0,-1
2023010445043,2023,010445043,1,1,9,99,99,9,9,99,99,9,9,99,9,99,1,1,2,2,1,28,6,-1,-1,-1,-1,7,E01003218,0,-1
2023201284301,2023,201284301,1,3,0,9,9,8,6,0,0,2,0,0,0,0,1,1,6,6,1,61,9,-1,-1,-1,-1,6,E01009909,0,-1
2023221326465,2023,221326465,2,1,0,18,19,4,8,0,0,0,0,0,0,0,4,1,5,6,1,52,8,-1,-1,-1,-1,2,E01009158,0,-1
2023430272918,2023,430272918,2,1,0,18,19,4,8,4,4,4,0,0,0,0,1,1,6,6,2,21,5,-1,-1,-1,-1,4,E01028587,0,-1
2023471367283,2023,471367283,3,9,0,18,19,8,5,0,0,1,0,0,0,0,1,1,6,6,3,-1,-1,-1,-1,-1,-1,-1,-1,0,-1
2023201443145,2023,201443145,2,-1,0,18,19,8,4,0,0,8,0,0,0,0,1,1,6,6,1,23,5,-1,-1,-1,-1,1,E01009203,0,-1
2023161381201,2023,161381201,2,9,0,18,19,5,1,0,0,1,0,0,0,0,1,1,6,6,1,-1,-1,-1,-1,-1,-1,7,E01013039,0,-1
2023231307946,2023,231307946,1,9,0,18,19,8,4,0,0,0,0,0,1,1,4,1,1,1,1,80,11,-1,-1,-1,-1,9,E01016257,0,-1
2023122300108,2023,122300108,1,19,0,18,19,1,5,0,0,1,0,0,0,0,1,1,6,6,3,-1,-1,-1,-1,-1,-1,-1,-1,0,-1
2023041331964,2023,041331964,1,9,0,18,19,5,1,0,0,0,0,0,0,0,1,1,2,2,1,22,5,-1,-1,-1,-1,2,E01025274,0,-1
2023440486227,2023,440486227,1,1,0,18,19,5,1,0,0,8,0,0,0,0,2,1,6,6,1,47,8,-1,-1,-1,-1,9,E01030768,0,-1
2023010437141,2023,010437141,1,1,0,3,3,7,3,0,0,3,0,0,0,0,9,1,6,6,1,26,6,-1,-1,-1,-1,3,E01003602,0,-1
2023361316637,2023,361316637,1,1,-1,-1,-1,-1,-1,-1,-1,0,-1,-1,-1,0,-1,1,6,6,3,-1,-1,-1,-1,-1,-1,-1,-1,0,-1
2023201304410,2023,201304410,2,9,0,5,5,4,8,0,0,6,0,0,0,0,1,1,6,6,2,-1,-1,-1,-1,-1,-1,5,E01024478,0,-1
2023231266056,2023,231266056,1,-1,0,18,19,6,2,0,0,0,0,0,0,0,3,1,6,6,3,35,6,-1,-1,-1,-1,-1,-1,0,-1
2023501357973,2023,501357973,2,1,0,18,19,1,5,0,0,0,0,0,0,0,2,1,6,6,1,60,9,-1,-1,-1,-1,5,E01020123,0,-1
2023101391878,2023,101391878,1,9,0,15,15,3,7,0,0,0,0,0,0,0,4,1,1,1,1,33,6,-1,-1,-1,-1,1,E01008212,0,-1
2023552300903,2023,552300903,1,-1,0,18,19,1,5,0,0,6,0,0,0,0,1,1,6,6,3,-1,-1,-1,-1,-1,-1,-1,-1,1,-1
2023421286331,2023,421286331,2,9,0,4,4,4,8,0,0,0,0,0,0,0,2,1,1,1,1,67,10,-1,-1,-1,-1,9,E01021961,0,-1
2023302301152,2023,302301152,1,9,0,18,19,8,4,0,0,2,0,0,0,0,1,1,6,6,1,33,6,-1,-1,-1,-1,2,E01013523,0,-1
2023211378579,2023,211378579,2,9,-1,1,1,6,2,-1,-1,0,-1,-1,-1,0,-1,1,5,6,3,-1,-1,-1,-1,-1,-1,-1,-1,0,-1
2023991377148,2023,991377148,1,1,0,9,9,2,7,0,0,8,2,0,0,0,4,1,1,1,1,26,6,-1,-1,-1,-1,2,-1,0,-1
2023010445061,2023,010445061,2,1,0,18,19,7,3,0,0,2,0,0,0,0,0,1,6,6,1,43,7,-1,-1,-1,-1,5,E01001029,0,-1
2023991340795,2023,991340795,1,9,0,18,19,6,2,0,0,3,0,0,0,0,3,1,1,1,1,24,5,-1,-1,-1,-1,4,-1,0,-1
2023010477978,2023,010477978,1,1,9,99,99,9,9,99,99,9,9,99,9,99,9,1,6,6,1,49,8,-1,-1,-1,-1,4,E01003117,0,-1
2023340NN1532,2023,340NN1532,2,1,0,18,19,8,5,0,0,1,2,0,0,0,1,1,6,6,1,49,8,-1,-1,-1,-1,7,E01025784,0,-1
2023320042285,2023,320042285,3,9,0,5,5,2,6,0,0,0,0,0,0,0,3,1,6,6,2,21,5,-1,-1,-1,-1,4,E01026016,0,-1
2023610016223,2023,610016223,2,22,0,18,19,5,1,0,0,0,0,0,0,0,0,1,6,6,3,-1,-1,-1,-1,-1,-1,-1,-1,0,-1
2023440490896,2023,440490896,1,1,0,18,19,6,2,0,0,1,0,0,0,0,1,1,1,1,1,22,5,-1,-1,-1,-1,2,E01017153,0,-1
2023430398166,2023,430398166,1,9,0,13,13,5,1,0,0,0,0,0,0,0,4,1,1,1,1,57,9,-1,-1,-1,-1,4,E01022474,0,-1
2023010460181,2023,010460181,1,9,0,18,19,3,7,0,0,8,0,0,0,0,1,1,6,6,3,-1,-1,-1,-1,-1,-1,-1,-1,0,-1
2023461269919,2023,461269919,1,11,0,18,19,3,7,0,0,0,0,0,0,0,3,1,6,6,1,33,6,-1,-1,-1,-1,-1,-1,0,-1
2023052400003,2023,052400003,1,1,0,18,19,2,1,0,0,3,0,0,0,0,2,1,6,6,1,17,4,-1,-1,-1,-1,1,E01012545,0,-1
2023161302975,2023,161302975,1,1,0,18,19,3,7,4,4,8,0,0,0,0,1,1,6,6,1,27,6,-1,-1,-1,-1,1,E01012855,0,-1
2023421345286,2023,421345286,1,9,0,18,19,2,6,0,0,0,0,0,0,0,1,1,6,6,1,51,8,-1,-1,-1,-1,-1,-1,0,-1
2023421343665,2023,421343665,2,97,0,18,19,3,7,0,0,0,0,0,0,0,0,1,6,6,3,-1,-1,-1,-1,-1,-1,-1,-1,0,-1
2023311327781,2023,311327781,1,1,0,18,19,5,1,9,9,0,0,0,0,0,1,1,1,1,1,22,5,-1,-1,-1,-1,-1,-1,0,-1
2023991366319,2023,991366319,2,1,0,18,19,5,2,0,0,1,0,0,0,0,1,1,5,6,1,39,7,-1,-1,-1,-1,1,-1,0,-1
2023340WN6662,2023,340WN6662,1,9,0,18,19,2,6,0,0,4,0,0,0,0,1,1,6,6,1,-1,-1,-1,-1,-1,-1,-1,-1,0,-1
2023010436838,2023,010436838,1,9,0,18,19,5,1,9,9,2,0,0,0,0,4,1,6,6,1,77,11,-1,-1,-1,-1,7,E01023506,0,-1
2023421272356,2023,421272356,2,1,0,18,19,3,7,0,0,1,0,0,0,0,1,1,5,6,1,59,9,-1,-1,-1,-1,-1,-1,0,-1
2023351270279,2023,351270279,2,1,0,18,19,-1,-1,0,0,0,0,0,0,0,4,1,5,6,1,79,11,-1,-1,-1,-1,8,E01018021,0,-1
2023340NN2502,2023,340NN2502,1,9,0,18,19,2,6,0,0,1,0,0,0,0,1,1,6,6,2,-1,-1,-1,-1,-1,-1,-1,-1,0,-1
2023320198274,2023,320198274,2,1,0,18,19,4,8,0,0,3,0,0,0,0,4,1,6,6,1,31,6,-1,-1,-1,-1,5,E01026264,0,-1
2023451354576,2023,451354576,1,1,0,18,19,5,1,0,0,1,0,0,0,0,0,1,5,6,1,48,8,-1,-1,-1,-1,8,E01030565,0,-1
2023010426055,2023,010426055,1,11,0,18,19,7,3,99,99,9,9,99,9,99,4,1,6,6,1,-1,-1,-1,-1,-1,-1,-1,-1,0,-1
2023320373381,2023,320373381,1,9,0,18,19,2,6,0,0,0,0,0,0,0,4,1,6,6,2,75,10,-1,-1,-1,-1,3,E01013732,0,-1
2023471349288,2023,471349288,1,9,0,18,19,5,8,0,0,1,0,0,0,0,1,1,6,6,3,-1,-1,-1,-1,-1,-1,-1,-1,0,-1
2023101310818,2023,101310818,2,1,0,9,9,1,5,0,0,1,0,4,0,0,1,1,5,6,1,43,7,-1,-1,-1,-1,1,E01008380,0,-1
2023010449934,2023,010449934,4,9,0,18,19,7,3,0,0,0,0,0,0,0,0,1,6,6,3,23,5,-1,-1,-1,-1,-1,-1,0,-1
2023421321603,2023,421321603,2,1,0,18,19,2,6,0,0,1,0,0,0,0,1,1,5,6,2,15,3,-1,-1,-1,-1,4,E01021508,0,-1
2023371337509,2023,371337509,2,1,0,18,19,3,7,0,0,1,0,0,0,0,3,1,2,2,1,19,4,-1,-1,-1,-1,5,E01029961,0,-1
2023991290825,2023,991290825,1,19,0,9,9,1,7,0,0,1,0,0,0,0,1,1,6,6,3,23,5,-1,-1,-1,-1,-1,-1,0,-1
2023052302897,2023,052302897,2,1,0,18,19,5,1,0,0,0,0,0,0,0,2,1,6,6,1,59,9,-1,-1,-1,-1,3,E01006815,0,-1
2023131277297,2023,131277297,2,1,0,18,19,2,6,0,0,8,5,0,0,0,2,1,5,6,1,13,3,-1,-1,-1,-1,1,E01010654,0,-1
2023070316580,2023,070316580,2,1,0,18,19,3,7,0,0,6,0,0,0,0,4,1,6,6,1,46,8,-1,-1,-1,-1,1,E01033300,0,-1
2023031283667,2023,031283667,2,17,0,18,19,4,8,0,0,0,0,0,0,0,3,1,5,6,2,61,9,-1,-1,-1,-1,8,E01019224,0,-1
2023351363911,2023,351363911,2,1,0,18,19,-1,-1,0,0,0,0,10,0,0,1,1,4,7,1,14,3,-1,-1,-1,-1,2,E01015632,0,-1
2023501321361,2023,501321361,1,9,0,18,19,6,2,0,0,0,1,10,8,1,1,1,6,6,1,38,7,-1,-1,-1,-1,4,E01020288,0,-1
2023351338157,2023,351338157,2,19,0,4,4,8,5,0,0,0,0,0,0,0,2,1,1,1,2,36,7,-1,-1,-1,-1,5,E01018041,0,-1
2023461320641,2023,461320641,1,9,0,18,19,7,3,0,0,0,0,0,0,0,1,1,6,6,1,28,6,-1,-1,-1,-1,8,E01024053,0,-1
2023131373470,2023,131373470,1,23,0,18,19,6,2,0,0,0,0,0,0,0,1,1,6,6,1,38,7,-1,-1,-1,-1,1,E01011659,0,-1
2023131301856,2023,131301856,2,9,0,13,13,1,5,0,0,0,0,0,0,0,0,1,6,6,3,-1,-1,-1,-1,-1,-1,-1,-1,0,-1
2023522300911,2023,522300911,2,3,0,18,19,8,4,0,0,8,0,0,0,0,1,1,6,6,1,40,7,-1,-1,-1,-1,3,E01014681,0,-1
2023320678180,2023,320678180,1,9,0,18,19,2,4,0,0,6,0,0,0,0,1,1,6,6,2,-1,-1,-1,-1,-1,-1,-1,-1,0,-1
2023471280680,2023,471280680,1,9,0,18,19,3,7,0,0,0,0,0,0,0,3,1,6,6,3,-1,-1,-1,-1,-1,-1,-1,-1,0,-1
2023010451309,2023,010451309,2,1,0,18,19,7,3,4,4,1,0,0,0,0,3,1,6,6,1,24,5,-1,-1,-1,-1,2,E01004242,0,-1
2023401349548,2023,401349548,1,-1,0,18,19,3,7,0,0,2,0,0,0,0,1,1,6,6,3,-1,-1,-1,-1,-1,-1,-1,-1,0,-1
2023010437521,2023,010437521,1,1,0,17,19,7,3,0,0,0,2,0,0,0,0,1,6,6,2,36,7,-1,-1,-1,-1,9,E01003809,0,-1
2023041344428,2023,041344428,2,1,0,18,19,5,1,9,9,0,0,0,0,0,0,1,5,6,1,66,10,-1,-1,-1,-1,2,E01025481,0,-1
2023501399635,2023,501399635,2,1,0,18,19,7,3,0,0,0,5,0,0,0,4,1,6,6,1,35,6,-1,-1,-1,-1,2,E01020039,0,-1
2023161277238,2023,161277238,1,8,0,18,19,6,2,0,0,1,0,0,0,0,4,1,6,6,1,-1,-1,-1,-1,-1,-1,-1,-1,0,-1
2023010468984,2023,010468984,2,1,9,99,99,9,9,99,99,9,9,99,9,99,9,1,6,6,2,59,9,-1,-1,-1,-1,7,E01001204,0,-1
2023440366420,2023,440366420,2,9,0,18,19,1,5,0,0,0,0,0,0,0,1,1,6,6,1,39,7,-1,-1,-1,-1,4,E01017211,0,-1
2023010445059,2023,010445059,1,1,9,99,99,9,9,99,99,9,9,99,9,99,9,1,6,6,1,52,8,-1,-1,-1,-1,6,E01002023,0,-1
2023320492076,2023,320492076,1,22,0,18,19,8,4,9,9,0,5,0,0,0,1,1,6,6,1,78,11,-1,-1,-1,-1,3,E01026311,0,-1
2023340WN2112,2023,340WN2112,2,1,0,18,19,1,5,0,0,0,0,0,0,0,2,1,6,6,1,48,8,-1,-1,-1,-1,4,E01027142,0,-1
2023010443384,2023,010443384,1,9,0,18,19,7,3,0,0,8,0,0,0,0,1,1,6,6,3,-1,-1,-1,-1,-1,-1,-1,-1,0,-1
2023201339787,2023,201339787,1,98,0,9,9,6,4,0,0,8,0,0,0,0,1,1,1,1,1,35,6,-1,-1,-1,-1,-1,-1,0,-1
2023010423697,2023,010423697,1,1,9,99,99,9,9,99,99,9,9,99,9,99,9,1,6,6,1,28,6,-1,-1,-1,-1,7,E01032000,0,-1
2023461363440,2023,461363440,1,9,0,4,4,7,3,0,0,0,0,0,0,0,1,1,6,6,1,35,6,-1,-1,-1,-1,6,E01024571,0,-1
2023041311981,2023,041311981,2,1,0,18,19,1,5,0,0,1,0,0,0,0,1,1,6,6,1,44,7,-1,-1,-1,-1,4,E01025099,0,-1
2023411346328,2023,411346328,1,9,0,18,19,6,2,0,0,4,0,0,0,0,-1,1,6,6,3,-1,-1,-1,-1,-1,-1,-1,-1,0,-1
2023552300072,2023,552300072,1,1,0,18,19,2,6,0,0,0,0,0,0,0,4,1,6,6,1,50,8,-1,-1,-1,-1,3,E01020556,0,-1
2023520400233,2023,520400233,2,19,0,18,19,3,7,0,0,0,0,0,0,0,1,1,6,6,3,-1,-1,-1,-1,-1,-1,-1,-1,0,-1
2023440330517,2023,440330517,1,1,0,18,19,5,1,0,0,0,0,0,0,0,1,1,6,6,1,28,6,-1,-1,-1,-1,-1,-1,0,-1
2023440253584,2023,440253584,2,1,0,18,19,7,3,0,0,8,0,0,0,0,3,1,1,1,1,31,6,-1,-1,-1,-1,4,E01017234,0,-1
2023071256537,2023,071256537,1,1,0,18,19,5,1,5,5,0,0,0,0,11,0,1,4,7,1,11,3,-1,-1,-1,-1,8,E01012450,0,-1
2023520400838,2023,520400838,1,22,0,18,19,5,1,0,0,0,0,0,0,0,9,1,6,6,1,31,6,-1,-1,-1,-1,9,E01029076,0,-1
2023311311743,2023,311311743,1,97,0,15,15,7,3,0,0,0,0,0,0,0,3,1,5,6,1,16,4,-1,-1,-1,-1,-1,-1,0,-1
2023010484756,2023,010484756,2,1,0,18,19,5,1,9,9,0,0,10,1,0,2,1,6,6,2,30,6,-1,-1,-1,-1,5,E01032790,0,-1
2023522301323,2023,522301323,1,1,0,18,19,9,9,0,0,0,0,0,0,0,9,1,6,6,1,23,5,-1,-1,-1,-1,2,E01014659,0,-1
2023010450630,2023,010450630,1,1,0,5,5,1,5,0,0,1,0,0,0,0,3,1,6,6,1,31,6,-1,-1,-1,-1,4,E01002788,0,-1
2023320318396,2023,320318396,1,19,0,18,19,4,8,0,0,0,0,0,0,0,1,2,1,1,1,38,7,-1,-1,-1,-1,3,E01032131,0,-1
2023471285680,2023,471285680,1,9,0,5,5,4,8,0,0,4,0,0,0,0,1,1,6,6,1,26,6,-1,-1,-1,-1,6,E01031676,0,-1