collision_index,collision_year,collision_ref_no,vehicle_reference,vehicle_type,towing_and_articulation,vehicle_manoeuvre_historic,vehicle_manoeuvre,vehicle_direction_from,vehicle_direction_to,vehicle_location_restricted_lane_historic,vehicle_location_restricted_lane,junction_location,skidding_and_overturning,hit_object_in_carriageway,vehicle_leaving_carriageway,hit_object_off_carriageway,first_point_of_impact,vehicle_left_hand_drive,journey_purpose_of_driver_historic,journey_purpose_of_driver,sex_of_driver,age_of_driver,age_band_of_driver,engine_capacity_cc,propulsion_code,age_of_vehicle,generic_make_model,driver_imd_decile,lsoa_of_driver,escooter_flag,driver_distance_banding
2023430278164,2023,430278164,2,8,0,18,19,3,7,0,0,0,0,0,0,0,1,1,6,6,1,-1,-1,-1,-1,-1,-1,-1,-1,0,-1
2023122300702,2023,122300702,1,1,0,4,4,4,8,0,0,0,0,10,0,0,3,1,6,6,1,74,10,-1,-1,-1,-1,9,E01013426,0,-1
2023311383029,2023,311383029,2,9,0,18,19,5,1,0,0,0,0,0,0,0,0,1,6,6,3,-1,-1,-1,-1,-1,-1,-1,-1,0,-1
2023430446383,2023,430446383,2,9,0,16,19,1,4,0,0,0,0,0,0,0,1,1,6,6,1,30,6,-1,-1,-1,-1,-1,-1,0,-1
2023122300882,2023,122300882,1,1,0,18,19,1,5,0,0,0,0,0,0,0,0,1,6,6,1,75,10,-1,-1,-1,-1,5,E01019470,0,-1
2023340WN1632,2023,340WN1632,2,9,0,18,19,3,7,0,0,0,0,0,0,0,2,1,1,1,1,80,11,-1,-1,-1,-1,5,E01002213,0,-1
2023471374918,2023,471374918,2,9,0,18,19,1,5,0,0,0,0,4,0,0,1,1,6,6,1,59,9,-1,-1,-1,-1,6,E01021187,0,-1
2023340WN6452,2023,340WN6452,1,9,0,7,7,4,6,0,0,6,0,0,0,0,3,1,6,6,3,-1,-1,-1,-1,-1,-1,-1,-1,0,-1
2023122301197,2023,122301197,1,9,0,18,19,2,6,0,0,1,0,0,0,0,1,1,6,6,3,-1,-1,-1,-1,-1,-1,-1,-1,0,-1
2023101341203,2023,101341203,2,1,0,7,7,4,8,0,0,0,0,0,0,0,1,1,5,6,1,27,6,-1,-1,-1,-1,1,E01008215,0,-1
2023010447422,2023,010447422,1,1,9,99,99,9,9,99,99,9,9,99,9,99,9,1,6,6,2,22,5,-1,-1,-1,-1,3,E01003081,0,-1
2023101326809,2023,101326809,1,11,-1,4,4,7,3,0,0,0,0,0,0,0,0,1,1,1,1,39,7,-1,-1,-1,-1,-1,-1,0,-1
2023440076307,2023,440076307,1,1,0,7,7,2,5,0,0,2,0,0,0,0,1,1,6,6,1,34,6,-1,-1,-1,-1,-1,-1,0,-1
2023991287616,2023,991287616,1,9,0,18,19,3,6,0,0,1,1,0,0,0,1,1,1,1,1,36,7,-1,-1,-1,-1,-1,-1,0,-1
2023010447365,2023,010447365,1,1,9,99,99,9,9,99,99,9,9,99,9,99,1,1,2,2,1,44,7,-1,-1,-1,-1,7,E01001950,0,-1
2023311297150,2023,311297150,2,97,0,18,19,3,1,0,0,0,0,0,0,0,1,1,5,6,1,18,4,-1,-1,-1,-1,8,E01025692,0,-1
2023101334028,2023,101334028,2,1,0,18,19,5,1,0,0,8,5,0,0,0,4,1,6,6,1,-1,-1,-1,-1,-1,-1,9,E01008368,0,-1
2023302301349,2023,302301349,1,-1,0,18,19,5,1,0,0,2,0,0,0,0,1,1,6,6,3,-1,-1,-1,-1,-1,-1,5,E01019456,1,-1
2023010479184,2023,010479184,1,1,9,99,99,9,9,0,0,9,9,99,9,99,9,1,6,6,3,-1,-1,-1,-1,-1,-1,-1,-1,0,-1
2023461278261,2023,461278261,2,1,0,17,19,5,1,0,0,0,0,0,0,0,2,1,6,6,1,57,9,-1,-1,-1,-1,4,E01024665,0,-1
2023501364904,2023,501364904,2,1,0,18,19,4,8,0,0,1,0,0,0,0,1,1,6,6,1,27,6,-1,-1,-1,-1,2,E01019074,0,-1
2023010440691,2023,010440691,2,1,0,18,19,7,3,0,0,1,0,0,0,0,1,1,6,6,2,55,8,-1,-1,-1,-1,4,E01002409,0,-1
2023010449750,2023,010449750,2,-1,0,9,9,1,7,0,0,6,0,0,0,0,4,1,6,6,1,19,4,-1,-1,-1,-1,1,E01004249,1,-1
2023010481298,2023,010481298,2,23,0,18,19,1,5,0,0,8,0,0,0,0,1,1,6,6,1,28,6,-1,-1,-1,-1,1,E01002037,0,-1
202363C027223,2023,63C027223,2,19,4,18,19,4,8,0,0,0,1,0,0,0,1,1,6,6,1,31,6,-1,-1,-1,-1,-1,-1,0,-1
2023010476752,2023,010476752,1,1,0,18,19,1,5,0,0,2,0,0,0,0,1,1,6,6,2,18,4,-1,-1,-1,-1,3,E01004684,0,-1
2023052300095,2023,052300095,1,21,1,18,19,3,7,0,0,1,0,0,0,0,3,1,1,1,1,52,8,-1,-1,-1,-1,9,E01006365,0,-1
2023461266650,2023,461266650,1,9,0,14,14,3,7,0,0,0,0,4,0,0,1,1,4,7,1,64,9,-1,-1,-1,-1,1,E01024663,0,-1
2023010453202,2023,010453202,2,1,0,18,19,3,7,0,0,8,0,0,0,0,1,1,1,1,1,33,6,-1,-1,-1,-1,1,E01033604,0,-1
2023411267406,2023,411267406,1,9,0,9,9,6,4,0,0,6,0,0,0,0,1,1,6,6,3,-1,-1,-1,-1,-1,-1,-1,-1,0,-1
2023991430845,2023,991430845,2,9,0,18,19,6,2,0,0,1,0,0,0,0,1,1,6,6,3,-1,-1,-1,-1,-1,-1,-1,-1,0,-1
2023041357051,2023,041357051,1,1,0,18,19,5,1,0,0,0,5,0,0,0,0,1,6,6,1,53,8,-1,-1,-1,-1,1,E01012624,0,-1
2023361283560,2023,361283560,1,8,0,5,5,-1,-1,0,0,1,0,0,0,0,0,1,6,6,3,-1,-1,-1,-1,-1,-1,-1,-1,0,-1
2023311351132,2023,311351132,2,1,0,14,14,4,8,0,0,8,0,0,0,0,1,1,6,6,1,39,7,-1,-1,-1,-1,-1,-1,0,-1
2023461328228,2023,461328228,1,9,0,18,19,3,7,0,0,0,0,0,0,0,2,1,6,6,1,45,7,-1,-1,-1,-1,8,E01024407,0,-1
2023501341759,2023,501341759,1,9,0,18,19,3,7,0,0,0,0,0,0,0,-1,1,6,6,3,-1,-1,-1,-1,-1,-1,-1,-1,0,-1
2023010470098,2023,010470098,1,1,0,18,19,7,3,0,0,1,9,0,0,0,1,1,6,6,3,23,5,-1,-1,-1,-1,-1,-1,0,-1
2023101357988,2023,101357988,1,3,0,18,19,2,6,0,0,1,0,0,0,0,1,1,6,6,1,-1,-1,-1,-1,-1,-1,-1,-1,0,-1
2023010478611,2023,010478611,1,1,9,99,99,9,9,99,99,9,9,99,9,99,9,1,6,6,2,39,7,-1,-1,-1,-1,3,E01001864,0,-1
2023010422551,2023,010422551,2,9,0,7,7,5,7,0,0,1,0,0,0,0,4,1,6,6,3,-1,-1,-1,-1,-1,-1,-1,-1,0,-1
2023320031387,2023,320031387,1,9,0,7,7,3,5,0,0,5,0,0,0,0,4,1,6,6,3,-1,-1,-1,-1,-1,-1,-1,-1,0,-1
2023061333487,2023,061333487,1,9,0,18,19,1,6,0,0,0,0,0,0,0,4,1,6,6,3,30,6,-1,-1,-1,-1,-1,-1,0,-1
2023010478063,2023,010478063,1,1,9,99,99,9,9,99,99,9,9,99,9,99,1,1,2,2,1,35,6,-1,-1,-1,-1,2,E01003918,0,-1
2023631360849,2023,631360849,1,9,0,17,19,7,3,0,0,0,2,0,0,0,1,1,2,2,1,19,4,-1,-1,-1,-1,5,W01000529,0,-1
2023501289047,2023,501289047,3,9,0,18,19,6,2,0,0,0,1,0,0,0,2,1,6,6,1,-1,-1,-1,-1,-1,-1,-1,-1,0,-1
2023311383352,2023,311383352,1,1,0,18,19,5,1,9,9,1,0,0,0,0,1,1,6,6,3,25,5,-1,-1,-1,-1,-1,-1,0,-1
2023061339845,2023,061339845,2,1,0,18,19,8,4,0,0,1,0,0,0,0,4,1,6,6,1,29,6,-1,-1,-1,-1,1,E01004827,0,-1
2023440130560,2023,440130560,2,1,0,18,19,6,2,0,0,8,0,0,0,0,1,1,6,6,1,62,9,-1,-1,-1,-1,-1,-1,0,-1
2023471310773,2023,471310773,2,9,0,2,2,0,0,0,0,0,0,0,0,0,1,1,6,6,3,-1,-1,-1,-1,-1,-1,-1,-1,0,-1
2023522400192,2023,522400192,2,9,0,13,13,5,1,0,0,0,0,0,0,0,4,1,6,6,3,-1,-1,-1,-1,-1,-1,-1,-1,0,-1
2023010472044,2023,010472044,2,1,0,16,19,7,3,0,0,1,0,0,0,0,1,1,1,1,1,25,5,-1,-1,-1,-1,1,E01002720,0,-1
2023522300866,2023,522300866,2,9,0,5,5,7,3,0,0,0,0,0,0,0,1,1,6,6,1,46,8,-1,-1,-1,-1,2,E01014624,0,-1
2023311383918,2023,311383918,1,1,0,18,19,1,5,0,0,0,0,0,0,0,0,1,6,6,1,60,9,-1,-1,-1,-1,-1,-1,0,-1
2023052302156,2023,052302156,2,1,0,18,19,7,5,0,0,8,0,0,0,0,2,1,1,1,1,55,8,-1,-1,-1,-1,7,E01007135,0,-1
2023061382734,2023,061382734,1,9,0,4,4,8,4,0,0,0,0,0,0,0,2,1,6,6,3,30,6,-1,-1,-1,-1,-1,-1,0,-1
2023340NN1642,2023,340NN1642,2,1,0,16,19,3,5,0,0,1,0,0,0,0,1,1,2,2,1,49,8,-1,-1,-1,-1,1,E01027083,0,-1
2023552300527,2023,552300527,2,1,0,18,19,2,6,0,0,0,0,0,0,0,1,1,2,2,1,48,8,-1,-1,-1,-1,5,E01015329,0,-1
2023461273371,2023,461273371,3,9,0,3,3,1,7,0,0,1,0,0,0,0,1,1,2,2,1,49,8,-1,-1,-1,-1,9,E01024275,0,-1
2023421328562,2023,421328562,2,1,0,18,19,1,5,0,0,1,0,0,0,0,4,1,6,6,1,22,5,-1,-1,-1,-1,2,E01015828,0,-1
2023501303325,2023,501303325,2,1,0,3,3,2,6,0,0,1,0,0,0,0,1,1,5,6,1,13,3,-1,-1,-1,-1,4,E01018980,0,-1
2023010472145,2023,010472145,2,9,0,99,99,9,9,99,99,9,9,99,9,99,1,9,6,6,3,-1,-1,-1,-1,-1,-1,-1,-1,0,-1
2023010446909,2023,010446909,1,1,9,99,99,9,9,99,99,1,9,99,9,99,9,1,6,6,1,32,6,-1,-1,-1,-1,4,E01001355,0,-1
2023471299296,2023,471299296,1,9,0,18,19,2,6,0,0,0,0,0,0,0,4,1,6,6,3,-1,-1,-1,-1,-1,-1,-1,-1,0,-1
2023332300897,2023,332300897,1,1,0,18,19,5,1,0,0,8,1,0,0,0,4,1,6,6,2,41,7,-1,-1,-1,-1,6,E01013709,0,-1
2023071308354,2023,071308354,2,9,0,11,11,8,4,0,0,0,0,0,0,0,4,1,6,6,1,-1,-1,-1,-1,-1,-1,-1,-1,0,-1
2023122301080,2023,122301080,2,1,0,18,19,3,7,0,0,0,0,0,0,0,4,1,6,6,1,61,9,-1,-1,-1,-1,10,E01013440,0,-1
2023010451494,2023,010451494,1,1,9,99,99,9,9,99,99,9,9,99,9,99,0,1,2,2,1,29,6,-1,-1,-1,-1,3,E01004678,0,-1
2023201358334,2023,201358334,2,9,0,18,19,2,6,0,0,0,0,0,0,0,2,1,6,6,3,-1,-1,-1,-1,-1,-1,-1,-1,0,-1
2023631364426,2023,631364426,1,90,0,18,19,3,7,0,0,0,0,0,0,0,1,1,6,6,3,-1,-1,-1,-1,-1,-1,-1,-1,0,-1
2023231368559,2023,231368559,1,19,0,18,19,8,4,0,0,3,0,0,0,0,3,1,6,6,3,48,8,-1,-1,-1,-1,-1,-1,0,-1
2023131352575,2023,131352575,1,1,0,18,19,7,3,0,0,1,0,0,0,0,3,1,4,7,1,21,5,-1,-1,-1,-1,4,E01010890,0,-1
2023201279274,2023,201279274,2,98,0,9,9,5,4,0,0,6,0,0,0,0,4,1,1,1,1,51,8,-1,-1,-1,-1,10,E01032135,0,-1
2023031343690,2023,031343690,1,90,3,18,19,1,5,-1,-1,-1,-1,-1,-1,0,0,1,6,6,3,-1,-1,-1,-1,-1,-1,-1,-1,0,-1
2023010433491,2023,010433491,2,1,0,5,5,7,3,0,0,5,0,10,7,0,1,1,6,6,1,56,9,-1,-1,-1,-1,8,E01001949,0,-1
2023411389798,2023,411389798,2,1,0,18,19,4,7,0,0,8,0,0,0,0,1,1,5,6,1,71,10,-1,-1,-1,-1,3,E01020991,0,-1
2023201364220,2023,201364220,2,3,0,9,9,1,7,0,0,5,0,0,0,0,3,1,6,6,1,62,9,-1,-1,-1,-1,1,E01009756,0,-1
2023010438206,2023,010438206,2,1,0,18,19,1,5,0,0,8,0,0,0,0,1,1,6,6,1,27,6,-1,-1,-1,-1,2,E01002716,0,-1
202360A090536,2023,60A090536,2,9,0,18,19,2,6,0,0,0,0,0,0,0,1,1,6,6,1,45,7,-1,-1,-1,-1,-1,-1,0,-1
2023010442479,2023,010442479,1,1,9,99,99,9,9,99,99,0,9,99,9,99,1,1,6,6,3,-1,-1,-1,-1,-1,-1,-1,-1,0,-1
2023010462972,2023,010462972,2,1,0,3,3,7,3,0,0,1,0,0,0,0,2,1,1,1,1,30,6,-1,-1,-1,-1,4,E01000066,0,-1
2023221275996,2023,221275996,1,9,0,17,19,7,4,0,0,0,0,0,0,0,3,1,5,6,1,25,5,-1,-1,-1,-1,7,W01000449,0,-1
2023010445709,2023,010445709,2,9,0,99,99,9,9,99,99,9,9,99,9,99,9,9,6,6,3,-1,-1,-1,-1,-1,-1,-1,-1,0,-1
2023010474854,2023,010474854,2,8,0,99,99,9,9,99,99,0,9,99,9,99,1,9,6,6,3,-1,-1,-1,-1,-1,-1,-1,-1,0,-1
2023010426958,2023,010426958,1,1,9,99,99,9,9,99,99,9,9,99,9,99,2,1,6,6,1,46,8,-1,-1,-1,-1,3,E01004208,0,-1
2023311351747,2023,311351747,1,1,0,18,19,2,6,0,0,8,0,0,0,0,1,1,6,6,1,19,4,-1,-1,-1,-1,-1,-1,0,-1
2023302301717,2023,302301717,1,9,0,18,19,6,2,9,9,1,0,0,0,0,4,1,6,6,3,-1,-1,-1,-1,-1,-1,5,E01019456,0,-1
2023302300418,2023,302300418,3,9,0,3,3,6,2,0,0,1,0,0,0,0,0,1,6,6,3,-1,-1,-1,-1,-1,-1,5,E01019456,0,-1
2023010449322,2023,010449322,2,9,0,99,99,9,9,99,99,9,9,99,9,99,2,9,6,6,3,-1,-1,-1,-1,-1,-1,-1,-1,0,-1
2023522300752,2023,522300752,2,1,0,18,19,9,9,0,0,8,0,0,0,0,9,1,6,6,1,-1,-1,-1,-1,-1,-1,-1,-1,0,-1
2023231363683,2023,231363683,1,1,0,5,5,1,5,0,0,1,0,0,0,0,1,1,6,6,2,49,8,-1,-1,-1,-1,8,E01031192,0,-1
2023430159451,2023,430159451,1,9,0,18,19,6,2,0,0,6,0,0,0,0,1,1,2,2,2,22,5,-1,-1,-1,-1,8,E01032725,0,-1
2023010436742,2023,010436742,2,1,0,18,19,1,5,0,0,1,0,0,0,0,3,1,1,1,1,31,6,-1,-1,-1,-1,1,E01001845,0,-1
2023061327470,2023,061327470,1,1,0,9,9,7,4,0,0,8,0,0,0,0,4,1,5,6,1,49,8,-1,-1,-1,-1,8,E01019755,0,-1
2023401320874,2023,401320874,1,9,0,18,19,-1,-1,0,0,0,0,0,0,0,1,1,6,6,3,-1,-1,-1,-1,-1,-1,-1,-1,0,-1
2023010479727,2023,010479727,2,-1,0,18,19,7,3,0,0,1,5,0,0,0,1,1,2,2,1,20,4,-1,-1,-1,-1,2,E01003993,1,-1
2023430456335,2023,430456335,1,1,0,18,19,2,6,0,0,8,0,0,0,0,1,1,2,2,1,28,6,-1,-1,-1,-1,3,E01003104,0,-1
2023010468169,2023,010468169,1,9,9,99,99,9,9,99,99,9,9,99,9,99,9,1,6,6,3,-1,-1,-1,-1,-1,-1,-1,-1,0,-1
2023311346520,2023,311346520,2,17,0,18,19,3,7,0,0,1,0,0,0,0,1,1,1,1,1,47,8,-1,-1,-1,-1,9,E01028419,0,-1
2023101340968,2023,101340968,1,9,0,9,9,5,1,0,0,1,0,0,0,0,1,1,6,6,1,40,7,-1,-1,-1,-1,-1,-1,0,-1
2023471331247,2023,471331247,4,9,0,18,19,5,1,0,0,0,0,0,0,0,0,1,6,6,3,-1,-1,-1,-1,-1,-1,-1,-1,0,-1
2023010453670,2023,010453670,1,9,0,18,19,1,5,2,2,5,0,0,9,0,1,1,6,6,1,23,5,-1,-1,-1,-1,-1,-1,0,-1
2023371308598,2023,371308598,2,1,0,18,19,7,5,0,0,0,0,0,0,0,1,1,6,6,1,47,8,-1,-1,-1,-1,7,E01030207,0,-1
2023302301289,2023,302301289,1,9,0,5,5,4,8,0,0,0,0,0,0,0,4,1,1,1,1,-1,-1,-1,-1,-1,-1,5,E01019456,0,-1
2023061406920,2023,061406920,1,1,0,18,19,4,8,0,0,1,0,0,0,0,1,1,5,6,1,63,9,-1,-1,-1,-1,2,E01004813,0,-1
2023471360858,2023,471360858,1,1,0,18,19,1,5,0,0,6,0,0,0,0,3,1,5,6,1,11,3,-1,-1,-1,-1,3,E01016891,0,-1
2023351299297,2023,351299297,3,98,0,18,19,1,5,0,0,0,0,0,0,0,2,1,1,1,1,39,7,-1,-1,-1,-1,-1,-1,0,-1
2023311306091,2023,311306091,2,1,0,9,9,1,7,0,0,5,0,0,0,0,2,1,6,6,1,26,6,-1,-1,-1,-1,-1,-1,0,-1
2023010457821,2023,010457821,1,3,0,99,99,9,9,99,99,9,9,99,9,99,9,1,6,6,3,23,5,-1,-1,-1,-1,7,E01002171,0,-1
2023311330579,2023,311330579,1,11,0,4,4,3,7,0,0,0,0,0,0,0,0,1,1,1,1,60,9,-1,-1,-1,-1,1,E01013920,0,-1
2023010480146,2023,010480146,2,9,0,18,19,4,8,0,0,1,0,0,0,0,1,1,6,6,1,63,9,-1,-1,-1,-1,7,E01000734,0,-1
2023010449362,2023,010449362,1,9,0,18,19,5,1,0,0,1,0,0,0,0,1,1,6,6,1,-1,-1,-1,-1,-1,-1,-1,-1,0,-1
2023421306522,2023,421306522,1,9,-1,13,13,3,7,0,0,1,0,0,0,0,1,1,6,6,3,-1,-1,-1,-1,-1,-1,-1,-1,0,-1
2023471340640,2023,471340640,1,9,0,-1,-1,-1,-1,-1,-1,0,-1,-1,-1,0,-1,1,6,6,3,-1,-1,-1,-1,-1,-1,-1,-1,0,-1
2023451392983,2023,451392983,2,1,0,18,19,1,5,5,5,1,0,0,0,0,1,1,6,6,1,30,6,-1,-1,-1,-1,-1,-1,0,-1
2023471321405,2023,471321405,1,98,0,18,19,3,7,0,0,1,0,0,0,0,4,1,1,1,1,34,6,-1,-1,-1,-1,4,E01020916,0,-1
2023052303039,2023,052303039,1,8,0,18,19,3,8,0,0,0,0,0,0,0,1,1,6,6,3,-1,-1,-1,-1,-1,-1,-1,-1,0,-1
2023061382402,2023,061382402,2,90,-1,-1,-1,-1,-1,-1,-1,0,-1,-1,-1,0,-1,1,6,6,3,-1,-1,-1,-1,-1,-1,1,E01005065,0,-1
2023010480466,2023,010480466,2,9,0,99,99,9,9,99,99,9,9,99,9,99,1,9,6,6,3,-1,-1,-1,-1,-1,-1,-1,-1,0,-1
2023131328821,2023,131328821,1,9,0,17,19,1,5,0,0,8,1,0,0,0,1,1,6,6,3,99,11,-1,-1,-1,-1,-1,-1,0,-1
202360A007129,2023,60A007129,2,1,0,18,19,5,1,0,0,0,2,0,1,10,1,1,2,2,1,52,8,-1,-1,-1,-1,-1,-1,0,-1
2023522400696,2023,522400696,1,-1,0,18,19,2,6,0,0,1,0,0,0,0,1,1,6,6,1,42,7,-1,-1,-1,-1,6,E01015008,1,-1
2023201422947,2023,201422947,2,9,0,5,5,8,4,0,0,0,0,0,0,0,2,1,6,6,3,-1,-1,-1,-1,-1,-1,-1,-1,0,-1
2023141344849,2023,141344849,1,1,0,18,19,8,3,0,0,6,0,0,0,0,1,1,6,6,1,18,4,-1,-1,-1,-1,1,E01008011,0,-1
2023010472647,2023,010472647,1,23,0,18,19,1,5,0,0,0,0,0,0,0,1,1,6,6,1,15,3,-1,-1,-1,-1,4,E01002324,0,-1
2023302301747,2023,302301747,1,8,0,7,7,8,2,0,0,8,1,0,0,0,1,1,6,6,3,-1,-1,-1,-1,-1,-1,5,E01019456,0,-1
2023622300083,2023,622300083,1,3,0,18,19,4,8,0,0,0,0,0,0,0,0,1,6,6,3,-1,-1,-1,-1,-1,-1,-1,-1,0,-1
2023101378840,2023,101378840,1,9,-1,-1,-1,4,8,-1,-1,0,-1,-1,-1,0,-1,1,6,6,3,-1,-1,-1,-1,-1,-1,-1,-1,0,-1
2023461303627,2023,461303627,2,9,0,18,19,7,3,0,0,0,0,0,0,0,1,1,1,1,1,51,8,-1,-1,-1,-1,1,E01024504,0,-1
2023231392749,2023,231392749,2,1,0,7,7,1,3,0,0,8,0,0,0,0,1,1,6,6,1,69,10,-1,-1,-1,-1,10,E01031155,0,-1
2023010421684,2023,010421684,2,9,9,99,99,9,9,99,99,9,9,99,9,99,1,1,6,6,3,-1,-1,-1,-1,-1,-1,-1,-1,0,-1
2023010472333,2023,010472333,2,8,0,99,99,9,9,99,99,9,9,99,9,99,1,9,6,6,1,65,9,-1,-1,-1,-1,4,E01004487,0,-1
2023401313259,2023,401313259,1,9,0,18,19,-1,-1,0,0,0,0,0,0,0,1,1,6,6,3,-1,-1,-1,-1,-1,-1,-1,-1,0,-1
2023122301118,2023,122301118,2,1,0,18,19,7,3,0,0,8,0,0,0,0,4,1,4,7,2,16,4,-1,-1,-1,-1,9,E01013370,0,-1
2023131357041,2023,131357041,3,9,0,18,19,3,7,0,0,0,0,0,0,0,0,1,6,6,3,-1,-1,-1,-1,-1,-1,-1,-1,0,-1
2023545208723,2023,545208723,2,5,0,18,19,5,1,0,0,1,0,0,0,0,2,1,6,6,1,62,9,-1,-1,-1,-1,5,E01029053,0,-1
2023311287969,2023,311287969,1,97,0,-1,-1,2,6,0,0,0,0,0,0,0,0,1,6,6,3,-1,-1,-1,-1,-1,-1,-1,-1,0,-1
2023461344188,2023,461344188,1,9,0,18,19,1,5,0,0,0,0,0,0,0,3,1,5,6,3,-1,-1,-1,-1,-1,-1,-1,-1,0,-1
2023332300812,2023,332300812,2,9,0,1,1,7,3,0,0,6,0,0,0,0,2,1,6,6,2,-1,-1,-1,-1,-1,-1,-1,-1,0,-1
2023010427823,2023,010427823,1,1,9,99,99,9,9,99,99,0,9,99,9,99,9,1,2,2,1,36,7,-1,-1,-1,-1,5,E01003028,0,-1
2023440116226,2023,440116226,1,9,4,18,19,6,2,0,0,0,0,0,1,0,2,1,6,6,1,27,6,-1,-1,-1,-1,4,E01029929,0,-1
2023430578049,2023,430578049,1,9,0,9,9,8,5,0,0,5,0,0,0,0,1,1,6,6,1,-1,-1,-1,-1,-1,-1,-1,-1,0,-1
2023010425105,2023,010425105,2,1,0,3,3,1,5,0,0,1,0,0,0,0,3,1,6,6,1,24,5,-1,-1,-1,-1,3,E01000022,0,-1
2023622300470,2023,622300470,1,23,0,18,19,7,3,0,0,1,0,0,0,0,1,1,6,6,3,-1,-1,-1,-1,-1,-1,-1,-1,0,-1
2023430309689,2023,430309689,1,9,0,18,19,2,5,0,0,8,0,0,0,0,1,1,6,6,1,-1,-1,-1,-1,-1,-1,-1,-1,0,-1
2023010432210,2023,010432210,2,1,0,9,9,5,3,0,0,5,1,0,0,0,1,1,6,6,1,37,7,-1,-1,-1,-1,2,E01004246,0,-1
2023471360470,2023,471360470,1,1,0,18,19,7,3,9,9,0,0,0,0,0,1,1,4,7,1,15,3,-1,-1,-1,-1,-1,-1,0,-1
2023430512370,2023,430512370,2,9,0,18,19,2,6,0,0,4,0,0,0,0,3,1,6,6,1,-1,-1,-1,-1,-1,-1,1,E01013661,0,-1
2023141320212,2023,141320212,1,1,0,15,15,1,5,0,0,0,2,0,0,0,0,1,6,6,1,49,8,-1,-1,-1,-1,5,E01007980,0,-1
2023031334133,2023,031334133,2,1,0,-1,-1,-1,-1,-1,-1,0,-1,-1,-1,0,-1,1,6,6,1,-1,-1,-1,-1,-1,-1,-1,-1,0,-1
2023461300084,2023,461300084,1,9,0,1,1,7,3,0,0,0,0,0,0,0,2,1,1,1,1,52,8,-1,-1,-1,-1,8,E01016148,0,-1
2023361288101,2023,361288101,1,1,-1,-1,-1,-1,-1,-1,-1,-1,-1,-1,-1,0,-1,1,6,6,1,-1,-1,-1,-1,-1,-1,-1,-1,0,-1
2023010462450,2023,010462450,2,-1,0,18,19,7,3,0,0,1,0,0,1,0,1,1,6,6,1,24,5,-1,-1,-1,-1,2,E01003049,1,-1
2023010483228,2023,010483228,2,1,0,18,19,3,7,4,4,1,0,0,0,0,1,1,6,6,2,25,5,-1,-1,-1,-1,2,E01003057,0,-1
2023101339914,2023,101339914,2,1,0,18,19,5,1,0,0,6,0,0,0,0,1,1,5,6,2,12,3,-1,-1,-1,-1,2,E01008173,0,-1
2023610048423,2023,610048423,1,9,0,1,1,8,4,0,0,0,0,0,0,0,2,1,6,6,1,55,8,-1,-1,-1,-1,5,W01001504,0,-1
2023061383203,2023,061383203,1,1,0,18,19,1,5,0,0,0,0,0,0,0,1,1,6,6,1,20,4,-1,-1,-1,-1,-1,-1,0,-1
2023430209274,2023,430209274,1,9,0,9,9,6,4,0,0,6,0,0,0,0,3,1,6,6,2,71,10,-1,-1,-1,-1,8,E01033506,0,-1
2023061290268,2023,061290268,1,9,0,18,19,3,7,0,0,2,0,0,0,0,3,1,6,6,2,35,6,-1,-1,-1,-1,-1,-1,0,-1
2023461394652,2023,461394652,1,90,0,18,19,3,7,0,0,8,0,0,0,0,1,1,6,6,1,35,6,-1,-1,-1,-1,4,E01024002,0,-1
2023340WN0172,2023,340WN0172,2,9,0,3,3,1,5,0,0,1,0,0,0,0,2,1,6,6,1,58,9,-1,-1,-1,-1,5,E01017659,0,-1
2023430330859,2023,430330859,3,8,0,18,19,7,3,0,0,0,0,0,0,0,3,1,1,1,1,48,8,-1,-1,-1,-1,10,W01000792,0,-1
2023010447398,2023,010447398,1,1,9,99,99,7,3,4,4,9,9,99,9,99,1,1,6,6,1,55,8,-1,-1,-1,-1,1,E01004285,0,-1
2023010467236,2023,010467236,2,1,0,9,9,3,1,0,0,4,0,0,0,0,4,1,6,6,1,33,6,-1,-1,-1,-1,7,E01003906,0,-1
2023131296959,2023,131296959,2,1,0,7,7,5,7,0,0,5,0,0,0,0,3,1,6,6,1,51,8,-1,-1,-1,-1,7,E01011531,0,-1
2023052301000,2023,052301000,1,1,0,18,19,5,1,0,0,8,0,0,0,0,4,1,4,7,1,14,3,-1,-1,-1,-1,2,E01007210,0,-1
2023311293008,2023,311293008,2,1,0,18,19,2,6,0,0,0,0,0,0,0,1,1,5,6,1,12,3,-1,-1,-1,-1,2,E01028279,0,-1
2023332300930,2023,332300930,1,19,0,18,19,7,3,0,0,0,0,0,1,10,1,2,1,1,1,21,5,-1,-1,-1,-1,-1,-1,0,-1
2023471278474,2023,471278474,2,1,0,-1,-1,-1,-1,-1,-1,-1,-1,-1,-1,0,-1,1,5,6,2,26,6,-1,-1,-1,-1,3,E01020913,0,-1
2023061395787,2023,061395787,4,9,0,9,9,5,3,0,0,8,0,0,0,0,1,1,6,6,3,-1,-1,-1,-1,-1,-1,-1,-1,0,-1
2023340WN6772,2023,340WN6772,2,-1,0,18,19,5,1,0,0,8,2,0,0,0,3,1,6,6,2,49,8,-1,-1,-1,-1,1,E01027244,1,-1
2023131297056,2023,131297056,1,1,0,18,19,7,3,0,0,8,0,0,0,0,4,1,6,6,1,33,6,-1,-1,-1,-1,2,E01011284,0,-1
2023131299839,2023,131299839,2,9,0,5,5,5,1,0,0,0,0,0,0,0,1,1,6,6,3,-1,-1,-1,-1,-1,-1,-1,-1,0,-1
2023010472345,2023,010472345,2,9,9,99,99,9,9,99,99,9,9,99,9,99,9,9,6,6,3,-1,-1,-1,-1,-1,-1,-1,-1,0,-1
2023501366294,2023,501366294,1,9,0,18,19,4,8,0,0,0,0,0,0,0,1,1,6,6,1,-1,-1,-1,-1,-1,-1,-1,-1,0,-1
2023010433903,2023,010433903,1,1,9,99,99,9,9,99,99,9,9,99,9,99,9,1,2,2,1,61,9,-1,-1,-1,-1,8,E01002925,0,-1
2023451370523,2023,451370523,1,23,0,18,19,3,7,0,0,1,5,0,0,0,1,1,6,6,1,55,8,-1,-1,-1,-1,3,E01030588,0,-1
2023221363293,2023,221363293,1,9,0,7,7,3,5,0,0,4,0,0,0,0,4,1,6,6,3,67,10,-1,-1,-1,-1,-1,-1,0,-1