collision_index,collision_year,collision_ref_no,vehicle_reference,vehicle_type,towing_and_articulation,vehicle_manoeuvre_historic,vehicle_manoeuvre,vehicle_direction_from,vehicle_direction_to,vehicle_location_restricted_lane_historic,vehicle_location_restricted_lane,junction_location,skidding_and_overturning,hit_object_in_carriageway,vehicle_leaving_carriageway,hit_object_off_carriageway,first_point_of_impact,vehicle_left_hand_drive,journey_purpose_of_driver_historic,journey_purpose_of_driver,sex_of_driver,age_of_driver,age_band_of_driver,engine_capacity_cc,propulsion_code,age_of_vehicle,generic_make_model,driver_imd_decile,lsoa_of_driver,escooter_flag,driver_distance_banding
2023201426419,2023,201426419,2,1,0,18,19,6,2,0,0,0,0,0,0,0,1,1,6,6,1,29,6,-1,-1,-1,-1,3,E01009015,0,-1
2023546894123,2023,546894123,1,1,0,18,19,5,1,0,0,6,0,0,0,0,1,1,6,6,1,13,3,-1,-1,-1,-1,3,E01015488,0,-1
2023411337483,2023,411337483,1,9,0,15,15,-1,-1,0,0,0,0,0,0,0,1,1,6,6,1,73,10,-1,-1,-1,-1,6,E01023746,0,-1
2023010462058,2023,010462058,3,8,0,18,19,7,3,0,0,0,0,0,0,0,4,1,1,1,1,47,8,-1,-1,-1,-1,-1,-1,0,-1
2023471360243,2023,471360243,2,1,0,7,7,1,4,4,4,8,0,0,0,0,1,1,6,6,2,28,6,-1,-1,-1,-1,2,E01016914,0,-1
2023320126229,2023,320126229,1,19,0,18,19,6,2,0,0,0,0,0,0,0,1,1,2,2,1,21,5,-1,-1,-1,-1,4,E01026016,0,-1
2023461293911,2023,461293911,1,-1,0,5,5,2,8,0,0,8,0,0,0,0,1,1,6,6,1,-1,-1,-1,-1,-1,-1,-1,-1,1,-1
2023061328550,2023,061328550,1,9,0,3,3,5,1,0,0,0,0,0,0,0,3,1,6,6,1,25,5,-1,-1,-1,-1,-1,-1,0,-1
2023141322351,2023,141322351,1,9,0,18,19,6,4,0,0,0,0,0,0,0,1,1,6,6,3,-1,-1,-1,-1,-1,-1,-1,-1,0,-1
2023131276211,2023,131276211,1,90,0,18,19,5,1,0,0,1,5,0,0,0,1,1,6,6,1,43,7,-1,-1,-1,-1,-1,-1,0,-1
2023520400487,2023,520400487,2,1,0,18,19,3,7,0,0,8,0,0,0,0,1,1,6,6,1,44,7,-1,-1,-1,-1,6,E01031991,0,-1
2023010480005,2023,010480005,1,9,0,16,19,3,7,0,0,1,0,0,0,0,1,1,6,6,2,23,5,-1,-1,-1,-1,-1,-1,0,-1
2023010446398,2023,010446398,2,9,0,99,99,9,9,99,99,0,9,99,9,99,9,9,6,6,3,-1,-1,-1,-1,-1,-1,-1,-1,0,-1
2023201319266,2023,201319266,2,9,0,2,2,0,0,9,9,0,0,0,0,0,0,1,6,6,1,39,7,-1,-1,-1,-1,4,E01009224,0,-1
2023010419862,2023,010419862,2,19,0,1,1,1,5,0,0,2,0,0,0,0,2,1,6,6,3,-1,-1,-1,-1,-1,-1,-1,-1,0,-1
2023991354167,2023,991354167,1,9,0,18,19,6,2,0,0,0,0,0,0,0,1,1,5,6,1,62,9,-1,-1,-1,-1,-1,-1,0,-1
2023361342893,2023,361342893,1,1,0,18,19,7,3,4,4,1,0,0,1,0,1,1,1,1,1,27,6,-1,-1,-1,-1,3,E01026861,0,-1
2023010472626,2023,010472626,1,1,9,99,99,9,9,99,99,9,9,99,9,99,1,1,6,6,3,-1,-1,-1,-1,-1,-1,-1,-1,0,-1
2023010459425,2023,010459425,1,23,0,13,13,5,1,0,0,1,0,0,0,0,4,1,1,1,1,37,7,-1,-1,-1,-1,2,E01001868,0,-1
2023131329469,2023,131329469,2,1,0,16,19,7,3,0,0,8,0,0,0,0,2,1,6,6,1,28,6,-1,-1,-1,-1,-1,-1,0,-1
2023201393288,2023,201393288,1,9,0,15,15,8,4,0,0,8,0,0,0,0,1,1,6,6,3,-1,-1,-1,-1,-1,-1,-1,-1,0,-1
2023461276368,2023,461276368,1,1,0,18,19,3,7,9,9,1,0,0,0,0,1,1,5,6,1,16,4,-1,-1,-1,-1,10,E01024386,0,-1
2023411311057,2023,411311057,2,9,0,18,19,-1,-1,0,0,8,0,0,0,0,2,1,6,6,3,-1,-1,-1,-1,-1,-1,-1,-1,0,-1
2023622300756,2023,622300756,1,1,0,18,19,1,5,0,0,0,0,0,0,0,1,1,2,2,1,16,4,-1,-1,-1,-1,4,W01000901,0,-1
2023010433432,2023,010433432,1,1,9,99,99,9,9,99,99,9,9,99,9,99,9,1,1,1,1,34,6,-1,-1,-1,-1,6,E01004491,0,-1
2023010467856,2023,010467856,2,8,9,99,99,9,9,99,99,9,9,99,9,99,9,9,6,6,3,-1,-1,-1,-1,-1,-1,-1,-1,0,-1
2023010481098,2023,010481098,1,1,0,5,5,1,5,0,0,1,0,0,0,0,1,1,1,1,1,23,5,-1,-1,-1,-1,4,E01001854,0,-1
2023201458669,2023,201458669,1,9,0,9,9,1,6,0,0,5,0,0,0,0,3,1,6,6,1,37,7,-1,-1,-1,-1,1,E01010366,0,-1
2023340WN6702,2023,340WN6702,1,-1,0,9,9,8,4,0,0,5,1,0,0,0,1,1,6,6,1,21,5,-1,-1,-1,-1,3,E01027152,1,-1
2023231298189,2023,231298189,2,19,0,18,19,4,8,0,0,8,0,0,0,0,1,1,6,6,1,54,8,-1,-1,-1,-1,4,E01031096,0,-1
2023544579123,2023,544579123,1,19,0,18,19,7,3,0,0,0,0,0,0,0,4,1,6,6,3,-1,-1,-1,-1,-1,-1,-1,-1,0,-1
2023201327703,2023,201327703,1,9,0,1,1,3,7,0,0,1,0,0,0,0,2,1,6,6,3,-1,-1,-1,-1,-1,-1,-1,-1,0,-1
2023461316459,2023,461316459,2,21,1,18,19,5,1,0,0,3,0,0,0,0,4,1,1,1,1,39,7,-1,-1,-1,-1,-1,-1,0,-1
2023010475029,2023,010475029,1,1,9,99,99,9,9,99,99,9,9,99,9,99,2,1,2,2,1,38,7,-1,-1,-1,-1,3,E01001661,0,-1
2023052302327,2023,052302327,2,19,0,1,1,7,1,0,0,1,0,0,0,0,4,1,1,1,1,57,9,-1,-1,-1,-1,2,E01007300,0,-1
2023010446669,2023,010446669,1,9,0,99,99,9,9,99,99,9,9,99,9,99,1,9,1,1,1,32,6,-1,-1,-1,-1,6,E01015331,0,-1
2023421331132,2023,421331132,1,1,0,18,19,1,5,0,0,1,0,0,0,0,1,1,6,6,2,20,4,-1,-1,-1,-1,-1,-1,0,-1
2023421352670,2023,421352670,1,98,4,13,13,6,2,0,0,0,0,0,0,0,3,1,6,6,3,-1,-1,-1,-1,-1,-1,-1,-1,0,-1
2023451267035,2023,451267035,1,9,0,18,19,5,1,0,0,0,0,0,0,0,2,1,6,6,1,47,8,-1,-1,-1,-1,7,E01003451,0,-1
2023070101741,2023,070101741,1,9,0,4,4,7,3,0,0,0,0,0,0,0,2,1,1,1,1,27,6,-1,-1,-1,-1,1,E01005486,0,-1
2023141291476,2023,141291476,1,9,0,18,19,3,7,0,0,8,0,0,0,0,1,1,6,6,3,97,11,-1,-1,-1,-1,-1,-1,0,-1
2023161355391,2023,161355391,2,1,0,18,19,3,7,0,0,0,0,0,0,0,2,1,5,6,1,22,5,-1,-1,-1,-1,9,E01013052,0,-1
2023010468890,2023,010468890,1,1,9,99,99,9,9,99,99,9,9,99,9,99,9,1,6,6,1,42,7,-1,-1,-1,-1,6,E01002940,0,-1
2023101334446,2023,101334446,2,9,0,18,19,3,7,0,0,8,0,0,0,0,3,1,1,1,1,50,8,-1,-1,-1,-1,-1,-1,0,-1
2023010471535,2023,010471535,1,1,9,99,99,9,9,99,99,9,9,99,9,99,1,1,2,2,2,31,6,-1,-1,-1,-1,4,E01004612,0,-1
2023320095672,2023,320095672,3,9,0,18,19,3,7,0,0,1,0,0,0,0,1,1,6,6,1,37,7,-1,-1,-1,-1,5,E01026309,0,-1
2023010474983,2023,010474983,1,1,9,99,99,9,9,99,99,9,9,99,9,99,9,1,2,2,1,33,6,-1,-1,-1,-1,3,E01003094,0,-1
2023522400940,2023,522400940,2,9,0,18,19,5,1,0,0,8,0,0,0,0,1,1,6,6,1,-1,-1,-1,-1,-1,-1,-1,-1,0,-1
2023471348802,2023,471348802,1,1,0,5,5,1,5,0,0,0,0,0,0,0,1,1,5,6,1,26,6,-1,-1,-1,-1,4,E01021127,0,-1
2023610044623,2023,610044623,3,9,0,2,2,0,0,0,0,2,0,0,1,11,1,1,6,6,2,-1,-1,-1,-1,-1,-1,4,W01001433,0,-1
2023052301780,2023,052301780,1,1,0,18,19,1,5,0,0,0,0,0,1,2,1,1,6,6,1,15,3,-1,-1,-1,-1,1,E01006720,0,-1
2023542255723,2023,542255723,2,9,0,4,4,1,5,0,0,1,0,0,0,0,2,1,6,6,1,48,8,-1,-1,-1,-1,2,E01015542,0,-1
2023010457794,2023,010457794,2,1,0,18,19,7,3,0,0,1,5,0,0,0,1,1,6,6,1,58,9,-1,-1,-1,-1,2,E01001849,0,-1
2023010433101,2023,010433101,1,1,0,18,19,8,4,0,0,1,1,0,0,0,1,1,6,6,1,25,5,-1,-1,-1,-1,5,E01003072,0,-1
2023471276816,2023,471276816,1,1,0,18,19,3,7,0,0,0,0,0,0,0,2,1,5,6,1,68,10,-1,-1,-1,-1,7,E01016979,0,-1
2023421355862,2023,421355862,1,9,0,18,19,4,8,0,0,0,0,0,0,0,3,1,5,6,1,62,9,-1,-1,-1,-1,10,E01021569,0,-1
2023070398836,2023,070398836,2,1,0,18,19,5,1,0,0,1,0,0,0,0,4,1,4,7,1,13,3,-1,-1,-1,-1,1,E01012533,0,-1
2023201381763,2023,201381763,2,1,0,18,19,8,4,0,0,0,0,0,0,0,1,1,6,6,1,43,7,-1,-1,-1,-1,3,E01009633,0,-1
2023041361684,2023,041361684,1,1,0,9,9,3,7,9,9,0,0,0,0,0,0,1,4,7,1,14,3,-1,-1,-1,-1,-1,-1,0,-1
2023440323600,2023,440323600,1,1,0,18,19,1,5,0,0,0,0,0,0,0,0,1,6,6,1,86,11,-1,-1,-1,-1,10,E01022578,0,-1
2023461363183,2023,461363183,1,1,0,18,19,6,2,0,0,1,0,11,0,0,1,1,6,6,1,69,10,-1,-1,-1,-1,-1,-1,0,-1
2023302301263,2023,302301263,2,1,0,18,19,8,4,0,0,1,0,0,0,0,4,1,2,2,2,30,6,-1,-1,-1,-1,6,E01019882,0,-1
2023421286355,2023,421286355,2,1,0,18,19,3,7,0,0,3,0,0,0,0,2,1,2,2,1,30,6,-1,-1,-1,-1,7,E01033720,0,-1
2023501332147,2023,501332147,2,1,0,18,19,8,4,0,0,0,2,0,1,10,1,1,5,6,1,51,8,-1,-1,-1,-1,6,E01020329,0,-1
2023122300126,2023,122300126,2,9,0,18,19,5,1,0,0,8,0,0,0,0,0,1,6,6,3,-1,-1,-1,-1,-1,-1,-1,-1,0,-1
2023041261696,2023,041261696,2,1,0,18,19,4,2,0,0,8,2,0,0,0,4,1,2,2,1,36,7,-1,-1,-1,-1,2,E01025070,0,-1
2023122301070,2023,122301070,1,1,0,18,19,1,5,5,5,1,0,0,0,0,1,1,6,6,1,26,6,-1,-1,-1,-1,4,E01027835,0,-1
2023170S10093,2023,170S10093,2,19,0,7,7,8,2,0,0,1,0,0,0,0,1,1,1,1,2,42,7,-1,-1,-1,-1,3,E01012248,0,-1
2023111377603,2023,111377603,1,9,0,18,19,2,6,0,0,0,0,0,0,0,1,1,6,6,3,30,6,-1,-1,-1,-1,-1,-1,0,-1
2023010470639,2023,010470639,1,9,0,9,9,3,1,0,0,8,0,0,0,0,1,1,6,6,3,-1,-1,-1,-1,-1,-1,-1,-1,0,-1
2023440506294,2023,440506294,2,9,0,9,9,8,6,0,0,8,0,0,0,0,1,1,2,2,1,34,6,-1,-1,-1,-1,6,E01017271,0,-1
2023332301204,2023,332301204,2,9,0,9,9,3,1,0,0,5,0,0,0,0,4,1,6,6,3,-1,-1,-1,-1,-1,-1,-1,-1,0,-1
2023201382173,2023,201382173,2,9,0,18,19,6,2,0,0,0,0,0,0,0,3,1,1,1,1,33,6,-1,-1,-1,-1,6,E01010075,0,-1
2023010469735,2023,010469735,1,1,9,99,99,9,9,99,99,9,9,99,9,99,1,1,6,6,3,23,5,-1,-1,-1,-1,9,E01016181,0,-1
2023061358891,2023,061358891,3,9,0,2,2,0,0,0,0,0,0,0,0,0,1,1,6,6,3,-1,-1,-1,-1,-1,-1,-1,-1,0,-1
2023991326903,2023,991326903,2,9,0,18,19,1,4,0,0,0,0,0,0,0,1,1,1,1,1,54,8,-1,-1,-1,-1,-1,-1,0,-1
2023010469401,2023,010469401,2,1,0,18,19,7,3,0,0,6,0,0,0,0,1,1,6,6,2,27,6,-1,-1,-1,-1,2,E01000526,0,-1
2023071279060,2023,071279060,1,1,0,18,19,7,3,5,5,1,0,0,0,0,1,1,6,6,1,12,3,-1,-1,-1,-1,-1,-1,0,-1
2023122301201,2023,122301201,1,1,0,17,19,4,8,0,0,2,0,0,0,0,2,1,6,6,2,11,3,-1,-1,-1,-1,8,E01027621,0,-1
2023010468634,2023,010468634,2,9,0,99,99,9,9,99,99,9,9,99,9,99,1,9,6,6,3,-1,-1,-1,-1,-1,-1,-1,-1,0,-1
2023061301438,2023,061301438,1,9,0,18,19,2,6,0,0,0,0,0,0,0,1,1,6,6,3,30,6,-1,-1,-1,-1,-1,-1,0,-1
2023421274099,2023,421274099,2,5,0,4,4,1,4,0,0,3,0,0,0,0,2,1,2,2,1,-1,-1,-1,-1,-1,-1,2,E01021318,0,-1
2023061319985,2023,061319985,1,3,-1,18,19,8,6,0,0,0,1,4,0,0,1,1,5,6,1,35,6,-1,-1,-1,-1,-1,-1,0,-1
2023522300758,2023,522300758,1,-1,0,18,19,6,2,0,0,8,0,0,0,0,4,1,6,6,2,35,6,-1,-1,-1,-1,2,E01014664,1,-1
2023461281473,2023,461281473,3,9,0,4,4,6,2,0,0,0,0,0,0,0,2,1,6,6,1,62,9,-1,-1,-1,-1,8,E01032819,0,-1
2023010471535,2023,010471535,2,9,0,99,99,9,9,99,99,9,9,99,9,99,1,9,6,6,3,-1,-1,-1,-1,-1,-1,-1,-1,0,-1
2023440173207,2023,440173207,1,1,0,18,19,7,3,0,0,8,0,0,0,0,4,1,6,6,1,32,6,-1,-1,-1,-1,5,E01017021,0,-1
2023010479871,2023,010479871,1,11,0,18,19,7,3,0,0,2,0,0,0,0,0,1,1,1,2,45,7,-1,-1,-1,-1,6,E01002523,0,-1
2023231351639,2023,231351639,1,9,0,17,19,2,6,0,0,0,0,0,1,4,1,1,5,6,1,37,7,-1,-1,-1,-1,6,E01031199,0,-1
2023010453857,2023,010453857,1,2,0,18,19,7,3,0,0,1,0,0,0,0,1,1,6,6,3,-1,-1,-1,-1,-1,-1,-1,-1,0,-1
2023141354155,2023,141354155,1,9,0,8,8,3,7,0,0,0,0,0,0,0,1,1,5,6,1,29,6,-1,-1,-1,-1,3,E01008032,0,-1
2023547531423,2023,547531423,2,1,0,18,19,7,3,9,9,1,0,0,0,0,1,1,6,6,1,20,4,-1,-1,-1,-1,2,E01031914,0,-1
2023010459835,2023,010459835,1,9,0,18,19,1,5,9,9,2,9,99,0,0,1,9,6,6,3,-1,-1,-1,-1,-1,-1,-1,-1,0,-1
2023061346343,2023,061346343,1,19,0,4,4,3,5,0,0,0,0,0,0,0,1,1,6,6,1,-1,-1,-1,-1,-1,-1,-1,-1,0,-1
2023010462406,2023,010462406,1,1,0,18,19,2,6,0,0,6,0,0,0,0,4,1,2,2,1,54,8,-1,-1,-1,-1,5,E01003110,0,-1
2023471283130,2023,471283130,1,9,0,18,19,8,4,0,0,0,0,0,0,0,1,1,6,6,3,-1,-1,-1,-1,-1,-1,-1,-1,0,-1
2023430379074,2023,430379074,1,9,0,18,19,2,6,0,0,1,0,0,0,0,0,1,6,6,3,-1,-1,-1,-1,-1,-1,-1,-1,0,-1
2023430275107,2023,430275107,2,22,0,18,19,4,8,0,0,3,0,0,0,0,1,1,6,6,2,46,8,-1,-1,-1,-1,2,E01016368,0,-1
2023131311500,2023,131311500,2,1,0,18,19,1,5,4,4,1,0,0,0,0,1,1,5,6,1,36,7,-1,-1,-1,-1,2,E01011020,0,-1
2023421352078,2023,421352078,2,1,0,-1,-1,-1,-1,-1,-1,-1,-1,-1,-1,0,-1,1,5,6,2,65,9,-1,-1,-1,-1,4,E01015888,0,-1
2023010464436,2023,010464436,2,1,0,18,19,5,1,0,0,0,0,0,0,0,1,1,2,2,2,34,6,-1,-1,-1,-1,7,E01000169,0,-1
2023522300501,2023,522300501,2,9,0,18,19,5,1,0,0,1,0,0,0,0,2,1,6,6,1,30,6,-1,-1,-1,-1,3,E01033355,0,-1
2023010454332,2023,010454332,1,1,9,99,99,9,9,99,99,9,9,99,9,99,9,1,2,2,1,40,7,-1,-1,-1,-1,2,E01000544,0,-1
2023411325737,2023,411325737,2,1,0,18,19,-1,-1,0,0,1,0,0,0,0,3,1,5,6,1,65,9,-1,-1,-1,-1,8,E01018228,0,-1
2023471349842,2023,471349842,3,9,0,18,19,5,1,0,0,0,0,0,0,0,0,1,6,6,3,-1,-1,-1,-1,-1,-1,-1,-1,0,-1
2023471374452,2023,471374452,2,1,0,18,19,1,5,0,0,0,0,0,1,10,2,1,5,6,1,57,9,-1,-1,-1,-1,8,E01031618,0,-1
2023622300558,2023,622300558,1,9,0,18,19,2,6,0,0,0,0,0,0,0,1,1,6,6,3,-1,-1,-1,-1,-1,-1,-1,-1,0,-1
2023430362875,2023,430362875,2,9,0,4,4,8,4,0,0,0,0,0,0,0,0,1,6,6,3,-1,-1,-1,-1,-1,-1,-1,-1,0,-1
2023332300265,2023,332300265,2,1,0,18,19,3,7,9,9,0,0,0,0,0,1,1,6,6,1,79,11,-1,-1,-1,-1,9,E01025675,0,-1
2023201364928,2023,201364928,2,9,0,5,5,5,1,0,0,6,0,0,0,0,1,1,6,6,1,-1,-1,-1,-1,-1,-1,-1,-1,0,-1
2023010478761,2023,010478761,2,1,0,18,19,5,1,0,0,3,0,0,0,0,1,1,6,6,1,29,6,-1,-1,-1,-1,5,E01001271,0,-1
2023501305955,2023,501305955,1,9,0,16,19,6,2,0,0,0,0,11,0,0,3,1,6,6,3,-1,-1,-1,-1,-1,-1,-1,-1,0,-1
2023501360790,2023,501360790,2,1,0,18,19,6,2,0,0,1,0,0,0,0,1,1,5,6,1,42,7,-1,-1,-1,-1,2,E01018977,0,-1
2023070842485,2023,070842485,2,1,0,18,19,3,7,0,0,8,0,0,0,0,4,1,6,6,1,47,8,-1,-1,-1,-1,4,E01012478,0,-1
2023320047008,2023,320047008,2,9,0,10,10,8,6,0,0,1,0,0,0,0,3,1,6,6,1,50,8,-1,-1,-1,-1,8,E01028035,0,-1
2023010468819,2023,010468819,1,1,9,99,99,9,9,99,99,9,9,99,9,99,1,1,2,2,2,37,7,-1,-1,-1,-1,3,E01003068,0,-1
2023430316755,2023,430316755,1,9,0,9,9,2,8,0,0,6,0,0,0,0,4,1,6,6,1,75,10,-1,-1,-1,-1,-1,-1,0,-1
2023131328797,2023,131328797,2,1,0,18,19,3,7,0,0,8,0,0,0,0,4,1,5,6,1,58,9,-1,-1,-1,-1,8,E01010758,0,-1
2023010456191,2023,010456191,2,1,0,18,19,3,7,0,0,8,0,0,0,0,1,1,6,6,2,31,6,-1,-1,-1,-1,5,E01002745,0,-1
2023010450005,2023,010450005,1,1,9,99,99,9,9,99,99,9,9,99,9,99,9,1,6,6,1,26,6,-1,-1,-1,-1,5,E01001644,0,-1
2023010435030,2023,010435030,1,9,0,99,99,9,9,99,99,9,9,99,9,99,9,9,6,6,3,-1,-1,-1,-1,-1,-1,-1,-1,0,-1
2023201417732,2023,201417732,4,9,0,18,19,8,4,0,0,0,1,0,0,0,1,1,6,6,1,44,7,-1,-1,-1,-1,3,E01009145,0,-1
2023461332741,2023,461332741,2,1,0,18,19,4,8,0,0,0,0,0,0,0,1,1,6,6,2,58,9,-1,-1,-1,-1,9,E01024008,0,-1
2023991292837,2023,991292837,1,1,0,5,5,1,5,0,0,1,0,0,0,0,4,1,1,1,1,17,4,-1,-1,-1,-1,1,-1,0,-1
2023010471155,2023,010471155,1,9,0,99,99,9,9,99,99,9,9,99,9,99,1,9,6,6,3,-1,-1,-1,-1,-1,-1,-1,-1,0,-1
2023010442863,2023,010442863,1,1,9,99,99,9,9,99,99,9,9,99,9,99,1,1,2,2,1,38,7,-1,-1,-1,-1,5,E01001201,0,-1
2023010451551,2023,010451551,2,1,0,18,19,3,7,0,0,8,5,0,0,0,1,1,1,1,1,25,5,-1,-1,-1,-1,8,E01004506,0,-1
2023401382861,2023,401382861,2,1,0,18,19,4,8,0,0,0,5,0,1,0,3,1,6,6,1,63,9,-1,-1,-1,-1,8,E01017624,0,-1
2023421304169,2023,421304169,1,98,-1,18,19,1,5,0,0,0,0,0,0,0,4,1,6,6,3,-1,-1,-1,-1,-1,-1,-1,-1,0,-1
2023010474854,2023,010474854,1,1,9,99,99,9,9,99,99,0,9,99,9,99,9,1,2,2,1,36,7,-1,-1,-1,-1,-1,-1,0,-1
2023170S10853,2023,170S10853,1,1,0,9,9,7,5,0,0,8,0,0,0,0,1,1,6,6,1,28,6,-1,-1,-1,-1,5,E01012219,0,-1
2023141332452,2023,141332452,3,1,0,5,5,7,5,9,9,6,0,0,0,0,0,1,6,6,3,-1,-1,-1,-1,-1,-1,-1,-1,0,-1
2023052301599,2023,052301599,2,1,0,18,19,5,1,0,0,0,0,0,0,0,1,1,6,6,1,54,8,-1,-1,-1,-1,1,E01007012,0,-1
2023010440596,2023,010440596,2,9,0,9,9,1,7,0,0,8,0,0,0,0,1,1,6,6,3,-1,-1,-1,-1,-1,-1,-1,-1,0,-1
2023471335411,2023,471335411,1,9,0,18,19,1,5,0,0,8,0,0,0,0,0,1,6,6,1,52,8,-1,-1,-1,-1,5,E01030531,0,-1
2023451271269,2023,451271269,2,23,0,18,19,5,1,0,0,0,1,0,0,0,4,1,2,2,1,41,7,-1,-1,-1,-1,8,E01030622,0,-1
2023401382804,2023,401382804,1,9,0,13,13,5,3,0,0,1,1,7,0,0,4,1,6,6,3,-1,-1,-1,-1,-1,-1,-1,-1,0,-1
2023430245980,2023,430245980,1,9,0,18,19,7,3,0,0,0,0,0,0,0,1,1,2,2,1,55,8,-1,-1,-1,-1,10,E01028637,0,-1
2023010429832,2023,010429832,2,-1,9,18,19,5,1,0,0,1,9,99,9,99,4,1,6,6,1,28,6,-1,-1,-1,-1,2,E01004615,1,-1
2023010426381,2023,010426381,1,1,0,18,19,5,1,0,0,1,0,0,0,0,1,1,1,1,1,30,6,-1,-1,-1,-1,6,E01002128,0,-1
2023141333174,2023,141333174,2,9,0,18,19,8,4,0,0,0,0,0,0,0,1,1,6,6,3,-1,-1,-1,-1,-1,-1,-1,-1,0,-1
2023131356661,2023,131356661,2,9,0,18,19,3,7,0,0,1,0,0,0,0,1,1,1,1,1,70,10,-1,-1,-1,-1,7,E01027647,0,-1
2023161328187,2023,161328187,1,9,0,5,5,5,1,0,0,0,0,0,0,0,1,1,6,6,3,-1,-1,-1,-1,-1,-1,-1,-1,0,-1
2023471312981,2023,471312981,5,1,0,10,10,1,7,0,0,8,0,0,0,0,0,1,6,6,3,-1,-1,-1,-1,-1,-1,-1,-1,0,-1
2023201364148,2023,201364148,1,9,0,18,19,2,6,0,0,6,0,0,0,0,1,1,6,6,1,21,5,-1,-1,-1,-1,5,E01009042,0,-1
2023531363166,2023,531363166,2,9,0,4,4,1,5,0,0,0,0,0,0,0,2,1,6,6,3,-1,-1,-1,-1,-1,-1,-1,-1,0,-1
2023010439142,2023,010439142,2,98,9,99,99,9,9,99,99,9,9,99,9,99,9,9,6,6,3,-1,-1,-1,-1,-1,-1,-1,-1,0,-1
2023340NN2362,2023,340NN2362,1,9,0,18,19,1,5,0,0,0,0,0,0,0,1,1,6,6,3,-1,-1,-1,-1,-1,-1,-1,-1,0,-1
2023201296183,2023,201296183,2,9,0,18,19,-1,-1,0,0,0,0,0,0,0,1,1,6,6,3,-1,-1,-1,-1,-1,-1,-1,-1,0,-1
2023070813952,2023,070813952,2,9,0,8,8,2,6,0,0,1,0,0,0,0,1,1,6,6,3,-1,-1,-1,-1,-1,-1,-1,-1,0,-1
2023520400465,2023,520400465,1,1,0,18,19,5,1,0,0,8,0,0,0,0,4,1,6,6,1,70,10,-1,-1,-1,-1,5,E01029051,0,-1
2023122301056,2023,122301056,1,10,0,16,19,1,4,0,0,0,1,0,7,9,1,1,6,6,2,17,4,-1,-1,-1,-1,3,E01010703,0,-1
2023041319216,2023,041319216,1,1,0,18,19,1,5,0,0,0,0,0,0,0,1,1,5,6,2,8,2,-1,-1,-1,-1,2,E01012696,0,-1
2023010447966,2023,010447966,1,9,9,99,99,9,9,99,99,9,9,99,9,99,9,9,6,6,3,-1,-1,-1,-1,-1,-1,-1,-1,0,-1
2023332301144,2023,332301144,2,9,0,18,19,6,2,0,0,0,0,0,0,0,1,1,2,2,1,35,6,-1,-1,-1,-1,4,E01025843,0,-1
2023010459902,2023,010459902,2,9,0,99,99,9,9,99,99,9,9,99,9,99,1,9,6,6,3,-1,-1,-1,-1,-1,-1,-1,-1,0,-1
2023010429693,2023,010429693,1,1,9,99,99,9,9,99,99,9,9,99,9,99,1,1,6,6,1,26,6,-1,-1,-1,-1,1,E01002748,0,-1
2023061349560,2023,061349560,1,-1,-1,-1,-1,-1,-1,-1,-1,0,-1,-1,-1,0,-1,1,6,6,3,-1,-1,-1,-1,-1,-1,-1,-1,0,-1
2023320529732,2023,320529732,1,1,0,18,19,2,6,0,0,0,5,0,0,0,1,1,6,6,1,53,8,-1,-1,-1,-1,5,E01026241,0,-1
2023401288515,2023,401288515,2,1,0,18,19,-1,-1,0,0,0,0,0,0,0,2,1,6,6,1,15,3,-1,-1,-1,-1,2,E01017594,0,-1
2023070361052,2023,070361052,1,1,0,7,7,7,2,0,0,2,0,0,0,0,1,1,6,6,1,55,8,-1,-1,-1,-1,9,E01018634,0,-1
2023311386688,2023,311386688,1,97,0,18,19,5,8,0,0,0,0,0,0,0,1,1,6,6,1,-1,-1,-1,-1,-1,-1,-1,-1,0,-1
2023351365125,2023,351365125,4,9,0,10,10,3,7,0,0,1,0,0,0,0,2,1,1,1,1,59,9,-1,-1,-1,-1,8,E01015626,0,-1
2023111342051,2023,111342051,1,4,0,13,13,5,1,0,0,1,0,0,0,0,1,1,6,6,1,22,5,-1,-1,-1,-1,-1,-1,0,-1
2023041275103,2023,041275103,1,9,0,18,19,-1,-1,0,0,1,0,0,0,0,1,1,6,6,3,-1,-1,-1,-1,-1,-1,-1,-1,0,-1
2023131323343,2023,131323343,2,1,0,18,19,5,1,0,0,8,0,0,0,0,1,1,2,2,1,28,6,-1,-1,-1,-1,5,E01011006,0,-1
2023131274584,2023,131274584,1,9,0,16,19,1,1,0,0,0,1,0,7,11,1,1,2,2,1,36,7,-1,-1,-1,-1,2,E01011030,0,-1
2023010456434,2023,010456434,1,1,9,99,99,9,9,99,99,9,9,99,9,99,2,1,6,6,2,31,6,-1,-1,-1,-1,6,E01001870,0,-1
2023010456211,2023,010456211,2,1,9,99,99,9,9,99,99,0,9,99,9,99,9,1,6,6,1,-1,-1,-1,-1,-1,-1,5,E01001803,0,-1
202363C036423,2023,63C036423,1,9,0,18,19,6,2,0,0,1,0,0,0,0,1,1,2,2,1,36,7,-1,-1,-1,-1,-1,-1,0,-1
2023010450901,2023,010450901,2,9,0,99,99,9,9,99,99,9,9,99,9,99,9,9,6,6,3,-1,-1,-1,-1,-1,-1,-1,-1,0,-1
2023010462038,2023,010462038,2,1,0,9,9,3,8,0,0,5,0,0,0,0,2,1,2,2,2,23,5,-1,-1,-1,-1,7,E01004496,0,-1
2023430358891,2023,430358891,2,-1,0,18,19,8,4,0,0,0,0,0,0,0,1,1,6,6,1,14,3,-1,-1,-1,-1,4,E01017724,1,-1
2023481356358,2023,481356358,1,8,0,2,2,0,0,0,0,0,0,0,0,0,4,1,1,1,3,-1,-1,-1,-1,-1,-1,-1,-1,0,-1
2023401365962,2023,401365962,2,1,0,5,5,-1,-1,2,2,0,1,0,0,0,2,1,6,6,1,35,6,-1,-1,-1,-1,7,E01017516,0,-1
2023010485498,2023,010485498,1,23,0,7,7,3,5,0,0,8,0,0,0,0,1,1,6,6,1,21,5,-1,-1,-1,-1,2,E01001283,0,-1
2023440211867,2023,440211867,1,9,0,18,19,4,8,0,0,8,0,0,0,0,4,1,6,6,3,-1,-1,-1,-1,-1,-1,-1,-1,0,-1
2023010449298,2023,010449298,1,1,0,18,19,8,4,0,0,0,0,0,0,0,1,1,2,2,2,54,8,-1,-1,-1,-1,5,E01004475,0,-1