collision_index,collision_year,collision_ref_no,vehicle_reference,vehicle_type,towing_and_articulation,vehicle_manoeuvre_historic,vehicle_manoeuvre,vehicle_direction_from,vehicle_direction_to,vehicle_location_restricted_lane_historic,vehicle_location_restricted_lane,junction_location,skidding_and_overturning,hit_object_in_carriageway,vehicle_leaving_carriageway,hit_object_off_carriageway,first_point_of_impact,vehicle_left_hand_drive,journey_purpose_of_driver_historic,journey_purpose_of_driver,sex_of_driver,age_of_driver,age_band_of_driver,engine_capacity_cc,propulsion_code,age_of_vehicle,generic_make_model,driver_imd_decile,lsoa_of_driver,escooter_flag,driver_distance_banding
2023010485796,2023,010485796,1,97,0,99,99,9,9,99,99,9,9,99,9,99,1,1,6,6,3,-1,-1,-1,-1,-1,-1,-1,-1,0,-1
2023440025983,2023,440025983,1,9,0,5,5,3,5,0,0,4,0,0,0,0,1,1,2,2,2,41,7,-1,-1,-1,-1,5,E01017030,0,-1
2023522301466,2023,522301466,1,1,0,18,19,5,1,0,0,0,0,0,0,0,3,1,6,6,1,67,10,-1,-1,-1,-1,2,E01014692,0,-1
2023131302231,2023,131302231,2,9,0,18,19,5,1,0,0,0,0,0,0,0,2,1,5,6,1,40,7,-1,-1,-1,-1,8,E01011884,0,-1
2023041365198,2023,041365198,2,1,0,18,19,4,8,0,0,8,0,0,0,0,4,1,5,6,1,53,8,-1,-1,-1,-1,1,E01012739,0,-1
2023070364733,2023,070364733,2,9,0,18,19,4,8,0,0,0,0,0,0,0,0,1,6,6,2,32,6,-1,-1,-1,-1,-1,-1,0,-1
2023622300900,2023,622300900,1,23,0,18,19,4,8,0,0,0,1,0,1,1,3,1,6,6,3,-1,-1,-1,-1,-1,-1,-1,-1,0,-1
2023010440520,2023,010440520,1,-1,9,99,99,9,9,99,99,9,9,99,9,99,9,9,6,6,3,-1,-1,-1,-1,-1,-1,-1,-1,1,-1
2023351387807,2023,351387807,2,1,0,18,19,-1,-1,0,0,1,0,0,0,0,4,1,5,6,2,62,9,-1,-1,-1,-1,6,E01018005,0,-1
2023421394976,2023,421394976,1,9,0,18,19,3,7,0,0,0,0,0,0,0,1,1,6,6,3,-1,-1,-1,-1,-1,-1,-1,-1,0,-1
2023371286633,2023,371286633,2,1,-1,18,19,3,7,0,0,1,0,0,0,0,-1,1,4,7,1,12,3,-1,-1,-1,-1,8,E01030167,0,-1
2023141368662,2023,141368662,1,1,0,18,19,6,1,0,0,0,0,0,0,0,1,1,5,6,1,54,8,-1,-1,-1,-1,4,E01007693,0,-1
2023070232095,2023,070232095,1,9,0,16,19,5,1,0,0,0,0,0,1,11,3,1,6,6,1,18,4,-1,-1,-1,-1,-1,-1,0,-1
2023010467030,2023,010467030,1,1,9,99,99,9,9,99,99,9,9,99,9,99,1,1,2,2,2,25,5,-1,-1,-1,-1,7,E01004545,0,-1
2023430418277,2023,430418277,2,9,0,4,4,4,8,0,0,0,0,0,0,0,2,1,1,1,1,37,7,-1,-1,-1,-1,-1,-1,0,-1
2023101365052,2023,101365052,1,1,0,18,19,6,3,9,9,2,0,0,0,0,1,1,6,6,1,16,4,-1,-1,-1,-1,-1,-1,0,-1
2023070126244,2023,070126244,1,9,0,18,19,5,1,0,0,4,0,0,0,0,4,1,6,6,2,-1,-1,-1,-1,-1,-1,-1,-1,0,-1
2023430382423,2023,430382423,2,1,0,18,19,5,1,0,0,8,0,0,0,0,4,1,6,6,2,56,9,-1,-1,-1,-1,9,E01016247,0,-1
2023111314863,2023,111314863,2,9,0,18,19,5,1,0,0,0,0,0,0,0,3,1,2,2,1,31,6,-1,-1,-1,-1,3,E01020649,0,-1
2023010433418,2023,010433418,1,1,9,99,99,9,9,99,99,9,9,99,9,99,9,1,6,6,3,-1,-1,-1,-1,-1,-1,-1,-1,0,-1
2023010446310,2023,010446310,2,9,0,99,99,9,9,99,99,9,9,99,9,99,1,9,6,6,3,-1,-1,-1,-1,-1,-1,-1,-1,0,-1
2023010478847,2023,010478847,2,9,0,6,6,3,3,0,0,2,0,11,0,0,1,1,6,6,2,-1,-1,-1,-1,-1,-1,-1,-1,0,-1
2023010435414,2023,010435414,1,1,9,99,99,9,9,99,99,9,9,99,9,99,9,1,2,2,2,22,5,-1,-1,-1,-1,2,E01002087,0,-1
2023201337360,2023,201337360,1,9,0,18,19,3,7,0,0,0,0,0,0,0,1,1,6,6,1,-1,-1,-1,-1,-1,-1,-1,-1,0,-1
2023010435071,2023,010435071,1,1,9,99,99,9,9,99,99,0,9,99,9,99,1,1,2,2,1,46,8,-1,-1,-1,-1,9,E01024183,0,-1
2023010425083,2023,010425083,1,11,0,99,99,9,9,99,99,9,9,99,9,99,9,9,6,6,3,-1,-1,-1,-1,-1,-1,-1,-1,0,-1
2023471268581,2023,471268581,1,19,0,18,19,5,1,0,0,0,0,0,0,0,0,1,6,6,3,-1,-1,-1,-1,-1,-1,-1,-1,0,-1
2023010470565,2023,010470565,1,1,0,18,19,5,1,5,5,0,0,0,0,0,1,1,6,6,3,33,6,-1,-1,-1,-1,-1,-1,0,-1
2023531380307,2023,531380307,2,1,0,9,9,8,6,0,0,8,0,0,0,0,4,1,6,6,1,57,9,-1,-1,-1,-1,4,E01022365,0,-1
2023332300515,2023,332300515,1,19,0,14,14,2,6,0,0,0,0,0,0,0,1,1,6,6,1,60,9,-1,-1,-1,-1,4,E01013740,0,-1
2023010437576,2023,010437576,1,1,9,99,99,9,9,99,99,9,9,99,9,99,9,1,2,2,1,37,7,-1,-1,-1,-1,2,E01002735,0,-1
2023131331570,2023,131331570,2,16,0,18,19,3,7,0,0,0,0,0,0,0,3,1,5,6,2,57,9,-1,-1,-1,-1,8,E01011938,0,-1
2023610042423,2023,610042423,3,8,0,-1,-1,-1,-1,0,0,8,0,0,0,0,0,1,6,6,3,-1,-1,-1,-1,-1,-1,-1,-1,0,-1
2023332300947,2023,332300947,1,9,0,18,19,4,8,0,0,0,0,0,0,0,1,1,6,6,3,-1,-1,-1,-1,-1,-1,-1,-1,0,-1
2023031291080,2023,031291080,2,9,0,-1,-1,1,5,0,0,0,0,0,0,0,1,1,6,6,3,-1,-1,-1,-1,-1,-1,-1,-1,0,-1
2023031364870,2023,031364870,2,1,0,18,19,8,4,9,9,0,0,0,0,0,3,1,6,6,1,14,3,-1,-1,-1,-1,2,E01019199,0,-1
2023010425130,2023,010425130,1,1,9,99,99,9,9,99,99,9,9,99,9,99,1,1,2,2,1,29,6,-1,-1,-1,-1,4,E01000916,0,-1
2023010461701,2023,010461701,2,9,0,99,99,9,9,99,99,9,9,99,9,99,1,9,6,6,3,-1,-1,-1,-1,-1,-1,6,E01002678,0,-1
2023351389646,2023,351389646,2,1,0,4,4,-1,-1,2,2,-1,0,0,0,0,-1,1,6,6,2,14,3,-1,-1,-1,-1,10,E01017986,0,-1
2023101287974,2023,101287974,1,19,0,18,19,5,1,0,0,1,0,0,0,0,1,1,6,6,1,-1,-1,-1,-1,-1,-1,-1,-1,0,-1
2023131358000,2023,131358000,1,9,0,5,5,3,7,0,0,6,0,0,0,0,4,1,5,6,1,41,7,-1,-1,-1,-1,8,E01007362,0,-1
2023010422858,2023,010422858,1,1,9,99,99,9,9,99,99,9,9,99,9,99,2,1,6,6,1,26,6,-1,-1,-1,-1,3,E01002028,0,-1
2023430267864,2023,430267864,1,9,0,18,19,3,7,0,0,0,0,0,0,0,0,1,6,6,1,30,6,-1,-1,-1,-1,7,E01017547,0,-1
2023211381470,2023,211381470,2,9,0,9,9,7,3,0,0,6,0,0,0,0,4,1,6,6,2,31,6,-1,-1,-1,-1,1,E01029554,0,-1
2023471264198,2023,471264198,2,1,0,9,9,1,7,0,0,8,0,0,0,0,4,1,2,2,1,61,9,-1,-1,-1,-1,8,E01031840,0,-1
2023010446552,2023,010446552,1,2,0,18,19,3,7,0,0,1,0,0,0,0,2,1,6,6,1,23,5,-1,-1,-1,-1,7,E01001411,0,-1
2023401327822,2023,401327822,1,9,0,18,19,-1,-1,0,0,2,0,0,0,0,1,1,6,6,3,-1,-1,-1,-1,-1,-1,-1,-1,0,-1
2023201378357,2023,201378357,2,9,0,14,14,5,1,0,0,0,0,8,0,0,1,1,5,6,1,61,9,-1,-1,-1,-1,10,E01018490,0,-1
2023531320519,2023,531320519,1,97,0,18,19,7,3,0,0,2,0,0,0,0,1,1,5,6,1,20,4,-1,-1,-1,-1,8,E01032938,0,-1
2023440310891,2023,440310891,2,1,0,18,19,1,5,0,0,0,0,0,0,0,4,1,2,2,2,29,6,-1,-1,-1,-1,5,E01017030,0,-1
2023451324763,2023,451324763,1,9,0,18,19,3,7,0,0,0,0,0,0,0,1,1,1,1,1,33,6,-1,-1,-1,-1,4,E01031551,0,-1
2023201387784,2023,201387784,2,1,0,18,19,6,2,0,0,0,0,0,0,0,3,1,6,6,1,85,11,-1,-1,-1,-1,9,E01009549,0,-1
2023622300258,2023,622300258,2,22,0,18,19,5,1,0,0,1,0,0,0,0,1,1,6,6,2,68,10,-1,-1,-1,-1,3,W01001711,0,-1
202360A190768,2023,60A190768,4,9,0,4,4,5,1,0,0,0,0,0,0,0,0,1,6,6,1,28,6,-1,-1,-1,-1,-1,-1,0,-1
2023161364079,2023,161364079,2,1,0,18,19,7,3,0,0,0,0,0,0,0,2,1,6,6,1,11,3,-1,-1,-1,-1,3,E01012774,0,-1
2023991340469,2023,991340469,1,9,0,7,7,7,1,0,0,0,0,0,0,0,1,1,6,6,3,30,6,-1,-1,-1,-1,-1,-1,0,-1
2023070112960,2023,070112960,2,1,0,18,19,7,3,0,0,0,0,0,0,0,4,1,2,2,1,64,9,-1,-1,-1,-1,10,E01018436,0,-1
2023622300290,2023,622300290,2,1,0,9,9,4,2,0,0,8,0,0,0,0,1,1,6,6,1,31,6,-1,-1,-1,-1,7,W01001722,0,-1
2023010422420,2023,010422420,1,1,9,99,99,9,9,99,99,0,9,99,9,99,2,1,6,6,1,50,8,-1,-1,-1,-1,1,E01003516,0,-1
2023141263571,2023,141263571,1,98,0,18,19,3,7,0,0,0,0,0,0,0,2,1,1,1,1,54,8,-1,-1,-1,-1,1,E01007919,0,-1
2023201291781,2023,201291781,2,9,0,9,9,1,6,0,0,6,0,0,0,0,1,1,6,6,1,28,6,-1,-1,-1,-1,2,E01010335,0,-1
2023351303971,2023,351303971,1,9,0,18,19,-1,-1,0,0,1,0,0,0,0,0,1,6,6,3,-1,-1,-1,-1,-1,-1,-1,-1,0,-1
2023061285562,2023,061285562,1,9,0,9,9,2,6,0,0,5,0,0,0,0,1,1,6,6,3,-1,-1,-1,-1,-1,-1,-1,-1,0,-1
2023340WN4942,2023,340WN4942,1,9,0,18,19,8,4,0,0,0,0,0,0,0,1,1,6,6,3,-1,-1,-1,-1,-1,-1,-1,-1,0,-1
2023531361470,2023,531361470,2,-1,0,18,19,7,3,0,0,0,0,0,0,0,3,1,6,6,2,14,3,-1,-1,-1,-1,5,E01022321,1,-1
2023340WN0632,2023,340WN0632,3,9,0,10,10,1,5,0,0,8,0,0,0,0,0,1,6,6,1,64,9,-1,-1,-1,-1,3,E01026988,0,-1
2023010425186,2023,010425186,1,1,9,99,99,9,9,99,99,0,9,99,9,99,9,1,6,6,1,18,4,-1,-1,-1,-1,6,E01002496,0,-1
2023332301221,2023,332301221,2,9,0,5,5,8,4,0,0,8,0,0,0,0,1,1,6,6,1,62,9,-1,-1,-1,-1,6,E01031084,0,-1
2023041331952,2023,041331952,1,9,0,18,19,-1,-1,0,0,0,0,0,-1,0,-1,1,6,6,3,-1,-1,-1,-1,-1,-1,-1,-1,0,-1
2023010477405,2023,010477405,2,1,0,18,19,5,1,0,0,2,0,0,0,0,1,1,6,6,1,51,8,-1,-1,-1,-1,3,E01003015,0,-1
202363A033323,2023,63A033323,1,9,0,4,4,2,5,0,0,2,0,0,0,0,1,1,6,6,2,21,5,-1,-1,-1,-1,-1,-1,0,-1
2023440037620,2023,440037620,1,1,0,18,19,1,5,0,0,0,0,0,0,0,1,1,4,7,1,17,4,-1,-1,-1,-1,2,E01017216,0,-1
2023010464935,2023,010464935,1,11,0,5,5,1,5,0,0,0,9,99,9,99,9,1,6,6,3,-1,-1,-1,-1,-1,-1,-1,-1,0,-1
2023041311277,2023,041311277,1,9,0,18,19,3,7,0,0,3,0,0,0,0,1,1,2,2,2,23,5,-1,-1,-1,-1,6,E01025458,0,-1
2023070000171,2023,070000171,1,1,0,18,19,1,5,0,0,0,0,0,0,0,1,1,6,6,1,59,9,-1,-1,-1,-1,5,E01012474,0,-1
2023010447081,2023,010447081,2,1,0,18,19,4,8,0,0,1,0,0,0,0,3,1,1,1,1,19,4,-1,-1,-1,-1,3,E01003719,0,-1
2023010422169,2023,010422169,2,9,0,99,99,9,9,99,99,9,9,99,9,99,1,9,6,6,3,-1,-1,-1,-1,-1,-1,-1,-1,0,-1
2023320484131,2023,320484131,1,22,0,18,19,4,8,0,0,0,0,0,0,0,1,1,6,6,1,-1,-1,-1,-1,-1,-1,-1,-1,0,-1
2023411297785,2023,411297785,1,-1,0,17,19,8,7,0,0,8,0,0,0,0,1,1,6,6,1,-1,-1,-1,-1,-1,-1,-1,-1,0,-1
2023302300321,2023,302300321,1,1,0,18,19,8,4,0,0,2,0,0,0,0,4,1,6,6,1,56,9,-1,-1,-1,-1,9,E01013462,0,-1
2023010453938,2023,010453938,1,9,9,99,99,9,9,99,99,9,9,99,9,99,9,9,6,6,3,-1,-1,-1,-1,-1,-1,-1,-1,0,-1
2023122300691,2023,122300691,1,9,0,18,19,3,7,0,0,1,0,0,0,0,0,1,6,6,3,-1,-1,-1,-1,-1,-1,-1,-1,0,-1
2023991350904,2023,991350904,1,5,0,18,19,4,1,0,0,0,1,0,0,0,1,1,5,6,1,47,8,-1,-1,-1,-1,6,-1,0,-1
2023471363848,2023,471363848,1,22,0,18,19,2,6,0,0,1,0,0,0,0,1,1,6,6,1,63,9,-1,-1,-1,-1,1,E01016910,0,-1
2023131381089,2023,131381089,3,9,0,17,19,3,7,0,0,0,2,0,0,0,1,1,5,6,1,54,8,-1,-1,-1,-1,8,E01027896,0,-1
2023010437584,2023,010437584,2,9,9,99,99,9,9,99,99,9,9,99,9,99,9,9,6,6,3,-1,-1,-1,-1,-1,-1,-1,-1,0,-1
2023430357069,2023,430357069,1,9,0,18,19,5,1,0,0,1,0,0,0,0,1,1,6,6,1,-1,-1,-1,-1,-1,-1,-1,-1,0,-1
2023991272940,2023,991272940,1,9,0,18,19,1,5,0,0,4,0,0,0,0,4,1,1,1,1,27,6,-1,-1,-1,-1,-1,-1,0,-1
2023101276820,2023,101276820,2,3,0,18,19,1,5,0,0,8,5,0,0,0,1,1,6,6,1,18,4,-1,-1,-1,-1,1,E01008212,0,-1
2023622300521,2023,622300521,2,1,0,3,3,6,2,0,0,0,0,0,0,0,2,1,6,6,1,58,9,-1,-1,-1,-1,9,W01000874,0,-1
2023520400228,2023,520400228,1,9,0,18,19,8,4,0,0,0,0,0,0,0,1,1,6,6,3,-1,-1,-1,-1,-1,-1,-1,-1,0,-1
2023302301862,2023,302301862,1,9,0,18,19,8,4,0,0,0,0,0,0,0,4,1,6,6,3,-1,-1,-1,-1,-1,-1,5,E01019456,0,-1
2023411368487,2023,411368487,2,1,0,18,19,7,3,0,0,1,0,0,0,0,3,1,6,6,2,22,5,-1,-1,-1,-1,6,E01023921,0,-1
2023031368746,2023,031368746,2,9,0,18,19,7,3,0,0,0,0,0,0,0,1,1,1,1,1,27,6,-1,-1,-1,-1,2,E01019285,0,-1
2023010432926,2023,010432926,2,9,0,9,9,5,2,0,0,1,0,0,0,0,0,1,6,6,3,33,6,-1,-1,-1,-1,-1,-1,0,-1
2023211288496,2023,211288496,1,9,0,18,19,1,5,0,0,0,0,0,0,0,1,1,6,6,2,49,8,-1,-1,-1,-1,7,E01029369,0,-1
2023070355702,2023,070355702,2,1,0,4,4,3,7,0,0,0,0,0,0,0,1,1,6,6,1,30,6,-1,-1,-1,-1,2,E01012399,0,-1
2023451294740,2023,451294740,2,-1,0,4,4,7,3,0,0,0,0,0,0,0,2,1,6,6,3,23,5,-1,-1,-1,-1,-1,-1,0,-1
2023461375425,2023,461375425,1,9,0,17,19,2,6,0,0,0,0,0,0,0,4,1,5,6,1,73,10,-1,-1,-1,-1,5,E01021101,0,-1
2023320593197,2023,320593197,2,1,0,18,19,8,4,0,0,8,0,0,0,0,1,1,6,6,1,15,3,-1,-1,-1,-1,8,E01026289,0,-1
2023010477159,2023,010477159,1,1,9,99,99,9,9,99,99,9,9,99,9,99,1,1,6,6,3,-1,-1,-1,-1,-1,-1,-1,-1,0,-1
2023451319116,2023,451319116,1,9,0,18,19,3,7,0,0,0,0,0,0,0,1,1,1,1,1,44,7,-1,-1,-1,-1,6,E01031579,0,-1
2023010456660,2023,010456660,1,8,9,99,99,9,9,99,99,9,9,99,9,99,9,1,6,6,1,-1,-1,-1,-1,-1,-1,-1,-1,0,-1
2023041356964,2023,041356964,2,1,0,18,19,3,7,0,0,0,0,0,0,0,3,1,5,6,1,69,10,-1,-1,-1,-1,10,E01025332,0,-1
2023010426904,2023,010426904,2,1,0,18,19,7,3,0,0,1,0,0,0,0,3,1,2,2,2,35,6,-1,-1,-1,-1,2,E01003330,0,-1
202363C025923,2023,63C025923,2,17,4,18,19,3,7,0,0,0,0,0,0,0,3,1,1,1,1,56,9,-1,-1,-1,-1,-1,-1,0,-1
2023631392472,2023,631392472,1,9,0,18,19,1,5,0,0,0,0,0,0,0,3,1,1,1,1,39,7,-1,-1,-1,-1,8,W01000616,0,-1
2023010472333,2023,010472333,1,1,9,99,99,9,9,99,99,9,9,99,9,99,1,1,2,2,2,35,6,-1,-1,-1,-1,3,E01003989,0,-1
2023010473001,2023,010473001,2,1,0,18,19,1,5,0,0,1,0,0,0,0,1,1,2,2,1,25,5,-1,-1,-1,-1,2,E01001486,0,-1
2023010421591,2023,010421591,1,9,9,99,99,9,9,99,99,9,9,99,9,99,9,9,6,6,3,-1,-1,-1,-1,-1,-1,-1,-1,0,-1
2023161387607,2023,161387607,1,22,0,18,19,5,1,9,9,1,0,0,0,0,4,1,6,6,2,-1,-1,-1,-1,-1,-1,-1,-1,0,-1
2023201314017,2023,201314017,1,1,0,18,19,2,6,0,0,8,5,0,0,0,3,1,1,1,2,34,6,-1,-1,-1,-1,1,E01009007,0,-1
2023010464484,2023,010464484,2,1,0,18,19,2,6,0,0,1,0,0,0,0,1,1,6,6,2,47,8,-1,-1,-1,-1,7,E01002412,0,-1
2023340NN3002,2023,340NN3002,1,9,0,9,9,4,2,0,0,5,0,0,0,0,1,1,6,6,3,-1,-1,-1,-1,-1,-1,-1,-1,0,-1
2023010421697,2023,010421697,1,9,0,11,11,1,5,0,0,9,0,0,0,0,3,9,6,6,3,-1,-1,-1,-1,-1,-1,-1,-1,0,-1
2023010460715,2023,010460715,2,20,1,99,99,9,9,99,99,0,9,99,9,99,0,1,6,6,1,-1,-1,-1,-1,-1,-1,-1,-1,0,-1
2023201297661,2023,201297661,2,9,0,2,2,0,0,0,0,2,0,0,0,0,3,1,5,6,1,61,9,-1,-1,-1,-1,1,E01009378,0,-1
2023440417434,2023,440417434,1,1,0,18,19,1,5,0,0,8,0,0,0,0,4,1,6,6,1,39,7,-1,-1,-1,-1,5,E01017067,0,-1
2023471287848,2023,471287848,1,98,0,1,1,8,4,0,0,6,0,0,0,0,3,1,6,6,3,-1,-1,-1,-1,-1,-1,-1,-1,0,-1
2023141392410,2023,141392410,1,9,0,1,1,1,5,5,5,0,0,0,0,0,2,1,6,6,3,-1,-1,-1,-1,-1,-1,-1,-1,0,-1
2023501316130,2023,501316130,2,1,0,15,15,2,6,0,0,1,0,0,0,0,4,1,5,6,1,15,3,-1,-1,-1,-1,2,E01018984,0,-1
2023010439791,2023,010439791,2,1,0,18,19,6,2,0,0,8,0,0,0,0,1,1,6,6,2,25,5,-1,-1,-1,-1,10,E01004084,0,-1
2023531416715,2023,531416715,2,1,0,18,19,1,5,0,0,8,0,0,0,0,1,1,6,6,1,10,2,-1,-1,-1,-1,4,E01022251,0,-1
2023010452267,2023,010452267,2,9,0,99,99,9,9,99,99,9,9,99,9,99,1,9,6,6,3,-1,-1,-1,-1,-1,-1,-1,-1,0,-1
2023131311771,2023,131311771,2,1,0,18,19,7,3,0,0,1,0,0,0,0,1,1,5,6,1,41,7,-1,-1,-1,-1,5,E01010865,0,-1
2023991331248,2023,991331248,2,-1,0,5,5,4,8,0,0,0,0,0,0,0,3,1,5,6,2,6,2,-1,-1,-1,-1,-1,-1,1,-1
2023461315422,2023,461315422,1,-1,0,18,19,1,5,0,0,6,0,0,0,0,1,1,5,6,1,17,4,-1,-1,-1,-1,5,E01033089,1,-1
2023201366738,2023,201366738,1,9,0,18,19,3,7,0,0,1,0,0,0,0,1,1,6,6,3,-1,-1,-1,-1,-1,-1,-1,-1,0,-1
2023131277879,2023,131277879,1,9,0,-1,-1,-1,-1,-1,-1,0,-1,-1,-1,0,-1,1,6,6,3,-1,-1,-1,-1,-1,-1,-1,-1,0,-1
2023031282554,2023,031282554,1,98,0,15,15,8,3,0,0,0,0,0,0,0,0,1,6,6,3,-1,-1,-1,-1,-1,-1,-1,-1,0,-1
2023201291577,2023,201291577,2,1,0,18,19,4,8,0,0,6,0,0,0,0,1,1,6,6,1,47,8,-1,-1,-1,-1,1,E01009378,0,-1
2023010481203,2023,010481203,1,1,9,99,99,9,9,99,99,9,9,99,9,99,1,1,6,6,1,38,7,-1,-1,-1,-1,2,E01001735,0,-1
2023061325747,2023,061325747,2,1,0,14,14,1,5,0,0,1,0,0,0,0,1,1,2,2,1,32,6,-1,-1,-1,-1,9,E01005868,0,-1
2023440303934,2023,440303934,1,1,0,18,19,1,5,0,0,0,0,0,0,0,3,1,6,6,1,20,4,-1,-1,-1,-1,10,E01022629,0,-1
2023371393866,2023,371393866,1,19,0,18,19,5,1,0,0,0,0,0,0,0,3,1,6,6,1,65,9,-1,-1,-1,-1,6,E01029907,0,-1
2023201411235,2023,201411235,1,98,1,18,19,2,6,0,0,2,0,0,0,0,0,1,1,1,3,-1,-1,-1,-1,-1,-1,-1,-1,0,-1
2023522301038,2023,522301038,2,1,0,18,19,1,5,0,0,8,0,0,0,0,1,1,6,6,1,27,6,-1,-1,-1,-1,3,E01014572,0,-1
2023351356391,2023,351356391,2,9,-1,18,19,1,5,-1,-1,-1,2,0,0,0,1,1,5,6,1,18,4,-1,-1,-1,-1,3,E01015640,0,-1
2023052301118,2023,052301118,1,1,0,18,19,1,5,0,0,1,0,0,0,0,1,1,4,7,1,14,3,-1,-1,-1,-1,1,E01007179,0,-1
2023010443520,2023,010443520,2,9,0,99,99,9,9,99,99,9,9,99,9,99,9,9,6,6,2,50,8,-1,-1,-1,-1,3,E01003405,0,-1
2023520400070,2023,520400070,1,9,0,18,19,1,5,0,0,8,0,0,0,0,1,1,6,6,1,73,10,-1,-1,-1,-1,5,E01019902,0,-1
2023010443769,2023,010443769,1,9,0,99,99,9,9,0,0,1,0,0,0,0,9,1,6,6,2,-1,-1,-1,-1,-1,-1,-1,-1,0,-1
2023010458436,2023,010458436,1,23,0,18,19,5,1,0,0,8,0,0,0,0,1,1,6,6,3,-1,-1,-1,-1,-1,-1,-1,-1,0,-1
2023421360798,2023,421360798,2,1,0,18,19,7,2,0,0,0,0,0,0,0,1,1,6,6,1,67,10,-1,-1,-1,-1,3,E01021358,0,-1
2023631318047,2023,631318047,2,1,0,5,5,4,8,0,0,0,0,0,0,0,1,1,5,6,1,11,3,-1,-1,-1,-1,6,W01000487,0,-1
2023201400330,2023,201400330,2,1,0,18,19,7,2,0,0,0,0,0,0,0,1,1,5,6,1,16,4,-1,-1,-1,-1,3,E01009633,0,-1
2023010420142,2023,010420142,1,9,9,99,99,9,9,99,99,9,9,99,9,99,9,9,6,6,3,-1,-1,-1,-1,-1,-1,-1,-1,0,-1
2023010476026,2023,010476026,1,9,9,99,99,9,9,99,99,0,9,99,9,99,9,9,6,6,3,-1,-1,-1,-1,-1,-1,-1,-1,0,-1
2023070271823,2023,070271823,1,1,0,18,19,7,3,0,0,6,0,0,0,0,1,1,6,6,1,10,2,-1,-1,-1,-1,6,E01012378,0,-1
2023010470194,2023,010470194,1,1,9,99,99,9,9,99,99,9,9,99,9,99,1,1,2,2,1,38,7,-1,-1,-1,-1,6,E01004360,0,-1
2023010466706,2023,010466706,2,1,0,18,19,3,7,4,4,8,0,0,0,0,3,1,2,2,1,25,5,-1,-1,-1,-1,5,E01032911,0,-1
2023041354884,2023,041354884,1,1,0,18,19,2,6,0,0,0,0,0,0,0,0,1,5,6,1,64,9,-1,-1,-1,-1,6,E01025334,0,-1
2023201405820,2023,201405820,1,9,0,18,19,8,4,0,0,2,0,0,0,0,1,1,6,6,3,-1,-1,-1,-1,-1,-1,-1,-1,0,-1
2023010455901,2023,010455901,2,9,9,99,99,9,9,99,99,9,9,99,9,99,9,9,6,6,3,-1,-1,-1,-1,-1,-1,-1,-1,0,-1
2023221383263,2023,221383263,2,1,0,18,19,3,7,0,0,1,0,0,0,0,3,1,2,2,1,35,6,-1,-1,-1,-1,5,E01014186,0,-1
2023461273624,2023,461273624,2,1,-1,-1,-1,-1,-1,-1,-1,0,-1,-1,-1,0,3,1,6,6,1,33,6,-1,-1,-1,-1,7,E01024635,0,-1
2023471349658,2023,471349658,1,98,0,18,19,5,1,0,0,2,0,0,0,0,1,1,6,6,3,-1,-1,-1,-1,-1,-1,-1,-1,0,-1
2023351356003,2023,351356003,1,9,0,6,6,1,3,0,0,1,0,0,0,0,1,1,6,6,3,-1,-1,-1,-1,-1,-1,-1,-1,0,-1
2023361335425,2023,361335425,2,-1,0,18,19,1,5,5,5,1,0,0,0,0,-1,1,2,2,1,31,6,-1,-1,-1,-1,1,E01026623,1,-1
2023122301195,2023,122301195,1,1,0,18,19,8,6,0,0,1,0,0,0,0,0,1,6,6,1,57,9,-1,-1,-1,-1,6,E01027774,0,-1
2023131369805,2023,131369805,1,9,0,9,9,5,1,0,0,8,0,0,0,0,1,2,5,6,1,32,6,-1,-1,-1,-1,2,E01005438,0,-1
2023141302858,2023,141302858,2,1,-1,18,19,7,3,0,0,0,5,0,0,0,1,1,6,6,1,16,4,-1,-1,-1,-1,1,E01007574,0,-1
2023430017584,2023,430017584,1,97,0,12,12,2,6,0,0,8,0,0,0,0,4,1,1,1,1,32,6,-1,-1,-1,-1,4,E01016673,0,-1
2023010445550,2023,010445550,2,1,0,5,5,1,5,0,0,1,0,0,0,0,2,1,6,6,1,49,8,-1,-1,-1,-1,7,E01030738,0,-1
2023010439099,2023,010439099,1,1,0,18,19,5,1,4,4,0,0,0,0,0,1,1,6,6,1,24,5,-1,-1,-1,-1,2,E01003057,0,-1
2023430547178,2023,430547178,1,9,0,18,19,6,2,0,0,8,0,0,0,0,3,9,6,6,3,-1,-1,-1,-1,-1,-1,-1,-1,0,-1
2023161295296,2023,161295296,1,9,0,18,19,3,7,0,0,2,0,0,0,0,1,1,2,2,1,51,8,-1,-1,-1,-1,9,E01013266,0,-1
2023010443369,2023,010443369,2,1,9,99,99,9,9,99,99,9,9,99,9,99,1,1,6,6,3,-1,-1,-1,-1,-1,-1,-1,-1,0,-1
2023351361073,2023,351361073,1,1,0,18,19,3,7,0,0,1,0,0,0,0,1,1,6,6,2,44,7,-1,-1,-1,-1,9,E01018209,0,-1
2023451313078,2023,451313078,1,98,0,12,12,3,7,0,0,8,0,0,0,0,3,2,1,1,1,49,8,-1,-1,-1,-1,-1,-1,0,-1
2023401342214,2023,401342214,4,9,0,2,2,0,0,0,0,0,0,0,0,0,1,1,6,6,3,-1,-1,-1,-1,-1,-1,-1,-1,0,-1
2023010430952,2023,010430952,1,9,0,13,13,1,5,0,0,0,1,4,0,0,1,1,2,2,1,26,6,-1,-1,-1,-1,3,E01003286,0,-1
2023302300392,2023,302300392,1,21,1,14,14,2,6,0,0,0,0,0,0,0,3,2,1,1,1,48,8,-1,-1,-1,-1,-1,-1,0,-1
2023991260453,2023,991260453,1,23,0,18,19,3,8,0,0,1,0,0,0,0,1,1,6,6,1,25,5,-1,-1,-1,-1,1,-1,0,-1
2023010423753,2023,010423753,2,1,0,18,19,7,3,0,0,1,0,0,0,0,4,1,6,6,1,39,7,-1,-1,-1,-1,1,E01000508,0,-1
2023451319802,2023,451319802,1,9,0,18,19,5,1,0,0,0,0,0,0,0,1,1,6,6,3,45,7,-1,-1,-1,-1,-1,-1,0,-1
2023991275172,2023,991275172,2,1,0,15,15,7,3,2,2,1,2,0,0,0,1,1,2,2,1,29,6,-1,-1,-1,-1,5,-1,0,-1