collision_index,collision_year,collision_ref_no,vehicle_reference,vehicle_type,towing_and_articulation,vehicle_manoeuvre_historic,vehicle_manoeuvre,vehicle_direction_from,vehicle_direction_to,vehicle_location_restricted_lane_historic,vehicle_location_restricted_lane,junction_location,skidding_and_overturning,hit_object_in_carriageway,vehicle_leaving_carriageway,hit_object_off_carriageway,first_point_of_impact,vehicle_left_hand_drive,journey_purpose_of_driver_historic,journey_purpose_of_driver,sex_of_driver,age_of_driver,age_band_of_driver,engine_capacity_cc,propulsion_code,age_of_vehicle,generic_make_model,driver_imd_decile,lsoa_of_driver,escooter_flag,driver_distance_banding
2023311388253,2023,311388253,2,1,0,2,2,0,0,0,0,0,0,0,0,0,-1,1,6,6,3,-1,-1,-1,-1,-1,-1,-1,-1,0,-1
2023010448072,2023,010448072,2,9,0,99,99,9,9,0,0,0,0,0,0,0,9,9,6,6,3,-1,-1,-1,-1,-1,-1,-1,-1,0,-1
2023411274173,2023,411274173,1,9,0,7,7,8,6,0,0,0,0,0,0,0,1,1,5,6,1,28,6,-1,-1,-1,-1,-1,-1,0,-1
2023170H10033,2023,170H10033,2,9,0,18,19,1,5,0,0,1,0,0,0,0,1,1,6,6,1,-1,-1,-1,-1,-1,-1,-1,-1,0,-1
2023131391806,2023,131391806,1,9,0,18,19,3,7,0,0,1,0,0,0,0,4,1,6,6,1,-1,-1,-1,-1,-1,-1,-1,-1,0,-1
2023461269056,2023,461269056,1,9,0,18,19,3,7,0,0,0,0,0,1,0,1,1,6,6,1,32,6,-1,-1,-1,-1,5,E01024181,0,-1
2023440266098,2023,440266098,2,1,0,9,9,5,3,0,0,8,0,0,0,0,3,1,6,6,1,26,6,-1,-1,-1,-1,3,E01017191,0,-1
2023010455720,2023,010455720,2,9,0,5,5,1,5,0,0,1,0,0,0,0,1,1,6,6,3,-1,-1,-1,-1,-1,-1,-1,-1,0,-1
2023481367223,2023,481367223,2,1,0,18,19,3,7,5,5,0,0,0,0,0,3,1,2,2,2,52,8,-1,-1,-1,-1,-1,-1,0,-1
2023311312376,2023,311312376,2,1,0,18,19,7,3,0,0,0,0,0,0,0,3,1,5,6,1,38,7,-1,-1,-1,-1,-1,-1,0,-1
2023201300237,2023,201300237,1,9,0,18,19,1,5,0,0,0,0,0,0,0,1,1,6,6,2,-1,-1,-1,-1,-1,-1,-1,-1,0,-1
2023471309653,2023,471309653,1,98,0,18,19,5,1,0,0,0,0,0,0,0,1,2,1,1,1,61,9,-1,-1,-1,-1,9,E01024244,0,-1
2023052301718,2023,052301718,1,9,0,2,2,0,0,0,0,8,0,0,0,0,0,1,6,6,3,-1,-1,-1,-1,-1,-1,-1,-1,0,-1
2023471286711,2023,471286711,2,1,0,18,19,5,1,0,0,8,0,0,0,0,3,1,5,6,1,13,3,-1,-1,-1,-1,7,E01031388,0,-1
2023101293851,2023,101293851,1,9,0,9,9,1,7,0,0,1,0,0,0,0,1,1,6,6,3,30,6,-1,-1,-1,-1,-1,-1,0,-1
2023320206003,2023,320206003,2,9,0,18,19,8,4,0,0,0,0,0,0,0,0,1,6,6,3,-1,-1,-1,-1,-1,-1,-1,-1,0,-1
2023141278116,2023,141278116,2,1,0,17,19,5,1,9,9,1,0,0,0,0,1,1,5,6,1,7,2,-1,-1,-1,-1,2,E01007806,0,-1
2023430407721,2023,430407721,2,1,0,18,19,8,4,0,0,0,0,0,0,0,3,1,4,7,1,15,3,-1,-1,-1,-1,4,E01028809,0,-1
2023010458842,2023,010458842,1,9,0,6,6,1,1,0,0,9,9,11,9,10,4,9,6,6,2,54,8,-1,-1,-1,-1,7,E01004585,0,-1
202360A083874,2023,60A083874,2,22,0,18,19,4,8,0,0,0,0,0,0,0,1,1,6,6,2,68,10,-1,-1,-1,-1,-1,-1,0,-1
2023161291563,2023,161291563,2,9,0,18,19,5,1,0,0,0,0,0,0,0,2,1,1,1,1,39,7,-1,-1,-1,-1,8,E01013262,0,-1
2023010444784,2023,010444784,1,1,9,99,99,9,9,99,99,9,9,99,9,99,1,1,2,2,2,32,6,-1,-1,-1,-1,2,E01004253,0,-1
2023161281942,2023,161281942,1,19,0,4,4,5,1,0,0,0,0,0,0,0,4,1,6,6,1,35,6,-1,-1,-1,-1,-1,-1,0,-1
2023010472204,2023,010472204,2,1,0,18,19,2,6,4,4,8,0,0,0,0,1,1,6,6,1,51,8,-1,-1,-1,-1,9,E01002951,0,-1
2023010444915,2023,010444915,1,1,9,99,99,9,9,99,99,9,9,99,9,99,9,1,6,6,1,46,8,-1,-1,-1,-1,3,E01004228,0,-1
2023471372586,2023,471372586,1,9,0,4,4,7,1,0,0,1,0,0,0,0,1,1,5,6,1,51,8,-1,-1,-1,-1,5,E01031378,0,-1
2023131387915,2023,131387915,1,9,0,-1,-1,-1,-1,-1,-1,8,-1,-1,-1,0,-1,1,6,6,3,-1,-1,-1,-1,-1,-1,-1,-1,0,-1
2023010458038,2023,010458038,2,9,0,9,9,5,2,0,0,8,0,0,0,0,1,1,6,6,3,-1,-1,-1,-1,-1,-1,-1,-1,0,-1
2023552300992,2023,552300992,2,1,0,18,19,8,4,0,0,8,0,0,0,0,1,1,2,2,2,19,4,-1,-1,-1,-1,10,E01015315,0,-1
2023440188697,2023,440188697,1,19,0,9,9,5,2,0,0,8,0,0,0,0,4,1,6,6,1,73,10,-1,-1,-1,-1,10,E01022516,0,-1
2023010481193,2023,010481193,1,1,9,99,99,9,9,99,99,9,9,99,9,99,9,1,2,2,2,29,6,-1,-1,-1,-1,2,E01004290,0,-1
2023101355080,2023,101355080,2,1,0,18,19,7,3,0,0,0,0,0,0,0,3,1,5,6,1,51,8,-1,-1,-1,-1,7,E01008585,0,-1
2023461287077,2023,461287077,1,9,0,18,19,1,5,0,0,0,0,0,0,0,1,1,1,1,1,46,8,-1,-1,-1,-1,1,E01024590,0,-1
2023481363709,2023,481363709,2,1,0,18,19,5,1,0,0,8,0,0,0,0,1,1,2,2,1,37,7,-1,-1,-1,-1,-1,-1,0,-1
2023440095738,2023,440095738,2,1,0,18,19,4,8,0,0,1,0,0,0,0,1,1,6,6,1,3,1,-1,-1,-1,-1,4,E01017187,0,-1
2023430113656,2023,430113656,1,1,0,18,19,2,6,0,0,1,0,0,0,0,4,1,2,2,1,52,8,-1,-1,-1,-1,10,E01016621,0,-1
2023061278225,2023,061278225,2,9,0,18,19,1,5,0,0,2,-1,-1,-1,0,1,1,6,6,1,30,6,-1,-1,-1,-1,1,E01006108,0,-1
2023161356976,2023,161356976,1,9,0,9,9,1,7,0,0,5,0,0,0,0,3,1,6,6,1,-1,-1,-1,-1,-1,-1,-1,-1,0,-1
2023411344359,2023,411344359,2,-1,0,18,19,1,6,0,0,1,0,0,0,0,1,1,6,6,1,36,7,-1,-1,-1,-1,5,E01023331,1,-1
2023552301338,2023,552301338,1,9,0,18,19,5,1,0,0,0,0,0,0,0,1,1,6,6,2,26,6,-1,-1,-1,-1,5,E01020536,0,-1
2023440323635,2023,440323635,2,1,0,18,19,1,5,0,0,3,0,0,0,0,3,1,6,6,1,42,7,-1,-1,-1,-1,10,E01022972,0,-1
2023430025760,2023,430025760,1,9,0,14,14,2,7,0,0,0,0,0,0,0,3,1,2,2,1,56,9,-1,-1,-1,-1,-1,-1,0,-1
2023010423877,2023,010423877,1,1,0,18,19,5,1,0,0,8,0,0,0,0,1,1,6,6,3,27,6,-1,-1,-1,-1,5,E01000142,0,-1
202363B033523,2023,63B033523,1,9,0,17,19,6,5,0,0,8,0,0,0,0,1,1,6,6,3,-1,-1,-1,-1,-1,-1,-1,-1,0,-1
202360A123501,2023,60A123501,1,98,0,18,19,8,4,0,0,0,0,0,0,0,1,1,6,6,3,-1,-1,-1,-1,-1,-1,-1,-1,0,-1
2023070096129,2023,070096129,2,9,0,16,19,1,5,0,0,1,0,0,0,0,1,1,6,6,1,25,5,-1,-1,-1,-1,10,E01018652,0,-1
2023471263352,2023,471263352,2,1,0,18,19,7,3,0,0,1,5,0,0,0,1,1,5,6,1,69,10,-1,-1,-1,-1,4,E01033329,0,-1
2023061323086,2023,061323086,2,1,0,7,7,5,7,0,0,8,0,0,0,0,2,1,5,6,1,25,5,-1,-1,-1,-1,8,E01032685,0,-1
2023010483201,2023,010483201,2,1,0,15,15,7,3,0,0,1,2,0,0,0,1,1,1,1,1,31,6,-1,-1,-1,-1,3,E01000586,0,-1
2023010482282,2023,010482282,2,9,0,99,99,9,9,99,99,0,9,99,9,99,9,9,6,6,3,-1,-1,-1,-1,-1,-1,-1,-1,0,-1
202360A131395,2023,60A131395,1,23,0,18,19,7,3,0,0,0,0,0,0,0,3,1,6,6,1,15,3,-1,-1,-1,-1,-1,-1,0,-1
2023430558147,2023,430558147,1,97,0,18,19,1,5,2,2,8,0,0,1,0,1,1,6,6,1,20,4,-1,-1,-1,-1,2,E01016368,0,-1
2023421383343,2023,421383343,1,9,0,18,19,7,3,0,0,1,0,0,0,0,4,1,6,6,3,-1,-1,-1,-1,-1,-1,-1,-1,0,-1
2023010482170,2023,010482170,2,10,0,99,99,9,9,99,99,9,9,99,9,99,9,9,6,6,3,48,8,-1,-1,-1,-1,-1,-1,0,-1
202363D029423,2023,63D029423,1,9,0,18,19,2,6,0,0,0,5,0,2,10,4,1,6,6,2,21,5,-1,-1,-1,-1,-1,-1,0,-1
2023991304185,2023,991304185,2,9,0,5,5,3,1,0,0,8,0,0,0,0,4,1,6,6,3,40,7,-1,-1,-1,-1,-1,-1,0,-1
2023010434747,2023,010434747,1,1,9,99,99,9,9,99,99,9,9,99,9,99,9,1,2,2,1,26,6,-1,-1,-1,-1,4,E01002065,0,-1
2023131392397,2023,131392397,1,10,0,-1,-1,-1,-1,-1,-1,1,-1,-1,-1,0,-1,1,6,6,3,-1,-1,-1,-1,-1,-1,-1,-1,0,-1
2023010425632,2023,010425632,2,9,0,7,7,7,1,0,0,5,0,0,0,0,4,1,6,6,3,-1,-1,-1,-1,-1,-1,-1,-1,0,-1
2023201397982,2023,201397982,1,18,1,4,4,6,8,1,1,0,0,0,0,0,2,1,1,1,1,26,6,-1,-1,-1,-1,2,E01010419,0,-1
2023052300942,2023,052300942,2,1,0,18,19,1,5,0,0,1,0,0,0,0,4,1,6,6,1,54,8,-1,-1,-1,-1,5,E01006781,0,-1
2023010432586,2023,010432586,2,9,9,99,99,9,9,99,99,9,9,99,9,99,9,9,6,6,3,-1,-1,-1,-1,-1,-1,-1,-1,0,-1
2023010450106,2023,010450106,1,11,0,99,99,9,9,99,99,9,9,99,9,99,9,9,1,1,1,60,9,-1,-1,-1,-1,3,E01001516,0,-1
2023010468178,2023,010468178,2,1,0,16,19,7,3,5,5,1,0,0,0,0,2,1,3,7,1,23,5,-1,-1,-1,-1,3,E01004763,0,-1
2023010444152,2023,010444152,2,9,0,18,19,4,8,0,0,1,0,0,0,0,1,1,6,6,3,-1,-1,-1,-1,-1,-1,-1,-1,0,-1
2023522301549,2023,522301549,1,-1,0,18,19,4,8,0,0,8,0,0,0,0,4,1,6,6,2,26,6,-1,-1,-1,-1,4,E01014576,1,-1
2023201279316,2023,201279316,2,1,0,18,19,8,4,0,0,8,0,0,0,0,1,1,6,6,1,58,9,-1,-1,-1,-1,9,E01010346,0,-1
2023052302366,2023,052302366,1,8,0,18,19,3,7,0,0,0,0,0,0,0,4,1,1,1,3,-1,-1,-1,-1,-1,-1,-1,-1,0,-1
2023122300969,2023,122300969,2,1,0,18,19,1,7,0,0,4,0,0,0,0,1,1,2,2,1,53,8,-1,-1,-1,-1,8,E01013409,0,-1
2023101339600,2023,101339600,2,1,0,18,19,5,1,0,0,8,0,0,0,0,1,1,2,2,1,25,5,-1,-1,-1,-1,4,E01008308,0,-1
2023501345569,2023,501345569,2,16,0,18,19,3,7,0,0,0,0,0,0,0,0,1,5,6,2,45,7,-1,-1,-1,-1,6,E01018845,0,-1
2023440344496,2023,440344496,2,9,0,18,19,6,2,0,0,2,0,0,0,0,1,1,6,6,3,-1,-1,-1,-1,-1,-1,-1,-1,0,-1
2023131301338,2023,131301338,2,1,0,18,19,4,8,0,0,8,0,0,0,0,4,1,6,6,1,5,1,-1,-1,-1,-1,5,E01010746,0,-1
2023010421603,2023,010421603,2,9,0,18,19,7,3,0,0,1,0,0,0,0,1,1,6,6,3,23,5,-1,-1,-1,-1,-1,-1,0,-1
2023161317777,2023,161317777,3,9,0,4,4,6,2,0,0,1,0,0,0,0,2,1,5,6,1,60,9,-1,-1,-1,-1,10,E01013091,0,-1
2023610048523,2023,610048523,1,9,0,18,19,6,2,0,0,8,0,0,0,0,3,1,6,6,1,59,9,-1,-1,-1,-1,5,W01001475,0,-1
2023041323615,2023,041323615,3,9,0,2,2,0,0,0,0,1,0,0,0,0,2,1,6,6,3,-1,-1,-1,-1,-1,-1,-1,-1,0,-1
2023201420287,2023,201420287,1,-1,0,18,19,8,4,0,0,8,0,0,0,0,3,1,2,2,1,60,9,-1,-1,-1,-1,2,E01009991,1,-1
2023461297899,2023,461297899,3,9,0,2,2,0,0,0,0,0,0,0,0,0,0,1,6,6,3,-1,-1,-1,-1,-1,-1,-1,-1,0,-1
2023010437996,2023,010437996,2,19,0,99,99,9,9,99,99,9,9,99,9,99,1,9,6,6,3,-1,-1,-1,-1,-1,-1,-1,-1,0,-1
2023440427814,2023,440427814,2,9,0,5,5,1,5,0,0,8,0,0,0,0,1,1,6,6,1,-1,-1,-1,-1,-1,-1,-1,-1,0,-1
2023522400203,2023,522400203,2,-1,0,13,13,3,7,0,0,8,0,0,0,0,1,1,6,6,1,-1,-1,-1,-1,-1,-1,-1,-1,1,-1
2023211367445,2023,211367445,3,21,1,18,19,5,1,0,0,0,0,0,0,0,0,1,1,1,1,35,6,-1,-1,-1,-1,5,E01029795,0,-1
2023991343550,2023,991343550,1,9,0,18,19,6,2,0,0,0,0,0,0,0,1,1,6,6,3,28,6,-1,-1,-1,-1,-1,-1,0,-1
2023010461978,2023,010461978,1,1,9,99,99,9,9,99,99,9,9,99,9,99,9,1,2,2,1,36,7,-1,-1,-1,-1,5,E01030814,0,-1
2023010454630,2023,010454630,1,19,0,99,99,9,9,99,99,9,9,99,9,99,9,1,6,6,3,-1,-1,-1,-1,-1,-1,-1,-1,0,-1
2023361338907,2023,361338907,1,9,0,10,10,7,5,0,0,1,0,0,0,0,1,1,5,6,3,80,11,-1,-1,-1,-1,1,E01026635,0,-1
2023430006773,2023,430006773,1,1,0,18,19,1,5,0,0,0,0,0,0,0,1,1,6,6,3,-1,-1,-1,-1,-1,-1,-1,-1,0,-1
2023052300387,2023,052300387,1,9,0,18,19,5,1,0,0,0,5,0,0,0,1,1,6,6,3,-1,-1,-1,-1,-1,-1,-1,-1,0,-1
2023440098213,2023,440098213,2,1,0,15,15,5,1,0,0,1,0,0,0,0,1,1,6,6,1,70,10,-1,-1,-1,-1,10,E01022495,0,-1
2023311344131,2023,311344131,2,1,0,18,19,4,8,0,0,0,0,0,0,0,2,1,6,6,1,47,8,-1,-1,-1,-1,6,E01019680,0,-1
2023161371063,2023,161371063,2,9,0,18,19,5,1,0,0,1,0,0,0,0,-1,1,6,6,1,18,4,-1,-1,-1,-1,-1,-1,0,-1
2023440262246,2023,440262246,2,9,0,18,19,1,5,0,0,0,0,0,0,0,1,1,6,6,1,-1,-1,-1,-1,-1,-1,-1,-1,0,-1
2023421376652,2023,421376652,1,9,0,-1,-1,-1,-1,-1,-1,0,-1,-1,-1,0,-1,1,6,6,3,-1,-1,-1,-1,-1,-1,-1,-1,0,-1
2023451313251,2023,451313251,1,1,0,18,19,1,5,0,0,1,2,0,0,0,1,1,1,1,1,26,6,-1,-1,-1,-1,9,E01030477,0,-1
2023461291753,2023,461291753,1,9,0,9,9,6,4,0,0,6,0,0,0,0,1,1,6,6,1,34,6,-1,-1,-1,-1,6,E01001572,0,-1
2023010441688,2023,010441688,2,1,0,4,4,1,5,0,0,1,0,0,0,0,2,1,6,6,1,24,5,-1,-1,-1,-1,6,E01000581,0,-1
2023061269970,2023,061269970,2,1,0,18,19,1,5,0,0,1,0,0,0,0,1,1,5,6,1,22,5,-1,-1,-1,-1,6,E01006125,0,-1
2023131360408,2023,131360408,1,9,0,18,19,1,5,0,0,1,0,0,0,0,1,1,6,6,3,-1,-1,-1,-1,-1,-1,-1,-1,0,-1
2023421273396,2023,421273396,2,9,0,9,9,7,5,0,0,8,0,0,0,0,4,1,5,6,2,57,9,-1,-1,-1,-1,8,E01021513,0,-1
2023332300353,2023,332300353,2,1,0,18,19,4,8,0,0,8,0,0,0,0,2,1,6,6,1,32,6,-1,-1,-1,-1,2,E01032867,0,-1
2023041365530,2023,041365530,1,97,0,18,19,3,7,0,0,0,1,10,1,2,4,1,5,6,1,27,6,-1,-1,-1,-1,1,E01012575,0,-1
2023361301238,2023,361301238,2,1,0,18,19,3,7,0,0,0,5,0,0,0,4,1,6,6,1,24,5,-1,-1,-1,-1,-1,-1,0,-1
2023543856223,2023,543856223,2,9,0,18,19,2,6,0,0,1,0,0,1,0,1,1,6,6,1,65,9,-1,-1,-1,-1,9,E01032055,0,-1
2023430152203,2023,430152203,2,9,0,16,19,8,2,0,0,2,0,0,0,0,4,1,6,6,3,-1,-1,-1,-1,-1,-1,-1,-1,0,-1
2023461304071,2023,461304071,2,1,0,18,19,3,7,0,0,1,5,0,0,0,1,1,6,6,1,54,8,-1,-1,-1,-1,-1,-1,0,-1
2023070678670,2023,070678670,1,9,0,9,9,1,7,0,0,8,0,0,0,0,0,1,6,6,3,-1,-1,-1,-1,-1,-1,-1,-1,0,-1
2023440013137,2023,440013137,2,9,0,18,19,6,1,0,0,4,0,0,0,0,3,1,6,6,2,85,11,-1,-1,-1,-1,5,E01017324,0,-1
2023351311218,2023,351311218,3,9,0,18,19,1,5,0,0,8,0,0,0,0,1,1,6,6,1,58,9,-1,-1,-1,-1,5,E01018017,0,-1
2023421363387,2023,421363387,1,9,0,18,19,1,5,0,0,1,0,0,0,0,0,1,6,6,3,-1,-1,-1,-1,-1,-1,-1,-1,0,-1
2023061304635,2023,061304635,1,9,0,18,19,1,5,0,0,0,0,0,0,0,1,1,5,6,2,26,6,-1,-1,-1,-1,-1,-1,0,-1
2023991312293,2023,991312293,1,8,0,4,4,7,3,0,0,0,0,0,0,0,4,1,1,1,1,35,6,-1,-1,-1,-1,-1,-1,0,-1
2023061402711,2023,061402711,1,97,0,18,19,4,8,0,0,0,1,0,0,0,4,1,6,6,1,18,4,-1,-1,-1,-1,1,E01004794,0,-1
2023201382092,2023,201382092,2,9,0,18,19,2,6,0,0,8,0,0,0,0,1,1,6,6,3,-1,-1,-1,-1,-1,-1,-1,-1,0,-1
2023010464765,2023,010464765,1,1,9,99,99,9,9,99,99,0,9,8,9,99,1,1,1,1,1,29,6,-1,-1,-1,-1,5,E01003941,0,-1
2023111298581,2023,111298581,2,1,0,18,19,1,5,0,0,1,0,0,0,0,1,1,5,6,1,53,8,-1,-1,-1,-1,8,E01020851,0,-1
2023201288530,2023,201288530,2,9,0,14,14,-1,-1,0,0,0,0,10,1,0,1,1,6,6,3,-1,-1,-1,-1,-1,-1,-1,-1,0,-1
2023201377067,2023,201377067,1,9,0,18,19,4,8,0,0,8,0,0,0,0,1,1,6,6,1,63,9,-1,-1,-1,-1,2,E01009754,0,-1
2023221332272,2023,221332272,1,1,0,4,4,6,2,0,0,8,1,0,0,0,3,1,5,6,1,46,8,-1,-1,-1,-1,7,E01014007,0,-1
202360A190601,2023,60A190601,1,9,0,7,7,7,1,0,0,8,0,0,0,0,3,1,6,6,2,57,9,-1,-1,-1,-1,-1,-1,0,-1
2023031367775,2023,031367775,1,9,0,15,15,7,3,0,0,0,1,0,0,0,1,1,1,1,1,53,8,-1,-1,-1,-1,7,E01019092,0,-1
2023161361764,2023,161361764,2,22,0,18,19,2,6,0,0,8,0,0,0,0,2,1,5,6,1,63,9,-1,-1,-1,-1,5,E01013132,0,-1
2023010433639,2023,010433639,1,3,0,18,19,1,5,0,0,1,2,0,0,0,4,1,2,2,1,28,6,-1,-1,-1,-1,1,E01001772,0,-1
2023010465074,2023,010465074,2,-1,0,18,19,1,5,0,0,0,0,0,0,0,3,1,2,2,1,48,8,-1,-1,-1,-1,2,E01032569,1,-1
2023631314531,2023,631314531,2,9,0,3,3,4,8,0,0,0,0,0,0,0,2,1,6,6,2,57,9,-1,-1,-1,-1,10,W01000665,0,-1
2023401337889,2023,401337889,1,9,-1,-1,-1,-1,-1,-1,-1,0,-1,0,-1,0,-1,1,6,6,3,-1,-1,-1,-1,-1,-1,-1,-1,0,-1
2023010424497,2023,010424497,2,1,0,18,19,1,5,0,0,8,5,0,0,0,1,1,3,7,1,53,8,-1,-1,-1,-1,3,E01001942,0,-1
2023461386985,2023,461386985,1,9,0,4,4,2,6,0,0,0,0,0,0,0,1,1,6,6,2,43,7,-1,-1,-1,-1,2,E01023990,0,-1
2023461345310,2023,461345310,1,9,0,18,19,7,3,0,0,1,0,0,0,0,1,1,6,6,2,-1,-1,-1,-1,-1,-1,-1,-1,0,-1
2023041309557,2023,041309557,1,9,0,9,9,3,1,0,0,6,0,0,0,0,1,1,6,6,3,-1,-1,-1,-1,-1,-1,-1,-1,0,-1
2023351291297,2023,351291297,1,9,0,9,9,7,3,0,0,8,0,0,0,0,3,1,6,6,3,-1,-1,-1,-1,-1,-1,-1,-1,0,-1
2023131279480,2023,131279480,2,1,0,18,19,1,5,0,0,8,0,0,0,0,1,1,6,6,1,17,4,-1,-1,-1,-1,10,E01010947,0,-1
2023221323116,2023,221323116,2,19,0,18,19,4,8,0,0,0,0,0,0,0,3,1,5,6,1,33,6,-1,-1,-1,-1,3,E01032292,0,-1
2023010419766,2023,010419766,2,1,0,18,19,1,5,0,0,1,0,0,0,0,3,1,2,2,1,34,6,-1,-1,-1,-1,8,E01002008,0,-1
2023471357148,2023,471357148,2,1,0,18,19,5,1,4,4,0,0,0,0,0,1,1,5,6,1,24,5,-1,-1,-1,-1,10,E01031763,0,-1
2023010463334,2023,010463334,1,1,9,99,99,9,9,99,99,9,9,99,9,99,9,1,2,2,2,35,6,-1,-1,-1,-1,5,E01003345,0,-1
2023031266429,2023,031266429,1,1,0,18,19,1,5,0,0,1,0,0,0,0,1,1,5,6,1,67,10,-1,-1,-1,-1,8,E01019353,0,-1
2023010467286,2023,010467286,2,1,0,18,19,3,7,9,9,0,5,4,0,0,1,1,6,6,1,19,4,-1,-1,-1,-1,1,E01002760,0,-1
2023201293270,2023,201293270,1,9,0,16,19,1,4,0,0,2,0,10,7,2,1,1,6,6,1,21,5,-1,-1,-1,-1,3,E01032267,0,-1
2023311393175,2023,311393175,2,1,0,7,7,7,2,0,0,5,0,0,0,0,3,1,6,6,1,26,6,-1,-1,-1,-1,9,E01028095,0,-1
2023430514790,2023,430514790,1,1,0,10,10,2,8,0,0,1,0,0,0,0,3,1,6,6,1,27,6,-1,-1,-1,-1,5,E01017634,0,-1
2023061292456,2023,061292456,2,1,0,18,19,-1,-1,0,0,0,0,0,0,0,0,1,6,6,1,17,4,-1,-1,-1,-1,2,E01005967,0,-1
2023991308123,2023,991308123,2,1,0,18,19,6,2,0,0,1,0,0,0,0,1,1,6,6,2,40,7,-1,-1,-1,-1,7,-1,0,-1
2023610004023,2023,610004023,1,9,0,16,19,5,8,0,0,1,1,0,0,0,1,1,6,6,1,32,6,-1,-1,-1,-1,8,W01001505,0,-1
2023522300552,2023,522300552,1,1,0,18,19,5,1,0,0,8,0,0,0,0,4,1,6,6,1,31,6,-1,-1,-1,-1,9,E01014851,0,-1
2023010464499,2023,010464499,2,9,0,99,99,9,9,99,99,9,9,99,9,99,1,9,6,6,3,-1,-1,-1,-1,-1,-1,-1,-1,0,-1
2023501291680,2023,501291680,1,9,0,3,3,-1,-1,0,0,1,0,0,0,0,1,1,6,6,3,-1,-1,-1,-1,-1,-1,-1,-1,0,-1
2023122301415,2023,122301415,1,9,0,4,4,5,7,0,0,2,0,0,0,0,1,1,6,6,1,65,9,-1,-1,-1,-1,9,-1,0,-1
2023201385639,2023,201385639,2,1,0,18,19,2,6,4,4,1,0,0,0,0,4,1,3,7,1,12,3,-1,-1,-1,-1,1,E01010142,0,-1
2023061272790,2023,061272790,1,98,0,1,1,7,3,0,0,1,0,0,0,0,2,1,6,6,3,30,6,-1,-1,-1,-1,-1,-1,0,-1
2023610050723,2023,610050723,1,9,0,18,19,4,8,0,0,0,0,0,0,0,3,1,6,6,2,40,7,-1,-1,-1,-1,2,W01001375,0,-1
2023371314856,2023,371314856,2,1,0,18,19,4,7,9,9,2,0,0,0,0,2,1,5,6,1,54,8,-1,-1,-1,-1,7,E01018023,0,-1
2023010480366,2023,010480366,1,1,0,99,99,9,9,99,99,9,9,99,9,99,1,1,2,2,1,38,7,-1,-1,-1,-1,4,E01002779,0,-1
2023070649779,2023,070649779,2,9,0,18,19,8,4,0,0,8,0,0,0,0,1,1,6,6,1,54,8,-1,-1,-1,-1,8,E01018536,0,-1
2023070575454,2023,070575454,2,9,0,2,2,0,0,0,0,1,0,0,0,0,0,1,6,6,2,79,11,-1,-1,-1,-1,10,E01018587,0,-1
2023401346438,2023,401346438,2,1,0,7,7,1,3,0,0,8,0,0,0,0,4,1,6,6,1,66,10,-1,-1,-1,-1,2,E01015698,0,-1
2023440414112,2023,440414112,2,1,0,18,19,4,8,0,0,8,0,0,0,0,4,1,6,6,2,59,9,-1,-1,-1,-1,4,E01023077,0,-1
2023010463823,2023,010463823,2,1,0,5,5,3,7,9,9,6,0,0,0,0,2,1,6,6,2,36,7,-1,-1,-1,-1,6,E01004491,0,-1
2023201370254,2023,201370254,2,-1,0,18,19,7,3,0,0,1,0,0,0,0,1,1,5,6,1,19,4,-1,-1,-1,-1,1,E01033636,1,-1
2023010479390,2023,010479390,2,-1,0,18,19,1,5,0,0,1,9,0,0,0,1,9,6,6,1,33,6,-1,-1,-1,-1,-1,-1,1,-1
2023010474331,2023,010474331,2,11,0,99,99,9,9,99,99,0,9,99,9,99,9,1,6,6,3,-1,-1,-1,-1,-1,-1,-1,-1,0,-1
2023010479590,2023,010479590,1,9,0,99,99,9,9,0,0,1,9,0,0,0,1,9,6,6,3,-1,-1,-1,-1,-1,-1,-1,-1,0,-1
2023201373804,2023,201373804,1,9,0,7,7,8,4,0,0,6,0,0,0,0,1,1,1,1,1,-1,-1,-1,-1,-1,-1,5,E01009738,0,-1
2023411286984,2023,411286984,4,19,1,18,19,5,1,0,0,0,0,0,0,0,3,1,2,2,1,44,7,-1,-1,-1,-1,-1,-1,0,-1
2023501263362,2023,501263362,2,1,0,-1,-1,-1,-1,-1,-1,0,-1,-1,-1,0,-1,1,6,6,1,41,7,-1,-1,-1,-1,5,E01015164,0,-1
2023451277869,2023,451277869,2,1,0,12,12,5,1,0,0,0,0,0,0,0,3,1,5,6,1,29,6,-1,-1,-1,-1,4,E01004457,0,-1
2023010478535,2023,010478535,2,1,9,99,99,9,9,99,99,9,9,99,0,0,9,1,6,6,1,-1,-1,-1,-1,-1,-1,-1,-1,0,-1
2023010434995,2023,010434995,1,1,9,99,99,9,9,99,99,9,9,99,9,99,9,1,2,2,2,28,6,-1,-1,-1,-1,7,E01003956,0,-1
2023010440894,2023,010440894,2,1,0,18,19,1,5,0,0,1,0,0,0,0,1,1,1,1,1,38,7,-1,-1,-1,-1,8,E01021468,0,-1
2023141375650,2023,141375650,1,1,0,18,19,1,5,0,0,8,2,10,0,0,2,1,2,2,2,43,7,-1,-1,-1,-1,10,E01019604,0,-1
2023340NN4552,2023,340NN4552,1,1,0,18,19,5,1,0,0,2,0,4,0,0,1,1,6,6,1,37,7,-1,-1,-1,-1,-1,-1,0,-1
2023041361682,2023,041361682,1,9,0,1,1,7,3,0,0,8,0,0,0,0,2,1,6,6,3,-1,-1,-1,-1,-1,-1,-1,-1,0,-1
2023430451841,2023,430451841,2,1,0,9,9,2,8,0,0,8,0,0,0,0,4,1,6,6,1,58,9,-1,-1,-1,-1,9,E01016626,0,-1
2023010456001,2023,010456001,2,1,0,3,3,5,1,0,0,1,0,0,0,0,1,1,1,1,1,53,8,-1,-1,-1,-1,9,E01028642,0,-1
2023061308950,2023,061308950,3,9,0,18,19,4,8,0,0,0,0,0,0,0,2,1,6,6,2,19,4,-1,-1,-1,-1,1,E01005113,0,-1
2023010448685,2023,010448685,2,1,0,18,19,3,7,0,0,0,0,0,0,0,1,1,1,1,2,27,6,-1,-1,-1,-1,3,E01004202,0,-1
2023101299536,2023,101299536,1,9,0,4,4,6,1,0,0,1,0,0,0,0,1,1,6,6,1,70,10,-1,-1,-1,-1,-1,-1,0,-1