collision_index,collision_year,collision_ref_no,vehicle_reference,vehicle_type,towing_and_articulation,vehicle_manoeuvre_historic,vehicle_manoeuvre,vehicle_direction_from,vehicle_direction_to,vehicle_location_restricted_lane_historic,vehicle_location_restricted_lane,junction_location,skidding_and_overturning,hit_object_in_carriageway,vehicle_leaving_carriageway,hit_object_off_carriageway,first_point_of_impact,vehicle_left_hand_drive,journey_purpose_of_driver_historic,journey_purpose_of_driver,sex_of_driver,age_of_driver,age_band_of_driver,engine_capacity_cc,propulsion_code,age_of_vehicle,generic_make_model,driver_imd_decile,lsoa_of_driver,escooter_flag,driver_distance_banding
2023461355897,2023,461355897,1,9,0,18,19,7,3,0,0,0,0,0,0,0,4,1,6,6,1,-1,-1,-1,-1,-1,-1,-1,-1,0,-1
2023061359956,2023,061359956,1,23,0,18,19,1,2,0,0,0,5,0,0,0,1,1,6,6,1,25,5,-1,-1,-1,-1,1,E01005725,0,-1
2023231337413,2023,231337413,2,-1,0,18,19,4,8,0,0,0,0,0,0,0,1,1,5,6,1,15,3,-1,-1,-1,-1,10,E01032895,1,-1
2023451343431,2023,451343431,2,9,0,18,19,7,1,0,0,4,0,0,0,0,1,1,6,6,3,45,7,-1,-1,-1,-1,-1,-1,0,-1
2023221327859,2023,221327859,1,9,0,18,19,2,6,0,0,0,0,0,0,0,1,1,6,6,1,24,5,-1,-1,-1,-1,-1,-1,0,-1
2023101339525,2023,101339525,2,1,0,18,19,5,1,0,0,8,0,0,0,0,1,1,5,6,2,30,6,-1,-1,-1,-1,9,E01008723,0,-1
2023111317650,2023,111317650,1,9,0,18,19,1,5,0,0,0,0,0,0,0,1,1,5,6,1,56,9,-1,-1,-1,-1,4,E01020651,0,-1
2023451269055,2023,451269055,1,98,0,18,19,7,3,0,0,0,0,0,0,0,1,2,1,1,1,47,8,-1,-1,-1,-1,-1,-1,0,-1
2023311319790,2023,311319790,2,1,0,18,19,1,5,0,0,0,0,0,0,0,0,1,6,6,1,50,8,-1,-1,-1,-1,-1,-1,0,-1
2023161386534,2023,161386534,1,1,0,18,19,3,6,0,0,8,0,0,0,0,3,1,2,2,1,42,7,-1,-1,-1,-1,5,E01012768,0,-1
2023010452257,2023,010452257,1,98,0,18,19,4,8,0,0,2,0,0,0,0,4,1,6,6,3,-1,-1,-1,-1,-1,-1,-1,-1,0,-1
2023440461902,2023,440461902,1,19,0,4,4,7,3,0,0,0,0,0,0,0,1,1,6,6,3,-1,-1,-1,-1,-1,-1,-1,-1,0,-1
2023351367572,2023,351367572,1,98,2,13,13,-1,-1,0,0,1,0,0,0,0,0,1,1,1,3,-1,-1,-1,-1,-1,-1,-1,-1,0,-1
2023041347080,2023,041347080,2,1,0,10,10,7,3,0,0,1,5,0,0,0,1,1,2,2,1,46,8,-1,-1,-1,-1,8,E01012581,0,-1
2023421337596,2023,421337596,5,9,0,3,3,2,6,0,0,0,0,0,0,0,2,1,1,1,1,54,8,-1,-1,-1,-1,6,E01021855,0,-1
2023010470455,2023,010470455,2,1,0,14,14,7,3,0,0,2,0,0,0,0,1,1,6,6,1,21,5,-1,-1,-1,-1,6,E01001566,0,-1
2023501357501,2023,501357501,1,9,0,13,13,8,4,0,0,1,0,0,0,0,1,1,6,6,3,-1,-1,-1,-1,-1,-1,-1,-1,0,-1
2023041365739,2023,041365739,1,9,0,18,19,3,7,0,0,1,0,0,0,0,4,1,6,6,3,-1,-1,-1,-1,-1,-1,-1,-1,0,-1
2023101308708,2023,101308708,1,98,0,18,19,1,5,0,0,0,0,0,0,0,0,1,6,6,3,-1,-1,-1,-1,-1,-1,-1,-1,0,-1
2023010458956,2023,010458956,2,1,0,18,19,7,3,0,0,1,0,0,0,0,1,1,6,6,1,35,6,-1,-1,-1,-1,5,E01000530,0,-1
2023010419925,2023,010419925,1,9,0,18,19,1,5,0,0,7,0,0,0,0,0,1,6,6,1,54,8,-1,-1,-1,-1,4,E01004345,0,-1
2023545705523,2023,545705523,2,19,0,2,2,0,0,0,0,0,0,0,0,0,3,1,6,6,1,54,8,-1,-1,-1,-1,9,E01032069,0,-1
2023471395219,2023,471395219,1,9,0,18,19,7,3,9,9,1,0,0,0,0,3,1,6,6,3,-1,-1,-1,-1,-1,-1,-1,-1,0,-1
2023161329428,2023,161329428,1,1,0,18,19,2,6,0,0,1,1,0,0,0,1,1,2,2,2,33,6,-1,-1,-1,-1,7,E01013032,0,-1
2023340WN0862,2023,340WN0862,3,19,0,18,19,7,3,0,0,2,0,4,0,0,1,1,1,1,1,49,8,-1,-1,-1,-1,-1,-1,0,-1
2023231342229,2023,231342229,1,2,0,18,19,5,1,0,0,4,0,0,0,0,1,1,6,6,3,22,5,-1,-1,-1,-1,-1,-1,0,-1
2023471270286,2023,471270286,1,9,0,7,7,3,5,0,0,1,0,0,0,0,-1,1,6,6,1,48,8,-1,-1,-1,-1,7,E01031566,0,-1
2023161313916,2023,161313916,2,9,0,5,5,1,5,0,0,0,0,0,0,0,1,1,6,6,1,-1,-1,-1,-1,-1,-1,-1,-1,0,-1
2023010473698,2023,010473698,1,1,0,18,19,1,5,0,0,1,0,0,0,0,1,1,6,6,1,33,6,-1,-1,-1,-1,-1,-1,0,-1
2023010467419,2023,010467419,1,1,9,99,99,9,9,99,99,9,9,99,9,99,9,1,2,2,2,27,6,-1,-1,-1,-1,7,E01004620,0,-1
2023010482630,2023,010482630,1,1,9,99,99,9,9,99,99,9,9,99,9,99,9,1,6,6,1,30,6,-1,-1,-1,-1,2,E01001754,0,-1
2023411363790,2023,411363790,1,9,0,18,19,-1,-1,0,0,1,0,0,0,0,1,1,6,6,3,-1,-1,-1,-1,-1,-1,-1,-1,0,-1
2023122300824,2023,122300824,2,1,0,3,3,5,1,0,0,1,0,0,0,0,3,1,6,6,1,45,7,-1,-1,-1,-1,7,E01027911,0,-1
2023522400848,2023,522400848,1,1,0,18,19,6,2,0,0,1,0,0,0,0,4,1,6,6,1,38,7,-1,-1,-1,-1,10,E01014620,0,-1
2023010481350,2023,010481350,1,11,0,99,99,9,9,99,99,9,9,99,9,99,9,1,6,6,3,-1,-1,-1,-1,-1,-1,-1,-1,0,-1
2023052302440,2023,052302440,2,1,0,18,19,5,1,0,0,1,0,0,0,0,1,1,1,1,1,27,6,-1,-1,-1,-1,1,E01006674,0,-1
2023161352839,2023,161352839,2,9,0,18,19,7,3,0,0,0,0,0,0,0,1,1,6,6,1,-1,-1,-1,-1,-1,-1,-1,-1,0,-1
2023371357423,2023,371357423,1,-1,0,4,4,8,4,0,0,0,0,0,0,0,1,1,6,6,3,-1,-1,-1,-1,-1,-1,-1,-1,0,-1
2023041263778,2023,041263778,2,9,0,18,19,1,5,0,0,8,0,0,0,0,1,1,5,6,1,29,6,-1,-1,-1,-1,3,E01024891,0,-1
2023430455503,2023,430455503,2,1,0,18,19,4,8,0,0,8,0,0,0,0,1,1,6,6,1,72,10,-1,-1,-1,-1,10,E01016267,0,-1
2023010429543,2023,010429543,1,23,0,99,99,9,9,99,99,9,9,99,9,99,9,1,1,1,1,-1,-1,-1,-1,-1,-1,6,E01002921,0,-1
2023221291983,2023,221291983,1,1,0,18,19,7,3,0,0,5,0,0,0,0,3,1,5,6,1,58,9,-1,-1,-1,-1,4,E01014024,0,-1
2023522400843,2023,522400843,1,1,0,16,19,5,8,5,5,0,0,0,0,0,1,1,6,6,2,28,6,-1,-1,-1,-1,5,E01014504,0,-1
2023430412408,2023,430412408,2,1,0,18,19,8,4,0,0,0,0,0,0,0,2,1,2,2,1,22,5,-1,-1,-1,-1,7,E01028521,0,-1
2023371366879,2023,371366879,1,9,-1,-1,-1,3,8,-1,-1,-1,-1,-1,-1,0,-1,1,6,6,3,-1,-1,-1,-1,-1,-1,-1,-1,0,-1
2023010425686,2023,010425686,2,1,0,9,9,6,5,0,0,0,0,0,0,0,1,1,6,6,1,22,5,-1,-1,-1,-1,2,E01002969,0,-1
2023430538996,2023,430538996,2,1,0,18,19,7,3,4,4,8,0,0,0,0,1,1,6,6,1,26,6,-1,-1,-1,-1,9,E01016703,0,-1
2023141310578,2023,141310578,4,9,0,18,19,2,6,0,0,0,0,0,0,0,2,1,2,2,2,35,6,-1,-1,-1,-1,4,E01007444,0,-1
2023010466411,2023,010466411,1,9,0,7,7,1,3,0,0,0,0,0,0,0,1,1,6,6,3,-1,-1,-1,-1,-1,-1,-1,-1,0,-1
2023371273906,2023,371273906,2,1,0,18,19,7,3,0,0,0,0,0,0,0,-1,1,5,6,1,16,4,-1,-1,-1,-1,10,E01030206,0,-1
2023471261108,2023,471261108,1,9,0,18,19,3,7,0,0,0,0,0,0,0,1,1,2,2,1,22,5,-1,-1,-1,-1,10,E01021052,0,-1
2023201399293,2023,201399293,1,9,0,9,9,1,8,0,0,6,0,0,0,0,1,1,6,6,1,-1,-1,-1,-1,-1,-1,-1,-1,0,-1
2023071239519,2023,071239519,2,1,0,18,19,5,1,0,0,1,0,0,0,0,2,1,4,7,1,14,3,-1,-1,-1,-1,10,E01018505,0,-1
2023010471450,2023,010471450,2,9,0,18,19,8,4,0,0,1,0,0,0,0,1,1,6,6,3,-1,-1,-1,-1,-1,-1,-1,-1,0,-1
2023010463001,2023,010463001,1,1,9,99,99,9,9,99,99,9,9,99,9,99,9,1,6,6,2,32,6,-1,-1,-1,-1,7,E01002687,0,-1
2023010427107,2023,010427107,1,5,0,13,13,3,7,0,0,1,0,0,0,0,4,1,2,2,1,49,8,-1,-1,-1,-1,7,E01003696,0,-1
2023430185584,2023,430185584,1,9,0,18,19,7,3,0,0,0,0,0,4,6,3,1,6,6,1,19,4,-1,-1,-1,-1,-1,-1,0,-1
2023320302037,2023,320302037,2,1,0,18,19,7,3,0,0,0,5,0,0,0,1,1,2,2,2,40,7,-1,-1,-1,-1,9,E01026274,0,-1
2023421333867,2023,421333867,1,9,0,18,19,3,7,0,0,1,0,0,0,0,1,1,6,6,1,-1,-1,-1,-1,-1,-1,-1,-1,0,-1
2023430517017,2023,430517017,2,1,0,18,19,1,5,0,0,0,0,0,0,0,1,1,6,6,2,40,7,-1,-1,-1,-1,-1,-1,0,-1
2023010464265,2023,010464265,1,1,9,99,99,9,9,99,99,9,9,99,9,99,9,1,2,2,1,23,5,-1,-1,-1,-1,2,E01001337,0,-1
2023421374223,2023,421374223,2,1,0,18,19,3,7,0,0,4,0,0,0,0,3,1,6,6,1,42,7,-1,-1,-1,-1,3,E01021649,0,-1
2023010483472,2023,010483472,1,1,0,18,19,8,4,0,0,1,0,0,0,0,1,1,6,6,3,-1,-1,-1,-1,-1,-1,-1,-1,0,-1
2023461343117,2023,461343117,1,-1,0,18,19,3,7,9,9,1,0,0,0,0,1,1,6,6,1,57,9,-1,-1,-1,-1,3,E01024599,1,-1
2023440409068,2023,440409068,1,1,0,18,19,6,2,0,0,0,0,0,0,0,1,1,6,6,1,-1,-1,-1,-1,-1,-1,-1,-1,0,-1
2023421371814,2023,421371814,1,9,0,4,4,5,1,0,0,1,0,0,0,0,1,1,6,6,3,30,6,-1,-1,-1,-1,-1,-1,0,-1
2023991393160,2023,991393160,1,9,0,9,9,5,2,0,0,6,0,0,0,0,1,1,6,6,2,20,4,-1,-1,-1,-1,-1,-1,0,-1
2023401365913,2023,401365913,2,9,0,15,15,1,5,0,0,0,0,0,1,0,1,1,1,1,1,42,7,-1,-1,-1,-1,9,E01027250,0,-1
2023010446313,2023,010446313,2,1,9,99,99,9,9,99,99,9,9,99,9,99,9,1,6,6,1,-1,-1,-1,-1,-1,-1,-1,-1,0,-1
2023421319572,2023,421319572,1,9,0,5,5,3,7,0,0,4,0,0,0,0,1,1,5,6,1,47,8,-1,-1,-1,-1,-1,-1,0,-1
2023010485827,2023,010485827,2,1,0,7,7,3,6,0,0,2,0,0,0,0,1,1,6,6,2,18,4,-1,-1,-1,-1,8,E01003895,0,-1
2023411286984,2023,411286984,2,9,0,18,19,5,1,0,0,0,0,0,0,0,4,1,2,2,1,31,6,-1,-1,-1,-1,4,E01015796,0,-1
2023010464132,2023,010464132,2,1,9,99,99,9,9,99,99,9,9,99,9,99,0,1,6,6,1,-1,-1,-1,-1,-1,-1,4,E01001995,0,-1
2023122300834,2023,122300834,2,1,0,18,19,1,4,0,0,3,0,0,0,0,2,1,6,6,1,25,5,-1,-1,-1,-1,6,E01013363,0,-1
2023451280581,2023,451280581,1,1,0,18,19,1,5,5,5,0,0,0,0,0,1,1,6,6,3,55,8,-1,-1,-1,-1,-1,-1,0,-1
2023440268610,2023,440268610,2,9,0,14,14,2,6,0,0,2,0,0,0,0,4,1,6,6,3,-1,-1,-1,-1,-1,-1,-1,-1,0,-1
202360A102733,2023,60A102733,1,-1,0,18,19,4,8,9,9,0,5,0,0,0,3,1,6,6,1,50,8,-1,-1,-1,-1,-1,-1,1,-1
2023471353400,2023,471353400,1,9,0,18,19,1,5,0,0,0,5,0,7,3,1,1,6,6,3,-1,-1,-1,-1,-1,-1,-1,-1,0,-1
2023041310747,2023,041310747,2,1,0,18,19,6,2,0,0,8,0,0,0,0,-1,1,6,6,1,45,7,-1,-1,-1,-1,1,E01025527,0,-1
2023010428099,2023,010428099,2,-1,0,9,9,5,3,0,0,1,0,0,0,0,3,1,2,2,2,19,4,-1,-1,-1,-1,10,E01030922,1,-1
2023010423629,2023,010423629,1,19,0,18,19,5,1,0,0,6,0,0,0,0,1,1,6,6,3,-1,-1,-1,-1,-1,-1,-1,-1,0,-1
2023531329985,2023,531329985,2,97,0,18,19,7,3,0,0,1,0,0,0,0,1,1,2,2,1,39,7,-1,-1,-1,-1,4,E01022161,0,-1
2023481371549,2023,481371549,2,1,0,18,19,3,7,0,0,8,0,0,0,0,3,1,2,2,1,28,6,-1,-1,-1,-1,-1,-1,0,-1
2023010462727,2023,010462727,1,9,0,99,99,9,9,99,99,9,9,99,9,99,1,9,6,6,3,-1,-1,-1,-1,-1,-1,-1,-1,0,-1
2023141288136,2023,141288136,1,9,0,18,19,5,1,0,0,0,0,0,0,0,3,1,6,6,3,-1,-1,-1,-1,-1,-1,-1,-1,0,-1
2023501360773,2023,501360773,1,5,0,15,15,7,3,0,0,1,0,0,0,0,2,1,5,6,1,65,9,-1,-1,-1,-1,3,E01019042,0,-1
2023421314318,2023,421314318,2,9,0,18,19,3,7,0,0,0,1,0,0,0,1,1,5,6,2,67,10,-1,-1,-1,-1,10,E01021475,0,-1
2023440528162,2023,440528162,2,-1,0,9,9,6,5,0,0,8,0,0,0,0,4,1,6,6,1,56,9,-1,-1,-1,-1,5,E01017024,1,-1
2023122300466,2023,122300466,2,1,0,11,11,2,6,0,0,0,0,0,0,0,4,1,6,6,1,68,10,-1,-1,-1,-1,9,E01027679,0,-1
2023481398763,2023,481398763,1,1,0,18,19,3,7,0,0,2,0,0,0,0,1,1,6,6,1,20,4,-1,-1,-1,-1,-1,-1,0,-1
2023332300663,2023,332300663,2,1,0,18,19,7,3,0,0,8,0,0,0,0,1,1,6,6,1,57,9,-1,-1,-1,-1,7,E01013783,0,-1
2023170L20163,2023,170L20163,2,1,0,18,19,4,1,0,0,0,0,0,0,0,1,1,4,7,1,3,1,-1,-1,-1,-1,2,E01012111,0,-1
202360A121533,2023,60A121533,1,9,0,17,19,8,4,0,0,0,0,0,0,0,1,2,6,6,1,62,9,-1,-1,-1,-1,-1,-1,0,-1
2023141266585,2023,141266585,1,-1,0,14,14,-1,-1,0,0,-1,0,0,0,0,1,1,6,6,3,-1,-1,-1,-1,-1,-1,-1,-1,1,-1
2023111321579,2023,111321579,1,9,0,9,9,6,3,0,0,1,0,0,0,0,1,1,6,6,3,30,6,-1,-1,-1,-1,-1,-1,0,-1
2023531264007,2023,531264007,1,9,0,18,19,5,1,0,0,0,0,0,0,0,1,1,5,6,1,80,11,-1,-1,-1,-1,1,E01032932,0,-1
2023010424171,2023,010424171,1,97,4,99,99,9,9,99,99,0,9,99,9,99,1,9,6,6,3,-1,-1,-1,-1,-1,-1,-1,-1,0,-1
2023010452439,2023,010452439,1,1,0,15,15,4,8,0,0,0,0,10,0,0,3,1,6,6,1,40,7,-1,-1,-1,-1,7,E01001965,0,-1
2023522400815,2023,522400815,2,-1,0,18,19,1,5,4,4,6,0,0,0,0,4,1,6,6,1,32,6,-1,-1,-1,-1,9,E01033333,1,-1
2023451320622,2023,451320622,1,98,0,12,12,7,3,0,0,0,0,0,0,0,2,1,6,6,3,56,9,-1,-1,-1,-1,-1,-1,0,-1
2023010421823,2023,010421823,1,3,0,99,99,9,9,99,99,9,9,99,9,99,1,1,1,1,1,33,6,-1,-1,-1,-1,3,E01033464,0,-1
2023201377122,2023,201377122,1,1,0,18,19,1,5,0,0,2,0,0,0,0,1,1,6,6,1,13,3,-1,-1,-1,-1,2,E01010465,0,-1
2023440019511,2023,440019511,1,1,0,9,9,3,5,0,0,5,0,10,1,1,1,1,6,6,2,18,4,-1,-1,-1,-1,3,E01017228,0,-1
2023481355197,2023,481355197,1,1,0,18,19,1,5,0,0,0,0,0,0,0,1,1,6,6,1,25,5,-1,-1,-1,-1,-1,-1,0,-1
2023340WN5902,2023,340WN5902,2,21,0,13,13,4,8,0,0,0,0,0,0,0,4,1,1,1,1,40,7,-1,-1,-1,-1,-1,-1,0,-1
2023302300444,2023,302300444,1,8,0,18,19,8,4,0,0,1,0,0,0,0,4,1,1,1,3,-1,-1,-1,-1,-1,-1,5,E01019456,0,-1
2023501278071,2023,501278071,2,1,0,18,19,6,3,0,0,8,0,0,0,0,4,1,6,6,1,60,9,-1,-1,-1,-1,4,E01018914,0,-1
2023401281328,2023,401281328,2,1,0,18,19,1,5,0,0,0,5,0,1,0,3,1,5,6,2,58,9,-1,-1,-1,-1,7,E01017423,0,-1
2023010443058,2023,010443058,1,1,9,99,99,9,9,99,99,9,9,99,9,99,9,1,6,6,1,52,8,-1,-1,-1,-1,3,E01001858,0,-1
2023421356432,2023,421356432,1,9,0,18,19,1,1,0,0,0,0,0,0,0,1,1,1,1,1,24,5,-1,-1,-1,-1,7,E01033143,0,-1
2023101378830,2023,101378830,1,9,0,7,7,2,5,0,0,8,0,0,0,0,1,1,6,6,1,-1,-1,-1,-1,-1,-1,-1,-1,0,-1
2023010461318,2023,010461318,1,9,0,18,19,1,5,0,0,1,0,0,0,0,4,1,6,6,3,-1,-1,-1,-1,-1,-1,-1,-1,0,-1
2023471351071,2023,471351071,2,1,0,18,19,3,7,0,0,8,0,0,0,0,3,1,6,6,2,39,7,-1,-1,-1,-1,6,E01031484,0,-1
2023440387608,2023,440387608,1,1,0,18,19,1,5,0,0,0,0,0,0,0,1,1,4,7,2,7,2,-1,-1,-1,-1,8,E01023235,0,-1
2023010422551,2023,010422551,1,1,0,18,19,5,1,0,0,8,0,0,0,0,2,1,2,2,1,31,6,-1,-1,-1,-1,6,E01023320,0,-1
2023332300173,2023,332300173,2,9,0,9,9,5,3,0,0,5,0,0,0,0,1,1,6,6,3,-1,-1,-1,-1,-1,-1,-1,-1,0,-1
2023010450566,2023,010450566,1,1,9,99,99,9,9,99,99,9,9,99,9,99,9,1,2,2,1,35,6,-1,-1,-1,-1,2,E01003920,0,-1
2023201279247,2023,201279247,1,90,0,10,10,4,2,0,0,1,0,0,0,0,1,1,6,6,1,49,8,-1,-1,-1,-1,3,E01008921,0,-1
2023430023474,2023,430023474,2,1,0,9,9,1,7,0,0,8,0,0,0,0,3,1,6,6,1,73,10,-1,-1,-1,-1,10,E01028637,0,-1
2023122300334,2023,122300334,1,1,0,17,19,3,7,0,0,0,0,0,0,0,2,1,6,6,1,49,8,-1,-1,-1,-1,7,E01027735,0,-1
2023991329467,2023,991329467,2,1,0,18,19,7,3,0,0,1,0,0,0,0,1,1,5,6,1,64,9,-1,-1,-1,-1,-1,-1,0,-1
2023052300789,2023,052300789,1,-1,0,18,19,6,2,0,0,0,0,0,0,0,0,1,6,6,1,7,2,-1,-1,-1,-1,1,E01006738,1,-1
2023010445709,2023,010445709,1,1,9,99,99,9,9,99,99,9,9,99,9,99,9,1,2,2,2,41,7,-1,-1,-1,-1,5,E01004347,0,-1
2023041322971,2023,041322971,1,9,0,18,19,3,7,0,0,0,0,0,0,0,1,1,6,6,3,-1,-1,-1,-1,-1,-1,-1,-1,0,-1
2023501367760,2023,501367760,1,9,0,18,19,7,7,0,0,0,0,0,0,0,1,1,6,6,1,21,5,-1,-1,-1,-1,-1,-1,0,-1
2023010446718,2023,010446718,2,1,0,18,19,1,5,0,0,0,0,0,0,0,1,1,6,6,2,51,8,-1,-1,-1,-1,7,E01000288,0,-1
2023010437098,2023,010437098,2,9,0,9,9,7,4,0,0,1,1,0,0,0,1,1,6,6,1,24,5,-1,-1,-1,-1,9,E01003418,0,-1
2023211324719,2023,211324719,1,9,0,15,15,1,5,0,0,0,0,0,0,0,1,1,6,6,1,60,9,-1,-1,-1,-1,-1,-1,0,-1
2023231305672,2023,231305672,2,1,0,18,19,3,7,9,9,0,0,0,0,0,1,1,6,6,1,17,4,-1,-1,-1,-1,2,E01031075,0,-1
2023332300452,2023,332300452,2,1,0,9,9,3,1,0,0,5,0,0,0,0,1,1,6,6,1,55,8,-1,-1,-1,-1,10,E01031110,0,-1
2023302300072,2023,302300072,2,9,0,18,19,8,4,0,0,1,0,0,0,0,1,1,6,6,3,-1,-1,-1,-1,-1,-1,5,E01019456,0,-1
2023010446667,2023,010446667,1,19,0,99,99,9,9,99,99,9,9,99,9,99,1,9,6,6,3,-1,-1,-1,-1,-1,-1,-1,-1,0,-1
2023451266470,2023,451266470,1,9,0,18,19,1,5,0,0,0,0,0,0,0,0,1,6,6,3,45,7,-1,-1,-1,-1,-1,-1,0,-1
2023010453811,2023,010453811,2,1,0,11,11,3,7,0,0,1,0,0,0,0,2,1,6,6,1,15,3,-1,-1,-1,-1,2,E01003967,0,-1
2023421289158,2023,421289158,1,19,0,18,19,1,5,0,0,0,0,0,0,0,4,1,5,6,2,-1,-1,-1,-1,-1,-1,-1,-1,0,-1
2023622300322,2023,622300322,2,1,0,18,19,4,8,0,0,0,0,0,0,0,2,1,6,6,2,16,4,-1,-1,-1,-1,10,W01001116,0,-1
2023010480419,2023,010480419,1,1,9,99,99,9,9,99,99,9,9,99,9,99,1,1,6,6,1,30,6,-1,-1,-1,-1,5,E01001095,0,-1
2023010450334,2023,010450334,1,1,9,99,99,9,9,99,99,9,9,99,9,99,9,1,6,6,1,42,7,-1,-1,-1,-1,8,E01023178,0,-1
2023421293003,2023,421293003,1,21,1,18,19,2,6,0,0,0,0,0,0,0,1,1,1,1,1,45,7,-1,-1,-1,-1,-1,-1,0,-1
2023161325676,2023,161325676,2,9,0,4,4,4,8,0,0,1,0,0,0,0,1,1,6,6,1,-1,-1,-1,-1,-1,-1,-1,-1,0,-1
2023221351507,2023,221351507,1,9,0,17,19,3,8,0,0,0,0,0,0,0,4,1,6,6,3,45,7,-1,-1,-1,-1,-1,-1,0,-1
2023340WN5182,2023,340WN5182,2,9,0,3,3,1,5,0,0,2,0,0,0,0,2,1,6,6,1,33,6,-1,-1,-1,-1,9,E01026997,0,-1
2023010451251,2023,010451251,2,3,0,18,19,1,5,0,0,1,0,0,0,0,1,1,1,1,1,26,6,-1,-1,-1,-1,3,E01003562,0,-1
2023302301899,2023,302301899,1,-1,0,18,19,2,6,9,9,2,0,0,0,0,1,1,6,6,3,-1,-1,-1,-1,-1,-1,5,E01019456,1,-1
2023411390232,2023,411390232,1,98,0,18,19,-1,-1,0,0,0,0,0,0,0,1,1,6,6,3,-1,-1,-1,-1,-1,-1,-1,-1,0,-1
2023010462468,2023,010462468,2,9,0,99,99,9,9,99,99,9,9,99,9,99,9,9,6,6,3,-1,-1,-1,-1,-1,-1,7,E01002827,0,-1
2023101258795,2023,101258795,3,9,0,2,2,5,1,0,0,0,0,0,0,0,1,1,5,6,1,27,6,-1,-1,-1,-1,2,E01020645,0,-1
2023371326553,2023,371326553,2,1,0,18,19,8,4,0,0,2,5,0,0,0,3,1,5,6,1,48,8,-1,-1,-1,-1,4,E01030123,0,-1
2023340WN4722,2023,340WN4722,1,9,0,16,19,8,4,0,0,2,0,0,0,1,1,1,6,6,1,56,9,-1,-1,-1,-1,8,E01027174,0,-1
2023070008040,2023,070008040,2,9,0,18,19,5,1,0,0,0,1,6,0,6,2,1,2,2,2,59,9,-1,-1,-1,-1,-1,-1,0,-1
2023131259239,2023,131259239,1,9,0,-1,-1,-1,-1,-1,-1,8,-1,-1,-1,-1,-1,1,6,6,3,-1,-1,-1,-1,-1,-1,-1,-1,0,-1
2023622300489,2023,622300489,2,1,0,18,19,1,5,0,0,1,0,0,0,0,1,1,6,6,1,15,3,-1,-1,-1,-1,5,W01001818,0,-1
2023061345326,2023,061345326,2,1,0,18,19,8,4,0,0,1,0,0,0,0,1,1,6,6,1,38,7,-1,-1,-1,-1,7,E01005033,0,-1
2023520300102,2023,520300102,2,1,0,18,19,5,1,0,0,0,0,0,0,0,3,1,6,6,1,-1,-1,-1,-1,-1,-1,-1,-1,0,-1
2023061389770,2023,061389770,1,-1,-1,-1,-1,-1,-1,-1,-1,0,-1,-1,-1,0,-1,1,6,6,3,-1,-1,-1,-1,-1,-1,-1,-1,0,-1
2023430302115,2023,430302115,2,9,0,18,19,4,8,0,0,0,0,0,1,9,1,1,6,6,1,84,11,-1,-1,-1,-1,7,E01028708,0,-1
202363D032023,2023,63D032023,1,19,0,9,9,8,6,0,0,8,0,0,0,0,3,1,2,2,1,36,7,-1,-1,-1,-1,-1,-1,0,-1
2023461302007,2023,461302007,2,1,0,18,19,3,7,0,0,0,0,0,0,0,1,1,5,6,1,13,3,-1,-1,-1,-1,3,E01024309,0,-1
2023010464469,2023,010464469,2,-1,0,18,19,5,1,0,0,1,0,0,0,0,1,1,6,6,2,22,5,-1,-1,-1,-1,1,E01004241,1,-1
2023430259117,2023,430259117,2,1,0,18,19,4,8,0,0,2,0,0,0,0,1,1,4,7,1,-1,-1,-1,-1,-1,-1,-1,-1,0,-1
2023010424603,2023,010424603,1,1,0,18,19,5,1,0,0,0,0,10,0,0,1,1,6,6,1,50,8,-1,-1,-1,-1,4,E01000869,0,-1
2023411417921,2023,411417921,2,-1,0,18,19,5,1,0,0,1,0,0,0,0,0,1,6,6,3,18,4,-1,-1,-1,-1,-1,-1,1,-1
2023311278145,2023,311278145,2,1,0,18,19,5,1,0,0,8,0,0,0,0,1,1,6,6,2,55,8,-1,-1,-1,-1,9,E01028398,0,-1
2023610020723,2023,610020723,4,9,0,2,2,0,0,0,0,0,0,0,0,0,2,1,6,6,1,27,6,-1,-1,-1,-1,10,W01001075,0,-1
2023201301125,2023,201301125,2,1,0,18,19,8,3,0,0,3,0,0,0,0,1,1,6,6,1,50,8,-1,-1,-1,-1,1,E01009074,0,-1
2023010422678,2023,010422678,1,1,0,6,6,1,1,0,0,0,2,0,0,0,0,1,6,6,2,42,7,-1,-1,-1,-1,5,E01001933,0,-1
2023461267278,2023,461267278,1,9,0,18,19,1,3,0,0,2,0,0,0,0,1,1,5,6,3,-1,-1,-1,-1,-1,-1,-1,-1,0,-1
2023010485798,2023,010485798,3,4,0,2,2,0,0,0,0,0,0,0,0,0,4,1,6,6,3,-1,-1,-1,-1,-1,-1,-1,-1,0,-1
2023501280463,2023,501280463,2,1,0,18,19,2,6,0,0,8,0,0,0,0,2,1,6,6,2,30,6,-1,-1,-1,-1,-1,-1,0,-1
2023351265433,2023,351265433,1,-1,0,18,19,-1,-1,0,0,1,2,0,0,0,1,1,6,6,2,20,4,-1,-1,-1,-1,6,E01033121,1,-1
2023440466613,2023,440466613,2,1,0,18,19,2,6,0,0,8,0,0,0,0,0,1,6,6,1,14,3,-1,-1,-1,-1,1,E01017250,0,-1
2023543940823,2023,543940823,2,9,0,18,19,5,1,0,0,1,0,0,0,0,3,1,6,6,1,56,9,-1,-1,-1,-1,10,E01015533,0,-1
2023430582829,2023,430582829,2,1,0,18,19,1,5,0,0,8,0,0,0,0,1,1,2,2,1,-1,-1,-1,-1,-1,-1,1,E01028568,0,-1
2023501317167,2023,501317167,1,9,0,18,19,8,4,0,0,1,1,0,0,0,1,1,6,6,3,-1,-1,-1,-1,-1,-1,-1,-1,0,-1
2023071294391,2023,071294391,1,9,0,14,14,7,3,0,0,8,0,0,0,0,4,1,6,6,2,-1,-1,-1,-1,-1,-1,-1,-1,0,-1
2023340NN3982,2023,340NN3982,1,9,0,9,9,7,3,0,0,6,0,0,0,0,1,1,2,2,1,46,8,-1,-1,-1,-1,10,E01027068,0,-1
2023161349919,2023,161349919,1,1,0,18,19,6,2,0,0,1,0,0,0,0,3,1,5,6,1,26,6,-1,-1,-1,-1,7,E01013014,0,-1