collision_index,collision_year,collision_ref_no,vehicle_reference,vehicle_type,towing_and_articulation,vehicle_manoeuvre_historic,vehicle_manoeuvre,vehicle_direction_from,vehicle_direction_to,vehicle_location_restricted_lane_historic,vehicle_location_restricted_lane,junction_location,skidding_and_overturning,hit_object_in_carriageway,vehicle_leaving_carriageway,hit_object_off_carriageway,first_point_of_impact,vehicle_left_hand_drive,journey_purpose_of_driver_historic,journey_purpose_of_driver,sex_of_driver,age_of_driver,age_band_of_driver,engine_capacity_cc,propulsion_code,age_of_vehicle,generic_make_model,driver_imd_decile,lsoa_of_driver,escooter_flag,driver_distance_banding
2023440026564,2023,440026564,1,19,0,1,1,3,7,0,0,0,0,0,0,0,2,1,1,1,1,-1,-1,-1,-1,-1,-1,-1,-1,0,-1
2023061325980,2023,061325980,1,19,0,18,19,3,7,0,0,0,0,0,0,0,1,1,6,6,1,25,5,-1,-1,-1,-1,-1,-1,0,-1
2023610047023,2023,610047023,1,9,0,1,1,1,5,0,0,6,0,0,0,0,2,1,6,6,2,64,9,-1,-1,-1,-1,5,W01001431,0,-1
202363C030923,2023,63C030923,2,9,0,18,19,6,2,0,0,8,0,0,0,0,4,1,6,6,2,54,8,-1,-1,-1,-1,-1,-1,0,-1
2023411305393,2023,411305393,2,1,0,18,19,7,3,0,0,4,0,0,0,0,1,1,5,6,1,63,9,-1,-1,-1,-1,7,E01023579,0,-1
2023201393261,2023,201393261,1,9,0,18,19,7,3,0,0,1,0,0,0,0,1,1,6,6,1,-1,-1,-1,-1,-1,-1,-1,-1,0,-1
2023141294683,2023,141294683,1,9,0,9,9,1,5,0,0,2,0,0,1,0,1,1,6,6,2,36,7,-1,-1,-1,-1,2,E01007638,0,-1
2023010468696,2023,010468696,1,1,9,99,99,9,9,99,99,9,9,99,9,99,2,1,2,2,1,57,9,-1,-1,-1,-1,1,E01000508,0,-1
2023361388158,2023,361388158,2,1,0,18,19,-1,-1,0,0,8,0,0,0,0,3,1,5,6,1,19,4,-1,-1,-1,-1,10,E01026812,0,-1
2023101259499,2023,101259499,1,1,0,18,19,7,3,0,0,5,1,0,0,0,1,1,5,6,1,16,4,-1,-1,-1,-1,3,E01008350,0,-1
2023070685013,2023,070685013,3,19,0,4,4,2,6,0,0,0,0,0,0,0,1,1,2,2,1,31,6,-1,-1,-1,-1,10,E01006195,0,-1
2023522300544,2023,522300544,1,-1,0,18,19,9,9,9,9,0,0,0,0,0,1,1,6,6,1,-1,-1,-1,-1,-1,-1,-1,-1,1,-1
2023622300317,2023,622300317,2,1,0,18,19,7,3,0,0,1,0,0,0,0,1,1,6,6,1,40,7,-1,-1,-1,-1,2,W01001069,0,-1
2023010428650,2023,010428650,2,3,0,15,15,1,5,0,0,8,1,0,0,0,3,1,6,6,1,33,6,-1,-1,-1,-1,3,E01002085,0,-1
2023991385554,2023,991385554,2,1,0,18,19,5,1,0,0,1,0,0,0,0,1,1,5,6,1,63,9,-1,-1,-1,-1,8,-1,0,-1
2023610051823,2023,610051823,1,9,0,18,19,8,4,0,0,0,0,0,5,6,1,1,6,6,1,18,4,-1,-1,-1,-1,4,W01001405,0,-1
2023320069091,2023,320069091,2,19,0,9,9,4,2,0,0,5,1,0,1,1,3,1,1,1,1,56,9,-1,-1,-1,-1,4,E01026144,0,-1
2023010420797,2023,010420797,2,1,0,18,19,1,5,0,0,1,0,0,0,0,1,1,2,2,1,42,7,-1,-1,-1,-1,5,E01000302,0,-1
2023052302585,2023,052302585,1,23,0,18,19,3,7,0,0,0,0,10,1,0,1,1,6,6,1,21,5,-1,-1,-1,-1,5,E01006490,0,-1
2023170M20623,2023,170M20623,3,90,0,15,15,3,6,0,0,0,0,0,0,0,1,1,6,6,3,-1,-1,-1,-1,-1,-1,-1,-1,0,-1
2023552300704,2023,552300704,1,21,0,18,19,3,7,0,0,8,0,0,0,0,1,1,1,1,3,-1,-1,-1,-1,-1,-1,-1,-1,0,-1
2023340NN0742,2023,340NN0742,1,9,0,2,2,0,0,9,9,0,0,0,0,0,4,1,6,6,1,-1,-1,-1,-1,-1,-1,-1,-1,0,-1
2023061290262,2023,061290262,1,9,0,18,19,3,7,0,0,0,0,0,0,0,1,1,6,6,1,47,8,-1,-1,-1,-1,10,E01004771,0,-1
2023231375347,2023,231375347,1,9,0,9,9,3,1,0,0,5,0,0,0,0,9,1,6,6,3,38,7,-1,-1,-1,-1,-1,-1,0,-1
2023010423714,2023,010423714,2,9,0,18,19,1,5,0,0,1,0,0,0,0,1,1,6,6,3,-1,-1,-1,-1,-1,-1,-1,-1,0,-1
202363D034823,2023,63D034823,3,19,0,2,2,0,0,0,0,0,0,0,0,0,1,1,6,6,1,30,6,-1,-1,-1,-1,-1,-1,0,-1
2023421367142,2023,421367142,1,19,0,7,7,5,7,0,0,2,0,0,0,0,1,1,6,6,3,-1,-1,-1,-1,-1,-1,-1,-1,0,-1
2023010470471,2023,010470471,1,1,9,99,99,9,9,99,99,0,9,99,9,99,2,1,2,2,1,17,4,-1,-1,-1,-1,1,E01000782,0,-1
2023501369567,2023,501369567,1,19,0,18,19,3,7,0,0,1,0,0,0,0,4,1,6,6,1,67,10,-1,-1,-1,-1,8,E01018859,0,-1
2023201376778,2023,201376778,1,9,0,18,19,4,8,0,0,0,0,0,0,0,1,1,6,6,1,26,6,-1,-1,-1,-1,1,E01009404,0,-1
2023010470205,2023,010470205,2,9,0,99,99,9,9,99,99,9,9,99,9,99,9,9,6,6,3,-1,-1,-1,-1,-1,-1,-1,-1,0,-1
202363C035923,2023,63C035923,2,19,0,1,1,6,2,0,0,8,0,0,0,0,2,1,1,1,1,42,7,-1,-1,-1,-1,-1,-1,0,-1
2023991338541,2023,991338541,3,1,0,17,19,1,6,0,0,0,0,0,0,0,0,1,5,6,1,46,8,-1,-1,-1,-1,9,-1,0,-1
2023010477708,2023,010477708,1,1,9,99,99,9,9,99,99,9,9,99,9,99,2,1,6,6,1,40,7,-1,-1,-1,-1,4,E01003559,0,-1
2023010436965,2023,010436965,1,1,0,18,19,5,1,2,2,8,1,0,0,0,2,1,2,2,1,49,8,-1,-1,-1,-1,6,E01033738,0,-1
2023371347861,2023,371347861,2,1,0,18,19,4,8,0,0,1,0,0,0,0,4,1,5,6,1,58,9,-1,-1,-1,-1,5,E01030219,0,-1
2023201267661,2023,201267661,2,9,0,3,3,2,6,0,0,8,0,0,0,0,1,1,2,2,1,38,7,-1,-1,-1,-1,6,E01010043,0,-1
2023010467051,2023,010467051,2,1,0,18,19,3,7,0,0,0,0,0,0,0,1,1,6,6,1,30,6,-1,-1,-1,-1,6,E01001937,0,-1
2023122301220,2023,122301220,2,1,0,18,19,7,3,0,0,8,0,0,0,0,1,1,6,6,1,58,9,-1,-1,-1,-1,10,E01013337,0,-1
2023340WN4642,2023,340WN4642,3,9,0,4,4,6,2,0,0,1,0,0,0,0,2,1,6,6,3,-1,-1,-1,-1,-1,-1,-1,-1,0,-1
2023122301324,2023,122301324,1,1,0,7,7,5,7,9,9,0,0,0,0,0,1,1,6,6,1,16,4,-1,-1,-1,-1,3,E01013444,0,-1
2023522301278,2023,522301278,2,9,0,9,9,8,6,0,0,5,0,0,0,0,1,1,6,6,1,-1,-1,-1,-1,-1,-1,3,E01014650,0,-1
2023371356158,2023,371356158,2,1,0,18,19,3,7,9,9,6,0,0,0,0,4,1,4,7,1,17,4,-1,-1,-1,-1,1,E01029979,0,-1
2023401272021,2023,401272021,1,98,0,18,19,5,1,0,0,1,0,0,0,0,1,1,1,1,1,60,9,-1,-1,-1,-1,8,E01017465,0,-1
2023041283342,2023,041283342,1,9,0,9,9,5,3,0,0,8,0,0,0,0,1,1,2,2,1,28,6,-1,-1,-1,-1,2,E01025077,0,-1
2023010457504,2023,010457504,1,-1,9,99,99,9,9,99,99,9,9,99,9,99,9,9,6,6,3,-1,-1,-1,-1,-1,-1,-1,-1,1,-1
2023010466010,2023,010466010,1,-1,0,5,5,3,7,0,0,6,0,0,0,0,1,1,6,6,1,31,6,-1,-1,-1,-1,5,E01001910,1,-1
2023052300602,2023,052300602,1,9,0,18,19,1,5,0,0,0,0,0,0,0,1,1,6,6,3,-1,-1,-1,-1,-1,-1,-1,-1,0,-1
2023010462428,2023,010462428,1,9,0,18,19,7,3,0,0,8,1,0,0,0,1,2,6,6,1,21,5,-1,-1,-1,-1,4,E01003666,0,-1
2023161369395,2023,161369395,1,-1,0,18,19,6,2,0,0,1,0,0,0,0,1,1,6,6,3,-1,-1,-1,-1,-1,-1,-1,-1,0,-1
2023161326747,2023,161326747,2,1,0,5,5,2,6,0,0,6,0,0,0,0,1,1,6,6,1,17,4,-1,-1,-1,-1,1,E01012847,0,-1
2023061261713,2023,061261713,1,9,0,9,9,8,4,0,0,2,0,0,0,0,1,1,6,6,2,-1,-1,-1,-1,-1,-1,-1,-1,0,-1
2023010482704,2023,010482704,2,1,0,18,19,5,1,2,2,2,0,0,0,0,3,1,1,1,2,38,7,-1,-1,-1,-1,4,E01002785,0,-1
2023201354758,2023,201354758,1,9,0,13,13,2,6,0,0,0,0,0,0,0,0,1,6,6,3,-1,-1,-1,-1,-1,-1,-1,-1,0,-1
2023170M21833,2023,170M21833,2,9,0,14,14,5,1,0,0,0,0,0,0,0,0,1,6,6,1,-1,-1,-1,-1,-1,-1,-1,-1,0,-1
2023461395553,2023,461395553,1,9,0,-1,-1,-1,-1,0,0,0,0,0,0,0,0,1,6,6,3,-1,-1,-1,-1,-1,-1,-1,-1,0,-1
2023221377558,2023,221377558,1,9,0,18,19,3,7,0,0,0,0,0,0,0,0,1,6,6,3,48,8,-1,-1,-1,-1,-1,-1,0,-1
2023131365170,2023,131365170,2,1,0,18,19,7,3,0,0,8,0,0,0,0,3,1,2,2,2,39,7,-1,-1,-1,-1,6,E01010690,0,-1
2023610046523,2023,610046523,2,1,0,17,19,3,8,0,0,0,0,0,0,0,1,1,6,6,2,40,7,-1,-1,-1,-1,1,W01001386,0,-1
2023991316069,2023,991316069,2,9,0,18,19,6,2,0,0,8,0,0,1,0,1,1,5,6,1,61,9,-1,-1,-1,-1,6,-1,0,-1
2023351388018,2023,351388018,2,1,0,9,9,3,1,0,0,8,0,0,0,0,1,1,6,6,1,72,10,-1,-1,-1,-1,9,E01017988,0,-1
2023332300368,2023,332300368,2,-1,0,18,19,5,1,0,0,6,0,0,0,0,1,1,6,6,1,14,3,-1,-1,-1,-1,1,E01013640,1,-1
2023332300275,2023,332300275,1,9,0,18,19,1,5,0,0,0,0,0,0,0,1,1,6,6,2,57,9,-1,-1,-1,-1,5,E01025884,0,-1
2023010452212,2023,010452212,1,21,0,11,11,5,1,0,0,0,0,0,0,0,1,1,1,1,1,65,9,-1,-1,-1,-1,9,E01032674,0,-1
2023010473704,2023,010473704,1,1,9,99,99,9,9,99,99,9,9,99,9,99,9,1,2,2,1,25,5,-1,-1,-1,-1,3,E01001048,0,-1
2023311362196,2023,311362196,2,1,0,18,19,5,1,0,0,6,0,0,0,0,1,1,6,6,1,38,7,-1,-1,-1,-1,-1,-1,0,-1
2023351334347,2023,351334347,2,1,0,18,19,-1,-1,0,0,8,0,0,0,0,3,1,5,6,1,48,8,-1,-1,-1,-1,1,E01015602,0,-1
2023010451545,2023,010451545,1,1,9,99,99,9,9,99,99,9,9,99,9,99,9,1,6,6,1,72,10,-1,-1,-1,-1,4,E01003632,0,-1
2023052301009,2023,052301009,1,9,0,18,19,1,5,0,0,1,0,0,0,0,1,1,6,6,2,68,10,-1,-1,-1,-1,7,E01007265,0,-1
2023070227091,2023,070227091,2,5,0,18,19,8,4,0,0,1,0,0,0,0,4,1,6,6,1,72,10,-1,-1,-1,-1,-1,-1,0,-1
202360A091282,2023,60A091282,3,98,0,4,4,6,2,0,0,0,0,0,0,0,0,1,6,6,1,-1,-1,-1,-1,-1,-1,-1,-1,0,-1
2023361285020,2023,361285020,3,9,0,18,19,1,6,0,0,0,0,0,0,0,2,1,1,1,1,38,7,-1,-1,-1,-1,6,E01030245,0,-1
2023451273538,2023,451273538,1,9,0,5,5,1,5,0,0,1,0,0,0,0,1,1,6,6,1,21,5,-1,-1,-1,-1,-1,-1,0,-1
2023010422116,2023,010422116,1,1,9,99,99,9,9,99,99,9,9,99,9,99,9,1,6,6,2,59,9,-1,-1,-1,-1,7,E01003371,0,-1
2023610045623,2023,610045623,1,9,0,18,19,4,8,0,0,0,0,0,2,7,1,1,6,6,2,55,8,-1,-1,-1,-1,6,W01001472,0,-1
2023520301829,2023,520301829,1,1,0,18,19,1,5,0,0,8,0,0,0,0,0,1,6,6,1,20,4,-1,-1,-1,-1,5,E01029257,0,-1
2023061396449,2023,061396449,1,21,0,18,19,5,1,0,0,0,0,0,0,0,2,1,6,6,3,16,4,-1,-1,-1,-1,-1,-1,0,-1
2023221303828,2023,221303828,1,9,0,9,9,7,5,0,0,5,0,0,0,0,4,1,6,6,3,27,6,-1,-1,-1,-1,-1,-1,0,-1
2023141331497,2023,141331497,2,98,0,18,19,2,6,0,0,0,0,0,0,0,3,1,6,6,3,-1,-1,-1,-1,-1,-1,-1,-1,0,-1
2023361282008,2023,361282008,2,9,0,2,2,0,0,9,9,1,0,0,0,0,4,1,6,6,3,-1,-1,-1,-1,-1,-1,-1,-1,0,-1
2023351305830,2023,351305830,2,9,0,5,5,8,4,0,0,8,0,0,0,0,4,1,6,6,2,46,8,-1,-1,-1,-1,10,E01018189,0,-1
2023302300559,2023,302300559,1,9,0,18,19,2,6,0,0,0,0,0,0,0,3,1,6,6,3,-1,-1,-1,-1,-1,-1,5,E01019456,0,-1
202363D032423,2023,63D032423,1,19,0,9,9,2,8,0,0,6,0,0,0,0,3,1,1,1,1,43,7,-1,-1,-1,-1,-1,-1,0,-1
2023451324119,2023,451324119,1,9,4,18,19,3,7,0,0,0,0,0,0,0,1,1,5,6,1,59,9,-1,-1,-1,-1,5,E01030310,0,-1
2023440173207,2023,440173207,2,19,0,5,5,1,5,0,0,4,0,0,0,0,1,1,6,6,3,-1,-1,-1,-1,-1,-1,-1,-1,0,-1
2023010480732,2023,010480732,1,1,9,99,99,9,9,99,99,9,9,99,9,99,1,1,6,6,1,41,7,-1,-1,-1,-1,-1,-1,0,-1
2023522300764,2023,522300764,1,90,0,1,1,8,4,0,0,2,0,0,0,0,2,1,1,1,1,-1,-1,-1,-1,-1,-1,-1,-1,0,-1
2023440373670,2023,440373670,1,1,0,9,9,4,2,0,0,8,0,0,0,0,0,1,2,2,2,30,6,-1,-1,-1,-1,9,E01022639,0,-1
2023201281172,2023,201281172,1,9,0,18,19,7,3,0,0,0,0,4,0,0,4,1,6,6,3,-1,-1,-1,-1,-1,-1,-1,-1,0,-1
2023461349734,2023,461349734,1,9,0,18,19,-1,-1,0,0,4,0,0,0,0,1,1,6,6,1,-1,-1,-1,-1,-1,-1,-1,-1,0,-1
2023332301001,2023,332301001,1,9,0,18,19,7,3,0,0,1,0,0,0,0,1,1,6,6,3,-1,-1,-1,-1,-1,-1,-1,-1,0,-1
2023010433860,2023,010433860,2,1,9,99,99,9,9,99,99,0,9,99,9,99,1,1,6,6,3,-1,-1,-1,-1,-1,-1,-1,-1,0,-1
2023991329178,2023,991329178,2,1,0,18,19,6,2,0,0,1,5,0,0,0,1,1,6,6,1,23,5,-1,-1,-1,-1,4,-1,0,-1
2023010481878,2023,010481878,1,1,9,99,99,9,9,99,99,9,9,99,9,99,0,1,6,6,1,50,8,-1,-1,-1,-1,2,E01002686,0,-1
2023041326141,2023,041326141,1,1,0,18,19,5,1,0,0,1,0,0,0,0,1,1,6,6,3,-1,-1,-1,-1,-1,-1,-1,-1,0,-1
2023201287727,2023,201287727,2,1,0,18,19,-1,-1,0,0,8,0,0,0,0,1,1,6,6,1,-1,-1,-1,-1,-1,-1,-1,-1,0,-1
2023101371261,2023,101371261,2,16,0,18,19,5,1,0,0,1,0,0,0,0,0,1,5,6,2,57,9,-1,-1,-1,-1,5,E01008622,0,-1
2023461276972,2023,461276972,1,19,0,4,4,2,6,0,0,0,0,0,0,0,1,1,6,6,3,-1,-1,-1,-1,-1,-1,-1,-1,0,-1
2023531369212,2023,531369212,1,1,0,18,19,5,1,0,0,0,5,0,0,0,4,1,5,6,1,54,8,-1,-1,-1,-1,10,E01022109,0,-1
2023010456648,2023,010456648,1,1,9,99,99,9,9,99,99,9,9,99,9,99,1,1,6,6,2,29,6,-1,-1,-1,-1,4,E01004484,0,-1
2023320587197,2023,320587197,1,1,0,18,19,7,3,0,0,0,5,0,0,0,0,1,6,6,1,46,8,-1,-1,-1,-1,-1,-1,0,-1
2023471334662,2023,471334662,1,9,0,5,5,7,2,0,0,4,0,0,0,0,1,1,6,6,1,61,9,-1,-1,-1,-1,7,E01030729,0,-1
2023340WN4612,2023,340WN4612,2,-1,0,18,19,2,6,0,0,8,0,0,0,0,2,1,6,6,1,34,6,-1,-1,-1,-1,5,E01027145,1,-1
2023161361601,2023,161361601,2,97,0,17,19,4,8,0,0,0,0,0,0,0,0,1,6,6,3,-1,-1,-1,-1,-1,-1,-1,-1,0,-1
2023010431669,2023,010431669,1,9,0,18,19,5,1,0,0,0,0,0,0,0,4,1,6,6,3,-1,-1,-1,-1,-1,-1,-1,-1,0,-1
2023351280137,2023,351280137,2,1,0,18,19,1,5,0,0,0,0,0,0,0,1,1,1,1,1,49,8,-1,-1,-1,-1,5,E01018079,0,-1
2023061301287,2023,061301287,2,9,-1,-1,-1,-1,-1,-1,-1,0,-1,-1,-1,0,-1,1,6,6,1,24,5,-1,-1,-1,-1,1,E01005232,0,-1
2023131329671,2023,131329671,2,1,0,-1,-1,-1,-1,-1,-1,-1,-1,-1,-1,0,-1,1,5,6,3,-1,-1,-1,-1,-1,-1,-1,-1,0,-1
202354A541823,2023,54A541823,2,9,0,5,5,6,2,0,0,4,0,0,0,0,1,1,6,6,1,19,4,-1,-1,-1,-1,7,E01015581,0,-1
2023302301261,2023,302301261,2,9,0,18,19,6,2,0,0,0,0,0,0,0,2,1,6,6,3,-1,-1,-1,-1,-1,-1,5,E01019456,0,-1
2023411345431,2023,411345431,2,-1,0,18,19,7,3,0,0,1,0,0,0,0,1,1,6,6,2,16,4,-1,-1,-1,-1,5,E01023661,1,-1
2023161345349,2023,161345349,1,5,0,9,9,3,7,0,0,0,0,0,0,0,3,1,1,1,2,36,7,-1,-1,-1,-1,5,E01013287,0,-1
2023440416901,2023,440416901,1,1,0,3,3,2,6,0,0,0,0,0,0,0,1,1,6,6,1,21,5,-1,-1,-1,-1,-1,-1,0,-1
2023031318733,2023,031318733,1,9,0,4,4,5,1,0,0,1,0,0,0,0,4,1,6,6,2,35,6,-1,-1,-1,-1,8,E01019322,0,-1
2023010470684,2023,010470684,1,9,0,18,19,3,7,9,9,9,0,99,0,0,9,9,6,6,3,-1,-1,-1,-1,-1,-1,-1,-1,0,-1
2023430546901,2023,430546901,2,1,0,7,7,2,4,0,0,6,0,0,0,0,1,1,2,2,1,47,8,-1,-1,-1,-1,10,E01016672,0,-1
202354A945223,2023,54A945223,1,1,0,15,15,5,1,0,0,0,0,4,0,0,1,1,6,6,1,53,8,-1,-1,-1,-1,1,E01015544,0,-1
2023010440250,2023,010440250,2,9,9,18,19,3,7,0,0,1,9,0,0,0,2,9,6,6,3,-1,-1,-1,-1,-1,-1,-1,-1,0,-1
2023991259570,2023,991259570,1,9,0,17,19,3,7,0,0,0,0,0,0,0,1,1,6,6,1,44,7,-1,-1,-1,-1,6,-1,0,-1
2023471288344,2023,471288344,1,97,0,17,19,7,3,1,1,2,0,0,1,11,1,1,5,6,1,21,5,-1,-1,-1,-1,4,E01031596,0,-1
2023041361582,2023,041361582,1,9,0,1,1,1,1,0,0,0,0,0,7,0,1,1,5,6,1,80,11,-1,-1,-1,-1,4,E01025556,0,-1
2023991319066,2023,991319066,3,9,0,18,19,8,4,0,0,0,0,0,0,0,1,1,1,1,2,37,7,-1,-1,-1,-1,5,-1,0,-1
2023411305215,2023,411305215,3,9,0,18,19,1,5,0,0,1,0,0,0,0,1,1,6,6,3,-1,-1,-1,-1,-1,-1,-1,-1,0,-1
2023461271762,2023,461271762,1,9,0,18,19,7,3,0,0,8,0,0,3,0,1,1,6,6,1,-1,-1,-1,-1,-1,-1,-1,-1,0,-1
202363D026923,2023,63D026923,1,19,0,18,19,2,6,0,0,1,0,0,0,0,1,1,1,1,1,45,7,-1,-1,-1,-1,-1,-1,0,-1
2023631358278,2023,631358278,2,9,0,17,19,3,7,0,0,0,0,0,0,0,1,1,6,6,1,50,8,-1,-1,-1,-1,6,W01000524,0,-1
2023131366242,2023,131366242,1,90,0,4,4,3,7,0,0,0,1,0,0,0,1,2,1,1,1,30,6,-1,-1,-1,-1,-1,-1,0,-1
2023052302973,2023,052302973,1,9,0,5,5,8,6,0,0,1,0,0,0,0,3,1,6,6,3,-1,-1,-1,-1,-1,-1,-1,-1,0,-1
2023161371668,2023,161371668,1,1,0,18,19,6,2,4,4,8,0,0,0,0,4,1,5,6,1,62,9,-1,-1,-1,-1,8,E01013037,0,-1
2023101325655,2023,101325655,2,1,0,18,19,2,7,0,0,8,0,0,0,0,4,1,5,6,1,38,7,-1,-1,-1,-1,4,E01008471,0,-1
2023010484563,2023,010484563,2,9,0,99,99,9,9,99,99,9,9,99,9,99,1,9,6,6,3,-1,-1,-1,-1,-1,-1,-1,-1,0,-1
2023061277097,2023,061277097,2,1,0,18,19,3,7,0,0,1,0,0,0,0,1,1,6,6,1,27,6,-1,-1,-1,-1,4,E01005184,0,-1
2023451356207,2023,451356207,1,9,0,18,19,3,7,0,0,1,0,0,0,0,1,1,6,6,1,45,7,-1,-1,-1,-1,-1,-1,0,-1
2023302300849,2023,302300849,1,9,0,18,19,2,6,0,0,1,0,0,0,0,1,1,6,6,3,-1,-1,-1,-1,-1,-1,5,E01019456,0,-1
2023548569823,2023,548569823,2,19,0,18,19,4,2,0,0,0,0,0,0,0,4,1,1,1,1,56,9,-1,-1,-1,-1,9,E01031955,0,-1
2023201393254,2023,201393254,1,9,0,18,19,7,3,0,0,2,0,0,0,0,1,1,6,6,3,-1,-1,-1,-1,-1,-1,-1,-1,0,-1
2023440326168,2023,440326168,1,9,0,18,19,8,4,0,0,8,0,0,0,0,4,1,6,6,1,41,7,-1,-1,-1,-1,3,E01023085,0,-1
2023052300657,2023,052300657,1,9,0,4,4,8,4,0,0,1,0,0,0,0,1,1,6,6,3,-1,-1,-1,-1,-1,-1,-1,-1,0,-1
2023221337032,2023,221337032,2,1,0,17,19,5,2,0,0,8,0,0,0,0,1,1,5,6,1,58,9,-1,-1,-1,-1,3,E01032478,0,-1
2023311338828,2023,311338828,1,-1,0,18,19,1,1,9,9,0,0,0,0,0,1,1,1,1,1,62,9,-1,-1,-1,-1,2,E01013910,1,-1
2023010440410,2023,010440410,2,1,0,13,13,7,3,0,0,2,0,0,0,0,1,1,1,1,1,23,5,-1,-1,-1,-1,2,E01000931,0,-1
2023351387805,2023,351387805,1,1,0,18,19,5,2,0,0,0,0,0,0,0,1,1,6,6,1,66,10,-1,-1,-1,-1,8,E01018277,0,-1
2023361281998,2023,361281998,2,1,0,5,5,4,8,0,0,6,5,0,0,0,4,1,1,1,1,39,7,-1,-1,-1,-1,8,E01026490,0,-1
2023430549701,2023,430549701,1,9,0,18,19,4,8,0,0,8,0,0,0,0,1,1,6,6,3,-1,-1,-1,-1,-1,-1,-1,-1,0,-1
2023201343018,2023,201343018,1,9,0,18,19,5,1,0,0,0,0,0,0,0,1,1,6,6,2,-1,-1,-1,-1,-1,-1,-1,-1,0,-1
2023440043756,2023,440043756,1,21,0,18,19,8,4,9,9,1,0,0,1,0,4,1,1,1,3,-1,-1,-1,-1,-1,-1,-1,-1,0,-1
2023010423494,2023,010423494,1,1,9,99,99,9,9,99,99,9,9,99,9,99,9,1,2,2,1,41,7,-1,-1,-1,-1,8,E01002890,0,-1
2023461268204,2023,461268204,1,97,0,18,19,1,5,0,0,0,0,0,0,0,0,1,5,6,1,-1,-1,-1,-1,-1,-1,3,E01024310,0,-1
2023401380931,2023,401380931,1,98,0,9,9,3,1,0,0,0,0,0,0,0,1,1,6,6,3,-1,-1,-1,-1,-1,-1,-1,-1,0,-1
2023052303029,2023,052303029,1,8,0,18,19,1,5,0,0,1,0,0,0,0,1,1,6,6,3,-1,-1,-1,-1,-1,-1,-1,-1,0,-1
2023622300475,2023,622300475,2,10,0,5,5,8,2,0,0,4,0,0,0,0,1,1,6,6,1,49,8,-1,-1,-1,-1,10,W01001036,0,-1
2023010468119,2023,010468119,2,9,0,99,99,9,9,99,99,9,9,99,9,99,1,9,6,6,3,-1,-1,-1,-1,-1,-1,-1,-1,0,-1
2023302301068,2023,302301068,1,9,0,18,19,4,8,0,0,2,0,0,0,0,4,1,6,6,3,-1,-1,-1,-1,-1,-1,5,E01019456,0,-1
2023010422681,2023,010422681,2,1,0,18,19,8,4,99,99,9,0,0,9,0,2,1,6,6,1,55,8,-1,-1,-1,-1,3,E01001874,0,-1
2023351330907,2023,351330907,2,1,0,18,19,-1,-1,0,0,8,0,0,0,0,3,1,2,2,2,18,4,-1,-1,-1,-1,6,E01018304,0,-1
2023531323463,2023,531323463,1,9,0,18,19,4,8,0,0,1,0,0,0,0,1,1,1,1,1,52,8,-1,-1,-1,-1,10,E01022167,0,-1
2023221262500,2023,221262500,1,4,0,13,13,6,2,0,0,2,0,0,0,0,4,1,5,6,1,26,6,-1,-1,-1,-1,5,E01014084,0,-1
2023010451421,2023,010451421,2,-1,0,18,19,3,7,0,0,8,0,0,0,0,1,1,6,6,1,31,6,-1,-1,-1,-1,2,E01003297,1,-1
2023340NN1502,2023,340NN1502,1,21,0,11,11,6,2,0,0,8,0,0,0,0,4,1,1,1,1,47,8,-1,-1,-1,-1,-1,-1,0,-1
2023440242169,2023,440242169,1,-1,0,18,19,1,5,0,0,0,0,0,0,0,1,1,6,6,1,43,7,-1,-1,-1,-1,4,E01028529,1,-1
2023522300587,2023,522300587,2,9,0,18,19,8,4,0,0,8,0,7,0,0,1,1,1,1,2,27,6,-1,-1,-1,-1,-1,-1,0,-1
2023010452894,2023,010452894,2,9,9,99,99,9,9,99,99,0,9,99,9,99,9,1,6,6,3,-1,-1,-1,-1,-1,-1,-1,-1,0,-1
2023010482842,2023,010482842,1,1,9,99,99,9,9,99,99,9,9,99,9,99,9,1,2,2,2,41,7,-1,-1,-1,-1,5,E01003411,0,-1
2023440299525,2023,440299525,2,1,0,12,12,8,4,0,0,1,0,10,0,0,4,1,2,2,1,24,5,-1,-1,-1,-1,5,E01022832,0,-1
2023302301868,2023,302301868,1,9,0,13,13,4,8,0,0,0,0,0,0,0,1,1,6,6,1,37,7,-1,-1,-1,-1,9,E01019751,0,-1
2023010461702,2023,010461702,2,9,0,18,19,8,4,0,0,1,0,0,0,0,1,1,6,6,3,-1,-1,-1,-1,-1,-1,-1,-1,0,-1
2023430282777,2023,430282777,2,1,0,18,19,5,1,9,9,8,0,0,0,0,1,1,1,1,1,48,8,-1,-1,-1,-1,8,E01032994,0,-1
2023622300477,2023,622300477,1,97,0,18,19,6,2,0,0,1,0,0,7,11,3,1,6,6,1,30,6,-1,-1,-1,-1,2,W01001015,0,-1
2023141264034,2023,141264034,2,22,0,18,19,6,2,0,0,0,5,0,3,0,2,1,5,6,1,62,9,-1,-1,-1,-1,6,E01007560,0,-1
2023161369598,2023,161369598,1,9,0,13,13,3,7,0,0,0,0,0,7,4,1,1,2,2,1,56,9,-1,-1,-1,-1,9,E01013365,0,-1
2023471334440,2023,471334440,1,9,0,9,9,7,1,0,0,1,0,0,0,0,1,2,5,6,1,50,8,-1,-1,-1,-1,-1,-1,0,-1
2023631311853,2023,631311853,1,5,0,17,19,1,6,0,0,0,0,11,0,0,4,1,5,6,1,61,9,-1,-1,-1,-1,-1,-1,0,-1
2023070033336,2023,070033336,3,9,0,3,3,8,5,0,0,4,0,0,0,0,2,1,6,6,1,-1,-1,-1,-1,-1,-1,-1,-1,0,-1
2023430207492,2023,430207492,2,9,0,9,9,5,4,0,0,6,0,0,0,0,1,1,6,6,2,-1,-1,-1,-1,-1,-1,-1,-1,0,-1
2023101373911,2023,101373911,1,9,0,18,19,1,7,0,0,0,0,0,0,0,1,1,6,6,1,30,6,-1,-1,-1,-1,-1,-1,0,-1
2023461363855,2023,461363855,2,1,0,18,19,5,1,0,0,1,0,0,0,0,1,1,6,6,2,66,10,-1,-1,-1,-1,10,E01024321,0,-1
2023471323726,2023,471323726,1,9,0,9,9,4,2,0,0,0,0,0,0,0,1,1,2,2,1,58,9,-1,-1,-1,-1,7,E01016883,0,-1
2023320546030,2023,320546030,1,9,0,13,13,8,4,0,0,0,0,0,0,0,3,1,6,6,3,-1,-1,-1,-1,-1,-1,-1,-1,0,-1