collision_index,collision_year,collision_ref_no,vehicle_reference,vehicle_type,towing_and_articulation,vehicle_manoeuvre_historic,vehicle_manoeuvre,vehicle_direction_from,vehicle_direction_to,vehicle_location_restricted_lane_historic,vehicle_location_restricted_lane,junction_location,skidding_and_overturning,hit_object_in_carriageway,vehicle_leaving_carriageway,hit_object_off_carriageway,first_point_of_impact,vehicle_left_hand_drive,journey_purpose_of_driver_historic,journey_purpose_of_driver,sex_of_driver,age_of_driver,age_band_of_driver,engine_capacity_cc,propulsion_code,age_of_vehicle,generic_make_model,driver_imd_decile,lsoa_of_driver,escooter_flag,driver_distance_banding
2023361315389,2023,361315389,1,9,0,9,9,5,3,0,0,1,0,0,0,0,3,1,2,2,1,57,9,-1,-1,-1,-1,4,E01026898,0,-1
2023451354845,2023,451354845,1,9,0,18,19,1,1,0,0,1,0,0,0,0,3,1,3,7,1,32,6,-1,-1,-1,-1,10,E01030614,0,-1
2023061307989,2023,061307989,1,19,0,13,13,1,5,0,0,0,0,0,0,0,0,1,6,6,3,30,6,-1,-1,-1,-1,-1,-1,0,-1
2023010458424,2023,010458424,2,1,0,18,19,2,6,9,9,0,0,0,0,0,3,1,6,6,1,4,1,-1,-1,-1,-1,7,E01003270,0,-1
2023231314849,2023,231314849,1,-1,0,1,1,8,4,9,9,6,0,0,0,0,2,1,6,6,3,-1,-1,-1,-1,-1,-1,-1,-1,0,-1
2023010473288,2023,010473288,1,1,9,99,99,9,9,99,99,9,9,99,9,99,9,1,6,6,1,35,6,-1,-1,-1,-1,8,E01004511,0,-1
2023471301867,2023,471301867,2,1,0,16,19,4,8,0,0,0,0,0,0,0,0,1,6,6,1,23,5,-1,-1,-1,-1,6,E01031445,0,-1
2023991340975,2023,991340975,2,1,0,18,19,8,4,0,0,0,0,0,0,0,4,1,6,6,1,38,7,-1,-1,-1,-1,-1,-1,0,-1
2023461364560,2023,461364560,2,1,0,18,19,3,7,9,9,1,0,0,0,0,4,1,2,2,1,63,9,-1,-1,-1,-1,6,E01024117,0,-1
2023991372294,2023,991372294,3,9,0,18,19,5,1,0,0,0,0,0,0,0,1,1,1,1,1,33,6,-1,-1,-1,-1,4,-1,0,-1
2023471274611,2023,471274611,3,9,0,18,19,4,8,0,0,0,0,0,0,0,-1,1,6,6,3,-1,-1,-1,-1,-1,-1,-1,-1,0,-1
2023010465976,2023,010465976,2,9,0,99,99,9,9,99,99,9,9,99,9,99,9,9,6,6,3,-1,-1,-1,-1,-1,-1,-1,-1,0,-1
2023010454521,2023,010454521,3,1,0,18,19,6,2,0,0,1,0,0,0,0,3,1,6,6,1,26,6,-1,-1,-1,-1,6,E01001923,0,-1
2023211433298,2023,211433298,1,9,0,18,19,1,5,0,0,0,0,0,0,0,3,1,6,6,1,83,11,-1,-1,-1,-1,9,E01029518,0,-1
2023430092713,2023,430092713,2,1,0,18,19,4,2,0,0,1,0,0,0,0,1,1,6,6,1,17,4,-1,-1,-1,-1,-1,-1,0,-1
2023010481272,2023,010481272,1,1,9,99,99,9,9,99,99,9,9,99,9,99,1,1,6,6,2,35,6,-1,-1,-1,-1,4,E01033725,0,-1
2023461341450,2023,461341450,1,-1,0,18,19,7,4,0,0,8,0,0,0,0,3,1,6,6,1,14,3,-1,-1,-1,-1,9,E01024826,1,-1
2023010484969,2023,010484969,2,9,0,99,99,9,9,99,99,9,9,99,9,99,1,9,6,6,3,-1,-1,-1,-1,-1,-1,-1,-1,0,-1
2023111357571,2023,111357571,1,19,0,18,19,5,1,0,0,0,0,0,0,0,1,1,6,6,1,30,6,-1,-1,-1,-1,-1,-1,0,-1
2023010451330,2023,010451330,2,1,0,18,19,5,1,0,0,8,0,0,0,0,4,1,1,1,1,19,4,-1,-1,-1,-1,2,E01004289,0,-1
2023010423475,2023,010423475,2,9,0,99,99,9,9,99,99,9,9,99,9,99,9,9,6,6,3,-1,-1,-1,-1,-1,-1,-1,-1,0,-1
2023070994793,2023,070994793,2,1,0,4,4,7,3,0,0,0,0,0,0,0,2,1,2,2,2,58,9,-1,-1,-1,-1,10,E01018346,0,-1
2023131267584,2023,131267584,2,9,0,5,5,3,1,0,0,8,0,0,0,0,3,1,1,1,1,32,6,-1,-1,-1,-1,1,E01011354,0,-1
2023010468682,2023,010468682,1,9,0,18,19,5,1,0,0,1,0,0,0,0,1,1,6,6,3,-1,-1,-1,-1,-1,-1,-1,-1,0,-1
2023010465257,2023,010465257,1,1,9,99,99,9,9,99,99,9,9,99,9,99,1,1,2,2,1,47,8,-1,-1,-1,-1,9,E01002929,0,-1
2023471316238,2023,471316238,1,9,0,18,19,1,5,0,0,1,0,0,0,0,4,1,6,6,3,-1,-1,-1,-1,-1,-1,-1,-1,0,-1
2023501327040,2023,501327040,2,1,0,18,19,5,1,0,0,8,0,0,0,0,3,1,5,6,1,62,9,-1,-1,-1,-1,-1,-1,0,-1
2023010461886,2023,010461886,1,1,0,18,19,7,3,0,0,0,0,0,0,0,1,1,6,6,1,34,6,-1,-1,-1,-1,3,E01000245,0,-1
2023010484129,2023,010484129,1,1,9,99,99,9,9,99,99,9,9,99,9,99,9,1,2,2,1,46,8,-1,-1,-1,-1,3,E01004362,0,-1
2023421294835,2023,421294835,1,9,0,18,19,6,2,0,0,0,0,0,0,0,1,1,6,6,3,-1,-1,-1,-1,-1,-1,-1,-1,0,-1
2023302300515,2023,302300515,3,9,0,18,19,8,4,0,0,1,0,0,0,0,3,1,6,6,1,38,7,-1,-1,-1,-1,8,E01029890,0,-1
2023991361663,2023,991361663,1,1,0,18,19,4,8,0,0,0,0,0,0,0,3,1,4,7,1,13,3,-1,-1,-1,-1,1,-1,0,-1
2023552301361,2023,552301361,2,1,0,18,19,2,6,9,9,8,0,0,0,0,4,1,6,6,1,13,3,-1,-1,-1,-1,2,E01015379,0,-1
2023010482461,2023,010482461,2,1,0,18,19,7,3,0,0,1,0,0,0,0,1,1,6,6,1,19,4,-1,-1,-1,-1,3,E01004698,0,-1
202363D034123,2023,63D034123,2,19,0,18,19,6,2,0,0,8,0,0,0,0,1,1,6,6,1,33,6,-1,-1,-1,-1,-1,-1,0,-1
2023070795219,2023,070795219,2,1,0,5,5,5,1,0,0,8,0,0,0,0,1,1,6,6,1,27,6,-1,-1,-1,-1,6,E01018479,0,-1
2023552301241,2023,552301241,2,1,0,18,19,8,4,0,0,1,0,0,0,0,4,1,1,1,1,56,9,-1,-1,-1,-1,4,E01020574,0,-1
2023351272899,2023,351272899,1,9,0,18,19,1,5,0,0,0,0,0,7,0,4,1,5,6,1,47,8,-1,-1,-1,-1,6,E01018045,0,-1
2023201311027,2023,201311027,2,1,0,18,19,-1,-1,9,9,8,0,0,0,0,1,1,6,6,1,11,3,-1,-1,-1,-1,1,E01032888,0,-1
2023010425927,2023,010425927,1,1,0,99,99,9,9,0,0,9,0,0,0,0,1,1,1,1,2,41,7,-1,-1,-1,-1,3,E01004734,0,-1
2023010443378,2023,010443378,2,1,0,18,19,3,7,4,4,1,0,0,0,0,3,1,2,2,2,31,6,-1,-1,-1,-1,4,E01003914,0,-1
2023430275295,2023,430275295,2,1,0,18,19,4,8,0,0,0,0,0,0,0,1,1,6,6,2,45,7,-1,-1,-1,-1,4,E01028587,0,-1
2023451332919,2023,451332919,2,9,0,3,3,5,5,8,6,1,0,0,0,0,1,1,6,6,2,30,6,-1,-1,-1,-1,-1,-1,0,-1
2023131351513,2023,131351513,2,16,0,18,19,1,5,0,0,8,0,0,0,0,0,1,5,6,2,17,4,-1,-1,-1,-1,-1,-1,0,-1
2023010460843,2023,010460843,2,1,9,99,99,9,9,99,99,9,9,99,9,99,1,1,6,6,3,-1,-1,-1,-1,-1,-1,-1,-1,0,-1
2023340WN3402,2023,340WN3402,1,1,0,18,19,1,5,0,0,8,0,0,0,0,1,1,6,6,1,16,4,-1,-1,-1,-1,3,E01027185,0,-1
2023421266181,2023,421266181,1,-1,0,18,19,6,3,9,9,0,0,0,1,0,0,1,6,6,2,17,4,-1,-1,-1,-1,1,E01016007,1,-1
2023501284442,2023,501284442,1,9,0,18,19,2,6,0,0,0,0,0,0,0,1,1,6,6,3,-1,-1,-1,-1,-1,-1,-1,-1,0,-1
2023010472525,2023,010472525,1,1,9,99,99,9,9,99,99,9,9,99,9,99,1,1,6,6,2,30,6,-1,-1,-1,-1,2,E01001815,0,-1
2023461291436,2023,461291436,1,19,0,4,4,1,5,0,0,0,0,0,0,0,1,1,2,2,1,22,5,-1,-1,-1,-1,4,E01024528,0,-1
2023010436310,2023,010436310,2,1,0,16,19,5,1,4,4,8,0,0,0,0,4,1,6,6,1,57,9,-1,-1,-1,-1,3,E01001834,0,-1
2023501332000,2023,501332000,1,19,0,17,19,7,3,0,0,8,0,0,0,0,1,1,6,6,1,59,9,-1,-1,-1,-1,3,E01018769,0,-1
2023010438124,2023,010438124,1,1,9,99,99,9,9,99,99,9,9,99,9,99,1,1,6,6,1,44,7,-1,-1,-1,-1,3,E01001801,0,-1
2023122300997,2023,122300997,2,17,4,18,19,2,6,0,0,0,0,0,0,0,3,1,6,6,3,-1,-1,-1,-1,-1,-1,-1,-1,0,-1
2023141379796,2023,141379796,2,3,0,13,13,8,4,0,0,0,0,0,0,0,1,1,6,6,1,-1,-1,-1,-1,-1,-1,-1,-1,0,-1
2023010476385,2023,010476385,2,1,0,12,12,1,5,0,0,1,0,0,0,0,0,1,6,6,1,61,9,-1,-1,-1,-1,2,E01004436,0,-1
2023010476327,2023,010476327,2,1,0,18,19,6,2,0,0,2,0,0,0,0,1,1,6,6,1,19,4,-1,-1,-1,-1,2,E01003925,0,-1
2023041303533,2023,041303533,2,1,0,18,19,7,3,0,0,1,5,0,1,0,3,1,5,6,1,-1,-1,-1,-1,-1,-1,1,E01025493,0,-1
2023010429816,2023,010429816,2,1,0,18,19,3,7,0,0,2,0,0,0,0,1,1,2,2,1,53,8,-1,-1,-1,-1,3,E01001175,0,-1
2023010443718,2023,010443718,1,1,9,99,99,9,9,99,99,9,9,99,9,99,9,1,6,6,3,-1,-1,-1,-1,-1,-1,-1,-1,0,-1
2023010466816,2023,010466816,2,9,0,99,99,9,9,99,99,9,9,99,9,99,9,9,6,6,3,-1,-1,-1,-1,-1,-1,-1,-1,0,-1
2023231333864,2023,231333864,1,21,1,12,12,2,6,0,0,0,0,0,0,0,3,1,5,6,3,50,8,-1,-1,-1,-1,-1,-1,0,-1
2023010450797,2023,010450797,2,1,0,9,9,5,3,0,0,1,0,0,0,0,3,1,6,6,1,31,6,-1,-1,-1,-1,3,E01001819,0,-1
2023010436275,2023,010436275,3,19,4,18,19,3,7,0,0,1,0,0,0,0,1,1,6,6,3,49,8,-1,-1,-1,-1,8,E01026394,0,-1
2023231331464,2023,231331464,1,1,0,13,13,6,2,0,0,8,0,0,0,0,1,1,5,6,1,37,7,-1,-1,-1,-1,6,E01031271,0,-1
2023451272354,2023,451272354,2,1,0,18,19,1,3,0,0,8,0,0,0,0,1,1,6,6,1,50,8,-1,-1,-1,-1,10,E01030616,0,-1
2023430288041,2023,430288041,2,-1,0,7,7,1,4,0,0,5,0,0,0,0,3,1,6,6,1,14,3,-1,-1,-1,-1,6,E01016704,1,-1
2023010425244,2023,010425244,1,1,9,99,99,9,9,99,99,9,9,99,9,99,9,1,2,2,2,24,5,-1,-1,-1,-1,5,E01001389,0,-1
2023201288905,2023,201288905,2,9,0,9,9,2,8,0,0,6,0,0,0,0,4,1,6,6,3,-1,-1,-1,-1,-1,-1,-1,-1,0,-1
2023421368529,2023,421368529,2,1,0,18,19,1,5,0,0,0,0,0,0,0,1,1,6,6,1,38,7,-1,-1,-1,-1,9,E01021893,0,-1
2023201345111,2023,201345111,1,1,0,5,5,4,8,0,0,1,0,0,0,0,4,1,6,6,1,23,5,-1,-1,-1,-1,3,E01009760,0,-1
2023141259608,2023,141259608,2,9,0,18,19,7,3,0,0,0,0,0,0,0,1,1,6,6,3,-1,-1,-1,-1,-1,-1,-1,-1,0,-1
2023161353612,2023,161353612,2,1,0,18,19,2,7,0,0,1,5,0,0,0,1,1,2,2,2,65,9,-1,-1,-1,-1,2,E01012763,0,-1
2023231268883,2023,231268883,1,9,0,9,9,2,8,0,0,5,0,0,0,0,3,1,6,6,1,41,7,-1,-1,-1,-1,5,E01031141,0,-1
2023131383001,2023,131383001,1,9,0,-1,-1,-1,-1,-1,-1,-1,-1,-1,-1,-1,-1,1,6,6,3,-1,-1,-1,-1,-1,-1,-1,-1,0,-1
2023451319421,2023,451319421,2,9,0,18,19,3,7,0,0,1,0,0,0,0,4,1,6,6,1,35,6,-1,-1,-1,-1,-1,-1,0,-1
2023201392673,2023,201392673,1,9,0,7,7,6,8,0,0,3,0,0,0,0,1,1,6,6,3,-1,-1,-1,-1,-1,-1,-1,-1,0,-1
2023010454090,2023,010454090,2,11,0,3,3,3,7,2,2,1,0,0,0,0,2,1,1,1,1,46,8,-1,-1,-1,-1,2,E01001843,0,-1
2023010456100,2023,010456100,1,19,0,18,19,1,5,0,0,8,1,0,0,0,1,1,1,1,1,28,6,-1,-1,-1,-1,7,E01000748,0,-1
2023201303256,2023,201303256,1,-1,0,9,9,6,5,0,0,2,0,0,0,0,1,1,6,6,3,-1,-1,-1,-1,-1,-1,-1,-1,0,-1
2023201338110,2023,201338110,2,1,0,18,19,4,8,0,0,0,0,0,0,0,1,1,6,6,1,59,9,-1,-1,-1,-1,3,E01009584,0,-1
2023201395651,2023,201395651,1,9,0,18,19,1,5,0,0,0,0,0,0,0,1,1,6,6,3,-1,-1,-1,-1,-1,-1,-1,-1,0,-1
2023010470748,2023,010470748,2,1,0,18,19,5,1,0,0,0,0,4,0,0,4,1,2,2,1,23,5,-1,-1,-1,-1,4,E01003529,0,-1
2023010455272,2023,010455272,2,9,0,99,99,9,9,99,99,9,9,99,9,99,9,9,6,6,3,-1,-1,-1,-1,-1,-1,-1,-1,0,-1
2023061334152,2023,061334152,1,1,0,15,15,1,5,0,0,0,0,0,0,0,1,1,6,6,1,22,5,-1,-1,-1,-1,1,E01005085,0,-1
2023161285112,2023,161285112,2,9,0,18,19,3,7,0,0,1,0,0,0,0,-1,1,6,6,3,-1,-1,-1,-1,-1,-1,-1,-1,0,-1
2023201404534,2023,201404534,1,1,0,18,19,6,2,0,0,3,0,0,0,0,0,1,6,6,2,17,4,-1,-1,-1,-1,6,E01009034,0,-1
202360A132738,2023,60A132738,2,1,0,9,9,7,5,0,0,5,0,0,0,0,3,1,2,2,1,51,8,-1,-1,-1,-1,-1,-1,0,-1
2023161280182,2023,161280182,2,9,0,1,1,5,1,0,0,8,0,0,0,0,2,1,6,6,1,30,6,-1,-1,-1,-1,-1,-1,0,-1
2023010479223,2023,010479223,2,9,0,99,99,9,9,99,99,9,9,99,9,99,9,9,6,6,3,-1,-1,-1,-1,-1,-1,-1,-1,0,-1
2023545807223,2023,545807223,2,1,0,18,19,1,5,0,0,0,0,0,0,0,3,1,6,6,1,33,6,-1,-1,-1,-1,7,E01014483,0,-1
2023520400544,2023,520400544,2,1,0,18,19,7,3,9,9,8,0,0,0,0,1,1,6,6,1,11,3,-1,-1,-1,-1,4,E01029309,0,-1
2023201388948,2023,201388948,2,9,0,18,19,2,7,0,0,5,0,0,0,0,1,1,6,6,1,-1,-1,-1,-1,-1,-1,-1,-1,0,-1
2023052300036,2023,052300036,1,9,0,18,19,1,5,0,0,0,0,0,0,0,0,1,6,6,3,-1,-1,-1,-1,-1,-1,-1,-1,0,-1
2023991322619,2023,991322619,1,9,0,5,5,2,6,0,0,0,0,0,0,0,4,1,6,6,2,-1,-1,-1,-1,-1,-1,-1,-1,0,-1
2023421392030,2023,421392030,2,9,0,18,19,7,2,0,0,1,0,0,0,0,3,1,1,1,2,56,9,-1,-1,-1,-1,6,E01015864,0,-1
2023010459284,2023,010459284,2,3,0,99,99,9,9,99,99,9,9,99,9,99,9,1,6,6,3,-1,-1,-1,-1,-1,-1,-1,-1,0,-1
2023131288315,2023,131288315,1,9,0,-1,-1,-1,-1,-1,-1,0,-1,-1,-1,-1,-1,1,6,6,3,-1,-1,-1,-1,-1,-1,-1,-1,0,-1
2023010427197,2023,010427197,1,1,9,99,99,9,9,99,99,9,9,99,9,99,9,1,2,2,1,58,9,-1,-1,-1,-1,2,E01002830,0,-1
2023131298095,2023,131298095,3,9,0,18,19,6,2,0,0,0,0,0,0,0,1,1,6,6,1,-1,-1,-1,-1,-1,-1,2,W01001371,0,-1
2023430044978,2023,430044978,2,9,0,18,19,5,1,0,0,8,0,0,0,0,1,1,2,2,1,27,6,-1,-1,-1,-1,8,E01017753,0,-1
2023131348933,2023,131348933,2,1,0,18,19,3,1,0,0,0,0,0,0,0,1,1,6,6,1,27,6,-1,-1,-1,-1,2,E01010722,0,-1
2023548060023,2023,548060023,3,9,0,3,3,1,5,0,0,0,0,0,0,0,2,1,1,1,1,58,9,-1,-1,-1,-1,9,E01032069,0,-1
2023430330659,2023,430330659,1,97,0,13,13,5,1,0,0,0,0,0,0,0,1,1,6,6,1,35,6,-1,-1,-1,-1,-1,-1,0,-1
2023010477644,2023,010477644,1,1,9,99,99,9,9,0,0,9,0,99,9,99,9,1,6,6,1,34,6,-1,-1,-1,-1,6,E01004530,0,-1
2023052302421,2023,052302421,1,9,0,18,19,5,1,0,0,0,0,0,0,0,4,1,6,6,3,-1,-1,-1,-1,-1,-1,-1,-1,0,-1
2023471262875,2023,471262875,2,1,0,18,19,8,4,4,4,0,0,8,1,0,1,1,2,2,1,27,6,-1,-1,-1,-1,5,E01031731,0,-1
2023010431004,2023,010431004,1,9,9,18,19,5,1,0,0,9,9,99,9,99,1,9,6,6,3,-1,-1,-1,-1,-1,-1,-1,-1,0,-1
2023010463731,2023,010463731,2,9,0,99,99,9,9,99,99,0,9,99,9,99,9,9,6,6,3,-1,-1,-1,-1,-1,-1,-1,-1,0,-1
2023302300443,2023,302300443,1,9,0,9,9,8,6,0,0,1,0,0,0,0,3,1,6,6,3,-1,-1,-1,-1,-1,-1,5,E01019456,0,-1
2023010480675,2023,010480675,2,-1,0,18,19,5,1,0,0,1,0,0,0,0,2,1,6,6,1,36,7,-1,-1,-1,-1,4,E01000869,1,-1
2023010454682,2023,010454682,1,1,9,99,99,9,9,99,99,9,9,99,9,99,9,1,1,1,1,36,7,-1,-1,-1,-1,2,E01004310,0,-1
2023231328093,2023,231328093,1,9,0,18,19,2,6,0,0,1,1,0,0,0,4,1,5,6,1,29,6,-1,-1,-1,-1,5,E01008969,0,-1
2023421275014,2023,421275014,2,-1,0,5,5,3,7,9,9,1,0,0,0,0,1,1,2,2,1,22,5,-1,-1,-1,-1,3,E01015973,1,-1
2023201388520,2023,201388520,2,1,0,18,19,3,7,0,0,0,0,0,0,0,2,1,2,2,1,43,7,-1,-1,-1,-1,2,E01009121,0,-1
2023010422938,2023,010422938,1,1,9,99,99,9,9,99,99,9,9,99,9,99,9,1,2,2,1,47,8,-1,-1,-1,-1,7,E01003419,0,-1
2023161319612,2023,161319612,1,1,0,18,19,5,1,0,0,8,0,0,0,0,3,1,6,6,1,36,7,-1,-1,-1,-1,1,E01012881,0,-1
2023631381047,2023,631381047,2,1,0,18,19,2,6,0,0,0,0,0,0,0,2,1,5,6,1,48,8,-1,-1,-1,-1,5,W01000566,0,-1
2023170S11653,2023,170S11653,2,9,0,18,19,5,1,0,0,0,0,0,0,0,1,1,6,6,3,-1,-1,-1,-1,-1,-1,-1,-1,0,-1
2023201411286,2023,201411286,1,1,0,7,7,3,5,0,0,6,0,0,0,0,1,1,1,1,1,28,6,-1,-1,-1,-1,1,E01009147,0,-1
2023430102143,2023,430102143,2,9,0,11,11,8,4,0,0,3,0,0,0,0,4,1,6,6,2,-1,-1,-1,-1,-1,-1,-1,-1,0,-1
2023471362414,2023,471362414,1,9,0,7,7,8,2,0,0,1,0,0,0,0,-1,1,6,6,3,-1,-1,-1,-1,-1,-1,-1,-1,0,-1
2023010469916,2023,010469916,1,9,0,9,9,3,2,0,0,1,0,0,0,0,3,1,1,1,1,42,7,-1,-1,-1,-1,10,E01021918,0,-1
2023610016123,2023,610016123,2,9,0,18,19,4,8,0,0,8,0,0,0,0,1,1,2,2,2,28,6,-1,-1,-1,-1,-1,-1,0,-1
2023010423544,2023,010423544,2,9,0,99,99,9,9,99,99,9,9,99,9,99,9,9,6,6,3,-1,-1,-1,-1,-1,-1,-1,-1,0,-1
2023070155837,2023,070155837,1,9,0,18,19,7,3,0,0,1,0,0,0,0,1,1,6,6,1,-1,-1,-1,-1,-1,-1,9,E01018389,0,-1
202363B012723,2023,63B012723,1,9,0,18,19,6,2,0,0,0,0,0,0,0,3,1,6,6,1,24,5,-1,-1,-1,-1,5,W01000728,0,-1
2023311366652,2023,311366652,2,1,0,5,5,1,5,0,0,0,0,0,0,0,4,1,5,6,2,16,4,-1,-1,-1,-1,-1,-1,0,-1
2023451357910,2023,451357910,1,1,0,18,19,1,5,0,0,0,1,0,1,0,1,1,6,6,1,37,7,-1,-1,-1,-1,6,E01030300,0,-1
2023101366579,2023,101366579,1,97,0,18,19,2,6,9,9,0,0,0,0,0,1,1,6,6,1,16,4,-1,-1,-1,-1,-1,-1,0,-1
2023440200551,2023,440200551,2,1,0,18,19,1,5,0,0,8,0,0,0,0,4,1,6,6,1,58,9,-1,-1,-1,-1,3,E01017020,0,-1
2023041381540,2023,041381540,2,9,0,18,19,7,3,0,0,0,0,0,0,0,0,1,5,6,1,29,6,-1,-1,-1,-1,5,E01025479,0,-1
2023471327406,2023,471327406,2,1,0,18,19,3,7,0,0,0,0,0,0,0,3,1,5,6,1,54,8,-1,-1,-1,-1,4,E01031596,0,-1
2023471373085,2023,471373085,1,9,0,7,7,6,1,0,0,1,0,0,0,0,1,1,6,6,1,-1,-1,-1,-1,-1,-1,-1,-1,0,-1
2023010430880,2023,010430880,2,1,0,13,13,8,4,0,0,1,5,0,0,0,1,1,6,6,1,31,6,-1,-1,-1,-1,4,E01004652,0,-1
2023010430166,2023,010430166,2,19,0,18,19,3,7,0,0,4,0,0,0,0,1,1,6,6,3,-1,-1,-1,-1,-1,-1,-1,-1,0,-1
2023371345470,2023,371345470,1,19,0,9,9,7,5,0,0,8,0,0,0,0,3,1,2,2,1,36,7,-1,-1,-1,-1,-1,-1,0,-1
2023351358976,2023,351358976,1,9,0,9,9,5,3,0,0,6,0,0,0,0,1,1,6,6,3,-1,-1,-1,-1,-1,-1,-1,-1,0,-1
2023052301241,2023,052301241,1,9,0,18,19,8,4,0,0,0,0,0,0,0,4,1,6,6,3,-1,-1,-1,-1,-1,-1,-1,-1,0,-1
2023010466960,2023,010466960,1,1,9,99,99,9,9,99,99,9,9,99,9,99,1,1,1,1,1,24,5,-1,-1,-1,-1,5,E01000594,0,-1
2023161372716,2023,161372716,2,1,0,5,5,7,3,0,0,8,0,0,0,0,1,1,6,6,1,18,4,-1,-1,-1,-1,2,E01012871,0,-1
2023440013552,2023,440013552,2,1,0,18,19,5,1,0,0,8,0,0,0,0,3,1,2,2,1,53,8,-1,-1,-1,-1,7,E01032746,0,-1
2023010424820,2023,010424820,2,1,9,99,99,9,9,99,99,9,9,99,9,99,1,1,6,6,3,-1,-1,-1,-1,-1,-1,3,E01002649,0,-1
2023010472842,2023,010472842,1,9,9,99,99,9,9,99,99,9,9,99,9,99,9,9,6,6,3,-1,-1,-1,-1,-1,-1,-1,-1,0,-1
2023461379775,2023,461379775,1,9,0,18,19,7,3,0,0,8,0,0,0,0,1,1,6,6,3,-1,-1,-1,-1,-1,-1,-1,-1,0,-1
2023430240751,2023,430240751,1,1,0,9,9,4,2,0,0,6,0,0,0,0,4,1,6,6,1,37,7,-1,-1,-1,-1,9,E01033503,0,-1
2023010432759,2023,010432759,1,1,0,18,19,1,5,4,4,0,0,0,0,0,1,1,2,2,2,45,7,-1,-1,-1,-1,4,E01004061,0,-1
2023461307921,2023,461307921,2,1,0,18,19,1,5,0,0,3,0,0,0,0,4,1,2,2,1,23,5,-1,-1,-1,-1,1,E01024621,0,-1
2023332300776,2023,332300776,2,1,0,18,19,4,8,0,0,8,0,4,0,0,1,1,6,6,1,16,4,-1,-1,-1,-1,4,E01013607,0,-1
2023041308107,2023,041308107,2,1,0,18,19,1,5,0,0,1,0,0,0,0,1,1,6,6,1,63,9,-1,-1,-1,-1,3,E01025143,0,-1
2023101366058,2023,101366058,1,9,0,18,19,5,1,0,0,0,0,0,1,7,1,1,6,6,1,46,8,-1,-1,-1,-1,8,E01027554,0,-1
2023041327112,2023,041327112,2,1,0,18,19,5,7,0,0,4,0,0,0,0,2,1,6,6,1,71,10,-1,-1,-1,-1,7,E01025164,0,-1
2023461394612,2023,461394612,1,21,1,18,19,1,5,0,0,0,0,0,0,0,0,1,6,6,3,-1,-1,-1,-1,-1,-1,-1,-1,0,-1
2023622300222,2023,622300222,2,1,0,18,19,4,8,0,0,1,0,0,0,0,1,1,2,2,1,22,5,-1,-1,-1,-1,8,W01001758,0,-1
2023052302123,2023,052302123,1,1,0,18,19,8,4,0,0,0,0,0,0,0,1,1,6,6,1,48,8,-1,-1,-1,-1,1,E01006440,0,-1
2023122300640,2023,122300640,2,1,0,18,19,8,4,0,0,8,0,0,0,0,4,1,2,2,1,18,4,-1,-1,-1,-1,7,E01013346,0,-1
2023010434540,2023,010434540,2,1,0,18,19,2,6,0,0,1,0,0,0,0,1,1,1,1,2,29,6,-1,-1,-1,-1,3,E01003101,0,-1
2023010481187,2023,010481187,1,1,9,99,99,9,9,99,99,9,9,99,9,99,1,1,2,2,1,32,6,-1,-1,-1,-1,9,E01003380,0,-1
2023451266430,2023,451266430,2,1,0,9,9,4,2,0,0,6,0,0,0,0,1,1,5,6,1,43,7,-1,-1,-1,-1,7,E01004510,0,-1
2023071079077,2023,071079077,2,1,0,18,19,5,1,0,0,8,0,0,0,0,2,1,6,6,2,30,6,-1,-1,-1,-1,-1,-1,0,-1
2023010453771,2023,010453771,1,1,9,99,99,9,9,99,99,9,9,99,9,99,9,1,2,2,2,41,7,-1,-1,-1,-1,5,E01003260,0,-1
2023170L10473,2023,170L10473,2,5,0,18,19,6,2,0,0,8,0,0,0,0,1,1,6,6,1,46,8,-1,-1,-1,-1,10,E01012199,0,-1
2023010437887,2023,010437887,2,9,0,99,99,9,9,99,99,0,9,99,9,99,2,9,6,6,3,-1,-1,-1,-1,-1,-1,-1,-1,0,-1
2023010442886,2023,010442886,1,9,0,9,9,5,2,0,0,5,0,0,0,0,1,1,6,6,1,44,7,-1,-1,-1,-1,4,E01003559,0,-1
2023010431295,2023,010431295,1,9,0,7,7,8,2,0,0,1,0,0,0,0,1,1,6,6,3,-1,-1,-1,-1,-1,-1,-1,-1,0,-1
2023041358687,2023,041358687,1,1,0,7,7,2,4,0,0,2,0,0,0,0,4,1,5,6,1,11,3,-1,-1,-1,-1,1,E01012720,0,-1
2023501327176,2023,501327176,4,1,0,18,19,1,5,0,0,0,0,4,0,0,1,1,6,6,1,32,6,-1,-1,-1,-1,7,E01020027,0,-1
2023320012574,2023,320012574,2,9,0,18,19,2,6,0,0,1,0,0,0,0,1,1,6,6,2,-1,-1,-1,-1,-1,-1,-1,-1,0,-1
2023010455461,2023,010455461,2,-1,0,9,9,3,1,0,0,1,0,0,0,0,3,1,6,6,2,26,6,-1,-1,-1,-1,6,E01003386,1,-1
2023161275413,2023,161275413,1,9,0,18,19,6,2,0,0,0,0,4,0,0,1,2,6,6,2,18,4,-1,-1,-1,-1,-1,-1,0,-1
2023010438256,2023,010438256,1,1,9,99,99,9,9,99,99,9,9,99,9,99,9,1,1,1,1,37,7,-1,-1,-1,-1,3,E01003496,0,-1
2023101314581,2023,101314581,2,1,0,4,4,5,8,0,0,8,0,0,0,0,3,1,2,2,1,56,9,-1,-1,-1,-1,4,E01008614,0,-1
2023302300609,2023,302300609,1,9,0,7,7,6,2,0,0,6,0,0,0,0,0,1,6,6,3,-1,-1,-1,-1,-1,-1,5,E01019456,0,-1
2023010471573,2023,010471573,2,9,9,99,99,9,9,99,99,9,9,99,9,99,9,9,6,6,1,52,8,-1,-1,-1,-1,6,E01019891,0,-1
2023361395093,2023,361395093,1,19,0,18,19,-1,-1,0,0,8,0,0,0,0,-1,1,1,1,3,-1,-1,-1,-1,-1,-1,-1,-1,0,-1
2023010449711,2023,010449711,2,9,0,99,99,9,9,99,99,0,9,99,9,99,9,9,6,6,3,-1,-1,-1,-1,-1,-1,-1,-1,0,-1
2023010467468,2023,010467468,1,9,0,15,15,5,1,0,0,8,0,0,0,0,3,1,1,1,1,48,8,-1,-1,-1,-1,2,E01003973,0,-1