collision_index,collision_year,collision_ref_no,vehicle_reference,vehicle_type,towing_and_articulation,vehicle_manoeuvre_historic,vehicle_manoeuvre,vehicle_direction_from,vehicle_direction_to,vehicle_location_restricted_lane_historic,vehicle_location_restricted_lane,junction_location,skidding_and_overturning,hit_object_in_carriageway,vehicle_leaving_carriageway,hit_object_off_carriageway,first_point_of_impact,vehicle_left_hand_drive,journey_purpose_of_driver_historic,journey_purpose_of_driver,sex_of_driver,age_of_driver,age_band_of_driver,engine_capacity_cc,propulsion_code,age_of_vehicle,generic_make_model,driver_imd_decile,lsoa_of_driver,escooter_flag,driver_distance_banding
2023010470866,2023,010470866,2,1,0,18,19,3,7,0,0,1,0,4,1,0,1,1,2,2,1,49,8,-1,-1,-1,-1,10,E01003425,0,-1
2023549048923,2023,549048923,1,9,0,18,19,1,5,0,0,0,5,12,5,6,3,1,6,6,2,25,5,-1,-1,-1,-1,10,E01016621,0,-1
2023010473482,2023,010473482,2,1,0,18,19,7,3,0,0,8,0,0,0,0,1,1,6,6,1,27,6,-1,-1,-1,-1,2,E01003044,0,-1
2023061280652,2023,061280652,1,3,0,18,19,3,7,0,0,1,2,9,0,0,1,1,5,6,1,39,7,-1,-1,-1,-1,2,E01005670,0,-1
2023421351031,2023,421351031,2,1,0,17,19,2,6,0,0,0,2,0,0,0,1,1,6,6,1,41,7,-1,-1,-1,-1,9,E01023493,0,-1
2023041310656,2023,041310656,2,9,0,2,2,3,7,0,0,0,0,0,0,0,2,1,6,6,3,-1,-1,-1,-1,-1,-1,-1,-1,0,-1
2023010465058,2023,010465058,2,1,0,18,19,3,7,0,0,1,0,0,0,0,1,1,6,6,1,26,6,-1,-1,-1,-1,3,E01004313,0,-1
2023101342768,2023,101342768,2,1,0,18,19,1,5,0,0,6,0,0,0,0,3,1,6,6,1,34,6,-1,-1,-1,-1,5,E01008648,0,-1
2023430049325,2023,430049325,1,9,0,7,7,2,4,0,0,6,0,0,0,0,1,1,6,6,1,37,7,-1,-1,-1,-1,5,E01017699,0,-1
2023061272873,2023,061272873,1,9,0,-1,-1,-1,-1,-1,-1,-1,-1,-1,-1,0,-1,1,6,6,1,-1,-1,-1,-1,-1,-1,-1,-1,0,-1
2023440443046,2023,440443046,1,9,0,18,19,3,7,0,0,0,0,0,6,6,3,1,6,6,2,21,5,-1,-1,-1,-1,10,E01016284,0,-1
2023430216535,2023,430216535,1,9,0,7,7,1,3,0,0,6,0,0,0,0,1,1,6,6,1,20,4,-1,-1,-1,-1,-1,-1,0,-1
2023471368180,2023,471368180,2,1,0,17,19,4,8,0,0,3,0,0,0,0,4,1,6,6,1,53,8,-1,-1,-1,-1,8,E01031560,0,-1
2023010454616,2023,010454616,1,1,9,99,99,9,9,99,99,9,9,99,9,99,1,1,2,2,1,28,6,-1,-1,-1,-1,6,E01004474,0,-1
2023471384143,2023,471384143,2,1,0,18,19,5,1,0,0,8,1,0,0,0,1,1,6,6,1,44,7,-1,-1,-1,-1,1,E01031454,0,-1
2023421315222,2023,421315222,1,5,0,18,19,7,1,0,0,5,0,0,1,0,1,1,6,6,1,26,6,-1,-1,-1,-1,-1,-1,0,-1
2023991287591,2023,991287591,2,17,0,3,3,1,5,0,0,8,0,0,0,0,1,1,1,1,1,54,8,-1,-1,-1,-1,2,-1,0,-1
2023430427576,2023,430427576,1,9,0,18,19,2,6,0,0,1,0,0,0,0,1,1,6,6,2,-1,-1,-1,-1,-1,-1,-1,-1,0,-1
2023201284339,2023,201284339,1,19,0,18,19,6,2,0,0,2,0,5,0,0,1,1,1,1,1,62,9,-1,-1,-1,-1,9,E01010328,0,-1
2023522301333,2023,522301333,2,3,0,5,5,1,5,0,0,0,0,0,0,0,4,1,6,6,1,-1,-1,-1,-1,-1,-1,-1,-1,0,-1
2023451342140,2023,451342140,1,1,0,18,19,3,7,0,0,0,0,0,0,0,1,1,2,2,2,34,6,-1,-1,-1,-1,10,E01030773,0,-1
2023421344750,2023,421344750,2,1,0,17,19,4,1,0,0,2,0,0,0,0,1,1,5,6,1,44,7,-1,-1,-1,-1,9,E01021947,0,-1
2023010435921,2023,010435921,1,1,0,99,99,9,9,0,0,8,0,0,0,0,9,1,6,6,1,35,6,-1,-1,-1,-1,-1,-1,0,-1
2023101373354,2023,101373354,2,1,0,18,19,7,3,0,0,3,2,0,0,0,0,1,2,2,1,52,8,-1,-1,-1,-1,2,E01008755,0,-1
2023052301775,2023,052301775,2,1,0,18,19,2,6,0,0,0,0,0,0,0,2,1,6,6,1,13,3,-1,-1,-1,-1,3,E01007038,0,-1
2023430239935,2023,430239935,2,9,0,18,19,3,7,0,0,0,0,0,0,0,1,1,6,6,1,45,7,-1,-1,-1,-1,-1,-1,0,-1
2023451274515,2023,451274515,2,9,0,18,19,2,6,0,0,0,0,0,0,0,1,1,6,6,1,37,7,-1,-1,-1,-1,-1,-1,0,-1
2023332300226,2023,332300226,2,19,0,11,11,6,2,0,0,0,0,0,0,0,4,1,6,6,3,-1,-1,-1,-1,-1,-1,-1,-1,0,-1
2023461359279,2023,461359279,3,9,0,3,3,6,2,0,0,0,0,0,0,0,2,1,5,6,1,57,9,-1,-1,-1,-1,2,E01033212,0,-1
2023010450105,2023,010450105,1,1,0,18,19,5,1,0,0,0,0,0,0,0,0,1,6,6,1,51,8,-1,-1,-1,-1,1,E01001839,0,-1
2023052301484,2023,052301484,1,2,0,18,19,1,5,0,0,0,0,0,0,0,0,1,6,6,3,-1,-1,-1,-1,-1,-1,-1,-1,0,-1
2023451261609,2023,451261609,1,9,0,18,19,5,1,0,0,0,0,0,1,4,1,1,5,6,1,76,11,-1,-1,-1,-1,9,E01030412,0,-1
2023101310180,2023,101310180,2,1,0,18,19,4,8,0,0,8,0,0,0,0,3,1,5,6,1,52,8,-1,-1,-1,-1,6,E01027483,0,-1
2023430316221,2023,430316221,2,1,0,18,19,3,7,0,0,8,0,0,0,0,1,1,2,2,2,23,5,-1,-1,-1,-1,7,E01028521,0,-1
2023440376947,2023,440376947,1,1,0,18,19,6,2,0,0,0,0,0,0,0,1,1,6,6,1,59,9,-1,-1,-1,-1,5,E01017088,0,-1
2023061325191,2023,061325191,1,1,0,5,5,0,0,0,0,0,0,0,1,0,4,1,6,6,1,46,8,-1,-1,-1,-1,3,E01006114,0,-1
2023201412171,2023,201412171,1,9,9,18,19,2,8,0,0,5,0,0,0,0,1,1,6,6,3,-1,-1,-1,-1,-1,-1,-1,-1,0,-1
2023070614602,2023,070614602,2,1,0,18,19,3,7,0,0,0,0,0,0,0,4,1,6,6,1,22,5,-1,-1,-1,-1,10,E01007189,0,-1
2023061343679,2023,061343679,2,9,0,18,19,3,7,0,0,4,0,0,0,0,1,1,6,6,1,35,6,-1,-1,-1,-1,-1,-1,0,-1
2023201411016,2023,201411016,2,9,0,18,19,6,2,0,0,0,0,0,0,0,1,1,6,6,3,-1,-1,-1,-1,-1,-1,-1,-1,0,-1
2023070034095,2023,070034095,2,9,0,18,19,7,3,0,0,0,0,0,0,0,1,1,1,1,2,35,6,-1,-1,-1,-1,4,W01000199,0,-1
2023201386415,2023,201386415,1,9,0,11,11,1,5,0,0,0,0,0,0,0,1,1,1,1,1,41,7,-1,-1,-1,-1,5,E01010651,0,-1
2023430140272,2023,430140272,1,9,0,18,19,8,4,0,0,0,2,0,1,7,1,1,6,6,1,34,6,-1,-1,-1,-1,-1,-1,0,-1
2023411349923,2023,411349923,1,98,0,4,4,-1,-1,0,0,0,0,0,0,0,2,1,6,6,3,-1,-1,-1,-1,-1,-1,-1,-1,0,-1
2023010443884,2023,010443884,2,10,0,99,99,9,9,99,99,0,9,99,9,99,9,9,6,6,3,-1,-1,-1,-1,-1,-1,-1,-1,0,-1
2023010421095,2023,010421095,1,1,0,14,14,1,5,0,0,1,0,0,0,0,1,1,6,6,1,53,8,-1,-1,-1,-1,6,E01000219,0,-1
2023440330002,2023,440330002,2,1,0,17,19,4,8,0,0,0,0,0,0,0,2,1,2,2,1,44,7,-1,-1,-1,-1,4,E01017305,0,-1
2023440238830,2023,440238830,1,1,0,18,19,1,5,0,0,0,0,10,0,0,4,1,6,6,1,66,10,-1,-1,-1,-1,-1,-1,0,-1
2023302301487,2023,302301487,2,21,0,2,2,0,0,0,0,0,0,0,0,0,0,1,1,1,3,-1,-1,-1,-1,-1,-1,-1,-1,0,-1
2023211405817,2023,211405817,1,9,0,18,19,5,1,0,0,2,0,0,0,0,1,1,5,6,1,80,11,-1,-1,-1,-1,-1,-1,0,-1
2023161372603,2023,161372603,2,9,0,18,19,2,6,0,0,8,0,0,0,0,1,1,6,6,2,-1,-1,-1,-1,-1,-1,-1,-1,0,-1
2023161392609,2023,161392609,2,9,0,4,4,1,7,0,0,0,0,0,0,0,1,1,6,6,2,-1,-1,-1,-1,-1,-1,-1,-1,0,-1
2023101276773,2023,101276773,2,9,0,5,5,3,7,0,0,4,0,0,0,0,2,1,6,6,1,-1,-1,-1,-1,-1,-1,-1,-1,0,-1
2023010454368,2023,010454368,3,97,9,99,99,9,9,99,99,0,9,99,9,99,9,9,6,6,3,-1,-1,-1,-1,-1,-1,-1,-1,0,-1
2023520400286,2023,520400286,2,1,0,18,19,9,9,0,0,8,0,0,0,0,1,1,6,6,3,-1,-1,-1,-1,-1,-1,-1,-1,0,-1
2023010477079,2023,010477079,2,1,0,9,9,3,1,0,0,6,0,0,0,0,1,1,6,6,1,29,6,-1,-1,-1,-1,2,E01001719,0,-1
2023101306740,2023,101306740,1,9,-1,18,19,6,8,0,0,0,0,0,0,0,4,1,6,6,1,-1,-1,-1,-1,-1,-1,-1,-1,0,-1
2023302301088,2023,302301088,2,1,0,5,5,4,8,0,0,0,0,0,0,0,3,1,6,6,1,42,7,-1,-1,-1,-1,-1,-1,0,-1
2023471343420,2023,471343420,2,1,0,18,19,1,5,0,0,1,0,0,0,0,1,1,6,6,1,54,8,-1,-1,-1,-1,8,E01016931,0,-1
2023471294337,2023,471294337,1,9,0,18,19,3,7,0,0,0,0,0,0,0,1,1,6,6,3,-1,-1,-1,-1,-1,-1,-1,-1,0,-1
2023471355376,2023,471355376,2,1,0,18,19,1,5,4,4,1,0,0,0,0,1,1,5,6,1,47,8,-1,-1,-1,-1,3,E01016891,0,-1
2023430110617,2023,430110617,2,9,0,11,11,6,2,0,0,0,0,0,0,0,2,1,1,1,2,23,5,-1,-1,-1,-1,8,E01016558,0,-1
2023411296222,2023,411296222,2,9,0,18,19,-1,-1,0,0,3,0,0,0,0,1,1,6,6,3,-1,-1,-1,-1,-1,-1,-1,-1,0,-1
2023430202530,2023,430202530,1,1,0,18,19,7,3,0,0,0,0,0,0,0,1,1,6,6,1,20,4,-1,-1,-1,-1,-1,-1,0,-1
2023501292575,2023,501292575,2,1,0,18,19,8,4,0,0,0,1,0,0,0,1,1,4,7,1,13,3,-1,-1,-1,-1,4,E01020252,0,-1
2023010472331,2023,010472331,2,1,9,99,99,9,9,99,99,1,9,99,9,99,9,1,6,6,3,-1,-1,-1,-1,-1,-1,-1,-1,0,-1
202363A038323,2023,63A038323,2,9,0,3,3,7,2,0,0,1,0,0,0,0,4,1,2,2,2,40,7,-1,-1,-1,-1,-1,-1,0,-1
2023211313319,2023,211313319,1,19,0,18,19,3,7,0,0,0,0,0,0,0,1,1,2,2,1,28,6,-1,-1,-1,-1,9,E01029521,0,-1
2023010450630,2023,010450630,2,9,0,5,5,1,5,0,0,1,0,0,0,0,4,1,6,6,3,-1,-1,-1,-1,-1,-1,-1,-1,0,-1
2023545742423,2023,545742423,2,1,0,18,19,5,1,0,0,1,0,0,0,0,1,1,6,6,1,71,10,-1,-1,-1,-1,-1,-1,0,-1
2023430506887,2023,430506887,1,19,0,18,19,4,8,0,0,1,0,0,0,0,1,1,6,6,1,-1,-1,-1,-1,-1,-1,-1,-1,0,-1
2023061295504,2023,061295504,2,1,0,18,19,5,1,9,9,1,0,0,0,0,1,1,6,6,1,68,10,-1,-1,-1,-1,3,E01006126,0,-1
2023101390560,2023,101390560,2,1,-1,18,19,5,1,0,0,3,0,0,0,0,4,1,2,2,1,48,8,-1,-1,-1,-1,2,E01008385,0,-1
2023991379431,2023,991379431,2,1,0,16,19,6,2,4,4,2,2,0,0,0,4,1,1,1,1,37,7,-1,-1,-1,-1,5,-1,0,-1
2023351315839,2023,351315839,1,1,0,18,19,-1,-1,0,0,1,0,0,0,0,3,1,6,6,1,-1,-1,-1,-1,-1,-1,2,E01033182,0,-1
2023052300077,2023,052300077,2,9,0,18,19,1,5,0,0,8,0,0,0,0,3,1,6,6,2,74,10,-1,-1,-1,-1,9,E01006841,0,-1
2023161377353,2023,161377353,1,9,0,18,19,3,7,0,0,1,0,0,0,0,4,1,6,6,3,-1,-1,-1,-1,-1,-1,-1,-1,0,-1
2023010468541,2023,010468541,2,9,9,99,99,9,9,99,99,9,9,99,9,99,9,9,6,6,3,-1,-1,-1,-1,-1,-1,-1,-1,0,-1
2023361295950,2023,361295950,2,1,0,18,19,1,5,9,9,2,1,0,0,0,0,1,6,6,1,-1,-1,-1,-1,-1,-1,-1,-1,0,-1
2023332300479,2023,332300479,2,1,0,18,19,8,4,0,0,8,0,0,0,0,3,1,6,6,1,50,8,-1,-1,-1,-1,8,E01025692,0,-1
2023131268074,2023,131268074,1,9,0,1,1,3,7,0,0,0,0,0,0,0,2,1,1,1,1,53,8,-1,-1,-1,-1,6,E01011534,0,-1
2023141344381,2023,141344381,1,9,0,18,19,3,7,0,0,0,0,0,0,0,1,1,5,6,2,28,6,-1,-1,-1,-1,1,E01007645,0,-1
2023010450814,2023,010450814,1,19,0,7,7,2,4,0,0,1,1,0,0,0,1,1,6,6,3,-1,-1,-1,-1,-1,-1,-1,-1,0,-1
2023361380516,2023,361380516,1,9,0,-1,-1,-1,-1,-1,-1,-1,-1,-1,-1,0,-1,1,6,6,3,-1,-1,-1,-1,-1,-1,-1,-1,0,-1
2023010455227,2023,010455227,2,9,0,7,7,1,3,2,2,8,0,0,0,0,0,2,6,6,3,33,6,-1,-1,-1,-1,-1,-1,0,-1
2023101268592,2023,101268592,1,4,0,18,19,7,3,0,0,0,0,0,0,0,1,1,5,6,1,41,7,-1,-1,-1,-1,1,E01008854,0,-1
2023332300851,2023,332300851,1,9,0,18,19,6,2,0,0,0,0,0,0,0,1,1,6,6,2,-1,-1,-1,-1,-1,-1,-1,-1,0,-1
2023548259223,2023,548259223,2,1,0,18,19,8,4,0,0,0,0,0,1,0,2,1,6,6,1,77,11,-1,-1,-1,-1,10,E01031972,0,-1
2023461293041,2023,461293041,1,9,0,18,19,4,8,0,0,0,0,0,0,0,1,1,6,6,3,-1,-1,-1,-1,-1,-1,-1,-1,0,-1
2023451299685,2023,451299685,1,9,0,18,19,1,5,0,0,0,0,0,0,0,4,1,6,6,3,35,6,-1,-1,-1,-1,-1,-1,0,-1
2023141300766,2023,141300766,2,1,0,18,19,7,3,0,0,1,5,0,0,0,1,1,6,6,1,34,6,-1,-1,-1,-1,9,E01008064,0,-1
202363A012023,2023,63A012023,1,9,0,5,5,4,8,0,0,0,0,0,0,0,4,1,6,6,3,-1,-1,-1,-1,-1,-1,-1,-1,0,-1
2023041258856,2023,041258856,1,9,0,18,19,1,5,9,9,0,0,0,7,0,3,1,5,6,2,37,7,-1,-1,-1,-1,3,E01012669,0,-1
2023041386930,2023,041386930,2,1,0,9,9,5,3,0,0,5,5,0,0,0,1,1,6,6,1,23,5,-1,-1,-1,-1,7,E01024985,0,-1
2023010448339,2023,010448339,2,1,0,18,19,5,1,0,0,2,0,0,0,0,1,1,4,7,2,21,5,-1,-1,-1,-1,2,E01002766,0,-1
2023010483603,2023,010483603,1,1,9,99,99,9,9,99,99,9,9,99,9,99,9,1,2,2,2,28,6,-1,-1,-1,-1,4,E01002788,0,-1
2023201284913,2023,201284913,1,-1,0,18,19,-1,-1,0,0,0,0,0,0,0,0,1,6,6,2,-1,-1,-1,-1,-1,-1,-1,-1,0,-1
2023351345037,2023,351345037,1,1,0,18,19,5,1,0,0,8,0,0,0,0,1,1,5,6,1,65,9,-1,-1,-1,-1,10,E01018259,0,-1
2023552300663,2023,552300663,1,1,0,18,19,6,2,0,0,6,1,0,0,0,1,1,6,6,1,35,6,-1,-1,-1,-1,6,E01033286,0,-1
2023041319852,2023,041319852,2,1,0,18,19,5,1,0,0,1,0,0,0,0,1,1,5,6,2,61,9,-1,-1,-1,-1,4,E01033281,0,-1
2023522400368,2023,522400368,1,1,0,16,19,3,6,0,0,8,0,0,0,0,1,1,6,6,2,26,6,-1,-1,-1,-1,1,E01014654,0,-1
2023041345629,2023,041345629,2,9,0,3,3,5,1,0,0,0,0,0,0,0,2,1,5,6,2,66,10,-1,-1,-1,-1,7,E01025585,0,-1
2023461265760,2023,461265760,1,9,0,18,19,3,7,0,0,1,0,11,0,0,1,1,5,6,1,36,7,-1,-1,-1,-1,9,E01024409,0,-1
2023471295958,2023,471295958,1,-1,0,18,19,3,7,0,0,8,0,0,0,0,1,1,6,6,1,-1,-1,-1,-1,-1,-1,-1,-1,1,-1
2023101354250,2023,101354250,1,9,0,18,19,6,2,0,0,0,1,0,7,11,3,1,6,6,1,17,4,-1,-1,-1,-1,-1,-1,0,-1
2023440191375,2023,440191375,1,-1,0,18,19,2,5,0,0,1,0,0,0,0,1,1,6,6,3,-1,-1,-1,-1,-1,-1,-1,-1,1,-1
2023010437970,2023,010437970,2,1,0,18,19,3,7,0,0,0,0,0,0,0,1,1,6,6,1,24,5,-1,-1,-1,-1,2,E01000077,0,-1
2023411353448,2023,411353448,2,1,0,18,19,1,5,0,0,8,0,0,0,0,1,1,1,1,1,21,5,-1,-1,-1,-1,10,E01023715,0,-1
2023430444784,2023,430444784,1,1,0,18,19,4,8,0,0,8,0,0,0,0,4,1,6,6,1,24,5,-1,-1,-1,-1,1,E01016441,0,-1
2023451385752,2023,451385752,2,9,0,18,19,5,3,0,0,3,0,0,0,0,1,1,6,6,1,30,6,-1,-1,-1,-1,-1,-1,0,-1
2023101331805,2023,101331805,1,9,0,9,9,6,4,0,0,8,0,0,0,0,1,1,6,6,1,-1,-1,-1,-1,-1,-1,-1,-1,0,-1
2023061302439,2023,061302439,2,1,0,16,19,7,3,0,0,1,0,0,3,0,1,1,5,6,1,31,6,-1,-1,-1,-1,7,E01006379,0,-1
2023361371688,2023,361371688,2,1,0,18,19,6,3,0,0,8,0,0,0,0,4,1,5,6,1,63,9,-1,-1,-1,-1,9,E01026936,0,-1
2023471292632,2023,471292632,3,9,0,4,4,1,5,0,0,1,0,0,0,0,1,1,5,6,1,29,6,-1,-1,-1,-1,5,E01020951,0,-1
2023991322405,2023,991322405,1,1,0,16,19,8,4,0,0,0,1,0,0,0,4,1,5,6,2,37,7,-1,-1,-1,-1,2,-1,0,-1
2023161361975,2023,161361975,2,-1,0,18,19,5,1,0,0,0,0,0,0,0,1,1,6,6,2,14,3,-1,-1,-1,-1,-1,-1,1,-1
2023052300396,2023,052300396,1,9,0,6,6,1,1,0,0,0,0,0,0,0,1,1,6,6,3,-1,-1,-1,-1,-1,-1,-1,-1,0,-1
2023201277780,2023,201277780,1,9,0,9,9,4,3,0,0,5,0,0,0,0,1,1,6,6,1,-1,-1,-1,-1,-1,-1,-1,-1,0,-1
2023201314865,2023,201314865,1,9,0,18,19,1,5,0,0,1,0,0,0,0,1,1,6,6,3,-1,-1,-1,-1,-1,-1,-1,-1,0,-1
2023010458840,2023,010458840,2,8,0,99,99,9,9,99,99,9,9,99,9,99,1,9,6,6,3,-1,-1,-1,-1,-1,-1,2,E01000050,0,-1
2023461351946,2023,461351946,1,9,0,10,10,1,5,0,0,1,0,0,0,0,1,1,6,6,1,51,8,-1,-1,-1,-1,-1,-1,0,-1
2023501315666,2023,501315666,2,1,0,9,9,5,4,0,0,1,0,0,0,0,3,1,6,6,2,65,9,-1,-1,-1,-1,7,E01019955,0,-1
2023430114083,2023,430114083,1,9,0,18,19,8,4,0,0,4,0,0,0,0,1,1,6,6,1,77,11,-1,-1,-1,-1,6,E01016366,0,-1
2023141375020,2023,141375020,2,1,0,18,19,1,5,0,0,8,0,0,0,0,1,1,6,6,1,57,9,-1,-1,-1,-1,1,E01007542,0,-1
2023010454831,2023,010454831,1,1,9,99,99,9,9,99,99,9,9,99,9,99,1,1,6,6,1,28,6,-1,-1,-1,-1,1,E01004273,0,-1
2023401372009,2023,401372009,1,9,0,18,19,6,2,0,0,1,0,0,0,0,1,1,6,6,2,50,8,-1,-1,-1,-1,-1,-1,0,-1
2023991341890,2023,991341890,4,9,0,3,3,7,3,0,0,0,0,0,0,0,2,1,1,1,2,30,6,-1,-1,-1,-1,9,-1,0,-1
2023522301797,2023,522301797,1,1,0,9,9,2,7,0,0,8,1,0,0,0,4,1,6,6,2,34,6,-1,-1,-1,-1,2,E01014626,0,-1
2023061310035,2023,061310035,2,9,-1,-1,-1,-1,-1,-1,-1,0,-1,-1,-1,0,-1,1,6,6,2,-1,-1,-1,-1,-1,-1,2,E01005967,0,-1
202354A730923,2023,54A730923,1,9,0,18,19,6,2,0,0,0,0,0,0,0,3,1,6,6,3,-1,-1,-1,-1,-1,-1,-1,-1,0,-1
2023430202509,2023,430202509,1,9,0,18,19,7,3,0,0,0,0,0,0,0,1,1,6,6,1,-1,-1,-1,-1,-1,-1,-1,-1,0,-1
2023501282984,2023,501282984,1,9,0,5,5,-1,-1,0,0,1,0,0,0,0,1,1,6,6,3,-1,-1,-1,-1,-1,-1,-1,-1,0,-1
2023430324684,2023,430324684,6,9,0,10,10,6,4,0,0,1,0,0,0,0,0,1,2,2,1,28,6,-1,-1,-1,-1,9,E01022879,0,-1
2023010466084,2023,010466084,1,9,0,18,19,7,3,0,0,8,0,0,0,0,4,1,1,1,1,56,9,-1,-1,-1,-1,10,E01021958,0,-1
2023201283801,2023,201283801,1,19,0,2,2,0,0,0,0,1,0,0,0,0,0,1,6,6,1,-1,-1,-1,-1,-1,-1,-1,-1,0,-1
2023170M10283,2023,170M10283,1,1,0,18,19,8,4,4,4,8,0,0,0,0,4,1,6,6,1,26,6,-1,-1,-1,-1,1,E01012077,0,-1
2023010420601,2023,010420601,1,1,9,99,99,9,9,99,99,9,9,99,9,99,9,1,2,2,1,36,7,-1,-1,-1,-1,2,E01002686,0,-1
2023070662161,2023,070662161,2,1,0,18,19,5,1,0,0,0,0,0,0,0,3,1,6,6,1,11,3,-1,-1,-1,-1,1,E01012382,0,-1
2023430230326,2023,430230326,1,1,0,15,15,2,6,0,0,1,0,0,0,0,3,1,6,6,1,37,7,-1,-1,-1,-1,4,E01016516,0,-1
2023320156865,2023,320156865,2,20,0,14,14,2,6,0,0,1,0,0,0,0,1,1,1,1,2,33,6,-1,-1,-1,-1,5,E01026034,0,-1
2023101294430,2023,101294430,2,1,0,9,9,5,7,0,0,2,1,0,0,0,3,1,6,6,1,28,6,-1,-1,-1,-1,-1,-1,0,-1
2023010466919,2023,010466919,1,1,0,99,99,9,9,0,0,3,0,0,0,0,3,1,2,2,2,50,8,-1,-1,-1,-1,7,E01002654,0,-1
2023201314901,2023,201314901,1,-1,0,7,7,2,5,0,0,3,0,10,7,6,3,1,5,6,1,27,6,-1,-1,-1,-1,1,E01009117,0,-1
2023010475945,2023,010475945,2,1,0,18,19,3,7,0,0,1,0,0,0,0,1,1,6,6,1,23,5,-1,-1,-1,-1,3,E01001793,0,-1
2023131348927,2023,131348927,2,97,0,18,19,7,3,0,0,1,0,10,0,0,4,1,5,6,1,23,5,-1,-1,-1,-1,2,E01010728,0,-1
2023991316486,2023,991316486,2,19,0,3,3,1,1,9,9,1,0,0,0,0,2,1,6,6,1,30,6,-1,-1,-1,-1,-1,-1,0,-1
2023501349230,2023,501349230,2,1,0,18,19,2,6,0,0,1,0,0,0,0,4,1,6,6,1,34,6,-1,-1,-1,-1,-1,-1,0,-1
2023010438131,2023,010438131,2,9,9,99,99,9,9,99,99,0,9,99,9,99,9,9,6,6,3,-1,-1,-1,-1,-1,-1,-1,-1,0,-1
2023052302792,2023,052302792,1,9,0,18,19,6,2,0,0,0,0,0,0,0,0,1,1,1,3,-1,-1,-1,-1,-1,-1,-1,-1,0,-1
2023010462070,2023,010462070,1,1,9,99,99,9,9,99,99,9,9,99,9,99,1,1,6,6,3,-1,-1,-1,-1,-1,-1,-1,-1,0,-1
2023052302870,2023,052302870,1,9,0,18,19,1,5,0,0,0,0,0,0,0,1,1,6,6,3,-1,-1,-1,-1,-1,-1,-1,-1,0,-1
2023010432014,2023,010432014,2,9,0,99,99,9,9,99,99,0,9,99,9,99,9,9,6,6,3,-1,-1,-1,-1,-1,-1,-1,-1,0,-1
2023041347541,2023,041347541,1,9,0,16,19,3,3,0,0,3,0,0,7,0,1,1,6,6,1,-1,-1,-1,-1,-1,-1,-1,-1,0,-1
2023520301813,2023,520301813,1,1,0,18,19,8,4,0,0,0,0,0,0,0,1,1,6,6,1,10,2,-1,-1,-1,-1,6,E01029231,0,-1
2023411344296,2023,411344296,1,3,0,5,5,4,8,0,0,1,0,0,0,0,1,1,5,6,1,54,8,-1,-1,-1,-1,5,E01023796,0,-1
2023311294912,2023,311294912,1,1,0,5,5,1,5,0,0,1,0,0,0,0,1,1,2,2,1,20,4,-1,-1,-1,-1,3,E01013816,0,-1
2023991367766,2023,991367766,2,1,0,18,19,7,1,0,0,1,0,0,0,0,1,1,2,2,1,42,7,-1,-1,-1,-1,3,-1,0,-1
2023461323616,2023,461323616,1,9,0,15,15,4,8,0,0,0,0,0,0,0,1,1,2,2,1,29,6,-1,-1,-1,-1,2,E01000030,0,-1
2023010429648,2023,010429648,2,1,0,18,19,1,5,0,0,2,0,0,0,0,0,1,2,2,2,70,10,-1,-1,-1,-1,10,E01030320,0,-1
2023430132582,2023,430132582,2,1,0,18,19,4,8,0,0,0,0,0,0,0,2,1,6,6,1,45,7,-1,-1,-1,-1,10,E01017883,0,-1
2023052300215,2023,052300215,1,1,0,9,9,3,7,0,0,1,0,0,0,0,4,1,6,6,1,23,5,-1,-1,-1,-1,2,E01006536,0,-1
2023101281478,2023,101281478,1,97,0,18,19,3,7,0,0,8,0,0,7,0,4,1,5,6,1,20,4,-1,-1,-1,-1,-1,-1,0,-1
2023610040423,2023,610040423,2,9,0,5,5,5,1,0,0,6,0,0,0,0,1,1,6,6,1,-1,-1,-1,-1,-1,-1,-1,-1,0,-1
2023010461408,2023,010461408,2,9,0,99,99,9,9,99,99,9,9,99,9,99,4,9,6,6,3,-1,-1,-1,-1,-1,-1,-1,-1,0,-1
2023010456338,2023,010456338,2,1,0,18,19,5,1,0,0,1,0,0,0,0,1,1,2,2,2,26,6,-1,-1,-1,-1,1,E01001839,0,-1
2023010482401,2023,010482401,1,1,9,99,99,9,9,99,99,0,9,99,9,99,9,1,6,6,1,26,6,-1,-1,-1,-1,5,E01002950,0,-1
2023010478523,2023,010478523,1,9,0,18,19,3,7,0,0,1,0,0,0,0,1,1,2,2,1,34,6,-1,-1,-1,-1,4,E01003690,0,-1
2023010442413,2023,010442413,2,9,0,99,99,9,9,99,99,9,9,99,9,99,1,9,6,6,3,-1,-1,-1,-1,-1,-1,-1,-1,0,-1
2023041371715,2023,041371715,2,9,0,18,19,5,1,0,0,0,0,0,0,0,2,1,2,2,1,53,8,-1,-1,-1,-1,9,E01004971,0,-1
2023010479829,2023,010479829,1,1,9,99,99,9,9,99,99,9,9,99,9,99,1,1,2,2,2,26,6,-1,-1,-1,-1,4,E01002798,0,-1
2023351357326,2023,351357326,2,-1,-1,-1,-1,-1,-1,-1,-1,0,-1,-1,-1,0,-1,1,6,6,1,25,5,-1,-1,-1,-1,5,E01018273,1,-1
2023010464862,2023,010464862,2,1,0,18,19,1,5,4,4,1,5,0,0,0,3,1,6,6,1,25,5,-1,-1,-1,-1,2,E01004197,0,-1
2023131296759,2023,131296759,1,90,0,18,19,3,1,9,9,0,0,0,0,0,3,2,5,6,1,13,3,-1,-1,-1,-1,3,E01010747,0,-1
2023351367004,2023,351367004,2,9,0,13,13,3,1,0,0,6,0,10,7,0,1,1,1,1,1,31,6,-1,-1,-1,-1,-1,-1,0,-1
2023010465004,2023,010465004,1,1,0,18,19,1,5,0,0,6,0,0,0,0,1,1,6,6,1,23,5,-1,-1,-1,-1,-1,-1,0,-1
2023010476161,2023,010476161,1,11,0,18,19,8,4,0,0,8,0,0,0,0,1,1,1,1,1,38,7,-1,-1,-1,-1,3,E01002612,0,-1
2023610028723,2023,610028723,2,22,0,18,19,3,7,0,0,8,0,0,0,0,4,1,6,6,2,37,7,-1,-1,-1,-1,1,W01001643,0,-1
2023547136123,2023,547136123,1,9,0,18,19,1,5,0,0,0,0,0,0,0,3,1,6,6,3,-1,-1,-1,-1,-1,-1,-1,-1,0,-1