collision_index,collision_year,collision_ref_no,vehicle_reference,vehicle_type,towing_and_articulation,vehicle_manoeuvre_historic,vehicle_manoeuvre,vehicle_direction_from,vehicle_direction_to,vehicle_location_restricted_lane_historic,vehicle_location_restricted_lane,junction_location,skidding_and_overturning,hit_object_in_carriageway,vehicle_leaving_carriageway,hit_object_off_carriageway,first_point_of_impact,vehicle_left_hand_drive,journey_purpose_of_driver_historic,journey_purpose_of_driver,sex_of_driver,age_of_driver,age_band_of_driver,engine_capacity_cc,propulsion_code,age_of_vehicle,generic_make_model,driver_imd_decile,lsoa_of_driver,escooter_flag,driver_distance_banding
2023351382420,2023,351382420,2,23,0,18,19,4,8,0,0,0,2,0,4,0,3,1,2,2,1,36,7,-1,-1,-1,-1,6,E01018151,0,-1
2023141299101,2023,141299101,2,9,0,18,19,8,4,0,0,0,0,0,0,0,1,1,6,6,3,-1,-1,-1,-1,-1,-1,-1,-1,0,-1
2023010483203,2023,010483203,1,1,9,99,99,9,9,99,99,9,9,99,9,99,9,1,2,2,1,44,7,-1,-1,-1,-1,4,E01001090,0,-1
2023041262522,2023,041262522,1,9,0,9,9,5,7,0,0,1,0,0,0,0,3,2,6,6,2,43,7,-1,-1,-1,-1,9,E01025455,0,-1
2023131316549,2023,131316549,1,20,0,18,19,3,7,0,0,8,0,0,0,0,1,1,1,1,2,27,6,-1,-1,-1,-1,3,E01011024,0,-1
2023010442289,2023,010442289,1,2,0,14,14,1,5,0,0,1,0,0,0,0,1,1,6,6,3,-1,-1,-1,-1,-1,-1,-1,-1,0,-1
2023531357478,2023,531357478,1,9,0,18,19,2,6,0,0,0,0,0,0,0,1,1,1,1,1,53,8,-1,-1,-1,-1,7,E01022221,0,-1
2023610050923,2023,610050923,1,9,0,17,19,7,4,0,0,0,0,0,0,0,1,1,6,6,1,28,6,-1,-1,-1,-1,4,W01001410,0,-1
2023061355044,2023,061355044,2,1,0,18,19,6,2,0,0,8,0,0,0,0,1,1,5,6,1,49,8,-1,-1,-1,-1,4,E01006003,0,-1
2023501322111,2023,501322111,2,9,0,18,19,7,8,0,0,1,0,0,0,0,1,1,6,6,2,38,7,-1,-1,-1,-1,5,E01015237,0,-1
2023501305554,2023,501305554,2,1,0,18,19,6,2,5,5,1,0,0,0,0,1,1,2,2,1,45,7,-1,-1,-1,-1,8,E01020003,0,-1
2023451308701,2023,451308701,2,9,0,4,4,5,1,0,0,0,0,12,0,0,2,1,6,6,2,35,6,-1,-1,-1,-1,-1,-1,0,-1
2023451280226,2023,451280226,2,1,0,18,19,3,7,0,0,8,0,0,0,0,2,1,5,6,1,73,10,-1,-1,-1,-1,10,E01030404,0,-1
2023010465948,2023,010465948,2,9,0,99,99,9,9,99,99,9,9,99,9,99,2,9,6,6,3,-1,-1,-1,-1,-1,-1,-1,-1,0,-1
2023111332703,2023,111332703,1,9,0,3,3,4,6,0,0,1,0,0,0,0,1,1,1,1,1,29,6,-1,-1,-1,-1,1,E01020898,0,-1
2023010467448,2023,010467448,1,9,0,18,19,3,7,0,0,1,0,0,0,0,1,1,6,6,3,24,5,-1,-1,-1,-1,-1,-1,0,-1
2023531323281,2023,531323281,1,9,0,4,4,7,3,0,0,0,0,0,0,0,1,1,6,6,3,-1,-1,-1,-1,-1,-1,-1,-1,0,-1
2023552300929,2023,552300929,1,1,0,18,19,3,7,0,0,0,0,0,0,0,1,1,6,6,1,24,5,-1,-1,-1,-1,5,E01015427,0,-1
2023061382126,2023,061382126,6,9,0,18,19,7,3,0,0,0,0,0,0,0,0,1,5,6,1,-1,-1,-1,-1,-1,-1,-1,-1,0,-1
2023010427541,2023,010427541,2,1,9,99,99,9,9,99,99,0,9,99,9,99,9,1,6,6,1,-1,-1,-1,-1,-1,-1,-1,-1,0,-1
2023010423249,2023,010423249,1,1,0,18,19,7,3,0,0,8,5,0,0,0,1,1,6,6,1,17,4,-1,-1,-1,-1,-1,-1,0,-1
2023010484308,2023,010484308,1,1,9,99,99,9,9,99,99,9,9,99,9,99,0,1,6,6,3,-1,-1,-1,-1,-1,-1,-1,-1,0,-1
2023010440868,2023,010440868,1,1,0,18,19,7,3,0,0,1,0,0,0,0,4,1,1,1,1,18,4,-1,-1,-1,-1,2,E01003059,0,-1
2023991381302,2023,991381302,2,9,0,4,4,3,7,0,0,0,0,0,0,0,2,2,6,6,2,32,6,-1,-1,-1,-1,3,-1,0,-1
2023052301483,2023,052301483,1,9,0,18,19,6,2,0,0,4,0,0,0,0,1,1,6,6,3,-1,-1,-1,-1,-1,-1,-1,-1,0,-1
2023061322585,2023,061322585,1,9,0,18,19,6,2,0,0,1,0,0,0,0,0,1,6,6,3,50,8,-1,-1,-1,-1,-1,-1,0,-1
2023351347250,2023,351347250,2,1,0,18,19,3,7,0,0,8,0,0,0,0,4,1,2,2,1,24,5,-1,-1,-1,-1,5,E01033180,0,-1
2023010465431,2023,010465431,2,9,0,99,99,9,9,0,0,1,0,0,0,0,1,9,6,6,3,-1,-1,-1,-1,-1,-1,-1,-1,0,-1
2023010421717,2023,010421717,1,1,0,18,19,5,1,0,0,8,0,0,0,0,3,1,2,2,1,32,6,-1,-1,-1,-1,7,E01003407,0,-1
2023411324472,2023,411324472,1,-1,0,18,19,-1,-1,9,9,0,0,0,-1,0,1,1,6,6,3,-1,-1,-1,-1,-1,-1,-1,-1,0,-1
2023302300995,2023,302300995,2,1,0,18,19,7,3,0,0,3,0,0,0,0,4,1,2,2,2,22,5,-1,-1,-1,-1,6,E01019816,0,-1
2023430030064,2023,430030064,2,11,0,18,19,3,7,0,0,0,0,0,0,0,0,1,1,1,3,-1,-1,-1,-1,-1,-1,-1,-1,0,-1
2023010446728,2023,010446728,1,1,9,99,99,9,9,99,99,9,9,99,9,99,9,1,2,2,1,44,7,-1,-1,-1,-1,8,E01004069,0,-1
2023461334222,2023,461334222,2,1,0,4,4,7,3,0,0,0,0,0,0,0,1,1,6,6,1,65,9,-1,-1,-1,-1,10,E01024461,0,-1
2023010423045,2023,010423045,1,9,0,18,19,7,3,0,0,1,0,0,0,0,4,1,2,2,1,50,8,-1,-1,-1,-1,6,E01001268,0,-1
2023031282823,2023,031282823,2,9,-1,18,19,5,1,0,0,0,0,11,0,0,0,1,6,6,3,-1,-1,-1,-1,-1,-1,-1,-1,0,-1
2023320688925,2023,320688925,2,1,0,18,19,8,4,0,0,8,5,0,0,0,2,1,6,6,1,21,5,-1,-1,-1,-1,1,E01026114,0,-1
2023010467716,2023,010467716,1,1,9,99,99,9,9,99,99,9,9,99,9,99,9,1,2,2,1,41,7,-1,-1,-1,-1,9,E01003384,0,-1
2023201311687,2023,201311687,1,9,0,18,19,8,4,0,0,1,0,0,0,0,1,1,6,6,1,21,5,-1,-1,-1,-1,2,E01013856,0,-1
2023430155986,2023,430155986,1,9,0,18,19,6,2,0,0,0,0,0,0,0,1,1,6,6,1,23,5,-1,-1,-1,-1,7,E01015568,0,-1
2023451265089,2023,451265089,3,9,0,2,2,0,0,0,0,0,0,0,0,0,2,1,6,6,3,30,6,-1,-1,-1,-1,-1,-1,0,-1
2023522301338,2023,522301338,2,1,0,18,19,2,6,0,0,1,0,0,0,0,1,1,6,6,1,22,5,-1,-1,-1,-1,7,E01014538,0,-1
2023522300918,2023,522300918,1,-1,0,18,19,1,5,9,9,0,0,0,0,0,1,1,6,6,1,19,4,-1,-1,-1,-1,1,E01014589,1,-1
2023461348238,2023,461348238,1,9,0,18,19,7,3,0,0,0,0,0,0,0,4,1,6,6,1,66,10,-1,-1,-1,-1,-1,-1,0,-1
2023461294420,2023,461294420,2,1,0,15,15,1,5,9,9,3,0,0,0,0,2,1,1,1,2,34,6,-1,-1,-1,-1,2,E01033090,0,-1
2023471287633,2023,471287633,1,9,0,18,19,-1,-1,0,0,3,0,0,0,0,-1,1,6,6,3,-1,-1,-1,-1,-1,-1,-1,-1,0,-1
2023461333414,2023,461333414,1,8,0,18,19,7,3,0,0,0,0,0,0,0,3,1,6,6,3,-1,-1,-1,-1,-1,-1,3,E01024559,0,-1
2023991291855,2023,991291855,2,1,0,18,19,3,8,0,0,1,0,0,0,0,3,1,5,6,1,64,9,-1,-1,-1,-1,1,-1,0,-1
2023461355072,2023,461355072,1,9,0,18,19,1,5,0,0,0,0,0,0,0,1,1,1,1,1,33,6,-1,-1,-1,-1,3,E01024714,0,-1
2023320316949,2023,320316949,1,9,0,18,19,4,8,0,0,1,0,0,0,0,1,1,6,6,2,31,6,-1,-1,-1,-1,4,E01026028,0,-1
2023440159640,2023,440159640,1,21,1,12,12,1,5,0,0,8,0,0,0,0,3,1,1,1,1,37,7,-1,-1,-1,-1,-1,-1,0,-1
2023010470904,2023,010470904,2,11,9,99,99,9,9,99,99,9,9,99,9,99,9,2,1,1,1,-1,-1,-1,-1,-1,-1,-1,-1,0,-1
2023131263192,2023,131263192,2,9,0,-1,-1,-1,-1,-1,-1,0,-1,-1,-1,-1,-1,1,6,6,3,40,7,-1,-1,-1,-1,-1,-1,0,-1
2023340NN2432,2023,340NN2432,1,-1,0,18,19,3,7,5,5,0,0,0,0,0,1,1,6,6,1,-1,-1,-1,-1,-1,-1,-1,-1,1,-1
2023141346545,2023,141346545,2,9,0,13,13,7,3,0,0,0,0,0,0,0,0,1,6,6,3,-1,-1,-1,-1,-1,-1,-1,-1,0,-1
2023544736623,2023,544736623,1,-1,0,18,19,7,3,0,0,6,0,0,0,0,3,1,6,6,2,16,4,-1,-1,-1,-1,10,E01032080,1,-1
2023552301537,2023,552301537,1,19,0,18,19,2,6,0,0,3,0,0,0,0,1,1,6,6,1,-1,-1,-1,-1,-1,-1,-1,-1,0,-1
2023010438976,2023,010438976,2,9,9,99,99,9,9,99,99,9,9,99,9,99,9,9,6,6,3,-1,-1,-1,-1,-1,-1,1,E01002782,0,-1
2023201362846,2023,201362846,1,9,0,18,19,6,2,0,0,0,0,0,0,0,1,1,6,6,1,-1,-1,-1,-1,-1,-1,-1,-1,0,-1
2023052302057,2023,052302057,2,1,0,12,12,1,3,0,0,8,0,0,0,0,2,1,6,6,2,30,6,-1,-1,-1,-1,2,E01006970,0,-1
2023430439050,2023,430439050,1,9,0,7,7,5,7,0,0,8,0,0,3,11,1,1,6,6,1,38,7,-1,-1,-1,-1,5,E01028446,0,-1
2023010482142,2023,010482142,1,9,9,99,99,9,9,99,99,9,9,99,9,99,9,9,6,6,3,-1,-1,-1,-1,-1,-1,-1,-1,0,-1
2023430162531,2023,430162531,1,1,0,18,19,1,5,0,0,8,0,0,0,0,3,1,6,6,1,20,4,-1,-1,-1,-1,9,E01016641,0,-1
2023991300576,2023,991300576,1,9,0,1,1,1,5,9,9,2,0,0,0,0,2,1,6,6,1,50,8,-1,-1,-1,-1,-1,-1,0,-1
2023501400244,2023,501400244,1,9,0,18,19,1,5,0,0,2,0,0,9,0,1,1,6,6,3,-1,-1,-1,-1,-1,-1,-1,-1,0,-1
2023010449509,2023,010449509,1,1,9,99,99,9,9,99,99,9,9,99,9,99,9,1,6,6,1,29,6,-1,-1,-1,-1,4,E01001939,0,-1
2023052300832,2023,052300832,2,1,0,18,19,7,3,0,0,1,0,0,0,0,3,1,6,6,1,18,4,-1,-1,-1,-1,2,E01006869,0,-1
2023501303776,2023,501303776,2,9,0,5,5,3,5,0,0,1,0,0,0,0,4,1,2,2,1,23,5,-1,-1,-1,-1,9,E01015130,0,-1
2023061303738,2023,061303738,2,1,0,18,19,8,8,0,0,8,0,0,0,0,1,1,6,6,1,44,7,-1,-1,-1,-1,-1,-1,0,-1
2023421362257,2023,421362257,1,9,0,7,7,3,7,0,0,1,0,0,0,0,4,1,5,6,1,63,9,-1,-1,-1,-1,4,E01021648,0,-1
2023461278647,2023,461278647,1,9,0,1,1,1,5,0,0,0,0,0,0,0,1,1,1,1,2,31,6,-1,-1,-1,-1,6,E01024555,0,-1
2023461342957,2023,461342957,2,9,0,18,19,3,7,0,0,8,0,0,0,0,4,1,1,1,1,39,7,-1,-1,-1,-1,1,E01021301,0,-1
2023052300307,2023,052300307,2,1,0,18,19,1,5,0,0,2,0,0,0,0,4,1,6,6,2,50,8,-1,-1,-1,-1,1,E01007209,0,-1
2023131297204,2023,131297204,2,-1,0,18,19,1,3,0,0,1,0,0,0,0,1,1,5,6,1,40,7,-1,-1,-1,-1,1,E01011360,1,-1
2023131321352,2023,131321352,2,1,0,18,19,3,7,0,0,0,0,0,0,0,1,1,5,6,1,5,1,-1,-1,-1,-1,2,E01010628,0,-1
2023401354049,2023,401354049,2,1,0,18,19,5,1,0,0,8,0,0,0,0,4,1,6,6,1,35,6,-1,-1,-1,-1,8,E01015799,0,-1
2023131311910,2023,131311910,2,1,0,18,19,1,5,0,0,2,0,0,0,0,3,1,6,6,1,55,8,-1,-1,-1,-1,7,E01011351,0,-1
2023161290701,2023,161290701,1,23,0,18,19,1,5,0,0,1,0,0,0,0,1,1,6,6,3,-1,-1,-1,-1,-1,-1,-1,-1,0,-1
2023302301873,2023,302301873,1,9,0,18,19,8,2,0,0,1,0,0,0,0,1,1,6,6,3,-1,-1,-1,-1,-1,-1,5,E01019456,0,-1
2023010457758,2023,010457758,2,1,9,99,99,9,9,99,99,9,9,99,9,99,1,1,6,6,1,36,7,-1,-1,-1,-1,2,E01003918,0,-1
2023421280262,2023,421280262,1,9,0,4,4,8,6,0,0,5,0,0,0,0,1,1,2,2,2,23,5,-1,-1,-1,-1,1,E01021703,0,-1
2023010447470,2023,010447470,1,1,9,99,99,9,9,99,99,9,9,99,9,99,1,1,6,6,1,28,6,-1,-1,-1,-1,2,E01004319,0,-1
2023010458549,2023,010458549,2,-1,0,18,19,2,6,0,0,8,0,0,0,0,3,1,6,6,1,17,4,-1,-1,-1,-1,5,E01023705,1,-1
2023010465928,2023,010465928,2,1,3,18,19,5,1,0,0,6,0,0,0,0,4,1,6,6,2,32,6,-1,-1,-1,-1,-1,-1,0,-1
2023041330738,2023,041330738,1,1,0,18,19,1,5,0,0,3,0,0,0,0,4,1,2,2,1,50,8,-1,-1,-1,-1,2,E01024926,0,-1
2023302300405,2023,302300405,1,9,0,9,9,8,6,0,0,1,0,0,0,0,1,1,6,6,3,-1,-1,-1,-1,-1,-1,5,E01019456,0,-1
2023231409260,2023,231409260,2,1,0,18,19,8,4,0,0,8,0,0,0,0,1,1,5,6,1,81,11,-1,-1,-1,-1,10,E01033252,0,-1
2023131322238,2023,131322238,2,1,0,18,19,5,1,0,0,0,0,0,0,0,2,1,6,6,1,42,7,-1,-1,-1,-1,4,E01033006,0,-1
2023522300600,2023,522300600,1,1,0,18,19,7,3,0,0,8,0,0,0,0,1,1,4,7,1,13,3,-1,-1,-1,-1,6,E01014929,0,-1
2023010440346,2023,010440346,2,1,0,18,19,5,1,0,0,1,1,0,0,0,1,1,6,6,1,14,3,-1,-1,-1,-1,3,E01002803,0,-1
2023041300746,2023,041300746,1,1,0,18,19,1,5,0,0,8,2,0,0,0,1,1,1,1,1,19,4,-1,-1,-1,-1,1,E01012743,0,-1
2023451361608,2023,451361608,1,1,0,18,19,5,7,0,0,4,0,0,0,0,1,1,1,1,2,27,6,-1,-1,-1,-1,5,E01030983,0,-1
2023010440761,2023,010440761,1,97,0,99,99,9,9,99,99,9,9,99,9,99,9,1,6,6,3,-1,-1,-1,-1,-1,-1,-1,-1,0,-1
2023122300320,2023,122300320,2,1,0,9,9,7,5,0,0,1,0,0,0,0,2,1,6,6,1,59,9,-1,-1,-1,-1,10,E01010770,0,-1
2023010434720,2023,010434720,2,1,3,18,19,3,7,0,0,1,2,0,1,0,1,1,2,2,1,19,4,-1,-1,-1,-1,9,E01001281,0,-1
2023361288129,2023,361288129,2,1,0,-1,-1,1,6,-1,-1,0,0,0,0,0,-1,1,2,2,1,38,7,-1,-1,-1,-1,4,E01026752,0,-1
2023101346229,2023,101346229,2,1,0,7,7,3,5,0,0,6,0,0,0,0,1,1,6,6,1,21,5,-1,-1,-1,-1,4,E01008582,0,-1
202363C030923,2023,63C030923,1,9,0,9,9,2,8,0,0,5,0,0,0,0,1,1,6,6,1,17,4,-1,-1,-1,-1,-1,-1,0,-1
2023302300032,2023,302300032,4,9,0,2,2,0,0,0,0,2,0,0,0,0,2,1,6,6,1,22,5,-1,-1,-1,-1,6,E01013505,0,-1
2023010456559,2023,010456559,2,90,0,18,19,3,7,9,9,0,0,0,0,0,1,1,6,6,3,-1,-1,-1,-1,-1,-1,-1,-1,0,-1
2023052300462,2023,052300462,2,1,0,18,19,6,2,0,0,0,0,0,0,0,2,1,4,7,1,12,3,-1,-1,-1,-1,2,E01006977,0,-1
2023421333783,2023,421333783,2,1,0,4,4,1,5,0,0,0,0,0,0,0,4,1,5,6,1,12,3,-1,-1,-1,-1,6,E01015863,0,-1
2023461344150,2023,461344150,2,1,0,9,9,3,1,0,0,1,0,0,0,0,2,1,2,2,1,28,6,-1,-1,-1,-1,6,E01024516,0,-1
2023010465442,2023,010465442,2,9,0,99,99,9,9,99,99,9,9,99,9,99,1,9,6,6,3,-1,-1,-1,-1,-1,-1,-1,-1,0,-1
2023311382198,2023,311382198,1,9,0,18,19,3,7,0,0,1,0,0,0,0,1,1,6,6,3,-1,-1,-1,-1,-1,-1,-1,-1,0,-1
2023101369494,2023,101369494,2,1,0,17,19,2,6,0,0,0,0,0,0,0,3,1,6,6,2,79,11,-1,-1,-1,-1,9,E01027482,0,-1
2023010468663,2023,010468663,1,1,9,99,99,9,9,99,99,9,9,99,9,99,9,1,2,2,2,32,6,-1,-1,-1,-1,3,E01003978,0,-1
2023101376297,2023,101376297,1,9,0,18,19,3,7,0,0,0,0,0,0,0,1,1,6,6,3,-1,-1,-1,-1,-1,-1,-1,-1,0,-1
2023461362171,2023,461362171,1,98,0,12,12,7,3,0,0,0,0,0,0,0,4,1,1,1,1,-1,-1,-1,-1,-1,-1,-1,-1,0,-1
2023010448880,2023,010448880,1,9,0,18,19,8,4,0,0,0,0,4,0,0,1,1,6,6,1,87,11,-1,-1,-1,-1,8,E01000874,0,-1
2023010447096,2023,010447096,2,8,0,11,11,7,3,0,0,1,0,0,0,0,1,2,1,1,1,34,6,-1,-1,-1,-1,6,E01004680,0,-1
2023440323881,2023,440323881,1,-1,0,9,9,6,3,0,0,2,0,4,0,0,1,1,6,6,2,25,5,-1,-1,-1,-1,1,E01017037,1,-1
2023010454597,2023,010454597,2,1,0,18,19,7,3,0,0,6,0,0,0,0,1,1,6,6,2,42,7,-1,-1,-1,-1,5,E01001737,0,-1
2023421376807,2023,421376807,2,90,0,18,19,7,2,0,0,6,0,0,0,0,4,1,6,6,1,7,2,-1,-1,-1,-1,6,E01022002,0,-1
2023201400901,2023,201400901,2,9,0,4,4,2,6,0,0,0,0,0,0,0,1,1,6,6,2,53,8,-1,-1,-1,-1,5,E01010110,0,-1
2023361390328,2023,361390328,2,1,0,18,19,1,5,0,0,0,0,0,0,0,2,1,2,2,2,65,9,-1,-1,-1,-1,5,E01026892,0,-1
2023010424541,2023,010424541,1,1,9,99,99,9,9,99,99,9,9,99,9,99,9,1,6,6,1,17,4,-1,-1,-1,-1,9,E01003466,0,-1
2023991312437,2023,991312437,2,1,0,18,19,1,5,0,0,0,0,0,0,0,2,1,6,6,1,44,7,-1,-1,-1,-1,2,-1,0,-1
2023451340062,2023,451340062,1,1,0,18,19,5,1,0,0,0,5,0,0,0,1,1,5,6,1,31,6,-1,-1,-1,-1,10,E01003468,0,-1
2023221296130,2023,221296130,2,1,0,7,7,7,4,0,0,3,0,0,0,0,4,1,2,2,1,59,9,-1,-1,-1,-1,4,E01033060,0,-1
2023010479934,2023,010479934,2,4,0,4,4,1,5,0,0,1,0,0,0,0,1,1,6,6,2,44,7,-1,-1,-1,-1,6,E01004372,0,-1
2023531312612,2023,531312612,2,1,0,3,3,5,1,0,0,4,0,0,0,0,2,1,2,2,1,35,6,-1,-1,-1,-1,9,E01022422,0,-1
2023010447480,2023,010447480,2,9,0,99,99,9,9,99,99,9,9,99,9,99,9,9,6,6,3,-1,-1,-1,-1,-1,-1,-1,-1,0,-1
2023302301159,2023,302301159,2,1,0,18,19,1,5,0,0,8,0,0,0,0,1,1,6,6,1,30,6,-1,-1,-1,-1,1,E01013536,0,-1
2023161389527,2023,161389527,2,19,0,11,11,5,1,2,2,1,0,0,0,0,4,1,6,6,1,35,6,-1,-1,-1,-1,-1,-1,0,-1
2023010464812,2023,010464812,1,9,0,5,5,7,3,9,9,6,0,0,0,0,3,1,1,1,1,35,6,-1,-1,-1,-1,9,E01024160,0,-1
2023010442518,2023,010442518,2,1,0,18,19,5,1,0,0,1,0,0,0,0,1,1,2,2,2,37,7,-1,-1,-1,-1,5,E01003790,0,-1
2023052302822,2023,052302822,1,9,0,18,19,5,7,0,0,8,1,0,0,0,1,1,1,1,1,36,7,-1,-1,-1,-1,2,E01005890,0,-1
2023041322965,2023,041322965,1,1,0,9,9,5,1,0,0,8,0,0,0,0,3,1,5,6,1,18,4,-1,-1,-1,-1,2,E01025524,0,-1
2023052302384,2023,052302384,1,9,0,18,19,1,5,0,0,0,0,0,0,0,1,1,6,6,3,-1,-1,-1,-1,-1,-1,-1,-1,0,-1
2023010441837,2023,010441837,1,1,0,18,19,4,8,0,0,0,2,0,0,0,2,1,6,6,1,28,6,-1,-1,-1,-1,2,E01000907,0,-1
2023471314480,2023,471314480,2,1,0,18,19,3,7,0,0,8,5,0,0,0,3,1,2,2,1,60,9,-1,-1,-1,-1,2,E01001110,0,-1
2023311265671,2023,311265671,2,-1,0,18,19,2,6,0,0,2,0,0,0,0,1,1,5,6,1,13,3,-1,-1,-1,-1,1,E01013921,1,-1
2023131319877,2023,131319877,1,4,0,18,19,5,1,0,0,0,2,0,0,0,3,1,5,6,1,26,6,-1,-1,-1,-1,1,E01010777,0,-1
2023010485032,2023,010485032,2,1,0,18,19,5,1,0,0,1,0,0,0,0,1,1,6,6,1,29,6,-1,-1,-1,-1,9,E01025859,0,-1
2023161344949,2023,161344949,1,11,0,18,19,3,7,0,0,0,0,0,0,0,0,1,1,1,1,-1,-1,-1,-1,-1,-1,-1,-1,0,-1
2023522301509,2023,522301509,1,1,0,18,19,6,2,0,0,0,0,0,0,0,1,1,6,6,1,67,10,-1,-1,-1,-1,3,E01014684,0,-1
2023461291413,2023,461291413,1,9,0,18,19,5,1,0,0,3,0,10,0,0,1,1,2,2,1,47,8,-1,-1,-1,-1,6,E01002258,0,-1
2023052300594,2023,052300594,1,9,0,18,19,1,5,0,0,0,0,0,0,0,4,1,6,6,3,-1,-1,-1,-1,-1,-1,-1,-1,0,-1
2023361276065,2023,361276065,2,9,0,9,9,2,5,0,0,2,0,0,0,0,1,1,6,6,1,70,10,-1,-1,-1,-1,5,E01026435,0,-1
2023010487245,2023,010487245,1,1,9,99,99,9,9,99,99,0,9,99,9,99,1,1,2,2,1,27,6,-1,-1,-1,-1,4,E01004591,0,-1
2023471344097,2023,471344097,2,9,0,2,2,0,0,0,0,0,0,0,0,0,3,1,6,6,3,-1,-1,-1,-1,-1,-1,-1,-1,0,-1
2023471275151,2023,471275151,1,9,0,18,19,1,6,0,0,1,0,0,0,0,0,1,6,6,1,-1,-1,-1,-1,-1,-1,-1,-1,0,-1
2023010428847,2023,010428847,2,1,0,7,7,3,6,0,0,1,0,0,0,0,1,1,6,6,1,28,6,-1,-1,-1,-1,4,E01000616,0,-1
2023010439656,2023,010439656,1,1,9,99,99,9,9,99,99,9,9,99,9,99,1,1,6,6,1,29,6,-1,-1,-1,-1,3,E01001752,0,-1
2023041324623,2023,041324623,1,9,0,4,4,3,7,0,0,0,0,0,0,0,1,1,3,7,1,44,7,-1,-1,-1,-1,10,E01024968,0,-1
2023332300018,2023,332300018,2,9,0,18,19,4,8,0,0,6,0,0,0,0,1,1,6,6,1,-1,-1,-1,-1,-1,-1,-1,-1,0,-1
2023421361504,2023,421361504,1,9,0,15,15,6,2,0,0,0,0,0,0,0,4,1,6,6,3,-1,-1,-1,-1,-1,-1,-1,-1,0,-1
2023461372177,2023,461372177,1,9,0,99,99,7,3,0,0,1,9,0,0,0,1,1,1,1,2,-1,-1,-1,-1,-1,-1,-1,-1,0,-1
2023531387848,2023,531387848,1,9,0,2,2,0,0,0,0,0,0,0,0,0,3,1,4,7,3,-1,-1,-1,-1,-1,-1,-1,-1,0,-1
2023010419877,2023,010419877,1,9,0,18,19,6,2,0,0,1,0,0,0,0,4,1,6,6,3,-1,-1,-1,-1,-1,-1,-1,-1,0,-1
2023031353610,2023,031353610,2,9,0,5,5,1,5,0,0,6,0,0,0,0,1,1,1,1,1,52,8,-1,-1,-1,-1,8,E01019242,0,-1
2023430040170,2023,430040170,1,9,0,18,19,8,4,0,0,6,0,0,0,0,1,1,6,6,2,53,8,-1,-1,-1,-1,9,E01017752,0,-1
2023010468682,2023,010468682,2,1,0,18,19,5,1,0,0,3,0,0,0,0,3,1,2,2,1,22,5,-1,-1,-1,-1,3,E01003519,0,-1
2023211264011,2023,211264011,1,9,0,18,19,5,1,0,0,0,0,0,7,0,1,1,6,6,1,38,7,-1,-1,-1,-1,6,E01029623,0,-1
2023010426190,2023,010426190,2,1,0,9,9,1,6,0,0,1,0,0,0,0,3,1,6,6,2,37,7,-1,-1,-1,-1,2,E01001848,0,-1
2023320305232,2023,320305232,1,19,0,18,19,7,3,0,0,0,0,0,0,0,1,1,1,1,1,62,9,-1,-1,-1,-1,5,E01013890,0,-1
2023371272522,2023,371272522,2,9,0,18,19,1,5,0,0,0,0,0,0,0,1,1,5,6,1,59,9,-1,-1,-1,-1,8,E01030173,0,-1
2023201280801,2023,201280801,2,1,0,18,19,8,4,0,0,8,0,0,0,0,1,1,1,1,1,43,7,-1,-1,-1,-1,4,E01009394,0,-1
2023421319423,2023,421319423,1,9,0,18,19,1,5,0,0,0,0,0,0,0,4,1,6,6,3,-1,-1,-1,-1,-1,-1,-1,-1,0,-1
2023552301055,2023,552301055,2,1,0,18,19,8,4,0,0,8,0,0,0,0,1,1,6,6,1,18,4,-1,-1,-1,-1,7,E01015376,0,-1
2023302300071,2023,302300071,2,1,0,18,19,4,8,0,0,0,0,0,0,0,1,1,4,7,1,4,1,-1,-1,-1,-1,-1,-1,0,-1
2023421295634,2023,421295634,1,98,0,18,19,7,3,0,0,0,0,0,0,0,1,1,6,6,1,33,6,-1,-1,-1,-1,-1,-1,0,-1
2023010455676,2023,010455676,1,9,9,99,99,9,9,99,99,9,9,99,9,99,9,9,6,6,3,-1,-1,-1,-1,-1,-1,-1,-1,0,-1
2023070405396,2023,070405396,1,9,0,18,19,4,8,0,0,0,0,0,0,0,1,1,6,6,1,-1,-1,-1,-1,-1,-1,-1,-1,0,-1
2023010477029,2023,010477029,1,9,0,5,5,7,3,0,0,0,0,0,0,0,1,1,6,6,3,-1,-1,-1,-1,-1,-1,-1,-1,0,-1
2023010453750,2023,010453750,3,9,0,11,11,1,5,0,0,0,0,0,0,0,0,1,6,6,3,23,5,-1,-1,-1,-1,-1,-1,0,-1
2023010462142,2023,010462142,2,-1,0,18,19,2,6,0,0,1,0,0,0,0,1,1,6,6,2,26,6,-1,-1,-1,-1,3,E01002027,1,-1
2023451265957,2023,451265957,2,9,0,18,19,7,2,0,0,8,0,0,0,0,1,1,2,2,2,29,6,-1,-1,-1,-1,9,E01030975,0,-1
2023010481259,2023,010481259,2,9,0,99,99,9,9,99,99,9,9,99,9,99,9,9,6,6,3,-1,-1,-1,-1,-1,-1,-1,-1,0,-1
2023520400381,2023,520400381,2,16,0,18,19,1,5,0,0,8,0,0,0,0,2,1,6,6,2,21,5,-1,-1,-1,-1,10,E01014417,0,-1
2023201325617,2023,201325617,1,-1,0,8,8,1,4,0,0,1,0,0,0,0,1,1,1,1,1,29,6,-1,-1,-1,-1,2,E01028271,0,-1
2023522400528,2023,522400528,1,1,0,18,19,7,3,0,0,8,0,0,0,0,1,1,6,6,1,26,6,-1,-1,-1,-1,4,E01014968,0,-1
2023010448950,2023,010448950,1,1,9,99,99,9,9,0,0,9,0,12,9,99,9,1,2,2,1,39,7,-1,-1,-1,-1,8,E01004589,0,-1
2023211390368,2023,211390368,1,9,0,4,4,0,0,0,0,0,0,0,0,0,1,1,6,6,1,24,5,-1,-1,-1,-1,9,E01009422,0,-1
2023010477391,2023,010477391,2,3,0,99,99,9,9,99,99,9,9,99,9,99,9,1,6,6,3,-1,-1,-1,-1,-1,-1,-1,-1,0,-1
2023161380765,2023,161380765,1,11,-1,-1,-1,-1,-1,-1,-1,-1,-1,-1,-1,0,-1,1,1,1,3,-1,-1,-1,-1,-1,-1,-1,-1,0,-1