collision_index,collision_year,collision_ref_no,vehicle_reference,vehicle_type,towing_and_articulation,vehicle_manoeuvre_historic,vehicle_manoeuvre,vehicle_direction_from,vehicle_direction_to,vehicle_location_restricted_lane_historic,vehicle_location_restricted_lane,junction_location,skidding_and_overturning,hit_object_in_carriageway,vehicle_leaving_carriageway,hit_object_off_carriageway,first_point_of_impact,vehicle_left_hand_drive,journey_purpose_of_driver_historic,journey_purpose_of_driver,sex_of_driver,age_of_driver,age_band_of_driver,engine_capacity_cc,propulsion_code,age_of_vehicle,generic_make_model,driver_imd_decile,lsoa_of_driver,escooter_flag,driver_distance_banding
2023201415163,2023,201415163,3,-1,-1,-1,-1,-1,-1,-1,-1,-1,-1,-1,-1,0,-1,1,6,6,3,-1,-1,-1,-1,-1,-1,-1,-1,0,-1
2023131373302,2023,131373302,1,9,0,-1,-1,-1,-1,-1,-1,-1,-1,-1,-1,-1,-1,1,6,6,3,-1,-1,-1,-1,-1,-1,-1,-1,0,-1
2023010451744,2023,010451744,1,9,0,99,99,9,9,99,99,9,9,99,9,99,2,9,6,6,2,39,7,-1,-1,-1,-1,6,E01002380,0,-1
2023440243744,2023,440243744,3,19,0,3,3,4,8,0,0,1,0,0,0,0,1,1,1,1,1,43,7,-1,-1,-1,-1,6,E01002126,0,-1
2023070535420,2023,070535420,2,90,0,18,19,5,8,0,0,2,0,0,0,0,3,1,1,1,1,44,7,-1,-1,-1,-1,8,E01018718,0,-1
2023010473298,2023,010473298,2,11,0,99,99,9,9,99,99,9,9,99,9,99,9,9,6,6,3,-1,-1,-1,-1,-1,-1,-1,-1,0,-1
2023010443833,2023,010443833,2,1,0,15,15,5,1,4,4,5,0,0,0,0,3,1,2,2,1,42,7,-1,-1,-1,-1,2,E01004615,0,-1
2023031328051,2023,031328051,2,9,0,18,19,4,8,0,0,1,0,0,0,0,2,1,5,6,1,32,6,-1,-1,-1,-1,4,E01000608,0,-1
2023010449915,2023,010449915,3,1,0,18,19,1,5,0,0,1,0,0,0,0,2,1,6,6,1,-1,-1,-1,-1,-1,-1,9,E01023713,0,-1
2023501379020,2023,501379020,2,1,0,18,19,2,6,4,4,0,5,0,0,0,1,1,2,2,2,55,8,-1,-1,-1,-1,7,E01020245,0,-1
2023421366372,2023,421366372,2,1,0,18,19,8,4,0,0,1,0,0,0,0,0,1,5,6,1,12,3,-1,-1,-1,-1,9,E01021579,0,-1
2023010437682,2023,010437682,1,1,9,99,99,9,9,99,99,9,9,99,9,99,9,1,6,6,3,-1,-1,-1,-1,-1,-1,-1,-1,0,-1
2023201461839,2023,201461839,2,9,0,18,19,2,7,0,0,0,0,0,0,0,2,1,6,6,1,-1,-1,-1,-1,-1,-1,-1,-1,0,-1
2023531332058,2023,531332058,2,9,0,4,4,3,7,0,0,0,0,0,0,0,1,1,2,2,1,26,6,-1,-1,-1,-1,6,E01022236,0,-1
2023522400677,2023,522400677,1,1,0,18,19,8,4,0,0,8,0,0,0,0,1,1,6,6,1,25,5,-1,-1,-1,-1,2,E01014529,0,-1
2023010438023,2023,010438023,2,90,9,99,99,9,9,99,99,9,9,99,9,99,9,9,6,6,2,-1,-1,-1,-1,-1,-1,2,E01001395,0,-1
2023320237516,2023,320237516,2,1,0,18,19,1,5,9,9,1,5,0,0,0,0,1,6,6,1,39,7,-1,-1,-1,-1,7,E01026319,0,-1
2023332300315,2023,332300315,1,1,0,18,19,1,5,9,9,0,0,0,0,0,1,1,6,6,3,-1,-1,-1,-1,-1,-1,-1,-1,0,-1
2023311314158,2023,311314158,1,3,0,3,3,3,7,0,0,2,0,0,0,0,0,1,5,6,1,47,8,-1,-1,-1,-1,9,E01028213,0,-1
2023201358325,2023,201358325,2,-1,0,18,19,7,3,0,0,8,0,0,0,0,1,1,6,6,2,14,3,-1,-1,-1,-1,1,E01009962,1,-1
2023010424622,2023,010424622,1,9,0,18,19,7,3,6,6,0,0,0,0,0,1,1,6,6,1,47,8,-1,-1,-1,-1,5,E01016566,0,-1
2023010448848,2023,010448848,2,1,0,18,19,1,5,0,0,8,0,0,0,0,1,1,2,2,1,24,5,-1,-1,-1,-1,5,E01023542,0,-1
2023010441039,2023,010441039,2,1,0,18,19,1,5,0,0,2,0,0,0,0,3,1,2,2,1,43,7,-1,-1,-1,-1,2,E01003325,0,-1
2023440055053,2023,440055053,2,1,0,18,19,3,7,0,0,8,0,0,0,0,4,1,6,6,2,21,5,-1,-1,-1,-1,5,E01017100,0,-1
2023041366893,2023,041366893,1,98,0,18,19,1,5,0,0,0,2,0,7,0,3,1,6,6,1,59,9,-1,-1,-1,-1,1,E01005121,0,-1
2023131307241,2023,131307241,1,9,0,-1,-1,-1,-1,-1,-1,0,-1,-1,-1,0,-1,1,6,6,3,-1,-1,-1,-1,-1,-1,-1,-1,0,-1
2023010434973,2023,010434973,1,1,9,99,99,9,9,99,99,9,9,99,9,99,9,1,6,6,1,29,6,-1,-1,-1,-1,3,E01002057,0,-1
2023010472919,2023,010472919,2,9,0,99,99,9,9,99,99,9,9,99,9,99,1,9,6,6,3,-1,-1,-1,-1,-1,-1,-1,-1,0,-1
2023010476629,2023,010476629,2,9,0,99,99,9,9,99,99,9,9,99,9,99,1,9,6,6,3,-1,-1,-1,-1,-1,-1,-1,-1,0,-1
2023332300789,2023,332300789,1,1,0,18,19,7,3,0,0,8,0,0,0,0,3,1,2,2,1,50,8,-1,-1,-1,-1,8,E01025664,0,-1
2023111340574,2023,111340574,1,1,0,18,19,4,8,9,9,0,5,0,0,0,1,1,6,6,1,23,5,-1,-1,-1,-1,4,E01020825,0,-1
2023010449233,2023,010449233,1,9,9,99,99,9,9,99,99,9,9,99,9,99,9,9,6,6,3,-1,-1,-1,-1,-1,-1,-1,-1,0,-1
2023010482217,2023,010482217,1,1,9,99,99,9,9,99,99,9,9,99,9,99,1,1,2,2,1,33,6,-1,-1,-1,-1,2,E01002851,0,-1
2023302301296,2023,302301296,2,1,0,18,19,1,5,9,9,0,0,0,0,0,1,1,6,6,2,25,5,-1,-1,-1,-1,9,E01019518,0,-1
2023201293053,2023,201293053,1,-1,0,18,19,1,5,0,0,1,0,0,0,0,0,1,6,6,3,-1,-1,-1,-1,-1,-1,-1,-1,0,-1
2023010472425,2023,010472425,1,1,9,99,99,9,9,99,99,9,9,99,9,99,1,1,2,2,1,30,6,-1,-1,-1,-1,1,E01001358,0,-1
2023622300902,2023,622300902,2,22,0,5,5,6,2,0,0,1,0,0,0,0,1,1,6,6,2,36,7,-1,-1,-1,-1,2,W01001697,0,-1
2023010459450,2023,010459450,1,9,9,1,1,5,1,0,0,0,0,0,0,0,1,1,6,6,1,-1,-1,-1,-1,-1,-1,-1,-1,0,-1
2023401286186,2023,401286186,1,-1,-1,-1,-1,-1,-1,-1,-1,0,-1,-1,-1,0,-1,1,6,6,3,-1,-1,-1,-1,-1,-1,-1,-1,0,-1
2023311283257,2023,311283257,1,9,0,18,19,7,7,0,0,0,0,0,0,0,1,1,6,6,3,30,6,-1,-1,-1,-1,-1,-1,0,-1
2023010432577,2023,010432577,2,1,0,18,19,5,1,0,0,1,0,0,0,0,1,1,6,6,1,22,5,-1,-1,-1,-1,7,E01002424,0,-1
2023430070057,2023,430070057,1,1,0,18,19,2,6,0,0,8,0,0,0,0,1,1,1,1,1,44,7,-1,-1,-1,-1,3,E01033422,0,-1
2023010482663,2023,010482663,1,1,9,99,99,9,9,99,99,9,9,99,9,99,1,1,2,2,1,23,5,-1,-1,-1,-1,6,E01001401,0,-1
2023131264817,2023,131264817,2,1,0,18,19,8,4,0,0,8,0,0,0,0,4,1,6,6,1,27,6,-1,-1,-1,-1,2,E01011450,0,-1
2023101288312,2023,101288312,1,1,0,18,19,1,5,0,0,4,0,0,0,0,1,1,1,1,1,25,5,-1,-1,-1,-1,3,E01008441,0,-1
2023101429867,2023,101429867,1,97,0,18,19,6,2,0,0,2,1,0,1,11,1,1,6,6,1,32,6,-1,-1,-1,-1,1,E01027416,0,-1
2023161390025,2023,161390025,1,9,0,5,5,8,4,0,0,6,0,0,0,0,1,1,5,6,1,-1,-1,-1,-1,-1,-1,3,E01012807,0,-1
2023481406889,2023,481406889,1,1,0,14,14,3,7,0,0,0,0,0,0,0,1,1,6,6,1,-1,-1,-1,-1,-1,-1,-1,-1,0,-1
2023141307651,2023,141307651,3,9,0,2,2,0,0,0,0,1,0,0,0,0,1,1,6,6,1,-1,-1,-1,-1,-1,-1,-1,-1,0,-1
2023010467549,2023,010467549,1,1,9,99,99,9,9,99,99,9,9,99,9,99,9,1,6,6,1,6,2,-1,-1,-1,-1,2,E01002669,0,-1
2023520301313,2023,520301313,2,9,0,18,19,6,2,0,0,1,0,0,0,0,3,1,6,6,1,54,8,-1,-1,-1,-1,6,E01029091,0,-1
2023552400195,2023,552400195,1,98,0,18,19,7,3,0,0,0,0,0,0,0,0,1,6,6,3,-1,-1,-1,-1,-1,-1,-1,-1,0,-1
2023461388006,2023,461388006,1,1,0,18,19,7,3,0,0,0,0,0,0,0,0,1,6,6,1,-1,-1,-1,-1,-1,-1,-1,-1,0,-1
2023010440587,2023,010440587,1,90,0,4,4,2,6,0,0,1,0,0,0,0,1,2,1,1,1,34,6,-1,-1,-1,-1,2,E01003196,0,-1
2023471344001,2023,471344001,2,1,0,5,5,3,7,0,0,8,0,0,0,0,3,1,5,6,1,12,3,-1,-1,-1,-1,1,E01016895,0,-1
2023041276270,2023,041276270,1,9,0,18,19,-1,-1,0,0,1,0,0,0,0,-1,1,6,6,3,-1,-1,-1,-1,-1,-1,-1,-1,0,-1
2023010469856,2023,010469856,2,9,0,18,19,5,1,0,0,1,0,0,0,0,1,1,6,6,3,-1,-1,-1,-1,-1,-1,-1,-1,0,-1
2023211350852,2023,211350852,1,9,0,18,19,5,7,0,0,1,1,7,1,0,1,1,5,6,1,31,6,-1,-1,-1,-1,3,E01014357,0,-1
2023141296904,2023,141296904,1,1,0,18,19,1,5,0,0,0,1,0,0,0,3,1,5,6,2,56,9,-1,-1,-1,-1,10,E01007865,0,-1
2023411351592,2023,411351592,1,-1,0,18,19,1,5,9,9,0,1,0,0,0,1,1,6,6,3,-1,-1,-1,-1,-1,-1,-1,-1,1,-1
2023461312724,2023,461312724,2,1,0,18,19,2,6,0,0,3,0,0,0,0,2,1,6,6,1,21,5,-1,-1,-1,-1,6,E01023978,0,-1
2023302300610,2023,302300610,1,1,0,18,19,4,8,9,9,8,0,0,0,0,1,1,4,7,1,14,3,-1,-1,-1,-1,1,E01013475,0,-1
2023010460861,2023,010460861,2,9,0,99,99,9,9,99,99,9,9,99,9,99,9,9,6,6,3,-1,-1,-1,-1,-1,-1,-1,-1,0,-1
2023010428613,2023,010428613,1,19,0,99,99,9,9,99,99,9,9,99,9,99,9,9,1,1,1,60,9,-1,-1,-1,-1,7,E01002176,0,-1
2023430369340,2023,430369340,2,1,0,18,19,8,4,0,0,8,0,0,0,0,1,1,6,6,1,92,11,-1,-1,-1,-1,8,E01016711,0,-1
2023010443527,2023,010443527,2,1,9,99,99,9,9,99,99,9,9,99,9,99,1,1,6,6,1,16,4,-1,-1,-1,-1,3,E01002100,0,-1
2023531402156,2023,531402156,2,1,0,18,19,6,2,0,0,0,5,10,0,0,1,1,6,6,1,54,8,-1,-1,-1,-1,2,E01022160,0,-1
2023010441483,2023,010441483,2,9,0,99,99,9,9,99,99,9,9,99,9,99,1,9,6,6,3,-1,-1,-1,-1,-1,-1,5,E01000402,0,-1
2023440012223,2023,440012223,1,21,1,18,19,6,2,0,0,0,2,0,6,6,3,1,1,1,1,62,9,-1,-1,-1,-1,8,E01028506,0,-1
2023010446803,2023,010446803,1,9,0,18,19,3,7,0,0,8,0,11,0,0,1,1,6,6,1,42,7,-1,-1,-1,-1,3,E01003275,0,-1
2023010467742,2023,010467742,1,1,9,99,99,9,9,99,99,9,9,99,9,99,2,1,2,2,1,52,8,-1,-1,-1,-1,7,E01029875,0,-1
2023361316526,2023,361316526,2,1,0,17,19,4,1,0,0,3,0,0,0,0,1,1,2,2,1,45,7,-1,-1,-1,-1,8,E01026563,0,-1
2023430351449,2023,430351449,2,1,0,9,9,3,1,0,0,1,0,0,0,0,3,1,6,6,1,15,3,-1,-1,-1,-1,10,E01028563,0,-1
2023061319009,2023,061319009,2,1,0,18,19,-1,-1,0,0,0,0,0,0,0,3,1,6,6,1,58,9,-1,-1,-1,-1,3,E01005937,0,-1
2023471373085,2023,471373085,2,1,0,18,19,6,2,0,0,8,0,0,0,0,3,1,6,6,3,26,6,-1,-1,-1,-1,5,E01032836,0,-1
2023522301670,2023,522301670,2,1,0,18,19,7,2,0,0,1,0,0,0,0,1,1,6,6,1,11,3,-1,-1,-1,-1,2,E01014810,0,-1
2023991361434,2023,991361434,3,9,0,18,19,6,2,0,0,0,0,0,0,0,2,1,2,2,1,34,6,-1,-1,-1,-1,9,-1,0,-1
2023161300827,2023,161300827,1,9,0,18,19,3,7,0,0,4,0,0,0,0,1,1,6,6,3,-1,-1,-1,-1,-1,-1,-1,-1,0,-1
2023010449985,2023,010449985,2,1,0,18,19,5,1,0,0,1,0,0,0,0,1,1,6,6,2,35,6,-1,-1,-1,-1,5,E01002492,0,-1
2023010422708,2023,010422708,2,9,0,99,99,9,9,99,99,9,9,99,9,99,1,9,6,6,1,33,6,-1,-1,-1,-1,-1,-1,0,-1
2023351353459,2023,351353459,1,-1,0,18,19,8,4,0,0,0,0,0,0,0,1,1,6,6,1,-1,-1,-1,-1,-1,-1,-1,-1,1,-1
2023041295033,2023,041295033,1,1,0,18,19,5,1,0,0,8,0,0,0,0,1,1,5,6,1,14,3,-1,-1,-1,-1,7,E01025506,0,-1
2023010453090,2023,010453090,2,1,0,18,19,1,5,0,0,0,0,0,0,0,1,1,2,2,1,48,8,-1,-1,-1,-1,7,E01000298,0,-1
2023101353085,2023,101353085,1,1,0,18,19,4,1,0,0,1,0,0,0,0,-1,1,6,6,1,-1,-1,-1,-1,-1,-1,-1,-1,0,-1
2023471333700,2023,471333700,3,9,0,2,2,0,0,0,0,1,0,0,0,0,0,1,6,6,3,-1,-1,-1,-1,-1,-1,-1,-1,0,-1
2023070883333,2023,070883333,2,2,0,18,19,4,7,0,0,0,5,0,1,0,2,1,6,6,1,30,6,-1,-1,-1,-1,10,E01018705,0,-1
2023461351928,2023,461351928,2,1,0,18,19,3,7,0,0,1,0,1,1,0,1,1,6,6,1,59,9,-1,-1,-1,-1,6,E01024084,0,-1
2023161276893,2023,161276893,1,9,0,18,19,5,8,0,0,0,0,0,0,0,1,1,6,6,3,-1,-1,-1,-1,-1,-1,-1,-1,0,-1
2023411275581,2023,411275581,1,19,0,4,4,-1,-1,0,0,5,0,0,0,0,1,1,6,6,1,-1,-1,-1,-1,-1,-1,-1,-1,0,-1
2023440402129,2023,440402129,2,1,0,18,19,1,5,0,0,0,1,0,0,0,3,1,1,1,1,34,6,-1,-1,-1,-1,4,E01004027,0,-1
2023061299050,2023,061299050,1,9,-1,-1,-1,-1,-1,-1,-1,0,-1,-1,-1,0,-1,1,6,6,1,-1,-1,-1,-1,-1,-1,8,E01005775,0,-1
2023440415136,2023,440415136,1,1,0,18,19,7,3,0,0,8,0,0,0,0,3,1,6,6,1,44,7,-1,-1,-1,-1,6,E01023140,0,-1
2023052303046,2023,052303046,1,1,0,18,19,7,3,0,0,8,0,0,0,0,3,1,6,6,1,31,6,-1,-1,-1,-1,1,E01006693,0,-1
2023231282569,2023,231282569,1,9,0,18,19,4,8,0,0,0,0,0,7,4,1,1,1,1,1,60,9,-1,-1,-1,-1,10,E01010181,0,-1
2023101266147,2023,101266147,1,9,0,18,19,7,3,0,0,4,0,0,0,0,1,1,6,6,3,-1,-1,-1,-1,-1,-1,-1,-1,0,-1
2023461331172,2023,461331172,1,9,0,-1,-1,-1,-1,-1,-1,0,-1,-1,-1,0,-1,1,6,6,3,-1,-1,-1,-1,-1,-1,-1,-1,0,-1
2023010476332,2023,010476332,2,9,0,99,99,9,9,99,99,9,9,99,9,99,1,9,6,6,3,-1,-1,-1,-1,-1,-1,-1,-1,0,-1
2023401268279,2023,401268279,1,1,0,18,19,4,8,9,9,0,0,0,0,0,1,1,6,6,3,-1,-1,-1,-1,-1,-1,-1,-1,0,-1
2023461363624,2023,461363624,2,1,0,18,19,3,7,0,0,8,0,0,0,0,1,1,6,6,1,48,8,-1,-1,-1,-1,6,E01024571,0,-1
2023010483311,2023,010483311,2,1,0,18,19,2,6,2,2,0,0,4,0,0,1,1,2,2,1,36,7,-1,-1,-1,-1,1,E01002095,0,-1
2023010460735,2023,010460735,1,1,9,99,99,9,9,99,99,9,9,99,9,99,9,1,2,2,2,41,7,-1,-1,-1,-1,4,E01004572,0,-1
2023991321077,2023,991321077,1,9,0,18,19,5,1,0,0,0,0,0,0,0,4,1,6,6,3,50,8,-1,-1,-1,-1,-1,-1,0,-1
202360A019095,2023,60A019095,2,1,0,3,3,2,6,0,0,1,0,0,0,0,1,1,6,6,1,62,9,-1,-1,-1,-1,-1,-1,0,-1
2023522300767,2023,522300767,1,1,0,18,19,5,1,0,0,2,0,0,0,0,1,1,6,6,2,21,5,-1,-1,-1,-1,6,E01014487,0,-1
2023430031664,2023,430031664,1,1,0,18,19,8,4,0,0,1,0,0,0,0,1,1,1,1,1,46,8,-1,-1,-1,-1,7,E01016402,0,-1
2023451361738,2023,451361738,2,1,0,11,11,5,5,0,0,1,0,0,0,0,2,1,5,6,2,64,9,-1,-1,-1,-1,10,E01030374,0,-1
2023201372705,2023,201372705,2,1,0,18,19,4,8,0,0,0,0,0,0,0,1,1,6,6,1,30,6,-1,-1,-1,-1,4,E01009289,0,-1
2023010444830,2023,010444830,2,9,0,99,99,9,9,99,99,0,9,99,9,99,9,9,6,6,3,-1,-1,-1,-1,-1,-1,-1,-1,0,-1
2023010478653,2023,010478653,2,1,0,13,13,1,5,0,0,0,0,0,0,0,1,1,6,6,1,22,5,-1,-1,-1,-1,10,E01030386,0,-1
2023010462348,2023,010462348,1,11,0,18,19,8,4,0,0,0,0,0,0,0,1,1,6,6,3,-1,-1,-1,-1,-1,-1,-1,-1,0,-1
2023451338542,2023,451338542,1,98,0,16,19,5,1,0,0,0,1,0,0,0,1,1,6,6,3,45,7,-1,-1,-1,-1,-1,-1,0,-1
2023501391053,2023,501391053,1,17,4,18,19,6,2,0,0,0,0,0,0,0,1,1,1,1,1,38,7,-1,-1,-1,-1,8,E01019966,0,-1
2023010429342,2023,010429342,2,1,0,7,7,3,6,0,0,8,0,0,0,0,1,1,1,1,1,43,7,-1,-1,-1,-1,2,E01002297,0,-1
2023201415526,2023,201415526,3,9,0,3,3,3,7,0,0,1,0,0,0,0,1,1,6,6,1,51,8,-1,-1,-1,-1,10,E01032886,0,-1
2023421279109,2023,421279109,1,9,0,18,19,3,7,0,0,0,0,0,0,0,1,1,6,6,1,-1,-1,-1,-1,-1,-1,-1,-1,0,-1
2023131322275,2023,131322275,1,1,0,-1,-1,-1,-1,-1,-1,0,-1,-1,-1,0,-1,1,6,6,3,22,5,-1,-1,-1,-1,-1,-1,0,-1
2023371275208,2023,371275208,1,9,0,18,19,6,2,0,0,0,0,0,4,7,4,1,6,6,1,42,7,-1,-1,-1,-1,6,E01032525,0,-1
2023522400843,2023,522400843,2,-1,0,17,19,8,5,5,5,0,0,0,0,0,1,1,6,6,1,-1,-1,-1,-1,-1,-1,-1,-1,1,-1
2023302300765,2023,302300765,2,1,0,18,19,2,6,9,9,0,0,0,0,0,1,1,4,7,1,15,3,-1,-1,-1,-1,1,E01013583,0,-1
2023161317404,2023,161317404,2,1,0,12,12,7,3,0,0,0,0,0,0,0,1,1,6,6,2,48,8,-1,-1,-1,-1,1,E01012782,0,-1
2023170L10103,2023,170L10103,1,9,0,17,19,2,6,0,0,0,0,0,1,9,1,1,6,6,1,22,5,-1,-1,-1,-1,2,E01012216,0,-1
2023231311030,2023,231311030,2,9,0,9,9,2,8,0,0,5,0,0,0,0,4,1,6,6,3,25,5,-1,-1,-1,-1,-1,-1,0,-1
2023461362343,2023,461362343,1,8,0,18,19,5,1,0,0,0,0,0,0,0,0,1,6,6,2,-1,-1,-1,-1,-1,-1,6,E01024756,0,-1
2023311317084,2023,311317084,1,9,0,10,10,7,4,0,0,8,0,0,0,0,1,1,5,6,1,37,7,-1,-1,-1,-1,2,E01028275,0,-1
2023010467552,2023,010467552,1,9,9,16,19,3,7,0,0,1,0,0,0,0,3,9,6,6,3,-1,-1,-1,-1,-1,-1,-1,-1,0,-1
2023010464126,2023,010464126,2,1,0,18,19,5,1,9,9,1,0,9,0,0,2,1,1,1,2,59,9,-1,-1,-1,-1,8,E01002320,0,-1
2023131352828,2023,131352828,1,97,0,18,19,4,2,9,9,0,0,0,0,0,1,1,6,6,3,20,4,-1,-1,-1,-1,-1,-1,0,-1
2023440168162,2023,440168162,1,9,0,18,19,4,8,0,0,0,0,0,0,0,3,1,2,2,2,55,8,-1,-1,-1,-1,9,E01023036,0,-1
2023010446415,2023,010446415,2,1,0,18,19,1,5,0,0,1,0,0,0,0,3,1,6,6,2,43,7,-1,-1,-1,-1,7,E01003816,0,-1
2023052301735,2023,052301735,1,23,0,18,19,1,5,0,0,8,0,0,1,0,1,1,6,6,3,-1,-1,-1,-1,-1,-1,-1,-1,0,-1
2023501343096,2023,501343096,2,1,0,18,19,8,4,0,0,0,5,0,0,0,4,1,5,6,2,21,5,-1,-1,-1,-1,9,E01019964,0,-1
2023401364201,2023,401364201,2,9,0,18,19,3,7,0,0,1,0,0,0,0,1,1,6,6,2,53,8,-1,-1,-1,-1,10,E01017438,0,-1
2023061307680,2023,061307680,1,4,0,4,4,6,2,9,9,1,0,0,0,0,3,1,6,6,1,34,6,-1,-1,-1,-1,1,E01005202,0,-1
2023141374506,2023,141374506,1,9,0,4,4,1,5,0,0,1,0,0,0,0,2,1,5,6,2,35,6,-1,-1,-1,-1,5,E01028022,0,-1
2023311319920,2023,311319920,2,1,0,18,19,7,3,0,0,8,0,0,0,0,1,1,6,6,1,40,7,-1,-1,-1,-1,9,E01013981,0,-1
2023311271902,2023,311271902,1,-1,0,18,19,5,1,9,9,0,0,0,0,0,1,1,6,6,1,-1,-1,-1,-1,-1,-1,-1,-1,1,-1
2023071278559,2023,071278559,1,9,0,4,4,1,5,0,0,1,0,9,0,0,0,1,6,6,1,29,6,-1,-1,-1,-1,1,E01012545,0,-1
2023332301111,2023,332301111,1,1,0,14,14,1,5,0,0,0,0,10,1,0,3,1,6,6,1,71,10,-1,-1,-1,-1,7,E01025848,0,-1
2023461358569,2023,461358569,2,9,0,5,5,1,5,0,0,8,0,0,0,0,4,1,6,6,1,31,6,-1,-1,-1,-1,2,E01024699,0,-1
2023332300969,2023,332300969,3,9,0,18,19,5,1,0,0,1,0,0,0,0,1,1,6,6,2,43,7,-1,-1,-1,-1,8,E01013799,0,-1
202363A038023,2023,63A038023,1,9,0,12,12,2,6,0,0,0,1,0,0,0,1,1,2,2,1,17,4,-1,-1,-1,-1,-1,-1,0,-1
2023170S30213,2023,170S30213,2,1,0,18,19,3,7,0,0,8,0,0,0,0,4,1,6,6,1,28,6,-1,-1,-1,-1,8,E01012235,0,-1
2023052301417,2023,052301417,2,1,0,18,19,7,3,0,0,1,0,0,0,0,1,1,6,6,1,59,9,-1,-1,-1,-1,9,E01007182,0,-1
2023010452190,2023,010452190,1,1,9,99,99,9,9,99,99,9,9,99,9,99,9,1,1,1,1,30,6,-1,-1,-1,-1,2,E01003557,0,-1
2023161325506,2023,161325506,2,1,0,5,5,7,3,0,0,8,0,0,0,0,2,1,6,6,3,-1,-1,-1,-1,-1,-1,-1,-1,0,-1
2023052301662,2023,052301662,1,1,0,18,19,2,6,0,0,8,0,0,0,0,1,1,6,6,1,17,4,-1,-1,-1,-1,9,E01007166,0,-1
2023010422087,2023,010422087,2,1,0,18,19,7,3,0,0,8,0,0,0,0,1,1,1,1,1,44,7,-1,-1,-1,-1,1,E01001772,0,-1
2023141307725,2023,141307725,2,9,0,18,19,3,7,0,0,0,0,0,0,0,1,1,6,6,1,29,6,-1,-1,-1,-1,5,E01006058,0,-1
2023430218956,2023,430218956,1,9,0,18,19,8,4,0,0,0,0,0,0,0,1,1,2,2,1,53,8,-1,-1,-1,-1,3,E01016714,0,-1
2023101368220,2023,101368220,1,9,0,18,19,6,2,0,0,8,0,0,0,0,1,1,6,6,2,-1,-1,-1,-1,-1,-1,-1,-1,0,-1
2023010467004,2023,010467004,1,1,0,18,19,3,7,4,4,8,0,0,0,0,0,1,6,6,1,45,7,-1,-1,-1,-1,3,E01003088,0,-1
2023131271180,2023,131271180,1,1,0,18,19,6,2,0,0,8,0,0,0,0,1,1,6,6,1,32,6,-1,-1,-1,-1,6,E01011598,0,-1
2023161342757,2023,161342757,1,1,0,18,19,6,2,0,0,0,0,0,0,0,1,1,2,2,1,54,8,-1,-1,-1,-1,8,E01013098,0,-1
2023201411230,2023,201411230,2,9,0,3,3,4,8,0,0,1,0,0,0,0,2,1,1,1,1,51,8,-1,-1,-1,-1,2,E01010093,0,-1
2023010452971,2023,010452971,1,9,0,18,19,5,1,0,0,8,0,0,0,0,4,1,6,6,3,-1,-1,-1,-1,-1,-1,-1,-1,0,-1
2023010446825,2023,010446825,2,9,0,18,19,1,5,0,0,4,0,0,0,0,2,1,6,6,3,33,6,-1,-1,-1,-1,5,E01001685,0,-1
2023010434063,2023,010434063,1,9,9,99,99,9,9,99,99,9,9,99,9,99,9,9,6,6,3,-1,-1,-1,-1,-1,-1,-1,-1,0,-1
2023451264064,2023,451264064,2,9,0,18,19,7,3,0,0,1,0,0,0,0,1,1,6,6,2,29,6,-1,-1,-1,-1,10,E01023092,0,-1
2023010467061,2023,010467061,1,9,0,18,19,5,1,0,0,2,0,0,0,0,1,1,6,6,3,-1,-1,-1,-1,-1,-1,-1,-1,0,-1
2023991347182,2023,991347182,2,1,0,18,19,3,7,4,4,0,0,0,0,0,3,1,6,6,1,58,9,-1,-1,-1,-1,-1,-1,0,-1
2023010465926,2023,010465926,2,9,0,18,19,7,3,0,0,1,0,0,0,0,2,9,6,6,2,-1,-1,-1,-1,-1,-1,1,E01004088,0,-1
2023430401821,2023,430401821,2,9,0,18,19,1,5,0,0,6,0,0,0,0,2,1,6,6,3,-1,-1,-1,-1,-1,-1,-1,-1,0,-1
2023131344719,2023,131344719,1,1,0,18,19,5,1,0,0,3,0,0,7,0,1,1,6,6,1,54,8,-1,-1,-1,-1,3,E01011868,0,-1
2023440054168,2023,440054168,1,1,0,18,19,3,7,0,0,8,1,0,0,0,3,1,2,2,1,27,6,-1,-1,-1,-1,-1,-1,0,-1
2023991306285,2023,991306285,2,1,0,18,19,5,1,0,0,1,0,0,0,0,1,1,1,1,1,43,7,-1,-1,-1,-1,10,-1,0,-1
2023101276664,2023,101276664,1,19,-1,-1,-1,-1,-1,-1,-1,-1,-1,-1,-1,0,1,1,1,1,1,45,7,-1,-1,-1,-1,10,E01008495,0,-1
2023332300277,2023,332300277,1,1,0,9,9,2,8,0,0,4,1,0,0,0,0,1,6,6,2,56,9,-1,-1,-1,-1,1,E01013621,0,-1
2023010443316,2023,010443316,2,9,0,99,99,9,9,99,99,9,9,99,9,99,9,9,6,6,3,-1,-1,-1,-1,-1,-1,-1,-1,0,-1
2023231321894,2023,231321894,2,1,0,18,19,8,4,0,0,8,0,0,1,0,1,1,5,6,1,57,9,-1,-1,-1,-1,7,E01009558,0,-1
2023101277868,2023,101277868,1,-1,0,18,19,5,1,9,9,0,0,0,0,0,0,1,6,6,1,18,4,-1,-1,-1,-1,-1,-1,1,-1
2023010475227,2023,010475227,2,9,0,99,99,9,9,99,99,0,9,99,9,99,1,9,6,6,3,-1,-1,-1,-1,-1,-1,-1,-1,0,-1
2023010458294,2023,010458294,2,1,0,18,19,1,5,0,0,1,0,0,0,0,1,1,2,2,1,31,6,-1,-1,-1,-1,10,E01030392,0,-1
2023052301509,2023,052301509,2,1,0,18,19,5,1,0,0,3,0,0,0,0,2,1,6,6,1,17,4,-1,-1,-1,-1,2,E01006477,0,-1
2023201294247,2023,201294247,1,9,0,12,12,6,2,0,0,0,0,0,0,0,1,1,6,6,1,40,7,-1,-1,-1,-1,-1,-1,0,-1
2023111393974,2023,111393974,1,9,0,1,1,2,6,0,0,0,0,0,0,0,2,1,6,6,3,30,6,-1,-1,-1,-1,-1,-1,0,-1
2023010484604,2023,010484604,2,9,0,99,99,9,9,99,99,9,9,99,9,99,9,9,6,6,3,-1,-1,-1,-1,-1,-1,-1,-1,0,-1