collision_index,collision_year,collision_ref_no,vehicle_reference,vehicle_type,towing_and_articulation,vehicle_manoeuvre_historic,vehicle_manoeuvre,vehicle_direction_from,vehicle_direction_to,vehicle_location_restricted_lane_historic,vehicle_location_restricted_lane,junction_location,skidding_and_overturning,hit_object_in_carriageway,vehicle_leaving_carriageway,hit_object_off_carriageway,first_point_of_impact,vehicle_left_hand_drive,journey_purpose_of_driver_historic,journey_purpose_of_driver,sex_of_driver,age_of_driver,age_band_of_driver,engine_capacity_cc,propulsion_code,age_of_vehicle,generic_make_model,driver_imd_decile,lsoa_of_driver,escooter_flag,driver_distance_banding
2023430239214,2023,430239214,2,1,0,18,19,5,1,0,0,1,0,0,0,0,1,1,2,2,2,22,5,-1,-1,-1,-1,6,E01028586,0,-1
2023052400041,2023,052400041,1,1,0,18,19,5,1,0,0,8,0,0,0,0,1,1,6,6,1,25,5,-1,-1,-1,-1,1,E01006461,0,-1
2023141307029,2023,141307029,1,9,0,18,19,5,1,0,0,2,0,0,0,0,4,1,6,6,3,-1,-1,-1,-1,-1,-1,-1,-1,0,-1
2023991294945,2023,991294945,2,1,0,17,19,7,4,0,0,8,0,0,0,0,4,1,2,2,1,34,6,-1,-1,-1,-1,8,-1,0,-1
2023010445504,2023,010445504,1,9,9,18,19,2,6,0,0,8,9,99,9,99,9,9,6,6,3,-1,-1,-1,-1,-1,-1,-1,-1,0,-1
2023461274354,2023,461274354,1,9,0,14,14,7,3,0,0,0,0,0,0,0,1,1,6,6,3,-1,-1,-1,-1,-1,-1,-1,-1,0,-1
2023052301785,2023,052301785,1,9,0,18,19,5,1,0,0,8,0,0,0,0,1,1,6,6,1,-1,-1,-1,-1,-1,-1,5,E01003713,0,-1
2023010466142,2023,010466142,1,1,0,99,99,9,9,0,0,8,0,0,0,0,9,1,6,6,1,-1,-1,-1,-1,-1,-1,3,E01003603,0,-1
2023010491078,2023,010491078,2,9,0,99,99,9,9,99,99,0,9,99,9,99,1,9,6,6,3,-1,-1,-1,-1,-1,-1,-1,-1,0,-1
2023461369057,2023,461369057,1,9,0,18,19,5,1,0,0,0,0,0,0,0,4,1,6,6,3,-1,-1,-1,-1,-1,-1,-1,-1,0,-1
2023131368226,2023,131368226,2,1,0,18,19,8,6,4,4,1,0,0,0,0,3,1,5,6,2,20,4,-1,-1,-1,-1,4,E01033006,0,-1
2023010464636,2023,010464636,1,1,9,99,99,9,9,99,99,9,9,99,9,99,2,1,6,6,2,37,7,-1,-1,-1,-1,-1,-1,0,-1
2023010432624,2023,010432624,2,1,0,18,19,7,3,0,0,1,0,0,0,0,2,1,1,1,1,35,6,-1,-1,-1,-1,4,E01003714,0,-1
2023052301138,2023,052301138,2,1,0,18,19,3,5,0,0,6,0,0,0,0,0,1,6,6,1,29,6,-1,-1,-1,-1,2,E01006924,0,-1
2023131387970,2023,131387970,2,9,0,9,9,5,1,0,0,8,0,0,0,0,-1,1,6,6,1,99,11,-1,-1,-1,-1,3,E01033690,0,-1
2023340WN4292,2023,340WN4292,1,9,0,18,19,3,7,0,0,1,0,0,0,0,3,1,6,6,1,37,7,-1,-1,-1,-1,1,E01027200,0,-1
2023531291863,2023,531291863,2,9,0,18,19,1,5,0,0,0,5,0,0,0,1,1,2,2,1,63,9,-1,-1,-1,-1,8,E01022255,0,-1
2023211418089,2023,211418089,1,3,0,18,19,7,3,0,0,8,0,0,0,0,4,1,2,2,2,44,7,-1,-1,-1,-1,6,E01029764,0,-1
2023010436061,2023,010436061,2,1,0,5,5,7,3,4,4,1,0,0,0,0,2,1,2,2,1,35,6,-1,-1,-1,-1,3,E01000082,0,-1
2023010467113,2023,010467113,1,1,9,99,99,9,9,99,99,1,9,99,9,99,9,1,2,2,1,46,8,-1,-1,-1,-1,8,E01021744,0,-1
2023631317210,2023,631317210,1,1,0,16,19,5,7,0,0,0,1,0,0,0,1,1,6,6,2,15,3,-1,-1,-1,-1,6,W01000509,0,-1
2023522400148,2023,522400148,1,1,0,18,19,2,6,0,0,8,0,0,0,0,2,1,1,1,1,35,6,-1,-1,-1,-1,10,E01014902,0,-1
2023010449005,2023,010449005,1,1,9,99,99,9,9,99,99,9,9,99,9,99,2,1,6,6,2,31,6,-1,-1,-1,-1,4,E01001727,0,-1
2023052300827,2023,052300827,1,9,0,4,4,3,7,0,0,0,0,0,0,0,3,1,6,6,3,-1,-1,-1,-1,-1,-1,-1,-1,0,-1
2023122301136,2023,122301136,2,9,0,18,19,5,1,6,6,0,1,0,1,7,1,2,6,6,1,33,6,-1,-1,-1,-1,-1,-1,0,-1
2023211343140,2023,211343140,1,9,0,18,19,8,4,0,0,0,0,0,0,0,2,1,6,6,3,30,6,-1,-1,-1,-1,-1,-1,0,-1
2023471346992,2023,471346992,2,1,0,18,19,1,5,4,4,1,0,0,1,0,1,1,5,6,1,32,6,-1,-1,-1,-1,5,E01003359,0,-1
2023340WN2622,2023,340WN2622,1,9,0,18,19,5,1,0,0,3,0,0,0,0,1,1,6,6,3,-1,-1,-1,-1,-1,-1,-1,-1,0,-1
2023461330180,2023,461330180,1,9,0,18,19,2,6,0,0,0,5,0,1,0,3,1,6,6,1,79,11,-1,-1,-1,-1,8,E01024012,0,-1
2023010438364,2023,010438364,2,9,0,99,99,9,9,99,99,9,9,99,9,99,1,9,6,6,3,26,6,-1,-1,-1,-1,9,E01017914,0,-1
2023341353686,2023,341353686,2,1,0,18,19,1,5,0,0,8,0,0,0,0,1,1,6,6,1,20,4,-1,-1,-1,-1,7,E01017545,0,-1
2023201305390,2023,201305390,1,9,0,18,19,3,7,0,0,1,0,0,0,0,1,1,6,6,1,-1,-1,-1,-1,-1,-1,-1,-1,0,-1
2023332300046,2023,332300046,1,1,0,18,19,2,6,0,0,0,0,0,0,0,2,1,2,2,1,59,9,-1,-1,-1,-1,7,E01025636,0,-1
2023010458245,2023,010458245,2,1,0,18,19,2,6,0,0,1,1,0,0,0,3,1,2,2,2,31,6,-1,-1,-1,-1,4,E01003043,0,-1
2023471384678,2023,471384678,2,1,0,18,19,8,4,0,0,0,0,0,0,0,2,1,6,6,2,47,8,-1,-1,-1,-1,10,E01031511,0,-1
2023070382973,2023,070382973,2,9,0,18,19,1,5,0,0,1,1,0,0,0,1,1,2,2,1,21,5,-1,-1,-1,-1,10,E01018392,0,-1
2023471264905,2023,471264905,1,9,0,18,19,2,5,0,0,4,0,0,0,0,1,1,6,6,3,-1,-1,-1,-1,-1,-1,-1,-1,0,-1
2023010423097,2023,010423097,2,1,0,18,19,7,3,0,0,1,0,0,0,0,1,1,1,1,1,33,6,-1,-1,-1,-1,2,E01004305,0,-1
202360A195052,2023,60A195052,2,1,0,18,19,3,7,0,0,1,0,0,0,0,4,1,6,6,1,40,7,-1,-1,-1,-1,-1,-1,0,-1
2023991353049,2023,991353049,1,9,0,11,11,6,2,0,0,3,0,0,0,0,3,1,6,6,3,-1,-1,-1,-1,-1,-1,-1,-1,0,-1
2023610022223,2023,610022223,1,23,0,18,19,3,7,0,0,0,0,0,0,0,4,1,6,6,1,18,4,-1,-1,-1,-1,1,W01001643,0,-1
2023421380607,2023,421380607,1,9,0,18,19,5,1,0,0,0,0,0,0,0,0,1,6,6,3,-1,-1,-1,-1,-1,-1,-1,-1,0,-1
2023471374452,2023,471374452,1,9,0,18,19,1,5,0,0,0,0,0,0,0,1,1,6,6,1,-1,-1,-1,-1,-1,-1,-1,-1,0,-1
2023430017716,2023,430017716,2,9,0,18,19,2,6,0,0,8,0,0,0,0,1,1,6,6,2,64,9,-1,-1,-1,-1,-1,-1,0,-1
2023501347843,2023,501347843,1,9,-1,-1,-1,7,3,-1,-1,0,-1,-1,-1,0,-1,1,6,6,2,45,7,-1,-1,-1,-1,4,E01020087,0,-1
2023131311676,2023,131311676,1,90,0,18,19,1,1,0,0,0,0,0,0,0,1,1,1,1,1,50,8,-1,-1,-1,-1,2,E01007443,0,-1
2023010442720,2023,010442720,2,9,0,99,99,9,9,99,99,9,9,99,9,99,0,9,6,6,3,-1,-1,-1,-1,-1,-1,-1,-1,0,-1
2023430548009,2023,430548009,1,1,0,18,19,3,7,0,0,0,0,0,0,0,1,1,6,6,2,30,6,-1,-1,-1,-1,-1,-1,0,-1
2023201368196,2023,201368196,1,9,0,18,19,8,4,0,0,8,0,0,0,0,1,1,6,6,3,-1,-1,-1,-1,-1,-1,-1,-1,0,-1
2023991262809,2023,991262809,2,1,0,18,19,8,4,0,0,1,0,0,0,0,1,1,2,2,1,42,7,-1,-1,-1,-1,9,-1,0,-1
2023010452390,2023,010452390,1,1,9,99,99,9,9,99,99,9,9,99,9,99,9,1,2,2,1,22,5,-1,-1,-1,-1,3,E01004031,0,-1
2023010481017,2023,010481017,1,21,1,18,19,3,7,0,0,0,0,6,0,0,1,2,1,1,1,48,8,-1,-1,-1,-1,-1,-1,0,-1
2023631343158,2023,631343158,1,1,0,18,19,6,2,0,0,8,0,0,0,0,1,1,6,6,1,11,3,-1,-1,-1,-1,2,W01000498,0,-1
2023520000621,2023,520000621,2,19,0,18,19,1,5,0,0,0,0,0,0,0,3,1,6,6,1,53,8,-1,-1,-1,-1,9,E01029718,0,-1
2023010453546,2023,010453546,2,19,0,18,19,1,5,0,0,8,0,0,0,0,1,1,6,6,3,-1,-1,-1,-1,-1,-1,-1,-1,0,-1
2023610044823,2023,610044823,2,21,1,18,19,2,6,0,0,0,0,0,0,0,1,1,1,1,1,26,6,-1,-1,-1,-1,4,E01029797,0,-1
2023010420536,2023,010420536,2,90,9,99,99,9,9,0,0,9,9,99,9,99,1,9,6,6,3,-1,-1,-1,-1,-1,-1,-1,-1,0,-1
2023010440605,2023,010440605,2,1,0,18,19,1,5,0,0,0,0,0,0,0,1,1,6,6,2,16,4,-1,-1,-1,-1,4,E01033725,0,-1
2023461341480,2023,461341480,1,9,0,9,9,1,3,0,0,8,0,0,0,0,4,1,5,6,1,52,8,-1,-1,-1,-1,5,E01024205,0,-1
2023320522293,2023,320522293,1,9,0,4,4,7,2,0,0,4,0,0,0,0,4,1,6,6,2,38,7,-1,-1,-1,-1,8,E01026035,0,-1
2023545327123,2023,545327123,1,1,0,18,19,8,4,0,0,6,0,0,0,0,1,1,4,7,1,12,3,-1,-1,-1,-1,8,E01015549,0,-1
2023131265324,2023,131265324,1,9,0,18,19,5,1,0,0,6,0,0,0,0,-1,1,6,6,3,-1,-1,-1,-1,-1,-1,-1,-1,0,-1
2023451415620,2023,451415620,1,9,0,18,19,3,1,0,0,0,0,0,0,0,1,1,6,6,3,38,7,-1,-1,-1,-1,-1,-1,0,-1
2023010434832,2023,010434832,1,9,0,5,5,4,8,0,0,0,0,0,0,0,1,1,1,1,1,38,7,-1,-1,-1,-1,4,E01002964,0,-1
2023161312990,2023,161312990,2,1,0,17,19,5,3,0,0,8,0,0,0,0,2,1,6,6,1,26,6,-1,-1,-1,-1,-1,-1,0,-1
2023471316819,2023,471316819,2,1,0,18,19,7,3,4,4,1,0,0,0,0,3,1,6,6,1,82,11,-1,-1,-1,-1,9,E01031422,0,-1
202354D086823,2023,54D086823,2,1,0,18,19,8,4,0,0,0,0,0,1,9,3,1,2,2,2,34,6,-1,-1,-1,-1,6,E01032696,0,-1
2023111280842,2023,111280842,1,98,0,18,19,1,5,0,0,0,0,0,0,0,1,1,6,6,3,30,6,-1,-1,-1,-1,-1,-1,0,-1
2023010461268,2023,010461268,2,-1,0,18,19,3,7,0,0,1,0,0,0,0,1,1,6,6,1,42,7,-1,-1,-1,-1,2,E01003337,1,-1
2023421361980,2023,421361980,3,9,0,18,19,3,7,0,0,0,0,0,0,0,2,1,2,2,1,39,7,-1,-1,-1,-1,8,E01021731,0,-1
2023311348027,2023,311348027,2,1,0,13,13,7,3,0,0,0,0,0,0,0,2,1,5,6,1,12,3,-1,-1,-1,-1,-1,-1,0,-1
2023471290136,2023,471290136,2,1,0,18,19,4,8,0,0,1,1,0,0,0,4,1,5,6,2,21,5,-1,-1,-1,-1,3,E01031400,0,-1
2023461324318,2023,461324318,1,21,-1,-1,-1,-1,-1,-1,-1,0,-1,-1,-1,0,1,1,6,6,3,-1,-1,-1,-1,-1,-1,-1,-1,0,-1
2023610023223,2023,610023223,4,9,0,18,19,7,3,0,0,0,0,0,0,0,0,1,6,6,3,-1,-1,-1,-1,-1,-1,-1,-1,0,-1
2023311262194,2023,311262194,2,9,0,7,7,3,1,0,0,2,0,0,0,0,1,1,6,6,2,58,9,-1,-1,-1,-1,1,E01013881,0,-1
2023052300065,2023,052300065,2,9,0,17,19,8,5,0,0,8,0,0,0,0,3,1,6,6,1,30,6,-1,-1,-1,-1,-1,-1,0,-1
2023010476284,2023,010476284,1,1,9,99,99,9,9,99,99,9,9,99,9,99,9,1,6,6,1,54,8,-1,-1,-1,-1,8,E01001925,0,-1
2023010482561,2023,010482561,1,1,9,99,99,9,9,99,99,9,9,99,9,99,9,1,2,2,1,59,9,-1,-1,-1,-1,6,E01000881,0,-1
2023201277440,2023,201277440,2,9,0,2,2,0,0,0,0,1,0,0,0,0,3,1,6,6,3,-1,-1,-1,-1,-1,-1,-1,-1,0,-1
2023010444287,2023,010444287,2,1,0,16,19,5,6,4,4,2,5,0,0,0,4,1,1,1,2,36,7,-1,-1,-1,-1,5,E01004370,0,-1
2023131321164,2023,131321164,2,1,0,18,19,2,6,0,0,4,0,0,0,0,4,1,5,6,1,56,9,-1,-1,-1,-1,6,E01011299,0,-1
2023411363923,2023,411363923,2,1,0,17,19,7,3,0,0,8,0,0,0,0,4,1,6,6,1,21,5,-1,-1,-1,-1,-1,-1,0,-1
2023461308293,2023,461308293,1,90,-1,-1,-1,-1,-1,-1,-1,0,-1,-1,-1,0,-1,1,6,6,2,-1,-1,-1,-1,-1,-1,-1,-1,0,-1
2023122300797,2023,122300797,1,9,0,18,19,4,8,0,0,1,0,0,0,0,0,1,6,6,3,-1,-1,-1,-1,-1,-1,-1,-1,0,-1
2023531366681,2023,531366681,2,1,0,18,19,1,5,0,0,1,0,0,0,0,4,1,2,2,1,27,6,-1,-1,-1,-1,8,E01022116,0,-1
2023201294248,2023,201294248,1,9,0,18,19,4,8,0,0,0,0,0,0,0,1,1,6,6,3,-1,-1,-1,-1,-1,-1,-1,-1,0,-1
2023461369700,2023,461369700,2,1,0,18,19,2,8,0,0,2,0,0,0,0,2,1,6,6,1,78,11,-1,-1,-1,-1,7,E01024743,0,-1
2023461370073,2023,461370073,2,1,0,18,19,3,7,0,0,0,0,0,0,0,1,1,6,6,1,-1,-1,-1,-1,-1,-1,-1,-1,0,-1
2023010452661,2023,010452661,2,1,0,18,19,1,5,0,0,8,0,0,0,0,1,1,6,6,1,24,5,-1,-1,-1,-1,3,E01000644,0,-1
2023070364733,2023,070364733,3,9,0,13,13,4,8,0,0,0,0,0,0,0,0,1,6,6,1,-1,-1,-1,-1,-1,-1,-1,-1,0,-1
2023010446994,2023,010446994,2,9,9,99,99,9,9,99,99,9,9,99,9,99,9,9,6,6,3,-1,-1,-1,-1,-1,-1,-1,-1,0,-1
2023010447289,2023,010447289,2,9,0,12,12,1,5,0,0,0,0,0,0,0,2,1,6,6,3,-1,-1,-1,-1,-1,-1,-1,-1,0,-1
2023991355810,2023,991355810,3,9,0,10,10,1,7,0,0,2,0,0,0,0,2,1,1,1,1,38,7,-1,-1,-1,-1,8,-1,0,-1
2023010480688,2023,010480688,1,90,9,99,99,9,9,99,99,9,9,99,9,99,9,9,6,6,3,-1,-1,-1,-1,-1,-1,-1,-1,0,-1
2023010464794,2023,010464794,2,1,0,18,19,8,4,0,0,1,0,0,0,0,1,1,6,6,1,28,6,-1,-1,-1,-1,1,E01000551,0,-1
2023430205805,2023,430205805,3,9,0,18,19,3,7,0,0,0,0,0,0,0,3,1,6,6,1,55,8,-1,-1,-1,-1,5,E01002411,0,-1
2023010482058,2023,010482058,1,97,0,99,99,9,9,99,99,0,9,99,9,99,9,1,6,6,3,-1,-1,-1,-1,-1,-1,-1,-1,0,-1
2023010440338,2023,010440338,1,1,0,18,19,1,5,0,0,8,9,99,0,0,1,1,2,2,1,28,6,-1,-1,-1,-1,5,E01004648,0,-1
2023010478057,2023,010478057,2,3,0,9,9,2,8,0,0,1,0,0,0,0,1,1,6,6,3,-1,-1,-1,-1,-1,-1,-1,-1,0,-1
2023351267281,2023,351267281,1,9,-1,18,19,-1,-1,0,0,0,0,11,0,0,1,1,6,6,3,-1,-1,-1,-1,-1,-1,-1,-1,0,-1
2023430297468,2023,430297468,1,9,0,7,7,4,6,0,0,6,0,0,0,0,1,1,6,6,1,45,7,-1,-1,-1,-1,-1,-1,0,-1
2023440471898,2023,440471898,1,-1,0,18,19,3,7,0,0,8,0,0,0,0,4,1,2,2,1,56,9,-1,-1,-1,-1,7,E01022481,1,-1
2023451288392,2023,451288392,2,9,0,18,19,1,1,0,0,0,0,0,0,0,1,1,6,6,3,40,7,-1,-1,-1,-1,-1,-1,0,-1
2023520301157,2023,520301157,1,9,0,13,13,2,6,0,0,0,0,0,0,0,1,1,6,6,1,23,5,-1,-1,-1,-1,1,E01011792,0,-1
2023421323466,2023,421323466,2,1,0,18,19,6,2,0,0,0,0,0,0,0,2,1,4,7,1,11,3,-1,-1,-1,-1,-1,-1,0,-1
2023421354379,2023,421354379,2,1,0,18,19,3,7,0,0,1,0,0,0,0,1,1,6,6,1,-1,-1,-1,-1,-1,-1,4,E01021265,0,-1
2023451396136,2023,451396136,2,22,0,18,19,3,7,0,0,0,5,0,0,0,3,1,5,6,2,78,11,-1,-1,-1,-1,10,E01030627,0,-1
2023101353485,2023,101353485,1,9,-1,5,5,6,1,0,0,0,0,0,0,0,2,1,6,6,3,-1,-1,-1,-1,-1,-1,-1,-1,0,-1
2023531375464,2023,531375464,1,98,0,18,19,1,5,0,0,1,0,0,3,0,1,1,6,6,3,-1,-1,-1,-1,-1,-1,-1,-1,0,-1
2023361362871,2023,361362871,2,1,0,18,19,2,6,0,0,3,5,0,0,0,2,1,6,6,1,62,9,-1,-1,-1,-1,-1,-1,0,-1
2023201292390,2023,201292390,2,1,0,14,14,3,7,0,0,8,0,0,0,0,1,1,6,6,1,29,6,-1,-1,-1,-1,9,E01010222,0,-1
2023201404692,2023,201404692,2,9,0,18,19,2,6,0,0,8,0,0,0,0,4,1,2,2,1,33,6,-1,-1,-1,-1,2,E01008915,0,-1
2023122301273,2023,122301273,1,9,9,99,99,1,2,0,0,0,9,99,9,99,9,9,6,6,3,-1,-1,-1,-1,-1,-1,-1,-1,0,-1
2023421330262,2023,421330262,3,9,0,10,10,4,3,0,0,0,0,0,0,0,2,1,6,6,1,47,8,-1,-1,-1,-1,9,E01002270,0,-1
2023451319691,2023,451319691,1,9,0,12,12,3,7,0,0,0,0,0,0,0,0,1,6,6,3,28,6,-1,-1,-1,-1,-1,-1,0,-1
2023010443640,2023,010443640,1,1,9,99,99,9,9,99,99,9,9,99,9,99,9,1,2,2,2,29,6,-1,-1,-1,-1,2,E01004271,0,-1
2023522301844,2023,522301844,1,1,0,3,3,7,3,0,0,1,0,0,0,0,2,1,6,6,2,46,8,-1,-1,-1,-1,10,E01014711,0,-1
2023010473839,2023,010473839,1,1,9,99,99,9,9,99,99,9,9,99,9,99,1,1,2,2,2,24,5,-1,-1,-1,-1,3,E01003562,0,-1
2023010461858,2023,010461858,2,98,1,99,99,9,9,0,0,0,9,99,9,99,1,9,6,6,3,-1,-1,-1,-1,-1,-1,-1,-1,0,-1
2023201389014,2023,201389014,1,9,0,18,19,1,5,0,0,0,0,0,0,0,1,1,6,6,3,-1,-1,-1,-1,-1,-1,-1,-1,0,-1
2023351314179,2023,351314179,2,1,-1,18,19,2,7,5,5,0,0,0,0,0,0,1,2,2,1,57,9,-1,-1,-1,-1,9,E01017988,0,-1
2023161363852,2023,161363852,1,1,0,18,19,2,6,4,4,1,0,0,0,0,1,1,6,6,1,45,7,-1,-1,-1,-1,-1,-1,0,-1
2023471370346,2023,471370346,1,1,0,9,9,1,7,0,0,5,0,0,0,0,2,1,5,6,1,31,6,-1,-1,-1,-1,5,E01031731,0,-1
2023070689258,2023,070689258,2,1,0,18,19,3,7,0,0,8,0,0,0,0,3,1,6,6,1,39,7,-1,-1,-1,-1,2,E01012409,0,-1
2023471340455,2023,471340455,4,98,5,18,19,1,5,0,0,0,0,0,0,0,0,1,6,6,3,-1,-1,-1,-1,-1,-1,-1,-1,0,-1
2023522301203,2023,522301203,1,9,0,7,7,1,3,0,0,6,0,0,0,0,1,1,6,6,3,-1,-1,-1,-1,-1,-1,-1,-1,0,-1
2023461268174,2023,461268174,2,1,0,18,19,3,7,0,0,0,0,0,0,0,1,1,6,6,1,53,8,-1,-1,-1,-1,8,E01016101,0,-1
2023421347204,2023,421347204,1,21,1,12,12,7,3,0,0,0,0,0,0,0,1,1,1,1,1,46,8,-1,-1,-1,-1,-1,-1,0,-1
2023501344143,2023,501344143,2,1,0,18,19,5,1,0,0,6,2,0,0,0,1,1,5,6,1,13,3,-1,-1,-1,-1,5,E01020147,0,-1
2023131266491,2023,131266491,2,11,0,18,19,5,5,0,0,1,0,0,0,0,1,1,6,6,1,48,8,-1,-1,-1,-1,2,E01011043,0,-1
2023351365093,2023,351365093,2,1,0,18,19,3,7,0,0,1,0,0,0,0,2,1,2,2,1,60,9,-1,-1,-1,-1,3,E01015674,0,-1
2023010457275,2023,010457275,2,1,0,18,19,1,5,0,0,1,0,0,0,0,1,1,2,2,1,29,6,-1,-1,-1,-1,1,E01004199,0,-1
2023481377542,2023,481377542,1,1,0,18,19,7,3,0,0,8,0,0,0,0,1,1,2,2,1,62,9,-1,-1,-1,-1,-1,-1,0,-1
2023161379300,2023,161379300,2,8,0,3,3,7,3,0,0,0,0,0,0,0,4,1,1,1,1,-1,-1,-1,-1,-1,-1,-1,-1,0,-1
2023161297894,2023,161297894,1,8,0,5,5,1,5,0,0,0,0,0,0,0,1,1,1,1,1,-1,-1,-1,-1,-1,-1,-1,-1,0,-1
2023440214735,2023,440214735,1,1,0,18,19,4,8,0,0,0,0,0,0,0,1,1,2,2,1,65,9,-1,-1,-1,-1,4,E01017074,0,-1
2023010432351,2023,010432351,3,1,0,5,5,1,5,9,9,6,0,0,0,0,1,1,6,6,1,16,4,-1,-1,-1,-1,3,E01001819,0,-1
2023010470501,2023,010470501,1,1,0,14,14,7,3,0,0,8,0,0,0,0,1,1,2,2,1,24,5,-1,-1,-1,-1,6,E01001573,0,-1
2023371326915,2023,371326915,1,9,-1,-1,-1,7,1,-1,-1,-1,-1,-1,-1,0,3,1,6,6,3,-1,-1,-1,-1,-1,-1,-1,-1,0,-1
2023010448051,2023,010448051,1,97,0,18,19,5,1,0,0,8,0,0,0,0,2,1,6,6,3,-1,-1,-1,-1,-1,-1,-1,-1,0,-1
2023061298146,2023,061298146,2,-1,0,18,19,5,1,0,0,8,1,0,0,0,1,1,5,6,1,23,5,-1,-1,-1,-1,1,E01005610,1,-1
2023361393235,2023,361393235,2,90,-1,-1,-1,-1,-1,-1,-1,8,-1,-1,-1,0,4,1,6,6,3,-1,-1,-1,-1,-1,-1,-1,-1,0,-1
2023552300871,2023,552300871,2,1,0,18,19,6,2,4,4,0,0,0,0,0,4,1,6,6,2,52,8,-1,-1,-1,-1,10,E01025783,0,-1
2023461343757,2023,461343757,1,1,0,16,19,5,1,0,0,1,0,10,1,2,1,1,5,6,1,33,6,-1,-1,-1,-1,9,E01024834,0,-1
2023221352476,2023,221352476,2,9,0,5,5,6,2,0,0,0,0,0,0,0,1,1,6,6,2,37,7,-1,-1,-1,-1,-1,-1,0,-1
2023211354880,2023,211354880,1,9,0,18,19,1,5,0,0,0,0,0,0,0,1,1,6,6,2,-1,-1,-1,-1,-1,-1,-1,-1,0,-1
2023401340802,2023,401340802,2,19,0,18,19,1,5,0,0,1,0,0,1,0,1,1,6,6,2,52,8,-1,-1,-1,-1,-1,-1,0,-1
2023531292349,2023,531292349,1,9,0,3,3,4,8,0,0,1,0,0,0,0,4,1,6,6,3,-1,-1,-1,-1,-1,-1,-1,-1,0,-1
2023430573813,2023,430573813,1,5,0,17,19,3,8,0,0,1,0,0,0,0,4,1,6,6,1,62,9,-1,-1,-1,-1,3,E01016555,0,-1
2023052301714,2023,052301714,1,1,0,4,4,1,5,0,0,0,0,0,0,0,2,1,6,6,3,-1,-1,-1,-1,-1,-1,-1,-1,0,-1
2023451360563,2023,451360563,1,1,0,18,19,5,1,0,0,1,5,0,0,0,1,1,5,6,1,48,8,-1,-1,-1,-1,6,E01030550,0,-1
2023131298041,2023,131298041,2,9,0,18,19,1,5,0,0,0,0,0,0,0,4,1,1,1,1,32,6,-1,-1,-1,-1,1,E01011811,0,-1
2023631347144,2023,631347144,1,90,0,18,19,6,2,0,0,0,2,0,0,0,4,1,1,1,1,41,7,-1,-1,-1,-1,4,E01010072,0,-1
2023010454472,2023,010454472,1,1,9,99,99,9,9,99,99,9,9,99,9,99,1,1,6,6,1,53,8,-1,-1,-1,-1,8,E01000200,0,-1
2023131325701,2023,131325701,2,1,0,18,19,3,7,0,0,8,0,0,0,0,4,1,4,7,1,12,3,-1,-1,-1,-1,2,E01011255,0,-1
2023430133536,2023,430133536,2,1,0,18,19,6,2,0,0,8,0,0,0,0,4,1,6,6,2,76,11,-1,-1,-1,-1,10,E01016430,0,-1
2023471264366,2023,471264366,3,9,0,12,12,6,2,0,0,0,0,0,0,0,0,1,6,6,3,-1,-1,-1,-1,-1,-1,-1,-1,0,-1
2023221379294,2023,221379294,3,19,0,2,2,0,0,0,0,0,0,0,0,0,1,1,6,6,2,58,9,-1,-1,-1,-1,8,E01032349,0,-1
2023549792323,2023,549792323,1,1,0,18,19,1,5,0,0,0,0,0,0,0,1,1,6,6,1,48,8,-1,-1,-1,-1,8,E01015565,0,-1
2023421372099,2023,421372099,2,1,0,7,7,7,5,0,0,1,-1,-1,-1,0,4,1,5,6,1,61,9,-1,-1,-1,-1,5,E01021890,0,-1
2023010479705,2023,010479705,1,1,9,99,99,9,9,99,99,9,9,99,9,99,9,1,2,2,1,25,5,-1,-1,-1,-1,3,E01000947,0,-1
2023010448868,2023,010448868,1,1,9,99,99,9,9,99,99,9,9,99,9,99,2,1,2,2,1,38,7,-1,-1,-1,-1,-1,-1,0,-1
2023010444783,2023,010444783,2,1,0,18,19,1,5,0,0,8,0,0,0,0,1,1,1,1,1,32,6,-1,-1,-1,-1,5,E01000281,0,-1
2023010432138,2023,010432138,1,3,0,99,99,9,9,99,99,9,9,99,9,99,1,9,6,6,3,-1,-1,-1,-1,-1,-1,-1,-1,0,-1
2023201405027,2023,201405027,1,9,0,4,4,6,2,0,0,1,0,0,0,0,1,1,6,6,1,69,10,-1,-1,-1,-1,3,E01010042,0,-1
2023131342238,2023,131342238,2,1,0,18,19,7,3,0,0,2,0,0,0,0,1,1,1,1,1,20,4,-1,-1,-1,-1,7,E01010636,0,-1
2023622301021,2023,622301021,2,1,0,18,19,4,8,0,0,0,0,0,0,0,1,1,6,6,1,11,3,-1,-1,-1,-1,6,W01001861,0,-1
2023610049923,2023,610049923,1,9,0,18,19,4,8,0,0,0,0,4,0,0,1,1,6,6,1,32,6,-1,-1,-1,-1,6,W01001520,0,-1
2023302300788,2023,302300788,1,1,0,7,7,4,6,0,0,8,0,0,0,0,1,1,6,6,1,12,3,-1,-1,-1,-1,3,E01013531,0,-1
2023361311336,2023,361311336,3,9,0,18,19,1,3,0,0,0,0,0,0,0,0,1,1,1,1,24,5,-1,-1,-1,-1,-1,-1,0,-1
2023161354596,2023,161354596,2,1,0,18,19,3,7,0,0,1,0,0,0,0,4,1,2,2,2,59,9,-1,-1,-1,-1,3,E01012759,0,-1
2023211298545,2023,211298545,1,9,0,18,19,1,2,0,0,0,0,2,0,0,1,1,6,6,1,60,9,-1,-1,-1,-1,-1,-1,0,-1
2023010443133,2023,010443133,2,1,0,18,19,1,5,0,0,8,0,0,0,0,1,1,6,6,1,47,8,-1,-1,-1,-1,7,E01004499,0,-1
2023302301614,2023,302301614,2,1,0,18,19,6,2,0,0,0,0,0,0,0,1,1,6,6,1,23,5,-1,-1,-1,-1,10,E01013577,0,-1
2023421394753,2023,421394753,1,19,0,4,4,6,2,0,0,1,0,0,0,0,1,1,6,6,1,-1,-1,-1,-1,-1,-1,-1,-1,0,-1
2023041322510,2023,041322510,1,1,0,18,19,1,1,0,0,6,0,0,0,0,1,1,6,6,1,12,3,-1,-1,-1,-1,1,E01025112,0,-1
2023320345963,2023,320345963,2,1,0,18,19,1,5,0,0,0,5,0,0,0,0,1,6,6,1,10,2,-1,-1,-1,-1,-1,-1,0,-1