collision_index,collision_year,collision_ref_no,vehicle_reference,vehicle_type,towing_and_articulation,vehicle_manoeuvre_historic,vehicle_manoeuvre,vehicle_direction_from,vehicle_direction_to,vehicle_location_restricted_lane_historic,vehicle_location_restricted_lane,junction_location,skidding_and_overturning,hit_object_in_carriageway,vehicle_leaving_carriageway,hit_object_off_carriageway,first_point_of_impact,vehicle_left_hand_drive,journey_purpose_of_driver_historic,journey_purpose_of_driver,sex_of_driver,age_of_driver,age_band_of_driver,engine_capacity_cc,propulsion_code,age_of_vehicle,generic_make_model,driver_imd_decile,lsoa_of_driver,escooter_flag,driver_distance_banding
2023010423788,2023,010423788,2,9,0,18,19,3,7,0,0,1,0,0,0,0,1,1,2,2,1,28,6,-1,-1,-1,-1,3,E01004373,0,-1
2023451360760,2023,451360760,2,1,0,18,19,2,6,0,0,0,0,0,0,0,2,1,5,6,2,34,6,-1,-1,-1,-1,10,E01030489,0,-1
2023101380131,2023,101380131,2,1,0,18,19,1,5,0,0,1,0,0,0,0,1,1,1,1,1,39,7,-1,-1,-1,-1,1,E01008215,0,-1
2023052301858,2023,052301858,1,1,0,5,5,5,1,0,0,8,0,0,0,0,3,1,2,2,1,26,6,-1,-1,-1,-1,3,E01007208,0,-1
2023430183910,2023,430183910,1,19,0,18,19,7,3,0,0,0,0,0,0,0,3,1,6,6,3,-1,-1,-1,-1,-1,-1,-1,-1,0,-1
2023010429415,2023,010429415,2,9,0,9,9,1,7,0,0,2,0,0,0,0,1,1,6,6,3,-1,-1,-1,-1,-1,-1,-1,-1,0,-1
2023010443808,2023,010443808,1,-1,0,18,19,5,1,0,0,0,0,0,0,0,0,1,6,6,1,67,10,-1,-1,-1,-1,3,E01002780,1,-1
2023522300620,2023,522300620,1,1,0,18,19,7,3,0,0,8,0,0,0,0,3,1,6,6,1,29,6,-1,-1,-1,-1,4,E01014527,0,-1
2023010450762,2023,010450762,1,11,0,3,3,1,5,0,0,4,0,0,0,0,0,1,1,1,3,24,5,-1,-1,-1,-1,-1,-1,0,-1
2023010449163,2023,010449163,2,19,0,99,99,9,9,99,99,9,9,99,9,99,9,9,6,6,3,30,6,-1,-1,-1,-1,2,E01004332,0,-1
2023461387546,2023,461387546,1,9,0,9,9,8,6,0,0,1,0,0,0,0,4,1,6,6,3,-1,-1,-1,-1,-1,-1,-1,-1,0,-1
2023010431550,2023,010431550,2,9,9,99,99,9,9,99,99,9,9,99,9,99,2,9,6,6,3,-1,-1,-1,-1,-1,-1,-1,-1,0,-1
2023991311115,2023,991311115,1,9,0,9,9,8,5,0,0,8,0,0,0,0,4,1,6,6,1,40,7,-1,-1,-1,-1,-1,-1,0,-1
2023010448075,2023,010448075,1,1,0,17,19,1,5,0,0,2,0,0,0,0,3,1,6,6,1,46,8,-1,-1,-1,-1,6,E01001387,0,-1
2023991288341,2023,991288341,1,8,0,1,1,4,2,0,0,1,0,0,0,0,2,1,1,1,3,50,8,-1,-1,-1,-1,-1,-1,0,-1
2023411338857,2023,411338857,2,3,0,18,19,3,7,0,0,3,0,0,0,0,4,1,5,6,1,36,7,-1,-1,-1,-1,9,E01023674,0,-1
2023170M30393,2023,170M30393,2,1,0,18,19,6,2,0,0,8,0,0,0,0,1,1,6,6,1,35,6,-1,-1,-1,-1,7,E01012186,0,-1
2023070408475,2023,070408475,1,9,0,18,19,3,7,0,0,1,0,0,0,0,2,1,6,6,3,-1,-1,-1,-1,-1,-1,-1,-1,0,-1
2023471302665,2023,471302665,2,9,0,18,19,3,7,0,0,0,0,0,0,0,0,1,6,6,3,-1,-1,-1,-1,-1,-1,-1,-1,0,-1
2023161300710,2023,161300710,2,-1,0,18,19,5,1,0,0,0,0,0,0,0,1,1,5,6,2,-1,-1,-1,-1,-1,-1,-1,-1,1,-1
2023991313147,2023,991313147,2,21,0,18,19,2,6,0,0,0,0,0,0,0,0,1,6,6,3,50,8,-1,-1,-1,-1,-1,-1,0,-1
2023010467765,2023,010467765,1,1,9,99,99,9,9,99,99,9,9,99,9,99,2,1,2,2,3,37,7,-1,-1,-1,-1,4,E01002425,0,-1
2023131318059,2023,131318059,1,9,0,-1,-1,-1,-1,-1,-1,-1,-1,-1,-1,0,-1,1,6,6,3,-1,-1,-1,-1,-1,-1,-1,-1,0,-1
2023430506427,2023,430506427,2,-1,0,18,19,4,8,0,0,8,0,0,0,0,4,1,2,2,2,23,5,-1,-1,-1,-1,4,E01016514,1,-1
2023010486241,2023,010486241,2,9,0,99,99,9,9,99,99,9,9,99,9,99,1,9,6,6,3,-1,-1,-1,-1,-1,-1,8,E01002174,0,-1
2023010437270,2023,010437270,2,1,0,16,19,7,3,0,0,8,0,0,0,0,1,1,6,6,1,20,4,-1,-1,-1,-1,2,E01001748,0,-1
2023010439977,2023,010439977,2,9,9,99,99,9,9,99,99,9,9,99,9,99,1,9,6,6,1,-1,-1,-1,-1,-1,-1,-1,-1,0,-1
2023440317908,2023,440317908,2,1,0,18,19,6,2,0,0,8,0,0,0,0,4,1,2,2,1,21,5,-1,-1,-1,-1,3,E01017335,0,-1
2023421305467,2023,421305467,2,9,0,18,19,2,6,0,0,1,0,0,0,0,1,1,1,1,1,36,7,-1,-1,-1,-1,5,E01021922,0,-1
2023161388182,2023,161388182,1,2,0,18,19,3,7,0,0,1,0,0,0,0,1,1,6,6,1,40,7,-1,-1,-1,-1,1,E01013296,0,-1
202354C308723,2023,54C308723,1,9,0,18,19,7,3,0,0,1,0,0,0,0,4,1,6,6,3,-1,-1,-1,-1,-1,-1,-1,-1,0,-1
2023010448624,2023,010448624,1,1,9,99,99,9,9,99,99,9,9,99,9,99,1,1,2,2,1,46,8,-1,-1,-1,-1,9,E01003383,0,-1
2023141331199,2023,141331199,1,1,0,18,19,1,5,4,4,0,0,0,0,0,3,1,5,6,1,31,6,-1,-1,-1,-1,1,E01008084,0,-1
2023320545840,2023,320545840,1,22,0,1,1,7,3,9,9,0,5,0,0,0,0,1,6,6,1,91,11,-1,-1,-1,-1,1,E01026069,0,-1
2023421326943,2023,421326943,1,9,0,6,6,5,4,0,0,0,0,0,0,0,3,1,1,1,1,45,7,-1,-1,-1,-1,8,E01025663,0,-1
2023522300528,2023,522300528,2,9,0,9,9,2,1,0,0,5,0,0,0,0,3,1,6,6,3,-1,-1,-1,-1,-1,-1,-1,-1,0,-1
2023010452909,2023,010452909,2,1,0,18,19,1,5,0,0,1,0,8,0,0,1,1,6,6,2,37,7,-1,-1,-1,-1,6,E01002742,0,-1
2023041365530,2023,041365530,2,97,0,18,19,3,7,0,0,0,0,0,0,0,-1,1,5,6,1,31,6,-1,-1,-1,-1,4,E01012599,0,-1
2023211390368,2023,211390368,2,9,0,4,4,5,1,0,0,0,0,0,0,0,1,1,6,6,1,24,5,-1,-1,-1,-1,9,E01025947,0,-1
2023010419282,2023,010419282,1,9,0,18,19,5,1,0,0,1,0,0,0,0,1,1,6,6,1,57,9,-1,-1,-1,-1,-1,-1,0,-1
2023010468645,2023,010468645,1,1,9,99,99,9,9,99,99,9,9,99,9,99,9,1,2,2,1,25,5,-1,-1,-1,-1,5,E01000911,0,-1
2023161317831,2023,161317831,2,1,0,18,19,1,5,0,0,0,0,0,0,0,1,1,1,1,1,36,7,-1,-1,-1,-1,1,E01013201,0,-1
2023010465816,2023,010465816,2,9,0,99,99,9,9,99,99,9,9,99,9,99,9,9,6,6,3,-1,-1,-1,-1,-1,-1,-1,-1,0,-1
2023201278755,2023,201278755,2,1,0,9,9,4,2,0,0,6,0,0,0,0,3,1,1,1,1,35,6,-1,-1,-1,-1,10,E01009444,0,-1
2023010466453,2023,010466453,1,1,0,5,5,7,3,0,0,8,0,10,0,0,3,1,2,2,1,48,8,-1,-1,-1,-1,5,E01032771,0,-1
2023401262405,2023,401262405,1,9,0,18,19,-1,-1,0,0,8,0,0,0,0,1,1,6,6,3,-1,-1,-1,-1,-1,-1,-1,-1,0,-1
2023010470491,2023,010470491,1,19,0,18,19,7,3,0,0,0,0,0,0,0,0,1,1,1,1,67,10,-1,-1,-1,-1,3,E01002393,0,-1
2023170M10793,2023,170M10793,1,9,0,18,19,8,4,0,0,8,0,0,0,0,1,1,6,6,1,-1,-1,-1,-1,-1,-1,10,E01033479,0,-1
2023010448399,2023,010448399,1,9,0,18,19,5,1,0,0,8,0,0,0,0,1,1,6,6,3,-1,-1,-1,-1,-1,-1,-1,-1,0,-1
2023052302745,2023,052302745,2,1,0,18,19,6,2,0,0,8,0,0,0,0,1,1,6,6,2,57,9,-1,-1,-1,-1,2,E01006945,0,-1
2023471306374,2023,471306374,2,1,0,18,19,8,4,0,0,1,0,0,0,0,1,1,5,6,2,62,9,-1,-1,-1,-1,10,E01016984,0,-1
2023010463492,2023,010463492,2,19,0,99,99,9,9,99,99,9,9,99,0,0,9,9,6,6,3,-1,-1,-1,-1,-1,-1,-1,-1,0,-1
2023201296152,2023,201296152,2,1,0,18,19,3,7,0,0,8,0,0,0,0,2,1,2,2,1,62,9,-1,-1,-1,-1,2,E01010411,0,-1
2023061389967,2023,061389967,1,8,-1,-1,-1,-1,-1,-1,-1,0,-1,-1,-1,0,-1,1,1,1,3,-1,-1,-1,-1,-1,-1,-1,-1,0,-1
2023010460179,2023,010460179,2,19,9,9,9,6,4,0,0,1,0,99,9,99,9,9,6,6,3,-1,-1,-1,-1,-1,-1,-1,-1,0,-1
2023131285228,2023,131285228,2,1,0,18,19,2,6,0,0,6,0,0,0,0,1,1,4,7,1,13,3,-1,-1,-1,-1,4,E01011891,0,-1
2023010433123,2023,010433123,1,1,9,99,99,9,9,99,99,9,9,99,9,99,9,1,6,6,2,19,4,-1,-1,-1,-1,4,E01002677,0,-1
2023161287323,2023,161287323,1,9,0,5,5,6,2,0,0,8,0,0,0,0,1,1,6,6,1,43,7,-1,-1,-1,-1,2,E01012821,0,-1
2023451364664,2023,451364664,2,1,0,9,9,8,4,0,0,1,0,0,0,0,3,1,2,2,2,54,8,-1,-1,-1,-1,10,E01030584,0,-1
2023302301609,2023,302301609,1,9,0,7,7,1,3,0,0,0,0,0,0,0,3,1,6,6,3,-1,-1,-1,-1,-1,-1,5,E01019456,0,-1
2023201413583,2023,201413583,1,9,0,5,5,4,8,0,0,1,0,0,0,0,2,1,6,6,3,-1,-1,-1,-1,-1,-1,-1,-1,0,-1
2023010424400,2023,010424400,1,1,9,99,99,9,9,99,99,9,9,99,9,99,1,1,2,2,2,48,8,-1,-1,-1,-1,2,E01003041,0,-1
2023010442137,2023,010442137,2,90,9,5,5,3,7,99,99,6,9,99,9,0,9,9,6,6,3,-1,-1,-1,-1,-1,-1,-1,-1,0,-1
2023522301112,2023,522301112,2,11,0,18,19,8,4,0,0,1,0,0,0,0,1,1,1,1,1,-1,-1,-1,-1,-1,-1,-1,-1,0,-1
2023041370384,2023,041370384,2,1,0,18,19,3,7,0,0,8,0,0,0,0,3,1,5,6,1,16,4,-1,-1,-1,-1,6,E01025421,0,-1
2023421281040,2023,421281040,2,-1,0,18,19,5,1,0,0,6,0,0,0,0,3,1,6,6,1,15,3,-1,-1,-1,-1,1,E01021290,1,-1
2023411271052,2023,411271052,2,9,0,18,19,1,5,0,0,8,0,0,0,0,1,1,6,6,3,-1,-1,-1,-1,-1,-1,-1,-1,0,-1
2023471292245,2023,471292245,3,9,0,2,2,0,0,0,0,0,0,4,0,0,4,1,6,6,3,-1,-1,-1,-1,-1,-1,-1,-1,0,-1
2023010421197,2023,010421197,1,1,9,99,99,9,9,99,99,9,9,99,9,99,1,1,6,6,2,55,8,-1,-1,-1,-1,7,E01001918,0,-1
2023161332549,2023,161332549,1,19,0,13,13,6,2,0,0,0,0,0,0,0,4,1,6,6,1,-1,-1,-1,-1,-1,-1,-1,-1,0,-1
2023520301348,2023,520301348,2,1,0,18,19,4,8,0,0,0,0,0,0,0,1,1,6,6,1,58,9,-1,-1,-1,-1,7,E01031857,0,-1
2023421361116,2023,421361116,2,1,0,18,19,1,5,0,0,0,0,0,0,0,1,1,6,6,1,12,3,-1,-1,-1,-1,3,E01021649,0,-1
2023010478028,2023,010478028,1,1,9,99,99,9,9,99,99,9,9,99,9,99,1,1,2,2,1,33,6,-1,-1,-1,-1,2,E01004364,0,-1
2023010461016,2023,010461016,2,1,0,9,9,3,1,0,0,1,0,0,0,0,4,1,6,6,1,28,6,-1,-1,-1,-1,2,E01004239,0,-1
202360A137656,2023,60A137656,1,9,0,18,19,3,7,0,0,1,0,0,0,0,0,1,6,6,3,-1,-1,-1,-1,-1,-1,-1,-1,0,-1
2023501383792,2023,501383792,1,9,0,18,19,1,5,0,0,1,0,0,0,0,1,1,6,6,3,-1,-1,-1,-1,-1,-1,-1,-1,0,-1
2023111380256,2023,111380256,1,9,0,13,13,3,7,6,6,6,0,0,0,0,3,1,6,6,3,30,6,-1,-1,-1,-1,-1,-1,0,-1
2023010434422,2023,010434422,2,9,9,99,99,9,9,99,99,9,9,99,9,99,1,9,6,6,3,-1,-1,-1,-1,-1,-1,-1,-1,0,-1
2023501347998,2023,501347998,2,1,0,18,19,3,7,0,0,6,0,0,0,0,1,1,5,6,2,86,11,-1,-1,-1,-1,6,E01018764,0,-1
2023610037523,2023,610037523,2,1,0,18,19,5,1,0,0,8,0,0,0,0,4,1,6,6,1,20,4,-1,-1,-1,-1,8,W01001677,0,-1
2023451333794,2023,451333794,2,1,0,18,19,1,5,0,0,1,0,0,0,0,1,1,6,6,2,32,6,-1,-1,-1,-1,9,E01002988,0,-1
2023311304083,2023,311304083,1,1,0,18,19,3,7,9,9,0,0,0,1,0,2,1,4,7,1,12,3,-1,-1,-1,-1,5,E01027943,0,-1
2023010461522,2023,010461522,2,9,0,99,99,9,9,99,99,9,9,99,9,99,9,9,6,6,3,-1,-1,-1,-1,-1,-1,-1,-1,0,-1
2023010475428,2023,010475428,1,1,9,99,99,9,9,99,99,9,9,99,9,99,1,1,2,2,1,25,5,-1,-1,-1,-1,2,E01004231,0,-1
2023010427399,2023,010427399,2,1,0,18,19,3,7,0,0,1,0,8,0,0,1,1,2,2,1,57,9,-1,-1,-1,-1,3,E01000984,0,-1
2023549716123,2023,549716123,1,9,0,18,19,3,7,0,0,1,0,0,0,0,3,1,6,6,3,-1,-1,-1,-1,-1,-1,-1,-1,0,-1
2023522301477,2023,522301477,1,9,0,18,19,2,6,0,0,0,0,0,0,0,2,1,6,6,1,30,6,-1,-1,-1,-1,-1,-1,0,-1
2023991375912,2023,991375912,1,9,0,4,4,4,1,0,0,1,0,4,0,0,1,1,6,6,1,72,10,-1,-1,-1,-1,-1,-1,0,-1
2023541373523,2023,541373523,2,19,0,10,10,4,1,0,0,1,0,0,0,0,1,1,1,1,1,-1,-1,-1,-1,-1,-1,2,E01015542,0,-1
2023010440155,2023,010440155,1,1,9,99,99,9,9,99,99,9,9,99,9,99,1,1,6,6,1,25,5,-1,-1,-1,-1,2,E01003983,0,-1
2023552300604,2023,552300604,2,9,0,18,19,7,3,0,0,8,0,0,0,0,1,1,6,6,3,-1,-1,-1,-1,-1,-1,-1,-1,0,-1
2023161306628,2023,161306628,1,19,0,18,19,6,2,0,0,1,0,0,0,0,1,1,1,1,1,42,7,-1,-1,-1,-1,10,E01013090,0,-1
2023411316801,2023,411316801,1,9,0,18,19,-1,-1,0,0,4,0,0,0,0,1,1,6,6,3,-1,-1,-1,-1,-1,-1,-1,-1,0,-1
2023010467499,2023,010467499,1,1,0,4,4,1,5,0,0,0,1,0,0,0,1,1,6,6,1,21,5,-1,-1,-1,-1,-1,-1,0,-1
2023471377875,2023,471377875,2,1,0,18,19,1,5,0,0,8,0,0,0,0,1,1,1,1,1,41,7,-1,-1,-1,-1,8,E01021196,0,-1
2023131321707,2023,131321707,2,1,0,18,19,4,8,4,4,1,0,0,0,0,0,1,2,2,2,37,7,-1,-1,-1,-1,3,E01011478,0,-1
2023440407313,2023,440407313,1,1,0,18,19,2,6,0,0,0,0,0,0,0,1,1,2,2,1,60,9,-1,-1,-1,-1,6,E01022679,0,-1
2023401311823,2023,401311823,1,98,0,5,5,-1,-1,0,0,4,0,0,0,0,4,1,6,6,3,-1,-1,-1,-1,-1,-1,-1,-1,0,-1
2023471278984,2023,471278984,1,9,0,18,19,7,3,0,0,0,0,0,0,0,1,1,5,6,1,74,10,-1,-1,-1,-1,8,E01021134,0,-1
2023010484917,2023,010484917,1,1,9,99,99,9,9,99,99,9,9,99,9,99,9,1,2,2,1,27,6,-1,-1,-1,-1,2,E01003093,0,-1
2023401355074,2023,401355074,1,9,0,18,19,-1,-1,0,0,2,0,0,0,0,1,1,6,6,3,-1,-1,-1,-1,-1,-1,-1,-1,0,-1
2023010464571,2023,010464571,2,1,0,18,19,5,1,0,0,3,0,0,0,0,1,1,6,6,1,33,6,-1,-1,-1,-1,6,E01001070,0,-1
2023010427019,2023,010427019,2,9,0,18,19,3,7,0,0,1,0,0,0,0,1,1,6,6,3,-1,-1,-1,-1,-1,-1,-1,-1,0,-1
2023522400860,2023,522400860,1,9,0,18,19,1,5,0,0,8,1,0,3,11,1,1,6,6,1,52,8,-1,-1,-1,-1,9,E01012598,0,-1
2023041266109,2023,041266109,1,9,0,9,9,1,5,9,9,0,0,0,0,0,1,1,3,7,1,47,8,-1,-1,-1,-1,7,E01024955,0,-1
2023161308092,2023,161308092,1,17,0,18,19,7,3,0,0,0,0,0,0,0,4,1,1,1,1,57,9,-1,-1,-1,-1,7,-1,0,-1
2023440000347,2023,440000347,1,9,0,6,6,6,6,0,0,1,0,0,0,0,1,1,6,6,3,-1,-1,-1,-1,-1,-1,-1,-1,0,-1
2023351286512,2023,351286512,1,9,0,18,19,-1,-1,0,0,0,0,0,0,0,1,1,6,6,2,-1,-1,-1,-1,-1,-1,-1,-1,0,-1
2023052302921,2023,052302921,2,1,0,18,19,7,5,0,0,0,0,0,0,0,1,1,4,7,1,13,3,-1,-1,-1,-1,8,E01007315,0,-1
2023061280024,2023,061280024,1,9,-1,9,9,2,7,0,0,6,0,0,0,0,1,1,6,6,2,-1,-1,-1,-1,-1,-1,-1,-1,0,-1
2023010453628,2023,010453628,1,19,0,7,7,4,7,0,0,1,0,0,0,0,4,1,6,6,3,-1,-1,-1,-1,-1,-1,-1,-1,0,-1
2023501363315,2023,501363315,2,8,0,7,7,3,7,0,0,2,0,0,0,0,1,1,6,6,3,-1,-1,-1,-1,-1,-1,-1,-1,0,-1
2023221274194,2023,221274194,1,9,0,18,19,8,4,0,0,1,0,0,0,0,1,1,6,6,3,31,6,-1,-1,-1,-1,-1,-1,0,-1
2023111289663,2023,111289663,2,9,0,10,10,3,1,0,0,1,0,0,0,0,1,1,6,6,1,37,7,-1,-1,-1,-1,2,E01020897,0,-1
2023471353393,2023,471353393,1,-1,0,17,19,8,4,0,0,1,0,0,0,0,1,1,5,6,1,32,6,-1,-1,-1,-1,5,E01031385,1,-1
2023541603023,2023,541603023,1,9,0,7,7,5,3,0,0,8,0,0,0,0,1,1,6,6,3,-1,-1,-1,-1,-1,-1,-1,-1,0,-1
2023010478731,2023,010478731,2,1,0,18,19,7,3,0,0,0,1,0,0,0,2,1,6,6,1,17,4,-1,-1,-1,-1,3,E01001229,0,-1
2023421358656,2023,421358656,1,9,0,18,19,7,3,0,0,0,0,0,0,0,1,1,1,1,2,45,7,-1,-1,-1,-1,2,E01015657,0,-1
2023010475780,2023,010475780,2,9,0,99,99,9,9,99,99,0,9,99,9,99,2,9,6,6,3,-1,-1,-1,-1,-1,-1,-1,-1,0,-1
2023010435960,2023,010435960,1,1,9,99,99,9,9,4,4,0,9,99,9,99,1,1,2,2,1,47,8,-1,-1,-1,-1,6,E01001254,0,-1
2023340WN2172,2023,340WN2172,1,1,0,9,9,7,5,0,0,1,5,0,0,0,1,1,6,6,1,33,6,-1,-1,-1,-1,5,E01027136,0,-1
2023430273136,2023,430273136,1,1,0,18,19,6,2,0,0,0,0,0,0,0,1,1,6,6,1,56,9,-1,-1,-1,-1,10,E01016291,0,-1
2023471319059,2023,471319059,1,1,0,18,19,1,5,9,9,1,0,0,0,0,1,1,6,6,3,-1,-1,-1,-1,-1,-1,-1,-1,0,-1
2023440077842,2023,440077842,1,9,0,18,19,2,6,0,0,8,2,0,3,10,1,1,6,6,2,53,8,-1,-1,-1,-1,3,E01016505,0,-1
2023371325934,2023,371325934,2,9,0,18,19,7,3,0,0,0,0,0,0,0,0,1,6,6,3,-1,-1,-1,-1,-1,-1,-1,-1,0,-1
2023991264114,2023,991264114,1,9,0,18,19,8,4,0,0,0,2,0,2,11,1,1,6,6,1,29,6,-1,-1,-1,-1,3,-1,0,-1
2023461350017,2023,461350017,1,90,0,18,19,1,5,0,0,1,5,0,0,0,1,1,6,6,1,27,6,-1,-1,-1,-1,4,E01024312,0,-1
2023010446288,2023,010446288,1,1,9,99,99,9,9,99,99,9,9,99,9,99,9,1,6,6,1,-1,-1,-1,-1,-1,-1,-1,-1,0,-1
2023302300488,2023,302300488,1,9,0,18,19,8,5,0,0,1,0,0,0,0,1,1,6,6,1,35,6,-1,-1,-1,-1,3,E01019675,0,-1
2023501365856,2023,501365856,1,9,0,7,7,4,5,0,0,6,0,0,0,0,4,1,6,6,2,-1,-1,-1,-1,-1,-1,-1,-1,0,-1
2023340WN6522,2023,340WN6522,1,9,0,18,19,6,2,0,0,2,0,0,0,0,1,1,6,6,2,-1,-1,-1,-1,-1,-1,-1,-1,0,-1
202354B363923,2023,54B363923,1,1,0,18,19,6,2,0,0,0,0,4,0,0,3,1,6,6,1,42,7,-1,-1,-1,-1,8,E01032058,0,-1
2023211364501,2023,211364501,2,1,0,18,19,1,5,0,0,0,5,0,0,0,2,1,5,6,1,47,8,-1,-1,-1,-1,4,E01018402,0,-1
2023401288882,2023,401288882,2,9,0,18,19,3,7,0,0,1,0,0,0,0,1,1,6,6,3,-1,-1,-1,-1,-1,-1,-1,-1,0,-1
2023010463218,2023,010463218,2,1,0,15,15,5,1,0,0,2,0,0,0,0,4,1,6,6,1,40,7,-1,-1,-1,-1,2,E01001113,0,-1
2023141311796,2023,141311796,2,9,0,7,7,6,8,0,0,1,0,0,0,0,4,1,6,6,3,-1,-1,-1,-1,-1,-1,-1,-1,0,-1
2023161333278,2023,161333278,2,1,0,18,19,2,6,0,0,2,0,0,0,0,3,1,6,6,2,36,7,-1,-1,-1,-1,5,E01012910,0,-1
202360A123501,2023,60A123501,2,1,0,18,19,8,4,0,0,0,0,0,0,0,2,1,6,6,1,64,9,-1,-1,-1,-1,-1,-1,0,-1
2023010460311,2023,010460311,3,19,3,18,19,6,2,0,0,0,0,0,0,0,1,1,6,6,3,-1,-1,-1,-1,-1,-1,-1,-1,0,-1
2023010434940,2023,010434940,2,98,0,16,19,1,3,0,0,1,0,0,0,0,1,1,6,6,1,59,9,-1,-1,-1,-1,-1,-1,0,-1
2023221390989,2023,221390989,2,1,0,18,19,5,1,0,0,0,0,0,0,0,2,1,2,2,1,19,4,-1,-1,-1,-1,5,E01032414,0,-1
2023010446755,2023,010446755,2,9,0,99,99,9,9,99,99,9,9,99,9,99,9,9,6,6,3,-1,-1,-1,-1,-1,-1,-1,-1,0,-1
2023010452320,2023,010452320,2,9,0,4,4,7,3,0,0,0,0,0,0,0,1,1,6,6,3,-1,-1,-1,-1,-1,-1,-1,-1,0,-1
2023311321124,2023,311321124,1,90,0,18,19,1,3,0,0,2,0,0,0,0,1,1,5,6,1,42,7,-1,-1,-1,-1,-1,-1,0,-1
2023401366008,2023,401366008,1,9,0,18,19,1,7,0,0,8,0,0,0,0,1,1,6,6,1,-1,-1,-1,-1,-1,-1,-1,-1,0,-1
2023010473805,2023,010473805,2,9,0,18,19,2,6,0,0,3,0,0,0,0,1,1,6,6,3,-1,-1,-1,-1,-1,-1,-1,-1,0,-1
2023010480942,2023,010480942,2,1,0,4,4,7,3,0,0,1,0,0,0,0,1,1,6,6,1,45,7,-1,-1,-1,-1,1,E01002066,0,-1
202354A135523,2023,54A135523,2,9,0,4,4,8,4,0,0,5,0,0,0,0,2,1,6,6,1,29,6,-1,-1,-1,-1,7,E01028995,0,-1
2023010452892,2023,010452892,1,9,9,99,99,9,9,99,99,0,9,99,9,99,9,9,6,6,3,-1,-1,-1,-1,-1,-1,-1,-1,0,-1
2023041269024,2023,041269024,1,97,0,18,19,3,7,0,0,0,0,0,0,0,2,1,5,6,1,28,6,-1,-1,-1,-1,1,E01025156,0,-1
2023471326233,2023,471326233,1,98,0,-1,-1,-1,-1,-1,-1,0,-1,-1,-1,0,-1,1,6,6,3,-1,-1,-1,-1,-1,-1,-1,-1,0,-1
2023340WN1762,2023,340WN1762,1,9,0,5,5,7,3,0,0,6,0,0,0,0,1,1,6,6,2,-1,-1,-1,-1,-1,-1,-1,-1,0,-1
2023471356168,2023,471356168,1,9,0,18,19,5,1,0,0,1,0,0,0,0,3,1,6,6,2,-1,-1,-1,-1,-1,-1,-1,-1,0,-1
2023371372825,2023,371372825,2,1,0,18,19,3,7,0,0,0,0,0,0,0,1,1,2,2,1,37,7,-1,-1,-1,-1,7,E01029870,0,-1
2023141346209,2023,141346209,1,9,0,18,19,2,6,0,0,1,0,0,0,0,1,2,6,6,1,31,6,-1,-1,-1,-1,1,E01007873,0,-1
2023122301129,2023,122301129,1,99,0,16,19,1,7,0,0,0,0,0,0,0,0,1,6,6,3,-1,-1,-1,-1,-1,-1,-1,-1,0,-1
2023311329693,2023,311329693,1,9,0,18,19,1,5,0,0,0,0,0,0,0,1,1,6,6,3,-1,-1,-1,-1,-1,-1,-1,-1,0,-1
2023010472244,2023,010472244,2,9,0,99,99,9,9,99,99,9,9,99,9,99,2,9,6,6,3,-1,-1,-1,-1,-1,-1,-1,-1,0,-1
2023010441494,2023,010441494,2,9,0,99,99,9,9,99,99,9,9,99,9,99,2,9,6,6,3,-1,-1,-1,-1,-1,-1,-1,-1,0,-1
2023552300741,2023,552300741,1,9,0,9,9,3,2,0,0,5,0,0,0,0,1,1,6,6,3,-1,-1,-1,-1,-1,-1,-1,-1,0,-1
2023481356492,2023,481356492,1,1,0,18,19,7,3,0,0,1,0,0,0,0,1,1,2,2,1,35,6,-1,-1,-1,-1,-1,-1,0,-1
2023211274970,2023,211274970,3,1,0,18,19,2,6,0,0,0,0,0,0,0,2,1,2,2,1,58,9,-1,-1,-1,-1,2,E01029351,0,-1
2023320446142,2023,320446142,2,9,0,7,7,4,6,0,0,6,0,0,0,0,1,1,1,1,1,60,9,-1,-1,-1,-1,3,E01026140,0,-1
2023332301256,2023,332301256,1,19,0,9,9,7,5,0,0,5,0,0,0,0,1,1,6,6,1,45,7,-1,-1,-1,-1,8,E01025631,0,-1
2023451322234,2023,451322234,2,1,0,17,19,8,6,0,0,0,5,0,0,0,2,1,5,6,1,22,5,-1,-1,-1,-1,10,E01032623,0,-1
2023371277026,2023,371277026,2,9,0,18,19,5,1,0,0,0,0,0,0,0,1,1,2,2,1,50,8,-1,-1,-1,-1,6,E01030100,0,-1
2023010480005,2023,010480005,2,1,0,18,19,3,7,0,0,1,0,0,0,0,0,1,6,6,2,46,8,-1,-1,-1,-1,5,E01004486,0,-1
2023610046323,2023,610046323,1,9,0,8,8,6,1,0,0,6,0,0,0,0,1,1,2,2,2,21,5,-1,-1,-1,-1,4,W01001410,0,-1
2023010450034,2023,010450034,2,9,9,99,99,9,9,99,99,9,9,99,9,99,9,9,6,6,3,-1,-1,-1,-1,-1,-1,-1,-1,0,-1
2023101276097,2023,101276097,1,11,0,2,2,7,3,0,0,0,0,0,0,0,0,1,1,1,1,62,9,-1,-1,-1,-1,3,E01008636,0,-1
2023131328357,2023,131328357,2,1,0,-1,-1,-1,-1,-1,-1,-1,-1,-1,-1,0,-1,1,5,6,2,32,6,-1,-1,-1,-1,-1,-1,0,-1
2023311377277,2023,311377277,2,1,0,18,19,8,4,9,9,0,0,0,0,0,1,1,6,6,1,14,3,-1,-1,-1,-1,-1,-1,0,-1
2023010425392,2023,010425392,1,9,0,99,99,9,9,99,99,9,9,99,9,99,4,9,6,6,3,-1,-1,-1,-1,-1,-1,-1,-1,0,-1
2023501327437,2023,501327437,1,9,0,7,7,1,3,0,0,8,0,0,0,0,1,1,6,6,1,50,8,-1,-1,-1,-1,6,E01018753,0,-1
2023411394269,2023,411394269,1,9,0,18,19,8,4,0,0,0,0,0,0,0,1,1,6,6,3,-1,-1,-1,-1,-1,-1,-1,-1,0,-1
2023451368001,2023,451368001,1,9,0,18,19,3,7,0,0,0,0,0,0,0,1,1,6,6,3,40,7,-1,-1,-1,-1,-1,-1,0,-1
2023010467657,2023,010467657,1,-1,9,99,99,9,9,99,99,9,9,99,9,99,1,1,6,6,1,47,8,-1,-1,-1,-1,2,E01004455,1,-1