collision_index,collision_year,collision_ref_no,vehicle_reference,vehicle_type,towing_and_articulation,vehicle_manoeuvre_historic,vehicle_manoeuvre,vehicle_direction_from,vehicle_direction_to,vehicle_location_restricted_lane_historic,vehicle_location_restricted_lane,junction_location,skidding_and_overturning,hit_object_in_carriageway,vehicle_leaving_carriageway,hit_object_off_carriageway,first_point_of_impact,vehicle_left_hand_drive,journey_purpose_of_driver_historic,journey_purpose_of_driver,sex_of_driver,age_of_driver,age_band_of_driver,engine_capacity_cc,propulsion_code,age_of_vehicle,generic_make_model,driver_imd_decile,lsoa_of_driver,escooter_flag,driver_distance_banding
2023122301307,2023,122301307,2,9,0,18,19,7,3,0,0,0,0,0,0,0,1,1,6,6,1,41,7,-1,-1,-1,-1,5,E01027802,0,-1
2023430396723,2023,430396723,1,5,0,13,13,2,6,0,0,8,0,0,0,0,4,1,6,6,1,60,9,-1,-1,-1,-1,-1,-1,0,-1
2023010461667,2023,010461667,3,19,0,18,19,7,3,0,0,1,0,0,0,0,1,1,6,6,3,-1,-1,-1,-1,-1,-1,-1,-1,0,-1
2023010439599,2023,010439599,1,9,9,99,99,9,9,99,99,0,9,99,9,99,9,1,6,6,2,-1,-1,-1,-1,-1,-1,-1,-1,0,-1
2023041334239,2023,041334239,1,9,0,18,19,-1,-1,0,0,1,0,0,0,0,1,1,6,6,3,-1,-1,-1,-1,-1,-1,-1,-1,0,-1
2023201461829,2023,201461829,2,9,0,18,19,5,1,0,0,8,0,0,0,0,1,1,2,2,1,53,8,-1,-1,-1,-1,2,E01010506,0,-1
2023201455479,2023,201455479,1,9,0,18,19,4,8,0,0,0,0,10,1,0,0,1,6,6,2,34,6,-1,-1,-1,-1,7,E01010157,0,-1
2023041324550,2023,041324550,1,1,0,18,19,3,7,0,0,1,0,0,0,0,1,1,6,6,2,10,2,-1,-1,-1,-1,1,E01012738,0,-1
2023010458057,2023,010458057,2,9,0,99,99,9,9,99,99,9,9,99,9,99,1,9,6,6,3,-1,-1,-1,-1,-1,-1,-1,-1,0,-1
2023440508623,2023,440508623,1,22,0,18,19,2,6,0,0,1,0,0,0,0,3,1,6,6,2,84,11,-1,-1,-1,-1,4,E01017211,0,-1
2023010472023,2023,010472023,1,9,0,18,19,1,5,0,0,7,0,0,0,0,1,1,6,6,3,-1,-1,-1,-1,-1,-1,-1,-1,0,-1
2023131372816,2023,131372816,2,1,0,18,19,2,6,0,0,8,0,0,0,0,3,1,5,6,1,14,3,-1,-1,-1,-1,6,E01010957,0,-1
2023302300251,2023,302300251,1,1,0,7,7,8,4,0,0,3,0,0,0,0,4,1,2,2,1,22,5,-1,-1,-1,-1,7,E01019419,0,-1
2023131322202,2023,131322202,2,1,0,18,19,3,7,0,0,8,0,0,0,0,1,1,5,6,1,45,7,-1,-1,-1,-1,6,E01011248,0,-1
2023302301244,2023,302301244,1,1,0,18,19,6,2,0,0,0,0,0,0,0,3,1,6,6,1,56,9,-1,-1,-1,-1,2,E01028269,0,-1
2023010470758,2023,010470758,2,1,0,5,5,3,7,5,5,1,0,0,0,0,2,1,6,6,2,34,6,-1,-1,-1,-1,4,E01000472,0,-1
2023320586610,2023,320586610,2,9,0,18,19,4,8,0,0,0,5,10,1,9,1,1,6,6,1,28,6,-1,-1,-1,-1,5,E01026100,0,-1
2023010431314,2023,010431314,1,11,0,99,99,9,9,0,0,0,0,0,0,0,0,1,6,6,1,66,10,-1,-1,-1,-1,8,E01002174,0,-1
2023461337164,2023,461337164,2,9,0,18,19,5,1,0,0,0,0,0,0,0,1,1,6,6,1,37,7,-1,-1,-1,-1,10,E01016092,0,-1
2023471364114,2023,471364114,1,1,0,9,9,3,8,0,0,8,1,7,0,0,1,1,6,6,1,41,7,-1,-1,-1,-1,5,E01021079,0,-1
2023201300063,2023,201300063,2,9,0,2,2,0,0,0,0,1,0,0,0,0,2,1,6,6,1,32,6,-1,-1,-1,-1,8,E01009794,0,-1
2023061306529,2023,061306529,2,1,0,18,19,7,3,0,0,8,0,0,0,0,4,1,2,2,1,46,8,-1,-1,-1,-1,7,E01005857,0,-1
2023010426614,2023,010426614,2,9,0,99,99,9,9,99,99,9,9,99,9,99,9,9,6,6,3,-1,-1,-1,-1,-1,-1,-1,-1,0,-1
2023351384213,2023,351384213,2,1,0,18,19,7,3,5,5,8,2,0,0,0,3,1,2,2,2,26,6,-1,-1,-1,-1,8,E01017984,0,-1
2023351380344,2023,351380344,1,1,0,18,19,6,2,0,0,0,5,0,1,0,3,1,1,1,1,39,7,-1,-1,-1,-1,2,E01015599,0,-1
2023131293710,2023,131293710,1,11,0,4,4,6,8,0,0,0,0,0,0,0,0,1,6,6,3,-1,-1,-1,-1,-1,-1,-1,-1,0,-1
2023311338246,2023,311338246,2,98,1,12,12,1,5,0,0,8,0,0,0,0,1,1,1,1,1,26,6,-1,-1,-1,-1,-1,-1,0,-1
2023201461584,2023,201461584,1,-1,0,18,19,5,1,0,0,8,0,0,0,0,1,1,6,6,3,-1,-1,-1,-1,-1,-1,-1,-1,0,-1
2023552400221,2023,552400221,2,1,0,18,19,8,4,0,0,8,0,0,0,0,4,1,2,2,1,24,5,-1,-1,-1,-1,4,E01015465,0,-1
2023430264294,2023,430264294,1,21,0,7,7,4,8,0,0,1,0,0,0,0,1,1,1,1,1,-1,-1,-1,-1,-1,-1,-1,-1,0,-1
2023010479583,2023,010479583,1,19,0,18,19,3,7,0,0,3,0,9,0,0,1,1,6,6,1,55,8,-1,-1,-1,-1,4,E01015494,0,-1
2023332300534,2023,332300534,1,-1,0,5,5,1,5,0,0,6,0,0,0,0,2,1,6,6,1,-1,-1,-1,-1,-1,-1,-1,-1,1,-1
2023010477346,2023,010477346,2,1,0,15,15,3,7,0,0,1,0,0,0,0,1,1,1,1,1,36,7,-1,-1,-1,-1,1,E01002092,0,-1
2023201298179,2023,201298179,2,1,0,5,5,8,7,0,0,1,0,0,0,0,3,1,1,1,1,51,8,-1,-1,-1,-1,1,E01009270,0,-1
2023371298758,2023,371298758,2,1,0,18,19,2,6,0,0,0,0,0,0,0,3,1,2,2,2,28,6,-1,-1,-1,-1,6,E01030005,0,-1
2023052301211,2023,052301211,1,9,0,7,7,5,7,0,0,1,0,0,0,0,1,1,6,6,3,-1,-1,-1,-1,-1,-1,-1,-1,0,-1
2023231340720,2023,231340720,1,9,0,18,19,8,4,0,0,0,0,0,0,0,1,1,5,6,3,35,6,-1,-1,-1,-1,-1,-1,0,-1
2023471383038,2023,471383038,2,1,0,7,7,7,1,0,0,8,0,0,0,0,3,1,6,6,1,73,10,-1,-1,-1,-1,6,E01016938,0,-1
2023430554969,2023,430554969,2,1,0,9,9,4,2,0,0,5,0,0,0,0,3,1,6,6,2,50,8,-1,-1,-1,-1,-1,-1,0,-1
2023010466524,2023,010466524,1,1,9,18,19,5,1,0,0,8,9,0,0,0,1,1,2,2,1,58,9,-1,-1,-1,-1,4,E01001179,0,-1
2023351319404,2023,351319404,1,9,0,12,12,2,7,0,0,8,0,0,0,0,-1,1,6,6,1,-1,-1,-1,-1,-1,-1,-1,-1,0,-1
2023461324285,2023,461324285,1,9,0,7,7,1,3,0,0,0,0,0,0,0,1,1,5,6,2,42,7,-1,-1,-1,-1,7,E01024375,0,-1
2023010476676,2023,010476676,2,9,0,99,99,9,9,99,99,9,9,99,9,99,9,9,6,6,3,-1,-1,-1,-1,-1,-1,-1,-1,0,-1
2023311355809,2023,311355809,1,1,0,18,19,5,1,0,0,8,0,0,0,0,-1,1,5,6,1,17,4,-1,-1,-1,-1,-1,-1,0,-1
2023421390878,2023,421390878,1,9,0,12,12,1,5,0,0,0,0,0,0,0,3,1,6,6,3,-1,-1,-1,-1,-1,-1,-1,-1,0,-1
2023421363342,2023,421363342,1,9,-1,-1,-1,-1,-1,-1,-1,0,-1,-1,-1,0,-1,1,6,6,3,-1,-1,-1,-1,-1,-1,-1,-1,0,-1
2023052301153,2023,052301153,1,1,0,18,19,1,5,0,0,8,0,0,0,0,1,1,6,6,1,11,3,-1,-1,-1,-1,4,E01006893,0,-1
2023622300470,2023,622300470,2,1,0,18,19,6,2,0,0,1,0,0,0,0,1,1,6,6,1,6,2,-1,-1,-1,-1,1,W01000866,0,-1
2023101338440,2023,101338440,2,1,0,9,9,8,6,0,0,2,2,0,0,0,2,1,2,2,1,34,6,-1,-1,-1,-1,1,E01008215,0,-1
2023201456328,2023,201456328,2,9,0,5,5,1,5,0,0,8,0,0,0,0,4,1,6,6,3,37,7,-1,-1,-1,-1,1,E01009073,0,-1
2023201276655,2023,201276655,1,9,0,18,19,6,2,0,0,0,0,0,0,0,1,1,6,6,1,-1,-1,-1,-1,-1,-1,-1,-1,0,-1
2023471384368,2023,471384368,2,1,0,18,19,6,2,0,0,1,0,0,1,0,2,1,6,6,1,59,9,-1,-1,-1,-1,7,E01016896,0,-1
2023010461271,2023,010461271,1,1,9,99,99,9,9,99,99,9,9,99,9,99,9,1,2,2,1,44,7,-1,-1,-1,-1,7,E01001657,0,-1
2023520301660,2023,520301660,2,9,0,18,19,3,6,0,0,0,0,0,0,0,2,1,6,6,1,29,6,-1,-1,-1,-1,5,E01029200,0,-1
2023010424084,2023,010424084,1,1,9,99,99,9,9,99,99,9,9,99,9,99,2,1,6,6,1,18,4,-1,-1,-1,-1,1,E01033153,0,-1
2023010459355,2023,010459355,2,9,9,99,99,9,9,99,99,9,9,99,9,99,9,9,6,6,3,-1,-1,-1,-1,-1,-1,-1,-1,0,-1
2023041309160,2023,041309160,2,90,0,18,19,6,2,0,0,1,0,0,0,0,4,1,6,6,1,31,6,-1,-1,-1,-1,4,E01025024,0,-1
2023101445374,2023,101445374,1,9,0,18,19,7,3,0,0,0,0,0,0,0,1,1,6,6,3,-1,-1,-1,-1,-1,-1,-1,-1,0,-1
2023451367163,2023,451367163,2,1,0,18,19,5,1,0,0,0,5,0,1,9,2,1,5,6,1,56,9,-1,-1,-1,-1,9,E01030960,0,-1
2023451284475,2023,451284475,1,9,0,3,3,1,5,0,0,0,0,0,0,0,2,1,6,6,2,62,9,-1,-1,-1,-1,7,E01022858,0,-1
2023481364558,2023,481364558,1,1,0,7,7,5,7,0,0,8,0,0,0,0,1,1,6,6,1,25,5,-1,-1,-1,-1,-1,-1,0,-1
2023010438879,2023,010438879,2,1,0,9,9,1,8,0,0,1,0,0,0,0,3,1,6,6,1,18,4,-1,-1,-1,-1,9,E01003857,0,-1
2023010448849,2023,010448849,1,9,0,18,19,3,7,0,0,0,0,0,0,0,1,1,6,6,1,23,5,-1,-1,-1,-1,-1,-1,0,-1
2023131278553,2023,131278553,2,9,0,-1,-1,-1,-1,-1,-1,0,-1,-1,-1,-1,-1,1,6,6,3,-1,-1,-1,-1,-1,-1,-1,-1,0,-1
2023991261357,2023,991261357,1,9,0,18,19,4,7,0,0,4,0,0,0,0,1,1,6,6,1,34,6,-1,-1,-1,-1,10,-1,0,-1
2023991302693,2023,991302693,2,1,0,18,19,6,2,0,0,0,0,0,0,0,3,1,5,6,1,31,6,-1,-1,-1,-1,2,-1,0,-1
2023111314931,2023,111314931,1,97,0,18,19,6,2,0,0,1,0,0,0,0,1,1,6,6,3,30,6,-1,-1,-1,-1,-1,-1,0,-1
2023010470160,2023,010470160,2,9,0,4,4,3,7,0,0,1,0,0,0,0,1,1,6,6,1,-1,-1,-1,-1,-1,-1,-1,-1,0,-1
2023010449627,2023,010449627,1,1,0,7,7,1,4,0,0,6,0,0,0,0,3,1,6,6,1,56,9,-1,-1,-1,-1,3,E01033464,0,-1
2023010424284,2023,010424284,2,9,0,99,99,9,9,99,99,9,9,99,9,99,9,9,6,6,3,-1,-1,-1,-1,-1,-1,-1,-1,0,-1
2023461376436,2023,461376436,2,1,0,18,19,3,7,0,0,0,0,0,0,0,1,1,6,6,1,6,2,-1,-1,-1,-1,5,E01032654,0,-1
2023302301991,2023,302301991,2,9,0,18,19,5,1,0,0,1,0,0,0,0,3,1,2,2,1,41,7,-1,-1,-1,-1,7,E01027961,0,-1
2023031340754,2023,031340754,1,9,0,18,19,3,7,0,0,0,0,0,0,0,3,1,6,6,3,19,4,-1,-1,-1,-1,-1,-1,0,-1
2023010442509,2023,010442509,1,1,9,99,99,9,9,99,99,9,9,99,9,99,1,1,2,2,2,58,9,-1,-1,-1,-1,9,E01003824,0,-1
2023401262324,2023,401262324,2,19,1,18,19,-1,-1,0,0,0,0,0,0,0,2,1,5,6,2,39,7,-1,-1,-1,-1,6,E01015778,0,-1
2023401289114,2023,401289114,1,9,0,18,19,-1,-1,0,0,0,0,0,0,0,1,1,6,6,3,-1,-1,-1,-1,-1,-1,-1,-1,0,-1
2023010453217,2023,010453217,2,1,0,18,19,5,1,5,5,8,0,0,0,0,1,1,6,6,1,16,4,-1,-1,-1,-1,10,E01032623,0,-1
2023061371174,2023,061371174,2,1,0,18,19,6,2,0,0,1,0,0,0,0,1,1,5,6,1,54,8,-1,-1,-1,-1,6,E01006375,0,-1
2023501331114,2023,501331114,2,1,0,18,19,1,6,0,0,8,5,0,0,0,4,1,6,6,2,45,7,-1,-1,-1,-1,1,E01019029,0,-1
2023052300503,2023,052300503,1,9,0,5,5,5,1,0,0,4,0,0,0,0,1,1,6,6,3,-1,-1,-1,-1,-1,-1,-1,-1,0,-1
2023311373549,2023,311373549,2,9,0,18,19,6,2,0,0,1,0,0,0,0,1,1,6,6,3,-1,-1,-1,-1,-1,-1,-1,-1,0,-1
2023010476308,2023,010476308,2,5,0,18,19,4,8,0,0,6,1,0,0,0,1,1,6,6,1,48,8,-1,-1,-1,-1,2,E01000544,0,-1
2023010442544,2023,010442544,2,1,0,13,13,5,1,0,0,8,0,0,0,0,1,1,6,6,1,64,9,-1,-1,-1,-1,2,E01004269,0,-1
2023332301195,2023,332301195,1,1,0,18,19,4,8,5,5,0,0,0,0,0,1,1,6,6,3,-1,-1,-1,-1,-1,-1,-1,-1,0,-1
2023010448186,2023,010448186,1,1,0,18,19,3,7,0,0,2,0,0,0,0,0,1,6,6,1,21,5,-1,-1,-1,-1,2,E01003111,0,-1
2023061401943,2023,061401943,1,8,0,4,4,7,2,0,0,1,0,0,0,0,1,1,1,1,3,-1,-1,-1,-1,-1,-1,-1,-1,0,-1
2023052300366,2023,052300366,1,9,0,6,6,7,7,0,0,0,0,0,0,0,3,1,6,6,1,62,9,-1,-1,-1,-1,1,E01006759,0,-1
2023010431612,2023,010431612,1,9,0,99,99,9,9,99,99,9,9,99,9,99,2,9,6,6,1,42,7,-1,-1,-1,-1,-1,-1,0,-1
2023161261414,2023,161261414,1,19,0,13,13,7,3,0,0,0,0,0,0,0,4,1,1,1,2,40,7,-1,-1,-1,-1,-1,-1,0,-1
2023411403955,2023,411403955,1,22,0,18,19,4,8,0,0,2,0,0,0,0,1,1,6,6,2,-1,-1,-1,-1,-1,-1,10,E01023587,0,-1
2023052300070,2023,052300070,2,9,0,18,19,3,7,0,0,0,0,0,0,0,1,1,6,6,2,-1,-1,-1,-1,-1,-1,7,E01007201,0,-1
2023440252139,2023,440252139,2,1,0,18,19,5,1,0,0,2,0,0,0,0,2,1,6,6,1,35,6,-1,-1,-1,-1,9,E01023050,0,-1
2023461287911,2023,461287911,2,1,0,18,19,3,7,0,0,3,0,0,0,0,4,1,6,6,2,-1,-1,-1,-1,-1,-1,7,E01024232,0,-1
2023991300848,2023,991300848,1,97,0,9,9,7,4,0,0,8,0,0,0,0,3,2,5,6,1,14,3,-1,-1,-1,-1,-1,-1,0,-1
2023010450411,2023,010450411,1,1,0,9,9,1,7,0,0,9,0,0,9,0,1,1,1,1,1,47,8,-1,-1,-1,-1,6,E01002124,0,-1
2023052301106,2023,052301106,2,22,0,18,19,5,1,0,0,0,0,0,0,0,0,1,6,6,1,62,9,-1,-1,-1,-1,1,E01006760,0,-1
2023010462493,2023,010462493,2,1,0,15,15,6,2,0,0,1,0,0,0,0,1,1,6,6,2,37,7,-1,-1,-1,-1,6,E01004636,0,-1
2023211368891,2023,211368891,1,21,0,3,3,4,8,0,0,0,0,0,0,0,2,1,1,1,1,61,9,-1,-1,-1,-1,-1,-1,0,-1
2023201415520,2023,201415520,2,1,-1,-1,-1,-1,-1,-1,-1,0,-1,-1,-1,0,-1,1,6,6,1,56,9,-1,-1,-1,-1,2,E01010017,0,-1
2023430542036,2023,430542036,2,9,0,18,19,4,8,0,0,0,0,0,0,0,1,1,6,6,1,-1,-1,-1,-1,-1,-1,-1,-1,0,-1
2023540824123,2023,540824123,1,9,0,18,19,6,2,0,0,1,0,0,0,0,1,1,6,6,3,-1,-1,-1,-1,-1,-1,-1,-1,0,-1
2023061268555,2023,061268555,2,1,0,5,5,5,1,0,0,0,0,0,0,0,2,1,6,6,2,35,6,-1,-1,-1,-1,5,E01004975,0,-1
2023161387803,2023,161387803,1,9,0,18,19,7,3,0,0,0,0,0,0,0,3,1,6,6,3,-1,-1,-1,-1,-1,-1,-1,-1,0,-1
2023161322930,2023,161322930,1,98,0,18,19,7,3,0,0,8,0,0,0,0,4,1,1,1,1,37,7,-1,-1,-1,-1,10,E01013113,0,-1
2023170S11433,2023,170S11433,1,9,0,7,7,1,3,0,0,8,0,0,0,0,4,1,2,2,1,33,6,-1,-1,-1,-1,1,E01012258,0,-1
2023010464805,2023,010464805,1,1,9,99,99,9,9,99,99,9,9,99,9,99,1,1,2,2,1,40,7,-1,-1,-1,-1,2,E01000785,0,-1
2023070405706,2023,070405706,2,1,0,18,19,5,7,0,0,0,0,0,0,0,3,1,6,6,2,13,3,-1,-1,-1,-1,9,E01018669,0,-1
2023010448291,2023,010448291,2,1,0,5,5,1,5,0,0,0,0,0,0,0,4,1,6,6,1,2,1,-1,-1,-1,-1,6,E01001235,0,-1
2023010476192,2023,010476192,1,1,9,99,99,9,9,99,99,9,9,99,9,99,9,1,2,2,1,27,6,-1,-1,-1,-1,8,E01004649,0,-1
2023430246301,2023,430246301,2,9,0,4,4,1,5,0,0,2,0,0,0,0,2,1,6,6,2,-1,-1,-1,-1,-1,-1,-1,-1,0,-1
2023111288668,2023,111288668,2,9,0,18,19,5,1,0,0,1,0,0,0,0,3,1,5,6,2,36,7,-1,-1,-1,-1,-1,-1,0,-1
202363B027923,2023,63B027923,1,9,0,17,19,6,3,0,0,8,2,0,8,10,1,1,6,6,2,22,5,-1,-1,-1,-1,-1,-1,0,-1
2023430107817,2023,430107817,3,9,0,11,11,8,4,0,0,0,0,0,0,0,0,1,6,6,1,-1,-1,-1,-1,-1,-1,-1,-1,0,-1
2023201448535,2023,201448535,2,9,0,18,19,2,5,0,0,2,0,0,0,0,2,1,6,6,1,70,10,-1,-1,-1,-1,5,E01009135,0,-1
2023411362028,2023,411362028,3,-1,-1,18,19,-1,-1,0,0,0,0,0,0,0,1,1,6,6,3,-1,-1,-1,-1,-1,-1,-1,-1,0,-1
2023320167684,2023,320167684,2,1,0,18,19,8,4,0,0,1,5,0,0,0,2,1,6,6,1,52,8,-1,-1,-1,-1,-1,-1,0,-1
2023461353601,2023,461353601,1,1,0,4,4,8,4,0,0,0,0,0,0,0,3,1,6,6,1,63,9,-1,-1,-1,-1,2,E01016117,0,-1
2023320708780,2023,320708780,1,9,0,18,19,2,6,0,0,0,0,0,0,0,1,1,6,6,3,-1,-1,-1,-1,-1,-1,-1,-1,0,-1
2023201461572,2023,201461572,2,3,0,18,19,2,6,0,0,8,0,0,0,0,1,1,1,1,1,18,4,-1,-1,-1,-1,5,E01009936,0,-1
2023010441306,2023,010441306,1,1,0,18,19,7,3,0,0,1,0,0,0,0,3,1,6,6,1,28,6,-1,-1,-1,-1,-1,-1,0,-1
2023531330380,2023,531330380,1,9,0,16,19,8,4,0,0,0,0,0,0,0,0,1,6,6,3,-1,-1,-1,-1,-1,-1,-1,-1,0,-1
2023421349895,2023,421349895,1,9,0,1,1,5,1,0,0,0,0,0,0,0,2,1,6,6,1,-1,-1,-1,-1,-1,-1,-1,-1,0,-1
2023430263802,2023,430263802,1,9,0,9,9,5,4,0,0,6,0,0,0,0,1,1,6,6,1,60,9,-1,-1,-1,-1,9,E01028643,0,-1
2023430335846,2023,430335846,2,19,0,9,9,1,0,0,0,5,0,0,0,0,4,1,6,6,1,-1,-1,-1,-1,-1,-1,-1,-1,0,-1
2023161346080,2023,161346080,2,9,0,18,19,1,5,0,0,8,0,0,0,0,1,1,6,6,1,27,6,-1,-1,-1,-1,5,E01013213,0,-1
2023010480700,2023,010480700,2,9,0,99,99,9,9,99,99,9,9,99,9,99,9,9,6,6,3,-1,-1,-1,-1,-1,-1,-1,-1,0,-1
2023061340953,2023,061340953,2,1,0,18,19,1,5,0,0,4,2,0,0,0,4,1,2,2,2,30,6,-1,-1,-1,-1,7,E01004974,0,-1
2023010456560,2023,010456560,2,9,0,99,99,9,9,99,99,9,9,99,9,99,1,9,6,6,3,35,6,-1,-1,-1,-1,9,E01023910,0,-1
2023010482265,2023,010482265,2,9,0,10,10,6,5,0,0,1,0,0,0,0,0,1,6,6,1,45,7,-1,-1,-1,-1,8,E01001031,0,-1
2023991302589,2023,991302589,2,1,0,18,19,8,4,0,0,1,2,4,0,0,4,1,5,6,1,48,8,-1,-1,-1,-1,10,-1,0,-1
202360A141232,2023,60A141232,1,9,0,9,9,3,8,0,0,6,0,0,0,0,3,1,6,6,1,33,6,-1,-1,-1,-1,-1,-1,0,-1
2023010475935,2023,010475935,1,9,0,18,19,3,7,2,2,1,0,0,0,0,1,1,6,6,3,-1,-1,-1,-1,-1,-1,-1,-1,0,-1
2023991288157,2023,991288157,1,9,0,15,15,5,1,0,0,1,0,0,0,0,4,1,6,6,3,16,4,-1,-1,-1,-1,-1,-1,0,-1
2023141391719,2023,141391719,1,1,0,18,19,6,2,9,9,1,0,0,0,0,1,1,1,1,1,46,8,-1,-1,-1,-1,1,E01007940,0,-1
2023522400282,2023,522400282,1,1,0,18,19,5,1,0,0,8,0,0,0,0,3,1,6,6,1,15,3,-1,-1,-1,-1,10,E01014866,0,-1
2023461274176,2023,461274176,2,9,0,4,4,8,4,0,0,0,0,0,0,0,2,1,6,6,1,32,6,-1,-1,-1,-1,9,E01000987,0,-1
2023430396761,2023,430396761,1,4,0,18,19,4,8,0,0,0,0,0,6,0,1,1,6,6,1,23,5,-1,-1,-1,-1,8,E01028704,0,-1
2023010439048,2023,010439048,1,9,0,5,5,1,5,0,0,6,0,0,0,0,1,1,6,6,3,-1,-1,-1,-1,-1,-1,-1,-1,0,-1
2023010471390,2023,010471390,1,1,9,99,99,9,9,99,99,9,9,99,9,99,9,1,6,6,1,63,9,-1,-1,-1,-1,4,E01002743,0,-1
2023161277972,2023,161277972,1,9,0,18,19,1,5,0,0,1,0,0,0,0,1,1,6,6,3,-1,-1,-1,-1,-1,-1,-1,-1,0,-1
2023371280725,2023,371280725,2,9,0,3,3,4,8,0,0,0,0,0,0,0,2,1,1,1,1,42,7,-1,-1,-1,-1,4,E01026891,0,-1
2023461292701,2023,461292701,1,98,1,4,4,7,3,0,0,0,0,0,0,0,1,1,6,6,2,-1,-1,-1,-1,-1,-1,-1,-1,0,-1
2023041291852,2023,041291852,1,1,0,18,19,3,7,0,0,1,0,0,0,0,1,1,6,6,1,21,5,-1,-1,-1,-1,1,E01012737,0,-1
2023010451959,2023,010451959,1,1,9,99,99,9,9,99,99,9,9,99,9,99,1,1,2,2,1,49,8,-1,-1,-1,-1,4,E01001041,0,-1
2023311346230,2023,311346230,1,97,0,5,5,1,5,0,0,0,0,0,0,0,1,1,6,6,3,-1,-1,-1,-1,-1,-1,-1,-1,0,-1
2023201284771,2023,201284771,1,19,0,7,7,-1,-1,0,0,8,0,0,0,0,1,1,6,6,1,-1,-1,-1,-1,-1,-1,-1,-1,0,-1
2023161309760,2023,161309760,3,9,0,2,2,0,0,0,0,0,0,4,0,0,4,1,6,6,3,-1,-1,-1,-1,-1,-1,-1,-1,0,-1
2023170H10813,2023,170H10813,2,21,1,18,19,5,1,0,0,8,0,0,0,0,3,1,1,1,3,-1,-1,-1,-1,-1,-1,-1,-1,0,-1
2023320272376,2023,320272376,1,1,0,18,19,2,6,0,0,0,0,0,0,0,3,1,4,7,1,12,3,-1,-1,-1,-1,-1,-1,0,-1
2023522300129,2023,522300129,2,-1,0,5,5,3,7,0,0,0,0,0,0,0,3,1,6,6,1,-1,-1,-1,-1,-1,-1,-1,-1,1,-1
2023122300178,2023,122300178,2,8,0,18,19,5,1,0,0,8,0,0,0,0,1,1,1,1,1,56,9,-1,-1,-1,-1,5,E01007489,0,-1
2023041292927,2023,041292927,1,9,0,18,19,-1,-1,0,0,0,0,0,0,0,-1,1,6,6,1,-1,-1,-1,-1,-1,-1,-1,-1,0,-1
2023311294989,2023,311294989,1,9,0,18,19,5,1,0,0,8,0,0,0,0,1,1,6,6,3,-1,-1,-1,-1,-1,-1,-1,-1,0,-1
2023041281913,2023,041281913,1,9,0,1,1,2,2,9,9,0,0,0,0,0,2,1,5,6,1,89,11,-1,-1,-1,-1,7,E01025506,0,-1
2023010442187,2023,010442187,2,1,9,99,99,9,9,99,99,9,9,99,9,99,9,1,6,6,1,-1,-1,-1,-1,-1,-1,-1,-1,0,-1
2023010438666,2023,010438666,2,1,9,99,99,9,9,99,99,9,9,99,9,99,9,1,6,6,1,-1,-1,-1,-1,-1,-1,3,E01004274,0,-1
2023010451799,2023,010451799,2,1,0,18,19,3,7,0,0,1,0,0,0,0,1,1,6,6,1,-1,-1,-1,-1,-1,-1,2,E01003299,0,-1
2023552300910,2023,552300910,2,19,0,4,4,1,5,0,0,1,0,0,0,0,2,1,6,6,1,53,8,-1,-1,-1,-1,6,E01015366,0,-1
2023531359590,2023,531359590,1,9,0,9,9,5,1,0,0,8,0,0,0,0,4,1,6,6,2,-1,-1,-1,-1,-1,-1,-1,-1,0,-1
2023471285680,2023,471285680,2,1,0,18,19,8,6,0,0,8,0,0,0,0,4,1,6,6,1,41,7,-1,-1,-1,-1,10,E01031578,0,-1
2023010433759,2023,010433759,1,9,0,99,99,9,9,99,99,9,9,99,9,99,9,9,6,6,1,45,7,-1,-1,-1,-1,-1,-1,0,-1
2023101364769,2023,101364769,1,19,0,4,4,3,7,0,0,0,0,0,0,0,1,1,6,6,1,-1,-1,-1,-1,-1,-1,-1,-1,0,-1
2023041304065,2023,041304065,1,1,0,18,19,7,3,0,0,1,0,0,0,0,1,1,6,6,2,37,7,-1,-1,-1,-1,2,E01012709,0,-1
2023332300826,2023,332300826,1,9,0,13,13,8,4,0,0,0,2,0,1,4,3,1,1,1,1,47,8,-1,-1,-1,-1,5,E01032971,0,-1
2023010440249,2023,010440249,2,-1,0,13,13,7,3,0,0,1,0,0,0,0,0,1,2,2,1,51,8,-1,-1,-1,-1,6,E01000306,1,-1
2023201299331,2023,201299331,2,9,0,10,10,1,8,0,0,8,0,0,0,0,4,1,2,2,2,17,4,-1,-1,-1,-1,1,E01009993,0,-1
2023552300740,2023,552300740,1,9,0,18,19,7,3,0,0,0,0,0,0,0,1,1,6,6,3,-1,-1,-1,-1,-1,-1,-1,-1,0,-1
2023031305493,2023,031305493,2,1,0,18,19,5,1,0,0,8,5,0,0,0,1,1,2,2,1,37,7,-1,-1,-1,-1,3,E01019208,0,-1
2023332300762,2023,332300762,1,19,0,15,15,6,2,0,0,1,0,0,0,0,1,1,6,6,3,-1,-1,-1,-1,-1,-1,-1,-1,0,-1
2023471377229,2023,471377229,1,9,0,18,19,7,3,0,0,0,0,0,0,0,-1,1,6,6,3,-1,-1,-1,-1,-1,-1,-1,-1,0,-1
2023010456084,2023,010456084,1,1,9,99,99,9,9,99,99,9,9,99,9,99,0,1,6,6,1,32,6,-1,-1,-1,-1,7,E01003206,0,-1
2023311337933,2023,311337933,2,1,0,18,19,4,8,0,0,0,0,0,0,0,4,1,6,6,1,60,9,-1,-1,-1,-1,2,E01013891,0,-1
2023131306396,2023,131306396,1,1,0,18,19,3,7,0,0,2,0,0,0,0,1,1,5,6,1,36,7,-1,-1,-1,-1,4,E01011314,0,-1
2023122301297,2023,122301297,2,1,0,9,9,7,5,0,0,1,0,0,0,0,1,1,6,6,1,64,9,-1,-1,-1,-1,5,E01027775,0,-1
2023461394142,2023,461394142,1,9,0,18,19,7,3,0,0,0,0,0,0,0,1,1,6,6,3,-1,-1,-1,-1,-1,-1,-1,-1,0,-1
2023170S12273,2023,170S12273,2,9,0,18,19,7,3,6,6,1,1,0,0,0,2,1,6,6,2,43,7,-1,-1,-1,-1,4,E01008766,0,-1
2023311350614,2023,311350614,1,-1,0,18,19,-1,-1,9,9,0,0,0,0,0,-1,1,6,6,2,-1,-1,-1,-1,-1,-1,-1,-1,1,-1
2023010447899,2023,010447899,1,1,9,99,99,9,9,99,99,9,9,99,9,99,2,1,6,6,2,40,7,-1,-1,-1,-1,1,E01001732,0,-1