collision_index,collision_year,collision_ref_no,vehicle_reference,vehicle_type,towing_and_articulation,vehicle_manoeuvre_historic,vehicle_manoeuvre,vehicle_direction_from,vehicle_direction_to,vehicle_location_restricted_lane_historic,vehicle_location_restricted_lane,junction_location,skidding_and_overturning,hit_object_in_carriageway,vehicle_leaving_carriageway,hit_object_off_carriageway,first_point_of_impact,vehicle_left_hand_drive,journey_purpose_of_driver_historic,journey_purpose_of_driver,sex_of_driver,age_of_driver,age_band_of_driver,engine_capacity_cc,propulsion_code,age_of_vehicle,generic_make_model,driver_imd_decile,lsoa_of_driver,escooter_flag,driver_distance_banding
2023201315418,2023,201315418,1,-1,0,16,19,5,8,0,0,8,0,0,0,0,1,1,6,6,1,33,6,-1,-1,-1,-1,4,E01009460,1,-1
2023070704633,2023,070704633,1,1,0,18,19,4,8,0,0,8,0,0,0,0,0,1,6,6,1,50,8,-1,-1,-1,-1,-1,-1,0,-1
2023231260322,2023,231260322,2,1,0,18,19,2,6,0,0,8,0,0,0,0,1,1,5,6,1,49,8,-1,-1,-1,-1,7,E01031253,0,-1
2023010470568,2023,010470568,2,1,0,5,5,5,1,0,0,2,0,0,0,0,1,1,6,6,1,44,7,-1,-1,-1,-1,3,E01002048,0,-1
2023061343836,2023,061343836,2,1,0,18,19,5,1,0,0,0,0,0,0,0,3,1,2,2,1,34,6,-1,-1,-1,-1,6,E01005159,0,-1
2023170M11173,2023,170M11173,2,8,0,9,9,6,4,0,0,8,0,0,0,0,1,1,6,6,3,-1,-1,-1,-1,-1,-1,-1,-1,0,-1
2023161393884,2023,161393884,2,9,0,11,11,3,7,0,0,3,0,0,0,0,4,1,6,6,3,-1,-1,-1,-1,-1,-1,-1,-1,0,-1
2023221384032,2023,221384032,1,4,0,18,19,8,4,0,0,0,1,12,0,0,1,1,6,6,1,53,8,-1,-1,-1,-1,4,E01032397,0,-1
2023010444196,2023,010444196,2,20,0,99,99,9,9,0,0,0,9,99,9,99,9,9,6,6,3,-1,-1,-1,-1,-1,-1,-1,-1,0,-1
2023302301667,2023,302301667,2,-1,0,18,19,2,6,0,0,0,0,0,0,0,1,1,6,6,1,16,4,-1,-1,-1,-1,1,E01013487,1,-1
2023010442453,2023,010442453,1,1,9,5,5,6,2,9,9,9,9,0,9,0,1,9,6,6,3,-1,-1,-1,-1,-1,-1,-1,-1,0,-1
2023340WN4242,2023,340WN4242,1,20,0,18,19,1,5,0,0,0,0,0,0,0,3,1,1,1,3,-1,-1,-1,-1,-1,-1,-1,-1,0,-1
2023041353082,2023,041353082,2,1,0,18,19,3,7,0,0,1,0,0,0,0,1,1,5,6,1,26,6,-1,-1,-1,-1,5,E01025314,0,-1
2023041323815,2023,041323815,1,1,0,18,19,7,3,0,0,0,0,4,0,0,0,1,5,6,1,65,9,-1,-1,-1,-1,8,E01025413,0,-1
2023430130311,2023,430130311,1,9,0,18,19,2,6,0,0,0,0,0,0,0,4,1,1,1,1,18,4,-1,-1,-1,-1,6,E01016287,0,-1
2023010445003,2023,010445003,2,1,0,18,19,1,5,0,0,1,0,0,0,0,0,1,1,1,1,21,5,-1,-1,-1,-1,3,E01003629,0,-1
2023311322665,2023,311322665,3,9,0,2,2,0,0,0,0,8,0,0,0,0,2,1,6,6,3,-1,-1,-1,-1,-1,-1,-1,-1,0,-1
2023010481883,2023,010481883,2,90,0,99,99,9,9,99,99,9,9,99,9,99,2,9,6,6,3,-1,-1,-1,-1,-1,-1,-1,-1,0,-1
2023010461850,2023,010461850,2,-1,0,13,13,4,8,0,0,1,2,0,0,0,1,1,6,6,1,31,6,-1,-1,-1,-1,1,E01004340,1,-1
2023201376076,2023,201376076,1,1,0,18,19,-1,-1,0,0,0,0,0,0,0,2,1,1,1,1,49,8,-1,-1,-1,-1,1,E01009146,0,-1
2023401275603,2023,401275603,1,9,0,8,8,-1,-1,0,0,4,0,0,0,0,3,1,6,6,1,-1,-1,-1,-1,-1,-1,-1,-1,0,-1
2023440297467,2023,440297467,2,1,0,18,19,1,5,0,0,1,0,0,0,0,1,1,6,6,1,55,8,-1,-1,-1,-1,9,E01022837,0,-1
2023010424418,2023,010424418,1,9,0,18,19,6,2,0,0,1,0,0,0,0,1,1,6,6,3,-1,-1,-1,-1,-1,-1,-1,-1,0,-1
202354D401923,2023,54D401923,3,9,0,18,19,1,5,0,0,0,0,0,0,0,1,1,6,6,2,38,7,-1,-1,-1,-1,5,E01032411,0,-1
2023371361292,2023,371361292,2,1,0,18,19,3,7,0,0,2,0,0,1,0,1,1,6,6,1,37,7,-1,-1,-1,-1,8,E01030294,0,-1
2023010464830,2023,010464830,1,1,9,99,99,9,9,4,4,0,9,99,9,99,2,1,6,6,1,59,9,-1,-1,-1,-1,2,E01003093,0,-1
2023010467873,2023,010467873,2,1,0,9,9,7,4,0,0,6,0,0,0,0,0,1,6,6,1,10,2,-1,-1,-1,-1,1,E01004250,0,-1
202363B026223,2023,63B026223,1,9,0,12,12,8,4,0,0,0,0,0,1,10,1,1,6,6,1,20,4,-1,-1,-1,-1,-1,-1,0,-1
2023401356096,2023,401356096,1,97,0,7,7,3,7,0,0,0,0,0,0,0,1,1,1,1,1,47,8,-1,-1,-1,-1,7,E01017437,0,-1
2023401353798,2023,401353798,2,17,1,18,19,-1,-1,0,0,0,0,0,0,0,1,1,1,1,1,47,8,-1,-1,-1,-1,8,E01017498,0,-1
2023411405587,2023,411405587,2,1,0,-1,-1,-1,-1,0,0,0,0,0,0,0,-1,1,6,6,1,38,7,-1,-1,-1,-1,4,E01023652,0,-1
2023010437941,2023,010437941,1,9,0,5,5,3,7,0,0,1,0,0,0,0,1,1,6,6,3,-1,-1,-1,-1,-1,-1,-1,-1,0,-1
2023071048366,2023,071048366,5,9,0,4,4,3,7,0,0,0,0,0,0,0,4,1,1,1,1,45,7,-1,-1,-1,-1,7,W01000131,0,-1
2023421313280,2023,421313280,2,1,0,18,19,5,1,0,0,4,0,0,0,0,1,1,5,6,2,58,9,-1,-1,-1,-1,7,E01021882,0,-1
2023010471365,2023,010471365,2,9,0,11,11,4,8,0,0,1,0,0,0,0,0,1,6,6,1,-1,-1,-1,-1,-1,-1,-1,-1,0,-1
2023371304593,2023,371304593,2,1,0,18,19,7,3,0,0,3,1,0,0,0,2,1,6,6,1,37,7,-1,-1,-1,-1,2,E01030264,0,-1
2023170S11433,2023,170S11433,2,1,0,18,19,1,5,0,0,8,0,0,0,0,1,1,2,2,1,40,7,-1,-1,-1,-1,1,E01012258,0,-1
2023430401770,2023,430401770,2,9,0,18,19,3,7,0,0,1,0,0,0,0,1,1,6,6,1,-1,-1,-1,-1,-1,-1,-1,-1,0,-1
2023332300017,2023,332300017,1,9,0,3,3,3,7,0,0,1,0,0,0,0,2,1,2,2,2,35,6,-1,-1,-1,-1,8,E01025644,0,-1
2023440009826,2023,440009826,1,1,0,18,19,1,6,0,0,1,0,0,0,0,1,1,6,6,1,13,3,-1,-1,-1,-1,10,E01022772,0,-1
2023302300964,2023,302300964,1,1,0,16,19,1,4,0,0,2,0,0,0,0,1,1,6,6,1,-1,-1,-1,-1,-1,-1,7,E01019521,0,-1
2023311360182,2023,311360182,2,9,0,18,19,5,1,0,0,0,0,0,0,0,0,1,6,6,3,16,4,-1,-1,-1,-1,-1,-1,0,-1
2023440255110,2023,440255110,1,1,0,18,19,8,4,0,0,1,0,0,0,0,1,1,6,6,1,52,8,-1,-1,-1,-1,4,E01022810,0,-1
2023421387019,2023,421387019,1,9,0,18,19,1,5,0,0,0,0,0,0,0,1,1,6,6,1,-1,-1,-1,-1,-1,-1,-1,-1,0,-1
2023545474023,2023,545474023,2,1,0,18,19,7,4,0,0,1,0,0,0,0,4,1,6,6,1,72,10,-1,-1,-1,-1,10,E01031855,0,-1
2023010445510,2023,010445510,2,1,0,18,19,7,3,0,0,1,0,0,0,0,1,1,6,6,1,23,5,-1,-1,-1,-1,-1,-1,0,-1
2023201395624,2023,201395624,2,9,0,9,9,4,2,0,0,6,0,0,0,0,4,1,6,6,1,-1,-1,-1,-1,-1,-1,-1,-1,0,-1
2023302301302,2023,302301302,2,11,0,14,14,3,7,0,0,1,0,0,0,0,4,1,6,6,3,-1,-1,-1,-1,-1,-1,5,E01019456,0,-1
2023010420336,2023,010420336,2,1,0,18,19,3,7,0,0,2,0,0,0,0,4,1,6,6,1,32,6,-1,-1,-1,-1,4,E01004396,0,-1
2023430467309,2023,430467309,1,1,0,18,19,3,7,0,0,0,0,0,0,0,0,1,6,6,1,63,9,-1,-1,-1,-1,9,E01028799,0,-1
2023451349300,2023,451349300,1,-1,0,9,9,7,1,0,0,8,1,0,0,0,1,1,5,6,1,57,9,-1,-1,-1,-1,10,E01030343,1,-1
2023201264464,2023,201264464,2,1,0,10,10,1,7,0,0,1,0,0,0,0,1,1,6,6,1,42,7,-1,-1,-1,-1,7,E01009170,0,-1
2023010422677,2023,010422677,2,9,0,99,99,9,9,99,99,9,9,99,9,99,9,9,6,6,3,-1,-1,-1,-1,-1,-1,-1,-1,0,-1
2023070649779,2023,070649779,1,1,0,9,9,3,7,0,0,8,0,0,7,0,3,1,6,6,1,15,3,-1,-1,-1,-1,5,E01007161,0,-1
2023101349680,2023,101349680,2,1,0,4,4,5,2,9,9,1,0,0,0,0,1,1,5,6,1,8,2,-1,-1,-1,-1,4,E01008247,0,-1
2023141263780,2023,141263780,1,1,0,18,19,7,3,0,0,0,0,0,0,0,3,1,6,6,1,38,7,-1,-1,-1,-1,2,E01007654,0,-1
2023010434891,2023,010434891,2,9,0,18,19,7,3,0,0,0,0,0,0,0,1,1,6,6,1,47,8,-1,-1,-1,-1,3,E01016044,0,-1
2023501290445,2023,501290445,2,1,0,18,19,1,6,0,0,1,0,0,0,0,1,1,6,6,1,40,7,-1,-1,-1,-1,9,E01019940,0,-1
2023141461597,2023,141461597,2,9,0,18,19,7,3,0,0,0,0,0,0,0,2,1,1,1,1,62,9,-1,-1,-1,-1,10,E01007957,0,-1
2023131310227,2023,131310227,2,1,0,15,15,5,1,0,0,1,0,0,0,0,1,1,6,6,2,8,2,-1,-1,-1,-1,2,E01011740,0,-1
2023471327934,2023,471327934,1,9,0,11,11,1,5,0,0,1,0,0,0,0,1,1,6,6,1,60,9,-1,-1,-1,-1,7,E01016903,0,-1
2023340NN1902,2023,340NN1902,2,1,0,18,19,3,7,0,0,0,5,0,0,0,2,1,6,6,1,29,6,-1,-1,-1,-1,-1,-1,0,-1
2023461305547,2023,461305547,1,9,0,18,19,2,6,0,0,0,0,0,0,0,4,1,6,6,1,-1,-1,-1,-1,-1,-1,-1,-1,0,-1
2023991351420,2023,991351420,1,-1,0,9,9,3,8,0,0,8,0,0,0,0,1,1,6,6,3,50,8,-1,-1,-1,-1,-1,-1,0,-1
2023332300906,2023,332300906,1,9,0,18,19,8,4,0,0,0,0,0,0,0,1,1,6,6,3,-1,-1,-1,-1,-1,-1,-1,-1,0,-1
2023991297855,2023,991297855,1,-1,0,7,7,6,8,0,0,8,0,0,0,0,1,1,5,6,1,25,5,-1,-1,-1,-1,-1,-1,1,-1
2023010425387,2023,010425387,1,23,0,18,19,3,7,0,0,8,0,0,0,0,1,1,1,1,1,24,5,-1,-1,-1,-1,-1,-1,0,-1
2023010439251,2023,010439251,1,9,9,99,99,9,9,0,0,0,9,99,0,0,3,9,6,6,3,-1,-1,-1,-1,-1,-1,-1,-1,0,-1
2023141355002,2023,141355002,2,97,0,18,19,7,3,0,0,0,0,0,0,0,1,1,5,6,1,16,4,-1,-1,-1,-1,2,E01007470,0,-1
2023461348478,2023,461348478,1,9,0,4,4,7,3,0,0,2,5,0,0,0,1,1,1,1,1,50,8,-1,-1,-1,-1,2,E01016161,0,-1
2023421356409,2023,421356409,1,19,0,13,13,5,1,0,0,0,0,0,0,0,4,1,6,6,3,-1,-1,-1,-1,-1,-1,-1,-1,0,-1
2023161266571,2023,161266571,2,9,0,16,19,1,5,0,0,1,0,0,0,0,1,1,5,6,1,38,7,-1,-1,-1,-1,2,E01013291,0,-1
2023320662241,2023,320662241,2,1,0,18,19,8,4,0,0,8,5,0,0,0,4,1,6,6,2,49,8,-1,-1,-1,-1,7,E01026029,0,-1
2023201284976,2023,201284976,2,9,0,18,19,4,8,0,0,1,0,0,0,0,1,1,6,6,2,36,7,-1,-1,-1,-1,3,E01009837,0,-1
2023010460052,2023,010460052,2,9,0,99,99,9,9,99,99,9,9,99,9,99,9,9,6,6,3,-1,-1,-1,-1,-1,-1,-1,-1,0,-1
2023520000554,2023,520000554,1,1,0,18,19,4,2,0,0,0,0,0,1,0,1,1,6,6,1,40,7,-1,-1,-1,-1,6,E01014379,0,-1
2023131389300,2023,131389300,1,22,0,12,12,5,1,0,0,0,0,0,0,0,1,1,5,6,1,84,11,-1,-1,-1,-1,5,E01011407,0,-1
2023311312762,2023,311312762,2,1,0,18,19,6,2,0,0,0,0,0,0,0,2,1,6,6,1,33,6,-1,-1,-1,-1,3,E01013874,0,-1
2023101339132,2023,101339132,1,1,0,9,9,1,5,0,0,1,2,0,0,0,3,1,5,6,1,44,7,-1,-1,-1,-1,8,E01008458,0,-1
2023201276888,2023,201276888,2,9,0,7,7,6,8,0,0,5,0,0,0,0,4,1,6,6,2,-1,-1,-1,-1,-1,-1,-1,-1,0,-1
2023430514120,2023,430514120,2,-1,0,18,19,8,4,0,0,8,0,0,0,0,1,1,6,6,1,48,8,-1,-1,-1,-1,2,E01016729,1,-1
2023161312873,2023,161312873,1,9,0,3,3,6,4,0,0,1,0,0,0,0,2,1,5,6,1,67,10,-1,-1,-1,-1,5,E01012910,0,-1
2023430276749,2023,430276749,1,19,0,7,7,2,5,0,0,6,0,0,0,0,3,1,1,1,1,50,8,-1,-1,-1,-1,-1,-1,0,-1
2023440071245,2023,440071245,1,9,0,18,19,8,4,0,0,0,5,0,0,0,1,1,6,6,1,32,6,-1,-1,-1,-1,5,E01023011,0,-1
2023522300793,2023,522300793,2,9,0,12,12,1,5,0,0,0,0,0,0,0,1,1,6,6,1,-1,-1,-1,-1,-1,-1,-1,-1,0,-1
2023461297680,2023,461297680,1,98,1,18,19,-1,-1,0,0,0,0,0,0,0,1,1,6,6,3,-1,-1,-1,-1,-1,-1,-1,-1,0,-1
2023010448439,2023,010448439,2,1,0,18,19,1,5,0,0,8,0,0,0,0,1,1,1,1,1,25,5,-1,-1,-1,-1,3,E01004037,0,-1
2023201298260,2023,201298260,2,-1,0,18,19,6,2,0,0,1,0,0,0,0,2,1,6,6,2,-1,-1,-1,-1,-1,-1,-1,-1,0,-1
2023010461526,2023,010461526,1,1,9,18,19,5,1,99,99,9,9,99,9,99,9,1,6,6,1,23,5,-1,-1,-1,-1,-1,-1,0,-1
2023052302353,2023,052302353,2,1,0,18,19,2,6,0,0,0,0,0,0,0,2,1,6,6,1,15,3,-1,-1,-1,-1,2,E01007054,0,-1
2023010425034,2023,010425034,1,1,9,99,99,9,9,99,99,9,9,99,9,99,9,1,2,2,2,29,6,-1,-1,-1,-1,2,E01004306,0,-1
2023131332290,2023,131332290,2,9,0,18,19,7,3,0,0,0,1,0,0,0,2,1,6,6,3,-1,-1,-1,-1,-1,-1,-1,-1,0,-1
2023122400163,2023,122400163,1,8,0,18,19,8,4,0,0,8,0,0,0,0,1,1,1,1,3,-1,-1,-1,-1,-1,-1,-1,-1,0,-1
2023010456703,2023,010456703,1,1,9,99,99,9,9,99,99,9,9,99,9,99,9,1,6,6,2,32,6,-1,-1,-1,-1,2,E01001667,0,-1
2023141278112,2023,141278112,1,97,0,18,19,5,1,0,0,0,5,0,0,0,1,1,6,6,1,46,8,-1,-1,-1,-1,1,E01008100,0,-1
2023340NN2512,2023,340NN2512,2,9,0,18,19,6,2,0,0,8,0,0,0,0,4,1,6,6,1,25,5,-1,-1,-1,-1,9,E01027322,0,-1
2023311272163,2023,311272163,1,9,0,18,19,6,2,0,0,0,1,0,1,0,1,1,2,2,1,32,6,-1,-1,-1,-1,6,E01028050,0,-1
2023481380485,2023,481380485,1,19,0,4,4,7,3,9,9,1,0,0,0,0,4,1,1,1,1,30,6,-1,-1,-1,-1,-1,-1,0,-1
2023010464070,2023,010464070,1,1,9,99,99,9,9,99,99,0,9,99,9,99,1,1,6,6,1,24,5,-1,-1,-1,-1,6,E01004493,0,-1
2023201408317,2023,201408317,2,9,0,18,19,5,1,0,0,8,0,0,0,0,3,1,6,6,1,52,8,-1,-1,-1,-1,8,E01019391,0,-1
2023052301725,2023,052301725,2,1,0,18,19,1,5,0,0,1,0,0,0,0,1,1,6,6,1,75,10,-1,-1,-1,-1,6,E01006988,0,-1
2023471304481,2023,471304481,1,22,0,5,5,5,1,0,0,2,0,0,0,0,1,1,6,6,1,-1,-1,-1,-1,-1,-1,-1,-1,0,-1
2023101374694,2023,101374694,2,9,0,9,9,7,5,0,0,0,0,0,0,0,0,1,6,6,1,-1,-1,-1,-1,-1,-1,-1,-1,0,-1
2023471335147,2023,471335147,2,1,0,18,19,5,7,0,0,4,0,0,0,0,2,1,6,6,1,52,8,-1,-1,-1,-1,6,E01031440,0,-1
2023320167684,2023,320167684,1,9,0,18,19,8,4,0,0,1,0,0,0,0,1,1,6,6,3,-1,-1,-1,-1,-1,-1,-1,-1,0,-1
2023010425490,2023,010425490,1,-1,9,18,19,1,5,99,99,0,9,99,9,99,9,9,6,6,3,-1,-1,-1,-1,-1,-1,-1,-1,1,-1
2023340WN5512,2023,340WN5512,2,9,0,18,19,8,4,0,0,0,0,0,7,0,1,1,6,6,1,56,9,-1,-1,-1,-1,9,E01027289,0,-1
2023201381698,2023,201381698,1,9,0,18,19,-1,-1,0,0,0,0,0,0,0,1,1,6,6,2,-1,-1,-1,-1,-1,-1,-1,-1,0,-1
2023010420866,2023,010420866,1,1,9,99,99,9,9,99,99,9,9,99,9,99,1,1,6,6,1,34,6,-1,-1,-1,-1,1,E01001787,0,-1
2023052301103,2023,052301103,1,9,0,18,19,5,1,0,0,0,0,0,0,0,1,1,6,6,3,-1,-1,-1,-1,-1,-1,-1,-1,0,-1
2023161380816,2023,161380816,2,9,0,7,7,5,8,0,0,1,0,0,0,0,1,1,6,6,1,-1,-1,-1,-1,-1,-1,-1,-1,0,-1
2023991269985,2023,991269985,1,9,0,18,19,7,3,0,0,4,0,0,0,0,1,1,6,6,3,21,5,-1,-1,-1,-1,-1,-1,0,-1
2023131364390,2023,131364390,1,9,0,16,19,3,7,0,0,0,0,0,0,0,1,2,1,1,1,34,6,-1,-1,-1,-1,5,E01011523,0,-1
2023010425979,2023,010425979,3,9,0,5,5,1,5,0,0,0,0,0,0,0,1,1,6,6,3,-1,-1,-1,-1,-1,-1,-1,-1,0,-1
2023010460274,2023,010460274,1,1,0,4,4,7,3,0,0,8,0,0,0,0,1,1,6,6,1,33,6,-1,-1,-1,-1,1,E01001846,0,-1
2023131317926,2023,131317926,2,1,0,18,19,1,1,0,0,1,0,0,1,0,1,1,2,2,1,37,7,-1,-1,-1,-1,7,E01011589,0,-1
2023430353532,2023,430353532,1,20,0,11,11,5,1,0,0,1,1,0,0,0,4,1,1,1,1,-1,-1,-1,-1,-1,-1,-1,-1,0,-1
2023010419964,2023,010419964,1,9,0,18,19,3,7,0,0,0,0,0,0,0,1,1,6,6,2,49,8,-1,-1,-1,-1,3,E01000900,0,-1
2023010473819,2023,010473819,2,1,0,14,14,5,1,0,0,0,0,4,0,0,4,1,6,6,1,45,7,-1,-1,-1,-1,8,E01000175,0,-1
2023101359241,2023,101359241,1,9,0,15,15,5,1,0,0,2,0,0,0,0,4,1,6,6,3,-1,-1,-1,-1,-1,-1,-1,-1,0,-1
2023461352309,2023,461352309,1,9,0,18,19,2,4,0,0,0,0,0,0,0,-1,1,6,6,3,-1,-1,-1,-1,-1,-1,-1,-1,0,-1
2023010449166,2023,010449166,1,1,9,99,99,9,9,99,99,9,9,99,9,99,2,1,6,6,1,21,5,-1,-1,-1,-1,-1,-1,0,-1
2023061323574,2023,061323574,2,1,0,6,6,5,7,0,0,1,0,0,0,0,3,1,6,6,1,18,4,-1,-1,-1,-1,1,E01005093,0,-1
2023010455591,2023,010455591,2,9,0,99,99,9,9,99,99,9,9,99,9,99,1,9,6,6,3,-1,-1,-1,-1,-1,-1,-1,-1,0,-1
2023201293919,2023,201293919,2,1,0,18,19,6,2,0,0,1,0,0,0,0,1,1,6,6,1,42,7,-1,-1,-1,-1,-1,-1,0,-1
2023010456650,2023,010456650,1,1,9,99,99,9,9,99,99,9,9,99,9,99,1,1,6,6,1,47,8,-1,-1,-1,-1,1,E01004198,0,-1
2023631324438,2023,631324438,3,9,0,18,19,4,8,0,0,0,0,0,0,0,0,1,1,1,1,55,8,-1,-1,-1,-1,8,W01000429,0,-1
2023451367968,2023,451367968,1,9,0,3,3,1,7,0,0,8,0,0,0,0,2,1,5,6,1,31,6,-1,-1,-1,-1,8,E01002963,0,-1
2023010459305,2023,010459305,2,1,0,5,5,4,8,0,0,8,0,0,0,0,3,1,2,2,2,27,6,-1,-1,-1,-1,2,E01001660,0,-1
2023332301292,2023,332301292,2,9,0,5,5,1,5,0,0,6,0,0,0,0,1,1,6,6,3,-1,-1,-1,-1,-1,-1,-1,-1,0,-1
2023161313431,2023,161313431,2,1,0,18,19,7,3,0,0,8,0,0,0,0,2,1,2,2,1,50,8,-1,-1,-1,-1,4,E01013314,0,-1
2023010483258,2023,010483258,1,1,0,18,19,5,1,0,0,8,0,0,0,0,4,1,2,2,1,24,5,-1,-1,-1,-1,1,E01003347,0,-1
2023101280476,2023,101280476,1,2,0,18,19,1,5,9,9,0,0,0,1,0,1,1,6,6,3,-1,-1,-1,-1,-1,-1,-1,-1,0,-1
2023122300417,2023,122300417,1,9,0,2,2,0,0,0,0,0,0,0,0,0,0,1,3,7,1,48,8,-1,-1,-1,-1,4,E01027905,0,-1
2023122300554,2023,122300554,2,9,0,2,2,0,0,0,0,0,0,0,0,0,2,1,1,1,1,57,9,-1,-1,-1,-1,10,E01027697,0,-1
2023451372213,2023,451372213,2,9,0,18,19,1,5,0,0,0,0,0,0,0,1,1,6,6,3,77,11,-1,-1,-1,-1,-1,-1,0,-1
2023101322508,2023,101322508,1,1,0,18,19,2,6,9,9,0,0,0,0,0,-1,1,2,2,1,-1,-1,-1,-1,-1,-1,-1,-1,0,-1
2023101367446,2023,101367446,2,1,0,18,19,5,1,0,0,8,0,0,0,0,1,1,6,6,1,49,8,-1,-1,-1,-1,5,E01027361,0,-1
2023010457741,2023,010457741,1,1,0,18,19,6,2,0,0,1,0,0,0,0,1,1,6,6,1,59,9,-1,-1,-1,-1,3,E01002079,0,-1
2023332300434,2023,332300434,1,1,0,10,10,4,2,0,0,8,0,0,0,0,2,1,1,1,1,27,6,-1,-1,-1,-1,2,E01032873,0,-1
2023131384798,2023,131384798,2,1,0,18,19,5,1,0,0,1,0,0,0,0,1,1,6,6,1,33,6,-1,-1,-1,-1,4,E01011678,0,-1
2023201349679,2023,201349679,2,19,0,9,9,4,1,0,0,5,0,0,0,0,3,1,1,1,1,46,8,-1,-1,-1,-1,2,E01010406,0,-1
2023131365282,2023,131365282,1,9,0,-1,-1,1,3,-1,-1,5,0,0,0,0,-1,1,6,6,3,-1,-1,-1,-1,-1,-1,-1,-1,0,-1
2023041321341,2023,041321341,1,1,0,18,19,1,5,0,0,1,2,0,0,0,3,1,6,6,1,11,3,-1,-1,-1,-1,1,E01025287,0,-1
2023070936995,2023,070936995,1,97,0,18,19,2,6,0,0,1,0,0,0,0,1,1,6,6,3,-1,-1,-1,-1,-1,-1,-1,-1,0,-1
2023010432272,2023,010432272,2,8,0,99,99,9,9,99,99,0,9,99,9,99,9,9,6,6,3,-1,-1,-1,-1,-1,-1,-1,-1,0,-1
2023010459296,2023,010459296,1,1,9,99,99,9,9,99,99,9,9,99,9,99,1,1,6,6,1,32,6,-1,-1,-1,-1,2,E01000901,0,-1
2023522400174,2023,522400174,1,97,0,16,19,1,4,0,0,0,0,0,0,0,1,1,6,6,1,33,6,-1,-1,-1,-1,4,E01014586,0,-1
2023061267893,2023,061267893,1,9,0,18,19,2,6,0,0,0,0,0,0,0,1,1,6,6,3,-1,-1,-1,-1,-1,-1,-1,-1,0,-1
2023070991470,2023,070991470,1,1,0,7,7,3,7,0,0,4,0,0,0,0,2,1,2,2,1,32,6,-1,-1,-1,-1,3,E01018631,0,-1
2023991391431,2023,991391431,1,1,0,18,19,7,3,0,0,0,0,0,0,0,1,1,6,6,2,32,6,-1,-1,-1,-1,3,-1,0,-1
2023010467472,2023,010467472,1,8,0,99,99,9,9,0,0,0,0,0,0,0,9,1,6,6,3,-1,-1,-1,-1,-1,-1,-1,-1,0,-1
2023520301663,2023,520301663,2,9,0,2,2,0,0,0,0,0,0,0,0,0,2,1,6,6,3,-1,-1,-1,-1,-1,-1,-1,-1,0,-1
2023010479863,2023,010479863,1,1,9,99,99,9,9,99,99,9,9,99,9,99,1,1,3,7,2,29,6,-1,-1,-1,-1,1,E01001714,0,-1
2023070104733,2023,070104733,2,97,0,18,19,5,5,0,0,5,0,0,0,0,1,1,6,6,1,47,8,-1,-1,-1,-1,-1,-1,0,-1
2023010461576,2023,010461576,2,1,9,99,99,9,9,99,99,9,9,99,9,99,9,1,6,6,1,-1,-1,-1,-1,-1,-1,-1,-1,0,-1
2023991295025,2023,991295025,1,20,0,18,19,1,5,0,0,0,0,0,0,0,1,2,5,6,1,37,7,-1,-1,-1,-1,1,E01007645,0,-1
2023010481297,2023,010481297,1,19,0,7,7,5,7,0,0,5,0,0,0,0,1,1,2,2,1,37,7,-1,-1,-1,-1,2,E01003712,0,-1
2023010451228,2023,010451228,1,1,9,99,99,9,9,99,99,9,9,99,9,99,2,1,2,2,2,34,6,-1,-1,-1,-1,3,E01003997,0,-1
2023332300377,2023,332300377,1,1,0,18,19,5,1,0,0,0,0,0,0,0,1,1,6,6,1,12,3,-1,-1,-1,-1,7,E01025895,0,-1
2023430387816,2023,430387816,1,9,0,18,19,6,2,0,0,8,0,0,0,0,1,1,6,6,1,-1,-1,-1,-1,-1,-1,-1,-1,0,-1
2023543428823,2023,543428823,2,9,0,4,4,5,1,0,0,1,0,0,0,0,1,1,6,6,1,68,10,-1,-1,-1,-1,8,E01015584,0,-1
2023010453229,2023,010453229,1,1,9,99,99,9,9,99,99,9,9,99,9,99,9,1,3,7,1,48,8,-1,-1,-1,-1,9,E01001379,0,-1
2023010485883,2023,010485883,2,1,0,18,19,1,5,0,0,0,0,0,0,0,1,1,6,6,1,19,4,-1,-1,-1,-1,6,E01003281,0,-1
2023351338117,2023,351338117,1,98,0,18,19,8,5,0,0,0,0,0,1,0,1,1,1,1,1,60,9,-1,-1,-1,-1,4,E01018104,0,-1
2023010442046,2023,010442046,2,1,0,5,5,7,3,0,0,1,0,8,0,0,1,1,2,2,1,32,6,-1,-1,-1,-1,7,E01003283,0,-1
2023461275867,2023,461275867,1,9,0,12,12,5,1,0,0,0,0,0,0,0,0,1,6,6,3,-1,-1,-1,-1,-1,-1,-1,-1,0,-1
2023010486025,2023,010486025,2,98,9,18,19,3,7,0,0,0,0,99,0,99,3,2,1,1,2,36,7,-1,-1,-1,-1,-1,-1,0,-1
2023041310257,2023,041310257,3,1,0,18,19,3,7,0,0,8,0,0,0,0,4,1,1,1,2,35,6,-1,-1,-1,-1,6,E01012719,0,-1
2023451297945,2023,451297945,2,9,0,13,13,1,5,0,0,0,0,0,0,0,1,1,6,6,3,30,6,-1,-1,-1,-1,-1,-1,0,-1
2023122301103,2023,122301103,2,1,0,15,15,1,5,0,0,8,0,0,0,0,3,1,6,6,1,54,8,-1,-1,-1,-1,6,E01013363,0,-1
2023111334060,2023,111334060,1,9,0,18,19,7,5,0,0,0,0,0,0,0,1,1,6,6,3,30,6,-1,-1,-1,-1,-1,-1,0,-1
2023010439830,2023,010439830,1,11,0,18,19,1,5,0,0,8,0,0,0,0,1,1,1,1,1,22,5,-1,-1,-1,-1,-1,-1,0,-1
2023201373154,2023,201373154,1,-1,0,18,19,2,6,0,0,0,0,0,0,0,1,1,6,6,3,-1,-1,-1,-1,-1,-1,-1,-1,0,-1
2023471350403,2023,471350403,2,1,0,18,19,3,7,0,0,0,0,0,0,0,4,1,3,7,1,43,7,-1,-1,-1,-1,8,E01031356,0,-1
2023332300750,2023,332300750,1,9,0,9,9,2,8,0,0,6,0,0,0,0,1,1,6,6,1,70,10,-1,-1,-1,-1,6,E01025815,0,-1
2023010453674,2023,010453674,1,9,9,99,99,9,9,99,99,9,9,99,9,99,9,9,6,6,1,42,7,-1,-1,-1,-1,2,E01003580,0,-1
2023010466871,2023,010466871,3,1,0,12,12,4,8,0,0,2,0,0,0,0,2,1,6,6,2,33,6,-1,-1,-1,-1,8,E01002581,0,-1