collision_index,collision_year,collision_ref_no,vehicle_reference,vehicle_type,towing_and_articulation,vehicle_manoeuvre_historic,vehicle_manoeuvre,vehicle_direction_from,vehicle_direction_to,vehicle_location_restricted_lane_historic,vehicle_location_restricted_lane,junction_location,skidding_and_overturning,hit_object_in_carriageway,vehicle_leaving_carriageway,hit_object_off_carriageway,first_point_of_impact,vehicle_left_hand_drive,journey_purpose_of_driver_historic,journey_purpose_of_driver,sex_of_driver,age_of_driver,age_band_of_driver,engine_capacity_cc,propulsion_code,age_of_vehicle,generic_make_model,driver_imd_decile,lsoa_of_driver,escooter_flag,driver_distance_banding
2023430347157,2023,430347157,1,1,0,18,19,8,8,0,0,8,0,0,0,0,2,1,6,6,1,57,9,-1,-1,-1,-1,10,E01017727,0,-1
2023461276741,2023,461276741,1,98,0,11,11,7,3,0,0,0,0,0,0,0,1,1,1,1,1,51,8,-1,-1,-1,-1,-1,-1,0,-1
2023401301568,2023,401301568,2,1,0,18,19,7,3,0,0,0,5,0,0,0,4,1,2,2,1,17,4,-1,-1,-1,-1,6,E01017481,0,-1
2023451289397,2023,451289397,1,1,0,18,19,2,2,0,0,0,0,0,0,0,1,1,6,6,1,42,7,-1,-1,-1,-1,6,E01030818,0,-1
2023320670475,2023,320670475,2,1,0,10,10,6,4,0,0,8,0,0,0,0,3,1,6,6,1,51,8,-1,-1,-1,-1,3,E01026323,0,-1
2023461315539,2023,461315539,1,1,0,18,19,2,6,0,0,8,0,0,0,0,1,1,6,6,2,12,3,-1,-1,-1,-1,10,E01024348,0,-1
2023430229109,2023,430229109,1,8,0,18,19,6,1,0,0,0,0,0,0,0,3,1,1,1,1,66,10,-1,-1,-1,-1,10,E01017697,0,-1
2023131375260,2023,131375260,2,1,0,18,19,3,7,4,4,1,5,0,0,0,3,1,2,2,2,33,6,-1,-1,-1,-1,1,E01011292,0,-1
202363B023723,2023,63B023723,4,19,0,18,19,2,6,0,0,0,0,0,0,0,1,1,2,2,1,43,7,-1,-1,-1,-1,9,W01000549,0,-1
2023401316446,2023,401316446,1,9,0,18,19,-1,-1,0,0,8,0,0,0,0,3,1,6,6,3,-1,-1,-1,-1,-1,-1,-1,-1,0,-1
2023421310603,2023,421310603,1,1,0,18,19,5,1,0,0,0,0,0,0,0,1,1,6,6,3,-1,-1,-1,-1,-1,-1,-1,-1,0,-1
2023501293432,2023,501293432,1,1,0,18,19,2,6,0,0,0,0,0,0,0,1,1,6,6,1,51,8,-1,-1,-1,-1,3,E01018815,0,-1
2023351291297,2023,351291297,2,1,0,18,19,5,1,0,0,8,0,0,0,0,4,1,6,6,1,45,7,-1,-1,-1,-1,2,E01015680,0,-1
2023161274296,2023,161274296,1,1,0,18,19,7,3,0,0,8,0,0,0,0,4,1,2,2,1,60,9,-1,-1,-1,-1,10,E01013223,0,-1
2023481374349,2023,481374349,1,1,0,7,7,5,1,0,0,8,0,0,0,0,3,1,5,6,1,36,7,-1,-1,-1,-1,-1,-1,0,-1
2023010461374,2023,010461374,2,1,0,9,9,1,6,0,0,1,0,0,0,0,2,1,6,6,1,21,5,-1,-1,-1,-1,2,E01001283,0,-1
2023141334642,2023,141334642,1,98,0,18,19,4,6,0,0,1,0,0,0,0,4,1,6,6,3,-1,-1,-1,-1,-1,-1,-1,-1,0,-1
2023351387762,2023,351387762,2,9,0,18,19,1,5,0,0,1,0,0,0,0,2,1,5,6,2,47,8,-1,-1,-1,-1,9,E01032611,0,-1
2023052302391,2023,052302391,2,1,0,18,19,5,1,0,0,1,0,0,0,0,1,1,6,6,2,41,7,-1,-1,-1,-1,4,E01033756,0,-1
2023070472798,2023,070472798,2,1,0,18,19,7,1,0,0,1,0,0,0,0,3,1,6,6,2,44,7,-1,-1,-1,-1,9,E01012492,0,-1
2023010467907,2023,010467907,2,9,0,16,19,1,5,0,0,0,0,0,0,0,0,1,6,6,3,-1,-1,-1,-1,-1,-1,-1,-1,0,-1
202354C486023,2023,54C486023,2,9,0,18,19,1,5,0,0,1,0,0,0,0,1,1,6,6,2,29,6,-1,-1,-1,-1,9,E01015485,0,-1
2023201338914,2023,201338914,1,9,0,18,19,1,6,0,0,8,0,0,0,0,1,1,6,6,2,28,6,-1,-1,-1,-1,6,E01009759,0,-1
2023311351834,2023,311351834,2,1,0,18,19,5,1,0,0,8,0,0,0,0,4,1,6,6,1,34,6,-1,-1,-1,-1,8,E01028052,0,-1
2023010473054,2023,010473054,1,1,9,99,99,9,9,99,99,9,9,99,9,99,9,1,2,2,1,34,6,-1,-1,-1,-1,4,E01033424,0,-1
2023010428631,2023,010428631,2,9,0,99,99,9,9,99,99,9,9,99,9,99,9,9,6,6,3,-1,-1,-1,-1,-1,-1,-1,-1,0,-1
2023351307759,2023,351307759,2,1,-1,5,5,-1,-1,4,4,0,0,0,0,0,1,1,5,6,2,34,6,-1,-1,-1,-1,2,E01017948,0,-1
2023332301024,2023,332301024,1,9,0,18,19,4,8,0,0,0,0,0,0,0,1,1,6,6,3,-1,-1,-1,-1,-1,-1,-1,-1,0,-1
2023010472580,2023,010472580,4,9,0,17,19,3,7,0,0,0,0,0,0,0,0,1,6,6,1,23,5,-1,-1,-1,-1,3,E01003221,0,-1
2023131355529,2023,131355529,1,9,0,-1,-1,-1,-1,-1,-1,-1,-1,-1,-1,-1,-1,1,6,6,3,99,11,-1,-1,-1,-1,-1,-1,0,-1
2023552400229,2023,552400229,2,1,0,18,19,8,4,0,0,8,0,0,0,0,1,1,2,2,1,56,9,-1,-1,-1,-1,5,E01020472,0,-1
2023461305582,2023,461305582,1,9,0,4,4,7,3,0,0,0,0,0,0,0,2,1,6,6,1,26,6,-1,-1,-1,-1,4,E01024086,0,-1
2023361318370,2023,361318370,2,1,0,18,19,2,6,0,0,2,1,10,1,0,1,1,4,7,1,16,4,-1,-1,-1,-1,7,E01026835,0,-1
2023461371032,2023,461371032,1,9,0,18,19,2,4,0,0,0,0,0,0,0,-1,1,6,6,3,-1,-1,-1,-1,-1,-1,-1,-1,0,-1
2023351341955,2023,351341955,2,1,0,18,19,-1,-1,0,0,0,0,0,0,0,1,1,6,6,2,59,9,-1,-1,-1,-1,6,E01015620,0,-1
2023401315066,2023,401315066,1,1,0,17,19,-1,-1,5,5,0,0,0,0,0,1,1,6,6,1,-1,-1,-1,-1,-1,-1,-1,-1,0,-1
2023010474275,2023,010474275,1,1,9,99,99,9,9,99,99,0,9,99,9,99,1,1,6,6,1,26,6,-1,-1,-1,-1,7,E01001882,0,-1
2023010486532,2023,010486532,1,1,0,5,5,0,7,0,0,8,0,0,0,0,2,1,6,6,1,51,8,-1,-1,-1,-1,2,E01003932,0,-1
2023010444696,2023,010444696,2,1,0,5,5,8,4,0,0,2,0,0,0,0,0,1,6,6,1,31,6,-1,-1,-1,-1,5,E01000620,0,-1
2023041312319,2023,041312319,2,1,0,11,11,4,2,0,0,0,0,0,0,0,1,1,5,6,1,36,7,-1,-1,-1,-1,5,E01025206,0,-1
2023461293449,2023,461293449,2,9,0,18,19,3,8,0,0,0,0,0,0,0,3,1,6,6,3,-1,-1,-1,-1,-1,-1,-1,-1,0,-1
2023411380291,2023,411380291,2,1,0,5,5,7,3,0,0,1,0,0,0,0,1,1,6,6,1,41,7,-1,-1,-1,-1,10,E01023749,0,-1
2023131387879,2023,131387879,1,9,0,18,19,3,7,0,0,0,0,0,0,0,1,1,6,6,3,-1,-1,-1,-1,-1,-1,-1,-1,0,-1
2023201372821,2023,201372821,2,90,0,7,7,2,4,0,0,1,0,0,0,0,4,1,1,1,1,55,8,-1,-1,-1,-1,4,E01029367,0,-1
2023122300574,2023,122300574,2,1,0,18,19,5,1,0,0,1,0,0,0,0,1,1,6,6,1,43,7,-1,-1,-1,-1,-1,-1,0,-1
2023010444824,2023,010444824,1,1,9,99,99,9,9,99,99,9,9,99,9,99,9,1,6,6,1,15,3,-1,-1,-1,-1,4,E01001194,0,-1
2023010455023,2023,010455023,2,1,0,18,19,3,7,0,0,8,0,0,0,0,4,1,6,6,2,44,7,-1,-1,-1,-1,3,E01001638,0,-1
2023010474479,2023,010474479,2,1,0,18,19,1,5,2,2,1,1,0,0,0,1,1,6,6,1,33,6,-1,-1,-1,-1,2,E01002075,0,-1
2023201286037,2023,201286037,2,9,0,18,19,7,3,0,0,4,0,0,0,0,1,1,6,6,3,-1,-1,-1,-1,-1,-1,-1,-1,0,-1
2023010446543,2023,010446543,2,9,0,99,99,9,9,99,99,9,9,99,9,99,1,9,6,6,3,-1,-1,-1,-1,-1,-1,6,E01004491,0,-1
2023451295526,2023,451295526,2,9,0,1,1,1,5,0,0,8,0,0,0,0,2,1,6,6,2,33,6,-1,-1,-1,-1,-1,-1,0,-1
2023010483872,2023,010483872,2,1,0,18,19,3,7,4,4,0,0,10,0,0,3,1,2,2,1,47,8,-1,-1,-1,-1,5,E01000338,0,-1
2023131286773,2023,131286773,2,1,0,9,9,7,5,0,0,8,0,0,0,0,1,1,6,6,1,15,3,-1,-1,-1,-1,2,E01011754,0,-1
2023131297490,2023,131297490,1,9,0,18,19,-1,-1,0,0,8,-1,-1,-1,-1,-1,1,6,6,3,-1,-1,-1,-1,-1,-1,-1,-1,0,-1
2023141348810,2023,141348810,1,9,0,18,19,1,1,0,0,0,0,0,0,0,1,1,6,6,3,-1,-1,-1,-1,-1,-1,-1,-1,0,-1
2023010443934,2023,010443934,1,1,9,99,99,9,9,99,99,9,5,99,0,0,9,1,6,6,3,-1,-1,-1,-1,-1,-1,-1,-1,0,-1
2023471307146,2023,471307146,4,9,-1,4,4,5,1,0,0,0,0,0,0,0,0,1,6,6,3,-1,-1,-1,-1,-1,-1,-1,-1,0,-1
2023451319174,2023,451319174,1,98,0,9,9,7,3,0,0,1,0,0,0,0,4,1,5,6,1,31,6,-1,-1,-1,-1,10,E01030944,0,-1
2023522301783,2023,522301783,1,1,0,18,19,8,4,0,0,8,0,0,0,0,4,1,6,6,1,33,6,-1,-1,-1,-1,5,E01014961,0,-1
2023010438004,2023,010438004,1,1,9,99,99,9,9,99,99,9,9,99,9,99,0,1,2,2,1,41,7,-1,-1,-1,-1,7,E01002898,0,-1
2023552300448,2023,552300448,2,1,0,18,19,4,8,0,0,8,0,0,0,0,2,1,2,2,1,43,7,-1,-1,-1,-1,8,E01015299,0,-1
2023401292494,2023,401292494,2,1,0,18,19,3,7,0,0,1,0,0,0,0,1,1,6,6,1,65,9,-1,-1,-1,-1,2,E01015702,0,-1
2023451381621,2023,451381621,2,9,0,7,7,3,1,0,0,0,0,0,0,0,0,1,6,6,3,40,7,-1,-1,-1,-1,-1,-1,0,-1
2023041368702,2023,041368702,1,9,0,18,19,6,2,0,0,0,0,0,0,0,1,1,6,6,1,24,5,-1,-1,-1,-1,8,E01012613,0,-1
2023201324063,2023,201324063,1,9,0,18,19,3,6,0,0,1,0,0,0,0,1,1,6,6,1,-1,-1,-1,-1,-1,-1,-1,-1,0,-1
2023061341707,2023,061341707,1,11,0,4,4,2,7,0,0,0,0,0,-1,0,0,1,1,1,1,-1,-1,-1,-1,-1,-1,-1,-1,0,-1
2023401270137,2023,401270137,1,9,0,18,19,7,3,0,0,8,0,0,0,0,3,1,6,6,3,-1,-1,-1,-1,-1,-1,-1,-1,0,-1
2023052301792,2023,052301792,1,9,0,7,7,8,2,0,0,8,0,0,0,0,4,1,6,6,3,-1,-1,-1,-1,-1,-1,-1,-1,0,-1
2023010420468,2023,010420468,1,19,9,99,99,9,9,0,0,9,0,99,9,99,9,9,6,6,3,-1,-1,-1,-1,-1,-1,-1,-1,0,-1
2023052300775,2023,052300775,2,1,0,9,9,1,3,0,0,2,0,0,0,0,1,1,1,1,1,35,6,-1,-1,-1,-1,6,E01007063,0,-1
2023101274162,2023,101274162,1,97,0,18,19,1,5,0,0,1,0,0,0,0,1,1,6,6,1,-1,-1,-1,-1,-1,-1,-1,-1,0,-1
202363A029523,2023,63A029523,1,9,0,18,19,4,8,0,0,8,5,0,3,7,1,1,6,6,1,44,7,-1,-1,-1,-1,-1,-1,0,-1
2023011366792,2023,011366792,2,1,0,3,3,7,3,0,0,1,0,0,0,0,2,1,2,2,2,41,7,-1,-1,-1,-1,-1,-1,0,-1
2023010444587,2023,010444587,1,1,0,3,3,5,1,0,0,1,0,0,0,0,1,1,6,6,1,15,3,-1,-1,-1,-1,2,E01000901,0,-1
2023101392327,2023,101392327,1,23,0,18,19,5,1,0,0,1,0,0,0,0,1,1,6,6,1,-1,-1,-1,-1,-1,-1,-1,-1,0,-1
2023052301683,2023,052301683,1,9,0,18,19,5,1,0,0,0,0,0,0,0,0,1,6,6,3,-1,-1,-1,-1,-1,-1,-1,-1,0,-1
2023552300824,2023,552300824,2,1,0,18,19,2,6,0,0,8,0,0,0,0,1,1,6,6,1,27,6,-1,-1,-1,-1,2,E01015288,0,-1
2023101305441,2023,101305441,1,9,-1,5,5,7,-1,0,0,2,0,0,0,0,-1,1,5,6,1,-1,-1,-1,-1,-1,-1,-1,-1,0,-1
2023440451676,2023,440451676,2,9,0,11,11,5,1,0,0,0,0,0,0,0,4,1,6,6,3,-1,-1,-1,-1,-1,-1,-1,-1,0,-1
2023010489129,2023,010489129,1,1,9,99,99,9,9,99,99,9,9,99,9,99,1,1,2,2,2,23,5,-1,-1,-1,-1,2,E01002032,0,-1
2023421322851,2023,421322851,1,9,0,11,11,1,5,0,0,0,1,0,0,0,1,1,6,6,1,45,7,-1,-1,-1,-1,4,E01023538,0,-1
2023340NN3582,2023,340NN3582,1,9,0,18,19,8,4,0,0,6,0,0,0,0,1,1,2,2,1,24,5,-1,-1,-1,-1,2,E01027341,0,-1
2023201401053,2023,201401053,1,97,0,5,5,1,5,0,0,1,0,0,0,0,2,1,5,6,1,13,3,-1,-1,-1,-1,1,E01009588,0,-1
2023201313318,2023,201313318,1,-1,0,18,19,4,8,0,0,2,0,0,0,0,1,1,6,6,3,-1,-1,-1,-1,-1,-1,-1,-1,0,-1
2023991298097,2023,991298097,1,-1,0,18,19,7,3,0,0,2,0,0,0,0,4,1,6,6,3,-1,-1,-1,-1,-1,-1,-1,-1,1,-1
2023052300346,2023,052300346,2,1,0,18,19,5,1,0,0,8,0,0,0,0,4,1,2,2,1,55,8,-1,-1,-1,-1,6,E01007065,0,-1
2023311285664,2023,311285664,1,9,0,9,9,5,1,0,0,8,0,0,0,0,1,1,6,6,1,-1,-1,-1,-1,-1,-1,-1,-1,0,-1
2023161273283,2023,161273283,1,1,0,18,19,7,3,4,4,8,5,0,0,0,4,1,6,6,2,47,8,-1,-1,-1,-1,1,E01012761,0,-1
2023421365588,2023,421365588,2,-1,0,18,19,5,1,0,0,8,0,0,0,0,1,1,5,6,1,18,4,-1,-1,-1,-1,4,E01021640,1,-1
2023311310777,2023,311310777,3,9,0,5,5,7,3,0,0,0,0,0,0,0,2,1,3,7,2,36,7,-1,-1,-1,-1,-1,-1,0,-1
2023522400924,2023,522400924,2,-1,0,18,19,1,5,0,0,0,0,0,0,0,3,1,6,6,1,18,4,-1,-1,-1,-1,4,E01015020,1,-1
2023501389283,2023,501389283,2,1,0,18,19,6,2,0,0,1,0,0,0,0,4,1,5,6,2,37,7,-1,-1,-1,-1,5,E01018946,0,-1
2023061388591,2023,061388591,1,9,-1,-1,-1,-1,-1,-1,-1,0,-1,-1,-1,0,-1,1,6,6,3,-1,-1,-1,-1,-1,-1,-1,-1,0,-1
2023010432621,2023,010432621,2,9,0,99,99,9,9,99,99,9,9,99,9,99,9,9,6,6,1,72,10,-1,-1,-1,-1,5,E01001091,0,-1
2023201372720,2023,201372720,1,9,0,9,9,6,4,0,0,6,0,0,0,0,3,1,6,6,3,-1,-1,-1,-1,-1,-1,-1,-1,0,-1
2023522324393,2023,522324393,1,9,0,4,4,6,2,0,0,2,0,0,0,0,0,1,6,6,3,-1,-1,-1,-1,-1,-1,-1,-1,0,-1
2023440250526,2023,440250526,1,-1,0,18,19,2,6,0,0,8,1,0,0,0,0,1,6,6,1,25,5,-1,-1,-1,-1,8,E01022650,1,-1
2023031287941,2023,031287941,2,1,0,18,19,8,4,0,0,1,0,0,0,0,1,1,6,6,1,49,8,-1,-1,-1,-1,-1,-1,0,-1
2023031324612,2023,031324612,2,9,0,13,13,4,3,0,0,0,0,0,0,0,3,1,6,6,1,22,5,-1,-1,-1,-1,4,E01019364,0,-1
2023471259270,2023,471259270,1,9,0,7,7,5,3,-1,-1,0,0,0,7,0,1,1,6,6,3,-1,-1,-1,-1,-1,-1,-1,-1,0,-1
2023010430855,2023,010430855,2,1,0,18,19,1,5,0,0,8,5,0,0,0,4,1,3,7,1,49,8,-1,-1,-1,-1,4,E01001738,0,-1
2023131349282,2023,131349282,1,-1,0,7,7,7,1,0,0,8,0,0,0,0,1,1,6,6,1,18,4,-1,-1,-1,-1,2,E01010740,1,-1
2023311302061,2023,311302061,1,1,0,5,5,2,7,0,0,0,0,0,0,0,3,1,6,6,1,17,4,-1,-1,-1,-1,1,E01013851,0,-1
2023332300686,2023,332300686,1,-1,0,18,19,4,8,0,0,0,0,0,0,0,4,1,6,6,1,13,3,-1,-1,-1,-1,5,E01025818,1,-1
2023430510901,2023,430510901,3,8,0,2,2,0,0,0,0,0,0,0,0,0,2,1,6,6,1,39,7,-1,-1,-1,-1,2,E01000482,0,-1
2023101267568,2023,101267568,1,9,0,12,12,4,7,0,0,0,0,0,0,0,3,1,6,6,3,30,6,-1,-1,-1,-1,-1,-1,0,-1
2023201289925,2023,201289925,2,9,0,9,9,8,6,0,0,5,0,0,0,0,1,1,6,6,1,-1,-1,-1,-1,-1,-1,-1,-1,0,-1
2023010457998,2023,010457998,2,1,0,9,9,8,5,0,0,1,0,0,0,0,1,1,6,6,1,17,4,-1,-1,-1,-1,-1,-1,0,-1
2023061318323,2023,061318323,2,1,0,18,19,3,7,0,0,0,0,8,0,0,1,1,6,6,1,41,7,-1,-1,-1,-1,1,E01005723,0,-1
2023311386915,2023,311386915,1,90,0,18,19,1,5,0,0,1,0,0,0,0,1,1,5,6,3,30,6,-1,-1,-1,-1,-1,-1,0,-1
2023332301141,2023,332301141,1,9,0,99,99,9,9,0,0,0,0,0,0,0,9,1,6,6,1,-1,-1,-1,-1,-1,-1,-1,-1,0,-1
2023411356788,2023,411356788,2,9,0,4,4,1,4,0,0,2,0,0,0,0,1,1,2,2,2,57,9,-1,-1,-1,-1,8,E01017444,0,-1
2023031280435,2023,031280435,1,9,0,9,9,5,3,0,0,1,0,0,0,0,1,1,6,6,3,-1,-1,-1,-1,-1,-1,-1,-1,0,-1
2023010427042,2023,010427042,2,9,0,99,99,9,9,99,99,9,9,99,9,99,9,9,6,6,3,-1,-1,-1,-1,-1,-1,-1,-1,0,-1
2023131373646,2023,131373646,1,9,0,18,19,8,2,0,0,0,0,0,0,0,1,1,5,6,1,33,6,-1,-1,-1,-1,5,E01011798,0,-1
2023010439156,2023,010439156,1,19,0,5,5,3,7,0,0,8,0,0,0,0,1,1,6,6,3,-1,-1,-1,-1,-1,-1,-1,-1,0,-1
2023421395005,2023,421395005,2,1,0,18,19,-1,-1,9,9,0,0,0,0,0,-1,1,6,6,1,12,3,-1,-1,-1,-1,9,E01015883,0,-1
2023010430329,2023,010430329,2,9,0,18,19,2,6,9,9,0,0,0,1,11,1,1,6,6,1,33,6,-1,-1,-1,-1,5,E01016116,0,-1
2023161351103,2023,161351103,2,1,0,5,5,5,1,0,0,0,5,0,0,0,3,1,6,6,1,19,4,-1,-1,-1,-1,-1,-1,0,-1
2023010445583,2023,010445583,2,1,0,18,19,5,1,0,0,1,0,0,0,0,1,1,2,2,1,26,6,-1,-1,-1,-1,3,E01000305,0,-1
2023201389880,2023,201389880,1,9,0,18,19,5,1,0,0,0,0,0,0,0,1,1,6,6,3,-1,-1,-1,-1,-1,-1,-1,-1,0,-1
2023010433196,2023,010433196,2,9,0,99,99,9,9,99,99,1,9,99,9,99,9,9,6,6,3,-1,-1,-1,-1,-1,-1,-1,-1,0,-1
2023131343415,2023,131343415,2,1,0,4,4,1,1,0,0,0,0,0,0,0,1,1,1,1,1,43,7,-1,-1,-1,-1,2,E01011250,0,-1
2023302301765,2023,302301765,2,1,0,18,19,3,7,9,9,0,0,0,0,0,3,1,6,6,1,32,6,-1,-1,-1,-1,-1,-1,0,-1
2023061325658,2023,061325658,2,9,-1,-1,-1,7,3,0,0,0,0,0,0,0,2,1,1,1,1,54,8,-1,-1,-1,-1,2,E01005721,0,-1
2023061327021,2023,061327021,2,1,-1,-1,-1,-1,-1,-1,-1,-1,-1,-1,-1,0,-1,1,6,6,1,49,8,-1,-1,-1,-1,9,E01005049,0,-1
2023221281828,2023,221281828,1,9,0,13,13,7,3,0,0,0,2,0,7,10,1,1,2,2,1,30,6,-1,-1,-1,-1,5,E01014018,0,-1
2023430365625,2023,430365625,2,9,0,1,1,6,2,9,9,0,0,0,0,0,2,1,6,6,2,-1,-1,-1,-1,-1,-1,-1,-1,0,-1
2023010456330,2023,010456330,1,1,9,99,99,9,9,99,99,9,9,99,9,99,9,1,2,2,1,22,5,-1,-1,-1,-1,9,E01004625,0,-1
2023311309618,2023,311309618,2,9,0,5,5,5,1,0,0,1,0,0,0,0,1,1,6,6,3,-1,-1,-1,-1,-1,-1,-1,-1,0,-1
2023471357516,2023,471357516,1,9,0,9,9,1,7,0,0,1,0,0,0,0,1,1,6,6,1,32,6,-1,-1,-1,-1,5,E01030572,0,-1
2023991305544,2023,991305544,1,9,0,18,19,1,5,0,0,0,0,0,0,0,1,1,5,6,2,38,7,-1,-1,-1,-1,7,-1,0,-1
2023010452522,2023,010452522,2,9,0,18,19,3,7,0,0,0,0,0,0,0,1,1,6,6,3,-1,-1,-1,-1,-1,-1,-1,-1,0,-1
2023201367162,2023,201367162,2,9,0,18,19,4,8,0,0,0,0,0,0,0,2,1,6,6,2,69,10,-1,-1,-1,-1,8,E01013338,0,-1
2023320055485,2023,320055485,1,22,0,18,19,6,2,0,0,0,0,0,0,0,1,1,6,6,1,67,10,-1,-1,-1,-1,7,E01026029,0,-1
2023010464596,2023,010464596,1,1,9,99,99,9,9,99,99,9,9,99,9,99,9,1,2,2,2,42,7,-1,-1,-1,-1,3,E01004747,0,-1
2023101381610,2023,101381610,1,9,0,4,4,5,1,0,0,1,0,0,0,0,-1,1,6,6,3,-1,-1,-1,-1,-1,-1,-1,-1,0,-1
2023010433399,2023,010433399,1,3,0,99,99,9,9,99,99,9,9,99,9,99,9,1,6,6,1,41,7,-1,-1,-1,-1,2,E01002096,0,-1
2023421395031,2023,421395031,1,9,0,9,9,5,4,0,0,2,0,0,0,0,1,1,6,6,1,36,7,-1,-1,-1,-1,9,E01022080,0,-1
2023141391687,2023,141391687,2,98,0,18,19,1,5,0,0,8,0,0,0,0,1,1,6,6,3,-1,-1,-1,-1,-1,-1,-1,-1,0,-1
2023471368183,2023,471368183,2,9,0,18,19,5,1,0,0,2,0,0,0,0,1,1,1,1,1,39,7,-1,-1,-1,-1,9,E01030835,0,-1
2023543874023,2023,543874023,1,21,0,18,19,8,4,0,0,0,0,10,0,0,1,1,1,1,1,25,5,-1,-1,-1,-1,5,E01024383,0,-1
2023010449992,2023,010449992,2,1,0,18,19,1,5,0,0,8,0,0,0,0,1,1,6,6,1,57,9,-1,-1,-1,-1,9,E01024145,0,-1
2023522301022,2023,522301022,1,9,0,16,19,2,5,0,0,8,0,0,0,0,1,1,6,6,1,36,7,-1,-1,-1,-1,8,E01014867,0,-1
2023520400933,2023,520400933,2,20,0,18,19,3,7,0,0,0,0,0,0,0,1,1,6,6,1,-1,-1,-1,-1,-1,-1,-1,-1,0,-1
2023501339336,2023,501339336,1,19,0,18,19,4,8,0,0,0,0,0,0,0,1,1,6,6,3,-1,-1,-1,-1,-1,-1,-1,-1,0,-1
2023122300812,2023,122300812,1,9,0,18,19,5,1,0,0,0,0,0,0,0,1,1,6,6,3,-1,-1,-1,-1,-1,-1,-1,-1,0,-1
2023041383459,2023,041383459,1,9,0,12,12,6,2,0,0,0,0,0,0,0,1,2,5,6,1,60,9,-1,-1,-1,-1,-1,-1,0,-1
2023010429432,2023,010429432,2,19,0,2,2,0,0,9,9,0,0,0,1,0,2,1,6,6,3,-1,-1,-1,-1,-1,-1,-1,-1,0,-1
2023101412900,2023,101412900,1,90,0,9,9,1,7,0,0,5,0,0,0,0,4,1,5,6,1,42,7,-1,-1,-1,-1,-1,-1,0,-1
2023010426357,2023,010426357,1,1,9,99,99,9,9,99,99,9,9,99,9,99,1,1,2,2,1,51,8,-1,-1,-1,-1,4,E01000534,0,-1
2023411332823,2023,411332823,1,9,0,18,19,3,7,0,0,3,0,0,0,0,1,1,6,6,3,-1,-1,-1,-1,-1,-1,-1,-1,0,-1
2023201293442,2023,201293442,2,9,0,5,5,1,5,0,0,4,0,0,0,0,1,1,2,2,1,51,8,-1,-1,-1,-1,8,E01010357,0,-1
2023111280842,2023,111280842,2,22,0,18,19,3,7,0,0,0,0,0,0,0,3,1,5,6,1,26,6,-1,-1,-1,-1,3,E01012353,0,-1
2023320549670,2023,320549670,5,9,0,4,4,6,2,0,0,0,0,0,0,0,1,1,6,6,2,63,9,-1,-1,-1,-1,4,E01007625,0,-1
2023311300071,2023,311300071,2,1,0,18,19,3,7,0,0,0,0,0,0,0,2,1,6,6,1,15,3,-1,-1,-1,-1,6,E01027948,0,-1
2023010471592,2023,010471592,2,1,0,18,19,7,3,0,0,8,0,0,1,0,1,1,6,6,1,54,8,-1,-1,-1,-1,3,E01002532,0,-1
202354A450923,2023,54A450923,1,9,0,13,13,2,6,0,0,0,0,0,0,0,-1,1,6,6,3,-1,-1,-1,-1,-1,-1,-1,-1,0,-1
2023010427003,2023,010427003,2,23,0,17,19,7,3,0,0,2,1,0,0,0,2,1,1,1,1,39,7,-1,-1,-1,-1,9,E01004136,0,-1
2023010434154,2023,010434154,1,1,0,18,19,4,8,0,0,0,5,4,0,0,1,1,1,1,1,53,8,-1,-1,-1,-1,3,E01000577,0,-1
2023201277377,2023,201277377,1,3,0,18,19,5,1,0,0,1,0,0,0,0,4,1,6,6,3,-1,-1,-1,-1,-1,-1,-1,-1,0,-1
2023522300473,2023,522300473,1,1,0,8,8,3,5,0,0,1,0,0,0,0,1,1,6,6,2,29,6,-1,-1,-1,-1,1,E01014574,0,-1
2023421344472,2023,421344472,1,9,0,11,11,8,5,0,0,0,0,0,0,0,2,1,6,6,3,50,8,-1,-1,-1,-1,-1,-1,0,-1
2023061323096,2023,061323096,1,9,0,18,19,2,7,0,0,0,0,0,0,0,4,1,6,6,3,30,6,-1,-1,-1,-1,-1,-1,0,-1
2023201304271,2023,201304271,1,9,0,18,19,1,5,0,0,8,0,0,0,0,1,1,1,1,2,23,5,-1,-1,-1,-1,2,E01009596,0,-1
2023070719387,2023,070719387,2,16,0,18,19,4,8,0,0,0,0,0,0,0,2,1,6,6,2,40,7,-1,-1,-1,-1,5,E01018480,0,-1
2023201416139,2023,201416139,1,9,0,9,9,8,6,0,0,5,0,0,0,0,1,1,6,6,3,-1,-1,-1,-1,-1,-1,-1,-1,0,-1
2023302301059,2023,302301059,1,98,0,11,11,7,2,0,0,3,0,0,0,0,1,1,6,6,3,-1,-1,-1,-1,-1,-1,5,E01019456,0,-1
2023170S31993,2023,170S31993,1,9,0,18,19,6,2,0,0,3,0,0,0,0,0,1,6,6,1,52,8,-1,-1,-1,-1,-1,-1,0,-1
2023311353278,2023,311353278,1,97,0,14,14,5,1,0,0,0,1,0,0,0,2,1,6,6,3,-1,-1,-1,-1,-1,-1,-1,-1,0,-1
2023010481010,2023,010481010,10,9,0,2,2,0,0,0,0,0,0,0,0,0,3,1,6,6,3,-1,-1,-1,-1,-1,-1,-1,-1,0,-1
2023361342549,2023,361342549,2,9,0,17,19,1,5,0,0,8,0,0,0,0,3,1,6,6,1,41,7,-1,-1,-1,-1,5,E01026668,0,-1
2023010460091,2023,010460091,2,9,0,7,7,3,5,99,99,9,9,99,9,99,4,9,6,6,1,-1,-1,-1,-1,-1,-1,5,E01004733,0,-1
2023501310188,2023,501310188,2,9,0,4,4,2,6,0,0,0,0,0,0,0,2,1,1,1,1,59,9,-1,-1,-1,-1,3,E01018856,0,-1
2023522300838,2023,522300838,2,9,0,14,14,3,7,0,0,8,1,0,0,0,1,1,6,6,1,49,8,-1,-1,-1,-1,8,E01032668,0,-1
2023221368780,2023,221368780,1,1,0,16,19,6,1,0,0,8,0,0,0,0,3,1,6,6,1,32,6,-1,-1,-1,-1,1,E01014142,0,-1
2023161352221,2023,161352221,2,9,0,18,19,3,7,0,0,0,0,0,0,0,1,1,6,6,3,-1,-1,-1,-1,-1,-1,-1,-1,0,-1
2023010431157,2023,010431157,2,9,9,99,99,9,9,99,99,9,9,99,9,99,2,9,6,6,3,-1,-1,-1,-1,-1,-1,-1,-1,0,-1