collision_index,collision_year,collision_ref_no,vehicle_reference,vehicle_type,towing_and_articulation,vehicle_manoeuvre_historic,vehicle_manoeuvre,vehicle_direction_from,vehicle_direction_to,vehicle_location_restricted_lane_historic,vehicle_location_restricted_lane,junction_location,skidding_and_overturning,hit_object_in_carriageway,vehicle_leaving_carriageway,hit_object_off_carriageway,first_point_of_impact,vehicle_left_hand_drive,journey_purpose_of_driver_historic,journey_purpose_of_driver,sex_of_driver,age_of_driver,age_band_of_driver,engine_capacity_cc,propulsion_code,age_of_vehicle,generic_make_model,driver_imd_decile,lsoa_of_driver,escooter_flag,driver_distance_banding
2023111382537,2023,111382537,2,9,0,18,19,7,3,0,0,0,0,0,7,0,1,1,1,1,1,31,6,-1,-1,-1,-1,-1,-1,0,-1
2023010457077,2023,010457077,2,1,0,5,5,2,6,0,0,8,0,0,0,0,1,1,6,6,1,43,7,-1,-1,-1,-1,3,E01000579,0,-1
2023231351604,2023,231351604,2,9,0,2,2,0,0,0,0,8,0,0,0,0,1,1,5,6,3,45,7,-1,-1,-1,-1,-1,-1,0,-1
2023471384678,2023,471384678,1,9,0,18,19,8,4,0,0,0,0,0,0,0,1,1,6,6,3,-1,-1,-1,-1,-1,-1,-1,-1,0,-1
2023461328876,2023,461328876,2,19,0,17,19,3,7,0,0,8,1,2,3,1,4,1,5,6,2,34,6,-1,-1,-1,-1,6,E01021087,0,-1
2023122301112,2023,122301112,2,1,0,5,5,4,2,0,0,4,0,0,0,0,1,1,2,2,2,41,7,-1,-1,-1,-1,3,E01013385,0,-1
2023302300503,2023,302300503,1,9,0,18,19,8,4,0,0,8,0,0,0,0,1,1,6,6,3,-1,-1,-1,-1,-1,-1,5,E01019456,0,-1
2023610002123,2023,610002123,1,5,0,4,4,7,3,0,0,8,0,0,0,0,3,1,1,1,1,37,7,-1,-1,-1,-1,-1,-1,0,-1
2023332300883,2023,332300883,1,1,0,18,19,4,8,0,0,8,1,0,0,0,2,1,6,6,1,32,6,-1,-1,-1,-1,1,E01013674,0,-1
2023010425351,2023,010425351,2,1,0,18,19,7,3,0,0,2,0,0,0,0,1,1,6,6,1,28,6,-1,-1,-1,-1,2,E01003933,0,-1
2023440285797,2023,440285797,2,1,0,18,19,8,4,0,0,1,0,0,0,0,2,1,6,6,1,36,7,-1,-1,-1,-1,-1,-1,0,-1
2023010485630,2023,010485630,1,4,0,18,19,5,1,0,0,1,0,0,0,0,1,1,6,6,1,18,4,-1,-1,-1,-1,7,E01026655,0,-1
2023131329160,2023,131329160,1,1,0,18,19,7,3,0,0,6,0,0,0,0,1,1,5,6,1,13,3,-1,-1,-1,-1,1,E01011122,0,-1
2023010431014,2023,010431014,2,1,0,5,5,3,7,0,0,2,0,0,0,0,3,1,4,7,1,13,3,-1,-1,-1,-1,3,E01003942,0,-1
2023552300744,2023,552300744,1,9,0,7,7,2,5,0,0,5,0,0,0,0,4,1,6,6,3,-1,-1,-1,-1,-1,-1,-1,-1,0,-1
2023522301668,2023,522301668,2,9,0,18,19,6,2,0,0,2,0,0,0,0,1,1,6,6,3,-1,-1,-1,-1,-1,-1,-1,-1,0,-1
2023421289901,2023,421289901,2,1,0,7,7,3,5,0,0,3,0,0,0,0,4,1,5,6,1,41,7,-1,-1,-1,-1,8,E01021574,0,-1
2023131288179,2023,131288179,2,1,0,18,19,1,5,0,0,1,0,0,0,0,1,1,6,6,1,67,10,-1,-1,-1,-1,3,E01011779,0,-1
2023010486732,2023,010486732,2,23,0,9,9,5,3,0,0,0,0,0,0,0,1,1,1,1,1,33,6,-1,-1,-1,-1,3,E01004661,0,-1
2023991350787,2023,991350787,1,9,0,18,19,4,8,0,0,0,2,0,7,9,1,1,2,2,2,27,6,-1,-1,-1,-1,6,-1,0,-1
2023041290279,2023,041290279,1,1,0,18,19,-1,-1,9,9,1,0,0,0,0,1,1,6,6,1,28,6,-1,-1,-1,-1,4,E01012607,0,-1
2023371286052,2023,371286052,1,9,-1,-1,-1,-1,-1,-1,-1,-1,-1,-1,-1,0,-1,1,6,6,3,-1,-1,-1,-1,-1,-1,-1,-1,0,-1
2023351369325,2023,351369325,1,9,0,7,7,-1,-1,0,0,8,0,0,0,0,1,1,6,6,1,-1,-1,-1,-1,-1,-1,-1,-1,0,-1
2023440261115,2023,440261115,1,1,0,14,14,6,2,0,0,0,0,0,0,0,1,1,2,2,1,47,8,-1,-1,-1,-1,10,E01023212,0,-1
2023010463236,2023,010463236,1,9,0,16,19,8,3,0,0,2,0,0,0,0,1,1,6,6,3,-1,-1,-1,-1,-1,-1,-1,-1,0,-1
2023471298266,2023,471298266,2,11,0,2,2,0,0,0,0,2,0,0,0,0,2,1,6,6,3,-1,-1,-1,-1,-1,-1,-1,-1,0,-1
2023070541286,2023,070541286,1,9,0,18,19,2,6,0,0,0,0,0,0,0,1,1,6,6,2,-1,-1,-1,-1,-1,-1,-1,-1,0,-1
2023010467156,2023,010467156,1,1,9,18,19,1,5,99,99,9,9,0,9,99,3,1,6,6,1,40,7,-1,-1,-1,-1,1,E01001822,0,-1
2023010421962,2023,010421962,2,9,0,99,99,9,9,99,99,9,9,99,9,99,2,9,6,6,3,-1,-1,-1,-1,-1,-1,-1,-1,0,-1
2023161261305,2023,161261305,1,9,0,18,19,3,7,0,0,0,0,0,0,0,1,1,6,6,3,-1,-1,-1,-1,-1,-1,-1,-1,0,-1
2023201284024,2023,201284024,2,1,0,9,9,2,8,0,0,8,0,0,0,0,1,1,6,6,1,16,4,-1,-1,-1,-1,3,E01010218,0,-1
2023161387577,2023,161387577,1,-1,0,18,19,1,5,99,99,0,1,7,9,0,1,1,6,6,1,-1,-1,-1,-1,-1,-1,1,E01012856,1,-1
2023430444275,2023,430444275,1,9,0,9,9,1,7,0,0,5,0,0,0,0,1,1,2,2,2,47,8,-1,-1,-1,-1,8,E01017788,0,-1
2023201284012,2023,201284012,2,1,0,18,19,1,5,0,0,8,0,0,0,0,4,1,6,6,1,35,6,-1,-1,-1,-1,1,E01009062,0,-1
2023041321706,2023,041321706,2,1,0,18,19,5,1,0,0,1,0,0,0,0,1,1,5,6,1,50,8,-1,-1,-1,-1,10,E01025328,0,-1
2023231342567,2023,231342567,1,9,0,18,19,6,2,0,0,0,0,0,0,0,0,1,6,6,3,26,6,-1,-1,-1,-1,-1,-1,0,-1
2023071275577,2023,071275577,2,1,0,3,3,2,6,0,0,0,0,0,0,0,3,1,6,6,1,72,10,-1,-1,-1,-1,7,W01000255,0,-1
2023311347509,2023,311347509,2,1,0,4,4,3,5,8,6,0,0,0,0,0,4,1,2,2,1,29,6,-1,-1,-1,-1,6,E01028146,0,-1
2023041373149,2023,041373149,1,1,0,18,19,1,5,0,0,1,0,0,0,0,1,1,5,6,1,15,3,-1,-1,-1,-1,1,E01012684,0,-1
2023052301231,2023,052301231,1,1,0,18,19,5,1,0,0,0,0,0,0,0,1,1,6,6,1,14,3,-1,-1,-1,-1,2,E01007139,0,-1
2023010436342,2023,010436342,2,-1,9,99,99,9,9,99,99,9,9,99,9,99,9,1,6,6,1,27,6,-1,-1,-1,-1,-1,-1,1,-1
2023351371646,2023,351371646,2,1,0,18,19,7,3,0,0,2,0,0,0,0,1,1,1,1,1,46,8,-1,-1,-1,-1,7,E01015683,0,-1
2023311279455,2023,311279455,3,8,0,4,4,1,5,0,0,1,0,0,0,0,1,1,1,1,1,49,8,-1,-1,-1,-1,-1,-1,0,-1
2023531338690,2023,531338690,1,1,0,18,19,6,2,7,6,0,5,0,1,0,1,1,5,6,1,45,7,-1,-1,-1,-1,9,E01022278,0,-1
2023010425239,2023,010425239,2,9,0,99,99,9,9,99,99,9,9,99,9,99,1,9,6,6,3,-1,-1,-1,-1,-1,-1,5,E01023575,0,-1
2023010435982,2023,010435982,1,1,0,18,19,1,5,5,5,0,1,0,0,0,1,1,2,2,1,33,6,-1,-1,-1,-1,1,E01002066,0,-1
2023361392446,2023,361392446,1,1,0,18,19,6,6,0,0,4,0,0,0,0,3,1,5,6,1,17,4,-1,-1,-1,-1,4,E01026884,0,-1
2023141379009,2023,141379009,2,1,0,9,9,8,7,0,0,1,5,0,1,0,2,1,6,6,1,12,3,-1,-1,-1,-1,8,E01007427,0,-1
2023501331050,2023,501331050,2,1,0,18,19,8,4,9,9,1,2,0,0,0,4,1,5,6,1,45,7,-1,-1,-1,-1,8,E01020023,0,-1
2023010440246,2023,010440246,1,1,9,99,99,9,9,99,99,9,9,99,9,99,1,1,6,6,1,43,7,-1,-1,-1,-1,10,E01000276,0,-1
2023010483784,2023,010483784,2,9,0,99,99,9,9,99,99,9,9,99,9,99,1,9,6,6,3,-1,-1,-1,-1,-1,-1,-1,-1,0,-1
2023010455889,2023,010455889,4,9,0,18,19,5,1,0,0,1,0,4,0,0,2,1,6,6,3,-1,-1,-1,-1,-1,-1,-1,-1,0,-1
2023010429320,2023,010429320,2,1,0,18,19,4,8,0,0,8,0,0,0,0,3,1,6,6,2,29,6,-1,-1,-1,-1,7,E01002115,0,-1
2023131356835,2023,131356835,3,9,0,18,19,1,5,0,0,0,0,0,0,0,2,1,5,6,1,49,8,-1,-1,-1,-1,9,E01011464,0,-1
2023451380111,2023,451380111,2,1,0,7,7,3,5,0,0,8,0,0,0,0,3,1,5,6,1,22,5,-1,-1,-1,-1,5,E01030494,0,-1
2023522400773,2023,522400773,1,9,0,9,9,5,3,0,0,5,0,0,0,0,1,1,6,6,1,-1,-1,-1,-1,-1,-1,-1,-1,0,-1
2023320260927,2023,320260927,2,1,0,9,9,8,7,0,0,5,5,0,0,0,3,1,2,2,1,43,7,-1,-1,-1,-1,5,E01026298,0,-1
2023311373928,2023,311373928,1,1,0,18,19,1,5,0,0,1,1,0,0,0,0,1,5,6,1,15,3,-1,-1,-1,-1,-1,-1,0,-1
2023010447446,2023,010447446,1,1,9,99,99,9,9,99,99,9,9,99,9,99,1,1,6,6,1,37,7,-1,-1,-1,-1,6,E01002974,0,-1
2023320744092,2023,320744092,2,9,0,18,19,5,1,0,0,0,0,0,0,0,1,1,1,1,1,35,6,-1,-1,-1,-1,1,E01010813,0,-1
2023010451781,2023,010451781,2,-1,0,18,19,2,6,0,0,1,0,0,0,0,1,1,6,6,1,32,6,-1,-1,-1,-1,4,E01004419,1,-1
2023201381428,2023,201381428,2,9,0,9,9,6,3,0,0,6,0,0,0,0,1,1,6,6,2,49,8,-1,-1,-1,-1,6,E01009778,0,-1
2023471297942,2023,471297942,1,9,0,7,7,8,1,0,0,1,0,0,0,0,4,1,6,6,3,-1,-1,-1,-1,-1,-1,-1,-1,0,-1
2023201382539,2023,201382539,1,19,0,18,19,3,7,0,0,0,0,0,0,0,3,1,6,6,1,30,6,-1,-1,-1,-1,-1,-1,0,-1
2023201449676,2023,201449676,1,-1,0,9,9,4,2,0,0,6,0,0,0,0,1,1,6,6,3,-1,-1,-1,-1,-1,-1,-1,-1,0,-1
2023010455276,2023,010455276,1,9,9,99,99,9,9,99,99,9,9,99,9,99,9,9,6,6,3,-1,-1,-1,-1,-1,-1,-1,-1,0,-1
2023552301465,2023,552301465,2,1,0,18,19,6,2,0,0,0,0,0,0,0,4,1,6,6,1,70,10,-1,-1,-1,-1,5,E01020577,0,-1
2023201285460,2023,201285460,1,1,0,12,12,3,7,0,0,0,0,0,0,0,4,1,6,6,1,47,8,-1,-1,-1,-1,2,E01009018,0,-1
2023471279428,2023,471279428,2,1,0,18,19,1,5,0,0,1,5,0,0,0,4,1,2,2,1,54,8,-1,-1,-1,-1,7,E01022924,0,-1
2023311332930,2023,311332930,2,1,0,18,19,6,2,0,0,8,0,0,0,0,4,1,1,1,1,38,7,-1,-1,-1,-1,1,E01013884,0,-1
2023522300393,2023,522300393,1,1,0,18,19,4,8,2,2,0,0,0,0,0,1,1,6,6,1,22,5,-1,-1,-1,-1,4,E01033364,0,-1
2023061363772,2023,061363772,2,9,-1,-1,-1,-1,-1,-1,-1,0,-1,-1,-1,0,-1,1,6,6,1,51,8,-1,-1,-1,-1,2,E01006039,0,-1
2023010448233,2023,010448233,2,9,0,99,99,9,9,99,99,9,9,99,9,99,9,9,6,6,3,32,6,-1,-1,-1,-1,1,E01000605,0,-1
2023041290571,2023,041290571,1,1,0,5,5,1,5,0,0,0,0,0,0,0,1,1,5,6,1,13,3,-1,-1,-1,-1,1,E01012695,0,-1
2023070580276,2023,070580276,1,11,0,15,15,1,5,0,0,0,0,0,0,0,0,1,1,1,1,-1,-1,-1,-1,-1,-1,-1,-1,0,-1
2023471350464,2023,471350464,1,9,0,2,2,1,5,0,0,0,5,0,1,0,4,1,5,6,1,61,9,-1,-1,-1,-1,10,E01021202,0,-1
2023302300712,2023,302300712,2,1,0,9,9,2,1,0,0,1,0,0,0,0,3,1,6,6,1,16,4,-1,-1,-1,-1,9,E01013543,0,-1
2023010439614,2023,010439614,2,1,0,18,19,1,5,0,0,2,0,0,0,0,3,1,4,7,1,13,3,-1,-1,-1,-1,3,E01001884,0,-1
2023201429478,2023,201429478,1,1,0,18,19,2,6,2,2,1,0,0,0,0,3,1,6,6,3,29,6,-1,-1,-1,-1,2,E01009650,0,-1
2023351295840,2023,351295840,2,1,0,5,5,2,8,0,0,6,0,0,0,0,3,1,2,2,1,30,6,-1,-1,-1,-1,8,E01018001,0,-1
2023361295475,2023,361295475,2,9,0,18,19,5,1,0,0,0,0,0,0,0,2,1,5,6,1,19,4,-1,-1,-1,-1,4,E01029927,0,-1
2023340WN1942,2023,340WN1942,2,9,0,18,19,5,1,0,0,0,0,0,0,0,2,1,6,6,2,33,6,-1,-1,-1,-1,-1,-1,0,-1
2023531289961,2023,531289961,2,-1,0,5,5,3,7,9,9,2,0,0,0,0,1,1,6,6,2,19,4,-1,-1,-1,-1,-1,-1,1,-1
2023061376346,2023,061376346,1,9,0,18,19,6,2,0,0,2,0,0,0,0,4,1,2,2,1,60,9,-1,-1,-1,-1,8,E01005330,0,-1
2023201341324,2023,201341324,1,9,0,7,7,7,2,0,0,5,0,0,0,0,1,1,6,6,3,-1,-1,-1,-1,-1,-1,-1,-1,0,-1
2023070685708,2023,070685708,1,-1,0,18,19,7,3,0,0,0,0,0,0,0,0,1,6,6,1,15,3,-1,-1,-1,-1,2,E01012379,1,-1
2023010448624,2023,010448624,2,9,0,99,99,9,9,99,99,9,9,99,9,99,9,9,6,6,3,-1,-1,-1,-1,-1,-1,-1,-1,0,-1
2023031353331,2023,031353331,2,1,0,18,19,7,1,0,0,4,0,0,0,0,1,1,5,6,1,20,4,-1,-1,-1,-1,2,E01019210,0,-1
2023411405587,2023,411405587,1,9,0,-1,-1,-1,-1,0,0,0,0,0,0,0,-1,1,6,6,1,75,10,-1,-1,-1,-1,10,E01023610,0,-1
2023549799123,2023,549799123,2,2,0,18,19,7,3,0,0,1,0,0,0,0,1,1,2,2,1,20,4,-1,-1,-1,-1,10,E01031855,0,-1
2023471352591,2023,471352591,2,90,0,16,19,5,1,0,0,1,1,0,0,0,1,1,5,6,2,34,6,-1,-1,-1,-1,7,E01021022,0,-1
2023351388133,2023,351388133,2,1,0,18,19,6,2,0,0,0,0,0,0,0,4,1,4,7,1,16,4,-1,-1,-1,-1,10,E01017959,0,-1
2023440211905,2023,440211905,1,1,0,18,19,7,3,0,0,2,0,0,0,0,0,1,6,6,1,50,8,-1,-1,-1,-1,9,E01022493,0,-1
2023401368959,2023,401368959,1,9,0,18,19,8,4,0,0,8,0,0,0,0,1,1,6,6,3,-1,-1,-1,-1,-1,-1,-1,-1,0,-1
2023440506202,2023,440506202,1,1,0,18,19,6,2,0,0,0,0,0,0,0,3,1,2,2,2,59,9,-1,-1,-1,-1,10,E01023242,0,-1
2023161391544,2023,161391544,2,1,0,18,19,3,7,4,4,8,0,0,0,0,1,1,1,1,1,31,6,-1,-1,-1,-1,-1,-1,0,-1
2023430498105,2023,430498105,2,9,0,18,19,6,2,0,0,0,0,0,0,0,1,1,6,6,2,-1,-1,-1,-1,-1,-1,-1,-1,0,-1
2023622300047,2023,622300047,1,9,0,18,19,2,6,0,0,0,0,0,0,0,1,1,6,6,1,52,8,-1,-1,-1,-1,-1,-1,0,-1
2023332300162,2023,332300162,2,1,0,18,19,5,1,0,0,0,0,0,0,0,3,1,6,6,1,63,9,-1,-1,-1,-1,1,E01013661,0,-1
2023461307598,2023,461307598,2,98,0,3,3,0,0,8,6,7,0,0,0,0,4,1,1,1,1,37,7,-1,-1,-1,-1,5,E01016151,0,-1
2023010422478,2023,010422478,1,1,0,18,19,7,3,0,0,6,0,0,0,0,4,1,6,6,1,16,4,-1,-1,-1,-1,4,E01003257,0,-1
2023131299121,2023,131299121,1,1,0,18,19,1,5,9,9,2,0,0,1,1,1,1,5,6,1,37,7,-1,-1,-1,-1,7,E01011775,0,-1
2023351315290,2023,351315290,1,9,0,18,19,-1,-1,0,0,0,0,0,0,0,1,1,6,6,3,-1,-1,-1,-1,-1,-1,-1,-1,0,-1
2023061369006,2023,061369006,1,-1,-1,-1,-1,-1,-1,-1,-1,-1,-1,-1,-1,0,-1,1,6,6,3,-1,-1,-1,-1,-1,-1,-1,-1,0,-1
2023061300266,2023,061300266,1,2,-1,-1,-1,-1,-1,-1,-1,0,-1,-1,-1,0,-1,1,6,6,1,-1,-1,-1,-1,-1,-1,3,E01005878,0,-1
2023201384212,2023,201384212,1,9,0,9,9,6,4,0,0,5,0,0,0,0,4,1,6,6,1,56,9,-1,-1,-1,-1,1,E01010453,0,-1
2023010485759,2023,010485759,2,1,0,18,19,5,1,0,0,1,0,0,0,0,1,1,2,2,1,21,5,-1,-1,-1,-1,3,E01001673,0,-1
2023421274328,2023,421274328,1,9,0,4,4,5,1,0,0,4,0,0,0,0,1,1,6,6,1,35,6,-1,-1,-1,-1,-1,-1,0,-1
2023010443354,2023,010443354,2,1,0,4,4,3,7,0,0,1,0,0,0,0,1,1,2,2,1,26,6,-1,-1,-1,-1,3,E01004212,0,-1
2023421333867,2023,421333867,2,1,0,18,19,5,1,0,0,1,0,0,0,0,1,1,6,6,1,15,3,-1,-1,-1,-1,5,E01021497,0,-1
2023631314356,2023,631314356,2,9,0,18,19,8,4,0,0,0,0,6,7,11,3,1,1,1,2,44,7,-1,-1,-1,-1,8,W01000476,0,-1
2023010478415,2023,010478415,1,3,0,18,19,3,7,0,0,0,2,7,0,0,1,1,2,2,1,21,5,-1,-1,-1,-1,-1,-1,0,-1
2023010473442,2023,010473442,1,1,0,7,7,7,2,0,0,8,2,0,0,0,4,1,6,6,1,32,6,-1,-1,-1,-1,4,E01000478,0,-1
2023332300968,2023,332300968,1,9,0,18,19,5,1,0,0,0,0,0,0,0,1,1,6,6,3,-1,-1,-1,-1,-1,-1,-1,-1,0,-1
2023101293660,2023,101293660,1,9,-1,7,7,7,1,0,0,2,0,0,0,0,1,1,6,6,1,30,6,-1,-1,-1,-1,-1,-1,0,-1
2023010441295,2023,010441295,2,1,9,99,99,9,9,99,99,1,9,99,9,99,1,1,6,6,3,-1,-1,-1,-1,-1,-1,-1,-1,0,-1
2023010456523,2023,010456523,2,1,0,5,5,3,7,0,0,2,0,0,0,0,3,1,2,2,1,32,6,-1,-1,-1,-1,5,E01002632,0,-1
2023161259235,2023,161259235,1,17,0,5,5,1,5,0,0,0,0,0,0,0,1,1,1,1,1,62,9,-1,-1,-1,-1,4,E01026169,0,-1
2023311362860,2023,311362860,2,1,0,18,19,3,7,0,0,6,0,0,0,0,1,1,5,6,1,32,6,-1,-1,-1,-1,-1,-1,0,-1
2023471284982,2023,471284982,1,19,0,5,5,1,2,0,0,1,0,0,0,0,1,1,6,6,3,-1,-1,-1,-1,-1,-1,-1,-1,0,-1
2023101368252,2023,101368252,2,-1,0,18,19,1,5,0,0,0,0,0,0,0,1,1,5,6,1,36,7,-1,-1,-1,-1,1,E01008821,1,-1
2023010441101,2023,010441101,2,1,0,18,19,1,5,0,0,8,0,0,0,0,3,1,6,6,2,47,8,-1,-1,-1,-1,8,E01004589,0,-1
2023131360448,2023,131360448,1,9,0,-1,-1,-1,-1,-1,-1,-1,-1,-1,-1,0,-1,1,6,6,3,99,11,-1,-1,-1,-1,-1,-1,0,-1
2023320063721,2023,320063721,1,9,0,18,19,2,6,0,0,8,0,0,1,0,3,1,6,6,1,84,11,-1,-1,-1,-1,-1,-1,0,-1
2023010483685,2023,010483685,1,9,0,99,99,9,9,99,99,9,9,99,9,99,1,9,6,6,3,-1,-1,-1,-1,-1,-1,-1,-1,0,-1
2023010455864,2023,010455864,1,1,9,99,99,9,9,99,99,9,9,99,9,99,9,1,2,2,1,53,8,-1,-1,-1,-1,4,E01002798,0,-1
2023430566638,2023,430566638,2,9,0,1,1,8,4,0,0,6,0,0,0,0,2,1,6,6,1,-1,-1,-1,-1,-1,-1,-1,-1,0,-1
2023340WN3662,2023,340WN3662,1,9,0,12,12,2,6,0,0,8,0,0,0,0,3,1,6,6,1,-1,-1,-1,-1,-1,-1,-1,-1,0,-1
2023211373323,2023,211373323,1,9,0,5,5,1,5,0,0,0,0,0,0,0,1,1,6,6,3,40,7,-1,-1,-1,-1,-1,-1,0,-1
2023010471715,2023,010471715,1,9,0,18,19,2,6,0,0,1,0,0,0,0,1,1,6,6,3,-1,-1,-1,-1,-1,-1,-1,-1,0,-1
2023231331689,2023,231331689,2,9,0,18,19,8,4,0,0,8,0,0,0,0,1,1,2,2,2,37,7,-1,-1,-1,-1,10,E01031232,0,-1
2023122400017,2023,122400017,1,9,0,18,19,3,7,0,0,1,0,0,0,0,4,1,6,6,3,-1,-1,-1,-1,-1,-1,-1,-1,0,-1
2023052300494,2023,052300494,2,1,0,18,19,7,3,0,0,1,0,0,0,0,1,1,6,6,1,-1,-1,-1,-1,-1,-1,-1,-1,0,-1
2023131296736,2023,131296736,2,1,0,18,19,3,7,0,0,1,0,0,0,0,1,1,5,6,1,46,8,-1,-1,-1,-1,2,E01011220,0,-1
2023351374231,2023,351374231,2,1,0,9,9,1,5,0,0,1,0,0,0,0,0,1,6,6,1,25,5,-1,-1,-1,-1,5,E01018047,0,-1
2023340NN2852,2023,340NN2852,2,16,0,18,19,6,2,0,0,8,0,0,0,0,2,1,6,6,2,14,3,-1,-1,-1,-1,7,E01026979,0,-1
2023522324471,2023,522324471,1,1,0,18,19,6,2,0,0,2,0,0,0,0,3,1,6,6,1,32,6,-1,-1,-1,-1,7,E01014512,0,-1
2023161309330,2023,161309330,1,21,0,18,19,3,7,0,0,0,0,0,0,0,3,2,1,1,1,54,8,-1,-1,-1,-1,-1,-1,0,-1
2023010428686,2023,010428686,2,9,0,99,99,9,9,99,99,9,9,99,9,99,1,9,6,6,1,-1,-1,-1,-1,-1,-1,-1,-1,0,-1
2023340WN7252,2023,340WN7252,2,10,0,2,2,0,0,9,9,2,0,0,0,0,4,1,6,6,1,48,8,-1,-1,-1,-1,9,E01027212,0,-1
2023010467388,2023,010467388,1,1,0,15,15,2,6,0,0,0,5,0,0,0,0,1,6,6,2,23,5,-1,-1,-1,-1,-1,-1,0,-1
2023451334518,2023,451334518,1,1,0,18,19,1,5,9,9,2,0,0,0,0,4,1,5,6,1,27,6,-1,-1,-1,-1,10,E01030561,0,-1
2023531349707,2023,531349707,1,98,0,18,19,6,2,0,0,1,0,0,0,0,4,2,1,1,1,42,7,-1,-1,-1,-1,5,E01022312,0,-1
2023141372736,2023,141372736,2,9,0,18,19,2,6,0,0,0,0,0,0,0,1,1,5,6,1,64,9,-1,-1,-1,-1,1,E01007730,0,-1
2023440005396,2023,440005396,2,9,0,5,5,7,3,0,0,1,0,0,0,0,1,1,6,6,2,44,7,-1,-1,-1,-1,10,E01022790,0,-1
2023991283537,2023,991283537,2,1,0,18,19,3,7,0,0,0,0,0,0,0,2,1,6,6,1,49,8,-1,-1,-1,-1,8,-1,0,-1
2023451323323,2023,451323323,2,9,0,4,4,5,1,0,0,0,0,0,0,0,0,1,6,6,3,45,7,-1,-1,-1,-1,-1,-1,0,-1
2023161260872,2023,161260872,2,1,0,18,19,3,7,0,0,0,0,0,0,0,1,1,5,6,1,48,8,-1,-1,-1,-1,4,E01012820,0,-1
2023501374478,2023,501374478,2,1,0,18,19,3,1,0,0,1,0,0,0,0,1,1,6,6,1,57,9,-1,-1,-1,-1,4,E01018994,0,-1
2023522300828,2023,522300828,2,1,0,18,19,3,7,0,0,8,0,0,0,0,1,1,6,6,1,46,8,-1,-1,-1,-1,10,E01014869,0,-1
2023010483186,2023,010483186,1,9,9,99,99,9,9,99,99,9,9,99,9,99,9,9,6,6,3,-1,-1,-1,-1,-1,-1,-1,-1,0,-1
2023501308653,2023,501308653,2,9,0,18,19,5,1,0,0,0,0,0,0,0,1,1,6,6,1,39,7,-1,-1,-1,-1,8,E01019976,0,-1
2023071090895,2023,071090895,1,1,0,18,19,7,3,0,0,8,0,0,0,0,4,1,6,6,1,12,3,-1,-1,-1,-1,1,E01012483,0,-1
2023010420862,2023,010420862,1,9,0,99,99,9,9,0,0,8,9,0,0,0,0,9,6,6,3,-1,-1,-1,-1,-1,-1,-1,-1,0,-1
2023201309079,2023,201309079,1,9,0,18,19,7,8,0,0,0,0,0,0,0,4,1,1,1,2,-1,-1,-1,-1,-1,-1,-1,-1,0,-1
2023430032042,2023,430032042,2,1,0,18,19,4,8,0,0,0,0,8,0,0,1,1,6,6,1,22,5,-1,-1,-1,-1,6,E01028551,0,-1
2023010453613,2023,010453613,1,1,0,18,19,5,1,4,4,5,0,0,0,0,1,1,6,6,2,26,6,-1,-1,-1,-1,5,E01002693,0,-1
2023421262897,2023,421262897,2,-1,0,17,19,4,1,0,0,8,5,0,0,0,4,1,5,6,2,24,5,-1,-1,-1,-1,3,E01002215,1,-1
2023131391012,2023,131391012,1,9,0,-1,-1,-1,-1,-1,-1,-1,-1,-1,-1,-1,-1,1,6,6,3,-1,-1,-1,-1,-1,-1,-1,-1,0,-1
2023543639523,2023,543639523,2,1,0,18,19,7,3,0,0,1,0,0,0,0,1,1,6,6,1,29,6,-1,-1,-1,-1,3,E01032094,0,-1
2023010421308,2023,010421308,1,19,0,18,19,1,5,6,6,2,0,0,0,0,0,1,1,1,1,33,6,-1,-1,-1,-1,7,E01015969,0,-1
2023131395630,2023,131395630,2,90,0,18,19,1,5,0,0,0,0,0,0,0,2,1,6,6,1,32,6,-1,-1,-1,-1,1,E01010755,0,-1
2023430519957,2023,430519957,2,9,0,18,19,2,6,0,0,0,0,0,0,0,1,1,2,2,2,76,11,-1,-1,-1,-1,7,E01016680,0,-1
2023031284850,2023,031284850,2,9,0,12,12,5,8,0,0,0,0,0,0,0,2,1,1,1,1,32,6,-1,-1,-1,-1,4,E01014187,0,-1
202363A027723,2023,63A027723,1,5,0,17,19,8,5,0,0,8,1,0,1,2,1,1,6,6,1,49,8,-1,-1,-1,-1,-1,-1,0,-1
2023320673964,2023,320673964,2,9,0,18,19,4,8,0,0,8,0,0,0,0,1,1,6,6,1,18,4,-1,-1,-1,-1,9,E01015635,0,-1
202360A170996,2023,60A170996,2,1,0,18,19,8,4,0,0,1,0,0,0,0,1,1,6,6,1,37,7,-1,-1,-1,-1,-1,-1,0,-1
2023041343135,2023,041343135,2,1,0,18,19,1,5,0,0,1,0,0,0,0,1,1,6,6,1,16,4,-1,-1,-1,-1,1,E01025286,0,-1
2023461394153,2023,461394153,1,9,0,9,9,7,4,0,0,4,0,0,3,0,1,1,6,6,3,-1,-1,-1,-1,-1,-1,-1,-1,0,-1
2023061310417,2023,061310417,1,9,0,18,19,1,5,0,0,1,0,0,0,0,1,1,6,6,3,-1,-1,-1,-1,-1,-1,-1,-1,0,-1
2023440128575,2023,440128575,2,1,0,18,19,7,3,0,0,0,0,0,0,0,1,1,2,2,1,44,7,-1,-1,-1,-1,6,E01023143,0,-1
2023071098107,2023,071098107,1,9,0,7,7,2,6,0,0,8,0,0,0,0,1,1,6,6,2,-1,-1,-1,-1,-1,-1,-1,-1,0,-1
2023010452012,2023,010452012,1,1,0,18,19,7,3,0,0,1,0,0,0,0,3,1,6,6,1,55,8,-1,-1,-1,-1,2,E01001940,0,-1
2023481374251,2023,481374251,2,1,0,3,3,5,1,0,0,8,0,0,0,0,2,1,1,1,1,30,6,-1,-1,-1,-1,-1,-1,0,-1
2023542308023,2023,542308023,2,9,0,18,19,4,8,0,0,1,0,0,0,0,1,1,6,6,1,25,5,-1,-1,-1,-1,4,E01015511,0,-1
2023211332256,2023,211332256,3,9,0,4,4,1,1,0,0,2,0,0,0,0,2,1,6,6,2,-1,-1,-1,-1,-1,-1,4,E01014268,0,-1
2023122300977,2023,122300977,2,19,0,9,9,2,8,0,0,8,0,0,0,0,2,1,6,6,3,-1,-1,-1,-1,-1,-1,-1,-1,0,-1