collision_index,collision_year,collision_ref_no,vehicle_reference,vehicle_type,towing_and_articulation,vehicle_manoeuvre_historic,vehicle_manoeuvre,vehicle_direction_from,vehicle_direction_to,vehicle_location_restricted_lane_historic,vehicle_location_restricted_lane,junction_location,skidding_and_overturning,hit_object_in_carriageway,vehicle_leaving_carriageway,hit_object_off_carriageway,first_point_of_impact,vehicle_left_hand_drive,journey_purpose_of_driver_historic,journey_purpose_of_driver,sex_of_driver,age_of_driver,age_band_of_driver,engine_capacity_cc,propulsion_code,age_of_vehicle,generic_make_model,driver_imd_decile,lsoa_of_driver,escooter_flag,driver_distance_banding
2023070280312,2023,070280312,1,9,0,18,19,1,5,0,0,4,0,0,0,0,1,1,2,2,1,54,8,-1,-1,-1,-1,10,E01012563,0,-1
2023440301733,2023,440301733,1,19,0,18,19,1,5,0,0,2,0,0,0,0,4,1,6,6,1,-1,-1,-1,-1,-1,-1,-1,-1,0,-1
2023052303030,2023,052303030,1,9,0,18,19,-1,-1,0,0,0,0,0,0,0,1,1,6,6,3,-1,-1,-1,-1,-1,-1,-1,-1,0,-1
2023070252902,2023,070252902,1,9,0,13,13,8,4,0,0,0,0,0,0,0,2,1,6,6,3,-1,-1,-1,-1,-1,-1,-1,-1,0,-1
2023170L20943,2023,170L20943,2,1,0,18,19,6,2,0,0,0,0,0,0,0,1,1,6,6,1,23,5,-1,-1,-1,-1,-1,-1,0,-1
2023010471497,2023,010471497,1,97,0,18,19,3,7,2,2,0,0,0,0,0,1,1,6,6,1,-1,-1,-1,-1,-1,-1,-1,-1,0,-1
2023010447490,2023,010447490,1,1,9,99,99,9,9,99,99,9,9,99,9,99,2,1,6,6,1,18,4,-1,-1,-1,-1,6,E01004497,0,-1
2023461295658,2023,461295658,2,1,0,18,19,7,3,0,0,0,0,0,0,0,1,1,4,7,1,18,4,-1,-1,-1,-1,7,E01032822,0,-1
2023471353627,2023,471353627,2,1,0,18,19,7,3,0,0,8,0,0,0,0,1,1,5,6,1,59,9,-1,-1,-1,-1,4,E01016977,0,-1
2023010465933,2023,010465933,2,1,0,18,19,7,3,2,2,8,0,0,0,0,1,1,6,6,1,54,8,-1,-1,-1,-1,3,E01002649,0,-1
2023501276784,2023,501276784,2,1,0,18,19,1,5,0,0,0,5,0,0,0,2,1,6,6,2,58,9,-1,-1,-1,-1,5,E01018904,0,-1
2023010443024,2023,010443024,1,1,0,18,19,3,7,0,0,2,0,0,0,0,3,1,6,6,1,28,6,-1,-1,-1,-1,2,E01003546,0,-1
2023010456292,2023,010456292,1,19,0,99,99,9,9,99,99,0,9,99,9,99,1,9,6,6,3,-1,-1,-1,-1,-1,-1,-1,-1,0,-1
2023311317320,2023,311317320,2,19,0,9,9,1,2,0,0,0,0,0,0,0,4,1,1,1,2,45,7,-1,-1,-1,-1,-1,-1,0,-1
2023061280497,2023,061280497,2,1,0,18,19,1,5,0,0,1,0,0,0,0,1,1,6,6,2,33,6,-1,-1,-1,-1,3,E01005179,0,-1
2023101302678,2023,101302678,2,1,0,5,5,4,3,0,0,0,0,0,0,0,4,1,5,6,1,73,10,-1,-1,-1,-1,8,E01027499,0,-1
2023052302563,2023,052302563,1,9,0,18,19,5,1,0,0,0,0,0,0,0,0,1,6,6,3,-1,-1,-1,-1,-1,-1,-1,-1,0,-1
2023610015223,2023,610015223,1,3,0,18,19,7,3,0,0,0,0,0,0,0,1,1,6,6,1,12,3,-1,-1,-1,-1,1,W01001530,0,-1
2023522400763,2023,522400763,2,9,0,18,19,1,5,0,0,8,0,0,0,0,3,1,6,6,2,75,10,-1,-1,-1,-1,8,E01014383,0,-1
2023010456123,2023,010456123,2,9,0,4,4,1,5,0,0,1,0,0,0,0,0,1,6,6,3,-1,-1,-1,-1,-1,-1,-1,-1,0,-1
2023440101811,2023,440101811,2,9,0,18,19,4,8,0,0,1,0,0,0,0,1,1,6,6,3,-1,-1,-1,-1,-1,-1,-1,-1,0,-1
2023430342460,2023,430342460,1,9,0,18,19,4,2,0,0,2,0,0,0,0,1,1,6,6,1,-1,-1,-1,-1,-1,-1,-1,-1,0,-1
2023010425840,2023,010425840,1,1,9,99,99,9,9,99,99,9,9,99,9,99,1,1,6,6,2,38,7,-1,-1,-1,-1,9,E01004053,0,-1
2023201418704,2023,201418704,1,98,0,18,19,1,5,0,0,1,0,0,0,0,9,1,6,6,3,-1,-1,-1,-1,-1,-1,-1,-1,0,-1
2023622400022,2023,622400022,2,1,0,18,19,7,3,0,0,8,0,0,0,0,1,1,1,1,1,25,5,-1,-1,-1,-1,1,W01001762,0,-1
2023991367107,2023,991367107,1,5,0,18,19,8,5,0,0,8,0,0,0,0,1,1,2,2,1,35,6,-1,-1,-1,-1,-1,-1,0,-1
2023170M10413,2023,170M10413,1,9,0,13,13,3,7,0,0,8,0,0,0,0,3,1,6,6,3,-1,-1,-1,-1,-1,-1,-1,-1,0,-1
202363D011423,2023,63D011423,1,9,0,13,13,6,2,0,0,0,0,0,0,0,4,1,6,6,3,-1,-1,-1,-1,-1,-1,-1,-1,0,-1
2023010453276,2023,010453276,2,-1,0,7,7,1,3,0,0,1,0,0,0,0,0,1,6,6,2,33,6,-1,-1,-1,-1,2,E01003633,1,-1
2023471321665,2023,471321665,2,1,0,9,9,3,2,0,0,8,0,0,0,0,4,1,5,6,1,33,6,-1,-1,-1,-1,8,E01031778,0,-1
2023010429438,2023,010429438,1,1,9,99,99,9,9,99,99,9,9,99,9,99,1,1,6,6,3,-1,-1,-1,-1,-1,-1,-1,-1,0,-1
2023010482678,2023,010482678,1,9,0,99,99,9,9,99,99,9,9,99,9,99,1,9,6,6,3,-1,-1,-1,-1,-1,-1,2,E01001487,0,-1
2023010469931,2023,010469931,2,1,0,14,14,3,7,0,0,1,0,0,0,0,1,1,2,2,1,52,8,-1,-1,-1,-1,4,E01000401,0,-1
2023411263019,2023,411263019,1,97,0,13,13,-1,-1,0,0,8,0,0,0,0,1,1,1,1,1,-1,-1,-1,-1,-1,-1,-1,-1,0,-1
2023430381413,2023,430381413,1,8,0,18,19,8,4,0,0,1,0,0,0,0,1,1,1,1,1,42,7,-1,-1,-1,-1,5,E01028697,0,-1
2023332301022,2023,332301022,2,1,0,18,19,6,2,0,0,0,0,0,0,0,1,1,6,6,1,13,3,-1,-1,-1,-1,5,E01025670,0,-1
2023610045923,2023,610045923,1,9,0,4,4,4,8,0,0,0,0,0,0,0,2,1,2,2,1,33,6,-1,-1,-1,-1,7,W01000997,0,-1
2023111364716,2023,111364716,2,1,0,18,19,5,1,0,0,8,0,0,0,0,4,1,6,6,2,68,10,-1,-1,-1,-1,1,E01020907,0,-1
2023061394820,2023,061394820,2,1,-1,18,19,8,4,0,0,8,0,0,0,0,2,1,2,2,2,38,7,-1,-1,-1,-1,4,E01006189,0,-1
2023471290219,2023,471290219,4,19,-1,7,7,3,4,0,0,0,0,0,0,0,0,1,6,6,3,-1,-1,-1,-1,-1,-1,-1,-1,0,-1
2023471384500,2023,471384500,2,1,0,18,19,6,2,0,0,6,0,0,0,0,1,1,6,6,1,50,8,-1,-1,-1,-1,2,E01031450,0,-1
2023430142846,2023,430142846,1,1,0,18,19,2,6,0,0,1,1,0,0,0,1,1,2,2,1,19,4,-1,-1,-1,-1,4,E01003178,0,-1
2023552301048,2023,552301048,2,1,0,18,19,3,7,0,0,1,0,0,0,0,4,1,2,2,1,33,6,-1,-1,-1,-1,3,E01020556,0,-1
2023161343129,2023,161343129,1,9,0,7,7,5,7,0,0,1,0,0,0,0,1,1,6,6,3,-1,-1,-1,-1,-1,-1,-1,-1,0,-1
2023010466842,2023,010466842,2,1,0,18,19,6,2,0,0,2,0,0,0,0,2,1,6,6,1,24,5,-1,-1,-1,-1,1,E01001813,0,-1
2023161299397,2023,161299397,2,9,0,18,19,8,4,0,0,0,0,0,0,0,1,1,6,6,3,-1,-1,-1,-1,-1,-1,-1,-1,0,-1
2023131264059,2023,131264059,2,1,0,18,19,7,3,0,0,8,0,0,0,0,4,1,2,2,1,56,9,-1,-1,-1,-1,5,E01011820,0,-1
2023411307873,2023,411307873,1,19,0,18,19,1,5,0,0,1,0,0,0,0,1,1,2,2,1,25,5,-1,-1,-1,-1,6,E01002170,0,-1
2023991348815,2023,991348815,2,21,0,18,19,2,7,0,0,8,0,0,0,0,1,1,1,1,1,30,6,-1,-1,-1,-1,-1,-1,0,-1
2023010451075,2023,010451075,1,8,0,18,19,5,1,0,0,0,0,0,0,0,1,1,6,6,3,-1,-1,-1,-1,-1,-1,-1,-1,0,-1
2023501302258,2023,501302258,1,9,0,7,7,6,2,0,0,6,0,0,0,0,4,1,6,6,3,-1,-1,-1,-1,-1,-1,-1,-1,0,-1
2023461356757,2023,461356757,1,19,0,5,5,-1,-1,0,0,0,0,0,0,0,1,1,6,6,1,72,10,-1,-1,-1,-1,7,E01024433,0,-1
2023101358977,2023,101358977,1,9,0,7,7,3,6,0,0,8,0,0,0,0,1,1,6,6,2,40,7,-1,-1,-1,-1,-1,-1,0,-1
2023421380168,2023,421380168,1,1,0,18,19,8,4,9,9,0,0,0,0,0,1,1,6,6,1,22,5,-1,-1,-1,-1,-1,-1,0,-1
2023010431906,2023,010431906,2,19,0,99,99,9,9,0,0,9,0,99,9,99,9,1,6,6,3,-1,-1,-1,-1,-1,-1,-1,-1,0,-1
2023010458973,2023,010458973,2,9,0,99,99,9,9,99,99,9,9,99,9,99,9,9,6,6,3,-1,-1,-1,-1,-1,-1,-1,-1,0,-1
2023451370922,2023,451370922,1,9,0,18,19,1,3,0,0,0,0,0,0,0,4,1,6,6,3,30,6,-1,-1,-1,-1,-1,-1,0,-1
2023340NN1202,2023,340NN1202,1,11,0,4,4,7,3,0,0,0,0,0,0,0,1,1,1,1,1,-1,-1,-1,-1,-1,-1,-1,-1,0,-1
2023010478345,2023,010478345,2,9,0,18,19,2,6,0,0,2,0,0,0,0,3,1,6,6,3,-1,-1,-1,-1,-1,-1,-1,-1,0,-1
2023351344607,2023,351344607,2,1,0,14,14,7,3,0,0,8,0,0,0,0,4,1,2,2,1,29,6,-1,-1,-1,-1,7,E01018294,0,-1
2023101362895,2023,101362895,1,1,0,4,4,7,3,0,0,0,0,0,0,0,1,1,5,6,1,55,8,-1,-1,-1,-1,1,E01008400,0,-1
2023010483344,2023,010483344,2,3,0,99,99,9,9,99,99,0,9,99,9,99,2,1,6,6,3,-1,-1,-1,-1,-1,-1,-1,-1,0,-1
2023010423306,2023,010423306,1,1,9,99,99,9,9,99,99,9,9,99,9,99,1,1,2,2,1,19,4,-1,-1,-1,-1,8,E01001927,0,-1
2023010485739,2023,010485739,2,9,0,9,9,3,1,0,0,8,0,0,0,0,1,1,6,6,3,-1,-1,-1,-1,-1,-1,-1,-1,0,-1
2023471305750,2023,471305750,1,1,0,18,19,5,1,0,0,0,0,0,0,0,0,1,6,6,1,57,9,-1,-1,-1,-1,6,E01031692,0,-1
2023610047723,2023,610047723,1,4,0,18,19,5,1,0,0,3,0,0,0,0,1,1,6,6,1,-1,-1,-1,-1,-1,-1,-1,-1,0,-1
2023010485624,2023,010485624,2,1,0,9,9,2,7,0,0,5,0,0,0,0,3,1,6,6,1,33,6,-1,-1,-1,-1,4,E01004551,0,-1
2023440375769,2023,440375769,1,1,0,18,19,4,8,0,0,0,0,0,0,0,1,1,6,6,1,58,9,-1,-1,-1,-1,9,E01022617,0,-1
2023332300156,2023,332300156,2,1,0,18,19,5,1,0,0,8,0,0,0,0,3,1,6,6,1,41,7,-1,-1,-1,-1,3,E01013717,0,-1
2023010474556,2023,010474556,3,1,0,18,19,1,5,0,0,0,5,0,0,0,1,1,6,6,1,24,5,-1,-1,-1,-1,-1,-1,0,-1
2023010442310,2023,010442310,2,1,0,18,19,7,3,4,4,2,5,0,0,0,3,1,2,2,1,26,6,-1,-1,-1,-1,2,E01004284,0,-1
2023461362558,2023,461362558,2,1,0,18,19,1,5,0,0,1,0,0,0,0,1,1,6,6,1,15,3,-1,-1,-1,-1,9,E01024835,0,-1
2023610039723,2023,610039723,1,9,0,18,19,7,3,0,0,0,0,0,0,0,2,1,1,1,1,62,9,-1,-1,-1,-1,6,E01031271,0,-1
2023041345369,2023,041345369,1,1,0,18,19,1,5,0,0,1,0,0,0,0,1,1,1,1,1,33,6,-1,-1,-1,-1,1,E01012656,0,-1
2023010474231,2023,010474231,2,9,0,99,99,9,9,99,99,0,9,99,9,99,2,9,6,6,3,-1,-1,-1,-1,-1,-1,5,E01032803,0,-1
2023991334445,2023,991334445,2,1,0,18,19,2,6,0,0,1,0,0,0,0,4,1,2,2,1,52,8,-1,-1,-1,-1,1,-1,0,-1
2023052302418,2023,052302418,2,1,0,18,19,1,5,0,0,0,0,0,0,0,3,1,6,6,1,66,10,-1,-1,-1,-1,2,E01006899,0,-1
2023451337281,2023,451337281,2,19,4,9,9,8,4,0,0,8,0,0,0,0,1,1,6,6,1,40,7,-1,-1,-1,-1,-1,-1,0,-1
2023471345354,2023,471345354,1,1,0,18,19,1,5,0,0,0,0,0,0,0,1,1,1,1,1,24,5,-1,-1,-1,-1,8,E01031840,0,-1
2023010469040,2023,010469040,2,1,0,13,13,1,5,0,0,0,0,0,0,0,4,1,6,6,1,29,6,-1,-1,-1,-1,2,E01004723,0,-1
2023201387298,2023,201387298,2,1,0,18,19,-1,-1,0,0,0,0,0,0,0,1,1,2,2,1,15,3,-1,-1,-1,-1,5,E01009713,0,-1
2023471301849,2023,471301849,1,9,0,9,9,2,8,0,0,8,0,0,0,0,1,1,2,2,1,60,9,-1,-1,-1,-1,5,E01016892,0,-1
2023041339113,2023,041339113,1,1,0,18,19,7,3,0,0,8,0,0,0,0,1,1,5,6,1,15,3,-1,-1,-1,-1,1,E01012574,0,-1
2023010426923,2023,010426923,2,1,0,18,19,5,1,0,0,2,0,10,0,0,4,1,6,6,1,37,7,-1,-1,-1,-1,8,E01001402,0,-1
2023010425316,2023,010425316,2,1,0,16,19,3,7,0,0,1,0,0,0,0,1,1,6,6,1,30,6,-1,-1,-1,-1,3,E01003171,0,-1
2023010449556,2023,010449556,2,9,0,99,99,9,9,99,99,9,9,99,9,99,2,9,6,6,3,-1,-1,-1,-1,-1,-1,-1,-1,0,-1
2023010420469,2023,010420469,1,2,0,99,99,9,9,99,99,9,9,99,9,99,9,1,6,6,3,-1,-1,-1,-1,-1,-1,-1,-1,0,-1
2023122300771,2023,122300771,2,9,0,18,19,3,7,0,0,4,0,0,7,0,1,1,6,6,1,17,4,-1,-1,-1,-1,6,E01027878,0,-1
2023052301915,2023,052301915,2,1,0,18,19,5,1,0,0,1,0,0,0,0,1,1,6,6,1,44,7,-1,-1,-1,-1,3,E01006780,0,-1
2023010424772,2023,010424772,2,1,9,99,99,9,9,99,99,0,9,99,9,99,1,1,6,6,3,-1,-1,-1,-1,-1,-1,-1,-1,0,-1
2023522401011,2023,522401011,2,1,5,17,19,3,8,0,0,8,0,0,0,0,1,1,6,6,1,46,8,-1,-1,-1,-1,6,E01014528,0,-1
2023070702777,2023,070702777,2,1,0,18,19,6,2,0,0,0,0,8,0,0,1,1,2,2,1,53,8,-1,-1,-1,-1,5,E01012544,0,-1
2023320713625,2023,320713625,2,1,0,18,19,2,6,0,0,8,0,0,0,0,1,1,6,6,1,59,9,-1,-1,-1,-1,1,E01026114,0,-1
2023161342087,2023,161342087,2,1,0,18,19,3,7,0,0,0,0,0,0,0,1,1,2,2,1,55,8,-1,-1,-1,-1,4,E01012828,0,-1
2023622300191,2023,622300191,2,1,0,9,9,7,5,0,0,0,0,0,0,0,3,1,6,6,1,66,10,-1,-1,-1,-1,4,W01001111,0,-1
2023010430738,2023,010430738,1,9,0,18,19,4,8,0,0,0,0,0,0,0,1,1,6,6,3,-1,-1,-1,-1,-1,-1,-1,-1,0,-1
2023311322665,2023,311322665,2,1,0,5,5,3,3,0,0,1,0,4,0,0,3,1,1,1,2,29,6,-1,-1,-1,-1,-1,-1,0,-1
2023010442691,2023,010442691,1,9,0,18,19,2,6,0,0,1,0,0,0,0,0,1,6,6,3,-1,-1,-1,-1,-1,-1,-1,-1,0,-1
2023041370637,2023,041370637,1,9,0,17,19,3,8,0,0,0,0,0,0,0,1,1,6,6,1,48,8,-1,-1,-1,-1,8,E01019391,0,-1
2023010484208,2023,010484208,1,9,0,99,99,9,9,99,99,9,9,99,9,99,9,9,6,6,3,-1,-1,-1,-1,-1,-1,-1,-1,0,-1
2023451331766,2023,451331766,1,1,0,9,9,1,5,0,0,0,0,0,0,0,3,1,6,6,1,15,3,-1,-1,-1,-1,5,E01030464,0,-1
2023522300433,2023,522300433,2,9,0,12,12,3,7,0,0,0,0,0,0,0,0,1,6,6,1,-1,-1,-1,-1,-1,-1,-1,-1,0,-1
2023471382630,2023,471382630,1,9,0,18,19,4,8,0,0,0,0,0,0,0,-1,1,6,6,3,-1,-1,-1,-1,-1,-1,-1,-1,0,-1
2023221343793,2023,221343793,2,1,0,17,19,5,2,0,0,8,0,0,0,0,0,1,5,6,1,45,7,-1,-1,-1,-1,1,E01009498,0,-1
2023311279358,2023,311279358,1,9,0,18,19,3,7,0,0,0,0,0,0,0,1,1,6,6,3,30,6,-1,-1,-1,-1,-1,-1,0,-1
2023010454906,2023,010454906,2,1,0,9,9,5,3,0,0,8,0,0,0,0,2,1,2,2,2,30,6,-1,-1,-1,-1,2,E01002708,0,-1
2023320208054,2023,320208054,1,9,0,18,19,8,4,0,0,0,0,0,0,0,1,1,6,6,3,-1,-1,-1,-1,-1,-1,-1,-1,0,-1
2023010474918,2023,010474918,1,1,9,99,99,9,9,99,99,9,9,99,9,99,1,1,6,6,1,69,10,-1,-1,-1,-1,6,E01000575,0,-1
2023340WN5342,2023,340WN5342,1,9,0,18,19,3,7,0,0,0,0,4,0,0,4,1,6,6,2,93,11,-1,-1,-1,-1,7,E01027023,0,-1
2023451357443,2023,451357443,1,9,0,12,12,5,1,0,0,3,0,0,0,0,2,1,6,6,3,45,7,-1,-1,-1,-1,-1,-1,0,-1
2023991311888,2023,991311888,1,9,0,18,19,3,7,0,0,2,5,0,0,0,1,1,5,6,2,70,10,-1,-1,-1,-1,-1,-1,0,-1
202360A034365,2023,60A034365,1,9,0,18,19,6,2,0,0,1,1,0,0,0,1,1,1,1,1,22,5,-1,-1,-1,-1,-1,-1,0,-1
2023471258813,2023,471258813,1,9,0,18,19,3,7,0,0,0,0,11,1,0,1,1,5,6,2,18,4,-1,-1,-1,-1,8,E01031732,0,-1
2023451306964,2023,451306964,1,1,0,18,19,1,5,0,0,0,0,0,0,0,1,1,1,1,1,24,5,-1,-1,-1,-1,3,E01002598,0,-1
2023501371303,2023,501371303,1,9,0,18,19,7,3,0,0,0,0,0,0,0,1,1,6,6,1,-1,-1,-1,-1,-1,-1,-1,-1,0,-1
2023010423158,2023,010423158,1,9,0,18,19,5,1,0,0,0,1,10,1,4,1,1,6,6,1,20,4,-1,-1,-1,-1,6,E01002204,0,-1
2023170S11113,2023,170S11113,1,1,0,9,9,6,2,0,0,1,0,0,0,0,3,1,4,7,1,15,3,-1,-1,-1,-1,1,E01012252,0,-1
2023041392037,2023,041392037,1,1,0,18,19,2,6,0,0,2,0,11,0,0,1,1,5,6,1,30,6,-1,-1,-1,-1,3,E01025312,0,-1
2023131322363,2023,131322363,2,9,0,-1,-1,-1,-1,-1,-1,6,-1,-1,-1,-1,3,1,6,6,3,99,11,-1,-1,-1,-1,-1,-1,0,-1
2023991319601,2023,991319601,3,1,0,18,19,5,1,0,0,1,0,0,1,0,3,1,5,6,2,74,10,-1,-1,-1,-1,5,E01020706,0,-1
2023471324661,2023,471324661,2,1,0,9,9,1,5,0,0,8,0,0,0,0,4,1,5,6,1,68,10,-1,-1,-1,-1,6,E01031468,0,-1
2023471295815,2023,471295815,1,9,0,18,19,4,7,0,0,1,0,0,0,0,1,1,6,6,1,-1,-1,-1,-1,-1,-1,-1,-1,0,-1
2023010479280,2023,010479280,2,9,0,99,99,9,9,99,99,9,9,99,9,99,9,9,6,6,3,-1,-1,-1,-1,-1,-1,-1,-1,0,-1
2023010433541,2023,010433541,1,9,0,7,7,1,4,9,9,6,0,0,1,0,1,1,6,6,3,-1,-1,-1,-1,-1,-1,-1,-1,0,-1
2023461356314,2023,461356314,1,9,0,18,19,3,7,0,0,1,0,0,0,0,4,1,1,1,1,33,6,-1,-1,-1,-1,5,E01016151,0,-1
2023201383394,2023,201383394,1,9,0,13,13,6,2,0,0,0,0,0,0,0,4,1,6,6,1,65,9,-1,-1,-1,-1,-1,-1,0,-1
2023010447993,2023,010447993,2,1,0,18,19,3,7,8,6,1,0,0,0,0,1,1,1,1,2,61,9,-1,-1,-1,-1,5,E01004488,0,-1
2023010447284,2023,010447284,1,9,0,99,99,9,9,99,99,9,9,99,9,99,1,9,6,6,3,-1,-1,-1,-1,-1,-1,-1,-1,0,-1
2023052302027,2023,052302027,1,97,0,18,19,6,2,0,0,8,0,0,0,0,4,1,6,6,1,20,4,-1,-1,-1,-1,1,E01006760,0,-1
2023351396686,2023,351396686,1,3,0,18,19,1,5,0,0,0,0,0,0,0,3,1,2,2,1,20,4,-1,-1,-1,-1,10,E01018239,0,-1
2023552301185,2023,552301185,1,3,0,18,19,8,4,0,0,8,1,0,0,0,4,1,6,6,1,33,6,-1,-1,-1,-1,2,E01015367,0,-1
2023141294754,2023,141294754,2,9,0,18,19,6,2,0,0,1,0,0,0,0,1,1,6,6,3,-1,-1,-1,-1,-1,-1,-1,-1,0,-1
2023421371958,2023,421371958,1,9,-1,18,19,3,7,0,0,1,0,0,0,0,0,1,6,6,3,-1,-1,-1,-1,-1,-1,-1,-1,0,-1
2023440061326,2023,440061326,2,1,0,18,19,8,4,0,0,1,0,0,0,0,1,1,6,6,1,32,6,-1,-1,-1,-1,5,E01017282,0,-1
2023501310678,2023,501310678,2,1,0,18,19,2,6,9,9,2,0,0,0,0,4,1,4,7,2,9,2,-1,-1,-1,-1,6,E01020033,0,-1
202360A177104,2023,60A177104,2,1,0,7,7,4,6,0,0,1,0,0,0,0,1,1,6,6,1,14,3,-1,-1,-1,-1,-1,-1,0,-1
2023010438554,2023,010438554,2,-1,0,18,19,3,7,0,0,8,5,0,0,0,1,1,2,2,2,36,7,-1,-1,-1,-1,6,E01000219,1,-1
2023371283932,2023,371283932,2,1,0,9,9,7,5,0,0,1,2,0,0,0,2,1,5,6,1,28,6,-1,-1,-1,-1,4,E01030160,0,-1
2023010438539,2023,010438539,1,11,9,99,99,9,9,99,99,9,9,99,9,99,9,1,6,6,3,-1,-1,-1,-1,-1,-1,-1,-1,0,-1
2023201291625,2023,201291625,2,1,0,5,5,8,4,0,0,0,0,0,0,0,1,1,6,6,1,18,4,-1,-1,-1,-1,1,E01010147,0,-1
2023122301434,2023,122301434,1,9,0,12,12,3,7,0,0,0,0,0,0,0,3,1,6,6,3,-1,-1,-1,-1,-1,-1,-1,-1,0,-1
2023061285244,2023,061285244,2,22,0,18,19,-1,-1,0,0,0,0,0,0,0,1,1,6,6,2,28,6,-1,-1,-1,-1,1,E01005380,0,-1
2023231370115,2023,231370115,1,21,1,12,12,2,8,0,0,8,0,0,0,0,3,1,1,1,1,49,8,-1,-1,-1,-1,2,E01029410,0,-1
2023991362219,2023,991362219,2,1,0,18,19,1,5,0,0,0,0,0,0,0,2,1,5,6,1,61,9,-1,-1,-1,-1,10,-1,0,-1
2023010471062,2023,010471062,1,1,9,99,99,9,9,99,99,0,9,99,9,99,9,1,2,2,2,58,9,-1,-1,-1,-1,10,E01003858,0,-1
2023430071561,2023,430071561,3,9,0,18,19,0,0,0,0,0,0,0,0,0,0,1,6,6,3,-1,-1,-1,-1,-1,-1,-1,-1,0,-1
2023052300462,2023,052300462,1,9,0,18,19,6,2,0,0,0,0,0,0,0,1,1,6,6,3,-1,-1,-1,-1,-1,-1,-1,-1,0,-1
2023430198902,2023,430198902,2,9,0,18,19,8,4,0,0,0,0,0,0,0,1,1,6,6,1,-1,-1,-1,-1,-1,-1,-1,-1,0,-1
2023522301189,2023,522301189,1,3,0,18,19,3,7,0,0,2,0,0,0,0,1,1,6,6,1,18,4,-1,-1,-1,-1,4,E01014488,0,-1
2023010466280,2023,010466280,1,1,9,99,99,9,9,99,99,9,9,99,9,99,1,1,2,2,1,56,9,-1,-1,-1,-1,3,E01004019,0,-1
2023552300543,2023,552300543,1,1,0,18,19,6,2,0,0,0,0,0,0,0,1,1,6,6,1,37,7,-1,-1,-1,-1,3,E01015273,0,-1
2023010420854,2023,010420854,2,9,0,99,99,9,9,99,99,9,9,99,9,99,9,9,6,6,3,-1,-1,-1,-1,-1,-1,-1,-1,0,-1
2023221387605,2023,221387605,1,20,0,18,19,1,4,0,0,4,0,0,0,0,1,1,1,1,1,52,8,-1,-1,-1,-1,-1,-1,0,-1
2023430185172,2023,430185172,1,9,0,18,19,8,4,0,0,2,0,0,0,0,1,1,6,6,2,-1,-1,-1,-1,-1,-1,-1,-1,0,-1
2023201312704,2023,201312704,2,22,0,5,5,8,4,0,0,0,0,0,0,0,1,1,6,6,1,77,11,-1,-1,-1,-1,3,E01009049,0,-1
2023221381020,2023,221381020,1,9,0,18,19,7,4,0,0,0,1,0,1,1,1,1,6,6,1,71,10,-1,-1,-1,-1,7,E01014075,0,-1
2023010466600,2023,010466600,1,1,9,99,99,9,9,99,99,9,9,99,9,99,1,1,6,6,2,41,7,-1,-1,-1,-1,2,E01001830,0,-1
2023141311063,2023,141311063,2,1,0,18,19,4,8,0,0,1,0,0,0,0,1,1,6,6,2,24,5,-1,-1,-1,-1,1,E01007677,0,-1
2023991299118,2023,991299118,1,5,0,18,19,7,3,0,0,0,0,0,0,0,1,1,6,6,3,40,7,-1,-1,-1,-1,-1,-1,0,-1
2023131314984,2023,131314984,2,9,0,5,5,0,0,0,0,0,0,0,0,0,4,1,6,6,1,40,7,-1,-1,-1,-1,3,E01011225,0,-1
2023430024048,2023,430024048,2,10,0,4,4,6,2,0,0,0,0,0,0,0,2,1,1,1,1,45,7,-1,-1,-1,-1,2,E01017709,0,-1
2023170S11213,2023,170S11213,1,-1,0,18,19,3,7,0,0,0,0,0,0,0,1,1,6,6,2,12,3,-1,-1,-1,-1,2,E01012193,1,-1
2023131271672,2023,131271672,2,1,0,18,19,6,2,0,0,8,0,0,0,0,3,1,5,6,1,21,5,-1,-1,-1,-1,9,E01032876,0,-1
2023010428550,2023,010428550,2,1,0,4,4,5,1,0,0,1,0,0,0,0,1,1,6,6,2,45,7,-1,-1,-1,-1,6,E01003957,0,-1
2023061369233,2023,061369233,2,1,0,18,19,1,1,0,0,0,0,0,0,0,2,1,6,6,1,30,6,-1,-1,-1,-1,3,E01033661,0,-1
2023010448368,2023,010448368,1,-1,0,18,19,4,8,0,0,1,0,0,0,0,1,1,6,6,1,37,7,-1,-1,-1,-1,5,E01003414,1,-1
2023531328923,2023,531328923,2,1,0,18,19,1,5,0,0,1,2,0,0,0,4,1,6,6,2,45,7,-1,-1,-1,-1,6,E01022335,0,-1
2023010438576,2023,010438576,1,3,9,99,99,9,9,99,99,9,9,99,9,99,9,1,1,1,1,39,7,-1,-1,-1,-1,2,E01000861,0,-1
2023622300963,2023,622300963,2,1,0,18,19,4,8,0,0,8,0,0,0,0,1,1,6,6,1,32,6,-1,-1,-1,-1,1,W01001856,0,-1
2023010428188,2023,010428188,2,9,0,99,99,9,9,99,99,9,9,99,9,99,1,9,6,6,3,-1,-1,-1,-1,-1,-1,9,E01017829,0,-1
2023141359880,2023,141359880,2,98,0,1,1,5,2,0,0,0,0,0,0,0,2,1,6,6,3,-1,-1,-1,-1,-1,-1,-1,-1,0,-1
2023161295917,2023,161295917,1,3,0,18,19,4,8,2,2,1,1,0,1,11,3,1,6,6,1,36,7,-1,-1,-1,-1,1,E01012908,0,-1
2023430389078,2023,430389078,1,1,0,9,9,5,3,0,0,6,0,0,0,0,2,1,6,6,1,57,9,-1,-1,-1,-1,10,E01017938,0,-1
2023010426539,2023,010426539,1,-1,0,9,9,1,7,0,0,8,0,0,0,0,2,1,2,2,1,31,6,-1,-1,-1,-1,2,E01001202,1,-1
2023201287160,2023,201287160,1,9,0,16,19,2,6,0,0,0,0,4,0,0,4,1,6,6,1,21,5,-1,-1,-1,-1,7,E01009931,0,-1
2023421340862,2023,421340862,1,9,0,9,9,6,2,0,0,1,0,0,0,0,1,1,5,6,1,63,9,-1,-1,-1,-1,-1,-1,0,-1
2023010437029,2023,010437029,2,9,0,99,99,9,9,99,99,9,9,99,9,99,9,9,6,6,3,-1,-1,-1,-1,-1,-1,-1,-1,0,-1