collision_index,collision_year,collision_ref_no,vehicle_reference,vehicle_type,towing_and_articulation,vehicle_manoeuvre_historic,vehicle_manoeuvre,vehicle_direction_from,vehicle_direction_to,vehicle_location_restricted_lane_historic,vehicle_location_restricted_lane,junction_location,skidding_and_overturning,hit_object_in_carriageway,vehicle_leaving_carriageway,hit_object_off_carriageway,first_point_of_impact,vehicle_left_hand_drive,journey_purpose_of_driver_historic,journey_purpose_of_driver,sex_of_driver,age_of_driver,age_band_of_driver,engine_capacity_cc,propulsion_code,age_of_vehicle,generic_make_model,driver_imd_decile,lsoa_of_driver,escooter_flag,driver_distance_banding
2023010438671,2023,010438671,1,1,9,99,99,9,9,99,99,9,9,99,9,99,9,1,6,6,1,61,9,-1,-1,-1,-1,3,E01001834,0,-1
2023991324971,2023,991324971,1,1,0,18,19,7,2,4,4,8,0,0,0,0,4,1,2,2,1,49,8,-1,-1,-1,-1,3,-1,0,-1
2023122300807,2023,122300807,2,1,0,16,19,3,7,0,0,0,0,0,0,0,0,1,6,6,1,62,9,-1,-1,-1,-1,10,E01027700,0,-1
2023111340889,2023,111340889,1,23,0,18,19,3,7,0,0,0,0,0,0,0,1,1,6,6,1,30,6,-1,-1,-1,-1,4,E01020667,0,-1
2023351347092,2023,351347092,4,19,0,18,19,7,3,0,0,0,0,0,0,0,2,1,1,1,1,38,7,-1,-1,-1,-1,1,E01013723,0,-1
2023141338539,2023,141338539,2,3,0,18,19,7,3,0,0,2,2,4,0,0,1,1,6,6,1,21,5,-1,-1,-1,-1,1,E01007822,0,-1
2023991359866,2023,991359866,2,1,0,18,19,4,8,0,0,1,0,0,0,0,1,1,2,2,2,24,5,-1,-1,-1,-1,10,-1,0,-1
202363D034923,2023,63D034923,2,9,0,17,19,7,4,0,0,8,1,0,1,10,3,1,6,6,1,57,9,-1,-1,-1,-1,-1,-1,0,-1
2023010451232,2023,010451232,2,1,0,5,5,5,1,0,0,0,0,0,0,0,2,1,6,6,2,42,7,-1,-1,-1,-1,4,E01003927,0,-1
2023010459383,2023,010459383,1,1,9,99,99,9,9,99,99,9,9,99,9,99,9,1,6,6,1,47,8,-1,-1,-1,-1,2,E01001849,0,-1
2023010435447,2023,010435447,2,23,0,18,19,6,2,0,0,3,0,0,0,0,2,1,6,6,1,17,4,-1,-1,-1,-1,7,E01002301,0,-1
2023010476933,2023,010476933,1,1,9,99,99,9,9,99,99,0,9,99,9,99,9,1,2,2,2,26,6,-1,-1,-1,-1,4,E01004357,0,-1
2023161353480,2023,161353480,2,9,0,3,3,8,4,0,0,0,0,0,0,0,1,1,6,6,1,30,6,-1,-1,-1,-1,-1,-1,0,-1
2023461368863,2023,461368863,2,1,0,18,19,5,1,0,0,1,0,0,0,0,2,1,6,6,1,13,3,-1,-1,-1,-1,7,E01024719,0,-1
2023010421391,2023,010421391,1,1,0,18,19,1,5,0,0,1,0,0,1,2,1,1,6,6,1,19,4,-1,-1,-1,-1,3,E01001638,0,-1
2023461317622,2023,461317622,2,9,0,4,4,3,7,0,0,7,0,0,0,0,2,1,6,6,3,-1,-1,-1,-1,-1,-1,-1,-1,0,-1
2023421358775,2023,421358775,1,9,0,18,19,5,3,0,0,1,0,0,0,0,1,1,6,6,3,-1,-1,-1,-1,-1,-1,-1,-1,0,-1
2023122300177,2023,122300177,1,1,0,2,2,0,0,0,0,0,0,0,0,0,3,1,2,2,2,55,8,-1,-1,-1,-1,9,E01013431,0,-1
2023041355631,2023,041355631,2,1,0,18,19,5,3,0,0,0,0,0,0,0,2,1,6,6,1,39,7,-1,-1,-1,-1,2,E01025445,0,-1
2023101392391,2023,101392391,1,9,0,14,14,7,3,0,0,8,0,0,0,0,4,1,6,6,3,-1,-1,-1,-1,-1,-1,-1,-1,0,-1
2023101325371,2023,101325371,2,1,0,18,19,7,3,0,0,0,1,0,0,0,0,1,2,2,1,26,6,-1,-1,-1,-1,10,E01008579,0,-1
2023010471529,2023,010471529,1,9,0,99,99,9,9,0,0,9,0,0,0,0,1,1,6,6,3,-1,-1,-1,-1,-1,-1,-1,-1,0,-1
2023461372137,2023,461372137,1,9,0,18,19,7,3,0,0,0,0,0,0,0,1,1,5,6,3,-1,-1,-1,-1,-1,-1,-1,-1,0,-1
2023010433018,2023,010433018,2,9,0,18,19,7,3,0,0,0,0,0,0,0,2,1,6,6,3,-1,-1,-1,-1,-1,-1,-1,-1,0,-1
2023010458394,2023,010458394,2,8,0,99,99,9,9,99,99,9,9,99,9,99,9,9,6,6,3,-1,-1,-1,-1,-1,-1,-1,-1,0,-1
2023451287539,2023,451287539,1,1,0,18,19,8,4,0,0,8,2,0,0,0,4,1,2,2,2,23,5,-1,-1,-1,-1,6,E01030721,0,-1
2023122400044,2023,122400044,1,99,0,18,19,8,4,0,0,0,0,0,0,0,4,1,6,6,3,-1,-1,-1,-1,-1,-1,-1,-1,0,-1
2023451345379,2023,451345379,1,98,0,1,1,3,7,0,0,0,0,0,0,0,4,2,1,1,1,61,9,-1,-1,-1,-1,-1,-1,0,-1
2023311362233,2023,311362233,1,1,0,18,19,3,7,0,0,0,5,0,0,0,1,1,5,6,1,40,7,-1,-1,-1,-1,6,E01028152,0,-1
2023010469589,2023,010469589,1,1,0,18,19,1,5,0,0,2,0,0,0,0,2,1,6,6,1,30,6,-1,-1,-1,-1,3,E01001814,0,-1
2023010419908,2023,010419908,1,9,0,18,19,5,1,0,0,8,0,0,0,0,1,1,6,6,3,-1,-1,-1,-1,-1,-1,-1,-1,0,-1
2023052302720,2023,052302720,1,19,0,18,19,3,7,0,0,1,0,0,0,0,1,1,6,6,3,-1,-1,-1,-1,-1,-1,-1,-1,0,-1
2023451302395,2023,451302395,2,1,0,18,19,4,8,0,0,0,0,0,0,0,1,1,5,6,1,50,8,-1,-1,-1,-1,10,E01031645,0,-1
2023351339568,2023,351339568,1,1,0,7,7,7,1,0,0,8,1,0,0,0,1,1,5,6,1,13,3,-1,-1,-1,-1,6,E01017962,0,-1
2023031353856,2023,031353856,2,1,0,18,19,7,3,0,0,1,0,0,0,0,1,1,6,6,1,31,6,-1,-1,-1,-1,7,E01019219,0,-1
2023010437724,2023,010437724,2,9,9,99,99,9,9,99,99,0,9,99,9,99,9,9,6,6,3,-1,-1,-1,-1,-1,-1,-1,-1,0,-1
2023010469295,2023,010469295,2,1,0,7,7,3,5,7,6,5,0,0,3,0,1,1,6,6,1,41,7,-1,-1,-1,-1,3,E01003629,0,-1
2023131325074,2023,131325074,1,9,0,5,5,7,3,0,0,5,0,0,0,0,-1,1,6,6,3,-1,-1,-1,-1,-1,-1,-1,-1,0,-1
2023421326508,2023,421326508,2,1,0,17,19,4,1,0,0,2,0,0,0,0,4,1,5,6,2,33,6,-1,-1,-1,-1,4,E01015905,0,-1
202363D026423,2023,63D026423,2,19,4,18,19,2,6,0,0,8,1,0,0,0,1,1,1,1,1,38,7,-1,-1,-1,-1,-1,-1,0,-1
2023161342039,2023,161342039,2,1,0,18,19,5,1,9,9,6,0,0,0,0,1,1,6,6,1,64,9,-1,-1,-1,-1,1,E01012785,0,-1
2023122301348,2023,122301348,2,8,0,18,19,1,5,0,0,0,1,0,1,0,1,1,6,6,1,37,7,-1,-1,-1,-1,2,E01027812,0,-1
2023991318026,2023,991318026,2,1,0,8,8,8,2,0,0,1,2,0,0,0,1,1,5,6,1,91,11,-1,-1,-1,-1,10,-1,0,-1
2023201339850,2023,201339850,2,9,0,13,13,3,7,0,0,4,0,0,0,0,1,1,6,6,1,-1,-1,-1,-1,-1,-1,10,E01009705,0,-1
2023010431237,2023,010431237,1,1,0,7,7,5,7,0,0,1,0,0,0,0,1,1,6,6,1,41,7,-1,-1,-1,-1,-1,-1,0,-1
2023371375027,2023,371375027,2,1,0,18,19,3,7,4,4,0,0,0,0,0,-1,1,6,6,1,28,6,-1,-1,-1,-1,7,E01030235,0,-1
2023052302021,2023,052302021,1,1,0,18,19,1,5,0,0,8,0,0,0,0,1,1,6,6,1,29,6,-1,-1,-1,-1,2,E01006879,0,-1
2023052300072,2023,052300072,2,1,0,18,19,3,7,0,0,0,0,0,0,0,1,1,6,6,1,10,2,-1,-1,-1,-1,7,E01007066,0,-1
2023010419579,2023,010419579,2,9,0,99,99,9,9,99,99,9,9,99,9,99,9,9,6,6,3,-1,-1,-1,-1,-1,-1,-1,-1,0,-1
2023010458979,2023,010458979,1,1,9,99,99,9,9,99,99,9,9,99,9,99,9,1,2,2,2,44,7,-1,-1,-1,-1,3,E01002104,0,-1
2023010478083,2023,010478083,1,1,9,99,99,9,9,4,4,0,9,99,0,0,9,1,6,6,1,24,5,-1,-1,-1,-1,3,E01003520,0,-1
2023010434508,2023,010434508,1,19,9,99,99,9,9,99,99,9,9,99,9,99,2,9,6,6,3,-1,-1,-1,-1,-1,-1,-1,-1,0,-1
2023501363681,2023,501363681,1,19,0,18,19,7,1,0,0,0,0,0,0,0,1,1,6,6,1,-1,-1,-1,-1,-1,-1,-1,-1,0,-1
2023052301932,2023,052301932,1,97,0,18,19,2,6,0,0,0,0,0,0,0,1,1,6,6,3,-1,-1,-1,-1,-1,-1,-1,-1,0,-1
2023522400726,2023,522400726,2,1,0,12,12,5,1,0,0,0,0,0,0,0,1,1,6,6,2,6,2,-1,-1,-1,-1,1,E01014580,0,-1
2023201391723,2023,201391723,2,1,0,18,19,6,2,0,0,8,0,0,0,0,3,1,6,6,2,26,6,-1,-1,-1,-1,1,E01008972,0,-1
2023010457404,2023,010457404,2,1,0,18,19,1,5,0,0,1,0,0,0,0,1,1,1,1,1,61,9,-1,-1,-1,-1,6,E01004163,0,-1
2023041316536,2023,041316536,2,1,0,18,19,5,1,0,0,0,0,0,0,0,2,1,6,6,1,12,3,-1,-1,-1,-1,8,E01012636,0,-1
2023010485093,2023,010485093,2,9,0,99,99,9,9,99,99,9,9,99,9,99,9,9,6,6,3,-1,-1,-1,-1,-1,-1,-1,-1,0,-1
2023010423832,2023,010423832,2,9,9,99,99,9,9,99,99,9,9,99,9,99,9,9,6,6,3,-1,-1,-1,-1,-1,-1,-1,-1,0,-1
2023421316926,2023,421316926,1,9,0,18,19,5,1,0,0,0,0,0,0,0,1,1,6,6,1,53,8,-1,-1,-1,-1,-1,-1,0,-1
2023622300230,2023,622300230,1,-1,0,18,19,8,4,0,0,6,0,0,0,0,1,1,6,6,3,-1,-1,-1,-1,-1,-1,-1,-1,1,-1
2023010455323,2023,010455323,1,1,9,99,99,9,9,99,99,0,9,99,9,99,2,1,6,6,1,37,7,-1,-1,-1,-1,2,E01003137,0,-1
2023440118542,2023,440118542,3,9,0,3,3,5,1,0,0,0,0,0,0,0,2,1,6,6,3,-1,-1,-1,-1,-1,-1,-1,-1,0,-1
2023041384025,2023,041384025,1,1,0,18,19,3,7,4,4,8,0,0,0,0,1,1,5,6,1,18,4,-1,-1,-1,-1,5,E01024998,0,-1
2023052301321,2023,052301321,1,9,0,18,19,7,3,0,0,1,0,0,0,0,3,1,1,1,2,-1,-1,-1,-1,-1,-1,-1,-1,0,-1
2023231357362,2023,231357362,1,9,0,18,19,8,4,0,0,0,0,0,0,0,4,1,6,6,1,42,7,-1,-1,-1,-1,5,E01031186,0,-1
2023041379231,2023,041379231,1,9,0,18,19,1,5,0,0,1,0,0,0,0,1,1,6,6,3,-1,-1,-1,-1,-1,-1,-1,-1,0,-1
2023471335486,2023,471335486,1,97,0,16,19,3,7,0,0,0,0,0,0,0,1,1,5,6,1,19,4,-1,-1,-1,-1,4,E01002648,0,-1
2023052303025,2023,052303025,1,9,0,1,1,5,1,0,0,0,0,0,0,0,2,1,6,6,3,-1,-1,-1,-1,-1,-1,-1,-1,0,-1
2023991378957,2023,991378957,1,19,0,9,9,6,3,0,0,5,0,0,0,0,1,1,5,6,1,45,7,-1,-1,-1,-1,2,-1,0,-1
2023201342546,2023,201342546,2,1,0,3,3,8,4,0,0,2,0,0,0,0,0,1,6,6,1,40,7,-1,-1,-1,-1,1,E01009146,0,-1
2023010442177,2023,010442177,1,1,0,18,19,7,3,0,0,8,5,0,0,0,1,1,6,6,1,42,7,-1,-1,-1,-1,5,E01003222,0,-1
2023430472505,2023,430472505,1,9,0,7,7,6,7,0,0,5,0,0,0,0,4,1,6,6,1,51,8,-1,-1,-1,-1,10,E01016322,0,-1
2023451355794,2023,451355794,1,1,0,9,9,6,6,9,9,8,0,0,7,0,1,1,6,6,1,30,6,-1,-1,-1,-1,-1,-1,0,-1
2023010426380,2023,010426380,2,19,9,99,99,9,9,99,99,9,9,99,9,99,1,9,6,6,3,33,6,-1,-1,-1,-1,4,E01021808,0,-1
2023061377036,2023,061377036,1,9,-1,-1,-1,-1,-1,-1,-1,0,-1,-1,-1,0,-1,1,6,6,3,-1,-1,-1,-1,-1,-1,-1,-1,0,-1
2023010450718,2023,010450718,3,9,0,18,19,2,6,0,0,0,0,0,0,0,1,1,6,6,3,-1,-1,-1,-1,-1,-1,-1,-1,0,-1
2023201410382,2023,201410382,2,1,0,18,19,7,3,0,0,8,0,0,0,0,4,1,1,1,2,75,10,-1,-1,-1,-1,10,E01009415,0,-1
2023430412885,2023,430412885,2,1,0,18,19,4,8,5,5,8,0,0,0,0,1,1,2,2,1,55,8,-1,-1,-1,-1,9,E01028534,0,-1
2023141261691,2023,141261691,2,1,0,18,19,6,2,0,0,1,5,0,0,0,3,1,6,6,1,41,7,-1,-1,-1,-1,10,E01007920,0,-1
2023221331348,2023,221331348,1,9,0,9,9,6,4,0,0,6,0,0,0,0,3,1,6,6,3,42,7,-1,-1,-1,-1,-1,-1,0,-1
2023052301969,2023,052301969,2,1,0,9,9,1,7,0,0,1,0,0,0,0,1,1,2,2,1,60,9,-1,-1,-1,-1,10,E01007145,0,-1
2023522301530,2023,522301530,2,-1,0,16,19,4,7,0,0,1,0,0,0,0,1,1,6,6,2,20,4,-1,-1,-1,-1,4,E01014523,1,-1
2023201356925,2023,201356925,3,-1,0,18,19,4,2,0,0,2,0,0,0,0,2,1,6,6,3,-1,-1,-1,-1,-1,-1,-1,-1,0,-1
2023141364246,2023,141364246,1,9,0,18,19,6,1,0,0,1,0,0,0,0,1,1,6,6,3,40,7,-1,-1,-1,-1,-1,-1,0,-1
2023052302173,2023,052302173,2,1,0,18,19,5,1,0,0,0,0,0,0,0,3,1,6,6,1,54,8,-1,-1,-1,-1,2,E01006660,0,-1
2023052302959,2023,052302959,2,-1,0,18,19,7,3,0,0,0,0,0,0,0,3,1,6,6,2,39,7,-1,-1,-1,-1,5,E01007042,1,-1
2023010424141,2023,010424141,1,1,9,99,99,9,9,99,99,9,9,99,9,99,9,1,6,6,1,35,6,-1,-1,-1,-1,4,E01033730,0,-1
2023461362393,2023,461362393,1,1,0,18,19,3,8,9,9,0,0,10,7,0,1,1,6,6,1,60,9,-1,-1,-1,-1,8,E01024839,0,-1
2023542219823,2023,542219823,1,9,0,12,12,5,1,0,0,6,0,0,0,0,3,1,6,6,1,44,7,-1,-1,-1,-1,1,E01015544,0,-1
2023430038202,2023,430038202,3,9,0,18,19,2,6,0,0,0,1,0,0,0,1,1,2,2,2,29,6,-1,-1,-1,-1,2,E01016463,0,-1
2023340WN6852,2023,340WN6852,2,-1,0,18,19,7,3,0,0,1,5,0,0,0,1,1,6,6,1,28,6,-1,-1,-1,-1,1,E01027244,1,-1
2023041323367,2023,041323367,1,9,0,9,9,6,4,0,0,8,0,0,0,0,1,1,6,6,3,-1,-1,-1,-1,-1,-1,-1,-1,0,-1
2023421368931,2023,421368931,1,9,0,18,19,4,8,0,0,0,0,0,0,0,-1,1,6,6,3,-1,-1,-1,-1,-1,-1,-1,-1,0,-1
2023201450877,2023,201450877,2,9,0,18,19,8,4,0,0,8,0,0,1,0,1,1,6,6,2,34,6,-1,-1,-1,-1,3,E01009140,0,-1
2023010456445,2023,010456445,1,1,9,99,99,9,9,99,99,9,9,99,9,99,9,1,2,2,2,56,9,-1,-1,-1,-1,2,E01004000,0,-1
2023052302558,2023,052302558,2,1,0,7,7,1,5,0,0,0,0,10,1,11,0,1,6,6,1,14,3,-1,-1,-1,-1,2,E01007294,0,-1
2023421268030,2023,421268030,1,9,0,16,19,3,7,0,0,1,0,7,7,11,1,1,1,1,1,59,9,-1,-1,-1,-1,5,E01021298,0,-1
2023991359182,2023,991359182,1,1,0,4,4,6,2,0,0,2,0,0,0,0,1,1,2,2,1,66,10,-1,-1,-1,-1,-1,-1,0,-1
2023481356501,2023,481356501,1,1,0,18,19,1,5,0,0,8,0,0,0,0,1,1,2,2,2,27,6,-1,-1,-1,-1,-1,-1,0,-1
2023461307270,2023,461307270,1,97,0,18,19,3,7,0,0,0,0,0,0,0,4,1,6,6,3,-1,-1,-1,-1,-1,-1,-1,-1,0,-1
2023052301329,2023,052301329,1,1,0,9,9,5,1,0,0,8,0,0,0,0,1,1,6,6,1,23,5,-1,-1,-1,-1,1,E01006965,0,-1
2023211337965,2023,211337965,1,9,0,18,19,2,6,0,0,0,0,0,4,4,1,1,2,2,1,23,5,-1,-1,-1,-1,1,E01014229,0,-1
2023461394620,2023,461394620,1,9,0,4,4,7,3,0,0,1,0,0,0,0,1,1,6,6,2,53,8,-1,-1,-1,-1,1,E01024295,0,-1
2023320097201,2023,320097201,2,9,0,10,10,5,3,0,0,8,0,0,1,0,2,1,6,6,2,29,6,-1,-1,-1,-1,3,E01026386,0,-1
2023421292875,2023,421292875,1,-1,0,18,19,3,7,9,9,0,0,0,0,0,1,1,2,2,1,20,4,-1,-1,-1,-1,8,E01021299,1,-1
2023332300282,2023,332300282,2,9,0,9,9,2,4,0,0,6,0,0,0,0,1,1,6,6,1,69,10,-1,-1,-1,-1,9,E01025693,0,-1
2023010469863,2023,010469863,2,9,0,99,99,9,9,0,0,9,0,99,9,99,9,9,6,6,3,-1,-1,-1,-1,-1,-1,-1,-1,0,-1
2023471368620,2023,471368620,1,9,0,18,19,1,5,0,0,1,0,0,0,0,1,1,6,6,3,-1,-1,-1,-1,-1,-1,-1,-1,0,-1
2023061309583,2023,061309583,1,1,0,18,19,2,6,0,0,0,0,0,0,0,0,1,6,6,2,12,3,-1,-1,-1,-1,-1,-1,0,-1
2023010451234,2023,010451234,2,9,0,18,19,3,7,0,0,6,1,0,0,0,1,1,6,6,1,49,8,-1,-1,-1,-1,3,E01002105,0,-1
2023010447327,2023,010447327,1,1,0,18,19,7,3,0,0,0,9,0,0,0,1,1,2,2,1,46,8,-1,-1,-1,-1,7,E01002986,0,-1
2023531365801,2023,531365801,2,1,0,18,19,4,8,0,0,8,0,0,0,0,4,1,6,6,1,31,6,-1,-1,-1,-1,3,E01022121,0,-1
2023421271468,2023,421271468,2,9,0,18,19,2,6,0,0,1,0,0,0,0,1,1,5,6,1,51,8,-1,-1,-1,-1,10,E01021754,0,-1
2023231387141,2023,231387141,2,9,0,13,13,8,4,0,0,0,0,0,0,0,4,1,6,6,3,48,8,-1,-1,-1,-1,-1,-1,0,-1
2023101343196,2023,101343196,2,21,0,13,13,3,7,0,0,0,0,0,0,0,0,1,6,6,3,-1,-1,-1,-1,-1,-1,-1,-1,0,-1
2023361282008,2023,361282008,1,-1,0,15,15,8,4,9,9,2,2,0,0,0,3,1,5,6,1,19,4,-1,-1,-1,-1,1,E01026848,1,-1
2023311360909,2023,311360909,2,1,0,18,19,5,1,0,0,0,0,0,0,0,1,1,5,6,1,53,8,-1,-1,-1,-1,9,E01028222,0,-1
2023010437707,2023,010437707,1,9,0,18,19,3,7,99,99,1,0,0,0,0,9,1,6,6,3,-1,-1,-1,-1,-1,-1,-1,-1,0,-1
2023211339570,2023,211339570,4,9,0,18,19,2,3,0,0,1,0,0,0,0,0,1,6,6,1,46,8,-1,-1,-1,-1,-1,-1,0,-1
2023052302498,2023,052302498,1,9,0,18,19,5,1,0,0,2,0,0,0,0,4,1,6,6,3,23,5,-1,-1,-1,-1,-1,-1,0,-1
2023061393579,2023,061393579,1,9,0,18,19,2,6,0,0,0,0,0,0,0,1,1,6,6,2,-1,-1,-1,-1,-1,-1,-1,-1,0,-1
2023010438053,2023,010438053,1,1,9,99,99,9,9,99,99,9,9,99,9,99,2,1,2,2,2,30,6,-1,-1,-1,-1,5,E01003080,0,-1
2023061369549,2023,061369549,2,1,0,18,19,1,5,0,0,1,0,0,0,0,1,1,5,6,1,54,8,-1,-1,-1,-1,-1,-1,0,-1
2023421288806,2023,421288806,2,16,-1,18,19,1,5,0,0,0,1,0,0,0,2,1,6,6,2,43,7,-1,-1,-1,-1,7,E01021538,0,-1
2023141375002,2023,141375002,2,9,0,18,19,3,7,0,0,0,0,0,0,0,1,1,6,6,3,-1,-1,-1,-1,-1,-1,-1,-1,0,-1
2023991311193,2023,991311193,2,1,0,9,9,2,8,0,0,1,0,0,0,0,1,1,5,6,1,75,10,-1,-1,-1,-1,5,E01027798,0,-1
2023430442348,2023,430442348,1,9,0,18,19,7,3,0,0,0,0,0,0,0,4,1,6,6,1,-1,-1,-1,-1,-1,-1,-1,-1,0,-1
2023471310166,2023,471310166,1,9,0,18,19,4,8,0,0,0,0,0,0,0,1,1,5,6,1,59,9,-1,-1,-1,-1,3,E01031441,0,-1
2023451299898,2023,451299898,1,98,0,9,9,2,6,0,0,6,0,0,0,0,0,1,6,6,3,45,7,-1,-1,-1,-1,-1,-1,0,-1
2023010448061,2023,010448061,1,1,0,18,19,5,1,0,0,2,0,0,0,0,1,1,6,6,1,39,7,-1,-1,-1,-1,-1,-1,0,-1
2023010439521,2023,010439521,1,1,0,18,19,7,3,4,4,0,0,0,0,0,1,1,2,2,1,44,7,-1,-1,-1,-1,1,E01004035,0,-1
2023471393270,2023,471393270,1,9,0,18,19,7,3,0,0,0,0,0,0,0,1,1,5,6,1,40,7,-1,-1,-1,-1,2,E01031456,0,-1
2023302301963,2023,302301963,1,90,0,7,7,7,1,9,9,5,0,0,0,0,4,1,1,1,3,-1,-1,-1,-1,-1,-1,5,E01019456,0,-1
2023991293711,2023,991293711,2,9,0,17,19,1,5,0,0,0,0,0,0,0,1,1,2,2,1,47,8,-1,-1,-1,-1,7,-1,0,-1
2023010450928,2023,010450928,1,3,0,99,99,9,9,99,99,9,9,99,9,99,9,1,1,1,1,30,6,-1,-1,-1,-1,8,E01002181,0,-1
2023340NN3562,2023,340NN3562,1,90,0,5,5,6,2,0,0,6,0,0,0,0,1,1,6,6,1,57,9,-1,-1,-1,-1,-1,-1,0,-1
2023161354920,2023,161354920,1,1,0,18,19,8,4,4,4,1,0,0,7,0,3,1,5,6,1,58,9,-1,-1,-1,-1,4,E01012829,0,-1
2023440006939,2023,440006939,2,9,0,2,2,0,0,0,0,0,0,0,0,0,4,1,6,6,3,-1,-1,-1,-1,-1,-1,-1,-1,0,-1
2023161312925,2023,161312925,1,9,0,18,19,5,1,0,0,0,0,0,0,0,1,1,6,6,3,-1,-1,-1,-1,-1,-1,-1,-1,0,-1
2023010426973,2023,010426973,1,1,9,99,99,9,9,99,99,9,9,99,9,99,2,1,2,2,1,45,7,-1,-1,-1,-1,10,E01024272,0,-1
2023170M10203,2023,170M10203,2,9,0,5,5,0,3,0,0,0,0,0,0,0,4,1,6,6,1,-1,-1,-1,-1,-1,-1,-1,-1,0,-1
2023440448843,2023,440448843,1,1,0,9,9,1,7,0,0,6,0,0,0,0,3,1,6,6,1,16,4,-1,-1,-1,-1,2,E01017116,0,-1
2023201340169,2023,201340169,1,1,0,2,2,0,0,0,0,0,0,0,0,0,2,1,6,6,1,-1,-1,-1,-1,-1,-1,-1,-1,0,-1
2023302301838,2023,302301838,2,9,0,17,19,4,8,0,0,0,0,0,1,0,1,1,1,1,1,23,5,-1,-1,-1,-1,1,E01019488,0,-1
2023552300985,2023,552300985,1,1,0,18,19,8,4,0,0,0,0,0,0,0,3,1,6,6,2,16,4,-1,-1,-1,-1,1,E01015279,0,-1
2023311372174,2023,311372174,2,9,0,18,19,4,1,0,0,0,0,0,0,0,2,1,6,6,3,-1,-1,-1,-1,-1,-1,-1,-1,0,-1
2023552300622,2023,552300622,1,11,0,4,4,1,5,0,0,0,0,0,0,0,4,1,1,1,3,-1,-1,-1,-1,-1,-1,-1,-1,0,-1
2023421376916,2023,421376916,1,1,0,9,9,7,5,0,0,4,0,0,0,0,1,1,6,6,1,17,4,-1,-1,-1,-1,7,E01021972,0,-1
2023991299452,2023,991299452,1,1,0,18,19,8,4,0,0,0,0,0,0,0,1,1,2,2,1,44,7,-1,-1,-1,-1,10,-1,0,-1
2023430366670,2023,430366670,2,1,0,18,19,8,4,0,0,1,0,0,0,0,1,1,2,2,1,53,8,-1,-1,-1,-1,8,E01028547,0,-1
2023471324355,2023,471324355,2,9,0,18,19,1,5,0,0,0,0,0,0,0,-1,1,6,6,3,-1,-1,-1,-1,-1,-1,-1,-1,0,-1
2023522300723,2023,522300723,1,1,0,18,19,3,7,5,5,0,0,0,0,0,1,1,6,6,1,-1,-1,-1,-1,-1,-1,-1,-1,0,-1
2023010479391,2023,010479391,3,9,4,18,19,1,5,0,0,0,1,0,0,0,1,1,6,6,1,63,9,-1,-1,-1,-1,3,E01016475,0,-1
2023481371700,2023,481371700,2,1,0,18,19,1,5,0,0,0,0,0,0,0,1,1,2,2,1,65,9,-1,-1,-1,-1,-1,-1,0,-1
2023010442354,2023,010442354,2,1,0,18,19,1,5,4,4,1,0,0,0,0,1,1,2,2,1,48,8,-1,-1,-1,-1,4,E01003114,0,-1
2023010429571,2023,010429571,1,-1,0,18,19,7,3,9,9,2,0,0,0,0,1,1,6,6,1,-1,-1,-1,-1,-1,-1,-1,-1,1,-1
2023430072858,2023,430072858,2,1,0,18,19,6,2,0,0,0,0,0,0,0,1,1,6,6,1,-1,-1,-1,-1,-1,-1,-1,-1,0,-1
2023411338102,2023,411338102,2,1,0,13,13,7,3,0,0,1,0,0,0,0,3,1,5,6,1,60,9,-1,-1,-1,-1,6,E01023320,0,-1
2023320522208,2023,320522208,1,19,0,18,19,7,3,0,0,2,0,0,0,0,3,1,2,2,1,52,8,-1,-1,-1,-1,1,E01026069,0,-1
2023010450692,2023,010450692,2,1,0,18,19,3,7,0,0,1,0,0,0,0,4,1,2,2,1,33,6,-1,-1,-1,-1,-1,-1,0,-1
2023101314544,2023,101314544,1,1,0,18,19,5,1,0,0,2,0,0,0,0,1,1,5,6,1,34,6,-1,-1,-1,-1,1,E01008658,0,-1
2023131356235,2023,131356235,2,9,0,18,19,1,5,0,0,1,0,0,0,0,1,1,6,6,3,-1,-1,-1,-1,-1,-1,-1,-1,0,-1
2023371302979,2023,371302979,2,1,0,18,19,6,2,0,0,0,0,0,0,0,-1,1,5,6,1,54,8,-1,-1,-1,-1,-1,-1,0,-1
2023131319890,2023,131319890,2,9,0,18,19,3,7,0,0,1,0,0,1,1,1,1,6,6,3,-1,-1,-1,-1,-1,-1,-1,-1,0,-1
2023421377966,2023,421377966,1,9,0,18,19,4,8,0,0,3,0,0,0,0,1,1,6,6,3,-1,-1,-1,-1,-1,-1,-1,-1,0,-1
2023010436916,2023,010436916,1,11,0,5,5,3,7,0,0,1,0,0,0,0,0,1,6,6,2,33,6,-1,-1,-1,-1,3,E01001981,0,-1
2023041326371,2023,041326371,2,1,0,18,19,5,1,0,0,0,0,0,0,0,1,1,2,2,1,32,6,-1,-1,-1,-1,10,E01025438,0,-1
202354A735223,2023,54A735223,2,9,0,4,4,4,8,0,0,1,0,0,0,0,2,1,6,6,2,22,5,-1,-1,-1,-1,8,E01015565,0,-1
202363A025323,2023,63A025323,1,19,0,13,13,3,8,0,0,8,0,0,0,0,0,1,6,6,1,25,5,-1,-1,-1,-1,-1,-1,0,-1
2023141315207,2023,141315207,2,1,0,18,19,1,5,0,0,8,0,0,0,0,1,1,6,6,2,31,6,-1,-1,-1,-1,8,E01007864,0,-1
2023531403909,2023,531403909,1,9,0,18,19,5,1,0,0,2,0,0,0,0,1,1,6,6,3,-1,-1,-1,-1,-1,-1,-1,-1,0,-1
2023501366660,2023,501366660,2,9,0,9,9,7,5,0,0,5,1,7,0,0,1,1,1,1,2,26,6,-1,-1,-1,-1,-1,-1,0,-1
2023421319284,2023,421319284,1,11,0,18,19,5,1,0,0,0,0,0,0,0,4,1,1,1,3,-1,-1,-1,-1,-1,-1,-1,-1,0,-1
2023451374687,2023,451374687,2,9,0,18,19,1,5,0,0,0,0,0,0,0,1,1,5,6,3,40,7,-1,-1,-1,-1,-1,-1,0,-1
2023421326412,2023,421326412,3,19,0,13,13,3,7,0,0,0,0,0,0,0,0,1,6,6,1,-1,-1,-1,-1,-1,-1,-1,-1,0,-1
2023071298571,2023,071298571,2,1,0,14,14,5,3,0,0,5,5,0,0,0,4,1,2,2,1,53,8,-1,-1,-1,-1,9,E01018669,0,-1
2023552300494,2023,552300494,2,1,0,18,19,2,6,0,0,0,0,0,1,0,4,1,6,6,1,16,4,-1,-1,-1,-1,2,E01020348,0,-1