collision_index,collision_year,collision_ref_no,vehicle_reference,vehicle_type,towing_and_articulation,vehicle_manoeuvre_historic,vehicle_manoeuvre,vehicle_direction_from,vehicle_direction_to,vehicle_location_restricted_lane_historic,vehicle_location_restricted_lane,junction_location,skidding_and_overturning,hit_object_in_carriageway,vehicle_leaving_carriageway,hit_object_off_carriageway,first_point_of_impact,vehicle_left_hand_drive,journey_purpose_of_driver_historic,journey_purpose_of_driver,sex_of_driver,age_of_driver,age_band_of_driver,engine_capacity_cc,propulsion_code,age_of_vehicle,generic_make_model,driver_imd_decile,lsoa_of_driver,escooter_flag,driver_distance_banding
2023141291727,2023,141291727,2,97,0,5,5,1,5,9,9,0,0,0,0,0,1,1,6,6,1,12,3,-1,-1,-1,-1,1,E01007377,0,-1
2023070682922,2023,070682922,1,19,0,18,19,1,5,5,5,8,0,0,0,0,1,1,6,6,1,-1,-1,-1,-1,-1,-1,-1,-1,0,-1
2023170S21223,2023,170S21223,1,10,0,9,9,6,4,0,0,8,0,0,0,0,1,1,1,1,1,35,6,-1,-1,-1,-1,1,E01011992,0,-1
2023461265205,2023,461265205,1,9,0,18,19,7,3,0,0,0,1,0,0,0,1,1,6,6,1,62,9,-1,-1,-1,-1,7,E01024743,0,-1
2023430527599,2023,430527599,1,9,0,18,19,2,6,0,0,0,0,0,0,0,1,1,2,2,1,38,7,-1,-1,-1,-1,3,E01016475,0,-1
2023161280242,2023,161280242,2,9,0,18,19,4,8,0,0,0,0,0,0,0,1,1,1,1,1,58,9,-1,-1,-1,-1,8,E01013098,0,-1
2023411374465,2023,411374465,1,9,0,18,19,6,2,0,0,0,0,0,0,0,1,1,6,6,1,20,4,-1,-1,-1,-1,10,E01023803,0,-1
2023122300857,2023,122300857,2,9,0,18,19,2,6,0,0,0,0,0,1,0,3,1,6,6,1,29,6,-1,-1,-1,-1,8,E01028182,0,-1
2023010470673,2023,010470673,2,1,0,18,19,1,5,0,0,1,0,0,0,0,1,1,6,6,2,52,8,-1,-1,-1,-1,7,E01000562,0,-1
2023320570331,2023,320570331,1,9,0,18,19,4,8,0,0,4,0,0,0,0,1,1,6,6,2,-1,-1,-1,-1,-1,-1,-1,-1,0,-1
2023010436882,2023,010436882,2,1,0,18,19,7,3,4,4,8,0,0,0,0,1,1,2,2,2,28,6,-1,-1,-1,-1,2,E01004226,0,-1
2023010482269,2023,010482269,2,1,0,18,19,1,5,4,4,1,0,0,7,0,1,1,2,2,1,47,8,-1,-1,-1,-1,9,E01000879,0,-1
2023010420574,2023,010420574,2,9,0,99,99,9,9,99,99,0,9,99,9,99,1,9,6,6,1,46,8,-1,-1,-1,-1,9,E01002980,0,-1
2023401354804,2023,401354804,2,1,-1,-1,-1,-1,-1,-1,-1,-1,-1,-1,-1,0,-1,1,4,7,1,9,2,-1,-1,-1,-1,7,E01017420,0,-1
2023010482062,2023,010482062,1,1,9,99,99,9,9,99,99,9,9,99,9,99,1,1,6,6,1,48,8,-1,-1,-1,-1,2,E01003066,0,-1
2023545443623,2023,545443623,1,9,0,18,19,3,7,0,0,0,0,0,0,0,4,1,6,6,3,-1,-1,-1,-1,-1,-1,-1,-1,0,-1
2023061289373,2023,061289373,2,1,0,18,19,5,1,0,0,8,5,0,0,0,3,1,2,2,1,63,9,-1,-1,-1,-1,3,E01005641,0,-1
2023161326039,2023,161326039,1,1,0,14,14,5,1,0,0,0,0,4,0,0,3,1,6,6,1,29,6,-1,-1,-1,-1,1,E01013229,0,-1
2023101337349,2023,101337349,1,11,0,7,7,3,7,0,0,0,0,0,0,0,4,1,1,1,1,46,8,-1,-1,-1,-1,1,E01008223,0,-1
2023010454963,2023,010454963,2,9,0,99,99,9,9,99,99,9,9,99,9,99,9,9,6,6,1,-1,-1,-1,-1,-1,-1,4,E01016359,0,-1
2023010441634,2023,010441634,2,9,9,99,99,9,9,99,99,9,9,99,9,99,4,9,6,6,3,-1,-1,-1,-1,-1,-1,-1,-1,0,-1
2023501375032,2023,501375032,2,1,0,18,19,7,3,0,0,6,5,0,0,0,1,1,2,2,1,12,3,-1,-1,-1,-1,9,E01019017,0,-1
2023161321363,2023,161321363,1,1,0,18,19,5,1,9,9,0,0,0,0,0,3,1,6,6,1,40,7,-1,-1,-1,-1,7,E01013150,0,-1
2023440078424,2023,440078424,2,19,0,18,19,8,4,0,0,1,0,0,0,0,1,1,6,6,1,41,7,-1,-1,-1,-1,3,E01017242,0,-1
2023430172813,2023,430172813,1,9,0,18,19,7,0,0,0,1,0,0,0,0,1,1,6,6,2,68,10,-1,-1,-1,-1,-1,-1,0,-1
2023201380360,2023,201380360,3,9,0,2,2,0,0,0,0,1,0,0,0,0,3,1,4,7,1,42,7,-1,-1,-1,-1,4,E01032342,0,-1
2023430443257,2023,430443257,2,1,0,18,19,4,8,0,0,8,0,0,0,0,4,1,4,7,2,14,3,-1,-1,-1,-1,-1,-1,0,-1
2023545977023,2023,545977023,1,1,0,18,19,8,2,0,0,1,0,0,0,0,1,1,1,1,1,34,6,-1,-1,-1,-1,7,E01032693,0,-1
2023461330578,2023,461330578,1,9,0,7,7,5,2,0,0,0,1,0,0,0,1,1,6,6,3,-1,-1,-1,-1,-1,-1,-1,-1,0,-1
2023061353442,2023,061353442,2,1,0,18,19,5,1,0,0,0,0,0,0,0,3,1,2,2,1,40,7,-1,-1,-1,-1,1,E01005615,0,-1
2023010468493,2023,010468493,2,1,0,18,19,5,1,0,0,1,0,0,1,0,1,1,6,6,2,52,8,-1,-1,-1,-1,8,E01021750,0,-1
2023052300700,2023,052300700,1,10,0,18,19,8,4,0,0,0,0,0,0,0,4,1,1,1,1,-1,-1,-1,-1,-1,-1,-1,-1,0,-1
2023161351816,2023,161351816,1,2,0,18,19,3,7,0,0,1,1,0,0,0,1,1,6,6,1,20,4,-1,-1,-1,-1,1,E01012849,0,-1
2023010451107,2023,010451107,1,17,4,5,5,5,1,0,0,2,0,10,0,0,4,1,1,1,1,61,9,-1,-1,-1,-1,3,E01030163,0,-1
2023302301938,2023,302301938,1,9,0,9,9,4,2,0,0,5,0,0,0,0,1,1,6,6,3,-1,-1,-1,-1,-1,-1,5,E01019456,0,-1
2023302301727,2023,302301727,2,97,0,9,9,5,3,0,0,2,0,0,0,0,3,1,6,6,1,18,4,-1,-1,-1,-1,2,E01013610,0,-1
2023451268538,2023,451268538,1,9,0,14,14,4,8,0,0,0,0,4,0,0,1,1,1,1,1,75,10,-1,-1,-1,-1,9,E01030492,0,-1
2023010451148,2023,010451148,1,1,9,99,99,9,9,99,99,9,9,99,9,99,1,1,2,2,3,49,8,-1,-1,-1,-1,6,E01002005,0,-1
2023010467945,2023,010467945,2,9,0,99,99,9,9,99,99,9,9,99,9,99,1,9,6,6,3,43,7,-1,-1,-1,-1,3,E01001932,0,-1
2023010422930,2023,010422930,2,1,9,99,99,9,9,99,99,9,9,99,9,99,9,1,6,6,3,-1,-1,-1,-1,-1,-1,-1,-1,0,-1
2023052300992,2023,052300992,2,-1,0,18,19,5,8,0,0,8,0,0,0,0,1,1,6,6,1,20,4,-1,-1,-1,-1,2,E01006772,1,-1
2023430243340,2023,430243340,2,1,0,18,19,3,7,0,0,4,0,0,0,0,1,1,2,2,1,25,5,-1,-1,-1,-1,-1,-1,0,-1
2023010458111,2023,010458111,1,1,9,99,99,9,9,99,99,9,9,99,9,99,0,1,6,6,1,29,6,-1,-1,-1,-1,3,E01001819,0,-1
2023061326228,2023,061326228,1,1,0,18,19,5,1,0,0,1,0,0,0,0,1,1,6,6,1,17,4,-1,-1,-1,-1,2,E01005244,0,-1
2023141404104,2023,141404104,1,90,0,1,1,1,5,0,0,0,0,0,0,0,2,1,1,1,2,43,7,-1,-1,-1,-1,-1,-1,0,-1
2023010442965,2023,010442965,2,9,9,99,99,9,9,99,99,9,9,99,9,99,9,9,6,6,3,-1,-1,-1,-1,-1,-1,-1,-1,0,-1
2023010446138,2023,010446138,2,9,0,99,99,9,9,99,99,9,9,99,9,99,1,9,6,6,3,-1,-1,-1,-1,-1,-1,-1,-1,0,-1
2023010441675,2023,010441675,1,1,9,99,99,9,9,99,99,0,9,99,9,99,9,1,6,6,1,30,6,-1,-1,-1,-1,4,E01000860,0,-1
2023031386968,2023,031386968,2,9,0,18,19,7,3,0,0,1,0,0,0,0,1,1,5,6,1,27,6,-1,-1,-1,-1,9,E01019249,0,-1
2023411384363,2023,411384363,1,98,0,18,19,-1,-1,0,0,0,0,0,0,0,4,1,6,6,3,-1,-1,-1,-1,-1,-1,-1,-1,0,-1
2023340NN2252,2023,340NN2252,1,9,0,7,7,5,6,0,0,5,1,0,0,0,1,1,6,6,1,-1,-1,-1,-1,-1,-1,-1,-1,0,-1
2023010438353,2023,010438353,2,1,0,18,19,7,3,2,2,8,5,0,0,0,1,1,2,2,2,46,8,-1,-1,-1,-1,3,E01003295,0,-1
2023311259164,2023,311259164,2,1,0,18,19,2,6,0,0,8,0,0,0,0,1,1,6,6,1,30,6,-1,-1,-1,-1,1,E01028261,0,-1
2023351352853,2023,351352853,2,21,1,18,19,1,3,0,0,0,0,0,7,0,1,1,6,6,1,42,7,-1,-1,-1,-1,-1,-1,0,-1
2023522400736,2023,522400736,2,-1,0,5,5,1,5,0,0,6,0,0,0,0,1,1,6,6,1,35,6,-1,-1,-1,-1,-1,-1,1,-1
2023041283644,2023,041283644,2,1,0,18,19,5,1,0,0,8,0,0,0,0,3,1,5,6,1,20,4,-1,-1,-1,-1,4,E01033071,0,-1
2023111370994,2023,111370994,3,9,0,18,19,5,1,0,0,0,0,0,0,0,0,1,6,6,3,-1,-1,-1,-1,-1,-1,-1,-1,0,-1
2023421305749,2023,421305749,1,9,0,18,19,3,7,0,0,0,0,0,0,0,1,1,6,6,3,-1,-1,-1,-1,-1,-1,-1,-1,0,-1
2023010455954,2023,010455954,2,1,0,18,19,1,5,0,0,1,0,0,0,0,1,1,2,2,1,23,5,-1,-1,-1,-1,6,E01003693,0,-1
2023430234863,2023,430234863,2,19,0,3,3,6,2,0,0,1,0,0,0,0,2,1,6,6,1,50,8,-1,-1,-1,-1,9,E01016773,0,-1
2023451345640,2023,451345640,2,97,0,18,19,8,4,0,0,0,5,0,0,0,1,1,5,6,2,59,9,-1,-1,-1,-1,1,E01006739,0,-1
2023131279570,2023,131279570,1,97,0,-1,-1,-1,-1,-1,-1,1,-1,-1,-1,-1,-1,1,6,6,3,-1,-1,-1,-1,-1,-1,-1,-1,0,-1
2023010484498,2023,010484498,2,1,0,18,19,7,3,0,0,0,0,0,0,0,2,1,6,6,1,31,6,-1,-1,-1,-1,8,E01000393,0,-1
2023010431340,2023,010431340,1,1,9,99,99,9,9,99,99,0,9,99,9,99,9,1,2,2,1,41,7,-1,-1,-1,-1,6,E01004174,0,-1
2023411325205,2023,411325205,1,9,0,18,19,-1,-1,0,0,8,0,0,0,0,1,1,6,6,1,-1,-1,-1,-1,-1,-1,-1,-1,0,-1
2023010447552,2023,010447552,1,1,9,99,99,9,9,99,99,0,9,99,9,99,2,1,6,6,2,59,9,-1,-1,-1,-1,6,E01003459,0,-1
2023010462245,2023,010462245,2,9,9,99,99,9,9,99,99,0,9,99,9,99,9,9,6,6,2,-1,-1,-1,-1,-1,-1,-1,-1,0,-1
2023501286260,2023,501286260,3,19,0,2,2,0,0,0,0,1,0,0,0,0,1,1,6,6,3,-1,-1,-1,-1,-1,-1,-1,-1,0,-1
2023052301781,2023,052301781,1,97,0,18,19,7,3,0,0,0,0,0,0,0,1,1,6,6,1,19,4,-1,-1,-1,-1,1,E01006757,0,-1
2023320596701,2023,320596701,1,9,0,18,19,6,2,0,0,4,0,0,0,0,1,1,6,6,1,-1,-1,-1,-1,-1,-1,-1,-1,0,-1
2023552301405,2023,552301405,2,1,0,18,19,8,4,9,9,8,0,0,0,0,4,1,6,6,1,4,1,-1,-1,-1,-1,8,E01015447,0,-1
2023201400848,2023,201400848,2,1,0,18,19,5,1,0,0,0,0,0,0,0,1,1,6,6,3,-1,-1,-1,-1,-1,-1,-1,-1,0,-1
2023471306792,2023,471306792,2,1,0,9,9,2,8,0,0,6,0,0,0,0,1,1,5,6,1,12,3,-1,-1,-1,-1,3,E01016907,0,-1
2023461325829,2023,461325829,2,-1,0,18,19,1,5,0,0,1,2,0,0,0,4,1,6,6,1,25,5,-1,-1,-1,-1,1,E01016019,1,-1
2023010485265,2023,010485265,2,19,0,10,10,8,6,0,0,1,0,0,0,0,1,1,6,6,3,-1,-1,-1,-1,-1,-1,-1,-1,0,-1
2023201416317,2023,201416317,1,90,0,5,5,-1,-1,0,0,0,0,0,0,0,1,1,6,6,3,-1,-1,-1,-1,-1,-1,-1,-1,0,-1
2023131305511,2023,131305511,2,90,0,18,19,3,7,0,0,1,0,0,0,0,4,1,2,2,1,24,5,-1,-1,-1,-1,1,E01011622,0,-1
2023991292906,2023,991292906,2,9,0,9,9,2,8,0,0,8,0,0,0,0,0,1,6,6,3,30,6,-1,-1,-1,-1,-1,-1,0,-1
2023351364753,2023,351364753,1,-1,0,18,19,7,3,9,9,0,0,7,0,0,1,1,6,6,2,24,5,-1,-1,-1,-1,2,E01015662,1,-1
2023221332841,2023,221332841,1,1,0,17,19,1,6,0,0,8,0,0,0,0,1,1,5,6,2,60,9,-1,-1,-1,-1,10,E01023512,0,-1
2023421269329,2023,421269329,2,9,0,18,19,7,3,0,0,0,0,0,0,0,2,1,2,2,1,45,7,-1,-1,-1,-1,3,E01003102,0,-1
2023010505189,2023,010505189,1,1,9,99,99,9,9,99,99,9,9,99,9,99,1,1,2,2,2,32,6,-1,-1,-1,-1,2,E01003975,0,-1
2023340WN5082,2023,340WN5082,2,9,0,18,19,4,1,0,0,8,0,0,0,0,2,1,6,6,2,27,6,-1,-1,-1,-1,6,E01027234,0,-1
2023320765666,2023,320765666,1,9,0,1,1,8,4,0,0,1,0,0,0,0,2,1,6,6,1,-1,-1,-1,-1,-1,-1,-1,-1,0,-1
2023010466010,2023,010466010,2,1,0,18,19,1,5,0,0,8,5,0,0,0,1,1,2,2,1,28,6,-1,-1,-1,-1,10,E01030322,0,-1
2023010485506,2023,010485506,1,19,9,99,99,9,9,99,99,0,9,99,9,99,9,9,6,6,2,-1,-1,-1,-1,-1,-1,-1,-1,0,-1
2023440016474,2023,440016474,1,1,0,18,19,8,4,0,0,8,0,0,0,0,4,1,2,2,1,63,9,-1,-1,-1,-1,7,E01017017,0,-1
2023141304510,2023,141304510,2,1,0,18,19,5,8,0,0,6,0,0,1,0,1,1,5,6,1,9,2,-1,-1,-1,-1,6,E01007750,0,-1
2023201377883,2023,201377883,1,9,9,6,6,8,8,0,0,6,0,0,0,0,1,1,1,1,3,-1,-1,-1,-1,-1,-1,-1,-1,0,-1
2023101291808,2023,101291808,1,9,-1,14,14,3,7,0,0,1,0,0,0,0,1,1,6,6,1,40,7,-1,-1,-1,-1,-1,-1,0,-1
2023351352061,2023,351352061,1,9,0,18,19,3,7,0,0,0,0,0,0,0,4,1,6,6,1,21,5,-1,-1,-1,-1,9,E01015646,0,-1
2023991392248,2023,991392248,2,9,0,18,19,7,3,0,0,0,1,0,0,0,1,1,5,6,1,62,9,-1,-1,-1,-1,7,W01000398,0,-1
2023211279510,2023,211279510,2,9,0,16,19,1,4,0,0,1,0,0,0,0,1,1,5,6,1,43,7,-1,-1,-1,-1,-1,-1,0,-1
2023010464535,2023,010464535,2,97,0,99,99,9,9,99,99,9,9,99,9,99,9,9,6,6,3,-1,-1,-1,-1,-1,-1,-1,-1,0,-1
2023010445454,2023,010445454,2,1,0,10,10,2,8,0,0,1,0,0,0,0,0,1,6,6,1,63,9,-1,-1,-1,-1,5,E01000937,0,-1
2023471293878,2023,471293878,1,-1,0,18,19,4,7,0,0,1,0,0,0,0,3,1,6,6,2,-1,-1,-1,-1,-1,-1,-1,-1,1,-1
2023041305032,2023,041305032,1,1,0,18,19,5,1,0,0,0,1,0,0,0,1,1,5,6,1,70,10,-1,-1,-1,-1,7,E01025594,0,-1
2023430329672,2023,430329672,1,9,0,12,12,2,6,0,0,1,0,0,0,0,3,1,6,6,1,-1,-1,-1,-1,-1,-1,-1,-1,0,-1
2023010426660,2023,010426660,1,9,0,9,9,1,7,0,0,2,0,0,0,0,1,1,6,6,2,28,6,-1,-1,-1,-1,6,E01001083,0,-1
2023010475683,2023,010475683,2,9,9,99,99,9,9,99,99,9,9,99,9,99,9,1,6,6,3,-1,-1,-1,-1,-1,-1,-1,-1,0,-1
2023161342378,2023,161342378,2,9,0,18,19,3,7,0,0,0,0,0,0,0,1,1,6,6,3,-1,-1,-1,-1,-1,-1,-1,-1,0,-1
2023010482887,2023,010482887,1,23,0,18,19,2,6,0,0,8,0,0,0,0,3,1,6,6,1,39,7,-1,-1,-1,-1,3,E01003025,0,-1
2023010452079,2023,010452079,1,1,0,3,3,5,1,0,0,4,0,0,0,0,2,1,1,1,1,33,6,-1,-1,-1,-1,3,E01003099,0,-1
2023471375793,2023,471375793,3,9,0,9,9,8,6,0,0,8,0,0,0,0,0,1,5,6,3,-1,-1,-1,-1,-1,-1,-1,-1,0,-1
2023371388122,2023,371388122,1,9,0,-1,-1,-1,-1,0,0,0,0,0,0,0,-1,1,6,6,1,49,8,-1,-1,-1,-1,3,E01030014,0,-1
2023141373414,2023,141373414,2,9,0,17,19,7,3,0,0,0,0,0,0,0,3,1,5,6,2,55,8,-1,-1,-1,-1,1,E01007549,0,-1
2023010464257,2023,010464257,2,9,0,3,3,1,5,0,0,2,0,0,0,0,3,1,6,6,3,-1,-1,-1,-1,-1,-1,-1,-1,0,-1
2023201391269,2023,201391269,2,22,0,5,5,4,8,0,0,2,0,0,0,0,1,1,6,6,1,77,11,-1,-1,-1,-1,3,E01008970,0,-1
2023010471227,2023,010471227,3,8,0,99,99,9,9,99,99,9,9,99,9,99,0,9,6,6,3,-1,-1,-1,-1,-1,-1,-1,-1,0,-1
202363D037923,2023,63D037923,2,9,0,9,9,1,7,0,0,5,0,0,0,0,2,1,6,6,2,49,8,-1,-1,-1,-1,-1,-1,0,-1
2023010475146,2023,010475146,1,3,0,99,99,9,9,99,99,0,9,99,9,99,9,1,1,1,1,48,8,-1,-1,-1,-1,3,E01001446,0,-1
2023221324582,2023,221324582,1,23,0,18,19,7,3,0,0,2,0,0,0,0,1,1,5,6,1,7,2,-1,-1,-1,-1,-1,-1,0,-1
2023101263581,2023,101263581,1,8,0,12,12,7,3,0,0,4,0,0,0,0,1,1,6,6,3,-1,-1,-1,-1,-1,-1,-1,-1,0,-1
2023302301783,2023,302301783,1,9,0,18,19,2,6,0,0,0,0,0,0,0,1,1,6,6,3,-1,-1,-1,-1,-1,-1,5,E01019456,0,-1
2023411306671,2023,411306671,2,5,0,13,13,2,6,0,0,0,0,0,5,6,1,1,1,1,1,48,8,-1,-1,-1,-1,-1,-1,0,-1
2023421348020,2023,421348020,2,21,1,18,19,4,8,0,0,0,0,0,0,0,2,1,1,1,1,48,8,-1,-1,-1,-1,-1,-1,0,-1
2023520000742,2023,520000742,1,1,0,18,19,2,8,0,0,1,0,0,0,0,9,1,6,6,1,-1,-1,-1,-1,-1,-1,-1,-1,0,-1
2023010464814,2023,010464814,2,1,0,9,9,5,3,0,0,0,1,0,0,0,1,1,6,6,1,30,6,-1,-1,-1,-1,4,E01001435,0,-1
2023010446957,2023,010446957,1,9,0,7,7,5,8,0,0,1,0,0,0,0,1,1,6,6,3,-1,-1,-1,-1,-1,-1,-1,-1,0,-1
2023161340194,2023,161340194,2,1,0,18,19,5,1,0,0,1,0,0,0,0,1,1,6,6,1,6,2,-1,-1,-1,-1,4,E01012976,0,-1
202360A066085,2023,60A066085,1,1,0,18,19,4,8,0,0,1,0,0,0,0,1,1,4,7,1,13,3,-1,-1,-1,-1,-1,-1,0,-1
2023141375624,2023,141375624,2,9,0,18,19,5,1,0,0,1,0,0,0,0,3,1,6,6,3,-1,-1,-1,-1,-1,-1,-1,-1,0,-1
2023141360743,2023,141360743,1,1,0,17,19,2,6,0,0,0,0,0,3,0,3,1,5,6,2,-1,-1,-1,-1,-1,-1,9,E01007428,0,-1
2023991349728,2023,991349728,1,19,0,12,12,2,6,0,0,0,0,0,0,0,0,1,6,6,3,-1,-1,-1,-1,-1,-1,-1,-1,0,-1
2023061388108,2023,061388108,1,9,0,18,19,5,1,0,0,0,0,0,0,0,3,1,6,6,3,30,6,-1,-1,-1,-1,-1,-1,0,-1
2023421277560,2023,421277560,1,9,0,15,15,2,6,0,0,0,0,0,0,0,4,1,6,6,3,-1,-1,-1,-1,-1,-1,-1,-1,0,-1
2023320355305,2023,320355305,2,90,0,17,19,2,6,0,0,8,5,0,0,0,1,1,6,6,2,52,8,-1,-1,-1,-1,3,E01026134,0,-1
2023361344569,2023,361344569,2,1,0,11,11,1,5,0,0,8,0,0,7,0,4,1,2,2,1,26,6,-1,-1,-1,-1,9,E01026560,0,-1
2023361396704,2023,361396704,2,1,0,18,19,1,5,5,5,0,0,0,0,0,4,1,6,6,1,16,4,-1,-1,-1,-1,3,E01026843,0,-1
2023552300764,2023,552300764,1,1,0,18,19,3,7,0,0,6,0,0,0,0,3,1,4,7,1,11,3,-1,-1,-1,-1,2,E01015277,0,-1
2023481387831,2023,481387831,2,1,0,18,19,3,7,0,0,0,0,0,0,0,1,1,5,6,1,29,6,-1,-1,-1,-1,-1,-1,0,-1
2023451360748,2023,451360748,2,1,0,5,5,6,2,0,0,8,0,0,0,0,3,1,5,6,1,36,7,-1,-1,-1,-1,3,E01003926,0,-1
2023201461864,2023,201461864,1,9,0,18,19,2,6,0,0,8,0,0,0,0,4,1,1,1,1,48,8,-1,-1,-1,-1,-1,-1,0,-1
2023451294930,2023,451294930,2,19,0,9,9,7,5,0,0,6,0,0,0,0,0,1,6,6,3,35,6,-1,-1,-1,-1,-1,-1,0,-1
2023010433068,2023,010433068,1,9,0,9,9,2,8,0,0,6,0,0,9,0,4,1,6,6,3,-1,-1,-1,-1,-1,-1,-1,-1,0,-1
2023522400021,2023,522400021,1,1,0,18,19,3,7,2,2,8,0,0,0,0,3,1,6,6,2,33,6,-1,-1,-1,-1,1,E01014574,0,-1
2023320299512,2023,320299512,2,1,0,18,19,2,6,0,0,0,5,0,0,0,2,1,6,6,1,19,4,-1,-1,-1,-1,1,E01026384,0,-1
2023131435005,2023,131435005,5,9,0,18,19,3,7,0,0,8,0,0,0,0,1,1,6,6,3,-1,-1,-1,-1,-1,-1,-1,-1,0,-1
2023101331502,2023,101331502,2,1,0,18,19,5,1,0,0,8,0,0,0,0,4,1,5,6,1,21,5,-1,-1,-1,-1,1,E01008426,0,-1
2023440497071,2023,440497071,2,1,0,15,15,8,4,0,0,8,0,0,0,0,1,1,6,6,1,59,9,-1,-1,-1,-1,8,E01017086,0,-1
2023991378912,2023,991378912,2,1,0,18,19,7,3,0,0,8,0,0,0,0,1,1,5,6,1,13,3,-1,-1,-1,-1,1,-1,0,-1
2023411288953,2023,411288953,1,98,1,12,12,7,3,0,0,0,0,0,0,0,1,1,1,1,1,61,9,-1,-1,-1,-1,-1,-1,0,-1
2023052302439,2023,052302439,1,1,0,18,19,2,6,0,0,0,0,0,0,0,1,1,1,1,1,29,6,-1,-1,-1,-1,1,E01006548,0,-1
2023231318477,2023,231318477,2,1,0,18,19,2,4,0,0,8,0,0,0,0,2,1,5,6,1,58,9,-1,-1,-1,-1,7,E01022630,0,-1
202360A172716,2023,60A172716,1,9,0,7,7,1,3,0,0,6,0,0,0,0,1,1,6,6,1,70,10,-1,-1,-1,-1,-1,-1,0,-1
2023010421052,2023,010421052,1,9,0,99,99,9,9,0,0,9,0,0,9,99,1,9,6,6,3,-1,-1,-1,-1,-1,-1,-1,-1,0,-1
2023010473131,2023,010473131,1,1,9,99,99,9,9,99,99,0,9,99,9,99,1,1,6,6,1,-1,-1,-1,-1,-1,-1,7,E01000971,0,-1
2023010444075,2023,010444075,2,9,0,99,99,9,9,99,99,9,9,99,9,99,2,9,6,6,3,-1,-1,-1,-1,-1,-1,-1,-1,0,-1
2023221374839,2023,221374839,1,3,0,14,14,4,8,0,0,0,0,0,0,0,0,1,6,6,1,64,9,-1,-1,-1,-1,-1,-1,0,-1
2023430144157,2023,430144157,1,9,0,9,9,4,2,0,0,5,0,0,0,0,1,1,6,6,2,58,9,-1,-1,-1,-1,5,E01016240,0,-1
2023201377985,2023,201377985,2,1,0,18,19,6,2,0,0,1,0,0,0,0,1,1,1,1,1,19,4,-1,-1,-1,-1,3,E01009597,0,-1
2023052301265,2023,052301265,2,1,0,18,19,3,7,0,0,3,0,0,0,0,1,1,6,6,1,-1,-1,-1,-1,-1,-1,5,E01007039,0,-1
2023201416274,2023,201416274,1,9,0,1,1,2,6,9,9,6,0,0,0,0,2,1,6,6,3,27,6,-1,-1,-1,-1,3,E01010237,0,-1
2023010437041,2023,010437041,1,1,0,18,19,6,2,9,9,0,0,4,0,0,2,1,6,6,1,31,6,-1,-1,-1,-1,6,E01000906,0,-1
2023461273460,2023,461273460,1,4,0,9,9,5,3,0,0,4,0,0,0,0,3,1,6,6,1,17,4,-1,-1,-1,-1,7,E01024140,0,-1
2023131326342,2023,131326342,2,1,0,9,9,3,7,0,0,2,0,0,0,0,1,1,6,6,1,24,5,-1,-1,-1,-1,1,E01011661,0,-1
2023010470723,2023,010470723,1,1,9,99,99,9,9,99,99,0,9,99,9,99,9,1,6,6,1,33,6,-1,-1,-1,-1,3,E01000586,0,-1
2023411289802,2023,411289802,4,19,0,18,19,3,7,0,0,0,1,0,0,0,2,1,1,1,1,63,9,-1,-1,-1,-1,8,E01016001,0,-1
2023221271167,2023,221271167,1,9,0,17,19,8,5,0,0,0,1,0,1,4,1,1,5,6,2,52,8,-1,-1,-1,-1,4,E01014015,0,-1
2023131291379,2023,131291379,1,9,0,-1,-1,-1,-1,-1,-1,8,-1,-1,-1,0,-1,1,6,6,3,-1,-1,-1,-1,-1,-1,-1,-1,0,-1
2023520300145,2023,520300145,2,9,9,18,19,9,9,9,9,1,0,0,0,0,9,9,6,6,1,100,11,-1,-1,-1,-1,-1,-1,0,-1
2023421324215,2023,421324215,3,9,0,2,2,0,0,0,0,0,0,0,0,0,0,1,6,6,3,-1,-1,-1,-1,-1,-1,-1,-1,0,-1
2023010479224,2023,010479224,2,9,0,99,99,9,9,99,99,9,9,99,9,99,9,9,6,6,3,-1,-1,-1,-1,-1,-1,-1,-1,0,-1
2023010466571,2023,010466571,4,1,9,99,99,9,9,99,99,0,9,99,9,99,2,1,6,6,3,-1,-1,-1,-1,-1,-1,10,E01032638,0,-1
2023411313744,2023,411313744,1,19,0,17,19,1,5,0,0,0,0,0,0,0,3,1,6,6,3,35,6,-1,-1,-1,-1,4,E01000134,0,-1
2023010439284,2023,010439284,2,1,0,18,19,3,7,0,0,1,0,0,0,0,1,1,6,6,1,48,8,-1,-1,-1,-1,9,E01000349,0,-1
2023302301239,2023,302301239,3,9,0,18,19,5,1,0,0,0,0,0,0,0,0,1,6,6,3,-1,-1,-1,-1,-1,-1,5,E01019456,0,-1
2023101352824,2023,101352824,2,1,0,18,19,7,3,0,0,3,0,0,0,0,2,1,6,6,1,37,7,-1,-1,-1,-1,1,E01008609,0,-1
202360A189050,2023,60A189050,1,98,0,18,19,7,3,0,0,0,0,0,0,0,1,1,6,6,1,50,8,-1,-1,-1,-1,-1,-1,0,-1
2023552300415,2023,552300415,2,1,0,18,19,6,2,0,0,0,0,0,0,0,3,1,1,1,1,14,3,-1,-1,-1,-1,-1,-1,0,-1
2023010470148,2023,010470148,2,9,0,99,99,9,9,99,99,9,9,99,9,99,1,9,6,6,2,-1,-1,-1,-1,-1,-1,-1,-1,0,-1
2023480467412,2023,480467412,1,1,9,99,99,9,9,99,99,9,9,99,9,99,9,1,6,6,1,29,6,-1,-1,-1,-1,2,E01002735,0,-1
2023401344172,2023,401344172,1,9,0,3,3,1,5,0,0,1,0,0,0,0,1,1,6,6,3,-1,-1,-1,-1,-1,-1,-1,-1,0,-1
2023461361360,2023,461361360,1,-1,0,13,13,5,1,0,0,1,0,0,0,0,1,1,6,6,1,17,4,-1,-1,-1,-1,-1,-1,1,-1
2023070419000,2023,070419000,2,1,0,5,5,3,7,0,0,0,0,0,0,0,4,1,6,6,1,35,6,-1,-1,-1,-1,10,E01033376,0,-1
2023361301591,2023,361301591,2,1,0,18,19,6,2,0,0,0,0,0,0,0,3,1,6,6,2,39,7,-1,-1,-1,-1,3,E01026853,0,-1
2023622300602,2023,622300602,2,-1,0,18,19,1,5,0,0,0,0,0,0,0,1,1,6,6,1,14,3,-1,-1,-1,-1,9,W01001072,1,-1