collision_index,collision_year,collision_ref_no,vehicle_reference,vehicle_type,towing_and_articulation,vehicle_manoeuvre_historic,vehicle_manoeuvre,vehicle_direction_from,vehicle_direction_to,vehicle_location_restricted_lane_historic,vehicle_location_restricted_lane,junction_location,skidding_and_overturning,hit_object_in_carriageway,vehicle_leaving_carriageway,hit_object_off_carriageway,first_point_of_impact,vehicle_left_hand_drive,journey_purpose_of_driver_historic,journey_purpose_of_driver,sex_of_driver,age_of_driver,age_band_of_driver,engine_capacity_cc,propulsion_code,age_of_vehicle,generic_make_model,driver_imd_decile,lsoa_of_driver,escooter_flag,driver_distance_banding
2023161380960,2023,161380960,1,19,0,4,4,5,1,0,0,4,0,0,0,0,1,1,6,6,3,25,5,-1,-1,-1,-1,-1,-1,0,-1
2023430266712,2023,430266712,1,3,0,18,19,2,6,0,0,0,0,0,0,0,1,1,6,6,1,-1,-1,-1,-1,-1,-1,-1,-1,0,-1
2023430271834,2023,430271834,2,9,0,9,9,6,4,0,0,8,0,0,0,0,4,1,6,6,2,-1,-1,-1,-1,-1,-1,-1,-1,0,-1
2023332300420,2023,332300420,2,9,0,10,10,7,4,0,0,1,0,0,0,0,3,1,6,6,1,46,8,-1,-1,-1,-1,1,E01013653,0,-1
2023010431108,2023,010431108,1,1,9,99,99,9,9,99,99,9,9,99,9,99,9,1,2,2,2,55,8,-1,-1,-1,-1,2,E01000141,0,-1
2023061371262,2023,061371262,1,9,0,7,7,8,2,0,0,0,0,0,0,0,1,1,6,6,3,30,6,-1,-1,-1,-1,-1,-1,0,-1
2023141320208,2023,141320208,2,9,0,1,1,-1,-1,0,0,0,0,0,0,0,2,1,6,6,3,-1,-1,-1,-1,-1,-1,-1,-1,0,-1
2023991303774,2023,991303774,2,1,0,5,5,4,1,0,0,4,0,0,1,0,3,1,2,2,1,45,7,-1,-1,-1,-1,4,-1,0,-1
2023401301674,2023,401301674,2,1,0,18,19,5,1,0,0,6,0,0,0,0,1,1,5,6,1,8,2,-1,-1,-1,-1,9,E01033193,0,-1
2023421295584,2023,421295584,1,9,0,18,19,7,3,0,0,0,0,0,0,0,3,1,6,6,2,-1,-1,-1,-1,-1,-1,-1,-1,0,-1
2023522400941,2023,522400941,2,9,0,9,9,6,4,0,0,5,0,0,0,0,1,1,6,6,1,-1,-1,-1,-1,-1,-1,-1,-1,0,-1
2023122300691,2023,122300691,2,11,0,18,19,3,7,0,0,1,0,0,0,0,0,1,1,1,1,58,9,-1,-1,-1,-1,1,E01027804,0,-1
2023131365094,2023,131365094,2,1,0,-1,-1,-1,-1,-1,-1,-1,-1,-1,-1,-1,-1,1,5,6,2,55,8,-1,-1,-1,-1,6,E01011645,0,-1
2023501389957,2023,501389957,1,9,0,18,19,1,5,0,0,0,0,0,0,0,1,1,6,6,1,22,5,-1,-1,-1,-1,5,E01020299,0,-1
2023052301382,2023,052301382,2,1,0,18,19,5,1,0,0,0,0,0,0,0,2,1,4,7,1,11,3,-1,-1,-1,-1,1,E01006764,0,-1
2023131331553,2023,131331553,2,10,0,15,15,2,6,0,0,1,0,0,0,0,4,1,5,6,1,32,6,-1,-1,-1,-1,1,E01011318,0,-1
2023401396325,2023,401396325,2,1,0,18,19,1,5,0,0,0,0,0,0,0,3,1,6,6,1,18,4,-1,-1,-1,-1,2,E01017474,0,-1
2023991334018,2023,991334018,2,1,0,18,19,5,1,0,0,2,0,0,0,0,3,1,6,6,1,10,2,-1,-1,-1,-1,1,-1,0,-1
2023101393315,2023,101393315,1,9,-1,7,7,7,5,0,0,2,0,0,0,0,3,1,6,6,1,-1,-1,-1,-1,-1,-1,-1,-1,0,-1
2023520400707,2023,520400707,1,1,0,18,19,3,7,0,0,8,0,0,0,0,1,1,6,6,1,36,7,-1,-1,-1,-1,2,E01029098,0,-1
2023010471094,2023,010471094,2,9,9,99,99,9,9,99,99,9,9,99,9,99,9,9,6,6,3,-1,-1,-1,-1,-1,-1,-1,-1,0,-1
2023430457350,2023,430457350,1,1,0,18,19,1,5,4,4,1,0,0,0,0,1,1,6,6,2,20,4,-1,-1,-1,-1,-1,-1,0,-1
202363C038123,2023,63C038123,3,9,0,2,2,0,0,0,0,2,0,0,7,10,1,1,6,6,3,-1,-1,-1,-1,-1,-1,-1,-1,0,-1
2023170L20913,2023,170L20913,2,1,0,18,19,4,8,0,0,0,0,0,0,0,2,1,6,6,2,11,3,-1,-1,-1,-1,1,E01012114,0,-1
2023141311892,2023,141311892,1,98,0,18,19,8,4,0,0,1,0,0,0,0,1,1,1,1,1,58,9,-1,-1,-1,-1,9,E01007863,0,-1
2023041377447,2023,041377447,2,9,0,9,9,1,3,0,0,5,0,0,0,0,2,1,6,6,3,-1,-1,-1,-1,-1,-1,-1,-1,0,-1
2023010429866,2023,010429866,1,1,9,99,99,9,9,99,99,9,9,99,9,99,9,1,6,6,1,44,7,-1,-1,-1,-1,2,E01000889,0,-1
2023211390687,2023,211390687,1,9,0,5,5,8,5,9,9,2,0,0,1,0,3,1,1,1,1,42,7,-1,-1,-1,-1,-1,-1,0,-1
2023531270908,2023,531270908,2,1,0,18,19,5,1,0,0,8,0,0,0,0,3,1,6,6,2,31,6,-1,-1,-1,-1,4,E01022102,0,-1
2023161263369,2023,161263369,1,9,0,16,19,5,7,0,0,0,1,4,0,0,1,1,5,6,1,21,5,-1,-1,-1,-1,1,E01013299,0,-1
2023041321189,2023,041321189,1,98,0,-1,-1,-1,-1,-1,-1,0,-1,-1,-1,0,-1,1,6,6,3,-1,-1,-1,-1,-1,-1,-1,-1,0,-1
2023471262245,2023,471262245,3,9,0,-1,-1,-1,-1,0,0,0,0,0,0,0,0,1,6,6,3,-1,-1,-1,-1,-1,-1,-1,-1,0,-1
2023041372588,2023,041372588,2,97,0,17,19,3,4,0,0,1,5,0,0,0,4,1,2,2,1,45,7,-1,-1,-1,-1,3,E01024891,0,-1
2023552300440,2023,552300440,1,9,0,18,19,5,1,0,0,8,0,0,0,0,1,1,6,6,1,38,7,-1,-1,-1,-1,2,E01033200,0,-1
2023161392054,2023,161392054,2,9,0,2,2,0,0,0,0,0,0,0,1,7,2,1,6,6,1,88,11,-1,-1,-1,-1,9,E01027885,0,-1
2023131348731,2023,131348731,2,9,0,18,19,1,5,0,0,0,0,0,0,0,2,1,5,6,1,60,9,-1,-1,-1,-1,5,E01011831,0,-1
2023061357356,2023,061357356,3,9,0,18,19,5,8,0,0,1,0,0,0,0,3,1,6,6,1,-1,-1,-1,-1,-1,-1,2,E01004980,0,-1
2023351380003,2023,351380003,1,8,0,18,19,1,5,0,0,8,0,0,0,0,1,1,6,6,3,-1,-1,-1,-1,-1,-1,-1,-1,0,-1
2023211309672,2023,211309672,3,97,0,18,19,7,3,0,0,0,0,0,0,0,0,1,5,6,1,24,5,-1,-1,-1,-1,1,E01010272,0,-1
2023010460816,2023,010460816,2,1,0,5,5,5,1,0,0,8,0,0,0,0,3,1,1,1,1,48,8,-1,-1,-1,-1,10,E01002947,0,-1
2023471333785,2023,471333785,2,1,0,5,5,3,7,0,0,8,0,0,0,0,3,1,5,6,1,24,5,-1,-1,-1,-1,9,E01021208,0,-1
2023161351090,2023,161351090,1,1,0,18,19,4,8,4,4,1,0,8,0,0,1,1,2,2,2,32,6,-1,-1,-1,-1,3,E01012759,0,-1
2023010476943,2023,010476943,1,4,0,14,14,7,3,0,0,1,0,0,0,0,4,1,1,1,1,45,7,-1,-1,-1,-1,3,E01001468,0,-1
2023201313184,2023,201313184,1,9,0,7,7,7,1,0,0,5,0,0,0,0,3,1,6,6,1,-1,-1,-1,-1,-1,-1,-1,-1,0,-1
2023131355021,2023,131355021,2,90,0,18,19,5,3,0,0,8,0,0,0,0,1,1,5,6,2,13,3,-1,-1,-1,-1,2,E01011224,0,-1
2023010485517,2023,010485517,1,1,9,18,19,1,5,0,0,9,9,99,9,99,9,1,6,6,1,31,6,-1,-1,-1,-1,4,E01003914,0,-1
2023440411654,2023,440411654,2,1,0,18,19,2,6,0,0,1,0,0,0,0,1,1,6,6,2,55,8,-1,-1,-1,-1,10,E01023020,0,-1
2023111290821,2023,111290821,1,9,0,14,14,3,7,0,0,0,0,0,0,0,1,1,5,6,1,28,6,-1,-1,-1,-1,2,E01020624,0,-1
2023520300667,2023,520300667,1,9,0,18,19,6,2,0,0,0,1,0,1,11,1,1,6,6,1,21,5,-1,-1,-1,-1,4,E01029241,0,-1
2023991389199,2023,991389199,2,9,0,18,19,1,5,0,0,8,0,0,0,0,1,1,2,2,1,45,7,-1,-1,-1,-1,4,-1,0,-1
2023041310257,2023,041310257,1,9,0,18,19,5,1,0,0,6,0,0,0,0,0,1,6,6,3,-1,-1,-1,-1,-1,-1,-1,-1,0,-1
2023320364834,2023,320364834,1,5,0,18,19,6,2,0,0,1,5,0,0,0,1,1,6,6,1,31,6,-1,-1,-1,-1,4,E01026132,0,-1
2023101363373,2023,101363373,1,23,0,18,19,3,7,0,0,8,2,0,0,0,1,1,6,6,1,33,6,-1,-1,-1,-1,1,E01008340,0,-1
2023522300846,2023,522300846,2,1,0,16,19,1,4,0,0,0,0,0,0,0,1,1,6,6,2,15,3,-1,-1,-1,-1,6,E01014865,0,-1
2023061381086,2023,061381086,2,1,0,7,7,6,8,0,0,6,0,0,4,0,2,1,5,6,1,35,6,-1,-1,-1,-1,1,E01005828,0,-1
2023010467264,2023,010467264,2,1,0,18,19,3,7,0,0,1,0,0,0,0,2,1,6,6,2,25,5,-1,-1,-1,-1,1,E01004222,0,-1
2023010453446,2023,010453446,1,1,0,18,19,5,1,0,0,1,0,0,0,0,3,1,6,6,1,22,5,-1,-1,-1,-1,3,E01003923,0,-1
2023211374235,2023,211374235,1,9,-1,-1,-1,-1,-1,-1,-1,0,-1,-1,-1,0,-1,1,6,6,1,30,6,-1,-1,-1,-1,7,E01029668,0,-1
2023340WN0962,2023,340WN0962,2,-1,0,18,19,4,2,0,0,8,0,0,0,0,1,1,6,6,1,25,5,-1,-1,-1,-1,1,E01027249,1,-1
2023010454995,2023,010454995,1,9,9,99,99,9,9,9,9,9,9,99,9,99,9,9,6,6,3,-1,-1,-1,-1,-1,-1,-1,-1,0,-1
2023471340986,2023,471340986,1,9,0,12,12,7,3,0,0,0,0,0,0,0,3,1,6,6,3,-1,-1,-1,-1,-1,-1,-1,-1,0,-1
2023122300584,2023,122300584,2,1,0,18,19,7,3,0,0,8,1,0,0,0,0,1,2,2,1,46,8,-1,-1,-1,-1,8,E01027650,0,-1
2023430216205,2023,430216205,3,9,0,3,3,3,7,0,0,2,0,0,0,0,2,1,6,6,1,-1,-1,-1,-1,-1,-1,-1,-1,0,-1
202363C038123,2023,63C038123,1,9,0,18,19,4,8,0,0,2,2,4,0,0,1,1,6,6,2,35,6,-1,-1,-1,-1,-1,-1,0,-1
2023991375481,2023,991375481,2,9,0,18,19,6,2,0,0,1,0,0,0,0,1,1,1,1,1,47,8,-1,-1,-1,-1,7,-1,0,-1
2023010462082,2023,010462082,1,1,9,99,99,9,9,99,99,9,9,99,9,99,9,1,2,2,1,32,6,-1,-1,-1,-1,5,E01003414,0,-1
2023340NN2492,2023,340NN2492,1,97,0,17,19,8,5,0,0,3,1,0,0,0,0,1,6,6,2,17,4,-1,-1,-1,-1,7,E01026974,0,-1
2023010427578,2023,010427578,2,1,0,15,15,6,2,2,2,8,5,8,0,0,1,1,1,1,1,20,4,-1,-1,-1,-1,5,E01001881,0,-1
2023421260898,2023,421260898,4,9,0,4,4,1,5,0,0,0,0,0,0,0,0,1,6,6,3,-1,-1,-1,-1,-1,-1,-1,-1,0,-1
2023991310470,2023,991310470,1,1,0,18,19,7,3,0,0,0,0,0,0,0,1,1,5,6,1,49,8,-1,-1,-1,-1,8,-1,0,-1
2023010420885,2023,010420885,3,9,0,18,19,1,5,0,0,0,0,0,0,0,0,1,6,6,3,-1,-1,-1,-1,-1,-1,-1,-1,0,-1
2023552300681,2023,552300681,1,1,0,18,19,7,3,0,0,6,0,0,0,0,3,1,6,6,1,12,3,-1,-1,-1,-1,10,E01015452,0,-1
2023430245164,2023,430245164,1,9,0,18,19,2,6,0,0,1,0,0,0,0,1,1,6,6,2,33,6,-1,-1,-1,-1,10,E01028596,0,-1
2023131298663,2023,131298663,2,1,0,18,19,1,5,4,4,8,0,0,0,0,1,1,5,6,1,37,7,-1,-1,-1,-1,1,E01010607,0,-1
2023440355198,2023,440355198,2,9,0,18,19,5,1,0,0,0,0,0,0,0,4,1,6,6,3,-1,-1,-1,-1,-1,-1,-1,-1,0,-1
2023010465784,2023,010465784,2,1,0,13,13,6,2,0,0,1,1,0,0,0,1,1,2,2,2,36,7,-1,-1,-1,-1,5,E01004363,0,-1
2023010464966,2023,010464966,2,9,9,99,99,9,9,99,99,9,9,99,9,99,9,9,6,6,3,-1,-1,-1,-1,-1,-1,-1,-1,0,-1
2023401395164,2023,401395164,1,9,0,7,7,8,2,0,0,5,0,0,0,0,2,1,1,1,1,44,7,-1,-1,-1,-1,9,E01017372,0,-1
2023211283471,2023,211283471,1,19,0,11,11,1,5,0,0,8,0,0,0,0,4,1,6,6,1,30,6,-1,-1,-1,-1,-1,-1,0,-1
2023451322538,2023,451322538,2,1,0,18,19,3,1,0,0,1,0,0,0,0,4,1,6,6,1,50,8,-1,-1,-1,-1,8,E01030485,0,-1
2023991341125,2023,991341125,2,1,0,18,19,2,6,0,0,8,0,0,0,0,1,1,5,6,1,8,2,-1,-1,-1,-1,1,-1,0,-1
2023041293030,2023,041293030,1,9,0,18,19,5,1,0,0,0,0,0,0,0,1,1,6,6,3,-1,-1,-1,-1,-1,-1,-1,-1,0,-1
2023041274942,2023,041274942,2,1,0,9,9,3,7,0,0,1,0,0,0,0,1,1,2,2,1,42,7,-1,-1,-1,-1,4,E01025057,0,-1
2023101323626,2023,101323626,2,1,0,18,19,1,5,0,0,0,5,0,0,0,1,1,6,6,2,36,7,-1,-1,-1,-1,1,E01027415,0,-1
2023161380765,2023,161380765,2,9,-1,-1,-1,-1,-1,-1,-1,-1,-1,-1,-1,0,-1,1,6,6,3,-1,-1,-1,-1,-1,-1,-1,-1,0,-1
2023010479028,2023,010479028,2,1,0,5,5,3,7,0,0,1,0,0,0,0,1,1,6,6,1,15,3,-1,-1,-1,-1,4,E01001329,0,-1
2023411322752,2023,411322752,2,19,0,2,2,0,0,0,0,1,0,0,0,0,3,1,6,6,3,-1,-1,-1,-1,-1,-1,-1,-1,0,-1
2023010449555,2023,010449555,2,9,0,18,19,1,5,0,0,8,0,0,0,0,1,1,6,6,3,-1,-1,-1,-1,-1,-1,-1,-1,0,-1
2023430296200,2023,430296200,1,-1,0,9,9,2,7,0,0,5,0,0,0,0,2,1,6,6,1,20,4,-1,-1,-1,-1,5,E01017901,1,-1
2023421355092,2023,421355092,1,1,0,9,9,1,1,0,0,1,0,0,0,0,1,1,1,1,1,20,4,-1,-1,-1,-1,4,E01021999,0,-1
2023201416165,2023,201416165,2,9,0,18,19,3,6,0,0,0,0,0,0,0,1,1,6,6,2,68,10,-1,-1,-1,-1,3,E01009095,0,-1
2023461309066,2023,461309066,1,9,0,18,19,3,7,0,0,8,0,0,0,0,1,1,6,6,3,-1,-1,-1,-1,-1,-1,-1,-1,0,-1
2023430191820,2023,430191820,2,1,0,18,19,2,6,0,0,0,0,0,0,0,3,1,4,7,2,12,3,-1,-1,-1,-1,8,E01016647,0,-1
2023010419205,2023,010419205,1,9,0,16,19,5,1,0,0,0,2,10,4,4,3,1,6,6,1,20,4,-1,-1,-1,-1,3,E01003629,0,-1
202363A032623,2023,63A032623,1,9,0,18,19,4,8,0,0,0,2,0,2,10,4,1,6,6,1,18,4,-1,-1,-1,-1,-1,-1,0,-1
2023401347193,2023,401347193,2,9,0,18,19,3,5,0,0,1,0,0,0,0,3,1,6,6,1,38,7,-1,-1,-1,-1,4,E01015711,0,-1
2023131299923,2023,131299923,2,2,0,18,19,5,1,0,0,8,0,0,0,0,1,1,2,2,2,17,4,-1,-1,-1,-1,1,E01011899,0,-1
2023440120110,2023,440120110,2,1,0,18,19,7,3,0,0,8,0,0,0,0,1,1,6,6,1,23,5,-1,-1,-1,-1,10,E01023133,0,-1
2023451269406,2023,451269406,1,1,0,9,9,5,1,0,0,0,1,0,0,0,1,1,5,6,1,54,8,-1,-1,-1,-1,10,E01003866,0,-1
2023302300500,2023,302300500,2,9,0,2,2,0,0,0,0,1,0,0,0,0,0,1,6,6,3,-1,-1,-1,-1,-1,-1,5,E01019456,0,-1
2023010458283,2023,010458283,1,9,0,5,5,7,3,0,0,1,0,0,0,0,1,1,6,6,3,-1,-1,-1,-1,-1,-1,-1,-1,0,-1
2023010469757,2023,010469757,1,19,0,18,19,1,5,0,0,0,0,11,0,0,1,1,6,6,3,-1,-1,-1,-1,-1,-1,-1,-1,0,-1
2023421387498,2023,421387498,2,1,0,5,5,8,4,0,0,0,0,0,0,0,2,1,6,6,1,55,8,-1,-1,-1,-1,3,E01021631,0,-1
2023320500225,2023,320500225,1,5,0,17,19,4,1,0,0,2,2,0,1,9,3,1,6,6,1,37,7,-1,-1,-1,-1,3,E01026663,0,-1
202360A039819,2023,60A039819,1,9,0,18,19,7,3,0,0,1,0,0,0,0,1,1,6,6,2,35,6,-1,-1,-1,-1,-1,-1,0,-1
2023010480581,2023,010480581,1,1,9,99,99,9,9,99,99,9,9,99,9,99,1,1,2,2,2,25,5,-1,-1,-1,-1,6,E01004476,0,-1
2023361350171,2023,361350171,2,9,0,18,19,1,5,0,0,3,0,0,0,0,4,1,5,6,1,66,10,-1,-1,-1,-1,10,E01026567,0,-1
2023010474416,2023,010474416,2,9,0,99,99,9,9,99,99,0,9,99,9,99,9,1,6,6,3,-1,-1,-1,-1,-1,-1,-1,-1,0,-1
2023010438654,2023,010438654,1,1,9,99,99,9,9,99,99,9,9,99,9,99,1,1,2,2,1,32,6,-1,-1,-1,-1,2,E01033726,0,-1
2023010448598,2023,010448598,2,8,9,99,99,9,9,99,99,9,9,99,9,99,3,9,6,6,3,60,9,-1,-1,-1,-1,1,E01002073,0,-1
2023111353509,2023,111353509,1,9,0,13,13,3,7,0,0,0,0,0,0,0,1,1,6,6,1,25,5,-1,-1,-1,-1,5,E01020890,0,-1
2023052302353,2023,052302353,1,9,0,18,19,2,6,0,0,0,0,0,0,0,1,1,6,6,3,-1,-1,-1,-1,-1,-1,-1,-1,0,-1
2023991348186,2023,991348186,1,9,0,16,19,5,1,0,0,0,0,0,7,11,1,1,5,6,2,67,10,-1,-1,-1,-1,4,-1,0,-1
2023161286008,2023,161286008,1,22,0,18,19,3,7,0,0,8,0,0,0,0,4,1,6,6,1,83,11,-1,-1,-1,-1,5,E01012773,0,-1
2023991269959,2023,991269959,2,9,0,18,19,4,8,0,0,1,1,1,0,0,1,1,5,6,1,24,5,-1,-1,-1,-1,7,-1,0,-1
2023101328772,2023,101328772,1,9,0,18,19,5,1,0,0,0,0,0,0,0,1,1,5,6,1,24,5,-1,-1,-1,-1,2,E01008719,0,-1
2023161372060,2023,161372060,1,97,0,18,19,3,7,0,0,0,0,0,0,0,1,1,6,6,1,18,4,-1,-1,-1,-1,-1,-1,0,-1
2023201315310,2023,201315310,1,1,0,18,19,6,2,4,4,8,0,0,0,0,4,1,1,1,1,39,7,-1,-1,-1,-1,3,E01033562,0,-1
2023111344970,2023,111344970,2,1,0,18,19,7,3,0,0,1,1,0,0,0,1,1,6,6,1,53,8,-1,-1,-1,-1,4,E01020614,0,-1
2023010438231,2023,010438231,2,9,0,5,5,5,1,0,0,1,0,0,0,0,1,1,6,6,3,-1,-1,-1,-1,-1,-1,-1,-1,0,-1
2023010469277,2023,010469277,2,9,0,18,19,3,7,0,0,0,0,0,0,0,1,1,6,6,3,-1,-1,-1,-1,-1,-1,-1,-1,0,-1
2023991267922,2023,991267922,1,9,0,5,5,6,2,0,0,1,0,0,0,0,1,1,6,6,3,-1,-1,-1,-1,-1,-1,-1,-1,0,-1
2023522301362,2023,522301362,2,1,0,14,14,8,4,0,0,8,0,0,0,0,1,1,6,6,1,45,7,-1,-1,-1,-1,1,E01014574,0,-1
2023161284178,2023,161284178,1,1,0,18,19,4,8,0,0,8,0,0,0,0,2,1,2,2,2,71,10,-1,-1,-1,-1,1,E01013162,0,-1
2023540657123,2023,540657123,2,3,0,18,19,8,5,2,2,1,0,0,0,0,1,1,6,6,1,22,5,-1,-1,-1,-1,5,E01032716,0,-1
2023311289649,2023,311289649,1,9,0,18,19,6,2,0,0,0,0,0,0,0,1,1,2,2,1,25,5,-1,-1,-1,-1,-1,-1,0,-1
2023131353647,2023,131353647,1,22,0,-1,-1,-1,-1,-1,-1,0,-1,-1,-1,-1,-1,1,5,6,2,51,8,-1,-1,-1,-1,2,E01011540,0,-1
2023201387629,2023,201387629,1,1,0,18,19,2,6,0,0,8,0,0,0,0,4,1,1,1,1,28,6,-1,-1,-1,-1,1,E01009478,0,-1
2023302301752,2023,302301752,3,1,0,3,3,2,6,0,0,2,0,0,0,0,3,1,6,6,1,11,3,-1,-1,-1,-1,7,E01019700,0,-1
2023201403335,2023,201403335,1,9,0,18,19,7,3,0,0,8,0,0,0,0,4,1,3,7,2,45,7,-1,-1,-1,-1,6,E01032134,0,-1
2023552300394,2023,552300394,2,5,0,5,5,8,2,0,0,8,1,0,1,1,1,1,6,6,1,60,9,-1,-1,-1,-1,-1,-1,0,-1
2023430562949,2023,430562949,2,9,0,18,19,8,4,0,0,8,0,0,0,0,1,1,6,6,3,-1,-1,-1,-1,-1,-1,-1,-1,0,-1
2023451320736,2023,451320736,1,1,0,18,19,6,2,0,0,2,5,0,0,0,3,1,6,6,2,66,10,-1,-1,-1,-1,10,E01030661,0,-1
2023231298180,2023,231298180,1,9,0,18,19,6,2,0,0,0,0,0,0,0,1,1,6,6,1,39,7,-1,-1,-1,-1,5,E01012333,0,-1
2023231341175,2023,231341175,1,-1,0,18,19,8,4,0,0,0,0,0,0,0,1,1,6,6,3,40,7,-1,-1,-1,-1,-1,-1,0,-1
2023161352605,2023,161352605,1,1,0,5,5,3,7,0,0,6,0,0,0,0,4,1,6,6,1,15,3,-1,-1,-1,-1,9,E01013016,0,-1
2023451377638,2023,451377638,1,1,0,18,19,1,5,0,0,0,0,0,0,0,3,1,6,6,1,13,3,-1,-1,-1,-1,3,E01030711,0,-1
2023010481938,2023,010481938,1,9,0,18,19,4,8,0,0,8,0,0,0,0,3,1,2,2,1,31,6,-1,-1,-1,-1,4,E01000609,0,-1
2023320036060,2023,320036060,1,1,0,18,19,8,4,0,0,8,0,0,0,0,4,1,6,6,2,34,6,-1,-1,-1,-1,3,E01026134,0,-1
2023461261628,2023,461261628,1,9,0,-1,-1,-1,-1,-1,-1,0,-1,-1,-1,0,-1,1,6,6,3,-1,-1,-1,-1,-1,-1,-1,-1,0,-1
2023991327249,2023,991327249,2,1,0,18,19,4,8,0,0,1,1,0,0,0,1,1,6,6,2,15,3,-1,-1,-1,-1,9,-1,0,-1
2023010427588,2023,010427588,2,1,0,7,7,3,5,0,0,1,5,0,0,0,1,1,6,6,1,23,5,-1,-1,-1,-1,2,E01000990,0,-1
2023520400995,2023,520400995,2,9,0,18,19,6,2,0,0,0,0,0,1,0,1,1,6,6,1,31,6,-1,-1,-1,-1,9,E01029273,0,-1
2023041344778,2023,041344778,1,98,0,-1,-1,-1,-1,0,0,4,0,0,0,0,-1,1,6,6,1,33,6,-1,-1,-1,-1,2,E01006618,0,-1
2023332301002,2023,332301002,2,1,0,18,19,4,8,0,0,8,0,0,0,0,3,1,6,6,1,20,4,-1,-1,-1,-1,1,E01013621,0,-1
2023010472580,2023,010472580,5,9,0,17,19,3,7,0,0,0,0,0,0,0,0,1,6,6,1,23,5,-1,-1,-1,-1,3,E01003221,0,-1
2023010423393,2023,010423393,1,1,9,99,99,9,9,99,99,9,9,99,9,99,0,1,2,2,2,41,7,-1,-1,-1,-1,2,E01003323,0,-1
2023010456490,2023,010456490,2,-1,0,13,13,5,1,4,4,2,0,0,1,0,1,1,6,6,1,22,5,-1,-1,-1,-1,4,E01003389,1,-1
2023131368951,2023,131368951,1,9,0,-1,-1,-1,-1,-1,-1,0,-1,-1,-1,-1,-1,1,6,6,3,-1,-1,-1,-1,-1,-1,-1,-1,0,-1
2023010469926,2023,010469926,1,9,0,18,19,1,5,0,0,0,0,0,0,0,1,1,6,6,3,-1,-1,-1,-1,-1,-1,-1,-1,0,-1
2023522300659,2023,522300659,2,1,0,18,19,5,1,0,0,8,0,0,0,0,1,1,6,6,1,45,7,-1,-1,-1,-1,2,E01014660,0,-1
2023461273232,2023,461273232,2,9,0,18,19,2,6,0,0,8,0,0,0,0,4,1,5,6,2,55,8,-1,-1,-1,-1,8,E01024158,0,-1
2023440372991,2023,440372991,2,1,0,18,19,1,5,9,9,8,0,0,0,0,3,1,6,6,2,76,11,-1,-1,-1,-1,3,E01017020,0,-1
2023010482235,2023,010482235,2,9,0,99,99,9,9,99,99,9,9,99,9,99,1,9,6,6,3,-1,-1,-1,-1,-1,-1,-1,-1,0,-1
2023010421603,2023,010421603,1,9,0,18,19,3,7,0,0,1,0,0,0,0,1,1,6,6,3,23,5,-1,-1,-1,-1,-1,-1,0,-1
2023010460533,2023,010460533,2,1,0,18,19,1,5,0,0,1,0,0,7,0,4,1,6,6,2,39,7,-1,-1,-1,-1,2,E01004230,0,-1
2023201298321,2023,201298321,2,97,0,18,19,8,4,0,0,8,0,0,0,0,3,1,1,1,1,18,4,-1,-1,-1,-1,-1,-1,0,-1
2023440248775,2023,440248775,2,1,0,18,19,4,8,0,0,0,0,0,0,0,2,1,6,6,1,48,8,-1,-1,-1,-1,10,E01022590,0,-1
2023430010574,2023,430010574,1,1,0,18,19,2,6,0,0,8,0,0,0,0,3,1,6,6,1,32,6,-1,-1,-1,-1,10,E01017869,0,-1
2023421289413,2023,421289413,2,9,0,18,19,5,5,0,0,0,0,0,0,0,1,1,6,6,1,59,9,-1,-1,-1,-1,-1,-1,0,-1
2023061324154,2023,061324154,2,1,-1,18,19,-1,-1,0,0,-1,5,0,0,0,1,1,5,6,1,49,8,-1,-1,-1,-1,4,E01005534,0,-1
2023010424999,2023,010424999,1,1,0,16,19,6,2,0,0,1,0,0,1,10,1,1,6,6,1,20,4,-1,-1,-1,-1,4,E01001711,0,-1
2023471291275,2023,471291275,1,1,0,18,19,3,7,0,0,0,0,0,0,0,1,1,6,6,3,-1,-1,-1,-1,-1,-1,-1,-1,0,-1
2023101265367,2023,101265367,2,1,0,18,19,1,5,0,0,8,0,0,0,0,1,1,2,2,1,42,7,-1,-1,-1,-1,4,E01008583,0,-1
2023010424568,2023,010424568,2,1,0,18,19,3,7,0,0,1,0,0,0,0,4,1,6,6,2,32,6,-1,-1,-1,-1,6,E01003272,0,-1
2023071044934,2023,071044934,2,9,4,18,19,1,5,9,9,0,0,0,0,0,3,1,1,1,1,60,9,-1,-1,-1,-1,10,E01018632,0,-1
2023522300399,2023,522300399,1,19,0,99,99,9,9,0,0,0,0,99,9,99,9,1,6,6,3,-1,-1,-1,-1,-1,-1,-1,-1,0,-1
2023302300290,2023,302300290,1,9,0,18,19,8,4,0,0,2,0,0,0,0,1,1,6,6,3,-1,-1,-1,-1,-1,-1,5,E01019456,0,-1
2023052300886,2023,052300886,1,19,0,18,19,1,5,0,0,0,0,0,0,0,1,1,6,6,1,49,8,-1,-1,-1,-1,3,E01007047,0,-1
2023430231717,2023,430231717,1,9,0,5,5,1,5,0,0,1,0,0,0,0,1,1,2,2,1,59,9,-1,-1,-1,-1,7,E01028562,0,-1
2023421323232,2023,421323232,1,21,0,18,19,3,7,0,0,8,0,0,0,0,1,1,1,1,1,35,6,-1,-1,-1,-1,4,E01021674,0,-1
2023010482862,2023,010482862,1,11,0,5,5,3,7,2,2,0,0,0,0,0,0,1,1,1,1,55,8,-1,-1,-1,-1,6,E01001184,0,-1
2023070649684,2023,070649684,2,1,0,14,14,1,5,0,0,0,0,0,0,0,1,1,2,2,1,39,7,-1,-1,-1,-1,3,E01018543,0,-1
2023991262887,2023,991262887,2,98,0,5,5,1,5,0,0,1,0,0,0,0,1,1,6,6,1,40,7,-1,-1,-1,-1,-1,-1,0,-1
2023361296879,2023,361296879,2,1,0,5,5,5,1,0,0,1,0,0,0,0,1,1,6,6,1,13,3,-1,-1,-1,-1,1,E01026832,0,-1
2023421311884,2023,421311884,1,21,0,18,19,1,6,0,0,0,0,0,0,0,1,1,1,1,1,25,5,-1,-1,-1,-1,9,E01023318,0,-1
2023010427382,2023,010427382,2,9,0,99,99,9,9,99,99,9,9,99,9,99,9,9,6,6,3,-1,-1,-1,-1,-1,-1,-1,-1,0,-1