collision_index,collision_year,collision_ref_no,vehicle_reference,vehicle_type,towing_and_articulation,vehicle_manoeuvre_historic,vehicle_manoeuvre,vehicle_direction_from,vehicle_direction_to,vehicle_location_restricted_lane_historic,vehicle_location_restricted_lane,junction_location,skidding_and_overturning,hit_object_in_carriageway,vehicle_leaving_carriageway,hit_object_off_carriageway,first_point_of_impact,vehicle_left_hand_drive,journey_purpose_of_driver_historic,journey_purpose_of_driver,sex_of_driver,age_of_driver,age_band_of_driver,engine_capacity_cc,propulsion_code,age_of_vehicle,generic_make_model,driver_imd_decile,lsoa_of_driver,escooter_flag,driver_distance_banding
2023010465835,2023,010465835,2,1,0,18,19,7,3,0,0,8,0,0,0,0,1,1,2,2,1,44,7,-1,-1,-1,-1,8,E01033580,0,-1
2023545271123,2023,545271123,1,1,0,18,19,3,7,0,0,0,0,0,0,0,0,1,6,6,1,46,8,-1,-1,-1,-1,9,E01031886,0,-1
2023547418623,2023,547418623,1,9,0,9,9,2,8,0,0,8,0,0,0,0,0,1,6,6,3,-1,-1,-1,-1,-1,-1,-1,-1,0,-1
2023430520426,2023,430520426,1,19,0,18,19,7,3,0,0,8,0,0,0,0,1,1,1,1,3,-1,-1,-1,-1,-1,-1,-1,-1,0,-1
2023010457526,2023,010457526,2,1,0,18,19,1,5,4,4,8,0,0,0,0,4,1,6,6,2,49,8,-1,-1,-1,-1,3,E01033583,0,-1
2023520400994,2023,520400994,1,9,0,18,19,2,6,0,0,0,0,0,0,0,1,1,6,6,1,-1,-1,-1,-1,-1,-1,-1,-1,0,-1
2023302301908,2023,302301908,3,9,0,18,19,1,5,0,0,0,0,0,0,0,0,1,6,6,1,64,9,-1,-1,-1,-1,7,E01019771,0,-1
2023052301222,2023,052301222,1,1,0,18,19,3,7,0,0,6,0,0,0,0,1,1,1,1,1,16,4,-1,-1,-1,-1,7,E01006800,0,-1
2023211294769,2023,211294769,2,1,0,18,19,1,5,0,0,0,0,0,0,0,1,1,6,6,2,50,8,-1,-1,-1,-1,8,E01029653,0,-1
2023622300748,2023,622300748,1,4,0,18,19,8,4,0,0,0,0,0,0,0,1,1,6,6,1,18,4,-1,-1,-1,-1,1,W01001203,0,-1
2023440228971,2023,440228971,1,19,0,18,19,3,7,0,0,0,0,0,0,0,4,1,6,6,1,-1,-1,-1,-1,-1,-1,-1,-1,0,-1
2023131293678,2023,131293678,1,9,0,18,19,5,1,0,0,1,0,4,0,0,1,1,6,6,1,41,7,-1,-1,-1,-1,1,E01011838,0,-1
2023461323850,2023,461323850,1,9,0,4,4,7,3,0,0,0,0,0,0,0,1,1,1,1,1,48,8,-1,-1,-1,-1,3,E01024126,0,-1
2023411310459,2023,411310459,2,1,0,14,14,3,7,0,0,8,2,0,0,0,4,1,6,6,1,45,7,-1,-1,-1,-1,10,E01023714,0,-1
2023010427017,2023,010427017,2,9,9,18,19,7,3,99,99,1,9,99,9,99,9,9,6,6,3,-1,-1,-1,-1,-1,-1,-1,-1,0,-1
2023010427985,2023,010427985,2,1,0,5,5,5,1,0,0,4,0,0,0,0,4,1,1,1,1,27,6,-1,-1,-1,-1,2,E01001486,0,-1
2023991337520,2023,991337520,2,1,0,18,19,3,7,5,5,1,1,4,3,0,4,1,6,6,1,11,3,-1,-1,-1,-1,-1,-1,0,-1
2023531318338,2023,531318338,1,97,0,18,19,3,7,0,0,0,0,0,0,0,1,1,6,6,1,32,6,-1,-1,-1,-1,9,E01022389,0,-1
2023052302730,2023,052302730,2,1,0,18,19,5,1,0,0,3,0,0,0,0,3,1,6,6,2,38,7,-1,-1,-1,-1,6,E01006419,0,-1
2023131325069,2023,131325069,1,9,0,-1,-1,-1,-1,-1,-1,0,-1,-1,-1,0,-1,1,6,6,3,-1,-1,-1,-1,-1,-1,-1,-1,0,-1
2023122300961,2023,122300961,2,1,0,14,14,7,3,0,0,0,0,0,0,0,1,1,6,6,1,56,9,-1,-1,-1,-1,10,E01027614,0,-1
2023430260616,2023,430260616,1,9,0,18,19,5,1,0,0,0,0,0,0,0,1,1,6,6,2,-1,-1,-1,-1,-1,-1,-1,-1,0,-1
2023010435213,2023,010435213,1,1,9,99,99,9,9,99,99,9,9,99,9,99,1,1,2,2,1,50,8,-1,-1,-1,-1,6,E01004501,0,-1
2023421287453,2023,421287453,1,19,0,18,19,3,7,0,0,0,0,0,0,0,1,1,6,6,1,-1,-1,-1,-1,-1,-1,-1,-1,0,-1
2023332300894,2023,332300894,4,9,0,2,2,0,0,0,0,0,0,0,0,0,3,1,6,6,3,-1,-1,-1,-1,-1,-1,-1,-1,0,-1
2023311321298,2023,311321298,1,97,0,18,19,4,8,0,0,0,0,0,0,0,1,1,6,6,3,-1,-1,-1,-1,-1,-1,-1,-1,0,-1
2023440369380,2023,440369380,1,1,0,18,19,3,7,0,0,0,0,0,0,0,1,1,6,6,1,26,6,-1,-1,-1,-1,3,E01017239,0,-1
2023101271022,2023,101271022,2,1,0,18,19,5,1,0,0,8,5,0,0,0,4,1,5,6,1,40,7,-1,-1,-1,-1,-1,-1,0,-1
2023010482384,2023,010482384,2,9,0,99,99,9,9,99,99,9,9,99,9,99,9,9,6,6,3,-1,-1,-1,-1,-1,-1,-1,-1,0,-1
2023522300604,2023,522300604,2,1,0,15,15,4,8,2,2,8,0,0,0,0,1,1,6,6,2,30,6,-1,-1,-1,-1,6,E01014648,0,-1
2023052302416,2023,052302416,2,1,0,18,19,3,7,0,0,1,0,0,0,0,2,1,6,6,1,-1,-1,-1,-1,-1,-1,4,E01006893,0,-1
2023332300055,2023,332300055,1,9,0,18,19,3,7,0,0,0,0,0,0,0,1,1,6,6,2,-1,-1,-1,-1,-1,-1,-1,-1,0,-1
2023201426393,2023,201426393,1,19,0,5,5,5,1,0,0,0,0,0,0,0,1,1,1,1,1,-1,-1,-1,-1,-1,-1,-1,-1,0,-1
2023131358068,2023,131358068,2,1,0,18,19,4,8,0,0,0,0,0,0,0,4,1,1,1,1,18,4,-1,-1,-1,-1,1,E01011494,0,-1
2023010472748,2023,010472748,2,9,9,99,99,9,9,99,99,0,9,99,9,99,9,9,6,6,3,-1,-1,-1,-1,-1,-1,-1,-1,0,-1
2023311378794,2023,311378794,2,11,0,2,2,5,1,0,0,1,0,0,0,0,2,1,1,1,1,58,9,-1,-1,-1,-1,10,E01028097,0,-1
2023010425796,2023,010425796,2,9,0,99,99,9,9,99,99,9,9,99,9,99,9,9,6,6,3,-1,-1,-1,-1,-1,-1,-1,-1,0,-1
2023010451463,2023,010451463,2,9,9,99,99,9,9,99,99,9,9,99,9,99,9,9,6,6,1,57,9,-1,-1,-1,-1,2,E01001333,0,-1
2023421272125,2023,421272125,2,9,0,18,19,8,1,0,0,1,0,0,0,0,1,1,6,6,2,55,8,-1,-1,-1,-1,5,E01021800,0,-1
2023451392185,2023,451392185,1,1,0,18,19,4,8,0,0,0,0,0,1,0,3,1,2,2,1,27,6,-1,-1,-1,-1,5,E01016566,0,-1
2023340NN3142,2023,340NN3142,1,9,0,13,13,6,2,0,0,0,0,0,0,0,4,1,6,6,3,-1,-1,-1,-1,-1,-1,-1,-1,0,-1
2023430026834,2023,430026834,1,9,0,7,7,1,3,0,0,5,0,0,0,0,1,1,6,6,1,45,7,-1,-1,-1,-1,-1,-1,0,-1
2023010441706,2023,010441706,1,97,0,99,99,9,9,99,99,0,9,99,9,99,9,1,6,6,3,-1,-1,-1,-1,-1,-1,-1,-1,0,-1
2023461329305,2023,461329305,2,1,0,18,19,5,7,0,0,0,0,0,0,0,3,1,6,6,1,55,8,-1,-1,-1,-1,6,E01024034,0,-1
2023451371147,2023,451371147,1,1,0,18,19,1,5,0,0,8,0,0,0,0,4,1,6,6,2,60,9,-1,-1,-1,-1,10,E01030487,0,-1
2023421291742,2023,421291742,1,9,0,3,3,1,5,0,0,0,0,0,0,0,2,1,2,2,1,32,6,-1,-1,-1,-1,-1,-1,0,-1
2023161309584,2023,161309584,2,9,0,16,19,6,8,0,0,0,0,0,0,0,0,1,6,6,3,-1,-1,-1,-1,-1,-1,-1,-1,0,-1
2023440271304,2023,440271304,2,1,0,18,19,1,5,0,0,8,0,0,0,0,4,1,6,6,1,49,8,-1,-1,-1,-1,10,E01022977,0,-1
2023461284122,2023,461284122,1,9,0,18,19,1,5,0,0,0,0,0,0,0,0,1,6,6,3,-1,-1,-1,-1,-1,-1,-1,-1,0,-1
2023010458661,2023,010458661,1,1,9,99,99,9,9,99,99,9,9,99,9,99,1,1,2,2,1,43,7,-1,-1,-1,-1,3,E01002047,0,-1
2023010480381,2023,010480381,1,9,0,2,2,0,0,0,0,1,0,4,0,0,1,1,6,6,3,-1,-1,-1,-1,-1,-1,-1,-1,0,-1
2023201320750,2023,201320750,2,1,0,18,19,4,8,0,0,0,0,0,0,0,3,1,4,7,1,12,3,-1,-1,-1,-1,1,E01008932,0,-1
2023201413740,2023,201413740,1,9,0,18,19,8,4,0,0,1,0,0,0,0,1,1,6,6,3,-1,-1,-1,-1,-1,-1,-1,-1,0,-1
2023991275565,2023,991275565,2,1,0,18,19,8,4,0,0,8,5,0,1,0,1,1,2,2,1,50,8,-1,-1,-1,-1,5,-1,0,-1
2023471360756,2023,471360756,2,1,0,18,19,5,1,0,0,0,0,0,0,0,1,1,6,6,1,12,3,-1,-1,-1,-1,4,E01031608,0,-1
2023421389164,2023,421389164,2,1,0,18,19,8,4,0,0,4,0,0,0,0,1,1,6,6,1,15,3,-1,-1,-1,-1,2,E01021969,0,-1
2023549320823,2023,549320823,1,22,0,18,19,5,1,0,0,1,0,0,0,0,1,1,1,1,1,53,8,-1,-1,-1,-1,4,E01032090,0,-1
2023052301760,2023,052301760,1,9,0,18,19,5,1,0,0,0,0,0,0,0,4,1,6,6,3,-1,-1,-1,-1,-1,-1,-1,-1,0,-1
2023201411342,2023,201411342,1,9,0,12,12,3,7,0,0,8,0,0,0,0,1,1,1,1,1,59,9,-1,-1,-1,-1,4,E01009320,0,-1
2023461303589,2023,461303589,1,90,0,18,19,1,5,0,0,0,0,12,7,2,3,1,2,2,1,52,8,-1,-1,-1,-1,5,E01024503,0,-1
2023161324504,2023,161324504,2,9,0,7,7,1,3,0,0,8,0,0,0,0,1,1,5,6,2,54,8,-1,-1,-1,-1,-1,-1,0,-1
2023161326892,2023,161326892,2,9,0,7,7,5,8,0,0,1,0,0,0,0,1,1,6,6,1,-1,-1,-1,-1,-1,-1,-1,-1,0,-1
2023471323263,2023,471323263,1,1,0,18,19,8,4,0,0,0,0,0,0,0,3,1,6,6,1,-1,-1,-1,-1,-1,-1,6,E01031687,0,-1
2023131349001,2023,131349001,1,1,0,14,14,3,7,0,0,0,0,0,0,0,4,1,6,6,1,42,7,-1,-1,-1,-1,10,E01011535,0,-1
2023332300299,2023,332300299,1,9,0,6,6,5,5,0,0,0,0,0,0,0,3,1,3,7,1,41,7,-1,-1,-1,-1,5,E01013608,0,-1
2023101283739,2023,101283739,1,1,0,9,9,7,5,0,0,0,0,0,0,0,1,1,5,6,1,24,5,-1,-1,-1,-1,1,E01008398,0,-1
2023071210020,2023,071210020,1,11,0,9,9,5,3,0,0,1,0,0,0,0,1,1,6,6,1,-1,-1,-1,-1,-1,-1,-1,-1,0,-1
2023010464288,2023,010464288,2,1,0,18,19,1,5,0,0,0,0,0,0,0,1,1,6,6,1,32,6,-1,-1,-1,-1,10,E01023313,0,-1
2023170L20353,2023,170L20353,1,9,0,18,19,2,6,0,0,0,2,0,1,4,1,1,6,6,1,21,5,-1,-1,-1,-1,5,E01012129,0,-1
2023010457022,2023,010457022,2,1,0,5,5,5,1,0,0,1,0,0,0,0,4,1,6,6,1,49,8,-1,-1,-1,-1,3,E01003145,0,-1
2023010465716,2023,010465716,2,9,0,99,99,9,9,99,99,0,9,99,9,99,9,9,6,6,3,-1,-1,-1,-1,-1,-1,-1,-1,0,-1
2023461384198,2023,461384198,1,19,0,1,1,7,3,0,0,1,0,0,9,0,1,1,6,6,1,-1,-1,-1,-1,-1,-1,-1,-1,0,-1
2023010462698,2023,010462698,2,1,0,3,3,2,6,0,0,4,0,0,0,0,1,1,6,6,1,22,5,-1,-1,-1,-1,3,E01001003,0,-1
2023141322576,2023,141322576,1,9,0,18,19,2,6,0,0,0,0,0,1,11,1,1,5,6,1,20,4,-1,-1,-1,-1,1,E01007543,0,-1
2023010464929,2023,010464929,1,97,9,99,99,9,9,99,99,0,9,99,9,99,9,1,6,6,3,-1,-1,-1,-1,-1,-1,-1,-1,0,-1
2023052302347,2023,052302347,1,9,0,11,11,7,1,0,0,3,0,0,0,0,4,1,6,6,3,-1,-1,-1,-1,-1,-1,-1,-1,0,-1
2023052300170,2023,052300170,1,-1,0,9,9,1,3,0,0,1,0,0,0,0,0,1,6,6,2,18,4,-1,-1,-1,-1,6,E01011774,1,-1
2023061351235,2023,061351235,2,1,-1,-1,-1,-1,-1,-1,-1,-1,-1,-1,-1,0,-1,1,6,6,2,31,6,-1,-1,-1,-1,9,E01005854,0,-1
2023201291728,2023,201291728,2,9,0,18,19,4,8,0,0,0,0,0,0,0,1,1,6,6,1,-1,-1,-1,-1,-1,-1,-1,-1,0,-1
2023010428658,2023,010428658,1,1,9,99,99,9,9,99,99,9,9,99,9,99,9,1,6,6,2,25,5,-1,-1,-1,-1,3,E01004037,0,-1
2023010457000,2023,010457000,1,1,9,99,99,9,9,99,99,9,9,99,9,99,1,1,1,1,1,30,6,-1,-1,-1,-1,2,E01003126,0,-1
2023010470110,2023,010470110,2,-1,0,18,19,6,2,0,0,1,0,0,0,0,1,1,6,6,1,21,5,-1,-1,-1,-1,9,E01003880,1,-1
2023010458543,2023,010458543,1,1,9,99,99,9,9,99,99,9,9,99,9,99,1,1,1,1,1,21,5,-1,-1,-1,-1,2,E01032562,0,-1
2023122300175,2023,122300175,2,9,0,18,19,8,4,0,0,1,1,0,1,11,4,1,6,6,1,45,7,-1,-1,-1,-1,8,E01027702,0,-1
2023010443811,2023,010443811,1,8,0,18,19,6,2,0,0,1,0,0,0,0,1,1,6,6,3,-1,-1,-1,-1,-1,-1,-1,-1,0,-1
2023161364542,2023,161364542,1,9,0,18,19,7,3,0,0,2,0,0,0,0,2,1,6,6,2,-1,-1,-1,-1,-1,-1,2,E01033104,0,-1
2023101285362,2023,101285362,1,9,0,4,4,5,1,0,0,4,0,0,0,0,1,1,6,6,3,-1,-1,-1,-1,-1,-1,-1,-1,0,-1
2023010447748,2023,010447748,2,-1,0,9,9,3,8,0,0,6,0,0,1,0,4,1,6,6,1,15,3,-1,-1,-1,-1,2,E01001447,1,-1
2023522400526,2023,522400526,2,1,0,18,19,2,6,0,0,0,0,8,0,0,1,1,6,6,1,12,3,-1,-1,-1,-1,-1,-1,0,-1
2023340NN1382,2023,340NN1382,1,98,0,9,9,3,7,0,0,4,0,0,0,0,4,1,1,1,1,-1,-1,-1,-1,-1,-1,-1,-1,0,-1
2023451319186,2023,451319186,1,1,0,18,19,5,1,0,0,8,0,0,0,0,4,1,6,6,1,71,10,-1,-1,-1,-1,9,E01030761,0,-1
2023991353332,2023,991353332,2,1,0,18,19,7,3,0,0,8,5,0,0,0,1,1,5,6,1,39,7,-1,-1,-1,-1,10,-1,0,-1
2023122300403,2023,122300403,1,3,0,18,19,2,6,0,0,6,0,0,0,0,3,1,6,6,1,14,3,-1,-1,-1,-1,5,E01027752,0,-1
2023340WN4352,2023,340WN4352,1,90,0,18,19,5,1,0,0,4,0,0,0,0,1,1,6,6,3,-1,-1,-1,-1,-1,-1,-1,-1,0,-1
2023471317743,2023,471317743,1,1,0,18,19,5,1,0,0,0,0,0,0,0,1,1,6,6,2,51,8,-1,-1,-1,-1,10,E01024838,0,-1
2023010443190,2023,010443190,1,1,9,99,99,9,9,99,99,0,9,99,9,99,1,1,6,6,3,-1,-1,-1,-1,-1,-1,-1,-1,0,-1
2023010452803,2023,010452803,1,9,0,99,99,9,9,99,99,9,9,99,9,99,4,9,2,2,1,31,6,-1,-1,-1,-1,1,E01004241,0,-1
2023010484700,2023,010484700,1,1,9,99,99,9,9,99,99,9,9,99,9,99,1,1,6,6,1,45,7,-1,-1,-1,-1,2,E01001911,0,-1
2023010482711,2023,010482711,2,9,5,99,99,9,9,99,99,9,0,99,0,0,9,9,6,6,2,43,7,-1,-1,-1,-1,3,E01001371,0,-1
2023411378003,2023,411378003,1,97,0,18,19,-1,-1,0,0,0,1,0,0,0,1,1,6,6,3,-1,-1,-1,-1,-1,-1,-1,-1,0,-1
202363B031723,2023,63B031723,1,9,0,13,13,2,6,0,0,0,0,0,0,0,4,1,6,6,2,86,11,-1,-1,-1,-1,-1,-1,0,-1
2023471264366,2023,471264366,1,9,0,18,19,6,2,0,0,0,0,0,0,0,1,1,6,6,3,-1,-1,-1,-1,-1,-1,-1,-1,0,-1
2023010472537,2023,010472537,2,9,0,5,5,1,5,0,0,1,0,0,0,0,3,1,2,2,1,28,6,-1,-1,-1,-1,3,E01003978,0,-1
2023332300558,2023,332300558,2,19,0,2,2,0,0,0,0,0,0,0,0,0,1,1,6,6,1,-1,-1,-1,-1,-1,-1,10,E01025834,0,-1
2023061281159,2023,061281159,2,1,0,18,19,5,2,0,0,1,0,0,0,0,4,1,5,6,1,48,8,-1,-1,-1,-1,6,E01005620,0,-1
2023010432459,2023,010432459,1,1,0,18,19,3,7,0,0,0,0,0,0,0,1,1,1,1,1,41,7,-1,-1,-1,-1,4,E01003934,0,-1
2023010438442,2023,010438442,1,1,9,99,99,9,9,99,99,9,9,99,9,99,1,1,2,2,1,46,8,-1,-1,-1,-1,6,E01004497,0,-1
2023371278879,2023,371278879,1,9,0,18,19,1,4,0,0,1,0,0,0,0,0,1,6,6,3,-1,-1,-1,-1,-1,-1,-1,-1,0,-1
2023141329032,2023,141329032,2,9,0,13,13,7,3,0,0,0,0,0,0,0,4,1,6,6,3,-1,-1,-1,-1,-1,-1,-1,-1,0,-1
2023411363249,2023,411363249,1,9,0,18,19,8,4,0,0,0,0,0,1,0,1,1,1,1,1,42,7,-1,-1,-1,-1,-1,-1,0,-1
2023461265201,2023,461265201,3,9,0,2,2,0,0,0,0,0,0,10,0,0,3,1,5,6,1,57,9,-1,-1,-1,-1,3,E01016030,0,-1
2023201298303,2023,201298303,2,9,0,2,2,0,0,0,0,0,0,0,0,0,2,1,6,6,3,-1,-1,-1,-1,-1,-1,-1,-1,0,-1
2023351341690,2023,351341690,2,9,0,18,19,2,7,0,0,0,0,0,0,0,1,1,6,6,2,34,6,-1,-1,-1,-1,3,E01015668,0,-1
2023122300430,2023,122300430,2,1,0,18,19,2,5,5,5,5,0,0,0,0,0,1,2,2,3,56,9,-1,-1,-1,-1,8,E01013417,0,-1
2023541415923,2023,541415923,1,9,0,18,19,4,8,0,0,0,0,0,0,0,1,1,6,6,1,-1,-1,-1,-1,-1,-1,-1,-1,0,-1
2023010452516,2023,010452516,2,-1,0,18,19,5,1,0,0,8,0,0,0,0,1,1,6,6,1,26,6,-1,-1,-1,-1,4,E01000546,1,-1
2023052301390,2023,052301390,2,9,0,7,7,3,5,0,0,6,0,0,0,0,1,1,6,6,1,73,10,-1,-1,-1,-1,6,E01007059,0,-1
2023161305051,2023,161305051,4,90,0,18,19,7,3,0,0,0,0,0,0,0,3,1,5,6,1,61,9,-1,-1,-1,-1,7,E01012064,0,-1
2023010454077,2023,010454077,1,1,0,18,19,5,1,0,0,1,0,0,0,0,1,1,2,2,1,33,6,-1,-1,-1,-1,4,E01004294,0,-1
2023061342815,2023,061342815,1,9,0,18,19,3,7,0,0,2,0,0,0,0,4,1,6,6,1,48,8,-1,-1,-1,-1,4,E01005059,0,-1
2023471273490,2023,471273490,1,9,0,18,19,3,7,0,0,0,0,0,0,0,1,1,6,6,3,-1,-1,-1,-1,-1,-1,-1,-1,0,-1
2023340WN4112,2023,340WN4112,2,1,0,15,15,7,3,4,4,1,0,0,1,0,1,1,2,2,1,45,7,-1,-1,-1,-1,9,E01027256,0,-1
2023010450337,2023,010450337,2,9,0,14,14,5,1,0,0,8,0,0,0,0,3,1,6,6,3,-1,-1,-1,-1,-1,-1,-1,-1,0,-1
2023991289206,2023,991289206,7,9,0,2,2,0,0,9,9,2,0,0,0,0,3,1,6,6,3,-1,-1,-1,-1,-1,-1,-1,-1,0,-1
2023461286312,2023,461286312,1,9,0,18,19,1,5,0,0,1,0,0,0,0,1,1,5,6,3,-1,-1,-1,-1,-1,-1,-1,-1,0,-1
2023552301342,2023,552301342,1,9,0,7,7,7,1,9,9,6,0,0,0,0,1,1,6,6,3,-1,-1,-1,-1,-1,-1,-1,-1,0,-1
2023430508663,2023,430508663,1,9,0,2,2,0,0,0,0,2,0,0,0,0,3,1,6,6,2,-1,-1,-1,-1,-1,-1,-1,-1,0,-1
2023411366061,2023,411366061,3,1,0,18,19,-1,-1,0,0,1,0,10,0,0,3,1,5,6,1,-1,-1,-1,-1,-1,-1,7,E01023944,0,-1
2023131262656,2023,131262656,1,9,0,-1,-1,-1,-1,-1,-1,0,-1,-1,-1,0,-1,1,6,6,3,-1,-1,-1,-1,-1,-1,-1,-1,0,-1
2023501392808,2023,501392808,2,22,0,5,5,1,5,0,0,8,5,0,0,0,1,1,6,6,1,38,7,-1,-1,-1,-1,6,E01015252,0,-1
2023361375694,2023,361375694,2,1,0,18,19,-1,-1,0,0,1,0,0,0,0,1,1,2,2,1,31,6,-1,-1,-1,-1,-1,-1,0,-1
2023010430956,2023,010430956,1,19,0,3,3,1,5,0,0,8,0,0,0,0,1,1,6,6,1,-1,-1,-1,-1,-1,-1,-1,-1,0,-1
2023461325375,2023,461325375,2,9,0,18,19,7,3,0,0,0,0,0,0,0,2,1,6,6,1,-1,-1,-1,-1,-1,-1,-1,-1,0,-1
2023430029537,2023,430029537,2,1,0,18,19,2,6,0,0,8,0,0,0,0,1,1,6,6,1,28,6,-1,-1,-1,-1,4,E01016360,0,-1
2023430079978,2023,430079978,2,9,0,18,19,4,8,0,0,2,0,0,0,0,4,1,6,6,2,-1,-1,-1,-1,-1,-1,-1,-1,0,-1
2023010430189,2023,010430189,1,1,9,99,99,9,9,99,99,9,9,99,9,99,1,1,6,6,1,-1,-1,-1,-1,-1,-1,-1,-1,0,-1
2023440200744,2023,440200744,1,9,0,18,19,7,3,0,0,0,0,0,0,0,1,1,6,6,1,48,8,-1,-1,-1,-1,6,E01022507,0,-1
2023340WN0252,2023,340WN0252,1,9,0,18,19,5,1,0,0,0,0,0,0,0,1,1,2,2,2,18,4,-1,-1,-1,-1,8,E01027273,0,-1
2023201323967,2023,201323967,1,11,0,18,19,6,2,2,2,0,0,0,0,0,4,1,1,1,1,38,7,-1,-1,-1,-1,5,E01009973,0,-1
2023440193189,2023,440193189,2,1,0,18,19,2,6,0,0,1,0,0,0,0,4,1,6,6,1,58,9,-1,-1,-1,-1,10,E01023092,0,-1
2023540512723,2023,540512723,1,9,0,12,12,8,4,0,0,0,0,0,0,0,0,1,6,6,3,-1,-1,-1,-1,-1,-1,-1,-1,0,-1
2023471322048,2023,471322048,1,98,0,18,19,5,1,0,0,1,0,0,0,0,1,1,6,6,3,-1,-1,-1,-1,-1,-1,-1,-1,0,-1
2023340WN1022,2023,340WN1022,1,9,0,10,10,4,8,0,0,8,0,0,0,0,1,1,3,7,2,37,7,-1,-1,-1,-1,10,E01027027,0,-1
2023161338801,2023,161338801,2,9,0,18,19,3,7,0,0,0,0,0,0,0,1,1,6,6,2,-1,-1,-1,-1,-1,-1,-1,-1,0,-1
2023211339540,2023,211339540,1,9,0,16,19,3,6,0,0,2,0,0,0,0,3,1,6,6,1,36,7,-1,-1,-1,-1,-1,-1,0,-1
2023010441425,2023,010441425,1,9,0,99,99,9,9,99,99,3,9,99,9,99,9,9,6,6,2,46,8,-1,-1,-1,-1,2,E01002277,0,-1
2023131260766,2023,131260766,1,9,0,11,11,7,3,0,0,0,5,0,1,7,1,1,6,6,1,22,5,-1,-1,-1,-1,5,E01007360,0,-1
2023052302563,2023,052302563,2,1,0,18,19,5,1,0,0,0,0,0,0,0,0,1,2,2,1,44,7,-1,-1,-1,-1,1,E01033300,0,-1
2023201278314,2023,201278314,2,9,0,18,19,3,7,0,0,0,0,0,0,0,3,1,6,6,3,-1,-1,-1,-1,-1,-1,-1,-1,0,-1
2023340NN1132,2023,340NN1132,1,9,0,7,7,6,4,0,0,5,0,0,7,0,1,1,6,6,2,-1,-1,-1,-1,-1,-1,-1,-1,0,-1
2023010459625,2023,010459625,2,1,0,18,19,1,5,4,4,9,0,99,9,99,1,1,2,2,1,24,5,-1,-1,-1,-1,9,E01028652,0,-1
2023201403262,2023,201403262,1,9,0,18,19,8,4,0,0,3,0,0,0,0,1,1,6,6,1,-1,-1,-1,-1,-1,-1,-1,-1,0,-1
2023131302638,2023,131302638,1,97,0,18,19,5,1,0,0,1,1,0,0,0,-1,1,6,6,3,-1,-1,-1,-1,-1,-1,-1,-1,0,-1
2023010443227,2023,010443227,2,9,9,99,99,9,9,99,99,9,9,99,9,99,9,9,6,6,1,-1,-1,-1,-1,-1,-1,-1,-1,0,-1
2023201416181,2023,201416181,1,9,9,18,19,6,2,0,0,2,0,0,0,0,9,1,6,6,3,-1,-1,-1,-1,-1,-1,-1,-1,0,-1
2023471359952,2023,471359952,2,1,0,18,19,7,3,0,0,4,0,0,0,0,2,1,5,6,1,56,9,-1,-1,-1,-1,4,E01031598,0,-1
2023421394967,2023,421394967,1,9,0,18,19,1,5,0,0,0,0,0,0,0,3,1,6,6,3,-1,-1,-1,-1,-1,-1,-1,-1,0,-1
2023430442216,2023,430442216,1,1,0,18,19,5,1,5,5,1,0,0,0,0,1,1,6,6,1,45,7,-1,-1,-1,-1,-1,-1,0,-1
2023141264537,2023,141264537,2,9,0,12,12,1,7,0,0,0,0,0,0,0,3,1,6,6,3,-1,-1,-1,-1,-1,-1,-1,-1,0,-1
2023010448965,2023,010448965,1,1,9,99,99,9,9,99,99,9,9,99,9,99,9,1,2,2,1,57,9,-1,-1,-1,-1,6,E01001245,0,-1
2023101300963,2023,101300963,1,3,-1,18,19,5,1,9,9,0,0,0,0,0,-1,1,6,6,1,-1,-1,-1,-1,-1,-1,-1,-1,0,-1
2023010420996,2023,010420996,2,9,0,99,99,9,9,99,99,9,9,99,9,99,2,9,6,6,3,44,7,-1,-1,-1,-1,3,E01003725,0,-1
2023401273417,2023,401273417,1,1,0,18,19,-1,-1,9,9,0,0,0,0,0,1,1,6,6,1,-1,-1,-1,-1,-1,-1,-1,-1,0,-1
2023440083386,2023,440083386,1,-1,0,12,12,7,3,0,0,1,0,0,0,0,3,1,4,7,1,17,4,-1,-1,-1,-1,1,E01022968,1,-1
2023401363758,2023,401363758,3,9,0,2,2,0,0,6,6,0,0,0,0,0,3,1,5,6,3,-1,-1,-1,-1,-1,-1,-1,-1,0,-1
2023340WN5082,2023,340WN5082,1,9,0,11,11,4,8,0,0,3,0,0,0,0,1,1,6,6,2,58,9,-1,-1,-1,-1,8,E01027008,0,-1
2023010426378,2023,010426378,2,1,0,18,19,7,3,0,0,8,0,0,0,0,1,1,6,6,1,34,6,-1,-1,-1,-1,4,E01003117,0,-1
2023010459875,2023,010459875,2,1,0,18,19,3,7,0,0,4,0,0,0,0,1,1,6,6,1,56,9,-1,-1,-1,-1,2,E01001842,0,-1
2023610037023,2023,610037023,1,1,0,18,19,6,2,0,0,8,0,0,0,0,1,1,6,6,1,47,8,-1,-1,-1,-1,7,W01001674,0,-1
2023010428596,2023,010428596,2,98,9,99,99,9,9,0,0,0,9,99,9,99,1,2,6,6,1,-1,-1,-1,-1,-1,-1,-1,-1,0,-1
2023430049325,2023,430049325,2,1,0,18,19,8,4,0,0,8,0,0,0,0,4,1,6,6,1,16,4,-1,-1,-1,-1,-1,-1,0,-1
2023131324780,2023,131324780,2,1,0,18,19,7,3,4,4,0,0,0,1,0,3,1,5,6,1,55,8,-1,-1,-1,-1,2,E01011246,0,-1
2023131375108,2023,131375108,1,9,0,-1,-1,-1,-1,-1,-1,1,-1,-1,-1,0,-1,1,6,6,3,-1,-1,-1,-1,-1,-1,-1,-1,0,-1
2023010486464,2023,010486464,1,1,9,99,99,9,9,99,99,9,9,99,9,99,1,1,6,6,1,58,9,-1,-1,-1,-1,4,E01001097,0,-1
2023340NN0952,2023,340NN0952,3,9,0,3,3,8,4,0,0,0,0,0,0,0,2,1,1,1,1,61,9,-1,-1,-1,-1,10,E01026567,0,-1
2023070030932,2023,070030932,1,9,0,7,7,3,5,0,0,3,0,0,0,0,4,1,6,6,3,-1,-1,-1,-1,-1,-1,-1,-1,0,-1
2023440124001,2023,440124001,1,19,0,18,19,1,5,0,0,1,0,0,0,0,1,1,6,6,3,-1,-1,-1,-1,-1,-1,-1,-1,0,-1