collision_index,collision_year,collision_ref_no,vehicle_reference,vehicle_type,towing_and_articulation,vehicle_manoeuvre_historic,vehicle_manoeuvre,vehicle_direction_from,vehicle_direction_to,vehicle_location_restricted_lane_historic,vehicle_location_restricted_lane,junction_location,skidding_and_overturning,hit_object_in_carriageway,vehicle_leaving_carriageway,hit_object_off_carriageway,first_point_of_impact,vehicle_left_hand_drive,journey_purpose_of_driver_historic,journey_purpose_of_driver,sex_of_driver,age_of_driver,age_band_of_driver,engine_capacity_cc,propulsion_code,age_of_vehicle,generic_make_model,driver_imd_decile,lsoa_of_driver,escooter_flag,driver_distance_banding
2023010470742,2023,010470742,1,1,0,18,19,1,5,0,0,1,0,0,0,0,3,1,6,6,2,18,4,-1,-1,-1,-1,5,E01003134,0,-1
2023371284208,2023,371284208,1,9,0,18,19,2,3,0,0,1,0,0,0,0,1,1,2,2,1,32,6,-1,-1,-1,-1,5,E01029928,0,-1
2023471365716,2023,471365716,1,9,0,18,19,-1,-1,0,0,1,0,0,0,0,-1,1,6,6,3,-1,-1,-1,-1,-1,-1,-1,-1,0,-1
2023531292432,2023,531292432,2,1,0,18,19,4,8,0,0,8,0,0,0,0,4,1,5,6,1,17,4,-1,-1,-1,-1,2,E01022120,0,-1
2023520300888,2023,520300888,2,10,0,18,19,7,3,0,0,0,5,0,0,0,1,1,6,6,2,87,11,-1,-1,-1,-1,6,E01020541,0,-1
2023371319663,2023,371319663,1,9,-1,-1,-1,-1,-1,-1,-1,0,-1,-1,-1,0,-1,1,6,6,3,-1,-1,-1,-1,-1,-1,-1,-1,0,-1
2023531387848,2023,531387848,2,1,0,18,19,5,1,0,0,0,0,0,0,0,4,1,4,7,2,13,3,-1,-1,-1,-1,8,E01022280,0,-1
2023010420641,2023,010420641,1,97,0,99,99,9,9,99,99,0,9,99,9,99,9,9,2,2,1,33,6,-1,-1,-1,-1,10,E01021616,0,-1
2023440290050,2023,440290050,1,9,0,4,4,2,6,0,0,1,0,0,0,0,1,1,6,6,3,-1,-1,-1,-1,-1,-1,-1,-1,0,-1
2023320021448,2023,320021448,2,9,0,4,4,4,8,0,0,0,1,0,0,0,2,1,2,2,1,26,6,-1,-1,-1,-1,3,E01026043,0,-1
2023010482721,2023,010482721,1,1,9,99,99,9,9,99,99,9,9,99,9,99,9,1,2,2,1,47,8,-1,-1,-1,-1,4,E01001285,0,-1
2023543439223,2023,543439223,1,9,0,18,19,3,7,0,0,4,0,0,0,0,1,1,6,6,1,40,7,-1,-1,-1,-1,6,E01031889,0,-1
2023440418641,2023,440418641,1,1,0,18,19,4,8,0,0,0,0,0,0,0,1,1,6,6,1,12,3,-1,-1,-1,-1,8,E01022713,0,-1
2023010421670,2023,010421670,1,1,9,99,99,9,9,99,99,9,9,99,9,99,9,1,2,2,2,23,5,-1,-1,-1,-1,4,E01001406,0,-1
2023991369776,2023,991369776,2,1,0,18,19,7,5,0,0,3,0,0,0,0,1,1,5,6,1,61,9,-1,-1,-1,-1,6,-1,0,-1
2023010460963,2023,010460963,2,1,0,8,8,1,3,1,1,1,0,0,0,0,1,1,6,6,1,32,6,-1,-1,-1,-1,3,E01032582,0,-1
2023052301647,2023,052301647,2,9,0,5,5,5,1,0,0,6,5,0,1,10,3,1,6,6,1,37,7,-1,-1,-1,-1,1,E01006875,0,-1
2023010474947,2023,010474947,2,1,0,18,19,7,3,0,0,1,0,0,0,0,1,1,6,6,2,22,5,-1,-1,-1,-1,1,E01002852,0,-1
2023131289301,2023,131289301,1,11,0,-1,-1,-1,-1,-1,-1,-1,-1,-1,-1,-1,-1,1,6,6,3,-1,-1,-1,-1,-1,-1,-1,-1,0,-1
2023311300394,2023,311300394,1,9,0,18,19,3,1,0,0,0,0,0,0,0,1,1,6,6,1,37,7,-1,-1,-1,-1,1,E01028065,0,-1
2023010440993,2023,010440993,2,97,0,5,5,0,7,9,9,1,0,4,0,0,4,1,6,6,3,-1,-1,-1,-1,-1,-1,-1,-1,0,-1
2023061379717,2023,061379717,2,1,0,18,19,6,2,0,0,8,0,0,0,0,4,1,6,6,1,49,8,-1,-1,-1,-1,1,E01005243,0,-1
2023451302573,2023,451302573,1,1,0,18,19,3,7,0,0,1,0,0,0,0,1,1,6,6,2,38,7,-1,-1,-1,-1,5,E01001852,0,-1
2023451341148,2023,451341148,1,1,0,16,19,3,7,0,0,0,0,0,0,0,1,1,6,6,2,35,6,-1,-1,-1,-1,9,E01002994,0,-1
2023451375846,2023,451375846,2,2,0,18,19,3,7,0,0,4,2,0,1,0,1,1,6,6,1,20,4,-1,-1,-1,-1,6,E01030570,0,-1
2023332300105,2023,332300105,2,19,0,18,19,3,7,0,0,0,0,0,0,0,3,1,6,6,3,-1,-1,-1,-1,-1,-1,-1,-1,0,-1
2023161283741,2023,161283741,1,1,0,18,19,3,7,4,4,8,0,0,0,0,4,1,2,2,2,41,7,-1,-1,-1,-1,5,E01012773,0,-1
2023991295209,2023,991295209,1,9,0,15,15,6,2,0,0,0,1,0,0,0,1,1,6,6,1,18,4,-1,-1,-1,-1,4,-1,0,-1
2023041297296,2023,041297296,1,98,0,1,1,1,5,0,0,1,0,0,0,0,2,1,6,6,3,-1,-1,-1,-1,-1,-1,-1,-1,0,-1
2023440165460,2023,440165460,1,1,0,18,19,5,1,0,0,3,0,0,0,0,0,1,2,2,1,48,8,-1,-1,-1,-1,7,E01022823,0,-1
2023010450654,2023,010450654,2,9,0,99,99,9,9,99,99,9,9,99,9,99,2,9,6,6,3,-1,-1,-1,-1,-1,-1,3,E01004562,0,-1
2023991367826,2023,991367826,2,9,0,9,9,6,3,0,0,1,0,0,0,0,1,1,5,6,1,27,6,-1,-1,-1,-1,1,-1,0,-1
2023010424377,2023,010424377,2,1,0,18,19,4,8,0,0,1,0,0,0,0,2,1,6,6,1,42,7,-1,-1,-1,-1,3,E01001391,0,-1
2023070519040,2023,070519040,3,11,0,3,3,4,8,0,0,2,0,0,0,0,0,1,1,1,3,-1,-1,-1,-1,-1,-1,-1,-1,0,-1
2023101259160,2023,101259160,1,97,0,5,5,5,1,0,0,1,0,0,0,0,1,1,6,6,3,1,1,-1,-1,-1,-1,-1,-1,0,-1
2023340WN7112,2023,340WN7112,1,19,0,18,19,5,1,0,0,1,0,0,0,0,1,1,6,6,3,-1,-1,-1,-1,-1,-1,-1,-1,0,-1
2023542193723,2023,542193723,1,9,0,17,19,1,5,0,0,0,2,0,0,0,4,1,1,1,1,22,5,-1,-1,-1,-1,9,E01020391,0,-1
2023010445079,2023,010445079,1,1,9,18,19,3,7,0,0,1,9,99,9,99,1,1,6,6,2,25,5,-1,-1,-1,-1,8,E01017804,0,-1
2023351318187,2023,351318187,2,1,0,18,19,-1,-1,0,0,8,5,0,0,0,4,1,5,6,1,81,11,-1,-1,-1,-1,8,E01018280,0,-1
2023311464284,2023,311464284,1,19,0,15,15,3,7,2,2,0,1,0,0,0,1,1,1,1,3,-1,-1,-1,-1,-1,-1,-1,-1,0,-1
2023010429742,2023,010429742,1,1,9,99,99,9,9,99,99,9,9,99,9,99,9,1,6,6,3,30,6,-1,-1,-1,-1,2,E01001761,0,-1
2023411268133,2023,411268133,1,1,0,18,19,1,6,0,0,1,0,0,0,0,3,1,6,6,1,51,8,-1,-1,-1,-1,6,E01033308,0,-1
2023010484410,2023,010484410,1,1,9,99,99,9,9,4,4,1,9,99,9,99,1,1,2,2,2,27,6,-1,-1,-1,-1,8,E01002575,0,-1
2023430172430,2023,430172430,2,11,0,3,3,7,3,0,0,1,0,0,0,0,0,1,1,1,3,-1,-1,-1,-1,-1,-1,-1,-1,0,-1
2023421389529,2023,421389529,2,9,0,-1,-1,-1,-1,-1,-1,-1,-1,-1,-1,0,-1,1,6,6,2,50,8,-1,-1,-1,-1,10,E01023449,0,-1
2023010443263,2023,010443263,2,1,0,9,9,1,6,9,9,0,1,0,0,0,1,1,2,2,1,33,6,-1,-1,-1,-1,3,E01001717,0,-1
2023010436268,2023,010436268,1,1,9,99,99,9,9,99,99,9,9,99,9,99,2,1,1,1,1,26,6,-1,-1,-1,-1,-1,-1,0,-1
2023501383710,2023,501383710,1,9,0,7,7,3,5,0,0,8,0,0,0,0,1,1,6,6,3,-1,-1,-1,-1,-1,-1,-1,-1,0,-1
2023340WN6132,2023,340WN6132,2,1,0,18,19,4,8,0,0,8,0,0,0,0,1,1,6,6,1,50,8,-1,-1,-1,-1,8,E01027000,0,-1
2023010483455,2023,010483455,2,1,0,18,19,1,5,0,0,1,0,0,0,0,1,1,6,6,3,-1,-1,-1,-1,-1,-1,-1,-1,0,-1
2023131330584,2023,131330584,1,90,0,-1,-1,-1,-1,-1,-1,0,-1,-1,-1,-1,-1,1,6,6,3,-1,-1,-1,-1,-1,-1,-1,-1,0,-1
2023010473376,2023,010473376,2,9,9,99,99,9,9,99,99,9,9,99,9,99,9,9,6,6,3,-1,-1,-1,-1,-1,-1,-1,-1,0,-1
2023631364380,2023,631364380,1,9,0,18,19,2,6,0,0,0,0,0,0,0,1,1,5,6,2,31,6,-1,-1,-1,-1,6,W01000541,0,-1
2023430062672,2023,430062672,1,9,0,18,19,4,8,0,0,0,0,0,0,0,4,1,6,6,3,-1,-1,-1,-1,-1,-1,-1,-1,0,-1
2023201306210,2023,201306210,1,90,0,18,19,6,1,0,0,3,2,10,1,0,1,1,6,6,1,-1,-1,-1,-1,-1,-1,-1,-1,0,-1
2023010424024,2023,010424024,1,1,0,5,5,3,7,0,0,7,0,0,0,0,1,1,1,1,1,16,4,-1,-1,-1,-1,-1,-1,0,-1
2023010430244,2023,010430244,1,1,9,99,99,9,9,99,99,9,9,99,9,99,9,1,6,6,1,37,7,-1,-1,-1,-1,1,E01004541,0,-1
2023010458432,2023,010458432,2,1,0,18,19,1,5,0,0,3,0,0,0,0,4,1,6,6,1,41,7,-1,-1,-1,-1,9,E01003908,0,-1
2023061396224,2023,061396224,1,9,-1,9,9,4,2,0,0,8,0,0,0,0,1,1,6,6,3,-1,-1,-1,-1,-1,-1,-1,-1,0,-1
2023010471480,2023,010471480,1,1,9,99,99,9,9,99,99,9,9,99,9,99,1,1,6,6,3,-1,-1,-1,-1,-1,-1,-1,-1,0,-1
2023010455800,2023,010455800,2,1,0,18,19,5,1,0,0,1,0,0,0,0,1,1,6,6,1,33,6,-1,-1,-1,-1,6,E01024172,0,-1
2023461348567,2023,461348567,2,9,0,18,19,4,8,0,0,1,0,0,0,0,3,1,6,6,2,24,5,-1,-1,-1,-1,1,E01024215,0,-1
2023010476429,2023,010476429,2,1,0,18,19,5,1,9,9,3,2,0,0,0,1,1,6,6,2,20,4,-1,-1,-1,-1,4,E01004531,0,-1
2023311287531,2023,311287531,2,98,0,5,5,3,7,0,0,2,0,0,0,0,0,1,6,6,3,20,4,-1,-1,-1,-1,-1,-1,0,-1
2023010465213,2023,010465213,1,97,0,99,99,9,9,99,99,9,9,99,9,99,1,1,6,6,3,-1,-1,-1,-1,-1,-1,-1,-1,0,-1
2023101297044,2023,101297044,2,1,0,18,19,5,1,0,0,0,0,0,0,0,1,1,5,6,2,40,7,-1,-1,-1,-1,-1,-1,0,-1
2023522400414,2023,522400414,2,9,0,18,19,3,7,0,0,1,0,0,0,0,4,1,6,6,3,-1,-1,-1,-1,-1,-1,-1,-1,0,-1
2023471304878,2023,471304878,2,1,0,3,3,3,7,0,0,1,0,0,0,0,1,1,5,6,1,43,7,-1,-1,-1,-1,6,E01016972,0,-1
2023991390669,2023,991390669,2,1,0,18,19,6,1,0,0,1,0,0,0,0,1,1,6,6,1,24,5,-1,-1,-1,-1,1,-1,0,-1
2023010448084,2023,010448084,2,9,9,18,19,7,3,99,99,9,9,99,9,0,1,9,6,6,3,-1,-1,-1,-1,-1,-1,-1,-1,0,-1
2023131322392,2023,131322392,1,9,0,18,19,4,8,0,0,1,2,0,1,10,1,1,6,6,1,21,5,-1,-1,-1,-1,7,E01010573,0,-1
202360A076157,2023,60A076157,1,3,0,16,19,5,8,0,0,0,0,0,0,0,1,1,6,6,2,54,8,-1,-1,-1,-1,-1,-1,0,-1
2023010471612,2023,010471612,2,9,0,99,99,9,9,99,99,9,9,99,9,99,2,9,6,6,3,-1,-1,-1,-1,-1,-1,-1,-1,0,-1
2023302300810,2023,302300810,2,9,0,18,19,6,2,0,0,8,0,0,0,0,1,1,6,6,1,47,8,-1,-1,-1,-1,6,E01019866,0,-1
2023461360017,2023,461360017,1,9,0,18,19,4,6,0,0,0,0,0,0,0,-1,1,6,6,3,-1,-1,-1,-1,-1,-1,-1,-1,0,-1
2023371337901,2023,371337901,2,1,0,18,19,5,1,0,0,8,0,0,0,0,0,1,5,6,1,48,8,-1,-1,-1,-1,10,E01030084,0,-1
2023010435563,2023,010435563,2,1,0,7,7,7,1,0,0,6,5,0,0,0,3,1,6,6,1,16,4,-1,-1,-1,-1,5,E01003341,0,-1
2023010425470,2023,010425470,2,9,0,99,99,9,9,99,99,0,9,99,9,99,1,9,6,6,3,-1,-1,-1,-1,-1,-1,-1,-1,0,-1
2023520301368,2023,520301368,1,1,0,18,19,6,2,0,0,0,0,0,0,0,2,1,6,6,1,50,8,-1,-1,-1,-1,7,E01029086,0,-1
2023531359511,2023,531359511,1,9,0,18,19,1,5,0,0,0,0,0,0,0,1,1,1,1,1,24,5,-1,-1,-1,-1,7,E01022302,0,-1
2023010449415,2023,010449415,2,19,0,18,19,3,7,0,0,8,0,0,0,0,1,1,1,1,1,-1,-1,-1,-1,-1,-1,-1,-1,0,-1
2023421388209,2023,421388209,2,1,0,18,19,8,5,9,9,1,0,0,0,0,3,1,6,6,1,46,8,-1,-1,-1,-1,1,E01021665,0,-1
2023531276702,2023,531276702,2,90,0,16,19,8,2,0,0,0,0,0,0,0,1,1,1,1,1,30,6,-1,-1,-1,-1,6,E01016287,0,-1
2023010486704,2023,010486704,1,9,0,5,5,3,7,0,0,0,0,0,0,0,1,1,6,6,3,-1,-1,-1,-1,-1,-1,-1,-1,0,-1
2023111361347,2023,111361347,1,9,0,18,19,6,2,0,0,0,0,0,0,0,1,1,6,6,3,30,6,-1,-1,-1,-1,-1,-1,0,-1
2023461323309,2023,461323309,2,9,0,18,19,3,7,0,0,1,0,0,0,0,1,1,6,6,1,56,9,-1,-1,-1,-1,5,E01024168,0,-1
2023010484906,2023,010484906,1,9,0,4,4,1,5,9,9,1,0,0,0,0,1,1,2,2,1,31,6,-1,-1,-1,-1,5,E01004374,0,-1
2023041292810,2023,041292810,3,98,0,4,4,3,7,0,0,0,0,0,0,0,2,1,1,1,1,41,7,-1,-1,-1,-1,2,E01005661,0,-1
202363B031723,2023,63B031723,2,1,0,18,19,2,6,0,0,0,0,0,0,0,3,1,6,6,1,59,9,-1,-1,-1,-1,-1,-1,0,-1
2023010475741,2023,010475741,2,1,0,18,19,5,1,0,0,6,0,0,0,0,3,1,6,6,1,52,8,-1,-1,-1,-1,3,E01004066,0,-1
2023471329044,2023,471329044,2,1,0,18,19,7,3,0,0,0,0,0,1,0,1,1,2,2,1,42,7,-1,-1,-1,-1,5,E01031798,0,-1
2023471266836,2023,471266836,1,98,0,18,19,3,7,0,0,0,0,0,0,0,4,1,6,6,1,-1,-1,-1,-1,-1,-1,-1,-1,0,-1
2023351318893,2023,351318893,1,9,0,18,19,-1,-1,0,0,4,0,0,0,0,1,1,6,6,1,66,10,-1,-1,-1,-1,8,E01018289,0,-1
2023010440053,2023,010440053,2,1,0,18,19,5,1,0,0,8,0,0,0,0,3,1,6,6,1,38,7,-1,-1,-1,-1,3,E01003081,0,-1
2023531351474,2023,531351474,2,1,0,18,19,4,8,9,9,8,5,0,0,0,1,1,4,7,1,11,3,-1,-1,-1,-1,9,E01022429,0,-1
2023440430205,2023,440430205,2,9,0,18,19,4,8,0,0,8,0,0,0,0,1,1,6,6,3,-1,-1,-1,-1,-1,-1,-1,-1,0,-1
2023471297077,2023,471297077,2,1,0,14,14,7,3,0,0,0,0,4,0,0,1,1,6,6,2,19,4,-1,-1,-1,-1,7,E01016899,0,-1
2023471347388,2023,471347388,3,9,-1,18,19,8,4,0,0,0,0,0,0,0,0,1,6,6,3,-1,-1,-1,-1,-1,-1,-1,-1,0,-1
2023540392823,2023,540392823,1,1,0,18,19,7,3,0,0,0,0,0,0,0,3,1,4,7,1,8,2,-1,-1,-1,-1,8,E01031988,0,-1
202354B095823,2023,54B095823,1,9,0,18,19,1,5,0,0,1,0,0,0,0,1,1,6,6,3,-1,-1,-1,-1,-1,-1,-1,-1,0,-1
2023411364547,2023,411364547,1,19,0,18,19,5,1,0,0,0,0,0,0,0,1,1,6,6,3,-1,-1,-1,-1,-1,-1,-1,-1,0,-1
2023411286125,2023,411286125,1,21,0,18,19,5,1,0,0,0,0,0,0,0,3,1,1,1,1,32,6,-1,-1,-1,-1,-1,-1,0,-1
2023221278224,2023,221278224,1,1,0,18,19,4,8,4,4,8,0,0,0,0,1,1,5,6,1,34,6,-1,-1,-1,-1,5,E01014076,0,-1
2023201330833,2023,201330833,1,9,0,11,11,2,6,0,0,0,5,0,0,0,4,1,2,2,1,29,6,-1,-1,-1,-1,7,E01009793,0,-1
202363A014623,2023,63A014623,2,1,0,13,13,8,4,0,0,0,0,0,0,0,4,1,6,6,1,31,6,-1,-1,-1,-1,4,W01000636,0,-1
2023070736869,2023,070736869,1,9,0,18,19,1,5,0,0,0,0,0,0,0,1,1,1,1,1,-1,-1,-1,-1,-1,-1,-1,-1,0,-1
2023010464116,2023,010464116,2,19,0,11,11,1,5,0,0,0,0,0,0,0,0,1,6,6,3,-1,-1,-1,-1,-1,-1,-1,-1,0,-1
2023201342683,2023,201342683,1,97,0,18,19,7,3,0,0,0,0,0,0,0,0,1,6,6,1,36,7,-1,-1,-1,-1,-1,-1,0,-1
2023041322924,2023,041322924,1,1,0,18,19,7,7,0,0,1,0,0,0,0,1,1,6,6,1,57,9,-1,-1,-1,-1,6,E01025562,0,-1
2023141311266,2023,141311266,2,98,0,12,12,4,2,0,0,8,0,0,0,0,1,1,6,6,3,-1,-1,-1,-1,-1,-1,-1,-1,0,-1
2023221378081,2023,221378081,1,1,0,18,19,3,7,0,0,8,0,0,0,0,3,1,2,2,1,33,6,-1,-1,-1,-1,5,E01014078,0,-1
2023201339017,2023,201339017,2,9,0,18,19,4,8,0,0,8,0,0,0,0,1,1,1,1,1,68,10,-1,-1,-1,-1,6,E01010223,0,-1
2023010442574,2023,010442574,2,97,0,99,99,9,9,99,99,9,9,99,9,99,1,9,6,6,3,31,6,-1,-1,-1,-1,1,E01002855,0,-1
2023201293962,2023,201293962,1,9,0,5,5,1,5,0,0,2,0,0,0,0,0,1,1,1,1,-1,-1,-1,-1,-1,-1,-1,-1,0,-1
2023010479615,2023,010479615,1,3,0,99,99,9,9,99,99,9,9,99,9,99,9,1,6,6,3,-1,-1,-1,-1,-1,-1,-1,-1,0,-1
2023421363065,2023,421363065,3,19,0,18,19,1,4,0,0,0,0,0,0,0,0,1,6,6,3,30,6,-1,-1,-1,-1,-1,-1,0,-1
2023041321218,2023,041321218,1,9,0,18,19,1,5,0,0,1,0,0,0,0,4,1,6,6,3,-1,-1,-1,-1,-1,-1,-1,-1,0,-1
2023031265440,2023,031265440,2,1,0,18,19,5,1,0,0,0,0,0,0,0,1,1,5,6,2,52,8,-1,-1,-1,-1,8,E01019330,0,-1
2023302300939,2023,302300939,2,1,0,5,5,3,7,0,0,4,0,0,0,0,3,1,6,6,1,43,7,-1,-1,-1,-1,5,E01013518,0,-1
2023010470536,2023,010470536,2,98,0,99,99,9,9,99,99,9,9,99,9,99,1,9,6,6,3,-1,-1,-1,-1,-1,-1,-1,-1,0,-1
2023440083368,2023,440083368,2,1,0,18,19,7,3,0,0,8,0,0,0,0,2,1,6,6,1,67,10,-1,-1,-1,-1,6,E01022960,0,-1
2023302301739,2023,302301739,1,9,0,18,19,5,1,0,0,1,0,0,0,0,1,1,6,6,3,-1,-1,-1,-1,-1,-1,5,E01019456,0,-1
2023010434483,2023,010434483,2,1,0,18,19,7,3,0,0,1,0,0,0,0,4,1,2,2,1,35,6,-1,-1,-1,-1,2,E01001785,0,-1
2023101286876,2023,101286876,3,9,0,10,10,8,5,0,0,1,0,0,0,0,0,1,6,6,3,30,6,-1,-1,-1,-1,-1,-1,0,-1
2023430379477,2023,430379477,1,9,0,9,9,7,5,0,0,5,0,10,1,0,1,1,6,6,2,89,11,-1,-1,-1,-1,10,E01016343,0,-1
2023991341292,2023,991341292,1,9,0,18,19,5,8,9,9,6,0,10,0,0,1,1,6,6,1,17,4,-1,-1,-1,-1,-1,-1,0,-1
2023440464363,2023,440464363,2,9,0,9,9,5,3,0,0,6,0,0,0,0,1,1,6,6,2,-1,-1,-1,-1,-1,-1,-1,-1,0,-1
2023010457074,2023,010457074,2,9,0,99,99,9,9,99,99,9,9,99,9,99,9,9,6,6,3,-1,-1,-1,-1,-1,-1,-1,-1,0,-1
2023320305232,2023,320305232,2,1,0,18,19,7,3,0,0,0,5,0,0,0,2,1,6,6,1,58,9,-1,-1,-1,-1,1,E01026010,0,-1
2023052400640,2023,052400640,1,9,0,18,19,8,4,0,0,0,0,0,0,0,1,1,6,6,3,-1,-1,-1,-1,-1,-1,-1,-1,0,-1
2023041350924,2023,041350924,1,9,0,18,19,-1,-1,0,0,3,0,0,0,0,1,1,6,6,1,18,4,-1,-1,-1,-1,-1,-1,0,-1
2023052302720,2023,052302720,2,1,0,18,19,3,7,0,0,1,0,0,0,0,2,1,6,6,2,21,5,-1,-1,-1,-1,5,E01006553,0,-1
2023010425006,2023,010425006,1,1,9,99,99,9,9,99,99,9,9,99,9,99,1,1,2,2,1,65,9,-1,-1,-1,-1,8,E01023884,0,-1
2023201411081,2023,201411081,1,9,0,18,19,4,1,0,0,8,0,0,0,0,1,1,6,6,1,-1,-1,-1,-1,-1,-1,-1,-1,0,-1
2023302300713,2023,302300713,1,9,0,4,4,6,2,6,6,0,0,0,0,0,2,1,6,6,1,18,4,-1,-1,-1,-1,9,E01019758,0,-1
2023201400702,2023,201400702,2,-1,0,18,19,8,4,0,0,1,0,0,0,0,1,1,6,6,1,28,6,-1,-1,-1,-1,1,E01009274,1,-1
2023451266235,2023,451266235,1,1,0,18,19,4,8,0,0,1,5,0,0,0,1,1,5,6,1,60,9,-1,-1,-1,-1,8,E01030732,0,-1
2023131368181,2023,131368181,2,1,0,18,19,7,3,0,0,3,0,0,0,0,4,1,6,6,2,39,7,-1,-1,-1,-1,-1,-1,0,-1
2023351344342,2023,351344342,1,9,0,18,19,-1,-1,0,0,1,0,0,0,0,1,1,6,6,1,-1,-1,-1,-1,-1,-1,-1,-1,0,-1
2023221367604,2023,221367604,1,9,0,18,19,2,6,0,0,1,0,10,7,3,3,1,5,6,1,79,11,-1,-1,-1,-1,5,E01028898,0,-1
2023170M10633,2023,170M10633,2,4,0,18,19,5,1,0,0,8,0,0,0,0,1,1,6,6,1,27,6,-1,-1,-1,-1,1,E01012175,0,-1
2023041382651,2023,041382651,1,9,0,18,19,1,5,0,0,1,0,0,7,11,1,1,1,1,1,68,10,-1,-1,-1,-1,6,E01025586,0,-1
2023010431273,2023,010431273,1,9,0,7,7,7,1,0,0,5,0,0,0,0,1,1,1,1,1,47,8,-1,-1,-1,-1,3,E01000915,0,-1
2023010425852,2023,010425852,2,1,0,18,19,5,1,9,9,1,0,0,1,0,3,1,1,1,1,40,7,-1,-1,-1,-1,1,E01001786,0,-1
2023440385656,2023,440385656,1,1,0,18,19,5,1,0,0,1,0,0,0,0,1,1,6,6,1,16,4,-1,-1,-1,-1,7,E01022963,0,-1
2023520400455,2023,520400455,1,9,9,18,19,9,9,0,0,0,0,0,0,0,9,9,6,6,3,-1,-1,-1,-1,-1,-1,-1,-1,0,-1
2023421323092,2023,421323092,1,1,0,18,19,3,7,0,0,1,0,0,0,0,1,1,5,6,1,66,10,-1,-1,-1,-1,10,E01015885,0,-1
2023531398426,2023,531398426,2,1,0,18,19,5,1,0,0,1,0,0,0,0,1,1,6,6,1,27,6,-1,-1,-1,-1,5,E01022148,0,-1
2023010448890,2023,010448890,2,1,0,18,19,5,1,0,0,5,0,0,0,0,1,1,6,6,1,11,3,-1,-1,-1,-1,9,E01004604,0,-1
2023010479936,2023,010479936,2,9,0,99,99,9,9,99,99,9,9,99,9,99,9,9,6,6,2,-1,-1,-1,-1,-1,-1,-1,-1,0,-1
2023131319681,2023,131319681,1,90,0,5,5,1,5,0,0,3,0,0,0,0,1,1,6,6,3,-1,-1,-1,-1,-1,-1,-1,-1,0,-1
2023332301082,2023,332301082,2,98,0,11,11,7,3,0,0,0,0,0,0,0,4,1,6,6,1,-1,-1,-1,-1,-1,-1,-1,-1,0,-1
2023010475877,2023,010475877,1,9,0,99,99,9,9,99,99,0,9,99,9,99,1,9,6,6,3,-1,-1,-1,-1,-1,-1,-1,-1,0,-1
2023010444735,2023,010444735,1,97,0,18,19,1,5,0,0,1,1,10,7,10,2,1,6,6,3,23,5,-1,-1,-1,-1,-1,-1,0,-1
2023170H10953,2023,170H10953,2,9,0,18,19,1,6,0,0,8,0,0,0,0,4,1,6,6,2,72,10,-1,-1,-1,-1,9,E01012003,0,-1
2023430282270,2023,430282270,2,1,0,18,19,8,4,0,0,1,0,0,0,0,3,1,6,6,1,63,9,-1,-1,-1,-1,8,E01016403,0,-1
2023052301391,2023,052301391,1,9,0,18,19,7,3,0,0,0,0,0,0,0,3,1,6,6,3,-1,-1,-1,-1,-1,-1,-1,-1,0,-1
2023061267348,2023,061267348,1,9,0,-1,-1,-1,-1,-1,-1,-1,-1,-1,-1,0,-1,1,6,6,1,30,6,-1,-1,-1,-1,-1,-1,0,-1
2023170M10803,2023,170M10803,2,9,0,9,9,6,5,0,0,8,0,0,0,0,3,1,1,1,1,50,8,-1,-1,-1,-1,5,E01012106,0,-1
2023440291917,2023,440291917,1,19,0,18,19,5,1,0,0,8,0,0,0,0,4,1,6,6,3,-1,-1,-1,-1,-1,-1,-1,-1,0,-1
2023010451577,2023,010451577,1,-1,0,18,19,5,1,9,9,2,0,0,0,0,3,1,6,6,1,32,6,-1,-1,-1,-1,5,E01003945,1,-1
2023461389560,2023,461389560,1,98,1,18,19,8,4,0,0,4,0,0,0,0,1,1,1,1,1,31,6,-1,-1,-1,-1,-1,-1,0,-1
2023201347139,2023,201347139,1,9,0,5,5,5,8,0,0,0,5,10,4,0,3,1,1,1,1,45,7,-1,-1,-1,-1,1,E01006874,0,-1
2023010470928,2023,010470928,1,9,0,99,99,9,9,99,99,9,9,99,9,99,1,9,6,6,3,-1,-1,-1,-1,-1,-1,-1,-1,0,-1
2023430319308,2023,430319308,1,9,0,13,13,1,5,0,0,0,0,0,0,0,0,1,6,6,1,-1,-1,-1,-1,-1,-1,-1,-1,0,-1
2023010466417,2023,010466417,2,9,0,99,99,9,9,99,99,9,9,99,9,99,9,9,6,6,3,-1,-1,-1,-1,-1,-1,-1,-1,0,-1
2023131320000,2023,131320000,2,1,0,18,19,5,1,0,0,6,0,0,0,0,3,1,6,6,1,30,6,-1,-1,-1,-1,2,E01032494,0,-1
2023311279020,2023,311279020,2,1,0,5,5,1,5,0,0,6,0,0,0,0,1,1,5,6,1,35,6,-1,-1,-1,-1,1,E01013909,0,-1
2023010449688,2023,010449688,2,3,0,18,19,4,8,0,0,1,0,0,0,0,1,1,6,6,3,-1,-1,-1,-1,-1,-1,-1,-1,0,-1
2023010442598,2023,010442598,1,19,0,7,7,1,3,9,9,6,0,0,0,0,1,1,6,6,1,52,8,-1,-1,-1,-1,5,E01002234,0,-1
2023010429884,2023,010429884,1,1,5,99,99,9,9,0,0,1,9,99,9,0,9,1,6,6,3,28,6,-1,-1,-1,-1,2,E01000867,0,-1
2023991359901,2023,991359901,1,17,0,18,19,8,3,0,0,2,5,0,0,0,3,1,6,6,1,19,4,-1,-1,-1,-1,3,-1,0,-1
2023430263042,2023,430263042,2,1,0,18,19,5,1,0,0,8,0,0,0,0,3,1,6,6,2,28,6,-1,-1,-1,-1,4,E01016484,0,-1
2023440052251,2023,440052251,1,19,0,18,19,2,6,0,0,0,0,0,0,0,4,1,6,6,3,-1,-1,-1,-1,-1,-1,-1,-1,0,-1
2023010435068,2023,010435068,2,1,0,18,19,7,3,4,4,1,0,0,0,0,0,1,6,6,1,19,4,-1,-1,-1,-1,1,E01033207,0,-1
2023041410289,2023,041410289,1,9,0,18,19,3,7,0,0,1,0,0,0,0,1,1,6,6,3,-1,-1,-1,-1,-1,-1,-1,-1,0,-1
2023401333181,2023,401333181,1,9,0,18,19,7,3,0,0,0,0,0,0,0,1,1,1,1,2,35,6,-1,-1,-1,-1,6,E01017507,0,-1
2023320419549,2023,320419549,1,9,0,18,19,2,6,0,0,0,0,0,0,0,1,1,6,6,1,19,4,-1,-1,-1,-1,-1,-1,0,-1