collision_index,collision_year,collision_ref_no,vehicle_reference,vehicle_type,towing_and_articulation,vehicle_manoeuvre_historic,vehicle_manoeuvre,vehicle_direction_from,vehicle_direction_to,vehicle_location_restricted_lane_historic,vehicle_location_restricted_lane,junction_location,skidding_and_overturning,hit_object_in_carriageway,vehicle_leaving_carriageway,hit_object_off_carriageway,first_point_of_impact,vehicle_left_hand_drive,journey_purpose_of_driver_historic,journey_purpose_of_driver,sex_of_driver,age_of_driver,age_band_of_driver,engine_capacity_cc,propulsion_code,age_of_vehicle,generic_make_model,driver_imd_decile,lsoa_of_driver,escooter_flag,driver_distance_banding
2023522400289,2023,522400289,1,1,0,4,4,5,1,0,0,5,0,0,0,0,0,1,6,6,1,20,4,-1,-1,-1,-1,10,E01015001,0,-1
2023201373982,2023,201373982,2,9,0,16,19,2,6,0,0,1,0,0,0,0,1,1,5,6,1,39,7,-1,-1,-1,-1,1,E01009384,0,-1
2023052300524,2023,052300524,1,-1,0,18,19,1,5,0,0,0,2,0,0,0,1,1,6,6,2,-1,-1,-1,-1,-1,-1,-1,-1,1,-1
2023010448309,2023,010448309,1,1,9,99,99,9,9,99,99,0,9,99,9,99,9,1,2,2,2,48,8,-1,-1,-1,-1,3,E01003296,0,-1
2023552300496,2023,552300496,1,9,0,18,19,4,8,0,0,0,0,0,0,0,4,1,6,6,3,-1,-1,-1,-1,-1,-1,-1,-1,0,-1
2023421283651,2023,421283651,1,10,0,4,4,6,3,0,0,0,1,0,1,0,1,1,1,1,1,27,6,-1,-1,-1,-1,8,E01021537,0,-1
2023340NN3192,2023,340NN3192,2,1,0,17,19,2,6,0,0,8,5,0,0,0,1,1,6,6,2,36,7,-1,-1,-1,-1,5,E01026970,0,-1
2023351280928,2023,351280928,2,9,0,4,4,5,1,0,0,1,0,7,0,0,2,1,2,2,1,59,9,-1,-1,-1,-1,7,E01018085,0,-1
2023010433131,2023,010433131,2,1,0,18,19,5,1,0,0,8,0,0,0,0,3,1,6,6,1,40,7,-1,-1,-1,-1,3,E01001043,0,-1
2023430257207,2023,430257207,1,1,0,18,19,7,3,0,0,0,0,0,0,0,1,1,6,6,1,32,6,-1,-1,-1,-1,10,E01016632,0,-1
2023622300914,2023,622300914,2,1,0,18,19,4,8,0,0,0,0,0,0,0,1,1,6,6,1,10,2,-1,-1,-1,-1,4,W01000952,0,-1
2023541319523,2023,541319523,1,9,0,18,19,1,5,0,0,0,0,0,0,0,1,1,3,7,2,71,10,-1,-1,-1,-1,3,E01031854,0,-1
2023010473474,2023,010473474,2,1,0,18,19,7,3,0,0,2,0,0,7,0,3,1,6,6,1,57,9,-1,-1,-1,-1,5,E01002651,0,-1
2023010423881,2023,010423881,2,1,0,18,19,7,3,0,0,4,0,0,0,0,1,1,2,2,1,27,6,-1,-1,-1,-1,2,E01000078,0,-1
2023430062219,2023,430062219,1,-1,0,12,12,1,5,0,0,1,0,0,0,0,3,1,6,6,1,20,4,-1,-1,-1,-1,-1,-1,1,-1
2023010442205,2023,010442205,1,1,9,99,99,9,9,99,99,9,9,99,9,99,1,1,6,6,1,45,7,-1,-1,-1,-1,5,E01004517,0,-1
2023421346010,2023,421346010,2,1,0,18,19,5,1,0,0,1,0,0,0,0,1,1,5,6,1,16,4,-1,-1,-1,-1,-1,-1,0,-1
2023010456992,2023,010456992,3,1,0,18,19,1,5,0,0,0,0,0,0,0,0,1,2,2,1,55,8,-1,-1,-1,-1,6,E01000252,0,-1
2023010471039,2023,010471039,2,1,9,99,99,8,6,99,99,0,9,99,9,99,1,1,6,6,3,-1,-1,-1,-1,-1,-1,-1,-1,0,-1
2023052300239,2023,052300239,1,8,0,5,5,1,5,0,0,0,0,0,0,0,3,1,6,6,3,-1,-1,-1,-1,-1,-1,-1,-1,0,-1
2023440238864,2023,440238864,2,1,0,6,6,1,1,0,0,8,0,0,0,0,1,1,6,6,1,74,10,-1,-1,-1,-1,2,E01017140,0,-1
2023101293660,2023,101293660,2,9,-1,9,9,7,1,0,0,2,0,0,0,0,4,1,1,1,1,59,9,-1,-1,-1,-1,-1,-1,0,-1
2023131268993,2023,131268993,1,1,0,18,19,5,7,0,0,0,0,0,0,0,2,1,6,6,1,33,6,-1,-1,-1,-1,2,E01011223,0,-1
2023010423513,2023,010423513,2,9,0,99,99,9,9,99,99,9,9,99,9,99,9,9,6,6,3,-1,-1,-1,-1,-1,-1,-1,-1,0,-1
2023131282948,2023,131282948,1,9,0,-1,-1,-1,-1,-1,-1,-1,-1,-1,-1,-1,-1,1,6,6,3,-1,-1,-1,-1,-1,-1,-1,-1,0,-1
2023161310760,2023,161310760,1,1,0,18,19,3,7,0,0,1,0,0,1,2,4,1,6,6,1,58,9,-1,-1,-1,-1,2,E01033104,0,-1
2023311367720,2023,311367720,1,90,0,13,13,6,2,0,0,0,1,0,1,0,3,1,6,6,1,57,9,-1,-1,-1,-1,-1,-1,0,-1
2023471293877,2023,471293877,2,1,0,18,19,8,4,4,4,8,0,0,0,0,1,1,5,6,1,41,7,-1,-1,-1,-1,5,E01031385,0,-1
2023010484035,2023,010484035,3,9,0,18,19,1,5,0,0,2,0,0,0,0,1,1,1,1,1,38,7,-1,-1,-1,-1,3,E01001267,0,-1
2023302301089,2023,302301089,3,19,0,18,19,4,8,0,0,0,0,0,0,0,0,1,6,6,3,-1,-1,-1,-1,-1,-1,5,E01019456,0,-1
2023440285506,2023,440285506,2,1,0,18,19,2,6,0,0,1,0,0,0,0,3,1,6,6,1,53,8,-1,-1,-1,-1,10,E01013564,0,-1
2023031348996,2023,031348996,1,9,0,18,19,5,1,0,0,1,0,0,0,0,1,1,1,1,1,36,7,-1,-1,-1,-1,9,E01019250,0,-1
2023622300770,2023,622300770,2,1,0,18,19,6,2,0,0,1,0,0,0,0,1,1,6,6,1,38,7,-1,-1,-1,-1,6,W01000959,0,-1
2023010446618,2023,010446618,1,3,9,99,99,9,9,99,99,9,9,99,9,99,9,9,6,6,3,-1,-1,-1,-1,-1,-1,-1,-1,0,-1
2023161284381,2023,161284381,2,9,0,18,19,1,5,0,0,0,0,0,0,0,4,1,6,6,1,-1,-1,-1,-1,-1,-1,-1,-1,0,-1
2023221321279,2023,221321279,1,9,0,18,19,6,2,0,0,0,0,0,1,4,1,1,6,6,2,49,8,-1,-1,-1,-1,10,E01032151,0,-1
2023010443841,2023,010443841,2,9,0,99,99,9,9,99,99,0,9,99,9,99,1,9,6,6,3,-1,-1,-1,-1,-1,-1,-1,-1,0,-1
2023010419720,2023,010419720,1,1,9,99,99,9,9,99,99,9,9,99,9,99,9,1,2,2,1,29,6,-1,-1,-1,-1,3,E01002752,0,-1
2023320150553,2023,320150553,1,19,0,18,19,6,2,0,0,8,0,0,0,0,1,1,6,6,1,42,7,-1,-1,-1,-1,7,E01026267,0,-1
2023451331595,2023,451331595,2,9,0,18,19,1,5,0,0,0,0,0,0,0,2,2,5,6,2,41,7,-1,-1,-1,-1,-1,-1,0,-1
2023461267125,2023,461267125,1,9,0,5,5,7,8,0,0,1,0,0,0,0,1,1,6,6,3,-1,-1,-1,-1,-1,-1,-1,-1,0,-1
2023440226421,2023,440226421,2,1,0,15,15,3,7,0,0,1,0,0,0,0,1,1,6,6,1,50,8,-1,-1,-1,-1,7,E01017094,0,-1
2023221308652,2023,221308652,1,19,0,18,19,7,3,0,0,0,0,0,0,0,4,1,6,6,3,32,6,-1,-1,-1,-1,-1,-1,0,-1
2023010439995,2023,010439995,1,1,9,99,99,9,9,99,99,9,9,99,9,99,1,1,6,6,1,56,9,-1,-1,-1,-1,7,E01004619,0,-1
2023440527399,2023,440527399,2,98,0,18,19,4,8,0,0,0,0,0,0,0,0,1,1,1,1,-1,-1,-1,-1,-1,-1,-1,-1,0,-1
2023531375387,2023,531375387,1,9,0,9,9,8,6,0,0,8,0,0,0,0,1,2,6,6,1,49,8,-1,-1,-1,-1,7,E01022302,0,-1
2023010432318,2023,010432318,2,1,0,18,19,7,3,0,0,8,0,0,0,0,1,1,6,6,2,31,6,-1,-1,-1,-1,3,E01004630,0,-1
2023111383229,2023,111383229,1,9,0,18,19,5,1,0,0,0,0,0,0,0,4,1,6,6,3,30,6,-1,-1,-1,-1,-1,-1,0,-1
2023101271144,2023,101271144,1,9,0,6,6,7,7,0,0,0,0,0,0,0,3,1,6,6,2,35,6,-1,-1,-1,-1,-1,-1,0,-1
2023610031723,2023,610031723,2,9,0,9,9,8,6,0,0,8,0,0,0,0,3,1,6,6,1,-1,-1,-1,-1,-1,-1,-1,-1,0,-1
2023401270242,2023,401270242,1,9,0,18,19,8,7,0,0,1,0,0,0,0,4,1,6,6,3,-1,-1,-1,-1,-1,-1,-1,-1,0,-1
2023070822269,2023,070822269,2,9,0,9,9,1,6,0,0,8,0,0,0,0,0,1,6,6,3,-1,-1,-1,-1,-1,-1,-1,-1,0,-1
2023451363559,2023,451363559,2,9,0,12,12,7,3,0,0,7,0,0,0,0,0,1,6,6,3,35,6,-1,-1,-1,-1,-1,-1,0,-1
2023010439916,2023,010439916,1,1,9,99,99,9,9,99,99,9,9,99,9,99,1,1,2,2,1,21,5,-1,-1,-1,-1,3,E01001697,0,-1
2023520401038,2023,520401038,2,5,0,18,19,2,6,0,0,0,0,0,0,0,0,1,6,6,1,23,5,-1,-1,-1,-1,7,E01029086,0,-1
2023340WN0402,2023,340WN0402,1,9,0,18,19,2,5,0,0,7,0,0,0,0,2,1,6,6,2,25,5,-1,-1,-1,-1,7,E01027186,0,-1
2023430213858,2023,430213858,2,1,0,9,9,5,3,0,0,6,0,0,0,0,0,1,4,7,2,15,3,-1,-1,-1,-1,-1,-1,0,-1
2023401274725,2023,401274725,2,-1,0,18,19,7,3,0,0,4,0,0,0,0,1,1,6,6,1,13,3,-1,-1,-1,-1,3,E01015757,1,-1
2023430198392,2023,430198392,1,9,0,4,4,8,4,0,0,0,0,0,0,0,1,1,2,2,1,48,8,-1,-1,-1,-1,10,E01016427,0,-1
2023430095642,2023,430095642,1,9,0,7,7,7,1,0,0,5,0,0,0,0,4,1,6,6,3,-1,-1,-1,-1,-1,-1,-1,-1,0,-1
2023010438036,2023,010438036,1,1,9,99,99,9,9,99,99,9,9,99,9,99,1,1,6,6,1,28,6,-1,-1,-1,-1,3,E01001186,0,-1
2023170S21753,2023,170S21753,2,9,0,18,19,6,2,0,0,0,5,0,0,0,1,1,6,6,1,32,6,-1,-1,-1,-1,1,E01020898,0,-1
2023610035723,2023,610035723,2,9,0,3,3,7,3,0,0,0,0,0,0,0,1,1,6,6,2,-1,-1,-1,-1,-1,-1,3,W01001491,0,-1
2023010475876,2023,010475876,2,1,0,13,13,7,3,0,0,8,0,0,0,0,4,1,6,6,1,29,6,-1,-1,-1,-1,2,E01003622,0,-1
202354D401923,2023,54D401923,6,9,0,18,19,5,1,0,0,0,0,0,0,0,2,1,6,6,1,49,8,-1,-1,-1,-1,5,E01031869,0,-1
2023440426376,2023,440426376,2,1,0,18,19,1,5,9,9,1,0,0,0,0,1,1,2,2,1,45,7,-1,-1,-1,-1,3,E01017019,0,-1
2023501314725,2023,501314725,1,9,0,3,3,1,3,0,0,8,1,0,0,0,4,1,6,6,1,49,8,-1,-1,-1,-1,9,E01020090,0,-1
2023451365109,2023,451365109,1,9,0,18,19,1,5,0,0,2,0,0,0,0,1,1,1,1,1,58,9,-1,-1,-1,-1,10,E01031650,0,-1
2023170H10213,2023,170H10213,2,9,0,12,12,1,5,0,0,8,0,0,0,0,3,1,6,6,3,-1,-1,-1,-1,-1,-1,-1,-1,0,-1
2023070073861,2023,070073861,2,1,0,16,19,7,1,0,0,2,0,0,0,0,0,1,2,2,1,27,6,-1,-1,-1,-1,1,E01006820,0,-1
2023320195338,2023,320195338,2,9,0,16,19,7,2,0,0,0,0,0,0,0,0,1,6,6,3,-1,-1,-1,-1,-1,-1,-1,-1,0,-1
2023041335520,2023,041335520,1,9,0,18,19,1,5,0,0,1,0,0,0,0,1,1,6,6,3,-1,-1,-1,-1,-1,-1,-1,-1,0,-1
2023461380040,2023,461380040,1,9,0,18,19,5,1,0,0,0,0,0,1,0,4,1,5,6,2,92,11,-1,-1,-1,-1,10,E01024464,0,-1
2023451338654,2023,451338654,2,1,0,18,19,1,3,0,0,1,5,0,0,0,1,1,6,6,1,40,7,-1,-1,-1,-1,10,E01030607,0,-1
2023311310190,2023,311310190,2,1,0,5,5,5,1,0,0,4,0,0,0,0,2,1,6,6,1,19,4,-1,-1,-1,-1,4,E01013903,0,-1
2023451366978,2023,451366978,2,9,0,18,19,5,1,0,0,0,0,0,0,0,1,1,2,2,1,56,9,-1,-1,-1,-1,4,E01029187,0,-1
2023471295487,2023,471295487,1,9,0,9,9,7,5,0,0,0,0,0,0,0,1,1,6,6,3,-1,-1,-1,-1,-1,-1,-1,-1,0,-1
2023522400388,2023,522400388,1,23,0,3,3,5,1,0,0,1,0,0,0,0,2,1,6,6,2,56,9,-1,-1,-1,-1,-1,-1,0,-1
2023010435157,2023,010435157,1,1,9,99,99,9,9,99,99,9,9,99,9,99,9,1,6,6,2,37,7,-1,-1,-1,-1,8,E01004502,0,-1
2023131311355,2023,131311355,1,9,0,-1,-1,-1,-1,-1,-1,0,-1,-1,-1,0,-1,1,6,6,3,-1,-1,-1,-1,-1,-1,-1,-1,0,-1
2023041370704,2023,041370704,2,9,0,18,19,7,3,0,0,1,0,0,0,0,3,1,5,6,2,56,9,-1,-1,-1,-1,1,E01025042,0,-1
2023161392970,2023,161392970,1,9,0,5,5,1,5,0,0,0,0,0,0,0,0,1,6,6,2,33,6,-1,-1,-1,-1,-1,-1,0,-1
2023061353517,2023,061353517,1,9,-1,-1,-1,-1,-1,-1,-1,-1,-1,-1,-1,0,-1,1,6,6,3,-1,-1,-1,-1,-1,-1,-1,-1,0,-1
2023552301088,2023,552301088,2,1,0,18,19,6,2,0,0,8,0,0,0,0,4,1,6,6,1,63,9,-1,-1,-1,-1,7,E01015428,0,-1
2023231308390,2023,231308390,1,1,0,18,19,1,5,9,9,1,0,0,0,0,1,1,4,7,1,13,3,-1,-1,-1,-1,7,E01031319,0,-1
2023010482069,2023,010482069,2,4,0,99,99,9,9,99,99,9,9,99,9,99,9,1,6,6,3,-1,-1,-1,-1,-1,-1,-1,-1,0,-1
2023052301758,2023,052301758,2,1,0,9,9,5,3,0,0,2,0,0,0,0,4,1,2,2,1,28,6,-1,-1,-1,-1,2,E01006745,0,-1
2023041335596,2023,041335596,2,1,0,18,19,5,1,0,0,0,0,0,0,0,1,1,2,2,1,45,7,-1,-1,-1,-1,4,E01012661,0,-1
2023211309536,2023,211309536,2,9,-1,-1,-1,-1,-1,-1,-1,-1,-1,-1,-1,0,-1,1,6,6,3,-1,-1,-1,-1,-1,-1,-1,-1,0,-1
2023010451152,2023,010451152,1,1,9,99,99,9,9,99,99,9,9,99,9,99,1,1,2,2,1,36,7,-1,-1,-1,-1,5,E01021493,0,-1
2023302301584,2023,302301584,2,1,0,5,5,7,4,0,0,8,0,0,0,0,4,1,6,6,2,33,6,-1,-1,-1,-1,2,E01019571,0,-1
2023201313779,2023,201313779,2,9,0,18,19,7,3,0,0,0,0,0,0,0,3,1,6,6,3,-1,-1,-1,-1,-1,-1,-1,-1,0,-1
2023010465725,2023,010465725,1,1,9,99,99,9,9,99,99,9,9,99,9,99,9,1,2,2,1,27,6,-1,-1,-1,-1,6,E01001251,0,-1
2023052302049,2023,052302049,1,9,0,18,19,3,5,0,0,1,0,0,0,0,1,1,6,6,3,-1,-1,-1,-1,-1,-1,-1,-1,0,-1
2023010419776,2023,010419776,1,1,0,18,19,7,3,0,0,0,0,0,1,0,0,1,6,6,1,57,9,-1,-1,-1,-1,-1,-1,0,-1
2023122300845,2023,122300845,1,9,0,18,19,7,3,0,0,0,0,0,0,0,1,1,6,6,3,-1,-1,-1,-1,-1,-1,-1,-1,0,-1
2023501322498,2023,501322498,1,1,0,18,19,7,3,0,0,0,5,0,0,0,1,1,5,6,1,48,8,-1,-1,-1,-1,5,E01019050,0,-1
2023221342322,2023,221342322,2,9,0,18,19,8,4,0,0,8,0,0,0,0,1,1,5,6,2,32,6,-1,-1,-1,-1,7,E01028941,0,-1
2023010483724,2023,010483724,2,90,5,2,2,0,0,0,0,0,0,0,0,0,2,1,6,6,3,-1,-1,-1,-1,-1,-1,-1,-1,0,-1
2023010468972,2023,010468972,2,1,9,99,99,9,9,99,99,9,9,99,9,99,9,1,6,6,1,-1,-1,-1,-1,-1,-1,-1,-1,0,-1
2023070575588,2023,070575588,2,1,0,18,19,5,1,0,0,8,0,0,0,0,4,1,6,6,2,28,6,-1,-1,-1,-1,5,E01032931,0,-1
2023547344823,2023,547344823,3,19,0,3,3,5,1,0,0,1,0,0,0,0,0,1,6,6,1,-1,-1,-1,-1,-1,-1,-1,-1,0,-1
2023010485578,2023,010485578,1,1,9,18,19,7,3,4,4,3,0,0,0,0,2,1,6,6,1,-1,-1,-1,-1,-1,-1,2,E01001931,0,-1
2023141346209,2023,141346209,2,9,0,9,9,6,2,0,0,1,0,0,0,0,1,2,6,6,2,43,7,-1,-1,-1,-1,2,E01007942,0,-1
202360A092381,2023,60A092381,2,1,0,18,19,5,1,0,0,0,5,0,0,0,2,1,6,6,1,32,6,-1,-1,-1,-1,-1,-1,0,-1
2023320087440,2023,320087440,2,9,0,18,19,3,7,0,0,8,0,0,0,0,1,1,6,6,1,56,9,-1,-1,-1,-1,4,E01026148,0,-1
2023320403516,2023,320403516,1,1,0,18,19,5,1,0,0,1,5,0,1,11,4,1,6,6,2,13,3,-1,-1,-1,-1,2,E01026378,0,-1
2023010424707,2023,010424707,1,1,9,99,99,9,9,99,99,9,9,99,9,99,1,1,6,6,3,-1,-1,-1,-1,-1,-1,-1,-1,0,-1
2023451340071,2023,451340071,1,9,0,16,19,5,1,0,0,0,0,0,0,0,3,1,2,2,1,24,5,-1,-1,-1,-1,9,E01016315,0,-1
2023351374959,2023,351374959,2,1,0,10,10,7,5,0,0,1,0,0,0,0,2,1,6,6,1,75,10,-1,-1,-1,-1,8,E01018003,0,-1
2023070327790,2023,070327790,2,16,0,18,19,7,2,0,0,0,0,0,0,0,2,1,6,6,2,-1,-1,-1,-1,-1,-1,-1,-1,0,-1
2023552301408,2023,552301408,2,1,0,18,19,4,8,0,0,8,0,0,0,0,2,1,2,2,1,24,5,-1,-1,-1,-1,4,E01015372,0,-1
2023991322564,2023,991322564,1,9,0,18,19,5,1,0,0,0,0,0,0,0,1,1,6,6,1,66,10,-1,-1,-1,-1,9,-1,0,-1
2023121309497,2023,121309497,1,9,0,7,7,5,1,0,0,1,1,0,7,11,3,1,2,2,1,18,4,-1,-1,-1,-1,9,E01027664,0,-1
202363C028923,2023,63C028923,2,9,0,3,3,4,8,0,0,0,0,0,0,0,2,1,6,6,1,36,7,-1,-1,-1,-1,-1,-1,0,-1
2023010427324,2023,010427324,2,9,0,18,19,6,2,0,0,0,0,0,0,0,4,1,6,6,3,-1,-1,-1,-1,-1,-1,-1,-1,0,-1
2023201422212,2023,201422212,3,9,0,2,2,0,0,0,0,2,0,0,0,0,2,1,6,6,3,-1,-1,-1,-1,-1,-1,-1,-1,0,-1
2023010479919,2023,010479919,2,9,0,99,99,9,9,99,99,9,9,99,9,99,9,9,6,6,3,-1,-1,-1,-1,-1,-1,-1,-1,0,-1
2023461282228,2023,461282228,2,9,0,2,2,1,3,0,0,0,0,0,0,0,2,1,2,2,1,34,6,-1,-1,-1,-1,10,E01024817,0,-1
2023061348357,2023,061348357,1,23,0,14,14,7,2,0,0,8,0,0,0,0,1,1,6,6,1,-1,-1,-1,-1,-1,-1,-1,-1,0,-1
2023041281546,2023,041281546,2,1,0,16,19,5,1,0,0,0,0,0,1,0,2,1,5,6,1,44,7,-1,-1,-1,-1,7,E01025169,0,-1
2023451265651,2023,451265651,1,1,0,18,19,7,1,0,0,0,0,0,0,0,0,1,6,6,1,18,4,-1,-1,-1,-1,-1,-1,0,-1
2023201416169,2023,201416169,2,1,-1,-1,-1,-1,-1,-1,-1,0,-1,-1,-1,0,-1,1,1,1,1,52,8,-1,-1,-1,-1,1,E01009376,0,-1
2023531263916,2023,531263916,2,1,0,18,19,8,4,0,0,6,0,0,0,0,4,1,4,7,1,11,3,-1,-1,-1,-1,2,E01022288,0,-1
2023471273404,2023,471273404,3,98,0,18,19,3,7,0,0,0,0,0,0,0,2,1,5,6,1,67,10,-1,-1,-1,-1,4,E01021207,0,-1
2023052300227,2023,052300227,1,1,0,18,19,1,5,0,0,1,0,0,0,0,1,1,6,6,1,12,3,-1,-1,-1,-1,1,E01007204,0,-1
2023471333482,2023,471333482,2,1,0,3,3,0,0,0,0,1,0,0,0,0,1,1,5,6,1,58,9,-1,-1,-1,-1,7,E01021032,0,-1
2023401276566,2023,401276566,2,1,0,18,19,8,4,0,0,1,0,0,0,0,1,1,5,6,1,65,9,-1,-1,-1,-1,4,E01017476,0,-1
2023122300965,2023,122300965,2,1,0,9,9,8,6,0,0,1,0,0,0,0,0,1,6,6,3,55,8,-1,-1,-1,-1,8,E01027694,0,-1
2023010469781,2023,010469781,2,1,0,13,13,1,5,0,0,1,0,0,0,0,3,1,6,6,2,21,5,-1,-1,-1,-1,2,E01001653,0,-1
2023010483522,2023,010483522,1,1,0,4,4,1,5,0,0,1,0,0,0,0,1,1,2,2,1,42,7,-1,-1,-1,-1,3,E01001763,0,-1
2023201297331,2023,201297331,2,1,0,18,19,-1,-1,0,0,0,0,0,0,0,3,1,6,6,1,16,4,-1,-1,-1,-1,4,E01010072,0,-1
2023430277898,2023,430277898,2,9,0,4,4,2,6,0,0,0,0,0,0,0,2,1,6,6,3,-1,-1,-1,-1,-1,-1,-1,-1,0,-1
2023522400820,2023,522400820,2,-1,0,18,19,5,1,0,0,6,0,0,0,0,1,1,6,6,1,26,6,-1,-1,-1,-1,4,E01014488,1,-1
2023052302924,2023,052302924,2,1,0,18,19,3,7,0,0,1,0,0,0,0,1,1,1,1,1,30,6,-1,-1,-1,-1,3,E01006521,0,-1
2023201367656,2023,201367656,1,-1,0,18,19,4,8,0,0,4,0,0,0,0,1,1,6,6,3,-1,-1,-1,-1,-1,-1,-1,-1,0,-1
2023546918623,2023,546918623,2,9,0,18,19,8,4,0,0,0,0,0,0,0,0,1,6,6,3,-1,-1,-1,-1,-1,-1,-1,-1,0,-1
2023161279483,2023,161279483,2,1,0,5,5,5,1,0,0,1,0,0,0,0,1,1,6,6,1,72,10,-1,-1,-1,-1,6,E01013072,0,-1
2023141266475,2023,141266475,1,90,0,2,2,0,0,0,0,0,0,0,0,0,2,1,1,1,1,25,5,-1,-1,-1,-1,5,E01008139,0,-1
2023161295684,2023,161295684,2,9,0,18,19,4,8,0,0,8,0,0,0,0,1,1,6,6,1,32,6,-1,-1,-1,-1,-1,-1,0,-1
2023131388332,2023,131388332,2,1,0,18,19,4,8,0,0,8,0,0,0,0,1,1,6,6,1,31,6,-1,-1,-1,-1,3,E01033011,0,-1
2023101266389,2023,101266389,1,9,-1,18,19,6,2,0,0,0,0,0,0,0,1,1,6,6,1,-1,-1,-1,-1,-1,-1,-1,-1,0,-1
2023991355396,2023,991355396,2,1,0,7,7,2,4,0,0,1,0,0,0,0,4,1,5,6,1,12,3,-1,-1,-1,-1,-1,-1,0,-1
2023061281229,2023,061281229,1,9,0,18,19,-1,-1,0,0,0,0,0,0,0,-1,1,6,6,3,30,6,-1,-1,-1,-1,-1,-1,0,-1
2023010478515,2023,010478515,1,8,9,2,2,0,0,99,99,8,0,99,0,0,9,9,6,6,3,-1,-1,-1,-1,-1,-1,-1,-1,0,-1
2023421309503,2023,421309503,2,1,0,18,19,8,4,0,0,0,0,0,0,0,1,1,1,1,1,48,8,-1,-1,-1,-1,4,E01021260,0,-1
2023010449859,2023,010449859,1,1,0,13,13,3,7,0,0,1,0,0,0,0,2,1,6,6,1,36,7,-1,-1,-1,-1,4,E01003203,0,-1
2023052302776,2023,052302776,2,9,0,18,19,5,1,0,0,1,0,0,0,0,1,1,6,6,1,67,10,-1,-1,-1,-1,3,E01007253,0,-1
2023440525690,2023,440525690,1,1,0,18,19,7,3,4,4,1,0,0,0,0,1,1,6,6,1,33,6,-1,-1,-1,-1,2,E01003299,0,-1
2023010457010,2023,010457010,2,20,0,99,99,9,9,99,99,9,9,99,9,99,9,9,6,6,3,-1,-1,-1,-1,-1,-1,-1,-1,0,-1
2023461282169,2023,461282169,1,9,0,4,4,-1,-1,0,0,0,0,0,0,0,1,1,6,6,1,-1,-1,-1,-1,-1,-1,-1,-1,0,-1
2023522400581,2023,522400581,1,1,0,18,19,8,4,0,0,8,0,0,0,0,4,1,6,6,1,60,9,-1,-1,-1,-1,7,E01014551,0,-1
2023201411529,2023,201411529,3,9,0,3,3,2,6,0,0,0,0,0,0,0,1,1,5,6,1,-1,-1,-1,-1,-1,-1,6,E01009206,0,-1
2023201339241,2023,201339241,1,9,0,9,9,8,6,6,6,6,0,10,7,0,1,1,1,1,1,30,6,-1,-1,-1,-1,6,E01031031,0,-1
2023411380897,2023,411380897,1,1,0,13,13,8,5,0,0,2,1,0,0,0,4,1,2,2,1,45,7,-1,-1,-1,-1,7,E01023901,0,-1
2023351308744,2023,351308744,1,9,0,18,19,7,3,0,0,0,0,0,0,0,1,1,6,6,3,-1,-1,-1,-1,-1,-1,-1,-1,0,-1
2023201376435,2023,201376435,2,9,0,18,19,6,2,0,0,8,0,0,0,0,1,1,5,6,1,60,9,-1,-1,-1,-1,9,E01010222,0,-1
2023991278088,2023,991278088,1,1,0,18,19,1,5,0,0,3,0,0,0,0,1,1,2,2,1,46,8,-1,-1,-1,-1,9,-1,0,-1
2023010482391,2023,010482391,2,9,0,99,99,9,9,99,99,9,9,99,9,99,9,9,6,6,1,36,7,-1,-1,-1,-1,1,E01001821,0,-1
2023461330071,2023,461330071,1,1,0,18,19,2,6,0,0,8,1,0,0,0,1,1,5,6,1,56,9,-1,-1,-1,-1,-1,-1,0,-1
2023351279636,2023,351279636,2,1,0,18,19,-1,-1,0,0,8,0,0,0,0,1,1,5,6,1,40,7,-1,-1,-1,-1,6,E01018053,0,-1
2023430094531,2023,430094531,2,1,0,10,10,5,3,0,0,1,0,0,0,0,1,1,2,2,2,52,8,-1,-1,-1,-1,-1,-1,0,-1
2023311338491,2023,311338491,2,9,0,12,12,2,6,0,0,0,0,0,0,0,3,1,6,6,3,-1,-1,-1,-1,-1,-1,-1,-1,0,-1
2023010451763,2023,010451763,1,1,9,99,99,9,9,99,99,9,9,99,9,99,9,1,6,6,1,47,8,-1,-1,-1,-1,3,E01033583,0,-1
2023061348363,2023,061348363,2,1,0,18,19,7,3,0,0,8,0,0,0,0,3,1,6,6,1,27,6,-1,-1,-1,-1,2,E01005178,0,-1
2023170S11563,2023,170S11563,2,1,0,9,9,5,3,0,0,8,0,0,0,0,4,1,6,6,1,47,8,-1,-1,-1,-1,6,E01012261,0,-1
2023461356544,2023,461356544,1,90,0,18,19,1,5,0,0,1,0,0,0,0,1,1,6,6,3,-1,-1,-1,-1,-1,-1,-1,-1,0,-1
2023401364766,2023,401364766,1,23,0,18,19,7,3,9,9,0,5,11,1,9,1,1,6,6,1,21,5,-1,-1,-1,-1,5,E01015748,0,-1
2023031345953,2023,031345953,2,9,0,18,19,3,7,0,0,1,0,4,0,0,1,1,5,6,1,59,9,-1,-1,-1,-1,-1,-1,0,-1
2023101343914,2023,101343914,2,1,0,18,19,6,2,0,0,0,0,0,0,0,3,1,5,6,2,52,8,-1,-1,-1,-1,8,E01008657,0,-1
2023161364187,2023,161364187,1,9,0,18,19,4,8,0,0,0,0,0,0,0,4,1,6,6,2,-1,-1,-1,-1,-1,-1,-1,-1,0,-1
2023010485022,2023,010485022,1,1,9,99,99,9,9,99,99,9,9,99,9,99,1,1,2,2,2,36,7,-1,-1,-1,-1,1,E01001729,0,-1
2023010443328,2023,010443328,1,1,9,99,99,9,9,99,99,9,9,99,9,99,9,1,2,2,2,51,8,-1,-1,-1,-1,2,E01004394,0,-1
2023421267634,2023,421267634,2,9,5,18,19,7,3,0,0,0,0,0,0,0,0,1,6,6,1,-1,-1,-1,-1,-1,-1,-1,-1,0,-1
2023141297527,2023,141297527,1,1,0,18,19,1,5,0,0,8,0,0,0,0,1,1,6,6,1,27,6,-1,-1,-1,-1,8,E01008066,0,-1
2023401292036,2023,401292036,2,9,0,2,2,0,0,0,0,0,0,0,0,0,2,1,6,6,1,24,5,-1,-1,-1,-1,5,E01023800,0,-1
2023430073669,2023,430073669,2,20,0,18,19,6,4,0,0,1,0,0,0,0,2,1,1,1,1,-1,-1,-1,-1,-1,-1,-1,-1,0,-1