collision_index,collision_year,collision_ref_no,vehicle_reference,vehicle_type,towing_and_articulation,vehicle_manoeuvre_historic,vehicle_manoeuvre,vehicle_direction_from,vehicle_direction_to,vehicle_location_restricted_lane_historic,vehicle_location_restricted_lane,junction_location,skidding_and_overturning,hit_object_in_carriageway,vehicle_leaving_carriageway,hit_object_off_carriageway,first_point_of_impact,vehicle_left_hand_drive,journey_purpose_of_driver_historic,journey_purpose_of_driver,sex_of_driver,age_of_driver,age_band_of_driver,engine_capacity_cc,propulsion_code,age_of_vehicle,generic_make_model,driver_imd_decile,lsoa_of_driver,escooter_flag,driver_distance_banding
2023552300382,2023,552300382,1,9,0,18,19,4,8,0,0,0,0,0,0,0,4,1,6,6,1,56,9,-1,-1,-1,-1,5,E01020432,0,-1
2023311342511,2023,311342511,2,9,0,5,5,7,3,0,0,6,0,0,0,0,1,1,6,6,3,-1,-1,-1,-1,-1,-1,-1,-1,0,-1
2023010451922,2023,010451922,2,21,1,12,12,1,5,0,0,0,1,0,0,0,4,2,1,1,1,52,8,-1,-1,-1,-1,-1,-1,0,-1
2023070942055,2023,070942055,2,21,1,18,19,5,1,0,0,0,0,0,0,0,2,1,1,1,1,35,6,-1,-1,-1,-1,-1,-1,0,-1
2023440379539,2023,440379539,2,11,0,13,13,7,3,0,0,0,0,0,0,0,4,1,6,6,3,-1,-1,-1,-1,-1,-1,-1,-1,0,-1
2023302300732,2023,302300732,2,4,0,18,19,4,8,0,0,1,0,0,0,0,1,1,6,6,1,24,5,-1,-1,-1,-1,5,E01028081,0,-1
2023010452299,2023,010452299,1,9,9,99,99,9,9,99,99,0,9,99,9,99,9,9,6,6,3,-1,-1,-1,-1,-1,-1,-1,-1,0,-1
2023361373535,2023,361373535,1,9,0,-1,-1,-1,-1,0,0,3,0,0,0,0,1,1,6,6,3,-1,-1,-1,-1,-1,-1,-1,-1,0,-1
2023991342325,2023,991342325,1,97,0,18,19,2,6,0,0,0,0,0,0,0,3,1,5,6,1,40,7,-1,-1,-1,-1,-1,-1,0,-1
2023461307793,2023,461307793,1,9,0,1,1,6,2,0,0,0,0,0,0,0,2,1,1,1,1,21,5,-1,-1,-1,-1,8,E01032819,0,-1
2023010453133,2023,010453133,2,1,0,18,19,5,1,0,0,1,0,0,0,0,1,1,1,1,1,44,7,-1,-1,-1,-1,1,E01004040,0,-1
2023010427241,2023,010427241,2,1,0,18,19,7,3,0,0,0,2,0,0,0,2,1,6,6,1,34,6,-1,-1,-1,-1,1,E01003487,0,-1
2023201277786,2023,201277786,1,-1,0,18,19,-1,-1,9,9,0,0,0,0,0,0,1,6,6,3,-1,-1,-1,-1,-1,-1,-1,-1,1,-1
2023010474231,2023,010474231,1,3,0,99,99,9,9,99,99,0,9,99,9,99,1,1,2,2,1,17,4,-1,-1,-1,-1,5,E01032803,0,-1
2023170H10593,2023,170H10593,2,1,0,7,7,5,6,0,0,8,0,0,0,0,3,1,6,6,1,29,6,-1,-1,-1,-1,3,E01011991,0,-1
2023440075626,2023,440075626,2,1,0,18,19,1,5,0,0,3,0,0,0,0,4,1,6,6,2,69,10,-1,-1,-1,-1,5,E01017024,0,-1
2023471357287,2023,471357287,1,1,0,18,19,3,7,0,0,1,0,0,0,0,4,1,6,6,1,13,3,-1,-1,-1,-1,6,E01031792,0,-1
2023991359341,2023,991359341,1,1,0,18,19,2,6,0,0,1,0,0,0,0,1,1,2,2,1,27,6,-1,-1,-1,-1,2,-1,0,-1
2023440113675,2023,440113675,2,1,0,18,19,5,1,0,0,8,0,0,0,0,1,1,6,6,1,53,8,-1,-1,-1,-1,4,E01017074,0,-1
2023320558376,2023,320558376,3,9,0,18,19,2,6,0,0,2,0,0,0,0,2,1,6,6,1,46,8,-1,-1,-1,-1,3,E01025196,0,-1
2023430026061,2023,430026061,1,9,0,16,19,2,5,0,0,0,2,0,7,9,1,1,6,6,2,21,5,-1,-1,-1,-1,9,E01028793,0,-1
2023010448900,2023,010448900,1,9,0,2,2,0,0,0,0,2,0,0,0,0,2,2,6,6,3,-1,-1,-1,-1,-1,-1,-1,-1,0,-1
2023141327128,2023,141327128,2,1,0,18,19,7,3,0,0,1,0,0,0,0,1,1,6,6,2,33,6,-1,-1,-1,-1,9,E01008069,0,-1
2023010427651,2023,010427651,2,9,0,99,99,9,9,99,99,9,9,99,9,99,2,9,6,6,3,-1,-1,-1,-1,-1,-1,-1,-1,0,-1
2023622300684,2023,622300684,2,1,0,9,9,1,7,0,0,8,0,0,0,0,1,1,6,6,1,24,5,-1,-1,-1,-1,1,W01001694,0,-1
202363D030123,2023,63D030123,1,4,0,17,19,3,8,0,0,0,0,0,1,9,4,1,6,6,1,71,10,-1,-1,-1,-1,-1,-1,0,-1
2023010431116,2023,010431116,2,9,0,99,99,9,9,99,99,9,9,99,9,99,1,9,6,6,3,-1,-1,-1,-1,-1,-1,-1,-1,0,-1
2023052302961,2023,052302961,2,8,0,3,3,3,7,0,0,1,0,0,0,0,2,1,1,1,3,-1,-1,-1,-1,-1,-1,-1,-1,0,-1
2023041348786,2023,041348786,1,98,0,18,19,5,1,0,0,0,2,0,1,0,4,1,5,6,2,72,10,-1,-1,-1,-1,3,E01020264,0,-1
2023610009523,2023,610009523,1,9,0,18,19,8,4,0,0,0,0,0,0,0,3,1,2,2,1,51,8,-1,-1,-1,-1,10,W01000985,0,-1
2023010445687,2023,010445687,2,9,0,17,19,1,8,0,0,1,0,0,0,0,1,1,6,6,3,-1,-1,-1,-1,-1,-1,-1,-1,0,-1
2023010457183,2023,010457183,1,3,0,99,99,9,9,99,99,9,9,99,9,99,9,1,6,6,1,18,4,-1,-1,-1,-1,4,E01004576,0,-1
2023332301166,2023,332301166,2,1,0,7,7,4,6,0,0,5,0,0,0,0,2,1,2,2,1,33,6,-1,-1,-1,-1,2,E01013774,0,-1
2023451332273,2023,451332273,2,23,0,18,19,3,7,0,0,8,0,0,0,0,1,1,1,1,1,20,4,-1,-1,-1,-1,-1,-1,0,-1
2023340WN3772,2023,340WN3772,1,1,0,18,19,2,6,0,0,6,0,0,0,0,1,1,6,6,1,58,9,-1,-1,-1,-1,3,E01027173,0,-1
2023361343909,2023,361343909,2,1,0,18,19,5,1,0,0,2,0,0,0,0,2,1,6,6,2,54,8,-1,-1,-1,-1,1,E01026634,0,-1
2023541894123,2023,541894123,2,9,0,2,2,0,0,0,0,0,0,4,0,0,2,1,6,6,2,-1,-1,-1,-1,-1,-1,-1,-1,0,-1
2023320231217,2023,320231217,1,1,0,18,19,7,3,0,0,0,5,0,0,0,1,1,6,6,1,50,8,-1,-1,-1,-1,-1,-1,0,-1
2023211338878,2023,211338878,2,1,-1,18,19,6,2,-1,-1,0,-1,-1,-1,0,-1,1,6,6,1,-1,-1,-1,-1,-1,-1,-1,-1,0,-1
2023440368699,2023,440368699,2,1,0,18,19,3,7,0,0,8,0,0,0,0,4,1,6,6,1,53,8,-1,-1,-1,-1,3,E01022902,0,-1
2023010456347,2023,010456347,1,1,0,14,14,7,3,0,0,5,0,8,7,0,1,1,6,6,1,60,9,-1,-1,-1,-1,4,E01002442,0,-1
2023131258881,2023,131258881,1,9,0,18,19,4,6,0,0,0,5,0,7,11,1,1,6,6,1,16,4,-1,-1,-1,-1,1,E01010742,0,-1
2023531381865,2023,531381865,1,9,0,18,19,1,5,0,0,0,1,10,1,1,1,1,5,6,1,16,4,-1,-1,-1,-1,6,E01032934,0,-1
2023351372609,2023,351372609,2,90,0,18,19,1,3,0,0,8,0,0,0,0,-1,1,6,6,2,23,5,-1,-1,-1,-1,5,E01017945,0,-1
2023610045823,2023,610045823,2,9,0,2,2,0,0,0,0,0,0,4,7,11,1,1,6,6,2,-1,-1,-1,-1,-1,-1,3,W01001335,0,-1
2023440041196,2023,440041196,1,9,0,7,7,1,5,0,0,1,0,0,0,0,1,1,1,1,1,60,9,-1,-1,-1,-1,4,E01015326,0,-1
2023411296115,2023,411296115,2,97,0,18,19,5,1,0,0,8,0,0,0,0,1,1,6,6,1,45,7,-1,-1,-1,-1,10,E01023551,0,-1
2023010437205,2023,010437205,2,9,9,99,99,9,9,99,99,9,9,99,9,99,9,9,6,6,3,-1,-1,-1,-1,-1,-1,-1,-1,0,-1
2023010474202,2023,010474202,2,9,0,99,99,9,9,99,99,9,9,99,9,99,1,9,6,6,3,-1,-1,-1,-1,-1,-1,-1,-1,0,-1
202354C767323,2023,54C767323,1,19,0,4,4,5,1,0,0,7,0,0,0,0,1,1,1,1,1,25,5,-1,-1,-1,-1,8,E01015556,0,-1
2023991282457,2023,991282457,1,1,0,18,19,1,5,0,0,1,0,0,0,0,4,1,5,6,2,47,8,-1,-1,-1,-1,2,-1,0,-1
202360A148105,2023,60A148105,2,1,0,18,19,7,3,0,0,8,0,0,0,0,4,1,6,6,2,68,10,-1,-1,-1,-1,-1,-1,0,-1
2023471326979,2023,471326979,2,1,0,9,9,4,8,0,0,6,0,0,0,0,3,1,5,6,1,29,6,-1,-1,-1,-1,3,E01003088,0,-1
2023010447401,2023,010447401,1,1,9,99,99,9,9,99,99,9,9,99,9,99,1,1,6,6,1,26,6,-1,-1,-1,-1,7,E01002999,0,-1
2023311331493,2023,311331493,2,1,0,18,19,1,5,5,5,2,0,0,0,0,1,1,6,6,1,20,4,-1,-1,-1,-1,1,E01013877,0,-1
2023351345047,2023,351345047,1,9,0,18,19,1,5,0,0,1,0,0,0,0,1,1,6,6,1,-1,-1,-1,-1,-1,-1,-1,-1,0,-1
2023401268365,2023,401268365,1,9,0,18,19,5,1,0,0,0,0,0,0,0,1,1,5,6,1,27,6,-1,-1,-1,-1,6,E01026213,0,-1
2023101264674,2023,101264674,1,19,-1,7,7,1,3,0,0,6,0,0,0,0,1,1,6,6,1,-1,-1,-1,-1,-1,-1,-1,-1,0,-1
2023010437889,2023,010437889,2,-1,0,18,19,8,4,0,0,1,0,0,0,0,1,1,6,6,1,17,4,-1,-1,-1,-1,2,E01001785,1,-1
2023440467410,2023,440467410,2,1,0,18,19,3,7,0,0,8,0,0,0,0,1,1,2,2,1,22,5,-1,-1,-1,-1,1,E01017037,0,-1
2023440359502,2023,440359502,1,1,0,18,19,1,5,5,5,0,0,0,0,10,3,1,6,6,1,67,10,-1,-1,-1,-1,8,E01022589,0,-1
2023440183812,2023,440183812,2,-1,0,18,19,3,7,0,0,1,0,0,0,0,4,1,6,6,1,15,3,-1,-1,-1,-1,4,E01017128,1,-1
2023430435435,2023,430435435,1,9,0,18,19,2,6,0,0,1,0,0,0,0,1,1,6,6,1,-1,-1,-1,-1,-1,-1,-1,-1,0,-1
2023522401070,2023,522401070,1,1,0,18,19,4,8,0,0,1,0,4,0,0,3,1,6,6,1,44,7,-1,-1,-1,-1,7,E01014635,0,-1
2023041330231,2023,041330231,1,97,0,18,19,1,5,0,0,1,0,0,1,4,1,1,5,6,1,57,9,-1,-1,-1,-1,7,E01031167,0,-1
2023010429820,2023,010429820,1,3,0,99,99,9,9,99,99,9,9,99,9,99,1,1,1,1,1,36,7,-1,-1,-1,-1,7,E01016402,0,-1
2023421284463,2023,421284463,1,19,0,18,19,3,1,0,0,4,0,0,0,0,3,1,6,6,3,-1,-1,-1,-1,-1,-1,-1,-1,0,-1
2023010454133,2023,010454133,1,1,9,99,99,9,9,99,99,9,9,99,9,99,9,1,6,6,2,29,6,-1,-1,-1,-1,4,E01001883,0,-1
2023471366140,2023,471366140,2,9,0,18,19,3,7,0,0,0,0,0,1,0,3,1,5,6,1,33,6,-1,-1,-1,-1,3,E01020996,0,-1
2023320369687,2023,320369687,1,9,0,18,19,6,2,0,0,0,0,0,0,0,4,1,6,6,3,-1,-1,-1,-1,-1,-1,-1,-1,0,-1
2023201308253,2023,201308253,2,9,0,4,4,8,4,0,0,0,0,0,0,0,2,1,1,1,1,40,7,-1,-1,-1,-1,1,E01010485,0,-1
2023302400004,2023,302400004,2,23,0,18,19,3,8,0,0,0,0,0,0,0,1,1,6,6,1,23,5,-1,-1,-1,-1,2,E01019567,0,-1
2023451377711,2023,451377711,1,9,0,18,19,7,7,0,0,0,1,0,1,0,1,1,6,6,1,27,6,-1,-1,-1,-1,3,E01000403,0,-1
2023302300182,2023,302300182,2,9,0,18,19,8,4,0,0,8,0,0,0,0,1,1,1,1,2,45,7,-1,-1,-1,-1,6,E01019585,0,-1
2023332300431,2023,332300431,2,9,0,7,7,1,3,0,0,6,0,0,0,0,1,1,6,6,1,-1,-1,-1,-1,-1,-1,-1,-1,0,-1
2023522400362,2023,522400362,2,9,0,11,11,1,5,0,0,3,0,0,0,0,4,1,6,6,3,-1,-1,-1,-1,-1,-1,-1,-1,0,-1
2023411358817,2023,411358817,1,9,0,5,5,-1,-1,0,0,4,0,0,0,0,1,1,6,6,3,-1,-1,-1,-1,-1,-1,-1,-1,0,-1
2023010448267,2023,010448267,1,1,9,99,99,9,9,99,99,9,9,99,9,99,1,1,6,6,3,-1,-1,-1,-1,-1,-1,6,E01004379,0,-1
2023010450381,2023,010450381,1,1,9,99,99,9,9,99,99,9,9,99,9,99,2,1,6,6,1,37,7,-1,-1,-1,-1,4,E01000313,0,-1
2023010465561,2023,010465561,2,9,0,99,99,9,9,99,99,0,9,99,9,99,9,9,6,6,3,-1,-1,-1,-1,-1,-1,-1,-1,0,-1
2023401356454,2023,401356454,1,9,0,18,19,4,8,0,0,0,0,0,0,0,3,1,6,6,3,-1,-1,-1,-1,-1,-1,-1,-1,0,-1
2023201292348,2023,201292348,1,9,0,4,4,6,2,0,0,0,0,0,0,0,1,1,1,1,1,-1,-1,-1,-1,-1,-1,7,E01032122,0,-1
2023041391824,2023,041391824,3,1,0,18,19,7,3,0,0,1,0,0,0,0,1,1,6,6,1,62,9,-1,-1,-1,-1,1,E01012686,0,-1
2023052302149,2023,052302149,2,1,0,16,19,7,3,0,0,1,0,0,0,0,2,1,2,2,1,42,7,-1,-1,-1,-1,1,E01033763,0,-1
2023332300765,2023,332300765,1,1,0,18,19,1,5,0,0,0,0,0,0,0,1,1,2,2,1,59,9,-1,-1,-1,-1,9,E01025859,0,-1
2023010441213,2023,010441213,1,9,0,5,5,0,5,0,0,6,0,0,0,0,4,1,1,1,2,28,6,-1,-1,-1,-1,9,E01030334,0,-1
2023010430904,2023,010430904,1,1,9,99,99,9,9,99,99,9,9,99,9,99,1,1,2,2,1,32,6,-1,-1,-1,-1,9,E01002025,0,-1
2023101312329,2023,101312329,2,19,-1,-1,-1,6,2,-1,-1,0,-1,-1,-1,0,1,1,6,6,1,30,6,-1,-1,-1,-1,1,E01008545,0,-1
2023010429716,2023,010429716,3,9,0,18,19,8,4,0,0,0,0,0,0,0,1,1,6,6,3,-1,-1,-1,-1,-1,-1,-1,-1,0,-1
2023411344022,2023,411344022,2,9,0,18,19,4,8,0,0,0,0,0,0,0,1,1,6,6,3,-1,-1,-1,-1,-1,-1,-1,-1,0,-1
2023031379823,2023,031379823,1,9,0,18,19,-1,-1,0,0,1,0,0,0,0,1,1,1,1,2,-1,-1,-1,-1,-1,-1,-1,-1,0,-1
2023161349055,2023,161349055,2,9,0,18,19,6,1,0,0,0,0,0,0,0,1,1,6,6,3,-1,-1,-1,-1,-1,-1,-1,-1,0,-1
2023161380842,2023,161380842,2,1,0,18,19,3,5,0,0,8,0,0,0,0,1,1,4,7,1,12,3,-1,-1,-1,-1,7,E01013039,0,-1
2023311389848,2023,311389848,1,9,0,4,4,7,3,0,0,0,0,0,0,0,0,1,6,6,3,-1,-1,-1,-1,-1,-1,-1,-1,0,-1
2023010471006,2023,010471006,2,-1,0,18,19,5,1,0,0,8,0,0,0,0,0,1,6,6,1,15,3,-1,-1,-1,-1,8,E01000669,1,-1
2023010419324,2023,010419324,2,1,0,18,19,5,1,0,0,2,0,0,0,0,1,1,6,6,1,30,6,-1,-1,-1,-1,1,E01004675,0,-1
2023311346557,2023,311346557,1,9,0,9,9,3,7,0,0,3,0,0,0,0,1,1,6,6,3,-1,-1,-1,-1,-1,-1,-1,-1,0,-1
2023201337528,2023,201337528,2,9,0,16,19,4,7,0,0,0,0,0,0,0,1,1,6,6,1,-1,-1,-1,-1,-1,-1,-1,-1,0,-1
2023440191522,2023,440191522,2,1,0,18,19,6,2,0,0,0,0,0,0,0,1,1,1,1,1,26,6,-1,-1,-1,-1,7,E01017197,0,-1
2023991311490,2023,991311490,2,5,0,13,13,8,4,0,0,0,2,0,7,0,1,1,5,6,2,62,9,-1,-1,-1,-1,-1,-1,0,-1
2023010477270,2023,010477270,2,9,0,18,19,1,5,0,0,0,0,0,0,0,1,1,6,6,3,-1,-1,-1,-1,-1,-1,-1,-1,0,-1
2023010466012,2023,010466012,2,1,0,5,5,5,1,0,0,4,0,0,0,0,1,1,6,6,1,57,9,-1,-1,-1,-1,9,E01001306,0,-1
2023471350646,2023,471350646,2,1,0,18,19,7,3,0,0,0,0,0,0,0,1,1,6,6,1,58,9,-1,-1,-1,-1,4,E01031809,0,-1
2023430188874,2023,430188874,2,9,0,2,2,0,0,0,0,0,0,0,0,0,3,1,6,6,3,-1,-1,-1,-1,-1,-1,-1,-1,0,-1
2023440248762,2023,440248762,2,1,0,18,19,5,1,0,0,1,0,0,0,0,1,1,6,6,1,11,3,-1,-1,-1,-1,7,E01022526,0,-1
2023552300662,2023,552300662,2,1,0,18,19,4,8,0,0,8,0,0,0,0,1,1,6,6,1,74,10,-1,-1,-1,-1,6,E01020510,0,-1
2023052301879,2023,052301879,1,9,0,18,19,1,5,0,0,1,0,0,0,0,1,1,6,6,3,-1,-1,-1,-1,-1,-1,-1,-1,0,-1
2023421378268,2023,421378268,1,97,0,18,19,3,7,0,0,2,5,0,0,0,1,1,6,6,1,26,6,-1,-1,-1,-1,3,E01015843,0,-1
2023041293934,2023,041293934,1,9,0,18,19,-1,-1,0,0,0,0,0,0,0,-1,1,6,6,3,-1,-1,-1,-1,-1,-1,-1,-1,0,-1
2023010445832,2023,010445832,2,1,0,18,19,1,5,0,0,6,5,4,0,0,3,1,6,6,1,11,3,-1,-1,-1,-1,2,E01000931,0,-1
2023010439106,2023,010439106,2,9,0,9,9,4,2,0,0,5,0,0,0,0,0,1,6,6,3,-1,-1,-1,-1,-1,-1,-1,-1,0,-1
2023010436963,2023,010436963,1,9,0,9,9,5,2,0,0,1,0,0,0,0,3,1,1,1,1,39,7,-1,-1,-1,-1,3,E01004734,0,-1
2023131307916,2023,131307916,2,1,0,18,19,1,5,0,0,1,0,0,0,0,3,1,2,2,1,26,6,-1,-1,-1,-1,1,E01011474,0,-1
2023161286686,2023,161286686,2,19,0,7,7,5,1,0,0,8,0,0,0,0,1,1,6,6,3,-1,-1,-1,-1,-1,-1,-1,-1,0,-1
2023052300045,2023,052300045,2,-1,0,18,19,1,5,0,0,0,0,0,0,0,0,1,6,6,2,32,6,-1,-1,-1,-1,6,E01033753,1,-1
2023010465881,2023,010465881,2,9,9,99,99,9,9,99,99,9,9,99,9,99,2,9,6,6,1,-1,-1,-1,-1,-1,-1,4,E01001150,0,-1
2023010435097,2023,010435097,2,3,0,99,99,9,9,99,99,0,9,99,9,99,9,1,6,6,3,-1,-1,-1,-1,-1,-1,-1,-1,0,-1
2023461265452,2023,461265452,2,9,0,18,19,6,2,0,0,1,0,0,0,0,1,1,6,6,1,41,7,-1,-1,-1,-1,6,E01024207,0,-1
2023031371542,2023,031371542,2,9,-1,5,5,2,6,0,0,0,0,0,0,0,1,1,6,6,3,30,6,-1,-1,-1,-1,-1,-1,0,-1
2023010483538,2023,010483538,1,1,9,99,99,9,9,99,99,1,9,99,9,99,2,1,2,2,2,35,6,-1,-1,-1,-1,6,E01001952,0,-1
2023201287139,2023,201287139,2,1,0,18,19,5,1,0,0,0,0,0,0,0,4,1,2,2,1,20,4,-1,-1,-1,-1,3,E01009411,0,-1
2023010483679,2023,010483679,1,1,9,99,99,9,9,99,99,9,9,99,9,99,9,1,6,6,1,31,6,-1,-1,-1,-1,4,E01001406,0,-1
2023010427660,2023,010427660,1,1,0,18,19,1,5,0,0,1,0,0,0,0,0,1,6,6,1,75,10,-1,-1,-1,-1,3,E01002726,0,-1
2023471282961,2023,471282961,1,9,0,18,19,3,5,0,0,8,0,0,0,0,-1,1,6,6,3,-1,-1,-1,-1,-1,-1,-1,-1,0,-1
2023010443318,2023,010443318,3,90,2,4,4,5,1,0,0,8,0,0,0,0,1,1,1,1,1,43,7,-1,-1,-1,-1,3,E01024352,0,-1
2023010429563,2023,010429563,2,1,0,5,5,3,7,0,0,2,5,0,0,0,3,1,2,2,1,39,7,-1,-1,-1,-1,7,E01002812,0,-1
2023010444060,2023,010444060,2,1,0,18,19,5,1,0,0,1,0,0,0,0,1,1,6,6,1,37,7,-1,-1,-1,-1,4,E01033727,0,-1
2023302301825,2023,302301825,1,9,0,9,9,2,8,0,0,2,0,0,0,0,1,1,6,6,1,-1,-1,-1,-1,-1,-1,5,E01013509,0,-1
2023991310455,2023,991310455,1,9,0,18,19,5,1,0,0,0,0,0,0,0,1,1,6,6,3,18,4,-1,-1,-1,-1,-1,-1,0,-1
2023201289360,2023,201289360,1,-1,0,18,19,4,8,0,0,0,0,0,0,0,0,1,6,6,3,-1,-1,-1,-1,-1,-1,-1,-1,0,-1
2023201313197,2023,201313197,2,1,0,9,9,8,6,0,0,6,0,0,0,0,3,1,6,6,1,61,9,-1,-1,-1,-1,6,E01029640,0,-1
2023531346825,2023,531346825,2,1,0,4,4,5,1,0,0,0,5,0,0,0,1,1,6,6,1,66,10,-1,-1,-1,-1,2,E01026375,0,-1
2023610040023,2023,610040023,2,21,1,18,19,1,5,0,0,0,0,0,1,0,1,2,1,1,1,44,7,-1,-1,-1,-1,-1,-1,0,-1
2023461348407,2023,461348407,2,19,0,18,19,3,7,0,0,0,0,0,4,0,2,1,1,1,1,38,7,-1,-1,-1,-1,5,E01016127,0,-1
2023010434213,2023,010434213,1,1,9,99,99,9,9,99,99,9,9,99,9,99,9,1,2,2,2,27,6,-1,-1,-1,-1,3,E01032784,0,-1
2023061314677,2023,061314677,1,97,0,18,19,3,7,0,0,8,0,0,0,0,1,1,6,6,1,19,4,-1,-1,-1,-1,1,E01005456,0,-1
2023471354351,2023,471354351,1,9,0,18,19,5,8,0,0,0,0,0,0,0,4,1,6,6,3,-1,-1,-1,-1,-1,-1,-1,-1,0,-1
2023421311670,2023,421311670,2,1,0,18,19,1,5,0,0,0,0,0,0,0,1,1,5,6,1,47,8,-1,-1,-1,-1,5,E01001829,0,-1
2023622300297,2023,622300297,2,1,0,18,19,5,1,0,0,8,0,0,0,0,1,1,6,6,1,45,7,-1,-1,-1,-1,5,W01000794,0,-1
2023010458948,2023,010458948,3,1,9,99,99,9,9,99,99,9,9,99,9,99,9,1,6,6,3,-1,-1,-1,-1,-1,-1,3,E01003969,0,-1
2023010469095,2023,010469095,1,1,0,18,19,8,4,0,0,1,0,0,0,0,1,1,6,6,1,32,6,-1,-1,-1,-1,4,E01002507,0,-1
2023070322043,2023,070322043,1,9,0,8,8,7,3,0,0,8,1,0,0,0,1,1,6,6,1,19,4,-1,-1,-1,-1,-1,-1,0,-1
2023010464351,2023,010464351,2,1,0,18,19,4,8,0,0,1,0,4,0,0,1,1,6,6,1,21,5,-1,-1,-1,-1,4,E01000477,0,-1
2023010426454,2023,010426454,2,1,0,18,19,7,3,0,0,0,5,0,0,0,3,1,6,6,1,27,6,-1,-1,-1,-1,3,E01000010,0,-1
2023401316823,2023,401316823,2,1,0,18,19,-1,-1,0,0,8,0,0,0,0,1,1,5,6,1,76,11,-1,-1,-1,-1,5,E01015714,0,-1
2023161266205,2023,161266205,1,9,0,18,19,3,7,0,0,0,0,0,0,0,1,1,6,6,3,-1,-1,-1,-1,-1,-1,-1,-1,0,-1
2023320683447,2023,320683447,2,1,0,18,19,2,6,0,0,8,0,0,0,0,1,1,6,6,1,35,6,-1,-1,-1,-1,3,E01026124,0,-1
2023371274677,2023,371274677,2,1,-1,18,19,6,3,0,0,8,0,0,0,0,4,1,2,2,2,53,8,-1,-1,-1,-1,4,E01033123,0,-1
2023221302622,2023,221302622,1,1,0,18,19,1,5,0,0,0,0,0,2,1,1,1,6,6,1,60,9,-1,-1,-1,-1,6,E01014006,0,-1
2023461372785,2023,461372785,2,9,0,18,19,-1,-1,0,0,0,0,0,9,0,3,1,6,6,1,24,5,-1,-1,-1,-1,6,E01003754,0,-1
2023010422003,2023,010422003,2,9,0,99,99,9,9,99,99,9,9,99,9,99,9,9,6,6,3,-1,-1,-1,-1,-1,-1,4,E01001934,0,-1
2023549996423,2023,549996423,1,19,0,5,5,7,3,0,0,0,0,0,0,0,0,1,6,6,3,-1,-1,-1,-1,-1,-1,-1,-1,0,-1
2023430429803,2023,430429803,2,5,0,18,19,4,8,0,0,2,0,0,0,0,3,1,6,6,1,46,8,-1,-1,-1,-1,10,E01028613,0,-1
2023430260149,2023,430260149,1,97,0,18,19,5,1,0,0,1,0,0,0,0,1,1,6,6,1,47,8,-1,-1,-1,-1,8,E01017814,0,-1
2023010441497,2023,010441497,2,9,0,18,19,4,8,0,0,1,0,0,0,0,0,1,6,6,3,-1,-1,-1,-1,-1,-1,-1,-1,0,-1
2023010430560,2023,010430560,1,9,0,99,99,9,9,99,99,9,9,99,9,99,2,9,6,6,3,-1,-1,-1,-1,-1,-1,-1,-1,0,-1
2023052302920,2023,052302920,1,8,0,5,5,3,7,0,0,0,0,0,0,0,1,1,6,6,1,-1,-1,-1,-1,-1,-1,-1,-1,0,-1
2023461363297,2023,461363297,1,3,0,18,19,1,5,0,0,0,0,0,0,0,1,1,6,6,1,-1,-1,-1,-1,-1,-1,6,E01024544,0,-1
2023451324914,2023,451324914,3,9,0,4,4,6,2,0,0,0,0,12,0,0,0,1,6,6,3,45,7,-1,-1,-1,-1,-1,-1,0,-1
2023141361911,2023,141361911,3,98,0,18,19,8,4,0,0,0,0,0,0,0,1,1,1,1,1,33,6,-1,-1,-1,-1,10,E01013360,0,-1
2023430048499,2023,430048499,1,8,0,1,1,2,6,0,0,0,0,0,0,0,2,1,1,1,1,-1,-1,-1,-1,-1,-1,-1,-1,0,-1
2023332301070,2023,332301070,1,9,0,9,9,7,6,0,0,6,0,0,0,0,0,1,6,6,1,37,7,-1,-1,-1,-1,4,E01013618,0,-1
2023320192338,2023,320192338,2,1,0,18,19,4,8,0,0,8,5,0,0,0,2,1,6,6,1,49,8,-1,-1,-1,-1,8,E01026337,0,-1
2023041322956,2023,041322956,1,1,0,18,19,1,5,0,0,0,0,0,0,0,1,1,5,6,1,16,4,-1,-1,-1,-1,3,E01012644,0,-1
2023010420573,2023,010420573,1,23,0,99,99,9,9,99,99,9,9,99,9,99,9,1,1,1,1,23,5,-1,-1,-1,-1,1,E01004204,0,-1
2023531274562,2023,531274562,2,1,0,18,19,3,7,0,0,0,0,0,0,0,3,1,6,6,1,58,9,-1,-1,-1,-1,9,E01022404,0,-1
2023361286737,2023,361286737,1,9,-1,18,19,5,1,0,0,0,0,0,0,0,0,1,6,6,3,-1,-1,-1,-1,-1,-1,-1,-1,0,-1
2023221371699,2023,221371699,2,1,0,4,4,5,3,0,0,8,0,0,0,0,2,1,5,6,1,38,7,-1,-1,-1,-1,1,E01014197,0,-1
2023201383725,2023,201383725,2,1,0,18,19,8,6,0,0,8,0,0,0,0,4,1,1,1,1,56,9,-1,-1,-1,-1,5,E01009905,0,-1
2023010420473,2023,010420473,2,-1,0,18,19,2,6,0,0,1,0,0,0,0,3,1,6,6,1,18,4,-1,-1,-1,-1,4,E01000805,1,-1
2023010457561,2023,010457561,1,9,0,5,5,3,7,0,0,2,0,0,0,0,4,1,6,6,2,33,6,-1,-1,-1,-1,-1,-1,0,-1
2023010445406,2023,010445406,1,1,9,99,99,9,9,99,99,9,9,99,9,99,1,1,6,6,1,48,8,-1,-1,-1,-1,8,E01032571,0,-1
2023522400202,2023,522400202,2,9,9,6,6,9,9,0,0,0,0,0,0,0,1,1,6,6,3,-1,-1,-1,-1,-1,-1,-1,-1,0,-1
2023101344866,2023,101344866,2,1,0,18,19,5,8,0,0,0,0,0,0,0,1,1,5,6,1,7,2,-1,-1,-1,-1,3,E01008486,0,-1
2023421388577,2023,421388577,1,9,4,5,5,-1,-1,0,0,-1,0,0,0,0,-1,1,5,6,1,-1,-1,-1,-1,-1,-1,-1,-1,0,-1
2023122300652,2023,122300652,1,1,0,18,19,6,1,0,0,3,0,0,0,0,4,1,6,6,1,56,9,-1,-1,-1,-1,9,E01013405,0,-1
2023101259810,2023,101259810,1,9,0,18,19,1,5,0,0,4,0,0,0,0,1,1,6,6,2,40,7,-1,-1,-1,-1,-1,-1,0,-1