collision_index,collision_year,collision_ref_no,vehicle_reference,vehicle_type,towing_and_articulation,vehicle_manoeuvre_historic,vehicle_manoeuvre,vehicle_direction_from,vehicle_direction_to,vehicle_location_restricted_lane_historic,vehicle_location_restricted_lane,junction_location,skidding_and_overturning,hit_object_in_carriageway,vehicle_leaving_carriageway,hit_object_off_carriageway,first_point_of_impact,vehicle_left_hand_drive,journey_purpose_of_driver_historic,journey_purpose_of_driver,sex_of_driver,age_of_driver,age_band_of_driver,engine_capacity_cc,propulsion_code,age_of_vehicle,generic_make_model,driver_imd_decile,lsoa_of_driver,escooter_flag,driver_distance_banding
2023010433533,2023,010433533,1,1,9,99,99,9,9,99,99,9,9,99,9,99,9,1,6,6,1,19,4,-1,-1,-1,-1,5,E01000855,0,-1
2023201405447,2023,201405447,2,9,0,9,9,2,7,0,0,5,0,0,0,0,4,1,1,1,1,23,5,-1,-1,-1,-1,4,E01009856,0,-1
2023231272076,2023,231272076,2,9,0,1,1,2,6,0,0,0,0,0,0,0,1,1,6,6,1,30,6,-1,-1,-1,-1,-1,-1,0,-1
2023010434585,2023,010434585,2,1,0,7,7,5,7,4,4,8,0,0,7,0,4,1,2,2,1,38,7,-1,-1,-1,-1,4,E01000591,0,-1
2023340WN4112,2023,340WN4112,1,9,0,7,7,7,1,0,0,5,0,0,0,0,4,1,6,6,1,-1,-1,-1,-1,-1,-1,-1,-1,0,-1
2023401372005,2023,401372005,2,19,0,4,4,-1,-1,0,0,1,0,0,0,0,2,1,2,2,1,34,6,-1,-1,-1,-1,10,E01023608,0,-1
2023430055243,2023,430055243,1,1,0,7,7,2,4,0,0,5,0,0,0,0,3,1,6,6,1,60,9,-1,-1,-1,-1,8,E01017921,0,-1
2023010451425,2023,010451425,2,-1,0,15,15,5,1,0,0,1,0,4,0,0,1,1,6,6,1,33,6,-1,-1,-1,-1,3,E01003177,1,-1
2023471343710,2023,471343710,1,9,0,9,9,8,6,0,0,5,0,0,0,0,1,2,6,6,2,43,7,-1,-1,-1,-1,7,E01001882,0,-1
2023440193189,2023,440193189,1,9,0,9,9,4,2,0,0,6,0,0,0,0,1,1,6,6,1,-1,-1,-1,-1,-1,-1,9,E01022857,0,-1
2023430474497,2023,430474497,1,9,0,18,19,7,3,0,0,0,0,0,0,0,1,1,6,6,3,-1,-1,-1,-1,-1,-1,-1,-1,0,-1
2023991303622,2023,991303622,1,22,0,18,19,3,7,0,0,0,0,0,0,0,3,1,5,6,1,90,11,-1,-1,-1,-1,4,-1,0,-1
2023010466711,2023,010466711,2,8,0,99,99,9,9,99,99,9,9,99,9,99,2,9,6,6,3,-1,-1,-1,-1,-1,-1,-1,-1,0,-1
2023111262371,2023,111262371,1,23,0,18,19,2,6,0,0,1,0,0,0,0,1,1,5,6,1,15,3,-1,-1,-1,-1,4,E01020633,0,-1
2023411351281,2023,411351281,2,1,0,18,19,1,5,0,0,8,0,0,0,0,1,1,5,6,1,58,9,-1,-1,-1,-1,5,E01023796,0,-1
2023991299274,2023,991299274,2,1,0,18,19,1,5,4,4,1,0,0,0,0,1,1,6,6,1,35,6,-1,-1,-1,-1,6,-1,0,-1
2023211369137,2023,211369137,1,5,0,9,9,5,1,9,9,8,5,10,0,0,4,1,5,6,1,63,9,-1,-1,-1,-1,6,W01000496,0,-1
2023052301377,2023,052301377,1,9,0,18,19,5,1,0,0,0,0,0,0,0,1,1,6,6,3,-1,-1,-1,-1,-1,-1,-1,-1,0,-1
2023451341151,2023,451341151,2,20,0,18,19,6,2,0,0,0,0,0,0,0,3,1,1,1,1,58,9,-1,-1,-1,-1,-1,-1,0,-1
2023221327812,2023,221327812,1,9,0,16,19,7,1,0,0,6,0,0,0,0,1,1,6,6,1,44,7,-1,-1,-1,-1,-1,-1,0,-1
2023481367223,2023,481367223,1,1,0,13,13,3,7,5,5,0,0,0,0,0,4,1,2,2,1,63,9,-1,-1,-1,-1,-1,-1,0,-1
2023201375257,2023,201375257,1,8,0,1,1,6,2,0,0,2,0,0,0,0,2,1,1,1,1,-1,-1,-1,-1,-1,-1,-1,-1,0,-1
2023201301065,2023,201301065,2,1,0,18,19,5,1,0,0,8,0,0,0,0,4,1,6,6,1,57,9,-1,-1,-1,-1,5,E01008959,0,-1
2023010454300,2023,010454300,2,-1,0,13,13,3,7,0,0,1,0,0,0,0,4,1,6,6,1,23,5,-1,-1,-1,-1,3,E01002711,1,-1
2023440068067,2023,440068067,1,1,0,9,9,3,8,0,0,8,1,0,0,0,3,1,2,2,1,55,8,-1,-1,-1,-1,9,E01022730,0,-1
2023010421318,2023,010421318,2,1,0,18,19,1,5,0,0,0,0,0,0,0,1,1,6,6,1,37,7,-1,-1,-1,-1,5,E01004225,0,-1
2023010482555,2023,010482555,1,90,9,99,99,9,9,99,99,9,9,99,9,99,2,9,6,6,3,-1,-1,-1,-1,-1,-1,-1,-1,0,-1
2023332300705,2023,332300705,2,9,0,18,19,1,5,0,0,0,0,0,0,0,1,1,6,6,3,-1,-1,-1,-1,-1,-1,-1,-1,0,-1
2023010458572,2023,010458572,1,1,9,99,99,9,9,99,99,9,9,99,9,99,9,1,6,6,2,27,6,-1,-1,-1,-1,5,E01001960,0,-1
2023411387728,2023,411387728,1,9,0,18,19,-1,-1,0,0,0,0,0,0,0,1,1,6,6,3,-1,-1,-1,-1,-1,-1,-1,-1,0,-1
2023340WN1612,2023,340WN1612,1,-1,0,18,19,1,5,9,9,1,0,0,0,0,1,1,1,1,2,22,5,-1,-1,-1,-1,2,E01027241,1,-1
2023548724623,2023,548724623,2,1,0,18,19,3,7,0,0,0,0,0,0,0,2,1,1,1,1,20,4,-1,-1,-1,-1,5,E01032103,0,-1
2023546032823,2023,546032823,1,9,0,5,5,8,4,0,0,0,0,0,0,0,1,1,1,1,1,32,6,-1,-1,-1,-1,4,E01031895,0,-1
2023430558844,2023,430558844,2,1,0,18,19,6,2,0,0,0,0,0,0,0,2,1,6,6,1,16,4,-1,-1,-1,-1,6,E01028559,0,-1
2023471380623,2023,471380623,1,9,0,5,5,7,2,0,0,0,1,0,6,0,1,1,5,6,2,41,7,-1,-1,-1,-1,2,E01031456,0,-1
2023010450332,2023,010450332,1,9,0,1,1,3,7,0,0,2,0,0,0,0,2,1,6,6,3,-1,-1,-1,-1,-1,-1,-1,-1,0,-1
2023201319055,2023,201319055,2,1,0,18,19,1,5,0,0,0,0,0,0,0,1,1,6,6,1,5,1,-1,-1,-1,-1,5,E01009591,0,-1
2023052400083,2023,052400083,1,9,0,18,19,1,5,0,0,2,0,0,0,0,1,1,6,6,1,54,8,-1,-1,-1,-1,7,E01007301,0,-1
2023991328829,2023,991328829,2,1,0,7,7,1,5,0,0,1,0,0,0,0,2,1,5,6,2,66,10,-1,-1,-1,-1,8,-1,0,-1
2023141347825,2023,141347825,1,9,0,9,9,2,8,0,0,1,0,0,0,0,1,1,6,6,3,25,5,-1,-1,-1,-1,-1,-1,0,-1
2023461344134,2023,461344134,2,9,0,18,19,7,3,0,0,1,0,0,0,0,1,1,6,6,1,42,7,-1,-1,-1,-1,4,E01024197,0,-1
2023161304468,2023,161304468,1,9,0,7,7,3,5,0,0,1,0,0,0,0,4,1,1,1,1,58,9,-1,-1,-1,-1,5,E01013107,0,-1
2023501349529,2023,501349529,2,9,0,18,19,7,3,0,0,0,0,0,0,0,1,1,6,6,3,-1,-1,-1,-1,-1,-1,-1,-1,0,-1
2023461321169,2023,461321169,2,1,0,18,19,7,3,0,0,0,0,0,1,9,0,1,6,6,1,55,8,-1,-1,-1,-1,9,E01024056,0,-1
2023041379651,2023,041379651,1,9,0,18,19,-1,-1,0,0,1,0,0,0,0,-1,1,6,6,3,-1,-1,-1,-1,-1,-1,-1,-1,0,-1
2023131359043,2023,131359043,2,9,0,4,4,5,1,0,0,2,0,0,0,0,2,1,5,6,1,61,9,-1,-1,-1,-1,3,E01010717,0,-1
2023430531059,2023,430531059,2,9,0,18,19,6,2,0,0,1,0,0,0,0,1,1,6,6,1,-1,-1,-1,-1,-1,-1,8,E01016217,0,-1
2023010473519,2023,010473519,1,1,9,99,99,9,9,99,99,9,9,99,9,99,2,1,6,6,2,44,7,-1,-1,-1,-1,5,E01003948,0,-1
2023010450132,2023,010450132,1,1,9,99,99,9,9,99,99,9,9,99,9,99,1,1,6,6,1,27,6,-1,-1,-1,-1,7,E01004508,0,-1
2023010481383,2023,010481383,1,9,0,99,99,9,9,99,99,9,9,99,9,99,1,1,6,6,2,-1,-1,-1,-1,-1,-1,-1,-1,0,-1
2023451343197,2023,451343197,2,9,0,9,9,7,4,0,0,2,0,0,0,0,3,1,1,1,1,24,5,-1,-1,-1,-1,2,E01003390,0,-1
2023010478668,2023,010478668,1,1,9,9,9,9,9,99,99,9,9,99,9,99,2,1,2,2,2,30,6,-1,-1,-1,-1,5,E01003340,0,-1
2023131312526,2023,131312526,2,1,0,18,19,1,5,0,0,1,5,0,0,0,0,1,5,6,1,54,8,-1,-1,-1,-1,9,E01011641,0,-1
2023531369051,2023,531369051,3,90,0,14,14,5,1,0,0,0,0,0,0,0,0,1,1,1,2,21,5,-1,-1,-1,-1,4,E01014038,0,-1
2023161272812,2023,161272812,3,9,0,11,11,3,7,0,0,8,0,0,0,0,0,1,6,6,3,-1,-1,-1,-1,-1,-1,-1,-1,0,-1
2023010461281,2023,010461281,1,1,9,99,99,9,9,99,99,9,9,99,9,99,9,1,2,2,2,50,8,-1,-1,-1,-1,7,E01001657,0,-1
2023440418851,2023,440418851,1,1,0,18,19,2,6,0,0,0,0,0,0,0,1,1,6,6,1,12,3,-1,-1,-1,-1,1,E01017245,0,-1
2023430200853,2023,430200853,2,98,0,12,12,2,6,0,0,7,0,0,0,0,3,1,6,6,3,-1,-1,-1,-1,-1,-1,-1,-1,0,-1
2023010428345,2023,010428345,2,19,0,99,99,9,9,99,99,9,9,99,9,99,3,9,6,6,3,-1,-1,-1,-1,-1,-1,2,E01000600,0,-1
2023201284535,2023,201284535,2,1,0,18,19,6,4,0,0,8,0,0,0,0,3,1,2,2,1,37,7,-1,-1,-1,-1,3,E01009178,0,-1
2023010485025,2023,010485025,1,1,9,99,99,9,9,99,99,9,9,99,9,99,9,1,2,2,1,42,7,-1,-1,-1,-1,3,E01003575,0,-1
2023122301300,2023,122301300,2,98,0,5,5,3,5,0,0,7,0,0,0,0,1,1,6,6,3,-1,-1,-1,-1,-1,-1,-1,-1,0,-1
2023302300180,2023,302300180,2,1,0,18,19,5,1,0,0,1,0,0,0,0,1,1,6,6,1,54,8,-1,-1,-1,-1,7,E01013558,0,-1
2023161261323,2023,161261323,1,9,0,18,19,5,1,0,0,0,2,0,7,9,1,1,6,6,2,63,9,-1,-1,-1,-1,9,E01013243,0,-1
2023131284652,2023,131284652,1,19,0,9,9,-1,-1,0,0,8,-1,-1,-1,-1,-1,1,6,6,3,-1,-1,-1,-1,-1,-1,-1,-1,0,-1
2023610046123,2023,610046123,2,5,0,13,13,6,2,0,0,0,0,0,0,0,2,1,6,6,1,61,9,-1,-1,-1,-1,1,W01001643,0,-1
2023221387833,2023,221387833,1,9,0,18,19,5,1,0,0,0,1,0,0,0,1,1,2,2,1,35,6,-1,-1,-1,-1,8,E01032286,0,-1
2023351358880,2023,351358880,1,17,-1,-1,-1,-1,-1,-1,-1,0,-1,-1,-1,0,-1,1,6,6,3,-1,-1,-1,-1,-1,-1,-1,-1,0,-1
2023440462195,2023,440462195,1,-1,0,18,19,7,3,0,0,8,0,0,0,0,2,1,6,6,2,46,8,-1,-1,-1,-1,2,E01017076,1,-1
202363D011423,2023,63D011423,2,1,0,18,19,6,2,0,0,0,0,0,1,10,3,1,1,1,1,31,6,-1,-1,-1,-1,9,W01000481,0,-1
2023052300705,2023,052300705,1,1,0,18,19,3,7,0,0,0,0,0,0,0,1,1,6,6,1,-1,-1,-1,-1,-1,-1,-1,-1,0,-1
2023201270069,2023,201270069,2,19,0,17,19,8,2,0,0,0,0,0,0,0,4,1,6,6,3,-1,-1,-1,-1,-1,-1,-1,-1,0,-1
2023451329436,2023,451329436,2,9,0,18,19,1,5,0,0,1,0,0,0,0,1,1,6,6,3,25,5,-1,-1,-1,-1,-1,-1,0,-1
2023201277787,2023,201277787,4,9,0,4,4,8,4,0,0,0,0,0,0,0,0,1,6,6,3,-1,-1,-1,-1,-1,-1,-1,-1,0,-1
2023010448204,2023,010448204,1,1,9,99,99,9,9,99,99,9,9,99,9,99,1,1,2,2,1,33,6,-1,-1,-1,-1,2,E01001218,0,-1
2023201389888,2023,201389888,2,1,0,9,9,8,3,0,0,5,0,0,0,0,1,1,6,6,1,66,10,-1,-1,-1,-1,4,E01009205,0,-1
2023131350430,2023,131350430,1,1,0,7,7,5,7,0,0,6,0,0,0,0,-1,1,6,6,3,-1,-1,-1,-1,-1,-1,-1,-1,0,-1
2023211366962,2023,211366962,1,9,-1,-1,-1,-1,-1,-1,-1,-1,-1,-1,-1,0,-1,1,6,6,1,-1,-1,-1,-1,-1,-1,-1,-1,0,-1
2023421342759,2023,421342759,2,1,0,14,14,1,5,0,0,0,2,0,0,0,1,1,6,6,1,20,4,-1,-1,-1,-1,10,E01021584,0,-1
2023401391313,2023,401391313,2,1,0,18,19,3,7,0,0,0,0,0,0,0,3,1,4,7,1,17,4,-1,-1,-1,-1,6,E01017481,0,-1
2023440353570,2023,440353570,1,3,0,7,7,5,1,0,0,8,0,0,3,11,1,1,2,2,1,36,7,-1,-1,-1,-1,9,E01022768,0,-1
2023010471308,2023,010471308,1,9,0,18,19,5,1,0,0,2,0,10,7,0,1,1,6,6,1,57,9,-1,-1,-1,-1,6,E01003311,0,-1
2023131268023,2023,131268023,1,9,0,-1,-1,-1,-1,-1,-1,-1,-1,-1,-1,-1,-1,1,6,6,3,-1,-1,-1,-1,-1,-1,-1,-1,0,-1
2023041329779,2023,041329779,1,9,0,18,19,7,3,0,0,2,1,11,0,0,1,1,6,6,2,41,7,-1,-1,-1,-1,5,E01025228,0,-1
2023610052423,2023,610052423,3,9,0,2,2,0,0,0,0,0,0,0,0,0,2,1,6,6,3,-1,-1,-1,-1,-1,-1,-1,-1,0,-1
2023430316783,2023,430316783,2,9,0,18,19,4,8,0,0,0,0,0,0,0,1,1,6,6,1,-1,-1,-1,-1,-1,-1,-1,-1,0,-1
2023010429522,2023,010429522,2,1,0,18,19,3,7,4,4,1,0,0,0,0,1,1,1,1,1,20,4,-1,-1,-1,-1,1,E01004248,0,-1
2023320088393,2023,320088393,1,9,0,9,9,6,4,0,0,8,0,0,0,0,2,1,6,6,1,36,7,-1,-1,-1,-1,3,E01026124,0,-1
2023031359891,2023,031359891,2,1,-1,18,19,8,4,0,0,0,0,0,0,0,3,1,5,6,1,21,5,-1,-1,-1,-1,5,E01019278,0,-1
2023520400338,2023,520400338,2,11,0,2,2,0,0,0,0,2,0,0,0,0,2,2,6,6,3,-1,-1,-1,-1,-1,-1,-1,-1,0,-1
2023131452717,2023,131452717,2,9,0,18,19,2,6,0,0,8,2,0,0,0,1,1,2,2,1,47,8,-1,-1,-1,-1,7,E01011214,0,-1
2023010419343,2023,010419343,1,9,0,18,19,5,1,0,0,1,0,0,1,1,0,1,6,6,1,51,8,-1,-1,-1,-1,2,E01000104,0,-1
2023010468057,2023,010468057,3,9,0,4,4,1,5,0,0,4,1,0,0,0,1,2,6,6,1,62,9,-1,-1,-1,-1,7,E01001343,0,-1
2023010468659,2023,010468659,1,97,0,18,19,3,7,0,0,0,0,0,0,0,1,1,6,6,1,-1,-1,-1,-1,-1,-1,-1,-1,0,-1
2023141313053,2023,141313053,2,1,0,7,7,2,5,0,0,1,5,0,0,0,1,1,6,6,1,39,7,-1,-1,-1,-1,-1,-1,0,-1
2023161293850,2023,161293850,1,1,0,18,19,7,3,4,4,8,0,0,0,0,4,1,2,2,1,39,7,-1,-1,-1,-1,4,E01012816,0,-1
2023430193027,2023,430193027,1,9,0,13,13,8,4,0,0,1,0,0,0,0,1,1,6,6,1,40,7,-1,-1,-1,-1,-1,-1,0,-1
2023041346945,2023,041346945,1,1,0,17,19,7,3,0,0,1,0,0,0,0,3,1,6,6,1,61,9,-1,-1,-1,-1,9,E01025106,0,-1
2023520400732,2023,520400732,3,9,0,18,19,6,2,0,0,8,0,0,0,0,3,1,6,6,1,62,9,-1,-1,-1,-1,3,E01029062,0,-1
2023440457816,2023,440457816,1,9,0,9,9,7,5,0,0,8,0,0,0,0,1,1,6,6,3,-1,-1,-1,-1,-1,-1,-1,-1,0,-1
2023201378316,2023,201378316,1,9,0,18,19,-1,-1,0,0,0,0,0,0,0,1,1,1,1,1,35,6,-1,-1,-1,-1,2,E01010446,0,-1
2023010423369,2023,010423369,1,9,0,7,7,6,8,0,0,1,0,0,0,0,4,1,6,6,1,25,5,-1,-1,-1,-1,3,E01004600,0,-1
2023010476213,2023,010476213,1,1,9,99,99,9,9,99,99,9,9,99,9,99,1,1,6,6,1,63,9,-1,-1,-1,-1,10,E01001108,0,-1
2023401272893,2023,401272893,2,1,0,18,19,-1,-1,0,0,8,0,0,0,0,2,1,6,6,2,-1,-1,-1,-1,-1,-1,-1,-1,0,-1
2023010429538,2023,010429538,2,1,0,18,19,3,7,0,0,1,0,0,0,0,3,1,2,2,1,58,9,-1,-1,-1,-1,10,E01017819,0,-1
2023320181492,2023,320181492,1,9,0,16,19,6,2,0,0,1,0,0,0,0,3,1,6,6,2,31,6,-1,-1,-1,-1,4,E01026207,0,-1
2023440222635,2023,440222635,1,1,0,18,19,5,1,0,0,1,0,0,0,0,3,1,6,6,1,17,4,-1,-1,-1,-1,6,E01017015,0,-1
2023401276615,2023,401276615,2,1,0,18,19,1,5,9,9,0,0,0,0,0,1,1,6,6,1,12,3,-1,-1,-1,-1,4,E01015796,0,-1
2023161392752,2023,161392752,2,9,0,18,19,1,5,0,0,1,0,0,0,0,1,1,6,6,1,-1,-1,-1,-1,-1,-1,-1,-1,0,-1
2023401275652,2023,401275652,1,2,0,18,19,4,8,0,0,1,0,0,0,0,1,1,6,6,1,27,6,-1,-1,-1,-1,3,E01015738,0,-1
2023501331114,2023,501331114,1,9,0,18,19,3,6,0,0,8,0,0,0,0,3,2,5,6,1,54,8,-1,-1,-1,-1,-1,-1,0,-1
2023010448018,2023,010448018,1,97,0,18,19,7,3,9,9,8,0,0,0,0,1,1,6,6,3,-1,-1,-1,-1,-1,-1,-1,-1,0,-1
2023421276076,2023,421276076,1,-1,0,18,19,2,7,9,9,2,0,0,0,0,1,1,5,6,1,22,5,-1,-1,-1,-1,4,E01021648,1,-1
2023461377767,2023,461377767,2,9,0,18,19,5,1,0,0,0,0,0,0,0,4,1,5,6,1,32,6,-1,-1,-1,-1,1,E01024507,0,-1
2023430265888,2023,430265888,2,9,0,18,19,3,7,0,0,8,0,0,0,0,1,1,2,2,1,19,4,-1,-1,-1,-1,7,E01016264,0,-1
2023141262134,2023,141262134,1,1,0,18,19,2,6,0,0,4,0,0,0,0,2,1,1,1,1,48,8,-1,-1,-1,-1,2,E01007717,0,-1
2023131301329,2023,131301329,2,9,0,18,19,1,1,0,0,1,0,0,0,0,1,1,2,2,1,56,9,-1,-1,-1,-1,8,E01011116,0,-1
2023430085017,2023,430085017,1,1,0,9,9,2,8,0,0,8,0,0,0,0,2,1,2,2,1,30,6,-1,-1,-1,-1,6,E01032955,0,-1
2023541729523,2023,541729523,3,8,0,4,4,8,4,0,0,4,0,0,0,0,1,1,1,1,1,34,6,-1,-1,-1,-1,1,E01014463,0,-1
2023461343582,2023,461343582,1,9,0,18,19,6,2,0,0,0,0,0,0,0,3,1,6,6,3,-1,-1,-1,-1,-1,-1,-1,-1,0,-1
2023471302580,2023,471302580,1,-1,0,18,19,3,7,4,4,0,0,0,0,0,1,1,6,6,1,-1,-1,-1,-1,-1,-1,-1,-1,1,-1
2023440232333,2023,440232333,2,1,0,9,9,1,7,0,0,8,0,0,0,0,4,1,6,6,2,64,9,-1,-1,-1,-1,8,E01022829,0,-1
2023361291651,2023,361291651,2,1,0,18,19,1,7,0,0,8,0,0,0,0,1,1,6,6,1,59,9,-1,-1,-1,-1,6,E01026469,0,-1
2023010463136,2023,010463136,2,90,0,99,99,9,9,99,99,9,9,99,9,99,9,9,6,6,3,-1,-1,-1,-1,-1,-1,-1,-1,0,-1
2023161319152,2023,161319152,1,1,0,9,9,5,3,0,0,8,0,0,0,0,1,1,5,6,1,49,8,-1,-1,-1,-1,6,E01012959,0,-1
2023332300898,2023,332300898,2,1,0,18,19,5,1,9,9,8,0,0,0,0,1,1,6,6,1,29,6,-1,-1,-1,-1,2,E01013605,0,-1
2023161347691,2023,161347691,1,9,0,18,19,1,5,-1,-1,0,0,0,0,0,4,1,6,6,3,-1,-1,-1,-1,-1,-1,-1,-1,0,-1
2023010460094,2023,010460094,1,9,0,9,9,7,5,0,0,3,0,0,0,0,4,1,6,6,1,32,6,-1,-1,-1,-1,4,E01000408,0,-1
2023010451656,2023,010451656,1,1,9,99,99,9,9,99,99,0,9,99,9,99,9,1,6,6,2,23,5,-1,-1,-1,-1,1,E01000521,0,-1
2023440049199,2023,440049199,2,1,0,18,19,3,7,0,0,8,0,0,0,0,1,1,6,6,1,73,10,-1,-1,-1,-1,3,E01017054,0,-1
2023201461712,2023,201461712,1,9,0,1,1,3,7,0,0,6,0,0,0,0,2,1,1,1,3,-1,-1,-1,-1,-1,-1,-1,-1,0,-1
2023010463836,2023,010463836,1,1,9,99,99,9,9,99,99,9,9,99,9,99,1,1,2,2,2,18,4,-1,-1,-1,-1,2,E01004746,0,-1
2023010425079,2023,010425079,2,9,0,99,99,9,9,99,99,9,9,99,9,99,9,9,6,6,3,-1,-1,-1,-1,-1,-1,-1,-1,0,-1
2023440220626,2023,440220626,2,-1,0,18,19,2,6,0,0,8,0,0,0,0,1,1,6,6,1,23,5,-1,-1,-1,-1,1,E01017036,1,-1
2023010453938,2023,010453938,2,-1,9,99,99,9,9,99,99,9,9,99,9,99,9,9,6,6,1,16,4,-1,-1,-1,-1,4,E01023543,1,-1
2023010430164,2023,010430164,2,9,0,18,19,3,7,0,0,1,0,0,0,0,1,1,6,6,3,-1,-1,-1,-1,-1,-1,-1,-1,0,-1
2023010471794,2023,010471794,1,1,9,99,99,9,9,99,99,9,9,99,9,99,1,1,2,2,1,50,8,-1,-1,-1,-1,6,E01024069,0,-1
2023101315285,2023,101315285,1,97,0,16,19,3,5,0,0,4,0,0,0,0,1,1,6,6,1,-1,-1,-1,-1,-1,-1,-1,-1,0,-1
2023991365679,2023,991365679,1,9,0,9,9,2,6,0,0,8,0,0,0,0,1,1,5,6,2,44,7,-1,-1,-1,-1,10,-1,0,-1
2023010456179,2023,010456179,2,9,0,18,19,3,7,0,0,0,0,0,0,0,1,1,6,6,3,-1,-1,-1,-1,-1,-1,-1,-1,0,-1
2023221322156,2023,221322156,3,9,0,16,19,7,2,0,0,0,0,0,0,0,0,1,5,6,1,24,5,-1,-1,-1,-1,5,E01014096,0,-1
2023440404779,2023,440404779,1,1,0,18,19,8,4,0,0,2,0,0,0,0,4,1,2,2,2,59,9,-1,-1,-1,-1,7,E01017247,0,-1
2023010443330,2023,010443330,1,1,9,99,99,9,9,99,99,9,9,99,9,99,9,1,2,2,1,26,6,-1,-1,-1,-1,7,E01004297,0,-1
2023231279101,2023,231279101,3,21,1,3,3,8,4,0,0,1,0,0,0,0,1,1,1,1,1,48,8,-1,-1,-1,-1,7,E01010122,0,-1
2023620014223,2023,620014223,1,3,0,13,13,2,6,0,0,3,0,0,1,0,4,1,6,6,1,21,5,-1,-1,-1,-1,-1,-1,0,-1
2023061299251,2023,061299251,1,9,0,-1,-1,-1,-1,-1,-1,0,-1,-1,-1,0,-1,1,6,6,3,30,6,-1,-1,-1,-1,-1,-1,0,-1
2023311285295,2023,311285295,2,1,0,18,19,5,1,0,0,8,0,0,0,0,1,1,2,2,1,37,7,-1,-1,-1,-1,7,E01028207,0,-1
2023161373709,2023,161373709,2,9,0,18,19,4,8,0,0,0,0,0,0,0,1,1,6,6,3,-1,-1,-1,-1,-1,-1,-1,-1,0,-1
2023111350427,2023,111350427,2,9,0,17,19,6,4,0,0,0,1,10,1,0,0,1,6,6,2,24,5,-1,-1,-1,-1,6,E01008196,0,-1
2023041295585,2023,041295585,1,9,0,1,1,-1,-1,0,0,0,0,0,0,0,2,1,6,6,3,-1,-1,-1,-1,-1,-1,-1,-1,0,-1
2023401389728,2023,401389728,2,1,0,18,19,8,4,0,0,2,0,0,0,0,3,1,6,6,2,59,9,-1,-1,-1,-1,3,E01015769,0,-1
2023052300890,2023,052300890,2,9,0,18,19,7,3,0,0,0,0,0,1,0,4,1,6,6,1,28,6,-1,-1,-1,-1,2,E01007294,0,-1
2023061326157,2023,061326157,2,1,0,18,19,4,8,0,0,1,0,0,0,0,4,1,4,7,1,15,3,-1,-1,-1,-1,7,E01005780,0,-1
2023451381495,2023,451381495,2,9,0,5,5,3,7,0,0,0,0,0,0,0,0,1,6,6,1,23,5,-1,-1,-1,-1,-1,-1,0,-1
2023131295107,2023,131295107,2,9,0,-1,-1,-1,-1,-1,-1,0,-1,-1,-1,-1,-1,1,6,6,3,-1,-1,-1,-1,-1,-1,-1,-1,0,-1
2023010468361,2023,010468361,2,1,0,18,19,5,1,0,0,1,0,0,0,0,4,1,1,1,2,28,6,-1,-1,-1,-1,4,E01001974,0,-1
2023552300792,2023,552300792,2,1,0,18,19,1,5,0,0,8,0,0,0,0,1,1,2,2,1,47,8,-1,-1,-1,-1,6,E01015410,0,-1
2023010427497,2023,010427497,2,1,0,18,19,3,7,0,0,1,0,0,0,0,4,1,6,6,1,32,6,-1,-1,-1,-1,4,E01004457,0,-1
2023010434073,2023,010434073,2,9,0,99,99,9,9,99,99,9,9,99,9,99,1,9,6,6,3,-1,-1,-1,-1,-1,-1,-1,-1,0,-1
2023201413866,2023,201413866,1,9,0,18,19,8,4,0,0,0,0,0,0,0,1,1,6,6,1,-1,-1,-1,-1,-1,-1,-1,-1,0,-1
2023461276727,2023,461276727,1,98,0,18,19,2,6,0,0,0,0,0,0,0,0,1,6,6,3,-1,-1,-1,-1,-1,-1,-1,-1,0,-1
2023461355072,2023,461355072,2,9,0,18,19,1,5,0,0,0,0,0,0,0,2,1,6,6,2,48,8,-1,-1,-1,-1,2,E01016018,0,-1
2023161327945,2023,161327945,1,9,0,-1,-1,-1,-1,-1,-1,0,-1,-1,-1,-1,-1,1,6,6,2,22,5,-1,-1,-1,-1,-1,-1,0,-1
2023522400608,2023,522400608,1,-1,0,18,19,6,2,2,2,0,0,0,0,0,4,1,6,6,1,21,5,-1,-1,-1,-1,6,E01014505,1,-1
2023361353424,2023,361353424,2,9,0,18,19,4,8,0,0,8,1,0,0,0,4,1,5,6,1,71,10,-1,-1,-1,-1,-1,-1,0,-1
2023320579240,2023,320579240,2,9,0,4,4,4,8,0,0,0,0,0,0,0,2,1,6,6,2,48,8,-1,-1,-1,-1,9,E01026225,0,-1
2023440373490,2023,440373490,1,1,0,18,19,8,4,0,0,1,0,0,0,0,1,1,2,2,1,24,5,-1,-1,-1,-1,8,E01017190,0,-1
2023311317340,2023,311317340,1,9,0,18,19,2,6,0,0,0,0,0,0,0,1,1,6,6,2,20,4,-1,-1,-1,-1,-1,-1,0,-1
2023101333221,2023,101333221,1,2,0,18,19,3,7,0,0,2,0,0,0,0,1,1,6,6,1,15,3,-1,-1,-1,-1,1,E01008304,0,-1
2023302301985,2023,302301985,1,8,0,9,9,3,1,0,0,8,0,0,7,1,4,1,6,6,1,39,7,-1,-1,-1,-1,1,E01013566,0,-1
2023311379360,2023,311379360,1,9,0,1,1,1,5,0,0,0,0,0,0,0,2,1,1,1,1,63,9,-1,-1,-1,-1,-1,-1,0,-1
2023351285407,2023,351285407,2,1,2,18,19,1,5,4,4,8,0,0,0,0,1,1,5,6,2,29,6,-1,-1,-1,-1,7,E01017976,0,-1
2023421353946,2023,421353946,1,98,0,12,12,6,2,0,0,0,0,0,0,0,3,1,6,6,3,-1,-1,-1,-1,-1,-1,-1,-1,0,-1
2023010478426,2023,010478426,2,1,0,18,19,8,4,0,0,0,0,0,0,0,3,1,2,2,2,65,9,-1,-1,-1,-1,7,E01004512,0,-1
2023010446706,2023,010446706,2,1,0,13,13,6,2,0,0,1,0,0,0,0,4,1,6,6,1,29,6,-1,-1,-1,-1,4,E01003043,0,-1
2023010473270,2023,010473270,1,1,9,99,99,9,9,99,99,9,9,99,9,99,1,1,6,6,2,25,5,-1,-1,-1,-1,2,E01000600,0,-1
2023311373366,2023,311373366,2,1,0,18,19,4,8,0,0,0,5,0,0,0,3,1,6,6,1,42,7,-1,-1,-1,-1,-1,-1,0,-1