collision_index,collision_year,collision_ref_no,vehicle_reference,vehicle_type,towing_and_articulation,vehicle_manoeuvre_historic,vehicle_manoeuvre,vehicle_direction_from,vehicle_direction_to,vehicle_location_restricted_lane_historic,vehicle_location_restricted_lane,junction_location,skidding_and_overturning,hit_object_in_carriageway,vehicle_leaving_carriageway,hit_object_off_carriageway,first_point_of_impact,vehicle_left_hand_drive,journey_purpose_of_driver_historic,journey_purpose_of_driver,sex_of_driver,age_of_driver,age_band_of_driver,engine_capacity_cc,propulsion_code,age_of_vehicle,generic_make_model,driver_imd_decile,lsoa_of_driver,escooter_flag,driver_distance_banding
2023010449975,2023,010449975,2,1,0,5,5,2,6,0,0,1,0,0,0,0,4,1,2,2,1,47,8,-1,-1,-1,-1,2,E01001653,0,-1
2023991359563,2023,991359563,2,1,0,18,19,5,1,0,0,1,0,0,0,0,4,1,6,6,1,13,3,-1,-1,-1,-1,1,-1,0,-1
2023010438372,2023,010438372,2,11,0,5,5,5,1,0,0,8,0,0,7,0,4,1,6,6,3,-1,-1,-1,-1,-1,-1,-1,-1,0,-1
2023471308793,2023,471308793,2,1,0,18,19,1,5,0,0,8,0,0,0,0,1,1,5,6,2,49,8,-1,-1,-1,-1,3,E01031789,0,-1
2023010443458,2023,010443458,1,1,9,18,19,1,5,99,99,9,9,99,9,99,9,1,6,6,1,58,9,-1,-1,-1,-1,3,E01003293,0,-1
2023430240751,2023,430240751,2,9,0,9,9,7,4,0,0,5,0,0,0,0,1,1,6,6,2,-1,-1,-1,-1,-1,-1,-1,-1,0,-1
2023231314849,2023,231314849,2,22,0,18,19,2,6,9,9,8,0,0,0,0,1,1,6,6,1,88,11,-1,-1,-1,-1,4,E01008997,0,-1
2023440152281,2023,440152281,2,1,0,18,19,4,8,0,0,2,0,0,0,0,1,1,6,6,1,41,7,-1,-1,-1,-1,4,E01017192,0,-1
2023461308029,2023,461308029,2,1,0,4,4,5,1,0,0,1,0,0,7,0,1,1,5,6,1,36,7,-1,-1,-1,-1,9,E01024768,0,-1
2023401272942,2023,401272942,1,9,0,18,19,3,6,0,0,1,0,0,0,0,1,1,6,6,3,-1,-1,-1,-1,-1,-1,-1,-1,0,-1
2023552300531,2023,552300531,1,9,0,18,19,4,8,0,0,0,0,0,0,0,1,1,6,6,1,20,4,-1,-1,-1,-1,10,E01020418,0,-1
2023141347784,2023,141347784,1,9,0,18,19,1,5,0,0,0,1,0,0,0,2,1,6,6,2,26,6,-1,-1,-1,-1,3,E01007680,0,-1
2023430100975,2023,430100975,1,9,0,18,19,1,5,0,0,8,0,0,0,0,1,1,2,2,2,21,5,-1,-1,-1,-1,8,E01017836,0,-1
2023302301061,2023,302301061,1,9,0,18,19,4,8,0,0,1,0,0,0,0,1,1,6,6,3,-1,-1,-1,-1,-1,-1,5,E01019456,0,-1
2023471296273,2023,471296273,1,9,0,18,19,7,3,0,0,2,0,0,0,0,1,1,6,6,3,-1,-1,-1,-1,-1,-1,-1,-1,0,-1
2023061338051,2023,061338051,1,19,0,4,4,2,6,0,0,8,0,0,0,0,2,1,6,6,3,-1,-1,-1,-1,-1,-1,-1,-1,0,-1
2023991313888,2023,991313888,2,9,0,13,13,8,4,0,0,0,0,0,0,0,4,1,5,6,1,80,11,-1,-1,-1,-1,9,-1,0,-1
2023401356070,2023,401356070,1,9,0,18,19,2,6,0,0,8,0,0,0,0,3,1,6,6,2,36,7,-1,-1,-1,-1,2,E01015779,0,-1
2023041290575,2023,041290575,2,9,0,18,19,7,3,0,0,0,0,0,0,0,3,1,1,1,1,64,9,-1,-1,-1,-1,5,E01006896,0,-1
2023501283813,2023,501283813,1,9,0,18,19,2,6,0,0,0,0,0,0,0,1,1,6,6,3,-1,-1,-1,-1,-1,-1,-1,-1,0,-1
2023201411626,2023,201411626,2,9,0,18,19,2,6,0,0,8,0,0,0,0,3,1,1,1,1,29,6,-1,-1,-1,-1,3,E01009106,0,-1
2023052302786,2023,052302786,1,19,0,5,5,5,1,0,0,1,0,0,0,0,1,1,6,6,3,-1,-1,-1,-1,-1,-1,-1,-1,0,-1
2023201411281,2023,201411281,1,1,0,18,19,8,4,0,0,0,0,0,0,0,2,1,6,6,1,29,6,-1,-1,-1,-1,4,E01033625,0,-1
2023010472893,2023,010472893,1,9,0,99,99,9,9,99,99,9,9,99,9,99,1,9,6,6,3,-1,-1,-1,-1,-1,-1,-1,-1,0,-1
2023141331602,2023,141331602,2,9,0,4,4,7,2,0,0,0,0,0,0,0,0,1,6,6,3,43,7,-1,-1,-1,-1,-1,-1,0,-1
2023131272099,2023,131272099,1,9,0,9,9,5,1,0,0,8,0,0,0,0,1,1,1,1,1,52,8,-1,-1,-1,-1,1,E01010650,0,-1
2023991309553,2023,991309553,2,1,0,18,19,8,4,5,5,0,5,0,0,0,2,1,5,6,1,74,10,-1,-1,-1,-1,4,-1,0,-1
2023010472993,2023,010472993,1,-1,0,18,19,3,7,0,0,0,0,0,0,0,1,1,6,6,1,16,4,-1,-1,-1,-1,4,E01000588,1,-1
2023010481651,2023,010481651,2,9,0,18,19,7,3,0,0,1,0,0,0,0,2,1,6,6,3,-1,-1,-1,-1,-1,-1,-1,-1,0,-1
2023122300179,2023,122300179,2,1,0,18,19,1,3,0,0,8,0,0,0,0,3,1,6,6,1,44,7,-1,-1,-1,-1,3,E01027908,0,-1
2023461282228,2023,461282228,3,9,0,18,19,0,0,0,0,0,0,0,0,0,3,1,5,6,1,45,7,-1,-1,-1,-1,6,E01021154,0,-1
2023440021410,2023,440021410,2,21,0,18,19,1,5,0,0,0,0,0,0,0,1,1,6,6,3,-1,-1,-1,-1,-1,-1,-1,-1,0,-1
2023351326617,2023,351326617,1,9,0,18,19,5,1,0,0,0,0,0,0,0,-1,1,6,6,3,-1,-1,-1,-1,-1,-1,-1,-1,0,-1
2023101278456,2023,101278456,1,9,0,1,1,7,3,0,0,1,0,0,0,0,0,1,6,6,1,-1,-1,-1,-1,-1,-1,-1,-1,0,-1
2023430256071,2023,430256071,1,1,0,17,19,7,4,0,0,0,0,0,2,11,4,1,6,6,1,16,4,-1,-1,-1,-1,4,E01030745,0,-1
2023461280781,2023,461280781,1,23,0,18,19,8,4,0,0,8,0,0,0,0,1,1,6,6,3,-1,-1,-1,-1,-1,-1,-1,-1,0,-1
2023010474444,2023,010474444,2,98,0,99,99,9,9,99,99,9,9,99,9,99,1,9,6,6,3,-1,-1,-1,-1,-1,-1,-1,-1,0,-1
2023131269133,2023,131269133,1,9,0,6,6,5,1,0,0,0,0,0,0,0,2,1,5,6,1,35,6,-1,-1,-1,-1,2,E01011815,0,-1
2023311370438,2023,311370438,1,1,0,5,5,2,4,0,0,1,0,0,3,0,2,1,1,1,1,29,6,-1,-1,-1,-1,-1,-1,0,-1
2023061372097,2023,061372097,2,1,-1,-1,-1,-1,-1,-1,-1,0,-1,-1,-1,0,-1,1,2,2,1,23,5,-1,-1,-1,-1,1,E01005094,0,-1
2023010450278,2023,010450278,1,1,9,99,99,9,9,99,99,9,9,99,9,99,9,1,2,2,1,44,7,-1,-1,-1,-1,10,E01031754,0,-1
2023461358328,2023,461358328,2,9,0,18,19,5,4,0,0,0,0,0,0,0,1,1,6,6,1,36,7,-1,-1,-1,-1,3,E01024392,0,-1
2023141346556,2023,141346556,2,-1,0,18,19,7,3,0,0,1,0,0,0,0,1,1,6,6,1,13,3,-1,-1,-1,-1,2,E01007965,1,-1
2023201393044,2023,201393044,1,9,0,18,19,1,6,0,0,8,0,0,0,0,1,1,6,6,3,30,6,-1,-1,-1,-1,-1,-1,0,-1
2023010429976,2023,010429976,2,1,0,18,19,5,1,0,0,1,0,0,0,0,1,1,6,6,1,23,5,-1,-1,-1,-1,6,E01003416,0,-1
2023052301210,2023,052301210,2,1,0,18,19,3,7,0,0,1,0,0,0,0,1,1,6,6,2,23,5,-1,-1,-1,-1,1,E01006691,0,-1
2023332301293,2023,332301293,2,9,0,18,19,9,9,0,0,6,0,0,0,0,9,1,6,6,3,-1,-1,-1,-1,-1,-1,-1,-1,0,-1
2023010431556,2023,010431556,1,9,9,99,99,9,9,0,0,9,0,99,0,0,1,1,6,6,3,-1,-1,-1,-1,-1,-1,-1,-1,0,-1
2023501349434,2023,501349434,2,1,0,18,19,4,8,0,0,2,0,0,0,0,3,1,5,6,1,39,7,-1,-1,-1,-1,7,E01020249,0,-1
2023351387665,2023,351387665,2,1,0,3,3,3,7,0,0,1,0,0,0,0,1,1,1,1,1,57,9,-1,-1,-1,-1,5,E01018084,0,-1
2023351287071,2023,351287071,1,9,0,9,9,6,7,0,0,1,5,0,1,9,1,1,5,6,1,22,5,-1,-1,-1,-1,3,E01018097,0,-1
2023201295672,2023,201295672,1,9,0,9,9,2,8,0,0,6,0,0,0,0,1,1,6,6,1,-1,-1,-1,-1,-1,-1,-1,-1,0,-1
2023440451687,2023,440451687,1,9,0,10,10,2,6,0,0,1,0,0,8,10,2,1,6,6,2,54,8,-1,-1,-1,-1,6,E01017214,0,-1
2023522400483,2023,522400483,2,9,0,12,12,2,6,0,0,0,0,7,0,2,1,1,6,6,2,43,7,-1,-1,-1,-1,2,E01014602,0,-1
2023421372725,2023,421372725,1,9,0,18,19,6,3,0,0,0,0,0,0,0,1,1,6,6,3,-1,-1,-1,-1,-1,-1,-1,-1,0,-1
2023131320077,2023,131320077,2,1,0,18,19,4,8,0,0,8,0,0,0,0,1,1,6,6,2,25,5,-1,-1,-1,-1,2,E01011691,0,-1
2023010447879,2023,010447879,3,1,9,99,99,9,9,99,99,9,9,99,9,99,9,9,6,6,3,-1,-1,-1,-1,-1,-1,-1,-1,0,-1
2023401331417,2023,401331417,2,-1,0,18,19,8,4,0,0,0,0,0,0,0,2,1,6,6,3,-1,-1,-1,-1,-1,-1,-1,-1,0,-1
2023320061234,2023,320061234,1,90,0,18,19,6,2,9,9,1,5,0,0,0,0,1,6,6,1,64,9,-1,-1,-1,-1,4,E01026288,0,-1
2023031380515,2023,031380515,1,9,0,18,19,8,4,0,0,0,0,0,0,0,1,1,6,6,1,31,6,-1,-1,-1,-1,8,E01019242,0,-1
2023061386417,2023,061386417,2,1,0,18,19,5,1,0,0,1,0,0,0,0,1,1,5,6,1,71,10,-1,-1,-1,-1,4,E01005499,0,-1
2023141315694,2023,141315694,2,9,0,-1,-1,-1,-1,-1,-1,0,-1,-1,-1,0,-1,1,6,6,3,-1,-1,-1,-1,-1,-1,-1,-1,0,-1
2023351368945,2023,351368945,2,1,0,18,19,-1,-1,0,0,1,0,0,0,0,-1,1,5,6,1,24,5,-1,-1,-1,-1,10,E01018292,0,-1
2023552300139,2023,552300139,1,22,0,18,19,4,8,0,0,0,0,0,0,0,3,1,6,6,2,90,11,-1,-1,-1,-1,-1,-1,0,-1
2023201284378,2023,201284378,1,9,0,18,19,8,4,0,0,0,0,0,0,0,1,1,6,6,3,-1,-1,-1,-1,-1,-1,-1,-1,0,-1
2023131263050,2023,131263050,1,9,0,18,19,8,4,0,0,8,0,0,0,0,1,1,5,6,1,40,7,-1,-1,-1,-1,6,E01011885,0,-1
2023010462905,2023,010462905,2,1,9,99,99,9,9,99,99,9,9,99,9,99,9,1,6,6,1,-1,-1,-1,-1,-1,-1,-1,-1,0,-1
2023520400335,2023,520400335,1,1,0,18,19,1,2,0,0,0,0,0,0,0,1,1,6,6,3,-1,-1,-1,-1,-1,-1,-1,-1,0,-1
2023010432977,2023,010432977,1,9,0,18,19,2,6,0,0,0,0,0,0,0,1,1,6,6,3,-1,-1,-1,-1,-1,-1,-1,-1,0,-1
2023440156466,2023,440156466,1,9,0,18,19,1,5,0,0,0,0,0,0,0,0,1,6,6,3,-1,-1,-1,-1,-1,-1,-1,-1,0,-1
2023552301084,2023,552301084,2,1,0,9,9,8,6,0,0,1,0,0,0,0,3,1,6,6,1,57,9,-1,-1,-1,-1,6,E01029153,0,-1
2023221312794,2023,221312794,1,4,0,18,19,5,1,0,0,0,1,0,7,11,1,1,6,6,1,48,8,-1,-1,-1,-1,-1,-1,0,-1
2023101368177,2023,101368177,1,9,0,18,19,5,1,0,0,0,0,0,0,0,1,1,6,6,1,40,7,-1,-1,-1,-1,-1,-1,0,-1
2023461358405,2023,461358405,1,1,0,5,5,7,3,0,0,8,0,0,0,0,4,1,6,6,1,80,11,-1,-1,-1,-1,4,E01024197,0,-1
2023201406118,2023,201406118,2,1,0,18,19,8,4,0,0,0,0,0,0,0,9,1,6,6,2,23,5,-1,-1,-1,-1,7,E01009554,0,-1
2023010476046,2023,010476046,2,1,0,18,19,1,5,0,0,8,5,0,0,0,1,1,6,6,1,54,8,-1,-1,-1,-1,5,E01003019,0,-1
2023471283707,2023,471283707,3,9,0,10,10,1,7,0,0,1,0,4,0,0,3,1,2,2,1,51,8,-1,-1,-1,-1,6,E01031661,0,-1
2023010477735,2023,010477735,1,1,9,99,99,9,9,99,99,1,9,99,9,99,9,1,6,6,1,47,8,-1,-1,-1,-1,7,E01000845,0,-1
2023451387155,2023,451387155,1,1,0,18,19,7,3,0,0,0,2,0,0,0,3,1,3,7,1,17,4,-1,-1,-1,-1,9,E01030330,0,-1
2023540375523,2023,540375523,2,9,0,4,4,3,7,0,0,4,0,0,0,0,2,1,6,6,1,55,8,-1,-1,-1,-1,8,E01031977,0,-1
2023440348314,2023,440348314,1,1,0,18,19,0,0,0,0,0,0,0,0,0,0,1,6,6,2,62,9,-1,-1,-1,-1,10,E01030894,0,-1
2023122301333,2023,122301333,1,1,0,18,19,8,5,0,0,1,0,0,0,0,1,1,6,6,1,16,4,-1,-1,-1,-1,6,E01027784,0,-1
2023461265762,2023,461265762,2,9,0,2,2,0,0,0,0,0,0,0,0,0,3,1,6,6,1,45,7,-1,-1,-1,-1,7,E01002343,0,-1
2023231265189,2023,231265189,1,1,0,18,19,6,2,0,0,8,0,0,1,2,3,1,6,6,1,21,5,-1,-1,-1,-1,4,E01029831,0,-1
2023010452359,2023,010452359,2,1,0,18,19,1,5,0,0,1,0,0,0,0,4,1,6,6,1,33,6,-1,-1,-1,-1,5,E01003080,0,-1
2023440240759,2023,440240759,1,9,0,16,19,1,4,0,0,0,1,0,4,6,1,1,6,6,2,38,7,-1,-1,-1,-1,1,E01017035,0,-1
2023031333698,2023,031333698,2,1,0,18,19,1,1,0,0,8,0,0,0,0,1,1,6,6,1,32,6,-1,-1,-1,-1,5,E01010921,0,-1
2023471259748,2023,471259748,3,19,-1,10,10,7,5,0,0,1,0,0,0,0,0,1,6,6,3,-1,-1,-1,-1,-1,-1,-1,-1,0,-1
2023430192785,2023,430192785,2,9,0,18,19,4,8,0,0,8,0,0,0,0,1,1,6,6,1,49,8,-1,-1,-1,-1,8,E01016775,0,-1
2023501285272,2023,501285272,1,9,0,18,19,3,7,0,0,0,1,0,2,10,1,1,5,6,1,30,6,-1,-1,-1,-1,8,E01019889,0,-1
2023461363189,2023,461363189,1,3,0,18,19,7,3,0,0,0,0,0,0,0,1,1,6,6,3,-1,-1,-1,-1,-1,-1,-1,-1,0,-1
2023440252873,2023,440252873,1,1,0,16,19,5,8,0,0,0,0,0,0,0,1,1,6,6,1,49,8,-1,-1,-1,-1,7,E01032881,0,-1
2023061284039,2023,061284039,2,9,-1,-1,-1,-1,-1,-1,-1,0,-1,-1,-1,0,-1,1,6,6,3,-1,-1,-1,-1,-1,-1,-1,-1,0,-1
2023010434247,2023,010434247,2,9,0,18,19,3,7,0,0,8,0,0,0,0,1,1,6,6,1,-1,-1,-1,-1,-1,-1,5,E01030814,0,-1
2023010436251,2023,010436251,2,9,0,18,19,5,1,0,0,0,0,0,0,0,1,1,6,6,3,-1,-1,-1,-1,-1,-1,-1,-1,0,-1
2023201391475,2023,201391475,2,9,9,99,99,4,8,0,0,1,0,0,0,0,4,1,6,6,3,-1,-1,-1,-1,-1,-1,-1,-1,0,-1
2023552300324,2023,552300324,2,1,0,18,19,5,1,0,0,8,0,0,0,0,4,1,1,1,1,60,9,-1,-1,-1,-1,3,E01015306,0,-1
2023340NN0282,2023,340NN0282,2,1,0,18,19,1,5,9,9,8,0,0,0,0,1,1,6,6,1,75,10,-1,-1,-1,-1,10,E01027115,0,-1
202360A010136,2023,60A010136,1,98,0,17,19,8,5,0,0,2,5,0,1,4,1,1,6,6,1,32,6,-1,-1,-1,-1,-1,-1,0,-1
2023010473703,2023,010473703,2,1,0,18,19,5,1,0,0,0,0,0,0,0,3,1,1,1,1,50,8,-1,-1,-1,-1,2,E01002633,0,-1
2023010421872,2023,010421872,2,9,0,99,99,9,9,99,99,9,9,99,9,99,9,9,6,6,3,-1,-1,-1,-1,-1,-1,-1,-1,0,-1
2023421388179,2023,421388179,1,22,0,18,19,-1,-1,0,0,0,0,0,0,0,3,1,6,6,2,-1,-1,-1,-1,-1,-1,-1,-1,0,-1
2023041346864,2023,041346864,1,9,0,18,19,1,5,9,9,1,0,0,0,0,1,1,2,2,1,30,6,-1,-1,-1,-1,3,E01025058,0,-1
2023061325984,2023,061325984,1,9,0,5,5,4,7,0,0,1,0,0,0,0,1,1,6,6,1,30,6,-1,-1,-1,-1,-1,-1,0,-1
2023430206469,2023,430206469,2,9,0,18,19,8,4,0,0,4,0,0,0,0,1,1,6,6,1,-1,-1,-1,-1,-1,-1,-1,-1,0,-1
2023010459679,2023,010459679,1,9,0,7,7,1,4,4,4,8,0,0,0,0,4,1,6,6,3,-1,-1,-1,-1,-1,-1,-1,-1,0,-1
2023552300954,2023,552300954,1,9,0,5,5,8,4,0,0,6,0,0,0,0,1,1,6,6,1,18,4,-1,-1,-1,-1,6,E01029156,0,-1
2023471329187,2023,471329187,1,9,0,15,15,1,5,0,0,0,0,0,0,0,0,1,6,6,1,-1,-1,-1,-1,-1,-1,-1,-1,0,-1
202363D019323,2023,63D019323,2,19,0,13,13,7,3,0,0,8,0,0,7,10,1,1,1,1,1,25,5,-1,-1,-1,-1,1,E01006903,0,-1
2023131278950,2023,131278950,1,8,0,-1,-1,-1,-1,-1,-1,6,-1,-1,-1,0,-1,1,6,6,3,-1,-1,-1,-1,-1,-1,1,E01010814,0,-1
2023430088443,2023,430088443,2,1,0,18,19,3,7,0,0,8,0,0,0,0,1,1,6,6,2,47,8,-1,-1,-1,-1,3,E01004373,0,-1
2023131350747,2023,131350747,2,1,0,18,19,7,3,0,0,2,5,0,0,0,4,1,5,6,1,37,7,-1,-1,-1,-1,3,E01010569,0,-1
2023991307140,2023,991307140,2,1,0,9,9,4,2,0,0,1,0,0,0,0,1,1,5,6,1,48,8,-1,-1,-1,-1,-1,-1,0,-1
2023010473500,2023,010473500,2,-1,0,18,19,1,5,0,0,9,0,0,0,0,9,9,6,6,1,-1,-1,-1,-1,-1,-1,3,E01003430,1,-1
2023010426187,2023,010426187,1,8,0,99,99,9,9,99,99,9,9,99,9,99,1,9,6,6,3,-1,-1,-1,-1,-1,-1,-1,-1,0,-1
2023010423362,2023,010423362,1,5,0,99,99,9,9,99,99,9,9,99,9,99,1,1,2,2,1,28,6,-1,-1,-1,-1,3,E01004355,0,-1
2023010446094,2023,010446094,2,-1,0,18,19,5,1,0,0,6,0,8,0,0,1,1,6,6,1,18,4,-1,-1,-1,-1,3,E01001466,1,-1
2023440197693,2023,440197693,1,9,0,4,4,5,1,0,0,1,0,0,0,0,2,1,6,6,1,56,9,-1,-1,-1,-1,-1,-1,0,-1
2023010429775,2023,010429775,2,1,0,11,11,5,1,0,0,8,0,0,0,0,1,1,1,1,1,35,6,-1,-1,-1,-1,2,E01003922,0,-1
2023332301259,2023,332301259,2,1,0,18,19,5,1,0,0,8,0,0,0,0,3,1,6,6,1,49,8,-1,-1,-1,-1,3,E01025905,0,-1
2023430277105,2023,430277105,2,97,0,18,19,8,4,0,0,8,0,0,0,0,3,1,6,6,1,-1,-1,-1,-1,-1,-1,-1,-1,0,-1
2023061394252,2023,061394252,1,98,0,3,3,-1,-1,0,0,0,0,0,0,0,0,1,6,6,3,-1,-1,-1,-1,-1,-1,7,E01004880,0,-1
2023522400289,2023,522400289,2,9,0,13,13,5,1,0,0,8,0,0,0,0,1,1,6,6,1,-1,-1,-1,-1,-1,-1,-1,-1,0,-1
2023430503017,2023,430503017,1,11,0,4,4,7,3,0,0,0,0,0,0,0,4,1,1,1,1,45,7,-1,-1,-1,-1,-1,-1,0,-1
2023052301646,2023,052301646,1,19,0,18,19,1,5,0,0,1,0,0,0,0,1,1,6,6,3,-1,-1,-1,-1,-1,-1,-1,-1,0,-1
2023461372368,2023,461372368,1,9,0,18,19,5,1,9,9,0,0,0,0,0,-1,1,6,6,3,-1,-1,-1,-1,-1,-1,-1,-1,0,-1
2023101343506,2023,101343506,1,1,0,16,19,3,7,0,0,0,0,0,8,4,1,1,5,6,1,32,6,-1,-1,-1,-1,10,E01027513,0,-1
2023430205718,2023,430205718,2,1,0,18,19,6,2,0,0,8,0,0,0,0,1,1,2,2,1,37,7,-1,-1,-1,-1,7,E01032728,0,-1
2023052302220,2023,052302220,2,1,0,18,19,7,3,0,0,3,0,0,0,0,4,1,2,2,1,55,8,-1,-1,-1,-1,5,E01007106,0,-1
2023311360767,2023,311360767,1,9,0,17,19,2,6,0,0,8,0,0,0,0,0,1,6,6,3,-1,-1,-1,-1,-1,-1,-1,-1,0,-1
2023430159426,2023,430159426,1,9,0,7,7,6,8,0,0,5,0,0,0,0,1,1,6,6,3,-1,-1,-1,-1,-1,-1,-1,-1,0,-1
2023552400040,2023,552400040,2,-1,0,18,19,2,6,0,0,4,0,0,0,0,1,1,6,6,1,33,6,-1,-1,-1,-1,7,E01015446,1,-1
2023161377138,2023,161377138,1,1,0,18,19,1,5,0,0,0,0,0,0,0,2,1,6,6,2,37,7,-1,-1,-1,-1,1,E01012809,0,-1
2023430325647,2023,430325647,1,1,0,18,19,8,4,0,0,0,0,0,0,0,1,1,6,6,1,46,8,-1,-1,-1,-1,6,E01002968,0,-1
2023471357287,2023,471357287,2,9,0,-1,-1,-1,-1,-1,-1,-1,-1,-1,-1,0,-1,1,6,6,2,-1,-1,-1,-1,-1,-1,-1,-1,0,-1
2023052302869,2023,052302869,1,9,0,18,19,2,6,0,0,0,0,0,0,0,4,1,6,6,3,-1,-1,-1,-1,-1,-1,-1,-1,0,-1
2023010474888,2023,010474888,1,9,0,9,9,7,5,0,0,1,0,0,0,0,3,1,6,6,3,-1,-1,-1,-1,-1,-1,-1,-1,0,-1
2023411344630,2023,411344630,1,1,0,18,19,3,7,5,5,1,0,0,0,0,0,1,5,6,1,15,3,-1,-1,-1,-1,5,E01023761,0,-1
2023061317485,2023,061317485,2,9,0,1,1,7,2,9,9,5,0,0,0,0,2,1,6,6,2,30,6,-1,-1,-1,-1,-1,-1,0,-1
2023302300456,2023,302300456,3,9,0,13,13,6,2,0,0,2,0,0,0,0,0,1,6,6,3,-1,-1,-1,-1,-1,-1,5,E01019456,0,-1
2023061338963,2023,061338963,2,1,0,8,8,3,6,5,5,0,0,0,0,0,3,1,5,6,1,16,4,-1,-1,-1,-1,5,E01006156,0,-1
2023052301656,2023,052301656,1,1,0,18,19,1,5,0,0,8,0,0,0,0,1,1,2,2,1,52,8,-1,-1,-1,-1,4,E01007040,0,-1
2023010451037,2023,010451037,1,19,9,18,19,6,2,0,0,1,0,11,0,0,3,9,6,6,3,-1,-1,-1,-1,-1,-1,-1,-1,0,-1
2023351380304,2023,351380304,2,1,0,17,19,3,1,0,0,8,0,0,0,0,1,1,5,6,1,22,5,-1,-1,-1,-1,9,E01003884,0,-1
2023471315434,2023,471315434,1,1,0,18,19,7,3,4,4,0,0,0,0,0,1,1,6,6,3,-1,-1,-1,-1,-1,-1,-1,-1,0,-1
2023010446436,2023,010446436,2,1,0,18,19,8,4,0,0,1,0,0,0,0,3,1,6,6,1,61,9,-1,-1,-1,-1,1,E01002040,0,-1
2023041285802,2023,041285802,1,98,0,18,19,1,3,0,0,2,0,0,0,0,4,1,6,6,3,-1,-1,-1,-1,-1,-1,-1,-1,0,-1
2023010425021,2023,010425021,2,1,0,18,19,7,3,0,0,1,0,8,0,0,1,1,6,6,1,40,7,-1,-1,-1,-1,3,E01004019,0,-1
2023221374396,2023,221374396,2,9,0,18,19,8,5,0,0,8,0,0,0,0,1,1,2,2,1,21,5,-1,-1,-1,-1,7,E01032392,0,-1
2023041343593,2023,041343593,1,9,0,18,19,1,5,0,0,0,1,0,0,0,1,1,2,2,1,31,6,-1,-1,-1,-1,5,E01028834,0,-1
2023010450051,2023,010450051,2,1,0,18,19,1,5,0,0,1,0,0,0,0,1,1,6,6,2,39,7,-1,-1,-1,-1,9,E01004632,0,-1
2023010451226,2023,010451226,2,1,0,18,19,1,5,0,0,1,0,0,0,0,4,1,6,6,2,43,7,-1,-1,-1,-1,7,E01002683,0,-1
2023122300826,2023,122300826,2,1,0,7,7,5,3,0,0,1,1,0,0,0,1,1,6,6,1,22,5,-1,-1,-1,-1,6,E01027570,0,-1
2023461263820,2023,461263820,2,1,0,18,19,3,7,0,0,8,0,0,0,0,2,1,6,6,1,61,9,-1,-1,-1,-1,8,E01024057,0,-1
2023010423234,2023,010423234,1,9,9,99,99,9,9,99,99,9,9,99,9,99,9,9,6,6,3,-1,-1,-1,-1,-1,-1,-1,-1,0,-1
2023501316904,2023,501316904,2,1,0,18,19,3,1,0,0,0,0,0,0,0,1,1,6,6,1,68,10,-1,-1,-1,-1,6,E01030245,0,-1
2023010436268,2023,010436268,2,9,0,99,99,9,9,99,99,9,9,99,9,99,1,9,6,6,3,-1,-1,-1,-1,-1,-1,-1,-1,0,-1
2023052303079,2023,052303079,1,9,0,18,19,3,7,0,0,0,0,0,0,0,1,1,6,6,1,-1,-1,-1,-1,-1,-1,-1,-1,0,-1
2023010453451,2023,010453451,2,2,0,99,99,9,9,99,99,9,9,99,9,99,2,1,6,6,3,-1,-1,-1,-1,-1,-1,-1,-1,0,-1
2023131319190,2023,131319190,2,9,0,18,19,1,5,0,0,1,1,0,0,0,1,1,5,6,1,40,7,-1,-1,-1,-1,8,E01011769,0,-1
2023991321776,2023,991321776,1,1,0,16,19,6,2,0,0,0,5,0,1,0,0,1,5,6,1,39,7,-1,-1,-1,-1,-1,-1,0,-1
2023340NN3472,2023,340NN3472,2,9,0,18,19,8,4,0,0,8,0,0,0,0,1,1,6,6,2,48,8,-1,-1,-1,-1,8,E01027089,0,-1
2023010437234,2023,010437234,1,1,9,99,99,9,9,99,99,0,9,99,9,99,9,1,2,2,2,25,5,-1,-1,-1,-1,4,E01004234,0,-1
2023552300837,2023,552300837,2,1,0,18,19,1,5,0,0,0,0,0,0,0,3,1,6,6,1,33,6,-1,-1,-1,-1,4,E01015276,0,-1
2023010486082,2023,010486082,2,9,9,99,99,9,9,99,99,9,9,99,9,99,9,9,6,6,3,-1,-1,-1,-1,-1,-1,-1,-1,0,-1
2023010468416,2023,010468416,1,1,9,99,99,9,9,99,99,0,9,99,9,99,2,1,2,2,1,45,7,-1,-1,-1,-1,1,E01004035,0,-1
2023131388381,2023,131388381,1,90,0,18,19,1,5,0,0,3,0,0,0,0,-1,1,6,6,3,-1,-1,-1,-1,-1,-1,-1,-1,0,-1
2023522400478,2023,522400478,1,1,0,18,19,6,2,0,0,0,0,0,0,0,3,1,6,6,1,36,7,-1,-1,-1,-1,9,E01032674,0,-1
2023991304496,2023,991304496,2,1,0,5,5,8,4,0,0,5,0,0,0,0,1,1,5,6,1,37,7,-1,-1,-1,-1,-1,-1,0,-1
2023061292888,2023,061292888,2,8,0,17,19,3,7,0,0,8,0,0,0,0,1,1,6,6,1,44,7,-1,-1,-1,-1,1,E01004877,0,-1
2023010482975,2023,010482975,1,1,9,18,19,7,3,0,0,1,9,99,9,0,1,1,6,6,1,-1,-1,-1,-1,-1,-1,-1,-1,0,-1
2023471262875,2023,471262875,1,9,0,3,3,8,4,0,0,0,0,0,0,0,4,1,6,6,3,-1,-1,-1,-1,-1,-1,-1,-1,0,-1
2023161332544,2023,161332544,2,1,0,18,19,7,3,0,0,6,0,0,0,0,1,1,6,6,1,21,5,-1,-1,-1,-1,5,E01013317,0,-1
2023451272391,2023,451272391,1,9,0,17,19,4,8,0,0,0,5,0,0,0,4,1,5,6,1,18,4,-1,-1,-1,-1,10,E01030541,0,-1
2023302300872,2023,302300872,1,1,0,18,19,4,8,0,0,8,0,0,0,0,1,1,6,6,1,17,4,-1,-1,-1,-1,4,E01019433,0,-1
2023010446314,2023,010446314,2,1,0,14,14,3,7,0,0,1,0,0,0,0,2,1,2,2,2,42,7,-1,-1,-1,-1,7,E01000457,0,-1
2023010428093,2023,010428093,1,1,9,99,99,9,9,99,99,9,9,99,9,99,9,1,6,6,1,34,6,-1,-1,-1,-1,7,E01003778,0,-1