collision_index,collision_year,collision_ref_no,vehicle_reference,vehicle_type,towing_and_articulation,vehicle_manoeuvre_historic,vehicle_manoeuvre,vehicle_direction_from,vehicle_direction_to,vehicle_location_restricted_lane_historic,vehicle_location_restricted_lane,junction_location,skidding_and_overturning,hit_object_in_carriageway,vehicle_leaving_carriageway,hit_object_off_carriageway,first_point_of_impact,vehicle_left_hand_drive,journey_purpose_of_driver_historic,journey_purpose_of_driver,sex_of_driver,age_of_driver,age_band_of_driver,engine_capacity_cc,propulsion_code,age_of_vehicle,generic_make_model,driver_imd_decile,lsoa_of_driver,escooter_flag,driver_distance_banding
2023471330826,2023,471330826,3,17,0,18,19,1,5,0,0,1,0,0,0,0,0,1,6,6,3,-1,-1,-1,-1,-1,-1,-1,-1,0,-1
2023421351258,2023,421351258,2,1,0,13,13,5,1,0,0,0,0,0,0,0,-1,1,2,2,1,55,8,-1,-1,-1,-1,6,E01021536,0,-1
2023122300735,2023,122300735,1,1,0,16,19,2,6,0,0,0,0,0,7,11,1,1,6,6,1,35,6,-1,-1,-1,-1,1,E01009212,0,-1
2023361316456,2023,361316456,2,1,0,18,19,7,3,0,0,8,0,0,0,0,4,1,6,6,1,55,8,-1,-1,-1,-1,6,E01026781,0,-1
2023141373606,2023,141373606,3,9,0,-1,-1,-1,-1,-1,-1,0,-1,-1,-1,0,-1,1,6,6,3,-1,-1,-1,-1,-1,-1,-1,-1,0,-1
2023451352461,2023,451352461,2,21,1,18,19,8,4,0,0,0,0,0,0,0,3,1,6,6,1,30,6,-1,-1,-1,-1,-1,-1,0,-1
2023430287637,2023,430287637,1,97,0,18,19,5,1,0,0,0,1,0,1,9,1,1,6,6,1,17,4,-1,-1,-1,-1,-1,-1,0,-1
2023552301031,2023,552301031,1,9,0,18,19,2,6,0,0,0,0,0,0,0,4,1,6,6,3,-1,-1,-1,-1,-1,-1,-1,-1,0,-1
2023522400054,2023,522400054,1,1,0,18,19,5,1,9,9,0,0,0,0,0,3,1,6,6,1,14,3,-1,-1,-1,-1,3,E01014809,0,-1
2023548369323,2023,548369323,4,9,0,2,2,0,0,0,0,0,0,0,0,0,4,1,6,6,1,-1,-1,-1,-1,-1,-1,-1,-1,0,-1
2023991370979,2023,991370979,2,1,0,18,19,2,6,0,0,8,5,0,0,0,4,1,2,2,2,37,7,-1,-1,-1,-1,7,-1,0,-1
2023302301972,2023,302301972,1,9,0,13,13,2,6,0,0,0,0,0,0,0,0,1,6,6,3,-1,-1,-1,-1,-1,-1,5,E01019456,0,-1
2023122301344,2023,122301344,1,1,0,18,19,6,2,5,5,0,0,12,0,0,1,1,6,6,1,57,9,-1,-1,-1,-1,10,E01027700,0,-1
2023010467368,2023,010467368,1,97,0,99,99,9,9,99,99,0,9,99,9,99,1,9,6,6,3,-1,-1,-1,-1,-1,-1,-1,-1,0,-1
2023451331014,2023,451331014,2,1,0,9,9,5,1,0,0,5,0,0,0,0,1,1,5,6,1,12,3,-1,-1,-1,-1,4,E01030304,0,-1
2023421293323,2023,421293323,1,20,0,18,19,5,1,0,0,0,0,0,0,0,3,1,1,1,1,51,8,-1,-1,-1,-1,-1,-1,0,-1
2023332300478,2023,332300478,1,9,0,18,19,6,2,0,0,0,0,0,0,0,1,1,6,6,3,-1,-1,-1,-1,-1,-1,-1,-1,0,-1
2023170M11573,2023,170M11573,2,1,0,18,19,4,8,0,0,8,0,0,0,0,4,1,6,6,1,68,10,-1,-1,-1,-1,7,E01012055,0,-1
2023061333297,2023,061333297,1,9,-1,9,9,1,5,0,0,2,0,0,0,0,1,1,6,6,1,25,5,-1,-1,-1,-1,-1,-1,0,-1
2023631332730,2023,631332730,1,9,0,18,19,8,4,0,0,0,0,0,0,0,1,1,6,6,1,26,6,-1,-1,-1,-1,10,W01001935,0,-1
2023991282142,2023,991282142,2,9,0,3,3,2,6,0,0,0,0,0,0,0,3,1,6,6,1,36,7,-1,-1,-1,-1,1,-1,0,-1
2023371359392,2023,371359392,2,1,0,15,15,8,4,0,0,1,5,0,0,0,3,1,6,6,1,20,4,-1,-1,-1,-1,6,E01029919,0,-1
2023371374993,2023,371374993,1,1,0,18,19,7,3,0,0,1,0,0,0,0,1,1,6,6,1,31,6,-1,-1,-1,-1,-1,-1,0,-1
2023010470303,2023,010470303,2,9,9,99,99,9,9,99,99,9,9,99,9,99,1,9,6,6,3,-1,-1,-1,-1,-1,-1,-1,-1,0,-1
2023461373580,2023,461373580,1,9,0,4,4,6,4,0,0,1,0,0,0,0,1,1,5,6,1,20,4,-1,-1,-1,-1,2,E01016025,0,-1
2023320412003,2023,320412003,2,9,0,9,9,8,6,0,0,5,0,0,0,0,2,1,6,6,1,21,5,-1,-1,-1,-1,4,E01026256,0,-1
2023522400361,2023,522400361,2,9,0,9,9,4,3,0,0,5,0,0,0,0,3,1,6,6,1,-1,-1,-1,-1,-1,-1,-1,-1,0,-1
2023010431261,2023,010431261,2,8,0,7,7,1,3,0,0,2,0,0,0,0,0,1,6,6,3,-1,-1,-1,-1,-1,-1,-1,-1,0,-1
2023131270422,2023,131270422,1,9,0,18,19,3,7,0,0,2,0,0,0,0,1,1,6,6,3,-1,-1,-1,-1,-1,-1,-1,-1,0,-1
2023071089536,2023,071089536,1,9,0,6,6,6,2,0,0,0,0,0,6,0,0,1,6,6,3,-1,-1,-1,-1,-1,-1,-1,-1,0,-1
2023010433103,2023,010433103,2,1,0,3,3,3,7,0,0,1,0,0,2,10,1,1,6,6,1,50,8,-1,-1,-1,-1,3,E01033699,0,-1
2023010426000,2023,010426000,1,1,9,99,99,9,9,99,99,9,9,99,9,99,2,1,6,6,1,28,6,-1,-1,-1,-1,2,E01003265,0,-1
2023070882908,2023,070882908,1,9,0,18,19,4,7,0,0,0,0,0,0,0,0,1,1,1,3,-1,-1,-1,-1,-1,-1,-1,-1,0,-1
2023461357283,2023,461357283,2,1,0,18,19,3,7,0,0,8,0,0,0,0,1,1,6,6,1,74,10,-1,-1,-1,-1,2,E01024398,0,-1
2023351383408,2023,351383408,2,9,0,11,11,1,4,0,0,0,1,0,2,9,1,1,6,6,1,80,11,-1,-1,-1,-1,9,E01018136,0,-1
2023411305412,2023,411305412,1,9,0,13,13,3,7,0,0,0,0,0,7,0,1,1,5,6,1,56,9,-1,-1,-1,-1,5,E01023533,0,-1
2023622300744,2023,622300744,2,1,0,18,19,6,2,0,0,1,0,0,0,0,1,1,6,6,1,47,8,-1,-1,-1,-1,9,W01000906,0,-1
2023231325678,2023,231325678,1,9,0,1,1,5,1,0,0,0,0,0,0,0,2,1,6,6,1,35,6,-1,-1,-1,-1,-1,-1,0,-1
2023010459110,2023,010459110,1,1,9,99,99,9,9,99,99,9,9,99,9,99,9,1,6,6,2,32,6,-1,-1,-1,-1,4,E01003343,0,-1
2023421275843,2023,421275843,1,-1,1,18,19,1,5,6,6,0,0,0,0,0,4,1,6,6,3,-1,-1,-1,-1,-1,-1,-1,-1,0,-1
2023010438675,2023,010438675,2,9,0,99,99,9,9,99,99,9,9,99,9,99,9,9,6,6,3,33,6,-1,-1,-1,-1,-1,-1,0,-1
2023201319022,2023,201319022,2,1,0,18,19,4,8,0,0,8,0,0,0,0,1,1,6,6,1,32,6,-1,-1,-1,-1,3,E01015643,0,-1
2023031274237,2023,031274237,1,-1,-1,18,19,1,5,0,0,0,2,0,0,0,0,1,6,6,3,20,4,-1,-1,-1,-1,-1,-1,0,-1
2023010484170,2023,010484170,2,9,0,99,99,9,9,99,99,0,9,99,9,99,9,9,6,6,3,-1,-1,-1,-1,-1,-1,-1,-1,0,-1
2023101372181,2023,101372181,2,9,0,4,4,4,2,0,0,8,0,0,0,0,3,1,5,6,2,40,7,-1,-1,-1,-1,2,E01027422,0,-1
2023010447552,2023,010447552,2,9,0,99,99,9,9,99,99,0,9,99,9,99,0,9,6,6,3,-1,-1,-1,-1,-1,-1,-1,-1,0,-1
2023451338565,2023,451338565,2,1,0,18,19,6,2,0,0,0,0,0,0,0,3,1,2,2,1,26,6,-1,-1,-1,-1,5,E01030983,0,-1
2023101359078,2023,101359078,1,1,0,18,19,8,3,0,0,1,0,0,0,0,1,1,5,6,1,15,3,-1,-1,-1,-1,8,E01008363,0,-1
2023010483659,2023,010483659,1,1,0,7,7,4,7,0,0,1,0,0,1,0,1,1,1,1,1,36,7,-1,-1,-1,-1,2,E01004584,0,-1
2023302300675,2023,302300675,3,9,0,18,19,2,6,0,0,0,0,0,0,0,0,2,6,6,3,-1,-1,-1,-1,-1,-1,5,E01019456,0,-1
2023052300198,2023,052300198,1,9,0,18,19,1,5,0,0,0,0,0,0,0,1,1,6,6,3,-1,-1,-1,-1,-1,-1,-1,-1,0,-1
202360A023863,2023,60A023863,1,9,0,7,7,8,1,0,0,5,0,0,0,0,1,1,6,6,1,28,6,-1,-1,-1,-1,-1,-1,0,-1
2023501334464,2023,501334464,1,5,0,18,19,3,7,0,0,0,0,0,0,0,1,1,5,6,1,67,10,-1,-1,-1,-1,-1,-1,0,-1
2023010432782,2023,010432782,1,1,9,99,99,9,9,99,99,0,9,99,9,99,9,1,2,2,1,26,6,-1,-1,-1,-1,8,E01002658,0,-1
2023201378801,2023,201378801,2,1,0,18,19,2,6,9,9,1,0,0,0,0,4,1,6,6,1,42,7,-1,-1,-1,-1,1,E01009080,0,-1
2023311358306,2023,311358306,2,1,0,18,19,1,5,9,9,2,0,0,0,0,4,1,6,6,1,19,4,-1,-1,-1,-1,5,E01028243,0,-1
2023471364802,2023,471364802,3,90,-1,7,7,4,7,0,0,1,0,0,0,0,0,1,1,1,3,-1,-1,-1,-1,-1,-1,-1,-1,0,-1
2023010432289,2023,010432289,1,23,0,99,99,9,9,99,99,9,9,99,9,99,1,1,1,1,1,21,5,-1,-1,-1,-1,3,E01002276,0,-1
2023211341475,2023,211341475,2,1,0,3,3,2,6,0,0,1,0,0,0,0,2,1,6,6,2,48,8,-1,-1,-1,-1,7,E01029618,0,-1
2023451344571,2023,451344571,1,1,0,18,19,3,7,0,0,0,2,0,1,10,1,1,2,2,1,26,6,-1,-1,-1,-1,9,E01030519,0,-1
2023211438420,2023,211438420,1,21,1,18,19,5,8,0,0,0,0,0,0,0,1,1,1,1,1,48,8,-1,-1,-1,-1,-1,-1,0,-1
2023302301397,2023,302301397,2,1,0,5,5,5,1,0,0,0,0,0,0,0,3,1,2,2,1,55,8,-1,-1,-1,-1,3,E01013572,0,-1
2023451293579,2023,451293579,1,23,0,9,9,8,6,0,0,3,1,0,0,0,4,1,5,6,1,26,6,-1,-1,-1,-1,10,E01030360,0,-1
2023451277033,2023,451277033,1,23,0,18,19,1,5,0,0,0,5,0,0,0,3,1,5,6,1,61,9,-1,-1,-1,-1,4,E01030634,0,-1
2023010425705,2023,010425705,1,22,0,18,19,3,7,9,9,1,0,0,0,0,2,1,6,6,2,-1,-1,-1,-1,-1,-1,3,E01002580,0,-1
2023010469184,2023,010469184,1,1,9,99,99,9,9,99,99,9,9,99,9,99,2,1,1,1,1,29,6,-1,-1,-1,-1,4,E01003573,0,-1
202360A046817,2023,60A046817,2,1,0,18,19,7,3,0,0,0,0,0,0,0,2,1,6,6,1,61,9,-1,-1,-1,-1,-1,-1,0,-1
2023201418815,2023,201418815,2,1,0,18,19,4,2,0,0,8,0,0,0,0,4,1,6,6,1,28,6,-1,-1,-1,-1,1,E01009841,0,-1
2023010425008,2023,010425008,1,9,0,18,19,7,3,0,0,0,0,11,0,0,4,1,6,6,3,-1,-1,-1,-1,-1,-1,-1,-1,0,-1
2023411394181,2023,411394181,2,1,0,5,5,1,5,0,0,0,0,0,0,0,1,1,5,6,1,19,4,-1,-1,-1,-1,9,E01023717,0,-1
2023010452073,2023,010452073,1,1,9,99,99,9,9,99,99,9,9,99,9,99,1,1,6,6,2,37,7,-1,-1,-1,-1,3,E01004202,0,-1
2023131316525,2023,131316525,2,1,0,18,19,4,8,4,4,0,0,0,0,0,1,1,6,6,1,25,5,-1,-1,-1,-1,1,E01010840,0,-1
2023010445179,2023,010445179,2,9,9,99,99,9,9,99,99,9,9,99,9,99,9,9,6,6,3,-1,-1,-1,-1,-1,-1,-1,-1,0,-1
2023302301334,2023,302301334,2,1,0,17,19,2,8,0,0,8,0,0,0,0,1,1,6,6,1,60,9,-1,-1,-1,-1,9,E01019624,0,-1
2023421376356,2023,421376356,1,-1,0,18,19,7,3,9,9,2,0,0,0,0,3,1,5,6,1,18,4,-1,-1,-1,-1,7,E01021646,1,-1
2023101302434,2023,101302434,1,9,0,18,19,6,2,0,0,0,0,0,0,0,1,1,6,6,3,-1,-1,-1,-1,-1,-1,-1,-1,0,-1
2023552300406,2023,552300406,1,9,0,18,19,6,2,0,0,0,0,0,0,0,1,1,6,6,3,-1,-1,-1,-1,-1,-1,-1,-1,0,-1
2023052302380,2023,052302380,1,1,0,18,19,3,7,0,0,1,0,0,0,0,1,1,4,7,1,16,4,-1,-1,-1,-1,2,E01006713,0,-1
2023141378355,2023,141378355,2,1,0,18,19,6,1,0,0,1,0,0,0,0,1,1,6,6,1,-1,-1,-1,-1,-1,-1,-1,-1,0,-1
2023221390625,2023,221390625,1,21,1,4,4,2,6,0,0,0,0,0,0,0,0,2,1,1,3,42,7,-1,-1,-1,-1,-1,-1,0,-1
2023451322782,2023,451322782,1,9,0,18,19,1,5,0,0,0,0,0,0,0,1,1,6,6,3,-1,-1,-1,-1,-1,-1,-1,-1,0,-1
2023010482810,2023,010482810,1,11,0,99,99,9,9,99,99,9,9,99,9,99,1,9,6,6,3,-1,-1,-1,-1,-1,-1,4,E01001459,0,-1
2023461330901,2023,461330901,1,9,0,2,2,0,0,0,0,0,0,0,0,0,0,1,6,6,1,56,9,-1,-1,-1,-1,2,E01004008,0,-1
2023546440123,2023,546440123,2,1,0,18,19,8,5,0,0,8,0,0,0,0,2,1,2,2,2,60,9,-1,-1,-1,-1,2,E01015506,0,-1
2023070795255,2023,070795255,3,9,0,18,19,3,7,0,0,0,1,0,0,0,2,1,6,6,1,-1,-1,-1,-1,-1,-1,-1,-1,0,-1
2023010471434,2023,010471434,2,1,0,18,19,3,7,0,0,1,0,4,0,0,1,1,6,6,1,25,5,-1,-1,-1,-1,5,E01003247,0,-1
2023991284663,2023,991284663,2,21,4,7,7,3,4,0,0,5,0,0,0,0,4,2,1,1,1,53,8,-1,-1,-1,-1,-1,-1,0,-1
2023010443359,2023,010443359,1,1,9,99,99,9,9,99,99,9,9,99,9,99,9,1,2,2,2,26,6,-1,-1,-1,-1,3,E01033583,0,-1
2023010438093,2023,010438093,2,11,0,99,99,9,9,99,99,9,9,99,9,99,9,9,6,6,3,-1,-1,-1,-1,-1,-1,-1,-1,0,-1
2023471263392,2023,471263392,2,9,0,18,19,1,5,0,0,0,0,1,0,0,1,1,2,2,1,52,8,-1,-1,-1,-1,2,E01016975,0,-1
2023070910533,2023,070910533,2,9,0,18,19,5,3,0,0,2,0,0,0,0,2,1,2,2,2,34,6,-1,-1,-1,-1,8,E01012495,0,-1
2023411379339,2023,411379339,1,9,0,18,19,5,1,0,0,4,0,0,0,0,3,1,6,6,3,-1,-1,-1,-1,-1,-1,-1,-1,0,-1
2023231331728,2023,231331728,1,9,0,9,9,2,8,0,0,6,0,0,0,0,3,1,5,6,2,80,11,-1,-1,-1,-1,10,E01031123,0,-1
2023411324472,2023,411324472,2,1,0,16,19,-1,-1,9,9,0,0,0,-1,0,3,1,5,6,1,26,6,-1,-1,-1,-1,7,E01023871,0,-1
2023451261161,2023,451261161,1,9,0,17,19,5,1,0,0,0,2,0,0,0,0,1,6,6,1,18,4,-1,-1,-1,-1,-1,-1,0,-1
2023122300953,2023,122300953,2,9,0,18,19,4,8,0,0,0,0,0,1,0,1,1,6,6,1,39,7,-1,-1,-1,-1,7,E01027571,0,-1
2023061259295,2023,061259295,1,9,0,18,19,1,5,0,0,0,1,10,1,0,1,1,5,6,1,17,4,-1,-1,-1,-1,-1,-1,0,-1
2023201364586,2023,201364586,1,-1,0,18,19,1,5,9,9,0,0,0,1,0,1,1,6,6,1,-1,-1,-1,-1,-1,-1,-1,-1,1,-1
2023141363512,2023,141363512,3,9,0,17,19,8,5,0,0,1,0,0,7,0,4,1,5,6,2,53,8,-1,-1,-1,-1,4,E01007765,0,-1
2023440121882,2023,440121882,2,1,0,18,19,5,1,0,0,0,0,0,0,0,3,1,6,6,1,40,7,-1,-1,-1,-1,1,E01017038,0,-1
2023010432422,2023,010432422,2,1,0,17,19,1,5,0,0,1,0,0,0,0,1,1,6,6,1,20,4,-1,-1,-1,-1,3,E01002706,0,-1
2023071076161,2023,071076161,2,1,0,18,19,1,6,0,0,8,0,0,0,0,3,1,6,6,1,43,7,-1,-1,-1,-1,8,E01018623,0,-1
2023161365267,2023,161365267,2,1,0,18,19,2,6,0,0,1,1,0,0,0,1,1,6,6,2,51,8,-1,-1,-1,-1,3,E01013231,0,-1
2023543604523,2023,543604523,2,9,0,18,19,1,5,0,0,1,0,0,0,0,4,1,6,6,2,24,5,-1,-1,-1,-1,6,E01015579,0,-1
2023041292729,2023,041292729,1,9,0,7,7,5,7,0,0,1,0,0,0,0,1,1,5,6,1,-1,-1,-1,-1,-1,-1,-1,-1,0,-1
2023041344428,2023,041344428,1,1,0,18,19,5,1,9,9,0,0,0,0,0,1,1,5,6,1,7,2,-1,-1,-1,-1,1,E01006544,0,-1
2023991316142,2023,991316142,2,1,0,18,19,5,1,0,0,1,0,0,0,0,3,1,5,6,1,63,9,-1,-1,-1,-1,1,-1,0,-1
2023161304159,2023,161304159,2,1,0,18,19,3,7,0,0,1,0,0,0,0,1,1,5,6,1,43,7,-1,-1,-1,-1,1,E01013141,0,-1
2023991281605,2023,991281605,2,1,0,18,19,8,5,4,4,0,0,0,0,0,1,1,2,2,1,47,8,-1,-1,-1,-1,-1,-1,0,-1
2023101259981,2023,101259981,1,19,0,18,19,1,5,0,0,8,0,0,0,0,1,1,5,6,2,34,6,-1,-1,-1,-1,3,E01008462,0,-1
2023522300075,2023,522300075,2,90,0,5,5,2,6,0,0,0,0,0,0,0,3,1,1,1,3,-1,-1,-1,-1,-1,-1,-1,-1,0,-1
2023522401054,2023,522401054,2,1,0,5,5,5,1,0,0,0,0,0,0,0,1,1,6,6,1,47,8,-1,-1,-1,-1,2,E01033352,0,-1
2023071035475,2023,071035475,1,1,0,18,19,7,3,0,0,1,0,0,0,0,1,1,6,6,1,17,4,-1,-1,-1,-1,3,E01018746,0,-1
2023010422154,2023,010422154,2,1,0,4,4,3,7,0,0,6,0,0,0,0,1,1,2,2,1,39,7,-1,-1,-1,-1,2,E01002669,0,-1
2023161342269,2023,161342269,1,11,0,18,19,7,3,0,0,0,0,0,0,0,0,1,1,1,2,23,5,-1,-1,-1,-1,1,E01012809,0,-1
2023430061719,2023,430061719,2,1,0,18,19,4,8,0,0,8,0,0,0,0,1,1,6,6,1,-1,-1,-1,-1,-1,-1,1,E01016743,0,-1
2023302301712,2023,302301712,1,1,0,11,11,7,2,0,0,8,0,0,0,0,4,1,6,6,3,-1,-1,-1,-1,-1,-1,5,E01019456,0,-1
2023141260650,2023,141260650,2,9,0,-1,-1,-1,-1,-1,-1,0,-1,-1,-1,0,-1,1,6,6,3,-1,-1,-1,-1,-1,-1,-1,-1,0,-1
2023161383167,2023,161383167,2,98,0,18,19,3,7,0,0,0,0,0,0,0,1,1,1,1,3,-1,-1,-1,-1,-1,-1,-1,-1,0,-1
2023471262118,2023,471262118,2,1,0,18,19,6,2,0,0,3,0,0,0,0,4,1,6,6,1,41,7,-1,-1,-1,-1,5,E01016884,0,-1
2023302300209,2023,302300209,3,9,0,9,9,6,2,0,0,1,0,0,0,0,0,1,6,6,3,-1,-1,-1,-1,-1,-1,5,E01019456,0,-1
2023161282095,2023,161282095,1,3,0,16,19,6,2,0,0,0,0,0,0,0,1,1,2,2,1,19,4,-1,-1,-1,-1,1,E01012889,0,-1
2023522400220,2023,522400220,1,-1,0,9,9,1,7,0,0,8,0,0,0,0,2,1,6,6,1,29,6,-1,-1,-1,-1,9,E01014918,1,-1
2023141271057,2023,141271057,1,1,0,18,19,6,2,0,0,1,0,0,0,0,1,1,5,6,1,47,8,-1,-1,-1,-1,5,E01007978,0,-1
2023522301652,2023,522301652,2,9,0,9,9,8,6,0,0,5,0,0,0,0,1,1,6,6,3,-1,-1,-1,-1,-1,-1,-1,-1,0,-1
2023201400866,2023,201400866,2,1,0,18,19,1,5,0,0,2,0,0,0,0,1,1,6,6,1,27,6,-1,-1,-1,-1,1,E01009273,0,-1
2023052300721,2023,052300721,1,9,0,7,7,1,7,0,0,5,0,0,0,0,1,1,6,6,3,-1,-1,-1,-1,-1,-1,-1,-1,0,-1
2023552301298,2023,552301298,1,21,1,17,19,8,6,0,0,8,0,0,0,0,1,2,1,1,1,45,7,-1,-1,-1,-1,-1,-1,0,-1
2023351378464,2023,351378464,2,9,0,9,9,3,5,0,0,0,0,0,0,0,1,1,2,2,1,67,10,-1,-1,-1,-1,7,E01032795,0,-1
2023501335559,2023,501335559,1,97,0,18,19,1,5,0,0,1,0,0,0,0,4,1,6,6,1,-1,-1,-1,-1,-1,-1,-1,-1,0,-1
2023451313203,2023,451313203,1,9,0,18,19,5,1,9,9,0,0,0,0,0,1,1,6,6,2,55,8,-1,-1,-1,-1,-1,-1,0,-1
2023031345222,2023,031345222,1,9,0,18,19,-1,-1,-1,-1,0,-1,-1,-1,0,-1,1,6,6,3,-1,-1,-1,-1,-1,-1,-1,-1,0,-1
2023010473926,2023,010473926,1,9,0,9,9,3,1,0,0,8,0,0,0,0,1,1,6,6,3,-1,-1,-1,-1,-1,-1,-1,-1,0,-1
2023041330746,2023,041330746,1,1,0,18,19,1,5,0,0,1,2,0,0,0,4,1,6,6,1,11,3,-1,-1,-1,-1,5,E01012723,0,-1
2023070151876,2023,070151876,2,1,0,18,19,1,5,9,9,0,0,0,0,0,1,1,2,2,1,40,7,-1,-1,-1,-1,2,E01012377,0,-1
2023101341984,2023,101341984,2,1,0,18,19,5,1,0,0,0,0,0,0,0,1,1,6,6,1,46,8,-1,-1,-1,-1,10,E01033551,0,-1
2023522300620,2023,522300620,2,9,0,9,9,3,1,0,0,5,0,0,0,0,1,1,6,6,3,-1,-1,-1,-1,-1,-1,-1,-1,0,-1
2023161304206,2023,161304206,1,1,0,18,19,1,5,4,4,8,0,0,0,0,4,1,1,1,1,25,5,-1,-1,-1,-1,6,E01012766,0,-1
2023430348090,2023,430348090,1,9,0,18,19,8,4,0,0,4,0,9,3,0,1,1,6,6,2,22,5,-1,-1,-1,-1,3,E01016804,0,-1
2023461349027,2023,461349027,1,9,0,-1,-1,1,5,0,0,0,0,0,0,0,-1,1,6,6,3,-1,-1,-1,-1,-1,-1,-1,-1,0,-1
2023401349963,2023,401349963,1,-1,0,18,19,3,7,0,0,4,0,0,0,0,1,1,6,6,3,-1,-1,-1,-1,-1,-1,-1,-1,0,-1
2023351298019,2023,351298019,1,-1,0,18,19,1,5,0,0,0,0,0,0,0,4,1,6,6,3,-1,-1,-1,-1,-1,-1,-1,-1,0,-1
2023430546360,2023,430546360,2,1,0,18,19,6,2,4,4,1,0,0,0,0,3,1,6,6,1,25,5,-1,-1,-1,-1,2,E01028518,0,-1
2023991314498,2023,991314498,2,1,0,9,9,7,4,0,0,3,0,0,0,0,4,1,2,2,1,38,7,-1,-1,-1,-1,10,-1,0,-1
2023430536458,2023,430536458,2,1,0,18,19,8,4,0,0,0,0,0,0,0,3,1,6,6,1,48,8,-1,-1,-1,-1,10,E01016364,0,-1
2023041346823,2023,041346823,1,23,0,18,19,3,7,0,0,0,0,0,0,0,0,1,6,6,3,-1,-1,-1,-1,-1,-1,-1,-1,0,-1
2023411414975,2023,411414975,3,9,0,4,4,5,1,0,0,1,5,0,0,0,3,1,6,6,3,37,7,-1,-1,-1,-1,7,E01023776,0,-1
2023991373161,2023,991373161,1,9,0,18,19,7,3,0,0,2,0,0,0,0,1,1,6,6,3,50,8,-1,-1,-1,-1,-1,-1,0,-1
2023461305145,2023,461305145,2,1,0,18,19,1,5,0,0,0,0,0,0,0,3,1,6,6,1,34,6,-1,-1,-1,-1,6,E01023979,0,-1
2023010463289,2023,010463289,1,1,9,99,99,9,9,99,99,9,9,99,9,99,1,1,2,2,1,32,6,-1,-1,-1,-1,3,E01024280,0,-1
2023052301997,2023,052301997,2,1,0,18,19,5,1,0,0,1,0,0,0,0,3,1,6,6,2,30,6,-1,-1,-1,-1,5,E01033766,0,-1
2023201371023,2023,201371023,2,1,0,3,3,1,5,9,9,1,0,0,0,0,3,1,6,6,1,28,6,-1,-1,-1,-1,1,E01010441,0,-1
2023131354770,2023,131354770,1,9,0,-1,-1,-1,-1,-1,-1,0,-1,-1,-1,0,-1,1,6,6,3,-1,-1,-1,-1,-1,-1,-1,-1,0,-1
2023451354544,2023,451354544,1,1,0,17,19,1,3,0,0,0,0,0,0,0,0,1,2,2,2,51,8,-1,-1,-1,-1,9,E01002997,0,-1
2023430071324,2023,430071324,2,1,0,18,19,6,2,0,0,2,0,0,0,0,3,1,6,6,1,34,6,-1,-1,-1,-1,3,E01028524,0,-1
2023070885230,2023,070885230,2,20,0,18,19,1,5,0,0,0,0,0,0,0,2,1,6,6,1,60,9,-1,-1,-1,-1,9,E01018650,0,-1
2023421340687,2023,421340687,1,19,0,18,19,1,5,0,0,0,0,0,0,0,1,1,5,6,1,60,9,-1,-1,-1,-1,2,E01001055,0,-1
2023161350457,2023,161350457,2,1,0,9,9,6,4,0,0,6,0,0,0,0,1,1,6,6,1,-1,-1,-1,-1,-1,-1,7,E01013150,0,-1
2023340WN2122,2023,340WN2122,1,9,0,17,19,3,5,0,0,0,0,0,0,0,1,1,6,6,1,20,4,-1,-1,-1,-1,-1,-1,0,-1
2023610046623,2023,610046623,1,3,0,18,19,7,3,0,0,8,0,0,0,0,1,1,2,2,1,59,9,-1,-1,-1,-1,4,W01001314,0,-1
2023010434824,2023,010434824,2,9,0,99,99,9,9,99,99,9,9,99,9,99,9,9,6,6,3,44,7,-1,-1,-1,-1,4,E01004631,0,-1
2023201418698,2023,201418698,1,9,0,5,5,3,7,0,0,6,0,0,0,0,1,1,6,6,1,-1,-1,-1,-1,-1,-1,-1,-1,0,-1
2023101374451,2023,101374451,2,1,0,12,12,3,8,0,0,0,0,0,0,0,3,1,2,2,1,22,5,-1,-1,-1,-1,-1,-1,0,-1
2023461297263,2023,461297263,1,9,0,5,5,8,4,0,0,0,0,0,0,0,1,1,6,6,1,-1,-1,-1,-1,-1,-1,-1,-1,0,-1
2023141345221,2023,141345221,2,98,0,3,3,1,6,0,0,1,0,0,0,0,1,1,6,6,3,60,9,-1,-1,-1,-1,-1,-1,0,-1
2023461394158,2023,461394158,1,9,0,18,19,1,5,0,0,0,0,0,0,0,0,1,6,6,3,-1,-1,-1,-1,-1,-1,-1,-1,0,-1
2023010451284,2023,010451284,2,1,0,5,5,7,3,0,0,1,0,0,0,0,4,1,6,6,1,28,6,-1,-1,-1,-1,3,E01003096,0,-1
2023010465295,2023,010465295,1,1,9,99,99,9,9,99,99,9,9,99,9,99,1,1,2,2,2,36,7,-1,-1,-1,-1,4,E01004330,0,-1
2023041381457,2023,041381457,1,98,0,1,1,3,7,0,0,0,0,0,0,0,2,1,6,6,3,-1,-1,-1,-1,-1,-1,-1,-1,0,-1
2023501289703,2023,501289703,1,9,-1,-1,-1,-1,-1,-1,-1,-1,-1,-1,-1,0,-1,1,5,6,3,-1,-1,-1,-1,-1,-1,-1,-1,0,-1
2023340NN0182,2023,340NN0182,2,-1,0,18,19,6,1,0,0,8,0,0,0,0,1,1,2,2,1,31,6,-1,-1,-1,-1,2,E01027349,1,-1
2023302300219,2023,302300219,2,1,0,18,19,4,8,4,4,8,0,0,0,0,1,1,6,6,1,28,6,-1,-1,-1,-1,3,E01028127,0,-1
2023052300061,2023,052300061,1,9,0,18,19,1,5,0,0,1,0,0,0,0,1,1,6,6,3,-1,-1,-1,-1,-1,-1,-1,-1,0,-1
2023010482111,2023,010482111,1,1,9,99,99,9,9,99,99,9,9,99,9,99,9,1,3,7,2,54,8,-1,-1,-1,-1,4,E01002908,0,-1
2023052302907,2023,052302907,2,1,0,18,19,1,5,0,0,1,0,0,0,0,1,1,6,6,1,18,4,-1,-1,-1,-1,2,E01006723,0,-1
2023211401917,2023,211401917,2,1,0,18,19,3,7,0,0,1,1,0,0,0,1,1,6,6,1,30,6,-1,-1,-1,-1,-1,-1,0,-1
2023545742423,2023,545742423,1,9,0,9,9,1,7,0,0,5,0,0,0,0,1,1,1,1,1,30,6,-1,-1,-1,-1,8,E01032705,0,-1