collision_index,collision_year,collision_ref_no,vehicle_reference,vehicle_type,towing_and_articulation,vehicle_manoeuvre_historic,vehicle_manoeuvre,vehicle_direction_from,vehicle_direction_to,vehicle_location_restricted_lane_historic,vehicle_location_restricted_lane,junction_location,skidding_and_overturning,hit_object_in_carriageway,vehicle_leaving_carriageway,hit_object_off_carriageway,first_point_of_impact,vehicle_left_hand_drive,journey_purpose_of_driver_historic,journey_purpose_of_driver,sex_of_driver,age_of_driver,age_band_of_driver,engine_capacity_cc,propulsion_code,age_of_vehicle,generic_make_model,driver_imd_decile,lsoa_of_driver,escooter_flag,driver_distance_banding
2023522400096,2023,522400096,1,16,0,18,19,3,7,0,0,0,0,0,0,0,1,1,6,6,2,48,8,-1,-1,-1,-1,1,E01014801,0,-1
2023430497640,2023,430497640,1,1,0,17,19,2,8,0,0,1,0,0,0,0,1,1,6,6,1,58,9,-1,-1,-1,-1,10,E01028736,0,-1
2023111267873,2023,111267873,1,9,0,13,13,8,4,0,0,1,0,0,0,0,1,1,3,7,2,28,6,-1,-1,-1,-1,2,E01020647,0,-1
2023481359174,2023,481359174,2,1,0,18,19,7,3,0,0,8,0,0,0,0,1,1,2,2,1,25,5,-1,-1,-1,-1,-1,-1,0,-1
2023070599045,2023,070599045,1,9,0,3,3,2,8,0,0,1,0,0,0,0,1,1,6,6,2,-1,-1,-1,-1,-1,-1,-1,-1,0,-1
2023622300051,2023,622300051,1,9,0,9,9,8,6,0,0,8,0,0,0,0,1,1,2,2,1,28,6,-1,-1,-1,-1,3,W01001145,0,-1
2023010444472,2023,010444472,1,1,0,18,19,2,6,0,0,1,0,0,0,0,1,1,2,2,1,48,8,-1,-1,-1,-1,8,E01003668,0,-1
2023122400053,2023,122400053,1,11,0,18,19,8,4,0,0,0,0,0,0,0,4,1,1,1,3,-1,-1,-1,-1,-1,-1,-1,-1,0,-1
2023010476427,2023,010476427,1,3,0,9,9,1,7,0,0,1,0,0,0,0,2,1,2,2,1,43,7,-1,-1,-1,-1,5,E01001682,0,-1
2023010436913,2023,010436913,1,1,9,99,99,9,9,99,99,9,9,99,9,99,9,1,6,6,2,48,8,-1,-1,-1,-1,2,E01003987,0,-1
2023010471466,2023,010471466,1,1,0,18,19,1,5,0,0,1,0,0,1,0,4,1,1,1,1,34,6,-1,-1,-1,-1,2,E01004390,0,-1
2023061276889,2023,061276889,1,18,1,18,19,2,6,1,1,8,0,0,0,0,1,1,1,1,1,40,7,-1,-1,-1,-1,3,E01006145,0,-1
2023122300174,2023,122300174,2,1,0,18,19,5,1,0,0,0,0,0,0,0,3,1,6,6,3,-1,-1,-1,-1,-1,-1,-1,-1,0,-1
2023430150923,2023,430150923,2,1,0,18,19,4,8,0,0,8,0,0,0,0,1,1,6,6,2,24,5,-1,-1,-1,-1,7,E01028545,0,-1
2023201416404,2023,201416404,1,1,0,5,5,1,5,0,0,0,0,0,0,0,3,1,4,7,1,16,4,-1,-1,-1,-1,2,E01010442,0,-1
202363A037723,2023,63A037723,2,9,0,3,3,2,6,0,0,1,0,0,0,0,2,1,6,6,1,47,8,-1,-1,-1,-1,-1,-1,0,-1
2023061312097,2023,061312097,1,1,0,5,5,8,7,0,0,6,0,0,0,0,1,1,5,6,1,62,9,-1,-1,-1,-1,-1,-1,0,-1
2023440530633,2023,440530633,2,1,0,18,19,2,6,0,0,8,0,0,0,0,4,1,2,2,1,26,6,-1,-1,-1,-1,1,E01017336,0,-1
2023371357125,2023,371357125,2,1,0,9,9,5,7,0,0,2,0,0,0,0,1,1,6,6,1,21,5,-1,-1,-1,-1,5,E01030176,0,-1
2023211340118,2023,211340118,1,9,0,13,13,7,3,0,0,0,0,0,0,0,1,1,6,6,1,23,5,-1,-1,-1,-1,2,E01009877,0,-1
2023070612021,2023,070612021,2,1,0,5,5,3,7,0,0,8,0,0,0,0,1,1,4,7,1,11,3,-1,-1,-1,-1,2,E01012383,0,-1
2023041338072,2023,041338072,1,9,0,18,19,3,7,0,0,1,0,0,0,0,1,1,6,6,3,-1,-1,-1,-1,-1,-1,-1,-1,0,-1
2023061317965,2023,061317965,1,19,0,18,19,2,6,0,0,0,0,0,0,0,4,1,6,6,3,30,6,-1,-1,-1,-1,-1,-1,0,-1
2023302301804,2023,302301804,2,9,0,18,19,8,4,0,0,0,0,0,0,0,0,1,6,6,3,-1,-1,-1,-1,-1,-1,5,E01019456,0,-1
2023061337741,2023,061337741,1,1,0,18,19,1,7,0,0,8,0,0,0,0,1,1,6,6,1,27,6,-1,-1,-1,-1,-1,-1,0,-1
2023311269559,2023,311269559,2,-1,0,18,19,6,2,0,0,0,0,0,0,0,1,1,5,6,1,15,3,-1,-1,-1,-1,4,E01028291,1,-1
2023351358495,2023,351358495,2,98,0,18,19,-1,-1,0,0,0,0,0,0,0,1,1,6,6,3,-1,-1,-1,-1,-1,-1,-1,-1,0,-1
2023501307518,2023,501307518,2,19,0,2,2,0,0,0,0,0,0,4,0,0,2,1,6,6,2,56,9,-1,-1,-1,-1,-1,-1,0,-1
2023010481156,2023,010481156,1,1,9,99,99,9,9,99,99,9,9,99,9,99,9,1,2,2,1,38,7,-1,-1,-1,-1,5,E01000144,0,-1
2023531394070,2023,531394070,2,1,0,18,19,5,1,9,9,0,0,0,0,0,1,1,4,7,1,14,3,-1,-1,-1,-1,6,E01022454,0,-1
2023010446848,2023,010446848,1,1,0,11,11,1,5,0,0,3,0,0,0,0,2,1,1,1,1,27,6,-1,-1,-1,-1,7,E01001534,0,-1
2023010460104,2023,010460104,1,19,9,99,99,9,9,99,99,0,9,99,9,99,9,9,6,6,3,-1,-1,-1,-1,-1,-1,-1,-1,0,-1
2023201364139,2023,201364139,2,1,0,18,19,2,6,0,0,0,0,0,0,0,3,1,6,6,1,59,9,-1,-1,-1,-1,5,E01009745,0,-1
2023052302917,2023,052302917,2,1,0,18,19,5,1,0,0,1,0,0,0,0,1,1,6,6,1,72,10,-1,-1,-1,-1,3,E01007137,0,-1
2023211383274,2023,211383274,1,9,-1,-1,-1,-1,-1,-1,-1,0,-1,-1,-1,0,-1,1,6,6,3,-1,-1,-1,-1,-1,-1,-1,-1,0,-1
2023052400169,2023,052400169,1,97,0,18,19,3,7,0,0,0,0,0,0,0,1,1,6,6,1,18,4,-1,-1,-1,-1,1,E01006865,0,-1
2023461347850,2023,461347850,1,98,0,12,12,7,7,0,0,0,0,0,0,0,1,1,6,6,1,-1,-1,-1,-1,-1,-1,-1,-1,0,-1
2023052300858,2023,052300858,1,9,0,18,19,7,3,0,0,3,0,0,0,0,4,1,6,6,1,-1,-1,-1,-1,-1,-1,-1,-1,0,-1
2023010445023,2023,010445023,2,9,9,99,99,9,9,0,0,9,9,99,9,99,9,9,6,6,1,60,9,-1,-1,-1,-1,4,E01023543,0,-1
2023010422119,2023,010422119,1,1,9,99,99,9,9,99,99,9,9,99,9,99,9,1,6,6,3,-1,-1,-1,-1,-1,-1,-1,-1,0,-1
2023010432029,2023,010432029,1,1,9,99,99,9,9,99,99,9,9,99,9,99,1,1,6,6,1,35,6,-1,-1,-1,-1,8,E01004498,0,-1
2023451345992,2023,451345992,2,1,0,18,19,1,1,0,0,0,0,0,0,0,4,1,6,6,1,17,4,-1,-1,-1,-1,-1,-1,0,-1
2023041265955,2023,041265955,1,9,0,18,19,3,7,0,0,1,0,0,0,0,1,1,6,6,3,-1,-1,-1,-1,-1,-1,-1,-1,0,-1
2023010474822,2023,010474822,2,1,0,3,3,1,5,0,0,2,0,0,0,0,2,1,6,6,2,55,8,-1,-1,-1,-1,4,E01000926,0,-1
2023131348740,2023,131348740,1,1,0,18,19,7,3,9,9,0,0,0,0,0,-1,1,6,6,3,-1,-1,-1,-1,-1,-1,-1,-1,0,-1
2023501359162,2023,501359162,2,1,0,18,19,6,2,0,0,8,0,0,0,0,3,1,2,2,1,25,5,-1,-1,-1,-1,1,E01019995,0,-1
2023471296248,2023,471296248,1,11,0,5,5,3,7,0,0,0,0,0,0,0,4,1,6,6,3,-1,-1,-1,-1,-1,-1,-1,-1,0,-1
2023131352179,2023,131352179,1,11,0,-1,-1,-1,-1,-1,-1,-1,-1,-1,-1,-1,-1,1,6,6,3,-1,-1,-1,-1,-1,-1,-1,-1,0,-1
2023411322808,2023,411322808,2,9,0,18,19,6,2,0,0,0,0,0,0,0,0,1,6,6,3,-1,-1,-1,-1,-1,-1,-1,-1,0,-1
2023010433503,2023,010433503,1,9,0,18,19,7,3,0,0,2,0,0,0,0,1,1,6,6,3,-1,-1,-1,-1,-1,-1,-1,-1,0,-1
2023010435397,2023,010435397,1,9,9,99,99,9,9,99,99,9,9,99,9,99,9,9,6,6,3,-1,-1,-1,-1,-1,-1,-1,-1,0,-1
2023552301065,2023,552301065,1,9,0,18,19,4,8,0,0,1,0,0,0,0,1,1,6,6,3,-1,-1,-1,-1,-1,-1,-1,-1,0,-1
2023052300042,2023,052300042,1,19,0,18,19,7,3,0,0,8,0,0,4,7,1,1,6,6,3,-1,-1,-1,-1,-1,-1,-1,-1,0,-1
2023451381023,2023,451381023,1,1,0,18,19,5,1,0,0,1,0,0,0,0,3,1,5,6,1,62,9,-1,-1,-1,-1,3,E01030547,0,-1
2023311309073,2023,311309073,1,3,0,4,4,2,3,9,9,0,0,0,0,0,1,1,6,6,1,20,4,-1,-1,-1,-1,-1,-1,0,-1
2023340NN9122,2023,340NN9122,1,9,0,16,19,2,6,0,0,0,1,0,0,0,1,1,6,6,1,42,7,-1,-1,-1,-1,8,E01027348,0,-1
2023161289782,2023,161289782,2,3,0,5,5,4,8,0,0,2,0,0,0,0,3,1,6,6,1,42,7,-1,-1,-1,-1,7,E01013188,0,-1
2023991373798,2023,991373798,2,1,0,4,4,3,5,0,0,1,0,0,0,0,4,1,1,1,2,38,7,-1,-1,-1,-1,-1,-1,0,-1
2023010467106,2023,010467106,1,1,0,18,19,5,1,0,0,1,0,10,0,0,3,1,6,6,1,23,5,-1,-1,-1,-1,3,E01003938,0,-1
2023052301533,2023,052301533,1,9,0,18,19,5,1,0,0,1,0,0,0,0,4,1,6,6,3,-1,-1,-1,-1,-1,-1,-1,-1,0,-1
2023430239908,2023,430239908,2,9,0,18,19,3,7,0,0,0,0,0,0,0,1,1,6,6,3,-1,-1,-1,-1,-1,-1,-1,-1,0,-1
2023111290728,2023,111290728,1,97,0,13,13,1,5,0,0,3,0,0,0,0,1,1,6,6,3,30,6,-1,-1,-1,-1,-1,-1,0,-1
2023101305039,2023,101305039,1,9,0,18,19,7,3,0,0,2,0,0,0,0,3,1,6,6,3,-1,-1,-1,-1,-1,-1,-1,-1,0,-1
2023311268323,2023,311268323,2,-1,0,18,19,1,6,9,9,6,0,0,0,0,1,1,6,6,1,18,4,-1,-1,-1,-1,-1,-1,1,-1
2023161371520,2023,161371520,1,11,0,5,5,2,6,0,0,0,0,0,0,0,0,1,1,1,1,62,9,-1,-1,-1,-1,1,E01012806,0,-1
2023622300954,2023,622300954,1,97,0,13,13,2,6,0,0,2,1,0,7,0,1,1,6,6,1,17,4,-1,-1,-1,-1,1,W01000833,0,-1
2023010463114,2023,010463114,1,1,9,99,99,9,9,99,99,9,9,99,9,99,1,1,2,2,1,48,8,-1,-1,-1,-1,3,E01003534,0,-1
2023010484708,2023,010484708,1,1,9,99,99,9,9,99,99,9,9,99,9,99,1,1,2,2,1,47,8,-1,-1,-1,-1,3,E01002015,0,-1
2023052303085,2023,052303085,1,17,0,11,11,7,3,0,0,0,0,0,0,0,4,1,1,1,1,-1,-1,-1,-1,-1,-1,-1,-1,0,-1
2023471368715,2023,471368715,2,9,0,18,19,5,1,0,0,1,0,0,0,0,2,1,1,1,1,21,5,-1,-1,-1,-1,7,E01024572,0,-1
2023010462929,2023,010462929,1,1,9,99,99,9,9,99,99,9,9,99,9,99,9,1,2,2,2,35,6,-1,-1,-1,-1,4,E01001756,0,-1
2023311279786,2023,311279786,1,-1,0,18,19,4,8,9,9,2,0,0,0,0,1,1,5,6,1,20,4,-1,-1,-1,-1,-1,-1,1,-1
2023231382862,2023,231382862,1,9,0,18,19,3,7,0,0,0,0,0,7,9,1,1,6,6,1,44,7,-1,-1,-1,-1,7,E01031212,0,-1
2023430556979,2023,430556979,2,1,0,18,19,2,6,0,0,0,0,8,0,0,1,1,4,7,1,14,3,-1,-1,-1,-1,7,E01028545,0,-1
2023421364416,2023,421364416,1,1,0,9,9,5,6,9,9,8,0,0,0,0,1,1,6,6,1,17,4,-1,-1,-1,-1,2,E01021354,0,-1
2023010477245,2023,010477245,2,1,0,10,10,1,7,0,0,6,0,0,0,0,2,1,6,6,1,35,6,-1,-1,-1,-1,2,E01001633,0,-1
2023052300787,2023,052300787,1,-1,0,18,19,2,6,0,0,6,0,0,0,0,4,1,6,6,1,26,6,-1,-1,-1,-1,1,E01007011,1,-1
2023231315415,2023,231315415,2,1,0,18,19,6,2,9,9,1,0,0,0,0,2,1,5,6,1,13,3,-1,-1,-1,-1,1,E01032890,0,-1
2023451320897,2023,451320897,2,9,0,18,19,8,8,0,0,1,0,0,0,0,1,1,6,6,1,30,6,-1,-1,-1,-1,-1,-1,0,-1
2023221354382,2023,221354382,1,9,0,16,19,2,5,0,0,0,0,0,0,0,1,1,5,6,1,30,6,-1,-1,-1,-1,9,W01000403,0,-1
2023010457767,2023,010457767,1,1,0,18,19,4,8,4,4,2,0,99,0,0,2,1,6,6,1,22,5,-1,-1,-1,-1,2,E01003991,0,-1
2023061326006,2023,061326006,1,9,0,9,9,7,1,0,0,1,0,0,0,0,1,1,6,6,3,30,6,-1,-1,-1,-1,-1,-1,0,-1
2023010478164,2023,010478164,1,1,9,99,99,9,9,99,99,9,9,99,9,99,1,1,1,1,1,25,5,-1,-1,-1,-1,3,E01004212,0,-1
2023010464691,2023,010464691,1,-1,0,18,19,1,5,0,0,6,0,10,0,0,2,1,6,6,1,50,8,-1,-1,-1,-1,7,E01003199,1,-1
2023991272502,2023,991272502,2,9,0,18,19,4,8,0,0,2,5,0,1,11,1,1,5,6,2,41,7,-1,-1,-1,-1,7,-1,0,-1
2023991389824,2023,991389824,2,9,0,18,19,6,3,0,0,0,0,0,1,0,1,1,1,1,1,66,10,-1,-1,-1,-1,7,-1,0,-1
202360A203057,2023,60A203057,2,1,0,18,19,1,5,0,0,0,0,0,0,0,1,1,6,6,1,57,9,-1,-1,-1,-1,-1,-1,0,-1
2023430427583,2023,430427583,2,1,0,18,19,1,5,0,0,0,0,0,0,0,1,1,6,6,2,49,8,-1,-1,-1,-1,7,E01028541,0,-1
2023421283276,2023,421283276,1,17,0,18,19,5,1,0,0,0,5,0,0,0,3,1,5,6,1,13,3,-1,-1,-1,-1,9,E01021919,0,-1
2023302301818,2023,302301818,3,9,0,4,4,6,1,0,0,0,0,0,0,0,0,1,6,6,3,-1,-1,-1,-1,-1,-1,5,E01019456,0,-1
2023221297002,2023,221297002,1,9,0,18,19,2,6,0,0,0,0,0,0,0,1,1,6,6,3,32,6,-1,-1,-1,-1,-1,-1,0,-1
2023471334374,2023,471334374,1,9,0,18,19,8,4,0,0,1,0,0,7,3,1,1,6,6,3,-1,-1,-1,-1,-1,-1,3,E01031409,0,-1
2023520301248,2023,520301248,1,22,0,18,19,3,7,0,0,0,0,0,0,0,3,1,6,6,2,30,6,-1,-1,-1,-1,5,E01029286,0,-1
2023010451962,2023,010451962,1,1,0,14,14,6,2,9,9,0,0,4,1,0,1,1,4,7,1,8,2,-1,-1,-1,-1,7,E01001915,0,-1
2023010425077,2023,010425077,1,9,0,17,19,1,5,0,0,0,0,0,0,0,1,1,6,6,3,-1,-1,-1,-1,-1,-1,-1,-1,0,-1
2023311320352,2023,311320352,2,9,0,2,2,0,0,0,0,0,0,0,1,0,2,1,1,1,1,57,9,-1,-1,-1,-1,9,E01028419,0,-1
2023101374715,2023,101374715,1,1,0,18,19,1,5,0,0,2,0,0,0,0,2,1,6,6,1,16,4,-1,-1,-1,-1,-1,-1,0,-1
2023061380645,2023,061380645,2,9,0,5,5,5,8,0,0,1,0,0,0,0,2,1,2,2,1,38,7,-1,-1,-1,-1,-1,-1,0,-1
2023631331638,2023,631331638,1,9,0,17,19,8,5,0,0,0,5,0,2,10,4,1,2,2,1,17,4,-1,-1,-1,-1,2,W01001474,0,-1
2023010458012,2023,010458012,1,1,9,99,99,9,9,99,99,9,9,99,9,99,9,1,2,2,1,59,9,-1,-1,-1,-1,2,E01002804,0,-1
2023010473641,2023,010473641,1,9,0,99,99,9,9,99,99,9,9,99,9,99,2,9,6,6,2,53,8,-1,-1,-1,-1,9,E01000213,0,-1
2023201289791,2023,201289791,2,9,0,9,9,8,6,0,0,6,0,0,3,0,3,1,1,1,1,55,8,-1,-1,-1,-1,4,E01010467,0,-1
2023430271165,2023,430271165,2,5,0,14,14,6,2,0,0,0,0,0,0,0,1,1,2,2,1,32,6,-1,-1,-1,-1,9,E01028751,0,-1
2023440396723,2023,440396723,2,2,0,18,19,6,2,0,0,1,1,0,0,0,1,1,2,2,1,24,5,-1,-1,-1,-1,2,E01017345,0,-1
2023461283828,2023,461283828,1,90,0,18,19,7,3,0,0,0,0,11,0,0,1,1,5,6,1,46,8,-1,-1,-1,-1,9,E01024431,0,-1
2023610053323,2023,610053323,3,9,0,2,2,0,0,0,0,0,0,0,0,0,2,1,6,6,3,-1,-1,-1,-1,-1,-1,-1,-1,0,-1
2023010458069,2023,010458069,1,1,9,99,99,9,9,99,99,0,9,99,9,99,1,1,2,2,2,38,7,-1,-1,-1,-1,5,E01001852,0,-1
2023351368490,2023,351368490,2,1,0,18,19,5,1,0,0,0,0,0,1,9,1,1,6,6,1,15,3,-1,-1,-1,-1,3,E01018090,0,-1
2023201400921,2023,201400921,2,9,0,18,19,8,3,0,0,0,0,0,0,0,1,1,6,6,2,35,6,-1,-1,-1,-1,1,E01008938,0,-1
2023010421301,2023,010421301,1,9,0,6,6,7,7,0,0,1,0,0,0,0,3,1,6,6,3,-1,-1,-1,-1,-1,-1,-1,-1,0,-1
2023471313963,2023,471313963,1,9,0,18,19,1,5,0,0,1,0,0,0,0,1,1,5,6,1,50,8,-1,-1,-1,-1,3,E01021016,0,-1
2023010465511,2023,010465511,1,19,9,99,99,9,9,99,99,9,9,99,9,99,9,9,6,6,1,45,7,-1,-1,-1,-1,3,E01015856,0,-1
2023311342882,2023,311342882,1,9,0,18,19,4,8,0,0,1,0,0,0,0,1,1,6,6,3,-1,-1,-1,-1,-1,-1,-1,-1,0,-1
2023041290940,2023,041290940,1,9,0,18,19,3,7,0,0,1,0,0,0,0,1,1,1,1,1,23,5,-1,-1,-1,-1,1,E01012695,0,-1
2023401280048,2023,401280048,1,98,0,16,19,7,3,0,0,0,1,0,0,0,1,1,1,1,1,33,6,-1,-1,-1,-1,-1,-1,0,-1
2023010427520,2023,010427520,1,1,9,99,99,9,9,99,99,9,9,99,9,99,9,1,6,6,1,53,8,-1,-1,-1,-1,8,E01002985,0,-1
2023311288196,2023,311288196,2,1,0,4,4,8,4,0,0,0,0,0,0,0,1,1,6,6,1,47,8,-1,-1,-1,-1,-1,-1,0,-1
2023302300590,2023,302300590,1,9,0,4,4,8,3,0,0,0,0,0,0,0,3,1,6,6,1,29,6,-1,-1,-1,-1,2,E01028234,0,-1
2023010479548,2023,010479548,1,1,9,99,99,9,9,99,99,9,9,99,9,99,9,1,2,2,2,28,6,-1,-1,-1,-1,2,E01004242,0,-1
2023471362478,2023,471362478,1,9,0,9,9,8,6,0,0,1,0,0,0,0,1,1,6,6,3,-1,-1,-1,-1,-1,-1,-1,-1,0,-1
2023101338293,2023,101338293,2,22,0,18,19,3,8,0,0,0,0,0,0,0,1,1,5,6,2,80,11,-1,-1,-1,-1,1,E01008332,0,-1
2023131311363,2023,131311363,2,-1,0,18,19,1,5,0,0,8,5,0,3,0,4,1,3,7,1,32,6,-1,-1,-1,-1,1,E01011106,1,-1
2023061277434,2023,061277434,2,1,-1,-1,-1,-1,-1,-1,-1,-1,-1,-1,-1,0,-1,1,1,1,1,48,8,-1,-1,-1,-1,2,E01005460,0,-1
2023010439855,2023,010439855,1,1,9,99,99,9,9,99,99,9,9,99,9,99,9,1,2,2,2,25,5,-1,-1,-1,-1,6,E01004513,0,-1
2023991260460,2023,991260460,2,1,0,18,19,5,1,0,0,4,0,0,0,0,1,1,5,6,1,30,6,-1,-1,-1,-1,-1,-1,0,-1
2023041319571,2023,041319571,3,23,0,18,19,6,2,0,0,0,0,0,0,0,1,1,6,6,1,20,4,-1,-1,-1,-1,1,E01012680,0,-1
2023071266603,2023,071266603,2,9,0,18,19,1,5,0,0,1,0,0,0,0,1,1,6,6,2,83,11,-1,-1,-1,-1,10,E01018533,0,-1
2023010478314,2023,010478314,2,1,0,18,19,1,5,9,9,2,0,0,0,0,4,1,2,2,1,32,6,-1,-1,-1,-1,3,E01001264,0,-1
2023122300566,2023,122300566,1,1,0,18,19,7,3,0,0,0,0,0,0,0,4,1,6,6,1,59,9,-1,-1,-1,-1,10,E01013451,0,-1
2023552301214,2023,552301214,1,9,0,18,19,8,4,0,0,0,0,0,0,0,4,1,6,6,3,-1,-1,-1,-1,-1,-1,-1,-1,0,-1
2023122400075,2023,122400075,1,19,4,13,13,4,8,0,0,1,0,0,0,0,4,1,6,6,3,-1,-1,-1,-1,-1,-1,-1,-1,0,-1
2023221368144,2023,221368144,1,19,0,5,5,4,8,0,0,0,0,0,0,0,1,1,6,6,3,31,6,-1,-1,-1,-1,-1,-1,0,-1
2023991368256,2023,991368256,2,9,0,8,8,2,4,0,0,6,0,0,0,0,3,1,1,1,1,58,9,-1,-1,-1,-1,1,-1,0,-1
2023430359506,2023,430359506,1,3,0,16,19,1,4,0,0,0,1,0,1,0,0,1,6,6,1,25,5,-1,-1,-1,-1,7,E01028480,0,-1
2023340WN7252,2023,340WN7252,1,1,0,18,19,5,1,9,9,1,1,0,0,0,1,1,6,6,1,19,4,-1,-1,-1,-1,9,E01027212,0,-1
2023010476124,2023,010476124,2,9,0,18,19,1,5,0,0,8,0,0,0,0,1,1,6,6,3,-1,-1,-1,-1,-1,-1,-1,-1,0,-1
2023010469941,2023,010469941,1,9,0,99,99,9,9,99,99,9,9,99,9,99,4,1,6,6,3,-1,-1,-1,-1,-1,-1,-1,-1,0,-1
2023221398869,2023,221398869,1,9,0,18,19,7,3,0,0,2,0,0,0,0,4,1,6,6,1,39,7,-1,-1,-1,-1,7,E01014137,0,-1
2023411345136,2023,411345136,1,4,0,18,19,6,2,0,0,0,0,0,0,0,0,1,6,6,1,56,9,-1,-1,-1,-1,8,E01023688,0,-1
2023010419849,2023,010419849,1,1,9,99,99,9,9,99,99,9,9,99,9,99,9,1,1,1,1,35,6,-1,-1,-1,-1,9,E01003473,0,-1
2023361274010,2023,361274010,1,19,0,4,4,3,5,0,0,0,0,0,0,0,1,1,1,1,1,21,5,-1,-1,-1,-1,6,E01026764,0,-1
2023010465660,2023,010465660,1,1,9,18,19,2,6,99,99,9,9,99,9,0,9,1,6,6,1,-1,-1,-1,-1,-1,-1,-1,-1,0,-1
2023031354999,2023,031354999,2,90,4,2,2,8,8,7,6,0,0,0,0,0,2,1,6,6,3,-1,-1,-1,-1,-1,-1,-1,-1,0,-1
2023131308737,2023,131308737,2,1,0,18,19,5,1,9,9,0,0,0,0,0,1,1,5,6,1,47,8,-1,-1,-1,-1,2,E01011900,0,-1
2023552300576,2023,552300576,2,1,0,10,10,6,4,0,0,1,0,0,0,0,1,1,6,6,1,41,7,-1,-1,-1,-1,4,E01015328,0,-1
2023010421521,2023,010421521,2,1,0,18,19,3,7,0,0,8,0,0,0,0,4,1,6,6,1,60,9,-1,-1,-1,-1,2,E01001745,0,-1
2023010454884,2023,010454884,2,9,0,18,19,5,1,0,0,0,0,0,0,0,1,1,6,6,1,31,6,-1,-1,-1,-1,1,E01003065,0,-1
2023231328080,2023,231328080,2,9,0,13,13,4,8,0,0,0,0,0,0,0,0,1,5,6,3,45,7,-1,-1,-1,-1,-1,-1,0,-1
2023201458851,2023,201458851,4,9,0,18,19,5,1,0,0,0,0,0,0,0,1,1,6,6,3,57,9,-1,-1,-1,-1,1,E01010435,0,-1
2023010457611,2023,010457611,1,1,9,99,99,9,9,99,99,9,9,99,9,99,9,1,2,2,1,33,6,-1,-1,-1,-1,4,E01002775,0,-1
2023401390517,2023,401390517,1,90,0,18,19,7,3,0,0,0,0,0,0,0,4,1,5,6,1,15,3,-1,-1,-1,-1,4,E01017570,0,-1
2023991375058,2023,991375058,1,9,0,18,19,3,7,0,0,1,0,0,0,0,0,1,6,6,3,18,4,-1,-1,-1,-1,-1,-1,0,-1
2023010444911,2023,010444911,2,19,0,99,99,9,9,99,99,9,9,99,9,99,9,9,6,6,3,-1,-1,-1,-1,-1,-1,-1,-1,0,-1
2023010428353,2023,010428353,1,1,0,18,19,1,5,0,0,1,0,0,0,0,3,1,6,6,1,22,5,-1,-1,-1,-1,2,E01003634,0,-1
2023351344324,2023,351344324,2,1,0,9,9,5,1,0,0,1,1,-1,0,0,2,1,5,6,2,23,5,-1,-1,-1,-1,10,E01017985,0,-1
2023010432586,2023,010432586,1,1,9,99,99,9,9,99,99,9,9,99,9,99,9,1,2,2,2,39,7,-1,-1,-1,-1,4,E01000980,0,-1
2023052400084,2023,052400084,1,9,0,18,19,7,3,0,0,0,0,0,0,0,1,1,6,6,1,-1,-1,-1,-1,-1,-1,-1,-1,0,-1
2023010471744,2023,010471744,2,1,0,9,9,2,8,0,0,6,5,0,0,0,1,1,6,6,1,-1,-1,-1,-1,-1,-1,-1,-1,0,-1
2023522300448,2023,522300448,2,19,0,18,19,7,3,0,0,0,0,8,0,0,4,1,6,6,3,-1,-1,-1,-1,-1,-1,-1,-1,0,-1
2023332301235,2023,332301235,1,1,0,18,19,3,7,0,0,8,0,0,1,0,1,1,6,6,1,35,6,-1,-1,-1,-1,7,E01025658,0,-1
2023010450692,2023,010450692,1,19,0,3,3,3,7,0,0,1,0,0,0,0,2,1,6,6,1,-1,-1,-1,-1,-1,-1,-1,-1,0,-1
2023010440085,2023,010440085,1,1,9,99,99,9,9,99,99,9,9,99,9,99,9,1,6,6,2,44,7,-1,-1,-1,-1,3,E01001970,0,-1
2023170M10513,2023,170M10513,2,-1,0,1,1,7,3,0,0,8,0,0,0,0,1,1,6,6,1,19,4,-1,-1,-1,-1,-1,-1,1,-1
2023531314561,2023,531314561,1,1,0,18,19,1,5,0,0,0,1,0,0,0,1,1,6,6,1,59,9,-1,-1,-1,-1,6,E01022460,0,-1
2023010477508,2023,010477508,2,1,0,18,19,1,5,0,0,0,0,0,0,0,4,1,6,6,2,63,9,-1,-1,-1,-1,7,E01000123,0,-1
2023451387155,2023,451387155,2,9,0,15,15,7,3,0,0,0,0,99,0,0,4,1,6,6,3,30,6,-1,-1,-1,-1,-1,-1,0,-1
2023010481628,2023,010481628,2,3,0,18,19,5,1,0,0,1,0,0,0,0,1,1,6,6,3,-1,-1,-1,-1,-1,-1,-1,-1,0,-1
2023430473611,2023,430473611,2,9,0,18,19,6,2,0,0,8,0,0,1,0,3,1,6,6,1,-1,-1,-1,-1,-1,-1,-1,-1,0,-1
2023440123054,2023,440123054,1,4,0,18,19,6,2,0,0,1,1,0,1,10,1,1,6,6,1,18,4,-1,-1,-1,-1,6,E01022736,0,-1
2023101330749,2023,101330749,1,9,0,18,19,1,5,0,0,1,0,0,0,0,1,1,6,6,1,35,6,-1,-1,-1,-1,-1,-1,0,-1
2023421350507,2023,421350507,1,-1,0,9,9,1,6,0,0,4,0,0,0,0,3,1,6,6,2,16,4,-1,-1,-1,-1,6,E01015942,1,-1
2023061285368,2023,061285368,2,1,0,-1,-1,-1,-1,0,0,0,0,0,0,0,0,1,6,6,3,46,8,-1,-1,-1,-1,10,E01018584,0,-1
2023010471307,2023,010471307,2,1,0,18,19,3,7,0,0,1,0,0,0,0,3,1,6,6,2,31,6,-1,-1,-1,-1,-1,-1,0,-1
2023010437082,2023,010437082,2,-1,0,17,19,7,3,4,4,2,0,0,0,0,1,1,6,6,3,-1,-1,-1,-1,-1,-1,-1,-1,1,-1
2023161294073,2023,161294073,1,1,0,7,7,6,4,0,0,6,0,0,0,0,1,1,6,6,3,-1,-1,-1,-1,-1,-1,-1,-1,0,-1
2023361300832,2023,361300832,1,9,0,18,19,7,3,0,0,0,0,0,0,0,3,1,3,7,1,58,9,-1,-1,-1,-1,3,E01018090,0,-1
2023430355338,2023,430355338,2,9,0,18,19,8,4,0,0,1,0,0,0,0,1,1,6,6,1,-1,-1,-1,-1,-1,-1,-1,-1,0,-1