collision_index,collision_year,collision_ref_no,vehicle_reference,vehicle_type,towing_and_articulation,vehicle_manoeuvre_historic,vehicle_manoeuvre,vehicle_direction_from,vehicle_direction_to,vehicle_location_restricted_lane_historic,vehicle_location_restricted_lane,junction_location,skidding_and_overturning,hit_object_in_carriageway,vehicle_leaving_carriageway,hit_object_off_carriageway,first_point_of_impact,vehicle_left_hand_drive,journey_purpose_of_driver_historic,journey_purpose_of_driver,sex_of_driver,age_of_driver,age_band_of_driver,engine_capacity_cc,propulsion_code,age_of_vehicle,generic_make_model,driver_imd_decile,lsoa_of_driver,escooter_flag,driver_distance_banding
2023520400509,2023,520400509,1,4,0,18,19,2,6,0,0,3,0,0,0,0,1,1,6,6,1,19,4,-1,-1,-1,-1,5,E01029268,0,-1
2023010482851,2023,010482851,2,9,0,99,99,9,9,99,99,9,9,99,9,99,9,9,6,6,3,-1,-1,-1,-1,-1,-1,-1,-1,0,-1
2023161389494,2023,161389494,1,1,0,18,19,2,6,0,0,1,0,0,0,0,4,1,2,2,1,46,8,-1,-1,-1,-1,1,E01012852,0,-1
2023010482338,2023,010482338,2,1,0,18,19,1,5,4,4,1,0,0,0,0,3,1,1,1,1,46,8,-1,-1,-1,-1,4,E01000570,0,-1
2023231337413,2023,231337413,1,9,0,18,19,4,8,0,0,0,0,0,0,0,2,1,6,6,3,38,7,-1,-1,-1,-1,-1,-1,0,-1
2023440438138,2023,440438138,2,-1,0,18,19,2,6,0,0,1,0,0,0,0,1,1,6,6,2,24,5,-1,-1,-1,-1,7,E01017231,1,-1
2023101341914,2023,101341914,2,1,0,18,19,2,6,9,9,0,0,0,0,0,1,1,5,6,1,31,6,-1,-1,-1,-1,2,E01008478,0,-1
2023010441313,2023,010441313,2,1,0,18,19,8,4,0,0,4,0,0,0,0,0,1,2,2,2,58,9,-1,-1,-1,-1,3,E01001793,0,-1
2023501363859,2023,501363859,2,1,0,18,19,3,7,0,0,1,5,0,0,0,3,1,6,6,1,42,7,-1,-1,-1,-1,5,E01020020,0,-1
2023010447968,2023,010447968,2,9,0,99,99,9,9,99,99,9,9,99,9,99,2,9,6,6,3,-1,-1,-1,-1,-1,-1,-1,-1,0,-1
2023010429369,2023,010429369,2,90,9,99,99,9,9,99,99,9,9,99,9,99,9,9,6,6,3,-1,-1,-1,-1,-1,-1,-1,-1,0,-1
2023131272191,2023,131272191,1,9,0,18,19,1,5,0,0,0,0,0,0,0,1,2,5,6,1,62,9,-1,-1,-1,-1,5,E01007459,0,-1
2023010478742,2023,010478742,2,9,0,18,19,5,1,0,0,8,0,0,0,0,1,1,6,6,3,-1,-1,-1,-1,-1,-1,-1,-1,0,-1
2023471262590,2023,471262590,2,-1,0,18,19,4,8,0,0,0,0,0,0,0,1,1,6,6,3,-1,-1,-1,-1,-1,-1,-1,-1,1,-1
2023451275332,2023,451275332,1,1,0,9,9,7,3,0,0,0,1,0,0,0,3,1,5,6,1,41,7,-1,-1,-1,-1,10,E01030297,0,-1
2023061387062,2023,061387062,2,1,0,18,19,4,8,0,0,8,0,0,0,0,4,1,6,6,2,56,9,-1,-1,-1,-1,4,E01005084,0,-1
2023010421829,2023,010421829,1,23,0,99,99,9,9,99,99,9,9,99,9,99,9,1,2,2,1,51,8,-1,-1,-1,-1,10,E01023524,0,-1
2023010462800,2023,010462800,2,1,0,5,5,6,2,0,0,2,0,0,0,0,1,1,6,6,1,11,3,-1,-1,-1,-1,3,E01004183,0,-1
2023451358573,2023,451358573,2,1,0,18,19,7,3,0,0,0,1,0,0,0,0,1,5,6,1,38,7,-1,-1,-1,-1,10,E01030917,0,-1
2023311366824,2023,311366824,4,9,4,3,3,5,2,0,0,0,0,0,0,0,1,1,1,1,1,46,8,-1,-1,-1,-1,4,E01028343,0,-1
2023131367920,2023,131367920,2,22,0,18,19,5,1,0,0,1,0,0,0,0,2,1,5,6,1,65,9,-1,-1,-1,-1,3,E01010665,0,-1
2023010457316,2023,010457316,2,9,0,99,99,9,9,99,99,9,9,99,9,99,9,9,6,6,3,-1,-1,-1,-1,-1,-1,-1,-1,0,-1
2023340WN2042,2023,340WN2042,1,19,0,18,19,7,1,0,0,8,0,0,0,0,1,1,6,6,1,-1,-1,-1,-1,-1,-1,-1,-1,0,-1
2023401369710,2023,401369710,3,11,0,18,19,3,7,0,0,1,0,0,0,0,3,1,6,6,3,-1,-1,-1,-1,-1,-1,-1,-1,0,-1
2023041376117,2023,041376117,1,1,0,18,19,2,4,0,0,0,5,0,0,0,1,1,5,6,1,-1,-1,-1,-1,-1,-1,7,E01025373,0,-1
2023311344956,2023,311344956,1,-1,0,5,5,3,7,0,0,0,0,0,0,0,1,1,6,6,1,20,4,-1,-1,-1,-1,2,E01013910,1,-1
2023161333267,2023,161333267,2,1,0,18,19,3,7,9,9,2,0,0,0,0,1,1,6,6,1,10,2,-1,-1,-1,-1,5,E01012994,0,-1
2023461333592,2023,461333592,2,1,0,18,19,1,5,0,0,0,5,0,0,0,3,1,5,6,1,53,8,-1,-1,-1,-1,7,E01024789,0,-1
2023070824720,2023,070824720,2,1,0,18,19,1,5,0,0,8,0,0,0,0,2,1,6,6,1,25,5,-1,-1,-1,-1,7,E01018335,0,-1
2023461333423,2023,461333423,2,9,0,18,19,5,1,0,0,0,0,0,0,0,2,1,2,2,1,-1,-1,-1,-1,-1,-1,5,E01001685,0,-1
2023302301302,2023,302301302,1,1,0,18,19,3,7,0,0,1,0,0,0,0,3,1,6,6,2,68,10,-1,-1,-1,-1,9,E01019615,0,-1
2023421348121,2023,421348121,2,1,0,18,19,7,3,0,0,2,0,0,0,0,1,1,6,6,1,10,2,-1,-1,-1,-1,4,E01021274,0,-1
2023041319624,2023,041319624,2,1,0,18,19,1,5,0,0,8,0,0,0,0,1,1,5,6,2,51,8,-1,-1,-1,-1,9,E01024983,0,-1
2023141276801,2023,141276801,3,9,0,18,19,3,7,0,0,1,0,0,0,0,1,1,5,6,1,41,7,-1,-1,-1,-1,1,E01007652,0,-1
2023010467514,2023,010467514,2,-1,0,18,19,7,3,2,2,1,0,0,0,0,1,1,6,6,1,18,4,-1,-1,-1,-1,5,E01004046,1,-1
2023361314254,2023,361314254,2,1,0,18,19,1,5,4,4,1,0,0,0,0,0,1,6,6,1,44,7,-1,-1,-1,-1,6,E01026842,0,-1
2023361333844,2023,361333844,1,1,0,18,19,3,6,0,0,2,0,0,0,0,1,1,1,1,1,26,6,-1,-1,-1,-1,4,E01026804,0,-1
2023421300739,2023,421300739,1,9,0,18,19,4,8,0,0,1,0,0,0,0,1,1,6,6,3,30,6,-1,-1,-1,-1,-1,-1,0,-1
2023411373036,2023,411373036,1,9,0,5,5,-1,-1,0,0,0,0,0,0,0,4,1,6,6,3,-1,-1,-1,-1,-1,-1,-1,-1,0,-1
2023010444403,2023,010444403,2,1,0,5,5,1,5,0,0,1,0,0,0,0,2,1,1,1,1,32,6,-1,-1,-1,-1,2,E01003966,0,-1
2023010478273,2023,010478273,2,1,0,18,19,3,7,4,4,1,2,0,0,0,3,1,2,2,1,59,9,-1,-1,-1,-1,2,E01004268,0,-1
2023311277878,2023,311277878,2,1,0,18,19,3,7,0,0,8,0,0,0,0,3,1,1,1,1,49,8,-1,-1,-1,-1,10,E01028388,0,-1
2023201409578,2023,201409578,1,9,0,5,5,3,6,0,0,6,0,4,0,0,1,1,2,2,3,31,6,-1,-1,-1,-1,2,E01010104,0,-1
2023131304400,2023,131304400,2,1,0,3,3,3,7,4,4,0,5,0,0,0,3,1,6,6,1,18,4,-1,-1,-1,-1,1,E01010817,0,-1
2023010472614,2023,010472614,2,1,9,99,99,9,9,99,99,9,9,99,9,99,1,1,6,6,1,-1,-1,-1,-1,-1,-1,-1,-1,0,-1
202360A007129,2023,60A007129,1,9,0,13,13,5,1,0,0,0,0,0,0,0,2,1,6,6,3,-1,-1,-1,-1,-1,-1,-1,-1,0,-1
2023101283266,2023,101283266,1,11,-1,2,2,2,6,0,0,0,0,0,0,0,-1,1,1,1,1,45,7,-1,-1,-1,-1,2,E01008773,0,-1
2023010451014,2023,010451014,2,1,0,18,19,5,1,0,0,1,0,0,1,0,1,1,2,2,1,49,8,-1,-1,-1,-1,3,E01004573,0,-1
2023010449273,2023,010449273,2,1,0,7,7,3,6,0,0,7,0,0,0,0,3,1,6,6,1,14,3,-1,-1,-1,-1,5,E01000383,0,-1
2023010455147,2023,010455147,1,1,0,18,19,3,7,0,0,8,0,0,0,0,3,1,2,2,1,25,5,-1,-1,-1,-1,3,E01003581,0,-1
2023010481108,2023,010481108,1,9,0,99,99,9,9,99,99,9,9,99,9,99,9,9,6,6,3,-1,-1,-1,-1,-1,-1,-1,-1,0,-1
2023201461829,2023,201461829,1,9,0,9,9,3,1,0,0,6,0,0,0,0,1,1,2,2,2,22,5,-1,-1,-1,-1,1,E01010443,0,-1
2023041339073,2023,041339073,1,-1,0,18,19,5,1,9,9,0,0,0,0,0,1,1,6,6,1,18,4,-1,-1,-1,-1,-1,-1,1,-1
2023201355882,2023,201355882,2,9,0,9,9,5,3,0,0,5,0,0,0,0,1,1,1,1,2,37,7,-1,-1,-1,-1,3,E01009209,0,-1
2023010445859,2023,010445859,2,5,0,13,13,3,7,0,0,1,2,10,7,11,1,1,6,6,1,34,6,-1,-1,-1,-1,-1,-1,0,-1
2023430290755,2023,430290755,1,20,0,9,9,7,5,0,0,8,0,0,0,0,3,1,1,1,1,-1,-1,-1,-1,-1,-1,-1,-1,0,-1
2023302301550,2023,302301550,2,9,0,18,19,2,6,0,0,1,0,0,0,0,1,1,6,6,1,-1,-1,-1,-1,-1,-1,5,E01028336,0,-1
2023421310848,2023,421310848,2,3,0,18,19,7,3,0,0,0,0,0,0,0,0,1,6,6,3,-1,-1,-1,-1,-1,-1,-1,-1,0,-1
2023070285953,2023,070285953,2,1,0,18,19,4,8,0,0,0,0,0,0,0,3,1,6,6,1,41,7,-1,-1,-1,-1,8,E01018434,0,-1
2023161295970,2023,161295970,2,8,0,5,5,3,7,0,0,0,0,0,0,0,4,1,1,1,1,57,9,-1,-1,-1,-1,-1,-1,0,-1
2023010440929,2023,010440929,2,1,0,9,9,7,4,0,0,8,0,0,0,0,3,1,2,2,2,66,10,-1,-1,-1,-1,3,E01003025,0,-1
2023010452979,2023,010452979,1,1,9,99,99,9,9,99,99,9,9,99,9,99,9,1,1,1,1,30,6,-1,-1,-1,-1,4,E01032639,0,-1
2023010458175,2023,010458175,2,19,0,99,99,9,9,99,99,9,9,99,9,99,9,9,6,6,1,49,8,-1,-1,-1,-1,6,E01001295,0,-1
2023320324276,2023,320324276,1,22,0,18,19,8,4,9,9,0,0,0,0,0,1,1,6,6,1,60,9,-1,-1,-1,-1,1,E01007735,0,-1
2023501283271,2023,501283271,5,9,0,17,19,5,1,0,0,0,1,1,0,0,1,1,1,1,1,30,6,-1,-1,-1,-1,7,E01020273,0,-1
2023421358884,2023,421358884,2,1,0,-1,-1,-1,-1,-1,-1,0,-1,-1,-1,0,-1,1,6,6,1,14,3,-1,-1,-1,-1,-1,-1,0,-1
2023031390415,2023,031390415,3,98,0,18,19,2,6,0,0,1,0,0,0,0,1,1,1,1,1,55,8,-1,-1,-1,-1,6,E01019235,0,-1
2023010457575,2023,010457575,1,9,0,18,19,5,1,0,0,0,0,0,0,0,1,1,6,6,2,-1,-1,-1,-1,-1,-1,-1,-1,0,-1
2023481387814,2023,481387814,1,1,0,14,14,7,3,0,0,2,0,0,0,0,1,1,5,6,1,34,6,-1,-1,-1,-1,-1,-1,0,-1
2023010484312,2023,010484312,1,1,9,99,99,9,9,99,99,9,9,99,9,99,9,1,6,6,2,29,6,-1,-1,-1,-1,2,E01002730,0,-1
2023430482172,2023,430482172,1,1,0,18,19,1,5,0,0,8,0,0,0,0,4,1,2,2,1,29,6,-1,-1,-1,-1,8,E01017824,0,-1
2023430218005,2023,430218005,2,9,0,18,19,6,2,0,0,0,0,0,0,0,1,1,6,6,1,50,8,-1,-1,-1,-1,10,E01022203,0,-1
2023122301210,2023,122301210,2,1,0,18,19,6,2,0,0,0,0,0,1,0,0,1,6,6,2,68,10,-1,-1,-1,-1,6,E01013398,0,-1
2023451264079,2023,451264079,1,9,0,18,19,1,5,0,0,1,0,0,0,0,1,1,6,6,3,45,7,-1,-1,-1,-1,-1,-1,0,-1
2023010434789,2023,010434789,1,1,9,99,99,9,9,99,99,9,9,99,9,99,9,1,2,2,1,35,6,-1,-1,-1,-1,7,E01000135,0,-1
2023061366395,2023,061366395,1,4,0,16,19,2,6,0,0,1,0,0,1,0,3,1,6,6,1,19,4,-1,-1,-1,-1,2,E01006167,0,-1
2023471326380,2023,471326380,1,1,0,18,19,2,6,0,0,0,0,0,0,0,2,1,5,6,1,31,6,-1,-1,-1,-1,3,E01020981,0,-1
2023010456347,2023,010456347,2,8,0,4,4,7,3,2,2,2,0,0,0,0,0,2,1,1,1,22,5,-1,-1,-1,-1,-1,-1,0,-1
2023010422916,2023,010422916,1,9,9,99,99,9,9,99,99,9,9,99,9,99,9,9,6,6,3,-1,-1,-1,-1,-1,-1,-1,-1,0,-1
2023332301140,2023,332301140,1,1,0,9,9,1,8,0,0,6,0,0,0,0,4,1,6,6,1,35,6,-1,-1,-1,-1,5,E01013784,0,-1
2023471352550,2023,471352550,1,1,0,3,3,7,3,0,0,0,0,0,0,0,2,1,6,6,2,-1,-1,-1,-1,-1,-1,-1,-1,0,-1
2023131359779,2023,131359779,2,1,0,18,19,6,2,0,0,8,0,0,0,0,1,1,6,6,1,35,6,-1,-1,-1,-1,10,E01011562,0,-1
2023131382508,2023,131382508,2,98,0,18,19,3,7,0,0,4,5,0,1,11,1,1,5,6,2,53,8,-1,-1,-1,-1,1,E01010613,0,-1
2023531340659,2023,531340659,1,9,0,12,12,1,5,0,0,0,0,0,0,0,0,1,6,6,3,-1,-1,-1,-1,-1,-1,-1,-1,0,-1
2023552300448,2023,552300448,1,9,0,7,7,4,6,0,0,5,0,0,0,0,1,1,6,6,1,31,6,-1,-1,-1,-1,4,E01015303,0,-1
2023302300354,2023,302300354,2,1,0,18,19,2,6,0,0,8,0,0,0,0,1,1,2,2,1,54,8,-1,-1,-1,-1,6,E01013507,0,-1
2023221282787,2023,221282787,2,9,0,4,4,2,6,0,0,0,0,0,0,0,2,1,2,2,1,26,6,-1,-1,-1,-1,4,E01013989,0,-1
2023461265784,2023,461265784,2,9,0,18,19,1,5,0,0,8,0,11,0,0,3,1,6,6,1,61,9,-1,-1,-1,-1,6,E01026877,0,-1
2023052301205,2023,052301205,1,1,0,18,19,8,3,0,0,1,0,0,0,0,1,1,4,7,2,16,4,-1,-1,-1,-1,1,E01007008,0,-1
2023340NN1262,2023,340NN1262,1,-1,0,18,19,5,1,0,0,1,0,10,0,0,0,1,6,6,1,18,4,-1,-1,-1,-1,3,E01027104,1,-1
2023552300658,2023,552300658,2,1,0,18,19,7,3,0,0,0,0,0,0,0,1,1,6,6,3,-1,-1,-1,-1,-1,-1,-1,-1,0,-1
2023311381219,2023,311381219,2,90,0,5,5,3,7,1,1,0,5,0,2,0,1,1,5,6,1,80,11,-1,-1,-1,-1,8,E01028096,0,-1
2023111339467,2023,111339467,2,9,0,18,19,8,4,0,0,0,0,0,0,0,1,1,6,6,1,49,8,-1,-1,-1,-1,2,E01020753,0,-1
2023991316142,2023,991316142,1,9,0,9,9,1,8,0,0,5,0,0,0,0,1,1,6,6,3,18,4,-1,-1,-1,-1,-1,-1,0,-1
2023430342019,2023,430342019,2,1,0,18,19,5,1,0,0,0,0,0,0,0,1,1,6,6,1,16,4,-1,-1,-1,-1,2,E01028454,0,-1
2023010479874,2023,010479874,2,8,0,99,99,9,9,99,99,0,9,99,9,99,9,9,6,6,3,-1,-1,-1,-1,-1,-1,-1,-1,0,-1
2023010450870,2023,010450870,2,1,0,18,19,1,5,0,0,2,0,0,0,0,1,1,6,6,1,29,6,-1,-1,-1,-1,4,E01000965,0,-1
2023430483664,2023,430483664,1,9,0,9,9,8,6,0,0,6,0,0,0,0,3,1,1,1,1,34,6,-1,-1,-1,-1,10,E01016648,0,-1
2023451372534,2023,451372534,2,1,0,18,19,5,1,9,9,8,0,0,0,0,1,1,6,6,1,16,4,-1,-1,-1,-1,-1,-1,0,-1
2023471375476,2023,471375476,2,1,0,18,19,3,7,0,0,1,5,0,0,0,2,1,6,6,2,36,7,-1,-1,-1,-1,4,E01016974,0,-1
2023010470221,2023,010470221,1,1,0,9,9,1,8,0,0,1,0,0,0,0,1,1,2,2,1,25,5,-1,-1,-1,-1,7,E01000258,0,-1
2023010458271,2023,010458271,1,-1,0,18,19,1,5,0,0,1,5,0,0,0,0,1,6,6,2,54,8,-1,-1,-1,-1,5,E01004641,1,-1
2023101293400,2023,101293400,2,9,0,18,19,5,1,0,0,6,0,0,1,0,3,1,5,6,2,34,6,-1,-1,-1,-1,3,E01020856,0,-1
2023991302956,2023,991302956,2,9,0,18,19,5,2,0,0,3,0,0,0,0,1,1,6,6,1,50,8,-1,-1,-1,-1,-1,-1,0,-1
2023501313632,2023,501313632,2,1,0,16,19,2,5,0,0,1,0,0,0,0,1,1,5,6,1,37,7,-1,-1,-1,-1,5,E01019039,0,-1
2023010465132,2023,010465132,1,1,0,5,5,3,7,0,0,1,0,0,9,0,1,1,6,6,1,22,5,-1,-1,-1,-1,-1,-1,0,-1
2023010467589,2023,010467589,1,1,9,99,99,9,9,4,4,9,9,99,9,99,1,1,2,2,1,32,6,-1,-1,-1,-1,5,E01004548,0,-1
2023552300504,2023,552300504,1,-1,0,18,19,1,5,0,0,0,0,0,0,0,1,1,6,6,1,29,6,-1,-1,-1,-1,5,E01015329,1,-1
2023010485022,2023,010485022,2,9,0,99,99,9,9,99,99,9,9,99,9,99,1,9,6,6,3,-1,-1,-1,-1,-1,-1,-1,-1,0,-1
2023471327714,2023,471327714,2,9,0,18,19,5,1,0,0,0,2,0,0,0,3,1,2,2,1,29,6,-1,-1,-1,-1,9,E01021023,0,-1
2023520400857,2023,520400857,1,9,0,5,5,6,2,0,0,0,0,0,0,0,1,1,6,6,2,34,6,-1,-1,-1,-1,7,E01029139,0,-1
2023201277407,2023,201277407,2,9,0,3,3,-1,-1,0,0,0,0,0,0,0,2,1,1,1,1,31,6,-1,-1,-1,-1,3,E01010042,0,-1
2023131322363,2023,131322363,1,1,0,17,19,1,7,4,4,6,0,0,0,0,1,1,2,2,1,57,9,-1,-1,-1,-1,1,E01033693,0,-1
2023531352048,2023,531352048,2,98,0,18,19,7,3,0,0,8,0,0,0,0,3,1,1,1,1,40,7,-1,-1,-1,-1,6,E01022335,0,-1
2023141301440,2023,141301440,2,1,0,18,19,6,3,0,0,0,0,0,0,0,1,1,6,6,1,47,8,-1,-1,-1,-1,1,E01007652,0,-1
2023471265732,2023,471265732,1,19,0,18,19,7,3,0,0,1,0,0,7,2,1,1,5,6,1,17,4,-1,-1,-1,-1,7,E01031746,0,-1
2023052300544,2023,052300544,1,19,0,11,11,3,7,0,0,0,0,0,0,0,0,1,6,6,3,-1,-1,-1,-1,-1,-1,-1,-1,0,-1
2023421372074,2023,421372074,2,1,0,9,9,7,5,0,0,1,0,0,0,0,2,1,2,2,1,21,5,-1,-1,-1,-1,5,E01015904,0,-1
2023161293559,2023,161293559,2,1,0,5,5,5,1,0,0,8,0,0,0,0,4,1,6,6,1,55,8,-1,-1,-1,-1,6,E01012766,0,-1
2023010475914,2023,010475914,1,1,9,99,99,9,9,99,99,9,9,99,9,99,1,1,2,2,2,29,6,-1,-1,-1,-1,1,E01004316,0,-1
2023351338157,2023,351338157,1,9,0,3,3,8,5,0,0,0,0,0,0,0,1,1,1,1,1,54,8,-1,-1,-1,-1,6,E01026686,0,-1
202363A007723,2023,63A007723,1,9,0,18,19,3,7,0,0,0,0,0,0,0,0,1,6,6,3,-1,-1,-1,-1,-1,-1,-1,-1,0,-1
2023061270050,2023,061270050,2,1,0,18,19,6,2,0,0,1,0,0,0,0,1,1,6,6,1,28,6,-1,-1,-1,-1,5,E01005175,0,-1
2023411360058,2023,411360058,2,1,0,5,5,3,7,0,0,4,0,0,0,0,2,1,6,6,1,69,10,-1,-1,-1,-1,6,E01023399,0,-1
2023131323687,2023,131323687,2,1,0,18,19,1,5,0,0,1,0,0,0,0,1,1,6,6,1,50,8,-1,-1,-1,-1,4,E01010784,0,-1
2023131311109,2023,131311109,1,9,0,9,9,8,4,0,0,1,0,0,0,0,1,1,6,6,1,24,5,-1,-1,-1,-1,1,E01010800,0,-1
2023430555423,2023,430555423,2,1,0,9,9,8,6,0,0,5,0,0,0,0,1,1,4,7,1,15,3,-1,-1,-1,-1,6,E01028551,0,-1
2023542526723,2023,542526723,1,19,0,13,13,6,2,0,0,0,0,0,0,0,4,1,6,6,3,-1,-1,-1,-1,-1,-1,-1,-1,0,-1
2023471379109,2023,471379109,1,1,0,18,19,1,5,5,5,0,0,0,0,0,2,1,6,6,1,40,7,-1,-1,-1,-1,1,E01016900,0,-1
2023201375350,2023,201375350,1,4,0,14,14,7,3,0,0,0,0,0,0,0,1,1,2,2,1,22,5,-1,-1,-1,-1,1,E01010037,0,-1
2023430240636,2023,430240636,2,9,0,18,19,0,0,0,0,0,0,0,0,0,2,1,6,6,3,-1,-1,-1,-1,-1,-1,-1,-1,0,-1
2023421301926,2023,421301926,1,19,0,18,19,1,5,0,0,1,0,0,0,0,3,1,6,6,3,-1,-1,-1,-1,-1,-1,-1,-1,0,-1
2023122300432,2023,122300432,2,1,0,15,15,2,6,4,4,8,0,0,0,0,1,1,6,6,2,39,7,-1,-1,-1,-1,2,E01013448,0,-1
2023351326558,2023,351326558,1,9,0,18,19,-1,-1,0,0,0,0,0,0,0,1,1,6,6,3,-1,-1,-1,-1,-1,-1,-1,-1,0,-1
2023471275645,2023,471275645,2,1,0,17,19,8,4,0,0,1,0,0,0,0,1,1,6,6,1,66,10,-1,-1,-1,-1,9,E01031339,0,-1
2023520000316,2023,520000316,1,1,0,18,19,5,1,0,0,8,0,0,0,0,1,1,6,6,1,35,6,-1,-1,-1,-1,10,E01014415,0,-1
2023461394426,2023,461394426,1,9,0,18,19,3,7,0,0,1,0,0,0,0,1,1,6,6,1,51,8,-1,-1,-1,-1,6,E01024171,0,-1
2023010439516,2023,010439516,2,1,0,18,19,5,1,0,0,1,0,0,0,0,1,1,1,1,1,17,4,-1,-1,-1,-1,2,E01032722,0,-1
2023411370151,2023,411370151,2,9,0,18,19,2,1,0,0,1,0,0,8,4,1,1,2,2,1,29,6,-1,-1,-1,-1,-1,-1,0,-1
2023522400127,2023,522400127,2,1,0,18,19,2,6,0,0,1,0,0,0,0,1,1,6,6,1,14,3,-1,-1,-1,-1,-1,-1,0,-1
2023010469179,2023,010469179,1,1,9,99,99,9,9,99,99,2,9,99,9,99,1,1,2,2,1,42,7,-1,-1,-1,-1,1,E01024148,0,-1
2023161286943,2023,161286943,1,9,0,18,19,6,2,0,0,2,0,0,0,0,1,1,6,6,2,-1,-1,-1,-1,-1,-1,-1,-1,0,-1
2023302300139,2023,302300139,1,19,0,9,9,3,8,0,0,2,1,0,0,0,3,1,1,1,3,-1,-1,-1,-1,-1,-1,5,E01019456,0,-1
2023010449708,2023,010449708,1,1,9,99,99,9,9,99,99,9,9,99,9,99,9,1,2,2,2,57,9,-1,-1,-1,-1,6,E01002565,0,-1
2023451322163,2023,451322163,1,9,0,18,19,1,5,0,0,1,0,0,0,0,1,1,5,6,1,27,6,-1,-1,-1,-1,10,E01016199,0,-1
2023010472926,2023,010472926,2,9,0,99,99,9,9,99,99,9,9,99,9,99,9,9,6,6,3,-1,-1,-1,-1,-1,-1,-1,-1,0,-1
2023411318155,2023,411318155,1,9,0,18,19,-1,-1,0,0,1,0,0,0,0,2,1,6,6,1,39,7,-1,-1,-1,-1,1,E01000720,0,-1
2023201411228,2023,201411228,1,9,0,18,19,1,5,0,0,0,0,0,0,0,1,1,6,6,3,-1,-1,-1,-1,-1,-1,-1,-1,0,-1
2023010480931,2023,010480931,2,1,9,99,99,9,9,99,99,9,9,99,9,99,1,1,6,6,1,-1,-1,-1,-1,-1,-1,-1,-1,0,-1
2023451334070,2023,451334070,2,9,0,10,10,7,5,0,0,0,0,0,0,0,2,1,1,1,1,61,9,-1,-1,-1,-1,8,E01030628,0,-1
2023522400594,2023,522400594,1,1,0,18,19,6,2,9,9,0,0,0,0,0,1,1,6,6,1,32,6,-1,-1,-1,-1,1,E01032518,0,-1
2023041303534,2023,041303534,2,98,0,9,9,3,1,0,0,2,0,0,0,0,0,1,1,1,1,24,5,-1,-1,-1,-1,4,E01019137,0,-1
2023991337987,2023,991337987,1,1,0,18,19,6,6,0,0,2,5,0,0,0,4,1,6,6,1,12,3,-1,-1,-1,-1,-1,-1,0,-1
2023430504759,2023,430504759,2,9,0,18,19,4,8,0,0,8,0,0,0,0,4,1,6,6,1,47,8,-1,-1,-1,-1,9,E01016611,0,-1
2023161293699,2023,161293699,1,1,0,18,19,5,1,0,0,8,0,0,0,0,2,1,2,2,1,34,6,-1,-1,-1,-1,3,E01012868,0,-1
2023311274113,2023,311274113,2,1,0,5,5,3,7,0,0,1,0,0,0,0,1,1,5,6,1,17,4,-1,-1,-1,-1,4,E01028249,0,-1
2023031351335,2023,031351335,1,9,-1,-1,-1,-1,-1,-1,-1,0,-1,-1,-1,0,1,1,6,6,3,-1,-1,-1,-1,-1,-1,-1,-1,0,-1
2023041302062,2023,041302062,2,1,0,18,19,1,5,0,0,1,0,0,0,0,1,1,5,6,2,42,7,-1,-1,-1,-1,2,E01012709,0,-1
2023101343932,2023,101343932,2,1,0,18,19,6,2,0,0,0,0,0,0,0,3,1,5,6,1,54,8,-1,-1,-1,-1,3,E01027541,0,-1
2023311361584,2023,311361584,2,1,0,18,19,6,2,0,0,0,0,0,0,0,2,1,6,6,1,48,8,-1,-1,-1,-1,1,E01013893,0,-1
2023122300077,2023,122300077,2,1,0,18,19,5,1,0,0,6,0,0,0,0,2,1,1,1,1,55,8,-1,-1,-1,-1,8,E01013342,0,-1
2023070942079,2023,070942079,2,9,0,4,4,3,7,0,0,8,0,0,0,0,0,1,6,6,3,-1,-1,-1,-1,-1,-1,-1,-1,0,-1
2023201330946,2023,201330946,2,-1,0,9,9,8,3,0,0,5,5,0,0,0,2,1,6,6,3,-1,-1,-1,-1,-1,-1,-1,-1,0,-1
2023440149200,2023,440149200,1,1,0,18,19,1,5,0,0,8,0,0,0,0,0,1,6,6,2,75,10,-1,-1,-1,-1,9,E01017147,0,-1
2023010434826,2023,010434826,1,9,9,99,99,9,9,99,99,9,9,99,9,99,1,9,6,6,3,-1,-1,-1,-1,-1,-1,-1,-1,0,-1
2023010436327,2023,010436327,2,3,0,18,19,4,8,0,0,8,1,0,0,0,1,1,6,6,1,30,6,-1,-1,-1,-1,3,E01033464,0,-1
2023010430907,2023,010430907,2,19,0,2,2,0,0,0,0,0,0,0,0,0,2,1,6,6,3,-1,-1,-1,-1,-1,-1,-1,-1,0,-1
2023531401866,2023,531401866,2,1,0,18,19,3,7,0,0,0,0,0,0,0,3,1,2,2,1,64,9,-1,-1,-1,-1,10,E01022105,0,-1
2023131331103,2023,131331103,2,1,0,17,19,3,7,0,0,0,0,0,0,0,3,1,2,2,1,54,8,-1,-1,-1,-1,1,E01010614,0,-1
2023010430212,2023,010430212,2,1,0,9,9,1,6,0,0,5,0,0,0,0,2,1,2,2,2,47,8,-1,-1,-1,-1,1,E01003075,0,-1
2023501322750,2023,501322750,2,1,0,18,19,8,6,0,0,8,0,0,0,0,2,1,6,6,1,15,3,-1,-1,-1,-1,4,E01018759,0,-1
202363A037623,2023,63A037623,1,9,0,18,19,2,6,0,0,0,0,0,1,10,4,1,6,6,2,30,6,-1,-1,-1,-1,-1,-1,0,-1
2023010461322,2023,010461322,1,9,0,18,19,1,5,0,0,0,0,0,0,0,1,1,6,6,3,-1,-1,-1,-1,-1,-1,-1,-1,0,-1
2023010461689,2023,010461689,1,1,9,99,99,9,9,99,99,9,9,99,9,99,2,1,6,6,2,70,10,-1,-1,-1,-1,9,E01003880,0,-1
2023430095211,2023,430095211,1,9,0,18,19,5,1,0,0,0,0,0,0,0,4,1,6,6,3,-1,-1,-1,-1,-1,-1,-1,-1,0,-1
202360A141232,2023,60A141232,2,5,0,4,4,8,4,0,0,1,0,0,0,0,1,1,6,6,1,58,9,-1,-1,-1,-1,-1,-1,0,-1
2023340WN5482,2023,340WN5482,1,9,0,7,7,2,5,0,0,6,0,0,0,0,3,1,6,6,1,-1,-1,-1,-1,-1,-1,-1,-1,0,-1