collision_index,collision_year,collision_ref_no,vehicle_reference,vehicle_type,towing_and_articulation,vehicle_manoeuvre_historic,vehicle_manoeuvre,vehicle_direction_from,vehicle_direction_to,vehicle_location_restricted_lane_historic,vehicle_location_restricted_lane,junction_location,skidding_and_overturning,hit_object_in_carriageway,vehicle_leaving_carriageway,hit_object_off_carriageway,first_point_of_impact,vehicle_left_hand_drive,journey_purpose_of_driver_historic,journey_purpose_of_driver,sex_of_driver,age_of_driver,age_band_of_driver,engine_capacity_cc,propulsion_code,age_of_vehicle,generic_make_model,driver_imd_decile,lsoa_of_driver,escooter_flag,driver_distance_banding
2023221379103,2023,221379103,3,1,0,18,19,6,2,0,0,0,0,0,0,0,1,1,5,6,1,59,9,-1,-1,-1,-1,5,E01028910,0,-1
2023430020101,2023,430020101,1,8,0,18,19,8,4,0,0,8,0,0,0,0,1,1,6,6,1,-1,-1,-1,-1,-1,-1,-1,-1,0,-1
2023430180145,2023,430180145,1,19,0,4,4,2,6,0,0,0,0,0,0,0,1,1,1,1,1,41,7,-1,-1,-1,-1,8,E01016686,0,-1
2023440440516,2023,440440516,2,19,0,12,12,1,5,0,0,1,0,0,0,0,3,1,1,1,3,-1,-1,-1,-1,-1,-1,-1,-1,0,-1
2023451382043,2023,451382043,2,1,0,18,19,2,4,0,0,8,5,0,0,0,2,1,5,6,1,51,8,-1,-1,-1,-1,7,E01030921,0,-1
2023531293012,2023,531293012,2,-1,0,18,19,4,8,0,0,1,0,0,0,0,1,1,2,2,1,51,8,-1,-1,-1,-1,9,E01022304,1,-1
2023430515697,2023,430515697,2,1,4,18,19,1,5,0,0,1,0,0,0,0,3,1,3,7,2,32,6,-1,-1,-1,-1,6,E01028597,0,-1
2023421297466,2023,421297466,1,9,0,18,19,3,7,0,0,0,0,0,0,0,4,1,6,6,3,-1,-1,-1,-1,-1,-1,-1,-1,0,-1
2023311374547,2023,311374547,2,1,0,4,4,7,1,4,4,1,0,0,0,0,2,1,6,6,2,-1,-1,-1,-1,-1,-1,-1,-1,0,-1
2023010421608,2023,010421608,2,9,0,18,19,7,3,0,0,0,0,0,0,0,1,1,6,6,3,-1,-1,-1,-1,-1,-1,-1,-1,0,-1
2023520400541,2023,520400541,1,9,0,18,19,1,5,0,0,0,0,0,0,0,1,1,6,6,1,47,8,-1,-1,-1,-1,6,E01020547,0,-1
2023052301958,2023,052301958,1,9,0,18,19,7,3,0,0,0,0,0,0,0,1,1,6,6,3,-1,-1,-1,-1,-1,-1,-1,-1,0,-1
2023411363923,2023,411363923,1,9,0,18,19,7,4,0,0,4,0,0,0,0,3,1,6,6,2,47,8,-1,-1,-1,-1,7,E01023923,0,-1
2023320495577,2023,320495577,1,19,0,1,1,1,5,0,0,0,0,0,0,0,2,1,1,1,3,-1,-1,-1,-1,-1,-1,-1,-1,0,-1
2023440456674,2023,440456674,2,1,0,18,19,1,6,0,0,1,0,0,0,0,1,1,6,6,1,30,6,-1,-1,-1,-1,6,E01022812,0,-1
2023461305566,2023,461305566,1,1,0,18,19,1,5,0,0,1,0,0,0,0,1,1,6,6,1,5,1,-1,-1,-1,-1,9,E01032816,0,-1
2023201411104,2023,201411104,1,9,0,18,19,2,6,0,0,0,0,0,0,0,1,1,6,6,1,-1,-1,-1,-1,-1,-1,-1,-1,0,-1
2023010470472,2023,010470472,1,1,9,99,99,9,9,99,99,9,9,99,9,99,9,1,2,2,3,27,6,-1,-1,-1,-1,4,E01004150,0,-1
2023991326903,2023,991326903,1,9,0,18,19,1,4,0,0,0,0,0,0,0,1,1,1,1,1,39,7,-1,-1,-1,-1,-1,-1,0,-1
2023201400492,2023,201400492,3,9,0,18,19,7,2,0,0,0,0,0,0,0,0,1,6,6,3,-1,-1,-1,-1,-1,-1,-1,-1,0,-1
2023010462723,2023,010462723,2,1,0,15,15,3,7,0,0,0,0,0,0,0,1,1,6,6,1,30,6,-1,-1,-1,-1,3,E01002550,0,-1
2023122301343,2023,122301343,2,1,0,9,9,5,2,0,0,8,0,0,0,0,1,1,1,1,1,22,5,-1,-1,-1,-1,7,E01013346,0,-1
2023010479678,2023,010479678,2,9,0,99,99,9,9,99,99,9,9,99,9,99,9,9,6,6,3,-1,-1,-1,-1,-1,-1,-1,-1,0,-1
2023991299124,2023,991299124,2,1,0,18,19,7,4,0,0,3,0,0,0,0,2,1,5,6,1,40,7,-1,-1,-1,-1,5,-1,0,-1
2023430219146,2023,430219146,1,9,0,14,14,2,6,0,0,0,0,0,0,0,1,1,6,6,3,-1,-1,-1,-1,-1,-1,-1,-1,0,-1
2023010470747,2023,010470747,2,1,9,99,99,9,9,99,99,9,9,99,9,99,9,1,6,6,1,-1,-1,-1,-1,-1,-1,-1,-1,0,-1
2023440214212,2023,440214212,2,1,0,18,19,5,1,0,0,0,0,0,0,0,3,1,6,6,2,21,5,-1,-1,-1,-1,5,E01022678,0,-1
2023302300155,2023,302300155,2,9,0,3,3,8,4,0,0,1,0,0,0,0,2,1,6,6,3,-1,-1,-1,-1,-1,-1,5,E01019456,0,-1
2023552301249,2023,552301249,1,1,0,9,9,8,6,0,0,8,0,0,0,0,4,1,6,6,1,12,3,-1,-1,-1,-1,7,E01020357,0,-1
2023010460877,2023,010460877,2,1,0,18,19,1,5,0,0,1,0,0,0,0,0,1,6,6,1,31,6,-1,-1,-1,-1,3,E01032786,0,-1
2023131320822,2023,131320822,1,1,0,16,19,6,1,0,0,0,0,0,0,0,3,1,6,6,1,27,6,-1,-1,-1,-1,2,E01011915,0,-1
2023041355399,2023,041355399,1,9,0,18,19,5,1,0,0,1,0,0,0,0,4,1,1,1,2,52,8,-1,-1,-1,-1,6,E01025222,0,-1
2023010428330,2023,010428330,2,19,4,3,3,1,5,0,0,1,0,0,0,0,1,9,6,6,3,-1,-1,-1,-1,-1,-1,-1,-1,0,-1
2023010457709,2023,010457709,1,1,9,99,99,9,9,99,99,9,9,99,9,99,1,1,6,6,1,32,6,-1,-1,-1,-1,1,E01004005,0,-1
2023010448489,2023,010448489,1,9,0,99,99,9,9,99,99,9,9,99,9,99,1,9,6,6,3,-1,-1,-1,-1,-1,-1,-1,-1,0,-1
2023010443852,2023,010443852,1,1,0,99,99,9,9,0,0,9,9,0,0,0,9,1,6,6,3,-1,-1,-1,-1,-1,-1,-1,-1,0,-1
2023541689823,2023,541689823,2,1,0,5,5,6,2,0,0,0,0,0,0,0,1,1,6,6,1,19,4,-1,-1,-1,-1,2,E01015570,0,-1
2023131308925,2023,131308925,1,9,0,18,19,7,3,0,0,8,0,0,0,0,1,1,6,6,1,-1,-1,-1,-1,-1,-1,-1,-1,0,-1
2023101390394,2023,101390394,1,11,-1,4,4,3,7,2,2,0,0,0,0,0,1,1,1,1,3,-1,-1,-1,-1,-1,-1,-1,-1,0,-1
2023061365185,2023,061365185,2,1,0,5,5,7,3,0,0,0,0,0,0,0,1,1,4,7,1,11,3,-1,-1,-1,-1,2,E01005323,0,-1
2023430184703,2023,430184703,3,9,0,4,4,4,8,0,0,1,0,0,0,0,2,1,6,6,2,75,10,-1,-1,-1,-1,-1,-1,0,-1
2023052301524,2023,052301524,1,97,0,5,5,5,1,0,0,0,0,0,0,0,1,1,6,6,3,-1,-1,-1,-1,-1,-1,-1,-1,0,-1
2023010439988,2023,010439988,2,9,0,99,99,9,9,99,99,9,9,99,9,99,9,9,6,6,3,-1,-1,-1,-1,-1,-1,-1,-1,0,-1
2023010470624,2023,010470624,1,1,9,99,99,9,9,99,99,0,9,99,9,99,1,1,6,6,1,54,8,-1,-1,-1,-1,6,E01001275,0,-1
2023302300078,2023,302300078,2,98,0,5,5,2,6,0,0,0,0,0,0,0,1,1,1,1,3,-1,-1,-1,-1,-1,-1,5,E01019456,0,-1
2023010467620,2023,010467620,1,-1,9,18,19,3,7,9,9,9,9,0,9,0,9,9,6,6,3,-1,-1,-1,-1,-1,-1,-1,-1,1,-1
2023231310601,2023,231310601,3,9,0,4,4,8,4,0,0,0,0,0,0,0,3,1,6,6,1,36,7,-1,-1,-1,-1,6,E01019629,0,-1
2023010452361,2023,010452361,1,1,9,99,99,9,9,99,99,9,9,99,9,99,1,1,2,2,1,48,8,-1,-1,-1,-1,10,E01030535,0,-1
2023421372099,2023,421372099,1,9,0,1,1,0,7,0,0,1,0,0,0,0,2,1,6,6,3,-1,-1,-1,-1,-1,-1,-1,-1,0,-1
2023010428933,2023,010428933,2,1,0,9,9,3,1,0,0,1,5,0,0,0,1,1,2,2,1,20,4,-1,-1,-1,-1,4,E01001153,0,-1
2023010444466,2023,010444466,1,1,9,99,99,9,9,99,99,9,9,99,9,99,9,1,2,2,1,23,5,-1,-1,-1,-1,8,E01004170,0,-1
2023122300412,2023,122300412,1,9,0,18,19,5,1,0,0,0,0,0,0,0,1,1,6,6,3,-1,-1,-1,-1,-1,-1,-1,-1,0,-1
2023201349464,2023,201349464,1,9,0,18,19,8,6,0,0,6,0,0,0,0,1,1,6,6,2,-1,-1,-1,-1,-1,-1,-1,-1,0,-1
2023522400322,2023,522400322,1,1,0,18,19,3,7,0,0,8,0,0,0,0,1,1,6,6,1,16,4,-1,-1,-1,-1,3,E01014941,0,-1
2023010464206,2023,010464206,2,1,0,5,5,1,5,0,0,1,0,0,0,0,2,1,6,6,1,38,7,-1,-1,-1,-1,8,E01003225,0,-1
2023430348584,2023,430348584,1,9,0,3,3,8,4,0,0,1,0,0,0,0,1,1,1,1,1,32,6,-1,-1,-1,-1,3,E01015877,0,-1
2023461368345,2023,461368345,1,98,0,18,19,7,3,0,0,0,0,0,0,0,3,1,6,6,1,40,7,-1,-1,-1,-1,-1,-1,0,-1
2023052302647,2023,052302647,1,19,0,18,19,5,1,0,0,8,0,0,0,0,1,1,6,6,3,-1,-1,-1,-1,-1,-1,-1,-1,0,-1
2023302300008,2023,302300008,1,9,0,7,7,8,4,0,0,2,0,0,0,0,4,1,6,6,3,-1,-1,-1,-1,-1,-1,5,E01019456,0,-1
2023041391122,2023,041391122,1,9,0,18,19,-1,-1,0,0,1,0,0,0,0,-1,1,6,6,3,-1,-1,-1,-1,-1,-1,-1,-1,0,-1
2023440382260,2023,440382260,2,1,0,7,7,5,7,0,0,6,0,0,0,0,1,1,4,7,2,15,3,-1,-1,-1,-1,2,E01032878,0,-1
2023332300963,2023,332300963,1,-1,0,18,19,7,3,9,9,8,0,0,0,0,3,1,6,6,2,14,3,-1,-1,-1,-1,3,E01013731,1,-1
2023052301848,2023,052301848,1,20,0,7,7,6,8,0,0,6,0,0,0,0,0,1,6,6,3,-1,-1,-1,-1,-1,-1,-1,-1,0,-1
2023430544665,2023,430544665,2,1,0,18,19,5,1,2,2,8,0,0,0,0,3,1,6,6,1,70,10,-1,-1,-1,-1,10,E01028596,0,-1
2023122301195,2023,122301195,2,98,0,18,19,4,8,0,0,1,0,0,0,0,0,1,6,6,3,-1,-1,-1,-1,-1,-1,-1,-1,0,-1
2023201382341,2023,201382341,3,9,0,2,2,0,0,0,0,0,0,0,0,0,1,1,6,6,3,-1,-1,-1,-1,-1,-1,-1,-1,0,-1
2023991365174,2023,991365174,1,9,0,18,19,5,1,0,0,0,0,0,0,0,1,1,5,6,2,86,11,-1,-1,-1,-1,1,-1,0,-1
2023131389618,2023,131389618,1,1,0,4,4,7,3,0,0,1,0,0,0,0,2,1,5,6,1,20,4,-1,-1,-1,-1,2,E01011681,0,-1
2023522400704,2023,522400704,4,99,0,18,19,8,4,0,0,0,0,0,0,0,0,1,6,6,3,-1,-1,-1,-1,-1,-1,-1,-1,0,-1
2023010441492,2023,010441492,1,1,0,18,19,5,1,0,0,0,1,0,0,0,1,1,6,6,1,30,6,-1,-1,-1,-1,1,E01004675,0,-1
2023320780662,2023,320780662,1,21,0,12,12,1,5,0,0,0,0,0,0,0,1,2,6,6,1,35,6,-1,-1,-1,-1,-1,-1,0,-1
2023122300510,2023,122300510,2,1,0,18,19,2,6,0,0,1,0,0,0,0,0,1,6,6,3,62,9,-1,-1,-1,-1,10,E01027732,0,-1
2023401270501,2023,401270501,2,9,0,18,19,8,4,0,0,1,0,0,0,0,4,1,6,6,2,23,5,-1,-1,-1,-1,8,E01015693,0,-1
2023041269275,2023,041269275,1,11,0,18,19,6,2,0,0,1,0,0,0,0,4,1,1,1,1,22,5,-1,-1,-1,-1,2,E01025292,0,-1
2023061352051,2023,061352051,1,9,0,4,4,3,7,0,0,0,0,0,0,0,2,1,6,6,1,-1,-1,-1,-1,-1,-1,-1,-1,0,-1
2023010460165,2023,010460165,2,9,0,4,4,3,7,0,0,4,0,0,0,0,1,1,6,6,3,-1,-1,-1,-1,-1,-1,-1,-1,0,-1
2023471380511,2023,471380511,2,1,0,18,19,7,3,0,0,8,0,0,0,0,1,1,2,2,1,50,8,-1,-1,-1,-1,9,E01031769,0,-1
2023421290479,2023,421290479,1,9,0,18,19,4,8,0,0,0,0,0,0,0,0,1,6,6,3,93,11,-1,-1,-1,-1,-1,-1,0,-1
2023010431973,2023,010431973,2,22,0,18,19,3,7,0,0,1,0,0,0,0,3,1,6,6,2,45,7,-1,-1,-1,-1,1,E01004245,0,-1
2023010437302,2023,010437302,1,1,9,99,99,9,9,99,99,9,9,99,9,99,9,1,2,2,2,27,6,-1,-1,-1,-1,10,E01017773,0,-1
2023631338706,2023,631338706,1,9,0,16,19,2,5,0,0,0,5,0,1,10,4,1,6,6,1,42,7,-1,-1,-1,-1,3,W01000454,0,-1
2023471260686,2023,471260686,3,19,0,2,2,0,0,6,6,0,0,0,0,0,2,1,6,6,3,-1,-1,-1,-1,-1,-1,-1,-1,0,-1
2023501331380,2023,501331380,2,1,0,18,19,7,3,0,0,0,5,0,0,0,3,1,5,6,1,38,7,-1,-1,-1,-1,5,E01018943,0,-1
2023501282952,2023,501282952,2,9,0,13,13,7,3,0,0,0,0,0,0,0,1,1,5,6,2,44,7,-1,-1,-1,-1,2,E01014489,0,-1
2023421281057,2023,421281057,1,9,0,5,5,4,7,0,0,4,0,0,0,0,-1,1,6,6,3,-1,-1,-1,-1,-1,-1,-1,-1,0,-1
2023052302408,2023,052302408,2,1,0,18,19,3,6,0,0,0,0,0,0,0,4,1,6,6,1,53,8,-1,-1,-1,-1,1,E01006760,0,-1
2023161333006,2023,161333006,1,1,0,13,13,1,5,0,0,0,0,0,1,0,4,1,5,6,1,22,5,-1,-1,-1,-1,1,E01012917,0,-1
2023440249047,2023,440249047,1,3,0,18,19,3,7,0,0,1,0,0,0,0,1,1,6,6,1,-1,-1,-1,-1,-1,-1,-1,-1,0,-1
2023311344135,2023,311344135,1,1,0,18,19,4,6,9,9,0,0,0,0,0,1,1,6,6,1,26,6,-1,-1,-1,-1,2,E01027967,0,-1
202360A029046,2023,60A029046,2,19,0,2,2,0,0,9,9,0,0,0,0,0,4,1,6,6,1,-1,-1,-1,-1,-1,-1,-1,-1,0,-1
2023411364281,2023,411364281,1,1,0,18,19,8,4,0,0,0,0,0,1,0,0,1,5,6,1,50,8,-1,-1,-1,-1,4,E01023646,0,-1
2023421327700,2023,421327700,3,-1,0,5,5,3,8,0,0,6,0,0,0,0,0,1,6,6,3,-1,-1,-1,-1,-1,-1,-1,-1,0,-1
2023451343670,2023,451343670,2,9,0,9,9,2,6,0,0,0,0,0,0,0,2,1,5,6,2,43,7,-1,-1,-1,-1,8,E01023541,0,-1
2023010451024,2023,010451024,2,1,0,18,19,7,3,0,0,1,0,0,0,0,3,1,6,6,1,37,7,-1,-1,-1,-1,3,E01004262,0,-1
2023031343227,2023,031343227,1,17,4,1,1,1,5,0,0,0,0,0,0,0,2,1,1,1,1,61,9,-1,-1,-1,-1,6,E01019384,0,-1
2023010444082,2023,010444082,1,1,9,99,99,9,9,99,99,9,9,99,9,99,9,1,2,2,1,59,9,-1,-1,-1,-1,6,E01033571,0,-1
2023320656633,2023,320656633,1,22,0,18,19,2,6,0,0,0,5,0,1,9,3,1,6,6,2,82,11,-1,-1,-1,-1,-1,-1,0,-1
2023522301789,2023,522301789,2,9,0,18,19,8,4,0,0,8,0,0,0,0,1,1,6,6,1,-1,-1,-1,-1,-1,-1,-1,-1,0,-1
2023430480333,2023,430480333,2,9,0,8,8,5,2,0,0,6,0,0,0,0,4,1,6,6,3,-1,-1,-1,-1,-1,-1,-1,-1,0,-1
2023332300733,2023,332300733,2,1,0,18,19,3,7,0,0,6,0,0,0,0,1,1,6,6,1,25,5,-1,-1,-1,-1,2,E01013753,0,-1
2023231277584,2023,231277584,1,1,0,18,19,7,3,0,0,0,0,0,0,0,0,1,5,6,1,67,10,-1,-1,-1,-1,9,E01031237,0,-1
2023201379039,2023,201379039,1,97,0,18,19,1,5,0,0,1,0,0,0,0,1,1,5,6,1,40,7,-1,-1,-1,-1,-1,-1,0,-1
2023101262018,2023,101262018,1,8,-1,5,5,7,3,0,0,0,0,0,0,0,0,1,1,1,1,42,7,-1,-1,-1,-1,-1,-1,0,-1
2023141309736,2023,141309736,1,1,0,18,19,1,5,0,0,3,0,0,0,0,-1,1,6,6,1,17,4,-1,-1,-1,-1,1,E01007542,0,-1
2023451346561,2023,451346561,2,3,0,18,19,1,3,0,0,2,0,0,0,0,1,1,6,6,3,20,4,-1,-1,-1,-1,-1,-1,0,-1
2023421330408,2023,421330408,1,9,0,18,19,3,7,0,0,0,0,0,0,0,1,1,6,6,3,-1,-1,-1,-1,-1,-1,-1,-1,0,-1
2023531280322,2023,531280322,2,-1,0,13,13,5,1,0,0,0,0,0,0,0,0,1,6,6,3,-1,-1,-1,-1,-1,-1,-1,-1,1,-1
2023061372052,2023,061372052,2,1,-1,-1,-1,-1,-1,-1,-1,-1,-1,-1,-1,0,-1,1,6,6,1,-1,-1,-1,-1,-1,-1,3,E01005297,0,-1
2023052300291,2023,052300291,2,1,0,18,19,1,5,0,0,3,0,0,0,0,1,1,6,6,1,23,5,-1,-1,-1,-1,1,E01006791,0,-1
2023161361103,2023,161361103,2,1,0,18,19,6,2,0,0,0,0,0,0,0,4,1,5,6,1,37,7,-1,-1,-1,-1,1,E01013138,0,-1
2023010457671,2023,010457671,2,9,0,9,9,8,6,0,0,1,0,0,0,0,1,1,6,6,3,-1,-1,-1,-1,-1,-1,-1,-1,0,-1
2023411394189,2023,411394189,1,9,0,9,9,4,8,0,0,1,0,4,0,0,4,1,6,6,1,22,5,-1,-1,-1,-1,4,E01015734,0,-1
2023052302086,2023,052302086,1,9,0,11,11,1,5,0,0,0,0,0,0,0,3,1,6,6,3,-1,-1,-1,-1,-1,-1,-1,-1,0,-1
2023052301059,2023,052301059,2,1,0,18,19,1,5,0,0,8,0,0,0,0,1,1,2,2,1,57,9,-1,-1,-1,-1,1,E01006673,0,-1
2023131314558,2023,131314558,1,90,0,5,5,5,1,0,0,8,0,0,0,0,1,1,5,6,1,12,3,-1,-1,-1,-1,2,E01011781,0,-1
2023101329785,2023,101329785,1,9,-1,18,19,5,6,3,2,1,-1,-1,-1,0,-1,1,6,6,1,-1,-1,-1,-1,-1,-1,-1,-1,0,-1
2023010433670,2023,010433670,1,1,9,99,99,9,9,99,99,9,9,99,9,99,9,1,2,2,1,33,6,-1,-1,-1,-1,6,E01023952,0,-1
2023061353750,2023,061353750,2,1,0,4,4,4,8,0,0,1,0,4,1,0,1,1,6,6,1,39,7,-1,-1,-1,-1,-1,-1,0,-1
2023010469002,2023,010469002,1,1,9,99,99,9,9,99,99,0,9,99,9,99,9,1,2,2,1,38,7,-1,-1,-1,-1,3,E01000222,0,-1
2023141317451,2023,141317451,3,9,0,18,19,5,1,0,0,2,0,0,0,0,1,1,1,1,2,39,7,-1,-1,-1,-1,1,E01007790,0,-1
2023332300395,2023,332300395,2,1,0,18,19,0,0,0,0,0,0,0,0,0,1,1,6,6,1,16,4,-1,-1,-1,-1,5,E01025865,0,-1
2023461365795,2023,461365795,1,-1,0,18,19,6,2,9,9,0,0,0,0,0,1,1,6,6,1,-1,-1,-1,-1,-1,-1,5,E01024393,1,-1
2023531263201,2023,531263201,1,-1,0,18,19,6,2,0,0,8,0,0,0,0,3,1,6,6,1,28,6,-1,-1,-1,-1,4,E01022326,1,-1
2023161351090,2023,161351090,2,9,0,2,2,0,0,0,0,1,0,0,0,0,3,1,6,6,1,50,8,-1,-1,-1,-1,6,E01012982,0,-1
2023010433936,2023,010433936,2,9,9,99,99,9,9,99,99,9,9,99,9,99,9,9,6,6,3,-1,-1,-1,-1,-1,-1,-1,-1,0,-1
2023401300589,2023,401300589,2,1,0,18,19,8,2,5,5,0,0,0,0,0,3,1,5,6,2,27,6,-1,-1,-1,-1,8,E01017583,0,-1
2023311267890,2023,311267890,1,11,0,16,19,6,2,0,0,1,0,0,0,0,2,1,1,1,1,27,6,-1,-1,-1,-1,7,E01026185,0,-1
2023332300606,2023,332300606,3,9,0,18,19,6,2,0,0,0,1,0,7,0,1,1,1,1,1,33,6,-1,-1,-1,-1,5,E01025920,0,-1
2023311323135,2023,311323135,1,9,0,18,19,7,3,0,0,0,0,0,0,0,1,1,6,6,1,30,6,-1,-1,-1,-1,-1,-1,0,-1
2023201412591,2023,201412591,3,9,0,3,3,7,3,0,0,1,0,0,0,0,3,1,1,1,1,64,9,-1,-1,-1,-1,8,E01010134,0,-1
2023991391499,2023,991391499,1,9,0,17,19,7,5,0,0,2,0,0,0,0,1,1,5,6,3,18,4,-1,-1,-1,-1,-1,-1,0,-1
2023311301308,2023,311301308,1,9,0,4,4,2,6,0,0,1,0,0,0,0,1,1,6,6,3,-1,-1,-1,-1,-1,-1,-1,-1,0,-1
2023061289688,2023,061289688,1,9,0,9,9,2,8,0,0,1,0,0,0,0,1,1,6,6,1,20,4,-1,-1,-1,-1,-1,-1,0,-1
202363C033223,2023,63C033223,2,9,0,18,19,4,8,0,0,8,0,0,0,0,3,1,6,6,1,63,9,-1,-1,-1,-1,-1,-1,0,-1
2023421383683,2023,421383683,2,1,0,18,19,1,5,0,0,2,0,0,7,0,1,1,2,2,1,22,5,-1,-1,-1,-1,1,E01015852,0,-1
2023302301208,2023,302301208,2,1,0,7,7,2,4,0,0,6,0,0,0,0,3,1,6,6,1,76,11,-1,-1,-1,-1,9,E01019631,0,-1
2023440162758,2023,440162758,2,1,0,18,19,7,3,0,0,8,0,0,0,0,1,1,4,7,1,15,3,-1,-1,-1,-1,4,E01017158,0,-1
2023052301107,2023,052301107,1,9,0,3,3,5,1,0,0,1,0,0,0,0,4,1,6,6,3,-1,-1,-1,-1,-1,-1,-1,-1,0,-1
2023501288172,2023,501288172,2,1,0,18,19,1,5,0,0,1,5,0,0,0,4,1,6,6,2,54,8,-1,-1,-1,-1,4,E01020271,0,-1
2023010440851,2023,010440851,1,1,0,18,19,3,7,0,0,2,0,0,0,0,2,1,6,6,1,24,5,-1,-1,-1,-1,5,E01004753,0,-1
2023010484127,2023,010484127,2,1,0,18,19,7,3,0,0,8,0,0,0,0,3,1,2,2,2,58,9,-1,-1,-1,-1,4,E01002603,0,-1
2023131345313,2023,131345313,3,8,0,18,19,3,7,0,0,0,0,0,0,0,0,1,6,6,1,-1,-1,-1,-1,-1,-1,-1,-1,0,-1
2023411276592,2023,411276592,3,9,0,3,3,5,1,0,0,1,0,0,0,0,4,1,5,6,2,66,10,-1,-1,-1,-1,10,E01023440,0,-1
2023520300556,2023,520300556,2,9,0,13,13,6,2,0,0,1,0,0,0,0,2,1,6,6,1,100,11,-1,-1,-1,-1,-1,-1,0,-1
2023010468639,2023,010468639,1,9,0,99,99,9,9,99,99,9,9,99,9,99,2,9,2,2,2,65,9,-1,-1,-1,-1,8,E01002975,0,-1
2023041370341,2023,041370341,2,1,-1,18,19,-1,-1,0,0,0,0,0,0,0,-1,1,1,1,1,18,4,-1,-1,-1,-1,10,E01025530,0,-1
2023101353410,2023,101353410,2,9,-1,3,3,2,7,0,0,0,0,0,0,0,2,1,5,6,1,48,8,-1,-1,-1,-1,9,E01008783,0,-1
2023010480467,2023,010480467,1,8,0,99,99,9,9,99,99,9,9,99,9,99,9,9,6,6,3,-1,-1,-1,-1,-1,-1,-1,-1,0,-1
2023010422109,2023,010422109,2,1,0,9,9,7,4,0,0,0,0,0,0,0,3,1,6,6,1,44,7,-1,-1,-1,-1,1,E01003252,0,-1
2023471286241,2023,471286241,1,9,0,18,19,4,8,0,0,0,0,0,3,0,-1,1,6,6,3,-1,-1,-1,-1,-1,-1,-1,-1,0,-1
2023610044023,2023,610044023,1,9,0,18,19,8,4,0,0,0,1,0,0,0,4,1,6,6,1,63,9,-1,-1,-1,-1,4,W01001424,0,-1
2023332300054,2023,332300054,1,9,0,18,19,7,3,0,0,0,0,7,1,2,1,1,2,2,1,38,7,-1,-1,-1,-1,8,E01025839,0,-1
2023010436472,2023,010436472,2,1,0,18,19,1,5,0,0,1,0,0,0,0,1,1,6,6,1,18,4,-1,-1,-1,-1,9,E01000395,0,-1
2023351338130,2023,351338130,1,9,0,9,9,3,7,0,0,0,0,0,0,0,1,1,5,6,1,38,7,-1,-1,-1,-1,6,E01015671,0,-1
2023010450835,2023,010450835,1,1,9,99,99,9,9,99,99,9,9,99,9,99,9,1,6,6,2,16,4,-1,-1,-1,-1,6,E01000582,0,-1
2023430396590,2023,430396590,2,9,0,18,19,4,8,0,0,8,0,0,0,0,1,1,6,6,1,49,8,-1,-1,-1,-1,8,E01017931,0,-1
2023401379977,2023,401379977,1,1,0,16,19,3,5,0,0,7,0,0,0,0,1,1,5,6,1,17,4,-1,-1,-1,-1,9,E01017585,0,-1
2023052302644,2023,052302644,2,1,0,9,9,5,3,0,0,8,0,0,0,0,4,1,6,6,1,50,8,-1,-1,-1,-1,1,E01006679,0,-1
2023161334204,2023,161334204,1,1,0,18,19,1,5,9,9,1,0,0,0,0,1,1,6,6,1,30,6,-1,-1,-1,-1,-1,-1,0,-1
2023161264287,2023,161264287,2,9,0,18,19,7,3,0,0,0,0,0,0,0,2,1,1,1,1,27,6,-1,-1,-1,-1,6,E01011303,0,-1
2023451329649,2023,451329649,2,9,0,18,19,7,3,0,0,0,0,0,6,1,4,1,5,6,1,41,7,-1,-1,-1,-1,5,E01030464,0,-1
2023101367311,2023,101367311,2,1,0,5,5,3,7,0,0,1,0,0,0,0,3,1,5,6,1,21,5,-1,-1,-1,-1,3,E01008163,0,-1
2023340WN4422,2023,340WN4422,1,3,0,15,15,6,2,0,0,1,0,0,0,0,1,1,2,2,1,32,6,-1,-1,-1,-1,10,E01027287,0,-1
2023430180234,2023,430180234,2,1,0,18,19,5,1,4,4,0,0,0,0,0,3,1,2,2,2,50,8,-1,-1,-1,-1,8,E01028595,0,-1
2023622300854,2023,622300854,2,1,0,18,19,6,2,0,0,0,0,0,0,0,1,1,6,6,1,48,8,-1,-1,-1,-1,10,W01001799,0,-1
2023522301807,2023,522301807,1,22,0,18,19,7,6,9,9,0,0,0,0,0,1,1,6,6,1,42,7,-1,-1,-1,-1,-1,-1,0,-1
2023131312514,2023,131312514,2,1,0,18,19,3,7,4,4,1,0,0,0,0,3,1,6,6,1,27,6,-1,-1,-1,-1,7,E01011692,0,-1
2023401313837,2023,401313837,1,-1,0,18,19,3,7,0,0,1,0,0,0,0,1,1,5,6,1,18,4,-1,-1,-1,-1,8,E01017461,1,-1
2023351307979,2023,351307979,1,9,-1,-1,-1,-1,-1,-1,-1,-1,-1,-1,-1,0,-1,1,6,6,3,-1,-1,-1,-1,-1,-1,-1,-1,0,-1
2023430231989,2023,430231989,5,9,0,18,19,3,7,0,0,0,0,0,0,0,1,1,6,6,1,42,7,-1,-1,-1,-1,5,W01001102,0,-1
2023411387755,2023,411387755,1,9,0,-1,-1,-1,-1,0,0,0,0,0,0,0,-1,1,6,6,3,-1,-1,-1,-1,-1,-1,-1,-1,0,-1
2023411314193,2023,411314193,1,9,0,18,19,1,5,0,0,1,0,0,0,0,1,1,6,6,1,-1,-1,-1,-1,-1,-1,-1,-1,0,-1
2023010467481,2023,010467481,2,1,0,18,19,6,2,4,4,0,5,0,7,0,1,1,1,1,1,37,7,-1,-1,-1,-1,7,E01003853,0,-1
2023610052723,2023,610052723,3,1,0,18,19,2,6,0,0,0,0,0,0,0,0,1,6,6,2,47,8,-1,-1,-1,-1,5,W01001863,0,-1
2023440220601,2023,440220601,2,1,0,18,19,7,3,0,0,0,0,0,0,0,4,1,6,6,1,54,8,-1,-1,-1,-1,-1,-1,0,-1
2023451329190,2023,451329190,2,9,0,7,7,3,7,0,0,1,0,0,0,0,4,1,6,6,3,46,8,-1,-1,-1,-1,-1,-1,0,-1
2023010480696,2023,010480696,1,1,0,99,99,9,9,0,0,2,0,0,0,0,9,1,2,2,1,68,10,-1,-1,-1,-1,3,E01004202,0,-1