collision_index,collision_year,collision_ref_no,vehicle_reference,vehicle_type,towing_and_articulation,vehicle_manoeuvre_historic,vehicle_manoeuvre,vehicle_direction_from,vehicle_direction_to,vehicle_location_restricted_lane_historic,vehicle_location_restricted_lane,junction_location,skidding_and_overturning,hit_object_in_carriageway,vehicle_leaving_carriageway,hit_object_off_carriageway,first_point_of_impact,vehicle_left_hand_drive,journey_purpose_of_driver_historic,journey_purpose_of_driver,sex_of_driver,age_of_driver,age_band_of_driver,engine_capacity_cc,propulsion_code,age_of_vehicle,generic_make_model,driver_imd_decile,lsoa_of_driver,escooter_flag,driver_distance_banding
2023101321160,2023,101321160,2,1,0,18,19,3,7,0,0,8,2,0,0,0,2,1,5,6,1,39,7,-1,-1,-1,-1,-1,-1,0,-1
2023010470205,2023,010470205,1,1,9,99,99,9,9,4,4,9,9,99,9,99,1,1,2,2,1,32,6,-1,-1,-1,-1,6,E01001870,0,-1
2023010434537,2023,010434537,1,1,9,99,99,9,9,99,99,1,9,99,9,99,9,1,2,2,1,29,6,-1,-1,-1,-1,5,E01003316,0,-1
2023411347523,2023,411347523,2,1,0,18,19,1,5,0,0,0,0,0,0,0,4,1,6,6,1,37,7,-1,-1,-1,-1,6,E01003416,0,-1
2023351342336,2023,351342336,2,1,0,18,19,8,4,0,0,1,0,0,0,0,3,1,6,6,1,42,7,-1,-1,-1,-1,9,E01018161,0,-1
202363A038323,2023,63A038323,3,9,0,5,5,7,2,0,0,4,0,0,0,0,2,1,2,2,2,36,7,-1,-1,-1,-1,-1,-1,0,-1
2023421344515,2023,421344515,2,-1,0,18,19,4,8,0,0,1,0,0,0,0,3,1,2,2,2,22,5,-1,-1,-1,-1,3,E01021669,1,-1
2023201405890,2023,201405890,1,1,0,11,11,5,6,4,4,0,0,0,0,0,4,1,6,6,1,20,4,-1,-1,-1,-1,3,E01032587,0,-1
2023421274225,2023,421274225,3,9,0,3,3,1,5,0,0,0,0,0,0,0,2,1,6,6,1,47,8,-1,-1,-1,-1,8,E01030628,0,-1
2023991315138,2023,991315138,1,1,0,18,19,3,6,0,0,8,0,0,0,0,1,1,2,2,1,35,6,-1,-1,-1,-1,4,-1,0,-1
2023411374069,2023,411374069,1,23,0,18,19,-1,-1,9,9,0,1,0,1,0,0,1,6,6,1,63,9,-1,-1,-1,-1,5,E01021575,0,-1
2023010463569,2023,010463569,2,1,0,18,19,2,6,0,0,0,5,10,1,10,0,1,6,6,1,35,6,-1,-1,-1,-1,-1,-1,0,-1
2023122301252,2023,122301252,1,9,0,18,19,1,5,0,0,8,0,0,0,0,0,1,6,6,3,-1,-1,-1,-1,-1,-1,-1,-1,0,-1
2023131306840,2023,131306840,2,1,0,18,19,6,6,2,2,0,0,0,0,0,2,1,6,6,1,34,6,-1,-1,-1,-1,3,E01011477,0,-1
2023052302972,2023,052302972,1,9,0,7,7,2,3,0,0,6,0,0,0,0,1,1,6,6,3,-1,-1,-1,-1,-1,-1,-1,-1,0,-1
2023501282975,2023,501282975,1,9,0,18,19,3,7,0,0,0,0,4,0,0,1,1,5,6,2,56,9,-1,-1,-1,-1,7,E01015203,0,-1
2023201284288,2023,201284288,1,9,0,18,19,8,4,0,0,4,0,0,0,0,3,1,6,6,3,-1,-1,-1,-1,-1,-1,-1,-1,0,-1
2023010447028,2023,010447028,3,9,0,11,11,7,3,0,0,0,0,0,0,0,0,1,6,6,3,-1,-1,-1,-1,-1,-1,-1,-1,0,-1
2023010453567,2023,010453567,2,19,0,99,99,9,9,99,99,9,9,99,9,99,2,1,6,6,3,-1,-1,-1,-1,-1,-1,3,E01000099,0,-1
2023052300999,2023,052300999,1,97,0,18,19,1,5,0,0,0,0,0,0,0,1,1,6,6,1,17,4,-1,-1,-1,-1,-1,-1,0,-1
2023010465395,2023,010465395,2,9,9,99,99,9,9,99,99,9,9,99,9,99,9,9,6,6,3,-1,-1,-1,-1,-1,-1,-1,-1,0,-1
2023161362009,2023,161362009,1,-1,0,5,5,7,3,0,0,0,0,0,0,0,4,1,2,2,1,32,6,-1,-1,-1,-1,1,E01012893,1,-1
2023332301035,2023,332301035,2,1,0,18,19,1,5,0,0,0,0,0,0,0,1,1,6,6,1,11,3,-1,-1,-1,-1,6,E01032863,0,-1
2023131342275,2023,131342275,2,1,0,18,19,2,6,0,0,1,0,0,0,0,1,1,2,2,1,54,8,-1,-1,-1,-1,6,E01011651,0,-1
2023522301654,2023,522301654,2,1,0,18,19,5,1,0,0,0,0,1,0,0,1,1,6,6,1,51,8,-1,-1,-1,-1,-1,-1,0,-1
2023122300149,2023,122300149,1,9,0,1,1,2,6,0,0,1,0,0,0,0,2,1,6,6,3,-1,-1,-1,-1,-1,-1,-1,-1,0,-1
2023010475257,2023,010475257,2,9,0,18,19,1,5,0,0,8,0,0,0,0,9,1,6,6,3,-1,-1,-1,-1,-1,-1,-1,-1,0,-1
2023351283842,2023,351283842,2,1,0,9,9,7,3,0,0,6,0,0,0,0,1,1,6,6,1,30,6,-1,-1,-1,-1,10,E01018256,0,-1
2023991305080,2023,991305080,2,9,0,9,9,4,8,0,0,0,0,0,0,0,2,2,5,6,1,72,10,-1,-1,-1,-1,-1,-1,0,-1
2023010451487,2023,010451487,1,19,0,99,99,9,9,99,99,0,9,99,9,99,1,9,6,6,1,33,6,-1,-1,-1,-1,6,E01000187,0,-1
2023161339785,2023,161339785,2,9,0,18,19,1,4,0,0,8,0,0,0,0,4,1,6,6,2,-1,-1,-1,-1,-1,-1,-1,-1,0,-1
2023041289241,2023,041289241,1,9,0,17,19,5,1,0,0,0,0,0,0,0,1,1,6,6,3,-1,-1,-1,-1,-1,-1,-1,-1,0,-1
2023201418555,2023,201418555,1,1,0,18,19,2,6,9,9,0,0,0,0,0,1,1,6,6,1,-1,-1,-1,-1,-1,-1,-1,-1,0,-1
2023991311545,2023,991311545,1,9,0,18,19,6,2,0,0,0,0,0,0,0,1,1,5,6,1,49,8,-1,-1,-1,-1,7,-1,0,-1
2023010442974,2023,010442974,2,2,0,4,4,2,6,0,0,1,0,0,0,0,0,1,6,6,3,-1,-1,-1,-1,-1,-1,-1,-1,0,-1
2023041357061,2023,041357061,1,9,0,18,19,-1,-1,0,0,1,0,0,0,0,4,1,6,6,3,-1,-1,-1,-1,-1,-1,-1,-1,0,-1
2023461280783,2023,461280783,1,9,0,9,9,2,6,0,0,6,0,0,0,0,1,1,1,1,2,23,5,-1,-1,-1,-1,2,E01024081,0,-1
2023122301398,2023,122301398,1,9,0,9,9,6,2,0,0,0,0,0,0,0,1,1,1,1,1,45,7,-1,-1,-1,-1,6,E01010948,0,-1
2023201401060,2023,201401060,1,-1,0,14,14,5,1,0,0,0,0,0,0,0,1,1,6,6,3,-1,-1,-1,-1,-1,-1,-1,-1,0,-1
2023622300431,2023,622300431,2,1,0,18,19,6,2,0,0,1,0,0,0,0,3,1,6,6,2,33,6,-1,-1,-1,-1,2,W01001942,0,-1
2023430166965,2023,430166965,1,-1,0,18,19,5,1,0,0,8,0,0,0,0,1,1,6,6,2,16,4,-1,-1,-1,-1,-1,-1,1,-1
2023440305600,2023,440305600,1,1,0,16,19,7,2,0,0,3,0,10,0,0,4,1,6,6,1,34,6,-1,-1,-1,-1,4,E01017235,0,-1
2023461390876,2023,461390876,2,1,0,3,3,3,5,0,0,2,0,0,0,0,1,1,6,6,1,15,3,-1,-1,-1,-1,9,E01024826,0,-1
2023010470493,2023,010470493,1,9,0,99,99,9,9,99,99,9,9,99,9,99,1,9,6,6,3,-1,-1,-1,-1,-1,-1,-1,-1,0,-1
2023471318251,2023,471318251,2,9,0,18,19,2,7,0,0,0,0,0,0,0,0,1,6,6,3,-1,-1,-1,-1,-1,-1,-1,-1,0,-1
2023010451191,2023,010451191,1,1,9,99,99,9,9,99,99,9,9,99,9,99,1,1,6,6,1,29,6,-1,-1,-1,-1,4,E01032769,0,-1
2023122300447,2023,122300447,2,1,0,18,19,5,1,0,0,8,0,0,0,0,4,1,6,6,1,58,9,-1,-1,-1,-1,10,E01013375,0,-1
2023610030323,2023,610030323,2,9,0,17,19,1,6,0,0,8,0,0,0,0,1,1,2,2,2,40,7,-1,-1,-1,-1,1,W01001464,0,-1
2023010431243,2023,010431243,1,9,0,99,99,9,9,99,99,9,9,99,9,99,1,9,6,6,3,-1,-1,-1,-1,-1,-1,-1,-1,0,-1
2023010440602,2023,010440602,2,23,0,4,4,1,5,0,0,1,0,4,0,0,3,1,1,1,1,18,4,-1,-1,-1,-1,2,E01001849,0,-1
2023052300487,2023,052300487,1,9,0,18,19,3,7,0,0,0,0,0,0,0,1,1,6,6,3,-1,-1,-1,-1,-1,-1,-1,-1,0,-1
2023010449987,2023,010449987,1,1,9,18,19,8,4,0,0,1,5,8,9,99,1,1,2,2,2,32,6,-1,-1,-1,-1,7,E01004705,0,-1
202360A141224,2023,60A141224,2,22,0,18,19,7,3,0,0,6,5,0,0,0,4,1,6,6,2,58,9,-1,-1,-1,-1,-1,-1,0,-1
2023010452496,2023,010452496,1,9,0,14,14,1,5,0,0,8,0,0,0,0,1,1,6,6,3,-1,-1,-1,-1,-1,-1,-1,-1,0,-1
2023340WN6372,2023,340WN6372,2,5,0,18,19,3,7,0,0,0,5,0,0,0,1,1,2,2,1,54,8,-1,-1,-1,-1,3,E01027196,0,-1
2023421361062,2023,421361062,2,1,0,-1,-1,-1,-1,-1,-1,-1,-1,-1,-1,0,-1,1,6,6,2,55,8,-1,-1,-1,-1,8,E01021718,0,-1
2023371313707,2023,371313707,2,9,0,18,19,1,5,0,0,0,5,0,0,0,1,1,5,6,1,39,7,-1,-1,-1,-1,6,E01032612,0,-1
2023010432721,2023,010432721,1,1,9,99,99,9,9,99,99,9,9,99,9,99,1,1,2,2,1,22,5,-1,-1,-1,-1,2,E01002807,0,-1
2023010448953,2023,010448953,1,1,9,99,99,9,9,99,99,0,9,99,9,99,9,1,2,2,1,52,8,-1,-1,-1,-1,8,E01001031,0,-1
2023332300945,2023,332300945,2,1,0,18,19,5,1,0,0,8,0,0,0,0,1,1,6,6,1,47,8,-1,-1,-1,-1,1,E01013684,0,-1
2023010473705,2023,010473705,1,1,0,5,5,1,5,0,0,1,0,4,0,0,1,1,6,6,2,28,6,-1,-1,-1,-1,5,E01004466,0,-1
2023302300892,2023,302300892,2,22,0,18,19,6,2,0,0,2,5,0,0,0,4,1,6,6,3,86,11,-1,-1,-1,-1,5,E01013595,0,-1
2023531324424,2023,531324424,2,1,0,18,19,-1,-1,4,4,1,0,0,0,0,4,1,2,2,1,28,6,-1,-1,-1,-1,4,E01022424,0,-1
2023401267987,2023,401267987,1,9,0,18,19,1,5,0,0,4,0,0,0,0,1,1,6,6,3,-1,-1,-1,-1,-1,-1,-1,-1,0,-1
2023010476300,2023,010476300,3,9,9,99,99,9,9,99,99,9,9,99,9,99,9,9,6,6,3,-1,-1,-1,-1,-1,-1,-1,-1,0,-1
2023141300835,2023,141300835,1,1,0,18,19,4,8,0,0,1,1,0,0,0,1,1,2,2,1,47,8,-1,-1,-1,-1,9,E01007956,0,-1
2023131297216,2023,131297216,1,23,0,18,19,5,1,0,0,0,0,0,0,0,1,1,6,6,1,27,6,-1,-1,-1,-1,1,E01011911,0,-1
2023430092046,2023,430092046,2,9,0,7,7,8,2,0,0,5,0,0,0,0,1,1,6,6,2,-1,-1,-1,-1,-1,-1,-1,-1,0,-1
2023010478932,2023,010478932,2,1,0,5,5,5,1,0,0,4,0,0,0,0,3,1,6,6,2,23,5,-1,-1,-1,-1,7,E01002817,0,-1
2023451265625,2023,451265625,5,-1,0,18,19,5,1,0,0,0,0,0,0,0,1,1,6,6,3,50,8,-1,-1,-1,-1,-1,-1,0,-1
2023311402773,2023,311402773,2,9,0,2,2,7,3,0,0,2,0,4,0,0,2,1,6,6,3,-1,-1,-1,-1,-1,-1,-1,-1,0,-1
2023440466622,2023,440466622,2,1,0,9,9,7,5,0,0,8,0,0,0,0,4,1,1,1,2,52,8,-1,-1,-1,-1,7,E01017247,0,-1
2023010468316,2023,010468316,1,1,0,18,19,8,4,9,9,0,0,0,0,0,1,1,6,6,3,-1,-1,-1,-1,-1,-1,-1,-1,0,-1
2023041368325,2023,041368325,1,9,0,5,5,5,1,0,0,8,0,0,0,0,1,1,6,6,3,-1,-1,-1,-1,-1,-1,-1,-1,0,-1
2023991345647,2023,991345647,2,90,0,9,9,8,4,0,0,0,0,0,1,0,1,2,5,6,1,50,8,-1,-1,-1,-1,-1,-1,0,-1
2023131392081,2023,131392081,2,1,0,10,10,5,3,0,0,6,0,0,0,0,1,1,5,6,1,46,8,-1,-1,-1,-1,9,E01011221,0,-1
2023221326436,2023,221326436,1,9,0,9,9,4,2,0,0,6,0,0,0,0,3,1,6,6,1,68,10,-1,-1,-1,-1,8,E01032127,0,-1
2023010434055,2023,010434055,1,1,0,10,10,5,2,0,0,1,0,0,0,0,2,1,6,6,2,40,7,-1,-1,-1,-1,2,E01003551,0,-1
2023411351951,2023,411351951,1,-1,0,14,14,5,1,0,0,1,0,4,2,0,1,1,6,6,3,-1,-1,-1,-1,-1,-1,-1,-1,0,-1
2023520400450,2023,520400450,1,9,0,18,19,9,9,0,0,2,0,0,0,0,9,1,6,6,3,-1,-1,-1,-1,-1,-1,-1,-1,0,-1
2023101369665,2023,101369665,1,11,-1,5,5,1,5,2,2,0,0,0,0,0,0,1,1,1,1,-1,-1,-1,-1,-1,-1,-1,-1,0,-1
2023451375251,2023,451375251,2,9,0,3,3,4,8,0,0,4,0,0,0,0,1,1,6,6,1,30,6,-1,-1,-1,-1,-1,-1,0,-1
2023041266440,2023,041266440,1,9,0,18,19,5,1,0,0,1,0,-1,-1,0,1,1,6,6,1,-1,-1,-1,-1,-1,-1,-1,-1,0,-1
2023340NN3962,2023,340NN3962,1,9,0,18,19,7,3,0,0,0,0,0,0,0,1,1,6,6,3,-1,-1,-1,-1,-1,-1,-1,-1,0,-1
2023010426497,2023,010426497,2,23,0,14,14,6,2,0,0,1,5,4,0,0,4,1,1,1,1,24,5,-1,-1,-1,-1,6,E01002957,0,-1
2023052300743,2023,052300743,1,9,0,18,19,3,7,0,0,0,0,0,0,0,1,1,6,6,3,-1,-1,-1,-1,-1,-1,-1,-1,0,-1
2023461278664,2023,461278664,1,19,0,-1,-1,-1,-1,-1,-1,0,-1,-1,-1,0,-1,1,5,6,1,39,7,-1,-1,-1,-1,6,E01024207,0,-1
2023061317700,2023,061317700,2,1,0,18,19,1,5,0,0,0,2,0,1,0,0,1,5,6,1,60,9,-1,-1,-1,-1,4,E01005632,0,-1
2023010458779,2023,010458779,2,1,0,18,19,5,1,0,0,1,0,4,0,0,1,1,6,6,1,19,4,-1,-1,-1,-1,7,E01001918,0,-1
2023010420176,2023,010420176,2,9,0,7,7,1,3,0,0,1,0,0,0,0,1,1,6,6,3,-1,-1,-1,-1,-1,-1,-1,-1,0,-1
2023010419575,2023,010419575,2,9,0,99,99,9,9,99,99,9,9,99,9,99,2,9,6,6,3,-1,-1,-1,-1,-1,-1,-1,-1,0,-1
2023010457709,2023,010457709,2,3,0,99,99,9,9,99,99,9,9,99,9,99,1,1,6,6,3,-1,-1,-1,-1,-1,-1,-1,-1,0,-1
2023461383943,2023,461383943,1,9,0,18,19,4,7,0,0,1,0,0,0,0,0,1,6,6,1,56,9,-1,-1,-1,-1,4,E01024582,0,-1
2023610051223,2023,610051223,1,9,0,18,19,8,4,0,0,0,5,10,0,0,4,1,3,7,2,31,6,-1,-1,-1,-1,1,W01001661,0,-1
2023451291626,2023,451291626,1,1,0,18,19,5,1,0,0,0,0,0,0,0,3,1,1,1,1,56,9,-1,-1,-1,-1,5,E01030814,0,-1
2023520000053,2023,520000053,1,9,0,99,99,9,9,9,9,0,0,99,9,99,9,1,6,6,3,-1,-1,-1,-1,-1,-1,-1,-1,0,-1
2023131310725,2023,131310725,2,1,0,18,19,2,6,0,0,8,0,0,0,0,3,1,6,6,1,22,5,-1,-1,-1,-1,1,E01011911,0,-1
2023440409049,2023,440409049,2,1,0,18,19,5,1,0,0,0,0,0,0,0,1,1,6,6,2,16,4,-1,-1,-1,-1,2,E01022820,0,-1
2023010466970,2023,010466970,2,9,0,99,99,9,9,99,99,0,9,99,9,99,1,9,6,6,3,-1,-1,-1,-1,-1,-1,-1,-1,0,-1
2023010484481,2023,010484481,2,1,9,99,99,9,9,99,99,9,9,99,9,99,1,1,6,6,3,-1,-1,-1,-1,-1,-1,-1,-1,0,-1
2023061334103,2023,061334103,2,1,0,18,19,6,2,0,0,8,0,0,0,0,3,1,6,6,1,27,6,-1,-1,-1,-1,9,E01006017,0,-1
2023451372106,2023,451372106,2,1,0,18,19,5,1,0,0,1,0,0,0,0,1,1,5,6,1,76,11,-1,-1,-1,-1,10,E01030641,0,-1
2023440046224,2023,440046224,2,1,0,18,19,7,3,0,0,1,0,0,0,0,1,1,6,6,2,72,10,-1,-1,-1,-1,9,E01022978,0,-1
2023041325962,2023,041325962,2,-1,0,18,19,1,1,0,0,0,0,0,0,0,1,1,1,1,2,46,8,-1,-1,-1,-1,1,E01025296,1,-1
2023320405342,2023,320405342,1,1,0,18,19,3,7,0,0,8,0,0,0,0,3,1,6,6,1,42,7,-1,-1,-1,-1,6,E01026344,0,-1
2023320731162,2023,320731162,2,9,0,9,9,2,8,0,0,6,0,0,0,0,1,1,6,6,1,35,6,-1,-1,-1,-1,4,E01026019,0,-1
2023070863506,2023,070863506,2,1,0,18,19,3,7,5,5,1,0,0,0,0,1,1,6,6,1,14,3,-1,-1,-1,-1,4,E01018309,0,-1
2023201281121,2023,201281121,1,9,0,4,4,4,8,0,0,0,0,0,0,0,1,1,6,6,1,-1,-1,-1,-1,-1,-1,-1,-1,0,-1
2023430066624,2023,430066624,1,-1,0,18,19,1,5,0,0,0,0,10,0,0,1,1,6,6,1,44,7,-1,-1,-1,-1,10,E01033508,1,-1
2023332300048,2023,332300048,1,9,0,13,13,1,5,0,0,0,1,0,4,6,4,1,6,6,1,30,6,-1,-1,-1,-1,2,E01012871,0,-1
2023302301192,2023,302301192,1,1,0,7,7,2,4,0,0,8,0,0,0,0,1,1,6,6,2,12,3,-1,-1,-1,-1,9,E01019703,0,-1
2023010427834,2023,010427834,1,9,0,18,19,3,7,0,0,3,0,0,0,0,4,1,6,6,1,42,7,-1,-1,-1,-1,3,E01002572,0,-1
2023221410646,2023,221410646,1,9,0,18,19,7,4,0,0,0,2,0,1,10,1,1,6,6,1,53,8,-1,-1,-1,-1,-1,-1,0,-1
2023010461108,2023,010461108,2,1,0,7,7,3,5,0,0,3,0,0,0,0,1,1,6,6,1,47,8,-1,-1,-1,-1,9,E01021873,0,-1
2023332301166,2023,332301166,1,9,0,18,19,4,8,0,0,1,0,0,0,0,1,1,6,6,3,-1,-1,-1,-1,-1,-1,-1,-1,0,-1
2023131284601,2023,131284601,1,9,0,-1,-1,-1,-1,-1,-1,-1,-1,-1,-1,-1,-1,1,6,6,3,-1,-1,-1,-1,-1,-1,-1,-1,0,-1
2023052300658,2023,052300658,1,9,0,18,19,1,5,0,0,0,0,0,0,0,1,1,6,6,3,-1,-1,-1,-1,-1,-1,-1,-1,0,-1
2023421279419,2023,421279419,1,9,0,18,19,5,1,0,0,0,0,0,0,0,1,1,6,6,1,-1,-1,-1,-1,-1,-1,-1,-1,0,-1
2023141308338,2023,141308338,1,9,0,5,5,7,1,0,0,0,0,0,0,0,1,1,6,6,2,33,6,-1,-1,-1,-1,8,E01007420,0,-1
2023522400147,2023,522400147,1,9,0,3,3,5,1,0,0,0,0,0,0,0,2,1,6,6,1,29,6,-1,-1,-1,-1,-1,-1,0,-1
2023401296310,2023,401296310,2,1,0,18,19,-1,-1,9,9,0,0,0,0,0,1,1,6,6,1,17,4,-1,-1,-1,-1,4,E01015798,0,-1
2023411391336,2023,411391336,3,9,0,18,19,5,1,0,0,0,0,0,0,0,2,1,6,6,2,60,9,-1,-1,-1,-1,3,E01002215,0,-1
2023991391896,2023,991391896,1,9,0,9,9,7,4,0,0,1,0,0,0,0,1,1,5,6,1,34,6,-1,-1,-1,-1,-1,-1,0,-1
2023991303986,2023,991303986,2,9,0,9,9,5,3,0,0,2,0,0,0,0,2,1,6,6,2,63,9,-1,-1,-1,-1,-1,-1,0,-1
2023430034041,2023,430034041,1,19,0,18,19,8,4,0,0,8,0,0,0,0,1,1,1,1,1,42,7,-1,-1,-1,-1,2,E01027156,0,-1
2023451381511,2023,451381511,2,9,0,18,19,7,3,0,0,8,0,0,0,0,4,1,6,6,1,40,7,-1,-1,-1,-1,-1,-1,0,-1
2023010426038,2023,010426038,1,1,0,15,15,1,5,0,0,5,0,0,0,0,3,1,6,6,2,31,6,-1,-1,-1,-1,9,E01003857,0,-1
202354D604423,2023,54D604423,1,2,0,4,4,1,5,0,0,4,1,0,0,0,0,1,1,1,1,22,5,-1,-1,-1,-1,2,E01032086,0,-1
2023351371616,2023,351371616,2,90,0,18,19,1,5,0,0,0,0,0,0,0,0,1,6,6,3,-1,-1,-1,-1,-1,-1,-1,-1,0,-1
2023231311413,2023,231311413,1,9,0,7,7,4,6,0,0,4,0,0,0,0,4,1,6,6,3,30,6,-1,-1,-1,-1,-1,-1,0,-1
2023122400051,2023,122400051,1,23,0,18,19,5,1,0,0,0,1,0,0,0,1,1,2,2,1,20,4,-1,-1,-1,-1,9,E01027917,0,-1
2023131412199,2023,131412199,2,22,0,18,19,1,7,0,0,0,0,0,0,0,1,1,6,6,1,63,9,-1,-1,-1,-1,2,E01011813,0,-1
2023411313462,2023,411313462,1,9,0,18,19,5,7,0,0,0,0,0,0,0,1,1,6,6,3,-1,-1,-1,-1,-1,-1,-1,-1,0,-1
2023131355465,2023,131355465,1,9,0,5,5,0,0,9,9,0,0,0,7,0,1,1,3,7,2,29,6,-1,-1,-1,-1,6,E01011108,0,-1
2023522300623,2023,522300623,1,9,0,18,19,7,3,0,0,0,0,0,0,0,1,1,6,6,1,-1,-1,-1,-1,-1,-1,-1,-1,0,-1
2023131287840,2023,131287840,1,9,0,-1,-1,-1,-1,-1,-1,0,-1,-1,-1,-1,-1,1,6,6,3,-1,-1,-1,-1,-1,-1,-1,-1,0,-1
2023451285986,2023,451285986,1,19,0,18,19,2,6,0,0,1,0,0,0,0,3,1,6,6,1,30,6,-1,-1,-1,-1,-1,-1,0,-1
2023010483602,2023,010483602,1,19,9,99,99,9,9,99,99,9,9,99,9,99,9,9,6,6,1,58,9,-1,-1,-1,-1,-1,-1,0,-1
2023351282269,2023,351282269,2,1,0,9,9,-1,-1,0,0,8,0,0,0,0,1,1,2,2,2,18,4,-1,-1,-1,-1,7,E01017963,0,-1
2023052301741,2023,052301741,2,1,0,18,19,7,3,0,0,0,0,0,0,0,3,1,6,6,1,26,6,-1,-1,-1,-1,1,E01007291,0,-1
2023501287180,2023,501287180,2,9,0,13,13,7,3,0,0,0,0,0,0,0,1,1,1,1,1,57,9,-1,-1,-1,-1,4,E01019064,0,-1
2023061351392,2023,061351392,2,1,0,4,4,8,4,0,0,1,0,0,0,0,1,1,2,2,2,48,8,-1,-1,-1,-1,9,E01005508,0,-1
2023461264130,2023,461264130,1,9,0,18,19,3,7,0,0,0,0,0,0,0,1,1,6,6,3,-1,-1,-1,-1,-1,-1,-1,-1,0,-1
2023471343233,2023,471343233,2,9,0,5,5,7,3,0,0,0,0,0,0,0,0,1,5,6,1,33,6,-1,-1,-1,-1,7,E01021007,0,-1
2023041353196,2023,041353196,2,-1,0,18,19,7,3,0,0,1,0,0,0,0,1,1,6,6,1,31,6,-1,-1,-1,-1,1,E01025297,1,-1
2023991380147,2023,991380147,1,9,0,1,1,5,1,0,0,0,0,0,0,0,2,1,6,6,1,50,8,-1,-1,-1,-1,-1,-1,0,-1
2023070408021,2023,070408021,2,1,0,18,19,8,4,9,9,0,0,0,0,0,4,1,6,6,2,14,3,-1,-1,-1,-1,8,E01018375,0,-1
2023141380052,2023,141380052,2,9,0,9,9,5,4,0,0,0,0,0,0,0,1,1,6,6,3,-1,-1,-1,-1,-1,-1,-1,-1,0,-1
2023141294388,2023,141294388,1,98,0,18,19,7,3,0,0,0,0,0,0,0,3,1,6,6,3,-1,-1,-1,-1,-1,-1,-1,-1,0,-1
2023010448598,2023,010448598,1,1,9,99,99,9,9,99,99,9,9,99,9,99,9,1,2,2,2,41,7,-1,-1,-1,-1,4,E01001355,0,-1
2023010463449,2023,010463449,1,1,9,99,99,9,9,99,99,9,9,99,9,99,1,1,2,2,1,25,5,-1,-1,-1,-1,-1,-1,0,-1
2023522400137,2023,522400137,2,9,0,1,1,7,3,9,9,6,0,0,0,0,2,1,6,6,1,-1,-1,-1,-1,-1,-1,-1,-1,0,-1
2023131308491,2023,131308491,3,1,0,18,19,7,3,0,0,1,0,0,0,0,4,1,4,7,1,12,3,-1,-1,-1,-1,1,E01010612,0,-1
2023411270381,2023,411270381,2,9,0,18,19,5,1,0,0,0,0,0,0,0,1,1,6,6,1,-1,-1,-1,-1,-1,-1,-1,-1,0,-1
2023361364481,2023,361364481,1,21,-1,18,19,1,5,0,0,0,0,0,0,0,1,1,6,6,3,-1,-1,-1,-1,-1,-1,-1,-1,0,-1
2023010452506,2023,010452506,1,-1,0,18,19,5,1,0,0,1,2,10,1,0,0,1,6,6,1,30,6,-1,-1,-1,-1,2,E01004720,1,-1
2023522300797,2023,522300797,1,-1,0,18,19,1,5,0,0,8,0,0,0,0,1,1,6,6,1,42,7,-1,-1,-1,-1,3,E01033355,1,-1
2023070411653,2023,070411653,2,1,0,9,9,1,6,0,0,1,0,0,0,0,1,1,6,6,1,27,6,-1,-1,-1,-1,4,E01012504,0,-1
2023131346540,2023,131346540,2,1,0,18,19,1,1,0,0,1,0,0,0,0,1,1,1,1,1,48,8,-1,-1,-1,-1,2,E01011900,0,-1
2023440313437,2023,440313437,2,9,0,15,15,3,7,0,0,2,0,0,0,0,3,1,6,6,3,-1,-1,-1,-1,-1,-1,-1,-1,0,-1
2023430345469,2023,430345469,2,9,0,9,9,8,5,0,0,5,0,0,0,0,0,1,6,6,2,-1,-1,-1,-1,-1,-1,9,E01016565,0,-1
2023101330314,2023,101330314,1,19,0,18,19,6,2,0,0,1,0,0,0,0,1,1,6,6,3,40,7,-1,-1,-1,-1,-1,-1,0,-1
2023010420934,2023,010420934,1,19,0,18,19,5,1,0,0,0,0,0,0,0,4,1,6,6,3,-1,-1,-1,-1,-1,-1,-1,-1,0,-1
2023471364271,2023,471364271,1,1,0,18,19,7,3,0,0,1,1,0,0,0,1,1,5,6,1,57,9,-1,-1,-1,-1,9,E01006148,0,-1
2023411273725,2023,411273725,1,9,0,18,19,-1,-1,0,0,4,0,0,0,0,1,1,5,6,3,-1,-1,-1,-1,-1,-1,-1,-1,0,-1
2023170S10503,2023,170S10503,2,21,4,12,12,8,4,0,0,0,0,0,0,0,3,2,1,1,1,71,10,-1,-1,-1,-1,-1,-1,0,-1
2023122400163,2023,122400163,2,1,0,18,19,6,2,0,0,8,0,0,0,0,4,1,1,1,2,28,6,-1,-1,-1,-1,8,E01013391,0,-1
2023010448794,2023,010448794,1,9,9,7,7,1,2,99,99,9,9,99,9,99,9,9,6,6,3,-1,-1,-1,-1,-1,-1,-1,-1,0,-1
2023122300815,2023,122300815,2,4,0,18,19,6,2,0,0,8,0,0,0,0,1,1,6,6,1,56,9,-1,-1,-1,-1,4,E01013359,0,-1
2023010466221,2023,010466221,2,9,0,4,4,3,7,0,0,0,0,4,0,0,2,1,1,1,1,27,6,-1,-1,-1,-1,4,E01004643,0,-1
2023430004719,2023,430004719,2,97,0,13,13,3,7,0,0,8,0,0,0,0,1,1,6,6,1,-1,-1,-1,-1,-1,-1,-1,-1,0,-1
2023201381186,2023,201381186,1,9,0,18,19,4,8,0,0,4,0,0,0,0,2,1,5,6,3,-1,-1,-1,-1,-1,-1,-1,-1,0,-1
2023411396279,2023,411396279,1,9,0,5,5,1,4,0,0,3,0,0,0,0,1,1,6,6,1,39,7,-1,-1,-1,-1,8,E01023678,0,-1
2023320370572,2023,320370572,2,9,0,2,2,0,0,0,0,0,0,4,0,0,4,1,6,6,1,30,6,-1,-1,-1,-1,-1,-1,0,-1
2023122301129,2023,122301129,2,9,0,17,19,7,1,0,0,0,0,0,2,11,0,1,2,2,1,21,5,-1,-1,-1,-1,4,E01027706,0,-1
2023052301394,2023,052301394,2,1,0,18,19,3,7,0,0,1,0,0,0,0,1,1,6,6,1,22,5,-1,-1,-1,-1,1,E01007275,0,-1
2023141280591,2023,141280591,1,1,0,18,19,2,6,0,0,0,0,0,0,0,1,1,5,6,2,61,9,-1,-1,-1,-1,8,E01007868,0,-1
2023010432772,2023,010432772,1,1,9,99,99,9,9,99,99,9,9,99,9,99,9,1,2,2,1,29,6,-1,-1,-1,-1,-1,-1,0,-1