collision_index,collision_year,collision_ref_no,vehicle_reference,vehicle_type,towing_and_articulation,vehicle_manoeuvre_historic,vehicle_manoeuvre,vehicle_direction_from,vehicle_direction_to,vehicle_location_restricted_lane_historic,vehicle_location_restricted_lane,junction_location,skidding_and_overturning,hit_object_in_carriageway,vehicle_leaving_carriageway,hit_object_off_carriageway,first_point_of_impact,vehicle_left_hand_drive,journey_purpose_of_driver_historic,journey_purpose_of_driver,sex_of_driver,age_of_driver,age_band_of_driver,engine_capacity_cc,propulsion_code,age_of_vehicle,generic_make_model,driver_imd_decile,lsoa_of_driver,escooter_flag,driver_distance_banding
2023010431014,2023,010431014,1,10,0,18,19,4,8,0,0,1,0,0,0,0,1,1,6,6,3,-1,-1,-1,-1,-1,-1,-1,-1,0,-1
2023311384241,2023,311384241,2,9,0,9,9,3,4,0,0,3,0,0,0,0,1,1,6,6,3,-1,-1,-1,-1,-1,-1,-1,-1,0,-1
2023122301360,2023,122301360,2,1,0,18,19,7,3,0,0,0,0,0,0,0,2,1,6,6,3,37,7,-1,-1,-1,-1,-1,-1,0,-1
2023311272286,2023,311272286,2,1,0,18,19,7,3,9,9,0,0,0,0,0,2,1,4,7,1,22,5,-1,-1,-1,-1,-1,-1,0,-1
2023010461493,2023,010461493,1,9,0,18,19,3,7,0,0,8,0,0,0,0,1,1,6,6,1,22,5,-1,-1,-1,-1,-1,-1,0,-1
2023071271632,2023,071271632,1,2,0,18,19,2,6,0,0,1,0,0,0,0,3,1,6,6,3,-1,-1,-1,-1,-1,-1,-1,-1,0,-1
2023451265673,2023,451265673,2,9,0,3,3,3,7,0,0,0,0,0,0,0,2,1,2,2,1,59,9,-1,-1,-1,-1,8,E01022721,0,-1
2023421289192,2023,421289192,2,1,0,10,10,8,2,0,0,8,0,0,0,0,3,1,6,6,1,53,8,-1,-1,-1,-1,2,E01015844,0,-1
2023340WN5462,2023,340WN5462,1,1,0,13,13,8,4,0,0,6,0,0,0,0,2,1,4,7,2,15,3,-1,-1,-1,-1,-1,-1,0,-1
2023461366044,2023,461366044,2,1,0,18,19,5,1,0,0,0,0,0,0,0,3,1,6,6,1,50,8,-1,-1,-1,-1,8,E01024490,0,-1
2023010437082,2023,010437082,1,1,0,9,9,3,1,4,4,1,0,0,0,0,1,1,6,6,1,49,8,-1,-1,-1,-1,5,E01003018,0,-1
2023010432738,2023,010432738,3,90,9,99,99,9,9,99,99,9,9,99,9,99,9,9,6,6,3,-1,-1,-1,-1,-1,-1,-1,-1,0,-1
2023991350603,2023,991350603,1,97,0,4,4,6,2,0,0,0,0,0,0,0,1,1,5,6,1,66,10,-1,-1,-1,-1,-1,-1,0,-1
2023991393155,2023,991393155,1,90,0,18,19,4,8,0,0,0,5,7,1,0,4,2,1,1,2,51,8,-1,-1,-1,-1,1,-1,0,-1
2023461297258,2023,461297258,1,9,0,18,19,5,1,9,9,0,0,0,1,0,1,1,6,6,1,18,4,-1,-1,-1,-1,6,E01024674,0,-1
2023501310068,2023,501310068,2,9,0,18,19,8,4,0,0,0,0,0,0,0,1,1,1,1,2,47,8,-1,-1,-1,-1,5,E01020049,0,-1
2023430294871,2023,430294871,2,1,0,12,12,1,5,0,0,1,0,0,0,0,2,1,6,6,1,54,8,-1,-1,-1,-1,5,E01028605,0,-1
2023302301116,2023,302301116,1,9,0,18,19,2,4,0,0,0,0,0,0,0,1,1,6,6,3,-1,-1,-1,-1,-1,-1,5,E01019456,0,-1
2023320061462,2023,320061462,2,1,0,18,19,2,6,0,0,0,5,0,0,0,3,1,6,6,2,38,7,-1,-1,-1,-1,5,E01026306,0,-1
2023552300823,2023,552300823,1,9,0,18,19,4,8,0,0,0,0,0,0,0,1,1,6,6,3,-1,-1,-1,-1,-1,-1,-1,-1,0,-1
2023531334653,2023,531334653,1,1,0,18,19,1,2,0,0,0,0,0,0,0,1,1,6,6,1,15,3,-1,-1,-1,-1,5,E01022379,0,-1
2023501285590,2023,501285590,2,1,0,18,19,3,7,0,0,1,0,0,0,0,1,1,6,6,1,38,7,-1,-1,-1,-1,6,E01020161,0,-1
2023010486300,2023,010486300,2,2,9,99,99,9,9,99,99,9,9,99,9,99,9,1,6,6,1,26,6,-1,-1,-1,-1,3,E01003524,0,-1
2023010479093,2023,010479093,2,1,0,18,19,1,5,0,0,1,0,0,0,0,1,1,6,6,1,73,10,-1,-1,-1,-1,-1,-1,0,-1
2023122300108,2023,122300108,2,9,0,10,10,1,5,0,0,1,0,0,0,0,2,1,6,6,2,33,6,-1,-1,-1,-1,7,E01013336,0,-1
2023010459913,2023,010459913,2,1,0,5,5,7,3,0,0,1,5,0,0,0,3,1,6,6,1,52,8,-1,-1,-1,-1,1,E01003961,0,-1
2023101349999,2023,101349999,1,9,0,5,5,3,7,0,0,2,0,0,0,0,1,1,6,6,3,40,7,-1,-1,-1,-1,-1,-1,0,-1
2023552300573,2023,552300573,1,9,0,18,19,4,8,0,0,0,0,0,0,0,4,1,6,6,1,39,7,-1,-1,-1,-1,9,E01033154,0,-1
2023531325843,2023,531325843,2,1,0,18,19,3,7,0,0,0,5,0,0,0,2,1,6,6,1,22,5,-1,-1,-1,-1,-1,-1,0,-1
2023010448831,2023,010448831,2,1,0,18,19,1,5,0,0,1,0,0,0,0,1,1,6,6,1,15,3,-1,-1,-1,-1,6,E01002423,0,-1
2023010479424,2023,010479424,2,98,9,99,99,9,9,99,99,9,9,99,9,99,9,9,6,6,3,-1,-1,-1,-1,-1,-1,-1,-1,0,-1
2023302300656,2023,302300656,2,1,0,18,19,6,3,0,0,1,0,0,0,0,4,1,1,1,1,31,6,-1,-1,-1,-1,5,E01013545,0,-1
2023332301137,2023,332301137,1,97,0,18,19,6,2,0,0,8,0,0,0,0,1,1,6,6,3,-1,-1,-1,-1,-1,-1,-1,-1,0,-1
2023131261299,2023,131261299,2,1,0,18,19,3,7,9,9,8,0,0,0,0,1,1,5,6,1,19,4,-1,-1,-1,-1,1,E01011432,0,-1
2023052300342,2023,052300342,1,1,0,18,19,5,1,0,0,6,0,0,0,0,1,1,4,7,2,12,3,-1,-1,-1,-1,4,E01006982,0,-1
2023221387524,2023,221387524,1,9,0,18,19,5,1,0,0,0,0,0,0,0,1,1,6,6,2,26,6,-1,-1,-1,-1,-1,-1,0,-1
2023010435426,2023,010435426,2,1,0,18,19,1,5,0,0,1,0,0,0,0,1,1,6,6,1,18,4,-1,-1,-1,-1,1,E01000891,0,-1
2023061371654,2023,061371654,2,1,0,18,19,3,7,0,0,8,0,0,0,0,3,1,6,6,1,36,7,-1,-1,-1,-1,8,E01006169,0,-1
2023041314880,2023,041314880,2,9,0,18,19,-1,-1,0,0,0,0,0,0,0,-1,1,6,6,3,-1,-1,-1,-1,-1,-1,-1,-1,0,-1
202354C827523,2023,54C827523,2,1,0,18,19,5,8,0,0,0,0,10,1,0,1,1,6,6,1,64,9,-1,-1,-1,-1,-1,-1,0,-1
2023010453637,2023,010453637,2,1,0,18,19,1,5,0,0,0,5,0,0,0,1,1,6,6,2,48,8,-1,-1,-1,-1,4,E01004048,0,-1
2023010453112,2023,010453112,1,1,9,99,99,9,9,99,99,9,9,99,9,99,9,1,6,6,1,37,7,-1,-1,-1,-1,1,E01003246,0,-1
2023411271474,2023,411271474,1,98,0,5,5,1,5,0,0,4,0,0,0,0,1,1,1,1,1,20,4,-1,-1,-1,-1,-1,-1,0,-1
2023010474711,2023,010474711,1,1,9,99,99,9,9,4,4,9,9,99,9,99,1,1,6,6,1,29,6,-1,-1,-1,-1,6,E01001951,0,-1
2023471326345,2023,471326345,1,9,0,18,19,3,7,0,0,0,0,0,0,0,1,1,1,1,1,39,7,-1,-1,-1,-1,2,E01003502,0,-1
2023522300887,2023,522300887,2,19,0,18,19,7,3,0,0,4,0,0,0,0,1,2,6,6,3,-1,-1,-1,-1,-1,-1,7,E01014621,0,-1
2023061339817,2023,061339817,2,1,-1,-1,-1,-1,-1,-1,-1,-1,-1,-1,-1,0,-1,1,1,1,1,18,4,-1,-1,-1,-1,1,E01005613,0,-1
2023010479354,2023,010479354,1,11,0,18,19,1,5,0,0,1,0,0,0,0,0,1,6,6,1,26,6,-1,-1,-1,-1,4,E01002583,0,-1
2023461300126,2023,461300126,1,9,0,18,19,7,3,0,0,0,0,0,1,4,4,1,1,1,1,36,7,-1,-1,-1,-1,8,E01024053,0,-1
2023010441948,2023,010441948,2,1,0,9,9,5,3,0,0,2,0,0,0,0,4,1,6,6,2,24,5,-1,-1,-1,-1,2,E01003990,0,-1
2023501272816,2023,501272816,2,9,0,18,19,5,1,0,0,1,0,0,0,0,1,1,2,2,1,42,7,-1,-1,-1,-1,-1,-1,0,-1
2023340WN3982,2023,340WN3982,1,9,0,9,9,5,3,0,0,5,0,0,0,0,4,1,2,2,2,21,5,-1,-1,-1,-1,7,E01027204,0,-1
2023471308625,2023,471308625,1,9,0,18,19,-1,-1,0,0,0,0,0,0,0,-1,1,6,6,3,-1,-1,-1,-1,-1,-1,-1,-1,0,-1
2023052301155,2023,052301155,1,9,0,9,9,7,1,0,0,5,0,0,0,0,1,1,6,6,3,-1,-1,-1,-1,-1,-1,-1,-1,0,-1
2023141339578,2023,141339578,1,90,0,18,19,1,5,0,0,8,0,0,0,0,1,1,1,1,1,36,7,-1,-1,-1,-1,1,E01007461,0,-1
2023052300370,2023,052300370,2,9,0,18,19,5,1,0,0,1,0,0,0,0,1,1,6,6,1,25,5,-1,-1,-1,-1,1,E01006787,0,-1
2023161394217,2023,161394217,1,1,0,18,19,7,3,0,0,2,0,0,0,0,2,1,5,6,1,15,3,-1,-1,-1,-1,3,E01013238,0,-1
2023041319119,2023,041319119,1,9,0,18,19,8,4,0,0,1,0,0,0,0,1,1,6,6,3,-1,-1,-1,-1,-1,-1,-1,-1,0,-1
2023451381491,2023,451381491,1,9,0,1,1,7,3,0,0,0,0,0,0,0,2,1,6,6,1,40,7,-1,-1,-1,-1,-1,-1,0,-1
2023201319292,2023,201319292,2,1,0,18,19,5,1,0,0,8,0,0,0,0,2,1,3,7,1,15,3,-1,-1,-1,-1,4,E01009879,0,-1
2023010430513,2023,010430513,2,8,0,13,13,3,7,0,0,1,0,0,0,0,4,1,6,6,3,43,7,-1,-1,-1,-1,-1,-1,0,-1
2023411331110,2023,411331110,1,9,0,5,5,5,1,0,0,3,0,0,0,0,3,1,6,6,2,-1,-1,-1,-1,-1,-1,-1,-1,0,-1
2023131360426,2023,131360426,1,9,0,18,19,3,7,0,0,0,0,0,0,0,2,1,5,6,1,62,9,-1,-1,-1,-1,5,E01020693,0,-1
2023061373461,2023,061373461,1,9,0,18,19,4,8,0,0,0,0,0,0,0,1,1,6,6,3,-1,-1,-1,-1,-1,-1,-1,-1,0,-1
2023311391910,2023,311391910,1,-1,0,18,19,5,1,9,9,0,0,0,3,0,1,1,6,6,1,17,4,-1,-1,-1,-1,-1,-1,1,-1
2023522400265,2023,522400265,1,9,0,18,19,1,5,0,0,2,0,0,0,0,1,1,6,6,3,-1,-1,-1,-1,-1,-1,-1,-1,0,-1
2023010425282,2023,010425282,1,1,9,99,99,9,9,99,99,9,9,99,9,99,9,1,2,2,1,54,8,-1,-1,-1,-1,5,E01004560,0,-1
2023201413902,2023,201413902,2,1,0,18,19,8,2,0,0,8,0,0,0,0,4,1,6,6,2,32,6,-1,-1,-1,-1,8,E01010192,0,-1
2023421269977,2023,421269977,1,-1,0,12,12,3,7,0,0,0,0,0,0,0,4,1,5,6,1,16,4,-1,-1,-1,-1,4,E01015930,1,-1
2023041375442,2023,041375442,1,9,0,1,1,3,5,0,0,0,0,0,0,0,4,1,6,6,1,46,8,-1,-1,-1,-1,1,E01025182,0,-1
2023010478415,2023,010478415,2,9,0,18,19,3,7,0,0,0,0,0,0,0,3,1,6,6,3,-1,-1,-1,-1,-1,-1,-1,-1,0,-1
2023311359566,2023,311359566,2,9,0,9,9,5,3,0,0,6,0,0,0,0,1,1,6,6,3,-1,-1,-1,-1,-1,-1,-1,-1,0,-1
2023010458980,2023,010458980,2,1,0,18,19,3,7,9,9,8,0,0,0,0,1,1,6,6,2,38,7,-1,-1,-1,-1,3,E01032764,0,-1
2023501287090,2023,501287090,2,16,0,18,19,7,3,0,0,0,0,0,0,0,1,1,6,6,2,34,6,-1,-1,-1,-1,5,E01018921,0,-1
2023481361893,2023,481361893,2,1,0,18,19,7,3,0,0,8,0,0,0,0,3,1,2,2,1,45,7,-1,-1,-1,-1,-1,-1,0,-1
2023010480185,2023,010480185,2,9,0,99,99,9,9,99,99,9,9,99,9,99,1,9,6,6,3,-1,-1,-1,-1,-1,-1,-1,-1,0,-1
2023010430676,2023,010430676,1,97,0,5,5,0,1,0,0,6,0,0,0,0,1,1,6,6,3,-1,-1,-1,-1,-1,-1,-1,-1,0,-1
2023440171952,2023,440171952,1,11,0,5,5,7,3,0,0,2,0,0,0,0,3,1,1,1,1,-1,-1,-1,-1,-1,-1,-1,-1,0,-1
2023201344988,2023,201344988,2,1,0,18,19,6,3,0,0,0,0,0,0,0,3,1,6,6,2,70,10,-1,-1,-1,-1,6,E01009034,0,-1
2023101297132,2023,101297132,1,97,0,18,19,1,4,0,0,0,0,0,0,0,1,1,5,6,1,-1,-1,-1,-1,-1,-1,-1,-1,0,-1
2023991270640,2023,991270640,1,9,0,18,19,8,4,0,0,1,0,12,0,0,1,1,6,6,3,17,4,-1,-1,-1,-1,-1,-1,0,-1
2023430075416,2023,430075416,1,9,4,17,19,5,2,0,0,0,0,0,0,0,1,1,6,6,3,43,7,-1,-1,-1,-1,6,E01016588,0,-1
2023501369613,2023,501369613,1,9,0,1,1,3,7,9,9,0,0,0,0,0,4,1,6,6,1,-1,-1,-1,-1,-1,-1,-1,-1,0,-1
2023371279972,2023,371279972,1,9,-1,9,9,4,2,0,0,8,0,0,0,0,-1,1,6,6,3,-1,-1,-1,-1,-1,-1,-1,-1,0,-1
2023421393426,2023,421393426,1,9,0,18,19,8,3,0,0,0,0,0,7,0,1,1,5,6,1,30,6,-1,-1,-1,-1,3,E01022019,0,-1
2023522400889,2023,522400889,1,1,0,10,10,1,5,0,0,8,0,0,0,0,2,1,6,6,1,35,6,-1,-1,-1,-1,8,E01014996,0,-1
2023141290817,2023,141290817,2,1,0,18,19,6,2,0,0,0,0,0,0,0,1,1,1,1,1,39,7,-1,-1,-1,-1,7,E01007834,0,-1
2023141312430,2023,141312430,2,98,0,18,19,3,3,0,0,0,0,0,0,0,1,1,5,6,2,38,7,-1,-1,-1,-1,2,E01007578,0,-1
2023411330675,2023,411330675,2,97,0,18,19,-1,-1,0,0,0,0,0,0,0,1,1,5,6,1,12,3,-1,-1,-1,-1,7,E01023462,0,-1
2023401330627,2023,401330627,2,1,0,18,19,1,5,0,0,1,0,0,0,0,1,1,6,6,2,23,5,-1,-1,-1,-1,8,E01017461,0,-1
2023522400753,2023,522400753,3,9,0,3,3,8,4,0,0,1,0,0,0,0,2,1,6,6,1,-1,-1,-1,-1,-1,-1,-1,-1,0,-1
2023010431114,2023,010431114,1,9,9,99,99,9,9,99,99,9,9,99,9,99,9,1,6,6,3,-1,-1,-1,-1,-1,-1,-1,-1,0,-1
2023010423310,2023,010423310,1,9,0,3,3,1,5,0,0,3,0,0,0,0,1,1,6,6,3,-1,-1,-1,-1,-1,-1,-1,-1,0,-1
2023061327116,2023,061327116,2,1,0,18,19,6,2,0,0,1,0,0,0,0,3,1,5,6,2,57,9,-1,-1,-1,-1,7,E01004836,0,-1
2023070226251,2023,070226251,1,9,0,18,19,3,7,0,0,0,0,0,0,0,1,1,6,6,3,-1,-1,-1,-1,-1,-1,-1,-1,0,-1
2023461352336,2023,461352336,1,9,0,18,19,7,3,0,0,0,0,0,0,0,4,1,6,6,3,-1,-1,-1,-1,-1,-1,-1,-1,0,-1
2023451314059,2023,451314059,1,1,0,18,19,1,1,2,2,0,0,0,0,0,3,1,6,6,2,33,6,-1,-1,-1,-1,6,E01030801,0,-1
2023010476954,2023,010476954,2,19,0,99,99,9,9,99,99,9,9,99,9,99,2,9,6,6,3,52,8,-1,-1,-1,-1,2,E01003980,0,-1
2023070148720,2023,070148720,1,9,0,18,19,7,3,0,0,0,0,0,0,0,0,1,6,6,3,-1,-1,-1,-1,-1,-1,-1,-1,0,-1
2023430334750,2023,430334750,1,9,0,16,19,2,5,0,0,0,0,0,0,0,1,1,6,6,1,19,4,-1,-1,-1,-1,7,E01028713,0,-1
2023501276753,2023,501276753,1,9,0,9,9,3,1,0,0,1,0,0,0,0,1,1,6,6,3,-1,-1,-1,-1,-1,-1,-1,-1,0,-1
2023340WN5492,2023,340WN5492,1,9,0,18,19,4,8,0,0,6,0,0,0,0,1,1,6,6,3,-1,-1,-1,-1,-1,-1,-1,-1,0,-1
2023201305225,2023,201305225,1,9,0,18,19,2,6,0,0,8,0,0,0,0,1,1,6,6,2,33,6,-1,-1,-1,-1,3,E01009095,0,-1
2023411337163,2023,411337163,2,9,0,18,19,7,3,0,0,4,0,0,0,0,1,1,2,2,2,23,5,-1,-1,-1,-1,7,E01023344,0,-1
2023041312396,2023,041312396,1,1,0,18,19,1,5,0,0,0,0,0,0,0,1,1,6,6,1,48,8,-1,-1,-1,-1,1,E01012674,0,-1
2023010423081,2023,010423081,1,1,9,99,99,9,9,99,99,9,9,99,9,99,1,1,2,2,1,26,6,-1,-1,-1,-1,4,E01003277,0,-1
2023340NN0862,2023,340NN0862,1,-1,0,18,19,5,1,0,0,2,0,0,0,0,3,1,1,1,1,18,4,-1,-1,-1,-1,6,E01032964,1,-1
2023010437022,2023,010437022,1,1,9,99,99,9,9,99,99,9,9,99,9,99,1,1,2,2,1,28,6,-1,-1,-1,-1,2,E01002793,0,-1
2023061376633,2023,061376633,2,1,0,18,19,7,3,0,0,1,0,0,0,0,1,1,6,6,1,29,6,-1,-1,-1,-1,3,E01005210,0,-1
2023131324075,2023,131324075,1,9,0,1,1,3,7,0,0,8,0,0,0,0,2,1,6,6,1,-1,-1,-1,-1,-1,-1,-1,-1,0,-1
2023461379779,2023,461379779,2,1,0,18,19,-1,-1,0,0,3,1,0,0,0,4,1,2,2,1,36,7,-1,-1,-1,-1,8,E01024542,0,-1
202354C024123,2023,54C024123,2,9,0,3,3,2,6,0,0,0,0,0,0,0,1,1,6,6,1,50,8,-1,-1,-1,-1,7,E01015474,0,-1
2023371347800,2023,371347800,2,1,0,9,9,7,3,0,0,2,5,0,0,0,3,1,5,6,1,68,10,-1,-1,-1,-1,6,E01029881,0,-1
2023201409429,2023,201409429,2,9,0,5,5,6,2,0,0,1,0,0,0,0,3,1,6,6,1,43,7,-1,-1,-1,-1,2,E01010403,0,-1
2023071296193,2023,071296193,2,1,0,18,19,3,7,0,0,1,0,0,0,0,3,1,6,6,1,51,8,-1,-1,-1,-1,10,E01018320,0,-1
2023340NN2372,2023,340NN2372,2,9,0,8,8,1,5,0,0,1,0,0,0,0,2,1,6,6,2,47,8,-1,-1,-1,-1,7,E01027309,0,-1
2023320382369,2023,320382369,1,9,0,7,7,2,4,0,0,6,0,0,0,0,4,1,6,6,3,-1,-1,-1,-1,-1,-1,-1,-1,0,-1
2023010447666,2023,010447666,2,1,9,18,19,5,1,0,0,9,9,99,9,99,9,1,6,6,1,32,6,-1,-1,-1,-1,3,E01004270,0,-1
2023010471715,2023,010471715,2,1,0,18,19,2,6,0,0,1,0,0,0,0,2,1,6,6,2,42,7,-1,-1,-1,-1,3,E01004563,0,-1
2023101389970,2023,101389970,2,1,0,18,19,5,1,0,0,2,0,0,0,0,3,1,5,6,1,68,10,-1,-1,-1,-1,10,E01008418,0,-1
2023520400878,2023,520400878,1,97,0,18,19,1,5,0,0,8,0,0,0,0,1,1,6,6,2,75,10,-1,-1,-1,-1,5,E01029134,0,-1
2023010481077,2023,010481077,2,9,0,99,99,9,9,99,99,9,9,99,9,99,9,9,6,6,3,-1,-1,-1,-1,-1,-1,-1,-1,0,-1
2023131294874,2023,131294874,1,90,0,18,19,1,5,0,0,0,0,0,0,0,3,1,5,6,1,29,6,-1,-1,-1,-1,1,E01011657,0,-1
2023411268151,2023,411268151,1,9,0,5,5,8,4,0,0,0,0,0,0,0,3,1,5,6,1,34,6,-1,-1,-1,-1,10,E01023364,0,-1
2023401357234,2023,401357234,1,9,0,1,1,1,1,9,9,0,0,0,0,0,2,1,6,6,1,48,8,-1,-1,-1,-1,-1,-1,0,-1
2023401305855,2023,401305855,2,9,0,3,3,-1,-1,0,0,4,0,0,0,0,2,1,5,6,2,56,9,-1,-1,-1,-1,3,E01015758,0,-1
2023010484663,2023,010484663,1,9,0,10,10,7,5,0,0,6,0,0,0,0,0,1,1,1,1,47,8,-1,-1,-1,-1,4,E01023337,0,-1
2023411328285,2023,411328285,1,9,0,13,13,4,8,0,0,1,0,0,0,0,4,1,6,6,3,-1,-1,-1,-1,-1,-1,-1,-1,0,-1
2023311374786,2023,311374786,2,1,0,18,19,3,7,0,0,0,0,4,0,0,1,1,6,6,1,34,6,-1,-1,-1,-1,-1,-1,0,-1
2023311383066,2023,311383066,1,9,0,7,7,3,7,0,0,2,0,0,0,0,1,2,6,6,1,16,4,-1,-1,-1,-1,-1,-1,0,-1
2023430231218,2023,430231218,2,1,0,18,19,5,1,0,0,8,0,0,0,0,3,1,6,6,1,50,8,-1,-1,-1,-1,10,E01028596,0,-1
2023471289566,2023,471289566,2,1,0,18,19,7,3,0,0,8,5,0,0,0,4,1,6,6,1,-1,-1,-1,-1,-1,-1,-1,-1,0,-1
2023430042705,2023,430042705,1,9,0,9,9,1,7,0,0,6,0,0,0,0,4,1,6,6,2,-1,-1,-1,-1,-1,-1,3,E01016382,0,-1
2023141390584,2023,141390584,1,1,0,18,19,6,3,0,0,0,0,0,0,0,3,1,5,6,3,30,6,-1,-1,-1,-1,6,E01007962,0,-1
2023010448846,2023,010448846,2,1,9,99,99,9,9,99,99,9,9,99,9,99,9,1,6,6,1,40,7,-1,-1,-1,-1,7,E01000339,0,-1
2023061389567,2023,061389567,2,1,-1,-1,-1,-1,-1,-1,-1,-1,-1,-1,-1,0,-1,1,6,6,1,26,6,-1,-1,-1,-1,1,E01005313,0,-1
2023101363059,2023,101363059,1,1,0,18,19,7,3,0,0,6,0,0,0,0,1,1,2,2,2,9,2,-1,-1,-1,-1,1,E01027416,0,-1
2023522300488,2023,522300488,2,9,0,5,5,9,9,0,0,6,0,0,0,0,1,1,6,6,2,-1,-1,-1,-1,-1,-1,-1,-1,0,-1
2023131266441,2023,131266441,1,9,4,9,9,2,4,0,0,5,2,0,0,0,1,1,6,6,2,68,10,-1,-1,-1,-1,4,E01011469,0,-1
2023010434843,2023,010434843,2,-1,0,18,19,5,1,0,0,8,5,0,0,0,1,1,6,6,1,36,7,-1,-1,-1,-1,2,E01002068,1,-1
2023052301652,2023,052301652,1,8,0,5,5,5,1,0,0,0,0,0,0,0,4,1,1,1,3,-1,-1,-1,-1,-1,-1,-1,-1,0,-1
2023010461379,2023,010461379,2,1,0,9,9,5,3,0,0,1,0,0,0,0,2,1,6,6,1,43,7,-1,-1,-1,-1,3,E01002027,0,-1
2023111377677,2023,111377677,2,1,0,18,19,6,2,0,0,0,0,0,1,0,1,1,6,6,1,66,10,-1,-1,-1,-1,8,E01020851,0,-1
2023052302597,2023,052302597,1,9,0,2,2,0,0,0,0,0,0,0,0,0,4,1,6,6,3,-1,-1,-1,-1,-1,-1,-1,-1,0,-1
2023430316416,2023,430316416,2,9,0,18,19,4,8,0,0,0,0,0,0,0,2,1,6,6,3,45,7,-1,-1,-1,-1,-1,-1,0,-1
2023411379433,2023,411379433,1,9,0,4,4,-1,-1,0,0,0,0,99,9,0,0,1,6,6,3,-1,-1,-1,-1,-1,-1,-1,-1,0,-1
2023010453097,2023,010453097,2,1,0,18,19,3,7,5,5,1,0,0,0,0,4,1,1,1,1,25,5,-1,-1,-1,-1,3,E01001349,0,-1
2023332300808,2023,332300808,2,9,0,18,19,7,3,0,0,8,0,0,0,0,1,1,6,6,3,-1,-1,-1,-1,-1,-1,-1,-1,0,-1
2023010456482,2023,010456482,1,9,0,99,99,9,9,99,99,9,9,99,9,99,9,9,6,6,3,-1,-1,-1,-1,-1,-1,-1,-1,0,-1
202354D574623,2023,54D574623,1,9,0,18,19,2,6,0,0,0,0,0,0,0,1,1,6,6,3,-1,-1,-1,-1,-1,-1,-1,-1,0,-1
2023522400110,2023,522400110,1,9,0,18,19,7,3,0,0,0,0,0,0,0,4,1,6,6,2,33,6,-1,-1,-1,-1,2,E01014977,0,-1
2023061357580,2023,061357580,2,9,0,18,19,1,5,0,0,8,0,0,0,0,3,1,6,6,1,38,7,-1,-1,-1,-1,1,E01005186,0,-1
2023010465306,2023,010465306,2,1,0,18,19,5,1,0,0,1,5,0,0,0,1,1,1,1,1,45,7,-1,-1,-1,-1,2,E01002003,0,-1
2023552301478,2023,552301478,2,3,0,18,19,4,8,0,0,8,0,0,0,0,1,1,2,2,1,44,7,-1,-1,-1,-1,2,E01015277,0,-1
2023461306503,2023,461306503,1,9,0,18,19,7,3,0,0,0,0,0,0,0,1,1,6,6,3,-1,-1,-1,-1,-1,-1,-1,-1,0,-1
2023991393145,2023,991393145,1,19,0,18,19,1,4,0,0,1,0,0,0,0,0,1,6,6,3,-1,-1,-1,-1,-1,-1,-1,-1,0,-1
2023010449566,2023,010449566,1,1,9,99,99,9,9,99,99,9,9,99,9,99,1,1,2,2,1,39,7,-1,-1,-1,-1,3,E01002102,0,-1
2023010457995,2023,010457995,1,1,0,18,19,3,7,4,4,1,0,0,7,0,4,1,1,1,1,18,4,-1,-1,-1,-1,2,E01004219,0,-1
2023170S11353,2023,170S11353,2,1,0,18,19,1,5,0,0,8,0,0,0,0,1,1,6,6,1,31,6,-1,-1,-1,-1,9,E01033474,0,-1
2023010450571,2023,010450571,2,2,0,18,19,1,5,0,0,1,0,0,0,0,1,1,6,6,3,43,7,-1,-1,-1,-1,-1,-1,0,-1
2023010489745,2023,010489745,1,1,9,99,99,9,9,99,99,9,9,99,9,99,2,1,6,6,1,25,5,-1,-1,-1,-1,4,E01000307,0,-1
2023201346283,2023,201346283,2,1,0,18,19,3,7,0,0,0,0,0,0,0,2,1,6,6,1,43,7,-1,-1,-1,-1,3,E01008957,0,-1
2023161323273,2023,161323273,2,1,0,18,19,8,4,9,9,1,0,0,0,0,4,1,6,6,1,13,3,-1,-1,-1,-1,-1,-1,0,-1
2023991364852,2023,991364852,2,1,0,18,19,7,4,0,0,2,0,0,0,0,2,1,1,1,1,54,8,-1,-1,-1,-1,-1,-1,0,-1
2023461331823,2023,461331823,1,1,0,18,19,3,7,0,0,0,1,0,0,0,1,1,6,6,1,29,6,-1,-1,-1,-1,2,E01024093,0,-1
2023201415130,2023,201415130,1,-1,0,18,19,-1,-1,0,0,0,0,0,0,0,1,1,6,6,3,-1,-1,-1,-1,-1,-1,-1,-1,0,-1
2023302300981,2023,302300981,2,9,0,18,19,8,4,0,0,1,0,0,0,0,1,1,2,2,1,26,6,-1,-1,-1,-1,-1,-1,0,-1
2023501271490,2023,501271490,2,1,0,18,19,5,3,0,0,3,0,0,0,0,2,1,5,6,1,38,7,-1,-1,-1,-1,8,E01018855,0,-1
2023522301144,2023,522301144,1,1,0,18,19,2,6,0,0,0,0,0,0,0,3,1,6,6,1,18,4,-1,-1,-1,-1,7,E01014598,0,-1
2023471286264,2023,471286264,1,9,0,18,19,1,5,0,0,0,0,0,0,0,1,1,6,6,2,24,5,-1,-1,-1,-1,8,E01021169,0,-1
2023401386396,2023,401386396,1,9,0,5,5,3,5,0,0,1,0,0,0,0,4,1,1,1,1,51,8,-1,-1,-1,-1,10,E01017768,0,-1
2023991299543,2023,991299543,1,9,0,18,19,5,1,0,0,6,1,11,0,0,1,1,2,2,2,27,6,-1,-1,-1,-1,-1,-1,0,-1
2023501382147,2023,501382147,2,9,0,18,19,5,1,0,0,0,0,0,0,0,1,1,5,6,1,47,8,-1,-1,-1,-1,-1,-1,0,-1
2023010440000,2023,010440000,1,3,0,99,99,9,9,99,99,9,9,99,9,99,1,1,6,6,3,-1,-1,-1,-1,-1,-1,-1,-1,0,-1
2023501382582,2023,501382582,2,1,0,18,19,1,5,0,0,1,0,0,0,0,1,1,6,6,1,31,6,-1,-1,-1,-1,2,E01015171,0,-1
2023531326210,2023,531326210,1,1,0,18,19,5,1,0,0,1,0,0,0,0,4,1,6,6,1,16,4,-1,-1,-1,-1,9,E01022372,0,-1
2023461317469,2023,461317469,1,90,0,18,19,3,7,0,0,0,0,0,0,0,0,1,6,6,3,-1,-1,-1,-1,-1,-1,-1,-1,0,-1
2023010451240,2023,010451240,1,9,0,18,19,7,3,0,0,8,0,0,0,0,1,1,6,6,3,-1,-1,-1,-1,-1,-1,-1,-1,0,-1