collision_index,collision_year,collision_ref_no,vehicle_reference,vehicle_type,towing_and_articulation,vehicle_manoeuvre_historic,vehicle_manoeuvre,vehicle_direction_from,vehicle_direction_to,vehicle_location_restricted_lane_historic,vehicle_location_restricted_lane,junction_location,skidding_and_overturning,hit_object_in_carriageway,vehicle_leaving_carriageway,hit_object_off_carriageway,first_point_of_impact,vehicle_left_hand_drive,journey_purpose_of_driver_historic,journey_purpose_of_driver,sex_of_driver,age_of_driver,age_band_of_driver,engine_capacity_cc,propulsion_code,age_of_vehicle,generic_make_model,driver_imd_decile,lsoa_of_driver,escooter_flag,driver_distance_banding
2023161259728,2023,161259728,3,9,0,2,2,0,0,0,0,2,0,0,0,0,1,1,6,6,3,-1,-1,-1,-1,-1,-1,-1,-1,0,-1
2023141301838,2023,141301838,1,9,0,18,19,6,2,0,0,0,0,0,0,0,1,1,2,2,1,21,5,-1,-1,-1,-1,2,E01007343,0,-1
2023131311890,2023,131311890,1,1,0,14,14,3,7,0,0,0,0,8,0,0,1,1,5,6,1,65,9,-1,-1,-1,-1,1,E01011293,0,-1
2023131284425,2023,131284425,2,90,0,-1,-1,-1,-1,-1,-1,-1,-1,-1,-1,0,-1,1,5,6,1,11,3,-1,-1,-1,-1,4,E01011871,0,-1
2023010479068,2023,010479068,1,1,9,99,99,9,9,99,99,0,9,99,9,99,2,1,6,6,1,23,5,-1,-1,-1,-1,5,E01003664,0,-1
2023052300857,2023,052300857,1,1,0,4,4,4,8,0,0,1,0,0,0,0,0,1,6,6,1,56,9,-1,-1,-1,-1,7,E01006589,0,-1
2023522301791,2023,522301791,1,1,0,18,19,2,6,0,0,8,0,0,0,0,3,1,6,6,2,44,7,-1,-1,-1,-1,3,E01014976,0,-1
2023131290588,2023,131290588,2,1,0,18,19,3,7,0,0,8,0,0,0,0,4,1,5,6,1,44,7,-1,-1,-1,-1,7,E01011603,0,-1
2023340NN4332,2023,340NN4332,1,9,0,18,19,2,7,0,0,8,0,0,0,0,4,1,6,6,2,32,6,-1,-1,-1,-1,-1,-1,0,-1
2023101295498,2023,101295498,2,1,0,18,19,5,1,0,0,6,0,0,0,0,2,1,5,6,2,28,6,-1,-1,-1,-1,-1,-1,0,-1
2023010480581,2023,010480581,2,9,0,99,99,9,9,99,99,9,9,99,9,99,9,9,6,6,3,-1,-1,-1,-1,-1,-1,-1,-1,0,-1
2023161302975,2023,161302975,2,9,0,7,7,3,5,0,0,8,0,0,0,0,4,1,6,6,2,-1,-1,-1,-1,-1,-1,-1,-1,0,-1
2023430574397,2023,430574397,2,9,0,18,19,8,4,0,0,0,0,0,0,0,1,1,6,6,1,40,7,-1,-1,-1,-1,-1,-1,0,-1
2023361258748,2023,361258748,1,9,0,18,19,4,8,0,0,0,0,0,1,1,1,1,5,6,1,22,5,-1,-1,-1,-1,1,E01026704,0,-1
2023010458050,2023,010458050,2,9,0,11,11,5,1,0,0,1,0,0,0,0,0,1,6,6,3,-1,-1,-1,-1,-1,-1,-1,-1,0,-1
2023430012158,2023,430012158,2,9,0,18,19,1,5,0,0,0,0,0,0,0,1,1,1,1,2,-1,-1,-1,-1,-1,-1,9,E01028425,0,-1
2023041382716,2023,041382716,1,9,0,9,9,1,5,0,0,1,0,0,0,0,1,1,6,6,1,70,10,-1,-1,-1,-1,6,E01025121,0,-1
202360A079354,2023,60A079354,2,1,0,18,19,2,6,0,0,0,0,0,0,0,2,1,6,6,1,42,7,-1,-1,-1,-1,-1,-1,0,-1
2023471356174,2023,471356174,2,1,0,18,19,1,5,0,0,2,0,0,0,0,1,1,6,6,1,44,7,-1,-1,-1,-1,10,E01031734,0,-1
2023340WN3572,2023,340WN3572,2,1,0,10,10,7,5,0,0,1,0,0,0,0,1,1,6,6,1,33,6,-1,-1,-1,-1,10,E01010696,0,-1
2023545748323,2023,545748323,2,1,0,18,19,3,7,0,0,0,0,0,0,0,3,1,6,6,1,24,5,-1,-1,-1,-1,9,E01031998,0,-1
2023351388277,2023,351388277,2,9,0,18,19,6,2,0,0,2,0,0,0,0,1,1,5,6,1,62,9,-1,-1,-1,-1,7,E01018026,0,-1
2023010439907,2023,010439907,2,9,0,2,2,0,0,0,0,0,9,99,0,0,3,9,6,6,3,-1,-1,-1,-1,-1,-1,-1,-1,0,-1
2023401352032,2023,401352032,2,-1,0,18,19,5,1,0,0,0,0,0,0,0,1,1,6,6,1,27,6,-1,-1,-1,-1,2,E01015794,1,-1
2023520301677,2023,520301677,2,9,0,18,19,2,6,0,0,0,2,0,0,0,1,1,6,6,1,45,7,-1,-1,-1,-1,5,E01032629,0,-1
2023010471421,2023,010471421,1,97,0,18,19,5,1,0,0,0,0,0,0,0,1,1,6,6,3,-1,-1,-1,-1,-1,-1,-1,-1,0,-1
2023471378646,2023,471378646,1,1,0,18,19,4,8,0,0,8,0,0,0,0,3,1,6,6,1,19,4,-1,-1,-1,-1,8,E01021036,0,-1
2023010476727,2023,010476727,1,1,9,99,99,9,9,99,99,9,9,99,9,99,9,1,6,6,2,27,6,-1,-1,-1,-1,2,E01003984,0,-1
2023131371473,2023,131371473,3,9,0,4,4,3,7,0,0,1,0,0,0,0,1,1,2,2,1,19,4,-1,-1,-1,-1,7,E01007621,0,-1
2023461354632,2023,461354632,1,1,0,18,19,7,3,0,0,0,0,0,0,0,1,1,6,6,1,-1,-1,-1,-1,-1,-1,8,E01030803,0,-1
2023430155986,2023,430155986,2,19,0,18,19,6,2,0,0,0,0,0,0,0,2,1,1,1,1,-1,-1,-1,-1,-1,-1,-1,-1,0,-1
2023311312352,2023,311312352,2,1,0,18,19,4,8,9,9,0,0,0,0,0,3,1,6,6,1,32,6,-1,-1,-1,-1,1,E01013865,0,-1
2023440464850,2023,440464850,2,9,0,11,11,2,6,0,0,0,0,0,0,0,1,1,6,6,1,-1,-1,-1,-1,-1,-1,-1,-1,0,-1
2023010447218,2023,010447218,2,1,0,18,19,3,7,0,0,1,0,0,0,0,1,1,6,6,1,25,5,-1,-1,-1,-1,5,E01001381,0,-1
2023071055125,2023,071055125,2,1,0,7,7,1,3,0,0,8,5,0,0,0,1,1,6,6,1,15,3,-1,-1,-1,-1,9,E01018602,0,-1
2023471297064,2023,471297064,2,1,0,9,9,7,5,0,0,3,0,0,0,0,4,1,2,2,2,52,8,-1,-1,-1,-1,6,E01031606,0,-1
2023481366805,2023,481366805,1,9,0,18,19,3,7,0,0,8,0,0,0,0,1,1,6,6,3,30,6,-1,-1,-1,-1,-1,-1,0,-1
2023061366922,2023,061366922,2,1,0,18,19,3,7,0,0,0,0,0,0,0,2,1,1,1,1,67,10,-1,-1,-1,-1,6,E01005037,0,-1
2023052301540,2023,052301540,2,1,0,18,19,1,5,0,0,0,0,0,0,0,4,1,4,7,1,13,3,-1,-1,-1,-1,1,E01006865,0,-1
2023991300694,2023,991300694,2,1,0,18,19,7,3,0,0,2,0,0,0,0,2,1,2,2,1,37,7,-1,-1,-1,-1,10,-1,0,-1
2023052301334,2023,052301334,1,21,1,18,19,7,3,0,0,1,0,0,0,0,1,1,6,6,3,-1,-1,-1,-1,-1,-1,-1,-1,0,-1
2023010456993,2023,010456993,1,97,9,18,19,1,5,99,99,9,9,0,0,0,1,1,6,6,3,-1,-1,-1,-1,-1,-1,-1,-1,0,-1
2023201321835,2023,201321835,1,-1,0,18,19,8,4,0,0,0,0,0,0,0,1,1,6,6,3,-1,-1,-1,-1,-1,-1,-1,-1,0,-1
2023461379799,2023,461379799,2,97,0,18,19,5,1,0,0,8,5,0,0,0,1,1,6,6,1,6,2,-1,-1,-1,-1,5,E01024595,0,-1
2023170L21033,2023,170L21033,1,1,0,18,19,7,3,0,0,6,0,0,0,0,1,1,6,6,2,12,3,-1,-1,-1,-1,-1,-1,0,-1
2023201415512,2023,201415512,2,19,0,18,19,4,2,0,0,8,0,0,0,0,2,1,6,6,1,-1,-1,-1,-1,-1,-1,1,E01009485,0,-1
2023161289259,2023,161289259,2,1,0,9,9,5,2,0,0,1,0,0,0,0,1,1,5,6,1,73,10,-1,-1,-1,-1,1,E01012862,0,-1
2023161322727,2023,161322727,2,9,0,9,9,5,7,0,0,8,0,0,0,0,1,1,6,6,1,-1,-1,-1,-1,-1,-1,-1,-1,0,-1
2023552300284,2023,552300284,4,19,0,2,2,0,0,0,0,0,0,0,0,0,4,1,6,6,3,-1,-1,-1,-1,-1,-1,-1,-1,0,-1
2023302300828,2023,302300828,1,1,0,18,19,2,6,0,0,1,1,0,0,0,0,1,6,6,1,62,9,-1,-1,-1,-1,1,E01019662,0,-1
2023010428535,2023,010428535,2,1,0,18,19,3,7,0,0,8,0,0,0,0,1,1,6,6,1,21,5,-1,-1,-1,-1,3,E01004313,0,-1
2023552301457,2023,552301457,2,1,0,18,19,6,2,4,4,8,0,0,0,0,4,1,2,2,1,57,9,-1,-1,-1,-1,7,E01020429,0,-1
2023320637980,2023,320637980,2,1,0,18,19,2,6,4,4,1,5,0,0,0,1,1,6,6,1,20,4,-1,-1,-1,-1,2,E01026177,0,-1
2023552300931,2023,552300931,1,9,0,1,1,6,2,0,0,6,0,0,0,0,2,1,6,6,3,-1,-1,-1,-1,-1,-1,-1,-1,0,-1
2023361267329,2023,361267329,1,9,0,7,7,6,3,0,0,1,0,0,0,0,1,1,6,6,1,58,9,-1,-1,-1,-1,6,E01026900,0,-1
2023430185916,2023,430185916,2,9,0,18,19,5,1,0,0,1,0,0,0,0,3,1,6,6,2,-1,-1,-1,-1,-1,-1,-1,-1,0,-1
2023440190234,2023,440190234,2,1,0,18,19,2,6,0,0,1,0,0,0,0,1,1,6,6,1,48,8,-1,-1,-1,-1,9,E01022685,0,-1
2023991329286,2023,991329286,1,3,0,16,19,7,1,0,0,1,2,0,0,0,4,1,5,6,1,32,6,-1,-1,-1,-1,8,-1,0,-1
2023440231571,2023,440231571,1,9,0,5,5,4,8,0,0,8,0,0,0,0,3,1,6,6,1,39,7,-1,-1,-1,-1,1,E01017112,0,-1
2023031338034,2023,031338034,1,11,0,5,5,1,5,0,0,0,0,0,0,0,1,1,1,1,1,39,7,-1,-1,-1,-1,-1,-1,0,-1
2023440392086,2023,440392086,1,1,0,18,19,5,1,0,0,0,0,0,0,0,2,1,6,6,1,11,3,-1,-1,-1,-1,5,E01017023,0,-1
2023010469169,2023,010469169,2,9,0,99,99,9,9,99,99,9,9,99,9,99,1,9,6,6,3,-1,-1,-1,-1,-1,-1,-1,-1,0,-1
2023161323294,2023,161323294,1,1,0,16,19,4,7,0,0,8,0,0,0,0,3,1,6,6,1,20,4,-1,-1,-1,-1,10,E01012972,0,-1
2023552300204,2023,552300204,1,9,0,18,19,2,6,0,0,0,0,0,0,0,1,1,6,6,3,-1,-1,-1,-1,-1,-1,-1,-1,0,-1
2023010448368,2023,010448368,2,9,0,7,7,2,4,0,0,5,0,0,0,0,1,1,6,6,1,-1,-1,-1,-1,-1,-1,-1,-1,0,-1
2023520400490,2023,520400490,2,1,0,18,19,3,7,0,0,0,0,0,0,0,3,1,6,6,1,10,2,-1,-1,-1,-1,2,E01029107,0,-1
2023430037273,2023,430037273,2,8,0,7,7,2,4,0,0,5,0,0,0,0,4,1,6,6,1,-1,-1,-1,-1,-1,-1,-1,-1,0,-1
2023010467612,2023,010467612,2,4,0,14,14,6,2,0,0,1,5,0,0,0,4,1,2,2,1,33,6,-1,-1,-1,-1,3,E01003533,0,-1
2023340WN4852,2023,340WN4852,2,9,0,5,5,1,6,0,0,6,0,10,0,0,4,1,6,6,1,43,7,-1,-1,-1,-1,4,E01002718,0,-1
2023401328554,2023,401328554,2,1,0,17,19,2,7,0,0,0,0,0,0,0,1,1,5,6,1,15,3,-1,-1,-1,-1,9,E01017421,0,-1
2023010442623,2023,010442623,2,9,0,9,9,7,5,0,0,6,0,0,0,0,1,1,6,6,1,25,5,-1,-1,-1,-1,6,E01002186,0,-1
2023311327091,2023,311327091,2,9,0,18,19,1,5,0,0,1,0,0,0,0,1,1,2,2,1,36,7,-1,-1,-1,-1,6,E01028283,0,-1
2023161351336,2023,161351336,2,1,0,18,19,1,5,0,0,1,5,0,0,0,2,1,6,6,1,15,3,-1,-1,-1,-1,1,E01013298,0,-1
2023340WN5902,2023,340WN5902,3,9,0,18,19,4,8,0,0,0,0,0,0,0,1,1,6,6,1,40,7,-1,-1,-1,-1,6,E01023723,0,-1
2023041375717,2023,041375717,1,9,0,9,9,1,3,0,0,7,0,0,0,0,1,1,2,2,1,40,7,-1,-1,-1,-1,3,E01012694,0,-1
202363A035823,2023,63A035823,1,2,0,16,19,6,1,0,0,0,1,0,0,0,0,1,1,1,1,56,9,-1,-1,-1,-1,-1,-1,0,-1
2023440309673,2023,440309673,1,1,0,18,19,6,2,0,0,0,0,0,0,0,3,1,6,6,1,50,8,-1,-1,-1,-1,8,E01022468,0,-1
2023340WN2762,2023,340WN2762,1,9,0,11,11,2,6,0,0,8,0,0,0,0,1,1,6,6,2,72,10,-1,-1,-1,-1,7,E01027023,0,-1
2023061330513,2023,061330513,1,90,-1,-1,-1,-1,-1,-1,-1,0,-1,-1,-1,0,-1,1,6,6,1,29,6,-1,-1,-1,-1,8,E01032685,0,-1
2023430400955,2023,430400955,2,1,0,18,19,4,8,0,0,8,0,0,0,0,3,1,6,6,2,70,10,-1,-1,-1,-1,8,E01028547,0,-1
2023320743868,2023,320743868,1,1,0,18,19,2,6,0,0,6,5,0,0,0,0,1,6,6,2,22,5,-1,-1,-1,-1,-1,-1,0,-1
2023010457311,2023,010457311,2,1,0,18,19,1,5,0,0,0,0,0,0,0,1,1,6,6,1,30,6,-1,-1,-1,-1,3,E01002768,0,-1
2023131343561,2023,131343561,2,1,0,18,19,1,5,0,0,8,0,0,0,0,1,1,5,6,1,64,9,-1,-1,-1,-1,7,E01011895,0,-1
2023411266816,2023,411266816,1,9,0,18,19,3,7,0,0,0,0,0,0,0,1,1,1,1,1,-1,-1,-1,-1,-1,-1,-1,-1,0,-1
2023440484042,2023,440484042,1,9,0,18,19,7,3,0,0,0,0,0,0,0,1,1,6,6,2,24,5,-1,-1,-1,-1,7,E01031534,0,-1
2023111322272,2023,111322272,1,9,0,18,19,3,7,0,0,0,5,0,7,0,1,1,6,6,1,75,10,-1,-1,-1,-1,5,E01020889,0,-1
2023010439425,2023,010439425,1,9,9,99,99,9,9,99,99,9,9,99,9,99,9,9,6,6,3,-1,-1,-1,-1,-1,-1,-1,-1,0,-1
2023201412608,2023,201412608,2,1,0,18,19,1,5,0,0,8,0,0,0,0,1,1,6,6,1,31,6,-1,-1,-1,-1,2,E01009953,0,-1
2023041287569,2023,041287569,1,9,0,18,19,1,5,0,0,0,0,0,0,0,3,1,6,6,3,-1,-1,-1,-1,-1,-1,-1,-1,0,-1
2023010444294,2023,010444294,1,9,9,99,99,9,9,99,99,9,9,99,9,99,9,9,6,6,3,-1,-1,-1,-1,-1,-1,-1,-1,0,-1
2023010443900,2023,010443900,1,9,0,18,19,7,3,0,0,8,0,0,0,0,1,1,1,1,2,46,8,-1,-1,-1,-1,5,E01003949,0,-1
2023461364931,2023,461364931,2,1,0,18,19,3,7,0,0,0,0,0,0,0,1,1,6,6,1,-1,-1,-1,-1,-1,-1,4,E01024493,0,-1
2023461353513,2023,461353513,2,90,0,18,19,3,1,0,0,8,0,0,0,0,1,1,6,6,2,69,10,-1,-1,-1,-1,6,E01023985,0,-1
2023461315709,2023,461315709,2,1,0,18,19,3,7,0,0,0,0,0,0,0,1,1,6,6,1,16,4,-1,-1,-1,-1,-1,-1,0,-1
2023471308916,2023,471308916,2,1,0,18,19,1,5,0,0,1,0,0,0,0,1,1,1,1,2,30,6,-1,-1,-1,-1,1,E01016868,0,-1
2023052302685,2023,052302685,1,9,0,18,19,5,1,0,0,0,0,0,0,0,1,1,6,6,1,-1,-1,-1,-1,-1,-1,-1,-1,0,-1
2023010462937,2023,010462937,2,9,0,99,99,9,9,99,99,0,9,99,9,99,1,9,6,6,3,-1,-1,-1,-1,-1,-1,-1,-1,0,-1
2023161352697,2023,161352697,1,1,0,18,19,2,6,4,4,8,0,0,0,0,2,1,6,6,2,57,9,-1,-1,-1,-1,8,E01012812,0,-1
2023010433203,2023,010433203,2,9,0,99,99,9,9,99,99,9,9,99,9,99,9,9,6,6,3,-1,-1,-1,-1,-1,-1,-1,-1,0,-1
2023010483925,2023,010483925,1,1,9,99,99,9,9,99,99,9,9,99,9,99,9,1,2,2,2,29,6,-1,-1,-1,-1,5,E01000629,0,-1
2023461297611,2023,461297611,2,1,0,18,19,3,7,2,2,1,0,0,0,0,1,1,2,2,1,34,6,-1,-1,-1,-1,8,E01023983,0,-1
2023010423930,2023,010423930,2,1,0,16,19,3,7,0,0,5,0,0,0,0,1,1,1,1,1,39,7,-1,-1,-1,-1,1,E01000661,0,-1
2023010422222,2023,010422222,1,1,9,99,99,9,9,99,99,9,9,99,9,99,9,1,6,6,2,35,6,-1,-1,-1,-1,2,E01001977,0,-1
2023141293777,2023,141293777,2,9,0,7,7,5,7,0,0,5,0,0,0,0,0,1,6,6,3,18,4,-1,-1,-1,-1,-1,-1,0,-1
2023010445145,2023,010445145,1,1,0,18,19,1,5,0,0,0,1,99,9,99,9,1,6,6,1,42,7,-1,-1,-1,-1,10,E01030322,0,-1
2023201368217,2023,201368217,1,9,0,18,19,6,2,0,0,1,0,0,0,0,1,1,6,6,1,-1,-1,-1,-1,-1,-1,-1,-1,0,-1
2023010442493,2023,010442493,2,1,0,18,19,5,1,0,0,2,1,0,7,0,1,1,6,6,2,26,6,-1,-1,-1,-1,4,E01000557,0,-1
2023340NN2042,2023,340NN2042,2,-1,0,18,19,5,1,0,0,8,0,0,0,0,4,1,6,6,1,38,7,-1,-1,-1,-1,8,E01027087,1,-1
2023461339025,2023,461339025,1,19,0,18,19,8,3,0,0,1,0,0,0,0,1,1,6,6,1,31,6,-1,-1,-1,-1,4,E01024219,0,-1
2023411363731,2023,411363731,2,1,0,18,19,2,6,0,0,0,0,0,0,0,1,1,6,6,1,63,9,-1,-1,-1,-1,7,E01023719,0,-1
2023010421170,2023,010421170,2,9,9,99,99,9,9,99,99,9,9,99,9,10,9,9,6,6,3,-1,-1,-1,-1,-1,-1,-1,-1,0,-1
2023161351726,2023,161351726,2,1,0,18,19,1,5,0,0,0,0,0,0,0,1,1,6,6,1,17,4,-1,-1,-1,-1,-1,-1,0,-1
2023161305156,2023,161305156,1,8,0,18,19,1,5,0,0,1,0,0,0,0,1,1,1,1,1,-1,-1,-1,-1,-1,-1,-1,-1,0,-1
2023010445708,2023,010445708,2,9,0,9,9,4,2,0,0,1,0,0,0,0,1,1,6,6,3,-1,-1,-1,-1,-1,-1,-1,-1,0,-1
2023010437071,2023,010437071,2,1,0,99,99,9,9,0,0,0,0,0,9,99,2,1,6,6,1,14,3,-1,-1,-1,-1,3,E01004317,0,-1
2023010443317,2023,010443317,1,1,9,99,99,9,9,99,99,9,9,99,9,99,9,1,2,2,1,30,6,-1,-1,-1,-1,5,E01033494,0,-1
2023421379749,2023,421379749,1,98,1,18,19,3,7,0,0,0,0,0,0,0,1,1,1,1,1,46,8,-1,-1,-1,-1,-1,-1,0,-1
2023351288582,2023,351288582,1,9,-1,-1,-1,-1,-1,-1,-1,-1,-1,-1,-1,0,-1,1,6,6,3,-1,-1,-1,-1,-1,-1,-1,-1,0,-1
2023041319623,2023,041319623,1,1,0,18,19,3,7,0,0,1,0,0,0,0,1,1,6,6,1,13,3,-1,-1,-1,-1,6,E01025176,0,-1
2023340WN4122,2023,340WN4122,1,9,0,9,9,6,3,0,0,8,0,0,0,0,3,1,6,6,1,20,4,-1,-1,-1,-1,-1,-1,0,-1
2023501308735,2023,501308735,1,9,-1,-1,-1,-1,-1,-1,-1,0,-1,-1,-1,0,-1,1,6,6,1,18,4,-1,-1,-1,-1,5,E01019947,0,-1
2023131312398,2023,131312398,1,1,0,18,19,3,7,0,0,8,1,4,0,0,1,1,6,6,1,11,3,-1,-1,-1,-1,3,E01011137,0,-1
2023411308841,2023,411308841,2,9,0,4,4,5,1,0,0,0,0,0,0,0,2,1,5,6,1,21,5,-1,-1,-1,-1,10,E01023767,0,-1
2023010457158,2023,010457158,1,1,9,99,99,9,9,99,99,9,9,99,9,99,1,1,2,2,1,44,7,-1,-1,-1,-1,2,E01000063,0,-1
2023010440260,2023,010440260,1,1,9,18,19,7,3,99,99,9,9,99,9,99,9,1,6,6,3,-1,-1,-1,-1,-1,-1,-1,-1,0,-1
2023430314975,2023,430314975,2,9,0,18,19,6,2,0,0,8,0,0,0,0,0,1,1,1,1,25,5,-1,-1,-1,-1,7,E01017919,0,-1
2023010446111,2023,010446111,1,11,0,4,4,4,8,2,2,0,0,0,0,0,0,1,6,6,3,-1,-1,-1,-1,-1,-1,-1,-1,0,-1
2023430404062,2023,430404062,2,1,0,18,19,8,4,0,0,8,1,0,0,0,1,1,6,6,2,33,6,-1,-1,-1,-1,10,E01017787,0,-1
2023421286523,2023,421286523,1,-1,0,18,19,1,5,9,9,0,0,0,0,0,1,1,6,6,1,-1,-1,-1,-1,-1,-1,-1,-1,1,-1
2023231276056,2023,231276056,2,9,0,4,4,5,1,0,0,0,0,0,0,0,1,1,2,2,1,42,7,-1,-1,-1,-1,5,E01028446,0,-1
2023991402910,2023,991402910,1,9,0,16,19,5,1,6,6,0,0,0,0,0,1,2,5,6,1,69,10,-1,-1,-1,-1,-1,-1,0,-1
2023010468918,2023,010468918,1,1,9,99,99,9,9,99,99,9,9,99,9,99,1,1,2,2,1,30,6,-1,-1,-1,-1,8,E01004514,0,-1
2023010432115,2023,010432115,1,1,9,99,99,9,9,99,99,9,9,99,9,99,1,1,2,2,1,35,6,-1,-1,-1,-1,7,E01004018,0,-1
2023010483872,2023,010483872,1,9,0,18,19,7,3,0,0,0,0,0,0,0,4,1,6,6,3,-1,-1,-1,-1,-1,-1,-1,-1,0,-1
2023991360360,2023,991360360,2,1,0,18,19,3,7,0,0,1,0,0,0,0,1,1,6,6,1,49,8,-1,-1,-1,-1,9,-1,0,-1
2023991259269,2023,991259269,1,9,0,18,19,1,6,0,0,2,0,0,3,11,1,1,5,6,1,22,5,-1,-1,-1,-1,6,-1,0,-1
2023461293619,2023,461293619,2,9,0,18,19,1,5,0,0,0,0,0,0,0,1,1,6,6,1,58,9,-1,-1,-1,-1,6,E01032653,0,-1
2023010467956,2023,010467956,2,1,0,18,19,7,3,0,0,0,0,0,0,0,1,1,6,6,1,30,6,-1,-1,-1,-1,4,E01001724,0,-1
2023440014149,2023,440014149,1,9,0,18,19,1,5,0,0,2,0,0,0,0,1,1,6,6,3,-1,-1,-1,-1,-1,-1,-1,-1,0,-1
2023361259788,2023,361259788,2,1,0,18,19,6,2,0,0,0,0,0,1,9,2,1,1,1,2,23,5,-1,-1,-1,-1,4,E01026846,0,-1
2023010447492,2023,010447492,2,-1,0,18,19,1,5,0,0,6,0,0,0,0,1,1,6,6,1,16,4,-1,-1,-1,-1,8,E01003679,1,-1
2023010431315,2023,010431315,1,1,9,99,99,9,9,99,99,9,9,99,9,99,1,1,6,6,1,-1,-1,-1,-1,-1,-1,-1,-1,0,-1
2023430250152,2023,430250152,2,22,0,18,19,7,3,0,0,0,0,0,0,0,1,1,6,6,2,51,8,-1,-1,-1,-1,6,E01016366,0,-1
2023471300521,2023,471300521,2,1,0,6,6,3,1,0,0,3,0,0,0,0,4,1,2,2,1,48,8,-1,-1,-1,-1,8,E01031618,0,-1
2023471380857,2023,471380857,1,17,0,18,19,5,1,0,0,1,0,0,0,0,1,1,6,6,3,-1,-1,-1,-1,-1,-1,-1,-1,0,-1
2023010451905,2023,010451905,2,9,0,18,19,3,7,0,0,1,0,0,0,0,1,1,6,6,3,-1,-1,-1,-1,-1,-1,2,E01003553,0,-1
2023010452945,2023,010452945,1,1,9,99,99,9,9,99,99,9,9,99,9,99,1,1,2,2,1,35,6,-1,-1,-1,-1,5,E01003139,0,-1
2023010467452,2023,010467452,1,3,0,18,19,8,4,0,0,1,0,0,0,0,1,1,6,6,3,-1,-1,-1,-1,-1,-1,-1,-1,0,-1
2023010433125,2023,010433125,2,1,0,16,19,7,3,0,0,1,0,0,0,0,1,1,6,6,1,47,8,-1,-1,-1,-1,3,E01004022,0,-1
2023141344418,2023,141344418,2,9,0,1,1,5,1,0,0,0,0,0,0,0,2,1,6,6,3,-1,-1,-1,-1,-1,-1,-1,-1,0,-1
2023010449141,2023,010449141,2,1,0,15,15,3,7,0,0,2,0,0,0,0,1,1,6,6,1,23,5,-1,-1,-1,-1,-1,-1,0,-1
2023010458755,2023,010458755,2,-1,0,18,19,1,5,0,0,1,0,0,0,0,1,1,6,6,1,47,8,-1,-1,-1,-1,2,E01001110,1,-1
2023411319072,2023,411319072,1,1,-1,-1,-1,-1,-1,-1,-1,0,-1,-1,-1,0,-1,1,5,6,1,40,7,-1,-1,-1,-1,-1,-1,0,-1
2023010431339,2023,010431339,2,1,0,17,19,1,5,0,0,0,0,0,0,0,1,1,6,6,1,15,3,-1,-1,-1,-1,2,E01003190,0,-1
2023101387392,2023,101387392,1,8,0,5,5,8,5,0,0,0,0,0,0,0,4,1,1,1,1,45,7,-1,-1,-1,-1,-1,-1,0,-1
2023010420547,2023,010420547,1,1,9,99,99,9,9,99,99,9,9,99,9,99,9,1,2,2,2,24,5,-1,-1,-1,-1,8,E01004589,0,-1
2023451323100,2023,451323100,1,9,0,18,19,1,5,0,0,0,0,0,0,0,4,1,6,6,3,45,7,-1,-1,-1,-1,-1,-1,0,-1
2023440427820,2023,440427820,2,1,0,18,19,3,7,0,0,0,0,0,0,0,3,1,2,2,1,37,7,-1,-1,-1,-1,8,E01022864,0,-1
2023101375142,2023,101375142,1,9,0,18,19,5,1,0,0,0,1,0,0,0,1,1,1,1,1,29,6,-1,-1,-1,-1,8,E01012225,0,-1
2023052300110,2023,052300110,2,9,0,18,19,1,5,0,0,0,0,0,0,0,2,1,6,6,1,61,9,-1,-1,-1,-1,1,E01006563,0,-1
2023440013552,2023,440013552,1,19,0,7,7,5,7,0,0,8,0,0,0,0,1,1,1,1,1,-1,-1,-1,-1,-1,-1,-1,-1,0,-1
2023010469898,2023,010469898,1,-1,0,18,19,3,7,0,0,0,0,10,0,0,4,1,6,6,1,19,4,-1,-1,-1,-1,-1,-1,1,-1
2023201378537,2023,201378537,2,9,0,4,4,8,4,0,0,0,0,0,0,0,2,1,5,6,1,-1,-1,-1,-1,-1,-1,5,E01008588,0,-1
2023010420699,2023,010420699,2,1,9,99,99,9,9,99,99,9,9,99,9,99,9,1,6,6,1,-1,-1,-1,-1,-1,-1,-1,-1,0,-1
2023010431066,2023,010431066,1,1,0,18,19,1,5,0,0,0,0,0,0,0,4,1,6,6,1,42,7,-1,-1,-1,-1,6,E01030363,0,-1
2023201418517,2023,201418517,2,23,0,12,12,6,2,0,0,0,5,0,0,0,1,1,6,6,1,41,7,-1,-1,-1,-1,1,E01009141,0,-1
2023010428375,2023,010428375,2,1,0,18,19,7,3,0,0,8,0,0,0,0,1,1,1,1,1,27,6,-1,-1,-1,-1,3,E01000961,0,-1
2023010445181,2023,010445181,2,9,0,14,14,8,4,0,0,0,0,4,0,0,3,1,6,6,3,-1,-1,-1,-1,-1,-1,-1,-1,0,-1
2023010423552,2023,010423552,2,1,9,99,99,9,9,99,99,1,9,99,9,99,1,1,6,6,1,-1,-1,-1,-1,-1,-1,-1,-1,0,-1
2023471287848,2023,471287848,2,1,0,18,19,1,5,0,0,1,0,0,0,0,1,1,2,2,1,24,5,-1,-1,-1,-1,3,E01031482,0,-1
2023332300471,2023,332300471,2,1,0,18,19,1,5,0,0,8,0,0,0,0,3,1,2,2,2,44,7,-1,-1,-1,-1,8,E01025786,0,-1
2023351380009,2023,351380009,1,9,0,9,9,8,4,0,0,6,0,0,0,0,4,1,5,6,2,64,9,-1,-1,-1,-1,4,E01029922,0,-1
2023320240371,2023,320240371,1,4,0,18,19,2,6,0,0,0,0,0,0,0,1,1,6,6,2,65,9,-1,-1,-1,-1,6,E01028316,0,-1
2023430045136,2023,430045136,1,9,0,17,19,2,7,0,0,0,0,0,0,0,3,1,6,6,3,-1,-1,-1,-1,-1,-1,-1,-1,0,-1
2023340WN2042,2023,340WN2042,2,9,0,4,4,7,1,0,0,8,0,0,0,0,2,1,6,6,2,24,5,-1,-1,-1,-1,9,E01030978,0,-1
2023351370229,2023,351370229,2,19,0,4,4,5,1,0,0,0,0,0,0,0,2,1,5,6,1,74,10,-1,-1,-1,-1,3,E01018083,0,-1
2023320369456,2023,320369456,1,22,0,9,9,6,3,0,0,5,0,0,0,0,3,1,6,6,2,36,7,-1,-1,-1,-1,2,E01026030,0,-1