collision_index,collision_year,collision_ref_no,vehicle_reference,vehicle_type,towing_and_articulation,vehicle_manoeuvre_historic,vehicle_manoeuvre,vehicle_direction_from,vehicle_direction_to,vehicle_location_restricted_lane_historic,vehicle_location_restricted_lane,junction_location,skidding_and_overturning,hit_object_in_carriageway,vehicle_leaving_carriageway,hit_object_off_carriageway,first_point_of_impact,vehicle_left_hand_drive,journey_purpose_of_driver_historic,journey_purpose_of_driver,sex_of_driver,age_of_driver,age_band_of_driver,engine_capacity_cc,propulsion_code,age_of_vehicle,generic_make_model,driver_imd_decile,lsoa_of_driver,escooter_flag,driver_distance_banding
2023451337507,2023,451337507,1,4,0,18,19,5,5,0,0,0,1,0,0,0,4,1,6,6,1,66,10,-1,-1,-1,-1,6,E01021275,0,-1
2023201279053,2023,201279053,1,9,0,18,19,4,8,0,0,8,0,0,0,0,1,1,6,6,2,28,6,-1,-1,-1,-1,5,E01010022,0,-1
2023201323241,2023,201323241,2,9,0,4,4,4,8,0,0,1,0,0,0,0,2,1,6,6,1,51,8,-1,-1,-1,-1,1,E01009542,0,-1
2023311258658,2023,311258658,1,9,0,18,19,1,5,0,0,0,0,11,0,0,4,1,5,6,1,30,6,-1,-1,-1,-1,10,E01028373,0,-1
2023101389030,2023,101389030,1,9,0,18,19,6,3,0,0,8,0,0,0,0,4,1,6,6,3,35,6,-1,-1,-1,-1,-1,-1,0,-1
2023010475696,2023,010475696,2,1,0,18,19,3,7,9,9,1,0,0,0,0,4,1,6,6,1,23,5,-1,-1,-1,-1,5,E01001301,0,-1
2023010423960,2023,010423960,2,90,9,99,99,9,9,99,99,9,9,99,9,99,9,9,6,6,3,-1,-1,-1,-1,-1,-1,-1,-1,0,-1
2023430026995,2023,430026995,1,9,0,18,19,3,7,0,0,0,0,4,0,0,1,1,6,6,3,-1,-1,-1,-1,-1,-1,-1,-1,0,-1
2023501366294,2023,501366294,2,1,-1,-1,-1,-1,-1,-1,-1,0,-1,-1,-1,0,-1,1,6,6,1,11,3,-1,-1,-1,-1,9,E01033234,0,-1
2023631319625,2023,631319625,1,1,0,9,9,4,2,0,0,8,0,0,0,0,1,1,5,6,1,16,4,-1,-1,-1,-1,3,W01000480,0,-1
2023451284878,2023,451284878,4,98,0,14,14,2,6,0,0,0,0,0,0,0,0,1,1,1,1,56,9,-1,-1,-1,-1,6,E01030363,0,-1
2023161274881,2023,161274881,1,22,0,18,19,4,8,9,9,2,0,0,0,0,1,1,5,6,2,76,11,-1,-1,-1,-1,7,E01013017,0,-1
2023161347604,2023,161347604,1,9,0,3,3,7,3,0,0,0,0,0,0,0,2,1,2,2,1,44,7,-1,-1,-1,-1,3,E01013245,0,-1
2023440384827,2023,440384827,1,9,0,18,19,3,7,0,0,1,0,0,0,0,1,1,6,6,3,-1,-1,-1,-1,-1,-1,-1,-1,0,-1
2023991328668,2023,991328668,7,1,0,18,19,6,2,0,0,0,1,0,0,0,0,1,5,6,1,48,8,-1,-1,-1,-1,8,-1,0,-1
2023101290422,2023,101290422,1,1,0,18,19,1,5,0,0,8,0,0,0,0,1,1,4,7,1,15,3,-1,-1,-1,-1,-1,-1,0,-1
2023010459899,2023,010459899,1,11,0,4,4,5,1,0,0,1,0,0,0,0,0,1,6,6,3,-1,-1,-1,-1,-1,-1,-1,-1,0,-1
2023010443369,2023,010443369,3,1,9,99,99,9,9,99,99,9,9,99,9,99,9,1,6,6,3,-1,-1,-1,-1,-1,-1,-1,-1,0,-1
2023010505574,2023,010505574,2,9,9,99,99,9,9,99,99,9,9,99,9,99,9,9,6,6,3,-1,-1,-1,-1,-1,-1,-1,-1,0,-1
2023421361062,2023,421361062,1,9,0,-1,-1,-1,-1,-1,-1,-1,-1,-1,-1,0,-1,1,6,6,2,-1,-1,-1,-1,-1,-1,6,E01029906,0,-1
2023201453267,2023,201453267,2,9,0,3,3,4,8,0,0,1,0,0,0,0,2,1,1,1,1,47,8,-1,-1,-1,-1,8,E01009555,0,-1
2023461266410,2023,461266410,1,9,0,18,19,1,5,0,0,0,1,0,0,0,1,1,6,6,1,42,7,-1,-1,-1,-1,6,E01024152,0,-1
2023340WN7002,2023,340WN7002,1,9,0,7,7,2,5,0,0,6,0,0,0,0,1,1,6,6,1,65,9,-1,-1,-1,-1,9,E01025805,0,-1
2023430233074,2023,430233074,2,9,0,7,7,7,1,0,0,4,0,0,0,0,1,1,6,6,2,-1,-1,-1,-1,-1,-1,6,E01016467,0,-1
2023070707662,2023,070707662,2,1,0,18,19,3,7,5,5,8,0,0,0,0,3,1,1,1,1,57,9,-1,-1,-1,-1,7,E01018499,0,-1
202363C028923,2023,63C028923,1,21,4,18,19,4,8,0,0,0,1,0,0,0,1,1,1,1,1,38,7,-1,-1,-1,-1,-1,-1,0,-1
2023201311405,2023,201311405,1,-1,0,18,19,7,3,0,0,8,0,0,0,0,1,1,6,6,1,18,4,-1,-1,-1,-1,1,E01009638,1,-1
2023522301174,2023,522301174,1,1,0,17,19,4,2,0,0,8,0,0,0,0,2,1,6,6,1,43,7,-1,-1,-1,-1,8,E01014511,0,-1
2023010453625,2023,010453625,2,1,9,99,99,9,9,99,99,9,9,99,9,99,9,1,6,6,1,-1,-1,-1,-1,-1,-1,-1,-1,0,-1
2023141259272,2023,141259272,1,9,0,18,19,7,3,0,0,1,0,0,0,0,1,1,6,6,3,-1,-1,-1,-1,-1,-1,-1,-1,0,-1
2023061321559,2023,061321559,1,19,0,18,19,7,3,0,0,0,0,0,0,0,4,1,6,6,3,30,6,-1,-1,-1,-1,-1,-1,0,-1
2023471291699,2023,471291699,2,1,0,18,19,5,2,0,0,8,0,0,0,0,1,1,6,6,1,-1,-1,-1,-1,-1,-1,-1,-1,0,-1
2023501327948,2023,501327948,1,9,0,18,19,1,5,0,0,8,0,0,0,0,4,1,6,6,3,-1,-1,-1,-1,-1,-1,-1,-1,0,-1
2023461293861,2023,461293861,1,9,0,16,19,-1,-1,0,0,0,1,0,0,0,3,1,6,6,3,-1,-1,-1,-1,-1,-1,-1,-1,0,-1
2023010472272,2023,010472272,1,9,9,99,99,9,9,99,99,9,9,99,9,99,1,9,6,6,3,-1,-1,-1,-1,-1,-1,-1,-1,0,-1
2023010480979,2023,010480979,1,1,9,99,99,9,9,99,99,9,9,99,9,99,9,1,6,6,1,42,7,-1,-1,-1,-1,2,E01001553,0,-1
2023421264307,2023,421264307,1,9,0,3,3,8,4,0,0,0,0,0,0,0,2,1,2,2,1,33,6,-1,-1,-1,-1,-1,-1,0,-1
2023010489869,2023,010489869,1,3,0,99,99,9,9,99,99,0,9,99,9,99,1,9,6,6,3,33,6,-1,-1,-1,-1,-1,-1,0,-1
2023531393600,2023,531393600,1,9,0,18,19,1,5,0,0,0,0,0,0,0,1,1,6,6,3,-1,-1,-1,-1,-1,-1,-1,-1,0,-1
2023141373375,2023,141373375,2,9,0,18,19,1,5,0,0,0,0,0,0,0,2,1,6,6,3,40,7,-1,-1,-1,-1,-1,-1,0,-1
2023531348095,2023,531348095,2,1,0,18,19,1,5,0,0,1,0,0,0,0,3,1,1,1,2,44,7,-1,-1,-1,-1,10,E01022105,0,-1
2023311389265,2023,311389265,2,1,0,18,19,5,2,0,0,4,0,0,0,0,4,1,5,6,1,56,9,-1,-1,-1,-1,9,E01028196,0,-1
2023421289615,2023,421289615,1,9,0,7,7,7,2,0,0,0,0,0,0,0,4,1,5,6,1,46,8,-1,-1,-1,-1,5,E01021575,0,-1
2023010457265,2023,010457265,1,1,5,15,15,5,1,0,0,1,0,0,0,0,0,1,6,6,3,22,5,-1,-1,-1,-1,-1,-1,0,-1
2023451383126,2023,451383126,2,98,0,12,12,7,3,0,0,0,0,0,0,0,3,2,1,1,1,28,6,-1,-1,-1,-1,-1,-1,0,-1
2023010448462,2023,010448462,1,1,9,99,99,9,9,99,99,9,9,99,9,99,1,1,2,2,1,49,8,-1,-1,-1,-1,10,E01000826,0,-1
2023131263989,2023,131263989,1,9,0,7,7,-1,-1,0,0,8,-1,-1,-1,-1,1,1,6,6,3,-1,-1,-1,-1,-1,-1,-1,-1,0,-1
2023991325039,2023,991325039,1,90,0,18,19,8,3,0,0,0,0,0,0,0,3,1,5,6,1,45,7,-1,-1,-1,-1,2,-1,0,-1
2023522301007,2023,522301007,2,9,0,1,1,1,5,0,0,0,0,0,0,0,2,1,6,6,1,-1,-1,-1,-1,-1,-1,-1,-1,0,-1
2023622300249,2023,622300249,1,1,0,18,19,8,4,0,0,0,0,0,0,0,0,1,6,6,1,20,4,-1,-1,-1,-1,2,W01001872,0,-1
2023010465551,2023,010465551,1,1,9,99,99,9,9,99,99,9,9,99,9,99,9,1,6,6,1,44,7,-1,-1,-1,-1,8,E01002837,0,-1
2023010463808,2023,010463808,2,9,0,99,99,9,9,99,99,9,9,99,9,99,9,9,6,6,3,-1,-1,-1,-1,-1,-1,-1,-1,0,-1
2023501344092,2023,501344092,2,21,4,9,9,1,6,0,0,6,5,0,1,0,3,1,1,1,1,24,5,-1,-1,-1,-1,3,E01018769,0,-1
2023010470263,2023,010470263,1,9,0,17,19,3,7,0,0,0,0,0,0,0,1,1,6,6,3,33,6,-1,-1,-1,-1,-1,-1,0,-1
2023010433778,2023,010433778,1,1,9,99,99,9,9,99,99,9,9,99,9,99,9,1,2,2,1,24,5,-1,-1,-1,-1,3,E01001440,0,-1
2023522301233,2023,522301233,1,-1,0,17,19,4,2,0,0,2,0,0,0,0,1,1,6,6,1,17,4,-1,-1,-1,-1,-1,-1,1,-1
2023201460345,2023,201460345,2,9,0,18,19,5,1,0,0,0,0,0,0,0,1,1,5,6,1,43,7,-1,-1,-1,-1,-1,-1,0,-1
2023122300431,2023,122300431,2,1,0,13,13,2,8,0,0,8,0,0,0,0,3,1,2,2,1,34,6,-1,-1,-1,-1,2,E01013448,0,-1
2023010455571,2023,010455571,1,9,0,18,19,5,1,0,0,8,0,0,0,0,3,1,6,6,3,-1,-1,-1,-1,-1,-1,-1,-1,0,-1
2023201408343,2023,201408343,2,1,0,5,5,2,6,0,0,6,0,0,0,0,1,1,6,6,1,9,2,-1,-1,-1,-1,1,E01009494,0,-1
2023201364220,2023,201364220,1,9,0,5,5,5,1,0,0,8,0,0,0,0,1,1,2,2,1,30,6,-1,-1,-1,-1,4,E01009205,0,-1
2023010462064,2023,010462064,2,1,0,18,19,7,3,0,0,0,0,0,0,0,3,1,6,6,1,43,7,-1,-1,-1,-1,4,E01000621,0,-1
2023101323357,2023,101323357,1,9,0,6,6,1,5,0,0,0,0,0,0,0,0,1,6,6,1,-1,-1,-1,-1,-1,-1,-1,-1,0,-1
2023351365961,2023,351365961,1,1,0,18,19,6,2,4,4,0,0,0,1,0,0,1,6,6,1,23,5,-1,-1,-1,-1,1,E01015642,0,-1
2023010453013,2023,010453013,2,1,0,18,19,7,3,0,0,8,0,0,0,0,1,1,6,6,1,7,2,-1,-1,-1,-1,2,E01001442,0,-1
2023471266146,2023,471266146,1,9,0,9,9,3,1,0,0,8,0,0,0,0,3,1,5,6,1,76,11,-1,-1,-1,-1,9,E01031532,0,-1
2023211361583,2023,211361583,2,9,0,16,19,6,1,0,0,2,0,0,0,0,1,1,5,6,2,53,8,-1,-1,-1,-1,1,E01014251,0,-1
2023010479706,2023,010479706,2,19,0,99,99,9,9,99,99,9,9,99,9,99,2,9,6,6,3,-1,-1,-1,-1,-1,-1,10,E01000423,0,-1
2023421312225,2023,421312225,1,9,0,18,19,5,1,0,0,0,0,0,7,9,1,1,6,6,1,36,7,-1,-1,-1,-1,6,E01021449,0,-1
2023041301225,2023,041301225,2,90,0,5,5,3,7,0,0,4,0,0,0,0,1,1,1,1,1,53,8,-1,-1,-1,-1,2,E01025290,0,-1
2023430076926,2023,430076926,1,5,0,13,13,7,3,0,0,1,1,0,0,0,1,1,6,6,1,46,8,-1,-1,-1,-1,6,E01028523,0,-1
2023631368130,2023,631368130,1,1,0,18,19,7,3,0,0,0,1,0,0,0,1,1,6,6,2,50,8,-1,-1,-1,-1,7,W01000735,0,-1
2023411324065,2023,411324065,2,1,0,18,19,-1,-1,9,9,0,0,0,0,0,1,1,6,6,1,45,7,-1,-1,-1,-1,8,E01002477,0,-1
2023131348667,2023,131348667,2,1,0,18,19,7,3,0,0,8,0,0,0,0,4,1,5,6,2,67,10,-1,-1,-1,-1,8,E01010596,0,-1
2023010453503,2023,010453503,2,1,0,18,19,3,7,0,0,8,0,0,0,0,0,1,6,6,2,54,8,-1,-1,-1,-1,3,E01001749,0,-1
2023311388788,2023,311388788,2,9,0,4,4,7,8,0,0,0,0,0,0,0,2,1,1,1,1,39,7,-1,-1,-1,-1,6,E01019654,0,-1
2023201410781,2023,201410781,2,19,0,18,19,5,1,0,0,0,0,0,0,0,2,1,6,6,1,-1,-1,-1,-1,-1,-1,1,E01009334,0,-1
2023010454368,2023,010454368,2,2,0,99,99,9,9,99,99,0,9,99,9,99,1,1,6,6,3,-1,-1,-1,-1,-1,-1,-1,-1,0,-1
2023010459759,2023,010459759,1,1,0,18,19,3,7,4,4,8,0,0,0,0,0,1,2,2,1,30,6,-1,-1,-1,-1,1,E01004311,0,-1
2023010470221,2023,010470221,2,1,0,18,19,1,5,0,0,1,0,0,0,0,4,1,2,2,1,50,8,-1,-1,-1,-1,5,E01001829,0,-1
2023610044323,2023,610044323,1,9,0,17,19,2,7,0,0,0,2,0,2,10,1,1,6,6,1,29,6,-1,-1,-1,-1,2,W01001210,0,-1
2023430301892,2023,430301892,2,9,0,18,19,5,1,0,0,1,0,0,0,0,1,1,6,6,1,47,8,-1,-1,-1,-1,8,E01023704,0,-1
2023061332126,2023,061332126,1,9,0,-1,-1,-1,-1,-1,-1,0,-1,-1,-1,0,1,1,6,6,3,-1,-1,-1,-1,-1,-1,-1,-1,0,-1
2023061368302,2023,061368302,2,1,0,18,19,1,5,4,4,8,0,0,0,0,1,1,1,1,1,27,6,-1,-1,-1,-1,-1,-1,0,-1
202360A015825,2023,60A015825,2,8,0,17,19,7,4,0,0,0,0,0,0,0,0,1,1,1,1,58,9,-1,-1,-1,-1,-1,-1,0,-1
2023122300566,2023,122300566,2,9,3,13,13,7,3,0,0,0,0,0,0,0,3,1,6,6,1,53,8,-1,-1,-1,-1,7,E01027743,0,-1
2023430080449,2023,430080449,1,1,0,18,19,4,8,5,5,1,0,0,0,0,1,1,6,6,2,41,7,-1,-1,-1,-1,8,E01016281,0,-1
2023522301144,2023,522301144,2,9,0,13,13,2,6,0,0,0,0,0,0,0,4,1,6,6,1,-1,-1,-1,-1,-1,-1,-1,-1,0,-1
2023201287288,2023,201287288,2,97,0,18,19,4,8,0,0,8,0,0,0,0,1,1,6,6,1,23,5,-1,-1,-1,-1,2,E01010521,0,-1
2023052300070,2023,052300070,1,9,0,18,19,7,3,0,0,0,0,0,0,0,1,1,6,6,3,-1,-1,-1,-1,-1,-1,-1,-1,0,-1
2023522400981,2023,522400981,1,1,0,18,19,5,1,9,9,0,0,0,0,0,1,1,6,6,1,-1,-1,-1,-1,-1,-1,-1,-1,0,-1
2023430031531,2023,430031531,2,1,0,10,10,2,8,0,0,1,0,0,0,0,2,1,6,6,1,17,4,-1,-1,-1,-1,10,E01017799,0,-1
2023010424126,2023,010424126,1,9,0,18,19,8,4,0,0,6,1,0,0,0,1,2,6,6,3,-1,-1,-1,-1,-1,-1,-1,-1,0,-1
2023430517017,2023,430517017,1,19,0,1,1,5,1,0,0,0,0,0,0,0,2,1,1,1,1,-1,-1,-1,-1,-1,-1,-1,-1,0,-1
2023010447809,2023,010447809,2,9,0,5,5,3,7,0,0,1,0,0,0,0,1,1,6,6,2,37,7,-1,-1,-1,-1,4,E01001512,0,-1
2023010448079,2023,010448079,2,1,0,9,9,6,3,0,0,1,0,0,0,0,3,1,6,6,1,14,3,-1,-1,-1,-1,5,E01002629,0,-1
2023061341945,2023,061341945,1,9,0,18,19,3,7,0,0,0,0,0,0,0,1,1,6,6,3,-1,-1,-1,-1,-1,-1,-1,-1,0,-1
2023411288444,2023,411288444,1,-1,0,18,19,-1,-1,0,0,4,0,0,0,0,0,1,6,6,3,-1,-1,-1,-1,-1,-1,-1,-1,0,-1
2023061371185,2023,061371185,2,9,0,18,19,8,4,0,0,8,0,0,0,0,1,1,6,6,3,30,6,-1,-1,-1,-1,-1,-1,0,-1
2023501313632,2023,501313632,1,9,0,5,5,3,1,0,0,6,0,0,0,0,3,1,6,6,2,23,5,-1,-1,-1,-1,5,E01019039,0,-1
2023430024048,2023,430024048,1,9,0,4,4,6,2,0,0,0,0,0,0,0,1,1,6,6,1,30,6,-1,-1,-1,-1,3,E01017711,0,-1
2023052301967,2023,052301967,2,1,0,18,19,7,3,0,0,8,0,0,0,0,1,1,6,6,1,39,7,-1,-1,-1,-1,3,E01033754,0,-1
2023052301926,2023,052301926,1,9,0,18,19,6,2,0,0,1,0,0,0,0,1,1,6,6,1,31,6,-1,-1,-1,-1,2,E01007125,0,-1
2023131297206,2023,131297206,1,9,0,-1,-1,-1,-1,-1,-1,8,-1,-1,-1,0,-1,1,6,6,3,-1,-1,-1,-1,-1,-1,-1,-1,0,-1
2023421358872,2023,421358872,2,1,0,18,19,4,8,0,0,3,0,0,0,0,4,1,6,6,1,54,8,-1,-1,-1,-1,6,E01021562,0,-1
2023440089663,2023,440089663,2,1,0,16,19,2,6,0,0,8,0,0,0,0,1,1,6,6,2,69,10,-1,-1,-1,-1,6,E01023155,0,-1
2023041263623,2023,041263623,1,9,0,17,19,3,7,0,0,0,5,0,7,0,1,1,5,6,1,18,4,-1,-1,-1,-1,2,E01024881,0,-1
2023430142487,2023,430142487,2,9,0,9,9,2,8,0,0,6,0,0,0,0,1,1,6,6,2,-1,-1,-1,-1,-1,-1,-1,-1,0,-1
2023010466120,2023,010466120,2,1,0,18,19,4,8,0,0,3,0,0,0,0,1,1,6,6,2,25,5,-1,-1,-1,-1,6,E01002141,0,-1
2023131363983,2023,131363983,2,1,0,18,19,8,4,4,4,8,5,0,0,0,1,1,2,2,1,22,5,-1,-1,-1,-1,3,E01011532,0,-1
2023010477455,2023,010477455,2,1,0,18,19,4,8,4,4,1,0,0,0,0,0,1,6,6,1,35,6,-1,-1,-1,-1,4,E01000746,0,-1
2023010479481,2023,010479481,1,9,0,18,19,2,6,0,0,0,5,0,0,0,1,1,3,7,2,35,6,-1,-1,-1,-1,2,E01000152,0,-1
2023052300189,2023,052300189,2,1,0,18,19,5,1,0,0,1,0,0,0,0,1,1,6,6,1,22,5,-1,-1,-1,-1,5,E01006781,0,-1
2023010420739,2023,010420739,1,9,0,6,6,5,5,0,0,8,0,0,0,0,0,1,6,6,3,56,9,-1,-1,-1,-1,8,E01000679,0,-1
2023010466194,2023,010466194,1,1,9,99,99,9,9,99,99,9,9,99,9,99,1,1,2,2,1,27,6,-1,-1,-1,-1,4,E01000864,0,-1
2023991278501,2023,991278501,1,-1,0,9,9,8,5,0,0,5,0,0,0,0,4,1,6,6,1,35,6,-1,-1,-1,-1,-1,-1,0,-1
2023440503185,2023,440503185,2,9,0,18,19,2,6,0,0,0,0,0,0,0,1,1,6,6,1,-1,-1,-1,-1,-1,-1,-1,-1,0,-1
2023302301023,2023,302301023,2,1,0,18,19,3,7,0,0,8,0,0,0,0,2,1,2,2,1,50,8,-1,-1,-1,-1,1,E01013475,0,-1
2023201323131,2023,201323131,2,1,0,18,19,1,5,0,0,8,0,0,0,0,1,1,1,1,2,29,6,-1,-1,-1,-1,1,E01008932,0,-1
2023361344757,2023,361344757,2,1,0,18,19,-1,-1,0,0,1,2,0,0,0,1,1,6,6,1,-1,-1,-1,-1,-1,-1,2,E01026805,0,-1
2023101354310,2023,101354310,2,1,0,18,19,2,6,0,0,6,0,0,0,0,1,1,6,6,1,20,4,-1,-1,-1,-1,5,E01008293,0,-1
2023361260030,2023,361260030,2,1,0,18,19,2,6,0,0,1,0,0,0,0,1,1,6,6,1,56,9,-1,-1,-1,-1,1,E01026595,0,-1
2023461347826,2023,461347826,2,1,0,5,5,7,3,0,0,1,0,0,0,0,1,1,6,6,1,9,2,-1,-1,-1,-1,1,E01024504,0,-1
2023461285074,2023,461285074,1,9,0,5,5,1,3,0,0,3,0,0,0,0,1,1,6,6,3,-1,-1,-1,-1,-1,-1,-1,-1,0,-1
2023101379558,2023,101379558,1,9,0,18,19,5,1,0,0,1,0,0,0,0,1,1,6,6,3,-1,-1,-1,-1,-1,-1,-1,-1,0,-1
2023430111094,2023,430111094,1,9,0,7,7,2,4,0,0,6,0,0,0,0,1,1,6,6,3,-1,-1,-1,-1,-1,-1,-1,-1,0,-1
2023122400162,2023,122400162,2,1,0,18,19,8,4,0,0,8,0,0,0,0,1,1,2,2,2,37,7,-1,-1,-1,-1,9,E01013431,0,-1
2023461310473,2023,461310473,2,9,0,4,4,6,2,0,0,1,0,0,0,0,2,1,5,6,1,45,7,-1,-1,-1,-1,5,E01023992,0,-1
2023161326851,2023,161326851,1,1,0,18,19,7,3,0,0,0,0,0,0,0,-1,1,5,6,1,32,6,-1,-1,-1,-1,3,E01012866,0,-1
2023131339926,2023,131339926,1,97,0,18,19,5,1,0,0,1,0,0,0,0,1,1,6,6,3,-1,-1,-1,-1,-1,-1,-1,-1,0,-1
2023010438917,2023,010438917,3,9,0,5,5,5,1,0,0,4,0,0,0,0,0,1,6,6,3,22,5,-1,-1,-1,-1,-1,-1,0,-1
2023010477830,2023,010477830,2,90,0,18,19,2,6,0,0,1,0,0,0,0,1,1,6,6,3,-1,-1,-1,-1,-1,-1,-1,-1,0,-1
2023052301906,2023,052301906,1,9,0,18,19,5,1,0,0,0,0,0,0,0,3,1,6,6,2,-1,-1,-1,-1,-1,-1,-1,-1,0,-1
2023131293732,2023,131293732,1,1,0,18,19,1,5,0,0,1,0,0,0,0,1,1,5,6,1,28,6,-1,-1,-1,-1,1,E01011659,0,-1
2023010440016,2023,010440016,1,11,9,99,99,9,9,99,99,9,9,99,9,99,9,9,6,6,3,-1,-1,-1,-1,-1,-1,-1,-1,0,-1
2023010479859,2023,010479859,2,9,0,99,99,9,9,99,99,9,9,99,9,99,9,9,6,6,3,-1,-1,-1,-1,-1,-1,-1,-1,0,-1
2023622300556,2023,622300556,2,1,0,18,19,4,8,0,0,0,0,0,0,0,1,1,2,2,1,62,9,-1,-1,-1,-1,1,W01001022,0,-1
2023471286241,2023,471286241,2,1,0,18,19,4,8,0,0,0,5,0,0,0,3,1,6,6,1,16,4,-1,-1,-1,-1,2,E01020990,0,-1
2023010472104,2023,010472104,1,9,9,99,99,9,9,99,99,0,9,99,9,99,9,9,6,6,2,-1,-1,-1,-1,-1,-1,-1,-1,0,-1
2023531317637,2023,531317637,2,1,0,18,19,1,1,0,0,0,0,0,0,0,4,1,2,2,1,52,8,-1,-1,-1,-1,8,E01022163,0,-1
2023201418517,2023,201418517,3,19,0,18,19,6,2,0,0,0,0,0,0,0,3,1,6,6,1,38,7,-1,-1,-1,-1,9,E01019850,0,-1
2023010454522,2023,010454522,1,1,9,99,99,9,9,99,99,9,9,99,9,99,1,1,2,2,1,41,7,-1,-1,-1,-1,5,E01000664,0,-1
2023411302836,2023,411302836,1,9,0,18,19,-1,-1,0,0,0,0,0,0,0,1,1,6,6,3,-1,-1,-1,-1,-1,-1,-1,-1,0,-1
2023451306557,2023,451306557,1,9,0,18,19,3,7,0,0,0,0,0,0,0,3,1,6,6,1,50,8,-1,-1,-1,-1,5,E01030787,0,-1
2023201415450,2023,201415450,1,9,0,9,9,1,7,0,0,8,0,0,0,0,1,1,6,6,2,42,7,-1,-1,-1,-1,1,E01010368,0,-1
2023522400899,2023,522400899,2,9,0,1,1,5,1,0,0,0,0,0,0,0,2,1,6,6,1,-1,-1,-1,-1,-1,-1,-1,-1,0,-1
2023340NN1032,2023,340NN1032,2,19,0,18,19,5,1,0,0,8,0,0,0,0,3,1,6,6,1,29,6,-1,-1,-1,-1,8,E01027162,0,-1
2023552301412,2023,552301412,2,1,0,18,19,6,2,0,0,8,0,0,0,0,4,1,6,6,1,58,9,-1,-1,-1,-1,7,E01020436,0,-1
2023430192756,2023,430192756,2,1,0,15,15,4,8,4,4,8,0,0,0,0,1,1,6,6,1,-1,-1,-1,-1,-1,-1,5,E01016405,0,-1
2023430093749,2023,430093749,5,9,0,18,19,3,7,0,0,0,0,0,0,0,0,1,1,1,3,-1,-1,-1,-1,-1,-1,-1,-1,0,-1
2023010457846,2023,010457846,2,9,0,99,99,9,9,99,99,9,9,99,9,99,1,9,6,6,3,-1,-1,-1,-1,-1,-1,-1,-1,0,-1
2023010446778,2023,010446778,1,1,0,18,19,3,7,0,0,0,5,0,0,0,1,1,6,6,1,32,6,-1,-1,-1,-1,2,E01004669,0,-1
2023201413432,2023,201413432,2,1,0,18,19,8,4,0,0,8,5,0,0,0,1,1,6,6,1,48,8,-1,-1,-1,-1,5,E01009556,0,-1
2023052302725,2023,052302725,1,1,0,18,19,3,7,0,0,0,0,0,0,0,1,1,6,6,1,13,3,-1,-1,-1,-1,1,E01006443,0,-1
2023131277940,2023,131277940,1,1,0,18,19,7,3,0,0,8,0,0,0,0,3,1,6,6,1,44,7,-1,-1,-1,-1,1,E01011917,0,-1
2023430338303,2023,430338303,3,9,0,18,19,1,5,0,0,0,0,0,0,0,0,1,6,6,3,-1,-1,-1,-1,-1,-1,-1,-1,0,-1
2023010471441,2023,010471441,1,8,0,5,5,3,7,0,0,0,0,0,0,0,3,1,6,6,3,-1,-1,-1,-1,-1,-1,-1,-1,0,-1
2023010445207,2023,010445207,2,-1,0,18,19,5,1,0,0,1,0,0,0,0,1,1,6,6,1,49,8,-1,-1,-1,-1,3,E01001887,1,-1
2023010438924,2023,010438924,1,9,0,99,99,9,9,99,99,9,9,99,9,99,1,9,6,6,3,-1,-1,-1,-1,-1,-1,-1,-1,0,-1
2023311314604,2023,311314604,2,1,0,18,19,2,6,9,9,0,0,0,0,0,1,1,6,6,2,33,6,-1,-1,-1,-1,-1,-1,0,-1
2023010482315,2023,010482315,2,9,9,99,99,9,9,99,99,0,9,99,9,99,9,9,6,6,3,-1,-1,-1,-1,-1,-1,-1,-1,0,-1
2023430214771,2023,430214771,2,9,0,18,19,1,5,0,0,4,0,0,0,0,4,1,6,6,3,-1,-1,-1,-1,-1,-1,-1,-1,0,-1
2023552300193,2023,552300193,1,20,5,18,19,3,7,0,0,0,0,0,0,0,1,2,1,1,1,32,6,-1,-1,-1,-1,-1,-1,0,-1
2023430403893,2023,430403893,2,1,0,9,9,6,3,0,0,8,0,7,0,0,1,1,2,2,1,47,8,-1,-1,-1,-1,10,E01016364,0,-1
2023991271488,2023,991271488,2,9,0,3,3,5,1,0,0,0,0,0,0,0,2,1,1,1,1,29,6,-1,-1,-1,-1,1,-1,0,-1
2023010439689,2023,010439689,1,1,9,99,99,9,9,99,99,9,9,99,9,99,9,1,2,2,1,38,7,-1,-1,-1,-1,5,E01000738,0,-1
2023440266995,2023,440266995,2,-1,0,18,19,7,3,0,0,8,0,0,0,0,3,1,6,6,1,46,8,-1,-1,-1,-1,7,E01022634,1,-1
2023610040323,2023,610040323,2,1,0,18,19,1,5,0,0,8,0,0,0,0,1,1,6,6,1,53,8,-1,-1,-1,-1,5,W01001367,0,-1
2023010423169,2023,010423169,1,9,0,99,99,9,9,0,0,1,0,0,0,0,9,9,6,6,3,-1,-1,-1,-1,-1,-1,-1,-1,0,-1
2023520301559,2023,520301559,1,9,0,18,19,2,6,0,0,0,0,0,0,0,4,1,6,6,3,-1,-1,-1,-1,-1,-1,-1,-1,0,-1
2023041320896,2023,041320896,2,1,0,18,19,1,5,0,0,0,0,0,0,0,1,1,6,6,1,45,7,-1,-1,-1,-1,2,E01025529,0,-1
2023221348079,2023,221348079,2,1,0,18,19,5,1,0,0,8,0,0,0,0,1,1,5,6,1,59,9,-1,-1,-1,-1,8,E01015068,0,-1
2023201387698,2023,201387698,2,-1,0,14,14,5,2,0,0,0,0,0,0,0,1,1,5,6,1,49,8,-1,-1,-1,-1,2,E01009515,1,-1
2023010458430,2023,010458430,1,8,0,99,99,9,9,99,99,9,9,99,9,99,9,1,6,6,3,-1,-1,-1,-1,-1,-1,-1,-1,0,-1
2023522400130,2023,522400130,2,-1,0,5,5,6,2,0,0,8,0,0,0,0,1,1,6,6,2,54,8,-1,-1,-1,-1,1,E01033358,1,-1
2023010433578,2023,010433578,1,9,0,99,99,9,9,99,99,9,9,99,9,99,1,9,6,6,3,-1,-1,-1,-1,-1,-1,-1,-1,0,-1
2023201346739,2023,201346739,2,1,0,18,19,-1,-1,0,0,0,0,0,0,0,2,1,5,6,1,14,3,-1,-1,-1,-1,1,E01009182,0,-1