collision_index,collision_year,collision_ref_no,vehicle_reference,vehicle_type,towing_and_articulation,vehicle_manoeuvre_historic,vehicle_manoeuvre,vehicle_direction_from,vehicle_direction_to,vehicle_location_restricted_lane_historic,vehicle_location_restricted_lane,junction_location,skidding_and_overturning,hit_object_in_carriageway,vehicle_leaving_carriageway,hit_object_off_carriageway,first_point_of_impact,vehicle_left_hand_drive,journey_purpose_of_driver_historic,journey_purpose_of_driver,sex_of_driver,age_of_driver,age_band_of_driver,engine_capacity_cc,propulsion_code,age_of_vehicle,generic_make_model,driver_imd_decile,lsoa_of_driver,escooter_flag,driver_distance_banding
2023430342477,2023,430342477,2,9,0,16,19,8,3,0,0,0,0,0,0,0,3,1,6,6,3,-1,-1,-1,-1,-1,-1,-1,-1,0,-1
2023401314986,2023,401314986,2,1,0,18,19,8,4,0,0,8,0,0,0,0,4,1,1,1,1,23,5,-1,-1,-1,-1,7,E01017510,0,-1
2023201403274,2023,201403274,1,9,0,18,19,1,5,0,0,1,0,0,0,0,1,1,6,6,1,-1,-1,-1,-1,-1,-1,7,E01029846,0,-1
2023010463013,2023,010463013,1,1,9,99,99,9,9,99,99,9,9,99,9,99,1,1,2,2,1,37,7,-1,-1,-1,-1,3,E01000872,0,-1
2023401326615,2023,401326615,1,19,0,18,19,8,4,0,0,0,0,0,0,0,1,1,6,6,3,-1,-1,-1,-1,-1,-1,-1,-1,0,-1
2023361388596,2023,361388596,2,1,0,18,19,-1,-1,0,0,1,0,0,0,0,4,1,6,6,2,-1,-1,-1,-1,-1,-1,6,E01026553,0,-1
2023430412408,2023,430412408,1,9,0,18,19,8,4,0,0,0,0,0,0,0,4,1,6,6,1,-1,-1,-1,-1,-1,-1,-1,-1,0,-1
2023010476896,2023,010476896,1,9,9,99,99,9,9,99,99,9,9,99,9,99,9,2,6,6,3,-1,-1,-1,-1,-1,-1,-1,-1,0,-1
2023010457852,2023,010457852,2,9,0,99,99,9,9,99,99,9,9,99,9,99,2,9,6,6,3,-1,-1,-1,-1,-1,-1,-1,-1,0,-1
2023010431213,2023,010431213,2,1,0,18,19,3,7,0,0,8,0,0,0,0,1,1,4,7,1,14,3,-1,-1,-1,-1,3,E01002587,0,-1
2023010471381,2023,010471381,1,9,0,18,19,2,6,0,0,2,0,0,0,0,1,1,6,6,1,33,6,-1,-1,-1,-1,-1,-1,0,-1
2023101354308,2023,101354308,1,9,0,18,19,2,6,0,0,8,0,0,0,0,1,1,6,6,3,-1,-1,-1,-1,-1,-1,-1,-1,0,-1
2023010469883,2023,010469883,1,1,9,99,99,9,9,99,99,9,9,99,9,99,9,1,6,6,1,-1,-1,-1,-1,-1,-1,-1,-1,0,-1
2023010447773,2023,010447773,2,9,0,99,99,9,9,99,99,9,9,99,9,99,2,9,6,6,3,-1,-1,-1,-1,-1,-1,-1,-1,0,-1
2023361317756,2023,361317756,1,1,0,5,5,4,8,0,0,0,0,0,0,0,3,1,6,6,1,45,7,-1,-1,-1,-1,4,E01026706,0,-1
2023340NN3152,2023,340NN3152,2,9,0,18,19,2,6,0,0,0,1,0,8,7,3,1,6,6,2,74,10,-1,-1,-1,-1,1,E01027127,0,-1
2023010425783,2023,010425783,2,19,0,7,7,5,8,0,0,1,0,0,0,0,0,1,6,6,3,-1,-1,-1,-1,-1,-1,-1,-1,0,-1
2023161349055,2023,161349055,1,1,0,18,19,2,6,0,0,0,0,0,0,0,1,1,6,6,1,60,9,-1,-1,-1,-1,8,E01012813,0,-1
2023010467593,2023,010467593,1,1,9,99,99,9,9,99,99,9,9,99,9,99,9,1,2,2,1,42,7,-1,-1,-1,-1,5,E01000636,0,-1
2023430208570,2023,430208570,2,1,0,18,19,7,3,0,0,1,0,0,0,0,1,1,6,6,2,12,3,-1,-1,-1,-1,-1,-1,0,-1
2023061299188,2023,061299188,1,9,0,-1,-1,-1,-1,-1,-1,-1,-1,-1,-1,0,-1,1,6,6,3,-1,-1,-1,-1,-1,-1,-1,-1,0,-1
2023010471339,2023,010471339,2,1,0,5,5,3,7,0,0,1,0,0,0,0,3,1,1,1,1,29,6,-1,-1,-1,-1,2,E01004308,0,-1
2023010420159,2023,010420159,2,1,0,18,19,5,1,2,2,6,0,0,0,0,3,1,2,2,2,34,6,-1,-1,-1,-1,5,E01004050,0,-1
2023010422538,2023,010422538,1,1,9,99,99,9,9,99,99,9,9,99,9,99,9,1,6,6,1,20,4,-1,-1,-1,-1,5,E01000264,0,-1
2023111340162,2023,111340162,2,9,0,5,5,8,5,0,0,4,0,0,0,0,1,1,6,6,1,26,6,-1,-1,-1,-1,4,E01020876,0,-1
2023141387220,2023,141387220,2,9,0,6,6,6,5,0,0,0,0,0,0,0,0,1,6,6,3,-1,-1,-1,-1,-1,-1,-1,-1,0,-1
2023471305431,2023,471305431,1,9,0,18,19,3,7,0,0,0,0,0,0,0,4,1,6,6,3,-1,-1,-1,-1,-1,-1,-1,-1,0,-1
2023201413732,2023,201413732,1,1,0,12,12,2,6,0,0,2,0,4,0,0,1,1,6,6,3,17,4,-1,-1,-1,-1,3,E01009239,0,-1
2023010472141,2023,010472141,1,9,9,99,99,9,9,99,99,9,9,99,9,99,9,2,6,6,3,-1,-1,-1,-1,-1,-1,-1,-1,0,-1
2023421356268,2023,421356268,1,1,0,18,19,7,3,0,0,1,0,0,0,0,1,1,6,6,1,14,3,-1,-1,-1,-1,-1,-1,0,-1
2023340WN4022,2023,340WN4022,2,2,0,18,19,7,3,0,0,0,0,0,0,0,4,1,6,6,3,-1,-1,-1,-1,-1,-1,-1,-1,0,-1
2023471353591,2023,471353591,1,9,0,9,9,3,1,0,0,2,0,0,0,0,4,1,6,6,2,-1,-1,-1,-1,-1,-1,-1,-1,0,-1
2023010452821,2023,010452821,1,1,9,99,99,9,9,99,99,9,9,99,9,99,9,1,6,6,3,42,7,-1,-1,-1,-1,2,E01033327,0,-1
202360A061818,2023,60A061818,1,9,0,18,19,1,2,0,0,0,0,0,0,0,1,1,6,6,1,75,10,-1,-1,-1,-1,-1,-1,0,-1
2023010441667,2023,010441667,2,1,0,7,7,1,4,1,1,8,0,0,0,0,1,1,6,6,2,32,6,-1,-1,-1,-1,3,E01002738,0,-1
2023522400783,2023,522400783,2,1,0,18,19,6,2,0,0,0,0,0,0,0,1,1,6,6,1,24,5,-1,-1,-1,-1,3,E01014540,0,-1
2023371353649,2023,371353649,2,9,0,18,19,4,8,0,0,0,0,0,0,0,2,1,2,2,1,21,5,-1,-1,-1,-1,8,E01030237,0,-1
2023052301116,2023,052301116,2,4,0,18,19,3,4,0,0,8,0,0,0,0,2,1,6,6,1,17,4,-1,-1,-1,-1,1,E01007123,0,-1
2023061332985,2023,061332985,1,9,0,18,19,7,3,0,0,0,0,0,0,0,4,1,6,6,3,-1,-1,-1,-1,-1,-1,-1,-1,0,-1
2023010440195,2023,010440195,1,1,9,99,99,9,9,99,99,9,9,99,9,99,9,1,6,6,3,33,6,-1,-1,-1,-1,7,E01004508,0,-1
2023522301136,2023,522301136,1,9,0,18,19,7,3,0,0,8,0,0,0,0,4,1,6,6,1,-1,-1,-1,-1,-1,-1,-1,-1,0,-1
2023991378407,2023,991378407,1,9,0,18,19,7,3,0,0,2,0,0,0,0,1,1,6,6,3,18,4,-1,-1,-1,-1,-1,-1,0,-1
2023010446765,2023,010446765,4,9,0,18,19,8,4,0,0,1,0,0,0,0,0,1,6,6,1,40,7,-1,-1,-1,-1,1,E01001410,0,-1
2023161332648,2023,161332648,1,1,0,18,19,3,7,0,0,8,0,0,0,0,4,1,5,6,1,11,3,-1,-1,-1,-1,5,E01033414,0,-1
2023361307862,2023,361307862,2,1,0,18,19,5,1,0,0,8,0,0,0,0,1,1,6,6,2,54,8,-1,-1,-1,-1,7,E01026837,0,-1
2023010458180,2023,010458180,1,9,0,99,99,9,9,99,99,9,9,99,9,99,9,9,1,1,1,29,6,-1,-1,-1,-1,3,E01001504,0,-1
2023010420473,2023,010420473,1,9,0,7,7,1,2,0,0,6,0,0,0,0,4,1,6,6,3,-1,-1,-1,-1,-1,-1,-1,-1,0,-1
2023010438679,2023,010438679,2,1,0,18,19,5,1,0,0,1,5,4,0,0,1,1,6,6,1,16,4,-1,-1,-1,-1,1,E01001958,0,-1
2023451301106,2023,451301106,1,1,0,17,19,1,1,0,0,0,0,0,0,0,4,1,2,2,1,33,6,-1,-1,-1,-1,6,E01030678,0,-1
2023010447510,2023,010447510,1,1,9,99,99,9,9,99,99,9,9,99,9,99,1,1,6,6,1,62,9,-1,-1,-1,-1,9,E01004625,0,-1
2023501363162,2023,501363162,1,9,0,13,13,7,3,0,0,0,0,0,0,0,1,1,6,6,1,49,8,-1,-1,-1,-1,-1,-1,0,-1
2023421286613,2023,421286613,1,9,0,9,9,4,2,0,0,1,0,0,0,0,1,1,6,6,2,-1,-1,-1,-1,-1,-1,-1,-1,0,-1
2023010443261,2023,010443261,1,9,0,99,99,9,9,0,0,0,0,0,0,0,1,9,6,6,3,-1,-1,-1,-1,-1,-1,-1,-1,0,-1
2023421325880,2023,421325880,2,9,0,18,19,7,3,0,0,1,0,0,0,0,-1,1,6,6,3,-1,-1,-1,-1,-1,-1,-1,-1,0,-1
2023070928746,2023,070928746,1,9,0,18,19,8,5,0,0,1,0,0,0,0,4,1,6,6,3,-1,-1,-1,-1,-1,-1,-1,-1,0,-1
2023122400099,2023,122400099,2,1,0,18,19,7,3,0,0,8,0,0,0,0,4,1,4,7,2,13,3,-1,-1,-1,-1,3,E01027651,0,-1
2023201339348,2023,201339348,1,-1,0,18,19,-1,-1,9,9,0,0,0,0,0,1,1,6,6,1,-1,-1,-1,-1,-1,-1,-1,-1,1,-1
2023010484123,2023,010484123,1,9,9,99,99,9,9,99,99,9,9,99,9,99,9,9,6,6,3,-1,-1,-1,-1,-1,-1,-1,-1,0,-1
2023010467253,2023,010467253,2,19,0,99,99,9,9,99,99,0,9,99,9,99,9,9,6,6,3,-1,-1,-1,-1,-1,-1,-1,-1,0,-1
2023332300779,2023,332300779,2,19,0,18,19,7,3,0,0,0,0,0,0,0,3,1,6,6,3,-1,-1,-1,-1,-1,-1,-1,-1,0,-1
2023141260116,2023,141260116,1,9,0,18,19,1,5,0,0,1,0,0,0,0,3,1,6,6,3,-1,-1,-1,-1,-1,-1,-1,-1,0,-1
2023131390309,2023,131390309,1,9,0,-1,-1,-1,-1,-1,-1,0,-1,-1,-1,-1,-1,1,6,6,3,-1,-1,-1,-1,-1,-1,-1,-1,0,-1
2023311308118,2023,311308118,1,9,0,18,19,1,5,0,0,2,0,0,0,0,1,1,6,6,1,40,7,-1,-1,-1,-1,-1,-1,0,-1
2023010484328,2023,010484328,2,1,0,18,19,3,7,0,0,1,0,0,0,0,2,1,1,1,1,24,5,-1,-1,-1,-1,2,E01004062,0,-1
2023111395182,2023,111395182,2,9,0,18,19,2,6,0,0,6,1,0,0,0,3,1,6,6,2,52,8,-1,-1,-1,-1,1,E01033483,0,-1
2023440381742,2023,440381742,1,1,0,18,19,6,2,0,0,0,0,0,0,0,1,1,6,6,1,4,1,-1,-1,-1,-1,4,E01017234,0,-1
2023451289397,2023,451289397,2,9,0,5,5,2,2,5,5,0,0,0,0,0,3,1,6,6,2,30,6,-1,-1,-1,-1,-1,-1,0,-1
2023430359787,2023,430359787,2,1,0,18,19,2,6,0,0,0,0,0,0,0,3,1,6,6,1,64,9,-1,-1,-1,-1,4,E01017904,0,-1
202354B377823,2023,54B377823,1,1,0,18,19,4,6,0,0,8,0,0,0,0,4,1,6,6,1,89,11,-1,-1,-1,-1,6,E01031971,0,-1
2023501343553,2023,501343553,1,1,0,18,19,5,1,0,0,1,5,0,0,0,1,1,5,6,1,11,3,-1,-1,-1,-1,4,E01015247,0,-1
2023010482240,2023,010482240,2,9,0,7,7,2,5,0,0,2,0,0,0,0,1,1,6,6,3,-1,-1,-1,-1,-1,-1,-1,-1,0,-1
2023211441364,2023,211441364,2,9,0,18,19,2,6,0,0,1,0,0,0,0,1,1,6,6,2,35,6,-1,-1,-1,-1,-1,-1,0,-1
2023451265868,2023,451265868,1,1,0,18,19,7,3,9,9,0,0,0,0,0,1,1,3,7,1,47,8,-1,-1,-1,-1,8,E01030884,0,-1
2023131381981,2023,131381981,1,9,0,18,19,2,6,0,0,8,0,0,0,0,1,1,6,6,3,-1,-1,-1,-1,-1,-1,-1,-1,0,-1
2023401316823,2023,401316823,1,9,0,7,7,-1,-1,0,0,1,0,0,0,0,1,1,6,6,3,-1,-1,-1,-1,-1,-1,-1,-1,0,-1
2023440212037,2023,440212037,2,21,1,18,19,6,2,0,0,0,0,0,0,0,2,1,1,1,1,59,9,-1,-1,-1,-1,-1,-1,0,-1
2023141351402,2023,141351402,2,1,0,18,19,6,2,0,0,0,5,0,0,0,0,1,6,6,1,16,4,-1,-1,-1,-1,2,E01007733,0,-1
2023161322655,2023,161322655,1,1,0,16,19,3,7,4,4,1,0,0,0,0,1,1,6,6,2,25,5,-1,-1,-1,-1,-1,-1,0,-1
2023010426282,2023,010426282,1,1,9,99,99,9,9,99,99,9,9,99,9,99,0,1,2,2,1,32,6,-1,-1,-1,-1,5,E01003083,0,-1
2023010450375,2023,010450375,1,1,0,18,19,3,7,0,0,2,0,0,0,0,1,1,1,1,1,44,7,-1,-1,-1,-1,4,E01004572,0,-1
2023332300882,2023,332300882,2,10,0,18,19,4,8,0,0,0,0,0,1,1,1,1,6,6,1,45,7,-1,-1,-1,-1,9,E01027018,0,-1
2023052301254,2023,052301254,2,9,0,5,5,7,1,0,0,0,0,0,0,0,1,1,6,6,2,51,8,-1,-1,-1,-1,1,E01007052,0,-1
2023170M11693,2023,170M11693,1,8,0,5,5,0,5,0,0,0,0,0,0,0,0,1,1,1,1,-1,-1,-1,-1,-1,-1,-1,-1,0,-1
2023471264905,2023,471264905,2,1,0,18,19,8,5,0,0,8,0,0,0,0,4,1,6,6,1,56,9,-1,-1,-1,-1,6,E01031468,0,-1
2023340NN2252,2023,340NN2252,2,9,0,18,19,6,2,0,0,1,0,0,0,0,1,1,4,7,1,18,4,-1,-1,-1,-1,6,E01027085,0,-1
2023010470236,2023,010470236,2,1,9,99,99,9,9,99,99,0,9,99,9,99,9,1,6,6,1,-1,-1,-1,-1,-1,-1,-1,-1,0,-1
2023411330652,2023,411330652,2,-1,0,18,19,-1,-1,0,0,0,0,0,0,0,1,1,6,6,3,-1,-1,-1,-1,-1,-1,-1,-1,1,-1
2023010475244,2023,010475244,1,1,9,99,99,9,9,99,99,9,9,99,9,99,9,1,2,2,1,46,8,-1,-1,-1,-1,3,E01001109,0,-1
2023010446987,2023,010446987,1,1,9,99,99,9,9,99,99,9,9,99,9,99,1,1,6,6,1,24,5,-1,-1,-1,-1,4,E01003784,0,-1
2023201368224,2023,201368224,1,9,0,18,19,2,6,0,0,1,0,0,0,0,1,1,1,1,1,52,8,-1,-1,-1,-1,2,E01010428,0,-1
2023221378005,2023,221378005,1,9,0,5,5,5,1,0,0,0,0,0,0,0,1,1,6,6,1,42,7,-1,-1,-1,-1,-1,-1,0,-1
2023411289545,2023,411289545,1,9,0,18,19,1,5,0,0,0,0,0,0,0,1,1,6,6,2,-1,-1,-1,-1,-1,-1,-1,-1,0,-1
2023052301050,2023,052301050,1,8,0,2,2,0,0,0,0,0,0,0,0,0,3,1,1,1,3,-1,-1,-1,-1,-1,-1,-1,-1,0,-1
2023461375231,2023,461375231,1,98,1,18,19,6,2,0,0,0,0,0,0,0,1,1,6,6,3,-1,-1,-1,-1,-1,-1,-1,-1,0,-1
2023161387620,2023,161387620,1,1,0,9,9,4,2,0,0,8,0,0,0,0,4,1,6,6,1,42,7,-1,-1,-1,-1,-1,-1,0,-1
2023010458259,2023,010458259,2,19,9,99,99,9,9,99,99,9,9,99,9,99,9,1,6,6,3,-1,-1,-1,-1,-1,-1,-1,-1,0,-1
2023201274195,2023,201274195,2,9,0,2,2,0,0,0,0,0,0,0,0,0,1,1,6,6,3,-1,-1,-1,-1,-1,-1,-1,-1,0,-1
2023010426685,2023,010426685,2,19,0,18,19,1,5,0,0,0,0,0,0,0,1,2,1,1,1,42,7,-1,-1,-1,-1,-1,-1,0,-1
2023361354027,2023,361354027,1,22,0,18,19,4,8,0,0,0,0,0,0,0,1,1,5,6,2,63,9,-1,-1,-1,-1,7,E01026917,0,-1
2023010465458,2023,010465458,2,1,0,18,19,5,1,0,0,0,0,0,0,0,1,1,6,6,2,5,1,-1,-1,-1,-1,4,E01004002,0,-1
2023161297274,2023,161297274,2,9,0,18,19,6,2,0,0,1,0,0,0,0,1,1,6,6,2,-1,-1,-1,-1,-1,-1,-1,-1,0,-1
2023311264914,2023,311264914,1,9,0,9,9,6,4,0,0,4,0,0,0,0,1,1,6,6,3,-1,-1,-1,-1,-1,-1,-1,-1,0,-1
2023430359787,2023,430359787,1,98,4,13,13,2,6,0,0,0,0,0,0,0,4,1,6,6,1,-1,-1,-1,-1,-1,-1,-1,-1,0,-1
202363B031823,2023,63B031823,1,9,0,17,19,1,6,0,0,0,0,0,1,10,1,1,6,6,1,49,8,-1,-1,-1,-1,-1,-1,0,-1
2023451291505,2023,451291505,1,9,0,18,19,1,5,0,0,0,0,0,0,0,1,2,5,6,1,31,6,-1,-1,-1,-1,10,E01030999,0,-1
2023340WN4322,2023,340WN4322,1,9,0,9,9,4,1,0,0,5,0,0,0,0,2,1,6,6,1,20,4,-1,-1,-1,-1,-1,-1,0,-1
2023010478396,2023,010478396,2,1,0,5,5,0,7,0,0,7,0,0,0,0,3,1,2,2,1,52,8,-1,-1,-1,-1,7,E01000573,0,-1
2023430303738,2023,430303738,1,9,0,13,13,5,1,0,0,0,0,0,0,0,1,1,6,6,1,45,7,-1,-1,-1,-1,-1,-1,0,-1
2023052301553,2023,052301553,2,19,0,18,19,2,6,0,0,0,0,0,0,0,2,1,6,6,2,56,9,-1,-1,-1,-1,1,E01006919,0,-1
2023351307979,2023,351307979,2,1,-1,-1,-1,-1,-1,-1,-1,-1,-1,-1,-1,0,-1,1,1,1,1,36,7,-1,-1,-1,-1,9,E01018054,0,-1
2023010474248,2023,010474248,2,97,0,18,19,5,1,0,0,8,0,4,0,0,2,1,6,6,3,-1,-1,-1,-1,-1,-1,-1,-1,0,-1
2023070017136,2023,070017136,2,1,0,18,19,7,3,0,0,3,0,0,0,0,0,1,1,1,2,57,9,-1,-1,-1,-1,8,E01012389,0,-1
2023070800413,2023,070800413,1,20,0,18,19,1,5,0,0,0,0,0,0,0,4,1,6,6,3,-1,-1,-1,-1,-1,-1,-1,-1,0,-1
2023010451880,2023,010451880,2,1,0,18,19,3,7,0,0,1,0,8,0,0,4,1,6,6,2,24,5,-1,-1,-1,-1,3,E01002580,0,-1
2023010483148,2023,010483148,2,9,0,99,99,9,9,99,99,9,9,99,9,99,9,9,6,6,3,-1,-1,-1,-1,-1,-1,-1,-1,0,-1
2023311414436,2023,311414436,1,11,0,18,19,8,4,0,0,8,0,0,0,0,0,1,1,1,2,22,5,-1,-1,-1,-1,1,E01013851,0,-1
2023010475323,2023,010475323,1,1,9,18,19,7,3,99,99,1,9,0,9,99,3,1,6,6,2,31,6,-1,-1,-1,-1,3,E01002572,0,-1
2023010445547,2023,010445547,2,1,0,5,5,5,1,0,0,8,0,0,0,0,4,1,6,6,2,27,6,-1,-1,-1,-1,1,E01002760,0,-1
2023101276119,2023,101276119,1,9,0,3,3,3,7,0,0,1,0,0,0,0,1,1,6,6,1,-1,-1,-1,-1,-1,-1,-1,-1,0,-1
2023501400629,2023,501400629,2,1,0,3,3,8,6,0,0,8,5,0,0,0,1,1,5,6,1,49,8,-1,-1,-1,-1,7,E01018830,0,-1
2023302301092,2023,302301092,1,1,0,18,19,5,1,0,0,8,0,0,0,0,1,1,6,6,1,-1,-1,-1,-1,-1,-1,9,E01027597,0,-1
2023052301535,2023,052301535,2,1,0,18,19,5,1,0,0,0,0,0,0,0,4,1,6,6,1,35,6,-1,-1,-1,-1,1,E01006739,0,-1
2023010447820,2023,010447820,2,1,0,5,5,5,1,0,0,8,0,0,0,0,3,1,6,6,1,32,6,-1,-1,-1,-1,6,E01000069,0,-1
2023371328926,2023,371328926,2,1,0,18,19,3,5,5,5,1,0,0,0,0,3,1,6,6,2,56,9,-1,-1,-1,-1,1,E01029982,0,-1
2023141299502,2023,141299502,1,1,0,9,9,2,8,0,0,1,0,0,0,0,3,1,6,6,1,18,4,-1,-1,-1,-1,2,E01007531,0,-1
2023421289468,2023,421289468,1,21,1,18,19,5,1,0,0,0,2,0,1,0,4,1,1,1,1,55,8,-1,-1,-1,-1,-1,-1,0,-1
2023041313012,2023,041313012,1,9,0,1,1,7,5,9,9,0,0,0,0,0,3,1,6,6,3,-1,-1,-1,-1,-1,-1,-1,-1,0,-1
2023471381127,2023,471381127,2,9,0,13,13,3,7,0,0,0,0,0,0,0,4,1,6,6,3,-1,-1,-1,-1,-1,-1,-1,-1,0,-1
2023201312818,2023,201312818,1,20,1,15,15,5,1,0,0,0,0,0,0,0,1,1,1,1,1,64,9,-1,-1,-1,-1,3,E01031064,0,-1
2023010451915,2023,010451915,1,8,9,99,99,9,9,99,99,9,9,99,9,99,9,9,6,6,3,-1,-1,-1,-1,-1,-1,-1,-1,0,-1
2023471304317,2023,471304317,2,1,0,18,19,7,3,0,0,1,5,0,0,0,4,1,2,2,1,43,7,-1,-1,-1,-1,9,E01031476,0,-1
2023170L30623,2023,170L30623,2,1,0,18,19,2,6,0,0,8,0,0,0,0,1,1,6,6,1,23,5,-1,-1,-1,-1,3,E01012109,0,-1
2023991372840,2023,991372840,1,9,0,18,19,2,4,0,0,0,5,0,1,0,4,1,2,2,1,71,10,-1,-1,-1,-1,1,E01014361,0,-1
2023010458567,2023,010458567,1,2,0,18,19,1,5,0,0,0,0,0,0,0,1,1,6,6,3,-1,-1,-1,-1,-1,-1,-1,-1,0,-1
2023610045723,2023,610045723,2,9,0,2,2,0,0,0,0,2,0,0,0,0,0,1,6,6,2,57,9,-1,-1,-1,-1,1,W01001396,0,-1
2023111346093,2023,111346093,1,9,0,16,19,7,4,0,0,0,1,0,2,2,1,1,6,6,1,17,4,-1,-1,-1,-1,3,E01020616,0,-1
2023010433117,2023,010433117,1,1,9,99,99,9,9,99,99,9,9,99,9,99,9,1,6,6,2,22,5,-1,-1,-1,-1,5,E01001910,0,-1
2023101388330,2023,101388330,1,9,0,13,13,5,1,0,0,0,0,0,0,0,3,1,6,6,3,16,4,-1,-1,-1,-1,-1,-1,0,-1
2023471364556,2023,471364556,1,98,0,11,11,1,5,0,0,0,0,0,0,0,0,1,6,6,3,-1,-1,-1,-1,-1,-1,-1,-1,0,-1
2023141299513,2023,141299513,2,9,0,4,4,1,5,0,0,0,0,0,0,0,1,1,6,6,3,-1,-1,-1,-1,-1,-1,-1,-1,0,-1
2023411269779,2023,411269779,2,9,0,18,19,1,3,0,0,3,0,0,0,0,0,1,6,6,3,-1,-1,-1,-1,-1,-1,-1,-1,0,-1
2023451258920,2023,451258920,1,1,0,18,19,1,5,4,4,0,2,0,0,0,3,1,2,2,1,19,4,-1,-1,-1,-1,10,E01030439,0,-1
202360A041492,2023,60A041492,2,1,0,18,19,7,3,0,0,8,0,0,0,0,1,1,6,6,1,45,7,-1,-1,-1,-1,-1,-1,0,-1
2023010470886,2023,010470886,2,3,0,99,99,9,9,99,99,9,9,99,9,99,0,1,6,6,3,-1,-1,-1,-1,-1,-1,-1,-1,0,-1
2023320406637,2023,320406637,1,21,0,12,12,8,4,0,0,0,0,0,0,0,3,1,1,1,1,48,8,-1,-1,-1,-1,-1,-1,0,-1
2023421326122,2023,421326122,3,9,0,9,9,7,1,0,0,1,0,0,0,0,0,1,6,6,3,-1,-1,-1,-1,-1,-1,-1,-1,0,-1
2023430190975,2023,430190975,1,-1,0,18,19,2,6,9,9,8,0,0,0,0,1,1,6,6,2,53,8,-1,-1,-1,-1,4,E01016521,1,-1
2023010444834,2023,010444834,1,1,9,99,99,9,9,99,99,9,9,99,9,99,0,1,2,2,2,28,6,-1,-1,-1,-1,7,E01002835,0,-1
2023531286463,2023,531286463,1,9,0,18,19,3,7,0,0,0,1,0,0,0,1,1,1,1,1,27,6,-1,-1,-1,-1,6,E01022225,0,-1
2023421354358,2023,421354358,1,1,0,7,7,3,7,0,0,0,5,0,0,0,1,1,5,6,1,8,2,-1,-1,-1,-1,4,E01022012,0,-1
2023052300721,2023,052300721,2,1,0,18,19,5,1,0,0,8,0,0,0,0,4,1,2,2,1,33,6,-1,-1,-1,-1,1,E01007220,0,-1
2023401317740,2023,401317740,2,1,0,18,19,3,7,0,0,1,0,0,0,0,1,1,4,7,1,15,3,-1,-1,-1,-1,2,E01015787,0,-1
2023520000613,2023,520000613,1,1,0,18,19,8,4,0,0,8,0,0,0,0,2,1,6,6,1,47,8,-1,-1,-1,-1,8,E01014400,0,-1
2023010426268,2023,010426268,1,1,9,99,99,9,9,99,99,9,9,99,9,99,1,1,6,6,1,28,6,-1,-1,-1,-1,2,E01001791,0,-1
2023522400941,2023,522400941,1,1,0,18,19,2,6,0,0,8,0,0,0,0,1,1,6,6,1,41,7,-1,-1,-1,-1,1,E01033366,0,-1
2023052301155,2023,052301155,2,23,0,18,19,7,3,0,0,1,0,0,0,0,1,1,6,6,1,23,5,-1,-1,-1,-1,1,E01012367,0,-1
2023052301734,2023,052301734,2,23,0,18,19,5,1,0,0,2,0,10,7,11,1,1,6,6,1,33,6,-1,-1,-1,-1,7,E01006685,0,-1
2023170M31133,2023,170M31133,2,1,0,17,19,6,2,0,0,0,0,0,0,0,1,1,6,6,1,12,3,-1,-1,-1,-1,2,E01012031,0,-1
2023161348368,2023,161348368,2,1,0,18,19,5,1,0,0,0,5,0,0,0,2,1,1,1,1,63,9,-1,-1,-1,-1,-1,-1,0,-1
2023430565851,2023,430565851,1,9,0,7,7,3,5,0,0,0,0,0,0,0,3,1,6,6,2,60,9,-1,-1,-1,-1,-1,-1,0,-1
2023052301874,2023,052301874,2,1,0,18,19,6,2,0,0,8,0,0,0,0,4,1,6,6,2,63,9,-1,-1,-1,-1,3,E01007088,0,-1
2023471375345,2023,471375345,2,19,0,13,13,4,8,0,0,1,0,0,0,0,4,1,6,6,1,63,9,-1,-1,-1,-1,10,E01020940,0,-1
2023451329190,2023,451329190,1,1,0,18,19,1,5,0,0,1,0,0,0,0,1,1,2,2,1,51,8,-1,-1,-1,-1,7,E01003408,0,-1
2023461379775,2023,461379775,2,1,0,18,19,5,1,0,0,8,5,0,0,0,1,1,6,6,1,20,4,-1,-1,-1,-1,6,E01016125,0,-1
2023041389250,2023,041389250,1,-1,0,18,19,7,3,0,0,1,0,0,0,0,1,1,6,6,3,-1,-1,-1,-1,-1,-1,-1,-1,0,-1
2023501353383,2023,501353383,2,1,0,7,7,3,5,0,0,3,0,0,0,0,4,1,2,2,1,33,6,-1,-1,-1,-1,4,E01020036,0,-1
2023311353287,2023,311353287,2,1,0,18,19,-1,-1,0,0,-1,0,0,0,0,1,1,6,6,1,51,8,-1,-1,-1,-1,-1,-1,0,-1
2023141281996,2023,141281996,1,9,0,5,5,1,1,0,0,1,0,0,0,0,0,1,6,6,1,35,6,-1,-1,-1,-1,3,E01007789,0,-1
2023010467446,2023,010467446,1,1,0,18,19,7,3,5,5,0,0,0,0,0,1,1,6,6,1,23,5,-1,-1,-1,-1,-1,-1,0,-1
2023311354483,2023,311354483,1,9,0,18,19,5,1,0,0,8,0,0,0,0,1,1,2,2,1,55,8,-1,-1,-1,-1,2,E01028275,0,-1
2023010454844,2023,010454844,1,1,0,16,19,4,8,0,0,4,0,0,0,0,1,1,6,6,1,57,9,-1,-1,-1,-1,5,E01004521,0,-1
202360A005388,2023,60A005388,1,9,0,4,4,6,2,0,0,0,0,0,0,0,1,1,2,2,1,31,6,-1,-1,-1,-1,-1,-1,0,-1
2023501290047,2023,501290047,1,9,0,17,19,4,8,0,0,8,0,0,0,0,1,1,6,6,3,-1,-1,-1,-1,-1,-1,-1,-1,0,-1
2023991267074,2023,991267074,1,9,0,18,19,2,7,0,0,0,0,0,0,0,1,1,6,6,1,72,10,-1,-1,-1,-1,10,-1,0,-1
2023451327101,2023,451327101,1,9,0,5,5,6,8,9,9,1,0,0,0,0,4,1,3,7,1,45,7,-1,-1,-1,-1,-1,-1,0,-1
2023111362451,2023,111362451,2,9,0,3,3,1,4,0,0,0,0,0,0,0,2,1,6,6,2,53,8,-1,-1,-1,-1,4,E01020715,0,-1
2023471350545,2023,471350545,1,9,0,18,19,6,2,0,0,1,0,0,0,0,4,1,6,6,3,-1,-1,-1,-1,-1,-1,-1,-1,0,-1
2023041372683,2023,041372683,2,1,0,18,19,5,1,0,0,0,0,0,0,0,1,1,2,2,1,47,8,-1,-1,-1,-1,5,E01012620,0,-1