collision_index,collision_year,collision_ref_no,vehicle_reference,vehicle_type,towing_and_articulation,vehicle_manoeuvre_historic,vehicle_manoeuvre,vehicle_direction_from,vehicle_direction_to,vehicle_location_restricted_lane_historic,vehicle_location_restricted_lane,junction_location,skidding_and_overturning,hit_object_in_carriageway,vehicle_leaving_carriageway,hit_object_off_carriageway,first_point_of_impact,vehicle_left_hand_drive,journey_purpose_of_driver_historic,journey_purpose_of_driver,sex_of_driver,age_of_driver,age_band_of_driver,engine_capacity_cc,propulsion_code,age_of_vehicle,generic_make_model,driver_imd_decile,lsoa_of_driver,escooter_flag,driver_distance_banding
2023361346652,2023,361346652,1,22,0,18,19,7,3,9,9,0,0,0,0,0,1,1,5,6,2,91,11,-1,-1,-1,-1,6,E01026686,0,-1
2023430020101,2023,430020101,2,1,0,18,19,6,2,0,0,8,0,0,0,0,4,1,2,2,2,53,8,-1,-1,-1,-1,8,E01016805,0,-1
2023010428031,2023,010428031,1,4,0,18,19,1,5,0,0,1,0,0,0,0,1,1,6,6,1,27,6,-1,-1,-1,-1,3,E01000933,0,-1
2023010479003,2023,010479003,2,20,0,13,13,9,9,99,99,0,9,99,9,99,4,9,6,6,3,-1,-1,-1,-1,-1,-1,-1,-1,0,-1
2023041380148,2023,041380148,1,98,0,1,1,3,7,0,0,0,0,0,0,0,2,1,6,6,3,-1,-1,-1,-1,-1,-1,-1,-1,0,-1
2023010486223,2023,010486223,2,1,0,18,19,1,5,0,0,2,0,0,0,0,3,1,6,6,1,56,9,-1,-1,-1,-1,-1,-1,0,-1
2023141371046,2023,141371046,1,1,0,18,19,5,1,0,0,1,0,0,0,0,1,1,6,6,1,54,8,-1,-1,-1,-1,7,E01008049,0,-1
2023540538023,2023,540538023,2,9,0,18,19,3,8,0,0,0,0,0,0,0,1,1,6,6,2,61,9,-1,-1,-1,-1,10,E01014869,0,-1
2023542526723,2023,542526723,2,1,0,18,19,6,2,0,0,0,0,0,0,0,3,1,2,2,1,42,7,-1,-1,-1,-1,8,E01015552,0,-1
2023320141850,2023,320141850,1,9,0,18,19,2,7,0,0,0,0,0,0,0,1,1,6,6,3,-1,-1,-1,-1,-1,-1,-1,-1,0,-1
2023311324937,2023,311324937,2,1,0,3,3,8,4,0,0,1,0,0,0,0,2,1,6,6,1,20,4,-1,-1,-1,-1,1,E01013846,0,-1
2023010433007,2023,010433007,2,9,0,99,99,9,9,0,0,4,0,0,0,0,1,1,6,6,3,33,6,-1,-1,-1,-1,1,E01003961,0,-1
2023311386876,2023,311386876,1,8,0,6,6,5,1,0,0,0,0,0,0,0,2,1,6,6,1,30,6,-1,-1,-1,-1,-1,-1,0,-1
2023401330923,2023,401330923,1,9,0,4,4,6,7,0,0,0,0,0,0,0,1,1,1,1,1,54,8,-1,-1,-1,-1,2,E01015727,0,-1
2023361343536,2023,361343536,2,1,0,18,19,8,4,5,5,1,0,0,0,0,4,1,5,6,1,76,11,-1,-1,-1,-1,9,E01026836,0,-1
2023430444244,2023,430444244,2,9,0,18,19,3,7,0,0,8,0,0,0,0,1,1,6,6,2,48,8,-1,-1,-1,-1,10,E01017936,0,-1
2023101349181,2023,101349181,2,1,0,18,19,1,5,0,0,0,0,0,0,0,-1,1,5,6,1,56,9,-1,-1,-1,-1,-1,-1,0,-1
2023010448160,2023,010448160,2,1,0,15,15,1,5,0,0,1,0,8,0,0,1,1,6,6,1,36,7,-1,-1,-1,-1,4,E01003098,0,-1
2023531347399,2023,531347399,2,9,0,18,19,3,7,0,0,0,0,0,0,0,4,1,1,1,1,58,9,-1,-1,-1,-1,3,E01011761,0,-1
2023421376901,2023,421376901,2,1,0,18,19,1,5,0,0,0,0,0,0,0,2,1,5,6,1,30,6,-1,-1,-1,-1,2,E01015861,0,-1
2023010448374,2023,010448374,1,3,0,99,99,9,9,99,99,9,9,99,9,99,1,1,6,6,3,-1,-1,-1,-1,-1,-1,-1,-1,0,-1
2023351343067,2023,351343067,2,1,0,18,19,3,7,0,0,1,0,0,0,0,1,1,6,6,1,74,10,-1,-1,-1,-1,2,E01033111,0,-1
2023010424418,2023,010424418,2,1,0,5,5,1,5,0,0,6,0,0,0,0,4,1,6,6,1,32,6,-1,-1,-1,-1,2,E01003551,0,-1
2023061315412,2023,061315412,2,9,-1,-1,-1,-1,-1,-1,-1,0,-1,-1,-1,0,-1,1,6,6,1,30,6,-1,-1,-1,-1,-1,-1,0,-1
2023010478413,2023,010478413,2,3,0,15,15,7,3,0,0,1,0,0,1,0,3,1,2,2,1,30,6,-1,-1,-1,-1,3,E01003280,0,-1
2023010425896,2023,010425896,1,1,9,99,99,9,9,99,99,9,9,99,9,99,1,1,2,2,2,29,6,-1,-1,-1,-1,7,E01003064,0,-1
2023131345556,2023,131345556,1,9,0,2,2,0,0,0,0,0,0,0,0,0,2,1,6,6,3,-1,-1,-1,-1,-1,-1,-1,-1,0,-1
2023311331429,2023,311331429,1,9,0,7,7,6,8,0,0,5,0,0,0,0,3,1,6,6,3,29,6,-1,-1,-1,-1,-1,-1,0,-1
2023010481098,2023,010481098,2,9,0,9,9,5,3,0,0,1,0,0,0,0,4,1,6,6,3,-1,-1,-1,-1,-1,-1,-1,-1,0,-1
2023471320386,2023,471320386,2,1,0,18,19,1,5,0,0,1,2,0,0,0,1,1,6,6,1,44,7,-1,-1,-1,-1,8,E01031535,0,-1
2023340WN5352,2023,340WN5352,1,99,0,99,99,0,0,0,0,0,0,0,0,0,0,1,1,1,3,-1,-1,-1,-1,-1,-1,-1,-1,0,-1
2023010466824,2023,010466824,2,1,0,18,19,3,7,0,0,1,0,0,0,0,4,1,6,6,1,22,5,-1,-1,-1,-1,4,E01001353,0,-1
2023052301097,2023,052301097,2,1,0,18,19,1,5,0,0,0,0,0,0,0,3,1,6,6,1,39,7,-1,-1,-1,-1,1,E01006610,0,-1
2023010440598,2023,010440598,1,1,0,18,19,7,3,0,0,2,0,0,0,0,1,1,6,6,1,49,8,-1,-1,-1,-1,5,E01004461,0,-1
2023010441635,2023,010441635,1,9,0,18,19,6,2,0,0,2,0,0,0,0,1,1,6,6,3,-1,-1,-1,-1,-1,-1,-1,-1,0,-1
2023052301789,2023,052301789,1,9,0,18,19,3,5,0,0,8,0,0,0,0,1,9,6,6,3,-1,-1,-1,-1,-1,-1,-1,-1,0,-1
2023351368929,2023,351368929,1,9,0,7,7,3,7,0,0,1,0,0,0,0,4,1,6,6,3,-1,-1,-1,-1,-1,-1,-1,-1,0,-1
2023411279136,2023,411279136,2,9,0,5,5,3,7,0,0,4,0,0,0,0,2,1,5,6,1,50,8,-1,-1,-1,-1,10,E01023562,0,-1
2023332300677,2023,332300677,2,1,0,18,19,5,1,0,0,8,0,0,0,0,1,1,6,6,1,31,6,-1,-1,-1,-1,3,E01013611,0,-1
2023440116380,2023,440116380,1,1,0,18,19,7,3,9,9,8,0,0,0,0,3,1,6,6,1,31,6,-1,-1,-1,-1,6,E01023288,0,-1
2023351298351,2023,351298351,4,9,0,2,2,0,0,0,0,0,0,0,0,0,2,1,6,6,3,-1,-1,-1,-1,-1,-1,-1,-1,0,-1
2023311278384,2023,311278384,2,1,0,18,19,3,7,0,0,1,0,0,0,0,1,1,5,6,2,49,8,-1,-1,-1,-1,2,E01007497,0,-1
2023451356852,2023,451356852,1,1,0,18,19,3,7,0,0,2,0,0,0,0,0,1,5,6,2,41,7,-1,-1,-1,-1,8,E01004192,0,-1
2023221353443,2023,221353443,2,1,0,18,19,1,5,0,0,8,0,0,0,0,2,1,5,6,1,30,6,-1,-1,-1,-1,4,E01014072,0,-1
2023471293331,2023,471293331,1,9,0,18,19,1,5,0,0,1,0,0,0,0,4,1,6,6,3,-1,-1,-1,-1,-1,-1,-1,-1,0,-1
2023311277853,2023,311277853,1,11,0,2,2,0,0,0,0,0,0,0,0,0,0,1,1,1,1,-1,-1,-1,-1,-1,-1,-1,-1,0,-1
2023320570331,2023,320570331,2,1,0,3,3,4,8,0,0,1,5,0,0,0,2,1,2,2,2,57,9,-1,-1,-1,-1,7,E01026039,0,-1
2023552300929,2023,552300929,2,1,0,18,19,3,7,0,0,0,0,0,0,0,2,1,6,6,1,18,4,-1,-1,-1,-1,5,E01015468,0,-1
2023461300375,2023,461300375,7,9,0,2,2,0,0,0,0,0,0,0,0,0,4,1,6,6,2,30,6,-1,-1,-1,-1,6,E01024303,0,-1
2023052301634,2023,052301634,1,9,0,18,19,5,1,0,0,1,0,0,0,0,1,1,6,6,3,-1,-1,-1,-1,-1,-1,-1,-1,0,-1
2023411303419,2023,411303419,3,98,0,18,19,5,1,0,0,0,0,0,0,0,4,1,1,1,2,42,7,-1,-1,-1,-1,9,E01017734,0,-1
2023010421089,2023,010421089,2,1,0,5,5,1,5,0,0,1,5,0,0,0,4,1,6,6,2,30,6,-1,-1,-1,-1,5,E01000968,0,-1
2023010470362,2023,010470362,2,1,0,14,14,3,7,0,0,1,0,0,0,0,1,1,2,2,1,54,8,-1,-1,-1,-1,6,E01002135,0,-1
2023211365645,2023,211365645,2,9,0,18,19,6,3,0,0,0,0,0,0,0,1,1,6,6,1,77,11,-1,-1,-1,-1,-1,-1,0,-1
2023111298493,2023,111298493,1,9,0,7,7,3,7,0,0,1,0,0,0,0,1,1,6,6,3,30,6,-1,-1,-1,-1,-1,-1,0,-1
2023010429408,2023,010429408,2,98,0,99,99,9,9,99,99,9,9,99,9,99,9,9,6,6,3,-1,-1,-1,-1,-1,-1,-1,-1,0,-1
2023501320474,2023,501320474,2,1,0,18,19,2,6,0,0,1,0,0,0,0,0,1,6,6,1,62,9,-1,-1,-1,-1,3,E01020323,0,-1
2023311265151,2023,311265151,2,1,0,18,19,8,4,0,0,8,0,0,0,0,3,1,6,6,1,51,8,-1,-1,-1,-1,-1,-1,0,-1
2023991370337,2023,991370337,2,9,0,2,2,0,0,0,0,0,0,0,0,0,2,2,5,6,1,55,8,-1,-1,-1,-1,-1,-1,0,-1
2023610050823,2023,610050823,1,9,0,1,1,8,4,9,9,6,0,0,0,0,2,1,6,6,3,-1,-1,-1,-1,-1,-1,-1,-1,0,-1
2023010465033,2023,010465033,2,1,0,8,8,1,4,0,0,1,0,0,0,0,1,1,6,6,1,41,7,-1,-1,-1,-1,3,E01003960,0,-1
2023421326485,2023,421326485,1,19,0,11,11,5,1,0,0,0,0,0,0,0,3,1,6,6,3,-1,-1,-1,-1,-1,-1,-1,-1,0,-1
2023610049323,2023,610049323,2,9,0,18,19,3,7,0,0,8,0,0,0,0,1,1,1,1,1,23,5,-1,-1,-1,-1,3,W01001448,0,-1
2023010429975,2023,010429975,2,1,0,18,19,5,1,0,0,1,0,0,0,0,3,1,2,2,1,32,6,-1,-1,-1,-1,3,E01001175,0,-1
2023141285039,2023,141285039,1,97,0,16,19,5,1,0,0,0,1,0,0,0,1,1,1,1,1,49,8,-1,-1,-1,-1,1,E01007629,0,-1
2023010460071,2023,010460071,2,9,0,99,99,9,9,99,99,0,9,99,9,99,9,9,6,6,1,45,7,-1,-1,-1,-1,9,E01000538,0,-1
2023131387377,2023,131387377,2,1,0,18,19,6,2,0,0,8,5,0,0,0,4,1,6,6,1,63,9,-1,-1,-1,-1,7,E01011692,0,-1
2023010434282,2023,010434282,1,1,9,99,99,9,9,99,99,9,9,99,9,99,9,1,6,6,1,55,8,-1,-1,-1,-1,10,E01004477,0,-1
2023131298570,2023,131298570,1,22,0,18,19,7,3,9,9,1,5,0,0,0,0,1,5,6,2,74,10,-1,-1,-1,-1,-1,-1,0,-1
2023211307951,2023,211307951,1,9,-1,5,5,-1,-1,-1,-1,0,-1,-1,0,0,1,1,6,6,3,-1,-1,-1,-1,-1,-1,-1,-1,0,-1
2023010454513,2023,010454513,2,1,0,18,19,4,8,0,0,0,0,0,0,0,1,1,1,1,1,60,9,-1,-1,-1,-1,5,E01003480,0,-1
2023440505724,2023,440505724,2,3,0,18,19,4,8,0,0,1,0,0,0,0,1,1,2,2,1,54,8,-1,-1,-1,-1,6,E01017014,0,-1
2023311361205,2023,311361205,2,1,0,15,15,4,8,9,9,0,5,0,0,0,1,1,6,6,1,18,4,-1,-1,-1,-1,-1,-1,0,-1
2023010482738,2023,010482738,1,9,0,18,19,5,1,0,0,6,0,11,0,0,1,1,6,6,3,-1,-1,-1,-1,-1,-1,-1,-1,0,-1
2023461328070,2023,461328070,2,1,0,3,3,-1,-1,0,0,8,0,0,0,0,1,1,2,2,1,34,6,-1,-1,-1,-1,9,E01024853,0,-1
2023991328742,2023,991328742,2,1,0,18,19,3,7,0,0,8,0,0,0,0,4,1,5,6,1,40,7,-1,-1,-1,-1,1,-1,0,-1
2023010434454,2023,010434454,1,1,9,99,99,9,9,99,99,9,9,99,9,99,1,1,2,2,1,23,5,-1,-1,-1,-1,3,E01004747,0,-1
2023010454553,2023,010454553,1,9,9,99,99,9,9,99,99,9,9,99,9,99,9,9,6,6,3,-1,-1,-1,-1,-1,-1,-1,-1,0,-1
2023201418679,2023,201418679,1,98,0,13,13,1,5,0,0,1,0,0,0,0,3,1,6,6,1,-1,-1,-1,-1,-1,-1,-1,-1,0,-1
202360A196782,2023,60A196782,2,9,0,9,9,5,3,0,0,5,0,0,0,0,2,1,6,6,3,-1,-1,-1,-1,-1,-1,-1,-1,0,-1
2023010436967,2023,010436967,2,1,0,18,19,6,2,0,0,3,0,0,0,0,4,1,2,2,1,49,8,-1,-1,-1,-1,6,E01004491,0,-1
2023201323066,2023,201323066,2,9,0,18,19,6,2,0,0,0,0,0,0,0,1,1,6,6,2,61,9,-1,-1,-1,-1,3,E01008977,0,-1
2023461347676,2023,461347676,2,9,0,7,7,1,8,0,0,1,0,0,0,0,3,1,6,6,1,22,5,-1,-1,-1,-1,9,E01016147,0,-1
2023010484559,2023,010484559,1,1,0,18,19,7,3,0,0,1,0,0,3,0,3,1,6,6,1,82,11,-1,-1,-1,-1,9,E01003806,0,-1
2023052301110,2023,052301110,2,1,0,18,19,1,5,0,0,0,0,0,0,0,4,1,2,2,1,41,7,-1,-1,-1,-1,1,E01007005,0,-1
2023010472586,2023,010472586,1,1,9,99,99,9,9,99,99,0,9,99,9,99,2,1,2,2,1,20,4,-1,-1,-1,-1,7,E01001888,0,-1
2023010445009,2023,010445009,2,1,0,5,5,3,7,0,0,1,0,0,0,0,4,1,2,2,1,34,6,-1,-1,-1,-1,2,E01001351,0,-1
2023010485000,2023,010485000,1,1,9,99,99,9,9,99,99,9,9,99,9,99,9,1,2,2,1,41,7,-1,-1,-1,-1,1,E01003246,0,-1
2023010476117,2023,010476117,2,9,0,99,99,9,9,99,99,9,9,99,9,99,9,9,6,6,3,-1,-1,-1,-1,-1,-1,-1,-1,0,-1
2023340WN3072,2023,340WN3072,2,1,0,17,19,6,3,0,0,0,0,0,7,0,1,1,6,6,1,52,8,-1,-1,-1,-1,8,E01027332,0,-1
2023552400238,2023,552400238,1,-1,0,18,19,2,6,0,0,0,0,0,0,0,1,1,6,6,1,20,4,-1,-1,-1,-1,3,E01015285,1,-1
2023320108747,2023,320108747,2,9,0,13,13,1,5,0,0,0,0,0,0,0,4,1,6,6,3,-1,-1,-1,-1,-1,-1,-1,-1,0,-1
2023010470819,2023,010470819,2,1,0,18,19,5,1,0,0,4,0,0,0,0,1,1,6,6,1,21,5,-1,-1,-1,-1,3,E01001759,0,-1
2023201393285,2023,201393285,1,8,0,18,19,-1,-1,0,0,0,0,0,0,0,1,1,6,6,3,-1,-1,-1,-1,-1,-1,-1,-1,0,-1
2023010430143,2023,010430143,1,9,0,3,3,1,5,0,0,1,0,0,0,0,2,1,6,6,1,55,8,-1,-1,-1,-1,5,E01000131,0,-1
2023131263629,2023,131263629,2,1,0,18,19,2,6,0,0,1,0,0,0,0,1,1,6,6,1,40,7,-1,-1,-1,-1,4,E01011545,0,-1
2023440310353,2023,440310353,1,1,0,14,14,6,2,0,0,1,0,0,0,0,1,1,6,6,1,61,9,-1,-1,-1,-1,2,E01017140,0,-1
2023131346366,2023,131346366,2,1,0,18,19,5,1,0,0,6,0,0,0,0,3,1,6,6,1,38,7,-1,-1,-1,-1,6,E01011517,0,-1
2023221275185,2023,221275185,1,1,0,9,9,1,7,0,0,5,1,0,0,0,3,1,5,6,1,57,9,-1,-1,-1,-1,9,E01022100,0,-1
2023131323781,2023,131323781,2,1,0,18,19,4,8,4,4,8,0,0,0,0,3,1,5,6,1,23,5,-1,-1,-1,-1,6,E01011440,0,-1
2023061283978,2023,061283978,2,1,0,18,19,3,7,0,0,8,0,0,0,0,3,1,6,6,1,61,9,-1,-1,-1,-1,2,E01005265,0,-1
2023201281150,2023,201281150,1,9,0,14,14,3,7,0,0,1,0,0,0,0,1,1,6,6,3,-1,-1,-1,-1,-1,-1,-1,-1,0,-1
2023440333319,2023,440333319,1,-1,0,18,19,6,2,0,0,0,0,11,0,0,1,1,2,2,1,33,6,-1,-1,-1,-1,5,E01017222,1,-1
2023052300123,2023,052300123,1,1,0,15,15,7,3,0,0,2,0,0,0,0,1,1,6,6,2,14,3,-1,-1,-1,-1,-1,-1,0,-1
2023122301270,2023,122301270,2,1,0,18,19,5,1,0,0,1,0,0,0,0,3,1,1,1,3,62,9,-1,-1,-1,-1,10,E01011948,0,-1
2023340WN2432,2023,340WN2432,1,5,0,18,19,1,5,0,0,0,0,0,0,0,1,1,6,6,3,-1,-1,-1,-1,-1,-1,-1,-1,0,-1
2023010483534,2023,010483534,1,9,0,99,99,9,9,99,99,0,9,99,9,99,9,9,6,6,3,-1,-1,-1,-1,-1,-1,-1,-1,0,-1
2023101324721,2023,101324721,2,1,0,18,19,5,1,0,0,8,5,0,0,0,1,1,5,6,1,53,8,-1,-1,-1,-1,10,E01008547,0,-1
2023010445016,2023,010445016,2,1,0,5,5,5,1,0,0,0,0,0,0,0,1,1,2,2,1,47,8,-1,-1,-1,-1,9,E01004625,0,-1
2023471308388,2023,471308388,2,11,0,18,19,6,2,0,0,1,0,0,0,0,0,2,1,1,1,46,8,-1,-1,-1,-1,4,E01020957,0,-1
2023991363058,2023,991363058,2,1,0,18,19,4,8,0,0,3,0,0,0,0,4,1,2,2,1,31,6,-1,-1,-1,-1,4,-1,0,-1
2023070129904,2023,070129904,2,1,0,18,19,7,3,0,0,8,0,0,0,0,4,1,6,6,1,17,4,-1,-1,-1,-1,2,E01018463,0,-1
2023522301302,2023,522301302,2,1,0,18,19,6,2,0,0,8,0,0,0,0,1,1,6,6,1,83,11,-1,-1,-1,-1,8,E01032667,0,-1
2023340WN5132,2023,340WN5132,1,9,0,18,19,2,6,0,0,0,0,0,0,0,1,1,6,6,3,-1,-1,-1,-1,-1,-1,-1,-1,0,-1
2023471294146,2023,471294146,1,9,0,7,7,5,7,0,0,0,0,0,0,0,4,2,5,6,1,45,7,-1,-1,-1,-1,-1,-1,0,-1
2023131317322,2023,131317322,1,9,0,-1,-1,-1,-1,-1,-1,0,-1,-1,-1,-1,-1,1,6,6,3,-1,-1,-1,-1,-1,-1,-1,-1,0,-1
2023061294463,2023,061294463,1,8,0,18,19,7,3,0,0,8,0,0,0,0,3,1,1,1,1,45,7,-1,-1,-1,-1,8,E01005575,0,-1
2023070518345,2023,070518345,1,9,0,15,15,1,5,0,0,0,0,0,0,0,1,1,6,6,1,24,5,-1,-1,-1,-1,2,E01018714,0,-1
2023131293969,2023,131293969,2,8,0,4,4,3,7,0,0,8,0,0,0,0,0,1,1,1,1,65,9,-1,-1,-1,-1,1,E01011293,0,-1
2023430015911,2023,430015911,2,1,0,18,19,3,7,0,0,1,0,0,0,0,3,1,6,6,1,27,6,-1,-1,-1,-1,5,E01016405,0,-1
2023541632123,2023,541632123,1,9,0,16,19,6,1,0,0,0,1,0,0,0,4,1,1,1,2,18,4,-1,-1,-1,-1,7,E01031848,0,-1
2023440272963,2023,440272963,1,22,0,18,19,6,2,0,0,8,0,0,0,0,3,1,6,6,1,58,9,-1,-1,-1,-1,8,E01023208,0,-1
2023552300842,2023,552300842,1,9,0,9,9,2,8,0,0,5,0,0,0,0,4,1,6,6,3,-1,-1,-1,-1,-1,-1,-1,-1,0,-1
2023340WN5582,2023,340WN5582,1,1,0,18,19,3,7,0,0,6,0,0,0,0,3,1,6,6,1,23,5,-1,-1,-1,-1,5,E01027192,0,-1
2023340WN6712,2023,340WN6712,2,1,0,18,19,7,3,0,0,1,0,0,0,0,1,1,6,6,1,19,4,-1,-1,-1,-1,5,E01027134,0,-1
2023010473851,2023,010473851,2,9,0,18,19,1,5,0,0,1,0,0,0,0,1,1,6,6,3,-1,-1,-1,-1,-1,-1,-1,-1,0,-1
2023010472469,2023,010472469,2,1,0,18,19,5,1,0,0,1,2,0,0,0,1,1,6,6,1,55,8,-1,-1,-1,-1,9,E01000382,0,-1
2023461314008,2023,461314008,1,1,0,18,19,7,8,0,0,8,0,0,0,0,1,1,6,6,1,20,4,-1,-1,-1,-1,7,E01024375,0,-1
2023161301597,2023,161301597,2,9,0,8,8,5,1,0,0,3,0,0,0,0,4,1,6,6,3,-1,-1,-1,-1,-1,-1,-1,-1,0,-1
202363A032223,2023,63A032223,4,9,0,2,2,0,0,0,0,0,0,0,0,0,2,1,1,1,1,71,10,-1,-1,-1,-1,-1,-1,0,-1
2023332300351,2023,332300351,1,1,0,18,19,6,2,0,0,2,0,0,0,0,1,1,6,6,1,20,4,-1,-1,-1,-1,3,E01013744,0,-1
2023010479489,2023,010479489,2,1,0,18,19,7,3,0,0,8,0,0,0,0,3,1,1,1,1,71,10,-1,-1,-1,-1,1,E01001210,0,-1
2023070954042,2023,070954042,2,1,0,18,19,1,5,0,0,1,2,0,0,0,1,1,1,1,1,55,8,-1,-1,-1,-1,4,E01018511,0,-1
2023522300905,2023,522300905,2,4,0,18,19,7,3,0,0,1,0,0,0,0,1,1,6,6,1,37,7,-1,-1,-1,-1,4,E01014951,0,-1
2023631310727,2023,631310727,1,1,0,16,19,3,6,0,0,8,0,0,0,0,4,1,2,2,1,30,6,-1,-1,-1,-1,3,W01000478,0,-1
2023141321973,2023,141321973,2,19,0,18,19,5,1,0,0,0,0,0,0,0,1,1,6,6,3,-1,-1,-1,-1,-1,-1,-1,-1,0,-1
2023010463731,2023,010463731,3,9,0,99,99,9,9,99,99,0,9,99,9,99,9,9,6,6,3,-1,-1,-1,-1,-1,-1,-1,-1,0,-1
2023161303323,2023,161303323,1,90,0,12,12,3,7,0,0,0,0,11,0,0,1,1,5,6,1,54,8,-1,-1,-1,-1,2,E01013131,0,-1
2023231329060,2023,231329060,1,19,0,9,9,6,4,0,0,6,0,0,0,0,1,1,6,6,3,42,7,-1,-1,-1,-1,-1,-1,0,-1
2023161261188,2023,161261188,2,9,0,18,19,5,1,0,0,8,0,0,0,0,3,1,2,2,1,57,9,-1,-1,-1,-1,8,E01013037,0,-1
2023010460810,2023,010460810,1,1,0,18,19,1,5,0,0,1,0,0,0,0,2,1,6,6,1,27,6,-1,-1,-1,-1,3,E01002057,0,-1
2023610047223,2023,610047223,1,9,0,5,5,8,4,0,0,8,0,0,0,0,3,1,6,6,2,70,10,-1,-1,-1,-1,3,W01001678,0,-1
2023991307171,2023,991307171,1,1,0,18,19,8,4,9,9,2,0,0,1,0,1,1,5,6,1,82,11,-1,-1,-1,-1,6,-1,0,-1
2023041338873,2023,041338873,1,1,0,18,19,1,5,0,0,1,0,0,0,0,1,1,5,6,1,23,5,-1,-1,-1,-1,1,E01012646,0,-1
2023332301263,2023,332301263,2,1,0,18,19,7,3,0,0,8,0,0,0,0,1,1,6,6,1,54,8,-1,-1,-1,-1,10,E01025813,0,-1
2023010469651,2023,010469651,1,1,9,99,99,9,9,99,99,9,9,99,9,99,9,1,2,2,1,41,7,-1,-1,-1,-1,1,E01003245,0,-1
2023131280062,2023,131280062,1,9,0,5,5,5,1,0,0,6,0,0,0,0,1,1,5,6,2,34,6,-1,-1,-1,-1,8,E01010907,0,-1
2023340WN2432,2023,340WN2432,2,1,0,18,19,1,5,0,0,0,0,0,0,0,2,1,6,6,2,23,5,-1,-1,-1,-1,-1,-1,0,-1
2023430037524,2023,430037524,2,-1,0,18,19,2,6,0,0,8,0,0,0,0,1,1,6,6,1,21,5,-1,-1,-1,-1,8,E01032725,1,-1
2023010478516,2023,010478516,1,1,9,99,99,9,9,99,99,9,9,99,9,99,9,1,2,2,1,47,8,-1,-1,-1,-1,5,E01003067,0,-1
2023361308535,2023,361308535,1,22,0,18,19,7,3,0,0,1,5,0,0,0,1,1,5,6,1,76,11,-1,-1,-1,-1,-1,-1,0,-1
2023141370200,2023,141370200,2,98,0,9,9,6,4,0,0,8,0,0,0,0,1,1,6,6,3,-1,-1,-1,-1,-1,-1,-1,-1,0,-1
2023320015179,2023,320015179,1,9,0,16,19,1,5,0,0,0,1,0,0,0,3,1,6,6,1,20,4,-1,-1,-1,-1,1,E01026112,0,-1
2023010438684,2023,010438684,1,1,9,99,99,9,9,99,99,9,9,99,9,99,9,1,6,6,1,17,4,-1,-1,-1,-1,2,E01001982,0,-1
2023430274313,2023,430274313,1,1,0,18,19,4,8,0,0,8,0,0,0,0,1,1,6,6,1,-1,-1,-1,-1,-1,-1,-1,-1,0,-1
2023991377789,2023,991377789,1,9,0,18,19,8,4,0,0,0,0,0,0,0,1,1,2,2,1,47,8,-1,-1,-1,-1,3,-1,0,-1
2023302301580,2023,302301580,1,9,0,4,4,5,1,0,0,0,0,0,0,0,1,1,2,2,1,24,5,-1,-1,-1,-1,3,E01007812,0,-1
2023302301849,2023,302301849,1,19,0,16,19,2,4,0,0,8,0,0,0,0,3,1,6,6,3,-1,-1,-1,-1,-1,-1,5,E01019456,0,-1
2023302301006,2023,302301006,2,1,0,18,19,4,8,0,0,8,0,0,0,0,1,1,6,6,1,55,8,-1,-1,-1,-1,8,E01019449,0,-1
2023311291139,2023,311291139,1,1,0,18,19,4,8,0,0,8,0,0,0,0,4,1,5,6,1,63,9,-1,-1,-1,-1,6,E01028162,0,-1
2023471281195,2023,471281195,2,1,0,18,19,7,3,0,0,1,1,0,0,0,1,1,2,2,1,43,7,-1,-1,-1,-1,7,E01031357,0,-1
2023010430180,2023,010430180,2,9,9,99,99,9,9,99,99,9,9,99,9,99,9,9,6,6,3,-1,-1,-1,-1,-1,-1,-1,-1,0,-1
2023522301323,2023,522301323,2,9,0,18,19,9,9,0,0,0,0,0,0,0,9,1,6,6,3,-1,-1,-1,-1,-1,-1,-1,-1,0,-1
2023010465714,2023,010465714,2,1,9,99,99,9,9,99,99,9,9,99,9,99,9,1,6,6,2,-1,-1,-1,-1,-1,-1,-1,-1,0,-1
2023161332597,2023,161332597,3,9,0,9,9,5,1,0,0,0,0,0,0,0,2,1,6,6,3,-1,-1,-1,-1,-1,-1,-1,-1,0,-1
2023471302647,2023,471302647,1,9,0,4,4,2,6,0,0,0,0,0,0,0,2,1,6,6,1,25,5,-1,-1,-1,-1,-1,-1,0,-1
2023471319056,2023,471319056,2,-1,0,5,5,4,2,0,0,0,0,0,0,0,3,1,6,6,2,63,9,-1,-1,-1,-1,1,E01020978,1,-1
2023111376631,2023,111376631,1,9,0,1,1,5,1,0,0,1,0,0,0,0,2,1,6,6,3,30,6,-1,-1,-1,-1,-1,-1,0,-1
2023010446164,2023,010446164,2,9,9,99,99,9,9,99,99,1,9,99,9,99,9,9,6,6,3,-1,-1,-1,-1,-1,-1,6,E01003738,0,-1
2023041346508,2023,041346508,1,1,0,18,19,5,1,9,9,1,0,0,0,0,1,1,5,6,1,13,3,-1,-1,-1,-1,4,E01025407,0,-1
2023451304152,2023,451304152,2,1,0,5,5,3,7,0,0,0,0,0,0,0,1,1,2,2,1,19,4,-1,-1,-1,-1,5,E01030493,0,-1
2023211270524,2023,211270524,1,9,0,9,9,6,8,0,0,0,0,0,0,0,-1,1,6,6,3,-1,-1,-1,-1,-1,-1,-1,-1,0,-1
2023361305313,2023,361305313,2,17,0,18,19,1,1,0,0,0,0,0,0,0,1,1,6,6,2,22,5,-1,-1,-1,-1,4,E01030295,0,-1
2023101347042,2023,101347042,2,16,0,18,19,1,5,0,0,0,0,0,0,0,0,1,5,6,2,56,9,-1,-1,-1,-1,5,E01020660,0,-1
2023320522293,2023,320522293,2,1,0,18,19,1,5,0,0,1,0,0,0,0,3,1,6,6,1,16,4,-1,-1,-1,-1,2,E01026011,0,-1
2023461337124,2023,461337124,1,9,0,9,9,1,5,0,0,8,0,0,0,0,4,1,1,1,1,29,6,-1,-1,-1,-1,6,E01021308,0,-1
2023311304096,2023,311304096,1,19,0,9,9,5,1,0,0,0,0,0,0,0,1,1,6,6,1,35,6,-1,-1,-1,-1,-1,-1,0,-1