collision_index,collision_year,collision_ref_no,vehicle_reference,vehicle_type,towing_and_articulation,vehicle_manoeuvre_historic,vehicle_manoeuvre,vehicle_direction_from,vehicle_direction_to,vehicle_location_restricted_lane_historic,vehicle_location_restricted_lane,junction_location,skidding_and_overturning,hit_object_in_carriageway,vehicle_leaving_carriageway,hit_object_off_carriageway,first_point_of_impact,vehicle_left_hand_drive,journey_purpose_of_driver_historic,journey_purpose_of_driver,sex_of_driver,age_of_driver,age_band_of_driver,engine_capacity_cc,propulsion_code,age_of_vehicle,generic_make_model,driver_imd_decile,lsoa_of_driver,escooter_flag,driver_distance_banding
2023010443075,2023,010443075,1,2,0,18,19,7,3,0,0,2,0,0,0,0,1,1,6,6,3,-1,-1,-1,-1,-1,-1,-1,-1,0,-1
2023221276412,2023,221276412,2,9,0,2,2,0,0,0,0,0,0,0,0,0,4,1,5,6,1,-1,-1,-1,-1,-1,-1,2,E01032224,0,-1
2023481366784,2023,481366784,2,1,0,18,19,1,5,0,0,0,0,0,0,0,3,1,1,1,1,41,7,-1,-1,-1,-1,-1,-1,0,-1
2023600A04576,2023,600A04576,1,9,0,18,19,1,5,0,0,2,0,0,0,0,3,1,6,6,3,-1,-1,-1,-1,-1,-1,-1,-1,0,-1
2023010483919,2023,010483919,1,1,0,18,19,1,5,0,0,8,0,0,0,0,1,1,2,2,1,54,8,-1,-1,-1,-1,2,E01000867,0,-1
2023552301091,2023,552301091,1,1,0,18,19,2,6,0,0,0,0,4,0,0,1,1,6,6,1,16,4,-1,-1,-1,-1,10,E01020377,0,-1
2023010465246,2023,010465246,2,-1,0,15,15,5,1,2,2,8,0,0,0,0,4,1,2,2,1,32,6,-1,-1,-1,-1,3,E01032785,1,-1
2023052302447,2023,052302447,1,9,0,1,1,6,2,0,0,0,0,0,0,0,2,1,6,6,3,-1,-1,-1,-1,-1,-1,-1,-1,0,-1
2023440009701,2023,440009701,1,-1,0,18,19,5,2,0,0,3,0,0,0,0,4,1,2,2,1,23,5,-1,-1,-1,-1,1,E01017031,1,-1
2023052300562,2023,052300562,2,22,0,18,19,7,3,0,0,1,0,0,0,0,3,1,6,6,1,84,11,-1,-1,-1,-1,1,E01006734,0,-1
2023332301255,2023,332301255,3,9,0,5,5,7,5,0,0,4,0,0,0,0,0,1,6,6,3,-1,-1,-1,-1,-1,-1,-1,-1,0,-1
2023201409324,2023,201409324,2,9,9,18,19,7,3,0,0,8,0,0,0,0,3,1,1,1,1,35,6,-1,-1,-1,-1,1,E01009194,0,-1
2023010485095,2023,010485095,1,1,9,99,99,9,9,99,99,9,9,99,9,99,2,1,6,6,2,35,6,-1,-1,-1,-1,2,E01001849,0,-1
2023101330167,2023,101330167,1,9,0,18,19,5,1,0,0,0,1,0,0,0,1,1,5,6,1,42,7,-1,-1,-1,-1,-1,-1,0,-1
2023010483992,2023,010483992,1,9,9,9,9,2,7,0,0,1,9,99,9,0,9,9,6,6,2,23,5,-1,-1,-1,-1,8,E01000261,0,-1
2023010449980,2023,010449980,1,9,0,18,19,5,1,0,0,1,0,0,0,0,1,1,6,6,3,-1,-1,-1,-1,-1,-1,-1,-1,0,-1
2023461381213,2023,461381213,3,9,0,18,19,7,3,0,0,0,0,0,0,0,2,1,6,6,2,-1,-1,-1,-1,-1,-1,-1,-1,0,-1
2023010486200,2023,010486200,1,1,9,99,99,9,9,99,99,6,9,99,9,99,1,1,6,6,1,24,5,-1,-1,-1,-1,6,E01003434,0,-1
2023070162190,2023,070162190,2,9,0,3,3,3,7,0,0,1,0,0,0,0,3,1,6,6,1,-1,-1,-1,-1,-1,-1,-1,-1,0,-1
2023440069372,2023,440069372,1,1,0,18,19,3,8,0,0,8,0,0,0,0,4,1,6,6,1,33,6,-1,-1,-1,-1,9,E01022778,0,-1
2023071103001,2023,071103001,1,9,0,18,19,7,3,0,0,3,0,0,0,0,1,1,3,7,1,41,7,-1,-1,-1,-1,1,E01014361,0,-1
2023010441374,2023,010441374,1,1,9,99,99,9,9,99,99,0,9,99,9,99,0,1,3,7,1,12,3,-1,-1,-1,-1,6,E01004017,0,-1
2023010436321,2023,010436321,2,1,9,99,99,9,9,99,99,9,9,99,9,99,9,1,6,6,2,-1,-1,-1,-1,-1,-1,-1,-1,0,-1
2023010437224,2023,010437224,1,1,9,99,99,9,9,99,99,9,9,99,9,99,9,1,6,6,2,25,5,-1,-1,-1,-1,9,E01003802,0,-1
2023201299014,2023,201299014,1,9,0,9,9,6,3,0,0,5,0,0,0,0,1,1,6,6,1,-1,-1,-1,-1,-1,-1,-1,-1,0,-1
2023610039723,2023,610039723,2,9,0,18,19,7,3,0,0,0,0,0,0,0,1,1,1,1,1,-1,-1,-1,-1,-1,-1,2,W01000957,0,-1
2023520300709,2023,520300709,1,1,0,18,19,3,7,0,0,0,0,0,0,0,3,1,6,6,1,11,3,-1,-1,-1,-1,7,E01029164,0,-1
2023052302052,2023,052302052,1,8,0,2,2,0,0,0,0,0,0,0,0,0,3,1,1,1,3,-1,-1,-1,-1,-1,-1,-1,-1,0,-1
2023010423960,2023,010423960,3,9,0,99,99,9,9,99,99,9,9,99,9,99,1,9,6,6,3,-1,-1,-1,-1,-1,-1,3,E01000499,0,-1
2023340WN2892,2023,340WN2892,1,19,0,4,4,5,1,0,0,0,0,0,0,0,2,1,6,6,3,-1,-1,-1,-1,-1,-1,-1,-1,0,-1
2023010460521,2023,010460521,1,1,0,18,19,7,3,0,0,0,1,12,0,0,0,1,2,2,1,41,7,-1,-1,-1,-1,8,E01002993,0,-1
2023201410382,2023,201410382,1,1,0,9,9,2,1,0,0,3,0,0,0,0,1,1,1,1,3,20,4,-1,-1,-1,-1,2,E01010564,0,-1
2023201325764,2023,201325764,1,9,0,4,4,1,5,0,0,1,0,0,0,0,1,1,6,6,1,-1,-1,-1,-1,-1,-1,-1,-1,0,-1
202360A046240,2023,60A046240,2,1,0,18,19,6,2,0,0,8,0,0,0,0,4,1,2,2,1,35,6,-1,-1,-1,-1,-1,-1,0,-1
2023461310685,2023,461310685,2,1,0,18,19,6,2,0,0,1,0,0,0,0,2,1,5,6,2,11,3,-1,-1,-1,-1,7,E01024794,0,-1
2023461294732,2023,461294732,1,21,1,7,7,3,7,0,0,3,1,0,0,0,3,1,2,2,1,42,7,-1,-1,-1,-1,-1,-1,0,-1
2023041281051,2023,041281051,2,1,0,18,19,7,3,0,0,0,5,0,0,0,1,1,2,2,1,37,7,-1,-1,-1,-1,5,E01025580,0,-1
2023221375825,2023,221375825,2,1,0,18,19,1,5,0,0,0,0,0,0,0,3,1,6,6,1,18,4,-1,-1,-1,-1,-1,-1,0,-1
2023010462534,2023,010462534,2,1,0,7,7,1,3,0,0,6,0,0,0,0,1,1,6,6,1,26,6,-1,-1,-1,-1,3,E01003250,0,-1
2023461336954,2023,461336954,1,90,0,18,19,2,5,0,0,2,0,0,0,0,0,1,1,1,1,24,5,-1,-1,-1,-1,3,E01024608,0,-1
2023361334705,2023,361334705,1,9,0,18,19,3,7,0,0,1,5,0,7,0,1,1,5,6,1,62,9,-1,-1,-1,-1,6,E01026430,0,-1
2023991351081,2023,991351081,2,1,0,18,19,2,6,0,0,8,0,0,0,0,4,1,5,6,2,28,6,-1,-1,-1,-1,-1,-1,0,-1
2023430148432,2023,430148432,2,9,0,9,9,3,1,0,0,5,0,0,0,0,0,1,6,6,1,-1,-1,-1,-1,-1,-1,-1,-1,0,-1
2023440267707,2023,440267707,1,1,0,17,19,3,8,0,0,8,0,0,0,0,1,1,6,6,1,62,9,-1,-1,-1,-1,6,E01023104,0,-1
2023481369648,2023,481369648,2,1,0,18,19,5,1,2,2,0,0,0,0,0,3,1,2,2,1,24,5,-1,-1,-1,-1,-1,-1,0,-1
2023170S12383,2023,170S12383,2,9,0,18,19,6,2,0,0,1,0,0,0,0,1,1,6,6,3,-1,-1,-1,-1,-1,-1,-1,-1,0,-1
2023010424704,2023,010424704,1,19,9,99,99,9,9,99,99,9,9,99,9,99,9,9,6,6,3,-1,-1,-1,-1,-1,-1,-1,-1,0,-1
2023031324233,2023,031324233,1,97,-1,-1,-1,-1,-1,-1,-1,1,-1,-1,-1,0,-1,1,6,6,1,39,7,-1,-1,-1,-1,7,E01019214,0,-1
2023052301398,2023,052301398,1,1,0,18,19,3,7,0,0,0,0,0,0,0,3,1,6,6,1,18,4,-1,-1,-1,-1,5,E01006490,0,-1
2023010451664,2023,010451664,1,1,0,18,19,3,7,5,5,8,0,0,0,0,1,1,2,2,1,45,7,-1,-1,-1,-1,-1,-1,0,-1
2023471384368,2023,471384368,3,1,0,18,19,6,2,0,0,1,0,0,1,0,2,1,6,6,1,63,9,-1,-1,-1,-1,3,E01016881,0,-1
2023131354079,2023,131354079,2,1,0,13,13,2,2,0,0,0,0,0,0,0,3,1,6,6,1,35,6,-1,-1,-1,-1,2,E01011043,0,-1
2023131317760,2023,131317760,2,1,0,18,19,1,5,0,0,0,0,0,0,0,3,1,5,6,1,60,9,-1,-1,-1,-1,8,E01010672,0,-1
2023440068077,2023,440068077,1,1,0,18,19,4,8,0,0,2,0,0,0,0,0,1,6,6,1,64,9,-1,-1,-1,-1,9,E01022830,0,-1
2023991291491,2023,991291491,3,9,0,18,19,4,8,0,0,0,0,0,0,0,0,1,6,6,3,-1,-1,-1,-1,-1,-1,-1,-1,0,-1
2023522300862,2023,522300862,2,1,0,18,19,2,6,4,4,8,0,0,0,0,1,1,6,6,1,42,7,-1,-1,-1,-1,9,E01014557,0,-1
2023010471845,2023,010471845,2,8,0,18,19,5,1,0,0,8,0,0,0,0,1,1,6,6,1,55,8,-1,-1,-1,-1,7,E01021463,0,-1
2023041275820,2023,041275820,2,1,0,18,19,7,3,0,0,1,0,0,2,0,1,1,6,6,1,49,8,-1,-1,-1,-1,2,E01025581,0,-1
2023131270621,2023,131270621,1,23,0,-1,-1,-1,-1,-1,-1,0,-1,-1,-1,-1,-1,1,6,6,3,-1,-1,-1,-1,-1,-1,-1,-1,0,-1
2023320014649,2023,320014649,2,9,0,2,2,0,0,0,0,0,0,0,0,0,3,1,6,6,1,66,10,-1,-1,-1,-1,4,E01026169,0,-1
2023471294791,2023,471294791,1,9,0,7,7,1,5,0,0,1,0,0,0,0,1,1,6,6,1,-1,-1,-1,-1,-1,-1,-1,-1,0,-1
2023440000893,2023,440000893,1,9,0,9,9,3,7,0,0,0,0,0,0,0,3,1,6,6,2,30,6,-1,-1,-1,-1,1,E01017207,0,-1
2023010491078,2023,010491078,1,1,9,99,99,9,9,99,99,0,9,99,9,99,2,1,6,6,1,26,6,-1,-1,-1,-1,2,E01004906,0,-1
2023421284479,2023,421284479,1,11,0,18,19,3,1,0,0,4,0,0,0,0,3,1,6,6,3,-1,-1,-1,-1,-1,-1,-1,-1,0,-1
2023461348567,2023,461348567,3,9,0,2,2,4,8,0,0,1,0,0,0,0,2,1,6,6,1,43,7,-1,-1,-1,-1,3,E01024241,0,-1
2023010427798,2023,010427798,2,1,9,99,99,9,9,99,99,9,9,99,9,99,9,1,6,6,1,-1,-1,-1,-1,-1,-1,-1,-1,0,-1
2023461337092,2023,461337092,3,9,0,4,4,3,7,0,0,0,0,0,0,0,0,1,5,6,3,-1,-1,-1,-1,-1,-1,-1,-1,0,-1
2023010482759,2023,010482759,1,1,9,99,99,9,9,99,99,0,9,99,9,99,0,1,2,2,1,24,5,-1,-1,-1,-1,3,E01003250,0,-1
2023061384645,2023,061384645,1,1,0,9,9,7,4,0,0,0,2,0,0,0,1,1,1,1,1,25,5,-1,-1,-1,-1,1,E01005612,0,-1
2023332300208,2023,332300208,2,19,0,18,19,8,4,0,0,0,0,0,0,0,3,1,2,2,1,50,8,-1,-1,-1,-1,1,E01002039,0,-1
2023010451057,2023,010451057,2,1,0,18,19,5,1,0,0,2,0,0,0,0,1,1,6,6,1,31,6,-1,-1,-1,-1,1,E01002732,0,-1
2023311354995,2023,311354995,1,-1,0,4,4,7,3,7,6,0,0,0,0,0,4,1,5,6,2,13,3,-1,-1,-1,-1,6,E01028220,1,-1
2023010483821,2023,010483821,3,9,0,4,4,5,1,0,0,1,0,0,0,0,3,1,6,6,1,24,5,-1,-1,-1,-1,4,E01003148,0,-1
2023052301139,2023,052301139,1,9,0,7,7,3,6,0,0,5,0,0,0,0,4,1,6,6,3,-1,-1,-1,-1,-1,-1,-1,-1,0,-1
2023070234181,2023,070234181,1,9,0,18,19,7,3,0,0,0,0,0,0,0,1,1,6,6,1,53,8,-1,-1,-1,-1,5,E01005076,0,-1
2023481374329,2023,481374329,1,1,0,7,7,3,5,0,0,2,0,0,0,0,1,1,6,6,1,43,7,-1,-1,-1,-1,-1,-1,0,-1
2023010469120,2023,010469120,2,1,0,18,19,3,7,0,0,1,0,0,0,0,1,1,1,1,1,43,7,-1,-1,-1,-1,5,E01003945,0,-1
2023010473953,2023,010473953,1,1,9,99,99,9,9,99,99,1,9,99,9,99,0,1,2,2,1,55,8,-1,-1,-1,-1,4,E01000928,0,-1
2023010481368,2023,010481368,2,9,0,99,99,9,9,99,99,0,9,99,9,99,2,1,6,6,3,-1,-1,-1,-1,-1,-1,-1,-1,0,-1
2023351321594,2023,351321594,2,1,0,18,19,5,1,0,0,5,0,0,0,0,1,1,6,6,1,38,7,-1,-1,-1,-1,3,E01018093,0,-1
2023010474243,2023,010474243,1,1,9,99,99,9,9,99,99,0,9,99,9,99,2,1,6,6,1,37,7,-1,-1,-1,-1,2,E01001785,0,-1
2023531341640,2023,531341640,2,1,0,16,19,5,1,0,0,1,5,0,1,0,1,1,5,6,1,39,7,-1,-1,-1,-1,7,E01022411,0,-1
2023302300452,2023,302300452,2,9,0,7,7,8,2,0,0,8,0,0,0,0,1,1,6,6,2,41,7,-1,-1,-1,-1,8,E01028138,0,-1
2023411354796,2023,411354796,1,9,0,18,19,-1,-1,0,0,0,0,0,0,0,1,1,6,6,3,-1,-1,-1,-1,-1,-1,-1,-1,0,-1
2023010482294,2023,010482294,1,4,0,9,9,2,7,0,0,0,2,0,0,0,0,1,6,6,1,31,6,-1,-1,-1,-1,-1,-1,0,-1
2023451271850,2023,451271850,1,1,0,18,19,6,7,0,0,8,1,0,0,0,3,1,5,6,1,65,9,-1,-1,-1,-1,9,E01030987,0,-1
2023131377423,2023,131377423,1,19,0,-1,-1,-1,-1,-1,-1,1,-1,-1,-1,-1,-1,1,6,6,3,-1,-1,-1,-1,-1,-1,-1,-1,0,-1
2023131326564,2023,131326564,1,90,0,-1,-1,-1,-1,-1,-1,0,-1,-1,-1,-1,-1,1,6,6,3,-1,-1,-1,-1,-1,-1,-1,-1,0,-1
2023231367561,2023,231367561,1,19,0,18,19,6,2,0,0,0,0,0,0,0,4,1,6,6,3,35,6,-1,-1,-1,-1,-1,-1,0,-1
2023201374648,2023,201374648,1,9,0,18,19,7,3,0,0,1,0,0,0,0,1,1,6,6,3,25,5,-1,-1,-1,-1,-1,-1,0,-1
2023440009642,2023,440009642,1,9,0,9,9,4,8,0,0,8,1,0,0,0,3,1,6,6,2,26,6,-1,-1,-1,-1,10,E01022691,0,-1
2023361387621,2023,361387621,1,1,-1,4,4,-1,-1,0,0,2,0,0,0,0,3,1,5,6,1,44,7,-1,-1,-1,-1,1,E01026467,0,-1
2023010429436,2023,010429436,1,1,9,99,99,9,9,99,99,9,9,99,9,99,9,1,2,2,1,26,6,-1,-1,-1,-1,10,E01003402,0,-1
2023201356356,2023,201356356,2,9,0,9,9,4,2,0,0,6,0,0,0,0,3,1,6,6,1,25,5,-1,-1,-1,-1,1,E01009480,0,-1
2023101296974,2023,101296974,2,1,0,18,19,2,6,0,0,3,0,0,0,0,4,1,2,2,1,55,8,-1,-1,-1,-1,7,E01008586,0,-1
2023041294085,2023,041294085,1,9,0,4,4,3,7,0,0,1,0,0,0,0,1,1,1,1,1,21,5,-1,-1,-1,-1,4,E01025452,0,-1
2023010455888,2023,010455888,1,23,0,18,19,1,5,0,0,1,0,0,1,0,3,1,1,1,1,18,4,-1,-1,-1,-1,2,E01001008,0,-1
2023010436193,2023,010436193,1,1,9,99,99,9,9,99,99,9,9,99,9,99,9,1,2,2,2,39,7,-1,-1,-1,-1,3,E01003025,0,-1
2023010462232,2023,010462232,1,1,9,99,99,9,9,99,99,9,9,99,9,99,1,1,2,2,2,30,6,-1,-1,-1,-1,2,E01003303,0,-1
2023501287669,2023,501287669,1,9,0,18,19,3,7,0,0,0,0,0,0,0,3,1,6,6,3,-1,-1,-1,-1,-1,-1,-1,-1,0,-1
2023010465182,2023,010465182,2,1,0,9,9,1,7,0,0,1,0,0,0,0,0,1,6,6,1,49,8,-1,-1,-1,-1,6,E01001347,0,-1
2023451378168,2023,451378168,1,9,0,18,19,7,3,0,0,0,0,0,0,0,0,1,5,6,3,35,6,-1,-1,-1,-1,-1,-1,0,-1
2023552300552,2023,552300552,1,19,0,18,19,3,7,0,0,8,1,0,0,0,1,1,1,1,1,54,8,-1,-1,-1,-1,10,E01015433,0,-1
2023010473704,2023,010473704,2,19,0,99,99,9,9,99,99,9,9,99,9,99,9,9,6,6,1,-1,-1,-1,-1,-1,-1,-1,-1,0,-1
2023010439897,2023,010439897,2,1,0,14,14,3,7,0,0,1,0,4,0,0,1,1,6,6,1,31,6,-1,-1,-1,-1,2,E01003964,0,-1
2023161293688,2023,161293688,1,9,0,5,5,5,1,0,0,8,0,0,0,0,1,1,6,6,3,-1,-1,-1,-1,-1,-1,-1,-1,0,-1
2023101377735,2023,101377735,2,11,0,18,19,6,2,0,0,0,0,0,0,0,0,1,1,1,1,-1,-1,-1,-1,-1,-1,-1,-1,0,-1
2023010419729,2023,010419729,1,1,9,99,99,9,9,99,99,9,9,99,9,99,0,1,6,6,1,55,8,-1,-1,-1,-1,4,E01003913,0,-1
2023411352497,2023,411352497,1,9,0,18,19,-1,-1,0,0,8,0,0,0,0,1,1,6,6,3,-1,-1,-1,-1,-1,-1,-1,-1,0,-1
2023010465209,2023,010465209,2,1,0,18,19,5,1,0,0,1,0,0,0,0,3,1,6,6,1,31,6,-1,-1,-1,-1,4,E01000923,0,-1
2023401354695,2023,401354695,2,1,0,18,19,2,7,0,0,8,0,0,0,0,4,1,6,6,2,36,7,-1,-1,-1,-1,2,E01017594,0,-1
2023161348348,2023,161348348,2,9,0,7,7,1,7,0,0,1,0,0,0,0,1,1,6,6,3,-1,-1,-1,-1,-1,-1,-1,-1,0,-1
2023451355577,2023,451355577,1,1,0,18,19,7,3,0,0,4,0,0,0,0,1,1,5,6,1,35,6,-1,-1,-1,-1,10,E01030348,0,-1
2023430420278,2023,430420278,2,1,0,9,9,1,8,0,0,8,0,0,0,0,4,1,6,6,1,26,6,-1,-1,-1,-1,9,E01016565,0,-1
2023010470077,2023,010470077,2,9,9,99,99,9,9,99,99,9,9,99,9,99,9,1,6,6,3,-1,-1,-1,-1,-1,-1,-1,-1,0,-1
2023201367239,2023,201367239,1,1,0,5,5,7,3,9,9,6,0,0,0,0,0,1,6,6,1,4,1,-1,-1,-1,-1,1,E01032531,0,-1
2023522400061,2023,522400061,1,8,9,18,19,2,6,0,0,8,0,0,0,0,1,1,1,1,3,-1,-1,-1,-1,-1,-1,-1,-1,0,-1
2023010440654,2023,010440654,1,1,9,99,99,9,9,99,99,9,9,99,9,99,2,1,2,2,2,25,5,-1,-1,-1,-1,6,E01004485,0,-1
2023131294111,2023,131294111,2,1,0,-1,-1,-1,-1,-1,-1,0,-1,-1,-1,0,-1,1,6,6,1,42,7,-1,-1,-1,-1,7,E01010908,0,-1
202363A029123,2023,63A029123,4,9,0,2,2,0,0,0,0,0,0,0,0,0,2,1,6,6,1,83,11,-1,-1,-1,-1,-1,-1,0,-1
2023411364170,2023,411364170,1,9,0,4,4,3,7,0,0,1,0,0,0,0,1,1,5,6,1,31,6,-1,-1,-1,-1,4,E01017505,0,-1
2023531402156,2023,531402156,1,9,0,14,14,2,6,0,0,0,0,0,0,0,0,1,6,6,2,-1,-1,-1,-1,-1,-1,-1,-1,0,-1
2023991274056,2023,991274056,1,9,0,17,19,8,4,0,0,0,0,0,0,0,1,1,5,6,1,57,9,-1,-1,-1,-1,-1,-1,0,-1
2023052301644,2023,052301644,1,9,0,4,4,2,6,0,0,0,0,0,0,0,2,1,6,6,3,-1,-1,-1,-1,-1,-1,-1,-1,0,-1
2023320538001,2023,320538001,2,20,0,18,19,6,2,0,0,0,0,0,0,0,3,1,1,1,1,58,9,-1,-1,-1,-1,3,E01026043,0,-1
2023481359151,2023,481359151,1,1,0,6,6,3,3,5,5,0,0,0,0,0,3,1,1,1,1,20,4,-1,-1,-1,-1,-1,-1,0,-1
2023302301017,2023,302301017,2,9,0,18,19,4,8,0,0,0,1,0,7,4,1,1,2,2,2,27,6,-1,-1,-1,-1,9,E01028408,0,-1
2023010473924,2023,010473924,2,19,0,99,99,9,9,99,99,9,9,99,9,99,1,9,6,6,3,-1,-1,-1,-1,-1,-1,-1,-1,0,-1
2023101366644,2023,101366644,1,19,0,-1,-1,-1,-1,-1,-1,0,-1,-1,-1,0,-1,1,6,6,3,-1,-1,-1,-1,-1,-1,-1,-1,0,-1
2023221286434,2023,221286434,1,9,0,18,19,5,1,0,0,8,0,0,0,0,1,1,6,6,3,26,6,-1,-1,-1,-1,-1,-1,0,-1
2023401378079,2023,401378079,3,9,0,7,7,2,8,0,0,1,0,0,1,0,0,1,6,6,3,-1,-1,-1,-1,-1,-1,-1,-1,0,-1
2023610041023,2023,610041023,1,1,0,17,19,8,5,0,0,0,0,0,0,0,1,1,6,6,1,47,8,-1,-1,-1,-1,1,W01001073,0,-1
2023131359877,2023,131359877,1,90,0,9,9,5,3,0,0,6,0,0,0,0,1,1,6,6,3,-1,-1,-1,-1,-1,-1,-1,-1,0,-1
2023010478541,2023,010478541,2,9,9,99,99,9,9,99,99,9,9,99,9,99,9,9,6,6,3,-1,-1,-1,-1,-1,-1,-1,-1,0,-1
2023131357314,2023,131357314,1,9,0,-1,-1,-1,-1,-1,-1,-1,-1,-1,-1,-1,-1,1,6,6,3,-1,-1,-1,-1,-1,-1,-1,-1,0,-1
2023520400281,2023,520400281,2,9,0,9,9,7,5,0,0,8,0,0,0,0,9,1,6,6,3,-1,-1,-1,-1,-1,-1,-1,-1,0,-1
2023010452154,2023,010452154,2,9,0,18,19,5,1,0,0,0,0,0,1,0,4,1,6,6,3,-1,-1,-1,-1,-1,-1,-1,-1,0,-1
2023041388863,2023,041388863,1,9,0,18,19,-1,-1,0,0,-1,0,0,0,0,-1,1,6,6,3,-1,-1,-1,-1,-1,-1,-1,-1,0,-1
2023010427683,2023,010427683,2,1,9,99,99,9,9,99,99,9,9,99,9,99,9,1,6,6,2,-1,-1,-1,-1,-1,-1,6,E01003398,0,-1
2023201459064,2023,201459064,1,9,0,18,19,7,4,0,0,0,0,0,0,0,1,1,2,2,2,-1,-1,-1,-1,-1,-1,5,E01009046,0,-1
2023430124247,2023,430124247,2,9,0,18,19,6,2,0,0,0,0,0,0,0,1,1,6,6,2,44,7,-1,-1,-1,-1,1,E01016845,0,-1
2023010432380,2023,010432380,1,1,9,99,99,9,9,99,99,9,9,99,9,99,9,1,6,6,2,52,8,-1,-1,-1,-1,3,E01004034,0,-1
2023052301894,2023,052301894,1,97,0,17,19,1,5,0,0,0,0,0,0,0,1,1,6,6,1,18,4,-1,-1,-1,-1,2,E01006449,0,-1
2023430085078,2023,430085078,1,9,0,18,19,1,5,0,0,1,0,0,0,0,1,1,6,6,2,60,9,-1,-1,-1,-1,-1,-1,0,-1
2023010459464,2023,010459464,2,11,9,99,99,9,9,99,99,9,9,99,9,99,9,9,6,6,3,-1,-1,-1,-1,-1,-1,-1,-1,0,-1
2023131366939,2023,131366939,2,1,0,18,19,1,1,4,4,1,0,0,0,0,1,1,6,6,2,27,6,-1,-1,-1,-1,2,E01033031,0,-1
2023041264635,2023,041264635,1,9,0,16,19,5,1,0,0,0,1,0,1,0,1,1,5,6,1,17,4,-1,-1,-1,-1,7,E01025609,0,-1
2023430032809,2023,430032809,2,9,0,18,19,2,6,0,0,0,0,0,0,0,1,1,6,6,3,-1,-1,-1,-1,-1,-1,-1,-1,0,-1
2023061301066,2023,061301066,2,1,-1,-1,-1,-1,-1,-1,-1,-1,-1,-1,-1,0,-1,1,6,6,1,27,6,-1,-1,-1,-1,3,E01005241,0,-1
2023170S31783,2023,170S31783,1,1,0,12,12,3,7,0,0,1,0,0,0,0,1,1,6,6,1,52,8,-1,-1,-1,-1,9,E01012346,0,-1
2023131343049,2023,131343049,2,1,0,18,19,7,3,0,0,1,0,0,0,0,1,1,6,6,1,6,2,-1,-1,-1,-1,1,E01010996,0,-1
2023010457945,2023,010457945,2,-1,0,99,99,9,9,0,0,9,0,99,0,0,9,9,6,6,1,-1,-1,-1,-1,-1,-1,-1,-1,1,-1
2023520301392,2023,520301392,1,9,0,7,7,4,6,0,0,1,0,0,0,0,1,1,6,6,1,78,11,-1,-1,-1,-1,5,E01029327,0,-1
2023041288375,2023,041288375,1,9,0,9,9,4,2,0,0,1,0,0,0,0,0,1,6,6,3,-1,-1,-1,-1,-1,-1,-1,-1,0,-1
2023351289073,2023,351289073,1,9,0,18,19,-1,-1,0,0,1,0,0,0,0,1,1,6,6,3,-1,-1,-1,-1,-1,-1,-1,-1,0,-1
2023131390269,2023,131390269,1,9,0,-1,-1,-1,-1,-1,-1,0,-1,-1,-1,0,-1,1,6,6,3,-1,-1,-1,-1,-1,-1,-1,-1,0,-1
2023461281602,2023,461281602,2,90,0,18,19,6,4,0,0,1,0,0,0,0,1,1,5,6,1,29,6,-1,-1,-1,-1,2,E01023974,0,-1
2023041325928,2023,041325928,1,1,0,18,19,3,7,0,0,0,0,0,0,0,1,1,5,6,1,23,5,-1,-1,-1,-1,7,E01025593,0,-1
2023440356737,2023,440356737,2,97,0,18,19,8,4,0,0,1,0,0,0,0,1,1,6,6,1,46,8,-1,-1,-1,-1,7,E01022962,0,-1
2023131302342,2023,131302342,2,1,0,18,19,1,4,0,0,0,0,0,0,0,1,1,5,6,1,7,2,-1,-1,-1,-1,1,E01010755,0,-1
2023161335589,2023,161335589,2,1,0,18,19,2,6,0,0,0,0,0,0,0,1,1,6,6,1,47,8,-1,-1,-1,-1,-1,-1,0,-1
2023070521585,2023,070521585,1,1,0,18,19,6,2,0,0,4,0,9,0,10,1,1,6,6,1,20,4,-1,-1,-1,-1,-1,-1,0,-1
2023010475725,2023,010475725,2,3,0,13,13,8,4,0,0,1,1,0,0,0,1,1,1,1,1,31,6,-1,-1,-1,-1,7,E01002474,0,-1
2023201309923,2023,201309923,2,8,0,18,19,6,2,0,0,6,0,0,0,0,1,1,1,1,1,42,7,-1,-1,-1,-1,2,E01009383,0,-1
2023531356530,2023,531356530,2,1,0,18,19,3,7,0,0,8,0,0,0,0,1,1,2,2,1,60,9,-1,-1,-1,-1,9,E01022143,0,-1
2023201411265,2023,201411265,1,9,0,18,19,5,1,0,0,0,0,0,0,0,0,1,6,6,3,-1,-1,-1,-1,-1,-1,-1,-1,0,-1
2023411360084,2023,411360084,4,20,0,4,4,2,4,0,0,0,2,0,0,0,3,1,1,1,1,22,5,-1,-1,-1,-1,-1,-1,0,-1
2023543604523,2023,543604523,1,11,0,12,12,1,5,0,0,1,0,0,0,0,3,1,6,6,3,-1,-1,-1,-1,-1,-1,-1,-1,0,-1
202360A104811,2023,60A104811,1,9,0,3,3,1,5,0,0,1,1,0,0,0,1,1,1,1,1,42,7,-1,-1,-1,-1,-1,-1,0,-1
2023101337713,2023,101337713,2,-1,0,18,19,5,1,0,0,2,5,0,0,0,1,1,5,6,1,11,3,-1,-1,-1,-1,-1,-1,1,-1
2023991313633,2023,991313633,1,9,0,5,5,7,3,0,0,4,0,0,0,0,0,1,6,6,3,30,6,-1,-1,-1,-1,-1,-1,0,-1
2023461282152,2023,461282152,1,1,0,18,19,1,5,5,5,0,5,0,0,0,1,1,5,6,1,14,3,-1,-1,-1,-1,-1,-1,0,-1
2023430494632,2023,430494632,2,1,0,18,19,4,8,0,0,0,0,0,0,0,2,1,3,7,2,45,7,-1,-1,-1,-1,2,E01028577,0,-1
2023101390301,2023,101390301,3,9,0,4,4,8,4,0,0,0,0,0,0,0,0,1,6,6,1,-1,-1,-1,-1,-1,-1,-1,-1,0,-1
2023161295641,2023,161295641,2,1,0,18,19,3,7,0,0,8,0,0,0,0,4,1,6,6,2,-1,-1,-1,-1,-1,-1,-1,-1,0,-1
2023421362674,2023,421362674,2,9,0,18,19,6,2,0,0,0,0,0,0,0,1,1,6,6,1,36,7,-1,-1,-1,-1,7,E01021416,0,-1
2023010427382,2023,010427382,1,1,9,99,99,9,9,99,99,9,9,99,9,99,9,1,2,2,1,27,6,-1,-1,-1,-1,4,E01004254,0,-1
2023302300124,2023,302300124,2,9,0,9,9,4,2,0,0,0,0,0,0,0,0,1,6,6,3,-1,-1,-1,-1,-1,-1,5,E01019456,0,-1