collision_index,collision_year,collision_ref_no,vehicle_reference,vehicle_type,towing_and_articulation,vehicle_manoeuvre_historic,vehicle_manoeuvre,vehicle_direction_from,vehicle_direction_to,vehicle_location_restricted_lane_historic,vehicle_location_restricted_lane,junction_location,skidding_and_overturning,hit_object_in_carriageway,vehicle_leaving_carriageway,hit_object_off_carriageway,first_point_of_impact,vehicle_left_hand_drive,journey_purpose_of_driver_historic,journey_purpose_of_driver,sex_of_driver,age_of_driver,age_band_of_driver,engine_capacity_cc,propulsion_code,age_of_vehicle,generic_make_model,driver_imd_decile,lsoa_of_driver,escooter_flag,driver_distance_banding
2023351295916,2023,351295916,1,9,4,18,19,7,3,0,0,1,0,0,1,9,1,1,1,1,1,18,4,-1,-1,-1,-1,6,E01018208,0,-1
2023131291469,2023,131291469,2,9,0,9,9,6,4,0,0,0,0,0,0,0,4,1,1,1,1,28,6,-1,-1,-1,-1,2,E01011237,0,-1
2023501317468,2023,501317468,2,1,0,18,19,7,3,0,0,8,5,0,0,0,1,1,6,6,1,57,9,-1,-1,-1,-1,3,E01018937,0,-1
2023041300233,2023,041300233,1,11,0,18,19,-1,-1,0,0,0,0,0,0,0,-1,1,1,1,3,-1,-1,-1,-1,-1,-1,-1,-1,0,-1
2023451335320,2023,451335320,1,9,0,18,19,1,5,0,0,1,0,0,0,0,4,1,6,6,3,45,7,-1,-1,-1,-1,-1,-1,0,-1
2023531311510,2023,531311510,1,1,0,9,9,4,8,0,0,6,0,0,0,0,3,1,1,1,1,38,7,-1,-1,-1,-1,3,E01022294,0,-1
2023421364877,2023,421364877,1,9,0,18,19,5,1,0,0,1,0,0,0,0,1,1,6,6,3,30,6,-1,-1,-1,-1,-1,-1,0,-1
2023041327999,2023,041327999,1,23,0,17,19,5,1,0,0,5,0,0,0,0,1,1,6,6,1,20,4,-1,-1,-1,-1,2,E01025044,0,-1
2023201314982,2023,201314982,2,9,0,9,9,2,8,0,0,6,0,0,0,0,1,1,1,1,3,-1,-1,-1,-1,-1,-1,-1,-1,0,-1
2023401366886,2023,401366886,1,9,0,4,4,5,1,0,0,0,0,0,0,0,1,1,6,6,3,-1,-1,-1,-1,-1,-1,-1,-1,0,-1
2023010443448,2023,010443448,1,1,0,99,99,9,9,0,0,8,0,0,1,0,4,1,6,6,1,18,4,-1,-1,-1,-1,9,E01002926,0,-1
2023010419201,2023,010419201,1,1,0,18,19,7,3,0,0,2,0,0,0,0,1,1,6,6,1,22,5,-1,-1,-1,-1,10,E01026413,0,-1
2023010423780,2023,010423780,1,1,9,99,99,9,9,99,99,9,9,99,9,99,9,1,6,6,3,-1,-1,-1,-1,-1,-1,-1,-1,0,-1
2023501292611,2023,501292611,2,1,0,18,19,5,1,0,0,0,0,0,0,0,1,1,6,6,1,61,9,-1,-1,-1,-1,5,E01018992,0,-1
2023201440611,2023,201440611,2,9,0,18,19,6,2,0,0,0,0,0,0,0,4,1,6,6,1,54,8,-1,-1,-1,-1,1,E01010416,0,-1
2023461361857,2023,461361857,1,9,0,18,19,3,7,0,0,0,0,0,0,0,1,1,6,6,1,44,7,-1,-1,-1,-1,5,E01016088,0,-1
2023101321313,2023,101321313,1,19,0,18,19,2,6,0,0,8,0,0,0,0,1,1,6,6,2,-1,-1,-1,-1,-1,-1,-1,-1,0,-1
2023061353956,2023,061353956,2,1,0,18,19,8,4,0,0,1,0,0,0,0,1,1,2,2,1,41,7,-1,-1,-1,-1,-1,-1,0,-1
2023471323203,2023,471323203,2,1,0,18,19,8,4,0,0,0,0,0,0,0,3,1,6,6,1,47,8,-1,-1,-1,-1,9,E01020948,0,-1
2023451331859,2023,451331859,1,22,0,18,19,5,1,0,0,0,0,0,0,0,0,1,6,6,2,77,11,-1,-1,-1,-1,9,E01030991,0,-1
2023320351028,2023,320351028,5,9,0,18,19,4,8,0,0,0,0,0,1,0,1,1,6,6,1,42,7,-1,-1,-1,-1,5,E01026145,0,-1
2023430500416,2023,430500416,1,1,0,18,19,3,7,0,0,4,0,0,0,0,3,1,2,2,1,20,4,-1,-1,-1,-1,6,E01033306,0,-1
2023522301121,2023,522301121,1,9,0,9,9,8,5,0,0,6,0,0,0,0,2,1,6,6,3,-1,-1,-1,-1,-1,-1,-1,-1,0,-1
2023141270792,2023,141270792,1,9,0,18,19,5,1,0,0,0,0,0,0,0,2,1,6,6,1,55,8,-1,-1,-1,-1,-1,-1,0,-1
2023340NN2912,2023,340NN2912,1,-1,0,18,19,2,6,9,9,1,0,0,0,0,0,1,6,6,1,57,9,-1,-1,-1,-1,1,E01027231,1,-1
2023461291343,2023,461291343,1,9,0,5,5,8,4,0,0,0,0,0,0,0,4,1,6,6,2,24,5,-1,-1,-1,-1,6,E01000332,0,-1
2023471302833,2023,471302833,2,1,0,18,19,5,1,0,0,8,0,0,0,0,1,1,2,2,1,65,9,-1,-1,-1,-1,9,E01016924,0,-1
2023501352046,2023,501352046,2,1,0,17,19,8,6,0,0,8,0,0,0,0,4,1,6,6,1,33,6,-1,-1,-1,-1,1,E01018910,0,-1
2023430407852,2023,430407852,1,9,0,18,19,5,1,0,0,2,0,0,0,0,1,1,6,6,1,-1,-1,-1,-1,-1,-1,-1,-1,0,-1
2023451274872,2023,451274872,3,98,0,18,19,1,3,0,0,1,0,0,0,0,1,1,6,6,3,25,5,-1,-1,-1,-1,-1,-1,0,-1
2023161393811,2023,161393811,1,1,0,3,3,3,1,0,0,1,0,0,0,0,1,1,6,6,1,51,8,-1,-1,-1,-1,-1,-1,0,-1
2023430452314,2023,430452314,1,5,0,18,19,8,4,0,0,8,0,0,0,0,4,1,6,6,1,38,7,-1,-1,-1,-1,8,E01003873,0,-1
2023010433264,2023,010433264,1,1,9,99,99,9,9,99,99,9,9,99,9,99,9,1,2,2,2,30,6,-1,-1,-1,-1,3,E01033583,0,-1
2023122300504,2023,122300504,2,9,4,17,19,2,7,0,0,0,0,0,1,4,1,1,1,1,1,53,8,-1,-1,-1,-1,6,E01010590,0,-1
2023302300473,2023,302300473,3,9,0,3,3,6,4,0,0,2,0,0,0,0,2,1,6,6,1,28,6,-1,-1,-1,-1,2,E01019471,0,-1
2023061317948,2023,061317948,1,9,0,18,19,2,6,0,0,1,0,0,0,0,1,1,6,6,3,30,6,-1,-1,-1,-1,-1,-1,0,-1
2023201393296,2023,201393296,1,9,0,9,9,8,6,0,0,2,0,0,0,0,4,1,6,6,1,-1,-1,-1,-1,-1,-1,-1,-1,0,-1
2023070521585,2023,070521585,2,9,0,18,19,6,2,0,0,3,0,0,0,0,0,1,6,6,2,33,6,-1,-1,-1,-1,-1,-1,0,-1
2023010483431,2023,010483431,2,1,0,9,9,1,7,0,0,1,0,0,1,0,1,1,6,6,1,53,8,-1,-1,-1,-1,3,E01001752,0,-1
2023010487342,2023,010487342,2,9,0,15,15,3,7,0,0,3,0,0,0,0,1,1,6,6,3,-1,-1,-1,-1,-1,-1,-1,-1,0,-1
2023430348534,2023,430348534,2,9,0,16,19,3,4,0,0,0,0,0,0,0,2,1,6,6,1,30,6,-1,-1,-1,-1,-1,-1,0,-1
2023440010516,2023,440010516,2,1,0,18,19,4,1,0,0,1,1,0,0,0,0,1,6,6,1,57,9,-1,-1,-1,-1,4,E01017341,0,-1
2023351270998,2023,351270998,1,9,0,18,19,-1,-1,9,9,0,0,0,7,0,1,1,6,6,3,-1,-1,-1,-1,-1,-1,-1,-1,0,-1
2023421320479,2023,421320479,2,9,0,17,19,3,7,0,0,1,0,0,0,0,1,1,6,6,2,43,7,-1,-1,-1,-1,5,E01021880,0,-1
2023421392768,2023,421392768,2,9,0,18,19,7,3,0,0,0,0,0,0,0,0,1,2,2,1,29,6,-1,-1,-1,-1,4,E01023779,0,-1
2023010453027,2023,010453027,2,9,0,18,19,2,6,0,0,0,0,0,0,0,1,1,6,6,3,-1,-1,-1,-1,-1,-1,-1,-1,0,-1
202360A010468,2023,60A010468,1,9,0,18,19,7,3,0,0,0,0,0,0,0,1,1,6,6,1,-1,-1,-1,-1,-1,-1,-1,-1,0,-1
2023631372891,2023,631372891,1,90,0,9,9,7,3,0,0,8,0,0,0,0,3,1,2,2,2,19,4,-1,-1,-1,-1,6,W01000539,0,-1
2023991373798,2023,991373798,1,9,0,5,5,8,5,0,0,6,0,0,0,0,1,1,6,6,2,-1,-1,-1,-1,-1,-1,-1,-1,0,-1
2023052300937,2023,052300937,2,1,0,18,19,8,4,0,0,8,0,0,0,0,1,1,6,6,1,19,4,-1,-1,-1,-1,7,E01006580,0,-1
2023471270460,2023,471270460,1,11,0,18,19,5,1,0,0,1,0,0,0,0,4,1,6,6,3,-1,-1,-1,-1,-1,-1,-1,-1,0,-1
2023041274464,2023,041274464,2,1,0,9,9,3,1,0,0,0,0,0,0,0,-1,1,6,6,1,48,8,-1,-1,-1,-1,6,E01025179,0,-1
2023141324531,2023,141324531,2,1,0,18,19,8,5,9,9,1,5,0,0,0,4,1,6,6,1,23,5,-1,-1,-1,-1,6,E01007620,0,-1
2023010428148,2023,010428148,2,1,0,18,19,1,5,0,0,0,9,10,1,0,4,1,6,6,1,32,6,-1,-1,-1,-1,2,E01004242,0,-1
2023010468923,2023,010468923,1,1,9,99,99,9,9,99,99,9,9,99,9,99,2,1,2,2,2,27,6,-1,-1,-1,-1,4,E01002018,0,-1
2023170M11953,2023,170M11953,1,19,0,3,3,8,4,0,0,0,0,0,0,0,2,1,1,1,1,46,8,-1,-1,-1,-1,7,E01012152,0,-1
2023201375393,2023,201375393,1,-1,0,9,9,1,5,0,0,5,0,0,0,0,1,1,5,6,1,15,3,-1,-1,-1,-1,1,E01010039,1,-1
2023201430147,2023,201430147,1,9,0,18,19,1,5,0,0,1,0,0,0,0,1,1,6,6,3,-1,-1,-1,-1,-1,-1,-1,-1,0,-1
2023010463613,2023,010463613,2,9,9,99,99,9,9,99,99,0,9,99,9,99,9,9,6,6,3,-1,-1,-1,-1,-1,-1,-1,-1,0,-1
2023070866538,2023,070866538,1,9,0,18,19,3,7,0,0,8,0,0,0,0,4,2,6,6,3,-1,-1,-1,-1,-1,-1,-1,-1,0,-1
2023411291369,2023,411291369,2,1,-1,-1,-1,-1,-1,-1,-1,-1,-1,-1,-1,0,-1,1,2,2,1,49,8,-1,-1,-1,-1,9,E01023713,0,-1
2023311321849,2023,311321849,2,9,0,18,19,-1,-1,0,0,-1,0,0,0,0,-1,1,6,6,3,-1,-1,-1,-1,-1,-1,-1,-1,0,-1
2023531375761,2023,531375761,2,1,0,18,19,5,1,5,5,0,0,0,0,0,1,1,6,6,2,52,8,-1,-1,-1,-1,5,E01022325,0,-1
2023141388316,2023,141388316,2,1,0,7,7,7,2,0,0,0,5,0,0,0,3,1,6,6,1,19,4,-1,-1,-1,-1,2,E01007796,0,-1
2023440067570,2023,440067570,2,1,0,18,19,5,1,0,0,1,0,0,0,0,3,1,6,6,1,36,7,-1,-1,-1,-1,4,E01022734,0,-1
2023052300247,2023,052300247,1,9,0,18,19,5,1,0,0,8,0,0,0,0,1,1,6,6,2,43,7,-1,-1,-1,-1,1,E01006981,0,-1
2023010444026,2023,010444026,1,11,0,9,9,3,1,0,0,8,0,0,0,0,1,1,6,6,3,-1,-1,-1,-1,-1,-1,-1,-1,0,-1
2023010475761,2023,010475761,1,9,0,99,99,9,9,99,99,0,9,99,9,99,2,9,2,2,1,46,8,-1,-1,-1,-1,1,E01000061,0,-1
2023622300302,2023,622300302,2,1,0,18,19,1,5,0,0,1,0,0,0,0,1,1,6,6,1,55,8,-1,-1,-1,-1,2,W01001255,0,-1
2023061349703,2023,061349703,1,9,0,4,4,3,7,0,0,0,0,0,0,0,1,1,6,6,3,-1,-1,-1,-1,-1,-1,-1,-1,0,-1
2023131261070,2023,131261070,2,1,0,-1,-1,1,5,-1,-1,-1,-1,-1,-1,-1,1,1,6,6,1,17,4,-1,-1,-1,-1,3,E01010761,0,-1
2023010469273,2023,010469273,2,1,0,13,13,5,1,0,0,1,0,0,0,0,3,1,2,2,1,20,4,-1,-1,-1,-1,2,E01001447,0,-1
2023471308173,2023,471308173,1,9,0,16,19,1,5,0,0,1,0,11,0,0,1,1,1,1,1,37,7,-1,-1,-1,-1,6,E01030819,0,-1
2023010469744,2023,010469744,2,9,0,99,99,9,9,99,99,9,9,99,9,99,9,9,6,6,3,45,7,-1,-1,-1,-1,3,E01003606,0,-1
2023430491156,2023,430491156,2,9,0,3,3,7,3,0,0,1,0,0,0,0,2,1,6,6,2,50,8,-1,-1,-1,-1,-1,-1,0,-1
2023161293688,2023,161293688,2,1,0,5,5,3,7,0,0,8,0,0,0,0,1,1,6,6,1,35,6,-1,-1,-1,-1,1,E01012845,0,-1
2023052302110,2023,052302110,1,9,0,18,19,5,1,0,0,0,0,0,0,0,1,1,6,6,1,-1,-1,-1,-1,-1,-1,-1,-1,0,-1
2023430515739,2023,430515739,1,9,0,18,19,5,1,0,0,1,0,0,0,0,3,1,6,6,1,-1,-1,-1,-1,-1,-1,-1,-1,0,-1
2023111277446,2023,111277446,1,9,0,18,19,1,5,0,0,0,0,0,0,0,3,1,5,6,2,65,9,-1,-1,-1,-1,10,E01020713,0,-1
2023122301087,2023,122301087,1,1,0,18,19,1,5,0,0,0,0,0,1,9,3,1,6,6,2,45,7,-1,-1,-1,-1,8,E01027838,0,-1
2023061325285,2023,061325285,1,9,-1,-1,-1,-1,-1,-1,-1,0,-1,-1,-1,0,-1,1,6,6,3,-1,-1,-1,-1,-1,-1,-1,-1,0,-1
2023430417257,2023,430417257,2,1,0,18,19,2,6,0,0,6,0,0,0,0,1,1,6,6,1,14,3,-1,-1,-1,-1,-1,-1,0,-1
2023440197159,2023,440197159,1,9,0,18,19,6,2,0,0,0,0,0,0,0,4,1,6,6,3,-1,-1,-1,-1,-1,-1,-1,-1,0,-1
2023070342427,2023,070342427,1,9,0,5,5,7,3,9,9,0,0,4,0,4,1,1,6,6,2,56,9,-1,-1,-1,-1,9,E01012375,0,-1
2023421384466,2023,421384466,1,21,0,12,12,7,3,0,0,0,0,0,0,0,1,2,1,1,2,42,7,-1,-1,-1,-1,-1,-1,0,-1
2023010464558,2023,010464558,1,1,9,99,99,9,9,99,99,9,9,99,9,99,9,1,2,2,1,35,6,-1,-1,-1,-1,4,E01004412,0,-1
2023461315879,2023,461315879,1,9,0,18,19,3,7,0,0,0,0,0,0,0,1,1,6,6,3,-1,-1,-1,-1,-1,-1,-1,-1,0,-1
2023471309008,2023,471309008,1,9,0,18,19,3,7,0,0,0,0,0,0,0,3,1,6,6,3,-1,-1,-1,-1,-1,-1,-1,-1,0,-1
2023010450111,2023,010450111,1,1,9,99,99,9,9,99,99,9,9,99,9,99,9,1,2,2,1,25,5,-1,-1,-1,-1,3,E01001942,0,-1
2023302301336,2023,302301336,2,11,0,2,2,0,0,0,0,1,0,0,0,0,0,1,1,1,3,-1,-1,-1,-1,-1,-1,5,E01019456,0,-1
2023010453800,2023,010453800,2,1,0,9,9,1,8,0,0,1,0,0,0,0,3,1,6,6,2,56,9,-1,-1,-1,-1,2,E01002002,0,-1
2023461331882,2023,461331882,1,9,0,18,19,5,1,0,0,0,0,0,0,0,4,1,6,6,3,-1,-1,-1,-1,-1,-1,-1,-1,0,-1
2023411315511,2023,411315511,1,1,0,18,19,8,4,9,9,0,0,0,0,0,3,1,6,6,1,-1,-1,-1,-1,-1,-1,-1,-1,0,-1
2023501341993,2023,501341993,2,9,0,18,19,3,7,0,0,1,0,0,0,0,4,1,5,6,2,22,5,-1,-1,-1,-1,10,E01015433,0,-1
2023161309920,2023,161309920,3,19,0,18,19,5,1,0,0,1,1,0,0,0,1,1,6,6,3,-1,-1,-1,-1,-1,-1,-1,-1,0,-1
2023340WN2492,2023,340WN2492,1,9,0,14,14,8,4,0,0,0,0,10,1,0,3,1,6,6,1,56,9,-1,-1,-1,-1,7,E01027305,0,-1
2023141275408,2023,141275408,2,97,0,9,9,2,8,0,0,6,0,0,0,0,1,1,5,6,1,16,4,-1,-1,-1,-1,1,E01007943,0,-1
2023520300606,2023,520300606,1,9,0,18,19,7,3,0,0,0,0,0,0,0,1,1,6,6,2,19,4,-1,-1,-1,-1,7,E01032108,0,-1
2023131300082,2023,131300082,2,1,0,18,19,3,7,0,0,1,0,0,0,0,3,1,6,6,1,25,5,-1,-1,-1,-1,5,E01011435,0,-1
2023320138652,2023,320138652,1,21,0,17,19,4,8,6,6,0,0,0,0,0,1,1,1,1,1,47,8,-1,-1,-1,-1,1,E01026126,0,-1
2023401303999,2023,401303999,1,9,0,18,19,5,1,0,0,4,0,0,0,0,1,1,6,6,1,-1,-1,-1,-1,-1,-1,-1,-1,0,-1
2023061346809,2023,061346809,2,1,0,18,19,3,7,0,0,1,0,0,0,0,1,1,5,6,1,15,3,-1,-1,-1,-1,-1,-1,0,-1
2023010450373,2023,010450373,1,1,9,99,99,9,9,99,99,0,9,99,9,99,1,1,2,2,1,26,6,-1,-1,-1,-1,2,E01004224,0,-1
2023131314801,2023,131314801,2,1,0,9,9,7,1,0,0,2,0,0,0,0,3,1,6,6,1,22,5,-1,-1,-1,-1,7,E01011442,0,-1
2023010419419,2023,010419419,1,1,9,99,99,9,9,99,99,9,9,99,9,99,2,1,2,2,1,33,6,-1,-1,-1,-1,8,E01004502,0,-1
2023010450367,2023,010450367,1,1,9,99,99,9,9,99,99,9,9,99,9,99,9,1,2,2,1,47,8,-1,-1,-1,-1,10,E01000830,0,-1
2023201416162,2023,201416162,2,19,0,18,19,7,3,0,0,1,0,0,0,0,1,1,1,1,2,24,5,-1,-1,-1,-1,3,E01009768,0,-1
202354C750223,2023,54C750223,2,9,0,18,19,4,3,0,0,4,0,0,0,0,2,1,6,6,1,28,6,-1,-1,-1,-1,2,W01001466,0,-1
2023052302326,2023,052302326,1,9,0,2,2,0,0,0,0,0,0,0,0,0,3,1,2,2,1,35,6,-1,-1,-1,-1,3,E01007217,0,-1
2023501291471,2023,501291471,2,9,0,18,19,4,1,0,0,1,0,0,0,0,1,1,6,6,3,-1,-1,-1,-1,-1,-1,-1,-1,0,-1
2023451376825,2023,451376825,1,9,0,18,19,1,1,0,0,0,0,0,0,0,2,1,1,1,1,60,9,-1,-1,-1,-1,9,E01022674,0,-1
2023010478849,2023,010478849,1,19,0,99,99,9,9,99,99,9,9,99,9,99,0,9,6,6,3,-1,-1,-1,-1,-1,-1,-1,-1,0,-1
2023311378194,2023,311378194,2,1,0,18,19,2,6,0,0,1,1,0,0,0,0,1,5,6,1,44,7,-1,-1,-1,-1,-1,-1,0,-1
2023610030223,2023,610030223,2,1,0,7,7,5,7,0,0,8,0,0,0,0,1,1,6,6,1,15,3,-1,-1,-1,-1,2,W01001393,0,-1
2023610022823,2023,610022823,1,9,0,18,19,1,5,0,0,0,0,0,0,0,4,1,6,6,1,81,11,-1,-1,-1,-1,-1,-1,0,-1
2023010461378,2023,010461378,1,1,0,5,5,5,1,0,0,1,0,0,0,0,1,1,2,2,1,39,7,-1,-1,-1,-1,3,E01000800,0,-1
2023552300158,2023,552300158,2,1,0,18,19,6,2,0,0,8,0,0,0,0,1,1,2,2,1,24,5,-1,-1,-1,-1,6,E01015454,0,-1
2023361297306,2023,361297306,2,1,0,18,19,7,4,0,0,8,0,0,0,0,4,1,5,6,2,58,9,-1,-1,-1,-1,4,E01026499,0,-1
2023501327709,2023,501327709,2,1,0,18,19,1,5,0,0,1,5,0,0,0,1,1,6,6,1,26,6,-1,-1,-1,-1,3,E01015162,0,-1
2023201284317,2023,201284317,1,9,0,18,19,8,4,0,0,1,0,0,0,0,1,1,6,6,3,30,6,-1,-1,-1,-1,-1,-1,0,-1
2023201327708,2023,201327708,2,1,0,18,19,3,7,0,0,8,0,0,0,0,3,1,6,6,1,45,7,-1,-1,-1,-1,3,E01009553,0,-1
2023010482929,2023,010482929,2,1,0,4,4,1,5,0,0,8,2,0,0,0,4,1,6,6,1,27,6,-1,-1,-1,-1,1,E01001358,0,-1
2023201384292,2023,201384292,1,9,0,18,19,4,8,0,0,0,0,0,0,0,1,1,6,6,3,17,4,-1,-1,-1,-1,-1,-1,0,-1
2023552300740,2023,552300740,2,1,0,5,5,5,1,0,0,0,0,0,0,0,2,1,6,6,1,50,8,-1,-1,-1,-1,9,E01020417,0,-1
2023061337129,2023,061337129,2,1,-1,-1,-1,-1,-1,-1,-1,0,-1,-1,-1,0,-1,1,6,6,2,45,7,-1,-1,-1,-1,1,E01005599,0,-1
2023010480855,2023,010480855,2,1,0,18,19,1,5,0,0,2,0,0,0,0,3,1,1,1,1,62,9,-1,-1,-1,-1,9,E01015646,0,-1
2023471283646,2023,471283646,1,1,0,18,19,5,1,0,0,1,0,0,0,0,4,1,4,7,1,13,3,-1,-1,-1,-1,5,E01031818,0,-1
2023361390896,2023,361390896,1,9,0,18,19,1,5,0,0,1,0,0,0,0,1,1,6,6,1,69,10,-1,-1,-1,-1,8,E01026912,0,-1
2023010478170,2023,010478170,1,1,9,99,99,9,9,99,99,9,9,8,9,99,1,1,2,2,1,22,5,-1,-1,-1,-1,2,E01032562,0,-1
2023421390377,2023,421390377,1,9,0,4,4,6,2,0,0,1,0,0,0,0,1,1,6,6,2,22,5,-1,-1,-1,-1,-1,-1,0,-1
202354D285023,2023,54D285023,2,1,0,8,8,6,8,0,0,6,0,0,0,0,1,1,2,2,2,56,9,-1,-1,-1,-1,8,E01031932,0,-1
2023221328236,2023,221328236,1,1,0,18,19,5,1,0,0,8,0,0,0,0,1,1,5,6,1,59,9,-1,-1,-1,-1,8,E01032218,0,-1
2023101349133,2023,101349133,1,9,0,1,1,7,4,9,9,0,0,0,0,0,2,1,6,6,2,81,11,-1,-1,-1,-1,-1,-1,0,-1
2023430567945,2023,430567945,2,1,0,18,19,5,1,0,0,0,0,0,0,0,4,1,4,7,1,16,4,-1,-1,-1,-1,8,E01028595,0,-1
2023010462411,2023,010462411,2,1,0,18,19,5,1,0,0,1,0,0,0,0,1,1,2,2,1,22,5,-1,-1,-1,-1,3,E01004735,0,-1
2023430005957,2023,430005957,1,9,0,18,19,1,5,0,0,0,0,0,0,0,1,1,6,6,2,44,7,-1,-1,-1,-1,10,E01028661,0,-1
2023131352555,2023,131352555,2,1,0,9,9,1,7,0,0,8,0,0,0,0,4,1,4,7,3,20,4,-1,-1,-1,-1,2,E01011324,0,-1
2023531375185,2023,531375185,1,90,0,7,7,3,7,9,9,1,0,0,0,0,-1,1,6,6,3,-1,-1,-1,-1,-1,-1,-1,-1,0,-1
2023201408771,2023,201408771,2,1,-1,18,19,2,6,0,0,8,0,0,0,0,2,1,1,1,1,20,4,-1,-1,-1,-1,4,E01010072,0,-1
2023401394791,2023,401394791,2,90,0,18,19,6,2,0,0,2,0,0,0,0,3,1,1,1,1,17,4,-1,-1,-1,-1,2,E01017472,0,-1
2023010450565,2023,010450565,2,1,0,18,19,1,5,0,0,0,0,0,0,0,0,1,6,6,1,48,8,-1,-1,-1,-1,8,E01002657,0,-1
2023061310619,2023,061310619,2,9,0,18,19,2,7,0,0,0,0,0,0,0,1,1,2,2,2,-1,-1,-1,-1,-1,-1,3,E01005686,0,-1
202354B412423,2023,54B412423,3,9,0,10,10,8,4,0,0,0,0,0,0,0,2,1,6,6,1,26,6,-1,-1,-1,-1,3,W01001154,0,-1
2023552300347,2023,552300347,1,9,0,18,19,3,7,0,0,0,0,0,0,0,4,1,6,6,3,-1,-1,-1,-1,-1,-1,-1,-1,0,-1
2023010458543,2023,010458543,2,9,0,99,99,9,9,99,99,9,9,99,9,99,2,9,6,6,3,-1,-1,-1,-1,-1,-1,-1,-1,0,-1
2023522301626,2023,522301626,2,19,0,7,7,7,2,0,0,6,0,0,0,0,1,1,6,6,1,64,9,-1,-1,-1,-1,9,E01014998,0,-1
2023010425014,2023,010425014,1,1,9,99,99,9,9,99,99,9,9,99,9,99,9,1,1,1,1,59,9,-1,-1,-1,-1,4,E01004330,0,-1
2023440426428,2023,440426428,1,1,0,18,19,6,2,5,5,1,0,0,0,0,1,1,2,2,2,30,6,-1,-1,-1,-1,9,E01022475,0,-1
2023010475779,2023,010475779,1,9,0,99,99,9,9,99,99,9,9,99,9,99,1,9,6,6,3,-1,-1,-1,-1,-1,-1,-1,-1,0,-1
2023010432976,2023,010432976,2,1,0,18,19,4,8,0,0,1,0,0,0,0,1,1,6,6,1,16,4,-1,-1,-1,-1,5,E01003140,0,-1
2023531338695,2023,531338695,2,1,0,9,9,1,5,0,0,3,0,0,0,0,4,1,5,6,2,46,8,-1,-1,-1,-1,10,E01022170,0,-1
2023131305443,2023,131305443,2,1,0,18,19,5,7,0,0,8,0,0,0,0,1,1,5,6,1,49,8,-1,-1,-1,-1,3,E01011245,0,-1
2023010476266,2023,010476266,2,1,9,99,99,9,9,99,99,9,9,99,9,99,2,1,6,6,1,-1,-1,-1,-1,-1,-1,6,E01001565,0,-1
2023010485852,2023,010485852,2,1,0,18,19,3,7,0,0,0,0,0,0,0,1,1,6,6,1,33,6,-1,-1,-1,-1,4,E01002762,0,-1
2023131302342,2023,131302342,1,97,0,18,19,3,7,0,0,0,0,0,0,0,1,1,6,6,3,-1,-1,-1,-1,-1,-1,-1,-1,0,-1
2023340WN3822,2023,340WN3822,1,9,0,4,4,5,1,0,0,0,0,0,0,0,2,1,1,1,1,46,8,-1,-1,-1,-1,5,E01017030,0,-1
2023320174866,2023,320174866,2,19,0,18,19,4,2,0,0,8,1,0,1,4,1,1,1,1,1,66,10,-1,-1,-1,-1,8,E01007603,0,-1
2023522300751,2023,522300751,1,1,0,18,19,8,4,0,0,0,0,0,0,0,1,1,2,2,1,28,6,-1,-1,-1,-1,1,E01014585,0,-1
2023421342443,2023,421342443,2,1,0,16,19,3,7,0,0,0,0,0,0,0,1,1,5,6,1,40,7,-1,-1,-1,-1,3,E01004303,0,-1
2023010434801,2023,010434801,1,1,0,18,19,3,7,0,0,1,0,0,0,0,1,1,6,6,1,30,6,-1,-1,-1,-1,7,E01004291,0,-1
2023302300052,2023,302300052,1,9,0,16,19,8,2,0,0,0,5,0,7,4,3,1,6,6,1,-1,-1,-1,-1,-1,-1,7,E01019711,0,-1
2023041280956,2023,041280956,1,1,0,18,19,1,5,0,0,1,0,0,0,0,1,1,5,6,1,55,8,-1,-1,-1,-1,7,E01025347,0,-1
2023010486204,2023,010486204,1,9,0,18,19,5,1,0,0,1,0,0,0,0,2,1,6,6,3,-1,-1,-1,-1,-1,-1,-1,-1,0,-1
2023041317853,2023,041317853,1,1,0,18,19,1,7,0,0,1,0,0,0,0,1,1,6,6,1,18,4,-1,-1,-1,-1,9,E01025126,0,-1
2023101319897,2023,101319897,2,1,0,18,19,3,7,0,0,8,0,0,0,0,4,1,5,6,1,67,10,-1,-1,-1,-1,1,E01008325,0,-1
2023010446119,2023,010446119,2,9,0,99,99,9,9,99,99,9,9,99,9,99,1,9,6,6,3,-1,-1,-1,-1,-1,-1,-1,-1,0,-1
2023361375587,2023,361375587,2,1,0,18,19,4,2,9,9,0,0,0,0,0,-1,1,2,2,2,63,9,-1,-1,-1,-1,10,E01026882,0,-1
2023451343982,2023,451343982,1,98,0,18,19,1,5,0,0,0,0,0,0,0,2,1,1,1,1,61,9,-1,-1,-1,-1,6,E01026316,0,-1
2023052400002,2023,052400002,2,1,0,18,19,6,2,0,0,0,0,0,0,0,1,1,6,6,2,59,9,-1,-1,-1,-1,1,E01006675,0,-1
2023471388385,2023,471388385,4,9,0,10,10,3,1,0,0,0,0,0,0,0,0,1,6,6,3,-1,-1,-1,-1,-1,-1,-1,-1,0,-1
2023471312807,2023,471312807,1,9,0,13,13,6,2,0,0,0,0,0,0,0,4,1,6,6,3,-1,-1,-1,-1,-1,-1,-1,-1,0,-1
2023010449842,2023,010449842,1,1,9,99,99,9,9,99,99,9,9,99,9,99,1,1,6,6,1,33,6,-1,-1,-1,-1,1,E01002091,0,-1
2023351279610,2023,351279610,1,98,0,18,19,-1,-1,0,0,8,0,0,0,0,1,1,6,6,3,-1,-1,-1,-1,-1,-1,-1,-1,0,-1
2023531341603,2023,531341603,3,9,0,11,11,5,1,0,0,3,0,0,0,0,0,2,6,6,3,-1,-1,-1,-1,-1,-1,-1,-1,0,-1
2023501274234,2023,501274234,1,9,0,18,19,3,1,0,0,0,0,0,0,0,-1,1,6,6,3,-1,-1,-1,-1,-1,-1,-1,-1,0,-1
2023461337431,2023,461337431,1,90,0,3,3,3,7,0,0,1,0,0,0,0,4,1,6,6,1,56,9,-1,-1,-1,-1,9,E01024791,0,-1
2023552301340,2023,552301340,1,8,0,18,19,6,2,0,0,0,0,0,0,0,1,1,1,1,3,-1,-1,-1,-1,-1,-1,-1,-1,0,-1