collision_index,collision_year,collision_ref_no,vehicle_reference,vehicle_type,towing_and_articulation,vehicle_manoeuvre_historic,vehicle_manoeuvre,vehicle_direction_from,vehicle_direction_to,vehicle_location_restricted_lane_historic,vehicle_location_restricted_lane,junction_location,skidding_and_overturning,hit_object_in_carriageway,vehicle_leaving_carriageway,hit_object_off_carriageway,first_point_of_impact,vehicle_left_hand_drive,journey_purpose_of_driver_historic,journey_purpose_of_driver,sex_of_driver,age_of_driver,age_band_of_driver,engine_capacity_cc,propulsion_code,age_of_vehicle,generic_make_model,driver_imd_decile,lsoa_of_driver,escooter_flag,driver_distance_banding
2023010443135,2023,010443135,2,1,0,18,19,7,3,0,0,1,0,0,0,0,3,1,6,6,1,79,11,-1,-1,-1,-1,5,E01004377,0,-1
2023430039050,2023,430039050,1,8,0,9,9,5,3,0,0,6,0,0,0,0,1,1,1,1,1,71,10,-1,-1,-1,-1,10,E01028741,0,-1
2023010434712,2023,010434712,1,1,9,99,99,9,9,99,99,9,9,99,9,99,2,1,6,6,1,29,6,-1,-1,-1,-1,5,E01004225,0,-1
2023430530412,2023,430530412,2,1,0,18,19,6,2,0,0,1,0,0,0,0,3,1,6,6,1,44,7,-1,-1,-1,-1,9,E01016631,0,-1
2023440495755,2023,440495755,2,1,0,18,19,7,3,0,0,8,0,0,0,0,2,1,2,2,1,36,7,-1,-1,-1,-1,9,E01030768,0,-1
2023010480993,2023,010480993,1,1,9,99,99,9,9,99,99,9,9,99,9,99,9,1,2,2,1,34,6,-1,-1,-1,-1,10,E01002938,0,-1
2023221368482,2023,221368482,3,19,0,18,19,2,6,0,0,1,0,0,0,0,1,1,1,1,1,59,9,-1,-1,-1,-1,4,E01032381,0,-1
2023010443416,2023,010443416,2,9,0,99,99,9,9,99,99,9,9,99,9,99,9,9,6,6,3,-1,-1,-1,-1,-1,-1,-1,-1,0,-1
202360A056947,2023,60A056947,3,98,0,7,7,3,5,0,0,5,0,0,0,0,0,1,6,6,1,54,8,-1,-1,-1,-1,-1,-1,0,-1
2023010454724,2023,010454724,2,9,0,99,99,9,9,99,99,9,9,99,9,99,9,9,6,6,3,-1,-1,-1,-1,-1,-1,-1,-1,0,-1
2023010484071,2023,010484071,2,9,0,18,19,3,7,0,0,4,0,0,3,0,1,1,6,6,3,-1,-1,-1,-1,-1,-1,-1,-1,0,-1
2023010440579,2023,010440579,2,9,9,99,99,9,9,99,99,9,9,99,9,99,9,9,6,6,3,-1,-1,-1,-1,-1,-1,-1,-1,0,-1
2023010420613,2023,010420613,2,1,0,4,4,2,6,0,0,2,0,0,0,0,1,1,2,2,1,30,6,-1,-1,-1,-1,3,E01003563,0,-1
2023430216249,2023,430216249,2,3,0,9,9,4,1,0,0,8,0,0,0,0,1,1,6,6,1,-1,-1,-1,-1,-1,-1,-1,-1,0,-1
2023010431857,2023,010431857,2,90,9,99,99,9,9,99,99,9,9,99,9,99,1,9,6,6,3,-1,-1,-1,-1,-1,-1,-1,-1,0,-1
2023461388486,2023,461388486,1,1,0,14,14,3,7,0,0,1,0,0,0,0,1,1,6,6,1,42,7,-1,-1,-1,-1,4,E01024164,0,-1
2023010476625,2023,010476625,1,9,0,4,4,1,5,0,0,0,0,0,0,0,3,2,3,7,2,50,8,-1,-1,-1,-1,5,E01032783,0,-1
2023430274309,2023,430274309,1,9,0,9,9,1,8,0,0,5,0,0,0,0,1,1,6,6,1,-1,-1,-1,-1,-1,-1,-1,-1,0,-1
2023101346442,2023,101346442,1,9,0,18,19,7,3,0,0,8,0,0,0,0,1,1,6,6,3,-1,-1,-1,-1,-1,-1,-1,-1,0,-1
2023010481203,2023,010481203,2,1,9,99,99,9,9,99,99,9,9,99,9,99,9,1,6,6,3,-1,-1,-1,-1,-1,-1,-1,-1,0,-1
2023440025516,2023,440025516,3,9,0,18,19,4,8,0,0,0,1,0,7,4,1,1,6,6,1,23,5,-1,-1,-1,-1,7,E01023225,0,-1
2023991347472,2023,991347472,2,9,0,7,7,2,5,0,0,1,1,0,0,0,2,1,5,6,2,77,11,-1,-1,-1,-1,7,-1,0,-1
2023451289188,2023,451289188,2,9,0,18,19,3,7,0,0,0,0,0,0,0,1,1,6,6,2,35,6,-1,-1,-1,-1,-1,-1,0,-1
2023501403206,2023,501403206,2,1,0,18,19,7,3,0,0,8,5,0,0,0,2,1,2,2,1,53,8,-1,-1,-1,-1,9,E01020086,0,-1
2023010486661,2023,010486661,1,1,9,99,99,9,9,99,99,9,9,99,9,99,9,1,6,6,1,36,7,-1,-1,-1,-1,8,E01004054,0,-1
2023010456383,2023,010456383,1,-1,0,18,19,8,4,0,0,1,0,0,0,0,0,1,6,6,1,31,6,-1,-1,-1,-1,7,E01001314,1,-1
2023131290370,2023,131290370,1,9,0,18,19,4,8,0,0,1,0,0,0,0,1,1,6,6,3,-1,-1,-1,-1,-1,-1,-1,-1,0,-1
2023010437904,2023,010437904,1,1,9,99,99,9,9,99,99,9,9,99,9,99,1,1,2,2,2,25,5,-1,-1,-1,-1,5,E01004527,0,-1
2023061304028,2023,061304028,1,1,-1,-1,-1,-1,-1,-1,-1,0,-1,-1,-1,0,-1,1,6,6,3,24,5,-1,-1,-1,-1,2,E01006405,0,-1
2023201292535,2023,201292535,1,1,0,10,10,6,2,0,0,3,0,0,0,0,3,1,1,1,1,23,5,-1,-1,-1,-1,1,E01009378,0,-1
2023010464436,2023,010464436,1,21,0,2,2,0,0,0,0,0,0,0,0,0,2,1,6,6,3,-1,-1,-1,-1,-1,-1,-1,-1,0,-1
2023451367915,2023,451367915,2,1,0,18,19,1,5,0,0,0,5,0,0,0,1,1,5,6,1,55,8,-1,-1,-1,-1,10,E01030462,0,-1
2023161349248,2023,161349248,2,1,0,18,19,3,7,0,0,8,0,0,0,0,4,1,5,6,2,42,7,-1,-1,-1,-1,1,E01012918,0,-1
2023052302263,2023,052302263,1,1,0,18,19,1,2,0,0,0,0,0,0,0,0,1,6,6,1,51,8,-1,-1,-1,-1,1,E01006760,0,-1
2023471345015,2023,471345015,1,9,0,1,1,4,8,0,0,0,0,0,0,0,2,1,6,6,3,-1,-1,-1,-1,-1,-1,8,E01004131,0,-1
2023401323551,2023,401323551,4,9,-1,-1,-1,-1,-1,-1,-1,0,-1,-1,-1,0,-1,1,6,6,2,28,6,-1,-1,-1,-1,10,E01027206,0,-1
2023010476582,2023,010476582,2,9,0,18,19,3,7,0,0,0,0,0,0,0,1,1,6,6,3,-1,-1,-1,-1,-1,-1,-1,-1,0,-1
2023161378701,2023,161378701,2,1,0,18,19,5,1,0,0,1,0,0,0,0,1,1,2,2,1,34,6,-1,-1,-1,-1,3,E01012868,0,-1
2023201386670,2023,201386670,1,9,0,16,19,1,3,0,0,3,0,0,0,0,1,1,5,6,1,62,9,-1,-1,-1,-1,9,E01027014,0,-1
2023010458734,2023,010458734,2,9,9,99,99,9,9,99,99,9,9,99,9,99,9,9,6,6,3,33,6,-1,-1,-1,-1,-1,-1,0,-1
2023010419998,2023,010419998,1,1,9,99,99,9,9,99,99,9,9,99,9,99,9,1,2,2,1,41,7,-1,-1,-1,-1,4,E01004401,0,-1
2023520301122,2023,520301122,2,21,1,18,19,2,6,0,0,3,0,0,0,0,1,1,6,6,1,54,8,-1,-1,-1,-1,2,E01017186,0,-1
2023302301160,2023,302301160,1,1,0,16,19,3,6,0,0,0,1,0,0,0,1,1,6,6,1,35,6,-1,-1,-1,-1,7,E01019671,0,-1
2023430014739,2023,430014739,1,1,0,9,9,3,8,0,0,8,0,0,0,0,4,1,2,2,1,41,7,-1,-1,-1,-1,7,E01017705,0,-1
2023010446432,2023,010446432,2,1,0,5,5,5,1,0,0,0,0,0,0,0,1,1,6,6,2,8,2,-1,-1,-1,-1,3,E01002058,0,-1
2023010439878,2023,010439878,1,1,9,18,19,7,3,0,0,8,9,0,0,0,3,1,6,6,1,32,6,-1,-1,-1,-1,3,E01001076,0,-1
2023991353224,2023,991353224,2,1,0,7,7,8,6,0,0,2,1,0,0,0,2,1,5,6,1,45,7,-1,-1,-1,-1,10,-1,0,-1
2023320244312,2023,320244312,2,22,0,18,19,8,4,0,0,2,0,0,0,0,1,1,6,6,1,56,9,-1,-1,-1,-1,8,E01026258,0,-1
2023430511431,2023,430511431,2,1,0,18,19,9,9,0,0,8,0,0,0,0,1,1,6,6,2,-1,-1,-1,-1,-1,-1,-1,-1,0,-1
2023361297460,2023,361297460,2,1,0,18,19,-1,-1,0,0,4,0,0,0,0,2,1,2,2,1,54,8,-1,-1,-1,-1,3,E01026843,0,-1
2023131402336,2023,131402336,1,9,0,-1,-1,-1,-1,-1,-1,0,-1,-1,-1,0,1,1,6,6,3,-1,-1,-1,-1,-1,-1,-1,-1,0,-1
2023501355890,2023,501355890,2,1,0,7,7,2,4,0,0,8,0,0,0,0,3,1,5,6,1,16,4,-1,-1,-1,-1,2,E01015086,0,-1
2023320735546,2023,320735546,1,1,0,18,19,1,5,0,0,1,0,0,0,0,3,1,6,6,1,23,5,-1,-1,-1,-1,6,E01026147,0,-1
2023052302978,2023,052302978,1,9,0,18,19,5,1,0,0,0,0,0,0,0,1,1,6,6,3,-1,-1,-1,-1,-1,-1,-1,-1,0,-1
2023010461074,2023,010461074,2,1,0,18,19,1,5,0,0,0,2,0,0,0,3,1,2,2,1,43,7,-1,-1,-1,-1,7,E01000704,0,-1
2023440173348,2023,440173348,1,1,0,18,19,6,2,0,0,0,0,0,0,0,4,1,6,6,2,62,9,-1,-1,-1,-1,1,E01017038,0,-1
2023010491939,2023,010491939,2,1,0,7,7,7,2,0,0,1,0,0,0,0,0,1,6,6,1,72,10,-1,-1,-1,-1,5,E01004377,0,-1
2023451392185,2023,451392185,2,9,0,18,19,4,8,0,0,0,0,0,0,0,1,1,6,6,2,30,6,-1,-1,-1,-1,-1,-1,0,-1
2023131387226,2023,131387226,2,1,0,18,19,6,2,0,0,1,0,0,0,0,1,1,2,2,1,24,5,-1,-1,-1,-1,6,E01011586,0,-1
2023332300998,2023,332300998,2,3,0,18,19,3,7,0,0,8,0,0,1,2,1,1,6,6,1,27,6,-1,-1,-1,-1,3,E01025844,0,-1
2023010470306,2023,010470306,2,9,0,99,99,9,9,99,99,9,9,99,9,99,9,9,6,6,3,-1,-1,-1,-1,-1,-1,-1,-1,0,-1
2023991366079,2023,991366079,1,9,0,1,1,7,3,0,0,1,0,0,0,0,0,1,6,6,3,38,7,-1,-1,-1,-1,-1,-1,0,-1
2023070341544,2023,070341544,2,1,0,9,9,5,3,0,0,8,0,0,0,0,4,1,6,6,1,55,8,-1,-1,-1,-1,6,E01018682,0,-1
2023031269182,2023,031269182,1,1,0,18,19,2,2,0,0,4,0,0,0,0,2,1,2,2,1,52,8,-1,-1,-1,-1,-1,-1,0,-1
2023411379454,2023,411379454,1,9,0,18,19,7,3,0,0,0,0,0,0,0,1,1,6,6,3,-1,-1,-1,-1,-1,-1,-1,-1,0,-1
2023311355422,2023,311355422,2,1,0,18,19,7,3,0,0,6,0,0,0,0,1,1,5,6,1,14,3,-1,-1,-1,-1,-1,-1,0,-1
2023201412275,2023,201412275,2,-1,0,18,19,2,6,0,0,8,0,0,0,0,1,1,5,6,1,24,5,-1,-1,-1,-1,-1,-1,0,-1
2023010429150,2023,010429150,2,1,0,16,19,5,1,0,0,1,0,0,0,0,3,1,6,6,1,56,9,-1,-1,-1,-1,10,E01002937,0,-1
2023311296885,2023,311296885,1,11,0,17,19,7,4,0,0,0,0,0,0,0,0,1,1,1,1,-1,-1,-1,-1,-1,-1,-1,-1,0,-1
2023131331913,2023,131331913,2,1,0,18,19,2,6,4,4,8,5,0,0,0,3,1,2,2,1,21,5,-1,-1,-1,-1,1,E01011504,0,-1
2023411358611,2023,411358611,1,1,0,18,19,-1,-1,0,0,0,0,0,0,0,1,1,6,6,2,-1,-1,-1,-1,-1,-1,6,E01023942,0,-1
2023471333700,2023,471333700,1,-1,0,18,19,4,8,0,0,2,0,11,0,0,1,1,6,6,1,12,3,-1,-1,-1,-1,10,E01021192,1,-1
2023052301653,2023,052301653,2,1,0,18,19,1,5,0,0,0,0,0,0,0,4,1,6,6,1,14,3,-1,-1,-1,-1,-1,-1,0,-1
2023991272207,2023,991272207,1,20,0,12,12,7,3,0,0,2,0,0,0,0,1,1,6,6,3,-1,-1,-1,-1,-1,-1,-1,-1,0,-1
2023010447954,2023,010447954,2,1,0,18,19,1,5,9,9,1,0,0,0,0,1,1,1,1,2,29,6,-1,-1,-1,-1,1,E01000521,0,-1
2023461279590,2023,461279590,1,9,0,18,19,7,3,0,0,4,0,0,0,0,4,1,6,6,1,-1,-1,-1,-1,-1,-1,-1,-1,0,-1
2023010451898,2023,010451898,2,9,0,2,2,0,0,9,9,1,0,0,0,0,3,1,6,6,3,-1,-1,-1,-1,-1,-1,-1,-1,0,-1
2023122301248,2023,122301248,2,1,0,18,19,3,7,0,0,0,0,4,0,0,1,1,6,6,1,40,7,-1,-1,-1,-1,10,E01010694,0,-1
2023440420797,2023,440420797,1,-1,0,18,19,3,7,4,4,8,0,0,0,0,3,1,6,6,1,27,6,-1,-1,-1,-1,2,E01017098,1,-1
2023201360226,2023,201360226,2,9,0,18,19,2,6,2,2,8,5,0,0,0,1,1,6,6,1,62,9,-1,-1,-1,-1,3,E01009237,0,-1
2023471377820,2023,471377820,2,1,0,5,5,7,3,0,0,1,0,0,0,0,3,1,5,6,2,38,7,-1,-1,-1,-1,7,E01016979,0,-1
2023231286635,2023,231286635,2,9,0,9,9,1,8,0,0,5,0,0,0,0,3,1,5,6,1,44,7,-1,-1,-1,-1,3,E01009624,0,-1
2023010435414,2023,010435414,2,9,0,99,99,9,9,99,99,9,9,99,9,99,1,9,6,6,3,-1,-1,-1,-1,-1,-1,-1,-1,0,-1
2023332300883,2023,332300883,2,9,0,18,19,6,2,0,0,8,0,0,0,0,1,1,6,6,3,-1,-1,-1,-1,-1,-1,-1,-1,0,-1
2023010424957,2023,010424957,1,9,9,99,99,9,9,0,0,0,9,99,0,0,9,9,6,6,3,-1,-1,-1,-1,-1,-1,-1,-1,0,-1
2023010426350,2023,010426350,2,1,0,18,19,5,1,0,0,8,0,0,0,0,3,1,2,2,2,56,9,-1,-1,-1,-1,3,E01013874,0,-1
2023010428978,2023,010428978,2,9,0,99,99,9,9,99,99,9,9,99,9,99,9,9,6,6,3,-1,-1,-1,-1,-1,-1,-1,-1,0,-1
2023010456079,2023,010456079,1,1,9,99,99,9,9,99,99,9,9,99,9,99,9,1,6,6,1,52,8,-1,-1,-1,-1,5,E01000888,0,-1
2023111263508,2023,111263508,2,16,0,18,19,6,2,0,0,8,5,0,0,0,4,1,6,6,2,53,8,-1,-1,-1,-1,4,E01020826,0,-1
2023461262658,2023,461262658,1,9,0,18,19,1,3,0,0,0,0,10,0,0,1,1,5,6,1,24,5,-1,-1,-1,-1,2,E01001653,0,-1
2023991321370,2023,991321370,1,-1,0,7,7,1,4,0,0,4,0,0,0,0,1,1,6,6,3,30,6,-1,-1,-1,-1,-1,-1,0,-1
2023010434106,2023,010434106,2,1,0,18,19,1,5,0,0,1,0,0,0,0,1,1,6,6,2,33,6,-1,-1,-1,-1,6,E01001870,0,-1
2023311338600,2023,311338600,2,1,0,18,19,3,7,0,0,8,0,0,0,0,3,1,5,6,1,12,3,-1,-1,-1,-1,6,E01028308,0,-1
2023421344103,2023,421344103,1,1,0,18,19,6,2,5,5,0,0,0,0,0,3,1,6,6,1,-1,-1,-1,-1,-1,-1,-1,-1,0,-1
2023430029286,2023,430029286,1,9,0,9,9,6,4,0,0,1,0,0,0,0,1,1,1,1,1,62,9,-1,-1,-1,-1,10,E01016598,0,-1
2023351387304,2023,351387304,1,9,0,99,99,-1,-1,0,0,0,0,0,0,0,1,1,6,6,3,-1,-1,-1,-1,-1,-1,-1,-1,0,-1
2023440450580,2023,440450580,1,1,0,18,19,6,2,0,0,0,0,0,0,0,0,1,6,6,1,28,6,-1,-1,-1,-1,6,E01022925,0,-1
2023010459769,2023,010459769,1,1,9,99,99,9,9,99,99,9,9,99,9,99,9,1,6,6,2,24,5,-1,-1,-1,-1,2,E01004246,0,-1
2023010454247,2023,010454247,1,1,9,99,99,9,9,99,99,9,9,99,9,99,9,1,2,2,1,32,6,-1,-1,-1,-1,9,E01001306,0,-1
2023421361176,2023,421361176,1,8,0,7,7,2,6,0,0,8,0,0,0,0,1,1,1,1,1,-1,-1,-1,-1,-1,-1,-1,-1,0,-1
2023471387356,2023,471387356,2,1,0,18,19,2,6,0,0,0,0,0,0,0,0,1,5,6,1,38,7,-1,-1,-1,-1,3,E01031830,0,-1
2023501371210,2023,501371210,2,9,0,18,19,4,8,0,0,1,2,10,1,9,4,1,6,6,1,39,7,-1,-1,-1,-1,4,E01020328,0,-1
2023522400975,2023,522400975,1,-1,0,5,5,1,5,0,0,1,0,0,0,0,9,1,6,6,1,19,4,-1,-1,-1,-1,6,E01014648,1,-1
2023440409327,2023,440409327,2,1,0,18,19,1,5,0,0,0,0,0,0,0,3,1,6,6,1,21,5,-1,-1,-1,-1,10,E01023072,0,-1
2023170S11883,2023,170S11883,2,1,0,18,19,2,6,0,0,0,0,0,0,0,3,1,2,2,1,43,7,-1,-1,-1,-1,-1,-1,0,-1
2023340WN1612,2023,340WN1612,2,9,0,3,3,3,7,0,0,2,0,0,0,0,1,1,6,6,1,51,8,-1,-1,-1,-1,1,E01027239,0,-1
2023031347333,2023,031347333,1,9,0,17,19,5,4,0,0,0,0,0,0,0,2,1,1,1,3,30,6,-1,-1,-1,-1,-1,-1,0,-1
2023461337544,2023,461337544,1,8,0,5,5,3,7,0,0,0,0,0,0,0,1,1,1,1,1,20,4,-1,-1,-1,-1,1,E01024308,0,-1
2023141282966,2023,141282966,2,98,0,18,19,8,4,0,0,1,0,0,0,0,1,1,6,6,3,-1,-1,-1,-1,-1,-1,-1,-1,0,-1
2023111326239,2023,111326239,1,-1,0,1,1,5,1,0,0,0,0,0,0,0,2,1,6,6,3,30,6,-1,-1,-1,-1,-1,-1,0,-1
2023430536022,2023,430536022,1,9,2,18,19,1,5,0,0,0,5,10,1,9,4,1,6,6,1,17,4,-1,-1,-1,-1,9,E01028511,0,-1
202360A162716,2023,60A162716,1,1,0,18,19,7,3,0,0,0,5,11,0,0,1,1,6,6,1,45,7,-1,-1,-1,-1,-1,-1,0,-1
2023231276054,2023,231276054,1,9,0,18,19,4,8,0,0,4,0,0,0,0,3,1,6,6,2,61,9,-1,-1,-1,-1,6,E01028458,0,-1
202360A149438,2023,60A149438,2,1,0,18,19,4,8,0,0,1,0,0,0,0,1,1,6,6,1,55,8,-1,-1,-1,-1,-1,-1,0,-1
2023451334119,2023,451334119,2,9,0,13,13,2,6,0,0,0,0,0,0,0,4,1,6,6,3,45,7,-1,-1,-1,-1,-1,-1,0,-1
2023041334515,2023,041334515,2,98,0,18,19,1,5,0,0,0,0,0,0,0,2,1,5,6,1,38,7,-1,-1,-1,-1,7,E01025609,0,-1
2023010439552,2023,010439552,2,11,0,99,99,9,9,99,99,9,9,99,9,99,0,9,6,6,3,-1,-1,-1,-1,-1,-1,-1,-1,0,-1
2023401291658,2023,401291658,1,9,0,18,19,-1,-1,0,0,1,0,0,0,0,1,1,6,6,2,-1,-1,-1,-1,-1,-1,-1,-1,0,-1
2023052302473,2023,052302473,1,1,0,18,19,5,1,0,0,0,0,0,0,0,1,1,6,6,3,-1,-1,-1,-1,-1,-1,-1,-1,0,-1
2023070093284,2023,070093284,1,1,0,18,19,1,5,0,0,8,0,0,0,0,1,1,6,6,1,21,5,-1,-1,-1,-1,2,E01018400,0,-1
2023101360009,2023,101360009,2,9,0,18,19,6,2,0,0,1,0,0,0,0,2,1,6,6,1,66,10,-1,-1,-1,-1,2,E01008755,0,-1
2023311350096,2023,311350096,1,22,0,18,19,2,6,0,0,0,0,0,0,0,1,1,6,6,1,70,10,-1,-1,-1,-1,-1,-1,0,-1
2023041308540,2023,041308540,1,9,0,4,4,4,8,0,0,0,0,0,0,0,1,1,6,6,1,56,9,-1,-1,-1,-1,2,E01025101,0,-1
2023141270324,2023,141270324,1,9,0,18,19,4,8,0,0,0,1,0,1,0,4,1,2,2,1,31,6,-1,-1,-1,-1,7,E01007477,0,-1
2023501367330,2023,501367330,1,9,0,18,19,5,1,0,0,1,0,0,0,0,1,1,6,6,1,17,4,-1,-1,-1,-1,4,E01020307,0,-1
202360A105407,2023,60A105407,1,19,0,18,19,1,5,0,0,0,0,4,0,0,3,1,6,6,1,42,7,-1,-1,-1,-1,-1,-1,0,-1
2023622300519,2023,622300519,1,11,0,5,5,3,8,0,0,2,0,0,0,0,1,1,1,1,3,-1,-1,-1,-1,-1,-1,-1,-1,0,-1
2023340WN2792,2023,340WN2792,3,9,0,7,7,3,6,0,0,4,0,0,0,0,0,1,6,6,3,-1,-1,-1,-1,-1,-1,-1,-1,0,-1
202354A623823,2023,54A623823,1,9,0,7,7,5,7,0,0,5,0,0,0,0,4,1,6,6,3,-1,-1,-1,-1,-1,-1,-1,-1,0,-1
2023411280863,2023,411280863,1,1,0,18,19,5,7,0,0,0,0,0,0,0,1,1,6,6,3,-1,-1,-1,-1,-1,-1,-1,-1,0,-1
2023010426653,2023,010426653,1,1,9,99,99,9,9,99,99,9,9,99,9,99,2,1,2,2,1,49,8,-1,-1,-1,-1,2,E01002730,0,-1
2023440064927,2023,440064927,1,1,0,14,14,3,7,0,0,8,0,0,0,0,1,1,2,2,1,55,8,-1,-1,-1,-1,8,E01022703,0,-1
2023501270870,2023,501270870,2,1,0,18,19,3,7,0,0,1,0,0,0,0,1,1,5,6,2,60,9,-1,-1,-1,-1,5,E01020325,0,-1
2023061277319,2023,061277319,4,9,0,4,4,4,8,0,0,1,1,0,0,0,1,1,2,2,2,55,8,-1,-1,-1,-1,-1,-1,0,-1
2023421390349,2023,421390349,2,1,0,18,19,3,6,9,9,1,0,0,0,0,1,1,6,6,1,20,4,-1,-1,-1,-1,4,E01033140,0,-1
2023440401515,2023,440401515,3,9,0,4,4,8,4,0,0,2,0,0,0,0,2,1,1,1,1,38,7,-1,-1,-1,-1,6,W01000720,0,-1
2023522400262,2023,522400262,2,9,0,7,7,7,1,0,0,6,0,0,0,0,1,1,6,6,1,58,9,-1,-1,-1,-1,6,E01014708,0,-1
2023421298957,2023,421298957,1,9,0,17,19,1,5,0,0,0,0,0,0,0,4,1,6,6,3,-1,-1,-1,-1,-1,-1,-1,-1,0,-1
2023320115510,2023,320115510,2,1,0,18,19,6,2,0,0,8,5,0,0,0,1,1,2,2,2,43,7,-1,-1,-1,-1,4,E01026041,0,-1
2023161352127,2023,161352127,1,1,0,18,19,7,3,0,0,1,0,0,0,0,1,1,6,6,3,-1,-1,-1,-1,-1,-1,-1,-1,0,-1
2023010460153,2023,010460153,2,90,5,18,19,7,3,0,0,2,5,0,0,0,4,1,6,6,2,34,6,-1,-1,-1,-1,1,E01001655,0,-1
2023991350602,2023,991350602,2,1,0,10,10,4,2,0,0,8,0,0,0,0,1,1,1,1,2,56,9,-1,-1,-1,-1,10,E01007934,0,-1
202360A038009,2023,60A038009,2,98,4,2,2,0,0,0,0,0,0,0,0,0,2,1,2,2,1,21,5,-1,-1,-1,-1,-1,-1,0,-1
2023010456441,2023,010456441,1,97,0,18,19,5,1,2,2,1,0,0,0,0,2,1,6,6,3,-1,-1,-1,-1,-1,-1,-1,-1,0,-1
2023552301203,2023,552301203,2,1,0,18,19,4,8,4,4,8,0,0,0,0,0,1,2,2,1,45,7,-1,-1,-1,-1,10,E01015434,0,-1
2023010478731,2023,010478731,1,9,0,18,19,7,3,0,0,0,0,0,0,0,1,1,6,6,3,-1,-1,-1,-1,-1,-1,-1,-1,0,-1
2023041320396,2023,041320396,2,1,0,18,19,-1,-1,0,0,1,0,0,0,0,-1,1,6,6,1,25,5,-1,-1,-1,-1,5,E01025144,0,-1
2023471346758,2023,471346758,2,1,-1,6,6,3,3,0,0,0,0,0,0,0,0,1,6,6,1,11,3,-1,-1,-1,-1,4,E01020971,0,-1
2023471325395,2023,471325395,1,1,0,18,19,1,5,0,0,6,0,0,0,0,1,1,6,6,2,-1,-1,-1,-1,-1,-1,1,E01016863,0,-1
2023991277736,2023,991277736,1,1,0,18,19,4,2,5,5,6,0,0,0,0,3,1,2,2,2,36,7,-1,-1,-1,-1,3,-1,0,-1
2023010476515,2023,010476515,1,1,9,99,99,9,9,99,99,9,9,99,9,99,1,1,2,2,1,51,8,-1,-1,-1,-1,9,E01004094,0,-1
2023471355578,2023,471355578,1,9,0,18,19,7,3,0,0,0,0,0,0,0,4,1,6,6,3,-1,-1,-1,-1,-1,-1,-1,-1,0,-1
2023461366049,2023,461366049,1,9,0,18,19,3,7,0,0,0,0,0,0,0,4,1,6,6,3,-1,-1,-1,-1,-1,-1,-1,-1,0,-1
2023471322218,2023,471322218,1,9,0,17,19,6,3,0,0,2,0,0,0,0,1,1,6,6,3,-1,-1,-1,-1,-1,-1,-1,-1,0,-1
2023440157739,2023,440157739,2,9,0,18,19,7,3,4,4,0,0,0,0,0,4,1,6,6,3,-1,-1,-1,-1,-1,-1,-1,-1,0,-1
2023010456494,2023,010456494,1,9,0,5,5,1,5,0,0,8,0,0,0,0,1,1,6,6,3,-1,-1,-1,-1,-1,-1,-1,-1,0,-1
2023010430190,2023,010430190,1,1,9,99,99,9,9,99,99,9,9,99,9,99,9,1,6,6,2,35,6,-1,-1,-1,-1,1,E01000524,0,-1
2023010474793,2023,010474793,2,1,0,3,3,7,3,4,4,0,0,0,0,0,1,1,6,6,1,52,8,-1,-1,-1,-1,5,E01001322,0,-1
2023010442854,2023,010442854,2,1,0,18,19,3,7,0,0,2,0,0,0,0,0,1,1,1,1,31,6,-1,-1,-1,-1,3,E01032786,0,-1
2023010458096,2023,010458096,2,9,0,18,19,1,5,0,0,1,0,0,0,0,0,1,6,6,1,24,5,-1,-1,-1,-1,-1,-1,0,-1
2023201278202,2023,201278202,2,22,0,18,19,4,8,0,0,0,0,8,0,0,4,1,6,6,1,77,11,-1,-1,-1,-1,1,E01010274,0,-1
2023311324998,2023,311324998,2,1,0,18,19,-1,-1,0,0,0,0,0,0,0,-1,1,4,7,1,14,3,-1,-1,-1,-1,-1,-1,0,-1
2023010426924,2023,010426924,1,1,9,99,99,9,9,99,99,9,9,99,9,99,1,1,2,2,1,45,7,-1,-1,-1,-1,5,E01000142,0,-1
2023010434979,2023,010434979,2,21,1,3,3,7,3,0,0,2,0,0,0,0,3,1,6,6,3,-1,-1,-1,-1,-1,-1,-1,-1,0,-1
2023430432377,2023,430432377,2,9,0,9,9,6,4,0,0,6,0,0,0,0,3,1,6,6,1,59,9,-1,-1,-1,-1,6,E01016482,0,-1
2023340NN2212,2023,340NN2212,1,9,0,9,9,3,1,0,0,5,0,0,0,0,1,1,6,6,1,26,6,-1,-1,-1,-1,3,E01026967,0,-1
2023010480653,2023,010480653,2,1,0,18,19,1,5,0,0,8,0,0,0,0,1,1,6,6,2,38,7,-1,-1,-1,-1,-1,-1,0,-1
2023401288613,2023,401288613,1,9,0,18,19,3,7,0,0,8,0,0,0,0,1,1,6,6,3,-1,-1,-1,-1,-1,-1,-1,-1,0,-1
2023991350206,2023,991350206,2,1,0,18,19,3,7,0,0,0,0,0,0,0,2,1,5,6,1,26,6,-1,-1,-1,-1,1,-1,0,-1
2023131356938,2023,131356938,1,9,0,-1,-1,-1,-1,-1,-1,8,-1,-1,-1,0,-1,1,6,6,3,99,11,-1,-1,-1,-1,-1,-1,0,-1
2023311312762,2023,311312762,1,9,0,18,19,7,3,0,0,0,0,0,0,0,2,1,6,6,3,33,6,-1,-1,-1,-1,-1,-1,0,-1
2023440305164,2023,440305164,1,9,0,18,19,7,3,0,0,1,0,0,0,0,1,1,6,6,1,-1,-1,-1,-1,-1,-1,-1,-1,0,-1
2023010464551,2023,010464551,1,1,0,18,19,1,5,0,0,1,0,0,0,0,4,1,2,2,1,29,6,-1,-1,-1,-1,3,E01001373,0,-1
2023440010851,2023,440010851,2,9,0,18,19,7,3,0,0,8,0,0,0,0,1,1,6,6,2,24,5,-1,-1,-1,-1,8,E01022651,0,-1
2023501284659,2023,501284659,2,1,0,3,3,7,3,0,0,8,0,0,0,0,1,1,6,6,1,22,5,-1,-1,-1,-1,9,E01000346,0,-1
2023010453194,2023,010453194,2,9,0,18,19,1,5,0,0,8,0,0,0,0,1,1,6,6,1,-1,-1,-1,-1,-1,-1,-1,-1,0,-1
2023111351680,2023,111351680,2,1,0,18,19,6,2,0,0,1,0,0,0,0,1,1,6,6,2,18,4,-1,-1,-1,-1,4,E01020826,0,-1