collision_index,collision_year,collision_ref_no,vehicle_reference,vehicle_type,towing_and_articulation,vehicle_manoeuvre_historic,vehicle_manoeuvre,vehicle_direction_from,vehicle_direction_to,vehicle_location_restricted_lane_historic,vehicle_location_restricted_lane,junction_location,skidding_and_overturning,hit_object_in_carriageway,vehicle_leaving_carriageway,hit_object_off_carriageway,first_point_of_impact,vehicle_left_hand_drive,journey_purpose_of_driver_historic,journey_purpose_of_driver,sex_of_driver,age_of_driver,age_band_of_driver,engine_capacity_cc,propulsion_code,age_of_vehicle,generic_make_model,driver_imd_decile,lsoa_of_driver,escooter_flag,driver_distance_banding
2023010450625,2023,010450625,1,1,9,99,99,9,9,99,99,9,9,99,9,99,9,1,6,6,1,26,6,-1,-1,-1,-1,3,E01000010,0,-1
2023010434584,2023,010434584,2,8,0,99,99,9,9,99,99,9,9,99,9,99,1,9,6,6,3,-1,-1,-1,-1,-1,-1,-1,-1,0,-1
2023221349541,2023,221349541,1,9,0,12,12,5,2,0,0,0,0,0,0,0,3,1,6,6,1,72,10,-1,-1,-1,-1,-1,-1,0,-1
2023552300054,2023,552300054,1,9,0,18,19,4,8,0,0,0,5,0,7,0,3,1,6,6,1,19,4,-1,-1,-1,-1,6,E01020397,0,-1
2023332300808,2023,332300808,1,1,0,9,9,7,5,0,0,3,0,0,0,0,3,1,6,6,1,73,10,-1,-1,-1,-1,10,E01025813,0,-1
2023311304618,2023,311304618,2,19,0,18,19,3,7,0,0,8,0,0,0,0,1,1,6,6,3,21,5,-1,-1,-1,-1,-1,-1,0,-1
2023010469059,2023,010469059,2,19,0,12,12,7,3,0,0,0,0,0,0,0,2,1,6,6,3,-1,-1,-1,-1,-1,-1,-1,-1,0,-1
2023161337162,2023,161337162,2,19,0,18,19,4,8,0,0,0,0,0,0,0,3,1,6,6,1,-1,-1,-1,-1,-1,-1,-1,-1,0,-1
2023131355796,2023,131355796,2,98,0,18,19,7,3,2,2,1,0,0,0,0,-1,1,6,6,3,99,11,-1,-1,-1,-1,-1,-1,0,-1
2023041373674,2023,041373674,2,1,0,18,19,5,1,0,0,1,0,0,0,0,1,1,2,2,2,30,6,-1,-1,-1,-1,2,E01012745,0,-1
2023311337398,2023,311337398,1,1,0,18,19,1,5,0,0,8,0,0,0,0,1,1,6,6,1,33,6,-1,-1,-1,-1,5,E01031132,0,-1
2023010485109,2023,010485109,1,9,0,13,13,7,3,0,0,0,0,0,3,0,3,1,6,6,3,-1,-1,-1,-1,-1,-1,-1,-1,0,-1
2023430263134,2023,430263134,1,21,0,12,12,4,8,0,0,0,0,0,0,0,1,2,1,1,1,37,7,-1,-1,-1,-1,7,E01028640,0,-1
2023332300051,2023,332300051,2,22,0,18,19,3,7,0,0,1,0,0,0,0,1,1,6,6,2,59,9,-1,-1,-1,-1,2,E01032867,0,-1
2023340WN1092,2023,340WN1092,1,9,0,11,11,3,7,0,0,3,0,0,0,0,4,1,6,6,3,-1,-1,-1,-1,-1,-1,-1,-1,0,-1
2023542292823,2023,542292823,1,9,0,14,14,4,8,0,0,0,0,0,0,0,1,1,6,6,3,-1,-1,-1,-1,-1,-1,-1,-1,0,-1
2023010458708,2023,010458708,2,1,0,7,7,5,7,4,4,6,0,0,0,0,1,1,6,6,1,-1,-1,-1,-1,-1,-1,-1,-1,0,-1
2023131397974,2023,131397974,1,9,0,9,9,1,3,0,0,4,2,0,0,0,1,1,6,6,3,-1,-1,-1,-1,-1,-1,-1,-1,0,-1
2023010431703,2023,010431703,2,1,5,18,19,1,5,0,0,1,0,4,7,10,1,1,1,1,1,18,4,-1,-1,-1,-1,4,E01002641,0,-1
2023010446023,2023,010446023,2,1,9,99,99,9,9,99,99,9,9,99,9,99,1,1,6,6,1,-1,-1,-1,-1,-1,-1,-1,-1,0,-1
2023211293301,2023,211293301,3,9,0,18,19,4,4,0,0,0,0,0,0,0,2,1,2,2,3,35,6,-1,-1,-1,-1,-1,-1,0,-1
2023131388405,2023,131388405,2,9,0,18,19,3,5,0,0,0,0,4,0,0,1,1,6,6,1,48,8,-1,-1,-1,-1,1,E01010609,0,-1
2023201310602,2023,201310602,2,9,0,11,11,8,4,0,0,1,0,0,0,0,4,1,6,6,3,-1,-1,-1,-1,-1,-1,-1,-1,0,-1
2023201323468,2023,201323468,2,9,0,18,19,8,4,0,0,8,0,0,0,0,1,1,6,6,1,55,8,-1,-1,-1,-1,-1,-1,0,-1
2023101335885,2023,101335885,2,98,-1,16,19,7,1,0,0,0,0,0,0,0,0,1,1,1,3,-1,-1,-1,-1,-1,-1,-1,-1,0,-1
2023052302933,2023,052302933,2,1,0,18,19,4,1,0,0,8,0,0,0,0,1,1,1,1,1,36,7,-1,-1,-1,-1,3,E01006722,0,-1
2023440206742,2023,440206742,3,9,0,3,3,2,6,0,0,0,0,0,0,0,1,1,6,6,2,30,6,-1,-1,-1,-1,9,E01022719,0,-1
2023010421895,2023,010421895,1,1,9,99,99,9,9,99,99,9,9,99,9,99,2,1,2,2,2,30,6,-1,-1,-1,-1,3,E01001742,0,-1
2023471341597,2023,471341597,1,9,0,18,19,1,5,0,0,4,0,0,0,0,3,2,5,6,1,70,10,-1,-1,-1,-1,4,E01033329,0,-1
2023211357572,2023,211357572,2,2,0,18,19,7,5,0,0,4,0,0,0,0,4,1,6,6,1,63,9,-1,-1,-1,-1,4,E01029729,0,-1
2023122301079,2023,122301079,1,9,0,18,19,3,7,0,0,0,0,0,1,9,1,2,1,1,1,63,9,-1,-1,-1,-1,2,E01027749,0,-1
2023052301459,2023,052301459,1,99,0,18,19,1,5,0,0,0,0,0,0,0,1,9,6,6,3,-1,-1,-1,-1,-1,-1,-1,-1,0,-1
2023010424541,2023,010424541,2,9,0,99,99,9,9,99,99,9,9,99,9,99,9,9,6,6,3,-1,-1,-1,-1,-1,-1,-1,-1,0,-1
2023451359050,2023,451359050,2,9,0,5,5,7,3,0,0,1,0,0,0,0,0,1,6,6,3,40,7,-1,-1,-1,-1,-1,-1,0,-1
2023320611500,2023,320611500,1,9,0,18,19,3,7,0,0,0,0,0,1,11,1,1,1,1,1,67,10,-1,-1,-1,-1,2,E01015634,0,-1
2023061356531,2023,061356531,2,1,0,18,19,-1,-1,0,0,0,0,0,0,0,1,1,2,2,2,29,6,-1,-1,-1,-1,1,E01005615,0,-1
2023421414211,2023,421414211,1,9,0,18,19,1,5,0,0,0,0,0,0,0,4,1,6,6,3,-1,-1,-1,-1,-1,-1,-1,-1,0,-1
2023451361263,2023,451361263,2,1,0,18,19,6,2,0,0,0,0,0,0,0,1,1,4,7,1,13,3,-1,-1,-1,-1,9,E01031000,0,-1
2023070653981,2023,070653981,2,1,0,7,7,1,2,0,0,6,0,0,0,0,1,1,6,6,1,38,7,-1,-1,-1,-1,5,E01018717,0,-1
2023340NN3792,2023,340NN3792,1,9,0,11,11,6,2,0,0,0,0,0,0,0,1,1,6,6,1,52,8,-1,-1,-1,-1,10,E01026358,0,-1
2023061335553,2023,061335553,1,9,0,9,9,4,2,0,0,2,0,0,0,0,1,1,6,6,1,38,7,-1,-1,-1,-1,-1,-1,0,-1
2023531287226,2023,531287226,1,9,0,18,19,1,5,0,0,8,0,0,3,0,4,1,5,6,1,28,6,-1,-1,-1,-1,7,E01022216,0,-1
2023141272002,2023,141272002,2,98,0,18,19,5,1,0,0,0,0,0,0,0,1,1,6,6,3,-1,-1,-1,-1,-1,-1,-1,-1,0,-1
2023010459682,2023,010459682,2,1,0,16,19,1,5,4,4,1,0,0,0,0,1,1,1,1,1,24,5,-1,-1,-1,-1,1,E01033604,0,-1
2023332300300,2023,332300300,2,-1,0,18,19,3,7,0,0,2,0,0,0,0,1,1,4,7,2,14,3,-1,-1,-1,-1,1,E01013728,1,-1
2023451347811,2023,451347811,2,1,0,18,19,7,3,0,0,8,0,0,0,0,4,1,2,2,1,65,9,-1,-1,-1,-1,6,E01030818,0,-1
2023131317849,2023,131317849,2,1,0,5,5,1,5,0,0,0,1,0,0,0,3,1,5,6,1,7,2,-1,-1,-1,-1,2,E01010619,0,-1
2023302300787,2023,302300787,1,9,0,7,7,4,6,0,0,5,0,0,0,0,1,1,6,6,3,-1,-1,-1,-1,-1,-1,5,E01019456,0,-1
2023221351956,2023,221351956,2,1,0,18,19,6,2,0,0,6,0,0,0,0,1,1,5,6,1,13,3,-1,-1,-1,-1,2,E01032262,0,-1
2023201458883,2023,201458883,4,9,0,2,2,0,0,0,0,0,0,0,0,0,1,1,6,6,3,-1,-1,-1,-1,-1,-1,-1,-1,0,-1
2023201385696,2023,201385696,2,1,0,18,19,8,8,0,0,1,0,0,0,0,1,1,2,2,1,36,7,-1,-1,-1,-1,1,E01009346,0,-1
2023161259235,2023,161259235,2,9,0,18,19,3,7,0,0,0,0,0,0,0,1,1,6,6,1,35,6,-1,-1,-1,-1,7,E01013322,0,-1
2023421328123,2023,421328123,1,9,-1,-1,-1,-1,-1,-1,-1,0,-1,-1,-1,0,-1,1,6,6,3,-1,-1,-1,-1,-1,-1,-1,-1,0,-1
2023540291223,2023,540291223,1,1,0,18,19,2,6,0,0,4,0,0,0,0,1,1,6,6,1,19,4,-1,-1,-1,-1,3,E01015530,0,-1
2023411313610,2023,411313610,2,9,-1,-1,-1,-1,-1,-1,-1,0,-1,-1,-1,0,-1,1,6,6,3,-1,-1,-1,-1,-1,-1,-1,-1,0,-1
2023221269947,2023,221269947,2,1,0,18,19,1,5,4,4,8,0,0,0,0,2,1,5,6,1,19,4,-1,-1,-1,-1,10,E01032300,0,-1
2023010455320,2023,010455320,2,19,0,99,99,9,9,99,99,0,9,99,9,99,1,9,6,6,3,-1,-1,-1,-1,-1,-1,-1,-1,0,-1
2023201265342,2023,201265342,1,9,0,6,6,7,7,0,0,1,0,0,0,0,1,1,6,6,1,-1,-1,-1,-1,-1,-1,-1,-1,0,-1
2023201312919,2023,201312919,1,9,0,11,11,4,8,0,0,0,0,0,0,0,4,1,6,6,3,-1,-1,-1,-1,-1,-1,-1,-1,0,-1
2023991288329,2023,991288329,2,1,0,18,19,8,5,0,0,3,0,0,0,0,1,1,2,2,1,31,6,-1,-1,-1,-1,4,-1,0,-1
2023131382574,2023,131382574,2,9,0,-1,-1,-1,-1,-1,-1,0,-1,-1,-1,0,-1,1,6,6,3,-1,-1,-1,-1,-1,-1,-1,-1,0,-1
2023131302218,2023,131302218,1,9,0,18,19,1,5,0,0,1,0,0,0,0,1,1,6,6,3,-1,-1,-1,-1,-1,-1,-1,-1,0,-1
2023010471251,2023,010471251,2,1,0,13,13,5,1,0,0,3,0,0,0,0,1,1,6,6,1,23,5,-1,-1,-1,-1,7,E01002966,0,-1
2023201374508,2023,201374508,1,9,0,18,19,1,5,0,0,0,0,0,0,0,1,1,1,1,3,-1,-1,-1,-1,-1,-1,-1,-1,0,-1
2023221291783,2023,221291783,2,8,0,2,2,0,0,0,0,0,0,0,0,0,0,1,1,1,1,35,6,-1,-1,-1,-1,-1,-1,0,-1
2023101281918,2023,101281918,1,97,0,18,19,4,7,9,9,1,0,0,0,0,0,1,5,6,3,18,4,-1,-1,-1,-1,-1,-1,0,-1
2023471271557,2023,471271557,1,9,0,5,5,1,5,0,0,4,0,0,0,0,3,1,1,1,1,57,9,-1,-1,-1,-1,9,E01031497,0,-1
2023201413583,2023,201413583,2,1,0,5,5,4,8,0,0,1,0,0,0,0,3,1,3,7,3,62,9,-1,-1,-1,-1,1,E01009122,0,-1
2023991334469,2023,991334469,2,1,0,18,19,4,8,0,0,1,2,0,0,0,1,1,5,6,1,56,9,-1,-1,-1,-1,6,-1,0,-1
2023311345253,2023,311345253,2,1,0,18,19,2,6,0,0,1,0,4,0,0,1,1,5,6,1,29,6,-1,-1,-1,-1,1,E01013846,0,-1
2023461337907,2023,461337907,1,97,0,18,19,3,7,0,0,1,0,0,0,0,1,1,6,6,3,-1,-1,-1,-1,-1,-1,-1,-1,0,-1
2023411359205,2023,411359205,2,1,0,5,5,8,5,0,0,3,0,0,0,0,1,1,5,6,1,56,9,-1,-1,-1,-1,9,E01023389,0,-1
2023141321746,2023,141321746,2,9,0,12,12,4,2,0,0,3,0,0,0,0,3,1,5,6,1,74,10,-1,-1,-1,-1,8,E01007527,0,-1
2023061382726,2023,061382726,1,9,0,1,1,7,3,0,0,0,0,0,0,0,2,1,6,6,3,30,6,-1,-1,-1,-1,-1,-1,0,-1
2023332300670,2023,332300670,2,19,0,18,19,1,5,0,0,0,0,0,0,0,1,1,6,6,1,61,9,-1,-1,-1,-1,6,E01025646,0,-1
2023471350770,2023,471350770,1,1,0,18,19,6,2,0,0,2,0,0,0,0,1,1,6,6,2,36,7,-1,-1,-1,-1,4,E01016966,0,-1
2023201358824,2023,201358824,1,97,0,18,19,4,8,0,0,0,0,0,0,0,1,1,6,6,1,14,3,-1,-1,-1,-1,-1,-1,0,-1
2023010463615,2023,010463615,3,11,0,5,5,3,7,0,0,8,0,0,0,0,4,1,1,1,1,63,9,-1,-1,-1,-1,8,E01002581,0,-1
2023010422893,2023,010422893,1,1,9,99,99,9,9,99,99,9,9,99,9,99,9,1,2,2,1,49,8,-1,-1,-1,-1,5,E01003949,0,-1
2023131365041,2023,131365041,1,9,0,18,19,5,1,0,0,8,0,0,0,0,1,1,6,6,3,-1,-1,-1,-1,-1,-1,-1,-1,0,-1
2023451355764,2023,451355764,2,9,0,17,19,5,1,0,0,0,0,0,0,0,1,2,6,6,1,31,6,-1,-1,-1,-1,6,E01030455,0,-1
2023440404779,2023,440404779,2,8,0,9,9,2,8,0,0,1,0,0,0,0,1,1,1,1,3,-1,-1,-1,-1,-1,-1,-1,-1,0,-1
2023451290266,2023,451290266,1,1,0,18,19,7,3,0,0,8,5,0,0,0,4,1,5,6,1,62,9,-1,-1,-1,-1,8,E01030538,0,-1
2023122300575,2023,122300575,1,9,0,18,19,5,3,0,0,0,0,0,0,0,1,1,6,6,1,-1,-1,-1,-1,-1,-1,7,E01012969,0,-1
2023451259061,2023,451259061,1,97,0,18,19,1,5,0,0,0,0,0,0,0,1,1,6,6,3,30,6,-1,-1,-1,-1,-1,-1,0,-1
2023131317821,2023,131317821,1,1,0,18,19,7,3,0,0,0,0,0,0,0,4,1,5,6,1,9,2,-1,-1,-1,-1,1,E01011764,0,-1
2023430424568,2023,430424568,2,1,0,18,19,8,4,0,0,0,0,0,0,0,1,1,6,6,1,15,3,-1,-1,-1,-1,-1,-1,0,-1
2023401369796,2023,401369796,2,1,0,7,7,2,5,9,9,1,0,0,0,0,1,1,6,6,1,54,8,-1,-1,-1,-1,10,E01017483,0,-1
2023221341968,2023,221341968,3,1,0,2,2,0,0,0,0,8,0,0,0,0,1,1,5,6,1,60,9,-1,-1,-1,-1,4,E01014122,0,-1
2023481364564,2023,481364564,1,1,0,6,6,5,5,0,0,0,0,0,0,0,3,1,2,2,1,30,6,-1,-1,-1,-1,-1,-1,0,-1
2023320777571,2023,320777571,2,1,0,18,19,8,4,0,0,0,0,0,0,0,1,1,6,6,1,15,3,-1,-1,-1,-1,4,E01026230,0,-1
2023332301131,2023,332301131,1,1,0,18,19,3,7,0,0,0,0,0,0,0,1,1,2,2,2,41,7,-1,-1,-1,-1,3,E01025715,0,-1
2023522301249,2023,522301249,1,1,0,99,99,9,9,0,0,0,0,0,0,0,9,1,6,6,1,14,3,-1,-1,-1,-1,7,E01014535,0,-1
2023520400155,2023,520400155,2,9,9,18,19,7,3,0,0,0,0,0,0,0,1,9,6,6,3,-1,-1,-1,-1,-1,-1,-1,-1,0,-1
2023070434620,2023,070434620,2,1,0,18,19,8,4,9,9,8,0,0,0,0,1,1,2,2,1,35,6,-1,-1,-1,-1,4,E01018460,0,-1
2023461281816,2023,461281816,1,9,0,18,19,3,7,0,0,0,0,0,0,0,1,1,6,6,3,-1,-1,-1,-1,-1,-1,-1,-1,0,-1
2023471379868,2023,471379868,2,19,0,18,19,1,5,0,0,4,0,0,0,0,3,1,6,6,1,53,8,-1,-1,-1,-1,10,E01031803,0,-1
2023010476015,2023,010476015,1,1,9,99,99,9,9,99,99,0,9,99,9,99,2,1,6,6,2,39,7,-1,-1,-1,-1,3,E01001789,0,-1
2023031356655,2023,031356655,1,9,0,9,9,1,3,0,0,8,0,0,0,0,0,1,6,6,1,-1,-1,-1,-1,-1,-1,-1,-1,0,-1
2023010438376,2023,010438376,1,1,9,99,99,9,9,99,99,9,9,99,9,99,1,1,2,2,1,23,5,-1,-1,-1,-1,4,E01003034,0,-1
2023361353454,2023,361353454,2,1,0,-1,-1,-1,-1,-1,-1,-1,-1,-1,-1,0,-1,1,4,7,1,11,3,-1,-1,-1,-1,1,E01026690,0,-1
2023010439903,2023,010439903,2,1,0,7,7,7,1,0,0,1,0,0,0,0,0,1,1,1,1,31,6,-1,-1,-1,-1,4,E01000162,0,-1
2023531303549,2023,531303549,1,1,0,5,5,6,2,0,0,4,0,0,0,0,1,1,6,6,1,75,10,-1,-1,-1,-1,10,E01022103,0,-1
2023522300997,2023,522300997,2,9,0,13,13,7,3,0,0,1,0,0,0,0,4,1,6,6,1,-1,-1,-1,-1,-1,-1,-1,-1,0,-1
2023201293256,2023,201293256,1,-1,0,4,4,3,7,0,0,0,0,0,0,0,1,1,6,6,3,-1,-1,-1,-1,-1,-1,-1,-1,0,-1
2023430393130,2023,430393130,3,11,0,3,3,1,5,0,0,0,0,0,0,0,0,1,1,1,1,-1,-1,-1,-1,-1,-1,-1,-1,0,-1
2023052301126,2023,052301126,2,1,0,18,19,5,1,0,0,0,0,0,0,0,4,1,6,6,1,63,9,-1,-1,-1,-1,5,E01006427,0,-1
2023332300918,2023,332300918,1,2,0,18,19,8,4,0,0,0,0,0,0,0,2,1,6,6,1,32,6,-1,-1,-1,-1,9,E01028419,0,-1
2023302301039,2023,302301039,2,1,0,18,19,1,5,0,0,8,0,0,0,0,4,1,6,6,1,51,8,-1,-1,-1,-1,7,E01019419,0,-1
2023461305582,2023,461305582,2,9,0,4,4,7,3,0,0,0,0,0,0,0,2,1,6,6,1,-1,-1,-1,-1,-1,-1,-1,-1,0,-1
2023061365948,2023,061365948,2,1,-1,-1,-1,-1,-1,-1,-1,0,-1,-1,-1,0,-1,1,5,6,2,39,7,-1,-1,-1,-1,1,E01005612,0,-1
2023311350167,2023,311350167,2,1,0,14,14,7,3,0,0,0,0,0,0,0,1,1,6,6,2,25,5,-1,-1,-1,-1,1,E01028320,0,-1
2023010436841,2023,010436841,2,9,0,99,99,9,9,99,99,0,9,99,9,99,9,9,6,6,3,-1,-1,-1,-1,-1,-1,-1,-1,0,-1
2023552300889,2023,552300889,1,97,0,7,7,6,8,0,0,6,0,0,0,0,1,1,6,6,1,21,5,-1,-1,-1,-1,1,E01015309,0,-1
2023052301050,2023,052301050,2,-1,0,18,19,1,5,0,0,0,0,0,0,0,1,1,6,6,1,47,8,-1,-1,-1,-1,2,E01028517,1,-1
2023010476277,2023,010476277,1,9,0,18,19,3,7,0,0,7,0,0,0,0,1,1,1,1,1,36,7,-1,-1,-1,-1,1,E01002778,0,-1
2023361333361,2023,361333361,2,9,0,9,9,7,5,0,0,6,0,0,0,0,3,1,6,6,1,52,8,-1,-1,-1,-1,9,E01026550,0,-1
2023531298648,2023,531298648,1,9,0,16,19,2,4,0,0,0,5,0,5,6,3,1,5,6,1,18,4,-1,-1,-1,-1,6,E01022261,0,-1
2023010463163,2023,010463163,1,1,0,18,19,7,3,99,99,1,0,0,0,0,1,1,6,6,1,15,3,-1,-1,-1,-1,4,E01003255,0,-1
202363A033123,2023,63A033123,1,9,0,17,19,4,1,0,0,0,0,0,2,4,4,1,1,1,1,75,10,-1,-1,-1,-1,-1,-1,0,-1
2023010468408,2023,010468408,2,90,0,99,99,9,9,99,99,9,9,99,9,99,1,9,6,6,1,35,6,-1,-1,-1,-1,2,E01001114,0,-1
2023544985323,2023,544985323,1,1,0,18,19,1,5,0,0,1,0,0,0,0,1,1,6,6,1,25,5,-1,-1,-1,-1,4,E01015509,0,-1
2023061387630,2023,061387630,1,9,0,18,19,1,5,0,0,8,0,0,0,0,1,1,6,6,3,30,6,-1,-1,-1,-1,-1,-1,0,-1
2023302301337,2023,302301337,1,9,0,18,19,6,2,0,0,1,5,0,2,4,1,2,6,6,1,55,8,-1,-1,-1,-1,8,E01028094,0,-1
2023101347950,2023,101347950,2,9,0,-1,-1,-1,-1,-1,-1,0,-1,-1,-1,0,2,1,1,1,1,51,8,-1,-1,-1,-1,1,E01008777,0,-1
2023471327758,2023,471327758,1,9,0,18,19,1,3,0,0,1,0,0,0,0,4,1,5,6,1,36,7,-1,-1,-1,-1,9,E01016924,0,-1
2023451283740,2023,451283740,2,98,0,18,19,5,1,0,0,0,0,0,0,0,2,2,1,1,1,51,8,-1,-1,-1,-1,-1,-1,0,-1
2023010437656,2023,010437656,2,1,0,18,19,7,3,0,0,8,0,0,0,0,4,1,6,6,1,24,5,-1,-1,-1,-1,3,E01000035,0,-1
2023141259272,2023,141259272,2,1,0,18,19,1,5,0,0,1,0,0,0,0,1,1,6,6,1,36,7,-1,-1,-1,-1,3,E01007337,0,-1
2023991317869,2023,991317869,1,98,5,5,5,2,6,0,0,8,0,0,3,0,3,2,1,1,1,57,9,-1,-1,-1,-1,-1,-1,0,-1
2023010481369,2023,010481369,2,9,0,99,99,9,9,99,99,9,9,99,9,99,1,9,6,6,3,-1,-1,-1,-1,-1,-1,-1,-1,0,-1
2023430405791,2023,430405791,1,1,0,18,19,8,4,0,0,1,0,0,0,0,3,1,6,6,2,63,9,-1,-1,-1,-1,10,E01003463,0,-1
2023440109053,2023,440109053,2,9,0,2,2,0,0,0,0,1,0,0,0,0,3,1,6,6,3,-1,-1,-1,-1,-1,-1,-1,-1,0,-1
2023520400254,2023,520400254,2,9,0,18,19,8,4,0,0,8,0,0,0,0,3,1,6,6,2,50,8,-1,-1,-1,-1,6,E01020069,0,-1
2023461282065,2023,461282065,2,9,0,18,19,5,1,0,0,8,0,0,0,0,4,1,6,6,2,-1,-1,-1,-1,-1,-1,-1,-1,0,-1
2023351356003,2023,351356003,2,1,0,18,19,7,3,0,0,1,5,0,0,0,4,1,6,6,1,24,5,-1,-1,-1,-1,9,E01018010,0,-1
2023631330063,2023,631330063,3,98,0,2,2,0,0,6,6,1,0,0,0,0,0,1,6,6,3,-1,-1,-1,-1,-1,-1,-1,-1,0,-1
2023010483426,2023,010483426,1,1,9,99,99,9,9,99,99,9,9,99,9,99,9,1,2,2,1,32,6,-1,-1,-1,-1,10,E01030351,0,-1
2023010442906,2023,010442906,2,1,0,17,19,3,7,0,0,1,0,0,0,0,1,1,6,6,2,31,6,-1,-1,-1,-1,2,E01033085,0,-1
2023010439790,2023,010439790,1,1,0,99,99,9,9,0,0,0,0,99,0,0,9,1,6,6,3,-1,-1,-1,-1,-1,-1,-1,-1,0,-1
2023010472497,2023,010472497,1,1,9,99,99,9,9,99,99,9,9,99,9,99,1,1,6,6,2,33,6,-1,-1,-1,-1,-1,-1,0,-1
2023471308793,2023,471308793,1,9,0,1,1,3,8,9,9,8,0,0,0,0,2,1,1,1,1,37,7,-1,-1,-1,-1,10,E01031797,0,-1
2023332300801,2023,332300801,2,9,0,18,19,1,5,0,0,0,0,0,0,0,1,1,6,6,3,-1,-1,-1,-1,-1,-1,-1,-1,0,-1
2023010432862,2023,010432862,2,1,0,14,14,5,1,0,0,1,0,0,0,0,3,1,1,1,1,25,5,-1,-1,-1,-1,2,E01004268,0,-1
2023201461540,2023,201461540,1,1,0,18,19,2,6,0,0,8,0,0,0,0,1,1,6,6,1,22,5,-1,-1,-1,-1,1,E01009378,0,-1
2023010439373,2023,010439373,1,1,9,99,99,9,9,99,99,9,9,99,9,99,9,1,2,2,1,24,5,-1,-1,-1,-1,7,E01001882,0,-1
2023161351777,2023,161351777,2,1,0,18,19,3,7,0,0,0,1,0,0,0,1,1,5,6,1,17,4,-1,-1,-1,-1,4,E01012896,0,-1
2023522400958,2023,522400958,2,1,0,18,19,1,5,0,0,0,0,0,0,0,1,1,6,6,1,15,3,-1,-1,-1,-1,4,E01014645,0,-1
2023461265180,2023,461265180,2,9,0,3,3,5,2,0,0,0,0,0,0,0,2,1,6,6,2,31,6,-1,-1,-1,-1,9,E01016176,0,-1
2023332300880,2023,332300880,2,1,0,18,19,5,1,0,0,2,0,0,0,0,3,1,4,7,1,10,2,-1,-1,-1,-1,-1,-1,0,-1
2023622300643,2023,622300643,1,9,0,13,13,7,3,0,0,1,0,0,0,0,0,1,6,6,3,-1,-1,-1,-1,-1,-1,-1,-1,0,-1
2023131265344,2023,131265344,2,1,0,3,3,7,4,0,0,1,0,0,0,0,0,1,6,6,1,43,7,-1,-1,-1,-1,1,E01011138,0,-1
2023471323763,2023,471323763,2,9,0,18,19,4,8,0,0,0,0,0,0,0,0,1,6,6,3,-1,-1,-1,-1,-1,-1,-1,-1,0,-1
2023520300977,2023,520300977,1,1,0,3,3,3,7,0,0,0,0,0,0,0,3,1,6,6,1,37,7,-1,-1,-1,-1,4,E01029329,0,-1
2023131384554,2023,131384554,2,9,0,18,19,5,3,0,0,0,0,0,0,0,0,1,6,6,3,-1,-1,-1,-1,-1,-1,-1,-1,0,-1
2023471378044,2023,471378044,1,9,0,18,19,3,7,0,0,0,0,0,0,0,1,1,6,6,3,-1,-1,-1,-1,-1,-1,-1,-1,0,-1
2023010423350,2023,010423350,2,1,0,18,19,3,7,0,0,2,0,0,0,0,4,1,6,6,1,14,3,-1,-1,-1,-1,3,E01002283,0,-1
2023010469196,2023,010469196,1,9,0,18,19,3,7,9,9,1,0,0,0,0,3,1,6,6,3,-1,-1,-1,-1,-1,-1,-1,-1,0,-1
2023101319489,2023,101319489,1,19,0,1,1,7,3,0,0,1,0,0,0,0,2,1,6,6,3,40,7,-1,-1,-1,-1,-1,-1,0,-1
2023010469326,2023,010469326,1,1,0,18,19,7,3,0,0,0,0,0,0,0,0,1,6,6,1,6,2,-1,-1,-1,-1,6,E01002680,0,-1
2023451269622,2023,451269622,2,1,0,18,19,4,8,0,0,1,5,0,0,0,1,1,1,1,1,27,6,-1,-1,-1,-1,9,E01003884,0,-1
2023211383491,2023,211383491,3,9,0,18,19,2,3,8,6,0,2,0,1,1,1,1,6,6,1,25,5,-1,-1,-1,-1,4,E01029783,0,-1
2023401334390,2023,401334390,1,9,0,18,19,-1,-1,0,0,0,0,0,0,0,1,1,6,6,3,-1,-1,-1,-1,-1,-1,-1,-1,0,-1
2023010460576,2023,010460576,2,1,9,99,99,9,9,99,99,9,9,99,9,99,1,1,6,6,3,-1,-1,-1,-1,-1,-1,-1,-1,0,-1
2023531383315,2023,531383315,1,9,0,18,19,3,7,0,0,0,0,0,0,0,-1,1,6,6,3,-1,-1,-1,-1,-1,-1,-1,-1,0,-1
2023361308999,2023,361308999,2,1,0,18,19,5,8,0,0,0,5,0,0,0,3,1,5,6,1,20,4,-1,-1,-1,-1,5,E01033435,0,-1
2023141295359,2023,141295359,1,1,0,18,19,4,8,0,0,8,2,0,0,0,4,1,6,6,1,55,8,-1,-1,-1,-1,9,E01011117,0,-1
2023010466278,2023,010466278,2,1,0,18,19,1,5,0,0,8,0,0,0,0,1,1,6,6,1,20,4,-1,-1,-1,-1,5,E01004096,0,-1
2023302301891,2023,302301891,1,9,0,18,19,6,2,0,0,1,0,0,0,0,1,1,6,6,2,70,10,-1,-1,-1,-1,7,E01019628,0,-1
2023340WN1332,2023,340WN1332,1,-1,0,18,19,7,3,0,0,0,0,0,0,0,1,1,6,6,2,19,4,-1,-1,-1,-1,4,E01032980,1,-1
2023170M11103,2023,170M11103,2,1,0,14,14,4,8,0,0,2,0,0,0,0,0,1,6,6,1,10,2,-1,-1,-1,-1,1,E01012084,0,-1
2023461263638,2023,461263638,1,9,0,18,19,5,1,0,0,0,0,0,0,0,4,1,6,6,2,60,9,-1,-1,-1,-1,7,E01024388,0,-1
2023041389834,2023,041389834,1,1,0,18,19,1,5,0,0,0,0,0,0,0,1,1,6,6,1,56,9,-1,-1,-1,-1,-1,-1,0,-1
2023371347384,2023,371347384,4,1,0,18,19,6,2,0,0,1,5,0,0,0,1,1,6,6,2,57,9,-1,-1,-1,-1,7,E01030083,0,-1
2023201384699,2023,201384699,2,9,0,18,19,2,6,0,0,8,0,0,0,0,3,1,6,6,1,17,4,-1,-1,-1,-1,1,E01009311,0,-1
2023010466005,2023,010466005,1,1,9,99,99,9,9,99,99,9,9,99,9,99,9,1,2,2,2,24,5,-1,-1,-1,-1,1,E01001847,0,-1
2023501304622,2023,501304622,1,1,0,18,19,1,5,0,0,0,0,0,0,0,4,1,5,6,1,11,3,-1,-1,-1,-1,7,E01019077,0,-1
2023010467856,2023,010467856,1,1,9,99,99,9,9,99,99,9,9,99,9,99,9,1,6,6,3,33,6,-1,-1,-1,-1,3,E01002564,0,-1