collision_index,collision_year,collision_ref_no,vehicle_reference,vehicle_type,towing_and_articulation,vehicle_manoeuvre_historic,vehicle_manoeuvre,vehicle_direction_from,vehicle_direction_to,vehicle_location_restricted_lane_historic,vehicle_location_restricted_lane,junction_location,skidding_and_overturning,hit_object_in_carriageway,vehicle_leaving_carriageway,hit_object_off_carriageway,first_point_of_impact,vehicle_left_hand_drive,journey_purpose_of_driver_historic,journey_purpose_of_driver,sex_of_driver,age_of_driver,age_band_of_driver,engine_capacity_cc,propulsion_code,age_of_vehicle,generic_make_model,driver_imd_decile,lsoa_of_driver,escooter_flag,driver_distance_banding
2023052302681,2023,052302681,1,19,0,18,19,7,3,0,0,0,0,0,0,0,4,1,6,6,3,-1,-1,-1,-1,-1,-1,-1,-1,0,-1
2023451318311,2023,451318311,1,98,0,18,19,7,3,0,0,0,0,0,0,0,1,2,1,1,1,55,8,-1,-1,-1,-1,-1,-1,0,-1
2023010446606,2023,010446606,1,1,9,99,99,9,9,99,99,0,9,99,9,99,9,1,2,2,2,29,6,-1,-1,-1,-1,3,E01004645,0,-1
2023010445915,2023,010445915,2,1,0,18,19,3,7,0,0,8,0,0,0,0,1,1,6,6,1,27,6,-1,-1,-1,-1,-1,-1,0,-1
2023010445219,2023,010445219,3,19,0,17,19,3,7,0,0,0,0,0,0,0,1,1,6,6,3,-1,-1,-1,-1,-1,-1,-1,-1,0,-1
2023170S12223,2023,170S12223,1,9,0,18,19,3,7,0,0,6,1,0,1,0,4,1,6,6,1,-1,-1,-1,-1,-1,-1,-1,-1,0,-1
2023010474980,2023,010474980,2,1,0,18,19,1,5,4,4,1,0,0,0,0,1,1,2,2,1,32,6,-1,-1,-1,-1,6,E01003393,0,-1
2023010465670,2023,010465670,1,1,0,99,99,9,9,0,0,0,0,0,0,0,9,1,6,6,1,33,6,-1,-1,-1,-1,1,E01002071,0,-1
202363A035223,2023,63A035223,1,3,0,18,19,7,3,0,0,1,1,7,3,2,1,1,6,6,1,56,9,-1,-1,-1,-1,-1,-1,0,-1
2023101346194,2023,101346194,2,1,0,17,19,1,6,0,0,8,5,0,0,0,1,1,6,6,2,50,8,-1,-1,-1,-1,9,E01008260,0,-1
2023552300268,2023,552300268,2,1,0,18,19,7,4,0,0,8,0,0,0,0,1,1,2,2,2,27,6,-1,-1,-1,-1,4,E01015326,0,-1
2023010469861,2023,010469861,2,1,0,15,15,1,5,2,2,1,0,0,0,0,1,1,2,2,2,36,7,-1,-1,-1,-1,3,E01000545,0,-1
2023211391606,2023,211391606,2,9,0,18,19,0,0,0,0,1,0,0,0,0,3,1,1,1,1,53,8,-1,-1,-1,-1,-1,-1,0,-1
2023522301215,2023,522301215,2,22,0,18,19,6,2,0,0,8,0,0,0,0,1,1,6,6,1,96,11,-1,-1,-1,-1,9,E01014725,0,-1
2023010420638,2023,010420638,1,9,9,99,99,9,9,99,99,9,9,99,9,99,9,9,6,6,3,-1,-1,-1,-1,-1,-1,-1,-1,0,-1
2023610012423,2023,610012423,2,9,0,17,19,8,5,0,0,0,0,0,0,0,1,1,6,6,1,39,7,-1,-1,-1,-1,3,W01001546,0,-1
2023010461044,2023,010461044,1,1,9,99,99,9,9,99,99,9,9,99,9,99,9,1,6,6,1,14,3,-1,-1,-1,-1,1,E01002066,0,-1
2023201312678,2023,201312678,1,9,0,18,19,5,1,0,0,0,0,0,0,0,1,1,6,6,3,-1,-1,-1,-1,-1,-1,-1,-1,0,-1
2023010465573,2023,010465573,1,1,9,99,99,9,9,99,99,9,9,99,9,99,1,1,2,2,1,22,5,-1,-1,-1,-1,2,E01033578,0,-1
2023340WN6182,2023,340WN6182,1,21,0,18,19,8,4,0,0,0,1,0,0,0,1,1,6,6,1,24,5,-1,-1,-1,-1,2,E01001442,0,-1
2023351313283,2023,351313283,1,1,0,18,19,-1,-1,0,0,0,0,0,0,0,3,1,6,6,3,-1,-1,-1,-1,-1,-1,-1,-1,0,-1
202354D641623,2023,54D641623,1,9,0,18,19,8,4,0,0,8,0,0,0,0,0,1,6,6,3,-1,-1,-1,-1,-1,-1,-1,-1,0,-1
2023010481432,2023,010481432,2,9,0,10,10,1,7,0,0,1,0,0,0,0,3,1,6,6,1,57,9,-1,-1,-1,-1,7,E01002819,0,-1
2023471320768,2023,471320768,2,1,0,18,19,4,8,0,0,8,0,0,0,0,1,1,5,6,2,9,2,-1,-1,-1,-1,8,E01016980,0,-1
2023231375347,2023,231375347,2,1,0,9,9,-1,-1,0,0,5,0,0,0,0,9,1,6,6,2,28,6,-1,-1,-1,-1,4,E01031276,0,-1
2023440287624,2023,440287624,2,9,0,12,12,8,4,0,0,8,0,0,0,0,3,1,6,6,1,-1,-1,-1,-1,-1,-1,-1,-1,0,-1
2023010454861,2023,010454861,1,4,0,3,3,1,5,0,0,1,0,0,0,0,2,1,6,6,1,50,8,-1,-1,-1,-1,2,E01003542,0,-1
2023010447890,2023,010447890,2,1,0,17,19,5,2,0,0,8,0,0,0,0,1,1,1,1,1,37,7,-1,-1,-1,-1,3,E01001369,0,-1
2023010425632,2023,010425632,1,-1,0,5,5,7,3,9,9,5,0,0,0,0,1,1,2,2,1,16,4,-1,-1,-1,-1,2,E01002561,1,-1
2023622300285,2023,622300285,1,1,0,18,19,2,6,0,0,0,0,4,0,0,1,1,6,6,1,49,8,-1,-1,-1,-1,10,W01000903,0,-1
2023010465622,2023,010465622,2,1,0,18,19,1,5,0,0,8,5,0,0,0,1,1,6,6,1,35,6,-1,-1,-1,-1,7,E01001904,0,-1
2023201284312,2023,201284312,2,-1,0,5,5,3,1,0,0,4,0,0,0,0,1,1,1,1,2,25,5,-1,-1,-1,-1,4,E01009071,1,-1
2023991324241,2023,991324241,2,1,0,9,9,3,1,0,0,2,2,0,0,0,1,1,6,6,1,15,3,-1,-1,-1,-1,5,-1,0,-1
2023461298681,2023,461298681,1,9,-1,-1,-1,-1,-1,-1,-1,-1,-1,-1,-1,0,-1,1,6,6,3,-1,-1,-1,-1,-1,-1,-1,-1,0,-1
2023010422711,2023,010422711,2,9,0,99,99,9,9,99,99,9,9,99,9,99,9,9,6,6,3,-1,-1,-1,-1,-1,-1,-1,-1,0,-1
2023320392939,2023,320392939,1,19,0,17,19,2,6,0,0,0,0,0,1,1,1,1,1,1,1,38,7,-1,-1,-1,-1,8,E01026212,0,-1
202360A084195,2023,60A084195,1,99,0,18,19,5,1,0,0,0,0,0,0,0,1,1,6,6,3,-1,-1,-1,-1,-1,-1,-1,-1,0,-1
2023421293681,2023,421293681,1,1,0,18,19,7,3,0,0,3,1,0,1,0,4,1,5,6,1,58,9,-1,-1,-1,-1,8,E01021926,0,-1
2023010434351,2023,010434351,2,9,9,99,99,9,9,99,99,9,9,99,9,99,9,9,6,6,3,-1,-1,-1,-1,-1,-1,-1,-1,0,-1
2023430202530,2023,430202530,2,1,0,18,19,1,5,0,0,0,0,0,0,0,3,1,2,2,1,52,8,-1,-1,-1,-1,2,E01028692,0,-1
2023421276765,2023,421276765,1,9,0,14,14,6,2,0,0,0,0,0,0,0,1,1,6,6,1,25,5,-1,-1,-1,-1,-1,-1,0,-1
2023010477040,2023,010477040,1,9,9,99,99,9,9,99,99,6,9,99,0,0,1,9,6,6,3,-1,-1,-1,-1,-1,-1,-1,-1,0,-1
2023201276101,2023,201276101,1,9,0,18,19,2,6,0,0,8,0,0,0,0,1,1,2,2,2,37,7,-1,-1,-1,-1,2,E01010059,0,-1
2023201416286,2023,201416286,2,1,0,18,19,1,5,0,0,1,0,0,0,0,1,1,6,6,1,-1,-1,-1,-1,-1,-1,-1,-1,0,-1
2023201383982,2023,201383982,2,1,0,18,19,1,5,0,0,8,0,0,0,0,0,1,6,6,1,29,6,-1,-1,-1,-1,5,E01008994,0,-1
2023010472231,2023,010472231,1,1,9,99,99,9,9,99,99,9,9,99,9,99,9,1,2,2,2,52,8,-1,-1,-1,-1,9,E01027002,0,-1
2023161389983,2023,161389983,1,9,0,18,19,7,3,0,0,2,0,0,0,0,1,1,6,6,1,58,9,-1,-1,-1,-1,9,E01013191,0,-1
2023031282924,2023,031282924,1,9,0,7,7,3,4,0,0,2,0,0,0,0,4,1,6,6,3,-1,-1,-1,-1,-1,-1,-1,-1,0,-1
2023161372020,2023,161372020,1,1,0,18,19,3,7,5,5,0,0,0,0,0,1,1,5,6,1,35,6,-1,-1,-1,-1,1,E01012917,0,-1
2023371313260,2023,371313260,2,1,0,-1,-1,-1,-1,-1,-1,0,-1,-1,-1,0,-1,1,2,2,1,19,4,-1,-1,-1,-1,4,E01021999,0,-1
2023430420182,2023,430420182,1,9,0,7,7,3,5,0,0,6,0,0,0,0,1,1,6,6,2,-1,-1,-1,-1,-1,-1,-1,-1,0,-1
2023430185356,2023,430185356,1,-1,0,18,19,9,9,0,0,0,0,0,0,0,1,1,6,6,1,20,4,-1,-1,-1,-1,-1,-1,1,-1
2023170M11163,2023,170M11163,1,8,0,1,1,0,1,0,0,0,0,0,0,0,2,1,1,1,1,-1,-1,-1,-1,-1,-1,-1,-1,0,-1
2023320187231,2023,320187231,1,9,0,18,19,2,6,0,0,0,0,0,0,0,1,1,6,6,1,-1,-1,-1,-1,-1,-1,-1,-1,0,-1
2023170H10093,2023,170H10093,2,9,0,9,9,3,1,0,0,6,0,0,0,0,3,1,6,6,1,-1,-1,-1,-1,-1,-1,-1,-1,0,-1
2023041365693,2023,041365693,4,1,0,18,19,6,2,0,0,0,0,0,0,0,1,1,5,6,1,56,9,-1,-1,-1,-1,9,E01024983,0,-1
2023010427608,2023,010427608,1,19,0,18,19,1,5,0,0,1,0,0,0,0,3,1,1,1,1,44,7,-1,-1,-1,-1,1,E01003047,0,-1
2023010458397,2023,010458397,2,1,0,18,19,3,7,0,0,6,0,0,0,0,1,1,6,6,2,10,2,-1,-1,-1,-1,3,E01002502,0,-1
2023010446784,2023,010446784,1,1,9,99,99,9,9,99,99,0,9,99,9,99,1,1,2,2,1,23,5,-1,-1,-1,-1,1,E01004199,0,-1
2023451389719,2023,451389719,3,98,0,18,19,1,4,0,0,0,0,0,0,0,0,1,6,6,3,55,8,-1,-1,-1,-1,-1,-1,0,-1
2023052302827,2023,052302827,2,1,0,18,19,1,5,0,0,0,0,0,0,0,3,1,6,6,1,37,7,-1,-1,-1,-1,1,E01006967,0,-1
2023010449836,2023,010449836,2,9,0,99,99,9,9,99,99,9,9,99,9,99,9,9,6,6,3,-1,-1,-1,-1,-1,-1,-1,-1,0,-1
2023461344130,2023,461344130,2,-1,0,18,19,1,5,0,0,0,0,4,0,0,2,1,6,6,1,36,7,-1,-1,-1,-1,2,E01024476,1,-1
2023010462077,2023,010462077,1,1,0,18,19,1,5,2,2,0,0,0,1,0,2,1,6,6,1,21,5,-1,-1,-1,-1,2,E01000434,0,-1
2023221368426,2023,221368426,2,16,0,18,19,6,2,0,0,0,0,0,0,0,2,1,5,6,2,56,9,-1,-1,-1,-1,5,E01028864,0,-1
2023010483544,2023,010483544,2,9,9,99,99,9,9,99,99,0,9,99,9,99,9,9,6,6,3,-1,-1,-1,-1,-1,-1,-1,-1,0,-1
2023451347093,2023,451347093,2,9,0,18,19,3,1,0,0,4,0,0,0,0,1,1,6,6,2,40,7,-1,-1,-1,-1,-1,-1,0,-1
2023052300407,2023,052300407,2,1,0,18,19,3,7,0,0,3,0,0,0,0,1,1,6,6,1,40,7,-1,-1,-1,-1,1,E01006549,0,-1
2023201424258,2023,201424258,1,2,0,18,19,6,2,0,0,1,0,0,0,0,1,1,6,6,3,-1,-1,-1,-1,-1,-1,-1,-1,0,-1
2023471319165,2023,471319165,2,1,0,18,19,4,1,0,0,8,0,0,0,0,2,1,4,7,1,15,3,-1,-1,-1,-1,9,E01031714,0,-1
2023010450780,2023,010450780,2,1,0,18,19,6,2,0,0,2,1,0,0,0,4,1,6,6,1,19,4,-1,-1,-1,-1,6,E01000492,0,-1
2023201278190,2023,201278190,3,98,0,3,3,7,3,0,0,0,0,0,0,0,2,1,6,6,1,39,7,-1,-1,-1,-1,1,E01009024,0,-1
2023440051816,2023,440051816,1,1,0,18,19,7,3,0,0,1,0,0,0,0,1,1,2,2,1,41,7,-1,-1,-1,-1,4,E01023088,0,-1
2023471310534,2023,471310534,1,3,0,18,19,2,6,0,0,6,0,0,0,0,1,1,6,6,1,-1,-1,-1,-1,-1,-1,-1,-1,0,-1
2023320600088,2023,320600088,2,21,0,4,4,8,4,0,0,1,0,0,0,0,2,1,1,1,3,-1,-1,-1,-1,-1,-1,-1,-1,0,-1
2023161329332,2023,161329332,2,1,0,18,19,1,5,0,0,1,0,0,0,0,3,1,4,7,2,9,2,-1,-1,-1,-1,-1,-1,0,-1
2023440496000,2023,440496000,2,1,0,18,19,7,3,0,0,1,0,0,0,0,1,1,6,6,1,43,7,-1,-1,-1,-1,4,E01017110,0,-1
2023010484353,2023,010484353,1,9,0,99,99,9,9,99,99,0,9,99,9,99,1,9,6,6,3,-1,-1,-1,-1,-1,-1,-1,-1,0,-1
2023430431860,2023,430431860,1,9,0,9,9,3,1,0,0,6,0,0,0,0,1,1,6,6,3,45,7,-1,-1,-1,-1,-1,-1,0,-1
2023071278537,2023,071278537,1,1,0,18,19,4,8,0,0,0,0,0,0,0,1,1,6,6,1,50,8,-1,-1,-1,-1,4,E01005957,0,-1
2023041313527,2023,041313527,2,1,0,5,5,3,7,0,0,4,0,0,0,0,1,1,5,6,2,71,10,-1,-1,-1,-1,9,E01024992,0,-1
2023991378659,2023,991378659,2,1,0,3,3,4,6,0,0,4,0,0,0,0,2,1,2,2,1,55,8,-1,-1,-1,-1,4,-1,0,-1
202360A095905,2023,60A095905,2,9,0,2,2,0,0,0,0,0,0,0,0,0,3,1,1,1,2,49,8,-1,-1,-1,-1,-1,-1,0,-1
2023010428835,2023,010428835,2,1,0,5,5,5,1,0,0,2,0,0,0,0,2,1,6,6,2,47,8,-1,-1,-1,-1,7,E01002836,0,-1
2023010427222,2023,010427222,2,9,0,9,9,8,6,0,0,1,0,0,0,0,0,1,6,6,3,-1,-1,-1,-1,-1,-1,-1,-1,0,-1
2023141360802,2023,141360802,2,98,0,18,19,5,1,0,0,1,0,0,1,0,1,1,1,1,1,46,8,-1,-1,-1,-1,1,E01005501,0,-1
2023010467919,2023,010467919,1,-1,0,18,19,1,5,0,0,1,0,0,0,0,1,1,2,2,1,17,4,-1,-1,-1,-1,3,E01002564,1,-1
2023311275296,2023,311275296,2,1,0,5,5,5,1,0,0,2,0,0,0,0,1,1,6,6,2,27,6,-1,-1,-1,-1,-1,-1,0,-1
2023010465728,2023,010465728,2,98,0,99,99,9,9,99,99,9,9,99,9,99,9,9,6,6,3,-1,-1,-1,-1,-1,-1,-1,-1,0,-1
2023010461427,2023,010461427,2,1,0,18,19,3,7,9,9,1,0,0,0,0,0,1,6,6,2,42,7,-1,-1,-1,-1,3,E01003496,0,-1
2023070195618,2023,070195618,2,1,0,18,19,8,4,0,0,1,0,0,0,0,3,1,6,6,2,60,9,-1,-1,-1,-1,10,E01018366,0,-1
2023010478380,2023,010478380,2,1,0,14,14,5,1,0,0,1,0,0,0,0,1,1,2,2,1,21,5,-1,-1,-1,-1,4,E01004142,0,-1
2023010426923,2023,010426923,1,9,0,9,9,1,7,0,0,1,0,0,0,0,3,1,6,6,3,-1,-1,-1,-1,-1,-1,-1,-1,0,-1
2023061265415,2023,061265415,1,-1,0,3,3,5,1,0,0,1,0,0,0,0,1,1,6,6,3,30,6,-1,-1,-1,-1,-1,-1,0,-1
2023351377393,2023,351377393,1,1,0,18,19,5,1,0,0,1,0,0,0,0,1,1,5,6,1,51,8,-1,-1,-1,-1,3,E01017979,0,-1
2023111396639,2023,111396639,3,9,0,9,9,8,5,0,0,5,0,0,0,0,1,1,6,6,3,30,6,-1,-1,-1,-1,-1,-1,0,-1
2023461300375,2023,461300375,6,9,0,2,2,0,0,0,0,0,0,0,0,0,4,1,6,6,1,46,8,-1,-1,-1,-1,4,E01024179,0,-1
2023320799406,2023,320799406,1,1,0,18,19,6,2,0,0,0,0,0,0,0,3,1,6,6,1,22,5,-1,-1,-1,-1,-1,-1,0,-1
2023461377580,2023,461377580,1,9,0,7,7,8,2,0,0,1,0,0,0,0,1,1,6,6,3,-1,-1,-1,-1,-1,-1,-1,-1,0,-1
2023991299698,2023,991299698,2,1,0,18,19,4,7,0,0,8,0,0,0,0,4,1,5,6,1,56,9,-1,-1,-1,-1,8,-1,0,-1
2023411376731,2023,411376731,1,-1,0,18,19,-1,-1,0,0,0,-1,0,0,0,1,1,6,6,3,-1,-1,-1,-1,-1,-1,-1,-1,0,-1
2023520300736,2023,520300736,2,9,0,3,3,6,8,0,0,4,0,0,0,0,2,1,6,6,2,25,5,-1,-1,-1,-1,6,E01029289,0,-1
2023011291982,2023,011291982,3,19,0,18,19,3,7,0,0,0,0,0,0,0,0,1,6,6,1,-1,-1,-1,-1,-1,-1,-1,-1,0,-1
2023440491950,2023,440491950,2,9,0,18,19,3,7,0,0,8,0,0,0,0,4,1,6,6,1,-1,-1,-1,-1,-1,-1,-1,-1,0,-1
2023052301317,2023,052301317,1,9,0,18,19,5,1,0,0,4,0,0,0,0,1,1,6,6,3,-1,-1,-1,-1,-1,-1,-1,-1,0,-1
2023010439792,2023,010439792,1,1,9,99,99,9,9,99,99,0,9,99,9,99,1,1,2,2,1,23,5,-1,-1,-1,-1,4,E01003216,0,-1
2023010485023,2023,010485023,3,1,0,5,5,1,5,0,0,0,0,4,1,0,4,1,4,7,1,12,3,-1,-1,-1,-1,2,E01000095,0,-1
2023061382181,2023,061382181,2,9,0,18,19,5,8,0,0,1,0,0,0,0,2,1,1,1,1,53,8,-1,-1,-1,-1,5,E01005175,0,-1
2023010440395,2023,010440395,2,-1,0,18,19,3,7,0,0,1,0,0,0,0,1,1,6,6,1,48,8,-1,-1,-1,-1,3,E01002445,1,-1
2023201411098,2023,201411098,1,19,0,18,19,6,2,0,0,0,0,0,0,0,1,1,6,6,1,-1,-1,-1,-1,-1,-1,-1,-1,0,-1
2023010486093,2023,010486093,2,9,9,99,99,9,9,99,99,9,9,99,9,99,9,9,6,6,3,-1,-1,-1,-1,-1,-1,-1,-1,0,-1
2023991316596,2023,991316596,1,9,0,18,19,5,1,0,0,8,0,0,0,0,3,1,5,6,1,22,5,-1,-1,-1,-1,4,-1,0,-1
2023010427116,2023,010427116,1,9,0,18,19,6,2,0,0,1,0,0,0,0,1,1,6,6,3,-1,-1,-1,-1,-1,-1,2,E01004267,0,-1
2023622300540,2023,622300540,1,1,0,18,19,8,4,0,0,1,0,0,0,0,0,1,6,6,1,32,6,-1,-1,-1,-1,8,W01001758,0,-1
202360A074119,2023,60A074119,1,9,0,18,19,3,7,0,0,8,0,0,0,0,1,1,6,6,1,77,11,-1,-1,-1,-1,-1,-1,0,-1
2023221462174,2023,221462174,1,9,0,3,3,8,4,0,0,1,0,0,0,0,2,1,6,6,2,32,6,-1,-1,-1,-1,6,E01032258,0,-1
2023010430424,2023,010430424,2,1,0,18,19,2,6,0,0,8,0,0,0,0,4,1,1,1,1,18,4,-1,-1,-1,-1,3,E01003379,0,-1
2023101311421,2023,101311421,1,1,0,18,19,5,8,0,0,0,0,0,0,0,1,1,6,6,1,11,3,-1,-1,-1,-1,-1,-1,0,-1
2023070352618,2023,070352618,2,1,0,18,19,6,2,0,0,0,0,0,0,0,1,1,6,6,1,36,7,-1,-1,-1,-1,9,E01005843,0,-1
2023311346099,2023,311346099,1,1,0,18,19,2,6,9,9,0,0,0,0,0,1,1,5,6,1,14,3,-1,-1,-1,-1,1,E01013959,0,-1
2023991298595,2023,991298595,1,9,0,18,19,5,1,0,0,0,0,0,0,0,1,1,2,2,1,24,5,-1,-1,-1,-1,8,-1,0,-1
2023430261677,2023,430261677,2,9,0,18,19,1,5,0,0,8,0,0,0,0,3,1,2,2,2,27,6,-1,-1,-1,-1,10,E01017806,0,-1
2023622300084,2023,622300084,2,1,0,18,19,2,6,0,0,1,0,0,0,0,1,1,6,6,1,65,9,-1,-1,-1,-1,-1,-1,0,-1
202354A873623,2023,54A873623,1,9,0,18,19,7,3,0,0,0,0,0,0,0,4,1,2,2,2,40,7,-1,-1,-1,-1,9,E01032032,0,-1
2023131304717,2023,131304717,1,1,0,18,19,7,3,0,0,0,0,0,0,0,1,1,6,6,3,-1,-1,-1,-1,-1,-1,-1,-1,0,-1
2023010422466,2023,010422466,2,1,0,18,19,7,3,0,0,1,0,0,0,0,1,1,1,1,1,59,9,-1,-1,-1,-1,2,E01004023,0,-1
2023411364624,2023,411364624,2,1,0,18,19,4,1,0,0,1,0,0,0,0,1,1,5,6,1,28,6,-1,-1,-1,-1,5,E01023727,0,-1
2023501345569,2023,501345569,3,16,0,18,19,3,7,0,0,0,0,0,0,0,0,1,5,6,2,12,3,-1,-1,-1,-1,6,E01018845,0,-1
2023231268192,2023,231268192,1,21,1,12,12,2,6,0,0,0,0,0,0,0,1,1,6,6,3,45,7,-1,-1,-1,-1,-1,-1,0,-1
2023471363575,2023,471363575,1,9,0,18,19,3,7,0,0,1,0,0,0,0,1,1,6,6,3,-1,-1,-1,-1,-1,-1,-1,-1,0,-1
2023161308362,2023,161308362,1,8,0,1,1,8,4,0,0,0,0,0,0,0,2,1,6,6,1,64,9,-1,-1,-1,-1,-1,-1,0,-1
2023161324111,2023,161324111,2,9,0,18,19,7,3,0,0,8,0,0,0,0,1,1,6,6,3,-1,-1,-1,-1,-1,-1,-1,-1,0,-1
2023010440751,2023,010440751,2,1,0,14,14,5,1,0,0,8,0,0,0,0,1,1,6,6,1,55,8,-1,-1,-1,-1,1,E01003047,0,-1
2023461326822,2023,461326822,1,19,0,18,19,7,3,0,0,1,0,0,0,0,1,1,6,6,1,-1,-1,-1,-1,-1,-1,-1,-1,0,-1
2023320308854,2023,320308854,1,1,0,18,19,6,2,0,0,0,5,0,0,0,1,1,6,6,1,75,10,-1,-1,-1,-1,1,E01007739,0,-1
2023531316734,2023,531316734,2,1,0,18,19,5,1,0,0,0,0,0,0,0,1,1,5,6,1,72,10,-1,-1,-1,-1,5,E01022266,0,-1
2023010422234,2023,010422234,2,1,0,18,19,3,7,0,0,8,0,0,0,0,1,1,2,2,1,43,7,-1,-1,-1,-1,2,E01002807,0,-1
2023361344119,2023,361344119,1,1,0,9,9,3,1,0,0,8,0,0,7,0,1,1,5,6,2,-1,-1,-1,-1,-1,-1,-1,-1,0,-1
2023010456422,2023,010456422,2,1,0,18,19,3,7,0,0,8,5,10,0,0,2,1,6,6,1,57,9,-1,-1,-1,-1,3,E01003244,0,-1
2023320247077,2023,320247077,1,10,0,9,9,6,3,0,0,6,0,0,0,0,1,1,6,6,2,23,5,-1,-1,-1,-1,8,E01026258,0,-1
2023221260397,2023,221260397,2,1,0,18,19,4,8,0,0,8,0,0,0,0,2,1,4,7,1,11,3,-1,-1,-1,-1,7,E01028941,0,-1
2023461377389,2023,461377389,2,9,0,18,19,1,5,0,0,0,0,0,0,0,4,1,6,6,2,-1,-1,-1,-1,-1,-1,3,E01024717,0,-1
2023401368825,2023,401368825,2,-1,0,18,19,-1,-1,0,0,8,0,0,0,0,4,1,6,6,3,-1,-1,-1,-1,-1,-1,-1,-1,0,-1
2023041373718,2023,041373718,4,9,0,16,19,5,1,0,0,0,0,0,0,0,1,2,5,6,1,55,8,-1,-1,-1,-1,-1,-1,0,-1
2023010459175,2023,010459175,1,1,9,99,99,9,9,99,99,9,9,99,9,99,9,1,6,6,2,42,7,-1,-1,-1,-1,3,E01001834,0,-1
2023010469830,2023,010469830,1,97,0,13,13,4,8,0,0,1,0,0,0,0,3,1,6,6,3,-1,-1,-1,-1,-1,-1,-1,-1,0,-1
2023010446045,2023,010446045,1,3,0,18,19,6,2,0,0,0,0,0,0,0,1,1,6,6,3,-1,-1,-1,-1,-1,-1,-1,-1,0,-1
2023411318065,2023,411318065,1,9,0,18,19,1,5,0,0,0,0,0,0,0,1,1,6,6,3,-1,-1,-1,-1,-1,-1,-1,-1,0,-1
2023201289777,2023,201289777,1,9,0,18,19,5,2,0,0,8,0,7,1,10,1,1,6,6,1,42,7,-1,-1,-1,-1,2,E01008889,0,-1
2023401286094,2023,401286094,1,-1,0,18,19,5,1,0,0,0,0,0,0,0,1,1,6,6,3,-1,-1,-1,-1,-1,-1,-1,-1,0,-1
2023522400846,2023,522400846,2,90,0,18,19,7,3,0,0,0,0,0,0,6,3,1,6,6,1,-1,-1,-1,-1,-1,-1,-1,-1,0,-1
2023122301011,2023,122301011,1,19,0,17,19,5,1,0,0,1,0,0,0,0,1,2,1,1,1,39,7,-1,-1,-1,-1,5,E01029853,0,-1
2023440480048,2023,440480048,1,1,0,18,19,6,2,0,0,1,0,0,0,0,1,1,4,7,1,8,2,-1,-1,-1,-1,4,E01022910,0,-1
2023501395070,2023,501395070,1,9,-1,18,19,5,2,0,0,0,0,0,0,0,3,1,6,6,2,-1,-1,-1,-1,-1,-1,-1,-1,0,-1
2023622300799,2023,622300799,1,3,0,13,13,2,6,0,0,1,1,0,0,0,1,1,6,6,1,19,4,-1,-1,-1,-1,1,W01000833,0,-1
2023052302029,2023,052302029,1,9,0,18,19,3,7,0,0,4,0,0,0,0,0,1,6,6,2,-1,-1,-1,-1,-1,-1,-1,-1,0,-1
2023052300828,2023,052300828,2,1,0,18,19,1,5,0,0,1,0,0,0,0,2,1,6,6,1,19,4,-1,-1,-1,-1,1,E01006673,0,-1
2023010447026,2023,010447026,1,9,0,18,19,7,3,0,0,0,0,0,0,0,0,1,6,6,3,-1,-1,-1,-1,-1,-1,-1,-1,0,-1
2023430281879,2023,430281879,1,-1,0,18,19,1,5,0,0,1,0,0,0,0,1,1,4,7,1,12,3,-1,-1,-1,-1,-1,-1,1,-1
2023010464070,2023,010464070,2,3,0,99,99,9,9,99,99,0,9,99,9,99,9,1,6,6,3,-1,-1,-1,-1,-1,-1,-1,-1,0,-1
2023451356194,2023,451356194,2,1,0,18,19,1,5,0,0,8,0,0,0,0,1,1,5,6,1,15,3,-1,-1,-1,-1,6,E01030336,0,-1
2023430232787,2023,430232787,1,1,0,18,19,8,4,0,0,0,0,0,0,0,3,1,2,2,1,29,6,-1,-1,-1,-1,1,E01016441,0,-1
2023010453643,2023,010453643,2,9,0,99,99,9,9,99,99,9,9,99,9,99,9,9,6,6,3,-1,-1,-1,-1,-1,-1,-1,-1,0,-1
2023471302759,2023,471302759,2,1,0,18,19,5,8,0,0,1,0,0,0,0,1,1,6,6,1,79,11,-1,-1,-1,-1,5,E01020932,0,-1
2023010473778,2023,010473778,1,11,0,5,5,3,7,0,0,2,0,0,0,0,0,1,6,6,1,23,5,-1,-1,-1,-1,2,E01000091,0,-1
2023010475420,2023,010475420,1,1,9,99,99,9,9,99,99,9,9,99,9,99,9,1,2,2,3,38,7,-1,-1,-1,-1,2,E01004403,0,-1
2023201450749,2023,201450749,1,9,0,12,12,5,3,0,0,1,0,0,0,0,0,1,6,6,1,23,5,-1,-1,-1,-1,3,E01009777,0,-1
2023010464909,2023,010464909,1,8,0,18,19,2,6,0,0,0,0,0,0,0,3,1,6,6,3,-1,-1,-1,-1,-1,-1,-1,-1,0,-1
2023010446278,2023,010446278,1,1,0,18,19,7,3,0,0,0,0,0,1,0,2,1,2,2,1,58,9,-1,-1,-1,-1,5,E01002682,0,-1
2023010461276,2023,010461276,1,1,0,16,19,1,5,2,2,0,0,0,0,0,1,1,6,6,1,22,5,-1,-1,-1,-1,2,E01001202,0,-1
2023141340721,2023,141340721,2,22,0,18,19,7,4,0,0,1,0,0,0,0,3,1,6,6,2,81,11,-1,-1,-1,-1,1,E01007499,0,-1
2023461297899,2023,461297899,5,9,0,2,2,0,0,0,0,0,0,0,0,0,0,1,6,6,3,-1,-1,-1,-1,-1,-1,-1,-1,0,-1
2023161342196,2023,161342196,1,1,0,18,19,5,1,4,4,1,5,0,0,0,3,1,2,2,1,41,7,-1,-1,-1,-1,2,E01012763,0,-1
2023522301851,2023,522301851,1,1,0,18,19,6,2,0,0,8,0,0,0,0,3,1,6,6,2,32,6,-1,-1,-1,-1,6,E01014677,0,-1
2023991370181,2023,991370181,1,1,0,17,19,7,2,0,0,3,0,0,1,0,4,1,2,2,2,51,8,-1,-1,-1,-1,-1,-1,0,-1
2023211368291,2023,211368291,1,9,0,3,3,1,1,0,0,0,0,0,0,0,2,1,5,6,1,33,6,-1,-1,-1,-1,-1,-1,0,-1
2023070509893,2023,070509893,2,1,0,18,19,7,3,0,0,0,0,0,0,0,0,1,6,6,1,50,8,-1,-1,-1,-1,9,E01018660,0,-1
2023101310775,2023,101310775,1,23,0,18,19,3,7,0,0,1,0,0,0,0,1,1,6,6,1,27,6,-1,-1,-1,-1,1,E01008332,0,-1