collision_index,collision_year,collision_ref_no,vehicle_reference,vehicle_type,towing_and_articulation,vehicle_manoeuvre_historic,vehicle_manoeuvre,vehicle_direction_from,vehicle_direction_to,vehicle_location_restricted_lane_historic,vehicle_location_restricted_lane,junction_location,skidding_and_overturning,hit_object_in_carriageway,vehicle_leaving_carriageway,hit_object_off_carriageway,first_point_of_impact,vehicle_left_hand_drive,journey_purpose_of_driver_historic,journey_purpose_of_driver,sex_of_driver,age_of_driver,age_band_of_driver,engine_capacity_cc,propulsion_code,age_of_vehicle,generic_make_model,driver_imd_decile,lsoa_of_driver,escooter_flag,driver_distance_banding
2023010439271,2023,010439271,2,1,0,18,19,1,5,0,0,0,0,0,0,0,2,1,6,6,1,28,6,-1,-1,-1,-1,4,E01004065,0,-1
2023010466867,2023,010466867,1,1,0,16,19,1,3,0,0,2,0,0,0,0,1,1,2,2,1,25,5,-1,-1,-1,-1,3,E01000912,0,-1
2023010437261,2023,010437261,2,1,0,5,5,7,3,0,0,8,0,0,0,0,2,1,1,1,1,56,9,-1,-1,-1,-1,3,E01001688,0,-1
2023201413558,2023,201413558,1,9,0,18,19,1,5,0,0,8,0,0,0,0,1,1,6,6,1,-1,-1,-1,-1,-1,-1,-1,-1,0,-1
2023170S30113,2023,170S30113,2,1,0,18,19,5,1,0,0,8,0,0,0,0,1,1,6,6,1,43,7,-1,-1,-1,-1,1,E01012286,0,-1
2023430257207,2023,430257207,2,9,0,13,13,7,3,0,0,0,0,0,0,0,2,1,6,6,2,-1,-1,-1,-1,-1,-1,-1,-1,0,-1
2023471294067,2023,471294067,1,1,0,18,19,3,7,0,0,0,0,0,0,0,1,1,6,6,1,15,3,-1,-1,-1,-1,6,E01021125,0,-1
2023161292000,2023,161292000,1,1,0,18,19,1,5,9,9,8,1,0,0,0,4,1,2,2,2,51,8,-1,-1,-1,-1,3,E01012759,0,-1
2023421390496,2023,421390496,1,98,1,18,19,1,5,0,0,0,0,0,0,0,1,1,6,6,3,-1,-1,-1,-1,-1,-1,-1,-1,0,-1
2023010478469,2023,010478469,1,1,9,99,99,9,9,99,99,9,9,99,9,99,9,1,6,6,2,40,7,-1,-1,-1,-1,2,E01004233,0,-1
2023070046342,2023,070046342,1,1,0,18,19,2,6,0,0,2,5,0,0,0,1,1,6,6,1,61,9,-1,-1,-1,-1,1,E01018459,0,-1
2023010456383,2023,010456383,2,9,0,7,7,4,7,0,0,1,0,0,0,0,0,1,6,6,3,-1,-1,-1,-1,-1,-1,-1,-1,0,-1
2023010484991,2023,010484991,1,9,0,9,9,3,1,0,0,5,0,0,0,0,1,1,1,1,1,58,9,-1,-1,-1,-1,3,E01002532,0,-1
2023010434816,2023,010434816,2,1,0,18,19,1,5,0,0,1,0,0,0,0,3,1,6,6,2,58,9,-1,-1,-1,-1,6,E01004703,0,-1
2023201290803,2023,201290803,1,9,0,5,5,4,8,0,0,0,0,0,0,0,1,1,6,6,1,-1,-1,-1,-1,-1,-1,-1,-1,0,-1
2023070518998,2023,070518998,2,1,0,18,19,6,2,4,4,1,0,0,0,0,3,1,4,7,1,12,3,-1,-1,-1,-1,10,E01018505,0,-1
2023440036235,2023,440036235,2,1,0,9,9,3,5,0,0,8,0,0,0,0,1,1,6,6,1,19,4,-1,-1,-1,-1,3,E01017220,0,-1
2023501265023,2023,501265023,1,9,-1,18,19,1,5,0,0,0,0,0,0,0,4,1,6,6,3,-1,-1,-1,-1,-1,-1,-1,-1,0,-1
2023052301162,2023,052301162,1,9,0,18,19,7,1,0,0,6,0,10,1,11,1,1,6,6,3,-1,-1,-1,-1,-1,-1,-1,-1,0,-1
2023052302858,2023,052302858,1,9,0,18,19,5,1,0,0,0,0,0,0,0,4,1,6,6,3,-1,-1,-1,-1,-1,-1,-1,-1,0,-1
2023010473708,2023,010473708,1,23,0,8,8,5,6,0,0,1,0,0,0,0,2,1,1,1,1,38,7,-1,-1,-1,-1,2,E01001205,0,-1
2023471384725,2023,471384725,2,1,0,14,14,6,2,0,0,1,0,8,0,0,1,1,5,6,1,21,5,-1,-1,-1,-1,1,E01016910,0,-1
2023010462241,2023,010462241,2,9,0,99,99,9,9,99,99,9,9,99,9,99,1,9,6,6,3,-1,-1,-1,-1,-1,-1,-1,-1,0,-1
2023552300501,2023,552300501,2,1,0,18,19,6,2,0,0,8,0,0,0,0,1,1,6,6,1,22,5,-1,-1,-1,-1,3,E01015306,0,-1
2023411304198,2023,411304198,1,9,0,5,5,-1,-1,0,0,3,0,10,1,0,1,1,6,6,3,-1,-1,-1,-1,-1,-1,-1,-1,0,-1
2023421337836,2023,421337836,2,1,0,18,19,3,8,0,0,1,0,0,0,0,3,1,5,6,2,13,3,-1,-1,-1,-1,5,E01021647,0,-1
2023061294666,2023,061294666,1,1,0,18,19,1,5,0,0,1,0,0,0,0,1,1,6,6,1,38,7,-1,-1,-1,-1,6,E01004925,0,-1
2023131340825,2023,131340825,2,1,0,18,19,3,7,4,4,0,0,0,0,0,4,1,6,6,1,25,5,-1,-1,-1,-1,1,E01033035,0,-1
2023351267847,2023,351267847,1,9,0,11,11,4,8,0,0,0,1,0,1,1,3,1,2,2,2,35,6,-1,-1,-1,-1,3,E01015613,0,-1
2023052302989,2023,052302989,1,9,0,18,19,1,5,0,0,0,0,0,0,0,1,1,6,6,1,22,5,-1,-1,-1,-1,7,E01007062,0,-1
2023411428275,2023,411428275,1,98,1,2,2,5,1,0,0,0,0,0,0,0,2,1,1,1,1,55,8,-1,-1,-1,-1,-1,-1,0,-1
2023351338114,2023,351338114,3,1,0,18,19,6,2,0,0,8,0,0,0,0,3,1,6,6,1,13,3,-1,-1,-1,-1,3,E01018073,0,-1
2023430565794,2023,430565794,3,1,0,18,19,6,2,0,0,8,0,0,0,0,4,1,6,6,1,14,3,-1,-1,-1,-1,2,E01028450,0,-1
2023010446883,2023,010446883,1,9,0,1,1,1,5,0,0,0,0,11,0,0,2,1,6,6,3,-1,-1,-1,-1,-1,-1,-1,-1,0,-1
2023371352247,2023,371352247,2,1,0,9,9,7,3,0,0,3,0,0,0,0,4,1,5,6,1,26,6,-1,-1,-1,-1,4,E01029892,0,-1
2023440022279,2023,440022279,1,9,0,17,19,2,6,0,0,1,2,0,0,0,4,1,2,2,2,18,4,-1,-1,-1,-1,7,E01023177,0,-1
2023170S10053,2023,170S10053,2,9,0,7,7,3,5,0,0,8,0,0,0,0,1,1,6,6,1,-1,-1,-1,-1,-1,-1,-1,-1,0,-1
2023010433926,2023,010433926,2,23,0,99,99,9,9,99,99,0,9,99,9,99,2,1,6,6,1,40,7,-1,-1,-1,-1,4,E01003129,0,-1
2023010486647,2023,010486647,2,9,0,18,19,7,3,0,0,1,0,0,0,0,1,1,6,6,3,-1,-1,-1,-1,-1,-1,-1,-1,0,-1
2023471351814,2023,471351814,2,1,0,7,7,3,7,0,0,1,0,0,0,0,1,1,2,2,1,50,8,-1,-1,-1,-1,9,E01016283,0,-1
2023010470724,2023,010470724,1,1,0,18,19,3,7,4,4,8,0,0,0,0,3,1,1,1,1,46,8,-1,-1,-1,-1,3,E01003596,0,-1
2023440025516,2023,440025516,1,9,0,18,19,8,4,0,0,0,1,0,0,0,1,1,6,6,1,50,8,-1,-1,-1,-1,6,E01023237,0,-1
2023010450637,2023,010450637,1,9,0,17,19,1,5,0,0,1,0,0,0,0,1,1,6,6,1,62,9,-1,-1,-1,-1,9,E01000396,0,-1
2023052301659,2023,052301659,2,1,0,18,19,3,7,0,0,0,0,0,0,0,3,1,3,7,1,11,3,-1,-1,-1,-1,3,E01007180,0,-1
2023010459954,2023,010459954,2,19,0,99,99,9,9,99,99,9,9,99,9,99,1,9,6,6,3,-1,-1,-1,-1,-1,-1,-1,-1,0,-1
2023552400022,2023,552400022,2,9,0,18,19,2,6,0,0,8,0,0,0,0,2,1,6,6,1,45,7,-1,-1,-1,-1,3,E01015289,0,-1
2023610028223,2023,610028223,1,9,0,18,19,6,2,0,0,0,0,0,0,0,1,1,6,6,3,-1,-1,-1,-1,-1,-1,-1,-1,0,-1
2023010450467,2023,010450467,2,1,0,18,19,6,2,0,0,8,0,0,0,0,1,1,6,6,1,52,8,-1,-1,-1,-1,9,E01000882,0,-1
2023101318351,2023,101318351,2,1,0,12,12,5,1,0,0,0,0,0,0,0,4,1,5,6,1,17,4,-1,-1,-1,-1,3,E01008449,0,-1
2023332301128,2023,332301128,1,9,0,18,19,6,2,0,0,0,0,0,0,0,1,1,2,2,1,-1,-1,-1,-1,-1,-1,8,E01031284,0,-1
2023010478040,2023,010478040,2,9,0,99,99,9,9,99,99,9,9,99,9,99,1,9,6,6,3,-1,-1,-1,-1,-1,-1,-1,-1,0,-1
2023471355267,2023,471355267,2,1,0,6,6,7,7,9,9,1,0,0,0,0,1,1,4,7,1,9,2,-1,-1,-1,-1,6,E01031352,0,-1
2023340NN1422,2023,340NN1422,1,1,0,17,19,1,7,0,0,8,0,0,0,0,1,1,2,2,1,46,8,-1,-1,-1,-1,2,E01026961,0,-1
2023320446806,2023,320446806,2,9,0,18,19,3,1,6,6,0,0,0,0,0,0,1,6,6,3,-1,-1,-1,-1,-1,-1,-1,-1,0,-1
2023440351453,2023,440351453,1,1,0,18,19,1,5,4,4,0,0,10,1,0,4,1,2,2,1,26,6,-1,-1,-1,-1,4,E01017124,0,-1
2023221333129,2023,221333129,2,1,0,18,19,6,2,0,0,8,0,0,0,0,3,1,4,7,1,11,3,-1,-1,-1,-1,6,E01014080,0,-1
2023340NN1492,2023,340NN1492,2,-1,0,9,9,7,5,0,0,5,0,0,0,0,3,1,2,2,1,40,7,-1,-1,-1,-1,7,E01026978,1,-1
2023461383139,2023,461383139,2,97,0,18,19,4,8,0,0,8,5,0,0,0,4,1,6,6,1,16,4,-1,-1,-1,-1,1,E01024613,0,-1
2023991351771,2023,991351771,1,9,0,18,19,3,7,0,0,0,0,0,0,0,1,1,6,6,2,20,4,-1,-1,-1,-1,-1,-1,0,-1
2023052302425,2023,052302425,1,9,0,5,5,2,5,0,0,1,0,0,0,0,1,1,6,6,3,-1,-1,-1,-1,-1,-1,-1,-1,0,-1
2023010460147,2023,010460147,2,9,0,99,99,9,9,0,0,0,9,99,9,99,2,9,6,6,3,-1,-1,-1,-1,-1,-1,-1,-1,0,-1
2023061341283,2023,061341283,1,9,0,18,19,7,7,0,0,0,0,0,0,0,3,1,5,6,1,41,7,-1,-1,-1,-1,2,E01005279,0,-1
2023211345458,2023,211345458,1,1,0,18,19,5,1,9,9,0,0,0,0,0,1,1,6,6,1,-1,-1,-1,-1,-1,-1,4,E01023350,0,-1
2023451298226,2023,451298226,1,9,0,18,19,3,7,0,0,0,0,0,1,0,4,1,6,6,1,40,7,-1,-1,-1,-1,-1,-1,0,-1
2023631346563,2023,631346563,1,9,0,-1,-1,-1,-1,-1,-1,0,-1,-1,-1,0,-1,1,6,6,3,-1,-1,-1,-1,-1,-1,-1,-1,0,-1
2023332300025,2023,332300025,2,1,0,18,19,1,5,0,0,8,0,0,0,0,2,1,6,6,2,42,7,-1,-1,-1,-1,3,E01013626,0,-1
2023010440304,2023,010440304,1,1,0,12,12,3,7,0,0,1,0,0,0,0,2,1,6,6,1,15,3,-1,-1,-1,-1,2,E01004263,0,-1
2023161361681,2023,161361681,2,1,0,18,19,5,1,0,0,1,0,0,0,0,2,1,6,6,1,21,5,-1,-1,-1,-1,7,E01013020,0,-1
2023522400606,2023,522400606,1,-1,0,18,19,6,2,0,0,0,0,0,0,0,4,1,6,6,1,42,7,-1,-1,-1,-1,-1,-1,1,-1
2023010466933,2023,010466933,2,19,0,4,4,5,1,0,0,8,0,1,0,0,1,1,6,6,2,37,7,-1,-1,-1,-1,7,E01024187,0,-1
2023451340228,2023,451340228,2,19,0,18,19,3,7,0,0,0,0,0,0,0,1,1,6,6,3,45,7,-1,-1,-1,-1,-1,-1,0,-1
2023061279195,2023,061279195,1,9,-1,18,19,4,8,0,0,1,0,0,0,0,1,1,6,6,3,-1,-1,-1,-1,-1,-1,-1,-1,0,-1
2023122301198,2023,122301198,2,3,0,18,19,5,1,0,0,1,0,0,0,0,4,1,1,1,1,18,4,-1,-1,-1,-1,8,E01027900,0,-1
2023421366188,2023,421366188,1,9,0,18,19,5,1,0,0,8,0,0,0,0,1,1,1,1,1,44,7,-1,-1,-1,-1,4,E01015888,0,-1
2023061341447,2023,061341447,1,9,0,18,19,-1,-1,0,0,8,0,0,0,0,2,1,6,6,2,60,9,-1,-1,-1,-1,4,E01005327,0,-1
2023501289758,2023,501289758,2,1,0,16,19,6,1,0,0,0,5,0,0,0,1,1,6,6,1,20,4,-1,-1,-1,-1,-1,-1,0,-1
2023161373973,2023,161373973,1,-1,0,18,19,5,1,0,0,0,0,0,0,0,1,1,6,6,1,-1,-1,-1,-1,-1,-1,-1,-1,1,-1
2023052300599,2023,052300599,1,9,0,18,19,5,1,0,0,1,0,0,0,0,1,1,6,6,1,34,6,-1,-1,-1,-1,2,E01007130,0,-1
2023061331895,2023,061331895,1,9,0,4,4,5,1,0,0,1,0,0,0,0,1,1,5,6,1,42,7,-1,-1,-1,-1,1,E01005682,0,-1
2023010476449,2023,010476449,2,1,9,99,99,9,9,99,99,9,9,99,9,99,9,1,6,6,2,35,6,-1,-1,-1,-1,2,E01002784,0,-1
2023411359672,2023,411359672,1,9,0,18,19,6,2,0,0,0,0,0,0,0,1,1,6,6,3,-1,-1,-1,-1,-1,-1,-1,-1,0,-1
2023141290017,2023,141290017,2,97,0,18,19,7,3,9,9,1,0,0,0,0,1,1,6,6,1,-1,-1,-1,-1,-1,-1,-1,-1,0,-1
2023061301751,2023,061301751,1,23,0,18,19,4,2,0,0,0,0,0,0,0,1,1,6,6,1,26,6,-1,-1,-1,-1,2,E01005376,0,-1
2023201330890,2023,201330890,2,1,0,18,19,2,6,0,0,1,0,0,0,0,1,1,6,6,1,17,4,-1,-1,-1,-1,1,E01009104,0,-1
2023351266964,2023,351266964,1,9,0,18,19,4,8,0,0,2,0,0,0,0,1,1,5,6,1,58,9,-1,-1,-1,-1,6,E01027051,0,-1
2023401332721,2023,401332721,4,9,0,3,3,7,3,0,0,0,0,0,0,0,3,1,6,6,1,70,10,-1,-1,-1,-1,4,E01015734,0,-1
2023010456791,2023,010456791,2,1,0,4,4,7,3,0,0,1,0,0,0,0,1,1,1,1,1,17,4,-1,-1,-1,-1,2,E01033737,0,-1
2023131259703,2023,131259703,1,9,0,-1,-1,-1,-1,-1,-1,0,-1,-1,-1,0,-1,1,6,6,3,-1,-1,-1,-1,-1,-1,-1,-1,0,-1
2023010479641,2023,010479641,2,1,0,18,19,1,5,0,0,1,0,0,0,0,4,1,2,2,2,31,6,-1,-1,-1,-1,3,E01003113,0,-1
2023010470896,2023,010470896,2,1,0,5,5,6,2,0,0,1,0,0,0,0,1,1,6,6,1,50,8,-1,-1,-1,-1,9,E01003828,0,-1
2023440049470,2023,440049470,2,9,0,18,19,1,5,0,0,1,0,0,0,0,1,1,6,6,3,-1,-1,-1,-1,-1,-1,-1,-1,0,-1
2023340NN2792,2023,340NN2792,1,1,0,5,5,7,3,0,0,0,0,0,0,0,1,1,6,6,1,10,2,-1,-1,-1,-1,10,E01033244,0,-1
2023131391174,2023,131391174,2,1,0,18,19,1,5,9,9,8,0,0,0,0,1,1,6,6,1,50,8,-1,-1,-1,-1,3,E01011016,0,-1
202360A120436,2023,60A120436,1,9,0,17,19,6,2,0,0,0,0,0,1,11,4,1,6,6,1,33,6,-1,-1,-1,-1,-1,-1,0,-1
2023211360572,2023,211360572,1,19,0,2,2,7,3,0,0,1,0,0,0,0,2,1,6,6,1,-1,-1,-1,-1,-1,-1,-1,-1,0,-1
2023430022257,2023,430022257,1,8,0,5,5,8,4,0,0,0,0,0,0,0,4,1,6,6,1,-1,-1,-1,-1,-1,-1,-1,-1,0,-1
2023361347446,2023,361347446,2,1,0,18,19,8,3,0,0,0,0,0,0,0,3,1,5,6,1,38,7,-1,-1,-1,-1,1,E01026827,0,-1
2023010460180,2023,010460180,1,5,0,18,19,1,5,0,0,1,0,0,0,0,0,1,6,6,3,-1,-1,-1,-1,-1,-1,-1,-1,0,-1
2023010422683,2023,010422683,2,1,0,99,99,9,9,99,99,9,9,99,9,99,1,9,6,6,3,-1,-1,-1,-1,-1,-1,4,E01002059,0,-1
2023991301320,2023,991301320,2,1,0,18,19,8,4,0,0,1,0,0,0,0,1,1,2,2,1,28,6,-1,-1,-1,-1,3,-1,0,-1
2023481380287,2023,481380287,1,22,0,18,19,7,3,0,0,0,0,0,0,0,1,1,5,6,1,67,10,-1,-1,-1,-1,-1,-1,0,-1
2023461305566,2023,461305566,2,9,0,4,4,3,7,0,0,1,0,0,0,0,1,1,6,6,3,-1,-1,-1,-1,-1,-1,-1,-1,0,-1
2023141322148,2023,141322148,1,9,0,18,19,4,8,0,0,0,0,0,0,0,4,1,6,6,3,-1,-1,-1,-1,-1,-1,-1,-1,0,-1
2023471375503,2023,471375503,1,9,0,5,5,4,8,0,0,8,0,0,0,0,1,1,6,6,3,-1,-1,-1,-1,-1,-1,-1,-1,0,-1
2023351344607,2023,351344607,3,1,0,14,14,7,3,0,0,8,0,0,0,0,4,1,6,6,2,28,6,-1,-1,-1,-1,10,E01018295,0,-1
2023010421092,2023,010421092,1,1,9,99,99,9,9,99,99,9,9,99,9,99,9,1,2,2,1,33,6,-1,-1,-1,-1,2,E01003310,0,-1
2023041269606,2023,041269606,2,1,0,18,19,1,5,0,0,0,0,0,0,0,1,1,5,6,2,10,2,-1,-1,-1,-1,5,E01025428,0,-1
2023010440787,2023,010440787,1,9,0,18,19,3,7,0,0,7,0,0,0,0,1,1,6,6,3,-1,-1,-1,-1,-1,-1,-1,-1,0,-1
2023991295103,2023,991295103,1,9,0,5,5,1,5,0,0,0,0,0,0,0,1,1,6,6,3,35,6,-1,-1,-1,-1,-1,-1,0,-1
2023010476374,2023,010476374,1,9,0,9,9,5,3,0,0,6,0,0,0,0,2,1,6,6,2,31,6,-1,-1,-1,-1,8,E01001402,0,-1
2023061367524,2023,061367524,1,1,0,18,19,3,7,0,0,1,1,10,1,0,0,1,5,6,1,45,7,-1,-1,-1,-1,1,E01005683,0,-1
2023070227704,2023,070227704,2,1,0,18,19,2,6,0,0,8,0,0,0,0,3,1,6,6,1,40,7,-1,-1,-1,-1,-1,-1,0,-1
2023141388710,2023,141388710,3,98,0,2,2,0,0,0,0,0,0,0,0,0,4,1,6,6,3,-1,-1,-1,-1,-1,-1,-1,-1,0,-1
2023401341493,2023,401341493,2,5,0,18,19,1,7,0,0,0,0,0,0,0,2,1,5,6,1,52,8,-1,-1,-1,-1,2,E01007482,0,-1
2023010446982,2023,010446982,1,11,0,3,3,5,1,0,0,9,0,0,0,0,2,1,6,6,3,-1,-1,-1,-1,-1,-1,-1,-1,0,-1
2023351383774,2023,351383774,1,9,0,17,19,7,3,0,0,0,0,11,1,3,1,1,6,6,1,28,6,-1,-1,-1,-1,6,E01018150,0,-1
2023371275985,2023,371275985,2,1,0,18,19,5,1,0,0,1,0,0,0,0,1,1,1,1,1,13,3,-1,-1,-1,-1,-1,-1,0,-1
2023061317485,2023,061317485,1,23,0,18,19,8,3,9,9,1,0,0,0,0,1,1,6,6,1,15,3,-1,-1,-1,-1,1,E01006275,0,-1
2023010441065,2023,010441065,2,19,0,18,19,5,1,0,0,0,0,0,0,0,4,1,6,6,3,-1,-1,-1,-1,-1,-1,-1,-1,0,-1
2023501269219,2023,501269219,2,1,0,18,19,3,7,0,0,0,0,0,0,0,0,1,5,6,1,64,9,-1,-1,-1,-1,8,E01020120,0,-1
2023010470606,2023,010470606,1,1,9,99,99,9,9,99,99,9,9,99,9,99,1,1,2,2,1,32,6,-1,-1,-1,-1,1,E01000868,0,-1
2023461313216,2023,461313216,2,1,0,18,19,5,1,0,0,0,0,0,0,0,1,1,2,2,1,26,6,-1,-1,-1,-1,2,E01024616,0,-1
2023201380274,2023,201380274,1,9,0,1,1,-1,-1,9,9,0,0,0,0,0,2,1,6,6,3,-1,-1,-1,-1,-1,-1,-1,-1,0,-1
2023201426436,2023,201426436,3,9,0,18,19,4,8,0,0,1,0,0,0,0,2,1,6,6,3,-1,-1,-1,-1,-1,-1,-1,-1,0,-1
2023461369066,2023,461369066,1,19,0,18,19,4,6,0,0,0,0,0,0,0,1,1,6,6,3,-1,-1,-1,-1,-1,-1,-1,-1,0,-1
2023991313130,2023,991313130,1,1,0,18,19,5,2,0,0,0,0,0,0,0,1,1,5,6,1,55,8,-1,-1,-1,-1,7,-1,0,-1
2023421341923,2023,421341923,2,1,0,18,19,8,4,0,0,0,5,0,0,0,1,1,6,6,1,72,10,-1,-1,-1,-1,8,E01021936,0,-1
2023131311270,2023,131311270,1,9,0,5,5,1,5,0,0,4,0,7,1,0,3,1,2,2,1,38,7,-1,-1,-1,-1,7,E01010593,0,-1
2023010425377,2023,010425377,1,9,0,18,19,5,1,0,0,5,0,0,0,0,1,1,6,6,3,-1,-1,-1,-1,-1,-1,-1,-1,0,-1
2023061333402,2023,061333402,2,1,0,18,19,3,7,0,0,8,0,0,0,0,1,1,2,2,2,26,6,-1,-1,-1,-1,3,E01005282,0,-1
2023440058109,2023,440058109,2,1,0,18,19,3,7,0,0,8,0,0,0,0,4,1,2,2,1,34,6,-1,-1,-1,-1,10,E01022643,0,-1
2023461338444,2023,461338444,2,19,0,9,9,3,1,0,0,0,0,0,0,0,1,1,6,6,1,25,5,-1,-1,-1,-1,4,E01024111,0,-1
2023061285225,2023,061285225,2,1,0,9,9,-1,-1,0,0,0,0,0,0,0,1,1,6,6,1,48,8,-1,-1,-1,-1,1,E01005097,0,-1
2023010453725,2023,010453725,1,9,0,18,19,7,3,0,0,1,0,0,0,0,1,1,6,6,3,-1,-1,-1,-1,-1,-1,-1,-1,0,-1
2023010474063,2023,010474063,1,90,5,99,99,9,9,99,99,0,9,99,9,99,9,9,6,6,3,-1,-1,-1,-1,-1,-1,-1,-1,0,-1
2023131264386,2023,131264386,1,90,0,-1,-1,-1,-1,-1,-1,0,-1,-1,-1,0,-1,1,6,6,3,-1,-1,-1,-1,-1,-1,-1,-1,0,-1
2023010448805,2023,010448805,2,1,0,18,19,3,7,4,4,1,0,0,0,0,1,1,6,6,2,23,5,-1,-1,-1,-1,5,E01001611,0,-1
2023221351459,2023,221351459,2,1,0,18,19,6,2,0,0,8,0,0,0,0,1,1,2,2,1,31,6,-1,-1,-1,-1,7,E01032459,0,-1
2023361332806,2023,361332806,2,1,0,18,19,-1,-1,0,0,0,2,0,0,0,1,1,6,6,1,54,8,-1,-1,-1,-1,1,E01026603,0,-1
2023522400778,2023,522400778,2,1,0,18,19,3,7,9,9,8,0,0,0,0,3,1,6,6,2,64,9,-1,-1,-1,-1,7,E01015010,0,-1
2023501371580,2023,501371580,2,1,0,18,19,1,5,0,0,2,2,0,0,0,1,1,6,6,2,-1,-1,-1,-1,-1,-1,-1,-1,0,-1
2023520400812,2023,520400812,1,9,0,7,7,2,4,0,0,8,0,0,0,0,1,1,6,6,2,31,6,-1,-1,-1,-1,7,E01029018,0,-1
2023471371888,2023,471371888,2,1,0,9,9,7,5,0,0,8,5,0,0,0,2,1,6,6,1,24,5,-1,-1,-1,-1,4,E01021224,0,-1
2023522400192,2023,522400192,1,1,0,18,19,5,1,0,0,0,0,0,0,0,3,1,6,6,1,32,6,-1,-1,-1,-1,1,E01014655,0,-1
2023131342165,2023,131342165,2,1,0,18,19,7,3,0,0,2,1,0,0,0,0,1,1,1,2,47,8,-1,-1,-1,-1,3,E01032608,0,-1
2023101365400,2023,101365400,1,9,-1,18,19,6,2,0,0,0,0,0,0,0,1,1,6,6,2,-1,-1,-1,-1,-1,-1,-1,-1,0,-1
2023430383688,2023,430383688,3,9,0,2,2,0,0,0,0,1,0,0,0,0,2,1,6,6,3,-1,-1,-1,-1,-1,-1,-1,-1,0,-1
2023010428649,2023,010428649,2,9,0,99,99,9,9,99,99,9,9,99,9,99,4,9,6,6,3,33,6,-1,-1,-1,-1,-1,-1,0,-1
2023101367165,2023,101367165,1,9,0,18,19,6,8,0,0,8,0,0,0,0,1,1,6,6,2,35,6,-1,-1,-1,-1,-1,-1,0,-1
2023461348243,2023,461348243,2,3,1,18,19,7,3,0,0,4,0,0,1,0,1,1,6,6,1,36,7,-1,-1,-1,-1,9,E01002364,0,-1
2023430286355,2023,430286355,2,9,0,7,7,3,5,0,0,6,0,0,0,0,1,1,6,6,3,-1,-1,-1,-1,-1,-1,-1,-1,0,-1
2023430311036,2023,430311036,2,9,0,18,19,4,8,0,0,2,0,0,0,0,4,1,6,6,1,37,7,-1,-1,-1,-1,4,E01016273,0,-1
2023010433740,2023,010433740,2,1,0,18,19,5,1,0,0,8,0,0,0,0,1,1,6,6,2,65,9,-1,-1,-1,-1,8,E01001891,0,-1
2023141375097,2023,141375097,2,1,0,18,19,2,6,0,0,2,5,0,0,0,4,1,6,6,1,48,8,-1,-1,-1,-1,8,E01007868,0,-1
2023031367775,2023,031367775,2,9,0,15,15,3,7,0,0,0,1,0,0,0,4,1,5,6,1,47,8,-1,-1,-1,-1,-1,-1,0,-1
2023161388159,2023,161388159,2,9,0,18,19,3,7,0,0,0,0,0,0,0,1,1,6,6,3,-1,-1,-1,-1,-1,-1,-1,-1,0,-1
2023161277922,2023,161277922,2,5,0,11,11,7,3,0,0,1,0,0,0,0,1,1,2,2,1,57,9,-1,-1,-1,-1,7,E01033105,0,-1
2023451291470,2023,451291470,1,9,0,18,19,3,7,0,0,0,0,0,0,0,0,1,2,2,1,24,5,-1,-1,-1,-1,7,E01030741,0,-1
2023161350972,2023,161350972,1,9,0,18,19,7,3,0,0,1,0,0,0,0,1,1,6,6,3,-1,-1,-1,-1,-1,-1,-1,-1,0,-1
2023122300211,2023,122300211,2,1,0,18,19,7,3,0,0,8,0,0,0,0,1,1,6,6,1,23,5,-1,-1,-1,-1,7,E01013336,0,-1
2023010434786,2023,010434786,2,9,0,99,99,9,9,99,99,9,9,99,9,99,1,9,6,6,3,-1,-1,-1,-1,-1,-1,-1,-1,0,-1
2023991360330,2023,991360330,1,9,0,16,19,8,4,0,0,0,0,0,0,0,1,1,1,1,1,45,7,-1,-1,-1,-1,5,-1,0,-1
2023061332729,2023,061332729,2,1,0,18,19,1,5,0,0,1,0,0,0,0,3,1,6,6,1,15,3,-1,-1,-1,-1,1,E01005380,0,-1
2023010433219,2023,010433219,2,1,0,18,19,5,1,0,0,0,0,0,0,0,2,1,2,2,1,50,8,-1,-1,-1,-1,9,E01003824,0,-1
2023101388346,2023,101388346,1,9,0,18,19,2,6,0,0,8,0,0,0,0,0,1,6,6,3,-1,-1,-1,-1,-1,-1,-1,-1,0,-1
2023161313465,2023,161313465,1,1,0,7,7,6,1,9,9,0,0,0,0,0,1,1,6,6,1,-1,-1,-1,-1,-1,-1,-1,-1,0,-1
2023010423445,2023,010423445,2,19,9,99,99,9,9,99,99,9,9,99,9,99,9,9,6,6,3,-1,-1,-1,-1,-1,-1,-1,-1,0,-1
2023010429460,2023,010429460,1,3,0,99,99,9,9,99,99,9,9,99,9,99,1,1,6,6,3,-1,-1,-1,-1,-1,-1,-1,-1,0,-1
2023010459419,2023,010459419,1,1,9,99,99,9,9,99,99,9,9,99,9,99,9,1,6,6,1,57,9,-1,-1,-1,-1,7,E01002911,0,-1
2023101350640,2023,101350640,1,9,0,7,7,8,1,0,0,8,0,0,0,0,3,1,6,6,3,-1,-1,-1,-1,-1,-1,-1,-1,0,-1
2023501330659,2023,501330659,1,9,0,18,19,8,4,0,0,0,0,0,0,0,1,1,6,6,2,-1,-1,-1,-1,-1,-1,-1,-1,0,-1
2023340NN2062,2023,340NN2062,3,9,0,18,19,1,5,0,0,8,0,0,0,0,2,1,1,1,1,58,9,-1,-1,-1,-1,9,E01027071,0,-1
2023161323418,2023,161323418,2,9,0,2,2,0,0,0,0,0,0,0,0,0,4,1,6,6,3,-1,-1,-1,-1,-1,-1,-1,-1,0,-1
2023221326488,2023,221326488,2,1,0,18,19,4,8,0,0,8,0,0,0,0,4,1,5,6,2,67,10,-1,-1,-1,-1,6,E01032174,0,-1
2023501282794,2023,501282794,1,9,-1,-1,-1,-1,-1,-1,-1,-1,-1,-1,-1,0,-1,1,6,6,1,-1,-1,-1,-1,-1,-1,-1,-1,0,-1
2023131330650,2023,131330650,1,1,0,18,19,2,6,0,0,0,2,4,0,0,1,1,1,1,1,34,6,-1,-1,-1,-1,2,E01011760,0,-1
202354B380623,2023,54B380623,2,1,0,18,19,6,2,9,9,1,0,0,0,0,1,1,6,6,1,15,3,-1,-1,-1,-1,2,E01031983,0,-1