collision_index,collision_year,collision_ref_no,vehicle_reference,vehicle_type,towing_and_articulation,vehicle_manoeuvre_historic,vehicle_manoeuvre,vehicle_direction_from,vehicle_direction_to,vehicle_location_restricted_lane_historic,vehicle_location_restricted_lane,junction_location,skidding_and_overturning,hit_object_in_carriageway,vehicle_leaving_carriageway,hit_object_off_carriageway,first_point_of_impact,vehicle_left_hand_drive,journey_purpose_of_driver_historic,journey_purpose_of_driver,sex_of_driver,age_of_driver,age_band_of_driver,engine_capacity_cc,propulsion_code,age_of_vehicle,generic_make_model,driver_imd_decile,lsoa_of_driver,escooter_flag,driver_distance_banding
2023070452770,2023,070452770,1,19,0,18,19,6,2,0,0,1,0,0,0,0,4,1,6,6,3,-1,-1,-1,-1,-1,-1,-1,-1,0,-1
2023010425435,2023,010425435,1,9,0,99,99,9,9,99,99,9,9,99,9,99,1,9,6,6,3,-1,-1,-1,-1,-1,-1,-1,-1,0,-1
2023991370544,2023,991370544,1,9,0,9,9,2,7,0,0,2,0,0,0,0,1,1,6,6,2,-1,-1,-1,-1,-1,-1,-1,-1,0,-1
2023101258831,2023,101258831,2,1,0,18,19,3,7,0,0,3,2,0,0,0,4,1,2,2,1,24,5,-1,-1,-1,-1,4,E01008361,0,-1
2023430126310,2023,430126310,2,19,0,18,19,4,7,0,0,0,0,0,0,0,0,1,6,6,1,-1,-1,-1,-1,-1,-1,-1,-1,0,-1
2023122300863,2023,122300863,2,1,0,3,3,3,7,0,0,1,0,0,0,0,1,1,6,6,1,39,7,-1,-1,-1,-1,9,E01027845,0,-1
2023010481307,2023,010481307,2,1,0,18,19,3,7,2,2,0,0,0,0,0,2,1,6,6,1,68,10,-1,-1,-1,-1,4,E01003129,0,-1
2023010433579,2023,010433579,2,19,0,13,13,5,1,0,0,8,0,0,0,0,1,1,6,6,3,-1,-1,-1,-1,-1,-1,-1,-1,0,-1
2023302300045,2023,302300045,1,9,0,18,19,7,5,0,0,8,0,0,0,0,4,1,6,6,1,21,5,-1,-1,-1,-1,6,E01033536,0,-1
2023010484598,2023,010484598,2,1,0,18,19,1,5,0,0,0,0,0,0,0,1,1,6,6,1,19,4,-1,-1,-1,-1,6,E01004481,0,-1
2023221310419,2023,221310419,1,90,0,18,19,1,5,0,0,0,0,0,0,0,1,1,5,6,1,18,4,-1,-1,-1,-1,2,E01032389,0,-1
2023201410980,2023,201410980,1,9,0,7,7,4,7,0,0,3,0,0,0,0,3,1,6,6,1,57,9,-1,-1,-1,-1,4,E01009175,0,-1
2023052302536,2023,052302536,2,1,0,18,19,1,5,0,0,1,0,0,0,0,4,1,6,6,1,84,11,-1,-1,-1,-1,8,E01007241,0,-1
2023351383249,2023,351383249,2,1,0,18,19,-1,-1,0,0,0,2,0,0,0,4,1,2,2,1,38,7,-1,-1,-1,-1,6,E01023499,0,-1
2023010434640,2023,010434640,1,1,0,18,19,3,7,0,0,8,0,0,0,0,1,1,6,6,1,-1,-1,-1,-1,-1,-1,-1,-1,0,-1
2023440260517,2023,440260517,1,19,0,3,3,7,3,0,0,1,0,0,0,0,2,1,6,6,2,38,7,-1,-1,-1,-1,6,E01022814,0,-1
2023430233736,2023,430233736,1,9,0,18,19,1,5,0,0,8,0,0,0,0,4,1,1,1,1,39,7,-1,-1,-1,-1,7,E01033500,0,-1
2023101344756,2023,101344756,1,98,1,18,19,3,7,0,0,0,0,0,0,0,4,1,6,6,3,-1,-1,-1,-1,-1,-1,-1,-1,0,-1
2023061364478,2023,061364478,2,1,0,3,3,3,7,0,0,6,0,0,0,0,1,1,6,6,1,29,6,-1,-1,-1,-1,1,E01033217,0,-1
2023371308095,2023,371308095,1,23,0,18,19,3,7,0,0,1,0,0,0,0,1,1,5,6,1,13,3,-1,-1,-1,-1,4,E01032524,0,-1
2023545350523,2023,545350523,1,9,0,16,19,1,7,0,0,8,0,0,0,0,4,1,6,6,3,-1,-1,-1,-1,-1,-1,-1,-1,0,-1
2023430032702,2023,430032702,2,1,0,18,19,4,8,0,0,8,0,0,0,0,2,1,2,2,2,46,8,-1,-1,-1,-1,7,E01016680,0,-1
2023461317678,2023,461317678,2,9,0,18,19,7,3,0,0,1,1,0,0,0,1,1,1,1,1,47,8,-1,-1,-1,-1,6,E01021152,0,-1
2023010480466,2023,010480466,1,1,9,99,99,9,9,99,99,9,9,99,9,99,1,1,2,2,1,35,6,-1,-1,-1,-1,4,E01004258,0,-1
2023010426531,2023,010426531,1,1,9,99,99,9,9,99,99,9,9,99,9,99,9,1,2,2,2,40,7,-1,-1,-1,-1,2,E01033485,0,-1
2023520400880,2023,520400880,1,9,4,18,19,9,9,0,0,8,0,0,0,0,2,9,6,6,1,-1,-1,-1,-1,-1,-1,-1,-1,0,-1
2023522300967,2023,522300967,2,9,0,13,13,4,8,0,0,1,9,0,0,0,9,1,6,6,3,-1,-1,-1,-1,-1,-1,-1,-1,0,-1
2023401286096,2023,401286096,2,-1,0,18,19,6,2,0,0,8,0,0,0,0,4,1,6,6,1,19,4,-1,-1,-1,-1,6,E01015766,1,-1
2023421375184,2023,421375184,1,21,1,18,19,7,3,0,0,0,0,0,0,0,1,2,1,1,1,55,8,-1,-1,-1,-1,-1,-1,0,-1
2023411364631,2023,411364631,2,1,0,18,19,2,6,0,0,0,0,0,0,0,2,1,6,6,1,25,5,-1,-1,-1,-1,9,E01023430,0,-1
2023411330886,2023,411330886,2,1,0,18,19,7,3,0,0,1,0,0,0,0,1,1,4,7,1,12,3,-1,-1,-1,-1,9,E01023448,0,-1
2023401320353,2023,401320353,2,1,0,18,19,-1,-1,0,0,0,0,0,0,0,1,1,1,1,2,46,8,-1,-1,-1,-1,3,E01015752,0,-1
2023141370906,2023,141370906,2,9,4,5,5,3,7,0,0,0,0,0,0,0,1,1,6,6,1,26,6,-1,-1,-1,-1,4,E01010866,0,-1
2023320299512,2023,320299512,1,9,0,18,19,2,6,0,0,0,0,0,0,0,1,1,6,6,3,-1,-1,-1,-1,-1,-1,-1,-1,0,-1
2023131312706,2023,131312706,2,1,0,18,19,5,1,0,0,0,0,0,0,0,2,1,1,1,1,33,6,-1,-1,-1,-1,6,E01032946,0,-1
2023010433249,2023,010433249,2,9,0,99,99,9,9,99,99,9,9,99,9,99,1,9,6,6,3,53,8,-1,-1,-1,-1,6,E01023104,0,-1
2023451260843,2023,451260843,2,9,0,18,19,1,6,0,0,0,0,0,0,0,1,1,6,6,3,40,7,-1,-1,-1,-1,-1,-1,0,-1
2023522401166,2023,522401166,2,1,0,5,5,2,6,0,0,6,0,0,0,0,4,1,6,6,1,26,6,-1,-1,-1,-1,1,E01014729,0,-1
2023231368398,2023,231368398,2,1,0,5,5,6,2,0,0,8,0,0,0,0,1,1,5,6,1,15,3,-1,-1,-1,-1,7,E01031140,0,-1
2023052302562,2023,052302562,1,20,4,7,7,4,6,0,0,6,0,0,0,0,2,1,1,1,1,54,8,-1,-1,-1,-1,1,E01006729,0,-1
2023401396427,2023,401396427,1,9,0,99,99,-1,-1,0,0,0,0,0,0,0,9,1,6,6,3,-1,-1,-1,-1,-1,-1,-1,-1,0,-1
2023052301962,2023,052301962,1,8,0,18,19,1,5,0,0,1,0,0,0,0,1,1,6,6,3,-1,-1,-1,-1,-1,-1,-1,-1,0,-1
2023610016123,2023,610016123,1,9,0,9,9,6,4,0,0,8,0,0,0,0,3,1,2,2,1,25,5,-1,-1,-1,-1,-1,-1,0,-1
2023131370312,2023,131370312,2,1,0,13,13,5,1,0,0,1,1,0,0,0,1,1,5,6,1,28,6,-1,-1,-1,-1,4,E01033656,0,-1
2023991302420,2023,991302420,2,-1,0,18,19,1,5,0,0,0,0,0,0,0,1,1,6,6,3,-1,-1,-1,-1,-1,-1,-1,-1,0,-1
2023552400181,2023,552400181,1,1,0,18,19,1,5,0,0,8,0,0,0,0,0,1,6,6,2,9,2,-1,-1,-1,-1,7,E01020440,0,-1
2023522400938,2023,522400938,3,9,0,18,19,8,4,0,0,1,0,0,0,0,1,1,6,6,1,-1,-1,-1,-1,-1,-1,-1,-1,0,-1
2023351402135,2023,351402135,1,1,0,-1,-1,-1,-1,-1,-1,-1,-1,-1,-1,0,-1,1,6,6,3,-1,-1,-1,-1,-1,-1,-1,-1,0,-1
2023430521580,2023,430521580,2,9,0,16,19,7,2,0,0,0,0,0,0,0,3,1,6,6,1,59,9,-1,-1,-1,-1,5,E01017687,0,-1
2023471327801,2023,471327801,2,9,0,4,4,7,4,0,0,0,0,0,0,0,2,1,2,2,1,59,9,-1,-1,-1,-1,6,E01031363,0,-1
2023101367526,2023,101367526,2,9,0,4,4,3,7,0,0,0,0,0,0,0,4,1,2,2,1,31,6,-1,-1,-1,-1,10,E01032647,0,-1
2023010455684,2023,010455684,2,1,0,7,7,5,7,0,0,1,0,0,0,0,1,1,6,6,2,38,7,-1,-1,-1,-1,6,E01003367,0,-1
2023201391023,2023,201391023,1,-1,0,18,19,4,8,0,0,0,0,0,0,0,1,1,6,6,3,-1,-1,-1,-1,-1,-1,-1,-1,0,-1
2023461358321,2023,461358321,2,9,1,18,19,5,1,0,0,0,0,0,0,0,3,1,6,6,1,46,8,-1,-1,-1,-1,10,E01023073,0,-1
2023351359639,2023,351359639,2,1,0,9,9,4,1,0,0,3,0,0,0,0,1,1,6,6,2,59,9,-1,-1,-1,-1,2,E01015654,0,-1
2023141263982,2023,141263982,1,9,0,1,1,1,5,0,0,0,0,0,0,0,2,1,6,6,3,-1,-1,-1,-1,-1,-1,-1,-1,0,-1
2023161386974,2023,161386974,2,-1,0,18,19,3,7,0,0,8,5,0,0,0,1,1,5,6,1,30,6,-1,-1,-1,-1,1,E01013221,1,-1
2023010434584,2023,010434584,1,1,9,99,99,9,9,99,99,9,9,99,9,99,9,1,6,6,1,31,6,-1,-1,-1,-1,6,E01004581,0,-1
2023471319227,2023,471319227,2,9,0,3,3,6,2,0,0,1,0,0,0,0,2,1,1,1,1,57,9,-1,-1,-1,-1,9,E01021151,0,-1
2023122300589,2023,122300589,1,1,0,18,19,3,7,0,0,8,0,0,0,0,3,1,6,6,1,32,6,-1,-1,-1,-1,8,E01013392,0,-1
2023161296855,2023,161296855,1,22,0,14,14,7,3,0,0,1,0,0,0,0,1,1,6,6,2,16,4,-1,-1,-1,-1,2,E01013038,0,-1
2023991389889,2023,991389889,2,9,0,18,19,7,3,0,0,8,0,0,0,0,1,1,5,6,1,61,9,-1,-1,-1,-1,2,-1,0,-1
2023201310465,2023,201310465,4,90,0,18,19,1,5,0,0,0,0,0,0,0,0,1,1,1,1,-1,-1,-1,-1,-1,-1,1,E01010125,0,-1
2023201356031,2023,201356031,1,9,0,18,19,2,6,0,0,1,0,0,0,0,1,1,6,6,3,-1,-1,-1,-1,-1,-1,-1,-1,0,-1
2023461261770,2023,461261770,2,1,-1,-1,-1,-1,-1,-1,-1,0,-1,-1,-1,0,4,1,6,6,1,65,9,-1,-1,-1,-1,8,E01024098,0,-1
2023522401576,2023,522401576,1,9,0,18,19,7,3,0,0,8,0,0,7,0,1,1,6,6,1,-1,-1,-1,-1,-1,-1,-1,-1,0,-1
2023201391023,2023,201391023,2,1,0,18,19,2,6,0,0,0,0,0,0,0,1,1,6,6,1,14,3,-1,-1,-1,-1,1,E01009709,0,-1
2023111382674,2023,111382674,2,9,0,18,19,1,5,0,0,1,0,0,0,0,4,1,6,6,2,38,7,-1,-1,-1,-1,2,E01020761,0,-1
2023141300253,2023,141300253,2,9,0,18,19,3,7,0,0,0,0,0,0,0,1,1,6,6,3,-1,-1,-1,-1,-1,-1,-1,-1,0,-1
2023010445360,2023,010445360,1,1,0,18,19,1,5,0,0,2,0,0,0,0,4,1,6,6,1,13,3,-1,-1,-1,-1,6,E01000865,0,-1
2023440025213,2023,440025213,1,9,0,18,19,2,6,0,0,0,0,0,0,0,1,1,1,1,1,39,7,-1,-1,-1,-1,2,E01031558,0,-1
2023522301713,2023,522301713,2,19,0,4,4,7,3,0,0,0,0,0,0,0,2,1,6,6,3,-1,-1,-1,-1,-1,-1,-1,-1,0,-1
2023010455160,2023,010455160,1,98,9,99,99,9,9,99,99,9,9,99,9,99,9,1,6,6,3,-1,-1,-1,-1,-1,-1,-1,-1,0,-1
2023010458984,2023,010458984,1,1,0,18,19,1,5,0,0,1,0,0,0,0,3,1,6,6,3,-1,-1,-1,-1,-1,-1,-1,-1,0,-1
2023070547090,2023,070547090,2,1,0,18,19,1,5,0,0,0,0,0,0,0,2,1,6,6,1,61,9,-1,-1,-1,-1,8,E01005170,0,-1
2023991320806,2023,991320806,2,1,0,7,7,3,6,0,0,1,0,0,0,0,4,1,2,2,1,46,8,-1,-1,-1,-1,1,-1,0,-1
2023041308125,2023,041308125,1,9,0,18,19,-1,-1,0,0,0,0,0,0,0,-1,1,6,6,3,-1,-1,-1,-1,-1,-1,-1,-1,0,-1
2023052302601,2023,052302601,2,-1,0,9,9,6,2,0,0,1,0,0,0,0,2,1,6,6,1,38,7,-1,-1,-1,-1,6,E01033753,1,-1
2023070408333,2023,070408333,2,9,0,17,19,5,1,0,0,0,0,0,1,0,0,1,2,2,1,57,9,-1,-1,-1,-1,-1,-1,0,-1
2023361370569,2023,361370569,1,90,0,18,19,4,8,0,0,0,0,0,0,0,1,1,6,6,3,-1,-1,-1,-1,-1,-1,-1,-1,0,-1
2023101318582,2023,101318582,2,22,0,18,19,1,5,0,0,0,2,0,0,0,3,1,5,6,2,61,9,-1,-1,-1,-1,3,E01027396,0,-1
2023421371963,2023,421371963,2,1,0,18,19,1,5,0,0,1,0,0,0,0,4,1,6,6,2,59,9,-1,-1,-1,-1,9,E01022076,0,-1
202360A082878,2023,60A082878,1,98,1,16,19,6,3,0,0,8,1,0,0,0,1,1,6,6,1,50,8,-1,-1,-1,-1,-1,-1,0,-1
2023461318653,2023,461318653,1,9,0,18,19,2,6,0,0,0,1,0,0,0,1,1,6,6,1,21,5,-1,-1,-1,-1,10,E01024824,0,-1
2023161323978,2023,161323978,1,1,0,18,19,1,5,0,0,1,0,0,0,0,4,1,5,6,1,13,3,-1,-1,-1,-1,1,E01012779,0,-1
2023332300502,2023,332300502,1,1,0,14,14,8,4,0,0,0,0,0,0,0,4,1,2,2,1,23,5,-1,-1,-1,-1,2,E01013605,0,-1
2023522301697,2023,522301697,2,9,0,5,5,9,9,0,0,6,9,0,0,0,9,1,6,6,3,-1,-1,-1,-1,-1,-1,-1,-1,0,-1
2023440171125,2023,440171125,2,1,0,18,19,7,3,0,0,0,0,0,0,0,3,1,6,6,1,15,3,-1,-1,-1,-1,8,E01022758,0,-1
2023101280940,2023,101280940,1,9,0,2,2,-1,-1,0,0,-1,0,0,0,0,1,1,6,6,1,-1,-1,-1,-1,-1,-1,-1,-1,0,-1
2023461364068,2023,461364068,1,9,0,5,5,5,3,0,0,0,0,0,0,0,1,1,1,1,1,27,6,-1,-1,-1,-1,5,E01024014,0,-1
2023010473372,2023,010473372,2,1,0,18,19,5,1,0,0,3,0,0,0,0,1,1,6,6,1,43,7,-1,-1,-1,-1,9,E01030381,0,-1
2023221288508,2023,221288508,2,1,0,17,19,5,2,0,0,8,0,0,1,1,1,1,5,6,1,39,7,-1,-1,-1,-1,5,E01032156,0,-1
2023421330817,2023,421330817,1,9,0,18,19,1,5,0,0,0,0,0,0,0,3,1,6,6,1,57,9,-1,-1,-1,-1,8,E01021516,0,-1
2023010432259,2023,010432259,1,1,9,99,99,9,9,99,99,9,9,99,9,99,9,1,2,2,1,42,7,-1,-1,-1,-1,5,E01004548,0,-1
2023201296597,2023,201296597,2,1,0,18,19,-1,-1,0,0,4,0,0,0,0,4,1,6,6,1,33,6,-1,-1,-1,-1,7,E01008992,0,-1
2023311376166,2023,311376166,1,1,0,18,19,2,6,0,0,0,0,0,0,0,1,1,5,6,3,-1,-1,-1,-1,-1,-1,-1,-1,0,-1
2023101293515,2023,101293515,1,1,0,18,19,1,5,0,0,5,2,4,0,0,1,1,6,6,1,-1,-1,-1,-1,-1,-1,-1,-1,0,-1
2023101289027,2023,101289027,2,1,0,18,19,5,1,0,0,8,0,0,0,0,1,1,6,6,1,4,1,-1,-1,-1,-1,1,E01027412,0,-1
2023552300057,2023,552300057,1,1,0,18,19,4,8,9,9,0,0,0,0,0,1,1,6,6,1,47,8,-1,-1,-1,-1,5,E01020577,0,-1
2023201384752,2023,201384752,1,9,0,7,7,5,7,0,0,1,0,0,0,0,3,1,6,6,1,25,5,-1,-1,-1,-1,-1,-1,0,-1
2023201381704,2023,201381704,2,19,0,3,3,6,4,0,0,8,0,0,0,0,3,1,6,6,1,-1,-1,-1,-1,-1,-1,-1,-1,0,-1
2023122300765,2023,122300765,1,4,0,18,19,7,3,0,0,0,0,0,0,0,0,1,6,6,1,20,4,-1,-1,-1,-1,1,E01007333,0,-1
2023161310164,2023,161310164,2,9,0,18,19,8,4,0,0,8,0,0,0,0,3,1,6,6,1,47,8,-1,-1,-1,-1,-1,-1,0,-1
2023061322751,2023,061322751,2,9,-1,-1,-1,-1,-1,-1,-1,-1,-1,-1,-1,0,-1,1,6,6,3,-1,-1,-1,-1,-1,-1,-1,-1,0,-1
2023101373643,2023,101373643,1,9,0,9,9,6,4,0,0,8,0,0,0,0,1,1,6,6,1,-1,-1,-1,-1,-1,-1,-1,-1,0,-1
2023302300069,2023,302300069,2,9,0,18,19,4,6,0,0,4,0,0,0,0,1,1,6,6,3,-1,-1,-1,-1,-1,-1,5,E01019456,0,-1
2023101339413,2023,101339413,1,9,0,5,5,5,1,8,6,0,0,0,0,0,3,1,6,6,1,68,10,-1,-1,-1,-1,3,E01008506,0,-1
2023010456468,2023,010456468,2,9,0,99,99,9,9,99,99,9,9,99,9,99,9,9,6,6,3,-1,-1,-1,-1,-1,-1,-1,-1,0,-1
2023332301004,2023,332301004,2,1,0,18,19,8,4,0,0,0,0,0,0,0,1,1,6,6,1,37,7,-1,-1,-1,-1,8,E01013643,0,-1
2023451363819,2023,451363819,2,1,0,9,9,3,1,0,0,0,0,0,0,0,1,1,6,6,1,16,4,-1,-1,-1,-1,4,E01030710,0,-1
2023371320633,2023,371320633,1,-1,0,18,19,7,3,0,0,8,2,0,0,0,3,1,6,6,2,13,3,-1,-1,-1,-1,5,E01030272,1,-1
2023111370913,2023,111370913,1,9,0,18,19,4,8,0,0,0,0,0,0,0,1,1,6,6,3,-1,-1,-1,-1,-1,-1,-1,-1,0,-1
2023451272481,2023,451272481,2,1,0,18,19,3,1,0,0,1,0,0,0,0,1,1,5,6,1,57,9,-1,-1,-1,-1,10,E01030360,0,-1
2023010461275,2023,010461275,4,1,0,17,19,5,1,0,0,1,0,0,0,0,1,1,6,6,1,-1,-1,-1,-1,-1,-1,-1,-1,0,-1
2023320602213,2023,320602213,2,1,0,18,19,4,8,0,0,0,5,0,0,0,2,1,6,6,2,31,6,-1,-1,-1,-1,7,E01026029,0,-1
2023520400293,2023,520400293,1,9,0,18,19,4,8,0,0,8,0,0,0,0,1,1,6,6,1,54,8,-1,-1,-1,-1,7,E01029267,0,-1
2023010462741,2023,010462741,2,-1,0,17,19,1,5,8,6,6,5,0,3,0,1,1,6,6,1,43,7,-1,-1,-1,-1,2,E01000626,1,-1
2023010465199,2023,010465199,2,1,0,18,19,1,5,0,0,8,0,0,0,0,4,1,6,6,2,26,6,-1,-1,-1,-1,8,E01001377,0,-1
2023010476038,2023,010476038,1,97,0,16,19,5,1,0,0,3,0,0,0,0,1,1,6,6,3,-1,-1,-1,-1,-1,-1,-1,-1,0,-1
2023010454665,2023,010454665,2,19,0,11,11,7,3,0,0,0,0,0,0,0,4,1,6,6,3,-1,-1,-1,-1,-1,-1,-1,-1,0,-1
2023041331588,2023,041331588,1,9,0,18,19,1,1,0,0,0,0,0,0,0,1,1,6,6,3,-1,-1,-1,-1,-1,-1,-1,-1,0,-1
2023401280036,2023,401280036,2,1,0,18,19,-1,-1,0,0,0,0,0,0,0,1,1,5,6,1,29,6,-1,-1,-1,-1,4,E01017473,0,-1
2023522300927,2023,522300927,1,1,0,17,19,1,6,0,0,0,0,0,0,0,1,1,6,6,1,46,8,-1,-1,-1,-1,1,E01033359,0,-1
2023071207712,2023,071207712,2,1,0,18,19,8,4,0,0,8,0,0,0,0,4,1,1,1,1,54,8,-1,-1,-1,-1,9,E01018602,0,-1
2023522400569,2023,522400569,1,9,0,18,19,7,3,0,0,0,1,0,0,0,1,1,6,6,1,29,6,-1,-1,-1,-1,8,E01014765,0,-1
2023201320557,2023,201320557,1,9,0,18,19,2,6,0,0,0,0,0,0,0,4,1,6,6,2,-1,-1,-1,-1,-1,-1,-1,-1,0,-1
2023041319721,2023,041319721,2,1,0,18,19,-1,-1,0,0,0,0,0,0,0,-1,1,6,6,1,54,8,-1,-1,-1,-1,7,E01025279,0,-1
2023451275347,2023,451275347,1,1,0,7,7,8,3,0,0,0,1,0,0,0,0,1,5,6,1,32,6,-1,-1,-1,-1,8,E01030452,0,-1
2023070116144,2023,070116144,2,1,0,18,19,4,8,0,0,2,0,0,0,0,4,1,6,6,1,51,8,-1,-1,-1,-1,7,E01018393,0,-1
2023440449280,2023,440449280,2,1,0,18,19,4,8,0,0,8,0,0,0,0,1,1,2,2,2,19,4,-1,-1,-1,-1,1,E01017167,0,-1
2023122300565,2023,122300565,2,1,0,7,7,3,5,0,0,2,0,0,0,0,2,1,6,6,1,58,9,-1,-1,-1,-1,7,E01013364,0,-1
2023010471144,2023,010471144,1,1,0,13,13,7,3,0,0,0,0,0,0,0,4,1,2,2,1,49,8,-1,-1,-1,-1,9,E01004638,0,-1
2023070626177,2023,070626177,2,1,0,5,5,7,3,0,0,6,0,0,0,0,1,1,4,7,1,12,3,-1,-1,-1,-1,4,E01018638,0,-1
2023010437201,2023,010437201,2,19,0,99,99,9,9,99,99,9,9,99,9,99,0,9,6,6,3,-1,-1,-1,-1,-1,-1,-1,-1,0,-1
2023131298607,2023,131298607,2,1,0,18,19,5,5,0,0,1,0,0,0,0,1,1,5,6,1,17,4,-1,-1,-1,-1,6,E01010903,0,-1
2023111316529,2023,111316529,2,9,0,17,19,1,6,0,0,0,0,0,0,0,1,1,5,6,2,45,7,-1,-1,-1,-1,6,-1,0,-1
2023010458247,2023,010458247,2,-1,0,18,19,5,1,0,0,8,5,0,1,0,3,1,6,6,1,20,4,-1,-1,-1,-1,2,E01001943,1,-1
2023010439484,2023,010439484,1,1,9,99,99,9,9,99,99,9,9,99,9,99,1,1,2,2,2,31,6,-1,-1,-1,-1,4,E01004254,0,-1
2023201416973,2023,201416973,1,11,0,18,19,5,1,0,0,1,0,0,0,0,1,1,1,1,3,-1,-1,-1,-1,-1,-1,-1,-1,0,-1
2023010467332,2023,010467332,2,1,0,17,19,5,1,4,4,8,0,0,0,0,3,1,2,2,2,54,8,-1,-1,-1,-1,4,E01003308,0,-1
2023552301442,2023,552301442,1,9,0,18,19,3,7,0,0,0,0,0,0,0,1,1,1,1,1,61,9,-1,-1,-1,-1,6,E01020534,0,-1
2023471334311,2023,471334311,1,1,0,17,19,4,1,0,0,2,1,0,0,0,1,1,6,6,1,-1,-1,-1,-1,-1,-1,-1,-1,0,-1
2023361367473,2023,361367473,2,1,-1,18,19,4,8,0,0,0,0,10,1,10,4,1,6,6,1,68,10,-1,-1,-1,-1,2,E01026865,0,-1
2023211335878,2023,211335878,3,9,0,4,4,0,0,0,0,0,0,0,0,0,4,1,5,6,2,51,8,-1,-1,-1,-1,-1,-1,0,-1
2023430271379,2023,430271379,1,1,0,16,19,2,5,0,0,0,0,0,0,0,1,1,6,6,1,38,7,-1,-1,-1,-1,6,E01016388,0,-1
2023111282682,2023,111282682,1,9,0,7,7,1,7,0,0,5,0,0,0,0,1,1,6,6,1,41,7,-1,-1,-1,-1,3,E01012355,0,-1
2023302300561,2023,302300561,1,-1,0,18,19,2,6,9,9,1,0,0,0,0,1,1,6,6,1,42,7,-1,-1,-1,-1,3,E01013513,1,-1
2023010461633,2023,010461633,1,1,9,99,99,9,9,99,99,9,9,99,9,99,9,1,2,2,1,25,5,-1,-1,-1,-1,6,E01004474,0,-1
2023122400049,2023,122400049,1,9,0,18,19,3,7,0,0,0,0,0,0,0,1,1,6,6,3,-1,-1,-1,-1,-1,-1,-1,-1,0,-1
2023991372706,2023,991372706,1,9,0,18,19,7,3,0,0,0,0,0,0,0,1,1,2,2,1,31,6,-1,-1,-1,-1,5,-1,0,-1
2023461330019,2023,461330019,1,21,0,15,15,4,6,0,0,0,0,0,1,0,-1,1,6,6,3,-1,-1,-1,-1,-1,-1,-1,-1,0,-1
2023471310556,2023,471310556,2,1,0,9,9,7,5,0,0,0,0,0,0,0,3,1,2,2,2,29,6,-1,-1,-1,-1,4,E01031364,0,-1
2023430130243,2023,430130243,1,9,0,18,19,2,6,0,0,1,0,0,0,0,1,1,6,6,2,-1,-1,-1,-1,-1,-1,-1,-1,0,-1
2023052300823,2023,052300823,1,10,0,18,19,7,3,0,0,8,0,0,0,0,0,1,1,1,1,-1,-1,-1,-1,-1,-1,-1,-1,0,-1
2023610047823,2023,610047823,1,9,0,18,19,8,4,0,0,0,0,0,0,0,4,1,1,1,1,31,6,-1,-1,-1,-1,9,W01001844,0,-1
2023461276887,2023,461276887,1,9,0,17,19,6,8,0,0,0,1,0,0,0,1,1,1,1,1,54,8,-1,-1,-1,-1,5,E01024673,0,-1
2023010472986,2023,010472986,2,1,0,4,4,3,7,0,0,1,0,0,0,0,1,1,1,1,1,27,6,-1,-1,-1,-1,4,E01004215,0,-1
2023161271414,2023,161271414,2,97,0,18,19,2,6,0,0,8,0,0,0,0,1,1,6,6,3,-1,-1,-1,-1,-1,-1,-1,-1,0,-1
2023622300365,2023,622300365,2,4,0,18,19,3,7,0,0,0,1,0,0,0,2,1,6,6,1,30,6,-1,-1,-1,-1,-1,-1,0,-1
2023501333370,2023,501333370,1,19,0,18,19,8,5,0,0,0,0,0,0,0,1,1,6,6,3,-1,-1,-1,-1,-1,-1,-1,-1,0,-1
2023991328430,2023,991328430,2,23,0,9,9,5,8,0,0,0,1,0,0,0,0,1,6,6,1,22,5,-1,-1,-1,-1,-1,-1,0,-1
2023131349090,2023,131349090,1,9,0,11,11,4,8,0,0,1,0,0,0,0,-1,1,6,6,3,-1,-1,-1,-1,-1,-1,-1,-1,0,-1
2023131359840,2023,131359840,1,8,0,-1,-1,-1,-1,-1,-1,-1,-1,-1,-1,0,-1,1,6,6,3,-1,-1,-1,-1,-1,-1,-1,-1,0,-1
2023440081355,2023,440081355,1,9,0,13,13,7,3,0,0,2,0,0,0,0,4,1,6,6,3,-1,-1,-1,-1,-1,-1,-1,-1,0,-1
2023010458278,2023,010458278,2,-1,0,9,9,3,1,0,0,6,0,0,0,0,4,1,6,6,1,22,5,-1,-1,-1,-1,4,E01003389,1,-1
2023471345989,2023,471345989,3,9,0,8,8,1,6,0,0,1,0,0,0,0,0,1,6,6,3,-1,-1,-1,-1,-1,-1,-1,-1,0,-1
2023052301918,2023,052301918,2,1,0,18,19,1,5,0,0,0,0,0,0,0,1,1,1,1,1,41,7,-1,-1,-1,-1,3,E01006811,0,-1
2023101293820,2023,101293820,1,9,0,9,9,5,3,0,0,0,0,0,0,0,2,1,6,6,3,-1,-1,-1,-1,-1,-1,-1,-1,0,-1
2023440509416,2023,440509416,1,9,0,7,7,3,1,0,0,5,0,0,0,0,1,1,6,6,3,-1,-1,-1,-1,-1,-1,-1,-1,0,-1
2023161381201,2023,161381201,1,1,0,18,19,7,3,4,4,1,0,0,0,0,1,1,6,6,1,80,11,-1,-1,-1,-1,-1,-1,0,-1
2023010446819,2023,010446819,2,1,0,4,4,7,3,0,0,0,0,0,0,0,1,1,6,6,1,14,3,-1,-1,-1,-1,1,E01004754,0,-1
2023010448874,2023,010448874,2,1,0,18,19,3,7,4,4,8,2,0,0,0,1,1,6,6,2,36,7,-1,-1,-1,-1,6,E01002617,0,-1
2023430187464,2023,430187464,3,9,0,2,2,0,0,0,0,2,0,0,0,0,2,1,6,6,3,-1,-1,-1,-1,-1,-1,-1,-1,0,-1
202360A081957,2023,60A081957,2,9,0,18,19,4,8,0,0,0,0,0,0,0,2,1,1,1,1,42,7,-1,-1,-1,-1,-1,-1,0,-1
2023461283388,2023,461283388,1,9,0,18,19,7,3,0,0,1,0,0,0,0,1,1,6,6,3,-1,-1,-1,-1,-1,-1,-1,-1,0,-1
2023320260435,2023,320260435,1,22,0,18,19,6,2,9,9,0,0,0,0,0,3,1,6,6,3,-1,-1,-1,-1,-1,-1,-1,-1,0,-1
2023010473049,2023,010473049,2,9,9,99,99,9,9,99,99,9,9,99,9,99,9,9,6,6,3,-1,-1,-1,-1,-1,-1,-1,-1,0,-1
2023371356068,2023,371356068,2,1,0,18,19,7,3,0,0,8,0,0,0,0,4,1,5,6,1,56,9,-1,-1,-1,-1,9,E01029897,0,-1