collision_index,collision_year,collision_ref_no,vehicle_reference,vehicle_type,towing_and_articulation,vehicle_manoeuvre_historic,vehicle_manoeuvre,vehicle_direction_from,vehicle_direction_to,vehicle_location_restricted_lane_historic,vehicle_location_restricted_lane,junction_location,skidding_and_overturning,hit_object_in_carriageway,vehicle_leaving_carriageway,hit_object_off_carriageway,first_point_of_impact,vehicle_left_hand_drive,journey_purpose_of_driver_historic,journey_purpose_of_driver,sex_of_driver,age_of_driver,age_band_of_driver,engine_capacity_cc,propulsion_code,age_of_vehicle,generic_make_model,driver_imd_decile,lsoa_of_driver,escooter_flag,driver_distance_banding
2023471306101,2023,471306101,2,1,0,18,19,4,8,0,0,0,0,0,0,0,4,1,6,6,1,15,3,-1,-1,-1,-1,3,E01021016,0,-1
2023311311760,2023,311311760,2,1,0,5,5,7,3,0,0,4,0,0,0,0,2,1,6,6,1,46,8,-1,-1,-1,-1,2,E01013832,0,-1
2023543054023,2023,543054023,1,9,0,18,19,2,6,0,0,1,0,9,1,4,1,1,2,2,1,40,7,-1,-1,-1,-1,9,E01031879,0,-1
2023451331171,2023,451331171,1,9,0,18,19,1,5,0,0,1,0,0,0,0,0,1,6,6,3,35,6,-1,-1,-1,-1,-1,-1,0,-1
2023440020613,2023,440020613,1,9,0,5,5,3,7,0,0,6,0,0,0,0,1,1,1,1,2,60,9,-1,-1,-1,-1,4,E01023068,0,-1
2023010468159,2023,010468159,2,9,0,18,19,5,1,0,0,8,0,0,0,0,1,1,6,6,3,-1,-1,-1,-1,-1,-1,-1,-1,0,-1
2023451357786,2023,451357786,1,1,0,18,19,1,3,0,0,0,0,0,0,0,2,1,2,2,1,58,9,-1,-1,-1,-1,6,E01020466,0,-1
2023161277972,2023,161277972,2,1,5,18,19,1,5,0,0,1,0,0,0,0,2,1,6,6,2,27,6,-1,-1,-1,-1,10,E01012967,0,-1
2023522400849,2023,522400849,1,-1,0,99,99,9,9,0,0,8,0,0,0,0,9,1,6,6,1,54,8,-1,-1,-1,-1,3,E01014622,1,-1
2023141359523,2023,141359523,2,17,0,11,11,2,6,0,0,0,0,0,0,0,1,1,1,1,1,52,8,-1,-1,-1,-1,3,E01007991,0,-1
2023311384668,2023,311384668,1,9,0,18,19,2,6,0,0,2,0,99,0,0,4,1,5,6,3,-1,-1,-1,-1,-1,-1,-1,-1,0,-1
2023010434916,2023,010434916,1,1,9,99,99,9,9,99,99,9,9,99,9,99,9,1,2,2,2,42,7,-1,-1,-1,-1,4,E01001286,0,-1
2023131353106,2023,131353106,2,1,0,18,19,3,7,0,0,1,2,0,0,0,1,1,1,1,1,35,6,-1,-1,-1,-1,1,E01011360,0,-1
2023041279905,2023,041279905,1,9,0,16,19,5,1,0,0,0,1,0,7,0,1,1,5,6,1,31,6,-1,-1,-1,-1,9,E01025533,0,-1
2023430420215,2023,430420215,1,1,0,18,19,4,8,0,0,6,0,0,0,0,1,1,6,6,1,36,7,-1,-1,-1,-1,-1,-1,0,-1
2023010440359,2023,010440359,1,1,9,99,99,9,9,99,99,9,9,99,9,99,9,1,6,6,1,-1,-1,-1,-1,-1,-1,-1,-1,0,-1
2023361360074,2023,361360074,2,1,-1,-1,-1,-1,-1,-1,-1,0,-1,-1,-1,0,-1,1,6,6,1,48,8,-1,-1,-1,-1,7,E01026461,0,-1
2023061343729,2023,061343729,1,-1,0,7,7,7,3,0,0,0,1,0,0,0,2,1,6,6,1,41,7,-1,-1,-1,-1,-1,-1,1,-1
2023440401958,2023,440401958,1,22,0,18,19,7,3,9,9,1,0,0,0,0,1,1,6,6,3,-1,-1,-1,-1,-1,-1,-1,-1,0,-1
202360A041794,2023,60A041794,2,9,0,18,19,6,2,0,0,1,0,0,0,0,1,1,6,6,1,35,6,-1,-1,-1,-1,-1,-1,0,-1
2023052302446,2023,052302446,2,1,0,18,19,4,1,0,0,1,0,0,0,0,2,1,6,6,1,50,8,-1,-1,-1,-1,3,E01007156,0,-1
2023052301244,2023,052301244,1,-1,0,18,19,7,3,0,0,1,0,0,0,0,3,1,6,6,1,-1,-1,-1,-1,-1,-1,-1,-1,1,-1
2023010465209,2023,010465209,1,9,0,9,9,1,7,0,0,8,0,0,0,0,1,1,6,6,2,19,4,-1,-1,-1,-1,2,E01009342,0,-1
2023631365259,2023,631365259,1,9,0,18,19,4,8,0,0,0,5,0,2,10,4,1,5,6,1,20,4,-1,-1,-1,-1,5,W01000551,0,-1
2023991348613,2023,991348613,2,1,0,18,19,3,7,0,0,0,0,0,0,0,1,1,6,6,1,34,6,-1,-1,-1,-1,-1,-1,0,-1
2023552300876,2023,552300876,1,9,0,18,19,8,4,0,0,0,0,0,0,0,1,1,6,6,3,-1,-1,-1,-1,-1,-1,-1,-1,0,-1
2023010467159,2023,010467159,2,90,0,99,99,9,9,99,99,9,9,99,9,99,9,9,6,6,3,-1,-1,-1,-1,-1,-1,2,E01003330,0,-1
2023041342990,2023,041342990,2,23,0,18,19,1,5,0,0,0,0,0,0,0,2,1,1,1,1,51,8,-1,-1,-1,-1,1,E01012649,0,-1
2023430466033,2023,430466033,1,9,0,18,19,5,1,0,0,0,0,0,0,0,4,1,6,6,3,-1,-1,-1,-1,-1,-1,-1,-1,0,-1
2023201426536,2023,201426536,2,1,0,5,5,2,6,0,0,5,0,0,0,0,1,1,1,1,1,26,6,-1,-1,-1,-1,2,E01009391,0,-1
2023471362886,2023,471362886,1,98,0,12,12,7,3,0,0,1,0,0,4,1,3,2,2,2,1,48,8,-1,-1,-1,-1,-1,-1,0,-1
2023131299215,2023,131299215,1,11,0,18,19,7,3,0,0,0,0,0,0,0,0,1,6,6,3,-1,-1,-1,-1,-1,-1,-1,-1,0,-1
2023302300956,2023,302300956,1,9,0,18,19,6,2,0,0,1,0,0,0,0,1,1,6,6,3,-1,-1,-1,-1,-1,-1,5,E01019456,0,-1
2023552301413,2023,552301413,2,10,0,18,19,2,6,0,0,8,0,0,0,0,3,1,6,6,2,63,9,-1,-1,-1,-1,7,E01015387,0,-1
2023161372103,2023,161372103,1,19,0,18,19,2,6,0,0,1,0,0,0,0,1,1,2,2,1,34,6,-1,-1,-1,-1,1,E01012894,0,-1
2023161373534,2023,161373534,1,9,0,18,19,8,4,0,0,8,0,0,0,0,1,1,6,6,3,-1,-1,-1,-1,-1,-1,-1,-1,0,-1
2023351272023,2023,351272023,2,1,0,4,4,4,8,0,0,0,5,0,0,0,4,1,4,7,1,21,5,-1,-1,-1,-1,8,E01018003,0,-1
2023061392285,2023,061392285,2,1,0,18,19,5,1,0,0,1,0,0,0,0,3,1,5,6,1,46,8,-1,-1,-1,-1,2,E01006144,0,-1
2023010429430,2023,010429430,1,9,0,99,99,9,9,99,99,9,9,99,9,99,1,9,6,6,3,-1,-1,-1,-1,-1,-1,-1,-1,0,-1
2023010462886,2023,010462886,2,22,0,18,19,5,1,0,0,1,0,0,0,0,1,1,6,6,2,63,9,-1,-1,-1,-1,1,E01033701,0,-1
2023522301394,2023,522301394,1,9,0,18,19,8,4,0,0,0,0,0,0,0,1,1,6,6,1,48,8,-1,-1,-1,-1,9,E01004542,0,-1
2023340WN3342,2023,340WN3342,1,9,0,16,19,2,4,0,0,8,0,0,0,0,4,1,6,6,1,-1,-1,-1,-1,-1,-1,-1,-1,0,-1
2023471345168,2023,471345168,1,1,0,5,5,6,2,0,0,0,0,0,0,0,1,1,5,6,1,45,7,-1,-1,-1,-1,3,E01031552,0,-1
2023010446057,2023,010446057,1,1,9,99,99,9,9,99,99,9,9,99,9,99,1,1,2,2,1,25,5,-1,-1,-1,-1,8,E01001384,0,-1
2023010439507,2023,010439507,1,9,9,9,9,1,6,0,0,5,9,99,0,0,1,9,6,6,3,-1,-1,-1,-1,-1,-1,-1,-1,0,-1
202360A195649,2023,60A195649,2,1,0,18,19,6,3,0,0,8,0,0,0,0,2,1,6,6,1,18,4,-1,-1,-1,-1,-1,-1,0,-1
2023010435898,2023,010435898,1,1,9,99,99,9,9,99,99,9,9,99,9,99,9,1,6,6,1,50,8,-1,-1,-1,-1,2,E01004755,0,-1
2023401326271,2023,401326271,2,1,0,18,19,7,3,0,0,2,0,0,0,0,3,1,6,6,2,70,10,-1,-1,-1,-1,3,E01015744,0,-1
2023211367445,2023,211367445,1,4,0,13,13,5,1,0,0,0,0,0,0,0,1,1,5,6,1,32,6,-1,-1,-1,-1,3,E01029804,0,-1
2023401372040,2023,401372040,1,9,0,13,13,-1,-1,0,0,0,0,0,0,0,4,1,6,6,2,20,4,-1,-1,-1,-1,-1,-1,0,-1
2023010456400,2023,010456400,2,23,0,99,99,9,9,99,99,8,9,0,9,0,9,1,6,6,1,-1,-1,-1,-1,-1,-1,-1,-1,0,-1
2023430071835,2023,430071835,1,1,0,18,19,2,6,0,0,0,0,0,0,0,3,1,1,1,1,15,3,-1,-1,-1,-1,9,E01028821,0,-1
2023522400296,2023,522400296,2,9,0,11,11,8,4,0,0,0,0,0,0,0,0,1,6,6,3,-1,-1,-1,-1,-1,-1,-1,-1,0,-1
2023041316589,2023,041316589,2,98,0,18,19,3,7,0,0,0,0,0,0,0,1,1,1,1,1,39,7,-1,-1,-1,-1,2,E01024890,0,-1
2023141351839,2023,141351839,2,1,0,18,19,7,4,0,0,2,0,0,0,0,3,1,6,6,1,19,4,-1,-1,-1,-1,2,E01008010,0,-1
2023010450440,2023,010450440,1,1,9,99,99,9,9,99,99,9,9,99,9,99,1,1,2,2,2,32,6,-1,-1,-1,-1,1,E01001787,0,-1
2023101340436,2023,101340436,1,23,0,18,19,2,6,0,0,0,0,0,0,0,1,1,5,6,1,16,4,-1,-1,-1,-1,-1,-1,0,-1
2023201453104,2023,201453104,2,9,0,5,5,7,2,0,0,6,0,10,1,0,1,1,6,6,3,-1,-1,-1,-1,-1,-1,-1,-1,0,-1
2023052300831,2023,052300831,2,1,0,18,19,5,1,0,0,0,0,0,0,0,3,1,6,6,1,14,3,-1,-1,-1,-1,1,E01006571,0,-1
2023052301313,2023,052301313,1,1,0,4,4,1,5,0,0,1,1,0,0,0,1,1,6,6,1,13,3,-1,-1,-1,-1,-1,-1,0,-1
2023161350415,2023,161350415,2,-1,0,18,19,5,1,0,0,1,0,0,0,0,1,1,6,6,1,24,5,-1,-1,-1,-1,1,E01013222,1,-1
2023311347398,2023,311347398,2,9,0,18,19,2,6,0,0,0,0,0,0,0,1,1,1,1,1,47,8,-1,-1,-1,-1,6,E01028037,0,-1
2023010455970,2023,010455970,2,9,0,99,99,9,9,99,99,9,9,99,9,99,1,9,6,6,3,-1,-1,-1,-1,-1,-1,5,E01000243,0,-1
2023010474674,2023,010474674,2,1,0,18,19,1,5,0,0,8,0,0,0,0,0,1,6,6,1,28,6,-1,-1,-1,-1,6,E01002062,0,-1
2023101374694,2023,101374694,1,20,0,18,19,1,5,0,0,0,0,0,0,0,1,1,6,6,1,-1,-1,-1,-1,-1,-1,-1,-1,0,-1
2023070654687,2023,070654687,1,19,0,18,19,4,8,0,0,0,0,0,0,0,1,1,6,6,1,-1,-1,-1,-1,-1,-1,-1,-1,0,-1
2023440483550,2023,440483550,2,9,0,9,9,4,2,0,0,6,0,0,0,0,4,1,6,6,3,-1,-1,-1,-1,-1,-1,-1,-1,0,-1
2023201383149,2023,201383149,2,1,0,18,19,1,5,0,0,8,0,0,0,0,1,1,6,6,1,51,8,-1,-1,-1,-1,-1,-1,0,-1
2023201330591,2023,201330591,1,-1,0,14,14,4,8,0,0,0,0,0,0,0,1,1,6,6,1,-1,-1,-1,-1,-1,-1,-1,-1,0,-1
2023010474268,2023,010474268,1,1,9,99,99,9,9,99,99,9,9,99,9,99,1,1,6,6,1,38,7,-1,-1,-1,-1,3,E01000094,0,-1
2023131356993,2023,131356993,1,90,0,18,19,2,5,0,0,0,0,0,0,0,2,1,5,6,1,57,9,-1,-1,-1,-1,7,E01011155,0,-1
2023010431485,2023,010431485,2,-1,0,18,19,7,3,0,0,1,0,0,0,0,4,1,6,6,2,19,4,-1,-1,-1,-1,3,E01001501,1,-1
2023522300672,2023,522300672,1,1,0,18,19,1,5,0,0,8,0,0,0,0,1,1,2,2,1,19,4,-1,-1,-1,-1,-1,-1,0,-1
2023451263393,2023,451263393,2,1,0,7,7,5,7,0,0,3,0,0,0,0,1,1,5,6,1,31,6,-1,-1,-1,-1,7,E01002944,0,-1
2023332300439,2023,332300439,3,10,0,13,13,8,4,0,0,8,0,0,0,0,0,1,6,6,1,-1,-1,-1,-1,-1,-1,-1,-1,0,-1
2023010482279,2023,010482279,2,4,0,13,13,1,5,0,0,1,0,0,0,0,1,1,2,2,1,22,5,-1,-1,-1,-1,3,E01002028,0,-1
2023010482578,2023,010482578,2,9,0,99,99,9,9,99,99,9,9,99,9,99,9,9,6,6,3,-1,-1,-1,-1,-1,-1,-1,-1,0,-1
2023481387638,2023,481387638,2,1,0,18,19,3,7,0,0,8,0,0,0,0,3,1,5,6,2,43,7,-1,-1,-1,-1,-1,-1,0,-1
2023052302448,2023,052302448,2,1,0,18,19,5,1,0,0,0,0,0,0,0,1,1,6,6,1,16,4,-1,-1,-1,-1,7,E01007256,0,-1
2023332300176,2023,332300176,2,9,0,2,2,0,0,0,0,2,0,0,0,0,1,1,6,6,2,35,6,-1,-1,-1,-1,6,E01025850,0,-1
2023201390224,2023,201390224,1,9,0,18,19,4,8,0,0,2,0,10,1,0,1,1,6,6,2,-1,-1,-1,-1,-1,-1,-1,-1,0,-1
2023041267832,2023,041267832,2,9,0,2,2,0,0,0,0,1,0,0,0,0,1,1,6,6,3,-1,-1,-1,-1,-1,-1,-1,-1,0,-1
2023010480156,2023,010480156,1,9,9,99,99,9,9,99,99,9,9,99,9,99,9,9,6,6,3,-1,-1,-1,-1,-1,-1,-1,-1,0,-1
2023010473532,2023,010473532,2,1,0,4,4,5,1,0,0,0,0,0,0,0,1,1,2,2,1,32,6,-1,-1,-1,-1,9,E01030519,0,-1
2023361328651,2023,361328651,1,19,0,18,19,3,5,0,0,0,0,0,0,0,1,1,6,6,1,20,4,-1,-1,-1,-1,-1,-1,0,-1
2023131316029,2023,131316029,2,8,0,5,5,1,1,0,0,3,0,0,0,0,3,1,6,6,3,-1,-1,-1,-1,-1,-1,-1,-1,0,-1
2023010444953,2023,010444953,1,1,9,99,99,9,9,99,99,9,9,99,9,99,1,1,2,2,1,39,7,-1,-1,-1,-1,5,E01004346,0,-1
2023471339190,2023,471339190,1,9,0,5,5,1,7,0,0,0,0,0,0,0,3,1,1,1,1,67,10,-1,-1,-1,-1,6,E01021200,0,-1
2023010471245,2023,010471245,1,9,4,11,11,3,7,0,0,0,0,0,0,0,1,1,1,1,1,56,9,-1,-1,-1,-1,6,E01001573,0,-1
2023332300830,2023,332300830,2,20,0,12,12,4,8,0,0,0,0,0,1,0,3,1,1,1,1,59,9,-1,-1,-1,-1,6,E01022268,0,-1
2023501347342,2023,501347342,2,1,0,18,19,1,5,0,0,1,5,0,0,0,1,1,5,6,1,53,8,-1,-1,-1,-1,4,E01018877,0,-1
2023461265766,2023,461265766,2,9,0,11,11,1,5,0,0,0,0,0,0,0,0,1,6,6,3,-1,-1,-1,-1,-1,-1,-1,-1,0,-1
2023010454477,2023,010454477,2,1,0,18,19,5,1,2,2,1,5,0,0,0,4,1,1,1,1,21,5,-1,-1,-1,-1,5,E01004071,0,-1
2023610054323,2023,610054323,1,9,0,7,7,6,1,0,0,8,5,9,0,0,1,1,6,6,1,24,5,-1,-1,-1,-1,2,W01001503,0,-1
2023070575588,2023,070575588,1,9,0,7,7,7,3,0,0,8,0,0,0,0,1,1,6,6,1,-1,-1,-1,-1,-1,-1,-1,-1,0,-1
2023041372246,2023,041372246,3,9,0,2,2,0,0,9,9,2,0,4,0,0,2,1,6,6,3,-1,-1,-1,-1,-1,-1,-1,-1,0,-1
2023451360808,2023,451360808,1,1,0,18,19,8,4,0,0,0,0,0,0,0,4,1,5,6,1,55,8,-1,-1,-1,-1,10,E01030543,0,-1
2023131300821,2023,131300821,2,1,0,18,19,5,8,4,4,0,0,0,0,0,0,1,5,6,1,47,8,-1,-1,-1,-1,2,E01007435,0,-1
2023010459870,2023,010459870,2,1,0,7,7,1,3,0,0,8,0,0,0,0,1,1,2,2,1,18,4,-1,-1,-1,-1,2,E01003983,0,-1
2023010486301,2023,010486301,2,8,0,99,99,9,9,99,99,9,9,99,9,99,9,9,6,6,3,-1,-1,-1,-1,-1,-1,-1,-1,0,-1
2023052302730,2023,052302730,1,9,0,5,5,7,3,0,0,4,0,0,0,0,1,1,6,6,3,-1,-1,-1,-1,-1,-1,-1,-1,0,-1
2023201396850,2023,201396850,1,9,0,18,19,-1,-1,0,0,0,0,0,0,0,1,1,6,6,3,-1,-1,-1,-1,-1,-1,-1,-1,0,-1
2023010432312,2023,010432312,2,1,0,18,19,7,3,5,5,1,5,0,0,0,4,1,2,2,1,48,8,-1,-1,-1,-1,10,E01000348,0,-1
2023461353594,2023,461353594,2,1,0,18,19,5,1,0,0,0,0,0,0,0,1,1,6,6,1,28,6,-1,-1,-1,-1,4,E01004254,0,-1
2023141312169,2023,141312169,2,97,0,18,19,5,1,0,0,0,0,0,0,0,1,1,6,6,3,-1,-1,-1,-1,-1,-1,-1,-1,0,-1
2023461321658,2023,461321658,1,1,0,18,19,3,7,0,0,0,1,0,0,0,1,1,6,6,1,14,3,-1,-1,-1,-1,1,E01024390,0,-1
2023522301291,2023,522301291,2,19,3,18,19,6,2,0,0,0,0,0,0,0,9,1,6,6,3,-1,-1,-1,-1,-1,-1,-1,-1,0,-1
2023471369790,2023,471369790,2,1,0,18,19,4,1,0,0,3,1,0,0,0,4,1,2,2,1,35,6,-1,-1,-1,-1,3,E01016907,0,-1
2023201413908,2023,201413908,1,9,0,18,19,8,4,0,0,0,0,0,0,0,1,1,6,6,1,29,6,-1,-1,-1,-1,1,E01009259,0,-1
2023501330679,2023,501330679,1,9,0,18,19,5,1,0,0,0,0,0,0,0,1,1,6,6,1,-1,-1,-1,-1,-1,-1,-1,-1,0,-1
2023101333438,2023,101333438,2,97,0,18,19,2,6,0,0,8,0,0,0,0,1,1,5,6,1,18,4,-1,-1,-1,-1,3,E01008803,0,-1
2023131284193,2023,131284193,4,9,0,3,3,7,3,0,0,8,0,0,0,0,2,1,6,6,3,-1,-1,-1,-1,-1,-1,-1,-1,0,-1
2023010476081,2023,010476081,1,9,0,18,19,1,5,0,0,1,0,0,0,0,1,1,6,6,3,-1,-1,-1,-1,-1,-1,-1,-1,0,-1
2023522301345,2023,522301345,2,9,0,13,13,2,6,0,0,3,0,0,0,0,0,1,6,6,1,-1,-1,-1,-1,-1,-1,-1,-1,0,-1
2023430368478,2023,430368478,2,19,0,18,19,6,2,0,0,0,0,0,0,0,1,1,6,6,3,-1,-1,-1,-1,-1,-1,-1,-1,0,-1
2023421361980,2023,421361980,2,9,0,18,19,3,7,0,0,0,0,0,0,0,2,1,2,2,1,25,5,-1,-1,-1,-1,5,E01021399,0,-1
2023201313397,2023,201313397,2,1,0,5,5,7,3,0,0,6,0,0,0,0,1,1,4,7,1,12,3,-1,-1,-1,-1,3,E01009220,0,-1
2023131351577,2023,131351577,1,9,0,-1,-1,-1,-1,-1,-1,-1,-1,-1,-1,-1,-1,1,6,6,3,-1,-1,-1,-1,-1,-1,-1,-1,0,-1
2023201392971,2023,201392971,1,9,0,18,19,3,7,0,0,1,0,0,0,0,1,1,6,6,3,-1,-1,-1,-1,-1,-1,-1,-1,0,-1
2023471364604,2023,471364604,1,-1,0,18,19,7,3,0,0,0,0,0,0,0,3,1,2,2,1,38,7,-1,-1,-1,-1,4,E01016890,1,-1
2023010435508,2023,010435508,2,9,0,99,99,9,9,99,99,9,9,99,9,99,1,9,6,6,3,-1,-1,-1,-1,-1,-1,3,E01000973,0,-1
2023010465734,2023,010465734,2,1,0,18,19,4,8,0,0,8,5,0,0,0,4,1,2,2,1,29,6,-1,-1,-1,-1,2,E01003304,0,-1
2023471330196,2023,471330196,2,98,0,9,9,8,4,0,0,8,0,0,0,0,1,1,1,1,1,53,8,-1,-1,-1,-1,8,E01029742,0,-1
2023041311546,2023,041311546,1,-1,0,5,5,1,5,0,0,1,0,0,0,0,1,1,2,2,1,34,6,-1,-1,-1,-1,1,E01012751,1,-1
2023440268697,2023,440268697,2,1,0,16,19,4,6,0,0,2,0,0,0,0,3,1,6,6,2,20,4,-1,-1,-1,-1,4,E01022671,0,-1
2023010468649,2023,010468649,1,9,9,99,99,9,9,99,99,9,9,99,9,99,9,1,6,6,3,-1,-1,-1,-1,-1,-1,-1,-1,0,-1
2023991333966,2023,991333966,1,1,0,17,19,4,8,0,0,0,2,0,7,9,1,1,5,6,1,61,9,-1,-1,-1,-1,9,-1,0,-1
2023061268079,2023,061268079,2,9,0,15,15,7,3,0,0,0,0,0,0,0,4,1,1,1,2,39,7,-1,-1,-1,-1,2,E01004817,0,-1
2023031346544,2023,031346544,1,1,0,18,19,6,2,0,0,0,0,0,0,0,1,1,5,6,1,71,10,-1,-1,-1,-1,-1,-1,0,-1
2023501353628,2023,501353628,2,1,0,4,4,6,3,0,0,1,0,0,0,0,1,1,5,6,2,23,5,-1,-1,-1,-1,7,E01018879,0,-1
2023010485097,2023,010485097,1,1,9,99,99,9,9,99,99,9,9,99,9,99,2,1,6,6,1,24,5,-1,-1,-1,-1,5,E01002791,0,-1
2023211323511,2023,211323511,1,9,-1,-1,-1,-1,-1,-1,-1,0,-1,-1,-1,0,-1,1,6,6,1,-1,-1,-1,-1,-1,-1,-1,-1,0,-1
2023461296046,2023,461296046,1,-1,0,7,7,5,1,0,0,0,0,0,0,0,1,1,6,6,1,42,7,-1,-1,-1,-1,2,E01016035,1,-1
2023010478923,2023,010478923,1,1,9,99,99,9,9,99,99,9,9,99,9,99,2,1,2,2,1,29,6,-1,-1,-1,-1,5,E01000964,0,-1
2023031332892,2023,031332892,1,90,0,4,4,6,2,0,0,1,0,0,0,0,2,2,5,6,1,65,9,-1,-1,-1,-1,-1,-1,0,-1
2023411283967,2023,411283967,2,1,0,18,19,-1,-1,0,0,8,0,0,0,0,2,1,6,6,1,42,7,-1,-1,-1,-1,6,E01023606,0,-1
2023430083441,2023,430083441,1,9,0,18,19,1,5,0,0,1,0,0,0,0,1,1,6,6,1,-1,-1,-1,-1,-1,-1,-1,-1,0,-1
2023302300332,2023,302300332,2,9,0,18,19,1,5,0,0,0,0,0,0,0,0,1,6,6,3,-1,-1,-1,-1,-1,-1,5,E01019456,0,-1
2023052301199,2023,052301199,1,19,0,18,19,1,5,0,0,0,0,0,0,0,0,1,6,6,3,-1,-1,-1,-1,-1,-1,-1,-1,0,-1
2023061358787,2023,061358787,2,1,0,18,19,1,5,0,0,2,0,0,0,0,4,1,6,6,1,34,6,-1,-1,-1,-1,3,E01004902,0,-1
2023010452645,2023,010452645,1,1,0,13,13,5,1,0,0,1,0,0,0,0,1,1,2,2,2,66,10,-1,-1,-1,-1,5,E01003071,0,-1
2023320677036,2023,320677036,1,1,0,18,19,7,3,0,0,0,5,0,0,0,1,1,6,6,1,65,9,-1,-1,-1,-1,1,E01026126,0,-1
2023010427728,2023,010427728,1,1,0,18,19,5,1,4,4,0,0,0,1,0,1,1,6,6,1,16,4,-1,-1,-1,-1,3,E01001932,0,-1
2023440136270,2023,440136270,1,9,0,5,5,1,6,0,0,8,0,0,0,0,1,1,6,6,2,80,11,-1,-1,-1,-1,2,E01017106,0,-1
2023311348307,2023,311348307,2,1,0,9,9,1,5,0,0,0,0,0,0,0,4,1,6,6,1,16,4,-1,-1,-1,-1,-1,-1,0,-1
2023010469307,2023,010469307,1,1,9,99,99,9,9,99,99,9,9,99,9,99,9,1,6,6,1,37,7,-1,-1,-1,-1,5,E01002740,0,-1
2023461383272,2023,461383272,1,9,0,9,9,3,7,0,0,6,0,0,0,0,3,1,6,6,1,-1,-1,-1,-1,-1,-1,-1,-1,0,-1
2023010434182,2023,010434182,1,1,9,99,99,9,9,99,99,9,9,99,9,99,9,1,2,2,1,42,7,-1,-1,-1,-1,8,E01004593,0,-1
2023471350891,2023,471350891,2,1,0,18,19,8,4,0,0,8,0,0,0,0,4,1,6,6,1,48,8,-1,-1,-1,-1,9,E01016999,0,-1
2023010441840,2023,010441840,1,90,0,9,9,7,4,0,0,8,0,0,0,0,1,1,1,1,1,24,5,-1,-1,-1,-1,4,E01003666,0,-1
2023522300956,2023,522300956,2,19,0,13,13,4,8,0,0,8,0,0,0,0,0,1,6,6,1,-1,-1,-1,-1,-1,-1,-1,-1,0,-1
2023041313675,2023,041313675,2,1,0,18,19,3,7,0,0,1,0,0,7,0,4,1,5,6,1,69,10,-1,-1,-1,-1,6,E01025261,0,-1
2023311300547,2023,311300547,2,1,0,4,4,3,7,0,0,0,0,0,0,0,1,1,4,7,1,14,3,-1,-1,-1,-1,-1,-1,0,-1
2023401265375,2023,401265375,1,9,0,18,19,5,1,0,0,0,0,0,0,0,1,1,6,6,3,-1,-1,-1,-1,-1,-1,-1,-1,0,-1
2023061297532,2023,061297532,1,8,0,6,6,2,6,0,0,0,0,0,0,0,1,1,6,6,1,-1,-1,-1,-1,-1,-1,-1,-1,0,-1
2023010482649,2023,010482649,1,1,9,99,99,9,9,99,99,9,9,99,9,99,9,1,2,2,2,21,5,-1,-1,-1,-1,9,E01004032,0,-1
2023631343659,2023,631343659,2,19,0,18,19,2,6,0,0,0,0,0,0,0,2,1,6,6,3,-1,-1,-1,-1,-1,-1,-1,-1,0,-1
2023231313683,2023,231313683,1,9,0,17,19,6,2,0,0,0,0,0,0,0,1,1,6,6,3,34,6,-1,-1,-1,-1,-1,-1,0,-1
2023461313671,2023,461313671,1,90,0,18,19,5,1,0,0,0,0,4,0,0,1,1,1,1,1,62,9,-1,-1,-1,-1,6,E01016113,0,-1
2023201378119,2023,201378119,2,20,0,9,9,6,4,0,0,6,0,0,0,0,1,1,6,6,3,-1,-1,-1,-1,-1,-1,-1,-1,0,-1
2023421354573,2023,421354573,1,9,0,-1,-1,1,-1,0,0,4,0,0,0,0,1,1,6,6,3,-1,-1,-1,-1,-1,-1,-1,-1,0,-1
2023010467952,2023,010467952,1,19,0,1,1,5,7,0,0,2,0,0,0,0,2,1,6,6,3,-1,-1,-1,-1,-1,-1,-1,-1,0,-1
2023010429507,2023,010429507,2,9,0,99,99,9,9,99,99,1,9,99,9,99,1,9,6,6,3,-1,-1,-1,-1,-1,-1,-1,-1,0,-1
2023421338023,2023,421338023,1,1,0,18,19,6,2,0,0,0,0,0,0,0,1,1,5,6,1,66,10,-1,-1,-1,-1,6,E01021562,0,-1
2023010440400,2023,010440400,2,1,0,18,19,5,1,0,0,8,0,0,0,0,1,1,6,6,1,17,4,-1,-1,-1,-1,5,E01003790,0,-1
2023430198902,2023,430198902,1,9,0,18,19,8,4,0,0,0,0,0,0,0,2,1,6,6,1,18,4,-1,-1,-1,-1,-1,-1,0,-1
2023201287351,2023,201287351,2,9,0,18,19,4,8,0,0,8,0,10,1,1,4,1,1,1,1,55,8,-1,-1,-1,-1,1,E01033643,0,-1
2023071264802,2023,071264802,2,1,0,18,19,2,5,5,5,0,2,0,0,0,1,1,3,7,2,11,3,-1,-1,-1,-1,-1,-1,0,-1
2023052300435,2023,052300435,1,90,0,18,19,7,3,0,0,0,0,0,0,0,3,1,6,6,3,-1,-1,-1,-1,-1,-1,-1,-1,0,-1
2023411401746,2023,411401746,1,9,0,12,12,3,7,0,0,0,0,0,0,0,3,1,5,6,1,51,8,-1,-1,-1,-1,6,E01023762,0,-1
2023010471367,2023,010471367,1,1,9,99,99,9,9,99,99,9,9,99,9,99,9,1,6,6,2,35,6,-1,-1,-1,-1,2,E01004319,0,-1
2023522301618,2023,522301618,1,9,0,4,4,1,5,0,0,0,0,0,0,0,1,1,6,6,1,40,7,-1,-1,-1,-1,5,E01014861,0,-1
2023010476513,2023,010476513,2,9,0,99,99,9,9,99,99,9,9,99,9,99,9,9,6,6,3,-1,-1,-1,-1,-1,-1,-1,-1,0,-1
2023340WN3572,2023,340WN3572,1,9,0,9,9,1,7,0,0,5,0,0,0,0,1,1,6,6,1,-1,-1,-1,-1,-1,-1,-1,-1,0,-1
2023371305868,2023,371305868,2,1,0,18,19,6,2,0,0,2,0,0,0,0,2,1,6,6,1,18,4,-1,-1,-1,-1,7,E01029898,0,-1
2023131344708,2023,131344708,1,9,0,1,1,8,2,0,0,0,0,0,0,0,2,1,1,1,1,37,7,-1,-1,-1,-1,5,E01010854,0,-1
2023010464220,2023,010464220,2,1,0,7,7,3,5,0,0,3,0,0,0,0,3,1,1,1,2,57,9,-1,-1,-1,-1,10,E01030753,0,-1