collision_index,collision_year,collision_ref_no,vehicle_reference,vehicle_type,towing_and_articulation,vehicle_manoeuvre_historic,vehicle_manoeuvre,vehicle_direction_from,vehicle_direction_to,vehicle_location_restricted_lane_historic,vehicle_location_restricted_lane,junction_location,skidding_and_overturning,hit_object_in_carriageway,vehicle_leaving_carriageway,hit_object_off_carriageway,first_point_of_impact,vehicle_left_hand_drive,journey_purpose_of_driver_historic,journey_purpose_of_driver,sex_of_driver,age_of_driver,age_band_of_driver,engine_capacity_cc,propulsion_code,age_of_vehicle,generic_make_model,driver_imd_decile,lsoa_of_driver,escooter_flag,driver_distance_banding
2023010478130,2023,010478130,1,9,0,18,19,7,3,9,9,8,0,0,0,0,1,1,6,6,3,-1,-1,-1,-1,-1,-1,-1,-1,0,-1
2023101292192,2023,101292192,1,19,-1,18,19,2,6,0,0,0,0,0,0,0,3,1,6,6,1,-1,-1,-1,-1,-1,-1,-1,-1,0,-1
2023430309679,2023,430309679,1,1,0,18,19,6,2,0,0,1,0,0,0,0,4,1,4,7,1,15,3,-1,-1,-1,-1,3,E01016444,0,-1
2023340WN6742,2023,340WN6742,1,9,0,7,7,3,5,0,0,6,0,0,0,0,1,1,6,6,1,-1,-1,-1,-1,-1,-1,-1,-1,0,-1
2023111340891,2023,111340891,1,1,0,18,19,5,1,0,0,1,0,0,0,0,1,1,5,6,1,16,4,-1,-1,-1,-1,1,E01020639,0,-1
2023541729523,2023,541729523,2,9,0,18,19,4,8,0,0,4,0,0,0,0,1,1,1,1,1,41,7,-1,-1,-1,-1,8,E01032695,0,-1
2023440274449,2023,440274449,1,1,0,18,19,6,2,0,0,0,0,0,0,0,3,1,6,6,1,13,3,-1,-1,-1,-1,4,E01022834,0,-1
2023010470097,2023,010470097,2,9,0,18,19,3,7,0,0,0,0,0,0,0,1,1,6,6,1,53,8,-1,-1,-1,-1,-1,-1,0,-1
2023010447280,2023,010447280,2,1,0,18,19,1,5,0,0,1,0,0,0,0,1,1,2,2,1,33,6,-1,-1,-1,-1,2,E01003126,0,-1
2023010459108,2023,010459108,2,9,0,99,99,9,9,99,99,9,9,99,9,99,1,9,6,6,3,-1,-1,-1,-1,-1,-1,-1,-1,0,-1
2023010463132,2023,010463132,2,9,0,99,99,9,9,99,99,9,9,99,9,99,1,9,6,6,3,-1,-1,-1,-1,-1,-1,-1,-1,0,-1
2023332300847,2023,332300847,1,9,0,18,19,7,3,0,0,4,0,0,0,0,1,1,6,6,3,-1,-1,-1,-1,-1,-1,-1,-1,0,-1
2023141277452,2023,141277452,1,98,0,7,7,1,3,0,0,1,0,0,0,0,1,1,6,6,3,-1,-1,-1,-1,-1,-1,-1,-1,0,-1
2023501377350,2023,501377350,1,9,0,18,19,1,4,0,0,0,0,0,0,0,1,1,6,6,3,-1,-1,-1,-1,-1,-1,-1,-1,0,-1
2023010426734,2023,010426734,1,9,0,99,99,9,9,99,99,9,9,99,9,99,9,9,6,6,3,-1,-1,-1,-1,-1,-1,-1,-1,0,-1
2023010466813,2023,010466813,1,1,9,99,99,9,9,99,99,9,9,99,9,99,9,1,2,2,2,30,6,-1,-1,-1,-1,4,E01004697,0,-1
2023411348998,2023,411348998,1,19,0,3,3,5,1,0,0,1,0,0,0,0,1,1,1,1,2,32,6,-1,-1,-1,-1,6,E01023784,0,-1
2023010480747,2023,010480747,2,9,0,99,99,9,9,99,99,9,9,99,9,99,9,9,6,6,3,-1,-1,-1,-1,-1,-1,-1,-1,0,-1
2023411267944,2023,411267944,1,9,0,4,4,5,1,0,0,0,0,0,0,0,1,1,6,6,1,92,11,-1,-1,-1,-1,7,E01023736,0,-1
2023041359965,2023,041359965,1,11,0,18,19,-1,-1,0,0,4,0,0,0,0,-1,1,6,6,3,-1,-1,-1,-1,-1,-1,-1,-1,0,-1
2023320244312,2023,320244312,1,1,0,18,19,1,5,0,0,1,5,0,0,0,4,1,6,6,2,8,2,-1,-1,-1,-1,6,E01026260,0,-1
2023041373768,2023,041373768,1,9,0,18,19,-1,-1,0,0,0,0,0,0,0,-1,1,6,6,3,-1,-1,-1,-1,-1,-1,-1,-1,0,-1
2023010444084,2023,010444084,3,1,0,3,3,5,1,0,0,1,0,0,0,0,2,1,6,6,2,26,6,-1,-1,-1,-1,8,E01004623,0,-1
2023010449137,2023,010449137,2,11,0,9,9,1,6,0,0,1,0,0,0,0,3,1,6,6,3,-1,-1,-1,-1,-1,-1,-1,-1,0,-1
2023010441950,2023,010441950,2,9,0,99,99,9,9,99,99,9,9,99,9,99,9,9,6,6,3,-1,-1,-1,-1,-1,-1,-1,-1,0,-1
2023010480382,2023,010480382,2,90,0,18,19,1,5,0,0,8,0,0,0,0,1,1,6,6,3,-1,-1,-1,-1,-1,-1,-1,-1,0,-1
2023061324158,2023,061324158,1,9,-1,-1,-1,-1,-1,-1,-1,0,-1,-1,-1,0,-1,1,6,6,3,-1,-1,-1,-1,-1,-1,-1,-1,0,-1
2023430508663,2023,430508663,2,1,0,14,14,6,2,0,0,2,0,8,0,0,4,1,6,6,2,28,6,-1,-1,-1,-1,4,E01028582,0,-1
2023061365897,2023,061365897,2,9,0,4,4,-1,-1,0,0,0,0,0,0,0,0,1,6,6,2,31,6,-1,-1,-1,-1,2,E01006244,0,-1
2023461344539,2023,461344539,2,9,0,16,19,1,5,0,0,0,2,0,0,0,1,1,6,6,1,18,4,-1,-1,-1,-1,8,E01033213,0,-1
2023991381438,2023,991381438,1,1,0,14,14,3,7,0,0,0,0,0,0,0,1,1,5,6,1,38,7,-1,-1,-1,-1,3,-1,0,-1
2023141345717,2023,141345717,1,9,0,12,12,1,5,0,0,0,0,0,0,0,0,1,6,6,3,-1,-1,-1,-1,-1,-1,-1,-1,0,-1
2023041362916,2023,041362916,1,9,0,18,19,1,5,0,0,8,0,0,0,0,1,1,2,2,1,26,6,-1,-1,-1,-1,8,E01006363,0,-1
2023201358353,2023,201358353,1,9,0,4,4,4,8,0,0,1,0,0,0,0,4,1,6,6,1,43,7,-1,-1,-1,-1,2,E01010411,0,-1
2023311373566,2023,311373566,2,1,0,18,19,3,7,0,0,8,0,0,0,0,4,1,5,6,1,62,9,-1,-1,-1,-1,10,E01028409,0,-1
2023231356739,2023,231356739,2,1,0,18,19,8,4,0,0,4,1,0,0,0,0,1,6,6,2,29,6,-1,-1,-1,-1,5,E01031327,0,-1
2023351370256,2023,351370256,1,97,0,18,19,-1,-1,9,9,8,5,0,1,0,1,1,5,6,1,16,4,-1,-1,-1,-1,4,E01015667,0,-1
2023010440586,2023,010440586,1,1,9,99,99,9,9,99,99,9,9,99,9,99,1,1,2,2,2,29,6,-1,-1,-1,-1,5,E01003284,0,-1
2023122300205,2023,122300205,1,9,0,18,19,5,1,0,0,3,0,0,0,0,1,1,3,7,1,50,8,-1,-1,-1,-1,10,E01027721,0,-1
2023010432958,2023,010432958,3,9,0,18,19,5,1,0,0,0,0,0,0,0,1,1,6,6,3,-1,-1,-1,-1,-1,-1,-1,-1,0,-1
2023461381311,2023,461381311,3,9,0,2,2,1,5,0,0,0,0,0,0,0,3,1,1,1,1,53,8,-1,-1,-1,-1,5,E01024654,0,-1
2023070554372,2023,070554372,1,1,0,18,19,6,2,0,0,1,0,0,0,0,0,1,2,2,1,38,7,-1,-1,-1,-1,5,E01018733,0,-1
2023161303288,2023,161303288,2,1,0,18,19,3,7,0,0,8,0,0,0,0,1,1,5,6,2,36,7,-1,-1,-1,-1,1,E01013209,0,-1
2023351363278,2023,351363278,3,1,0,18,19,1,5,0,0,8,0,0,0,0,1,1,6,6,2,32,6,-1,-1,-1,-1,8,E01017992,0,-1
2023201294274,2023,201294274,1,9,0,6,6,2,2,0,0,0,0,0,0,0,3,1,6,6,3,-1,-1,-1,-1,-1,-1,-1,-1,0,-1
2023201289837,2023,201289837,2,97,0,18,19,-1,-1,0,0,0,1,0,0,0,1,1,6,6,1,19,4,-1,-1,-1,-1,1,E01010271,0,-1
2023320462816,2023,320462816,1,9,0,18,19,1,5,0,0,8,0,0,0,0,1,2,6,6,2,23,5,-1,-1,-1,-1,-1,-1,0,-1
2023552301076,2023,552301076,2,9,0,18,19,6,2,0,0,8,0,0,0,0,1,1,2,2,1,36,7,-1,-1,-1,-1,10,E01020420,0,-1
2023010477699,2023,010477699,1,1,9,99,99,9,9,4,4,1,9,99,9,99,1,1,2,2,1,61,9,-1,-1,-1,-1,1,E01001850,0,-1
2023401297983,2023,401297983,1,19,-1,-1,-1,-1,-1,-1,-1,0,-1,-1,-1,0,-1,1,6,6,1,-1,-1,-1,-1,-1,-1,-1,-1,0,-1
2023411297924,2023,411297924,2,1,0,9,9,1,5,0,0,1,0,0,0,0,4,1,6,6,2,25,5,-1,-1,-1,-1,10,E01032956,0,-1
2023991417384,2023,991417384,2,1,0,9,9,4,1,0,0,5,0,0,0,0,2,1,2,2,2,26,6,-1,-1,-1,-1,8,-1,0,-1
2023471327399,2023,471327399,2,1,0,18,19,4,7,0,0,3,0,0,0,0,4,1,5,6,1,23,5,-1,-1,-1,-1,10,E01031758,0,-1
2023991308604,2023,991308604,1,-1,0,-1,-1,3,7,-1,-1,1,-1,-1,-1,0,1,1,6,6,3,16,4,-1,-1,-1,-1,-1,-1,0,-1
2023351380825,2023,351380825,2,1,0,18,19,2,6,0,0,0,0,0,0,0,3,1,6,6,1,27,6,-1,-1,-1,-1,9,E01004638,0,-1
2023010467216,2023,010467216,2,9,0,99,99,9,9,99,99,9,9,99,9,99,9,9,6,6,3,-1,-1,-1,-1,-1,-1,-1,-1,0,-1
2023101390930,2023,101390930,1,9,0,1,1,2,7,0,0,1,0,0,0,0,2,1,6,6,3,40,7,-1,-1,-1,-1,-1,-1,0,-1
2023161296786,2023,161296786,2,1,0,18,19,3,7,0,0,0,5,0,1,10,2,1,6,6,1,21,5,-1,-1,-1,-1,5,E01012767,0,-1
2023041355130,2023,041355130,1,9,0,7,7,-1,-1,0,0,1,0,0,0,0,3,1,6,6,3,-1,-1,-1,-1,-1,-1,-1,-1,0,-1
2023340NN0602,2023,340NN0602,2,1,0,18,19,2,6,9,9,1,0,0,0,0,1,1,4,7,1,11,3,-1,-1,-1,-1,-1,-1,0,-1
2023131348687,2023,131348687,2,1,0,18,19,7,3,0,0,0,0,0,0,0,1,1,5,6,1,6,2,-1,-1,-1,-1,4,E01010591,0,-1
2023170H10963,2023,170H10963,2,-1,0,18,19,1,5,0,0,8,0,0,0,0,1,1,6,6,1,15,3,-1,-1,-1,-1,2,E01011957,1,-1
2023531268375,2023,531268375,1,9,0,18,19,1,5,0,0,0,1,0,0,0,1,1,1,1,1,65,9,-1,-1,-1,-1,1,E01022122,0,-1
2023161358783,2023,161358783,2,9,0,18,19,1,5,0,0,0,0,0,0,0,1,1,6,6,3,-1,-1,-1,-1,-1,-1,-1,-1,0,-1
2023101352354,2023,101352354,1,-1,0,18,19,7,3,0,0,8,0,0,0,0,1,1,6,6,3,-1,-1,-1,-1,-1,-1,-1,-1,0,-1
2023010457714,2023,010457714,2,-1,0,18,19,1,5,0,0,8,0,0,0,0,1,1,6,6,2,53,8,-1,-1,-1,-1,2,E01002053,1,-1
2023471320948,2023,471320948,1,9,0,5,5,6,4,0,0,6,0,0,0,0,3,1,1,1,1,54,8,-1,-1,-1,-1,1,E01020920,0,-1
2023010462379,2023,010462379,1,1,9,99,99,9,9,99,99,9,9,99,9,99,1,1,6,6,2,32,6,-1,-1,-1,-1,5,E01004654,0,-1
2023361368287,2023,361368287,2,9,0,18,19,2,6,0,0,8,2,0,0,0,4,1,5,6,1,84,11,-1,-1,-1,-1,4,E01026729,0,-1
2023010476727,2023,010476727,2,9,0,99,99,9,9,99,99,9,9,99,9,99,9,9,6,6,3,26,6,-1,-1,-1,-1,4,E01024387,0,-1
2023351365974,2023,351365974,2,9,0,18,19,-1,-1,0,0,8,0,0,0,0,4,1,5,6,2,35,6,-1,-1,-1,-1,5,E01018214,0,-1
2023332300531,2023,332300531,2,5,0,13,13,1,5,0,0,0,1,0,7,11,1,1,6,6,1,33,6,-1,-1,-1,-1,4,E01014085,0,-1
2023010472934,2023,010472934,2,1,0,18,19,3,7,0,0,1,0,0,0,0,3,1,6,6,1,26,6,-1,-1,-1,-1,3,E01001244,0,-1
2023101388667,2023,101388667,2,1,0,18,19,2,6,0,0,4,0,0,0,0,1,1,2,2,2,40,7,-1,-1,-1,-1,8,E01008469,0,-1
2023010462406,2023,010462406,2,1,0,18,19,4,8,0,0,8,0,0,0,0,1,1,6,6,3,-1,-1,-1,-1,-1,-1,-1,-1,0,-1
2023010460635,2023,010460635,3,1,0,18,19,5,1,0,0,1,0,0,0,0,4,1,6,6,1,40,7,-1,-1,-1,-1,2,E01033702,0,-1
2023010476912,2023,010476912,2,9,0,99,99,9,9,0,0,9,0,12,9,99,9,9,6,6,3,-1,-1,-1,-1,-1,-1,-1,-1,0,-1
202360A191726,2023,60A191726,1,9,0,17,19,5,1,0,0,1,1,0,0,0,1,1,2,2,2,47,8,-1,-1,-1,-1,-1,-1,0,-1
2023010420956,2023,010420956,2,9,0,99,99,9,9,99,99,9,9,99,9,99,1,9,6,6,3,-1,-1,-1,-1,-1,-1,-1,-1,0,-1
2023010461259,2023,010461259,1,23,0,18,19,1,5,0,0,1,0,0,0,0,1,1,1,1,1,50,8,-1,-1,-1,-1,2,E01002702,0,-1
2023010447973,2023,010447973,2,9,0,99,99,9,9,99,99,9,9,99,9,99,1,9,6,6,3,-1,-1,-1,-1,-1,-1,-1,-1,0,-1
2023451313234,2023,451313234,1,-1,0,18,19,3,7,9,9,1,0,0,0,0,1,1,6,6,1,25,5,-1,-1,-1,-1,-1,-1,1,-1
2023031274323,2023,031274323,1,1,0,17,19,1,2,0,0,0,0,0,0,0,1,1,5,6,1,44,7,-1,-1,-1,-1,-1,-1,0,-1
2023302300351,2023,302300351,2,1,0,18,19,8,4,0,0,2,0,0,0,0,1,1,6,6,1,61,9,-1,-1,-1,-1,5,E01013518,0,-1
2023351319031,2023,351319031,2,1,0,18,19,1,4,0,0,8,0,0,0,0,1,1,6,6,1,34,6,-1,-1,-1,-1,3,E01018073,0,-1
2023010449440,2023,010449440,2,1,0,18,19,5,1,0,0,1,0,0,0,0,2,1,6,6,1,33,6,-1,-1,-1,-1,2,E01001940,0,-1
2023201456181,2023,201456181,2,9,0,8,8,4,6,0,0,1,0,0,0,0,2,1,6,6,1,70,10,-1,-1,-1,-1,-1,-1,0,-1
2023201303897,2023,201303897,2,1,0,3,3,8,4,0,0,0,0,0,0,0,2,1,2,2,1,33,6,-1,-1,-1,-1,2,E01008964,0,-1
2023430503509,2023,430503509,1,8,0,18,19,1,5,0,0,0,0,0,0,0,1,1,6,6,1,-1,-1,-1,-1,-1,-1,-1,-1,0,-1
2023131390122,2023,131390122,2,90,0,18,19,4,8,0,0,0,0,0,0,0,1,1,6,6,1,26,6,-1,-1,-1,-1,5,E01011391,0,-1
2023522400413,2023,522400413,2,9,0,7,7,7,1,0,0,5,0,0,0,0,4,1,6,6,3,-1,-1,-1,-1,-1,-1,-1,-1,0,-1
202354D309523,2023,54D309523,1,9,0,2,2,0,0,4,4,0,0,0,0,0,3,1,6,6,3,-1,-1,-1,-1,-1,-1,-1,-1,0,-1
2023371289532,2023,371289532,2,1,0,18,19,5,1,0,0,0,0,4,0,0,1,1,5,6,2,58,9,-1,-1,-1,-1,2,E01030289,0,-1
2023440459630,2023,440459630,2,9,0,18,19,5,1,0,0,1,0,0,0,0,1,1,6,6,1,60,9,-1,-1,-1,-1,9,E01022718,0,-1
2023622300163,2023,622300163,1,9,0,18,19,6,2,0,0,8,0,0,0,0,1,1,6,6,3,-1,-1,-1,-1,-1,-1,-1,-1,0,-1
2023471368872,2023,471368872,1,9,0,9,9,1,7,0,0,5,0,0,0,0,3,1,6,6,2,-1,-1,-1,-1,-1,-1,-1,-1,0,-1
2023451278541,2023,451278541,2,-1,0,18,19,7,3,0,0,0,0,0,0,0,2,1,5,6,1,16,4,-1,-1,-1,-1,7,E01030332,1,-1
2023122301136,2023,122301136,1,98,4,18,19,5,1,0,0,0,0,0,0,0,2,9,6,6,3,-1,-1,-1,-1,-1,-1,-1,-1,0,-1
2023052301885,2023,052301885,1,1,0,18,19,3,7,0,0,0,0,0,0,0,1,1,2,2,1,18,4,-1,-1,-1,-1,1,E01006760,0,-1
2023221278995,2023,221278995,2,1,0,18,19,7,3,0,0,8,0,0,1,0,1,1,6,6,1,59,9,-1,-1,-1,-1,6,E01032372,0,-1
2023451330335,2023,451330335,2,9,0,9,9,8,4,0,0,6,0,0,0,0,3,1,6,6,2,70,10,-1,-1,-1,-1,-1,-1,0,-1
2023320696031,2023,320696031,2,9,0,18,19,2,6,0,0,0,0,0,1,0,1,1,6,6,2,45,7,-1,-1,-1,-1,6,E01026316,0,-1
2023421276327,2023,421276327,1,9,0,18,19,3,7,0,0,0,0,0,0,0,1,1,6,6,1,-1,-1,-1,-1,-1,-1,-1,-1,0,-1
2023522301283,2023,522301283,1,9,0,3,3,5,1,0,0,1,9,0,0,0,1,1,6,6,1,28,6,-1,-1,-1,-1,2,E01014575,0,-1
2023122300979,2023,122300979,1,1,0,18,19,7,3,0,0,0,0,0,0,0,0,1,6,6,1,69,10,-1,-1,-1,-1,-1,-1,0,-1
2023010481551,2023,010481551,1,1,0,9,9,3,1,0,0,8,0,0,0,0,0,1,6,6,2,35,6,-1,-1,-1,-1,-1,-1,0,-1
2023430266590,2023,430266590,1,5,0,18,19,5,1,0,0,0,1,0,1,0,1,1,6,6,1,33,6,-1,-1,-1,-1,3,E01016336,0,-1
2023371306308,2023,371306308,1,9,0,4,4,4,5,0,0,0,5,0,0,0,2,1,5,6,2,50,8,-1,-1,-1,-1,9,E01030196,0,-1
2023010433876,2023,010433876,2,1,0,18,19,5,1,0,0,0,1,0,0,0,1,1,6,6,1,23,5,-1,-1,-1,-1,5,E01004517,0,-1
2023041372800,2023,041372800,1,9,0,18,19,7,3,0,0,1,0,0,7,10,1,1,6,6,1,39,7,-1,-1,-1,-1,2,E01025275,0,-1
2023302301046,2023,302301046,2,1,0,18,19,8,4,0,0,8,0,0,0,0,3,1,6,6,2,45,7,-1,-1,-1,-1,9,E01013579,0,-1
2023101367936,2023,101367936,2,1,0,18,19,8,4,0,0,0,0,0,0,0,1,1,6,6,1,12,3,-1,-1,-1,-1,2,E01008324,0,-1
2023440264483,2023,440264483,2,9,0,18,19,4,8,0,0,8,0,0,0,0,1,1,6,6,1,41,7,-1,-1,-1,-1,4,E01017185,0,-1
2023501331733,2023,501331733,1,1,0,18,19,2,6,0,0,1,0,0,0,0,1,1,5,6,1,11,3,-1,-1,-1,-1,6,E01019893,0,-1
2023430031761,2023,430031761,1,98,0,18,19,6,2,0,0,1,0,4,0,0,3,1,1,1,1,35,6,-1,-1,-1,-1,3,E01016464,0,-1
2023131378184,2023,131378184,2,1,0,16,19,7,6,0,0,1,1,0,0,0,0,1,5,6,1,21,5,-1,-1,-1,-1,9,E01011507,0,-1
2023010464635,2023,010464635,2,1,0,18,19,3,7,0,0,1,0,0,0,0,0,1,6,6,1,44,7,-1,-1,-1,-1,5,E01003247,0,-1
2023170H10013,2023,170H10013,2,9,0,4,4,6,2,0,0,1,0,0,0,0,2,1,6,6,2,43,7,-1,-1,-1,-1,-1,-1,0,-1
2023631342732,2023,631342732,1,19,0,18,19,8,4,0,0,0,0,0,0,0,1,1,6,6,1,80,11,-1,-1,-1,-1,5,W01000505,0,-1
2023302300803,2023,302300803,2,9,0,18,19,2,6,0,0,4,0,0,0,0,4,1,6,6,3,-1,-1,-1,-1,-1,-1,5,E01019456,0,-1
2023201340129,2023,201340129,2,1,0,18,19,2,6,0,0,1,0,0,0,0,2,1,6,6,1,48,8,-1,-1,-1,-1,2,E01010404,0,-1
2023201413935,2023,201413935,2,1,0,18,19,2,6,0,0,8,0,0,0,0,1,1,6,6,1,34,6,-1,-1,-1,-1,-1,-1,0,-1
2023430228083,2023,430228083,1,19,0,9,9,5,3,0,0,3,0,0,0,0,2,1,6,6,2,52,8,-1,-1,-1,-1,8,E01017736,0,-1
2023031274323,2023,031274323,2,4,-1,16,19,2,1,0,0,0,0,0,0,0,1,1,6,6,1,45,7,-1,-1,-1,-1,-1,-1,0,-1
2023061279329,2023,061279329,1,19,-1,18,19,2,4,0,0,4,0,0,0,0,1,1,6,6,1,-1,-1,-1,-1,-1,-1,-1,-1,0,-1
2023991373041,2023,991373041,2,8,0,8,8,2,6,0,0,1,0,0,0,0,2,1,1,1,1,-1,-1,-1,-1,-1,-1,-1,-1,0,-1
2023070493596,2023,070493596,2,1,0,18,19,5,1,9,9,0,0,0,0,0,3,1,1,1,2,57,9,-1,-1,-1,-1,3,E01018461,0,-1
2023522301133,2023,522301133,1,9,0,18,19,2,6,0,0,0,0,0,0,0,4,1,6,6,3,-1,-1,-1,-1,-1,-1,-1,-1,0,-1
2023010468638,2023,010468638,3,19,0,18,19,3,7,0,0,1,0,0,0,0,2,1,1,1,1,32,6,-1,-1,-1,-1,4,E01003766,0,-1
2023471323395,2023,471323395,2,9,0,18,19,3,7,0,0,1,0,0,0,0,1,1,2,2,1,41,7,-1,-1,-1,-1,1,E01031404,0,-1
2023311372854,2023,311372854,1,1,0,18,19,-1,-1,0,0,0,0,0,0,0,2,1,5,6,1,22,5,-1,-1,-1,-1,-1,-1,0,-1
2023302300288,2023,302300288,1,19,0,18,19,8,4,0,0,0,0,0,0,0,4,1,6,6,3,-1,-1,-1,-1,-1,-1,5,E01019456,0,-1
2023131382035,2023,131382035,1,9,0,-1,-1,-1,-1,-1,-1,8,-1,-1,-1,0,-1,1,6,6,3,-1,-1,-1,-1,-1,-1,-1,-1,0,-1
2023320290000,2023,320290000,1,9,0,18,19,2,6,0,0,0,0,0,0,0,4,1,6,6,1,-1,-1,-1,-1,-1,-1,-1,-1,0,-1
2023430537301,2023,430537301,1,9,0,13,13,5,8,0,0,0,0,0,0,0,1,1,6,6,1,-1,-1,-1,-1,-1,-1,-1,-1,0,-1
2023041353180,2023,041353180,2,1,0,18,19,7,3,0,0,1,0,0,0,0,1,1,2,2,1,49,8,-1,-1,-1,-1,7,E01025400,0,-1
2023401266775,2023,401266775,2,9,0,9,9,-1,-1,0,0,8,0,0,0,0,2,1,6,6,1,39,7,-1,-1,-1,-1,4,E01017506,0,-1
2023451279989,2023,451279989,2,9,0,18,19,2,6,0,0,1,0,0,0,0,1,1,6,6,1,30,6,-1,-1,-1,-1,5,E01001381,0,-1
202360A138893,2023,60A138893,1,9,0,4,4,8,4,0,0,0,0,0,0,0,2,1,6,6,1,68,10,-1,-1,-1,-1,-1,-1,0,-1
2023531386944,2023,531386944,1,97,0,4,4,2,6,0,0,4,0,0,0,0,1,1,5,6,2,37,7,-1,-1,-1,-1,2,E01022164,0,-1
2023211264463,2023,211264463,1,21,1,11,11,1,5,0,0,0,0,0,0,0,4,1,1,1,3,56,9,-1,-1,-1,-1,-1,-1,0,-1
2023411358464,2023,411358464,2,-1,0,18,19,7,3,0,0,1,0,0,0,0,1,1,6,6,1,34,6,-1,-1,-1,-1,8,E01023678,1,-1
2023010453166,2023,010453166,2,1,0,18,19,1,5,0,0,2,5,0,0,0,4,1,6,6,2,62,9,-1,-1,-1,-1,2,E01004224,0,-1
2023052302905,2023,052302905,1,9,0,18,19,5,1,0,0,0,0,0,0,0,1,1,6,6,3,-1,-1,-1,-1,-1,-1,-1,-1,0,-1
2023332301121,2023,332301121,2,1,0,17,19,2,7,0,0,8,0,0,0,0,3,1,6,6,2,21,5,-1,-1,-1,-1,7,E01025721,0,-1
202354B156823,2023,54B156823,1,1,0,18,19,5,1,0,0,6,0,0,0,0,1,1,6,6,1,17,4,-1,-1,-1,-1,2,E01015506,0,-1
2023201310451,2023,201310451,2,9,0,3,3,-1,-1,0,0,0,0,0,0,0,1,1,6,6,3,-1,-1,-1,-1,-1,-1,-1,-1,0,-1
2023010440277,2023,010440277,2,9,0,18,19,3,7,0,0,0,0,0,0,0,2,9,6,6,3,-1,-1,-1,-1,-1,-1,-1,-1,0,-1
2023411293228,2023,411293228,1,9,0,18,19,3,7,0,0,0,0,0,0,0,1,1,6,6,1,27,6,-1,-1,-1,-1,5,E01023772,0,-1
2023451371274,2023,451371274,2,1,0,9,9,1,2,0,0,3,0,0,0,0,2,1,2,2,1,35,6,-1,-1,-1,-1,5,E01030739,0,-1
2023010455118,2023,010455118,2,9,0,4,4,1,5,2,2,1,0,0,0,0,1,1,1,1,1,34,6,-1,-1,-1,-1,1,E01001507,0,-1
2023622300366,2023,622300366,1,1,0,9,9,4,2,0,0,6,0,0,0,0,1,1,6,6,1,28,6,-1,-1,-1,-1,2,W01001697,0,-1
2023522301361,2023,522301361,4,9,0,2,2,0,0,0,0,0,0,4,0,0,2,1,6,6,1,43,7,-1,-1,-1,-1,-1,-1,0,-1
2023010468217,2023,010468217,1,1,9,99,99,9,9,0,0,8,9,99,0,0,4,1,2,2,1,63,9,-1,-1,-1,-1,7,E01028639,0,-1
2023010451761,2023,010451761,1,1,0,18,19,1,5,0,0,9,0,99,9,99,9,1,6,6,1,51,8,-1,-1,-1,-1,5,E01004482,0,-1
2023101284160,2023,101284160,1,9,0,18,19,2,6,0,0,1,0,0,0,0,1,1,6,6,1,-1,-1,-1,-1,-1,-1,-1,-1,0,-1
2023522400408,2023,522400408,2,1,0,18,19,2,6,0,0,0,0,0,0,0,2,1,6,6,1,85,11,-1,-1,-1,-1,9,E01014888,0,-1
2023522301280,2023,522301280,2,1,0,11,11,2,6,0,0,0,0,0,0,0,4,1,6,6,3,-1,-1,-1,-1,-1,-1,-1,-1,0,-1
2023010482261,2023,010482261,2,9,0,18,19,7,3,0,0,8,0,0,0,0,1,1,6,6,1,-1,-1,-1,-1,-1,-1,-1,-1,0,-1
2023161305262,2023,161305262,2,1,0,18,19,6,2,0,0,1,0,0,0,0,1,1,6,6,1,12,3,-1,-1,-1,-1,-1,-1,0,-1
2023161332322,2023,161332322,2,9,0,2,2,0,0,9,9,0,0,0,0,0,4,1,6,6,3,-1,-1,-1,-1,-1,-1,-1,-1,0,-1
2023141271627,2023,141271627,1,1,0,11,11,1,3,0,0,1,0,0,0,0,1,1,2,2,2,25,5,-1,-1,-1,-1,9,E01007863,0,-1
2023122300590,2023,122300590,1,20,0,18,19,6,2,0,0,0,2,0,1,10,1,1,2,2,1,29,6,-1,-1,-1,-1,3,E01027629,0,-1
2023501287007,2023,501287007,2,-1,0,13,13,4,8,0,0,1,0,0,0,0,1,1,6,6,1,50,8,-1,-1,-1,-1,-1,-1,0,-1
2023461356105,2023,461356105,1,97,0,18,19,3,7,0,0,8,0,0,0,0,1,1,6,6,1,7,2,-1,-1,-1,-1,1,E01024389,0,-1
2023461328892,2023,461328892,2,9,0,13,13,5,1,0,0,1,0,0,0,0,4,1,6,6,1,37,7,-1,-1,-1,-1,4,E01024690,0,-1
2023991308428,2023,991308428,2,90,0,9,9,8,5,0,0,0,0,0,0,0,3,1,1,1,1,44,7,-1,-1,-1,-1,6,-1,0,-1
2023010469858,2023,010469858,2,-1,0,18,19,5,1,2,2,1,0,0,0,0,1,1,1,1,1,26,6,-1,-1,-1,-1,-1,-1,1,-1
2023520301620,2023,520301620,2,97,0,18,19,5,3,0,0,8,0,0,0,0,1,1,6,6,1,19,4,-1,-1,-1,-1,-1,-1,0,-1
2023010454858,2023,010454858,1,1,9,99,99,9,9,99,99,9,9,99,9,99,2,1,6,6,1,49,8,-1,-1,-1,-1,8,E01000182,0,-1
2023991358975,2023,991358975,1,1,0,18,19,5,1,0,0,6,5,0,0,0,1,1,5,6,1,11,3,-1,-1,-1,-1,2,-1,0,-1
2023010471538,2023,010471538,1,1,0,3,3,1,5,0,0,0,0,0,0,0,1,1,6,6,1,20,4,-1,-1,-1,-1,2,E01000556,0,-1
2023461279080,2023,461279080,1,9,0,18,19,1,5,0,0,0,0,0,4,0,1,1,6,6,1,19,4,-1,-1,-1,-1,10,E01024463,0,-1
2023311346557,2023,311346557,2,-1,0,9,9,7,5,0,0,6,0,0,0,0,1,1,5,6,2,13,3,-1,-1,-1,-1,1,E01013823,1,-1
2023440059923,2023,440059923,1,9,0,17,19,7,3,0,0,0,0,0,0,0,0,1,6,6,1,17,4,-1,-1,-1,-1,7,E01017285,0,-1
2023231278843,2023,231278843,2,1,0,18,19,7,3,0,0,0,0,0,0,0,3,1,6,6,2,28,6,-1,-1,-1,-1,9,E01031330,0,-1
2023010430797,2023,010430797,2,9,9,99,99,9,9,99,99,9,9,99,9,99,9,9,6,6,3,-1,-1,-1,-1,-1,-1,-1,-1,0,-1
2023430088094,2023,430088094,1,1,0,18,19,1,5,0,0,0,1,0,0,0,3,1,6,6,1,27,6,-1,-1,-1,-1,9,E01016601,0,-1