collision_index,collision_year,collision_ref_no,vehicle_reference,vehicle_type,towing_and_articulation,vehicle_manoeuvre_historic,vehicle_manoeuvre,vehicle_direction_from,vehicle_direction_to,vehicle_location_restricted_lane_historic,vehicle_location_restricted_lane,junction_location,skidding_and_overturning,hit_object_in_carriageway,vehicle_leaving_carriageway,hit_object_off_carriageway,first_point_of_impact,vehicle_left_hand_drive,journey_purpose_of_driver_historic,journey_purpose_of_driver,sex_of_driver,age_of_driver,age_band_of_driver,engine_capacity_cc,propulsion_code,age_of_vehicle,generic_make_model,driver_imd_decile,lsoa_of_driver,escooter_flag,driver_distance_banding
202363A024823,2023,63A024823,2,1,0,18,19,6,2,0,0,8,0,0,0,0,1,1,6,6,1,21,5,-1,-1,-1,-1,9,W01000874,0,-1
2023430404368,2023,430404368,2,97,0,18,19,7,3,0,0,1,0,0,0,0,1,1,6,6,1,32,6,-1,-1,-1,-1,9,E01017660,0,-1
2023546815623,2023,546815623,1,9,0,14,14,2,6,0,0,0,0,0,0,0,4,1,6,6,3,-1,-1,-1,-1,-1,-1,-1,-1,0,-1
2023010427548,2023,010427548,1,11,0,4,4,5,1,0,0,0,0,0,0,0,0,1,6,6,3,23,5,-1,-1,-1,-1,-1,-1,0,-1
2023010484116,2023,010484116,1,9,0,99,99,9,9,99,99,9,9,99,9,99,1,9,6,6,3,-1,-1,-1,-1,-1,-1,-1,-1,0,-1
2023340WN1872,2023,340WN1872,1,9,0,18,19,1,5,0,0,1,0,0,0,0,1,1,6,6,1,27,6,-1,-1,-1,-1,1,E01032979,0,-1
2023991355821,2023,991355821,2,1,0,18,19,3,7,0,0,4,0,0,0,0,2,1,2,2,1,52,8,-1,-1,-1,-1,1,-1,0,-1
2023201275502,2023,201275502,2,-1,0,5,5,7,3,0,0,0,0,0,0,0,1,1,6,6,1,33,6,-1,-1,-1,-1,2,E01010406,1,-1
2023211307938,2023,211307938,1,8,-1,-1,-1,-1,-1,-1,-1,-1,-1,-1,-1,0,-1,1,1,1,1,-1,-1,-1,-1,-1,-1,-1,-1,0,-1
2023311372286,2023,311372286,1,9,0,4,4,1,5,0,0,0,0,0,0,0,2,1,6,6,1,34,6,-1,-1,-1,-1,1,E01031015,0,-1
2023010447320,2023,010447320,1,1,9,99,99,9,9,99,99,9,9,99,0,0,9,1,6,6,1,-1,-1,-1,-1,-1,-1,-1,-1,0,-1
2023122301045,2023,122301045,1,9,0,9,9,3,1,0,0,6,0,0,0,0,3,1,1,1,1,54,8,-1,-1,-1,-1,2,E01027852,0,-1
2023010488539,2023,010488539,1,19,9,5,5,1,5,99,99,1,9,0,0,0,1,9,6,6,3,33,6,-1,-1,-1,-1,-1,-1,0,-1
2023332301291,2023,332301291,2,9,0,5,5,4,8,0,0,8,0,0,0,0,2,1,6,6,2,22,5,-1,-1,-1,-1,5,E01025673,0,-1
2023141349755,2023,141349755,2,90,0,18,19,5,1,0,0,1,0,0,0,0,4,1,5,6,1,9,2,-1,-1,-1,-1,1,E01007500,0,-1
2023131314334,2023,131314334,2,1,0,18,19,1,5,0,0,0,0,0,0,0,3,1,6,6,1,58,9,-1,-1,-1,-1,-1,-1,0,-1
2023311380382,2023,311380382,2,9,0,9,9,3,1,0,0,8,0,0,0,0,3,1,5,6,2,55,8,-1,-1,-1,-1,7,E01028270,0,-1
2023052302348,2023,052302348,2,1,0,18,19,1,3,0,0,0,0,0,0,0,0,1,6,6,1,20,4,-1,-1,-1,-1,1,E01033747,0,-1
2023440004537,2023,440004537,1,19,0,18,19,7,3,0,0,8,0,0,0,0,3,1,6,6,1,-1,-1,-1,-1,-1,-1,-1,-1,0,-1
2023141331155,2023,141331155,2,1,0,13,13,8,4,0,0,1,0,0,0,0,1,1,6,6,1,16,4,-1,-1,-1,-1,2,E01007535,0,-1
2023302301417,2023,302301417,2,1,0,18,19,2,6,9,9,0,0,0,0,0,3,1,6,6,1,12,3,-1,-1,-1,-1,1,E01019729,0,-1
2023010439542,2023,010439542,1,-1,0,18,19,5,1,0,0,0,0,0,0,0,1,1,6,6,3,-1,-1,-1,-1,-1,-1,-1,-1,1,-1
2023461265899,2023,461265899,2,9,0,16,19,7,3,0,0,0,0,0,0,0,0,1,6,6,1,58,9,-1,-1,-1,-1,6,E01024787,0,-1
2023010472525,2023,010472525,2,1,9,99,99,9,9,99,99,9,9,99,9,99,1,1,6,6,3,-1,-1,-1,-1,-1,-1,-1,-1,0,-1
2023010456481,2023,010456481,2,1,0,4,4,4,8,0,0,1,0,0,0,0,1,1,1,1,1,31,6,-1,-1,-1,-1,2,E01001731,0,-1
2023340WN1642,2023,340WN1642,1,21,0,12,12,5,1,0,0,0,0,0,0,0,1,1,6,6,1,36,7,-1,-1,-1,-1,2,E01011284,0,-1
2023161305875,2023,161305875,2,1,0,18,19,5,1,2,2,1,0,0,0,0,1,1,6,6,2,41,7,-1,-1,-1,-1,3,E01012872,0,-1
2023010456149,2023,010456149,2,1,0,18,19,7,3,0,0,1,0,0,0,0,1,1,6,6,2,14,3,-1,-1,-1,-1,2,E01000027,0,-1
2023131295193,2023,131295193,2,1,0,5,5,1,5,0,0,8,0,0,0,0,1,1,2,2,1,47,8,-1,-1,-1,-1,2,E01011914,0,-1
2023010475512,2023,010475512,1,23,0,99,99,9,9,99,99,9,9,99,9,99,0,1,1,1,1,30,6,-1,-1,-1,-1,1,E01001013,0,-1
2023010442904,2023,010442904,2,1,0,18,19,7,3,0,0,1,0,0,0,0,1,1,6,6,1,37,7,-1,-1,-1,-1,2,E01004570,0,-1
2023522400993,2023,522400993,1,9,0,18,19,2,6,9,9,0,0,10,1,0,1,1,6,6,2,48,8,-1,-1,-1,-1,3,E01032517,0,-1
2023430114726,2023,430114726,3,8,0,18,19,4,8,0,0,0,0,0,0,0,2,1,1,1,1,-1,-1,-1,-1,-1,-1,-1,-1,0,-1
2023052301213,2023,052301213,1,9,0,18,19,3,7,0,0,0,0,0,0,0,1,1,6,6,3,-1,-1,-1,-1,-1,-1,-1,-1,0,-1
2023201397973,2023,201397973,1,9,0,9,9,6,4,0,0,6,0,0,0,0,1,1,6,6,1,25,5,-1,-1,-1,-1,-1,-1,0,-1
2023010465418,2023,010465418,2,1,0,18,19,7,3,4,4,1,0,0,0,0,1,1,6,6,1,52,8,-1,-1,-1,-1,7,E01032573,0,-1
2023052301540,2023,052301540,1,9,0,18,19,3,7,0,0,0,0,0,0,0,1,1,6,6,1,28,6,-1,-1,-1,-1,8,E01006857,0,-1
2023131274696,2023,131274696,1,9,0,-1,-1,-1,-1,0,0,8,0,0,0,0,3,1,6,6,3,-1,-1,-1,-1,-1,-1,-1,-1,0,-1
2023010420508,2023,010420508,1,1,9,3,3,1,5,0,0,1,9,0,0,0,2,1,2,2,1,26,6,-1,-1,-1,-1,2,E01001115,0,-1
2023471297212,2023,471297212,2,9,0,9,9,1,7,0,0,6,0,0,0,0,1,1,5,6,1,51,8,-1,-1,-1,-1,7,E01016979,0,-1
2023010451337,2023,010451337,2,1,0,18,19,5,1,9,9,8,0,0,0,0,4,1,6,6,2,42,7,-1,-1,-1,-1,1,E01003963,0,-1
2023010457100,2023,010457100,2,9,0,99,99,9,9,0,0,0,0,99,0,0,9,9,6,6,3,-1,-1,-1,-1,-1,-1,-1,-1,0,-1
2023101365674,2023,101365674,2,1,0,18,19,6,2,0,0,8,0,0,0,0,1,1,5,6,1,76,11,-1,-1,-1,-1,10,E01008550,0,-1
2023531322060,2023,531322060,1,90,0,4,4,3,7,0,0,0,0,0,0,0,0,1,2,2,1,57,9,-1,-1,-1,-1,6,E01022271,0,-1
2023131308822,2023,131308822,2,1,0,18,19,3,7,0,0,8,0,0,0,0,1,1,5,6,2,58,9,-1,-1,-1,-1,10,E01010693,0,-1
2023421380189,2023,421380189,1,9,-1,18,19,6,2,0,0,0,0,0,0,0,1,1,6,6,3,-1,-1,-1,-1,-1,-1,-1,-1,0,-1
2023361316637,2023,361316637,2,1,-1,-1,-1,-1,-1,-1,-1,0,-1,-1,-1,0,-1,1,6,6,2,63,9,-1,-1,-1,-1,4,E01026794,0,-1
2023320554716,2023,320554716,1,9,0,18,19,2,7,0,0,2,0,0,1,10,1,1,6,6,1,61,9,-1,-1,-1,-1,-1,-1,0,-1
2023010444353,2023,010444353,1,9,0,99,99,9,9,99,99,9,0,99,0,0,9,9,6,6,2,51,8,-1,-1,-1,-1,7,E01001472,0,-1
2023101386875,2023,101386875,2,1,0,5,5,7,3,0,0,0,0,0,0,0,1,1,5,6,1,41,7,-1,-1,-1,-1,2,E01008572,0,-1
2023440119316,2023,440119316,2,9,0,18,19,4,8,0,0,1,0,0,0,0,3,1,6,6,2,45,7,-1,-1,-1,-1,8,E01022502,0,-1
2023991377789,2023,991377789,2,9,0,18,19,8,4,0,0,0,0,0,0,0,2,1,2,2,1,36,7,-1,-1,-1,-1,-1,-1,0,-1
2023201330964,2023,201330964,2,1,0,18,19,4,8,0,0,0,0,0,0,0,1,1,6,6,1,12,3,-1,-1,-1,-1,1,E01009083,0,-1
2023371381630,2023,371381630,2,11,0,-1,-1,-1,-1,-1,-1,0,-1,-1,-1,0,-1,1,6,6,3,-1,-1,-1,-1,-1,-1,-1,-1,0,-1
2023320221609,2023,320221609,2,11,0,18,19,4,8,0,0,1,1,0,0,0,3,1,6,6,2,30,6,-1,-1,-1,-1,9,E01032993,0,-1
2023340WN6482,2023,340WN6482,1,9,0,1,1,6,3,0,0,5,0,0,0,0,2,1,6,6,1,-1,-1,-1,-1,-1,-1,-1,-1,0,-1
2023421359626,2023,421359626,2,9,0,18,19,1,3,0,0,8,0,0,0,0,3,1,6,6,2,-1,-1,-1,-1,-1,-1,-1,-1,0,-1
2023421280346,2023,421280346,2,9,0,3,3,7,3,0,0,0,0,0,0,0,2,1,6,6,2,42,7,-1,-1,-1,-1,5,E01021499,0,-1
2023201314061,2023,201314061,1,9,0,13,13,8,4,0,0,8,0,0,0,0,4,1,6,6,3,-1,-1,-1,-1,-1,-1,-1,-1,0,-1
2023041354897,2023,041354897,2,1,0,16,19,3,7,0,0,0,0,0,0,0,2,1,2,2,1,39,7,-1,-1,-1,-1,3,E01025264,0,-1
2023201358726,2023,201358726,1,10,0,16,19,3,8,0,0,0,0,0,0,0,1,1,1,1,1,41,7,-1,-1,-1,-1,6,E01029670,0,-1
2023991387287,2023,991387287,2,9,0,18,19,1,6,0,0,8,0,0,0,0,1,1,2,2,1,34,6,-1,-1,-1,-1,-1,-1,0,-1
2023010480944,2023,010480944,1,1,9,99,99,9,9,99,99,9,9,99,9,99,1,1,2,2,2,45,7,-1,-1,-1,-1,7,E01004175,0,-1
2023010427808,2023,010427808,2,9,0,18,19,5,1,0,0,1,0,0,0,0,1,1,6,6,3,-1,-1,-1,-1,-1,-1,-1,-1,0,-1
2023622300446,2023,622300446,2,1,0,18,19,5,1,0,0,1,0,10,0,0,1,1,6,6,1,48,8,-1,-1,-1,-1,10,W01001821,0,-1
2023010472837,2023,010472837,1,1,9,99,99,9,9,99,99,9,9,99,9,99,2,1,2,2,2,46,8,-1,-1,-1,-1,8,E01002690,0,-1
2023052301718,2023,052301718,3,22,0,18,19,7,3,0,0,8,0,0,0,0,1,1,6,6,1,33,6,-1,-1,-1,-1,4,E01006512,0,-1
2023010474053,2023,010474053,2,1,0,4,4,3,7,0,0,1,0,0,0,0,1,1,6,6,1,35,6,-1,-1,-1,-1,3,E01002044,0,-1
2023991344908,2023,991344908,2,1,0,17,19,3,6,0,0,0,5,11,0,0,1,1,6,6,1,49,8,-1,-1,-1,-1,7,-1,0,-1
2023010427760,2023,010427760,2,9,0,99,99,9,9,99,99,0,9,99,9,99,9,9,6,6,3,-1,-1,-1,-1,-1,-1,-1,-1,0,-1
2023010427344,2023,010427344,2,1,0,9,9,3,1,0,0,6,0,0,0,0,3,1,6,6,3,23,5,-1,-1,-1,-1,-1,-1,0,-1
2023201379776,2023,201379776,1,1,0,18,19,2,6,0,0,8,0,0,0,0,1,1,6,6,1,-1,-1,-1,-1,-1,-1,-1,-1,0,-1
2023302300590,2023,302300590,2,1,0,18,19,5,1,0,0,0,0,0,0,0,1,1,6,6,1,11,3,-1,-1,-1,-1,9,E01019706,0,-1
2023501391872,2023,501391872,2,9,0,2,2,0,0,6,6,0,1,0,1,2,2,1,2,2,1,47,8,-1,-1,-1,-1,2,E01033292,0,-1
2023461345303,2023,461345303,1,9,0,7,7,5,1,0,0,1,0,0,0,0,4,1,6,6,2,33,6,-1,-1,-1,-1,2,E01016025,0,-1
2023052302001,2023,052302001,1,90,0,7,7,1,7,0,0,5,0,0,0,0,1,1,6,6,3,-1,-1,-1,-1,-1,-1,-1,-1,0,-1
2023010452295,2023,010452295,2,1,0,18,19,7,3,0,0,2,0,0,0,0,1,1,2,2,1,42,7,-1,-1,-1,-1,4,E01002642,0,-1
2023522301346,2023,522301346,1,1,0,18,19,5,1,0,0,8,0,0,0,0,4,1,6,6,1,45,7,-1,-1,-1,-1,6,E01014528,0,-1
2023440197693,2023,440197693,2,1,0,18,19,5,1,0,0,1,0,0,0,0,1,1,6,6,1,54,8,-1,-1,-1,-1,5,E01017282,0,-1
2023010430497,2023,010430497,1,9,9,99,99,9,9,0,0,0,9,99,9,99,1,9,6,6,3,-1,-1,-1,-1,-1,-1,-1,-1,0,-1
2023430351334,2023,430351334,1,1,0,18,19,6,2,0,0,0,0,0,0,0,1,1,6,6,1,81,11,-1,-1,-1,-1,7,E01028474,0,-1
2023010432293,2023,010432293,2,1,0,18,19,5,1,2,2,8,0,0,0,0,1,1,6,6,1,40,7,-1,-1,-1,-1,2,E01003137,0,-1
2023461356803,2023,461356803,2,98,4,18,19,7,3,0,0,0,0,0,0,0,2,1,6,6,1,-1,-1,-1,-1,-1,-1,-1,-1,0,-1
2023361302930,2023,361302930,2,1,0,18,19,3,7,0,0,0,0,0,0,0,4,1,6,6,1,16,4,-1,-1,-1,-1,4,E01026705,0,-1
2023421396744,2023,421396744,2,1,0,9,9,1,7,0,0,1,0,0,0,0,4,1,6,6,1,16,4,-1,-1,-1,-1,10,E01021624,0,-1
2023520301403,2023,520301403,1,9,4,17,19,4,8,0,0,0,0,0,0,0,1,2,6,6,1,63,9,-1,-1,-1,-1,-1,-1,0,-1
2023371323482,2023,371323482,2,1,0,18,19,6,2,0,0,1,5,0,0,0,1,1,5,6,1,45,7,-1,-1,-1,-1,5,E01018035,0,-1
2023552301285,2023,552301285,1,9,0,9,9,4,2,9,9,5,0,0,0,0,3,1,6,6,3,-1,-1,-1,-1,-1,-1,-1,-1,0,-1
2023471302833,2023,471302833,1,98,0,18,19,3,7,0,0,8,0,0,0,0,3,1,1,1,1,-1,-1,-1,-1,-1,-1,-1,-1,0,-1
2023041339279,2023,041339279,2,1,0,18,19,1,5,0,0,0,0,0,0,0,1,1,5,6,1,42,7,-1,-1,-1,-1,4,E01004978,0,-1
2023461344170,2023,461344170,1,1,0,18,19,7,3,0,0,0,0,0,0,0,0,1,6,6,2,63,9,-1,-1,-1,-1,5,E01024206,0,-1
2023010469860,2023,010469860,2,1,0,3,3,1,5,0,0,1,0,99,0,0,1,1,4,7,1,14,3,-1,-1,-1,-1,-1,-1,0,-1
2023010473904,2023,010473904,2,1,0,18,19,1,5,4,4,1,0,0,0,0,1,1,2,2,1,39,7,-1,-1,-1,-1,3,E01001318,0,-1
2023010427166,2023,010427166,2,1,9,99,99,9,9,99,99,9,9,99,9,99,9,1,6,6,1,-1,-1,-1,-1,-1,-1,-1,-1,0,-1
2023201264496,2023,201264496,1,9,0,18,19,3,7,0,0,8,0,0,0,0,1,1,6,6,3,-1,-1,-1,-1,-1,-1,-1,-1,0,-1
2023010464868,2023,010464868,2,1,0,18,19,7,3,0,0,1,0,0,0,0,1,1,2,2,1,35,6,-1,-1,-1,-1,2,E01001753,0,-1
2023161342185,2023,161342185,2,1,0,18,19,3,7,0,0,8,0,0,0,0,1,1,6,6,1,27,6,-1,-1,-1,-1,1,E01012790,0,-1
2023010445649,2023,010445649,2,1,9,99,99,9,9,99,99,0,9,99,9,99,9,1,6,6,3,-1,-1,-1,-1,-1,-1,8,E01003807,0,-1
202360A045450,2023,60A045450,1,9,0,18,19,1,4,0,0,1,0,0,1,0,1,1,1,1,1,38,7,-1,-1,-1,-1,-1,-1,0,-1
2023211393233,2023,211393233,1,9,0,18,19,4,7,0,0,0,0,0,0,0,1,1,6,6,1,81,11,-1,-1,-1,-1,3,E01029361,0,-1
2023440256799,2023,440256799,1,9,0,18,19,4,8,0,0,2,0,0,0,0,1,1,6,6,2,23,5,-1,-1,-1,-1,8,E01022786,0,-1
2023351344324,2023,351344324,1,19,0,18,19,5,4,0,0,1,0,-1,0,0,1,1,6,6,1,-1,-1,-1,-1,-1,-1,-1,-1,0,-1
2023221377211,2023,221377211,1,9,0,18,19,3,7,0,0,0,0,0,0,0,3,1,6,6,2,50,8,-1,-1,-1,-1,8,E01028883,0,-1
2023221315830,2023,221315830,2,1,0,18,19,1,5,0,0,0,0,0,0,0,4,1,5,6,1,12,3,-1,-1,-1,-1,5,E01032312,0,-1
2023170L20793,2023,170L20793,2,1,0,18,19,8,4,0,0,6,0,0,0,0,1,1,6,6,1,13,3,-1,-1,-1,-1,-1,-1,0,-1
2023131319231,2023,131319231,2,1,0,18,19,5,1,0,0,8,0,0,0,0,2,1,2,2,1,51,8,-1,-1,-1,-1,1,E01011107,0,-1
2023070405261,2023,070405261,1,1,0,18,19,5,1,0,0,0,0,0,0,0,2,1,6,6,1,14,3,-1,-1,-1,-1,1,E01018745,0,-1
2023520400114,2023,520400114,2,21,0,17,19,2,6,0,0,0,0,0,0,0,3,1,6,6,1,44,7,-1,-1,-1,-1,7,E01029130,0,-1
2023052300073,2023,052300073,1,9,0,18,19,5,1,0,0,1,0,0,0,0,1,1,6,6,3,-1,-1,-1,-1,-1,-1,-1,-1,0,-1
2023461310854,2023,461310854,2,21,1,18,19,3,7,0,0,0,1,0,0,0,4,1,1,1,1,44,7,-1,-1,-1,-1,-1,-1,0,-1
2023141291445,2023,141291445,1,1,0,18,19,1,5,0,0,1,0,0,0,0,4,1,5,6,1,40,7,-1,-1,-1,-1,5,E01008105,0,-1
2023471313320,2023,471313320,2,1,0,18,19,3,7,0,0,0,0,0,0,0,0,1,6,6,1,55,8,-1,-1,-1,-1,8,E01031840,0,-1
2023010468536,2023,010468536,2,1,9,99,99,9,9,99,99,0,9,99,9,99,9,1,6,6,3,-1,-1,-1,-1,-1,-1,-1,-1,0,-1
2023610033023,2023,610033023,2,9,0,5,5,7,5,0,0,4,0,0,0,0,1,1,6,6,3,-1,-1,-1,-1,-1,-1,-1,-1,0,-1
2023371344876,2023,371344876,2,1,0,-1,-1,-1,-1,-1,-1,0,-1,-1,-1,0,-1,1,6,6,1,41,7,-1,-1,-1,-1,5,E01030210,0,-1
2023440214325,2023,440214325,1,9,0,9,9,2,8,0,0,5,0,0,0,0,1,1,2,2,1,38,7,-1,-1,-1,-1,7,E01022962,0,-1
2023010454837,2023,010454837,1,1,9,99,99,9,9,99,99,9,9,99,9,99,9,1,2,2,2,30,6,-1,-1,-1,-1,4,E01003114,0,-1
2023371261598,2023,371261598,2,21,0,2,2,5,5,0,0,0,0,0,0,0,0,1,6,6,3,-1,-1,-1,-1,-1,-1,-1,-1,0,-1
2023461326415,2023,461326415,1,9,0,16,19,1,4,0,0,1,0,0,0,0,1,1,6,6,1,43,7,-1,-1,-1,-1,8,E01024527,0,-1
2023131363357,2023,131363357,2,1,0,18,19,2,6,0,0,8,0,0,0,0,1,1,5,6,1,46,8,-1,-1,-1,-1,5,E01005520,0,-1
2023052301929,2023,052301929,2,1,0,18,19,5,1,0,0,1,0,0,0,0,1,1,6,6,1,43,7,-1,-1,-1,-1,1,E01006522,0,-1
2023201391961,2023,201391961,1,9,0,18,19,8,4,0,0,0,0,0,0,0,1,1,5,6,1,-1,-1,-1,-1,-1,-1,-1,-1,0,-1
2023010461296,2023,010461296,1,2,9,99,99,9,9,99,99,0,9,99,9,99,9,1,6,6,3,-1,-1,-1,-1,-1,-1,-1,-1,0,-1
2023461330033,2023,461330033,2,1,0,18,19,7,3,0,0,0,-1,0,0,0,2,1,6,6,1,52,8,-1,-1,-1,-1,6,E01024512,0,-1
2023991271042,2023,991271042,2,1,0,18,19,1,5,0,0,8,5,0,0,0,2,1,1,1,1,28,6,-1,-1,-1,-1,-1,-1,0,-1
2023010466697,2023,010466697,2,9,0,99,99,9,9,99,99,9,9,99,9,99,1,9,6,6,3,-1,-1,-1,-1,-1,-1,-1,-1,0,-1
2023430565517,2023,430565517,2,9,0,18,19,6,2,0,0,2,0,0,0,0,1,1,6,6,2,28,6,-1,-1,-1,-1,7,E01016821,0,-1
2023520301759,2023,520301759,2,9,0,18,19,1,5,0,0,8,0,0,0,0,1,1,6,6,1,22,5,-1,-1,-1,-1,8,E01029319,0,-1
2023501263548,2023,501263548,2,9,0,5,5,6,2,0,0,1,0,0,3,0,1,1,6,6,3,23,5,-1,-1,-1,-1,-1,-1,0,-1
2023101341076,2023,101341076,2,1,0,4,4,3,7,9,9,0,0,0,0,0,4,1,5,6,1,6,2,-1,-1,-1,-1,-1,-1,0,-1
2023061355053,2023,061355053,2,1,0,-1,-1,-1,-1,-1,-1,-1,-1,-1,-1,0,1,1,2,2,2,28,6,-1,-1,-1,-1,3,E01005218,0,-1
2023461379877,2023,461379877,2,21,4,18,19,7,5,0,0,0,0,0,0,0,1,2,1,1,1,37,7,-1,-1,-1,-1,-1,-1,0,-1
2023430539795,2023,430539795,1,9,0,9,9,1,7,0,0,6,0,0,0,0,1,1,6,6,2,29,6,-1,-1,-1,-1,3,E01028448,0,-1
2023111287106,2023,111287106,2,9,0,2,2,0,0,0,0,0,0,0,0,0,2,1,2,2,2,24,5,-1,-1,-1,-1,2,E01020894,0,-1
2023061270087,2023,061270087,2,1,-1,18,19,3,7,0,0,8,0,0,0,0,2,1,6,6,2,33,6,-1,-1,-1,-1,8,E01005989,0,-1
2023010432633,2023,010432633,1,8,0,99,99,9,9,99,99,0,9,99,9,99,9,9,6,6,3,-1,-1,-1,-1,-1,-1,-1,-1,0,-1
2023070186140,2023,070186140,1,1,0,18,19,7,3,0,0,1,0,0,0,0,1,1,6,6,1,-1,-1,-1,-1,-1,-1,1,E01018519,0,-1
2023430009992,2023,430009992,3,9,0,18,19,1,5,0,0,0,1,0,1,0,1,1,2,2,2,43,7,-1,-1,-1,-1,6,E01016469,0,-1
2023340WN3372,2023,340WN3372,1,9,0,5,5,3,5,0,0,6,0,0,0,0,1,1,6,6,1,57,9,-1,-1,-1,-1,9,E01027003,0,-1
2023552300332,2023,552300332,2,1,0,18,19,1,5,0,0,8,0,0,0,0,2,1,2,2,1,35,6,-1,-1,-1,-1,2,E01015304,0,-1
2023061273380,2023,061273380,1,1,0,18,19,6,2,0,0,2,0,0,0,0,-1,1,6,6,1,-1,-1,-1,-1,-1,-1,-1,-1,0,-1
2023052300290,2023,052300290,1,9,0,18,19,5,1,0,0,2,0,0,0,0,1,1,6,6,3,-1,-1,-1,-1,-1,-1,-1,-1,0,-1
2023421259527,2023,421259527,1,-1,0,18,19,2,7,0,0,8,0,0,0,0,1,1,5,6,1,13,3,-1,-1,-1,-1,1,E01022032,1,-1
2023010482590,2023,010482590,1,-1,9,99,99,9,9,99,99,9,9,99,9,99,9,1,1,1,2,31,6,-1,-1,-1,-1,3,E01001864,1,-1
2023010475862,2023,010475862,2,1,0,4,4,7,3,5,5,8,0,8,0,0,1,1,6,6,1,28,6,-1,-1,-1,-1,5,E01002319,0,-1
2023010419404,2023,010419404,1,9,0,18,19,5,1,9,9,0,0,10,7,11,4,1,6,6,3,-1,-1,-1,-1,-1,-1,-1,-1,0,-1
2023430028204,2023,430028204,2,1,0,18,19,2,6,0,0,8,0,0,0,0,4,1,2,2,1,22,5,-1,-1,-1,-1,7,E01028521,0,-1
2023010483965,2023,010483965,1,11,0,18,19,3,7,0,0,0,0,0,0,0,0,1,6,6,3,-1,-1,-1,-1,-1,-1,-1,-1,0,-1
2023122300982,2023,122300982,2,21,0,4,4,4,8,0,0,0,0,0,0,0,2,1,6,6,3,-1,-1,-1,-1,-1,-1,-1,-1,0,-1
2023552300941,2023,552300941,2,1,0,18,19,6,2,0,0,8,0,0,0,0,2,1,6,6,2,20,4,-1,-1,-1,-1,3,E01015289,0,-1
2023361335929,2023,361335929,2,9,0,4,4,5,1,0,0,0,1,0,0,0,2,1,1,1,1,49,8,-1,-1,-1,-1,6,E01026436,0,-1
202360A171404,2023,60A171404,2,1,0,18,19,1,5,0,0,0,0,4,0,0,1,1,6,6,1,65,9,-1,-1,-1,-1,-1,-1,0,-1
2023311369797,2023,311369797,1,9,0,9,9,1,7,0,0,8,0,0,0,0,1,1,6,6,1,80,11,-1,-1,-1,-1,-1,-1,0,-1
2023546319323,2023,546319323,1,1,0,9,9,3,8,0,0,6,0,0,0,0,4,1,6,6,2,65,9,-1,-1,-1,-1,-1,-1,0,-1
2023991365569,2023,991365569,1,1,0,18,19,7,3,9,9,0,0,0,0,0,2,1,6,6,1,-1,-1,-1,-1,-1,-1,-1,-1,0,-1
2023201315061,2023,201315061,1,-1,0,18,19,4,8,9,9,8,0,0,0,0,1,1,2,2,3,42,7,-1,-1,-1,-1,4,E01009927,1,-1
2023010457056,2023,010457056,2,1,0,18,19,7,3,0,0,8,0,0,0,0,1,1,6,6,1,53,8,-1,-1,-1,-1,2,E01000743,0,-1
2023545101823,2023,545101823,1,9,0,18,19,5,1,0,0,2,0,0,0,0,1,1,6,6,3,-1,-1,-1,-1,-1,-1,-1,-1,0,-1
2023010431480,2023,010431480,1,1,9,99,99,9,9,99,99,9,9,99,9,99,2,1,6,6,1,43,7,-1,-1,-1,-1,7,E01001913,0,-1
2023010425358,2023,010425358,2,9,0,99,99,9,9,99,99,9,9,99,9,99,9,9,6,6,3,-1,-1,-1,-1,-1,-1,-1,-1,0,-1
2023061356531,2023,061356531,1,8,0,2,2,0,0,0,0,0,0,0,0,0,1,1,6,6,3,-1,-1,-1,-1,-1,-1,-1,-1,0,-1
2023411381381,2023,411381381,1,9,0,14,14,5,1,0,0,0,0,0,0,0,1,1,3,7,2,31,6,-1,-1,-1,-1,10,E01023821,0,-1
2023471274835,2023,471274835,1,9,0,18,19,5,3,0,0,2,0,0,0,0,1,1,6,6,3,-1,-1,-1,-1,-1,-1,-1,-1,0,-1
2023231352337,2023,231352337,1,9,0,13,13,1,5,0,0,1,0,0,0,0,4,1,6,6,3,45,7,-1,-1,-1,-1,-1,-1,0,-1
2023122300985,2023,122300985,3,9,0,17,19,4,8,0,0,0,0,0,0,0,1,1,2,2,1,51,8,-1,-1,-1,-1,8,E01027643,0,-1
2023010450736,2023,010450736,1,9,0,99,99,9,9,99,99,0,9,99,9,99,1,9,6,6,3,-1,-1,-1,-1,-1,-1,-1,-1,0,-1
2023451260980,2023,451260980,1,1,0,18,19,2,6,9,9,0,5,11,1,0,1,1,4,7,1,12,3,-1,-1,-1,-1,8,E01030335,0,-1
2023010465838,2023,010465838,2,9,0,18,19,7,3,0,0,0,0,0,0,0,1,1,6,6,3,-1,-1,-1,-1,-1,-1,-1,-1,0,-1
2023010461558,2023,010461558,2,9,0,99,99,9,9,99,99,9,9,99,9,99,9,9,6,6,3,-1,-1,-1,-1,-1,-1,-1,-1,0,-1
2023522400790,2023,522400790,1,9,0,9,9,6,4,0,0,5,0,0,0,0,1,1,6,6,1,-1,-1,-1,-1,-1,-1,-1,-1,0,-1
2023340WN6302,2023,340WN6302,1,9,0,18,19,8,4,0,0,0,0,0,0,0,1,1,2,2,1,58,9,-1,-1,-1,-1,9,E01027016,0,-1
2023010438596,2023,010438596,1,98,1,18,19,1,5,0,0,0,0,0,0,0,2,1,6,6,3,-1,-1,-1,-1,-1,-1,-1,-1,0,-1
2023501363656,2023,501363656,1,19,0,18,19,1,5,0,0,0,0,0,0,0,1,1,6,6,3,-1,-1,-1,-1,-1,-1,-1,-1,0,-1
2023451383478,2023,451383478,2,9,0,4,4,3,7,0,0,0,0,0,0,0,1,1,6,6,3,20,4,-1,-1,-1,-1,-1,-1,0,-1
2023430316928,2023,430316928,2,1,0,18,19,1,5,0,0,6,0,0,0,0,3,1,6,6,1,13,3,-1,-1,-1,-1,-1,-1,0,-1
2023010448776,2023,010448776,1,1,0,18,19,1,5,0,0,2,0,0,0,0,3,1,6,6,1,41,7,-1,-1,-1,-1,2,E01001152,0,-1
2023461308164,2023,461308164,2,-1,0,3,3,6,2,0,0,1,0,0,0,0,3,1,6,6,1,25,5,-1,-1,-1,-1,7,E01024712,1,-1