collision_index,collision_year,collision_ref_no,vehicle_reference,vehicle_type,towing_and_articulation,vehicle_manoeuvre_historic,vehicle_manoeuvre,vehicle_direction_from,vehicle_direction_to,vehicle_location_restricted_lane_historic,vehicle_location_restricted_lane,junction_location,skidding_and_overturning,hit_object_in_carriageway,vehicle_leaving_carriageway,hit_object_off_carriageway,first_point_of_impact,vehicle_left_hand_drive,journey_purpose_of_driver_historic,journey_purpose_of_driver,sex_of_driver,age_of_driver,age_band_of_driver,engine_capacity_cc,propulsion_code,age_of_vehicle,generic_make_model,driver_imd_decile,lsoa_of_driver,escooter_flag,driver_distance_banding
2023101391813,2023,101391813,1,9,0,12,12,2,6,0,0,0,0,0,0,0,3,1,6,6,1,-1,-1,-1,-1,-1,-1,-1,-1,0,-1
2023361347273,2023,361347273,2,9,0,18,19,5,5,0,0,0,0,0,0,0,3,1,5,6,1,21,5,-1,-1,-1,-1,1,E01018103,0,-1
2023302301280,2023,302301280,1,9,0,7,7,7,1,0,0,8,0,0,0,0,1,1,6,6,1,23,5,-1,-1,-1,-1,10,E01019783,0,-1
2023471329015,2023,471329015,3,9,0,2,2,0,0,0,0,0,0,0,0,0,0,1,6,6,3,-1,-1,-1,-1,-1,-1,-1,-1,0,-1
2023010425555,2023,010425555,2,9,0,5,5,1,5,0,0,8,0,0,0,0,3,1,6,6,1,33,6,-1,-1,-1,-1,-1,-1,0,-1
2023430506274,2023,430506274,2,1,0,3,3,3,7,0,0,1,0,0,0,0,2,1,2,2,2,53,8,-1,-1,-1,-1,8,E01028689,0,-1
2023201372899,2023,201372899,3,9,0,2,2,0,0,9,9,2,0,0,0,0,4,1,5,6,1,-1,-1,-1,-1,-1,-1,-1,-1,0,-1
2023131302447,2023,131302447,2,9,0,15,15,1,3,0,0,1,0,0,7,11,4,1,6,6,3,-1,-1,-1,-1,-1,-1,-1,-1,0,-1
2023101263639,2023,101263639,1,23,0,18,19,6,1,9,9,1,1,0,0,0,3,1,5,6,1,12,3,-1,-1,-1,-1,8,E01008870,0,-1
2023131305842,2023,131305842,2,1,0,18,19,2,6,9,9,1,0,0,0,0,1,1,5,6,2,48,8,-1,-1,-1,-1,4,E01011075,0,-1
2023010472243,2023,010472243,2,9,0,99,99,9,9,99,99,9,9,99,9,99,1,9,6,6,3,-1,-1,-1,-1,-1,-1,-1,-1,0,-1
2023010445906,2023,010445906,2,9,0,18,19,7,3,0,0,8,0,0,0,0,1,1,6,6,3,-1,-1,-1,-1,-1,-1,-1,-1,0,-1
2023010459683,2023,010459683,1,1,0,18,19,3,7,0,0,1,0,0,0,0,3,1,1,1,1,56,9,-1,-1,-1,-1,6,E01002246,0,-1
2023041351791,2023,041351791,2,1,0,18,19,5,1,0,0,0,0,0,0,0,3,1,2,2,1,37,7,-1,-1,-1,-1,1,E01012683,0,-1
2023522300124,2023,522300124,1,3,0,18,19,5,1,0,0,0,0,0,0,0,1,1,6,6,1,55,8,-1,-1,-1,-1,4,E01014675,0,-1
2023340WN6752,2023,340WN6752,1,9,0,18,19,1,4,0,0,1,0,0,0,0,1,1,6,6,1,-1,-1,-1,-1,-1,-1,-1,-1,0,-1
2023430019335,2023,430019335,1,21,1,7,7,7,2,0,0,3,0,0,0,0,4,1,1,1,3,-1,-1,-1,-1,-1,-1,-1,-1,0,-1
2023201409806,2023,201409806,1,9,0,18,19,2,6,0,0,0,0,0,0,0,1,1,6,6,1,-1,-1,-1,-1,-1,-1,-1,-1,0,-1
2023991321310,2023,991321310,1,97,0,18,19,3,8,0,0,0,0,0,0,0,4,1,6,6,1,50,8,-1,-1,-1,-1,9,E01008526,0,-1
2023520400073,2023,520400073,2,9,0,9,9,3,1,0,0,8,0,0,0,0,3,1,6,6,3,-1,-1,-1,-1,-1,-1,-1,-1,0,-1
2023411303930,2023,411303930,1,9,0,18,19,2,6,0,0,1,1,0,1,4,1,1,5,6,2,21,5,-1,-1,-1,-1,9,E01023467,0,-1
2023430467309,2023,430467309,2,19,0,18,19,3,7,0,0,0,0,0,0,0,0,1,6,6,1,-1,-1,-1,-1,-1,-1,-1,-1,0,-1
2023471314800,2023,471314800,1,1,0,18,19,3,7,0,0,6,0,0,0,0,3,1,6,6,1,10,2,-1,-1,-1,-1,6,E01031827,0,-1
2023542032223,2023,542032223,2,9,0,3,3,1,5,0,0,0,0,0,0,0,2,1,6,6,2,36,7,-1,-1,-1,-1,8,E01015561,0,-1
2023010436329,2023,010436329,1,97,0,18,19,5,1,0,0,0,0,0,0,0,1,1,6,6,3,-1,-1,-1,-1,-1,-1,-1,-1,0,-1
2023221378005,2023,221378005,2,1,0,18,19,7,3,0,0,0,0,0,0,0,3,1,2,2,2,57,9,-1,-1,-1,-1,4,E01014073,0,-1
2023231282549,2023,231282549,1,9,0,18,19,1,5,0,0,1,0,0,0,0,1,1,6,6,1,40,7,-1,-1,-1,-1,-1,-1,0,-1
2023361359683,2023,361359683,1,1,0,18,19,1,3,0,0,0,1,0,0,0,1,1,6,6,1,10,2,-1,-1,-1,-1,10,E01026915,0,-1
2023201295616,2023,201295616,1,8,0,18,19,8,4,0,0,0,0,0,0,0,1,1,6,6,1,-1,-1,-1,-1,-1,-1,-1,-1,0,-1
2023010463273,2023,010463273,1,9,0,99,99,9,9,99,99,9,9,99,9,99,1,9,6,6,3,-1,-1,-1,-1,-1,-1,-1,-1,0,-1
2023311319397,2023,311319397,1,1,0,18,19,5,1,0,0,1,5,0,0,0,1,1,1,1,1,50,8,-1,-1,-1,-1,-1,-1,0,-1
2023061310730,2023,061310730,1,23,0,9,9,3,7,0,0,2,0,4,0,0,1,1,6,6,1,35,6,-1,-1,-1,-1,1,E01005205,0,-1
2023010441718,2023,010441718,2,8,0,99,99,9,9,99,99,9,9,99,9,99,9,9,6,6,3,48,8,-1,-1,-1,-1,6,E01004107,0,-1
2023361329391,2023,361329391,2,1,0,18,19,8,4,0,0,4,2,0,0,0,1,1,5,6,1,56,9,-1,-1,-1,-1,8,E01026691,0,-1
2023010428426,2023,010428426,1,1,9,99,99,9,9,99,99,9,9,99,9,99,9,1,3,7,1,27,6,-1,-1,-1,-1,6,E01003852,0,-1
2023430013677,2023,430013677,2,20,0,18,19,8,4,0,0,1,0,0,0,0,1,1,6,6,1,60,9,-1,-1,-1,-1,-1,-1,0,-1
2023451290126,2023,451290126,1,98,0,18,19,3,7,0,0,0,0,0,0,0,1,2,1,1,1,50,8,-1,-1,-1,-1,-1,-1,0,-1
2023440036513,2023,440036513,1,11,0,18,19,6,2,0,0,8,0,0,0,0,0,1,1,1,1,-1,-1,-1,-1,-1,-1,-1,-1,0,-1
2023010446825,2023,010446825,1,9,0,18,19,1,5,0,0,8,0,0,0,0,1,1,6,6,2,43,7,-1,-1,-1,-1,2,E01001577,0,-1
2023010463025,2023,010463025,2,1,9,99,99,9,9,99,99,9,9,99,9,99,1,1,6,6,1,17,4,-1,-1,-1,-1,3,E01003989,0,-1
2023010441640,2023,010441640,2,23,0,4,4,5,1,0,0,1,0,0,0,0,2,1,1,1,1,32,6,-1,-1,-1,-1,7,E01003218,0,-1
2023451276808,2023,451276808,1,97,0,16,19,2,6,0,0,1,1,0,0,0,0,1,5,6,1,19,4,-1,-1,-1,-1,2,E01030985,0,-1
2023010423817,2023,010423817,2,1,0,18,19,1,5,0,0,3,5,0,1,0,1,1,2,2,1,37,7,-1,-1,-1,-1,10,E01000838,0,-1
2023461382544,2023,461382544,2,1,0,18,19,1,5,0,0,0,0,0,0,0,1,1,5,6,1,36,7,-1,-1,-1,-1,4,E01024382,0,-1
2023430464950,2023,430464950,2,-1,0,18,19,3,7,0,0,1,0,0,0,0,1,1,6,6,2,56,9,-1,-1,-1,-1,-1,-1,1,-1
2023010479733,2023,010479733,2,9,0,99,99,9,9,99,99,9,9,99,9,99,9,9,6,6,3,-1,-1,-1,-1,-1,-1,-1,-1,0,-1
2023430249682,2023,430249682,1,9,0,11,11,3,7,0,0,8,0,0,0,0,0,1,6,6,1,-1,-1,-1,-1,-1,-1,-1,-1,0,-1
2023010445152,2023,010445152,1,22,0,5,5,0,1,0,0,0,0,0,0,0,4,1,6,6,2,75,10,-1,-1,-1,-1,2,E01001193,0,-1
2023010473117,2023,010473117,1,1,9,99,99,9,9,99,99,9,9,99,9,99,9,1,2,2,2,46,8,-1,-1,-1,-1,10,E01022354,0,-1
2023041315673,2023,041315673,2,1,0,18,19,1,7,0,0,0,0,0,0,0,1,1,6,6,1,76,11,-1,-1,-1,-1,3,E01024897,0,-1
2023201413871,2023,201413871,2,9,0,18,19,8,4,0,0,8,0,0,0,0,3,1,6,6,1,52,8,-1,-1,-1,-1,1,E01009371,0,-1
2023010446212,2023,010446212,1,1,9,99,99,9,9,99,99,9,9,99,9,99,9,1,2,2,1,21,5,-1,-1,-1,-1,7,E01000145,0,-1
2023010436771,2023,010436771,1,1,9,99,99,9,9,99,99,9,9,99,9,99,9,1,6,6,1,27,6,-1,-1,-1,-1,4,E01002802,0,-1
2023101330749,2023,101330749,3,9,0,4,4,1,5,0,0,1,0,0,0,0,2,1,6,6,3,45,7,-1,-1,-1,-1,-1,-1,0,-1
2023351374861,2023,351374861,2,1,0,18,19,-1,-1,9,9,9,0,0,9,0,0,1,3,7,1,11,3,-1,-1,-1,-1,-1,-1,0,-1
2023201389012,2023,201389012,2,1,0,3,3,6,2,0,0,8,5,0,0,0,1,1,2,2,2,24,5,-1,-1,-1,-1,5,E01009293,0,-1
2023010461020,2023,010461020,1,9,0,99,99,9,9,99,99,9,9,99,9,99,9,1,6,6,3,-1,-1,-1,-1,-1,-1,-1,-1,0,-1
2023471358910,2023,471358910,3,9,0,18,19,5,1,0,0,1,0,0,0,0,0,1,6,6,3,-1,-1,-1,-1,-1,-1,-1,-1,0,-1
2023430039161,2023,430039161,4,9,0,10,10,2,8,0,0,1,0,0,0,0,0,1,6,6,3,-1,-1,-1,-1,-1,-1,-1,-1,0,-1
2023231317500,2023,231317500,2,1,0,18,19,1,5,0,0,1,1,0,0,0,3,1,5,6,2,43,7,-1,-1,-1,-1,8,E01031260,0,-1
2023481374359,2023,481374359,1,1,0,18,19,1,5,0,0,2,0,0,0,0,4,1,6,6,1,30,6,-1,-1,-1,-1,-1,-1,0,-1
2023201391084,2023,201391084,1,-1,0,18,19,2,6,0,0,2,0,0,0,0,1,1,6,6,1,25,5,-1,-1,-1,-1,3,E01010566,1,-1
2023552301265,2023,552301265,1,17,4,18,19,5,1,0,0,0,0,0,0,0,4,1,1,1,3,-1,-1,-1,-1,-1,-1,-1,-1,0,-1
2023161338166,2023,161338166,2,1,0,18,19,3,7,0,0,0,0,0,0,0,4,1,6,6,1,30,6,-1,-1,-1,-1,-1,-1,0,-1
2023302301142,2023,302301142,3,19,0,2,2,0,0,0,0,0,0,0,0,0,0,1,6,6,1,54,8,-1,-1,-1,-1,10,E01013577,0,-1
2023170L30733,2023,170L30733,1,1,0,18,19,5,1,0,0,1,0,0,0,0,1,1,6,6,1,16,4,-1,-1,-1,-1,9,E01012179,0,-1
2023010480867,2023,010480867,2,9,0,18,19,5,1,0,0,1,0,0,0,0,1,1,6,6,3,-1,-1,-1,-1,-1,-1,-1,-1,0,-1
2023141343627,2023,141343627,2,9,0,18,19,5,1,0,0,4,0,0,0,0,1,1,6,6,1,22,5,-1,-1,-1,-1,2,E01007395,0,-1
2023010476837,2023,010476837,2,9,0,18,19,7,3,0,0,8,0,0,0,0,1,1,6,6,1,42,7,-1,-1,-1,-1,6,E01004146,0,-1
2023311279239,2023,311279239,1,90,0,18,19,8,3,0,0,1,0,0,0,0,1,1,6,6,2,10,2,-1,-1,-1,-1,-1,-1,0,-1
2023411362425,2023,411362425,1,9,0,5,5,-1,-1,0,0,0,0,0,0,0,4,1,5,6,1,50,8,-1,-1,-1,-1,6,E01023306,0,-1
2023471319059,2023,471319059,2,9,0,18,19,5,1,0,0,1,0,0,0,0,2,1,1,1,1,30,6,-1,-1,-1,-1,10,E01031621,0,-1
2023461270753,2023,461270753,1,98,1,12,12,1,5,0,0,0,0,0,0,0,3,1,5,6,1,48,8,-1,-1,-1,-1,-1,-1,0,-1
2023552301358,2023,552301358,2,1,0,18,19,2,6,0,0,0,0,0,0,0,3,1,6,6,1,51,8,-1,-1,-1,-1,6,E01020488,0,-1
2023430330659,2023,430330659,2,19,0,18,19,1,5,0,0,0,0,0,0,0,1,1,1,1,1,-1,-1,-1,-1,-1,-1,-1,-1,0,-1
2023010468226,2023,010468226,2,1,0,12,12,3,7,0,0,1,0,10,0,0,2,1,2,2,1,26,6,-1,-1,-1,-1,3,E01003036,0,-1
2023010479416,2023,010479416,2,1,0,5,5,1,5,0,0,2,0,0,0,0,0,1,2,2,1,29,6,-1,-1,-1,-1,5,E01003130,0,-1
2023131270864,2023,131270864,1,1,0,-1,-1,8,2,9,9,1,-1,-1,-1,-1,-1,1,6,6,3,40,7,-1,-1,-1,-1,-1,-1,0,-1
2023010478022,2023,010478022,2,9,0,99,99,9,9,99,99,9,9,99,9,99,2,9,6,6,3,-1,-1,-1,-1,-1,-1,-1,-1,0,-1
2023231272028,2023,231272028,1,9,0,18,19,5,1,0,0,6,0,0,0,0,1,1,6,6,2,18,4,-1,-1,-1,-1,9,E01031036,0,-1
2023141287366,2023,141287366,2,9,0,16,19,2,5,0,0,0,0,0,0,0,0,1,6,6,3,-1,-1,-1,-1,-1,-1,-1,-1,0,-1
2023361321129,2023,361321129,4,-1,0,4,4,-1,-1,0,0,0,0,0,0,0,-1,1,6,6,3,-1,-1,-1,-1,-1,-1,-1,-1,0,-1
2023070078332,2023,070078332,2,1,0,3,3,7,3,9,9,1,5,0,0,0,2,1,1,1,2,19,4,-1,-1,-1,-1,-1,-1,0,-1
2023311362499,2023,311362499,1,1,0,18,19,8,4,0,0,1,0,0,0,0,1,1,6,6,2,15,3,-1,-1,-1,-1,4,E01028185,0,-1
202335T622086,2023,35T622086,2,5,0,18,19,8,4,0,0,8,5,0,0,0,4,1,6,6,1,49,8,-1,-1,-1,-1,8,E01032996,0,-1
2023041354102,2023,041354102,1,9,0,5,5,5,1,0,0,4,0,0,0,0,1,1,6,6,3,-1,-1,-1,-1,-1,-1,-1,-1,0,-1
2023430419995,2023,430419995,1,9,0,13,13,3,7,0,0,1,0,0,0,0,3,1,6,6,2,20,4,-1,-1,-1,-1,-1,-1,0,-1
2023201379054,2023,201379054,1,1,0,5,5,8,4,0,0,0,0,0,0,0,1,1,5,6,1,64,9,-1,-1,-1,-1,2,E01008984,0,-1
2023421390842,2023,421390842,2,90,0,9,9,2,6,9,9,1,0,0,0,0,1,1,5,6,1,19,4,-1,-1,-1,-1,10,E01021965,0,-1
2023141364383,2023,141364383,1,9,0,18,19,1,5,0,0,4,0,0,0,0,2,1,2,2,2,25,5,-1,-1,-1,-1,-1,-1,0,-1
2023101285576,2023,101285576,1,97,0,18,19,1,7,0,0,2,0,0,0,0,1,1,6,6,1,22,5,-1,-1,-1,-1,-1,-1,0,-1
2023430104092,2023,430104092,1,9,0,18,19,1,5,0,0,6,0,0,0,0,4,1,6,6,1,-1,-1,-1,-1,-1,-1,-1,-1,0,-1
2023010481733,2023,010481733,2,9,0,99,99,9,9,99,99,9,9,99,9,99,1,9,6,6,1,35,6,-1,-1,-1,-1,5,E01003751,0,-1
2023122300993,2023,122300993,1,9,0,13,13,1,5,0,0,1,1,0,7,0,1,1,1,1,1,31,6,-1,-1,-1,-1,8,E01027620,0,-1
2023451380403,2023,451380403,3,9,0,2,2,1,5,0,0,2,0,0,0,0,1,1,6,6,3,-1,-1,-1,-1,-1,-1,-1,-1,0,-1
2023010442917,2023,010442917,2,9,0,99,99,9,9,99,99,9,9,99,9,99,9,9,6,6,3,-1,-1,-1,-1,-1,-1,-1,-1,0,-1
2023010445551,2023,010445551,2,1,0,18,19,7,3,0,0,1,0,0,0,0,0,1,6,6,1,57,9,-1,-1,-1,-1,2,E01002830,0,-1
2023122300154,2023,122300154,2,1,0,18,19,7,3,0,0,8,0,0,0,0,2,1,6,6,1,46,8,-1,-1,-1,-1,7,E01013364,0,-1
2023351366380,2023,351366380,2,1,-1,-1,-1,-1,-1,-1,-1,0,-1,-1,-1,0,-1,1,6,6,2,58,9,-1,-1,-1,-1,5,E01018080,0,-1
2023501347785,2023,501347785,3,1,0,2,2,0,0,0,0,8,0,0,0,0,2,1,6,6,1,37,7,-1,-1,-1,-1,4,E01018820,0,-1
2023010450077,2023,010450077,2,9,0,99,99,9,9,99,99,9,9,99,9,99,9,9,6,6,1,59,9,-1,-1,-1,-1,2,E01003622,0,-1
2023010442445,2023,010442445,2,9,9,99,99,9,9,99,99,9,9,99,9,99,9,9,6,6,3,-1,-1,-1,-1,-1,-1,2,E01001812,0,-1
2023430365618,2023,430365618,1,1,0,9,9,4,2,0,0,8,0,0,0,0,2,1,2,2,2,19,4,-1,-1,-1,-1,10,E01016658,0,-1
2023010460608,2023,010460608,2,9,0,99,99,9,9,99,99,9,9,99,9,99,1,9,6,6,3,-1,-1,-1,-1,-1,-1,-1,-1,0,-1
2023010426575,2023,010426575,1,9,0,18,19,1,5,3,2,1,0,0,1,0,1,1,6,6,1,49,8,-1,-1,-1,-1,2,E01001800,0,-1
2023010456515,2023,010456515,1,1,9,99,99,9,9,99,99,9,9,99,9,99,1,1,2,2,1,37,7,-1,-1,-1,-1,2,E01004008,0,-1
2023552300590,2023,552300590,2,1,0,18,19,7,3,0,0,8,0,0,0,0,1,1,6,6,1,63,9,-1,-1,-1,-1,6,E01015368,0,-1
2023052301275,2023,052301275,2,1,0,18,19,8,4,0,0,8,0,0,0,0,4,1,2,2,1,31,6,-1,-1,-1,-1,5,E01006997,0,-1
2023041327374,2023,041327374,1,1,0,9,9,7,6,0,0,8,0,0,0,0,3,1,6,6,1,35,6,-1,-1,-1,-1,7,E01025559,0,-1
2023010477088,2023,010477088,1,9,0,99,99,9,9,99,99,9,9,99,9,99,1,9,6,6,3,-1,-1,-1,-1,-1,-1,-1,-1,0,-1
2023010482384,2023,010482384,1,1,9,99,99,9,9,99,99,9,9,99,9,99,9,1,1,1,2,19,4,-1,-1,-1,-1,2,E01001001,0,-1
2023201334253,2023,201334253,1,9,0,9,9,4,2,0,0,6,0,0,0,0,1,1,6,6,1,-1,-1,-1,-1,-1,-1,-1,-1,0,-1
202363D029723,2023,63D029723,1,21,1,16,19,8,3,0,0,0,0,0,0,0,0,1,1,1,1,34,6,-1,-1,-1,-1,-1,-1,0,-1
2023522301012,2023,522301012,2,19,9,5,5,9,9,2,2,6,0,0,0,0,1,1,6,6,1,-1,-1,-1,-1,-1,-1,-1,-1,0,-1
2023332300367,2023,332300367,2,9,0,9,9,7,5,0,0,6,0,0,0,0,1,1,6,6,1,-1,-1,-1,-1,-1,-1,-1,-1,0,-1
2023311354860,2023,311354860,1,11,0,7,7,7,1,2,2,0,0,0,0,0,2,1,6,6,3,-1,-1,-1,-1,-1,-1,-1,-1,0,-1
2023211346486,2023,211346486,1,9,0,4,4,1,5,0,0,0,0,0,0,0,2,1,2,2,2,57,9,-1,-1,-1,-1,8,E01029416,0,-1
2023010473606,2023,010473606,1,1,9,99,99,9,9,99,99,9,9,99,9,99,9,1,6,6,1,59,9,-1,-1,-1,-1,4,E01002869,0,-1
2023052300616,2023,052300616,1,9,0,18,19,5,1,0,0,1,0,0,0,0,1,1,6,6,3,-1,-1,-1,-1,-1,-1,-1,-1,0,-1
2023010437250,2023,010437250,1,1,9,99,99,9,9,99,99,9,9,99,9,99,9,1,2,2,1,36,7,-1,-1,-1,-1,9,E01017372,0,-1
2023041336270,2023,041336270,1,1,0,18,19,7,3,0,0,0,0,0,0,0,1,1,5,6,1,63,9,-1,-1,-1,-1,9,E01025560,0,-1
2023461315711,2023,461315711,1,9,0,18,19,3,7,0,0,0,0,0,0,0,1,1,6,6,3,-1,-1,-1,-1,-1,-1,-1,-1,0,-1
2023340WN2282,2023,340WN2282,1,9,0,18,19,1,5,0,0,8,0,0,0,0,1,1,6,6,3,-1,-1,-1,-1,-1,-1,-1,-1,0,-1
2023122300842,2023,122300842,1,9,0,9,9,3,5,0,0,1,0,0,0,0,1,1,6,6,1,33,6,-1,-1,-1,-1,-1,-1,0,-1
2023201269692,2023,201269692,2,9,0,18,19,2,6,0,0,8,0,0,0,0,0,1,5,6,1,47,8,-1,-1,-1,-1,6,E01009749,0,-1
2023421325543,2023,421325543,1,98,0,18,19,5,1,0,0,0,0,0,0,0,1,1,6,6,3,-1,-1,-1,-1,-1,-1,-1,-1,0,-1
2023061383442,2023,061383442,2,9,0,18,19,1,5,0,0,0,0,0,1,0,2,1,6,6,1,26,6,-1,-1,-1,-1,6,E01006234,0,-1
2023010434012,2023,010434012,3,1,0,5,5,7,3,0,0,3,0,0,0,0,0,1,2,2,1,41,7,-1,-1,-1,-1,10,E01004556,0,-1
2023122300854,2023,122300854,2,1,0,18,19,6,2,0,0,1,0,0,0,0,1,1,6,6,1,15,3,-1,-1,-1,-1,2,E01013443,0,-1
2023501312962,2023,501312962,2,17,4,16,19,4,8,0,0,0,0,0,0,0,0,1,6,6,3,-1,-1,-1,-1,-1,-1,-1,-1,0,-1
2023010451484,2023,010451484,1,1,9,99,99,9,9,99,99,9,9,99,9,99,1,1,2,2,1,26,6,-1,-1,-1,-1,4,E01003781,0,-1
2023461286301,2023,461286301,1,9,0,18,19,1,5,0,0,0,0,0,0,0,1,1,5,6,3,-1,-1,-1,-1,-1,-1,-1,-1,0,-1
2023302301976,2023,302301976,1,9,0,18,19,5,1,0,0,0,0,11,0,0,1,1,2,2,1,28,6,-1,-1,-1,-1,8,E01029790,0,-1
2023471373648,2023,471373648,1,1,0,18,19,5,1,0,0,8,0,0,0,0,2,1,5,6,1,60,9,-1,-1,-1,-1,8,E01031587,0,-1
2023131260755,2023,131260755,1,5,0,18,19,5,4,0,0,0,2,0,3,0,1,1,6,6,1,23,5,-1,-1,-1,-1,2,E01010869,0,-1
2023041338237,2023,041338237,2,1,0,18,19,5,1,0,0,1,0,0,0,0,4,1,5,6,1,14,3,-1,-1,-1,-1,8,E01025321,0,-1
2023010440895,2023,010440895,3,19,0,13,13,5,1,0,0,2,0,0,0,0,0,1,6,6,3,-1,-1,-1,-1,-1,-1,-1,-1,0,-1
2023010428652,2023,010428652,1,1,0,18,19,7,3,0,0,5,0,0,0,0,2,1,2,2,2,45,7,-1,-1,-1,-1,2,E01000121,0,-1
202360A115226,2023,60A115226,2,9,0,18,19,6,2,0,0,0,0,0,0,0,1,1,6,6,1,-1,-1,-1,-1,-1,-1,-1,-1,0,-1
2023991361910,2023,991361910,1,-1,0,18,19,5,1,0,0,2,0,0,0,0,0,1,6,6,1,15,3,-1,-1,-1,-1,6,-1,1,-1
2023451374578,2023,451374578,1,1,0,18,19,5,1,0,0,1,0,0,0,0,1,1,5,6,1,53,8,-1,-1,-1,-1,8,E01003470,0,-1
2023201379428,2023,201379428,1,9,0,1,1,6,2,0,0,2,0,0,0,0,2,1,5,6,1,-1,-1,-1,-1,-1,-1,-1,-1,0,-1
2023430309689,2023,430309689,2,1,0,18,19,3,7,0,0,8,0,0,0,0,3,1,2,2,2,44,7,-1,-1,-1,-1,6,E01028657,0,-1
2023440375487,2023,440375487,2,1,0,18,19,7,3,0,0,8,0,0,0,0,4,1,6,6,1,20,4,-1,-1,-1,-1,6,E01017026,0,-1
2023610031023,2023,610031023,1,11,0,18,19,1,5,0,0,1,0,0,0,0,0,1,1,1,1,56,9,-1,-1,-1,-1,-1,-1,0,-1
2023501284158,2023,501284158,1,1,0,18,19,1,3,0,0,0,0,0,0,0,1,1,2,2,1,41,7,-1,-1,-1,-1,6,E01015132,0,-1
202360A007706,2023,60A007706,2,9,0,16,19,6,2,0,0,0,0,0,0,0,3,1,6,6,1,60,9,-1,-1,-1,-1,-1,-1,0,-1
2023010439390,2023,010439390,2,1,0,7,7,1,3,0,0,6,0,0,0,0,4,1,6,6,2,49,8,-1,-1,-1,-1,2,E01003991,0,-1
2023411359785,2023,411359785,2,9,0,18,19,6,2,0,0,0,0,0,0,0,1,1,6,6,1,60,9,-1,-1,-1,-1,7,E01023450,0,-1
2023451365251,2023,451365251,2,9,0,14,14,3,7,0,0,0,0,0,0,0,3,1,6,6,3,41,7,-1,-1,-1,-1,-1,-1,0,-1
2023520301751,2023,520301751,1,19,0,18,19,1,5,0,0,0,0,0,0,0,1,1,6,6,1,28,6,-1,-1,-1,-1,5,E01032629,0,-1
2023010465961,2023,010465961,1,9,0,99,99,9,9,99,99,0,9,99,9,99,9,1,6,6,3,54,8,-1,-1,-1,-1,3,E01001640,0,-1
2023010432907,2023,010432907,2,1,9,99,99,9,9,99,99,0,9,99,9,99,1,1,6,6,3,-1,-1,-1,-1,-1,-1,-1,-1,0,-1
2023451323651,2023,451323651,1,1,0,18,19,5,1,0,0,0,2,0,0,0,3,1,5,6,1,57,9,-1,-1,-1,-1,10,E01030323,0,-1
2023010449388,2023,010449388,1,1,9,99,99,9,9,99,99,9,9,99,9,99,9,1,6,6,2,65,9,-1,-1,-1,-1,4,E01002684,0,-1
2023471314513,2023,471314513,1,9,0,18,19,3,1,0,0,1,0,0,0,0,-1,1,6,6,1,-1,-1,-1,-1,-1,-1,-1,-1,0,-1
2023430142580,2023,430142580,2,9,0,6,6,7,7,0,0,8,0,0,0,0,3,1,6,6,3,-1,-1,-1,-1,-1,-1,-1,-1,0,-1
2023471355216,2023,471355216,2,1,0,18,19,3,7,0,0,8,0,0,0,0,1,1,6,6,1,71,10,-1,-1,-1,-1,9,E01020945,0,-1
2023371388717,2023,371388717,2,1,0,18,19,-1,-1,0,0,8,2,0,0,0,-1,1,6,6,1,-1,-1,-1,-1,-1,-1,-1,-1,0,-1
2023010422804,2023,010422804,1,9,0,5,5,1,5,0,0,0,0,0,0,0,4,1,6,6,1,17,4,-1,-1,-1,-1,10,E01030566,0,-1
2023010450235,2023,010450235,1,9,0,18,19,3,7,0,0,1,0,0,0,0,2,1,2,2,2,31,6,-1,-1,-1,-1,5,E01033573,0,-1
2023520300066,2023,520300066,2,9,0,18,19,7,3,0,0,8,0,0,0,0,1,1,6,6,3,-1,-1,-1,-1,-1,-1,-1,-1,0,-1
2023052300416,2023,052300416,1,9,0,9,9,3,7,0,0,1,0,0,0,0,1,1,6,6,3,-1,-1,-1,-1,-1,-1,-1,-1,0,-1
2023411394669,2023,411394669,2,9,0,3,3,5,1,0,0,1,0,0,0,0,2,1,6,6,1,54,8,-1,-1,-1,-1,4,E01023555,0,-1
2023440005396,2023,440005396,1,4,0,3,3,7,3,0,0,1,0,0,0,0,2,1,2,2,1,35,6,-1,-1,-1,-1,10,E01022785,0,-1
2023430548327,2023,430548327,2,19,0,9,9,8,5,0,0,8,0,0,0,0,4,1,6,6,1,62,9,-1,-1,-1,-1,1,E01015546,0,-1
2023010440075,2023,010440075,2,9,0,6,6,3,3,0,0,0,0,0,0,0,0,1,1,1,1,46,8,-1,-1,-1,-1,2,E01001337,0,-1
2023461276735,2023,461276735,1,98,0,7,7,6,8,0,0,1,0,0,0,0,0,1,6,6,3,-1,-1,-1,-1,-1,-1,-1,-1,0,-1
2023131344075,2023,131344075,2,1,0,18,19,3,7,0,0,1,0,0,0,0,2,1,6,6,1,36,7,-1,-1,-1,-1,1,E01011911,0,-1
2023411277121,2023,411277121,1,98,0,4,4,1,3,0,0,0,1,0,0,0,1,1,5,6,1,31,6,-1,-1,-1,-1,7,E01023366,0,-1
2023010443392,2023,010443392,2,9,0,16,19,4,8,0,0,0,0,0,0,0,3,1,6,6,3,-1,-1,-1,-1,-1,-1,-1,-1,0,-1
2023201373869,2023,201373869,2,19,0,10,10,8,6,0,0,1,0,0,0,0,2,1,5,6,1,51,8,-1,-1,-1,-1,6,E01032159,0,-1
2023430114083,2023,430114083,2,1,0,18,19,6,2,0,0,8,0,0,0,0,4,1,6,6,1,48,8,-1,-1,-1,-1,5,E01016416,0,-1
2023010480073,2023,010480073,1,1,9,99,99,9,9,99,99,0,9,99,9,99,9,1,1,1,3,-1,-1,-1,-1,-1,-1,-1,-1,0,-1
2023141300846,2023,141300846,2,9,0,16,19,4,8,0,0,0,0,0,0,0,1,1,5,6,2,39,7,-1,-1,-1,-1,2,E01033279,0,-1
2023010429001,2023,010429001,2,1,0,18,19,3,7,9,9,1,0,0,0,0,1,1,6,6,1,31,6,-1,-1,-1,-1,2,E01002077,0,-1
2023451321604,2023,451321604,2,9,0,18,19,7,3,0,0,3,0,0,0,0,4,1,6,6,1,35,6,-1,-1,-1,-1,-1,-1,0,-1
2023161316510,2023,161316510,1,1,0,17,19,3,1,0,0,8,0,0,0,0,2,1,6,6,2,22,5,-1,-1,-1,-1,1,E01012783,0,-1