collision_index,collision_year,collision_ref_no,vehicle_reference,vehicle_type,towing_and_articulation,vehicle_manoeuvre_historic,vehicle_manoeuvre,vehicle_direction_from,vehicle_direction_to,vehicle_location_restricted_lane_historic,vehicle_location_restricted_lane,junction_location,skidding_and_overturning,hit_object_in_carriageway,vehicle_leaving_carriageway,hit_object_off_carriageway,first_point_of_impact,vehicle_left_hand_drive,journey_purpose_of_driver_historic,journey_purpose_of_driver,sex_of_driver,age_of_driver,age_band_of_driver,engine_capacity_cc,propulsion_code,age_of_vehicle,generic_make_model,driver_imd_decile,lsoa_of_driver,escooter_flag,driver_distance_banding
2023411312699,2023,411312699,1,9,0,8,8,1,3,0,0,4,0,0,0,0,1,1,6,6,1,41,7,-1,-1,-1,-1,1,E01001517,0,-1
2023430239494,2023,430239494,1,9,0,18,19,3,7,0,0,1,0,0,0,0,1,1,6,6,1,-1,-1,-1,-1,-1,-1,-1,-1,0,-1
2023010453742,2023,010453742,2,9,0,99,99,9,9,99,99,9,9,99,9,99,9,9,6,6,3,-1,-1,-1,-1,-1,-1,-1,-1,0,-1
2023101411672,2023,101411672,2,1,0,18,19,5,1,0,0,3,5,10,7,0,4,1,6,6,1,77,11,-1,-1,-1,-1,5,E01008879,0,-1
2023010450040,2023,010450040,1,1,9,99,99,9,9,99,99,9,9,99,9,99,9,1,2,2,1,27,6,-1,-1,-1,-1,2,E01033703,0,-1
2023201328081,2023,201328081,2,9,0,18,19,3,7,0,0,8,0,0,0,0,3,1,1,1,1,47,8,-1,-1,-1,-1,3,E01009105,0,-1
2023361371955,2023,361371955,1,20,0,1,1,-1,-1,6,6,1,0,0,0,0,-1,1,6,6,1,71,10,-1,-1,-1,-1,7,E01026746,0,-1
2023010475496,2023,010475496,1,9,0,9,9,7,5,0,0,8,0,0,0,0,1,1,6,6,3,-1,-1,-1,-1,-1,-1,-1,-1,0,-1
2023461383662,2023,461383662,1,-1,0,18,19,3,7,0,0,2,0,0,0,0,1,1,6,6,1,49,8,-1,-1,-1,-1,-1,-1,0,-1
2023471274004,2023,471274004,1,-1,0,18,19,1,3,0,0,8,0,0,0,0,1,1,6,6,2,-1,-1,-1,-1,-1,-1,-1,-1,1,-1
2023991377806,2023,991377806,2,1,0,18,19,5,2,0,0,0,0,0,1,0,2,1,5,6,1,62,9,-1,-1,-1,-1,9,-1,0,-1
2023031314509,2023,031314509,1,1,0,16,19,3,6,0,0,0,0,0,0,0,3,1,5,6,1,37,7,-1,-1,-1,-1,7,E01021904,0,-1
2023411356452,2023,411356452,2,1,0,18,19,5,1,0,0,8,0,0,0,0,3,1,6,6,2,26,6,-1,-1,-1,-1,6,E01023922,0,-1
2023411319396,2023,411319396,2,1,0,5,5,6,2,0,0,8,0,0,0,0,4,1,6,6,1,63,9,-1,-1,-1,-1,7,E01023351,0,-1
2023440303184,2023,440303184,2,1,0,18,19,7,3,0,0,4,0,0,0,0,1,1,6,6,1,27,6,-1,-1,-1,-1,3,E01030901,0,-1
2023010419977,2023,010419977,1,-1,0,7,7,1,3,0,0,1,1,0,0,0,4,1,6,6,1,39,7,-1,-1,-1,-1,3,E01004741,1,-1
2023010429811,2023,010429811,1,9,0,99,99,9,9,99,99,9,9,99,9,99,9,9,6,6,3,-1,-1,-1,-1,-1,-1,-1,-1,0,-1
2023010462561,2023,010462561,2,9,0,99,99,9,9,99,99,9,9,99,9,99,2,9,6,6,3,-1,-1,-1,-1,-1,-1,-1,-1,0,-1
2023122300138,2023,122300138,1,19,0,18,19,5,1,0,0,4,0,0,0,0,3,1,6,6,3,-1,-1,-1,-1,-1,-1,-1,-1,0,-1
2023311293991,2023,311293991,2,22,0,18,19,4,8,0,0,1,0,0,0,0,3,1,6,6,1,61,9,-1,-1,-1,-1,-1,-1,0,-1
2023052301308,2023,052301308,1,-1,0,18,19,5,1,0,0,0,0,0,0,0,1,1,6,6,1,13,3,-1,-1,-1,-1,7,E01007245,1,-1
2023010479736,2023,010479736,2,9,0,99,99,9,9,99,99,9,9,99,9,99,1,9,6,6,3,-1,-1,-1,-1,-1,-1,-1,-1,0,-1
2023052300453,2023,052300453,1,1,0,18,19,1,5,0,0,1,0,0,0,0,4,1,6,6,1,46,8,-1,-1,-1,-1,1,E01006730,0,-1
2023320405109,2023,320405109,2,9,0,9,9,2,8,0,0,6,0,0,0,0,3,1,6,6,2,-1,-1,-1,-1,-1,-1,-1,-1,0,-1
2023401313294,2023,401313294,1,9,0,7,7,8,2,0,0,8,0,0,0,0,4,1,1,1,1,-1,-1,-1,-1,-1,-1,-1,-1,0,-1
2023471356168,2023,471356168,2,1,0,9,9,6,3,0,0,1,0,0,0,0,2,1,5,6,2,52,8,-1,-1,-1,-1,8,E01021106,0,-1
2023351277627,2023,351277627,1,9,0,8,8,-1,-1,0,0,0,0,0,0,0,1,1,6,6,3,-1,-1,-1,-1,-1,-1,-1,-1,0,-1
2023061310397,2023,061310397,2,1,-1,-1,-1,-1,-1,-1,-1,-1,-1,-1,-1,0,-1,1,6,6,1,13,3,-1,-1,-1,-1,3,E01005535,0,-1
2023991348359,2023,991348359,1,9,0,4,4,3,5,0,0,0,0,0,0,0,3,1,5,6,2,61,9,-1,-1,-1,-1,7,-1,0,-1
2023421283727,2023,421283727,2,1,0,16,19,3,6,0,0,0,0,0,0,0,2,1,5,6,1,41,7,-1,-1,-1,-1,7,E01021978,0,-1
2023440375341,2023,440375341,1,9,0,9,9,1,7,0,0,5,0,0,0,0,4,1,6,6,3,-1,-1,-1,-1,-1,-1,-1,-1,0,-1
2023201339068,2023,201339068,1,1,0,4,4,8,4,0,0,0,0,0,0,0,1,1,6,6,1,-1,-1,-1,-1,-1,-1,-1,-1,0,-1
202360A014185,2023,60A014185,2,9,0,18,19,5,1,0,0,1,0,0,0,0,1,1,1,1,1,21,5,-1,-1,-1,-1,-1,-1,0,-1
2023461268676,2023,461268676,1,9,0,18,19,1,5,0,0,0,0,0,0,0,3,1,5,6,3,-1,-1,-1,-1,-1,-1,-1,-1,0,-1
2023010469317,2023,010469317,2,97,0,13,13,7,3,0,0,1,0,0,0,0,2,1,6,6,3,-1,-1,-1,-1,-1,-1,-1,-1,0,-1
2023141349604,2023,141349604,2,9,0,18,19,3,7,0,0,0,0,0,0,0,1,1,6,6,3,-1,-1,-1,-1,-1,-1,-1,-1,0,-1
2023061326058,2023,061326058,2,23,0,18,19,5,1,0,0,1,0,0,0,0,3,1,6,6,1,32,6,-1,-1,-1,-1,9,E01005868,0,-1
2023010432268,2023,010432268,1,9,0,99,99,9,9,99,99,9,9,99,9,99,2,9,2,2,2,36,7,-1,-1,-1,-1,3,E01002405,0,-1
2023311329589,2023,311329589,2,9,0,2,2,0,0,0,0,0,0,0,0,0,1,1,6,6,3,-1,-1,-1,-1,-1,-1,-1,-1,0,-1
2023041309591,2023,041309591,1,9,0,18,19,1,5,0,0,0,0,0,0,0,0,1,6,6,3,-1,-1,-1,-1,-1,-1,-1,-1,0,-1
2023201380955,2023,201380955,1,9,-1,-1,-1,-1,-1,-1,-1,-1,-1,-1,-1,0,-1,1,6,6,3,-1,-1,-1,-1,-1,-1,-1,-1,0,-1
2023131307142,2023,131307142,2,1,0,-1,-1,-1,-1,-1,-1,0,-1,-1,-1,0,-1,1,6,6,1,64,9,-1,-1,-1,-1,7,E01011145,0,-1
2023041307773,2023,041307773,1,9,0,9,9,3,5,0,0,6,0,0,0,0,3,1,6,6,3,-1,-1,-1,-1,-1,-1,-1,-1,0,-1
2023131260136,2023,131260136,1,9,0,9,9,3,1,0,0,0,0,0,0,0,1,1,6,6,2,52,8,-1,-1,-1,-1,1,E01011294,0,-1
2023351317762,2023,351317762,2,1,0,5,5,6,1,0,0,2,0,0,0,0,4,1,5,6,1,60,9,-1,-1,-1,-1,7,E01018064,0,-1
2023070782742,2023,070782742,1,9,0,4,4,6,1,0,0,1,0,0,0,0,4,1,6,6,1,-1,-1,-1,-1,-1,-1,-1,-1,0,-1
2023010448221,2023,010448221,2,1,0,3,3,5,1,0,0,1,0,0,0,0,0,1,6,6,2,28,6,-1,-1,-1,-1,6,E01003219,0,-1
2023041392501,2023,041392501,2,1,0,17,19,6,2,0,0,0,1,0,0,0,2,1,5,6,1,44,7,-1,-1,-1,-1,9,E01006236,0,-1
2023430378607,2023,430378607,1,19,0,18,19,5,1,0,0,1,0,0,0,0,1,1,1,1,1,-1,-1,-1,-1,-1,-1,-1,-1,0,-1
2023440360247,2023,440360247,1,9,0,18,19,4,8,0,0,0,0,0,7,4,1,1,1,1,1,27,6,-1,-1,-1,-1,6,E01023199,0,-1
2023010434670,2023,010434670,2,2,0,99,99,9,9,99,99,9,9,99,9,99,0,1,6,6,3,-1,-1,-1,-1,-1,-1,-1,-1,0,-1
2023430493414,2023,430493414,2,9,0,18,19,4,8,0,0,1,0,0,0,0,1,1,6,6,2,-1,-1,-1,-1,-1,-1,-1,-1,0,-1
2023991347472,2023,991347472,1,5,0,18,19,2,7,0,0,1,2,0,7,0,1,1,5,6,1,43,7,-1,-1,-1,-1,10,-1,0,-1
2023041314576,2023,041314576,1,1,0,18,19,1,5,9,9,0,0,0,0,0,1,1,6,6,3,-1,-1,-1,-1,-1,-1,-1,-1,0,-1
2023471352286,2023,471352286,2,9,0,10,10,7,5,0,0,1,0,0,0,0,2,1,5,6,1,57,9,-1,-1,-1,-1,10,E01031713,0,-1
2023010469372,2023,010469372,2,-1,0,18,19,5,1,0,0,1,0,0,0,0,1,1,6,6,1,24,5,-1,-1,-1,-1,-1,-1,1,-1
2023131344014,2023,131344014,1,98,0,7,7,3,7,0,0,0,0,0,0,0,4,1,6,6,3,-1,-1,-1,-1,-1,-1,-1,-1,0,-1
2023010441981,2023,010441981,2,9,0,99,99,9,9,99,99,9,9,99,9,99,1,9,6,6,3,-1,-1,-1,-1,-1,-1,-1,-1,0,-1
2023311370094,2023,311370094,1,9,-1,18,19,1,5,0,0,0,0,0,0,0,0,1,6,6,3,-1,-1,-1,-1,-1,-1,-1,-1,0,-1
2023411350350,2023,411350350,2,22,0,5,5,3,7,0,0,0,0,0,0,0,1,1,6,6,1,82,11,-1,-1,-1,-1,10,E01023657,0,-1
2023061376846,2023,061376846,1,9,0,18,19,8,5,0,0,0,0,0,0,0,1,1,6,6,3,30,6,-1,-1,-1,-1,-1,-1,0,-1
2023010452838,2023,010452838,2,1,0,18,19,5,1,0,0,1,0,0,0,0,1,1,2,2,1,27,6,-1,-1,-1,-1,3,E01001942,0,-1
2023052300548,2023,052300548,1,9,0,18,19,1,5,0,0,1,0,0,0,0,1,1,6,6,3,-1,-1,-1,-1,-1,-1,-1,-1,0,-1
2023991322959,2023,991322959,1,1,0,18,19,3,7,0,0,8,0,0,0,0,4,1,1,1,1,24,5,-1,-1,-1,-1,6,-1,0,-1
2023010434262,2023,010434262,1,1,9,99,99,9,9,99,99,9,9,99,9,99,9,1,6,6,3,27,6,-1,-1,-1,-1,2,E01004268,0,-1
2023320172343,2023,320172343,1,9,0,9,9,7,6,0,0,2,0,0,0,0,1,1,6,6,1,54,8,-1,-1,-1,-1,3,E01026042,0,-1
2023052300746,2023,052300746,1,9,0,1,1,2,6,0,0,0,0,0,0,0,2,1,6,6,3,-1,-1,-1,-1,-1,-1,-1,-1,0,-1
2023610021423,2023,610021423,2,1,0,18,19,5,1,9,9,8,0,0,0,0,3,1,4,7,1,8,2,-1,-1,-1,-1,3,W01001676,0,-1
2023010426584,2023,010426584,1,9,0,7,7,7,1,0,0,5,0,0,0,0,1,1,1,1,1,22,5,-1,-1,-1,-1,7,E01002127,0,-1
2023340NN3462,2023,340NN3462,2,-1,0,18,19,6,2,0,0,8,0,0,0,0,4,1,6,6,1,28,6,-1,-1,-1,-1,6,E01027034,1,-1
2023052303069,2023,052303069,1,9,0,7,7,1,5,0,0,0,0,0,0,0,4,1,6,6,1,39,7,-1,-1,-1,-1,9,E01012386,0,-1
2023010454226,2023,010454226,2,1,9,99,99,9,9,99,99,9,9,99,9,99,9,1,6,6,1,-1,-1,-1,-1,-1,-1,-1,-1,0,-1
2023430347483,2023,430347483,2,9,0,5,5,4,8,9,9,0,0,0,0,0,2,1,6,6,2,-1,-1,-1,-1,-1,-1,-1,-1,0,-1
2023010450966,2023,010450966,2,11,0,99,99,9,9,99,99,9,9,99,9,99,0,9,6,6,3,-1,-1,-1,-1,-1,-1,-1,-1,0,-1
2023549904323,2023,549904323,1,9,0,7,7,3,5,0,0,1,0,0,0,0,3,1,6,6,1,32,6,-1,-1,-1,-1,9,E01031922,0,-1
202354C110022,2023,54C110022,1,9,0,18,19,4,8,0,0,1,0,0,0,0,1,1,6,6,2,53,8,-1,-1,-1,-1,8,E01031993,0,-1
2023010448654,2023,010448654,2,9,0,18,19,7,3,0,0,2,0,0,0,0,1,1,6,6,3,-1,-1,-1,-1,-1,-1,-1,-1,0,-1
2023430052964,2023,430052964,2,5,0,18,19,5,1,0,0,8,0,0,0,0,1,1,6,6,1,34,6,-1,-1,-1,-1,3,E01016475,0,-1
2023101301702,2023,101301702,1,23,0,18,19,4,5,0,0,0,1,0,0,0,1,1,5,6,1,26,6,-1,-1,-1,-1,1,E01008297,0,-1
2023010440985,2023,010440985,1,1,0,18,19,1,5,0,0,8,0,0,1,10,1,1,6,6,2,18,4,-1,-1,-1,-1,7,E01000845,0,-1
2023010423113,2023,010423113,2,1,0,5,5,3,7,4,4,1,5,10,0,0,1,1,1,1,2,53,8,-1,-1,-1,-1,5,E01000560,0,-1
2023340WN7322,2023,340WN7322,1,-1,0,18,19,4,8,9,9,1,0,0,0,0,1,1,6,6,3,-1,-1,-1,-1,-1,-1,-1,-1,1,-1
2023010438150,2023,010438150,2,1,0,5,5,7,3,0,0,2,0,0,0,0,3,1,4,7,1,12,3,-1,-1,-1,-1,3,E01000392,0,-1
2023101261542,2023,101261542,2,1,0,18,19,5,1,0,0,1,1,0,0,0,1,1,2,2,1,51,8,-1,-1,-1,-1,5,E01008646,0,-1
2023522400181,2023,522400181,1,-1,0,18,19,3,7,9,9,2,0,0,0,0,3,1,6,6,1,52,8,-1,-1,-1,-1,2,E01014842,1,-1
2023010449100,2023,010449100,2,9,9,99,99,9,9,99,99,9,9,99,9,99,9,9,6,6,3,-1,-1,-1,-1,-1,-1,-1,-1,0,-1
2023522300325,2023,522300325,2,8,0,13,13,1,5,0,0,1,0,0,0,0,4,1,6,6,3,-1,-1,-1,-1,-1,-1,-1,-1,0,-1
2023101361194,2023,101361194,1,9,0,18,19,1,5,0,0,0,1,7,5,0,3,1,5,6,1,32,6,-1,-1,-1,-1,1,E01008325,0,-1
2023010437378,2023,010437378,2,9,0,99,99,9,9,99,99,9,9,99,9,99,1,9,6,6,3,-1,-1,-1,-1,-1,-1,-1,-1,0,-1
2023061311548,2023,061311548,1,9,0,18,19,1,1,0,0,8,0,0,0,0,1,1,6,6,3,22,5,-1,-1,-1,-1,-1,-1,0,-1
2023010421209,2023,010421209,2,3,9,99,99,9,9,99,99,0,9,99,9,99,9,1,6,6,3,-1,-1,-1,-1,-1,-1,6,E01004146,0,-1
2023010441214,2023,010441214,2,1,0,18,19,7,3,0,0,4,0,0,0,0,1,1,6,6,1,67,10,-1,-1,-1,-1,3,E01001409,0,-1
2023520400412,2023,520400412,2,1,0,18,19,3,7,0,0,8,0,0,0,0,1,1,6,6,2,56,9,-1,-1,-1,-1,7,E01029262,0,-1
2023010455479,2023,010455479,1,1,9,99,99,9,9,99,99,9,9,99,9,99,1,1,2,2,1,35,6,-1,-1,-1,-1,2,E01001555,0,-1
2023052301796,2023,052301796,1,8,0,18,19,1,5,0,0,0,0,0,0,0,4,1,6,6,3,-1,-1,-1,-1,-1,-1,-1,-1,0,-1
2023161392712,2023,161392712,2,9,0,1,1,1,5,0,0,0,0,0,0,0,2,1,6,6,1,-1,-1,-1,-1,-1,-1,-1,-1,0,-1
2023201276962,2023,201276962,1,9,0,9,9,3,1,0,0,6,0,0,0,0,1,1,6,6,1,-1,-1,-1,-1,-1,-1,-1,-1,0,-1
2023041316677,2023,041316677,1,1,0,18,19,2,6,0,0,8,0,0,0,0,3,1,2,2,2,21,5,-1,-1,-1,-1,1,E01025236,0,-1
2023141357564,2023,141357564,1,1,0,18,19,2,6,0,0,0,0,0,0,0,3,1,2,2,1,62,9,-1,-1,-1,-1,1,E01007499,0,-1
2023131266992,2023,131266992,1,1,0,18,19,1,5,2,2,1,0,0,0,0,1,1,2,2,2,29,6,-1,-1,-1,-1,10,E01011570,0,-1
2023010466950,2023,010466950,1,1,9,99,99,9,9,99,99,9,9,99,9,99,2,1,6,6,1,33,6,-1,-1,-1,-1,2,E01003297,0,-1
2023052301280,2023,052301280,1,9,0,5,5,1,5,0,0,0,0,0,0,0,1,1,6,6,3,-1,-1,-1,-1,-1,-1,-1,-1,0,-1
2023010476172,2023,010476172,1,11,9,99,99,9,9,99,99,9,9,99,9,99,9,1,6,6,3,-1,-1,-1,-1,-1,-1,-1,-1,0,-1
2023010421253,2023,010421253,1,9,0,18,19,2,6,0,0,1,0,7,0,0,1,1,6,6,2,62,9,-1,-1,-1,-1,9,E01004607,0,-1
2023201314034,2023,201314034,1,20,0,18,19,-1,-1,0,0,0,0,0,0,0,1,1,5,6,1,-1,-1,-1,-1,-1,-1,-1,-1,0,-1
2023141320010,2023,141320010,2,1,-1,18,19,-1,-1,0,0,1,0,0,0,0,-1,1,6,6,1,37,7,-1,-1,-1,-1,1,E01007877,0,-1
2023161380549,2023,161380549,2,1,0,18,19,2,6,0,0,2,0,0,0,0,2,1,6,6,2,30,6,-1,-1,-1,-1,1,E01013201,0,-1
2023501307100,2023,501307100,2,9,0,2,2,0,0,0,0,0,0,0,0,0,3,1,1,1,1,25,5,-1,-1,-1,-1,3,E01018942,0,-1
2023201356295,2023,201356295,2,1,0,18,19,8,4,0,0,0,0,0,0,0,4,1,6,6,1,12,3,-1,-1,-1,-1,5,E01010488,0,-1
2023010426633,2023,010426633,1,11,0,5,5,7,3,0,0,1,0,0,0,0,0,1,6,6,3,72,10,-1,-1,-1,-1,-1,-1,0,-1
2023010485162,2023,010485162,2,19,9,99,99,9,9,0,0,0,9,99,9,99,9,9,6,6,1,-1,-1,-1,-1,-1,-1,-1,-1,0,-1
2023471260750,2023,471260750,2,9,0,18,19,3,7,0,0,0,1,0,0,0,3,1,5,6,2,36,7,-1,-1,-1,-1,8,E01022757,0,-1
2023010434150,2023,010434150,1,9,0,99,99,9,9,99,99,9,9,99,9,99,2,9,6,6,1,48,8,-1,-1,-1,-1,1,E01001510,0,-1
2023010438043,2023,010438043,1,8,9,99,99,9,9,99,99,9,9,99,9,99,9,9,6,6,3,-1,-1,-1,-1,-1,-1,-1,-1,0,-1
2023061372078,2023,061372078,2,9,0,2,2,0,0,0,0,0,0,0,0,0,3,1,6,6,3,-1,-1,-1,-1,-1,-1,-1,-1,0,-1
2023010440036,2023,010440036,1,3,9,18,19,2,6,99,99,9,9,99,9,99,9,1,6,6,3,-1,-1,-1,-1,-1,-1,-1,-1,0,-1
2023010480751,2023,010480751,1,3,0,99,99,9,9,99,99,9,9,99,9,99,1,1,6,6,3,-1,-1,-1,-1,-1,-1,-1,-1,0,-1
2023230151324,2023,230151324,2,9,0,18,19,5,1,0,0,2,0,0,0,0,1,1,6,6,1,34,6,-1,-1,-1,-1,8,E01021169,0,-1
2023010437731,2023,010437731,1,1,9,99,99,9,9,99,99,9,9,99,9,99,9,1,1,1,1,18,4,-1,-1,-1,-1,2,E01033705,0,-1
2023010451802,2023,010451802,1,1,9,99,99,9,9,99,99,9,9,99,9,99,9,1,2,2,1,29,6,-1,-1,-1,-1,3,E01001045,0,-1
2023010481670,2023,010481670,2,9,0,13,13,1,5,0,0,3,0,0,0,0,1,1,6,6,1,23,5,-1,-1,-1,-1,-1,-1,0,-1
2023991365799,2023,991365799,1,9,0,18,19,7,3,0,0,1,0,0,0,0,1,1,6,6,3,30,6,-1,-1,-1,-1,-1,-1,0,-1
2023501273643,2023,501273643,3,9,0,18,19,6,2,0,0,0,0,0,0,0,1,1,6,6,3,-1,-1,-1,-1,-1,-1,-1,-1,0,-1
2023430016298,2023,430016298,2,9,0,18,19,8,4,0,0,0,0,0,0,0,1,1,6,6,2,42,7,-1,-1,-1,-1,-1,-1,0,-1
2023430217199,2023,430217199,1,9,0,13,13,7,3,0,0,0,0,0,0,0,3,1,6,6,2,-1,-1,-1,-1,-1,-1,-1,-1,0,-1
2023131301338,2023,131301338,1,9,0,18,19,4,8,0,0,8,0,0,0,0,4,1,6,6,3,-1,-1,-1,-1,-1,-1,-1,-1,0,-1
2023302301431,2023,302301431,1,19,0,18,19,4,8,0,0,0,0,0,0,0,1,2,6,6,1,28,6,-1,-1,-1,-1,4,E01013525,0,-1
2023430176406,2023,430176406,1,21,1,12,12,4,8,0,0,0,0,0,0,0,3,2,1,1,1,24,5,-1,-1,-1,-1,-1,-1,0,-1
2023211294105,2023,211294105,1,9,0,12,12,6,2,0,0,0,0,0,0,0,1,1,6,6,2,54,8,-1,-1,-1,-1,3,E01029701,0,-1
2023371287689,2023,371287689,2,1,0,18,19,7,4,5,5,1,0,0,0,0,1,1,5,6,1,39,7,-1,-1,-1,-1,6,E01030068,0,-1
2023201400852,2023,201400852,1,9,0,18,19,2,6,0,0,0,0,0,0,0,1,1,6,6,1,-1,-1,-1,-1,-1,-1,-1,-1,0,-1
2023010455357,2023,010455357,1,1,9,99,99,9,9,99,99,9,9,99,9,99,0,1,6,6,1,39,7,-1,-1,-1,-1,2,E01004326,0,-1
2023061271816,2023,061271816,1,9,-1,4,4,8,4,0,0,8,0,0,1,0,-1,1,6,6,3,30,6,-1,-1,-1,-1,-1,-1,0,-1
2023010469785,2023,010469785,1,1,9,99,99,9,9,99,99,9,9,99,9,99,1,1,2,2,1,42,7,-1,-1,-1,-1,7,E01015920,0,-1
2023461303292,2023,461303292,2,1,0,18,19,7,3,0,0,8,0,0,0,0,1,1,5,6,1,65,9,-1,-1,-1,-1,10,E01024800,0,-1
2023052302600,2023,052302600,2,9,0,4,4,3,7,0,0,0,0,0,0,0,4,1,6,6,1,44,7,-1,-1,-1,-1,7,E01006795,0,-1
2023131307916,2023,131307916,1,9,0,7,7,5,3,0,0,6,0,0,0,0,-1,1,6,6,3,-1,-1,-1,-1,-1,-1,-1,-1,0,-1
2023361319203,2023,361319203,1,19,0,1,1,1,5,0,0,1,0,0,0,0,0,1,6,6,3,-1,-1,-1,-1,-1,-1,-1,-1,0,-1
2023231320544,2023,231320544,5,9,0,18,19,2,6,0,0,0,0,0,0,0,0,1,1,1,1,56,9,-1,-1,-1,-1,3,E01028232,0,-1
2023041287715,2023,041287715,1,1,0,18,19,1,5,0,0,0,0,0,4,0,3,1,2,2,2,48,8,-1,-1,-1,-1,10,E01025467,0,-1
2023111288668,2023,111288668,1,-1,0,18,19,3,7,0,0,1,0,0,0,0,1,1,6,6,3,30,6,-1,-1,-1,-1,-1,-1,0,-1
2023010471256,2023,010471256,2,1,0,11,11,7,3,0,0,0,0,0,0,0,4,1,6,6,1,13,3,-1,-1,-1,-1,4,E01001975,0,-1
2023010433813,2023,010433813,1,1,9,99,99,9,9,99,99,9,9,99,9,99,1,1,6,6,3,-1,-1,-1,-1,-1,-1,-1,-1,0,-1
2023161330087,2023,161330087,2,-1,0,13,13,3,6,0,0,2,0,0,0,0,1,1,6,6,1,-1,-1,-1,-1,-1,-1,-1,-1,1,-1
2023070675788,2023,070675788,2,1,0,18,19,2,6,0,0,3,0,0,0,0,4,1,6,6,1,50,8,-1,-1,-1,-1,5,E01006304,0,-1
2023430577011,2023,430577011,1,9,0,18,19,6,2,0,0,1,0,0,0,0,1,1,6,6,3,-1,-1,-1,-1,-1,-1,-1,-1,0,-1
2023041317953,2023,041317953,1,9,0,13,13,3,7,0,0,0,1,0,0,0,1,1,2,2,1,49,8,-1,-1,-1,-1,5,E01025573,0,-1
2023552300818,2023,552300818,2,-1,0,18,19,4,8,0,0,0,0,0,0,0,4,1,4,7,1,17,4,-1,-1,-1,-1,6,E01015318,1,-1
2023010433439,2023,010433439,1,1,9,99,99,9,9,99,99,9,9,99,9,99,1,1,6,6,1,37,7,-1,-1,-1,-1,2,E01003187,0,-1
2023340WN3652,2023,340WN3652,2,9,0,18,19,7,4,0,0,1,0,0,7,0,1,1,6,6,1,45,7,-1,-1,-1,-1,8,E01027211,0,-1
2023411330652,2023,411330652,1,9,0,9,9,1,7,0,0,0,0,0,0,0,1,1,1,1,1,30,6,-1,-1,-1,-1,4,E01023333,0,-1
2023421378246,2023,421378246,2,1,0,18,19,1,5,0,0,2,0,0,0,0,2,1,5,6,1,69,10,-1,-1,-1,-1,9,E01021947,0,-1
2023010445887,2023,010445887,2,19,0,99,99,9,9,99,99,9,9,99,9,99,2,9,6,6,3,-1,-1,-1,-1,-1,-1,-1,-1,0,-1
2023010456402,2023,010456402,1,1,9,99,99,9,9,99,99,9,9,99,9,99,1,1,2,2,1,28,6,-1,-1,-1,-1,3,E01003575,0,-1
2023440143360,2023,440143360,1,1,0,18,19,5,1,0,0,1,0,0,0,0,1,1,6,6,1,18,4,-1,-1,-1,-1,5,E01017095,0,-1
2023461320933,2023,461320933,2,3,0,9,9,3,1,0,0,1,0,0,0,0,1,1,5,6,1,26,6,-1,-1,-1,-1,3,E01016030,0,-1
2023531356193,2023,531356193,2,1,0,18,19,8,4,0,0,8,0,0,0,0,3,1,5,6,1,69,10,-1,-1,-1,-1,10,E01022111,0,-1
2023010454976,2023,010454976,1,1,0,18,19,3,7,0,0,1,0,0,0,0,4,1,2,2,1,34,6,-1,-1,-1,-1,2,E01003321,0,-1
2023451352922,2023,451352922,2,1,0,18,19,3,1,0,0,0,0,0,0,0,1,1,6,6,2,48,8,-1,-1,-1,-1,10,E01030368,0,-1
2023481388191,2023,481388191,2,1,0,18,19,5,1,0,0,8,0,0,0,0,1,1,6,6,1,30,6,-1,-1,-1,-1,-1,-1,0,-1
2023430544609,2023,430544609,1,9,0,7,7,1,3,0,0,6,2,0,7,4,1,1,6,6,2,39,7,-1,-1,-1,-1,8,E01028765,0,-1
2023201277367,2023,201277367,2,9,0,18,19,8,4,0,0,0,0,0,0,0,0,1,5,6,1,23,5,-1,-1,-1,-1,4,E01010100,0,-1
2023010449934,2023,010449934,3,9,0,18,19,7,3,0,0,0,0,0,0,0,0,1,6,6,3,23,5,-1,-1,-1,-1,-1,-1,0,-1
2023131325472,2023,131325472,2,1,0,18,19,7,3,0,0,0,0,0,0,0,1,1,5,6,1,7,2,-1,-1,-1,-1,2,E01010815,0,-1
2023010420559,2023,010420559,1,9,0,5,5,7,3,0,0,6,0,11,0,0,1,1,6,6,3,-1,-1,-1,-1,-1,-1,-1,-1,0,-1
2023010449934,2023,010449934,2,9,0,18,19,7,3,0,0,0,0,0,0,0,3,1,6,6,3,23,5,-1,-1,-1,-1,-1,-1,0,-1
2023201458883,2023,201458883,1,9,0,2,2,0,0,0,0,0,0,0,0,0,1,1,6,6,3,-1,-1,-1,-1,-1,-1,-1,-1,0,-1
2023041318450,2023,041318450,1,9,0,18,19,1,7,0,0,1,0,0,0,0,1,1,6,6,3,-1,-1,-1,-1,-1,-1,-1,-1,0,-1
2023070909238,2023,070909238,2,9,0,5,5,2,6,0,0,3,0,0,0,2,2,1,6,6,1,57,9,-1,-1,-1,-1,7,W01000331,0,-1
2023131281997,2023,131281997,1,9,0,-1,-1,-1,-1,-1,-1,-1,-1,-1,-1,-1,-1,1,6,6,3,-1,-1,-1,-1,-1,-1,-1,-1,0,-1
2023010452390,2023,010452390,2,98,9,99,99,9,9,99,99,9,9,99,9,99,0,9,6,6,3,-1,-1,-1,-1,-1,-1,-1,-1,0,-1
2023061392843,2023,061392843,1,9,0,1,1,1,5,0,0,1,0,0,0,0,2,1,1,1,1,47,8,-1,-1,-1,-1,2,E01006326,0,-1
2023471346549,2023,471346549,3,9,-1,4,4,3,7,0,0,1,0,0,0,0,0,1,6,6,3,-1,-1,-1,-1,-1,-1,-1,-1,0,-1
2023052302103,2023,052302103,2,9,0,1,1,5,1,0,0,0,0,0,0,0,2,1,6,6,1,33,6,-1,-1,-1,-1,3,E01006786,0,-1
2023010485501,2023,010485501,1,1,9,18,19,5,1,4,4,9,9,99,0,0,1,1,6,6,1,25,5,-1,-1,-1,-1,1,E01003252,0,-1
2023122300425,2023,122300425,2,1,0,18,19,6,2,0,0,8,0,0,0,0,4,1,6,6,1,68,10,-1,-1,-1,-1,7,E01013449,0,-1
2023010466036,2023,010466036,2,1,0,9,9,1,6,2,2,1,0,0,0,0,3,1,2,2,2,27,6,-1,-1,-1,-1,2,E01003305,0,-1
2023131316338,2023,131316338,1,98,0,2,2,0,0,0,0,1,0,0,0,0,0,1,6,6,3,-1,-1,-1,-1,-1,-1,-1,-1,0,-1