collision_index,collision_year,collision_ref_no,vehicle_reference,vehicle_type,towing_and_articulation,vehicle_manoeuvre_historic,vehicle_manoeuvre,vehicle_direction_from,vehicle_direction_to,vehicle_location_restricted_lane_historic,vehicle_location_restricted_lane,junction_location,skidding_and_overturning,hit_object_in_carriageway,vehicle_leaving_carriageway,hit_object_off_carriageway,first_point_of_impact,vehicle_left_hand_drive,journey_purpose_of_driver_historic,journey_purpose_of_driver,sex_of_driver,age_of_driver,age_band_of_driver,engine_capacity_cc,propulsion_code,age_of_vehicle,generic_make_model,driver_imd_decile,lsoa_of_driver,escooter_flag,driver_distance_banding
2023430283084,2023,430283084,2,-1,0,18,19,2,6,0,0,8,0,0,0,0,1,1,6,6,1,34,6,-1,-1,-1,-1,9,E01028535,1,-1
2023010486358,2023,010486358,1,1,9,99,99,9,9,99,99,9,9,99,9,99,9,1,2,2,1,60,9,-1,-1,-1,-1,7,E01002578,0,-1
2023010427152,2023,010427152,2,90,0,99,99,9,9,99,99,9,9,99,9,99,2,9,6,6,3,-1,-1,-1,-1,-1,-1,-1,-1,0,-1
2023332300849,2023,332300849,1,97,0,10,10,8,6,0,0,8,0,0,0,0,2,1,6,6,1,57,9,-1,-1,-1,-1,10,E01031318,0,-1
2023131305078,2023,131305078,2,1,0,4,4,7,3,0,0,0,0,0,0,0,1,1,5,6,1,7,2,-1,-1,-1,-1,7,E01011614,0,-1
2023061383442,2023,061383442,1,9,0,18,19,1,5,0,0,0,0,0,0,0,1,1,6,6,1,-1,-1,-1,-1,-1,-1,-1,-1,0,-1
2023052302426,2023,052302426,2,1,0,18,19,5,1,0,0,0,0,0,0,0,1,1,6,6,1,44,7,-1,-1,-1,-1,9,E01012392,0,-1
2023061340177,2023,061340177,2,1,0,18,19,2,6,0,0,8,0,0,0,0,4,1,6,6,2,70,10,-1,-1,-1,-1,10,E01004901,0,-1
2023122300106,2023,122300106,1,1,0,18,19,1,5,0,0,0,0,0,0,0,4,1,6,6,1,16,4,-1,-1,-1,-1,-1,-1,0,-1
2023461330062,2023,461330062,2,1,0,18,19,4,8,0,0,1,0,0,0,0,1,1,5,6,1,24,5,-1,-1,-1,-1,3,E01001752,0,-1
2023311352806,2023,311352806,2,1,0,18,19,3,3,5,5,0,0,0,0,0,1,1,6,6,1,-1,-1,-1,-1,-1,-1,-1,-1,0,-1
2023440496947,2023,440496947,1,19,0,18,19,8,4,0,0,2,0,0,0,0,1,1,6,6,3,-1,-1,-1,-1,-1,-1,-1,-1,0,-1
2023010450554,2023,010450554,2,1,0,9,9,7,5,0,0,2,0,0,0,0,1,1,6,6,1,10,2,-1,-1,-1,-1,2,E01002054,0,-1
2023430094210,2023,430094210,2,9,0,18,19,3,7,0,0,4,0,0,0,0,1,1,6,6,3,-1,-1,-1,-1,-1,-1,-1,-1,0,-1
2023991338422,2023,991338422,4,20,0,18,19,7,3,0,0,0,0,0,0,0,0,1,1,1,2,64,9,-1,-1,-1,-1,6,-1,0,-1
2023010477699,2023,010477699,2,19,0,99,99,9,9,99,99,5,9,99,9,99,1,9,6,6,3,-1,-1,-1,-1,-1,-1,-1,-1,0,-1
2023041348015,2023,041348015,1,1,0,18,19,3,7,0,0,8,5,0,0,0,4,1,5,6,1,17,4,-1,-1,-1,-1,1,E01012679,0,-1
2023052301551,2023,052301551,1,9,0,18,19,3,7,0,0,0,0,0,0,0,4,1,6,6,3,-1,-1,-1,-1,-1,-1,-1,-1,0,-1
2023461264675,2023,461264675,3,9,4,2,2,0,0,6,6,0,0,0,0,0,2,1,1,1,1,33,6,-1,-1,-1,-1,3,E01016171,0,-1
2023010467619,2023,010467619,2,1,0,18,19,3,7,0,0,1,2,0,0,0,1,1,2,2,1,36,7,-1,-1,-1,-1,4,E01002798,0,-1
2023311319953,2023,311319953,2,1,0,18,19,3,7,9,9,6,0,0,0,0,1,1,6,6,1,13,3,-1,-1,-1,-1,-1,-1,0,-1
2023522301724,2023,522301724,1,1,0,18,19,7,3,0,0,0,0,0,0,0,1,1,2,2,1,56,9,-1,-1,-1,-1,3,E01014811,0,-1
2023010484642,2023,010484642,1,4,0,3,3,1,5,0,0,0,0,0,0,0,2,1,6,6,1,23,5,-1,-1,-1,-1,2,E01002735,0,-1
2023010455925,2023,010455925,2,1,9,99,99,9,9,99,99,0,9,99,9,99,1,1,6,6,1,-1,-1,-1,-1,-1,-1,-1,-1,0,-1
2023430392450,2023,430392450,2,1,0,18,19,2,6,0,0,1,0,0,0,0,1,1,2,2,2,31,6,-1,-1,-1,-1,7,E01028521,0,-1
2023071308354,2023,071308354,1,9,0,15,15,8,4,0,0,0,5,10,1,1,3,1,1,1,1,32,6,-1,-1,-1,-1,-1,-1,0,-1
2023471286711,2023,471286711,1,9,0,9,9,1,7,0,0,1,0,0,0,0,1,1,6,6,2,-1,-1,-1,-1,-1,-1,-1,-1,0,-1
2023031379120,2023,031379120,1,-1,-1,18,19,7,3,0,0,0,0,0,0,0,1,1,6,6,1,-1,-1,-1,-1,-1,-1,-1,-1,0,-1
2023340WN1662,2023,340WN1662,1,19,0,18,19,2,6,0,0,0,0,0,0,0,1,1,6,6,1,-1,-1,-1,-1,-1,-1,-1,-1,0,-1
2023451290266,2023,451290266,2,9,0,18,19,1,5,0,0,4,0,0,0,0,1,1,6,6,3,33,6,-1,-1,-1,-1,-1,-1,0,-1
2023010434553,2023,010434553,4,19,0,18,19,7,3,0,0,1,1,0,0,0,1,1,6,6,1,30,6,-1,-1,-1,-1,5,E01000738,0,-1
2023131299874,2023,131299874,1,9,0,18,19,6,2,0,0,0,0,0,0,0,0,1,6,6,3,-1,-1,-1,-1,-1,-1,-1,-1,0,-1
2023351370225,2023,351370225,2,9,0,6,6,1,6,0,0,0,0,0,0,0,2,1,5,6,1,41,7,-1,-1,-1,-1,8,E01018206,0,-1
2023361383471,2023,361383471,2,1,0,3,3,-1,-1,0,0,0,5,0,0,0,-1,1,6,6,2,-1,-1,-1,-1,-1,-1,8,E01026855,0,-1
2023221345622,2023,221345622,2,9,0,18,19,7,3,0,0,0,0,0,0,0,1,1,6,6,1,40,7,-1,-1,-1,-1,5,E01032414,0,-1
2023161359003,2023,161359003,1,1,0,18,19,5,1,0,0,1,0,0,0,0,4,1,2,2,2,45,7,-1,-1,-1,-1,3,E01013259,0,-1
2023170M10893,2023,170M10893,1,-1,0,18,19,6,2,0,0,5,0,0,0,0,1,1,6,6,2,32,6,-1,-1,-1,-1,1,E01033469,1,-1
202360A077408,2023,60A077408,1,5,0,17,19,5,2,0,0,0,0,0,0,0,1,1,6,6,1,54,8,-1,-1,-1,-1,-1,-1,0,-1
2023010458852,2023,010458852,2,9,0,99,99,9,9,99,99,9,9,99,9,99,1,9,6,6,3,-1,-1,-1,-1,-1,-1,-1,-1,0,-1
2023201290768,2023,201290768,1,-1,0,18,19,2,6,0,0,0,0,0,0,0,3,1,6,6,1,44,7,-1,-1,-1,-1,5,E01009798,0,-1
2023302300305,2023,302300305,2,1,0,18,19,4,8,0,0,8,0,0,0,0,3,1,6,6,1,52,8,-1,-1,-1,-1,7,E01019656,0,-1
2023010454065,2023,010454065,1,9,0,18,19,3,7,0,0,0,0,4,0,0,1,1,6,6,1,36,7,-1,-1,-1,-1,-1,-1,0,-1
2023201283821,2023,201283821,1,9,0,18,19,-1,-1,0,0,4,0,0,0,0,1,1,6,6,3,-1,-1,-1,-1,-1,-1,-1,-1,0,-1
2023131325526,2023,131325526,1,9,0,18,19,7,1,0,0,0,0,0,0,0,1,1,6,6,3,-1,-1,-1,-1,-1,-1,-1,-1,0,-1
2023010438331,2023,010438331,1,1,0,18,19,7,3,0,0,1,5,0,0,0,1,1,6,6,1,30,6,-1,-1,-1,-1,3,E01002770,0,-1
2023461287268,2023,461287268,1,9,0,18,19,3,7,0,0,0,0,0,0,0,0,1,6,6,3,-1,-1,-1,-1,-1,-1,-1,-1,0,-1
2023131378803,2023,131378803,1,9,0,-1,-1,-1,-1,-1,-1,0,-1,-1,-1,-1,-1,1,6,6,3,-1,-1,-1,-1,-1,-1,-1,-1,0,-1
2023141366993,2023,141366993,2,1,0,9,9,5,3,0,0,1,0,0,0,0,1,1,2,2,2,-1,-1,-1,-1,-1,-1,9,E01007617,0,-1
2023010465373,2023,010465373,1,1,9,99,99,9,9,99,99,9,9,99,9,99,9,1,2,2,1,59,9,-1,-1,-1,-1,7,E01002836,0,-1
2023101354648,2023,101354648,2,1,0,18,19,1,1,0,0,0,0,0,0,0,1,1,6,6,1,35,6,-1,-1,-1,-1,5,E01008830,0,-1
2023451261723,2023,451261723,1,9,0,18,19,7,3,0,0,0,0,0,0,0,1,1,2,2,1,39,7,-1,-1,-1,-1,10,E01030726,0,-1
2023010435135,2023,010435135,1,11,0,9,9,1,7,2,2,5,0,0,0,0,0,1,1,1,1,39,7,-1,-1,-1,-1,2,E01001339,0,-1
2023201297795,2023,201297795,1,9,0,18,19,5,8,0,0,2,0,0,0,0,1,1,6,6,1,20,4,-1,-1,-1,-1,1,E01010374,0,-1
2023010422825,2023,010422825,3,90,9,99,99,9,9,99,99,9,9,99,9,99,9,9,6,6,3,-1,-1,-1,-1,-1,-1,-1,-1,0,-1
2023121345088,2023,121345088,1,9,0,18,19,7,3,0,0,0,0,0,0,0,0,1,6,6,3,-1,-1,-1,-1,-1,-1,-1,-1,0,-1
2023010457774,2023,010457774,1,8,0,5,5,6,2,0,0,2,0,0,0,0,3,1,6,6,1,23,5,-1,-1,-1,-1,-1,-1,0,-1
2023991298236,2023,991298236,2,1,0,18,19,3,7,0,0,0,0,0,0,0,2,1,5,6,1,70,10,-1,-1,-1,-1,-1,-1,0,-1
2023131355798,2023,131355798,2,9,0,18,19,1,5,0,0,1,0,0,0,0,2,1,1,1,1,41,7,-1,-1,-1,-1,1,E01010607,0,-1
2023201373614,2023,201373614,2,9,0,18,19,6,2,0,0,0,0,0,0,0,1,1,6,6,3,-1,-1,-1,-1,-1,-1,-1,-1,0,-1
2023544715323,2023,544715323,2,1,0,18,19,3,7,0,0,0,0,0,0,0,1,1,6,6,1,46,8,-1,-1,-1,-1,2,E01015528,0,-1
2023122300515,2023,122300515,2,1,0,18,19,5,1,0,0,0,0,0,1,0,2,1,6,6,1,71,10,-1,-1,-1,-1,8,E01027588,0,-1
2023522301864,2023,522301864,1,1,0,15,15,1,5,0,0,8,0,0,0,0,3,1,6,6,2,23,5,-1,-1,-1,-1,9,E01014619,0,-1
2023541730023,2023,541730023,1,9,0,9,9,6,4,0,0,4,0,0,0,0,1,1,6,6,3,-1,-1,-1,-1,-1,-1,-1,-1,0,-1
2023010433295,2023,010433295,1,1,9,99,99,9,9,99,99,9,9,99,9,99,9,1,6,6,1,28,6,-1,-1,-1,-1,3,E01003550,0,-1
2023170L40133,2023,170L40133,2,1,0,18,19,3,7,0,0,8,0,0,0,0,4,1,6,6,2,65,9,-1,-1,-1,-1,9,E01012180,0,-1
2023161268991,2023,161268991,2,23,0,18,19,7,3,0,0,8,0,0,0,0,1,1,5,6,1,22,5,-1,-1,-1,-1,4,E01013314,0,-1
202363D003823,2023,63D003823,1,9,0,5,5,2,6,0,0,6,0,0,0,0,1,1,6,6,1,37,7,-1,-1,-1,-1,3,E01005208,0,-1
2023421284270,2023,421284270,1,-1,0,-1,-1,-1,-1,-1,-1,0,-1,-1,-1,0,-1,1,6,6,1,12,3,-1,-1,-1,-1,9,E01021523,1,-1
2023122301434,2023,122301434,2,1,0,18,19,3,7,0,0,0,0,0,0,0,4,1,6,6,3,19,4,-1,-1,-1,-1,6,E01013369,0,-1
2023221392677,2023,221392677,1,1,0,18,19,3,7,9,9,0,0,6,0,0,4,1,3,7,1,15,3,-1,-1,-1,-1,2,E01032333,0,-1
2023351352043,2023,351352043,2,9,0,18,19,-1,-1,0,0,0,0,0,0,0,1,1,6,6,3,-1,-1,-1,-1,-1,-1,-1,-1,0,-1
2023010452019,2023,010452019,1,1,9,99,99,9,9,99,99,9,9,99,9,99,9,1,2,2,1,26,6,-1,-1,-1,-1,3,E01004038,0,-1
2023052301942,2023,052301942,2,1,0,18,19,1,7,0,0,1,0,0,0,0,1,1,6,6,1,16,4,-1,-1,-1,-1,1,E01006552,0,-1
2023131312355,2023,131312355,2,1,0,18,19,3,6,0,0,0,0,0,0,0,2,1,5,6,2,47,8,-1,-1,-1,-1,8,E01010896,0,-1
2023010459068,2023,010459068,1,1,9,99,99,9,9,99,99,9,9,99,9,99,9,1,6,6,1,51,8,-1,-1,-1,-1,-1,-1,0,-1
2023471361750,2023,471361750,2,1,0,18,19,6,2,9,9,1,0,0,0,0,1,1,2,2,2,29,6,-1,-1,-1,-1,3,E01031441,0,-1
2023302301616,2023,302301616,1,9,0,9,9,4,2,0,0,2,0,0,0,0,1,1,6,6,3,-1,-1,-1,-1,-1,-1,5,E01019456,0,-1
2023631311516,2023,631311516,2,1,0,18,19,8,4,0,0,0,0,0,0,0,1,1,5,6,1,38,7,-1,-1,-1,-1,8,W01000517,0,-1
2023421277895,2023,421277895,3,90,0,18,19,1,5,0,0,1,0,0,0,0,1,1,6,6,1,61,9,-1,-1,-1,-1,-1,-1,0,-1
2023430268584,2023,430268584,1,1,0,7,7,3,5,0,0,8,1,0,0,0,0,1,6,6,1,74,10,-1,-1,-1,-1,10,E01028702,0,-1
2023320370572,2023,320370572,1,1,0,18,19,2,6,0,0,0,0,4,0,0,1,1,6,6,1,44,7,-1,-1,-1,-1,9,E01026273,0,-1
2023201276632,2023,201276632,1,9,0,7,7,6,8,0,0,6,0,0,0,0,1,1,6,6,3,-1,-1,-1,-1,-1,-1,-1,-1,0,-1
2023440316282,2023,440316282,2,97,0,18,19,5,1,0,0,1,0,0,0,0,1,1,6,6,1,35,6,-1,-1,-1,-1,-1,-1,0,-1
2023010477994,2023,010477994,2,9,0,18,19,3,7,0,0,8,0,0,0,0,1,1,6,6,3,-1,-1,-1,-1,-1,-1,-1,-1,0,-1
2023430260322,2023,430260322,2,2,0,18,19,4,7,0,0,6,0,0,0,0,1,1,6,6,1,18,4,-1,-1,-1,-1,-1,-1,0,-1
2023201304371,2023,201304371,3,-1,0,2,2,0,0,0,0,0,0,4,0,0,1,1,5,6,3,-1,-1,-1,-1,-1,-1,-1,-1,0,-1
2023052302779,2023,052302779,1,10,0,18,19,5,1,0,0,8,0,0,0,0,1,1,1,1,1,-1,-1,-1,-1,-1,-1,-1,-1,0,-1
2023430365625,2023,430365625,1,1,0,18,19,8,4,9,9,0,0,0,0,0,3,1,6,6,1,43,7,-1,-1,-1,-1,2,E01016450,0,-1
2023531317217,2023,531317217,1,1,0,18,19,3,7,0,0,0,0,0,0,0,0,1,5,6,1,65,9,-1,-1,-1,-1,10,E01022318,0,-1
2023141345259,2023,141345259,2,1,0,5,5,1,5,0,0,4,0,0,0,0,4,1,6,6,1,36,7,-1,-1,-1,-1,5,E01007980,0,-1
2023010439448,2023,010439448,2,1,0,18,19,1,5,0,0,8,0,0,0,0,1,1,2,2,1,27,6,-1,-1,-1,-1,8,E01030622,0,-1
2023430082507,2023,430082507,2,1,0,18,19,2,6,0,0,8,0,0,0,0,4,1,6,6,1,67,10,-1,-1,-1,-1,8,E01028715,0,-1
2023351309156,2023,351309156,2,1,0,18,19,-1,-1,0,0,0,0,0,0,0,2,1,5,6,2,63,9,-1,-1,-1,-1,-1,-1,0,-1
2023010434027,2023,010434027,2,9,0,13,13,7,3,0,0,1,0,0,0,0,4,1,6,6,3,-1,-1,-1,-1,-1,-1,-1,-1,0,-1
2023332300524,2023,332300524,2,9,0,7,7,1,3,2,2,6,0,0,0,0,3,1,1,1,1,66,10,-1,-1,-1,-1,2,E01010305,0,-1
2023522301286,2023,522301286,1,-1,0,3,3,7,3,0,0,1,0,0,0,0,2,1,6,6,1,46,8,-1,-1,-1,-1,1,E01014574,1,-1
2023201284429,2023,201284429,2,97,0,18,19,7,3,0,0,8,0,0,0,0,2,1,6,6,1,39,7,-1,-1,-1,-1,2,E01010016,0,-1
2023401275511,2023,401275511,1,1,-1,18,19,7,3,0,0,2,0,0,0,0,1,1,6,6,3,-1,-1,-1,-1,-1,-1,-1,-1,0,-1
2023371279388,2023,371279388,2,1,0,18,19,4,6,0,0,8,0,0,0,0,4,1,6,6,2,62,9,-1,-1,-1,-1,5,E01030165,0,-1
2023141329032,2023,141329032,1,1,0,18,19,7,3,0,0,0,0,0,0,0,2,1,5,6,1,17,4,-1,-1,-1,-1,1,E01007734,0,-1
2023201387948,2023,201387948,2,-1,0,18,19,4,8,0,0,0,0,0,0,0,4,1,6,6,1,37,7,-1,-1,-1,-1,1,E01033648,0,-1
2023010441374,2023,010441374,2,90,0,99,99,9,9,99,99,0,9,99,9,99,2,9,6,6,3,-1,-1,-1,-1,-1,-1,-1,-1,0,-1
2023451370347,2023,451370347,2,1,0,18,19,2,6,0,0,1,0,0,0,0,4,1,5,6,1,59,9,-1,-1,-1,-1,6,E01001163,0,-1
2023010437066,2023,010437066,2,1,0,18,19,3,7,4,4,1,0,0,0,0,4,1,2,2,1,23,5,-1,-1,-1,-1,4,E01001252,0,-1
2023131280578,2023,131280578,1,9,0,-1,-1,-1,-1,-1,-1,-1,-1,-1,-1,-1,-1,1,6,6,3,99,11,-1,-1,-1,-1,-1,-1,0,-1
2023010454442,2023,010454442,1,-1,9,99,99,9,9,99,99,9,9,99,9,99,9,9,6,6,3,-1,-1,-1,-1,-1,-1,-1,-1,1,-1
2023221378344,2023,221378344,2,1,0,4,4,6,2,0,0,1,0,0,0,0,2,1,6,6,2,60,9,-1,-1,-1,-1,5,E01028948,0,-1
2023010478252,2023,010478252,1,19,0,9,9,3,1,0,0,5,0,0,0,0,4,1,6,6,1,40,7,-1,-1,-1,-1,4,E01003230,0,-1
2023010435081,2023,010435081,2,1,0,18,19,5,1,0,0,8,0,0,0,0,4,1,1,1,1,24,5,-1,-1,-1,-1,5,E01033489,0,-1
2023411337499,2023,411337499,1,9,0,18,19,1,5,0,0,0,0,0,0,0,1,1,6,6,1,41,7,-1,-1,-1,-1,-1,-1,0,-1
2023401390018,2023,401390018,2,98,0,18,19,-1,-1,0,0,0,0,0,0,0,0,1,6,6,3,-1,-1,-1,-1,-1,-1,-1,-1,0,-1
2023201285325,2023,201285325,2,9,0,18,19,1,6,0,0,8,0,0,0,0,1,1,6,6,1,-1,-1,-1,-1,-1,-1,1,E01010131,0,-1
2023361285691,2023,361285691,1,1,0,18,19,7,3,-1,-1,0,2,0,0,0,0,1,1,1,1,21,5,-1,-1,-1,-1,6,E01026664,0,-1
2023991357629,2023,991357629,2,1,0,9,9,2,7,0,0,1,0,0,0,0,4,1,1,1,1,40,7,-1,-1,-1,-1,1,-1,0,-1
2023010463883,2023,010463883,1,1,9,99,99,9,9,99,99,9,9,99,9,99,1,1,6,6,2,28,6,-1,-1,-1,-1,5,E01000629,0,-1
2023522300726,2023,522300726,1,9,0,8,8,4,6,0,0,1,0,0,0,0,2,1,6,6,1,29,6,-1,-1,-1,-1,-1,-1,0,-1
2023010434483,2023,010434483,1,97,0,7,7,4,7,0,0,1,0,0,0,0,1,1,6,6,3,-1,-1,-1,-1,-1,-1,-1,-1,0,-1
2023522300812,2023,522300812,1,9,0,9,9,1,7,0,0,8,0,0,0,0,1,1,6,6,1,48,8,-1,-1,-1,-1,8,E01015012,0,-1
2023501263944,2023,501263944,1,9,0,5,5,1,5,0,0,6,0,0,0,0,3,1,6,6,3,-1,-1,-1,-1,-1,-1,-1,-1,0,-1
2023340WN2262,2023,340WN2262,1,9,0,18,19,5,1,0,0,3,0,0,0,0,1,1,6,6,3,-1,-1,-1,-1,-1,-1,-1,-1,0,-1
2023351341825,2023,351341825,2,1,0,9,9,6,3,0,0,0,0,0,0,0,3,1,6,6,3,-1,-1,-1,-1,-1,-1,-1,-1,0,-1
2023451379233,2023,451379233,2,1,0,18,19,3,1,0,0,1,0,0,0,0,3,1,5,6,2,72,10,-1,-1,-1,-1,10,E01030727,0,-1
2023401310859,2023,401310859,1,-1,0,7,7,2,4,0,0,1,0,0,0,0,4,1,6,6,3,-1,-1,-1,-1,-1,-1,-1,-1,0,-1
2023170S20703,2023,170S20703,2,1,0,18,19,7,3,0,0,2,0,0,0,0,2,1,6,6,2,13,3,-1,-1,-1,-1,4,E01012277,0,-1
2023161381143,2023,161381143,2,1,0,18,19,7,3,0,0,8,0,0,0,0,2,1,6,6,1,27,6,-1,-1,-1,-1,9,E01013193,0,-1
2023421290229,2023,421290229,2,9,0,18,19,1,5,0,0,0,0,0,1,0,3,1,1,1,1,71,10,-1,-1,-1,-1,8,E01021881,0,-1
2023552300389,2023,552300389,2,1,0,18,19,7,3,0,0,8,0,0,0,0,3,1,6,6,1,44,7,-1,-1,-1,-1,6,E01015454,0,-1
2023010463152,2023,010463152,2,1,0,14,14,3,7,0,0,1,5,0,0,0,4,1,1,1,1,23,5,-1,-1,-1,-1,2,E01001249,0,-1
2023440443298,2023,440443298,1,1,0,18,19,6,2,0,0,1,0,0,0,0,1,1,6,6,1,46,8,-1,-1,-1,-1,10,E01032854,0,-1
2023010421403,2023,010421403,1,9,0,99,99,9,9,99,99,9,9,99,9,99,9,9,6,6,3,-1,-1,-1,-1,-1,-1,-1,-1,0,-1
2023440452437,2023,440452437,1,1,0,18,19,1,5,0,0,1,0,0,0,0,4,1,6,6,1,22,5,-1,-1,-1,-1,10,E01022688,0,-1
2023201391931,2023,201391931,1,9,0,18,19,5,1,0,0,2,0,0,0,0,1,1,6,6,1,-1,-1,-1,-1,-1,-1,-1,-1,0,-1
2023302300132,2023,302300132,1,9,0,18,19,2,6,9,9,2,0,0,0,0,4,1,6,6,3,-1,-1,-1,-1,-1,-1,5,E01019456,0,-1
2023101271144,2023,101271144,2,1,0,14,14,8,3,0,0,0,0,0,0,0,4,1,2,2,2,43,7,-1,-1,-1,-1,7,E01027496,0,-1
2023430540714,2023,430540714,2,9,0,18,19,7,3,0,0,4,0,0,0,0,1,1,6,6,3,-1,-1,-1,-1,-1,-1,-1,-1,0,-1
2023010432206,2023,010432206,2,1,0,18,19,5,1,3,2,2,0,0,0,0,1,1,6,6,1,44,7,-1,-1,-1,-1,-1,-1,0,-1
2023991295552,2023,991295552,2,1,0,2,2,0,0,9,9,1,0,0,0,0,1,1,6,6,3,-1,-1,-1,-1,-1,-1,-1,-1,0,-1
2023141382265,2023,141382265,1,9,0,18,19,3,6,0,0,0,0,0,0,0,1,1,6,6,3,-1,-1,-1,-1,-1,-1,-1,-1,0,-1
2023201292322,2023,201292322,2,-1,0,18,19,-1,-1,0,0,8,0,0,0,0,1,1,6,6,3,-1,-1,-1,-1,-1,-1,-1,-1,0,-1
2023010429404,2023,010429404,2,1,0,18,19,3,7,0,0,1,1,0,0,0,1,1,2,2,2,34,6,-1,-1,-1,-1,1,E01004702,0,-1
2023201364173,2023,201364173,1,-1,0,13,13,4,8,0,0,1,0,0,0,0,1,1,6,6,1,-1,-1,-1,-1,-1,-1,-1,-1,1,-1
2023201370623,2023,201370623,2,9,0,9,9,8,6,0,0,8,0,0,0,0,3,1,6,6,3,-1,-1,-1,-1,-1,-1,-1,-1,0,-1
2023421379741,2023,421379741,1,9,0,18,19,7,3,0,0,2,0,0,0,0,1,1,6,6,3,-1,-1,-1,-1,-1,-1,-1,-1,0,-1
2023332301208,2023,332301208,1,9,0,18,19,9,9,0,0,2,0,0,0,0,9,1,6,6,3,-1,-1,-1,-1,-1,-1,-1,-1,0,-1
2023131391252,2023,131391252,1,97,0,-1,-1,-1,-1,-1,-1,0,-1,-1,-1,-1,-1,1,6,6,1,20,4,-1,-1,-1,-1,8,E01010905,0,-1
2023010450726,2023,010450726,1,1,0,18,19,1,5,0,0,2,0,0,0,0,4,1,6,6,1,38,7,-1,-1,-1,-1,2,E01001828,0,-1
2023332300167,2023,332300167,2,9,0,18,19,2,6,0,0,8,0,0,0,0,1,1,6,6,1,89,11,-1,-1,-1,-1,5,E01025858,0,-1
2023991294144,2023,991294144,2,90,0,16,19,4,6,0,0,0,0,0,0,0,0,1,6,6,3,-1,-1,-1,-1,-1,-1,-1,-1,0,-1
2023311306910,2023,311306910,1,9,0,18,19,1,5,0,0,2,0,0,0,0,1,1,6,6,1,70,10,-1,-1,-1,-1,-1,-1,0,-1
2023501296876,2023,501296876,2,1,0,18,19,3,7,0,0,1,0,0,0,0,1,1,6,6,2,22,5,-1,-1,-1,-1,6,E01020029,0,-1
2023461363440,2023,461363440,2,9,0,3,3,7,3,0,0,0,0,0,0,0,2,1,6,6,1,56,9,-1,-1,-1,-1,4,E01024570,0,-1
2023302301009,2023,302301009,2,1,0,18,19,4,8,0,0,2,0,0,0,0,1,1,6,6,1,64,9,-1,-1,-1,-1,4,E01028130,0,-1
2023041371992,2023,041371992,3,9,0,18,19,1,5,0,0,1,0,0,0,0,2,1,6,6,2,48,8,-1,-1,-1,-1,3,E01012662,0,-1
2023041375450,2023,041375450,1,98,0,17,19,1,5,0,0,1,0,0,0,0,4,1,6,6,3,-1,-1,-1,-1,-1,-1,-1,-1,0,-1
2023411381363,2023,411381363,1,1,0,16,19,5,1,0,0,8,0,0,0,0,1,1,6,6,1,50,8,-1,-1,-1,-1,10,E01023815,0,-1
2023531374755,2023,531374755,1,1,0,12,12,3,7,0,0,0,0,0,0,0,1,1,5,6,1,46,8,-1,-1,-1,-1,5,E01022459,0,-1
2023302300940,2023,302300940,2,20,0,18,19,3,7,0,0,0,0,0,0,0,3,1,6,6,3,-1,-1,-1,-1,-1,-1,5,E01019456,0,-1
2023351305729,2023,351305729,1,9,0,5,5,7,3,0,0,6,0,0,0,0,1,1,6,6,1,34,6,-1,-1,-1,-1,1,E01015611,0,-1
2023351311479,2023,351311479,2,1,0,10,10,2,8,0,0,1,0,0,0,0,1,1,6,6,2,59,9,-1,-1,-1,-1,8,E01018000,0,-1
2023351366838,2023,351366838,2,-1,0,5,5,1,5,0,0,1,0,0,0,0,3,1,2,2,1,27,6,-1,-1,-1,-1,1,E01015609,1,-1
2023421290525,2023,421290525,1,-1,0,7,7,5,8,9,9,0,0,0,0,0,3,1,6,6,1,41,7,-1,-1,-1,-1,10,E01021616,1,-1
2023070861729,2023,070861729,1,9,0,18,19,5,1,0,0,0,0,0,0,0,1,1,6,6,3,-1,-1,-1,-1,-1,-1,-1,-1,0,-1
2023010458695,2023,010458695,1,1,9,99,99,9,9,99,99,9,9,99,9,99,1,1,2,2,1,24,5,-1,-1,-1,-1,3,E01002057,0,-1
2023010426208,2023,010426208,2,9,9,18,19,7,3,0,0,1,9,0,0,0,1,9,6,6,3,-1,-1,-1,-1,-1,-1,-1,-1,0,-1
2023471369929,2023,471369929,1,9,0,18,19,3,7,0,0,0,1,0,1,9,4,1,2,2,1,25,5,-1,-1,-1,-1,4,E01016902,0,-1
2023430263330,2023,430263330,1,1,0,9,9,1,7,0,0,6,0,0,0,0,1,1,6,6,1,42,7,-1,-1,-1,-1,6,E01028551,0,-1
202354C415123,2023,54C415123,1,9,0,18,19,5,1,0,0,0,0,0,0,0,4,1,6,6,3,-1,-1,-1,-1,-1,-1,-1,-1,0,-1
2023131274927,2023,131274927,1,90,0,2,2,0,0,0,0,0,0,0,0,0,2,1,6,6,3,-1,-1,-1,-1,-1,-1,-1,-1,0,-1
2023991322482,2023,991322482,2,9,0,17,19,2,6,0,0,0,0,0,0,0,1,1,1,1,2,56,9,-1,-1,-1,-1,5,-1,0,-1
2023131366116,2023,131366116,2,11,0,18,19,5,1,0,0,1,0,0,0,0,2,1,5,6,2,64,9,-1,-1,-1,-1,1,E01033471,0,-1
2023201317705,2023,201317705,2,9,0,18,19,6,2,0,0,8,0,0,0,0,4,1,6,6,1,41,7,-1,-1,-1,-1,2,E01010265,0,-1
2023451371147,2023,451371147,2,9,0,7,7,1,3,0,0,8,0,0,0,0,0,1,6,6,3,38,7,-1,-1,-1,-1,-1,-1,0,-1
2023411339035,2023,411339035,2,1,0,18,19,8,4,0,0,8,0,0,0,0,3,1,6,6,1,44,7,-1,-1,-1,-1,9,E01023428,0,-1
2023131294812,2023,131294812,2,1,0,18,19,8,4,9,9,8,0,0,0,0,1,1,5,6,1,13,3,-1,-1,-1,-1,1,E01011671,0,-1
2023010463358,2023,010463358,1,1,9,99,99,9,9,99,99,9,9,99,9,99,9,1,6,6,1,27,6,-1,-1,-1,-1,4,E01003031,0,-1
2023401340646,2023,401340646,1,-1,0,-1,-1,-1,-1,-1,-1,0,-1,-1,-1,0,-1,1,6,6,2,-1,-1,-1,-1,-1,-1,-1,-1,1,-1
2023340NN1882,2023,340NN1882,1,9,0,9,9,4,2,0,0,8,0,0,0,0,3,1,6,6,1,32,6,-1,-1,-1,-1,-1,-1,0,-1