collision_index,collision_year,collision_ref_no,vehicle_reference,vehicle_type,towing_and_articulation,vehicle_manoeuvre_historic,vehicle_manoeuvre,vehicle_direction_from,vehicle_direction_to,vehicle_location_restricted_lane_historic,vehicle_location_restricted_lane,junction_location,skidding_and_overturning,hit_object_in_carriageway,vehicle_leaving_carriageway,hit_object_off_carriageway,first_point_of_impact,vehicle_left_hand_drive,journey_purpose_of_driver_historic,journey_purpose_of_driver,sex_of_driver,age_of_driver,age_band_of_driver,engine_capacity_cc,propulsion_code,age_of_vehicle,generic_make_model,driver_imd_decile,lsoa_of_driver,escooter_flag,driver_distance_banding
2023010427711,2023,010427711,1,9,0,18,19,3,7,0,0,1,0,0,0,0,1,1,6,6,1,-1,-1,-1,-1,-1,-1,-1,-1,0,-1
2023481356368,2023,481356368,1,9,0,1,1,1,5,0,0,0,0,0,0,0,2,1,6,6,3,49,8,-1,-1,-1,-1,-1,-1,0,-1
2023010485907,2023,010485907,2,1,0,18,19,7,3,0,0,8,5,0,0,0,1,1,6,6,1,26,6,-1,-1,-1,-1,4,E01003353,0,-1
2023010441837,2023,010441837,2,9,0,18,19,4,8,0,0,0,0,0,0,0,1,1,6,6,3,-1,-1,-1,-1,-1,-1,-1,-1,0,-1
2023031341262,2023,031341262,1,-1,-1,-1,-1,5,4,-1,-1,0,-1,-1,-1,0,-1,1,6,6,3,-1,-1,-1,-1,-1,-1,-1,-1,0,-1
2023010440003,2023,010440003,2,1,0,18,19,7,3,9,9,1,0,0,0,0,4,1,6,6,1,-1,-1,-1,-1,-1,-1,-1,-1,0,-1
2023201292049,2023,201292049,2,1,0,18,19,6,2,0,0,3,0,0,0,0,4,1,1,1,1,31,6,-1,-1,-1,-1,4,E01010006,0,-1
2023101289952,2023,101289952,1,90,0,18,19,3,7,0,0,0,0,0,0,0,1,1,6,6,1,23,5,-1,-1,-1,-1,2,E01008670,0,-1
2023201304273,2023,201304273,1,9,0,3,3,8,4,0,0,0,0,0,0,0,1,1,6,6,1,34,6,-1,-1,-1,-1,2,E01010020,0,-1
2023440433574,2023,440433574,1,1,0,18,19,2,5,0,0,1,0,0,0,0,1,1,6,6,1,25,5,-1,-1,-1,-1,2,E01017106,0,-1
2023201413911,2023,201413911,2,9,0,13,13,4,8,0,0,0,0,0,0,0,1,1,6,6,3,-1,-1,-1,-1,-1,-1,-1,-1,0,-1
2023041294645,2023,041294645,1,97,0,17,19,3,7,0,0,1,2,0,1,9,1,1,5,6,1,70,10,-1,-1,-1,-1,8,E01025344,0,-1
2023351268830,2023,351268830,2,9,0,16,19,3,5,0,0,4,0,0,0,0,2,1,1,1,1,54,8,-1,-1,-1,-1,4,E01032639,0,-1
2023311301845,2023,311301845,1,9,0,18,19,7,3,0,0,1,0,0,0,0,1,1,6,6,3,-1,-1,-1,-1,-1,-1,-1,-1,0,-1
2023010454213,2023,010454213,2,9,0,18,19,2,6,0,0,8,0,0,0,0,3,1,6,6,2,57,9,-1,-1,-1,-1,3,E01000432,0,-1
2023440109053,2023,440109053,1,-1,0,18,19,1,5,0,0,1,0,8,0,0,4,1,2,2,2,23,5,-1,-1,-1,-1,7,E01017041,1,-1
2023010474053,2023,010474053,1,19,0,4,4,3,7,0,0,1,0,0,0,0,2,1,6,6,3,-1,-1,-1,-1,-1,-1,-1,-1,0,-1
2023622300879,2023,622300879,1,4,0,18,19,4,8,0,0,1,0,0,0,0,1,1,6,6,1,16,4,-1,-1,-1,-1,3,W01001153,0,-1
202354B573123,2023,54B573123,2,1,0,18,19,5,1,0,0,1,0,0,0,0,1,1,6,6,2,33,6,-1,-1,-1,-1,5,E01015554,0,-1
2023122300123,2023,122300123,2,1,0,9,9,7,3,0,0,8,0,0,0,0,4,1,6,6,1,68,10,-1,-1,-1,-1,10,E01013357,0,-1
2023471384476,2023,471384476,1,9,0,5,5,5,1,0,0,0,0,0,0,0,1,1,6,6,2,31,6,-1,-1,-1,-1,9,E01031625,0,-1
202363A028723,2023,63A028723,2,9,0,2,2,0,0,0,0,2,0,0,0,0,4,1,6,6,1,26,6,-1,-1,-1,-1,-1,-1,0,-1
2023371353284,2023,371353284,1,9,0,18,19,1,5,0,0,1,0,0,0,0,1,1,5,6,1,55,8,-1,-1,-1,-1,6,E01030037,0,-1
2023201342123,2023,201342123,2,1,0,9,9,2,8,0,0,5,0,0,0,0,4,1,6,6,1,43,7,-1,-1,-1,-1,7,E01010516,0,-1
2023351322005,2023,351322005,1,9,0,13,13,-1,-1,0,0,8,0,0,0,0,4,1,6,6,1,-1,-1,-1,-1,-1,-1,-1,-1,0,-1
2023131349242,2023,131349242,2,1,0,18,19,1,5,2,2,0,0,0,0,0,1,1,2,2,2,51,8,-1,-1,-1,-1,7,E01027653,0,-1
2023501338009,2023,501338009,2,9,0,18,19,5,1,0,0,0,0,0,0,0,1,1,5,6,1,24,5,-1,-1,-1,-1,7,E01018795,0,-1
2023161379411,2023,161379411,1,-1,0,18,19,3,7,0,0,1,0,0,0,0,0,1,5,6,1,11,3,-1,-1,-1,-1,1,E01013181,1,-1
2023471320035,2023,471320035,1,1,0,18,19,6,2,0,0,1,0,0,0,0,4,1,5,6,1,12,3,-1,-1,-1,-1,3,E01020930,0,-1
2023071119903,2023,071119903,1,9,0,15,15,4,8,0,0,0,0,0,0,0,3,1,1,1,1,32,6,-1,-1,-1,-1,-1,-1,0,-1
2023522400287,2023,522400287,1,1,0,18,19,4,8,0,0,8,0,0,0,0,1,1,6,6,1,16,4,-1,-1,-1,-1,5,E01015006,0,-1
2023451329203,2023,451329203,2,1,0,4,4,3,7,9,9,1,0,0,0,0,1,1,6,6,1,41,7,-1,-1,-1,-1,8,E01030622,0,-1
2023101277660,2023,101277660,1,21,1,12,12,3,1,0,0,0,0,0,0,0,3,1,6,6,3,-1,-1,-1,-1,-1,-1,-1,-1,0,-1
2023501345767,2023,501345767,2,90,0,5,5,3,7,0,0,0,0,0,0,0,1,1,5,6,1,3,1,-1,-1,-1,-1,10,E01016282,0,-1
2023122300208,2023,122300208,2,1,0,18,19,2,6,0,0,0,0,0,0,0,3,1,6,6,1,33,6,-1,-1,-1,-1,2,E01013349,0,-1
2023440326510,2023,440326510,1,1,0,18,19,6,2,0,0,2,0,0,0,0,1,1,6,6,1,27,6,-1,-1,-1,-1,-1,-1,0,-1
2023522400540,2023,522400540,2,19,0,18,19,4,8,0,0,0,0,0,0,0,2,1,6,6,3,-1,-1,-1,-1,-1,-1,-1,-1,0,-1
2023421372038,2023,421372038,2,1,0,18,19,1,5,0,0,0,0,0,0,0,-1,1,6,6,1,9,2,-1,-1,-1,-1,6,E01015864,0,-1
2023430070342,2023,430070342,2,9,0,10,10,4,8,0,0,1,0,0,0,0,2,1,1,1,1,30,6,-1,-1,-1,-1,-1,-1,0,-1
2023010439923,2023,010439923,2,9,0,99,99,9,9,99,99,9,9,99,9,99,9,9,6,6,3,-1,-1,-1,-1,-1,-1,-1,-1,0,-1
2023010459109,2023,010459109,1,90,0,99,99,9,9,99,99,9,9,99,9,99,9,9,6,6,3,-1,-1,-1,-1,-1,-1,-1,-1,0,-1
2023302300710,2023,302300710,2,9,0,2,2,0,0,0,0,1,0,0,0,0,0,1,6,6,3,-1,-1,-1,-1,-1,-1,5,E01019456,0,-1
2023010455688,2023,010455688,2,9,0,99,99,9,9,99,99,9,9,99,9,99,1,9,6,6,3,41,7,-1,-1,-1,-1,4,E01002307,0,-1
2023101350436,2023,101350436,2,9,0,18,19,7,2,0,0,8,0,0,0,0,0,1,6,6,3,45,7,-1,-1,-1,-1,-1,-1,0,-1
2023401349942,2023,401349942,1,-1,0,18,19,-1,-1,0,0,0,0,0,0,0,1,1,6,6,1,-1,-1,-1,-1,-1,-1,-1,-1,1,-1
2023430123419,2023,430123419,1,1,0,18,19,6,2,0,0,6,0,0,0,0,1,1,1,1,2,43,7,-1,-1,-1,-1,4,E01016361,0,-1
2023010439482,2023,010439482,1,1,0,5,5,7,3,4,4,5,0,0,0,0,4,1,6,6,1,37,7,-1,-1,-1,-1,2,E01033707,0,-1
2023430537115,2023,430537115,1,9,0,18,19,3,7,0,0,0,0,0,0,0,4,1,6,6,2,30,6,-1,-1,-1,-1,-1,-1,0,-1
2023070306282,2023,070306282,2,1,0,18,19,7,3,9,9,0,0,0,0,0,3,1,2,2,2,49,8,-1,-1,-1,-1,2,E01018539,0,-1
2023041271722,2023,041271722,2,1,0,16,19,4,7,0,0,2,0,0,1,7,1,1,5,6,1,37,7,-1,-1,-1,-1,-1,-1,0,-1
2023010481256,2023,010481256,1,1,0,18,19,7,3,0,0,8,0,0,0,0,1,1,2,2,1,20,4,-1,-1,-1,-1,5,E01023584,0,-1
2023010464481,2023,010464481,2,1,0,18,19,3,7,4,4,2,0,0,0,0,3,1,2,2,1,46,8,-1,-1,-1,-1,2,E01001351,0,-1
2023170S22013,2023,170S22013,1,9,0,18,19,2,6,0,0,0,0,0,0,0,4,1,3,7,2,39,7,-1,-1,-1,-1,3,E01012196,0,-1
2023542617523,2023,542617523,1,9,0,18,19,4,8,0,0,1,0,0,0,0,1,1,2,2,1,21,5,-1,-1,-1,-1,4,E01017297,0,-1
2023101277274,2023,101277274,2,1,0,9,9,4,7,0,0,1,0,0,0,0,2,1,2,2,1,56,9,-1,-1,-1,-1,2,E01008492,0,-1
2023010467900,2023,010467900,2,1,9,99,99,9,9,99,99,9,9,99,9,99,9,1,6,6,3,-1,-1,-1,-1,-1,-1,-1,-1,0,-1
2023141322266,2023,141322266,1,9,0,18,19,8,4,0,0,0,0,0,0,0,1,1,6,6,3,-1,-1,-1,-1,-1,-1,-1,-1,0,-1
2023411340353,2023,411340353,2,1,0,18,19,6,2,0,0,0,5,0,0,0,4,1,5,6,2,40,7,-1,-1,-1,-1,6,E01023903,0,-1
2023131341060,2023,131341060,2,90,0,18,19,1,1,9,9,1,0,0,0,0,1,1,5,6,1,24,5,-1,-1,-1,-1,6,E01010945,0,-1
2023430234873,2023,430234873,1,4,0,13,13,6,2,0,0,0,0,7,0,0,1,1,6,6,1,34,6,-1,-1,-1,-1,4,E01016391,0,-1
2023302301387,2023,302301387,1,9,0,9,9,8,7,0,0,4,0,0,0,0,1,1,2,2,3,38,7,-1,-1,-1,-1,4,E01019844,0,-1
2023461386504,2023,461386504,2,1,0,99,99,-1,-1,99,99,0,9,0,9,0,9,1,6,6,2,51,8,-1,-1,-1,-1,1,E01016024,0,-1
2023340NN2782,2023,340NN2782,1,90,0,18,19,3,7,0,0,0,0,0,0,0,1,1,6,6,3,-1,-1,-1,-1,-1,-1,-1,-1,0,-1
2023421380687,2023,421380687,1,9,0,5,5,-1,-1,0,0,1,0,0,0,0,1,1,6,6,3,-1,-1,-1,-1,-1,-1,-1,-1,0,-1
2023041362689,2023,041362689,1,9,0,18,19,5,1,0,0,0,0,0,0,0,-1,1,6,6,3,-1,-1,-1,-1,-1,-1,-1,-1,0,-1
2023131310912,2023,131310912,1,1,0,9,9,1,5,0,0,0,0,0,0,0,3,1,1,1,1,28,6,-1,-1,-1,-1,4,E01033673,0,-1
2023061330542,2023,061330542,2,9,-1,-1,-1,-1,-1,-1,-1,0,-1,-1,-1,0,-1,1,6,6,3,-1,-1,-1,-1,-1,-1,-1,-1,0,-1
2023010429195,2023,010429195,2,1,0,15,15,7,3,0,0,1,0,0,0,0,3,1,6,6,1,24,5,-1,-1,-1,-1,4,E01003781,0,-1
2023052301273,2023,052301273,1,9,0,18,19,3,1,0,0,1,0,0,0,0,1,1,6,6,2,-1,-1,-1,-1,-1,-1,-1,-1,0,-1
2023430403893,2023,430403893,1,11,0,18,19,2,6,0,0,4,0,0,0,0,0,1,1,1,3,-1,-1,-1,-1,-1,-1,-1,-1,0,-1
2023401325809,2023,401325809,2,1,0,18,19,3,7,4,4,1,0,0,0,0,1,1,6,6,1,58,9,-1,-1,-1,-1,8,E01017458,0,-1
2023131387407,2023,131387407,1,90,0,-1,-1,-1,-1,-1,-1,0,-1,-1,-1,0,-1,1,6,6,3,-1,-1,-1,-1,-1,-1,-1,-1,0,-1
2023122300609,2023,122300609,1,1,0,18,19,6,2,9,9,2,0,0,0,0,0,1,6,6,1,43,7,-1,-1,-1,-1,9,E01013429,0,-1
202360A172548,2023,60A172548,1,90,0,18,19,7,3,0,0,0,0,0,0,0,0,1,1,1,1,68,10,-1,-1,-1,-1,-1,-1,0,-1
2023501328723,2023,501328723,2,1,0,18,19,3,6,0,0,0,0,0,0,0,1,1,5,6,1,46,8,-1,-1,-1,-1,8,E01020281,0,-1
2023332301288,2023,332301288,2,20,0,18,19,1,5,0,0,8,0,0,0,0,4,1,6,6,3,-1,-1,-1,-1,-1,-1,-1,-1,0,-1
2023101383196,2023,101383196,1,11,0,1,1,5,1,0,0,8,0,0,0,0,2,1,1,1,3,-1,-1,-1,-1,-1,-1,-1,-1,0,-1
2023401337420,2023,401337420,2,9,0,18,19,7,3,0,0,2,0,0,0,0,1,1,6,6,1,27,6,-1,-1,-1,-1,1,E01015795,0,-1
2023421294508,2023,421294508,1,9,0,18,19,1,5,0,0,0,0,0,0,0,1,1,6,6,3,-1,-1,-1,-1,-1,-1,-1,-1,0,-1
2023430234868,2023,430234868,2,1,0,18,19,3,7,0,0,8,0,0,0,0,4,1,6,6,1,38,7,-1,-1,-1,-1,-1,-1,0,-1
2023351273768,2023,351273768,2,1,0,18,19,-1,-1,0,0,4,5,0,0,0,1,1,5,6,1,22,5,-1,-1,-1,-1,7,E01015946,0,-1
2023061360978,2023,061360978,2,1,0,18,19,6,2,0,0,0,0,0,0,0,0,1,6,6,3,58,9,-1,-1,-1,-1,2,E01005199,0,-1
2023010455162,2023,010455162,2,9,0,99,99,9,9,99,99,9,9,99,9,99,2,9,6,6,3,-1,-1,-1,-1,-1,-1,-1,-1,0,-1
2023010430436,2023,010430436,2,3,0,18,19,5,1,0,0,1,0,0,0,0,2,1,6,6,1,18,4,-1,-1,-1,-1,2,E01000905,0,-1
2023411353495,2023,411353495,1,-1,-1,18,19,7,3,0,0,8,0,0,0,0,1,1,6,6,3,-1,-1,-1,-1,-1,-1,-1,-1,0,-1
2023471369491,2023,471369491,1,23,0,18,19,7,3,0,0,0,0,0,0,0,1,1,6,6,1,17,4,-1,-1,-1,-1,9,E01031532,0,-1
2023010432416,2023,010432416,1,9,0,18,19,1,5,0,0,1,0,0,0,0,1,1,6,6,3,-1,-1,-1,-1,-1,-1,-1,-1,0,-1
2023520300570,2023,520300570,1,9,0,16,19,3,7,0,0,0,5,0,1,9,1,1,6,6,1,17,4,-1,-1,-1,-1,5,E01029215,0,-1
2023010439442,2023,010439442,1,21,1,18,19,3,7,0,0,2,0,0,0,0,1,2,1,1,1,24,5,-1,-1,-1,-1,-1,-1,0,-1
2023440028212,2023,440028212,1,1,0,18,19,8,4,0,0,1,0,0,0,0,4,1,1,1,1,17,4,-1,-1,-1,-1,5,E01023258,0,-1
2023010459620,2023,010459620,1,1,9,99,99,9,9,99,99,9,9,99,9,99,0,1,6,6,1,31,6,-1,-1,-1,-1,5,E01032770,0,-1
2023010444669,2023,010444669,1,1,9,99,99,9,9,99,99,9,9,99,9,99,1,1,2,2,1,25,5,-1,-1,-1,-1,6,E01004481,0,-1
2023131294339,2023,131294339,2,22,0,18,19,5,1,0,0,0,0,0,0,0,4,1,5,6,1,73,10,-1,-1,-1,-1,1,E01011338,0,-1
2023522301794,2023,522301794,1,1,0,18,19,3,7,0,0,8,0,8,0,0,4,1,6,6,1,48,8,-1,-1,-1,-1,3,E01014730,0,-1
2023010446002,2023,010446002,1,1,9,99,99,9,9,99,99,9,9,99,9,99,9,1,6,6,1,37,7,-1,-1,-1,-1,9,E01001300,0,-1
2023071004571,2023,071004571,1,1,0,18,19,7,3,0,0,8,0,0,0,0,4,1,6,6,1,21,5,-1,-1,-1,-1,8,E01012551,0,-1
2023010447324,2023,010447324,1,1,9,99,99,9,9,99,99,9,9,99,9,99,9,1,3,7,1,56,9,-1,-1,-1,-1,8,E01001994,0,-1
2023141302498,2023,141302498,1,9,0,16,19,2,4,0,0,1,0,0,0,0,4,1,6,6,3,-1,-1,-1,-1,-1,-1,-1,-1,0,-1
2023101360494,2023,101360494,1,98,0,1,1,5,1,9,9,8,0,0,0,0,2,1,1,1,1,-1,-1,-1,-1,-1,-1,-1,-1,0,-1
2023461361516,2023,461361516,2,1,0,18,19,6,2,9,9,0,0,0,0,0,4,1,6,6,1,47,8,-1,-1,-1,-1,5,E01024095,0,-1
2023010474510,2023,010474510,2,9,0,99,99,9,9,99,99,9,9,99,9,99,2,9,6,6,3,-1,-1,-1,-1,-1,-1,-1,-1,0,-1
2023010481938,2023,010481938,2,-1,0,18,19,2,6,0,0,8,0,0,0,0,1,1,6,6,3,-1,-1,-1,-1,-1,-1,-1,-1,1,-1
2023991367428,2023,991367428,2,1,0,18,19,5,1,0,0,8,0,0,0,0,1,1,6,6,1,19,4,-1,-1,-1,-1,6,-1,0,-1
2023421262899,2023,421262899,1,9,0,17,19,7,3,0,0,0,0,0,1,9,1,1,5,6,1,42,7,-1,-1,-1,-1,-1,-1,0,-1
2023061332632,2023,061332632,2,9,-1,-1,-1,-1,-1,-1,-1,0,-1,-1,-1,0,-1,1,6,6,1,-1,-1,-1,-1,-1,-1,-1,-1,0,-1
2023052300513,2023,052300513,2,1,0,18,19,4,8,0,0,8,0,0,0,0,1,1,6,6,2,52,8,-1,-1,-1,-1,8,E01007031,0,-1
2023010428649,2023,010428649,1,1,9,99,99,9,9,99,99,9,9,99,9,99,1,1,2,2,1,51,8,-1,-1,-1,-1,2,E01033588,0,-1
2023421343304,2023,421343304,2,9,0,17,19,7,4,0,0,0,0,0,1,0,1,1,2,2,2,52,8,-1,-1,-1,-1,3,E01021764,0,-1
2023010469801,2023,010469801,1,1,9,99,99,9,9,99,99,9,9,99,9,99,9,1,2,2,1,16,4,-1,-1,-1,-1,9,E01000647,0,-1
2023010450571,2023,010450571,1,1,0,9,9,5,4,0,0,5,0,0,0,0,1,1,6,6,2,25,5,-1,-1,-1,-1,8,E01004502,0,-1
2023010433641,2023,010433641,1,9,0,9,9,5,3,0,0,0,0,0,0,0,4,1,1,1,1,61,9,-1,-1,-1,-1,8,E01000777,0,-1
2023440310503,2023,440310503,1,9,0,18,19,5,1,0,0,0,5,0,1,11,1,1,1,1,1,21,5,-1,-1,-1,-1,6,E01017812,0,-1
2023201267958,2023,201267958,2,1,0,18,19,4,8,0,0,1,0,0,0,0,1,1,4,7,1,11,3,-1,-1,-1,-1,6,E01010132,0,-1
2023361322871,2023,361322871,2,1,0,-1,-1,3,7,0,0,0,0,0,0,0,3,1,4,7,1,12,3,-1,-1,-1,-1,10,E01026813,0,-1
2023010428711,2023,010428711,1,9,0,99,99,9,9,99,99,9,9,99,9,99,9,9,6,6,3,-1,-1,-1,-1,-1,-1,-1,-1,0,-1
2023430216249,2023,430216249,1,9,0,10,10,1,8,0,0,1,0,0,0,0,1,1,2,2,1,31,6,-1,-1,-1,-1,9,E01032958,0,-1
2023421317257,2023,421317257,3,9,0,2,2,0,0,6,6,0,0,0,0,0,2,1,6,6,3,-1,-1,-1,-1,-1,-1,-1,-1,0,-1
2023061310085,2023,061310085,2,9,0,18,19,3,7,0,0,1,0,0,0,0,3,1,2,2,1,41,7,-1,-1,-1,-1,6,E01005069,0,-1
2023401311051,2023,401311051,1,9,0,18,19,5,3,0,0,0,0,0,0,0,1,1,6,6,1,48,8,-1,-1,-1,-1,3,E01017514,0,-1
2023520000140,2023,520000140,2,9,0,18,19,1,5,0,0,1,0,8,0,0,1,1,6,6,1,25,5,-1,-1,-1,-1,1,E01014583,0,-1
2023010483327,2023,010483327,2,1,0,18,19,5,1,4,4,1,1,0,0,0,1,1,1,1,1,51,8,-1,-1,-1,-1,4,E01000799,0,-1
2023320732979,2023,320732979,1,1,0,15,15,8,7,9,9,0,5,0,1,10,1,1,6,6,2,31,6,-1,-1,-1,-1,3,E01026271,0,-1
2023061339374,2023,061339374,2,1,0,18,19,7,3,0,0,0,5,0,0,0,1,1,6,6,1,39,7,-1,-1,-1,-1,2,E01005221,0,-1
2023522301336,2023,522301336,2,90,0,1,1,7,3,0,0,0,0,0,0,0,2,1,6,6,3,-1,-1,-1,-1,-1,-1,-1,-1,0,-1
2023221271731,2023,221271731,2,9,0,18,19,1,5,0,0,8,0,0,0,0,1,1,5,6,2,30,6,-1,-1,-1,-1,8,W01000458,0,-1
2023440312696,2023,440312696,1,9,0,9,9,3,1,0,0,8,0,10,0,0,1,1,6,6,1,52,8,-1,-1,-1,-1,8,E01022944,0,-1
2023010452072,2023,010452072,1,1,9,99,99,9,9,99,99,9,9,99,9,99,9,1,2,2,1,34,6,-1,-1,-1,-1,9,E01000415,0,-1
2023122300352,2023,122300352,2,1,0,99,99,9,9,0,0,8,0,99,9,99,9,1,6,6,1,57,9,-1,-1,-1,-1,3,E01013366,0,-1
2023052302998,2023,052302998,1,9,0,18,19,5,1,0,0,0,0,0,0,0,4,1,6,6,3,-1,-1,-1,-1,-1,-1,-1,-1,0,-1
2023451312084,2023,451312084,1,1,0,7,7,3,3,0,0,3,0,0,0,0,2,1,5,6,1,26,6,-1,-1,-1,-1,4,E01030676,0,-1
2023451309573,2023,451309573,1,9,0,18,19,1,5,0,0,8,0,0,0,0,1,1,6,6,1,27,6,-1,-1,-1,-1,9,E01030636,0,-1
2023010460541,2023,010460541,1,1,9,99,99,9,9,99,99,9,9,99,9,99,9,1,1,1,1,33,6,-1,-1,-1,-1,3,E01004064,0,-1
2023131267566,2023,131267566,1,23,0,18,19,-1,-1,0,0,2,0,-1,-1,-1,1,1,6,6,1,21,5,-1,-1,-1,-1,1,E01011360,0,-1
2023010443806,2023,010443806,1,1,9,99,99,9,9,99,99,0,9,99,9,99,1,1,2,2,1,37,7,-1,-1,-1,-1,7,E01022927,0,-1
2023010476707,2023,010476707,2,9,0,4,4,5,1,0,0,1,0,0,0,0,1,1,2,2,1,35,6,-1,-1,-1,-1,3,E01000148,0,-1
2023332300557,2023,332300557,2,1,0,18,19,6,2,0,0,0,0,0,0,0,1,1,6,6,1,47,8,-1,-1,-1,-1,-1,-1,0,-1
2023061343850,2023,061343850,2,1,0,18,19,7,3,0,0,8,0,0,0,0,3,1,2,2,1,37,7,-1,-1,-1,-1,5,E01004785,0,-1
2023061387069,2023,061387069,2,90,0,18,19,1,6,0,0,7,0,0,0,0,4,1,6,6,1,29,6,-1,-1,-1,-1,1,E01005259,0,-1
2023010464998,2023,010464998,1,1,0,18,19,7,3,0,0,0,0,0,0,0,0,1,6,6,1,36,7,-1,-1,-1,-1,5,E01001029,0,-1
2023421376977,2023,421376977,2,1,0,18,19,7,3,0,0,0,0,0,0,0,1,1,6,6,1,34,6,-1,-1,-1,-1,1,E01015895,0,-1
2023430262050,2023,430262050,1,9,0,9,9,4,2,0,0,8,0,0,0,0,2,1,6,6,2,-1,-1,-1,-1,-1,-1,-1,-1,0,-1
2023010484746,2023,010484746,1,-1,9,99,99,9,9,99,99,3,9,99,9,99,9,9,6,6,1,40,7,-1,-1,-1,-1,4,E01000588,1,-1
2023010453426,2023,010453426,2,1,0,5,5,1,5,0,0,1,0,0,0,0,3,1,1,1,1,21,5,-1,-1,-1,-1,5,E01002447,0,-1
2023131306057,2023,131306057,2,1,0,18,19,5,1,0,0,1,0,0,0,0,1,1,6,6,1,43,7,-1,-1,-1,-1,1,E01011466,0,-1
2023052300434,2023,052300434,2,1,0,18,19,3,7,0,0,3,0,0,0,0,4,1,6,6,1,45,7,-1,-1,-1,-1,7,E01007196,0,-1
2023610006123,2023,610006123,2,1,0,18,19,1,5,0,0,8,0,0,0,0,1,1,6,6,1,28,6,-1,-1,-1,-1,7,W01001613,0,-1
2023010435084,2023,010435084,1,4,0,99,99,9,9,99,99,9,9,99,9,99,1,1,6,6,3,-1,-1,-1,-1,-1,-1,-1,-1,0,-1
2023440307462,2023,440307462,1,9,0,17,19,5,3,0,0,2,0,0,0,0,1,1,6,6,3,-1,-1,-1,-1,-1,-1,-1,-1,0,-1
2023170H10123,2023,170H10123,2,9,0,18,19,1,5,0,0,1,0,0,0,0,1,1,6,6,3,-1,-1,-1,-1,-1,-1,-1,-1,0,-1
2023010465883,2023,010465883,1,9,0,99,99,9,9,99,99,9,9,99,9,99,9,9,2,2,1,43,7,-1,-1,-1,-1,10,E01021252,0,-1
2023141260923,2023,141260923,1,9,0,18,19,3,7,0,0,0,1,10,7,10,1,1,5,6,1,24,5,-1,-1,-1,-1,1,E01007970,0,-1
2023451373061,2023,451373061,2,19,0,18,19,3,7,0,0,0,0,0,0,0,1,1,6,6,3,45,7,-1,-1,-1,-1,-1,-1,0,-1
2023161325851,2023,161325851,2,1,0,18,19,8,4,0,0,0,0,0,0,0,3,1,6,6,1,14,3,-1,-1,-1,-1,4,E01012883,0,-1
2023010433784,2023,010433784,1,9,0,18,19,4,8,0,0,1,0,0,0,0,1,1,6,6,3,-1,-1,-1,-1,-1,-1,-1,-1,0,-1
2023010477904,2023,010477904,2,9,0,99,99,9,9,99,99,9,9,99,9,99,2,9,6,6,3,-1,-1,-1,-1,-1,-1,-1,-1,0,-1
2023010419716,2023,010419716,1,19,0,7,7,7,1,0,0,5,0,0,0,0,1,1,1,1,3,33,6,-1,-1,-1,-1,-1,-1,0,-1
2023010465883,2023,010465883,2,9,0,99,99,9,9,99,99,9,9,99,9,99,1,9,6,6,3,-1,-1,-1,-1,-1,-1,-1,-1,0,-1
2023411276592,2023,411276592,1,9,0,18,19,1,5,0,0,2,0,0,0,0,1,1,5,6,1,23,5,-1,-1,-1,-1,10,E01023458,0,-1
2023631329550,2023,631329550,1,1,0,16,19,6,1,0,0,0,1,0,1,10,1,1,5,6,1,46,8,-1,-1,-1,-1,-1,-1,0,-1
2023421349750,2023,421349750,2,23,0,18,19,3,7,0,0,0,5,0,0,0,1,1,5,6,1,29,6,-1,-1,-1,-1,3,E01021639,0,-1
2023531408660,2023,531408660,1,9,0,18,19,7,3,0,0,1,0,0,0,0,3,1,6,6,2,70,10,-1,-1,-1,-1,-1,-1,0,-1
2023340NN3112,2023,340NN3112,1,9,0,9,9,8,6,0,0,5,5,0,0,0,1,1,6,6,2,27,6,-1,-1,-1,-1,4,E01026962,0,-1
2023131375816,2023,131375816,1,98,0,5,5,2,6,0,0,0,0,0,0,0,-1,1,6,6,3,-1,-1,-1,-1,-1,-1,-1,-1,0,-1
2023010447819,2023,010447819,2,9,0,4,4,5,1,0,0,0,0,0,0,0,2,1,6,6,1,-1,-1,-1,-1,-1,-1,-1,-1,0,-1
2023010453388,2023,010453388,1,-1,9,99,99,9,9,99,99,9,9,99,9,99,9,9,6,6,3,-1,-1,-1,-1,-1,-1,-1,-1,1,-1
2023010466378,2023,010466378,2,9,0,99,99,9,9,99,99,9,9,99,9,99,1,9,6,6,3,-1,-1,-1,-1,-1,-1,-1,-1,0,-1
2023010443176,2023,010443176,2,1,0,9,9,5,2,0,0,1,0,0,0,0,2,1,6,6,1,54,8,-1,-1,-1,-1,5,E01003495,0,-1
202360A164512,2023,60A164512,4,19,0,10,10,1,7,0,0,5,0,0,0,0,0,1,6,6,3,-1,-1,-1,-1,-1,-1,-1,-1,0,-1
2023201315418,2023,201315418,2,8,0,16,19,5,2,0,0,8,0,0,0,0,1,1,6,6,3,-1,-1,-1,-1,-1,-1,-1,-1,0,-1
2023031328345,2023,031328345,2,1,0,18,19,3,7,0,0,0,0,4,0,0,1,1,6,6,1,46,8,-1,-1,-1,-1,-1,-1,0,-1
2023010449568,2023,010449568,2,9,0,99,99,9,9,99,99,9,9,99,9,99,9,9,6,6,1,62,9,-1,-1,-1,-1,6,E01001235,0,-1
2023430239214,2023,430239214,1,20,0,1,1,1,5,0,0,2,0,0,0,0,2,1,1,1,1,-1,-1,-1,-1,-1,-1,-1,-1,0,-1
2023010476272,2023,010476272,1,9,0,4,4,1,5,0,0,1,0,0,0,0,2,1,3,7,2,31,6,-1,-1,-1,-1,2,E01002046,0,-1
2023421351929,2023,421351929,1,1,-1,18,19,3,7,0,0,0,0,0,0,0,4,1,6,6,1,-1,-1,-1,-1,-1,-1,3,E01021823,0,-1
2023430526617,2023,430526617,1,90,0,18,19,5,1,0,0,0,0,4,0,0,1,1,6,6,1,20,4,-1,-1,-1,-1,-1,-1,0,-1
2023522300480,2023,522300480,1,1,0,18,19,2,6,0,0,0,0,0,0,0,2,1,6,6,1,27,6,-1,-1,-1,-1,1,E01014486,0,-1
2023010481094,2023,010481094,1,1,9,99,99,9,9,99,99,0,9,99,9,99,1,1,2,2,1,37,7,-1,-1,-1,-1,4,E01024284,0,-1