collision_index,collision_year,collision_ref_no,vehicle_reference,vehicle_type,towing_and_articulation,vehicle_manoeuvre_historic,vehicle_manoeuvre,vehicle_direction_from,vehicle_direction_to,vehicle_location_restricted_lane_historic,vehicle_location_restricted_lane,junction_location,skidding_and_overturning,hit_object_in_carriageway,vehicle_leaving_carriageway,hit_object_off_carriageway,first_point_of_impact,vehicle_left_hand_drive,journey_purpose_of_driver_historic,journey_purpose_of_driver,sex_of_driver,age_of_driver,age_band_of_driver,engine_capacity_cc,propulsion_code,age_of_vehicle,generic_make_model,driver_imd_decile,lsoa_of_driver,escooter_flag,driver_distance_banding
2023010457171,2023,010457171,1,9,0,18,19,1,5,0,0,2,0,0,0,0,4,1,6,6,2,31,6,-1,-1,-1,-1,-1,-1,0,-1
2023351391074,2023,351391074,1,9,0,18,19,6,2,0,0,0,0,0,0,0,1,1,1,1,1,27,6,-1,-1,-1,-1,8,E01000777,0,-1
2023010458648,2023,010458648,2,1,0,18,19,3,7,0,0,0,0,0,1,2,2,1,1,1,1,36,7,-1,-1,-1,-1,3,E01002058,0,-1
2023991262210,2023,991262210,1,9,0,18,19,8,4,0,0,0,0,0,0,0,1,1,3,7,1,57,9,-1,-1,-1,-1,5,-1,0,-1
2023340NN4282,2023,340NN4282,2,9,0,17,19,6,2,0,0,0,0,0,0,0,1,1,6,6,2,59,9,-1,-1,-1,-1,7,E01027078,0,-1
2023545492423,2023,545492423,1,1,0,5,5,7,3,0,0,0,0,0,0,0,1,1,6,6,1,10,2,-1,-1,-1,-1,8,E01015517,0,-1
2023471370035,2023,471370035,2,9,0,18,19,7,3,0,0,0,0,2,0,0,1,1,6,6,3,-1,-1,-1,-1,-1,-1,-1,-1,0,-1
2023010443916,2023,010443916,1,9,0,17,19,3,7,0,0,0,0,0,0,0,4,1,6,6,3,-1,-1,-1,-1,-1,-1,-1,-1,0,-1
2023231344736,2023,231344736,1,1,0,18,19,4,8,0,0,1,0,0,0,0,0,1,6,6,1,21,5,-1,-1,-1,-1,-1,-1,0,-1
2023170S12303,2023,170S12303,2,9,0,18,19,2,6,0,0,0,0,0,0,0,1,1,6,6,1,-1,-1,-1,-1,-1,-1,-1,-1,0,-1
2023052300066,2023,052300066,1,3,0,18,19,1,5,0,0,1,0,0,0,0,1,1,6,6,1,17,4,-1,-1,-1,-1,1,E01007126,0,-1
2023332300294,2023,332300294,2,98,0,6,6,8,8,0,0,8,0,0,0,0,0,1,6,6,3,-1,-1,-1,-1,-1,-1,-1,-1,0,-1
2023471348849,2023,471348849,2,1,0,18,19,3,7,0,0,8,0,0,0,0,4,1,5,6,2,71,10,-1,-1,-1,-1,3,E01031483,0,-1
2023520400168,2023,520400168,2,9,0,18,19,0,0,0,0,1,0,0,0,0,1,1,6,6,3,-1,-1,-1,-1,-1,-1,-1,-1,0,-1
2023340WN0292,2023,340WN0292,1,9,0,18,19,2,6,0,0,0,0,0,0,0,1,1,6,6,3,-1,-1,-1,-1,-1,-1,-1,-1,0,-1
2023211370448,2023,211370448,2,1,0,5,5,5,2,0,0,3,0,0,0,0,2,1,6,6,1,51,8,-1,-1,-1,-1,7,E01029612,0,-1
2023430415939,2023,430415939,1,9,0,7,7,4,6,0,0,5,0,0,1,2,1,1,6,6,1,89,11,-1,-1,-1,-1,7,E01016478,0,-1
2023010429851,2023,010429851,2,9,0,99,99,9,9,99,99,0,9,99,9,99,2,9,6,6,3,-1,-1,-1,-1,-1,-1,-1,-1,0,-1
2023471304845,2023,471304845,2,9,0,4,4,1,5,0,0,0,0,0,0,0,0,1,6,6,3,-1,-1,-1,-1,-1,-1,-1,-1,0,-1
2023010451223,2023,010451223,2,1,0,18,19,7,3,0,0,0,0,0,0,0,1,1,6,6,1,15,3,-1,-1,-1,-1,2,E01004242,0,-1
2023010420542,2023,010420542,2,1,0,18,19,1,5,0,0,2,0,0,0,0,0,1,1,1,1,52,8,-1,-1,-1,-1,2,E01001877,0,-1
2023451342044,2023,451342044,2,9,0,18,19,4,8,0,0,0,0,0,0,0,1,1,6,6,1,30,6,-1,-1,-1,-1,-1,-1,0,-1
2023471367041,2023,471367041,2,1,0,10,10,5,3,0,0,3,0,0,0,0,1,1,2,2,1,36,7,-1,-1,-1,-1,7,E01030577,0,-1
2023071152262,2023,071152262,3,9,0,18,19,5,1,0,0,0,0,0,0,0,1,1,6,6,1,53,8,-1,-1,-1,-1,5,E01004779,0,-1
2023421314145,2023,421314145,1,1,0,18,19,2,7,5,5,1,0,0,0,0,3,1,5,6,1,13,3,-1,-1,-1,-1,6,E01021668,0,-1
2023221360984,2023,221360984,1,23,0,7,7,3,5,0,0,5,1,0,0,0,1,1,6,6,1,19,4,-1,-1,-1,-1,4,E01014025,0,-1
2023170M11083,2023,170M11083,1,3,0,18,19,6,2,0,0,0,0,0,0,0,1,1,6,6,1,-1,-1,-1,-1,-1,-1,4,E01032553,0,-1
2023052300858,2023,052300858,2,1,0,18,19,3,7,0,0,3,0,0,0,0,3,1,1,1,1,31,6,-1,-1,-1,-1,1,E01006787,0,-1
2023010462375,2023,010462375,1,1,9,99,99,9,9,99,99,9,9,99,9,99,2,1,6,6,3,25,5,-1,-1,-1,-1,3,E01004202,0,-1
2023122301003,2023,122301003,2,1,0,18,19,5,1,0,0,3,0,0,0,0,2,1,6,6,1,65,9,-1,-1,-1,-1,9,E01027555,0,-1
2023031279791,2023,031279791,1,9,-1,18,19,1,5,0,0,0,0,0,0,0,4,1,6,6,1,-1,-1,-1,-1,-1,-1,-1,-1,0,-1
2023101340201,2023,101340201,1,9,0,15,15,7,2,0,0,4,0,0,0,0,1,1,6,6,3,-1,-1,-1,-1,-1,-1,-1,-1,0,-1
2023010455069,2023,010455069,1,11,0,5,5,7,3,0,0,0,0,0,0,0,4,1,6,6,3,-1,-1,-1,-1,-1,-1,-1,-1,0,-1
2023461344818,2023,461344818,1,9,0,18,19,1,5,0,0,0,0,0,0,0,1,1,6,6,3,-1,-1,-1,-1,-1,-1,-1,-1,0,-1
2023010445366,2023,010445366,2,1,0,18,19,6,2,9,9,0,0,0,7,0,4,1,6,6,1,40,7,-1,-1,-1,-1,5,E01033708,0,-1
2023061363366,2023,061363366,2,1,0,18,19,7,3,0,0,1,0,0,0,0,1,1,6,6,1,22,5,-1,-1,-1,-1,2,E01005656,0,-1
2023371384614,2023,371384614,2,9,0,3,3,5,1,0,0,1,0,0,0,0,2,1,1,1,1,55,8,-1,-1,-1,-1,6,E01015925,0,-1
2023010459627,2023,010459627,2,90,0,99,99,9,9,99,99,9,9,99,9,99,1,9,6,6,3,-1,-1,-1,-1,-1,-1,-1,-1,0,-1
2023520400838,2023,520400838,2,9,0,15,15,5,1,0,0,0,0,0,0,0,9,1,6,6,1,-1,-1,-1,-1,-1,-1,-1,-1,0,-1
202363C028023,2023,63C028023,2,5,0,13,13,6,2,0,0,8,1,0,7,10,4,1,6,6,1,59,9,-1,-1,-1,-1,-1,-1,0,-1
2023311296073,2023,311296073,1,19,0,17,19,8,4,0,0,0,0,0,0,0,1,1,6,6,1,69,10,-1,-1,-1,-1,2,E01026103,0,-1
2023622300609,2023,622300609,1,9,0,18,19,4,8,0,0,0,0,0,0,0,4,2,6,6,3,-1,-1,-1,-1,-1,-1,-1,-1,0,-1
2023070586592,2023,070586592,2,19,0,3,3,4,8,0,0,0,0,0,0,0,2,1,2,2,2,40,7,-1,-1,-1,-1,1,E01005289,0,-1
2023010422356,2023,010422356,2,1,0,5,5,3,7,0,0,8,1,0,1,0,0,1,1,1,1,24,5,-1,-1,-1,-1,5,E01000354,0,-1
2023070620121,2023,070620121,2,1,0,18,19,6,2,0,0,0,0,0,0,0,2,1,1,1,1,40,7,-1,-1,-1,-1,2,E01012534,0,-1
2023610045023,2023,610045023,1,9,0,3,3,3,7,0,0,0,0,0,0,0,2,1,2,2,1,42,7,-1,-1,-1,-1,3,W01001444,0,-1
2023451281016,2023,451281016,4,90,0,2,2,0,0,6,6,0,0,0,0,0,2,1,6,6,3,55,8,-1,-1,-1,-1,-1,-1,0,-1
2023141334312,2023,141334312,1,9,0,18,19,7,1,0,0,1,0,0,0,0,1,1,6,6,3,-1,-1,-1,-1,-1,-1,-1,-1,0,-1
2023010466523,2023,010466523,2,1,0,18,19,1,5,0,0,1,0,0,0,0,3,1,6,6,1,33,6,-1,-1,-1,-1,1,E01004309,0,-1
2023311351555,2023,311351555,1,1,0,18,19,2,6,9,9,0,0,0,0,0,1,1,2,2,2,54,8,-1,-1,-1,-1,2,E01013899,0,-1
2023052302907,2023,052302907,1,9,0,9,9,5,3,0,0,1,0,0,0,0,1,1,6,6,3,-1,-1,-1,-1,-1,-1,-1,-1,0,-1
2023161322571,2023,161322571,1,1,0,18,19,5,1,0,0,0,0,0,0,0,2,1,6,6,1,15,3,-1,-1,-1,-1,7,E01013322,0,-1
2023010484827,2023,010484827,2,-1,0,18,19,5,1,0,0,2,0,0,0,0,4,1,6,6,1,63,9,-1,-1,-1,-1,2,E01004718,1,-1
2023010469028,2023,010469028,1,3,0,99,99,9,9,99,99,1,9,99,9,99,1,1,1,1,1,35,6,-1,-1,-1,-1,6,E01004501,0,-1
2023522300956,2023,522300956,1,1,0,18,19,4,8,0,0,8,0,10,0,0,3,1,6,6,1,31,6,-1,-1,-1,-1,7,E01014525,0,-1
2023052301526,2023,052301526,1,8,0,5,5,5,1,0,0,0,0,0,0,0,4,1,1,1,3,-1,-1,-1,-1,-1,-1,-1,-1,0,-1
2023111267950,2023,111267950,1,1,0,18,19,3,7,0,0,0,0,0,0,0,1,1,6,6,1,13,3,-1,-1,-1,-1,1,E01033484,0,-1
2023041283228,2023,041283228,1,9,0,18,19,3,7,0,0,0,0,0,0,0,1,1,1,1,1,47,8,-1,-1,-1,-1,8,E01006053,0,-1
2023010430383,2023,010430383,2,8,0,2,2,0,0,0,0,2,0,0,0,0,3,9,6,6,3,-1,-1,-1,-1,-1,-1,-1,-1,0,-1
2023010448732,2023,010448732,2,3,0,18,19,1,5,0,0,8,0,0,0,0,1,1,6,6,1,-1,-1,-1,-1,-1,-1,5,E01001348,0,-1
2023010441295,2023,010441295,1,1,9,99,99,9,9,99,99,1,9,99,9,99,1,1,2,2,1,28,6,-1,-1,-1,-1,3,E01004540,0,-1
2023531356856,2023,531356856,1,98,0,16,19,3,5,0,0,0,0,0,0,0,4,1,6,6,3,-1,-1,-1,-1,-1,-1,-1,-1,0,-1
2023010453547,2023,010453547,1,1,0,18,19,3,7,0,0,2,0,0,0,0,1,1,6,6,1,22,5,-1,-1,-1,-1,-1,-1,0,-1
2023991324156,2023,991324156,1,1,0,15,15,3,7,0,0,0,0,4,0,0,1,1,5,6,1,27,6,-1,-1,-1,-1,-1,-1,0,-1
2023531258747,2023,531258747,1,9,0,9,9,7,3,0,0,1,0,0,0,0,4,1,5,6,1,20,4,-1,-1,-1,-1,8,E01032182,0,-1
2023131285370,2023,131285370,3,9,0,-1,-1,-1,-1,-1,-1,0,-1,-1,-1,-1,-1,1,6,6,3,-1,-1,-1,-1,-1,-1,-1,-1,0,-1
2023010479094,2023,010479094,1,1,9,99,99,9,9,99,99,9,9,99,9,99,9,1,2,2,2,54,8,-1,-1,-1,-1,3,E01003099,0,-1
2023052300718,2023,052300718,2,22,0,10,10,1,3,0,0,8,0,0,0,0,4,1,6,6,1,80,11,-1,-1,-1,-1,1,E01006540,0,-1
2023010450293,2023,010450293,1,9,0,4,4,2,6,0,0,8,9,99,9,99,1,9,6,6,1,-1,-1,-1,-1,-1,-1,-1,-1,0,-1
2023430521646,2023,430521646,1,9,0,18,19,5,1,0,0,0,0,0,0,0,1,1,6,6,1,60,9,-1,-1,-1,-1,-1,-1,0,-1
2023440447835,2023,440447835,1,9,0,3,3,4,8,0,0,1,0,0,0,0,2,1,2,2,1,38,7,-1,-1,-1,-1,9,E01016679,0,-1
2023010473565,2023,010473565,2,9,0,18,19,3,7,0,0,9,0,0,0,0,9,9,6,6,3,-1,-1,-1,-1,-1,-1,-1,-1,0,-1
2023311344751,2023,311344751,1,9,0,18,19,2,6,0,0,0,0,0,0,0,4,1,6,6,3,25,5,-1,-1,-1,-1,-1,-1,0,-1
2023440013934,2023,440013934,1,1,0,18,19,5,1,0,0,0,0,0,0,0,1,1,6,6,1,70,10,-1,-1,-1,-1,9,E01023041,0,-1
2023430063223,2023,430063223,1,9,0,17,19,6,4,0,0,8,0,0,0,0,3,1,6,6,1,-1,-1,-1,-1,-1,-1,-1,-1,0,-1
2023161259768,2023,161259768,1,9,0,18,19,7,3,0,0,0,0,10,1,2,4,1,6,6,1,41,7,-1,-1,-1,-1,8,E01007502,0,-1
2023351276081,2023,351276081,2,98,0,18,19,7,3,0,0,0,0,0,0,0,0,1,6,6,3,-1,-1,-1,-1,-1,-1,-1,-1,0,-1
2023010425124,2023,010425124,2,1,0,7,7,7,1,0,0,5,0,0,0,0,1,1,1,1,1,43,7,-1,-1,-1,-1,2,E01004295,0,-1
2023052300675,2023,052300675,1,1,0,18,19,5,1,0,0,1,0,10,7,0,1,1,6,6,1,39,7,-1,-1,-1,-1,1,E01006730,0,-1
2023010475541,2023,010475541,1,1,9,99,99,9,9,99,99,9,9,99,9,99,9,1,2,2,2,21,5,-1,-1,-1,-1,5,E01001889,0,-1
2023041313908,2023,041313908,2,98,0,17,19,7,3,0,0,0,0,0,2,4,4,1,5,6,1,23,5,-1,-1,-1,-1,9,E01025074,0,-1
2023440190234,2023,440190234,1,9,0,7,7,2,4,0,0,8,0,0,0,0,4,1,6,6,3,-1,-1,-1,-1,-1,-1,-1,-1,0,-1
2023522300134,2023,522300134,1,9,0,18,19,3,7,0,0,2,0,0,0,0,1,1,6,6,2,-1,-1,-1,-1,-1,-1,-1,-1,0,-1
2023010456542,2023,010456542,2,1,0,18,19,3,7,4,4,1,0,0,0,0,3,1,6,6,1,16,4,-1,-1,-1,-1,6,E01000238,0,-1
2023010458981,2023,010458981,1,9,0,5,5,0,1,0,0,0,0,0,0,0,3,1,6,6,3,23,5,-1,-1,-1,-1,-1,-1,0,-1
2023170H10153,2023,170H10153,1,8,0,18,19,1,5,0,0,0,0,0,0,0,1,1,1,1,1,58,9,-1,-1,-1,-1,-1,-1,0,-1
2023141280425,2023,141280425,1,98,0,13,13,3,7,0,0,1,5,0,0,0,4,1,2,2,1,33,6,-1,-1,-1,-1,6,E01007521,0,-1
202360A172376,2023,60A172376,1,8,0,16,19,2,6,0,0,0,1,7,1,10,3,1,6,6,1,22,5,-1,-1,-1,-1,-1,-1,0,-1
2023522301095,2023,522301095,1,9,0,7,7,6,8,0,0,5,0,0,0,0,1,1,6,6,1,21,5,-1,-1,-1,-1,9,E01014862,0,-1
2023201367931,2023,201367931,1,1,0,18,19,3,1,0,0,8,5,0,0,0,1,1,5,6,1,32,6,-1,-1,-1,-1,2,E01009050,0,-1
2023131305456,2023,131305456,1,9,0,15,15,5,1,0,0,0,0,0,0,0,4,1,6,6,3,-1,-1,-1,-1,-1,-1,-1,-1,0,-1
2023501349375,2023,501349375,1,1,0,18,19,7,1,0,0,0,0,0,0,0,1,1,1,1,1,38,7,-1,-1,-1,-1,9,E01020038,0,-1
2023010451332,2023,010451332,3,1,0,18,19,3,7,4,4,1,0,0,0,0,1,1,6,6,1,33,6,-1,-1,-1,-1,3,E01001858,0,-1
2023010420123,2023,010420123,1,10,0,18,19,1,5,0,0,0,0,0,0,0,4,1,1,1,1,56,9,-1,-1,-1,-1,7,E01003456,0,-1
2023991352413,2023,991352413,2,9,0,18,19,7,2,0,0,0,0,0,0,0,2,1,1,1,2,38,7,-1,-1,-1,-1,8,-1,0,-1
2023401420969,2023,401420969,2,1,0,5,5,1,5,0,0,0,0,0,0,0,0,1,6,6,1,14,3,-1,-1,-1,-1,4,E01017520,0,-1
2023111278842,2023,111278842,1,9,0,18,19,8,4,0,0,0,0,0,0,0,1,1,6,6,3,30,6,-1,-1,-1,-1,-1,-1,0,-1
2023161273442,2023,161273442,1,1,0,9,9,5,2,0,0,8,0,0,0,0,4,1,2,2,2,25,5,-1,-1,-1,-1,3,E01012774,0,-1
2023010458572,2023,010458572,2,9,0,99,99,9,9,99,99,9,9,99,9,99,1,9,6,6,1,29,6,-1,-1,-1,-1,-1,-1,0,-1
2023031298594,2023,031298594,2,1,0,5,5,2,4,9,9,1,0,0,0,0,1,1,6,6,1,12,3,-1,-1,-1,-1,4,E01019389,0,-1
2023141284877,2023,141284877,1,9,0,18,19,6,3,0,0,1,0,0,0,0,4,1,6,6,3,-1,-1,-1,-1,-1,-1,-1,-1,0,-1
2023161339763,2023,161339763,1,1,0,12,12,2,8,0,0,8,0,0,0,0,3,1,6,6,1,36,7,-1,-1,-1,-1,5,E01013030,0,-1
2023010483091,2023,010483091,1,9,0,9,9,8,6,0,0,5,0,0,0,0,1,1,6,6,1,48,8,-1,-1,-1,-1,2,E01003049,0,-1
2023201340154,2023,201340154,1,9,0,13,13,4,8,0,0,1,0,0,0,0,3,1,6,6,3,30,6,-1,-1,-1,-1,-1,-1,0,-1
2023531342136,2023,531342136,2,98,0,2,2,0,0,9,9,0,0,0,0,0,2,1,6,6,3,-1,-1,-1,-1,-1,-1,-1,-1,0,-1
2023010486429,2023,010486429,2,9,0,18,19,5,1,0,0,0,0,4,0,0,1,1,6,6,3,-1,-1,-1,-1,-1,-1,-1,-1,0,-1
2023201356296,2023,201356296,2,9,0,10,10,4,2,0,0,1,0,0,0,0,0,1,3,7,1,-1,-1,-1,-1,-1,-1,-1,-1,0,-1
2023201379069,2023,201379069,2,1,0,18,19,6,2,0,0,8,0,0,0,0,4,1,5,6,1,48,8,-1,-1,-1,-1,4,E01009218,0,-1
2023141307725,2023,141307725,1,9,0,13,13,3,7,0,0,0,0,0,0,0,2,1,2,2,1,47,8,-1,-1,-1,-1,1,E01007716,0,-1
2023471277219,2023,471277219,1,9,0,18,19,3,7,0,0,0,0,0,0,0,1,1,6,6,3,-1,-1,-1,-1,-1,-1,-1,-1,0,-1
2023031326555,2023,031326555,2,9,4,18,19,5,1,0,0,0,0,0,0,0,0,1,6,6,1,-1,-1,-1,-1,-1,-1,-1,-1,0,-1
2023010468068,2023,010468068,1,23,0,18,19,4,8,0,0,1,0,0,0,0,1,1,2,2,1,23,5,-1,-1,-1,-1,5,E01000779,0,-1
2023061326212,2023,061326212,1,9,0,7,7,4,7,0,0,1,0,0,0,0,2,1,6,6,3,30,6,-1,-1,-1,-1,-1,-1,0,-1
2023332301216,2023,332301216,2,-1,0,18,19,2,6,9,9,8,0,0,0,0,1,1,2,2,1,24,5,-1,-1,-1,-1,2,E01013695,1,-1
2023501273742,2023,501273742,2,9,0,17,19,5,5,0,0,0,-1,-1,0,0,0,1,6,6,3,-1,-1,-1,-1,-1,-1,-1,-1,0,-1
2023052301052,2023,052301052,1,9,0,18,19,5,1,0,0,0,0,0,0,0,1,1,6,6,1,-1,-1,-1,-1,-1,-1,-1,-1,0,-1
2023430148197,2023,430148197,1,9,0,5,5,3,7,0,0,0,0,0,0,0,1,1,6,6,1,80,11,-1,-1,-1,-1,9,E01017796,0,-1
2023131362221,2023,131362221,2,1,0,18,19,6,2,0,0,1,0,0,0,0,1,1,2,2,1,55,8,-1,-1,-1,-1,3,E01011541,0,-1
2023041316960,2023,041316960,4,9,0,2,2,0,0,0,0,0,0,0,0,0,3,1,6,6,3,-1,-1,-1,-1,-1,-1,-1,-1,0,-1
2023101379245,2023,101379245,2,9,0,18,19,1,5,0,0,0,0,11,1,0,1,2,6,6,2,46,8,-1,-1,-1,-1,2,E01008753,0,-1
2023421281274,2023,421281274,2,1,-1,18,19,2,6,0,0,4,0,0,0,0,0,1,5,6,1,50,8,-1,-1,-1,-1,10,E01021465,0,-1
2023211345211,2023,211345211,1,1,-1,-1,-1,-1,-1,-1,-1,-1,-1,-1,-1,0,-1,1,6,6,1,-1,-1,-1,-1,-1,-1,-1,-1,0,-1
2023161277220,2023,161277220,2,9,0,18,19,3,7,0,0,1,0,0,0,0,1,1,6,6,1,-1,-1,-1,-1,-1,-1,-1,-1,0,-1
2023311374726,2023,311374726,1,1,0,18,19,7,3,0,0,0,5,0,0,0,1,1,6,6,2,24,5,-1,-1,-1,-1,5,E01026290,0,-1
2023421359626,2023,421359626,1,1,0,18,19,7,5,0,0,8,1,0,0,0,1,1,5,6,2,43,7,-1,-1,-1,-1,1,E01015841,0,-1
2023010433338,2023,010433338,2,1,0,18,19,5,1,0,0,1,0,8,0,0,4,1,1,1,1,51,8,-1,-1,-1,-1,3,E01000090,0,-1
2023430497013,2023,430497013,2,9,0,18,19,8,4,0,0,8,0,0,0,0,3,1,6,6,1,48,8,-1,-1,-1,-1,9,E01028572,0,-1
2023461270730,2023,461270730,1,9,0,18,19,7,3,0,0,0,0,0,0,0,1,1,6,6,1,-1,-1,-1,-1,-1,-1,-1,-1,0,-1
2023101398325,2023,101398325,1,9,-1,-1,-1,-1,-1,-1,-1,0,-1,-1,-1,0,-1,1,6,6,3,-1,-1,-1,-1,-1,-1,-1,-1,0,-1
2023340WN6052,2023,340WN6052,2,1,0,18,19,3,7,0,0,1,0,0,0,0,1,1,6,6,2,51,8,-1,-1,-1,-1,-1,-1,0,-1
2023430184460,2023,430184460,1,9,0,18,19,5,1,0,0,1,0,0,0,0,1,1,6,6,3,40,7,-1,-1,-1,-1,7,E01022506,0,-1
2023471338404,2023,471338404,2,9,0,10,10,7,3,0,0,0,5,0,0,0,2,1,1,1,1,40,7,-1,-1,-1,-1,5,E01031605,0,-1
2023430254557,2023,430254557,2,9,0,18,19,2,5,0,0,1,0,0,0,0,1,1,6,6,1,30,6,-1,-1,-1,-1,-1,-1,0,-1
2023361307641,2023,361307641,2,1,0,18,19,1,5,0,0,1,0,0,0,0,1,1,5,6,1,10,2,-1,-1,-1,-1,1,E01026848,0,-1
2023010433873,2023,010433873,1,9,0,18,19,5,1,0,0,0,0,0,0,0,1,1,6,6,3,-1,-1,-1,-1,-1,-1,-1,-1,0,-1
2023201347210,2023,201347210,1,9,0,7,7,2,5,0,0,6,0,0,0,0,1,1,6,6,1,-1,-1,-1,-1,-1,-1,-1,-1,0,-1
2023340WN2112,2023,340WN2112,1,9,0,18,19,1,5,0,0,0,0,0,0,0,1,1,6,6,1,-1,-1,-1,-1,-1,-1,-1,-1,0,-1
2023440157889,2023,440157889,1,-1,0,18,19,7,3,9,9,8,0,0,0,0,1,1,6,6,2,10,2,-1,-1,-1,-1,2,E01022949,1,-1
2023501277679,2023,501277679,1,9,0,18,19,6,2,0,0,1,0,0,0,0,1,1,6,6,3,-1,-1,-1,-1,-1,-1,-1,-1,0,-1
2023340NN1502,2023,340NN1502,2,9,0,18,19,6,2,0,0,8,1,0,0,0,3,1,1,1,2,57,9,-1,-1,-1,-1,8,E01032974,0,-1
2023010456576,2023,010456576,2,1,0,7,7,3,4,0,0,2,0,0,0,0,1,1,1,1,1,20,4,-1,-1,-1,-1,1,E01001765,0,-1
2023141379624,2023,141379624,2,9,0,13,13,1,5,2,2,0,0,0,0,0,1,1,6,6,3,-1,-1,-1,-1,-1,-1,-1,-1,0,-1
2023471333239,2023,471333239,2,1,0,15,15,1,5,0,0,1,0,0,0,0,3,1,1,1,1,23,5,-1,-1,-1,-1,4,E01016967,0,-1
2023461310824,2023,461310824,2,1,0,18,19,3,7,0,0,4,0,0,0,0,1,1,6,6,1,59,9,-1,-1,-1,-1,5,E01024638,0,-1
2023231330042,2023,231330042,2,1,0,18,19,5,1,0,0,1,0,0,0,0,1,1,5,6,1,13,3,-1,-1,-1,-1,8,E01031337,0,-1
2023622300379,2023,622300379,1,1,0,18,19,4,8,0,0,1,0,0,0,0,1,1,1,1,1,56,9,-1,-1,-1,-1,5,W01001786,0,-1
2023401308637,2023,401308637,4,9,0,4,4,1,6,0,0,0,0,0,0,0,0,1,1,1,3,-1,-1,-1,-1,-1,-1,-1,-1,0,-1
2023351339463,2023,351339463,2,9,0,18,19,6,2,0,0,1,0,0,0,0,4,1,6,6,1,-1,-1,-1,-1,-1,-1,-1,-1,0,-1
2023451362381,2023,451362381,2,98,0,18,19,1,5,0,0,0,0,0,0,0,1,1,1,1,1,39,7,-1,-1,-1,-1,7,E01023901,0,-1
2023311341503,2023,311341503,1,1,0,18,19,3,7,0,0,0,0,0,0,0,1,1,6,6,2,31,6,-1,-1,-1,-1,4,E01028225,0,-1
2023131295466,2023,131295466,1,9,0,-1,-1,-1,-1,-1,-1,0,-1,-1,-1,-1,-1,1,6,6,3,-1,-1,-1,-1,-1,-1,-1,-1,0,-1
2023010420601,2023,010420601,2,9,0,99,99,9,9,99,99,9,9,99,9,99,9,9,6,6,3,-1,-1,-1,-1,-1,-1,4,E01000498,0,-1
2023010441675,2023,010441675,2,4,0,99,99,9,9,99,99,0,9,99,9,99,4,1,6,6,3,-1,-1,-1,-1,-1,-1,-1,-1,0,-1
2023522400018,2023,522400018,2,-1,0,18,19,7,3,0,0,1,0,0,0,0,9,1,6,6,3,-1,-1,-1,-1,-1,-1,-1,-1,1,-1
2023501370857,2023,501370857,2,9,0,3,3,6,8,0,0,0,0,0,0,0,2,1,2,2,1,19,4,-1,-1,-1,-1,5,E01019923,0,-1
2023010428713,2023,010428713,2,9,0,99,99,9,9,99,99,9,9,99,9,99,9,9,6,6,3,-1,-1,-1,-1,-1,-1,-1,-1,0,-1
2023991332066,2023,991332066,1,9,0,16,19,4,7,1,1,0,1,0,0,0,1,1,6,6,2,18,4,-1,-1,-1,-1,6,-1,0,-1
2023201331760,2023,201331760,1,9,0,5,5,-1,-1,0,0,0,0,0,0,0,1,1,1,1,1,29,6,-1,-1,-1,-1,5,E01028556,0,-1
2023061270101,2023,061270101,1,9,0,9,9,5,3,0,0,2,0,0,8,0,1,1,6,6,2,-1,-1,-1,-1,-1,-1,-1,-1,0,-1
2023010470874,2023,010470874,1,-1,0,99,99,9,9,99,99,9,9,99,9,99,9,9,6,6,3,-1,-1,-1,-1,-1,-1,-1,-1,1,-1
2023010460625,2023,010460625,2,1,0,4,4,5,1,0,0,1,0,0,0,0,1,1,6,6,1,27,6,-1,-1,-1,-1,3,E01003730,0,-1
2023010475285,2023,010475285,2,9,0,99,99,9,9,99,99,9,9,99,9,99,1,9,6,6,3,30,6,-1,-1,-1,-1,2,E01008999,0,-1
2023201311437,2023,201311437,1,9,0,7,7,2,4,0,0,6,0,0,0,0,0,1,6,6,3,-1,-1,-1,-1,-1,-1,-1,-1,0,-1
2023401328165,2023,401328165,2,98,0,17,19,1,5,0,0,2,0,0,1,0,1,1,1,1,2,48,8,-1,-1,-1,-1,10,E01017528,0,-1
2023461327576,2023,461327576,2,-1,0,18,19,4,7,0,0,0,0,0,1,0,2,1,6,6,1,15,3,-1,-1,-1,-1,5,E01024342,1,-1
2023451387168,2023,451387168,2,1,0,99,99,5,6,0,0,4,0,0,0,0,9,1,6,6,1,50,8,-1,-1,-1,-1,-1,-1,0,-1
2023201278412,2023,201278412,1,1,0,18,19,1,5,0,0,0,0,0,0,0,4,1,1,1,1,19,4,-1,-1,-1,-1,1,E01009540,0,-1
2023622300473,2023,622300473,1,9,0,18,19,7,2,0,0,1,0,0,0,0,1,1,6,6,1,78,11,-1,-1,-1,-1,-1,-1,0,-1
2023010483914,2023,010483914,1,1,9,99,99,9,9,99,99,1,9,99,9,99,1,1,2,2,1,28,6,-1,-1,-1,-1,7,E01000862,0,-1
2023221371075,2023,221371075,1,1,0,18,19,7,3,0,0,1,0,0,0,0,1,1,6,6,2,37,7,-1,-1,-1,-1,1,E01022122,0,-1
202360A014868,2023,60A014868,1,9,0,1,1,2,6,0,0,0,0,0,0,0,2,1,6,6,3,-1,-1,-1,-1,-1,-1,-1,-1,0,-1
2023010463412,2023,010463412,2,98,0,99,99,9,9,99,99,9,9,99,9,99,9,9,6,6,3,-1,-1,-1,-1,-1,-1,-1,-1,0,-1
2023010432286,2023,010432286,1,1,9,99,99,9,9,99,99,9,9,99,9,99,9,1,1,1,1,19,4,-1,-1,-1,-1,1,E01001857,0,-1
2023461281473,2023,461281473,1,9,0,12,12,6,2,0,0,0,0,0,0,0,1,1,6,6,1,25,5,-1,-1,-1,-1,2,E01024091,0,-1
2023161357704,2023,161357704,1,9,0,18,19,5,1,0,0,0,0,0,0,0,4,1,6,6,2,60,9,-1,-1,-1,-1,-1,-1,0,-1
2023451348524,2023,451348524,2,9,0,18,19,1,1,0,0,0,0,0,0,0,1,1,6,6,2,40,7,-1,-1,-1,-1,-1,-1,0,-1
2023320780628,2023,320780628,2,9,0,18,19,4,8,0,0,8,0,0,0,0,4,1,6,6,1,18,4,-1,-1,-1,-1,4,E01026254,0,-1
2023451379070,2023,451379070,2,9,0,18,19,3,1,0,0,0,0,0,0,0,1,1,6,6,3,42,7,-1,-1,-1,-1,-1,-1,0,-1