collision_index,collision_year,collision_ref_no,vehicle_reference,vehicle_type,towing_and_articulation,vehicle_manoeuvre_historic,vehicle_manoeuvre,vehicle_direction_from,vehicle_direction_to,vehicle_location_restricted_lane_historic,vehicle_location_restricted_lane,junction_location,skidding_and_overturning,hit_object_in_carriageway,vehicle_leaving_carriageway,hit_object_off_carriageway,first_point_of_impact,vehicle_left_hand_drive,journey_purpose_of_driver_historic,journey_purpose_of_driver,sex_of_driver,age_of_driver,age_band_of_driver,engine_capacity_cc,propulsion_code,age_of_vehicle,generic_make_model,driver_imd_decile,lsoa_of_driver,escooter_flag,driver_distance_banding
2023141387458,2023,141387458,2,9,0,18,19,4,8,0,0,2,0,0,0,0,1,1,6,6,1,53,8,-1,-1,-1,-1,1,E01007902,0,-1
2023010467785,2023,010467785,1,1,9,99,99,9,9,99,99,9,9,99,9,99,9,1,6,6,1,14,3,-1,-1,-1,-1,7,E01003287,0,-1
2023010470448,2023,010470448,1,4,0,18,19,7,3,9,9,1,0,10,0,0,1,1,6,6,1,36,7,-1,-1,-1,-1,3,E01001449,0,-1
2023991373105,2023,991373105,1,9,0,15,15,2,6,0,0,0,0,0,0,0,4,2,1,1,1,25,5,-1,-1,-1,-1,5,-1,0,-1
2023010466330,2023,010466330,2,9,0,99,99,9,9,99,99,0,9,99,9,99,9,9,6,6,3,-1,-1,-1,-1,-1,-1,-1,-1,0,-1
2023010430619,2023,010430619,1,1,9,99,99,9,9,99,99,9,9,99,9,99,9,1,2,2,2,28,6,-1,-1,-1,-1,3,E01004540,0,-1
2023351374305,2023,351374305,2,1,0,18,19,3,1,0,0,8,5,0,0,0,4,1,2,2,1,27,6,-1,-1,-1,-1,9,E01017988,0,-1
2023991289640,2023,991289640,2,8,0,18,19,6,1,0,0,8,0,0,0,0,1,1,1,1,1,62,9,-1,-1,-1,-1,2,-1,0,-1
2023111356345,2023,111356345,1,1,0,9,9,2,8,0,0,1,0,0,0,0,1,1,6,6,2,12,3,-1,-1,-1,-1,4,E01032545,0,-1
2023010484963,2023,010484963,2,9,0,99,99,9,9,99,99,9,9,99,9,99,1,9,6,6,3,-1,-1,-1,-1,-1,-1,-1,-1,0,-1
2023351301467,2023,351301467,2,1,0,9,9,-1,-1,0,0,8,0,0,0,0,3,1,6,6,1,33,6,-1,-1,-1,-1,7,E01017965,0,-1
2023010429519,2023,010429519,2,8,0,99,99,9,9,99,99,5,9,99,9,99,1,9,6,6,3,-1,-1,-1,-1,-1,-1,-1,-1,0,-1
2023631383098,2023,631383098,2,1,0,18,19,1,5,0,0,8,0,0,0,0,1,1,6,6,2,50,8,-1,-1,-1,-1,3,W01000654,0,-1
2023552300525,2023,552300525,2,1,0,18,19,7,3,0,0,8,1,0,0,0,1,1,6,6,2,28,6,-1,-1,-1,-1,6,E01015369,0,-1
2023010450678,2023,010450678,1,1,9,99,99,9,9,99,99,9,9,99,9,99,1,1,6,6,3,-1,-1,-1,-1,-1,-1,-1,-1,0,-1
2023421286860,2023,421286860,1,9,0,7,7,5,8,0,0,1,0,0,0,0,4,1,6,6,2,65,9,-1,-1,-1,-1,-1,-1,0,-1
2023010429437,2023,010429437,3,1,0,18,19,1,5,0,0,1,0,0,0,0,3,1,6,6,1,37,7,-1,-1,-1,-1,4,E01003354,0,-1
2023610039323,2023,610039323,2,1,0,17,19,4,1,0,0,8,0,0,0,0,4,1,6,6,1,46,8,-1,-1,-1,-1,1,W01001652,0,-1
2023010468670,2023,010468670,1,9,9,99,99,9,9,99,99,9,9,0,9,0,1,9,6,6,3,-1,-1,-1,-1,-1,-1,-1,-1,0,-1
2023201337549,2023,201337549,2,1,0,18,19,8,4,0,0,2,0,0,0,0,4,1,6,6,1,12,3,-1,-1,-1,-1,3,E01009947,0,-1
2023010480571,2023,010480571,1,1,0,18,19,5,1,0,0,0,0,0,0,0,1,1,2,2,1,44,7,-1,-1,-1,-1,2,E01001693,0,-1
2023401353932,2023,401353932,2,-1,0,18,19,8,4,0,0,1,0,0,0,0,1,1,6,6,3,-1,-1,-1,-1,-1,-1,-1,-1,0,-1
2023122300592,2023,122300592,1,1,0,18,19,3,7,0,0,8,0,0,0,0,3,1,6,6,1,6,2,-1,-1,-1,-1,4,E01027581,0,-1
2023052300341,2023,052300341,1,9,0,9,9,3,7,0,0,8,0,0,0,0,3,1,6,6,3,-1,-1,-1,-1,-1,-1,-1,-1,0,-1
2023010477232,2023,010477232,2,1,0,18,19,5,1,9,9,0,0,0,1,0,1,1,6,6,1,55,8,-1,-1,-1,-1,2,E01001982,0,-1
2023010474705,2023,010474705,2,98,0,99,99,9,9,99,99,9,9,99,9,99,1,9,6,6,3,-1,-1,-1,-1,-1,-1,-1,-1,0,-1
2023010420645,2023,010420645,2,1,0,18,19,3,7,0,0,1,0,0,0,0,1,1,3,7,1,49,8,-1,-1,-1,-1,3,E01003025,0,-1
2023421343622,2023,421343622,2,22,0,18,19,4,7,0,0,0,0,0,0,0,4,1,6,6,1,63,9,-1,-1,-1,-1,3,E01021490,0,-1
2023622300227,2023,622300227,2,1,0,18,19,7,3,4,4,8,0,0,0,0,1,1,6,6,1,25,5,-1,-1,-1,-1,9,W01001719,0,-1
2023010431879,2023,010431879,1,9,0,99,99,9,9,99,99,0,9,99,9,99,9,9,6,6,1,24,5,-1,-1,-1,-1,-1,-1,0,-1
2023122300855,2023,122300855,2,17,4,18,19,3,7,0,0,2,1,0,0,0,2,1,1,1,1,57,9,-1,-1,-1,-1,4,E01027787,0,-1
2023201403503,2023,201403503,1,1,0,18,19,3,7,0,0,8,0,0,0,0,1,1,6,6,1,-1,-1,-1,-1,-1,-1,-1,-1,0,-1
2023451379326,2023,451379326,3,9,0,18,19,1,4,0,0,0,0,0,0,0,0,1,6,6,3,33,6,-1,-1,-1,-1,-1,-1,0,-1
2023010448981,2023,010448981,1,9,0,18,19,8,4,0,0,0,0,0,0,0,1,1,6,6,1,76,11,-1,-1,-1,-1,9,E01002270,0,-1
2023421293808,2023,421293808,1,9,0,18,19,8,4,0,0,4,0,0,0,0,1,1,6,6,2,-1,-1,-1,-1,-1,-1,-1,-1,0,-1
2023302300345,2023,302300345,1,-1,0,18,19,7,3,9,9,1,0,0,0,0,1,1,6,6,3,-1,-1,-1,-1,-1,-1,5,E01019456,1,-1
2023010460822,2023,010460822,2,1,0,5,5,5,1,0,0,0,0,0,0,0,2,1,6,6,1,48,8,-1,-1,-1,-1,2,E01004723,0,-1
2023552301468,2023,552301468,2,1,0,18,19,2,6,0,0,0,0,4,0,0,1,1,6,6,2,41,7,-1,-1,-1,-1,5,E01015274,0,-1
2023552301033,2023,552301033,1,9,0,5,5,6,2,0,0,0,0,0,0,0,3,1,6,6,3,-1,-1,-1,-1,-1,-1,-1,-1,0,-1
2023430425399,2023,430425399,1,9,0,9,9,3,1,0,0,0,0,0,0,0,3,1,6,6,2,53,8,-1,-1,-1,-1,8,E01016690,0,-1
2023052300382,2023,052300382,1,9,0,18,19,1,5,0,0,0,0,0,0,0,1,1,6,6,3,-1,-1,-1,-1,-1,-1,-1,-1,0,-1
2023361397142,2023,361397142,1,9,0,18,19,2,6,0,0,0,0,0,0,0,1,2,6,6,1,31,6,-1,-1,-1,-1,7,E01026754,0,-1
2023010474339,2023,010474339,2,9,0,99,99,9,9,99,99,9,9,99,9,99,9,9,6,6,3,-1,-1,-1,-1,-1,-1,-1,-1,0,-1
2023440122760,2023,440122760,2,1,0,18,19,8,4,0,0,8,0,0,0,0,1,1,6,6,1,18,4,-1,-1,-1,-1,5,E01022543,0,-1
2023430260618,2023,430260618,1,1,0,18,19,7,3,0,0,8,0,0,0,0,3,1,4,7,2,-1,-1,-1,-1,-1,-1,-1,-1,0,-1
2023201394185,2023,201394185,1,-1,0,18,19,6,2,0,0,8,0,0,0,0,1,1,6,6,3,-1,-1,-1,-1,-1,-1,-1,-1,0,-1
2023041319096,2023,041319096,1,1,0,18,19,1,5,0,0,1,0,0,0,0,3,1,6,6,1,31,6,-1,-1,-1,-1,3,E01025312,0,-1
2023340WN0882,2023,340WN0882,1,21,0,12,12,8,4,0,0,0,0,0,0,0,1,1,6,6,1,-1,-1,-1,-1,-1,-1,-1,-1,0,-1
2023010469314,2023,010469314,1,1,0,18,19,1,5,0,0,0,0,0,0,0,0,1,6,6,2,34,6,-1,-1,-1,-1,9,E01003462,0,-1
2023170L31143,2023,170L31143,1,2,0,18,19,2,4,9,9,0,0,0,0,0,1,1,6,6,3,-1,-1,-1,-1,-1,-1,-1,-1,0,-1
2023401302811,2023,401302811,1,9,-1,-1,-1,-1,-1,-1,-1,0,-1,-1,-1,0,-1,1,6,6,3,-1,-1,-1,-1,-1,-1,-1,-1,0,-1
2023010451114,2023,010451114,2,9,0,16,19,1,5,0,0,0,0,0,0,0,1,1,6,6,1,33,6,-1,-1,-1,-1,3,E01002028,0,-1
2023311305440,2023,311305440,1,-1,0,17,19,4,8,9,9,0,0,0,0,0,-1,1,6,6,3,-1,-1,-1,-1,-1,-1,-1,-1,0,-1
2023320644265,2023,320644265,2,1,0,4,4,8,4,0,0,0,5,0,0,0,0,1,6,6,1,10,2,-1,-1,-1,-1,5,E01026224,0,-1
2023010475000,2023,010475000,2,9,0,99,99,9,9,99,99,9,9,99,9,99,9,9,6,6,3,-1,-1,-1,-1,-1,-1,5,E01003863,0,-1
2023061373548,2023,061373548,2,1,0,18,19,5,1,0,0,8,0,0,0,0,3,1,5,6,1,55,8,-1,-1,-1,-1,10,E01005812,0,-1
2023991322405,2023,991322405,2,9,0,18,19,4,8,0,0,0,0,0,0,0,0,1,6,6,3,-1,-1,-1,-1,-1,-1,-1,-1,0,-1
2023411270935,2023,411270935,1,9,-1,-1,-1,1,5,0,0,0,0,0,0,0,1,1,6,6,2,-1,-1,-1,-1,-1,-1,-1,-1,0,-1
2023161313916,2023,161313916,1,1,0,18,19,6,2,0,0,0,0,0,0,0,4,1,1,1,2,23,5,-1,-1,-1,-1,1,E01013165,0,-1
2023010485027,2023,010485027,1,1,9,99,99,9,9,99,99,9,9,99,9,99,9,1,2,2,1,36,7,-1,-1,-1,-1,6,E01000407,0,-1
2023211321336,2023,211321336,2,1,0,18,19,4,8,0,0,8,0,0,0,0,1,1,6,6,2,33,6,-1,-1,-1,-1,7,E01029544,0,-1
2023440175058,2023,440175058,2,9,0,18,19,3,7,0,0,3,0,0,0,0,1,1,6,6,1,30,6,-1,-1,-1,-1,4,E01017257,0,-1
2023302301544,2023,302301544,3,9,0,18,19,8,4,0,0,0,0,0,0,0,0,1,6,6,3,-1,-1,-1,-1,-1,-1,5,E01019456,0,-1
2023522300672,2023,522300672,2,9,0,7,7,3,5,0,0,4,0,0,0,0,1,1,6,6,3,-1,-1,-1,-1,-1,-1,-1,-1,0,-1
2023430293534,2023,430293534,2,-1,0,18,19,7,3,0,0,2,0,0,0,0,1,1,6,6,1,17,4,-1,-1,-1,-1,-1,-1,1,-1
2023010479422,2023,010479422,1,9,0,18,19,5,1,0,0,1,0,0,0,0,1,1,6,6,3,-1,-1,-1,-1,-1,-1,-1,-1,0,-1
2023332300365,2023,332300365,1,9,0,18,19,1,5,0,0,0,0,0,0,0,1,1,6,6,3,-1,-1,-1,-1,-1,-1,-1,-1,0,-1
2023131346956,2023,131346956,1,9,0,9,9,6,4,0,0,6,0,0,0,0,3,1,2,2,1,22,5,-1,-1,-1,-1,1,E01010720,0,-1
2023461320547,2023,461320547,2,1,0,9,9,7,1,0,0,8,0,0,0,0,1,1,6,6,1,30,6,-1,-1,-1,-1,7,E01024203,0,-1
2023101340772,2023,101340772,1,19,0,1,1,8,4,0,0,8,0,0,0,0,2,1,6,6,1,-1,-1,-1,-1,-1,-1,-1,-1,0,-1
2023610002723,2023,610002723,2,9,0,18,19,8,4,0,0,4,0,0,0,0,1,1,6,6,3,-1,-1,-1,-1,-1,-1,-1,-1,0,-1
2023010442404,2023,010442404,2,9,0,99,99,9,9,99,99,9,9,99,9,99,9,9,6,6,1,53,8,-1,-1,-1,-1,2,E01000905,0,-1
2023010462681,2023,010462681,1,1,9,99,99,9,9,99,99,1,9,99,9,99,1,1,2,2,1,40,7,-1,-1,-1,-1,3,E01002079,0,-1
2023501324546,2023,501324546,1,1,0,9,9,2,5,0,0,8,2,10,0,0,4,1,5,6,1,54,8,-1,-1,-1,-1,7,E01018795,0,-1
2023332300345,2023,332300345,2,1,0,9,9,7,5,0,0,8,0,0,0,0,4,1,6,6,1,55,8,-1,-1,-1,-1,6,E01013757,0,-1
2023010477736,2023,010477736,1,1,0,99,99,9,9,99,99,9,9,0,0,0,9,1,6,6,1,25,5,-1,-1,-1,-1,3,E01004063,0,-1
2023010425140,2023,010425140,2,1,0,18,19,5,1,4,4,6,0,0,1,0,2,1,6,6,1,19,4,-1,-1,-1,-1,4,E01002643,0,-1
2023501296029,2023,501296029,1,9,0,16,19,2,6,0,0,0,0,0,0,0,-1,1,6,6,3,-1,-1,-1,-1,-1,-1,-1,-1,0,-1
2023010430322,2023,010430322,2,1,0,18,19,4,8,0,0,1,0,0,0,0,1,1,6,6,1,25,5,-1,-1,-1,-1,8,E01003428,0,-1
2023010441423,2023,010441423,2,2,0,18,19,3,7,0,0,1,0,0,1,0,1,1,1,1,1,35,6,-1,-1,-1,-1,2,E01003523,0,-1
2023201293106,2023,201293106,1,9,0,18,19,8,4,0,0,1,0,0,0,0,1,1,6,6,2,39,7,-1,-1,-1,-1,2,E01033641,0,-1
2023052302198,2023,052302198,1,1,0,17,19,4,8,0,0,8,0,0,0,0,0,1,6,6,1,62,9,-1,-1,-1,-1,1,E01032903,0,-1
2023991369347,2023,991369347,2,1,0,18,19,4,8,0,0,0,0,0,0,0,1,1,6,6,1,46,8,-1,-1,-1,-1,-1,-1,0,-1
2023520400832,2023,520400832,1,9,9,18,19,9,9,0,0,0,0,0,0,0,4,9,6,6,1,-1,-1,-1,-1,-1,-1,-1,-1,0,-1
2023543392223,2023,543392223,1,-1,0,18,19,3,7,0,0,0,0,0,0,0,4,1,6,6,1,20,4,-1,-1,-1,-1,-1,-1,1,-1
2023141369293,2023,141369293,1,22,0,5,5,5,1,0,0,0,0,0,0,0,1,1,5,6,1,76,11,-1,-1,-1,-1,1,E01007719,0,-1
2023340NN4272,2023,340NN4272,2,19,0,18,19,1,5,0,0,1,0,0,0,0,2,1,2,2,1,29,6,-1,-1,-1,-1,4,E01027327,0,-1
2023610052823,2023,610052823,3,9,0,2,2,0,0,0,0,0,0,0,0,0,1,1,6,6,1,-1,-1,-1,-1,-1,-1,2,W01001418,0,-1
2023052300951,2023,052300951,1,9,0,18,19,3,7,0,0,0,0,0,0,0,1,1,6,6,3,-1,-1,-1,-1,-1,-1,-1,-1,0,-1
2023010462866,2023,010462866,2,1,0,18,19,3,7,0,0,1,0,0,0,0,1,1,6,6,1,28,6,-1,-1,-1,-1,8,E01023616,0,-1
2023131387981,2023,131387981,1,22,0,18,19,7,3,0,0,0,0,0,0,0,0,1,6,6,1,33,6,-1,-1,-1,-1,1,E01011725,0,-1
2023351276885,2023,351276885,1,9,0,7,7,6,8,0,0,2,0,0,0,0,1,1,5,6,2,34,6,-1,-1,-1,-1,5,E01018138,0,-1
2023161353739,2023,161353739,1,9,0,5,5,7,3,0,0,6,0,0,0,0,0,2,6,6,3,-1,-1,-1,-1,-1,-1,-1,-1,0,-1
2023010484428,2023,010484428,1,1,9,99,99,9,9,99,99,9,9,99,9,99,1,1,6,6,1,26,6,-1,-1,-1,-1,5,E01001200,0,-1
2023991376069,2023,991376069,2,1,0,18,19,1,5,0,0,8,0,0,0,0,1,1,5,6,2,46,8,-1,-1,-1,-1,2,-1,0,-1
2023351384299,2023,351384299,2,1,0,18,19,7,2,0,0,0,5,0,0,0,4,1,4,7,1,17,4,-1,-1,-1,-1,4,E01017953,0,-1
2023361357403,2023,361357403,1,9,0,13,13,7,4,0,0,0,0,0,0,0,4,1,6,6,3,-1,-1,-1,-1,-1,-1,-1,-1,0,-1
2023401308797,2023,401308797,1,98,0,18,19,5,1,0,0,0,0,0,0,0,4,1,6,6,3,-1,-1,-1,-1,-1,-1,-1,-1,0,-1
2023461279968,2023,461279968,2,21,2,18,19,4,8,0,0,0,0,0,0,0,2,1,1,1,1,46,8,-1,-1,-1,-1,-1,-1,0,-1
2023522300151,2023,522300151,2,1,0,18,19,3,7,0,0,0,0,8,0,0,1,1,6,6,3,-1,-1,-1,-1,-1,-1,-1,-1,0,-1
2023351307443,2023,351307443,1,-1,0,12,12,5,1,0,0,0,0,0,0,0,3,1,6,6,1,-1,-1,-1,-1,-1,-1,-1,-1,1,-1
2023052301401,2023,052301401,1,9,0,18,19,4,8,0,0,4,0,0,0,0,1,1,6,6,3,-1,-1,-1,-1,-1,-1,-1,-1,0,-1
2023311380134,2023,311380134,1,98,0,1,1,5,1,0,0,1,0,0,0,0,2,1,6,6,3,43,7,-1,-1,-1,-1,-1,-1,0,-1
2023010456594,2023,010456594,1,1,0,15,15,3,7,4,4,0,0,0,1,1,1,1,1,1,1,41,7,-1,-1,-1,-1,2,E01004321,0,-1
2023231330831,2023,231330831,2,1,0,16,19,6,2,0,0,0,0,0,0,0,2,1,2,2,1,43,7,-1,-1,-1,-1,5,E01009716,0,-1
2023161311858,2023,161311858,1,9,0,18,19,1,5,0,0,8,0,0,0,0,1,1,6,6,1,-1,-1,-1,-1,-1,-1,-1,-1,0,-1
2023010460742,2023,010460742,1,9,0,1,1,7,3,0,0,1,1,4,0,0,2,1,6,6,3,-1,-1,-1,-1,-1,-1,-1,-1,0,-1
2023070418188,2023,070418188,1,9,0,16,19,7,2,0,0,1,5,0,4,2,4,1,6,6,2,24,5,-1,-1,-1,-1,3,E01033409,0,-1
2023161386940,2023,161386940,2,9,0,2,2,0,0,0,0,2,0,0,0,0,1,1,6,6,3,-1,-1,-1,-1,-1,-1,-1,-1,0,-1
2023010426739,2023,010426739,1,1,9,99,99,9,9,99,99,9,9,99,9,99,9,1,2,2,2,35,6,-1,-1,-1,-1,5,E01004521,0,-1
2023351388304,2023,351388304,2,-1,0,18,19,-1,-1,0,0,1,0,0,0,0,1,1,6,6,3,-1,-1,-1,-1,-1,-1,-1,-1,0,-1
2023201364052,2023,201364052,1,9,0,5,5,3,5,0,0,5,0,0,0,0,1,1,6,6,3,-1,-1,-1,-1,-1,-1,-1,-1,0,-1
2023052301841,2023,052301841,1,9,0,18,19,7,3,0,0,0,0,0,0,0,1,1,6,6,3,-1,-1,-1,-1,-1,-1,-1,-1,0,-1
2023070287018,2023,070287018,1,1,0,9,9,1,5,0,0,8,0,0,0,0,1,1,6,6,1,44,7,-1,-1,-1,-1,1,E01018445,0,-1
2023101322475,2023,101322475,1,9,0,8,8,1,5,0,0,1,0,4,0,0,1,1,6,6,1,40,7,-1,-1,-1,-1,-1,-1,0,-1
2023161307350,2023,161307350,2,9,0,18,19,7,4,0,0,1,1,0,0,0,1,1,1,1,1,18,4,-1,-1,-1,-1,5,E01013107,0,-1
2023522400916,2023,522400916,2,1,0,18,19,3,7,0,0,8,0,0,0,0,1,1,6,6,1,41,7,-1,-1,-1,-1,3,E01014807,0,-1
2023302300561,2023,302300561,2,1,0,18,19,6,2,9,9,2,0,0,0,0,1,1,6,6,2,7,2,-1,-1,-1,-1,3,E01013513,0,-1
2023401293903,2023,401293903,1,9,-1,-1,-1,-1,-1,-1,-1,-1,-1,-1,-1,0,-1,1,6,6,3,-1,-1,-1,-1,-1,-1,-1,-1,0,-1
2023010485240,2023,010485240,2,1,0,10,10,1,6,0,0,8,5,0,0,0,1,1,6,6,1,50,8,-1,-1,-1,-1,9,E01003809,0,-1
2023010475735,2023,010475735,2,1,0,18,19,5,1,0,0,1,0,0,0,0,1,1,6,6,1,34,6,-1,-1,-1,-1,5,E01002791,0,-1
2023401323611,2023,401323611,1,9,0,11,11,4,1,0,0,0,0,0,0,0,1,1,1,1,1,43,7,-1,-1,-1,-1,9,E01031685,0,-1
2023351303996,2023,351303996,1,1,0,18,19,5,3,0,0,0,0,0,0,0,1,1,2,2,1,33,6,-1,-1,-1,-1,3,E01015668,0,-1
2023501371355,2023,501371355,2,1,0,18,19,3,1,0,0,8,0,0,0,0,4,1,6,6,2,39,7,-1,-1,-1,-1,5,E01020182,0,-1
2023471265084,2023,471265084,1,9,0,7,7,3,6,2,2,8,0,0,0,0,0,1,6,6,3,-1,-1,-1,-1,-1,-1,-1,-1,0,-1
2023461390103,2023,461390103,1,9,0,18,19,-1,-1,0,0,0,0,0,0,0,4,1,6,6,3,-1,-1,-1,-1,-1,-1,-1,-1,0,-1
2023461306622,2023,461306622,1,9,0,18,19,4,7,0,0,1,0,0,0,0,1,1,6,6,3,-1,-1,-1,-1,-1,-1,-1,-1,0,-1
2023161370156,2023,161370156,1,1,0,18,19,2,5,0,0,8,0,0,0,0,3,1,2,2,1,36,7,-1,-1,-1,-1,3,E01013282,0,-1
2023122300930,2023,122300930,2,1,0,5,5,1,5,0,0,8,0,0,0,0,1,1,1,1,2,28,6,-1,-1,-1,-1,8,E01027621,0,-1
2023101286073,2023,101286073,2,-1,0,2,2,1,1,0,0,1,0,0,0,0,0,1,6,6,1,9,2,-1,-1,-1,-1,-1,-1,1,-1
2023371343526,2023,371343526,2,-1,0,18,19,3,7,0,0,8,0,0,0,0,1,1,6,6,2,-1,-1,-1,-1,-1,-1,-1,-1,0,-1
2023010442414,2023,010442414,5,1,0,18,19,1,5,0,0,8,0,0,0,0,1,1,6,6,2,36,7,-1,-1,-1,-1,4,E01002180,0,-1
2023231371548,2023,231371548,2,1,0,18,19,8,4,0,0,8,0,0,0,0,1,1,5,6,2,30,6,-1,-1,-1,-1,6,E01031211,0,-1
2023461353404,2023,461353404,2,1,0,18,19,7,5,0,0,2,5,0,0,0,1,1,6,6,1,12,3,-1,-1,-1,-1,8,E01016138,0,-1
2023131390285,2023,131390285,2,23,0,-1,-1,-1,-1,9,9,6,-1,-1,-1,-1,-1,1,6,6,3,49,8,-1,-1,-1,-1,-1,-1,0,-1
2023421351677,2023,421351677,2,1,0,18,19,1,5,0,0,0,0,0,0,0,3,1,6,6,1,28,6,-1,-1,-1,-1,-1,-1,0,-1
2023141325477,2023,141325477,1,1,0,18,19,1,5,0,0,0,0,8,0,0,1,1,5,6,1,45,7,-1,-1,-1,-1,2,E01007976,0,-1
2023461267756,2023,461267756,3,19,0,18,19,3,7,0,0,0,0,0,0,0,0,1,6,6,1,32,6,-1,-1,-1,-1,-1,-1,0,-1
2023351405470,2023,351405470,2,97,0,14,14,1,4,0,0,8,0,0,0,0,3,1,5,6,1,31,6,-1,-1,-1,-1,-1,-1,0,-1
2023101308105,2023,101308105,1,9,0,18,19,7,3,0,0,8,0,0,0,0,1,1,6,6,1,-1,-1,-1,-1,-1,-1,-1,-1,0,-1
2023471370576,2023,471370576,1,9,0,-1,-1,-1,-1,-1,-1,0,-1,-1,-1,0,-1,1,6,6,3,-1,-1,-1,-1,-1,-1,-1,-1,0,-1
2023991358476,2023,991358476,2,1,0,18,19,6,2,0,0,3,0,0,0,0,4,1,5,6,1,65,9,-1,-1,-1,-1,-1,-1,0,-1
2023010472625,2023,010472625,1,1,9,99,99,9,9,99,99,9,9,99,9,99,1,1,6,6,2,43,7,-1,-1,-1,-1,3,E01003014,0,-1
2023010477565,2023,010477565,1,90,9,99,99,9,9,99,99,9,9,99,9,99,9,9,6,6,3,-1,-1,-1,-1,-1,-1,-1,-1,0,-1
2023221316204,2023,221316204,2,1,0,18,19,7,3,0,0,0,0,10,1,0,4,1,6,6,1,59,9,-1,-1,-1,-1,-1,-1,0,-1
2023010427479,2023,010427479,2,97,0,99,99,9,9,99,99,9,9,99,9,99,1,9,6,6,3,-1,-1,-1,-1,-1,-1,-1,-1,0,-1
2023531311584,2023,531311584,3,9,0,18,19,7,3,0,0,0,0,0,0,0,1,1,6,6,1,41,7,-1,-1,-1,-1,9,E01022212,0,-1
2023010434087,2023,010434087,2,9,0,99,99,9,9,99,99,9,9,99,9,99,9,9,6,6,3,-1,-1,-1,-1,-1,-1,-1,-1,0,-1
2023471320673,2023,471320673,2,1,0,18,19,5,1,0,0,2,5,0,0,0,3,1,6,6,1,71,10,-1,-1,-1,-1,10,E01021217,0,-1
2023010471392,2023,010471392,2,9,0,99,99,9,9,99,99,0,9,99,9,99,1,9,6,6,3,-1,-1,-1,-1,-1,-1,-1,-1,0,-1
2023131365488,2023,131365488,1,9,0,18,19,3,7,0,0,0,0,11,0,0,-1,1,6,6,3,-1,-1,-1,-1,-1,-1,-1,-1,0,-1
2023340NN0012,2023,340NN0012,1,90,0,18,19,8,4,0,0,1,0,0,0,0,1,1,6,6,3,-1,-1,-1,-1,-1,-1,-1,-1,0,-1
2023340WN4152,2023,340WN4152,1,23,0,17,19,6,2,0,0,1,0,0,0,0,1,1,6,6,3,-1,-1,-1,-1,-1,-1,-1,-1,0,-1
2023361366413,2023,361366413,1,1,0,18,19,3,7,0,0,0,0,0,0,0,3,1,6,6,1,49,8,-1,-1,-1,-1,8,E01026855,0,-1
2023010428780,2023,010428780,1,1,9,99,99,9,9,99,99,9,9,99,9,99,1,1,2,2,1,21,5,-1,-1,-1,-1,4,E01000534,0,-1
202360A196802,2023,60A196802,2,9,0,4,4,8,4,0,0,1,0,0,0,0,2,1,6,6,2,26,6,-1,-1,-1,-1,-1,-1,0,-1
2023401395941,2023,401395941,2,9,0,18,19,2,5,0,0,0,0,0,1,0,1,1,6,6,2,23,5,-1,-1,-1,-1,10,E01017572,0,-1
202363D034823,2023,63D034823,1,9,0,17,19,3,8,0,0,0,0,4,0,0,1,1,6,6,2,18,4,-1,-1,-1,-1,-1,-1,0,-1
2023010449092,2023,010449092,1,9,0,18,19,3,7,0,0,0,0,0,0,0,3,1,6,6,2,34,6,-1,-1,-1,-1,10,E01004093,0,-1
2023221268764,2023,221268764,1,17,0,12,12,5,3,0,0,8,0,0,0,0,3,1,1,1,1,41,7,-1,-1,-1,-1,8,E01032286,0,-1
2023440247196,2023,440247196,1,9,0,4,4,1,5,0,0,0,0,0,0,0,2,1,6,6,1,26,6,-1,-1,-1,-1,6,E01022520,0,-1
2023501338369,2023,501338369,2,17,0,18,19,5,1,0,0,0,0,0,0,0,3,1,6,6,1,56,9,-1,-1,-1,-1,3,E01019052,0,-1
2023010434093,2023,010434093,1,1,9,99,99,9,9,99,99,9,9,99,9,99,1,1,2,2,1,42,7,-1,-1,-1,-1,7,E01002013,0,-1
2023546613123,2023,546613123,2,1,0,18,19,4,8,0,0,0,0,0,0,0,2,1,6,6,2,63,9,-1,-1,-1,-1,5,E01020454,0,-1
2023991345979,2023,991345979,2,1,0,18,19,7,1,0,0,1,0,0,1,0,1,1,6,6,1,20,4,-1,-1,-1,-1,6,-1,0,-1
2023070879826,2023,070879826,1,9,0,18,19,7,3,0,0,0,0,0,0,0,0,1,6,6,2,-1,-1,-1,-1,-1,-1,-1,-1,0,-1
2023451338405,2023,451338405,1,9,0,18,19,1,5,0,0,0,0,0,0,0,1,1,6,6,2,50,8,-1,-1,-1,-1,-1,-1,0,-1
2023622300186,2023,622300186,2,9,0,18,19,4,8,0,0,8,0,0,0,0,3,1,2,2,2,51,8,-1,-1,-1,-1,10,W01001245,0,-1
2023201377387,2023,201377387,1,9,0,18,19,6,2,0,0,1,0,0,0,0,1,1,6,6,3,-1,-1,-1,-1,-1,-1,-1,-1,0,-1
2023520400435,2023,520400435,1,1,0,9,9,1,6,0,0,8,0,0,0,0,2,1,6,6,1,55,8,-1,-1,-1,-1,6,E01029070,0,-1
2023010425840,2023,010425840,2,1,9,99,99,9,9,99,99,9,9,99,9,99,1,1,6,6,3,-1,-1,-1,-1,-1,-1,-1,-1,0,-1
2023061303318,2023,061303318,2,9,0,11,11,-1,-1,0,0,0,0,0,0,0,0,1,6,6,3,30,6,-1,-1,-1,-1,10,E01023180,0,-1
2023430283965,2023,430283965,1,9,0,9,9,7,5,0,0,6,0,0,0,0,4,1,6,6,2,41,7,-1,-1,-1,-1,10,E01017727,0,-1
2023501371465,2023,501371465,2,1,0,3,3,3,8,0,0,1,5,0,0,0,2,1,2,2,1,30,6,-1,-1,-1,-1,2,E01019046,0,-1
2023991356500,2023,991356500,1,98,0,12,12,4,8,0,0,0,0,0,0,0,3,1,6,6,3,-1,-1,-1,-1,-1,-1,-1,-1,0,-1
2023010426018,2023,010426018,2,9,0,99,99,9,9,99,99,9,9,99,9,99,2,9,6,6,3,-1,-1,-1,-1,-1,-1,-1,-1,0,-1
2023221272234,2023,221272234,1,1,0,16,19,7,2,0,0,0,1,0,0,0,1,1,5,6,2,61,9,-1,-1,-1,-1,10,E01022466,0,-1
2023201406928,2023,201406928,1,9,0,18,19,4,8,0,0,8,0,0,0,0,1,1,6,6,1,-1,-1,-1,-1,-1,-1,-1,-1,0,-1