collision_index,collision_year,collision_ref_no,vehicle_reference,vehicle_type,towing_and_articulation,vehicle_manoeuvre_historic,vehicle_manoeuvre,vehicle_direction_from,vehicle_direction_to,vehicle_location_restricted_lane_historic,vehicle_location_restricted_lane,junction_location,skidding_and_overturning,hit_object_in_carriageway,vehicle_leaving_carriageway,hit_object_off_carriageway,first_point_of_impact,vehicle_left_hand_drive,journey_purpose_of_driver_historic,journey_purpose_of_driver,sex_of_driver,age_of_driver,age_band_of_driver,engine_capacity_cc,propulsion_code,age_of_vehicle,generic_make_model,driver_imd_decile,lsoa_of_driver,escooter_flag,driver_distance_banding
2023010432846,2023,010432846,2,19,0,99,99,9,9,99,99,9,9,99,9,99,9,9,6,6,3,-1,-1,-1,-1,-1,-1,-1,-1,0,-1
2023070497730,2023,070497730,2,1,0,14,14,3,7,0,0,8,0,0,0,0,3,1,6,6,1,30,6,-1,-1,-1,-1,1,E01018445,0,-1
2023010458421,2023,010458421,1,97,9,99,99,9,9,99,99,9,9,99,9,99,9,9,6,6,3,-1,-1,-1,-1,-1,-1,-1,-1,0,-1
2023440264471,2023,440264471,2,1,0,3,3,8,4,0,0,1,0,0,0,0,1,1,6,6,1,45,7,-1,-1,-1,-1,5,E01017030,0,-1
2023010447035,2023,010447035,2,1,0,18,19,1,5,4,4,1,0,0,0,0,1,1,2,2,1,42,7,-1,-1,-1,-1,4,E01000965,0,-1
2023131381788,2023,131381788,1,98,0,18,19,4,8,0,0,0,-1,-1,-1,-1,-1,1,6,6,3,-1,-1,-1,-1,-1,-1,-1,-1,0,-1
2023052301551,2023,052301551,2,22,0,5,5,1,5,0,0,0,0,0,0,0,1,1,6,6,1,68,10,-1,-1,-1,-1,6,E01007105,0,-1
2023010421078,2023,010421078,2,8,0,18,19,1,5,0,0,4,0,0,0,0,1,1,1,1,1,56,9,-1,-1,-1,-1,2,E01001079,0,-1
2023471333691,2023,471333691,2,1,0,18,19,2,6,0,0,0,0,0,0,0,1,1,5,6,1,57,9,-1,-1,-1,-1,7,E01030858,0,-1
2023411374939,2023,411374939,2,1,0,7,7,3,1,0,0,2,0,0,0,0,1,1,6,6,1,17,4,-1,-1,-1,-1,7,E01023602,0,-1
2023061312743,2023,061312743,2,1,0,18,19,6,2,4,4,1,0,0,0,0,4,1,6,6,1,54,8,-1,-1,-1,-1,-1,-1,0,-1
2023421368819,2023,421368819,3,9,0,2,2,0,0,0,0,2,0,0,0,0,2,1,6,6,3,-1,-1,-1,-1,-1,-1,-1,-1,0,-1
2023451266864,2023,451266864,1,19,0,1,1,5,1,9,9,0,0,0,0,0,2,1,1,1,1,40,7,-1,-1,-1,-1,9,E01016196,0,-1
2023610007823,2023,610007823,2,9,0,18,19,5,1,0,0,0,0,0,0,0,4,1,6,6,1,-1,-1,-1,-1,-1,-1,-1,-1,0,-1
2023332300069,2023,332300069,1,9,0,18,19,6,2,0,0,0,0,0,0,0,1,1,1,1,1,26,6,-1,-1,-1,-1,-1,-1,0,-1
2023549312923,2023,549312923,1,1,0,18,19,5,8,0,0,2,0,0,0,0,3,1,6,6,1,47,8,-1,-1,-1,-1,4,E01032019,0,-1
2023141299502,2023,141299502,2,98,0,18,19,2,6,0,0,1,0,0,0,0,3,1,6,6,3,-1,-1,-1,-1,-1,-1,-1,-1,0,-1
2023010453465,2023,010453465,1,1,9,99,99,9,9,99,99,9,9,99,9,99,9,1,2,2,3,36,7,-1,-1,-1,-1,4,E01003353,0,-1
2023010478638,2023,010478638,2,1,0,18,19,1,5,0,0,1,0,4,0,0,1,1,1,1,1,28,6,-1,-1,-1,-1,3,E01003583,0,-1
2023201304295,2023,201304295,2,1,0,18,19,-1,-1,0,0,0,0,0,0,0,2,1,6,6,1,36,7,-1,-1,-1,-1,1,E01010452,0,-1
2023041333728,2023,041333728,1,98,0,18,19,6,2,0,0,0,0,0,0,0,1,1,1,1,1,56,9,-1,-1,-1,-1,1,E01005722,0,-1
2023010433309,2023,010433309,1,1,0,99,99,9,9,99,99,1,0,99,9,99,9,1,6,6,2,27,6,-1,-1,-1,-1,2,E01003120,0,-1
2023010471360,2023,010471360,2,9,0,99,99,9,9,99,99,9,9,99,9,99,9,9,6,6,3,-1,-1,-1,-1,-1,-1,-1,-1,0,-1
2023221296088,2023,221296088,4,21,1,12,12,7,3,0,0,0,0,0,0,0,3,1,1,1,3,34,6,-1,-1,-1,-1,-1,-1,0,-1
2023440172706,2023,440172706,1,9,0,7,7,2,4,0,0,5,0,0,0,0,4,1,6,6,3,-1,-1,-1,-1,-1,-1,-1,-1,0,-1
2023371351519,2023,371351519,1,9,0,18,19,-1,-1,0,0,0,0,0,0,0,4,1,6,6,3,-1,-1,-1,-1,-1,-1,-1,-1,0,-1
2023201412605,2023,201412605,1,19,0,18,19,5,1,0,0,1,0,0,0,0,1,1,6,6,1,58,9,-1,-1,-1,-1,6,E01010519,0,-1
2023311314549,2023,311314549,2,1,0,18,19,1,5,0,0,1,0,0,0,0,1,1,6,6,1,51,8,-1,-1,-1,-1,2,E01013832,0,-1
2023052302244,2023,052302244,1,9,0,11,11,1,3,0,0,1,0,0,0,0,1,1,6,6,3,-1,-1,-1,-1,-1,-1,-1,-1,0,-1
2023010479003,2023,010479003,1,1,9,18,19,9,9,99,99,0,9,99,9,99,2,1,2,2,1,45,7,-1,-1,-1,-1,7,E01004175,0,-1
2023451354019,2023,451354019,2,1,0,18,19,7,3,0,0,8,5,0,0,0,1,1,5,6,1,52,8,-1,-1,-1,-1,9,E01003889,0,-1
2023440496639,2023,440496639,2,19,0,18,19,4,8,0,0,8,0,0,0,0,1,1,6,6,3,-1,-1,-1,-1,-1,-1,-1,-1,0,-1
2023440208467,2023,440208467,2,19,0,18,19,7,3,0,0,8,0,0,0,0,1,1,6,6,1,56,9,-1,-1,-1,-1,4,E01011546,0,-1
2023161372020,2023,161372020,2,-1,0,18,19,7,3,5,5,0,0,0,0,0,1,1,5,6,1,-1,-1,-1,-1,-1,-1,-1,-1,1,-1
2023440153286,2023,440153286,1,19,0,18,19,3,7,0,0,0,0,0,0,0,1,1,6,6,1,-1,-1,-1,-1,-1,-1,-1,-1,0,-1
2023201354375,2023,201354375,2,9,0,2,2,0,0,0,0,0,0,0,0,0,2,1,6,6,1,49,8,-1,-1,-1,-1,8,E01010203,0,-1
202360A165737,2023,60A165737,1,9,0,18,19,1,5,0,0,1,0,0,1,11,1,1,6,6,1,17,4,-1,-1,-1,-1,-1,-1,0,-1
2023131317332,2023,131317332,2,1,0,18,19,5,1,0,0,1,0,0,0,0,1,1,6,6,1,16,4,-1,-1,-1,-1,7,E01010760,0,-1
2023010472513,2023,010472513,1,1,0,18,19,5,1,9,9,0,0,0,0,0,1,1,6,6,3,22,5,-1,-1,-1,-1,-1,-1,0,-1
2023991354485,2023,991354485,3,9,0,9,9,4,8,0,0,1,1,0,0,0,1,1,5,6,1,66,10,-1,-1,-1,-1,-1,-1,0,-1
2023010485798,2023,010485798,2,1,0,18,19,5,1,0,0,0,0,0,0,0,1,1,6,6,1,18,4,-1,-1,-1,-1,2,E01004041,0,-1
2023010432612,2023,010432612,2,1,9,99,99,9,9,99,99,9,9,99,9,99,9,1,6,6,1,-1,-1,-1,-1,-1,-1,9,E01001096,0,-1
2023041389915,2023,041389915,1,9,0,18,19,2,6,0,0,0,0,0,0,0,1,1,6,6,3,-1,-1,-1,-1,-1,-1,-1,-1,0,-1
2023421342158,2023,421342158,1,9,0,18,19,8,2,0,0,4,0,0,0,0,1,1,6,6,3,-1,-1,-1,-1,-1,-1,-1,-1,0,-1
2023010462090,2023,010462090,1,1,0,18,19,7,3,0,0,1,5,0,0,0,1,1,2,2,1,29,6,-1,-1,-1,-1,5,E01004052,0,-1
2023010439315,2023,010439315,1,1,9,99,99,9,9,99,99,9,9,99,9,99,9,1,2,2,1,27,6,-1,-1,-1,-1,8,E01004511,0,-1
2023101315029,2023,101315029,1,3,0,18,19,4,8,0,0,0,1,0,0,0,1,1,6,6,1,-1,-1,-1,-1,-1,-1,-1,-1,0,-1
2023010472561,2023,010472561,2,1,0,4,4,1,5,0,0,1,0,0,0,0,2,1,6,6,1,42,7,-1,-1,-1,-1,5,E01003084,0,-1
2023201372824,2023,201372824,2,1,0,7,7,6,2,0,0,3,0,0,0,0,4,1,2,2,1,54,8,-1,-1,-1,-1,5,E01008960,0,-1
2023332300507,2023,332300507,1,9,0,18,19,5,1,0,0,0,5,0,0,0,1,1,6,6,1,19,4,-1,-1,-1,-1,2,E01025700,0,-1
2023201403333,2023,201403333,2,9,0,9,9,2,8,0,0,5,0,0,0,0,4,1,6,6,1,49,8,-1,-1,-1,-1,1,E01009322,0,-1
202360A006825,2023,60A006825,1,9,0,9,9,1,7,0,0,6,0,10,0,0,3,1,6,6,1,29,6,-1,-1,-1,-1,-1,-1,0,-1
2023131289940,2023,131289940,2,1,0,18,19,3,7,0,0,1,0,0,0,0,3,1,6,6,1,29,6,-1,-1,-1,-1,1,E01010821,0,-1
2023161304433,2023,161304433,2,1,0,18,19,7,3,0,0,1,0,0,0,0,1,1,6,6,1,21,5,-1,-1,-1,-1,4,E01013239,0,-1
2023010463321,2023,010463321,2,9,0,99,99,9,9,99,99,9,9,99,9,99,9,9,6,6,3,-1,-1,-1,-1,-1,-1,-1,-1,0,-1
2023131369117,2023,131369117,1,1,0,18,19,5,1,5,5,0,0,0,0,0,1,1,2,2,1,28,6,-1,-1,-1,-1,2,E01011915,0,-1
2023010465154,2023,010465154,1,1,9,99,99,9,9,99,99,9,9,99,9,99,9,1,1,1,1,28,6,-1,-1,-1,-1,3,E01002701,0,-1
2023520301672,2023,520301672,2,1,0,18,19,3,1,0,0,8,0,0,0,0,1,1,6,6,2,76,11,-1,-1,-1,-1,8,E01029114,0,-1
2023101391703,2023,101391703,1,19,0,7,7,7,1,0,0,8,0,0,0,0,4,1,6,6,1,-1,-1,-1,-1,-1,-1,-1,-1,0,-1
2023010448296,2023,010448296,2,9,0,99,99,9,9,99,99,0,9,99,9,99,9,9,6,6,3,-1,-1,-1,-1,-1,-1,-1,-1,0,-1
2023101352676,2023,101352676,1,3,0,4,4,3,7,9,9,0,0,0,1,0,2,1,5,6,1,33,6,-1,-1,-1,-1,1,E01008829,0,-1
2023440200174,2023,440200174,2,1,0,18,19,3,7,0,0,0,0,0,0,0,2,1,6,6,1,66,10,-1,-1,-1,-1,8,E01002990,0,-1
2023052302307,2023,052302307,1,9,0,18,19,3,7,0,0,0,0,0,0,0,1,1,6,6,1,57,9,-1,-1,-1,-1,5,E01007102,0,-1
2023010438168,2023,010438168,2,1,0,14,14,1,5,0,0,0,0,4,0,0,1,1,2,2,1,25,5,-1,-1,-1,-1,-1,-1,0,-1
2023991373401,2023,991373401,2,1,0,18,19,6,2,0,0,1,0,0,0,0,1,1,5,6,1,41,7,-1,-1,-1,-1,1,-1,0,-1
2023010456630,2023,010456630,2,1,0,18,19,4,8,0,0,0,0,8,0,0,1,1,6,6,1,21,5,-1,-1,-1,-1,1,E01000508,0,-1
2023131307616,2023,131307616,1,11,0,-1,-1,-1,-1,-1,-1,-1,-1,-1,-1,-1,-1,1,1,1,1,46,8,-1,-1,-1,-1,2,E01011324,0,-1
2023501355694,2023,501355694,2,1,0,18,19,7,3,0,0,1,0,0,0,0,1,1,1,1,1,42,7,-1,-1,-1,-1,4,E01015050,0,-1
2023161360887,2023,161360887,1,9,0,18,19,7,3,0,0,0,1,0,0,0,1,1,6,6,1,-1,-1,-1,-1,-1,-1,-1,-1,0,-1
2023010422509,2023,010422509,1,1,9,99,99,9,9,99,99,9,9,99,9,99,9,1,1,1,1,44,7,-1,-1,-1,-1,2,E01003490,0,-1
2023010455049,2023,010455049,1,1,9,99,99,9,9,99,99,9,9,99,9,99,1,1,1,1,1,22,5,-1,-1,-1,-1,3,E01004047,0,-1
2023010442265,2023,010442265,1,1,9,99,99,9,9,99,99,0,9,99,9,99,9,1,2,2,2,49,8,-1,-1,-1,-1,8,E01003225,0,-1
2023141294881,2023,141294881,2,97,0,18,19,1,5,0,0,1,0,0,0,0,1,1,6,6,3,-1,-1,-1,-1,-1,-1,-1,-1,0,-1
2023471324844,2023,471324844,2,9,0,2,2,0,0,0,0,2,0,0,0,0,2,2,6,6,3,-1,-1,-1,-1,-1,-1,-1,-1,0,-1
2023471347857,2023,471347857,1,9,0,-1,-1,-1,-1,-1,-1,-1,-1,-1,-1,0,-1,1,6,6,3,-1,-1,-1,-1,-1,-1,-1,-1,0,-1
2023430407815,2023,430407815,2,9,0,9,9,4,2,0,0,6,0,0,0,0,1,1,6,6,1,-1,-1,-1,-1,-1,-1,-1,-1,0,-1
2023061373792,2023,061373792,2,1,-1,-1,-1,-1,-1,-1,-1,-1,-1,-1,-1,0,-1,1,6,6,1,58,9,-1,-1,-1,-1,10,E01005808,0,-1
2023351378498,2023,351378498,2,9,0,5,5,3,8,0,0,1,0,0,0,0,1,1,6,6,1,34,6,-1,-1,-1,-1,7,E01000480,0,-1
2023010449596,2023,010449596,2,-1,0,18,19,5,1,0,0,1,0,0,0,0,1,1,6,6,1,34,6,-1,-1,-1,-1,3,E01001774,1,-1
2023430481331,2023,430481331,2,1,0,15,15,8,2,0,0,6,0,0,0,0,1,1,2,2,1,25,5,-1,-1,-1,-1,8,E01002414,0,-1
2023010481193,2023,010481193,2,9,0,99,99,9,9,99,99,9,9,99,9,99,1,9,6,6,3,-1,-1,-1,-1,-1,-1,-1,-1,0,-1
2023541265023,2023,541265023,1,22,0,18,19,3,7,9,9,0,0,0,0,0,1,1,6,6,2,64,9,-1,-1,-1,-1,7,E01031974,0,-1
2023302300529,2023,302300529,1,9,0,7,7,4,6,0,0,8,0,0,0,0,4,1,6,6,3,-1,-1,-1,-1,-1,-1,5,E01019456,0,-1
2023361356377,2023,361356377,2,1,0,18,19,6,2,0,0,8,5,0,0,0,3,1,5,6,1,41,7,-1,-1,-1,-1,7,E01026837,0,-1
2023131289102,2023,131289102,1,9,0,-1,-1,-1,-1,-1,-1,0,-1,-1,-1,-1,-1,1,6,6,3,99,11,-1,-1,-1,-1,-1,-1,0,-1
2023131316077,2023,131316077,1,90,0,18,19,5,1,0,0,0,0,0,1,0,4,1,6,6,1,10,2,-1,-1,-1,-1,1,E01011559,0,-1
2023141363702,2023,141363702,2,1,0,18,19,6,2,0,0,1,0,0,0,0,1,1,6,6,3,27,6,-1,-1,-1,-1,10,E01008044,0,-1
2023061318518,2023,061318518,2,1,0,18,19,5,1,0,0,8,0,0,0,0,1,1,5,6,1,68,10,-1,-1,-1,-1,4,E01005296,0,-1
2023201378316,2023,201378316,2,1,0,5,5,3,7,0,0,0,0,0,0,0,1,1,5,6,2,53,8,-1,-1,-1,-1,3,E01010244,0,-1
2023041341944,2023,041341944,2,1,0,18,19,3,7,0,0,1,0,0,0,0,1,1,5,6,1,69,10,-1,-1,-1,-1,5,E01025050,0,-1
2023131269745,2023,131269745,2,1,0,18,19,2,7,0,0,0,0,0,0,0,1,1,1,1,1,32,6,-1,-1,-1,-1,2,E01011167,0,-1
2023010458606,2023,010458606,1,1,9,99,99,9,9,99,99,9,9,99,9,99,1,1,2,2,1,24,5,-1,-1,-1,-1,4,E01004314,0,-1
2023311332469,2023,311332469,2,1,0,18,19,5,1,-1,-1,0,0,0,-1,0,1,1,5,6,2,11,3,-1,-1,-1,-1,-1,-1,0,-1
2023361288129,2023,361288129,1,9,0,15,15,2,6,-1,-1,0,0,-1,0,0,-1,1,6,6,3,-1,-1,-1,-1,-1,-1,-1,-1,0,-1
2023302300479,2023,302300479,2,1,0,18,19,6,3,0,0,3,0,0,0,0,2,1,6,6,1,32,6,-1,-1,-1,-1,4,E01019649,0,-1
2023010459492,2023,010459492,2,9,0,99,99,9,9,99,99,9,9,99,9,99,1,9,6,6,2,-1,-1,-1,-1,-1,-1,-1,-1,0,-1
2023041379002,2023,041379002,1,9,0,-1,-1,-1,-1,-1,-1,-1,-1,-1,-1,0,0,1,6,6,3,-1,-1,-1,-1,-1,-1,-1,-1,0,-1
2023041375834,2023,041375834,2,1,0,18,19,1,5,4,4,1,0,0,0,0,1,1,6,6,1,21,5,-1,-1,-1,-1,4,E01033071,0,-1
2023320126229,2023,320126229,2,1,0,18,19,2,6,0,0,0,5,0,0,0,3,1,6,6,2,8,2,-1,-1,-1,-1,-1,-1,0,-1
2023061340098,2023,061340098,1,23,0,18,19,8,4,0,0,1,0,0,0,0,1,1,2,2,1,21,5,-1,-1,-1,-1,1,E01005313,0,-1
2023010443016,2023,010443016,2,1,0,18,19,7,3,0,0,0,0,0,0,0,1,1,6,6,2,51,8,-1,-1,-1,-1,3,E01004454,0,-1
2023010459812,2023,010459812,2,11,0,18,19,3,7,0,0,1,0,0,0,0,4,1,6,6,3,-1,-1,-1,-1,-1,-1,-1,-1,0,-1
2023411273753,2023,411273753,1,97,0,13,13,8,4,0,0,0,0,0,0,0,2,1,2,2,1,20,4,-1,-1,-1,-1,6,E01023942,0,-1
2023471327925,2023,471327925,1,9,0,18,19,5,8,0,0,4,0,0,0,0,0,1,6,6,3,-1,-1,-1,-1,-1,-1,-1,-1,0,-1
2023010468913,2023,010468913,1,1,9,99,99,9,9,99,99,9,9,99,9,99,9,1,2,2,2,27,6,-1,-1,-1,-1,3,E01001747,0,-1
2023361346427,2023,361346427,1,9,0,9,9,3,1,0,0,2,0,0,0,0,2,1,6,6,1,-1,-1,-1,-1,-1,-1,-1,-1,0,-1
2023010445518,2023,010445518,2,9,0,99,99,9,9,99,99,9,9,99,9,99,1,9,6,6,3,-1,-1,-1,-1,-1,-1,-1,-1,0,-1
2023010481246,2023,010481246,2,1,0,7,7,1,3,0,0,1,0,0,0,0,4,1,2,2,1,57,9,-1,-1,-1,-1,3,E01003564,0,-1
2023201316259,2023,201316259,2,9,0,3,3,8,4,0,0,1,0,0,0,0,1,1,6,6,1,-1,-1,-1,-1,-1,-1,-1,-1,0,-1
2023141334547,2023,141334547,1,98,0,9,9,2,8,0,0,8,0,0,0,0,2,1,2,2,1,27,6,-1,-1,-1,-1,-1,-1,0,-1
2023010450837,2023,010450837,1,97,0,5,5,1,5,0,0,6,0,0,0,0,1,1,6,6,3,-1,-1,-1,-1,-1,-1,-1,-1,0,-1
2023461270221,2023,461270221,1,3,0,18,19,3,7,0,0,8,0,0,0,0,1,1,6,6,1,-1,-1,-1,-1,-1,-1,-1,-1,0,-1
2023122300369,2023,122300369,2,1,0,7,7,5,7,0,0,1,0,0,0,0,3,1,6,6,1,45,7,-1,-1,-1,-1,7,E01013401,0,-1
2023311343238,2023,311343238,2,1,0,18,19,4,7,0,0,6,0,0,0,0,1,1,5,6,1,19,4,-1,-1,-1,-1,4,E01013889,0,-1
2023610030823,2023,610030823,1,9,0,4,4,4,8,0,0,1,0,0,0,0,1,1,1,1,1,23,5,-1,-1,-1,-1,-1,-1,0,-1
2023351363457,2023,351363457,2,3,0,4,4,-1,-1,0,0,8,1,0,0,0,1,1,6,6,1,27,6,-1,-1,-1,-1,3,E01017971,0,-1
2023141324993,2023,141324993,2,1,0,18,19,8,4,0,0,6,5,0,0,0,4,1,6,6,1,16,4,-1,-1,-1,-1,-1,-1,0,-1
2023141349764,2023,141349764,2,1,0,18,19,3,6,9,9,0,0,0,0,0,1,1,1,1,1,25,5,-1,-1,-1,-1,4,E01007445,0,-1
2023430029093,2023,430029093,1,9,0,16,19,3,6,0,0,3,1,0,1,2,1,1,2,2,1,45,7,-1,-1,-1,-1,2,E01028454,0,-1
2023061387555,2023,061387555,1,9,0,18,19,5,1,0,0,0,0,0,0,0,2,1,6,6,3,30,6,-1,-1,-1,-1,-1,-1,0,-1
2023421353838,2023,421353838,1,-1,0,18,19,1,5,0,0,1,0,0,3,0,4,1,1,1,1,18,4,-1,-1,-1,-1,1,E01015917,1,-1
2023161349041,2023,161349041,1,11,0,5,5,7,3,0,0,0,0,0,0,0,0,1,1,1,2,52,8,-1,-1,-1,-1,1,E01012855,0,-1
2023411394266,2023,411394266,1,9,0,18,19,1,5,0,0,0,0,0,0,0,1,1,5,6,2,76,11,-1,-1,-1,-1,2,E01026095,0,-1
2023131357017,2023,131357017,2,1,0,9,9,1,1,0,0,0,0,0,0,0,1,1,5,6,1,14,3,-1,-1,-1,-1,4,E01011325,0,-1
2023311367265,2023,311367265,2,1,0,18,19,7,3,0,0,1,0,0,0,0,1,1,6,6,2,18,4,-1,-1,-1,-1,5,E01013973,0,-1
2023041329234,2023,041329234,1,9,0,9,9,2,4,0,0,6,0,0,0,0,1,1,5,6,2,30,6,-1,-1,-1,-1,3,E01024943,0,-1
2023531324424,2023,531324424,1,9,0,4,4,-1,-1,0,0,4,0,0,0,0,1,1,6,6,1,-1,-1,-1,-1,-1,-1,-1,-1,0,-1
2023522400156,2023,522400156,2,9,0,2,2,0,0,0,0,0,0,0,0,0,3,1,6,6,1,-1,-1,-1,-1,-1,-1,-1,-1,0,-1
2023540258623,2023,540258623,2,19,0,18,19,8,4,0,0,1,0,0,0,0,1,1,6,6,1,22,5,-1,-1,-1,-1,2,E01015558,0,-1
2023070351996,2023,070351996,1,8,0,18,19,6,2,0,0,0,0,0,0,0,4,1,6,6,3,-1,-1,-1,-1,-1,-1,-1,-1,0,-1
2023141265480,2023,141265480,1,9,0,18,19,3,7,0,0,1,0,0,0,0,1,1,2,2,1,25,5,-1,-1,-1,-1,5,E01011770,0,-1
2023430514435,2023,430514435,1,9,0,18,19,4,8,0,0,1,0,0,0,0,4,1,6,6,3,-1,-1,-1,-1,-1,-1,-1,-1,0,-1
2023010440612,2023,010440612,2,9,0,99,99,9,9,99,99,9,9,99,9,99,1,9,6,6,3,-1,-1,-1,-1,-1,-1,-1,-1,0,-1
2023991263582,2023,991263582,1,9,0,5,5,4,8,0,0,6,0,0,3,0,4,1,5,6,1,19,4,-1,-1,-1,-1,9,-1,0,-1
2023311374037,2023,311374037,1,9,0,18,19,7,3,0,0,0,0,0,0,0,1,1,6,6,3,-1,-1,-1,-1,-1,-1,-1,-1,0,-1
2023501300399,2023,501300399,2,9,4,4,4,7,3,0,0,0,0,0,0,0,2,1,6,6,3,-1,-1,-1,-1,-1,-1,-1,-1,0,-1
2023201298859,2023,201298859,1,-1,0,5,5,8,4,0,0,0,0,0,0,0,1,1,6,6,3,-1,-1,-1,-1,-1,-1,-1,-1,0,-1
2023411394771,2023,411394771,1,98,1,12,12,3,7,0,0,0,0,0,0,0,3,1,1,1,1,64,9,-1,-1,-1,-1,-1,-1,0,-1
2023522301697,2023,522301697,1,4,0,18,19,9,9,0,0,1,0,0,9,0,9,1,6,6,1,43,7,-1,-1,-1,-1,9,E01014747,0,-1
2023010423950,2023,010423950,1,9,0,18,19,7,3,0,0,1,0,0,0,0,4,1,6,6,2,25,5,-1,-1,-1,-1,5,E01000450,0,-1
202363B037423,2023,63B037423,1,9,0,18,19,3,7,0,0,0,0,0,2,10,1,1,6,6,2,88,11,-1,-1,-1,-1,-1,-1,0,-1
2023161309538,2023,161309538,1,9,0,18,19,6,2,0,0,0,0,0,0,0,1,1,6,6,3,-1,-1,-1,-1,-1,-1,-1,-1,0,-1
2023010476996,2023,010476996,2,1,0,18,19,7,3,0,0,1,0,0,0,0,1,1,1,1,2,20,4,-1,-1,-1,-1,3,E01001831,0,-1
2023070533163,2023,070533163,1,9,0,18,19,1,5,0,0,1,0,4,0,0,1,1,6,6,1,27,6,-1,-1,-1,-1,7,E01018635,0,-1
2023371352557,2023,371352557,2,1,0,18,19,8,4,0,0,8,0,0,0,0,1,1,5,6,1,33,6,-1,-1,-1,-1,8,E01021375,0,-1
2023131344696,2023,131344696,2,1,0,18,19,7,3,0,0,8,0,0,0,0,1,1,2,2,1,27,6,-1,-1,-1,-1,4,E01011644,0,-1
2023451344571,2023,451344571,2,9,0,13,13,3,7,0,0,0,0,0,0,0,0,1,6,6,3,50,8,-1,-1,-1,-1,-1,-1,0,-1
2023010480372,2023,010480372,1,1,9,99,99,9,9,99,99,0,9,8,9,99,1,1,2,2,1,26,6,-1,-1,-1,-1,4,E01004565,0,-1
2023131314645,2023,131314645,1,9,0,18,19,6,2,0,0,0,0,0,0,0,3,1,5,6,1,66,10,-1,-1,-1,-1,1,E01011466,0,-1
2023141316502,2023,141316502,1,9,0,3,3,7,4,0,0,1,0,0,0,0,3,1,5,6,1,33,6,-1,-1,-1,-1,5,E01007516,0,-1
2023010429920,2023,010429920,1,1,9,99,99,9,9,99,99,9,9,99,9,99,1,1,2,2,1,42,7,-1,-1,-1,-1,3,E01003405,0,-1
2023031335821,2023,031335821,8,9,0,2,2,0,0,0,0,0,0,4,0,0,3,1,6,6,3,-1,-1,-1,-1,-1,-1,-1,-1,0,-1
2023010438852,2023,010438852,1,1,0,18,19,1,5,0,0,1,0,10,0,0,0,1,6,6,1,21,5,-1,-1,-1,-1,3,E01002408,0,-1
2023052301876,2023,052301876,2,1,0,18,19,7,3,0,0,3,0,0,0,0,4,1,2,2,1,25,5,-1,-1,-1,-1,1,E01006544,0,-1
2023101296846,2023,101296846,1,9,0,18,19,5,1,0,0,0,1,0,4,0,1,1,6,6,1,20,4,-1,-1,-1,-1,7,E01011969,0,-1
2023010450149,2023,010450149,1,1,9,99,99,9,9,99,99,9,9,99,9,99,9,1,2,2,1,28,6,-1,-1,-1,-1,2,E01003137,0,-1
2023522400173,2023,522400173,2,3,0,9,9,6,5,0,0,5,0,0,0,0,3,1,6,6,1,-1,-1,-1,-1,-1,-1,-1,-1,0,-1
2023010420150,2023,010420150,1,9,0,17,19,5,1,0,0,2,0,0,0,0,1,1,6,6,3,-1,-1,-1,-1,-1,-1,-1,-1,0,-1
2023010422931,2023,010422931,1,9,0,1,1,3,7,9,9,5,0,0,0,0,2,1,6,6,3,-1,-1,-1,-1,-1,-1,-1,-1,0,-1
2023201277390,2023,201277390,2,1,0,18,19,6,4,0,0,8,0,0,0,0,1,1,2,2,1,32,6,-1,-1,-1,-1,1,E01010484,0,-1
2023052302315,2023,052302315,1,9,0,4,4,1,5,0,0,1,0,0,0,0,1,1,6,6,2,25,5,-1,-1,-1,-1,6,E01007248,0,-1
2023332301076,2023,332301076,2,97,0,18,19,5,1,0,0,8,0,0,0,0,1,1,6,6,1,-1,-1,-1,-1,-1,-1,-1,-1,0,-1
2023421376510,2023,421376510,2,1,-1,-1,-1,-1,-1,0,0,0,0,0,0,0,-1,1,6,6,2,45,7,-1,-1,-1,-1,7,E01021439,0,-1
2023052300297,2023,052300297,1,9,0,18,19,1,5,0,0,1,0,0,0,0,1,1,6,6,3,-1,-1,-1,-1,-1,-1,-1,-1,0,-1
2023451311791,2023,451311791,1,1,0,18,19,4,8,0,0,1,5,10,3,0,1,1,4,7,1,12,3,-1,-1,-1,-1,5,E01030464,0,-1
2023440043689,2023,440043689,1,1,0,18,19,6,2,0,0,1,0,0,0,0,4,1,6,6,2,29,6,-1,-1,-1,-1,1,E01032882,0,-1
2023010423331,2023,010423331,2,1,0,18,19,1,5,0,0,8,0,0,0,0,3,1,2,2,2,24,5,-1,-1,-1,-1,4,E01032769,0,-1
2023991337859,2023,991337859,1,9,0,9,9,3,1,0,0,1,0,0,0,0,3,1,6,6,3,16,4,-1,-1,-1,-1,-1,-1,0,-1
2023010473524,2023,010473524,2,1,9,99,99,9,9,99,99,9,9,99,9,99,1,1,6,6,1,-1,-1,-1,-1,-1,-1,-1,-1,0,-1
2023548475123,2023,548475123,1,1,0,9,9,7,5,0,0,5,0,0,0,0,3,1,1,1,1,17,4,-1,-1,-1,-1,8,E01015472,0,-1
2023440238507,2023,440238507,1,1,0,18,19,1,5,9,9,1,0,0,0,0,1,1,6,6,1,15,3,-1,-1,-1,-1,9,E01022727,0,-1
2023010474252,2023,010474252,2,1,0,18,19,3,7,0,0,8,0,0,0,0,4,1,6,6,2,36,7,-1,-1,-1,-1,3,E01004562,0,-1
2023440242154,2023,440242154,1,1,0,18,19,5,1,0,0,8,0,0,0,0,3,1,2,2,1,33,6,-1,-1,-1,-1,7,E01017049,0,-1
2023010445673,2023,010445673,1,9,0,18,19,2,6,0,0,0,0,0,0,0,3,1,6,6,3,-1,-1,-1,-1,-1,-1,-1,-1,0,-1
2023471304058,2023,471304058,1,98,0,9,9,6,3,0,0,2,0,0,0,0,1,1,6,6,3,-1,-1,-1,-1,-1,-1,-1,-1,0,-1
2023041259281,2023,041259281,1,9,0,18,19,2,7,0,0,1,0,0,0,0,0,1,6,6,3,-1,-1,-1,-1,-1,-1,-1,-1,0,-1
2023440384710,2023,440384710,2,98,0,18,19,7,3,0,0,1,0,0,0,0,1,1,1,1,3,-1,-1,-1,-1,-1,-1,-1,-1,0,-1
2023361392337,2023,361392337,2,1,0,18,19,1,5,4,4,1,0,0,0,0,3,1,6,6,2,54,8,-1,-1,-1,-1,1,E01026869,0,-1