collision_index,collision_year,collision_ref_no,vehicle_reference,vehicle_type,towing_and_articulation,vehicle_manoeuvre_historic,vehicle_manoeuvre,vehicle_direction_from,vehicle_direction_to,vehicle_location_restricted_lane_historic,vehicle_location_restricted_lane,junction_location,skidding_and_overturning,hit_object_in_carriageway,vehicle_leaving_carriageway,hit_object_off_carriageway,first_point_of_impact,vehicle_left_hand_drive,journey_purpose_of_driver_historic,journey_purpose_of_driver,sex_of_driver,age_of_driver,age_band_of_driver,engine_capacity_cc,propulsion_code,age_of_vehicle,generic_make_model,driver_imd_decile,lsoa_of_driver,escooter_flag,driver_distance_banding
2023421360859,2023,421360859,4,9,0,2,2,0,0,0,0,1,0,0,0,0,2,1,6,6,3,-1,-1,-1,-1,-1,-1,-1,-1,0,-1
2023610029523,2023,610029523,2,9,0,11,11,1,5,0,0,0,2,0,1,7,1,1,6,6,2,54,8,-1,-1,-1,-1,1,W01001536,0,-1
2023461325102,2023,461325102,2,9,0,15,15,5,1,0,0,2,1,0,0,0,1,1,5,6,1,31,6,-1,-1,-1,-1,8,E01024004,0,-1
2023430122166,2023,430122166,1,9,0,18,19,3,7,0,0,0,0,0,0,0,1,1,6,6,3,-1,-1,-1,-1,-1,-1,-1,-1,0,-1
2023010469415,2023,010469415,2,9,0,99,99,9,9,99,99,9,9,99,9,99,1,9,6,6,1,43,7,-1,-1,-1,-1,8,E01002868,0,-1
2023010440851,2023,010440851,2,19,0,18,19,3,7,0,0,1,0,0,0,0,1,1,6,6,3,-1,-1,-1,-1,-1,-1,-1,-1,0,-1
2023131260144,2023,131260144,2,1,0,18,19,6,8,0,0,6,0,0,0,0,3,1,6,6,1,61,9,-1,-1,-1,-1,5,E01011902,0,-1
2023221357976,2023,221357976,1,1,0,18,19,3,7,0,0,8,0,0,0,0,1,1,6,6,1,17,4,-1,-1,-1,-1,9,E01028932,0,-1
2023522400625,2023,522400625,2,-1,0,18,19,3,7,0,0,8,0,0,0,0,1,1,6,6,1,64,9,-1,-1,-1,-1,2,E01014683,1,-1
2023131389073,2023,131389073,1,9,0,-1,-1,-1,-1,-1,-1,-1,-1,-1,-1,0,-1,1,6,6,3,-1,-1,-1,-1,-1,-1,-1,-1,0,-1
2023061349806,2023,061349806,1,1,0,18,19,6,2,0,0,8,0,0,0,0,1,1,5,6,1,21,5,-1,-1,-1,-1,6,E01005620,0,-1
2023552300698,2023,552300698,2,1,0,18,19,4,8,0,0,8,0,0,0,0,4,1,6,6,2,42,7,-1,-1,-1,-1,6,E01015462,0,-1
2023522301549,2023,522301549,2,9,0,7,7,6,8,0,0,6,0,0,0,0,1,1,6,6,1,-1,-1,-1,-1,-1,-1,-1,-1,0,-1
2023430432722,2023,430432722,1,9,0,18,19,1,5,5,5,8,0,0,0,0,1,1,6,6,1,30,6,-1,-1,-1,-1,-1,-1,0,-1
2023430557936,2023,430557936,1,1,0,18,19,1,5,0,0,8,0,0,0,0,4,1,6,6,1,24,5,-1,-1,-1,-1,7,E01016680,0,-1
2023052302432,2023,052302432,1,9,0,6,6,8,8,0,0,0,0,0,0,0,3,1,6,6,1,38,7,-1,-1,-1,-1,6,E01007045,0,-1
2023010425726,2023,010425726,1,9,0,99,99,9,9,99,99,0,9,99,9,99,1,9,6,6,3,-1,-1,-1,-1,-1,-1,-1,-1,0,-1
2023010422776,2023,010422776,2,9,0,99,99,9,9,99,99,9,9,99,9,99,1,9,6,6,3,33,6,-1,-1,-1,-1,-1,-1,0,-1
2023461390397,2023,461390397,1,19,0,18,19,2,7,0,0,0,0,0,0,0,1,1,6,6,3,-1,-1,-1,-1,-1,-1,-1,-1,0,-1
2023991279315,2023,991279315,2,9,0,18,19,3,8,0,0,0,0,0,0,0,1,1,1,1,2,48,8,-1,-1,-1,-1,10,-1,0,-1
2023471341546,2023,471341546,3,1,0,18,19,8,4,0,0,0,0,0,0,0,2,1,6,6,3,-1,-1,-1,-1,-1,-1,-1,-1,0,-1
2023302300145,2023,302300145,1,9,0,9,9,4,2,0,0,2,0,0,0,0,3,1,6,6,2,25,5,-1,-1,-1,-1,4,E01013555,0,-1
2023010480750,2023,010480750,1,9,0,9,9,5,3,0,0,6,0,0,0,0,1,1,6,6,3,-1,-1,-1,-1,-1,-1,-1,-1,0,-1
2023070021424,2023,070021424,1,9,0,3,3,7,3,0,0,2,1,0,0,0,1,1,6,6,3,-1,-1,-1,-1,-1,-1,-1,-1,0,-1
2023061300906,2023,061300906,1,-1,-1,3,3,-1,-1,0,0,0,0,0,0,0,-1,1,6,6,3,-1,-1,-1,-1,-1,-1,-1,-1,0,-1
2023461291776,2023,461291776,3,1,0,7,7,2,6,0,0,5,0,0,0,0,2,1,1,1,1,16,4,-1,-1,-1,-1,3,E01024092,0,-1
2023522300534,2023,522300534,2,22,0,16,19,6,8,0,0,0,0,0,0,0,1,1,6,6,2,58,9,-1,-1,-1,-1,1,E01033369,0,-1
2023461357113,2023,461357113,1,9,0,18,19,7,3,0,0,1,0,0,0,0,1,1,6,6,3,-1,-1,-1,-1,-1,-1,-1,-1,0,-1
2023401297721,2023,401297721,1,9,0,3,3,8,4,0,0,1,0,0,0,0,1,1,6,6,3,-1,-1,-1,-1,-1,-1,-1,-1,0,-1
2023411303557,2023,411303557,2,9,0,18,19,1,5,0,0,8,0,0,0,0,1,1,1,1,2,45,7,-1,-1,-1,-1,5,E01023533,0,-1
2023010447749,2023,010447749,2,9,0,99,99,9,9,99,99,0,9,99,9,99,9,9,6,6,3,-1,-1,-1,-1,-1,-1,-1,-1,0,-1
2023471297291,2023,471297291,1,9,0,18,19,1,5,0,0,1,0,0,0,0,1,1,6,6,3,-1,-1,-1,-1,-1,-1,-1,-1,0,-1
2023522301561,2023,522301561,1,90,0,18,19,1,5,0,0,0,0,0,0,0,1,1,6,6,3,-1,-1,-1,-1,-1,-1,-1,-1,0,-1
2023010462338,2023,010462338,2,1,0,18,19,3,7,4,4,0,0,0,0,0,1,1,6,6,1,27,6,-1,-1,-1,-1,5,E01002556,0,-1
2023501340586,2023,501340586,2,1,0,18,19,2,5,0,0,0,5,0,0,0,1,1,5,6,1,64,9,-1,-1,-1,-1,4,E01018908,0,-1
2023311268301,2023,311268301,2,1,0,18,19,8,4,0,0,4,0,0,0,0,1,1,6,6,1,47,8,-1,-1,-1,-1,2,E01013843,0,-1
2023471323395,2023,471323395,1,1,0,5,5,1,5,0,0,8,0,0,0,0,3,1,5,6,1,76,11,-1,-1,-1,-1,3,E01031459,0,-1
2023440345810,2023,440345810,1,1,0,17,19,7,4,0,0,8,0,0,0,0,4,1,6,6,2,57,9,-1,-1,-1,-1,3,E01015060,0,-1
2023052302753,2023,052302753,2,1,0,10,10,1,2,0,0,8,0,0,0,0,2,1,2,2,2,73,10,-1,-1,-1,-1,3,E01006780,0,-1
2023401313790,2023,401313790,1,9,0,15,15,4,8,0,0,0,1,0,0,0,3,1,6,6,3,-1,-1,-1,-1,-1,-1,-1,-1,0,-1
2023010446729,2023,010446729,2,1,0,17,19,5,1,9,9,0,5,0,0,0,1,1,6,6,1,28,6,-1,-1,-1,-1,6,E01003393,0,-1
2023320779963,2023,320779963,1,1,0,18,19,6,2,0,0,8,2,0,0,0,1,1,6,6,1,63,9,-1,-1,-1,-1,1,E01026114,0,-1
2023430175118,2023,430175118,1,9,0,18,19,8,3,0,0,0,0,0,0,0,0,1,6,6,3,-1,-1,-1,-1,-1,-1,-1,-1,0,-1
2023010454681,2023,010454681,2,-1,0,18,19,5,1,0,0,2,0,0,0,0,0,1,6,6,1,13,3,-1,-1,-1,-1,5,E01002394,1,-1
2023440375341,2023,440375341,2,1,0,18,19,5,1,0,0,1,0,0,0,0,1,1,2,2,1,32,6,-1,-1,-1,-1,6,E01017072,0,-1
2023221264473,2023,221264473,2,1,0,18,19,1,5,0,0,0,0,0,0,0,2,1,6,6,1,29,6,-1,-1,-1,-1,6,E01028874,0,-1
2023340WN6722,2023,340WN6722,4,9,0,18,19,3,7,0,0,0,0,0,0,0,3,1,6,6,1,54,8,-1,-1,-1,-1,7,E01027172,0,-1
2023548702123,2023,548702123,1,90,0,18,19,5,1,0,0,0,0,0,0,0,1,1,6,6,1,50,8,-1,-1,-1,-1,-1,-1,0,-1
2023201375089,2023,201375089,2,-1,9,5,5,6,2,0,0,0,0,0,0,0,3,1,6,6,3,-1,-1,-1,-1,-1,-1,-1,-1,0,-1
2023010430615,2023,010430615,2,9,0,99,99,9,9,99,99,9,9,99,9,99,1,9,6,6,3,-1,-1,-1,-1,-1,-1,-1,-1,0,-1
2023320788547,2023,320788547,1,9,0,18,19,6,2,0,0,0,0,0,0,0,4,1,6,6,3,-1,-1,-1,-1,-1,-1,-1,-1,0,-1
2023141359837,2023,141359837,3,9,0,18,19,1,5,0,0,1,0,0,0,0,1,1,1,1,1,24,5,-1,-1,-1,-1,4,E01007441,0,-1
2023302300174,2023,302300174,4,9,0,4,4,7,3,0,0,0,0,0,0,0,0,1,6,6,3,-1,-1,-1,-1,-1,-1,5,E01019456,0,-1
2023411310663,2023,411310663,1,9,0,17,19,8,5,0,0,4,1,0,2,2,1,1,5,6,1,17,4,-1,-1,-1,-1,3,E01001807,0,-1
2023010434653,2023,010434653,1,11,0,18,19,1,5,0,0,0,0,0,0,0,0,1,6,6,3,-1,-1,-1,-1,-1,-1,-1,-1,0,-1
2023421323737,2023,421323737,1,-1,0,18,19,8,4,9,9,2,0,0,0,0,1,1,6,6,2,30,6,-1,-1,-1,-1,-1,-1,1,-1
2023461396674,2023,461396674,2,16,0,18,19,1,5,0,0,0,0,0,0,0,2,1,5,6,2,18,4,-1,-1,-1,-1,4,E01024771,0,-1
2023010460192,2023,010460192,2,11,0,99,99,9,9,99,99,0,9,99,9,99,9,9,6,6,3,-1,-1,-1,-1,-1,-1,-1,-1,0,-1
2023471351492,2023,471351492,1,1,0,18,19,2,6,0,0,0,0,0,0,0,3,1,5,6,1,53,8,-1,-1,-1,-1,6,E01021182,0,-1
2023010453842,2023,010453842,1,1,0,99,99,9,9,0,0,9,0,99,9,0,9,1,6,6,1,39,7,-1,-1,-1,-1,2,E01003556,0,-1
2023401325715,2023,401325715,2,9,0,18,19,4,8,0,0,0,0,0,0,0,1,1,6,6,3,-1,-1,-1,-1,-1,-1,-1,-1,0,-1
2023501332975,2023,501332975,1,9,0,18,19,1,5,0,0,8,0,0,0,0,1,1,6,6,3,-1,-1,-1,-1,-1,-1,-1,-1,0,-1
2023010474712,2023,010474712,2,-1,0,18,19,2,6,9,9,8,0,0,0,0,1,1,6,6,1,33,6,-1,-1,-1,-1,-1,-1,1,-1
2023430497013,2023,430497013,1,-1,0,18,19,4,4,0,0,8,0,0,0,0,1,1,6,6,1,19,4,-1,-1,-1,-1,2,E01021091,1,-1
2023010449097,2023,010449097,1,9,0,11,11,4,8,0,0,1,0,0,0,0,1,1,6,6,1,26,6,-1,-1,-1,-1,6,E01033457,0,-1
2023070154836,2023,070154836,2,9,0,18,19,1,5,9,9,1,0,0,0,0,4,1,6,6,1,42,7,-1,-1,-1,-1,1,E01018745,0,-1
2023010423832,2023,010423832,3,9,9,99,99,9,9,99,99,9,9,99,9,99,9,9,6,6,3,-1,-1,-1,-1,-1,-1,-1,-1,0,-1
2023061270226,2023,061270226,2,1,0,18,19,1,5,4,4,2,5,0,0,0,2,1,1,1,1,42,7,-1,-1,-1,-1,5,E01033684,0,-1
2023430459182,2023,430459182,2,1,0,18,19,7,3,0,0,8,0,0,0,0,2,1,1,1,1,65,9,-1,-1,-1,-1,3,E01028621,0,-1
2023010485461,2023,010485461,1,-1,0,18,19,2,6,9,9,0,0,0,0,0,1,1,6,6,1,17,4,-1,-1,-1,-1,8,E01016774,1,-1
2023471380297,2023,471380297,1,3,0,18,19,1,5,0,0,0,0,12,0,0,4,1,6,6,1,43,7,-1,-1,-1,-1,9,E01021156,0,-1
2023311267978,2023,311267978,1,22,0,9,9,8,6,9,9,0,0,0,0,0,1,1,6,6,1,70,10,-1,-1,-1,-1,-1,-1,0,-1
2023461314022,2023,461314022,2,19,0,4,4,3,7,0,0,0,0,4,0,0,2,1,2,2,2,60,9,-1,-1,-1,-1,3,E01002279,0,-1
2023451382994,2023,451382994,1,1,0,18,19,1,5,9,9,1,0,0,0,0,1,1,6,6,1,18,4,-1,-1,-1,-1,7,E01030594,0,-1
2023161298017,2023,161298017,1,9,0,18,19,1,5,0,0,1,0,0,0,0,1,1,6,6,3,-1,-1,-1,-1,-1,-1,-1,-1,0,-1
2023131356661,2023,131356661,1,22,0,7,7,1,4,0,0,6,0,0,1,0,1,1,6,6,2,65,9,-1,-1,-1,-1,5,E01011065,0,-1
2023991369731,2023,991369731,1,8,0,18,19,3,7,0,0,1,0,0,0,0,4,1,1,1,1,44,7,-1,-1,-1,-1,-1,-1,0,-1
2023111332855,2023,111332855,1,9,0,18,19,2,6,0,0,2,0,0,0,0,1,1,1,1,1,24,5,-1,-1,-1,-1,1,E01008345,0,-1
2023451262721,2023,451262721,2,1,0,18,19,6,2,0,0,0,0,0,0,0,0,1,6,6,1,32,6,-1,-1,-1,-1,8,E01030662,0,-1
2023161332862,2023,161332862,2,1,0,7,7,5,7,0,0,5,0,0,0,0,1,1,2,2,1,24,5,-1,-1,-1,-1,7,E01013186,0,-1
2023221388128,2023,221388128,2,1,0,18,19,1,5,0,0,8,0,0,0,0,4,1,6,6,2,36,7,-1,-1,-1,-1,2,E01013994,0,-1
2023010452122,2023,010452122,1,1,9,99,99,9,9,99,99,9,9,99,9,99,1,1,2,2,1,37,7,-1,-1,-1,-1,2,E01003984,0,-1
2023131388405,2023,131388405,4,9,0,2,2,0,0,0,0,0,0,0,0,0,2,1,6,6,3,-1,-1,-1,-1,-1,-1,-1,-1,0,-1
2023010439738,2023,010439738,1,1,9,99,99,9,9,99,99,9,9,99,9,99,1,1,2,2,1,32,6,-1,-1,-1,-1,2,E01003256,0,-1
2023211301773,2023,211301773,1,9,0,1,1,7,3,0,0,1,0,0,0,0,2,1,5,6,2,60,9,-1,-1,-1,-1,3,E01029752,0,-1
2023052300226,2023,052300226,2,1,0,18,19,1,5,0,0,3,0,0,0,0,3,1,6,6,1,36,7,-1,-1,-1,-1,7,E01007203,0,-1
2023340NN0962,2023,340NN0962,1,8,0,9,9,6,3,0,0,5,0,0,0,0,3,1,1,1,1,54,8,-1,-1,-1,-1,4,E01027313,0,-1
2023111364584,2023,111364584,2,1,0,18,19,7,3,0,0,8,0,0,0,0,2,1,6,6,1,14,3,-1,-1,-1,-1,9,E01020600,0,-1
2023010454522,2023,010454522,2,19,0,99,99,9,9,99,99,9,9,99,9,99,9,9,6,6,3,-1,-1,-1,-1,-1,-1,-1,-1,0,-1
2023161318455,2023,161318455,2,1,0,18,19,2,7,0,0,8,0,0,0,0,1,1,6,6,1,51,8,-1,-1,-1,-1,9,E01026063,0,-1
2023122301213,2023,122301213,1,22,0,18,19,1,5,9,9,1,0,0,0,0,2,1,6,6,3,-1,-1,-1,-1,-1,-1,-1,-1,0,-1
2023421344061,2023,421344061,1,21,1,12,12,7,3,0,0,0,0,0,0,0,1,2,1,1,1,25,5,-1,-1,-1,-1,-1,-1,0,-1
2023010483251,2023,010483251,3,1,0,18,19,5,1,0,0,8,0,0,0,0,4,1,6,6,1,50,8,-1,-1,-1,-1,8,E01000859,0,-1
2023531309696,2023,531309696,1,1,0,18,19,3,7,0,0,0,0,0,0,0,1,1,5,6,1,12,3,-1,-1,-1,-1,9,E01022396,0,-1
2023010459757,2023,010459757,1,1,9,99,99,9,9,99,99,9,9,99,9,99,1,1,6,6,1,47,8,-1,-1,-1,-1,5,E01004482,0,-1
2023010448700,2023,010448700,2,1,0,18,19,3,7,0,0,1,2,0,0,0,1,1,6,6,1,52,8,-1,-1,-1,-1,9,E01004490,0,-1
2023131372687,2023,131372687,1,1,0,-1,-1,-1,-1,-1,-1,-1,-1,-1,-1,-1,-1,1,6,6,3,-1,-1,-1,-1,-1,-1,-1,-1,0,-1
2023010420193,2023,010420193,2,1,0,18,19,6,2,0,0,0,0,0,0,0,1,1,1,1,1,29,6,-1,-1,-1,-1,2,E01032765,0,-1
2023010461125,2023,010461125,2,8,0,99,99,9,9,99,99,9,9,99,9,99,9,9,6,6,3,-1,-1,-1,-1,-1,-1,-1,-1,0,-1
2023010429848,2023,010429848,1,1,9,99,99,9,9,99,99,9,9,99,9,99,9,1,2,2,1,46,8,-1,-1,-1,-1,9,E01002929,0,-1
2023461276846,2023,461276846,2,1,-1,-1,-1,-1,-1,-1,-1,0,-1,-1,-1,0,3,1,2,2,1,33,6,-1,-1,-1,-1,6,E01033091,0,-1
2023010439799,2023,010439799,1,19,0,18,19,1,5,99,99,0,9,99,9,99,9,9,6,6,3,-1,-1,-1,-1,-1,-1,-1,-1,0,-1
2023221318937,2023,221318937,2,1,0,10,10,3,1,0,0,1,0,0,0,0,1,1,2,2,1,32,6,-1,-1,-1,-1,4,E01014192,0,-1
2023010459836,2023,010459836,1,1,9,99,99,9,9,99,99,9,9,99,9,99,1,1,1,1,3,50,8,-1,-1,-1,-1,3,E01000052,0,-1
2023451304859,2023,451304859,2,1,0,18,19,1,5,0,0,1,0,0,0,0,1,1,5,6,1,80,11,-1,-1,-1,-1,2,E01001152,0,-1
2023010458968,2023,010458968,2,1,0,18,19,8,4,0,0,1,5,0,0,0,1,1,6,6,1,45,7,-1,-1,-1,-1,10,E01030299,0,-1
2023522400779,2023,522400779,2,-1,0,9,9,1,5,0,0,6,0,0,0,0,3,1,6,6,1,35,6,-1,-1,-1,-1,3,E01014673,1,-1
2023010424448,2023,010424448,2,9,0,99,99,9,9,0,0,0,0,0,0,0,9,9,6,6,3,-1,-1,-1,-1,-1,-1,-1,-1,0,-1
2023311345041,2023,311345041,1,9,0,18,19,5,1,0,0,0,0,0,0,0,0,1,1,1,1,50,8,-1,-1,-1,-1,-1,-1,0,-1
2023122400106,2023,122400106,2,10,0,2,2,0,0,0,0,0,0,0,0,0,0,1,1,1,1,61,9,-1,-1,-1,-1,2,E01005721,0,-1
2023340NN0092,2023,340NN0092,2,22,0,18,19,1,5,0,0,1,0,0,0,0,3,1,6,6,2,55,8,-1,-1,-1,-1,3,E01027124,0,-1
2023101304777,2023,101304777,1,9,0,18,19,2,6,0,0,0,0,0,0,0,0,1,6,6,3,-1,-1,-1,-1,-1,-1,-1,-1,0,-1
2023061325790,2023,061325790,2,1,-1,18,19,-1,-1,0,0,0,0,0,0,0,-1,1,5,6,1,-1,-1,-1,-1,-1,-1,1,E01005219,0,-1
2023351332700,2023,351332700,2,9,0,10,10,-1,-1,0,0,1,0,0,0,0,2,1,2,2,2,49,8,-1,-1,-1,-1,9,E01018037,0,-1
2023201291008,2023,201291008,2,9,0,18,19,6,2,0,0,8,0,0,0,0,1,1,6,6,2,57,9,-1,-1,-1,-1,5,E01009135,0,-1
2023201302895,2023,201302895,2,23,0,18,19,6,2,0,0,8,0,0,0,0,3,1,1,1,1,40,7,-1,-1,-1,-1,1,E01010269,0,-1
2023071089536,2023,071089536,2,9,0,17,19,6,2,0,0,0,0,0,0,0,1,1,2,2,1,65,9,-1,-1,-1,-1,10,E01006347,0,-1
2023231326866,2023,231326866,1,9,0,9,9,8,6,0,0,5,0,0,0,0,1,1,2,2,2,49,8,-1,-1,-1,-1,10,E01027115,0,-1
2023552300680,2023,552300680,1,9,0,16,19,7,2,0,0,0,1,0,0,0,1,1,2,2,1,41,7,-1,-1,-1,-1,1,E01015307,0,-1
2023010485404,2023,010485404,1,1,9,99,99,9,9,99,99,9,9,99,9,99,9,1,2,2,1,32,6,-1,-1,-1,-1,4,E01004617,0,-1
2023061376644,2023,061376644,2,1,0,18,19,8,4,0,0,1,0,0,0,0,1,1,2,2,2,32,6,-1,-1,-1,-1,9,E01005038,0,-1
2023052303075,2023,052303075,2,1,0,18,19,5,1,0,0,0,0,0,0,0,3,1,2,2,1,41,7,-1,-1,-1,-1,1,E01006767,0,-1
2023451310986,2023,451310986,2,-1,0,18,19,1,5,0,0,0,5,0,0,0,1,1,2,2,1,42,7,-1,-1,-1,-1,-1,-1,1,-1
2023311305597,2023,311305597,2,1,0,18,19,6,6,0,0,0,5,4,0,0,0,1,6,6,1,13,3,-1,-1,-1,-1,-1,-1,0,-1
2023010424679,2023,010424679,2,1,0,18,19,6,2,0,0,8,0,0,0,0,4,1,2,2,2,29,6,-1,-1,-1,-1,3,E01003923,0,-1
2023010433173,2023,010433173,2,9,9,99,99,9,9,99,99,9,9,99,9,99,9,9,6,6,3,-1,-1,-1,-1,-1,-1,-1,-1,0,-1
2023461362337,2023,461362337,1,1,0,18,19,4,8,0,0,1,0,0,0,0,1,1,1,1,1,19,4,-1,-1,-1,-1,8,E01016099,0,-1
2023061363954,2023,061363954,2,1,0,18,19,5,1,0,0,2,0,0,0,0,2,1,5,6,1,29,6,-1,-1,-1,-1,1,E01005198,0,-1
2023010467013,2023,010467013,2,18,0,3,3,5,1,1,1,1,0,0,0,0,4,1,1,1,1,39,7,-1,-1,-1,-1,1,E01001013,0,-1
2023430206978,2023,430206978,2,2,0,18,19,3,7,0,0,2,0,0,0,0,4,1,6,6,1,-1,-1,-1,-1,-1,-1,-1,-1,0,-1
2023010432626,2023,010432626,1,9,0,99,99,9,9,99,99,9,9,99,9,99,2,9,6,6,3,80,11,-1,-1,-1,-1,7,E01023532,0,-1
2023552300382,2023,552300382,2,1,0,18,19,4,8,0,0,0,0,0,1,0,2,1,6,6,1,39,7,-1,-1,-1,-1,3,E01015426,0,-1
2023131283901,2023,131283901,2,1,0,18,19,1,1,0,0,4,0,0,0,0,3,1,1,1,1,28,6,-1,-1,-1,-1,2,E01011481,0,-1
2023552301049,2023,552301049,2,1,0,18,19,6,2,0,0,8,1,9,7,0,0,1,2,2,1,27,6,-1,-1,-1,-1,5,E01020353,0,-1
2023411316219,2023,411316219,2,1,0,9,9,-1,-1,0,0,8,0,0,0,0,1,1,5,6,1,39,7,-1,-1,-1,-1,7,E01023961,0,-1
2023201283449,2023,201283449,2,97,0,18,19,1,5,0,0,8,2,0,0,0,1,1,6,6,1,25,5,-1,-1,-1,-1,5,E01009745,0,-1
2023201278667,2023,201278667,1,9,0,14,14,4,8,0,0,0,0,0,0,0,4,1,6,6,3,-1,-1,-1,-1,-1,-1,-1,-1,0,-1
2023351284331,2023,351284331,2,1,0,18,19,6,2,0,0,8,1,0,0,0,1,1,1,1,1,53,8,-1,-1,-1,-1,8,E01018003,0,-1
2023471313071,2023,471313071,1,98,0,17,19,3,8,0,0,0,0,0,0,0,3,2,2,2,1,54,8,-1,-1,-1,-1,-1,-1,0,-1
2023440450878,2023,440450878,1,9,0,18,19,2,6,0,0,0,0,0,0,0,1,1,6,6,3,-1,-1,-1,-1,-1,-1,-1,-1,0,-1
2023351382941,2023,351382941,2,1,0,2,2,-1,-1,4,4,1,0,0,2,0,3,1,5,6,1,16,4,-1,-1,-1,-1,2,E01018143,0,-1
2023411341937,2023,411341937,2,9,-1,18,19,3,1,0,0,3,0,0,0,0,1,1,6,6,3,-1,-1,-1,-1,-1,-1,-1,-1,0,-1
2023332300714,2023,332300714,1,98,0,12,12,6,2,0,0,0,0,0,0,0,1,1,1,1,1,27,6,-1,-1,-1,-1,1,E01013679,0,-1
2023010460153,2023,010460153,3,16,4,18,19,7,3,0,0,2,5,0,0,0,4,1,6,6,2,31,6,-1,-1,-1,-1,8,E01000447,0,-1
2023430353576,2023,430353576,2,9,0,18,19,8,4,0,0,1,0,0,0,0,1,1,6,6,1,-1,-1,-1,-1,-1,-1,-1,-1,0,-1
2023061333897,2023,061333897,1,9,0,7,7,5,6,0,0,6,0,0,0,0,1,1,6,6,3,-1,-1,-1,-1,-1,-1,-1,-1,0,-1
2023471315119,2023,471315119,2,1,0,15,15,1,5,0,0,1,0,0,0,0,3,1,2,2,1,27,6,-1,-1,-1,-1,8,E01017000,0,-1
2023010419757,2023,010419757,1,1,9,99,99,9,9,99,99,9,9,99,9,99,2,1,2,2,1,50,8,-1,-1,-1,-1,7,E01003815,0,-1
2023361292550,2023,361292550,2,1,0,18,19,7,3,0,0,2,0,0,0,0,2,1,2,2,1,45,7,-1,-1,-1,-1,1,E01026626,0,-1
2023052300089,2023,052300089,3,9,0,18,19,2,6,0,0,8,0,0,0,0,0,1,6,6,3,-1,-1,-1,-1,-1,-1,-1,-1,0,-1
2023501288733,2023,501288733,1,9,0,16,19,1,5,0,0,1,0,0,0,0,1,1,6,6,1,50,8,-1,-1,-1,-1,4,E01018941,0,-1
2023010453583,2023,010453583,2,9,0,99,99,9,9,99,99,0,9,99,9,99,2,9,6,6,3,-1,-1,-1,-1,-1,-1,-1,-1,0,-1
2023451374273,2023,451374273,1,1,0,18,19,1,7,0,0,0,2,0,0,0,3,1,2,2,1,35,6,-1,-1,-1,-1,9,E01016576,0,-1
2023311272286,2023,311272286,1,9,0,18,19,1,5,0,0,0,0,0,0,0,1,1,6,6,3,-1,-1,-1,-1,-1,-1,-1,-1,0,-1
2023440082868,2023,440082868,1,3,0,18,19,4,8,0,0,3,0,0,0,0,1,1,6,6,3,-1,-1,-1,-1,-1,-1,-1,-1,0,-1
2023440072806,2023,440072806,2,4,0,18,19,7,3,0,0,1,0,0,0,0,1,1,6,6,1,30,6,-1,-1,-1,-1,2,E01032879,0,-1
2023401272908,2023,401272908,2,1,-1,-1,-1,-1,-1,-1,-1,0,-1,-1,-1,0,-1,1,6,6,1,54,8,-1,-1,-1,-1,-1,-1,0,-1
2023070030932,2023,070030932,2,1,0,7,7,3,5,0,0,3,0,0,0,0,3,1,2,2,2,39,7,-1,-1,-1,-1,10,E01007149,0,-1
2023471332668,2023,471332668,3,9,0,3,3,2,6,0,0,0,0,0,0,0,0,1,5,6,2,69,10,-1,-1,-1,-1,10,E01024426,0,-1
2023302301733,2023,302301733,1,9,0,9,9,5,7,0,0,5,0,0,0,0,1,1,6,6,3,-1,-1,-1,-1,-1,-1,-1,-1,0,-1
2023201383185,2023,201383185,2,9,0,9,9,6,4,0,0,5,0,0,0,0,4,1,5,6,3,-1,-1,-1,-1,-1,-1,-1,-1,0,-1
2023010460494,2023,010460494,2,19,0,99,99,9,9,0,0,0,0,0,0,0,4,1,6,6,3,-1,-1,-1,-1,-1,-1,-1,-1,0,-1
2023371305692,2023,371305692,2,9,0,9,9,7,5,0,0,8,0,0,0,0,1,1,5,6,1,67,10,-1,-1,-1,-1,10,E01030203,0,-1
2023520301511,2023,520301511,1,1,0,18,19,2,6,0,0,0,0,0,0,0,3,1,6,6,1,56,9,-1,-1,-1,-1,4,E01029309,0,-1
2023101302187,2023,101302187,2,1,0,17,19,7,5,0,0,0,0,0,0,0,3,1,6,6,1,49,8,-1,-1,-1,-1,10,E01033550,0,-1
2023520400931,2023,520400931,1,9,9,18,19,9,9,0,0,0,0,0,0,0,9,9,6,6,1,-1,-1,-1,-1,-1,-1,-1,-1,0,-1
2023421341095,2023,421341095,1,9,-1,18,19,1,5,0,0,8,0,0,0,0,-1,1,6,6,3,-1,-1,-1,-1,-1,-1,-1,-1,0,-1
2023471390180,2023,471390180,2,9,0,9,9,6,4,0,0,6,0,0,0,0,3,1,2,2,1,31,6,-1,-1,-1,-1,10,E01020946,0,-1
2023520300541,2023,520300541,2,9,0,18,19,5,1,0,0,6,0,0,0,0,1,1,6,6,2,31,6,-1,-1,-1,-1,4,E01029179,0,-1
2023351357651,2023,351357651,2,1,0,3,3,-1,-1,0,0,0,0,0,0,0,1,1,2,2,1,55,8,-1,-1,-1,-1,10,E01017955,0,-1
2023010467735,2023,010467735,1,1,9,99,99,9,9,99,99,9,9,99,9,99,9,1,2,2,1,45,7,-1,-1,-1,-1,10,E01003866,0,-1
2023340WN5272,2023,340WN5272,1,1,0,16,19,8,4,0,0,1,0,0,0,0,1,1,6,6,1,37,7,-1,-1,-1,-1,-1,-1,0,-1
2023010443500,2023,010443500,1,1,9,99,99,9,9,99,99,9,9,99,9,99,9,1,2,2,1,40,7,-1,-1,-1,-1,3,E01001109,0,-1
2023351368903,2023,351368903,2,97,0,18,19,1,5,0,0,0,0,0,0,0,1,1,6,6,1,17,4,-1,-1,-1,-1,1,E01015611,0,-1
2023141314432,2023,141314432,2,1,0,18,19,0,0,9,9,0,0,0,0,0,1,1,6,6,1,54,8,-1,-1,-1,-1,2,E01007405,0,-1
2023440329325,2023,440329325,2,1,0,3,3,8,4,0,0,0,0,0,0,0,1,1,6,6,1,53,8,-1,-1,-1,-1,7,E01022584,0,-1