collision_index,collision_year,collision_ref_no,vehicle_reference,vehicle_type,towing_and_articulation,vehicle_manoeuvre_historic,vehicle_manoeuvre,vehicle_direction_from,vehicle_direction_to,vehicle_location_restricted_lane_historic,vehicle_location_restricted_lane,junction_location,skidding_and_overturning,hit_object_in_carriageway,vehicle_leaving_carriageway,hit_object_off_carriageway,first_point_of_impact,vehicle_left_hand_drive,journey_purpose_of_driver_historic,journey_purpose_of_driver,sex_of_driver,age_of_driver,age_band_of_driver,engine_capacity_cc,propulsion_code,age_of_vehicle,generic_make_model,driver_imd_decile,lsoa_of_driver,escooter_flag,driver_distance_banding
2023141345817,2023,141345817,1,9,0,18,19,3,7,0,0,1,0,0,0,0,1,1,6,6,3,-1,-1,-1,-1,-1,-1,-1,-1,0,-1
2023131294886,2023,131294886,1,97,0,18,19,3,7,0,0,0,0,0,0,0,1,1,6,6,1,18,4,-1,-1,-1,-1,1,E01011863,0,-1
2023461341544,2023,461341544,1,1,0,18,19,8,4,0,0,0,1,0,1,0,1,1,1,1,2,53,8,-1,-1,-1,-1,6,E01023988,0,-1
2023010455769,2023,010455769,1,1,9,99,99,6,2,0,0,1,0,99,9,99,9,1,6,6,1,31,6,-1,-1,-1,-1,5,E01004050,0,-1
2023461283384,2023,461283384,1,98,0,18,19,2,7,0,0,0,0,0,0,0,3,1,5,6,3,-1,-1,-1,-1,-1,-1,-1,-1,0,-1
2023031285519,2023,031285519,1,9,0,5,5,1,5,0,0,1,5,0,0,0,1,1,6,6,3,-1,-1,-1,-1,-1,-1,-1,-1,0,-1
2023451338558,2023,451338558,2,9,0,18,19,1,5,0,0,0,0,0,0,0,3,1,6,6,3,55,8,-1,-1,-1,-1,-1,-1,0,-1
2023461317100,2023,461317100,1,9,0,5,5,5,1,0,0,1,0,0,0,0,1,1,6,6,2,87,11,-1,-1,-1,-1,5,E01023998,0,-1
2023440384460,2023,440384460,2,22,0,18,19,1,5,0,0,0,0,0,0,0,1,1,6,6,1,69,10,-1,-1,-1,-1,8,E01022935,0,-1
2023122400036,2023,122400036,2,1,0,18,19,7,3,0,0,4,0,0,0,0,2,1,4,7,1,12,3,-1,-1,-1,-1,10,E01027574,0,-1
2023401286715,2023,401286715,2,1,0,18,19,4,8,0,0,0,0,0,0,0,3,1,2,2,1,40,7,-1,-1,-1,-1,9,E01017614,0,-1
2023010445655,2023,010445655,1,1,0,18,19,3,7,5,5,0,0,0,0,0,1,1,6,6,1,-1,-1,-1,-1,-1,-1,-1,-1,0,-1
2023440309717,2023,440309717,2,-1,0,2,2,0,0,0,0,8,0,0,0,0,1,1,6,6,3,-1,-1,-1,-1,-1,-1,-1,-1,1,-1
2023131279838,2023,131279838,1,1,0,18,19,8,4,0,0,8,0,0,0,0,3,1,6,6,1,13,3,-1,-1,-1,-1,5,E01011031,0,-1
2023010458559,2023,010458559,1,1,0,18,19,8,4,4,4,0,2,0,0,0,1,1,6,6,1,34,6,-1,-1,-1,-1,-1,-1,0,-1
2023041295180,2023,041295180,2,9,0,18,19,7,3,0,0,4,0,0,0,0,1,1,5,6,1,22,5,-1,-1,-1,-1,3,E01025578,0,-1
2023031335805,2023,031335805,1,1,0,18,19,7,3,0,0,8,0,0,1,0,1,1,5,6,2,60,9,-1,-1,-1,-1,-1,-1,0,-1
2023991278556,2023,991278556,1,-1,0,18,19,7,3,0,0,1,0,0,0,0,0,1,6,6,3,-1,-1,-1,-1,-1,-1,-1,-1,0,-1
2023052301937,2023,052301937,2,1,0,18,19,5,1,0,0,1,0,0,0,0,1,1,6,6,1,38,7,-1,-1,-1,-1,1,E01006615,0,-1
2023211369237,2023,211369237,1,98,0,7,7,3,1,0,0,5,0,0,0,0,0,1,1,1,1,49,8,-1,-1,-1,-1,6,E01029708,0,-1
202354A634023,2023,54A634023,1,9,0,18,19,1,4,0,0,0,1,0,0,0,1,1,6,6,3,-1,-1,-1,-1,-1,-1,-1,-1,0,-1
2023461343741,2023,461343741,1,9,0,18,19,7,3,0,0,1,0,0,0,0,1,1,6,6,3,-1,-1,-1,-1,-1,-1,-1,-1,0,-1
2023010465331,2023,010465331,2,-1,0,18,19,4,8,0,0,1,1,0,0,0,0,1,6,6,1,70,10,-1,-1,-1,-1,4,E01004375,1,-1
2023522400797,2023,522400797,3,9,0,2,2,0,0,0,0,0,0,0,0,0,0,1,6,6,1,-1,-1,-1,-1,-1,-1,-1,-1,0,-1
2023141290305,2023,141290305,1,90,0,18,19,4,8,0,0,0,0,0,0,0,1,1,6,6,3,-1,-1,-1,-1,-1,-1,-1,-1,0,-1
2023010440179,2023,010440179,1,1,9,99,99,9,9,99,99,9,9,99,9,99,1,1,2,2,1,24,5,-1,-1,-1,-1,4,E01003031,0,-1
2023131279946,2023,131279946,2,1,0,16,19,1,5,0,0,1,0,0,1,0,3,1,2,2,1,29,6,-1,-1,-1,-1,3,E01011014,0,-1
2023052302084,2023,052302084,1,9,0,6,6,1,1,0,0,0,0,0,0,0,1,1,6,6,3,-1,-1,-1,-1,-1,-1,-1,-1,0,-1
2023401346900,2023,401346900,2,1,0,18,19,6,2,0,0,3,0,0,0,0,4,1,2,2,1,23,5,-1,-1,-1,-1,-1,-1,0,-1
2023052302203,2023,052302203,2,1,0,18,19,1,5,0,0,0,0,0,0,0,3,1,6,6,1,15,3,-1,-1,-1,-1,1,E01007124,0,-1
2023131333653,2023,131333653,2,1,0,18,19,1,5,0,0,8,0,0,0,0,3,1,5,6,1,13,3,-1,-1,-1,-1,1,E01011730,0,-1
2023231259559,2023,231259559,2,16,0,18,19,1,5,0,0,0,0,0,0,0,2,1,5,6,2,59,9,-1,-1,-1,-1,7,E01031247,0,-1
2023201333066,2023,201333066,2,1,0,5,5,8,4,0,0,2,0,0,0,0,1,1,6,6,1,12,3,-1,-1,-1,-1,4,E01009689,0,-1
2023522301370,2023,522301370,2,9,0,18,19,6,2,0,0,0,0,0,0,0,1,1,6,6,3,-1,-1,-1,-1,-1,-1,-1,-1,0,-1
2023161279439,2023,161279439,2,9,0,18,19,6,2,0,0,0,0,0,0,0,2,1,6,6,3,-1,-1,-1,-1,-1,-1,-1,-1,0,-1
2023010469947,2023,010469947,2,-1,9,99,99,9,9,99,99,9,9,99,9,99,9,9,6,6,1,54,8,-1,-1,-1,-1,2,E01000952,1,-1
2023631342732,2023,631342732,2,1,0,18,19,8,4,0,0,0,0,0,0,0,2,1,6,6,2,37,7,-1,-1,-1,-1,-1,-1,0,-1
2023991289169,2023,991289169,2,1,0,18,19,8,4,0,0,1,0,0,0,0,1,1,5,6,1,64,9,-1,-1,-1,-1,8,-1,0,-1
2023010445018,2023,010445018,1,1,9,99,99,9,9,99,99,9,9,99,9,99,9,1,2,2,1,30,6,-1,-1,-1,-1,-1,-1,0,-1
2023451350540,2023,451350540,4,9,0,4,4,5,1,0,0,0,0,0,0,0,0,1,6,6,3,37,7,-1,-1,-1,-1,-1,-1,0,-1
2023010481789,2023,010481789,2,9,0,18,19,2,6,0,0,1,0,0,0,0,1,1,6,6,3,-1,-1,-1,-1,-1,-1,-1,-1,0,-1
2023071294304,2023,071294304,1,9,0,18,19,4,8,0,0,1,0,0,0,0,4,1,6,6,3,-1,-1,-1,-1,-1,-1,-1,-1,0,-1
2023421284102,2023,421284102,3,9,0,18,19,7,3,0,0,0,0,0,0,0,1,1,1,1,1,55,8,-1,-1,-1,-1,5,E01021901,0,-1
2023211386893,2023,211386893,1,-1,-1,18,19,8,3,-1,-1,0,-1,-1,-1,0,-1,1,6,6,3,-1,-1,-1,-1,-1,-1,-1,-1,0,-1
2023010425794,2023,010425794,2,9,9,99,99,9,9,99,99,9,9,99,9,99,9,9,6,6,3,-1,-1,-1,-1,-1,-1,-1,-1,0,-1
2023461349584,2023,461349584,1,9,0,16,19,2,5,0,0,0,1,0,0,0,1,1,5,6,1,20,4,-1,-1,-1,-1,5,E01033089,0,-1
2023461275336,2023,461275336,1,9,0,18,19,8,6,0,0,0,0,0,0,0,1,1,6,6,1,63,9,-1,-1,-1,-1,2,E01004246,0,-1
2023010464635,2023,010464635,1,9,0,5,5,7,3,0,0,5,0,0,1,0,0,1,6,6,3,-1,-1,-1,-1,-1,-1,-1,-1,0,-1
2023041379570,2023,041379570,2,1,0,9,9,1,5,0,0,1,0,0,0,0,-1,1,6,6,1,31,6,-1,-1,-1,-1,8,E01024957,0,-1
2023161324258,2023,161324258,1,9,0,18,19,3,7,0,0,0,0,0,0,0,1,1,6,6,3,-1,-1,-1,-1,-1,-1,-1,-1,0,-1
2023351359014,2023,351359014,2,9,0,-1,-1,-1,-1,-1,-1,0,-1,-1,-1,0,-1,1,6,6,3,-1,-1,-1,-1,-1,-1,-1,-1,0,-1
2023061279047,2023,061279047,2,1,-1,18,19,8,4,0,0,8,0,0,0,0,4,1,6,6,2,46,8,-1,-1,-1,-1,3,E01005062,0,-1
2023552300861,2023,552300861,1,1,0,18,19,5,1,0,0,0,0,0,0,0,1,1,6,6,1,64,9,-1,-1,-1,-1,3,E01015285,0,-1
2023430123119,2023,430123119,2,9,0,18,19,1,5,0,0,2,0,0,0,0,1,1,6,6,1,30,6,-1,-1,-1,-1,-1,-1,0,-1
2023141392615,2023,141392615,2,-1,0,18,19,3,7,0,0,8,0,0,0,0,1,1,6,6,1,14,3,-1,-1,-1,-1,7,E01007582,1,-1
2023010464792,2023,010464792,2,9,0,99,99,9,9,99,99,9,9,99,9,99,1,9,6,6,1,-1,-1,-1,-1,-1,-1,-1,-1,0,-1
2023461311331,2023,461311331,2,1,0,18,19,1,5,0,0,8,0,0,0,0,3,1,6,6,2,11,3,-1,-1,-1,-1,6,E01024491,0,-1
2023552301377,2023,552301377,2,1,0,18,19,2,6,0,0,0,0,0,0,0,3,1,6,6,1,66,10,-1,-1,-1,-1,8,E01020477,0,-1
2023010437338,2023,010437338,1,1,9,99,99,9,9,99,99,9,9,99,9,99,9,1,2,2,1,30,6,-1,-1,-1,-1,1,E01000953,0,-1
2023201296662,2023,201296662,1,9,0,5,5,6,2,0,0,1,0,0,0,0,1,1,6,6,1,-1,-1,-1,-1,-1,-1,7,E01009417,0,-1
2023010478001,2023,010478001,2,9,0,99,99,9,9,99,99,9,9,99,9,99,9,9,6,6,2,26,6,-1,-1,-1,-1,2,E01004284,0,-1
2023332300594,2023,332300594,1,9,0,18,19,7,3,0,0,0,0,0,0,0,1,1,6,6,1,-1,-1,-1,-1,-1,-1,-1,-1,0,-1
2023221283480,2023,221283480,1,9,0,7,7,1,2,0,0,6,0,0,0,0,0,1,6,6,2,35,6,-1,-1,-1,-1,-1,-1,0,-1
2023052300469,2023,052300469,1,1,0,18,19,4,8,0,0,1,0,0,0,0,0,1,6,6,1,55,8,-1,-1,-1,-1,1,E01033768,0,-1
2023430184644,2023,430184644,2,9,0,18,19,8,4,0,0,8,0,0,0,0,4,1,1,1,1,29,6,-1,-1,-1,-1,5,E01016242,0,-1
2023201316829,2023,201316829,1,97,0,18,19,8,4,0,0,8,0,0,0,0,1,1,6,6,1,29,6,-1,-1,-1,-1,1,E01009195,0,-1
2023010461217,2023,010461217,2,9,0,99,99,9,9,99,99,9,9,99,9,99,9,9,6,6,3,-1,-1,-1,-1,-1,-1,-1,-1,0,-1
2023421363086,2023,421363086,1,97,0,18,19,8,4,0,0,8,0,0,0,0,3,1,6,6,1,25,5,-1,-1,-1,-1,-1,-1,0,-1
2023010460240,2023,010460240,2,9,0,99,99,9,9,99,99,9,9,99,9,99,1,9,6,6,3,-1,-1,-1,-1,-1,-1,-1,-1,0,-1
2023052303008,2023,052303008,1,1,0,5,5,5,1,0,0,7,0,0,0,0,1,1,6,6,1,44,7,-1,-1,-1,-1,1,E01006648,0,-1
2023501365942,2023,501365942,1,9,0,7,7,5,7,0,0,1,0,0,0,0,1,1,6,6,3,-1,-1,-1,-1,-1,-1,-1,-1,0,-1
2023061281675,2023,061281675,2,1,0,18,19,1,1,0,0,0,0,0,1,0,1,1,6,6,1,30,6,-1,-1,-1,-1,5,E01004767,0,-1
2023201283339,2023,201283339,2,1,0,18,19,5,1,0,0,0,0,0,0,0,3,1,6,6,1,24,5,-1,-1,-1,-1,4,E01010149,0,-1
2023311374588,2023,311374588,1,21,1,12,12,8,4,0,0,0,1,0,0,0,1,2,1,1,1,40,7,-1,-1,-1,-1,-1,-1,0,-1
2023101362623,2023,101362623,1,9,-1,-1,-1,-1,-1,-1,-1,0,-1,-1,-1,0,-1,1,6,6,1,-1,-1,-1,-1,-1,-1,-1,-1,0,-1
2023170S12243,2023,170S12243,2,1,0,18,19,5,1,0,0,8,0,0,0,0,1,1,6,6,1,40,7,-1,-1,-1,-1,4,E01012292,0,-1
2023430201677,2023,430201677,1,9,0,13,13,6,6,0,0,6,0,0,0,0,4,1,1,1,2,42,7,-1,-1,-1,-1,6,E01032955,0,-1
2023010428173,2023,010428173,2,9,0,99,99,9,9,99,99,0,9,99,9,99,9,9,6,6,3,-1,-1,-1,-1,-1,-1,-1,-1,0,-1
2023131363558,2023,131363558,1,9,0,18,19,1,5,0,0,1,0,0,0,0,-1,1,6,6,3,-1,-1,-1,-1,-1,-1,-1,-1,0,-1
2023052302248,2023,052302248,1,9,0,5,5,7,3,0,0,0,0,0,0,0,1,1,6,6,3,-1,-1,-1,-1,-1,-1,-1,-1,0,-1
2023101316395,2023,101316395,2,1,0,5,5,3,7,0,0,8,2,0,0,0,3,1,5,6,1,40,7,-1,-1,-1,-1,10,E01008317,0,-1
2023501388248,2023,501388248,2,19,0,2,2,0,0,6,6,1,0,0,0,0,3,1,1,1,2,29,6,-1,-1,-1,-1,4,E01015069,0,-1
2023411300336,2023,411300336,1,-1,0,18,19,-1,-1,5,5,0,0,0,0,0,1,1,6,6,2,-1,-1,-1,-1,-1,-1,-1,-1,1,-1
2023010429408,2023,010429408,1,1,9,99,99,9,9,99,99,9,9,99,9,99,9,1,2,2,1,43,7,-1,-1,-1,-1,3,E01033583,0,-1
2023010448840,2023,010448840,2,1,0,9,9,3,8,4,4,1,0,0,0,0,0,1,2,2,1,31,6,-1,-1,-1,-1,3,E01001941,0,-1
2023311297037,2023,311297037,2,-1,0,18,19,5,1,0,0,0,0,4,0,0,1,1,5,6,1,26,6,-1,-1,-1,-1,-1,-1,1,-1
2023161351331,2023,161351331,1,90,0,12,12,7,3,0,0,0,0,0,0,0,1,1,6,6,1,13,3,-1,-1,-1,-1,1,E01012790,0,-1
2023211283643,2023,211283643,2,9,0,5,5,5,4,0,0,0,0,0,0,0,2,1,2,2,1,58,9,-1,-1,-1,-1,4,E01029634,0,-1
2023231305672,2023,231305672,1,9,0,5,5,1,5,9,9,0,0,0,0,0,1,1,6,6,2,75,10,-1,-1,-1,-1,-1,-1,0,-1
2023010460126,2023,010460126,1,1,3,15,15,1,5,0,0,1,0,0,0,0,4,1,6,6,1,30,6,-1,-1,-1,-1,1,E01000508,0,-1
2023010468546,2023,010468546,3,9,0,10,10,7,5,0,0,1,0,0,0,0,1,1,6,6,3,-1,-1,-1,-1,-1,-1,-1,-1,0,-1
2023070008854,2023,070008854,1,-1,0,18,19,7,3,0,0,1,0,0,0,0,1,1,6,6,1,-1,-1,-1,-1,-1,-1,-1,-1,1,-1
2023010441116,2023,010441116,1,9,9,99,99,9,9,99,99,0,9,99,9,99,9,9,6,6,3,-1,-1,-1,-1,-1,-1,-1,-1,0,-1
2023501290789,2023,501290789,1,9,0,18,19,3,7,0,0,8,0,0,0,0,1,1,6,6,1,64,9,-1,-1,-1,-1,1,E01015155,0,-1
2023440406663,2023,440406663,1,-1,0,4,4,7,3,9,9,1,0,0,0,0,0,1,6,6,1,48,8,-1,-1,-1,-1,4,E01017034,1,-1
2023471380623,2023,471380623,2,9,0,18,19,2,6,0,0,0,1,0,6,0,1,1,5,6,1,33,6,-1,-1,-1,-1,6,E01031408,0,-1
2023451339990,2023,451339990,1,9,0,18,19,6,2,0,0,1,0,0,0,0,3,1,6,6,3,45,7,-1,-1,-1,-1,-1,-1,0,-1
2023052301519,2023,052301519,2,1,0,14,14,4,5,0,0,2,0,0,0,0,1,1,2,2,1,32,6,-1,-1,-1,-1,1,E01006693,0,-1
2023461267287,2023,461267287,2,1,0,18,19,7,3,0,0,0,0,0,0,0,1,1,6,6,1,44,7,-1,-1,-1,-1,9,E01024275,0,-1
2023201306569,2023,201306569,2,-1,0,18,19,4,8,0,0,8,0,0,0,0,1,1,6,6,1,58,9,-1,-1,-1,-1,8,E01009687,0,-1
2023552301346,2023,552301346,1,19,0,15,15,1,5,0,0,8,0,0,0,0,1,1,6,6,3,-1,-1,-1,-1,-1,-1,-1,-1,0,-1
2023201379244,2023,201379244,1,9,0,14,14,8,4,0,0,0,0,0,0,0,1,1,6,6,2,-1,-1,-1,-1,-1,-1,-1,-1,0,-1
2023010453319,2023,010453319,1,1,9,99,99,9,9,99,99,0,9,99,9,99,9,1,2,2,1,50,8,-1,-1,-1,-1,4,E01001187,0,-1
2023320118242,2023,320118242,1,9,0,18,19,6,2,0,0,0,0,0,0,0,1,1,6,6,3,-1,-1,-1,-1,-1,-1,-1,-1,0,-1
2023041370406,2023,041370406,2,1,0,18,19,3,7,0,0,1,0,0,1,0,3,1,5,6,1,40,7,-1,-1,-1,-1,9,E01025127,0,-1
2023201383457,2023,201383457,2,1,0,3,3,1,4,0,0,1,2,0,0,0,1,1,1,1,1,28,6,-1,-1,-1,-1,5,E01009690,0,-1
2023010420876,2023,010420876,2,9,0,99,99,9,9,0,0,1,0,0,0,0,9,1,6,6,1,-1,-1,-1,-1,-1,-1,-1,-1,0,-1
2023010419457,2023,010419457,2,9,9,99,99,9,9,0,0,9,0,99,9,99,9,9,6,6,3,-1,-1,-1,-1,-1,-1,-1,-1,0,-1
2023351289572,2023,351289572,2,9,0,18,19,-1,-1,0,0,0,0,0,0,0,4,1,6,6,1,78,11,-1,-1,-1,-1,1,E01015616,0,-1
2023430339390,2023,430339390,1,9,0,18,19,4,8,0,0,4,0,0,0,0,3,1,6,6,2,30,6,-1,-1,-1,-1,-1,-1,0,-1
2023211383274,2023,211383274,2,1,-1,-1,-1,-1,-1,-1,-1,0,-1,-1,-1,0,-1,1,2,2,1,61,9,-1,-1,-1,-1,10,E01014352,0,-1
2023010435712,2023,010435712,2,1,0,18,19,2,6,4,4,8,5,0,0,0,3,1,2,2,1,28,6,-1,-1,-1,-1,5,E01003156,0,-1
2023010439376,2023,010439376,1,1,9,99,99,9,9,99,99,9,9,99,9,99,9,1,3,7,1,11,3,-1,-1,-1,-1,3,E01032764,0,-1
2023311337921,2023,311337921,2,-1,0,18,19,-1,-1,0,0,0,0,0,0,0,-1,1,5,6,1,20,4,-1,-1,-1,-1,-1,-1,1,-1
2023061337829,2023,061337829,1,9,0,9,9,2,8,0,0,2,0,0,0,0,1,1,6,6,3,-1,-1,-1,-1,-1,-1,-1,-1,0,-1
2023010423229,2023,010423229,2,1,0,14,14,8,4,0,0,8,0,8,0,0,3,1,6,6,1,72,10,-1,-1,-1,-1,3,E01000866,0,-1
2023552300717,2023,552300717,2,1,0,18,19,5,1,0,0,8,0,0,0,0,1,1,1,1,1,49,8,-1,-1,-1,-1,7,E01020428,0,-1
2023351382420,2023,351382420,1,9,0,13,13,4,8,0,0,0,0,0,0,0,4,1,6,6,3,-1,-1,-1,-1,-1,-1,-1,-1,0,-1
2023010435204,2023,010435204,1,9,0,5,5,1,5,0,0,0,0,0,0,0,3,1,6,6,1,45,7,-1,-1,-1,-1,2,E01004129,0,-1
2023070138832,2023,070138832,2,1,0,18,19,2,6,0,0,8,0,0,0,0,4,1,2,2,1,31,6,-1,-1,-1,-1,8,E01018623,0,-1
2023010435859,2023,010435859,1,1,9,99,99,9,9,99,99,0,9,99,9,99,1,1,6,6,1,29,6,-1,-1,-1,-1,4,E01003029,0,-1
2023991316163,2023,991316163,2,98,0,17,19,4,7,0,0,0,0,0,0,0,0,1,6,6,3,20,4,-1,-1,-1,-1,-1,-1,0,-1
2023311287988,2023,311287988,2,1,0,18,19,1,5,0,0,8,0,0,0,0,1,1,2,2,1,40,7,-1,-1,-1,-1,-1,-1,0,-1
2023010457610,2023,010457610,1,9,0,99,99,9,9,99,99,0,9,99,9,99,9,1,6,6,3,-1,-1,-1,-1,-1,-1,-1,-1,0,-1
2023161341366,2023,161341366,1,9,0,9,9,1,7,0,0,6,0,0,0,0,0,1,6,6,3,-1,-1,-1,-1,-1,-1,-1,-1,0,-1
2023430049751,2023,430049751,1,9,0,9,9,4,2,0,0,6,0,0,0,0,1,1,6,6,1,-1,-1,-1,-1,-1,-1,-1,-1,0,-1
2023052302266,2023,052302266,1,9,0,18,19,1,5,0,0,1,0,0,0,0,1,1,6,6,1,24,5,-1,-1,-1,-1,6,E01007063,0,-1
2023461371025,2023,461371025,2,1,0,18,19,7,3,0,0,0,0,0,0,0,1,1,6,6,2,-1,-1,-1,-1,-1,-1,2,E01024941,0,-1
2023340WN2472,2023,340WN2472,6,9,0,18,19,5,1,0,0,0,0,0,0,0,2,1,2,2,1,24,5,-1,-1,-1,-1,8,E01027332,0,-1
2023211353718,2023,211353718,1,9,0,5,5,6,3,0,0,0,0,0,0,0,4,1,3,7,2,31,6,-1,-1,-1,-1,2,E01033216,0,-1
2023421327669,2023,421327669,2,1,0,18,19,7,3,9,9,0,0,0,0,0,3,1,5,6,1,13,3,-1,-1,-1,-1,3,E01015922,0,-1
2023320391465,2023,320391465,1,5,0,18,19,4,8,0,0,0,1,0,1,0,1,1,1,1,1,54,8,-1,-1,-1,-1,6,E01013074,0,-1
2023131260794,2023,131260794,1,90,0,-1,-1,-1,-1,-1,-1,-1,-1,-1,-1,-1,-1,1,6,6,3,-1,-1,-1,-1,-1,-1,-1,-1,0,-1
2023451362008,2023,451362008,1,98,0,13,13,5,1,0,0,0,0,0,0,0,3,1,2,2,1,24,5,-1,-1,-1,-1,8,E01016515,0,-1
2023461368393,2023,461368393,1,9,0,18,19,7,3,0,0,1,0,0,0,0,1,1,6,6,3,-1,-1,-1,-1,-1,-1,-1,-1,0,-1
2023302301494,2023,302301494,1,9,0,16,19,2,6,0,0,0,0,0,1,10,4,1,6,6,1,33,6,-1,-1,-1,-1,5,E01019456,0,-1
2023010472797,2023,010472797,2,1,0,9,9,7,5,0,0,1,0,0,0,0,4,1,6,6,1,37,7,-1,-1,-1,-1,8,E01004051,0,-1
2023351318646,2023,351318646,1,-1,0,18,19,-1,-1,0,0,0,0,0,0,0,1,1,6,6,3,-1,-1,-1,-1,-1,-1,-1,-1,1,-1
2023430196862,2023,430196862,1,19,0,16,19,8,3,0,0,0,0,0,2,10,1,1,6,6,1,25,5,-1,-1,-1,-1,9,E01016601,0,-1
2023231361916,2023,231361916,2,1,0,18,19,6,2,0,0,8,0,0,0,0,4,1,6,6,1,34,6,-1,-1,-1,-1,8,E01031290,0,-1
2023471356580,2023,471356580,1,1,0,13,13,7,3,0,0,1,0,0,0,0,1,1,5,6,1,38,7,-1,-1,-1,-1,6,E01020949,0,-1
2023461338146,2023,461338146,3,9,0,17,19,1,5,0,0,0,0,0,0,0,0,1,1,1,1,38,7,-1,-1,-1,-1,7,E01024388,0,-1
2023461361883,2023,461361883,1,-1,0,3,3,1,3,0,0,4,0,0,1,0,1,1,6,6,3,-1,-1,-1,-1,-1,-1,-1,-1,0,-1
2023161351994,2023,161351994,1,1,0,18,19,7,3,0,0,3,0,0,0,0,4,1,2,2,1,52,8,-1,-1,-1,-1,2,E01013315,0,-1
202363A033323,2023,63A033323,2,9,0,2,2,0,0,0,0,2,0,0,0,0,2,1,6,6,1,49,8,-1,-1,-1,-1,-1,-1,0,-1
2023010468075,2023,010468075,2,1,9,99,99,9,9,99,99,9,9,99,9,99,1,1,6,6,1,-1,-1,-1,-1,-1,-1,-1,-1,0,-1
2023461356815,2023,461356815,2,1,0,3,3,1,5,0,0,6,0,0,0,0,2,1,2,2,2,43,7,-1,-1,-1,-1,9,E01024473,0,-1
2023010484448,2023,010484448,1,9,0,18,19,5,1,0,0,1,0,0,0,0,1,1,6,6,1,23,5,-1,-1,-1,-1,3,E01001154,0,-1
2023430040696,2023,430040696,1,9,0,18,19,2,6,0,0,0,0,0,0,0,3,1,6,6,1,61,9,-1,-1,-1,-1,-1,-1,0,-1
2023461377635,2023,461377635,2,9,0,18,19,7,3,0,0,0,0,0,0,0,0,1,6,6,3,18,4,-1,-1,-1,-1,-1,-1,0,-1
2023430188874,2023,430188874,1,4,0,14,14,1,5,0,0,0,0,0,0,0,4,1,6,6,1,18,4,-1,-1,-1,-1,10,E01016562,0,-1
2023010467057,2023,010467057,1,1,9,99,99,9,9,99,99,9,9,99,9,99,9,1,6,6,3,43,7,-1,-1,-1,-1,6,E01021772,0,-1
2023481374368,2023,481374368,1,1,0,14,14,3,7,0,0,8,0,0,0,0,4,1,2,2,1,29,6,-1,-1,-1,-1,-1,-1,0,-1
2023201357499,2023,201357499,1,-1,0,14,14,6,2,0,0,0,0,0,0,0,1,1,6,6,1,-1,-1,-1,-1,-1,-1,-1,-1,0,-1
2023101381575,2023,101381575,3,9,0,18,19,7,3,6,6,0,0,0,1,4,1,1,6,6,1,36,7,-1,-1,-1,-1,9,E01019250,0,-1
2023010478463,2023,010478463,4,3,0,18,19,5,1,9,9,1,0,0,1,0,1,1,6,6,3,-1,-1,-1,-1,-1,-1,-1,-1,0,-1
2023411305146,2023,411305146,2,9,0,11,11,7,3,0,0,3,0,0,0,0,2,1,5,6,1,25,5,-1,-1,-1,-1,2,E01027243,0,-1
2023411307867,2023,411307867,2,1,0,18,19,-1,-1,0,0,0,0,0,0,0,1,1,5,6,1,19,4,-1,-1,-1,-1,7,E01033314,0,-1
2023010461704,2023,010461704,2,9,0,99,99,9,9,99,99,9,9,99,9,99,2,9,6,6,3,-1,-1,-1,-1,-1,-1,-1,-1,0,-1
2023371365312,2023,371365312,2,1,-1,-1,-1,-1,-1,-1,-1,-1,-1,-1,-1,0,-1,1,4,7,1,15,3,-1,-1,-1,-1,1,E01029986,0,-1
2023010465520,2023,010465520,1,1,9,99,99,9,9,99,99,9,9,99,9,99,9,1,6,6,1,23,5,-1,-1,-1,-1,6,E01004360,0,-1
2023201404538,2023,201404538,1,9,0,18,19,2,5,0,0,4,0,0,0,0,2,1,6,6,1,39,7,-1,-1,-1,-1,-1,-1,0,-1
2023141297063,2023,141297063,2,1,0,18,19,7,3,0,0,0,0,0,0,0,1,1,6,6,1,12,3,-1,-1,-1,-1,4,E01007587,0,-1
2023340WN3482,2023,340WN3482,2,1,0,14,14,1,5,0,0,8,0,8,0,0,4,1,6,6,1,28,6,-1,-1,-1,-1,3,E01027154,0,-1
2023010441393,2023,010441393,1,1,9,99,99,9,9,99,99,9,9,99,9,99,9,1,6,6,1,55,8,-1,-1,-1,-1,9,E01002271,0,-1
2023461284724,2023,461284724,2,1,0,18,19,6,1,0,0,8,0,0,0,0,1,1,6,6,1,27,6,-1,-1,-1,-1,10,E01024825,0,-1
2023010434545,2023,010434545,2,3,0,18,19,8,4,0,0,1,5,0,0,0,1,1,6,6,1,23,5,-1,-1,-1,-1,3,E01003042,0,-1
2023010451655,2023,010451655,1,1,9,99,99,9,9,99,99,9,9,99,9,99,1,1,2,2,2,28,6,-1,-1,-1,-1,5,E01004564,0,-1
2023161321067,2023,161321067,2,1,0,7,7,1,6,0,0,8,0,0,0,0,1,1,6,6,1,10,2,-1,-1,-1,-1,1,E01012948,0,-1
2023010481015,2023,010481015,1,3,0,18,19,1,5,0,0,8,0,0,0,0,1,1,6,6,3,-1,-1,-1,-1,-1,-1,-1,-1,0,-1
2023010455073,2023,010455073,3,1,0,12,12,5,1,0,0,0,0,0,0,0,0,1,6,6,1,20,4,-1,-1,-1,-1,-1,-1,0,-1
2023010461709,2023,010461709,2,9,0,99,99,9,9,99,99,9,9,99,9,99,9,9,6,6,3,-1,-1,-1,-1,-1,-1,-1,-1,0,-1
2023010474888,2023,010474888,2,-1,0,18,19,3,7,0,0,1,0,0,0,0,1,1,6,6,1,34,6,-1,-1,-1,-1,5,E01002118,1,-1
2023421368394,2023,421368394,1,9,0,-1,-1,-1,-1,-1,-1,-1,-1,-1,-1,0,-1,1,6,6,3,-1,-1,-1,-1,-1,-1,-1,-1,0,-1
2023052300445,2023,052300445,2,1,0,18,19,1,5,0,0,0,0,0,0,0,3,1,6,6,1,35,6,-1,-1,-1,-1,2,E01007136,0,-1
2023010472246,2023,010472246,1,1,9,99,99,9,9,99,99,9,9,99,9,99,9,1,1,1,1,21,5,-1,-1,-1,-1,5,E01002636,0,-1
2023041406875,2023,041406875,1,9,0,18,19,1,5,0,0,1,0,0,0,0,1,1,5,6,3,-1,-1,-1,-1,-1,-1,-1,-1,0,-1