collision_index,collision_year,collision_ref_no,vehicle_reference,vehicle_type,towing_and_articulation,vehicle_manoeuvre_historic,vehicle_manoeuvre,vehicle_direction_from,vehicle_direction_to,vehicle_location_restricted_lane_historic,vehicle_location_restricted_lane,junction_location,skidding_and_overturning,hit_object_in_carriageway,vehicle_leaving_carriageway,hit_object_off_carriageway,first_point_of_impact,vehicle_left_hand_drive,journey_purpose_of_driver_historic,journey_purpose_of_driver,sex_of_driver,age_of_driver,age_band_of_driver,engine_capacity_cc,propulsion_code,age_of_vehicle,generic_make_model,driver_imd_decile,lsoa_of_driver,escooter_flag,driver_distance_banding
2023991462793,2023,991462793,2,9,0,18,19,2,6,0,0,3,0,0,0,0,4,1,6,6,2,62,9,-1,-1,-1,-1,-1,-1,0,-1
2023122300438,2023,122300438,2,1,0,17,19,5,2,0,0,8,0,0,0,0,2,1,6,6,1,42,7,-1,-1,-1,-1,9,E01011555,0,-1
2023461264562,2023,461264562,1,9,0,9,9,2,7,0,0,1,0,0,0,0,1,1,6,6,1,43,7,-1,-1,-1,-1,10,E01024800,0,-1
2023501380736,2023,501380736,1,10,0,18,19,1,4,0,0,4,0,0,0,0,1,1,5,6,1,-1,-1,-1,-1,-1,-1,5,E01019048,0,-1
2023340WN1692,2023,340WN1692,2,1,0,18,19,8,4,0,0,8,0,0,0,0,1,1,6,6,1,23,5,-1,-1,-1,-1,3,E01027238,0,-1
2023332300844,2023,332300844,1,1,0,18,19,8,4,0,0,0,0,0,0,0,3,1,2,2,2,36,7,-1,-1,-1,-1,3,E01025852,0,-1
2023430467105,2023,430467105,1,9,0,18,19,2,6,0,0,0,0,0,0,0,3,1,6,6,1,59,9,-1,-1,-1,-1,8,E01017886,0,-1
2023010447531,2023,010447531,1,1,9,99,99,9,9,99,99,9,9,99,9,99,9,1,2,2,2,38,7,-1,-1,-1,-1,2,E01004036,0,-1
2023371381632,2023,371381632,2,1,0,18,19,8,4,0,0,8,2,0,0,0,4,1,5,6,2,66,10,-1,-1,-1,-1,8,E01030197,0,-1
2023010444680,2023,010444680,2,-1,0,17,19,2,6,0,0,0,0,0,0,0,1,1,6,6,1,14,3,-1,-1,-1,-1,2,E01002702,1,-1
2023471330264,2023,471330264,2,1,0,18,19,7,3,1,1,0,0,0,0,0,3,1,6,6,1,34,6,-1,-1,-1,-1,6,E01031557,0,-1
2023201281365,2023,201281365,2,1,0,18,19,1,5,0,0,8,0,0,0,0,3,1,6,6,2,44,7,-1,-1,-1,-1,5,E01009177,0,-1
2023010466021,2023,010466021,2,1,0,15,15,1,5,0,0,1,5,0,1,0,1,1,2,2,1,56,9,-1,-1,-1,-1,4,E01003029,0,-1
2023302300943,2023,302300943,1,9,0,18,19,8,4,0,0,1,5,0,7,11,1,1,6,6,2,20,4,-1,-1,-1,-1,5,E01019598,0,-1
2023320744095,2023,320744095,2,9,0,18,19,8,4,0,0,1,0,0,0,0,4,-1,6,6,3,-1,-1,-1,-1,-1,-1,-1,-1,0,-1
2023041274065,2023,041274065,1,1,0,8,8,4,6,0,0,1,0,0,0,0,3,1,6,6,1,12,3,-1,-1,-1,-1,1,E01012680,0,-1
2023520400646,2023,520400646,2,3,0,18,19,6,2,0,0,0,1,0,1,0,4,1,6,6,1,40,7,-1,-1,-1,-1,7,E01029250,0,-1
2023991310289,2023,991310289,2,1,0,18,19,1,5,0,0,0,0,0,0,0,0,1,6,6,1,23,5,-1,-1,-1,-1,2,-1,0,-1
2023211389339,2023,211389339,1,1,0,18,19,7,3,0,0,2,0,0,0,0,4,1,5,6,1,64,9,-1,-1,-1,-1,10,E01029759,0,-1
2023161354259,2023,161354259,1,1,0,18,19,1,5,0,0,8,0,0,0,0,3,1,6,6,1,17,4,-1,-1,-1,-1,2,E01013281,0,-1
2023221353458,2023,221353458,2,1,0,9,9,1,7,0,0,6,0,0,0,0,2,1,5,6,1,51,8,-1,-1,-1,-1,7,E01014037,0,-1
2023010474816,2023,010474816,2,9,0,99,99,9,9,99,99,9,9,99,9,99,2,9,6,6,3,-1,-1,-1,-1,-1,-1,-1,-1,0,-1
2023361302181,2023,361302181,2,1,0,18,19,5,1,0,0,0,2,0,0,0,1,1,6,6,1,-1,-1,-1,-1,-1,-1,2,E01026476,0,-1
2023010452739,2023,010452739,2,1,0,15,15,5,1,0,0,0,0,0,0,0,4,1,6,6,1,25,5,-1,-1,-1,-1,4,E01004254,0,-1
2023421383130,2023,421383130,1,97,0,18,19,7,3,0,0,1,0,0,0,0,1,1,6,6,1,18,4,-1,-1,-1,-1,-1,-1,0,-1
2023211302969,2023,211302969,1,19,0,2,2,0,0,0,0,0,0,0,7,0,1,1,1,1,1,57,9,-1,-1,-1,-1,3,E01029355,0,-1
2023010464837,2023,010464837,2,1,0,18,19,2,6,0,0,1,0,0,0,0,1,1,6,6,1,19,4,-1,-1,-1,-1,4,E01001183,0,-1
2023010423417,2023,010423417,2,1,0,18,19,1,5,0,0,3,5,0,0,0,1,1,2,2,2,30,6,-1,-1,-1,-1,4,E01001723,0,-1
2023451359188,2023,451359188,2,9,0,7,7,1,1,0,0,1,0,0,0,0,4,1,6,6,1,40,7,-1,-1,-1,-1,-1,-1,0,-1
2023041355631,2023,041355631,3,1,0,18,19,5,3,0,0,0,0,0,0,0,2,1,6,6,1,10,2,-1,-1,-1,-1,4,E01025460,0,-1
2023010470129,2023,010470129,2,19,0,99,99,9,9,99,99,9,9,99,9,99,9,9,6,6,3,-1,-1,-1,-1,-1,-1,-1,-1,0,-1
2023061278433,2023,061278433,2,1,0,-1,-1,-1,-1,-1,-1,0,-1,-1,-1,0,-1,1,6,6,1,49,8,-1,-1,-1,-1,10,E01032486,0,-1
2023010441033,2023,010441033,2,8,0,99,99,9,9,99,99,9,9,99,9,99,9,9,6,6,3,-1,-1,-1,-1,-1,-1,-1,-1,0,-1
2023201410398,2023,201410398,2,1,0,7,7,7,1,0,0,8,0,0,0,0,1,1,6,6,1,46,8,-1,-1,-1,-1,-1,-1,0,-1
2023052301800,2023,052301800,1,9,0,5,5,5,1,0,0,1,0,0,0,0,3,1,6,6,3,-1,-1,-1,-1,-1,-1,-1,-1,0,-1
2023010474430,2023,010474430,2,1,0,18,19,1,5,9,9,8,0,0,0,0,4,1,6,6,1,12,3,-1,-1,-1,-1,1,E01002673,0,-1
2023221359641,2023,221359641,1,9,0,18,19,4,8,0,0,0,0,0,0,0,1,1,5,6,1,17,4,-1,-1,-1,-1,-1,-1,0,-1
2023461260962,2023,461260962,1,19,5,18,19,4,8,0,0,0,0,0,0,0,0,1,6,6,3,-1,-1,-1,-1,-1,-1,-1,-1,0,-1
2023451272726,2023,451272726,1,9,0,6,6,6,2,0,0,2,0,0,0,0,0,1,6,6,1,55,8,-1,-1,-1,-1,-1,-1,0,-1
2023201330844,2023,201330844,2,9,0,18,19,6,8,0,0,1,0,0,0,0,1,1,6,6,1,56,9,-1,-1,-1,-1,3,E01009140,0,-1
2023231337175,2023,231337175,1,98,0,16,19,8,5,0,0,8,0,0,0,0,3,1,5,6,3,38,7,-1,-1,-1,-1,-1,-1,0,-1
2023010426014,2023,010426014,2,1,0,18,19,5,1,0,0,1,0,0,0,0,1,1,2,2,1,41,7,-1,-1,-1,-1,7,E01000703,0,-1
2023161390778,2023,161390778,1,9,0,7,7,1,5,0,0,3,0,0,0,0,4,1,2,2,1,32,6,-1,-1,-1,-1,8,E01013264,0,-1
2023461348280,2023,461348280,2,1,0,5,5,3,7,0,0,1,0,0,0,0,1,1,6,6,1,38,7,-1,-1,-1,-1,5,E01000779,0,-1
2023070097012,2023,070097012,1,1,0,18,19,6,2,9,9,0,0,0,0,0,1,1,6,6,1,-1,-1,-1,-1,-1,-1,-1,-1,0,-1
2023161380638,2023,161380638,2,1,0,9,9,4,2,0,0,8,0,0,0,0,1,1,5,6,1,17,4,-1,-1,-1,-1,1,E01012808,0,-1
2023010469571,2023,010469571,2,9,0,99,99,9,9,99,99,9,9,99,9,99,9,9,6,6,3,-1,-1,-1,-1,-1,-1,-1,-1,0,-1
2023052300303,2023,052300303,1,9,0,5,5,1,5,0,0,1,0,0,0,0,4,1,6,6,3,-1,-1,-1,-1,-1,-1,-1,-1,0,-1
2023211378949,2023,211378949,2,9,0,2,2,0,0,0,0,0,0,8,0,0,3,1,5,6,1,30,6,-1,-1,-1,-1,3,E01029782,0,-1
2023440098998,2023,440098998,1,3,0,18,19,1,5,0,0,0,0,0,0,0,0,1,6,6,3,-1,-1,-1,-1,-1,-1,-1,-1,0,-1
2023070800413,2023,070800413,2,1,0,18,19,1,5,0,0,0,0,0,0,0,3,1,6,6,1,50,8,-1,-1,-1,-1,5,E01012400,0,-1
2023501265037,2023,501265037,1,9,-1,18,19,3,1,0,0,0,0,0,0,0,-1,1,6,6,3,-1,-1,-1,-1,-1,-1,-1,-1,0,-1
2023010422395,2023,010422395,2,-1,0,5,5,1,5,0,0,0,0,0,0,0,1,1,1,1,1,51,8,-1,-1,-1,-1,2,E01001698,1,-1
2023211373512,2023,211373512,2,9,0,2,2,1,5,0,0,0,0,0,0,0,2,1,6,6,1,48,8,-1,-1,-1,-1,8,E01029790,0,-1
2023201404966,2023,201404966,2,9,0,4,4,1,5,0,0,0,0,4,0,0,1,1,6,6,1,63,9,-1,-1,-1,-1,-1,-1,0,-1
2023101392405,2023,101392405,1,19,0,-1,-1,-1,-1,-1,-1,-1,-1,-1,-1,0,-1,1,6,6,3,-1,-1,-1,-1,-1,-1,-1,-1,0,-1
2023201339213,2023,201339213,1,9,0,16,19,3,5,0,0,0,0,0,0,0,1,1,6,6,3,-1,-1,-1,-1,-1,-1,-1,-1,0,-1
2023471338586,2023,471338586,3,98,-1,18,19,2,5,0,0,0,0,0,0,0,0,1,6,6,3,-1,-1,-1,-1,-1,-1,-1,-1,0,-1
2023440279482,2023,440279482,1,21,0,9,9,2,8,0,0,6,0,0,0,0,3,1,1,1,1,-1,-1,-1,-1,-1,-1,-1,-1,0,-1
2023010488146,2023,010488146,1,1,9,99,99,9,9,99,99,9,9,99,9,99,9,1,6,6,1,21,5,-1,-1,-1,-1,4,E01001939,0,-1
2023522324573,2023,522324573,2,9,0,18,19,5,1,0,0,6,0,0,0,0,3,1,6,6,2,42,7,-1,-1,-1,-1,5,E01015005,0,-1
2023520300511,2023,520300511,1,16,0,18,19,6,2,0,0,0,0,0,0,0,0,1,6,6,2,63,9,-1,-1,-1,-1,7,E01029216,0,-1
2023010469858,2023,010469858,1,9,0,9,9,4,2,4,4,1,0,0,0,0,1,1,6,6,1,28,6,-1,-1,-1,-1,1,E01002751,0,-1
2023201412611,2023,201412611,1,9,0,18,19,6,2,0,0,1,0,0,0,0,1,1,6,6,3,-1,-1,-1,-1,-1,-1,-1,-1,0,-1
2023430203149,2023,430203149,1,9,0,9,9,1,7,0,0,8,0,0,0,0,1,1,6,6,2,-1,-1,-1,-1,-1,-1,-1,-1,0,-1
2023041360328,2023,041360328,1,9,0,18,19,1,5,0,0,2,0,0,0,0,1,1,2,2,1,21,5,-1,-1,-1,-1,1,E01012724,0,-1
2023201326821,2023,201326821,2,22,0,5,5,4,8,0,0,1,0,0,0,0,1,1,6,6,1,28,6,-1,-1,-1,-1,2,E01010087,0,-1
2023548603023,2023,548603023,1,97,0,18,19,5,1,0,0,0,1,0,0,0,0,1,6,6,1,80,11,-1,-1,-1,-1,7,E01016297,0,-1
2023122301109,2023,122301109,1,1,0,14,14,5,2,0,0,0,0,0,0,0,3,1,6,6,2,46,8,-1,-1,-1,-1,10,E01013357,0,-1
2023170L40673,2023,170L40673,1,9,0,18,19,2,6,0,0,1,0,0,0,0,1,1,6,6,1,28,6,-1,-1,-1,-1,-1,-1,0,-1
2023010421729,2023,010421729,1,1,0,9,9,1,6,0,0,8,0,0,0,0,3,1,2,2,1,32,6,-1,-1,-1,-1,9,E01001096,0,-1
2023010483114,2023,010483114,1,9,0,18,19,5,1,0,0,1,0,0,0,0,1,1,6,6,1,-1,-1,-1,-1,-1,-1,-1,-1,0,-1
2023122400002,2023,122400002,1,9,0,14,14,3,7,0,0,1,0,0,0,0,4,1,2,2,2,21,5,-1,-1,-1,-1,7,E01013401,0,-1
2023052300660,2023,052300660,2,1,0,18,19,5,1,0,0,3,0,0,0,0,4,1,6,6,1,65,9,-1,-1,-1,-1,10,E01006583,0,-1
2023131285607,2023,131285607,1,9,0,-1,-1,-1,-1,-1,-1,8,-1,-1,-1,0,-1,1,6,6,3,-1,-1,-1,-1,-1,-1,-1,-1,0,-1
2023430374057,2023,430374057,1,1,0,14,14,4,8,0,0,8,0,0,0,0,1,1,1,1,1,35,6,-1,-1,-1,-1,3,E01016382,0,-1
2023010475254,2023,010475254,1,23,0,18,19,1,5,0,0,1,2,0,0,0,3,1,2,2,1,58,9,-1,-1,-1,-1,-1,-1,0,-1
2023351316467,2023,351316467,1,98,0,18,19,1,5,0,0,0,0,0,0,0,0,1,1,1,1,27,6,-1,-1,-1,-1,2,E01015592,0,-1
2023471283640,2023,471283640,2,1,0,9,9,6,2,0,0,1,0,0,0,0,1,1,1,1,1,19,4,-1,-1,-1,-1,4,E01031433,0,-1
2023052302214,2023,052302214,1,1,0,18,19,5,1,0,0,1,0,0,0,0,1,1,6,6,1,-1,-1,-1,-1,-1,-1,-1,-1,0,-1
2023522301300,2023,522301300,2,1,0,18,19,3,7,0,0,8,0,0,0,0,1,1,6,6,2,30,6,-1,-1,-1,-1,4,E01014576,0,-1
2023041403709,2023,041403709,2,1,0,18,19,1,5,0,0,1,0,0,0,0,1,1,5,6,1,22,5,-1,-1,-1,-1,1,E01012643,0,-1
2023451299932,2023,451299932,1,1,0,18,19,1,5,0,0,1,0,0,0,0,3,1,4,7,1,11,3,-1,-1,-1,-1,5,E01030743,0,-1
2023320418055,2023,320418055,1,9,0,13,13,7,3,0,0,0,0,0,0,0,3,1,6,6,3,-1,-1,-1,-1,-1,-1,-1,-1,0,-1
2023201339250,2023,201339250,1,9,0,18,19,2,6,0,0,0,0,0,0,0,1,1,6,6,3,30,6,-1,-1,-1,-1,-1,-1,0,-1
2023211349016,2023,211349016,1,8,0,18,19,5,1,0,0,1,0,0,0,0,1,1,1,1,1,41,7,-1,-1,-1,-1,4,E01014245,0,-1
2023211333242,2023,211333242,2,9,0,5,5,2,1,0,0,3,0,0,0,0,1,1,5,6,2,57,9,-1,-1,-1,-1,9,E01029422,0,-1
2023221359641,2023,221359641,2,1,0,18,19,2,6,0,0,0,0,0,0,0,4,1,4,7,1,12,3,-1,-1,-1,-1,3,E01032131,0,-1
2023122301295,2023,122301295,1,1,0,18,19,8,6,0,0,8,0,0,0,0,2,1,2,2,1,28,6,-1,-1,-1,-1,3,E01013416,0,-1
2023010466349,2023,010466349,1,9,0,18,19,8,4,0,0,1,0,0,0,0,0,1,1,1,1,30,6,-1,-1,-1,-1,3,E01002030,0,-1
2023010433891,2023,010433891,1,1,9,99,99,9,9,99,99,9,9,99,9,99,9,1,2,2,1,54,8,-1,-1,-1,-1,4,E01004538,0,-1
2023010443480,2023,010443480,2,9,0,99,99,9,9,99,99,9,9,99,9,99,1,9,6,6,3,-1,-1,-1,-1,-1,-1,-1,-1,0,-1
202363A036623,2023,63A036623,2,1,0,9,9,1,6,0,0,6,0,0,0,0,3,1,6,6,2,-1,-1,-1,-1,-1,-1,-1,-1,0,-1
2023031299967,2023,031299967,1,9,0,18,19,1,5,0,0,0,0,0,0,0,1,1,2,2,1,25,5,-1,-1,-1,-1,6,E01019336,0,-1
2023201384382,2023,201384382,1,9,0,18,19,5,1,0,0,0,0,0,0,0,4,1,6,6,1,25,5,-1,-1,-1,-1,-1,-1,0,-1
2023010483438,2023,010483438,1,9,0,99,99,9,9,99,99,9,9,99,9,99,9,9,6,6,3,-1,-1,-1,-1,-1,-1,-1,-1,0,-1
2023131344702,2023,131344702,1,9,0,-1,-1,7,3,-1,-1,0,-1,-1,-1,-1,-1,1,6,6,3,-1,-1,-1,-1,-1,-1,-1,-1,0,-1
2023610025523,2023,610025523,2,9,0,18,19,5,1,0,0,0,0,0,0,0,0,1,6,6,3,-1,-1,-1,-1,-1,-1,-1,-1,0,-1
2023061371233,2023,061371233,2,9,-1,-1,-1,-1,-1,-1,-1,0,-1,-1,-1,0,-1,1,6,6,3,26,6,-1,-1,-1,-1,3,E01005332,0,-1
2023311277878,2023,311277878,1,9,0,9,9,7,5,0,0,8,0,0,0,0,1,1,6,6,1,40,7,-1,-1,-1,-1,-1,-1,0,-1
2023340WN3872,2023,340WN3872,2,21,0,4,4,5,1,0,0,0,0,0,0,0,2,1,1,1,1,50,8,-1,-1,-1,-1,-1,-1,0,-1
2023010476766,2023,010476766,2,9,0,18,19,5,1,0,0,8,0,0,0,0,1,1,6,6,3,-1,-1,-1,-1,-1,-1,-1,-1,0,-1
2023461381680,2023,461381680,3,9,0,18,19,7,3,0,0,8,0,0,0,0,1,1,2,2,1,27,6,-1,-1,-1,-1,9,E01024213,0,-1
2023010469857,2023,010469857,1,1,9,99,99,9,9,99,99,9,9,99,9,99,9,1,2,2,1,46,8,-1,-1,-1,-1,7,E01001583,0,-1
2023161352148,2023,161352148,2,23,0,18,19,1,5,0,0,1,0,0,0,0,1,1,6,6,1,17,4,-1,-1,-1,-1,8,E01013166,0,-1
2023010433196,2023,010433196,1,1,9,99,99,9,9,99,99,1,9,99,9,99,2,1,6,6,1,43,7,-1,-1,-1,-1,2,E01000221,0,-1
2023010463951,2023,010463951,2,9,0,99,99,9,9,99,99,9,9,99,9,99,1,9,6,6,3,23,5,-1,-1,-1,-1,8,E01023732,0,-1
2023131261694,2023,131261694,1,98,0,-1,-1,-1,-1,-1,-1,0,-1,-1,-1,-1,-1,1,6,6,3,-1,-1,-1,-1,-1,-1,-1,-1,0,-1
2023010448296,2023,010448296,1,1,9,99,99,9,9,99,99,0,9,99,9,99,0,1,1,1,3,40,7,-1,-1,-1,-1,3,E01003522,0,-1
202354D640823,2023,54D640823,2,9,0,18,19,8,4,0,0,0,0,0,0,0,4,1,6,6,1,49,8,-1,-1,-1,-1,-1,-1,0,-1
2023411359690,2023,411359690,2,1,0,18,19,-1,-1,0,0,8,0,0,0,0,1,1,2,2,1,23,5,-1,-1,-1,-1,8,E01023879,0,-1
2023991283017,2023,991283017,1,9,0,18,19,5,1,0,0,0,0,0,0,0,4,1,1,1,1,38,7,-1,-1,-1,-1,4,-1,0,-1
2023010466592,2023,010466592,1,19,9,99,99,9,9,99,99,9,9,99,9,99,9,9,6,6,1,39,7,-1,-1,-1,-1,-1,-1,0,-1
2023010422423,2023,010422423,2,98,0,99,99,9,9,0,0,0,0,0,0,0,9,9,6,6,3,-1,-1,-1,-1,-1,-1,-1,-1,0,-1
2023161372603,2023,161372603,1,1,0,18,19,7,3,0,0,8,0,0,0,0,4,1,6,6,2,66,10,-1,-1,-1,-1,3,E01012899,0,-1
2023201366776,2023,201366776,1,1,0,14,14,8,4,0,0,0,0,0,0,0,1,1,6,6,1,39,7,-1,-1,-1,-1,1,E01010455,0,-1
2023010420881,2023,010420881,2,9,9,99,99,9,9,99,99,9,9,99,9,99,9,9,6,6,3,-1,-1,-1,-1,-1,-1,-1,-1,0,-1
2023131380085,2023,131380085,1,9,0,18,19,1,5,0,0,0,0,0,0,0,1,1,6,6,1,48,8,-1,-1,-1,-1,1,E01010843,0,-1
2023170L20683,2023,170L20683,2,1,0,18,19,8,4,0,0,6,0,0,0,0,1,1,6,6,1,18,4,-1,-1,-1,-1,1,E01012075,0,-1
2023131328808,2023,131328808,1,11,0,-1,-1,-1,-1,-1,-1,-1,-1,-1,-1,-1,-1,1,1,1,3,-1,-1,-1,-1,-1,-1,-1,-1,0,-1
2023041366718,2023,041366718,1,9,0,5,5,1,3,0,0,6,0,0,0,0,1,1,6,6,3,-1,-1,-1,-1,-1,-1,-1,-1,0,-1
2023061347746,2023,061347746,2,1,0,18,19,7,3,0,0,8,0,0,0,0,1,1,5,6,2,28,6,-1,-1,-1,-1,1,E01005638,0,-1
2023302300893,2023,302300893,1,9,0,5,5,8,2,0,0,4,0,0,0,0,1,1,6,6,1,-1,-1,-1,-1,-1,-1,1,E01013486,0,-1
2023302300653,2023,302300653,1,9,0,18,19,2,6,0,0,0,0,0,0,0,1,1,6,6,1,36,7,-1,-1,-1,-1,10,E01013461,0,-1
2023351314221,2023,351314221,1,98,0,18,19,3,7,0,0,0,0,0,0,0,1,1,6,6,3,-1,-1,-1,-1,-1,-1,-1,-1,0,-1
2023010448943,2023,010448943,1,1,0,18,19,1,5,0,0,8,0,0,0,0,9,1,6,6,1,-1,-1,-1,-1,-1,-1,-1,-1,0,-1
2023010468437,2023,010468437,1,9,0,99,99,9,9,0,0,9,0,0,0,0,9,9,6,6,3,-1,-1,-1,-1,-1,-1,-1,-1,0,-1
2023041291392,2023,041291392,1,9,0,18,19,-1,-1,0,0,4,0,0,0,0,1,1,6,6,3,-1,-1,-1,-1,-1,-1,-1,-1,0,-1
2023430420377,2023,430420377,1,9,0,18,19,3,7,0,0,8,1,0,0,0,0,1,6,6,1,74,10,-1,-1,-1,-1,3,E01016498,0,-1
2023221295246,2023,221295246,2,1,0,18,19,8,4,0,0,8,0,0,0,0,3,1,5,6,1,62,9,-1,-1,-1,-1,7,E01014092,0,-1
2023010465832,2023,010465832,1,23,0,7,7,1,4,0,0,1,0,10,3,1,1,1,2,2,1,21,5,-1,-1,-1,-1,3,E01002862,0,-1
2023010447371,2023,010447371,1,1,0,18,19,1,5,0,0,1,0,0,0,0,1,1,6,6,1,34,6,-1,-1,-1,-1,3,E01003430,0,-1
2023061332193,2023,061332193,1,3,0,5,5,1,5,0,0,1,0,0,0,0,1,1,5,6,1,27,6,-1,-1,-1,-1,1,E01004926,0,-1
2023201361997,2023,201361997,4,9,0,18,19,4,8,0,0,0,0,0,0,0,0,1,1,1,1,-1,-1,-1,-1,-1,-1,-1,-1,0,-1
2023161368303,2023,161368303,2,1,0,18,19,2,6,0,0,0,0,0,1,0,2,1,5,6,1,56,9,-1,-1,-1,-1,6,E01013169,0,-1
202360A158750,2023,60A158750,1,9,0,18,19,4,8,0,0,0,0,0,0,0,4,1,6,6,3,-1,-1,-1,-1,-1,-1,-1,-1,0,-1
2023010478960,2023,010478960,1,1,9,99,99,9,9,99,99,0,9,99,9,99,9,1,6,6,1,29,6,-1,-1,-1,-1,-1,-1,0,-1
2023440375740,2023,440375740,1,1,0,18,19,8,4,0,0,1,0,0,0,0,1,1,6,6,1,41,7,-1,-1,-1,-1,4,E01017071,0,-1
2023101328825,2023,101328825,2,23,0,18,19,1,5,0,0,8,1,0,0,0,1,1,6,6,1,23,5,-1,-1,-1,-1,4,E01008711,0,-1
2023122300755,2023,122300755,1,4,0,17,19,7,3,0,0,0,0,0,0,0,0,1,6,6,3,-1,-1,-1,-1,-1,-1,-1,-1,0,-1
202360A192610,2023,60A192610,2,1,0,2,2,0,0,0,0,0,0,0,1,0,1,1,6,6,1,51,8,-1,-1,-1,-1,-1,-1,0,-1
2023010462965,2023,010462965,1,1,9,99,99,9,9,99,99,9,9,99,9,99,9,1,2,2,2,31,6,-1,-1,-1,-1,1,E01003503,0,-1
2023340NN4582,2023,340NN4582,1,9,0,18,19,7,3,0,0,2,0,0,0,0,1,1,6,6,3,-1,-1,-1,-1,-1,-1,-1,-1,0,-1
2023131328773,2023,131328773,2,1,0,18,19,5,1,0,0,1,0,0,0,0,1,1,5,6,1,12,3,-1,-1,-1,-1,1,E01011792,0,-1
2023430555273,2023,430555273,2,1,0,9,9,8,5,0,0,8,0,0,0,0,1,1,6,6,2,60,9,-1,-1,-1,-1,6,E01016310,0,-1
2023010421242,2023,010421242,2,1,0,5,5,3,7,0,0,8,0,0,0,0,1,1,6,6,1,15,3,-1,-1,-1,-1,1,E01004710,0,-1
2023411384236,2023,411384236,2,9,0,18,19,7,3,0,0,3,0,0,0,0,4,1,5,6,1,61,9,-1,-1,-1,-1,6,E01023583,0,-1
2023451421202,2023,451421202,3,9,0,2,2,1,1,9,9,1,0,0,0,0,2,1,6,6,3,-1,-1,-1,-1,-1,-1,-1,-1,0,-1
2023010471548,2023,010471548,2,9,0,99,99,9,9,99,99,9,9,99,9,99,9,9,6,6,3,-1,-1,-1,-1,-1,-1,-1,-1,0,-1
2023522400231,2023,522400231,2,9,0,1,1,7,3,0,0,1,0,0,0,0,2,1,6,6,2,-1,-1,-1,-1,-1,-1,6,E01014539,0,-1
2023430409322,2023,430409322,2,1,0,18,19,3,7,0,0,1,0,0,0,0,4,1,4,7,1,13,3,-1,-1,-1,-1,3,E01017654,0,-1
2023010426404,2023,010426404,2,17,4,18,19,7,3,0,0,0,0,0,0,0,4,1,1,1,1,41,7,-1,-1,-1,-1,2,E01029131,0,-1
2023361366609,2023,361366609,2,1,0,10,10,8,5,0,0,1,0,0,0,0,1,1,1,1,1,50,8,-1,-1,-1,-1,5,E01026440,0,-1
2023440247539,2023,440247539,1,1,0,18,19,4,8,0,0,0,0,0,0,0,0,1,6,6,1,44,7,-1,-1,-1,-1,6,E01017212,0,-1
2023201360204,2023,201360204,2,1,0,18,19,8,4,0,0,1,0,0,0,0,1,1,6,6,1,37,7,-1,-1,-1,-1,8,E01033255,0,-1
2023501305454,2023,501305454,2,1,0,18,19,8,4,0,0,1,5,0,0,0,1,1,6,6,1,68,10,-1,-1,-1,-1,4,E01018829,0,-1
2023520300796,2023,520300796,2,9,0,18,19,2,8,0,0,8,0,0,0,0,1,1,6,6,2,30,6,-1,-1,-1,-1,5,E01032113,0,-1
2023010456802,2023,010456802,2,-1,0,18,19,7,3,0,0,8,0,0,0,0,1,1,6,6,1,16,4,-1,-1,-1,-1,2,E01004011,1,-1
2023351339961,2023,351339961,2,1,0,4,4,-1,-1,0,0,0,0,0,0,0,1,1,6,6,1,23,5,-1,-1,-1,-1,7,E01017980,0,-1
2023543639523,2023,543639523,1,19,0,18,19,3,7,0,0,1,0,0,0,0,1,1,6,6,3,-1,-1,-1,-1,-1,-1,-1,-1,0,-1
2023440351595,2023,440351595,1,-1,0,18,19,6,2,0,0,1,0,0,0,0,0,1,6,6,1,26,6,-1,-1,-1,-1,6,E01016332,1,-1
2023361359636,2023,361359636,1,1,0,7,7,2,7,0,0,0,1,0,0,0,1,1,6,6,1,13,3,-1,-1,-1,-1,9,E01026570,0,-1
2023061416772,2023,061416772,1,9,0,4,4,3,7,0,0,0,0,0,0,0,1,1,6,6,3,-1,-1,-1,-1,-1,-1,-1,-1,0,-1
2023161351755,2023,161351755,1,9,0,18,19,1,5,0,0,0,0,0,0,0,1,1,6,6,2,42,7,-1,-1,-1,-1,2,E01013283,0,-1
2023461262652,2023,461262652,2,9,0,3,3,1,5,0,0,1,0,0,0,0,2,1,6,6,1,33,6,-1,-1,-1,-1,4,E01024111,0,-1
2023010459669,2023,010459669,1,1,9,99,99,9,9,99,99,9,9,99,9,99,9,1,6,6,1,28,6,-1,-1,-1,-1,4,E01002000,0,-1
2023451383478,2023,451383478,1,9,0,4,4,3,7,0,0,0,0,0,0,0,2,1,2,2,1,42,7,-1,-1,-1,-1,3,E01003235,0,-1
2023451291449,2023,451291449,2,9,0,1,1,5,1,0,0,0,0,0,0,0,2,1,6,6,3,45,7,-1,-1,-1,-1,-1,-1,0,-1
2023131350957,2023,131350957,2,1,0,18,19,1,5,0,0,1,0,0,0,0,1,1,5,6,1,10,2,-1,-1,-1,-1,1,E01033697,0,-1
2023991278431,2023,991278431,2,9,0,18,19,8,5,0,0,0,0,11,0,0,3,1,1,1,1,56,9,-1,-1,-1,-1,3,-1,0,-1
2023010445851,2023,010445851,1,1,9,99,99,9,9,99,99,9,9,99,9,99,9,1,6,6,3,33,6,-1,-1,-1,-1,8,E01002864,0,-1
2023320192338,2023,320192338,1,9,0,7,7,6,8,0,0,6,0,0,0,0,1,1,6,6,1,-1,-1,-1,-1,-1,-1,-1,-1,0,-1
2023041340460,2023,041340460,1,-1,0,18,19,5,1,0,0,1,0,0,0,0,1,1,6,6,1,8,2,-1,-1,-1,-1,2,E01025091,1,-1
2023340WN4302,2023,340WN4302,3,9,0,4,4,3,7,0,0,0,0,0,0,0,2,1,6,6,3,-1,-1,-1,-1,-1,-1,-1,-1,0,-1
2023101392744,2023,101392744,1,9,0,18,19,6,2,0,0,0,0,0,0,0,0,1,6,6,3,-1,-1,-1,-1,-1,-1,-1,-1,0,-1
2023010446406,2023,010446406,2,9,0,5,5,3,7,0,0,8,0,0,0,0,2,1,6,6,3,-1,-1,-1,-1,-1,-1,-1,-1,0,-1
2023430215752,2023,430215752,1,9,0,18,19,2,6,0,0,0,0,0,5,6,1,1,6,6,1,47,8,-1,-1,-1,-1,-1,-1,0,-1
2023010470706,2023,010470706,1,9,0,18,19,3,7,0,0,8,5,0,0,0,1,1,6,6,1,63,9,-1,-1,-1,-1,-1,-1,0,-1