collision_index,collision_year,collision_ref_no,vehicle_reference,vehicle_type,towing_and_articulation,vehicle_manoeuvre_historic,vehicle_manoeuvre,vehicle_direction_from,vehicle_direction_to,vehicle_location_restricted_lane_historic,vehicle_location_restricted_lane,junction_location,skidding_and_overturning,hit_object_in_carriageway,vehicle_leaving_carriageway,hit_object_off_carriageway,first_point_of_impact,vehicle_left_hand_drive,journey_purpose_of_driver_historic,journey_purpose_of_driver,sex_of_driver,age_of_driver,age_band_of_driver,engine_capacity_cc,propulsion_code,age_of_vehicle,generic_make_model,driver_imd_decile,lsoa_of_driver,escooter_flag,driver_distance_banding
2023131391894,2023,131391894,1,9,0,16,19,3,5,9,9,0,0,0,1,0,1,1,6,6,2,21,5,-1,-1,-1,-1,7,E01011142,0,-1
2023471355515,2023,471355515,2,-1,0,5,5,5,1,0,0,8,0,0,0,0,4,1,2,2,1,38,7,-1,-1,-1,-1,10,E01031684,1,-1
2023320159096,2023,320159096,2,1,0,18,19,8,4,0,0,4,0,0,0,0,2,1,6,6,1,66,10,-1,-1,-1,-1,1,E01026383,0,-1
2023201376263,2023,201376263,2,9,0,18,19,1,5,0,0,8,0,0,0,0,1,1,6,6,2,32,6,-1,-1,-1,-1,1,E01009413,0,-1
2023610008923,2023,610008923,2,1,0,18,19,1,5,0,0,8,0,0,0,0,1,1,6,6,1,11,3,-1,-1,-1,-1,4,W01001622,0,-1
2023010473770,2023,010473770,2,-1,9,18,19,1,5,99,99,9,9,99,9,99,9,9,6,6,3,-1,-1,-1,-1,-1,-1,2,E01000184,1,-1
2023522324525,2023,522324525,1,1,0,18,19,1,5,0,0,0,1,0,0,0,9,1,6,6,1,31,6,-1,-1,-1,-1,4,E01014488,0,-1
2023122300207,2023,122300207,1,1,0,7,7,6,8,0,0,1,0,0,0,0,0,1,6,6,2,48,8,-1,-1,-1,-1,8,E01013392,0,-1
2023351391257,2023,351391257,1,9,0,18,19,7,3,0,0,0,9,0,5,0,3,1,6,6,3,-1,-1,-1,-1,-1,-1,-1,-1,0,-1
2023010431403,2023,010431403,1,1,0,99,99,9,9,0,0,0,0,99,0,0,9,1,6,6,3,32,6,-1,-1,-1,-1,6,E01000304,0,-1
2023111353501,2023,111353501,1,11,0,13,13,6,2,0,0,0,0,0,0,0,3,1,1,1,3,30,6,-1,-1,-1,-1,7,E01020854,0,-1
2023451333705,2023,451333705,1,98,0,18,19,3,7,0,0,1,0,0,0,0,1,1,1,1,1,33,6,-1,-1,-1,-1,2,E01000014,0,-1
2023320068167,2023,320068167,2,1,0,18,19,8,4,0,0,8,0,0,0,0,1,1,6,6,1,72,10,-1,-1,-1,-1,2,E01026378,0,-1
2023461374300,2023,461374300,1,1,0,18,19,1,5,0,0,0,0,0,0,0,1,1,6,6,1,31,6,-1,-1,-1,-1,2,E01024020,0,-1
2023991378019,2023,991378019,3,1,0,18,19,2,6,0,0,0,0,0,1,0,2,1,5,6,2,49,8,-1,-1,-1,-1,5,-1,0,-1
2023531342784,2023,531342784,2,1,0,18,19,7,3,0,0,8,0,0,0,0,1,1,5,6,2,60,9,-1,-1,-1,-1,6,E01022410,0,-1
2023430051172,2023,430051172,2,9,0,18,19,4,8,0,0,8,1,0,0,0,1,1,6,6,2,54,8,-1,-1,-1,-1,7,E01016497,0,-1
2023010442404,2023,010442404,1,1,9,99,99,9,9,99,99,9,9,99,9,99,9,1,6,6,2,50,8,-1,-1,-1,-1,7,E01000842,0,-1
2023061362421,2023,061362421,3,9,0,7,7,4,6,0,0,5,0,0,0,0,0,1,6,6,3,-1,-1,-1,-1,-1,-1,-1,-1,0,-1
2023201284000,2023,201284000,3,98,0,18,19,7,3,0,0,0,0,0,0,0,2,1,6,6,1,-1,-1,-1,-1,-1,-1,3,E01009768,0,-1
2023440113440,2023,440113440,2,1,0,18,19,3,7,0,0,8,0,0,0,0,4,1,1,1,2,58,9,-1,-1,-1,-1,4,E01017203,0,-1
2023421317065,2023,421317065,2,1,0,9,9,2,8,0,0,8,5,0,0,0,1,1,6,6,2,58,9,-1,-1,-1,-1,2,E01021667,0,-1
2023010477937,2023,010477937,2,9,0,99,99,9,9,99,99,0,9,99,9,99,1,9,6,6,3,-1,-1,-1,-1,-1,-1,-1,-1,0,-1
2023010428489,2023,010428489,2,1,0,18,19,5,1,4,4,1,0,0,0,0,2,1,6,6,1,22,5,-1,-1,-1,-1,3,E01002780,0,-1
2023430462879,2023,430462879,1,9,0,18,19,3,7,0,0,1,0,0,0,0,1,1,6,6,1,30,6,-1,-1,-1,-1,-1,-1,0,-1
2023351330456,2023,351330456,1,1,0,-1,-1,5,1,0,0,6,0,0,0,0,1,1,5,6,2,20,4,-1,-1,-1,-1,10,E01017986,0,-1
2023201408283,2023,201408283,1,9,0,12,12,3,7,0,0,0,0,0,0,0,1,1,6,6,3,-1,-1,-1,-1,-1,-1,-1,-1,0,-1
2023131271096,2023,131271096,2,1,0,18,19,6,2,0,0,8,0,0,0,0,4,1,5,6,2,48,8,-1,-1,-1,-1,3,E01011944,0,-1
202363D034123,2023,63D034123,1,9,0,18,19,7,4,0,0,6,0,0,5,10,1,1,6,6,1,80,11,-1,-1,-1,-1,-1,-1,0,-1
2023131304955,2023,131304955,3,9,0,11,11,5,1,0,0,1,0,0,0,0,-1,1,6,6,3,-1,-1,-1,-1,-1,-1,-1,-1,0,-1
2023421281360,2023,421281360,1,9,0,9,9,3,2,0,0,2,0,0,0,0,1,1,6,6,3,-1,-1,-1,-1,-1,-1,-1,-1,0,-1
2023991304911,2023,991304911,2,97,0,7,7,3,6,0,0,1,5,0,0,0,1,1,6,6,2,6,2,-1,-1,-1,-1,1,-1,0,-1
2023522400354,2023,522400354,1,19,0,18,19,9,9,0,0,0,0,0,0,0,4,1,6,6,1,-1,-1,-1,-1,-1,-1,-1,-1,0,-1
2023041277970,2023,041277970,3,97,0,18,19,5,1,0,0,0,0,0,0,0,2,1,2,2,1,28,6,-1,-1,-1,-1,2,E01012745,0,-1
2023320074983,2023,320074983,1,9,0,18,19,6,2,0,0,1,0,0,7,3,1,1,6,6,1,80,11,-1,-1,-1,-1,-1,-1,0,-1
2023010421401,2023,010421401,1,9,9,99,99,9,9,99,99,9,9,99,9,99,9,9,6,6,3,-1,-1,-1,-1,-1,-1,-1,-1,0,-1
2023010481001,2023,010481001,1,19,0,5,5,0,1,9,9,0,0,0,0,0,1,1,6,6,1,33,6,-1,-1,-1,-1,-1,-1,0,-1
2023622300918,2023,622300918,2,8,0,18,19,7,4,0,0,8,0,0,0,0,1,1,6,6,1,37,7,-1,-1,-1,-1,9,W01001127,0,-1
2023010465119,2023,010465119,2,22,0,18,19,3,7,0,0,1,0,0,0,0,1,1,6,6,2,67,10,-1,-1,-1,-1,4,E01003412,0,-1
2023010480439,2023,010480439,2,9,0,99,99,9,9,99,99,9,9,99,9,99,9,9,6,6,3,-1,-1,-1,-1,-1,-1,-1,-1,0,-1
2023440392477,2023,440392477,1,1,0,18,19,4,8,0,0,1,0,0,0,0,1,1,6,6,1,20,4,-1,-1,-1,-1,6,E01022548,0,-1
2023471302110,2023,471302110,1,1,0,18,19,7,3,0,0,1,5,0,0,0,1,1,2,2,1,26,6,-1,-1,-1,-1,6,E01016912,0,-1
2023070280312,2023,070280312,2,1,0,9,9,7,5,0,0,8,0,0,0,0,4,1,2,2,1,50,8,-1,-1,-1,-1,3,E01012497,0,-1
2023010437662,2023,010437662,1,9,0,99,99,9,9,99,99,9,9,99,9,99,9,9,6,6,3,-1,-1,-1,-1,-1,-1,-1,-1,0,-1
2023052302405,2023,052302405,1,-1,0,18,19,5,1,0,0,6,0,0,0,0,1,1,6,6,1,49,8,-1,-1,-1,-1,3,E01006838,1,-1
2023010438091,2023,010438091,1,1,9,99,99,9,9,99,99,0,9,99,9,99,9,1,3,7,1,16,4,-1,-1,-1,-1,3,E01001938,0,-1
2023010449209,2023,010449209,2,1,0,18,19,6,2,0,0,1,0,0,0,0,1,1,6,6,2,23,5,-1,-1,-1,-1,10,E01018256,0,-1
2023061349550,2023,061349550,1,3,0,17,19,6,3,0,0,2,5,4,0,0,1,1,5,6,1,31,6,-1,-1,-1,-1,-1,-1,0,-1
2023010459086,2023,010459086,2,1,0,18,19,8,4,0,0,0,0,0,0,0,1,1,6,6,1,17,4,-1,-1,-1,-1,2,E01004237,0,-1
2023170L30453,2023,170L30453,1,9,0,4,4,2,6,0,0,0,0,0,0,0,0,1,6,6,3,-1,-1,-1,-1,-1,-1,-1,-1,0,-1
2023010422826,2023,010422826,1,19,0,18,19,1,5,0,0,1,0,10,0,0,1,1,6,6,1,49,8,-1,-1,-1,-1,6,E01001451,0,-1
2023010427753,2023,010427753,1,9,0,99,99,9,9,99,99,9,9,99,9,99,9,9,6,6,3,-1,-1,-1,-1,-1,-1,-1,-1,0,-1
2023161349621,2023,161349621,1,1,0,18,19,6,3,0,0,2,0,0,0,0,4,1,5,6,2,61,9,-1,-1,-1,-1,3,E01012860,0,-1
2023161352296,2023,161352296,2,1,0,9,9,2,8,0,0,2,0,0,0,0,3,1,6,6,1,28,6,-1,-1,-1,-1,2,E01013202,0,-1
2023430397238,2023,430397238,2,9,0,4,4,1,4,0,0,1,0,0,0,0,2,1,6,6,2,-1,-1,-1,-1,-1,-1,-1,-1,0,-1
2023041341618,2023,041341618,2,9,0,18,19,1,5,0,0,1,0,0,0,0,2,1,5,6,1,45,7,-1,-1,-1,-1,4,E01025119,0,-1
2023461314022,2023,461314022,3,19,0,4,4,3,7,0,0,0,0,0,0,0,2,1,2,2,1,61,9,-1,-1,-1,-1,3,E01002279,0,-1
2023631315508,2023,631315508,2,1,0,16,19,2,5,0,0,0,1,0,0,0,1,1,5,6,1,59,9,-1,-1,-1,-1,5,W01000617,0,-1
2023052300358,2023,052300358,1,8,0,18,19,7,3,0,0,0,0,0,0,0,1,1,1,1,3,-1,-1,-1,-1,-1,-1,-1,-1,0,-1
2023622300274,2023,622300274,2,-1,0,11,11,6,2,0,0,0,1,0,0,0,4,1,6,6,2,16,4,-1,-1,-1,-1,1,W01001739,1,-1
2023061368790,2023,061368790,2,1,-1,18,19,1,5,0,0,8,2,0,0,0,3,1,5,6,1,60,9,-1,-1,-1,-1,9,E01006300,0,-1
2023010451413,2023,010451413,1,1,9,99,99,9,9,99,99,9,9,99,9,99,9,1,6,6,1,29,6,-1,-1,-1,-1,2,E01000143,0,-1
2023430263280,2023,430263280,2,1,0,18,19,1,5,0,0,2,0,0,0,0,3,1,6,6,1,34,6,-1,-1,-1,-1,8,E01028488,0,-1
2023302301023,2023,302301023,1,9,0,18,19,3,7,0,0,8,0,0,0,0,1,1,6,6,3,-1,-1,-1,-1,-1,-1,5,E01019456,0,-1
2023010452470,2023,010452470,1,2,0,18,19,5,1,0,0,1,0,0,0,0,1,1,6,6,3,-1,-1,-1,-1,-1,-1,-1,-1,0,-1
2023101269816,2023,101269816,1,1,0,9,9,5,7,0,0,8,1,0,0,0,1,1,6,6,1,20,4,-1,-1,-1,-1,-1,-1,0,-1
2023201283774,2023,201283774,1,9,0,16,19,3,6,0,0,3,0,0,0,0,1,1,6,6,1,-1,-1,-1,-1,-1,-1,-1,-1,0,-1
2023070491037,2023,070491037,2,22,0,18,19,6,2,9,9,8,0,0,0,0,4,1,6,6,2,80,11,-1,-1,-1,-1,2,E01018400,0,-1
2023141319868,2023,141319868,2,98,0,5,5,8,5,0,0,8,0,0,0,0,1,1,1,1,1,-1,-1,-1,-1,-1,-1,3,E01007546,0,-1
2023010458485,2023,010458485,1,1,0,7,7,2,5,0,0,6,0,0,0,0,3,1,6,6,1,14,3,-1,-1,-1,-1,10,E01004599,0,-1
2023471372544,2023,471372544,1,98,0,9,9,2,6,0,0,0,0,0,0,0,3,2,6,6,1,31,6,-1,-1,-1,-1,-1,-1,0,-1
2023471315949,2023,471315949,1,9,0,18,19,3,8,0,0,0,0,0,0,0,1,1,1,1,1,60,9,-1,-1,-1,-1,2,E01020929,0,-1
2023010475000,2023,010475000,1,1,9,99,99,9,9,99,99,9,9,99,9,99,1,1,2,2,1,38,7,-1,-1,-1,-1,6,E01002655,0,-1
2023131312367,2023,131312367,2,1,0,7,7,7,5,0,0,8,0,0,0,0,1,1,1,1,1,24,5,-1,-1,-1,-1,6,E01011451,0,-1
2023071264802,2023,071264802,1,1,0,18,19,5,2,5,5,0,0,0,0,0,1,1,6,6,1,-1,-1,-1,-1,-1,-1,-1,-1,0,-1
2023401266775,2023,401266775,1,9,0,18,19,-1,-1,0,0,8,0,0,0,0,1,1,6,6,3,-1,-1,-1,-1,-1,-1,-1,-1,0,-1
2023440336740,2023,440336740,5,1,0,18,19,7,3,0,0,0,0,0,0,0,1,1,6,6,1,38,7,-1,-1,-1,-1,10,E01022534,0,-1
2023501272499,2023,501272499,1,17,0,18,19,7,3,0,0,0,2,0,2,10,4,1,5,6,1,29,6,-1,-1,-1,-1,5,E01020301,0,-1
2023430359277,2023,430359277,1,9,0,18,19,8,4,0,0,1,0,0,0,0,1,1,6,6,2,45,7,-1,-1,-1,-1,-1,-1,0,-1
2023131354214,2023,131354214,2,9,0,12,12,-1,-1,0,0,0,0,0,7,0,-1,1,6,6,2,99,11,-1,-1,-1,-1,-1,-1,0,-1
2023010468546,2023,010468546,2,9,0,18,19,7,3,0,0,5,0,0,0,0,0,1,6,6,3,-1,-1,-1,-1,-1,-1,-1,-1,0,-1
2023010432351,2023,010432351,2,1,0,5,5,5,1,9,9,6,0,0,0,0,1,1,2,2,2,38,7,-1,-1,-1,-1,2,E01001750,0,-1
2023010442222,2023,010442222,2,9,0,99,99,9,9,99,99,0,9,99,9,99,1,9,6,6,3,-1,-1,-1,-1,-1,-1,3,E01001394,0,-1
2023010424703,2023,010424703,2,9,0,99,99,9,9,99,99,9,9,99,9,99,9,9,6,6,3,-1,-1,-1,-1,-1,-1,-1,-1,0,-1
2023010473193,2023,010473193,2,1,0,18,19,1,5,5,5,1,0,0,0,0,1,1,2,2,2,24,5,-1,-1,-1,-1,4,E01003095,0,-1
2023332301085,2023,332301085,2,1,0,18,19,8,4,0,0,8,0,0,0,0,4,1,6,6,1,21,5,-1,-1,-1,-1,3,E01013697,0,-1
2023351324388,2023,351324388,2,1,0,18,19,1,5,9,9,0,0,0,0,0,1,1,6,6,3,-1,-1,-1,-1,-1,-1,-1,-1,0,-1
2023302300901,2023,302300901,2,-1,0,12,12,2,6,0,0,0,0,0,0,0,3,1,6,6,1,13,3,-1,-1,-1,-1,2,E01013598,1,-1
2023501350941,2023,501350941,1,9,0,18,19,5,1,0,0,0,0,0,0,0,0,1,6,6,3,-1,-1,-1,-1,-1,-1,-1,-1,0,-1
2023010476204,2023,010476204,2,9,9,99,99,9,9,99,99,9,9,99,9,99,9,9,6,6,1,63,9,-1,-1,-1,-1,5,E01003790,0,-1
2023010458817,2023,010458817,1,1,9,99,99,9,9,99,99,9,9,99,9,99,9,1,6,6,1,30,6,-1,-1,-1,-1,2,E01004067,0,-1
2023010428457,2023,010428457,1,1,0,18,19,3,7,5,5,0,0,0,0,0,1,1,2,2,1,35,6,-1,-1,-1,-1,4,E01004401,0,-1
2023351298803,2023,351298803,2,9,0,3,3,1,5,0,0,1,0,0,0,0,2,1,5,6,2,61,9,-1,-1,-1,-1,10,E01018305,0,-1
2023211301322,2023,211301322,2,1,0,18,19,1,3,0,0,0,0,0,0,0,4,1,6,6,1,46,8,-1,-1,-1,-1,2,E01029843,0,-1
2023010466795,2023,010466795,2,9,0,99,99,9,9,99,99,9,9,99,9,99,0,9,6,6,3,-1,-1,-1,-1,-1,-1,-1,-1,0,-1
2023010457010,2023,010457010,1,1,9,99,99,9,9,99,99,9,9,99,9,99,1,1,2,2,1,26,6,-1,-1,-1,-1,2,E01032722,0,-1
2023041381076,2023,041381076,1,1,0,9,9,1,7,0,0,1,0,0,0,0,1,1,6,6,2,60,9,-1,-1,-1,-1,4,E01025113,0,-1
2023461338215,2023,461338215,1,9,0,9,9,4,2,0,0,8,0,0,0,0,3,1,2,2,1,58,9,-1,-1,-1,-1,5,E01024254,0,-1
2023430089373,2023,430089373,2,9,0,18,19,8,4,0,0,2,0,0,0,0,1,1,6,6,1,-1,-1,-1,-1,-1,-1,-1,-1,0,-1
2023052302387,2023,052302387,1,1,0,18,19,8,4,0,0,8,0,0,0,0,4,1,6,6,1,15,3,-1,-1,-1,-1,8,E01006525,0,-1
2023544134823,2023,544134823,2,9,0,18,19,3,5,0,0,0,0,0,0,0,3,1,6,6,2,33,6,-1,-1,-1,-1,8,E01031988,0,-1
2023010493660,2023,010493660,2,9,0,99,99,9,9,0,0,1,9,0,0,0,9,1,6,6,3,-1,-1,-1,-1,-1,-1,-1,-1,0,-1
2023451337554,2023,451337554,2,1,0,18,19,5,1,0,0,0,0,0,0,0,1,1,5,6,2,52,8,-1,-1,-1,-1,8,E01030666,0,-1
2023041261297,2023,041261297,2,1,0,18,19,3,5,0,0,1,0,0,0,0,4,1,5,6,1,52,8,-1,-1,-1,-1,6,E01025568,0,-1
2023010449857,2023,010449857,2,9,0,99,99,9,9,99,99,9,9,99,9,99,2,9,6,6,3,-1,-1,-1,-1,-1,-1,-1,-1,0,-1
2023010477100,2023,010477100,1,1,9,99,99,9,9,99,99,8,9,99,9,99,9,1,6,6,1,38,7,-1,-1,-1,-1,5,E01000615,0,-1
2023351345491,2023,351345491,2,9,0,2,2,0,0,0,0,0,0,0,0,0,2,1,6,6,3,-1,-1,-1,-1,-1,-1,-1,-1,0,-1
2023201307816,2023,201307816,1,-1,0,18,19,7,3,0,0,1,0,0,0,0,1,1,6,6,1,16,4,-1,-1,-1,-1,1,E01010274,1,-1
2023010457005,2023,010457005,2,1,0,15,15,1,5,0,0,1,0,10,0,0,4,1,6,6,1,61,9,-1,-1,-1,-1,6,E01004608,0,-1
2023161351813,2023,161351813,2,1,0,18,19,3,7,0,0,0,0,0,0,0,1,1,2,2,1,19,4,-1,-1,-1,-1,-1,-1,0,-1
2023520301694,2023,520301694,2,9,0,13,13,3,7,0,0,0,0,0,0,0,4,1,6,6,3,-1,-1,-1,-1,-1,-1,-1,-1,0,-1
2023340NN0422,2023,340NN0422,2,9,0,18,19,7,3,0,0,1,0,0,0,0,1,1,6,6,3,-1,-1,-1,-1,-1,-1,-1,-1,0,-1
2023471350769,2023,471350769,2,1,0,12,12,8,4,0,0,0,0,0,0,0,2,1,6,6,1,-1,-1,-1,-1,-1,-1,-1,-1,0,-1
2023101390237,2023,101390237,2,1,0,18,19,7,3,0,0,1,0,0,0,0,4,1,2,2,1,54,8,-1,-1,-1,-1,4,E01008451,0,-1
2023361357855,2023,361357855,1,97,0,18,19,7,3,9,9,2,0,0,1,0,1,1,6,6,3,-1,-1,-1,-1,-1,-1,-1,-1,0,-1
2023302301797,2023,302301797,2,9,0,17,19,8,6,0,0,0,0,0,0,0,1,1,3,7,1,64,9,-1,-1,-1,-1,6,E01019873,0,-1
2023440362889,2023,440362889,2,1,0,18,19,5,1,0,0,4,0,0,0,0,3,1,6,6,1,62,9,-1,-1,-1,-1,2,E01022820,0,-1
2023141356369,2023,141356369,2,9,0,18,19,7,3,0,0,0,0,0,0,0,1,1,6,6,3,-1,-1,-1,-1,-1,-1,-1,-1,0,-1
2023610049723,2023,610049723,1,9,0,11,11,3,7,0,0,0,0,0,0,0,1,1,6,6,1,59,9,-1,-1,-1,-1,5,W01001328,0,-1
2023052301695,2023,052301695,1,1,0,18,19,3,7,0,0,0,0,0,0,0,1,1,6,6,1,13,3,-1,-1,-1,-1,3,E01007137,0,-1
2023131290755,2023,131290755,2,1,0,18,19,3,7,4,4,0,0,0,0,0,1,1,1,1,2,30,6,-1,-1,-1,-1,7,E01011569,0,-1
2023471332768,2023,471332768,2,1,0,18,19,5,1,0,0,0,0,0,0,0,2,1,6,6,1,23,5,-1,-1,-1,-1,9,E01031393,0,-1
2023122300405,2023,122300405,2,9,0,18,19,1,5,0,0,0,0,0,0,0,1,1,6,6,1,35,6,-1,-1,-1,-1,6,-1,0,-1
2023421263390,2023,421263390,2,9,0,18,19,5,1,0,0,2,0,0,0,0,1,1,5,6,1,39,7,-1,-1,-1,-1,9,E01021798,0,-1
2023540297023,2023,540297023,2,1,0,18,19,4,8,0,0,3,0,0,0,0,3,1,1,1,1,23,5,-1,-1,-1,-1,2,E01031983,0,-1
2023201278592,2023,201278592,2,9,0,2,2,0,0,0,0,0,0,0,0,0,3,1,6,6,2,25,5,-1,-1,-1,-1,4,E01008997,0,-1
2023451326921,2023,451326921,1,1,0,9,9,5,1,0,0,8,5,0,0,0,3,1,2,2,1,43,7,-1,-1,-1,-1,8,E01030800,0,-1
2023122300130,2023,122300130,2,1,0,12,12,2,6,0,0,0,0,0,0,0,3,1,6,6,1,65,9,-1,-1,-1,-1,2,E01027854,0,-1
2023041349292,2023,041349292,1,9,0,18,19,7,3,0,0,0,1,0,0,0,1,1,5,6,1,43,7,-1,-1,-1,-1,7,E01025078,0,-1
2023161350818,2023,161350818,2,1,0,18,19,2,6,0,0,6,0,0,0,0,1,1,6,6,1,46,8,-1,-1,-1,-1,2,E01012763,0,-1
2023010481396,2023,010481396,2,3,0,3,3,1,5,0,0,1,0,0,0,0,1,1,6,6,2,24,5,-1,-1,-1,-1,2,E01001249,0,-1
2023141266912,2023,141266912,2,9,0,18,19,1,1,0,0,1,0,0,0,0,2,1,5,6,1,42,7,-1,-1,-1,-1,2,E01007590,0,-1
2023430209274,2023,430209274,2,9,0,18,19,4,8,0,0,8,0,0,0,0,1,1,6,6,1,46,8,-1,-1,-1,-1,-1,-1,0,-1
2023010455219,2023,010455219,2,1,0,18,19,3,7,0,0,1,0,0,0,0,4,1,2,2,1,70,10,-1,-1,-1,-1,6,E01004107,0,-1
2023010436387,2023,010436387,2,8,0,99,99,9,9,0,0,1,0,0,0,0,1,1,6,6,3,-1,-1,-1,-1,-1,-1,-1,-1,0,-1
2023010424718,2023,010424718,1,1,9,99,99,9,9,99,99,9,9,99,9,99,1,1,2,2,1,30,6,-1,-1,-1,-1,3,E01003177,0,-1
2023351298968,2023,351298968,2,1,0,18,19,3,7,0,0,1,0,0,0,0,1,1,6,6,1,55,8,-1,-1,-1,-1,2,E01015601,0,-1
2023549574423,2023,549574423,2,9,0,18,19,6,3,0,0,8,0,0,0,0,1,1,6,6,1,31,6,-1,-1,-1,-1,10,E01010170,0,-1
2023201342130,2023,201342130,2,1,0,5,5,1,5,0,0,0,0,0,0,0,3,1,6,6,1,16,4,-1,-1,-1,-1,2,E01009225,0,-1
2023411311345,2023,411311345,2,1,0,18,19,1,5,0,0,1,0,0,0,0,1,1,1,1,1,41,7,-1,-1,-1,-1,7,E01023328,0,-1
2023010473398,2023,010473398,2,-1,0,18,19,1,5,0,0,1,5,0,0,0,1,1,6,6,2,37,7,-1,-1,-1,-1,5,E01000571,1,-1
2023332300272,2023,332300272,1,9,0,18,19,2,6,0,0,0,0,0,0,0,1,1,6,6,1,19,4,-1,-1,-1,-1,1,E01013693,0,-1
2023361294311,2023,361294311,2,9,0,17,19,4,1,0,0,0,0,0,7,0,3,1,5,6,2,55,8,-1,-1,-1,-1,8,E01026480,0,-1
2023010425345,2023,010425345,1,9,0,18,19,4,8,0,0,8,0,0,0,0,1,1,6,6,3,-1,-1,-1,-1,-1,-1,-1,-1,0,-1
2023010473280,2023,010473280,1,1,9,99,99,9,9,99,99,9,9,99,9,99,2,1,2,2,2,58,9,-1,-1,-1,-1,6,E01003232,0,-1
2023430375655,2023,430375655,4,1,0,18,19,1,0,0,0,0,0,10,0,0,4,1,2,2,2,49,8,-1,-1,-1,-1,9,E01028730,0,-1
2023231364304,2023,231364304,2,1,0,18,19,1,5,0,0,8,0,0,0,0,1,1,2,2,1,66,10,-1,-1,-1,-1,5,E01009716,0,-1
2023010469194,2023,010469194,1,1,0,9,9,4,2,0,0,5,0,0,0,0,2,1,2,2,1,16,4,-1,-1,-1,-1,3,E01033464,0,-1
2023311372129,2023,311372129,2,98,0,3,3,5,1,0,0,4,0,0,0,0,1,1,6,6,3,-1,-1,-1,-1,-1,-1,-1,-1,0,-1
2023010453636,2023,010453636,1,1,9,99,99,9,9,99,99,9,9,99,9,99,9,1,2,2,1,28,6,-1,-1,-1,-1,7,E01003789,0,-1
2023010422766,2023,010422766,4,9,0,3,3,6,2,0,0,1,0,0,0,0,1,1,1,1,1,47,8,-1,-1,-1,-1,-1,-1,0,-1
2023430446043,2023,430446043,1,9,0,9,9,1,5,0,0,5,0,0,0,0,0,1,6,6,1,60,9,-1,-1,-1,-1,7,E01028501,0,-1
2023361379033,2023,361379033,1,9,0,9,9,7,4,0,0,2,0,0,0,0,3,1,6,6,1,27,6,-1,-1,-1,-1,4,E01026749,0,-1
202360A131576,2023,60A131576,2,9,0,9,9,8,5,0,0,5,0,0,0,0,3,1,6,6,2,47,8,-1,-1,-1,-1,-1,-1,0,-1
2023340NN0092,2023,340NN0092,1,9,0,18,19,7,3,0,0,1,0,0,0,0,1,1,6,6,3,-1,-1,-1,-1,-1,-1,-1,-1,0,-1
2023340WN2812,2023,340WN2812,2,1,0,17,19,5,1,0,0,8,0,0,0,0,4,1,6,6,1,34,6,-1,-1,-1,-1,-1,-1,0,-1
202363B031923,2023,63B031923,2,19,0,18,19,6,2,0,0,0,0,0,2,11,3,1,6,6,2,22,5,-1,-1,-1,-1,-1,-1,0,-1
2023161335600,2023,161335600,2,8,0,7,7,5,3,0,0,8,0,0,0,0,1,1,1,1,1,-1,-1,-1,-1,-1,-1,-1,-1,0,-1
2023010433950,2023,010433950,2,1,0,18,19,8,4,0,0,0,0,0,0,0,0,1,1,1,2,52,8,-1,-1,-1,-1,2,E01004718,0,-1
2023041291315,2023,041291315,2,1,0,18,19,-1,-1,0,0,1,0,0,0,0,1,1,6,6,1,13,3,-1,-1,-1,-1,4,E01012713,0,-1
2023010481399,2023,010481399,2,1,0,13,13,5,1,0,0,1,0,0,0,0,1,1,6,6,1,48,8,-1,-1,-1,-1,1,E01003060,0,-1
2023041298691,2023,041298691,2,21,0,18,19,7,3,0,0,0,0,0,0,0,3,2,1,1,1,58,9,-1,-1,-1,-1,-1,-1,0,-1
2023041390744,2023,041390744,2,97,0,9,9,7,3,0,0,1,0,0,0,0,3,1,5,6,1,43,7,-1,-1,-1,-1,9,E01012609,0,-1
202360A076553,2023,60A076553,2,9,0,5,5,4,8,0,0,0,0,0,0,0,0,1,6,6,1,60,9,-1,-1,-1,-1,-1,-1,0,-1
2023430228168,2023,430228168,2,1,0,18,19,5,1,0,0,8,0,0,0,0,4,1,2,2,1,28,6,-1,-1,-1,-1,7,E01028544,0,-1
2023221326511,2023,221326511,1,9,0,9,9,5,3,0,0,6,0,0,0,0,3,1,5,6,1,70,10,-1,-1,-1,-1,6,E01029571,0,-1
2023010479028,2023,010479028,1,9,0,4,4,7,3,0,0,1,0,0,0,0,2,1,1,1,1,45,7,-1,-1,-1,-1,4,E01001898,0,-1
2023061389770,2023,061389770,2,1,-1,-1,-1,-1,-1,-1,-1,0,-1,-1,-1,0,2,1,3,7,1,-1,-1,-1,-1,-1,-1,-1,-1,0,-1
2023031379823,2023,031379823,2,1,-1,5,5,-1,-1,0,0,-1,-1,-1,-1,0,1,1,6,6,1,10,2,-1,-1,-1,-1,4,E01019247,0,-1
2023411301952,2023,411301952,2,1,-1,-1,-1,3,7,-1,-1,0,-1,-1,-1,0,-1,1,5,6,2,60,9,-1,-1,-1,-1,4,E01023403,0,-1
2023481406859,2023,481406859,2,1,0,18,19,5,1,0,0,8,0,0,0,0,4,1,2,2,2,31,6,-1,-1,-1,-1,-1,-1,0,-1
2023991387127,2023,991387127,2,1,0,18,19,4,8,4,4,1,1,0,0,0,0,1,2,2,1,42,7,-1,-1,-1,-1,4,-1,0,-1
2023302300772,2023,302300772,1,9,0,18,19,2,6,9,9,2,0,0,0,0,4,1,6,6,3,-1,-1,-1,-1,-1,-1,5,E01019456,0,-1
2023311357848,2023,311357848,3,1,0,18,19,7,3,0,0,0,0,4,0,0,1,1,6,6,1,51,8,-1,-1,-1,-1,3,E01033397,0,-1
2023122301073,2023,122301073,1,1,0,18,19,7,3,0,0,0,0,12,0,0,1,1,6,6,1,35,6,-1,-1,-1,-1,5,E01027763,0,-1
2023471369929,2023,471369929,2,1,0,18,19,3,7,5,5,0,0,0,0,0,2,1,2,2,1,43,7,-1,-1,-1,-1,6,E01016889,0,-1
2023501342901,2023,501342901,2,1,0,18,19,6,3,0,0,1,0,0,0,0,1,1,6,6,1,60,9,-1,-1,-1,-1,7,E01020156,0,-1