collision_index,collision_year,collision_ref_no,vehicle_reference,vehicle_type,towing_and_articulation,vehicle_manoeuvre_historic,vehicle_manoeuvre,vehicle_direction_from,vehicle_direction_to,vehicle_location_restricted_lane_historic,vehicle_location_restricted_lane,junction_location,skidding_and_overturning,hit_object_in_carriageway,vehicle_leaving_carriageway,hit_object_off_carriageway,first_point_of_impact,vehicle_left_hand_drive,journey_purpose_of_driver_historic,journey_purpose_of_driver,sex_of_driver,age_of_driver,age_band_of_driver,engine_capacity_cc,propulsion_code,age_of_vehicle,generic_make_model,driver_imd_decile,lsoa_of_driver,escooter_flag,driver_distance_banding
2023010419400,2023,010419400,2,1,0,18,19,1,5,0,0,1,0,0,0,0,3,1,6,6,1,19,4,-1,-1,-1,-1,10,E01004478,0,-1
2023501369977,2023,501369977,1,9,0,1,1,2,6,9,9,0,0,0,0,0,2,1,5,6,1,62,9,-1,-1,-1,-1,3,E01018918,0,-1
2023052300932,2023,052300932,1,1,0,10,10,1,3,0,0,1,0,0,0,0,1,1,6,6,1,35,6,-1,-1,-1,-1,1,E01007126,0,-1
2023320144284,2023,320144284,1,9,0,18,19,4,8,9,9,0,0,0,0,0,4,1,6,6,1,-1,-1,-1,-1,-1,-1,-1,-1,0,-1
2023332300325,2023,332300325,1,9,0,16,19,8,2,0,0,1,1,0,7,0,2,1,6,6,1,18,4,-1,-1,-1,-1,10,E01025794,0,-1
2023430333291,2023,430333291,2,11,0,18,19,5,1,0,0,0,0,0,0,0,3,1,1,1,1,40,7,-1,-1,-1,-1,1,E01016845,0,-1
2023991376081,2023,991376081,1,9,0,18,19,8,5,0,0,1,0,0,0,0,4,1,6,6,2,55,8,-1,-1,-1,-1,-1,-1,0,-1
2023332300617,2023,332300617,1,1,0,3,3,5,1,0,0,1,0,0,0,0,2,1,6,6,2,63,9,-1,-1,-1,-1,10,E01025624,0,-1
2023471345869,2023,471345869,2,1,0,18,19,2,6,0,0,8,0,0,0,0,4,1,5,6,1,33,6,-1,-1,-1,-1,9,E01017005,0,-1
2023061286015,2023,061286015,2,1,0,18,19,-1,-1,9,9,0,0,11,0,0,0,1,6,6,3,47,8,-1,-1,-1,-1,5,E01005687,0,-1
2023361290822,2023,361290822,1,9,0,18,19,3,7,0,0,1,0,0,0,0,1,1,6,6,1,-1,-1,-1,-1,-1,-1,-1,-1,0,-1
2023211351457,2023,211351457,2,9,0,18,19,8,5,0,0,0,0,0,0,0,1,1,1,1,1,48,8,-1,-1,-1,-1,9,E01029378,0,-1
2023111390638,2023,111390638,1,9,0,1,1,6,2,0,0,0,0,0,0,0,1,1,6,6,3,30,6,-1,-1,-1,-1,-1,-1,0,-1
2023052301243,2023,052301243,2,1,0,18,19,7,3,0,0,2,0,0,0,0,4,1,6,6,1,11,3,-1,-1,-1,-1,1,E01006436,0,-1
2023170L31043,2023,170L31043,1,1,0,18,19,4,8,0,0,1,0,0,0,0,1,1,6,6,1,38,7,-1,-1,-1,-1,10,E01012183,0,-1
2023070422949,2023,070422949,2,1,0,18,19,3,7,0,0,8,0,0,0,0,3,1,6,6,1,11,3,-1,-1,-1,-1,8,E01012565,0,-1
2023161342168,2023,161342168,2,9,0,18,19,5,1,0,0,1,0,0,0,0,4,1,6,6,2,60,9,-1,-1,-1,-1,1,E01012875,0,-1
2023101337957,2023,101337957,1,9,0,5,5,3,7,0,0,6,0,0,0,0,4,1,6,6,1,49,8,-1,-1,-1,-1,9,E01027917,0,-1
2023991340372,2023,991340372,2,9,0,13,13,6,2,0,0,0,0,0,0,0,0,1,6,6,3,20,4,-1,-1,-1,-1,-1,-1,0,-1
2023430048589,2023,430048589,2,9,0,9,9,5,3,0,0,5,0,0,0,0,3,1,6,6,2,40,7,-1,-1,-1,-1,8,E01028716,0,-1
2023332300171,2023,332300171,2,1,0,18,19,1,5,0,0,8,0,0,0,0,3,1,6,6,1,35,6,-1,-1,-1,-1,2,E01013655,0,-1
202360A112469,2023,60A112469,3,9,0,18,19,2,6,0,0,0,0,0,0,0,3,1,6,6,2,67,10,-1,-1,-1,-1,-1,-1,0,-1
2023201281649,2023,201281649,2,9,0,18,19,7,3,0,0,1,0,0,0,0,0,1,6,6,3,-1,-1,-1,-1,-1,-1,-1,-1,0,-1
2023010419594,2023,010419594,2,9,0,99,99,9,9,99,99,0,9,99,9,99,1,9,6,6,3,29,6,-1,-1,-1,-1,3,E01003570,0,-1
2023010466915,2023,010466915,2,9,0,99,99,9,9,99,99,9,9,99,9,99,9,9,6,6,3,-1,-1,-1,-1,-1,-1,-1,-1,0,-1
2023052302466,2023,052302466,2,1,0,9,9,7,5,0,0,1,0,0,0,0,3,1,6,6,1,61,9,-1,-1,-1,-1,2,E01006449,0,-1
2023052300432,2023,052300432,1,8,0,18,19,1,5,0,0,0,0,0,0,0,1,1,6,6,1,49,8,-1,-1,-1,-1,2,E01006586,0,-1
2023522301551,2023,522301551,2,-1,0,18,19,4,8,0,0,8,0,0,0,0,1,1,6,6,1,20,4,-1,-1,-1,-1,3,E01032517,1,-1
2023071233491,2023,071233491,1,9,0,3,3,5,1,0,0,1,0,0,0,0,1,1,6,6,3,-1,-1,-1,-1,-1,-1,-1,-1,0,-1
2023547594023,2023,547594023,2,1,0,18,19,7,3,0,0,1,0,0,0,0,1,1,6,6,2,57,9,-1,-1,-1,-1,10,E01032005,0,-1
2023010471706,2023,010471706,2,9,0,18,19,3,7,0,0,0,0,0,0,0,1,1,6,6,3,-1,-1,-1,-1,-1,-1,-1,-1,0,-1
2023610046823,2023,610046823,3,9,0,4,4,4,8,0,0,0,0,0,0,0,2,1,2,2,1,37,7,-1,-1,-1,-1,3,W01001290,0,-1
2023440158978,2023,440158978,2,9,0,9,9,1,6,0,0,1,0,0,0,0,3,1,6,6,3,-1,-1,-1,-1,-1,-1,-1,-1,0,-1
2023170S10933,2023,170S10933,2,1,0,18,19,3,7,0,0,0,0,0,0,0,1,1,4,7,1,12,3,-1,-1,-1,-1,1,E01012273,0,-1
2023010484384,2023,010484384,2,9,9,99,99,9,9,99,99,9,9,99,9,99,9,9,6,6,3,-1,-1,-1,-1,-1,-1,-1,-1,0,-1
2023231394276,2023,231394276,1,9,0,18,19,5,1,9,9,0,0,0,0,0,1,1,1,1,3,-1,-1,-1,-1,-1,-1,-1,-1,0,-1
2023010473027,2023,010473027,1,11,0,4,4,3,7,0,0,5,0,0,0,0,1,1,6,6,1,32,6,-1,-1,-1,-1,-1,-1,0,-1
2023101381353,2023,101381353,2,1,0,18,19,1,5,4,4,8,0,0,0,0,3,1,5,6,1,39,7,-1,-1,-1,-1,9,E01020611,0,-1
2023010461305,2023,010461305,2,1,0,18,19,5,1,0,0,1,0,0,0,0,1,1,1,1,1,32,6,-1,-1,-1,-1,1,E01004214,0,-1
2023211390344,2023,211390344,1,9,0,18,19,2,6,0,0,8,0,0,0,0,3,1,6,6,1,29,6,-1,-1,-1,-1,2,E01014252,0,-1
2023010422344,2023,010422344,2,9,0,99,99,9,9,99,99,9,9,99,9,99,1,9,6,6,3,-1,-1,-1,-1,-1,-1,-1,-1,0,-1
2023430108615,2023,430108615,2,9,0,18,19,4,8,0,0,1,0,0,0,0,1,1,6,6,1,45,7,-1,-1,-1,-1,-1,-1,0,-1
2023302301979,2023,302301979,2,19,0,2,2,0,0,0,0,1,0,0,0,0,0,1,1,1,1,44,7,-1,-1,-1,-1,3,E01029487,0,-1
2023010430517,2023,010430517,2,9,0,99,99,9,9,99,99,9,9,99,9,99,1,9,6,6,3,-1,-1,-1,-1,-1,-1,-1,-1,0,-1
2023061366610,2023,061366610,3,9,0,18,19,8,3,0,0,0,0,0,0,0,2,1,5,6,1,48,8,-1,-1,-1,-1,9,E01016432,0,-1
2023101319108,2023,101319108,1,9,0,11,11,7,3,0,0,0,0,0,0,0,0,1,6,6,3,-1,-1,-1,-1,-1,-1,-1,-1,0,-1
2023010423638,2023,010423638,1,9,0,5,5,7,3,0,0,8,0,0,0,0,1,2,6,6,3,23,5,-1,-1,-1,-1,-1,-1,0,-1
2023061379846,2023,061379846,2,1,0,7,7,1,3,0,0,3,0,0,0,0,2,1,1,1,1,34,6,-1,-1,-1,-1,2,E01005652,0,-1
2023010452441,2023,010452441,1,1,9,99,99,9,9,99,99,9,9,99,9,99,1,1,6,6,1,36,7,-1,-1,-1,-1,7,E01000427,0,-1
2023141318306,2023,141318306,2,9,0,5,5,8,6,0,0,6,0,0,0,0,1,1,6,6,1,42,7,-1,-1,-1,-1,1,E01007369,0,-1
2023430055742,2023,430055742,1,8,0,9,9,1,7,0,0,5,0,0,0,0,1,1,1,1,1,50,8,-1,-1,-1,-1,-1,-1,0,-1
2023461276404,2023,461276404,2,3,0,6,6,3,7,0,0,0,0,0,0,0,1,1,6,6,1,19,4,-1,-1,-1,-1,6,E01024314,0,-1
2023010423825,2023,010423825,2,1,0,18,19,7,3,0,0,1,9,0,0,0,1,1,6,6,2,48,8,-1,-1,-1,-1,4,E01001230,0,-1
2023549650323,2023,549650323,1,9,0,18,19,3,6,0,0,0,1,0,1,4,4,1,1,1,1,61,9,-1,-1,-1,-1,5,E01032075,0,-1
2023401390630,2023,401390630,1,9,0,18,19,-1,-1,0,0,1,0,0,0,0,1,1,6,6,3,-1,-1,-1,-1,-1,-1,-1,-1,0,-1
2023461266950,2023,461266950,3,9,0,18,19,7,3,0,0,0,0,0,0,0,2,1,6,6,1,-1,-1,-1,-1,-1,-1,-1,-1,0,-1
2023122300658,2023,122300658,1,9,0,3,3,3,7,0,0,0,0,0,0,0,3,1,6,6,1,59,9,-1,-1,-1,-1,7,E01027781,0,-1
2023010454364,2023,010454364,2,1,0,18,19,3,7,5,5,8,0,0,0,0,1,1,4,7,1,13,3,-1,-1,-1,-1,3,E01004030,0,-1
2023451259799,2023,451259799,1,9,0,18,19,5,1,0,0,0,0,0,0,0,1,1,1,1,1,49,8,-1,-1,-1,-1,9,E01022611,0,-1
2023101327464,2023,101327464,1,9,0,18,19,7,3,0,0,1,0,0,0,0,1,1,6,6,2,-1,-1,-1,-1,-1,-1,-1,-1,0,-1
2023010434734,2023,010434734,2,9,0,18,19,7,3,0,0,0,0,0,0,0,1,1,6,6,3,-1,-1,-1,-1,-1,-1,-1,-1,0,-1
2023501388770,2023,501388770,2,9,0,3,3,1,5,0,0,0,0,0,0,0,2,1,1,1,1,32,6,-1,-1,-1,-1,7,E01018775,0,-1
2023440203050,2023,440203050,2,1,0,18,19,3,7,5,5,0,0,0,0,0,1,1,1,1,2,50,8,-1,-1,-1,-1,7,E01022733,0,-1
2023471326946,2023,471326946,2,1,0,18,19,3,7,0,0,0,0,0,0,0,3,1,6,6,1,52,8,-1,-1,-1,-1,7,E01031782,0,-1
2023320602213,2023,320602213,1,9,0,18,19,4,8,0,0,0,0,0,0,0,1,1,6,6,3,-1,-1,-1,-1,-1,-1,-1,-1,0,-1
2023061282467,2023,061282467,1,-1,0,15,15,5,1,0,0,0,0,0,0,0,1,1,6,6,1,43,7,-1,-1,-1,-1,3,E01005921,1,-1
2023101346399,2023,101346399,2,1,0,18,19,8,4,0,0,8,0,0,0,0,1,1,5,6,1,16,4,-1,-1,-1,-1,1,E01008608,0,-1
2023471315378,2023,471315378,1,9,0,18,19,2,6,0,0,1,0,0,0,0,1,1,1,1,1,52,8,-1,-1,-1,-1,8,E01021176,0,-1
2023501297268,2023,501297268,1,9,-1,-1,-1,1,3,-1,-1,-1,-1,-1,-1,0,-1,1,6,6,1,31,6,-1,-1,-1,-1,1,E01018870,0,-1
2023071200091,2023,071200091,1,1,0,18,19,3,7,0,0,0,0,0,0,0,3,1,6,6,1,16,4,-1,-1,-1,-1,2,E01012535,0,-1
2023991378257,2023,991378257,1,1,0,18,19,3,7,4,4,1,5,0,7,0,1,1,6,6,1,22,5,-1,-1,-1,-1,1,-1,0,-1
2023010460561,2023,010460561,2,1,0,18,19,2,6,0,0,0,0,0,0,0,1,1,6,6,1,33,6,-1,-1,-1,-1,7,E01003396,0,-1
2023531330048,2023,531330048,1,9,0,18,19,5,1,0,0,0,1,0,0,0,1,1,3,7,1,37,7,-1,-1,-1,-1,2,E01022322,0,-1
2023010471191,2023,010471191,2,19,0,99,99,9,9,99,99,9,9,99,9,99,1,1,6,6,3,-1,-1,-1,-1,-1,-1,-1,-1,0,-1
2023141280405,2023,141280405,2,1,0,5,5,3,7,0,0,0,0,0,0,0,4,1,6,6,1,8,2,-1,-1,-1,-1,4,E01007820,0,-1
2023141279630,2023,141279630,2,1,0,18,19,6,3,0,0,1,0,0,0,0,1,1,6,6,1,41,7,-1,-1,-1,-1,10,E01007937,0,-1
2023041316633,2023,041316633,1,1,0,18,19,1,5,0,0,0,0,0,0,0,1,1,5,6,1,61,9,-1,-1,-1,-1,9,E01024983,0,-1
2023401321864,2023,401321864,1,9,0,18,19,3,7,0,0,3,0,0,0,0,3,1,6,6,1,38,7,-1,-1,-1,-1,8,E01017541,0,-1
2023010420530,2023,010420530,1,1,9,99,99,9,9,99,99,9,9,99,9,99,9,1,6,6,1,30,6,-1,-1,-1,-1,4,E01003095,0,-1
2023461324403,2023,461324403,2,1,0,18,19,1,5,0,0,2,0,0,0,0,1,1,5,6,1,22,5,-1,-1,-1,-1,3,E01024695,0,-1
2023010479162,2023,010479162,2,9,0,18,19,7,3,0,0,4,0,0,0,0,1,1,6,6,3,-1,-1,-1,-1,-1,-1,-1,-1,0,-1
2023471376487,2023,471376487,2,1,0,9,9,7,5,0,0,5,0,0,0,0,3,1,5,6,2,24,5,-1,-1,-1,-1,8,E01032835,0,-1
2023211395546,2023,211395546,1,9,-1,11,11,4,8,-1,-1,0,-1,-1,-1,0,-1,1,6,6,3,-1,-1,-1,-1,-1,-1,-1,-1,0,-1
2023141338316,2023,141338316,2,-1,0,5,5,2,7,0,0,0,0,0,0,0,1,1,1,1,1,37,7,-1,-1,-1,-1,2,E01007517,1,-1
2023302301046,2023,302301046,1,9,0,9,9,4,2,0,0,5,0,0,0,0,1,2,6,6,2,25,5,-1,-1,-1,-1,2,E01019668,0,-1
2023552300969,2023,552300969,2,1,0,18,19,4,8,0,0,8,0,0,0,0,4,1,6,6,1,29,6,-1,-1,-1,-1,6,E01015318,0,-1
2023361306860,2023,361306860,1,9,0,18,19,4,8,0,0,0,0,0,0,0,0,1,6,6,3,-1,-1,-1,-1,-1,-1,-1,-1,0,-1
2023991314378,2023,991314378,11,9,0,18,19,8,4,0,0,0,0,1,0,0,0,1,2,2,1,20,4,-1,-1,-1,-1,4,-1,0,-1
2023101364319,2023,101364319,21,11,0,18,19,8,4,0,0,8,0,0,0,0,0,1,1,1,1,28,6,-1,-1,-1,-1,3,E01008183,0,-1
2023010440149,2023,010440149,1,9,9,99,99,9,9,99,99,9,9,99,9,99,9,9,6,6,3,-1,-1,-1,-1,-1,-1,-1,-1,0,-1
2023010459477,2023,010459477,2,19,0,99,99,9,9,0,0,1,0,0,0,0,9,9,6,6,3,-1,-1,-1,-1,-1,-1,-1,-1,0,-1
2023061267895,2023,061267895,2,1,0,9,9,1,1,0,0,1,0,0,0,0,1,1,6,6,2,24,5,-1,-1,-1,-1,6,E01005154,0,-1
2023122400026,2023,122400026,1,1,0,18,19,8,4,4,4,1,0,0,0,0,1,1,6,6,2,50,8,-1,-1,-1,-1,9,E01013431,0,-1
2023131342742,2023,131342742,1,90,0,-1,-1,-1,-1,-1,-1,-1,-1,-1,-1,-1,-1,1,6,6,3,-1,-1,-1,-1,-1,-1,-1,-1,0,-1
2023631358237,2023,631358237,2,9,0,9,9,3,7,0,0,1,1,0,3,0,3,1,2,2,2,29,6,-1,-1,-1,-1,6,W01000571,0,-1
2023411293138,2023,411293138,1,9,0,18,19,3,7,0,0,8,0,0,0,0,1,1,6,6,1,29,6,-1,-1,-1,-1,7,E01023663,0,-1
2023010459374,2023,010459374,2,9,0,6,6,1,1,0,0,1,0,0,0,0,4,1,6,6,1,58,9,-1,-1,-1,-1,2,E01001438,0,-1
2023010460957,2023,010460957,2,1,0,18,19,1,5,0,0,8,0,0,0,0,1,1,1,1,1,54,8,-1,-1,-1,-1,2,E01033707,0,-1
2023201411232,2023,201411232,1,97,0,18,19,-1,-1,9,9,0,0,0,0,0,9,1,6,6,3,-1,-1,-1,-1,-1,-1,-1,-1,0,-1
2023061353507,2023,061353507,2,1,0,18,19,8,4,0,0,8,5,0,0,0,3,1,6,6,2,35,6,-1,-1,-1,-1,3,E01005039,0,-1
2023010449692,2023,010449692,1,1,9,99,99,9,9,99,99,9,9,99,9,99,2,1,6,6,1,45,7,-1,-1,-1,-1,3,E01001972,0,-1
2023991319864,2023,991319864,2,1,0,18,19,6,2,0,0,1,0,0,0,0,1,1,6,6,1,24,5,-1,-1,-1,-1,5,-1,0,-1
2023010481695,2023,010481695,2,1,0,18,19,1,5,0,0,2,0,0,0,0,1,1,6,6,1,23,5,-1,-1,-1,-1,4,E01001002,0,-1
2023170M11673,2023,170M11673,2,9,0,18,19,6,2,0,0,1,0,0,0,0,4,1,2,2,2,29,6,-1,-1,-1,-1,3,E01012282,0,-1
2023340WN6952,2023,340WN6952,3,9,0,18,19,1,5,0,0,1,0,0,0,0,1,1,6,6,1,47,8,-1,-1,-1,-1,3,E01027112,0,-1
2023211359204,2023,211359204,2,16,-1,5,5,2,6,-1,-1,0,-1,-1,-1,0,-1,1,6,6,2,54,8,-1,-1,-1,-1,-1,-1,0,-1
2023401356807,2023,401356807,2,1,0,18,19,-1,-1,0,0,8,0,0,0,0,1,1,2,2,1,39,7,-1,-1,-1,-1,7,E01017524,0,-1
2023041296821,2023,041296821,2,9,0,18,19,7,3,0,0,1,0,0,0,0,4,1,6,6,1,29,6,-1,-1,-1,-1,2,E01033223,0,-1
2023070360882,2023,070360882,1,1,0,4,4,6,2,9,9,0,0,0,0,0,3,1,6,6,1,14,3,-1,-1,-1,-1,6,E01018595,0,-1
2023010475029,2023,010475029,2,20,2,99,99,9,9,99,99,9,9,99,9,99,9,9,6,6,3,-1,-1,-1,-1,-1,-1,-1,-1,0,-1
2023131324522,2023,131324522,2,1,0,18,19,1,5,4,4,1,0,0,0,0,3,1,6,6,1,28,6,-1,-1,-1,-1,7,E01011692,0,-1
2023361263141,2023,361263141,2,9,-1,-1,-1,-1,-1,-1,-1,0,-1,-1,-1,0,1,1,6,6,3,-1,-1,-1,-1,-1,-1,-1,-1,0,-1
2023201362890,2023,201362890,1,9,0,13,13,7,3,0,0,0,0,0,0,0,0,1,6,6,3,-1,-1,-1,-1,-1,-1,-1,-1,0,-1
2023302301969,2023,302301969,4,9,0,4,4,3,7,0,0,0,0,0,0,0,1,1,6,6,2,40,7,-1,-1,-1,-1,5,E01013519,0,-1
2023061317731,2023,061317731,1,9,0,18,19,3,7,0,0,0,0,0,0,0,1,1,6,6,3,30,6,-1,-1,-1,-1,-1,-1,0,-1
2023401305653,2023,401305653,2,1,0,3,3,3,7,0,0,1,0,0,0,0,1,1,5,6,2,44,7,-1,-1,-1,-1,3,E01017515,0,-1
2023010442999,2023,010442999,2,1,0,18,19,1,5,5,5,9,0,0,0,0,1,1,6,6,1,41,7,-1,-1,-1,-1,-1,-1,0,-1
2023340WN5032,2023,340WN5032,1,-1,0,18,19,8,4,0,0,6,0,0,0,0,1,1,6,6,2,25,5,-1,-1,-1,-1,4,E01032980,1,-1
2023631349686,2023,631349686,2,1,0,16,19,3,7,0,0,0,5,0,1,0,2,1,5,6,1,70,10,-1,-1,-1,-1,6,W01000667,0,-1
2023361335488,2023,361335488,2,1,0,18,19,1,5,0,0,8,0,0,0,0,1,1,5,6,1,50,8,-1,-1,-1,-1,4,E01026426,0,-1
2023010461283,2023,010461283,2,1,0,18,19,1,5,4,4,8,5,0,0,0,1,1,6,6,2,41,7,-1,-1,-1,-1,3,E01003286,0,-1
2023320205642,2023,320205642,1,9,0,18,19,8,4,0,0,0,0,0,0,0,1,1,1,1,1,50,8,-1,-1,-1,-1,5,E01018179,0,-1
2023070191486,2023,070191486,2,10,0,2,2,0,0,6,6,1,0,4,0,0,2,1,6,6,1,-1,-1,-1,-1,-1,-1,6,E01032372,0,-1
2023010446244,2023,010446244,1,9,0,18,19,3,7,0,0,1,0,0,0,0,1,1,6,6,3,-1,-1,-1,-1,-1,-1,-1,-1,0,-1
2023522400025,2023,522400025,2,9,0,18,19,4,8,0,0,6,0,0,0,0,1,1,6,6,3,-1,-1,-1,-1,-1,-1,-1,-1,0,-1
2023211384705,2023,211384705,2,9,0,2,2,8,4,0,0,0,5,0,1,0,2,1,6,6,2,43,7,-1,-1,-1,-1,-1,-1,0,-1
2023201391785,2023,201391785,1,9,0,18,19,7,3,0,0,0,0,0,0,0,1,1,6,6,1,30,6,-1,-1,-1,-1,1,E01010368,0,-1
2023440380666,2023,440380666,1,19,0,1,1,3,7,0,0,1,0,0,0,0,2,1,6,6,1,33,6,-1,-1,-1,-1,-1,-1,0,-1
202360A100024,2023,60A100024,2,1,0,18,19,7,3,0,0,0,0,0,0,0,1,1,6,6,1,54,8,-1,-1,-1,-1,-1,-1,0,-1
2023522401035,2023,522401035,1,97,0,18,19,8,4,0,0,8,0,0,1,11,1,1,6,6,1,20,4,-1,-1,-1,-1,9,E01014851,0,-1
2023041341232,2023,041341232,1,9,0,18,19,1,5,0,0,1,0,0,0,0,1,1,6,6,3,-1,-1,-1,-1,-1,-1,-1,-1,0,-1
2023430193470,2023,430193470,2,9,0,4,4,1,5,2,2,0,0,0,0,0,4,1,6,6,1,-1,-1,-1,-1,-1,-1,-1,-1,0,-1
2023131325917,2023,131325917,2,1,0,18,19,3,7,0,0,8,0,1,0,0,1,1,6,6,1,9,2,-1,-1,-1,-1,10,E01010768,0,-1
2023010466380,2023,010466380,3,9,0,99,99,9,9,99,99,9,9,99,9,99,1,9,6,6,3,-1,-1,-1,-1,-1,-1,-1,-1,0,-1
2023451265086,2023,451265086,2,1,0,18,19,1,3,0,0,8,0,0,0,0,0,1,6,6,2,14,3,-1,-1,-1,-1,-1,-1,0,-1
2023010422431,2023,010422431,2,1,9,99,99,9,9,99,99,9,9,99,9,99,9,1,6,6,3,-1,-1,-1,-1,-1,-1,-1,-1,0,-1
2023010450247,2023,010450247,2,1,9,99,99,9,9,99,99,9,9,99,9,99,0,1,6,6,2,-1,-1,-1,-1,-1,-1,-1,-1,0,-1
2023141355479,2023,141355479,2,9,0,18,19,5,1,0,0,1,0,0,0,0,1,1,5,6,1,33,6,-1,-1,-1,-1,2,E01007541,0,-1
202360A089390,2023,60A089390,1,9,0,17,19,1,6,0,0,0,0,0,0,0,1,1,1,1,1,36,7,-1,-1,-1,-1,-1,-1,0,-1
2023010444933,2023,010444933,2,1,0,9,9,1,7,0,0,1,2,0,0,0,2,1,1,1,1,51,8,-1,-1,-1,-1,-1,-1,0,-1
2023542189923,2023,542189923,1,9,0,18,19,1,5,0,0,0,2,0,7,0,1,1,6,6,1,40,7,-1,-1,-1,-1,7,E01029164,0,-1
2023302300380,2023,302300380,1,1,0,18,19,8,4,0,0,0,0,0,0,0,0,1,6,6,2,60,9,-1,-1,-1,-1,6,E01019608,0,-1
202360A135173,2023,60A135173,3,5,0,18,19,5,1,0,0,8,0,1,0,0,1,1,6,6,1,54,8,-1,-1,-1,-1,-1,-1,0,-1
2023201296499,2023,201296499,1,9,0,13,13,8,4,0,0,0,0,0,0,0,3,1,6,6,3,-1,-1,-1,-1,-1,-1,-1,-1,0,-1
2023430020648,2023,430020648,1,1,0,18,19,1,5,0,0,0,0,0,0,0,1,1,6,6,1,20,4,-1,-1,-1,-1,-1,-1,0,-1
2023201285241,2023,201285241,2,1,0,18,19,7,3,0,0,8,0,0,0,0,3,1,2,2,1,54,8,-1,-1,-1,-1,5,E01008981,0,-1
2023010485114,2023,010485114,1,9,0,99,99,9,9,99,99,0,9,99,9,99,9,9,6,6,3,-1,-1,-1,-1,-1,-1,-1,-1,0,-1
2023361373278,2023,361373278,2,1,0,18,19,-1,-1,0,0,2,5,0,0,0,2,1,2,2,1,28,6,-1,-1,-1,-1,7,E01026627,0,-1
2023010448746,2023,010448746,1,9,9,18,19,4,8,0,0,5,9,0,0,0,1,9,6,6,3,-1,-1,-1,-1,-1,-1,-1,-1,0,-1
2023061380036,2023,061380036,1,18,1,18,19,3,7,1,1,5,0,0,0,0,1,1,1,1,1,42,7,-1,-1,-1,-1,-1,-1,0,-1
2023052300260,2023,052300260,1,9,0,9,9,1,7,0,0,1,0,0,0,0,1,1,6,6,3,-1,-1,-1,-1,-1,-1,-1,-1,0,-1
2023522301749,2023,522301749,1,1,0,18,19,3,7,0,0,0,0,0,0,0,1,1,6,6,3,-1,-1,-1,-1,-1,-1,-1,-1,0,-1
2023141260409,2023,141260409,1,9,0,18,19,3,8,0,0,1,0,0,0,0,1,1,6,6,3,-1,-1,-1,-1,-1,-1,-1,-1,0,-1
2023522300791,2023,522300791,1,-1,0,18,19,8,4,0,0,2,0,0,0,0,1,1,6,6,1,24,5,-1,-1,-1,-1,2,E01033353,1,-1
2023522400129,2023,522400129,2,9,9,18,19,9,9,0,0,0,0,0,0,0,1,1,6,6,3,-1,-1,-1,-1,-1,-1,-1,-1,0,-1
2023061324284,2023,061324284,1,9,-1,-1,-1,-1,-1,-1,-1,0,-1,-1,-1,0,-1,1,6,6,3,-1,-1,-1,-1,-1,-1,-1,-1,0,-1
2023101321688,2023,101321688,1,11,-1,5,5,3,6,0,0,0,0,0,0,0,-1,1,1,1,1,54,8,-1,-1,-1,-1,1,E01008212,0,-1
2023010450059,2023,010450059,1,1,9,99,99,9,9,99,99,9,9,99,9,99,9,1,1,1,1,35,6,-1,-1,-1,-1,2,E01001877,0,-1
2023101326664,2023,101326664,1,9,-1,-1,-1,-1,-1,-1,-1,-1,-1,-1,-1,0,-1,1,6,6,1,-1,-1,-1,-1,-1,-1,-1,-1,0,-1
2023351285281,2023,351285281,2,2,0,18,19,-1,-1,0,0,1,0,0,0,0,0,1,2,2,2,19,4,-1,-1,-1,-1,7,E01018210,0,-1
2023041263965,2023,041263965,2,1,0,18,19,5,1,0,0,1,0,0,0,0,1,1,6,6,1,37,7,-1,-1,-1,-1,1,E01025049,0,-1
2023351382941,2023,351382941,1,9,0,3,3,-1,-1,0,0,8,0,0,0,0,1,1,6,6,3,-1,-1,-1,-1,-1,-1,-1,-1,0,-1
2023522400517,2023,522400517,1,1,0,18,19,3,8,0,0,0,1,0,0,0,1,1,6,6,1,40,7,-1,-1,-1,-1,-1,-1,0,-1
2023010440336,2023,010440336,2,1,0,18,19,3,7,5,5,1,0,0,0,0,1,1,6,6,1,33,6,-1,-1,-1,-1,3,E01002620,0,-1
2023010474288,2023,010474288,2,9,0,99,99,9,9,99,99,9,9,99,9,99,1,9,6,6,3,-1,-1,-1,-1,-1,-1,-1,-1,0,-1
2023991383012,2023,991383012,1,98,0,18,19,8,4,0,0,0,0,0,0,0,4,1,6,6,3,21,5,-1,-1,-1,-1,-1,-1,0,-1
2023010452923,2023,010452923,2,1,0,18,19,7,3,0,0,1,0,0,0,0,4,1,2,2,1,42,7,-1,-1,-1,-1,2,E01003729,0,-1
2023010450193,2023,010450193,2,1,0,9,9,7,6,0,0,1,5,11,0,0,3,1,6,6,1,48,8,-1,-1,-1,-1,2,E01001734,0,-1
2023201261603,2023,201261603,1,8,0,1,1,-1,-1,0,0,0,0,0,0,0,2,1,1,1,1,-1,-1,-1,-1,-1,-1,2,E01009505,0,-1
2023111310771,2023,111310771,1,1,0,18,19,7,3,9,9,1,0,0,0,0,1,1,6,6,1,17,4,-1,-1,-1,-1,3,E01012307,0,-1
2023501394582,2023,501394582,2,1,0,18,19,1,5,0,0,1,2,0,0,0,1,1,6,6,1,54,8,-1,-1,-1,-1,8,E01019989,0,-1
2023161318776,2023,161318776,1,9,0,7,7,5,7,0,0,6,0,0,0,0,1,1,6,6,3,-1,-1,-1,-1,-1,-1,-1,-1,0,-1
2023010444955,2023,010444955,1,1,9,99,99,9,9,99,99,9,9,99,9,99,1,1,6,6,2,44,7,-1,-1,-1,-1,2,E01002054,0,-1
2023421282468,2023,421282468,1,97,0,18,19,5,1,0,0,6,0,0,0,0,4,1,6,6,1,16,4,-1,-1,-1,-1,3,E01016005,0,-1
2023010463744,2023,010463744,1,9,0,18,19,1,5,0,0,1,0,0,0,0,4,1,6,6,3,-1,-1,-1,-1,-1,-1,-1,-1,0,-1
2023351335872,2023,351335872,3,9,0,18,19,4,7,0,0,0,0,0,0,0,2,1,1,1,1,52,8,-1,-1,-1,-1,6,E01026436,0,-1
2023302300134,2023,302300134,1,2,0,5,5,1,5,0,0,1,0,0,0,0,0,1,6,6,1,29,6,-1,-1,-1,-1,1,E01019527,0,-1