collision_index,collision_year,collision_ref_no,vehicle_reference,vehicle_type,towing_and_articulation,vehicle_manoeuvre_historic,vehicle_manoeuvre,vehicle_direction_from,vehicle_direction_to,vehicle_location_restricted_lane_historic,vehicle_location_restricted_lane,junction_location,skidding_and_overturning,hit_object_in_carriageway,vehicle_leaving_carriageway,hit_object_off_carriageway,first_point_of_impact,vehicle_left_hand_drive,journey_purpose_of_driver_historic,journey_purpose_of_driver,sex_of_driver,age_of_driver,age_band_of_driver,engine_capacity_cc,propulsion_code,age_of_vehicle,generic_make_model,driver_imd_decile,lsoa_of_driver,escooter_flag,driver_distance_banding
2023411274397,2023,411274397,2,9,0,18,19,7,3,0,0,0,0,0,0,0,1,1,6,6,3,-1,-1,-1,-1,-1,-1,-1,-1,0,-1
2023520301511,2023,520301511,2,19,0,18,19,6,2,0,0,0,0,0,0,0,3,1,6,6,3,-1,-1,-1,-1,-1,-1,-1,-1,0,-1
2023010468004,2023,010468004,2,9,0,99,99,9,9,99,99,9,9,99,9,99,9,9,6,6,3,-1,-1,-1,-1,-1,-1,-1,-1,0,-1
2023320521773,2023,320521773,2,1,0,18,19,7,3,0,0,0,5,0,0,0,1,1,6,6,1,48,8,-1,-1,-1,-1,2,E01026011,0,-1
2023041287561,2023,041287561,1,98,0,18,19,5,1,0,0,0,0,0,0,0,3,1,6,6,3,-1,-1,-1,-1,-1,-1,-1,-1,0,-1
2023320161868,2023,320161868,1,9,0,18,19,8,4,0,0,0,0,0,0,0,1,1,6,6,3,-1,-1,-1,-1,-1,-1,-1,-1,0,-1
2023430559494,2023,430559494,2,9,0,6,6,3,3,0,0,0,0,0,0,0,1,1,6,6,3,35,6,-1,-1,-1,-1,-1,-1,0,-1
2023131277940,2023,131277940,2,90,0,18,19,1,5,0,0,8,0,0,0,0,1,1,6,6,3,-1,-1,-1,-1,-1,-1,-1,-1,0,-1
2023311280716,2023,311280716,1,9,0,4,4,3,1,0,0,8,0,0,0,0,1,1,6,6,1,-1,-1,-1,-1,-1,-1,-1,-1,0,-1
2023471367743,2023,471367743,2,16,0,9,9,3,8,0,0,1,0,0,0,0,3,1,5,6,2,70,10,-1,-1,-1,-1,10,E01031531,0,-1
2023010460043,2023,010460043,1,1,9,99,99,9,9,99,99,9,9,99,9,99,1,1,2,2,1,27,6,-1,-1,-1,-1,4,E01004487,0,-1
2023010461461,2023,010461461,2,-1,0,18,19,6,2,0,0,8,5,0,0,0,1,1,6,6,2,29,6,-1,-1,-1,-1,-1,-1,1,-1
2023010477087,2023,010477087,1,90,0,99,99,9,9,99,99,9,9,99,9,99,1,9,6,6,3,-1,-1,-1,-1,-1,-1,-1,-1,0,-1
2023430278164,2023,430278164,1,1,0,18,19,1,5,0,0,0,0,0,0,0,4,1,6,6,2,13,3,-1,-1,-1,-1,3,E01017663,0,-1
2023421284879,2023,421284879,2,1,0,18,19,1,5,0,0,0,0,0,0,0,4,1,6,6,2,46,8,-1,-1,-1,-1,2,E01021279,0,-1
2023131352583,2023,131352583,2,1,0,18,19,3,7,0,0,8,0,0,0,0,2,1,6,6,1,34,6,-1,-1,-1,-1,5,E01033019,0,-1
2023440271500,2023,440271500,2,9,0,17,19,7,4,0,0,0,1,0,0,0,1,1,6,6,2,21,5,-1,-1,-1,-1,9,E01022947,0,-1
2023131258655,2023,131258655,2,9,0,16,19,3,5,0,0,2,0,0,0,0,1,1,6,6,3,-1,-1,-1,-1,-1,-1,-1,-1,0,-1
2023522300594,2023,522300594,2,-1,0,17,19,9,9,0,0,8,0,0,0,0,1,1,6,6,1,-1,-1,-1,-1,-1,-1,-1,-1,1,-1
2023401420969,2023,401420969,1,9,0,5,5,7,3,0,0,0,0,0,0,0,1,1,2,2,1,50,8,-1,-1,-1,-1,9,E01017417,0,-1
2023010450518,2023,010450518,1,1,9,99,99,9,9,99,99,9,9,99,9,99,9,1,2,2,2,32,6,-1,-1,-1,-1,6,E01004059,0,-1
2023231375245,2023,231375245,2,9,0,3,3,1,5,0,0,1,0,0,0,0,3,1,5,6,1,58,9,-1,-1,-1,-1,9,E01031288,0,-1
2023010454724,2023,010454724,1,1,9,99,99,9,9,99,99,9,9,99,9,99,2,1,6,6,2,55,8,-1,-1,-1,-1,2,E01004435,0,-1
2023111358647,2023,111358647,1,9,0,7,7,4,8,0,0,8,0,0,0,0,4,1,6,6,3,-1,-1,-1,-1,-1,-1,-1,-1,0,-1
2023201370199,2023,201370199,1,9,0,18,19,8,4,0,0,0,0,0,0,0,0,1,1,1,3,-1,-1,-1,-1,-1,-1,-1,-1,0,-1
2023430278838,2023,430278838,3,1,0,16,19,3,6,0,0,0,0,0,0,0,0,1,6,6,3,-1,-1,-1,-1,-1,-1,-1,-1,0,-1
2023010446033,2023,010446033,2,1,0,18,19,6,2,0,0,1,0,0,0,0,1,1,6,6,1,22,5,-1,-1,-1,-1,6,E01002162,0,-1
2023061345083,2023,061345083,1,9,0,1,1,7,2,0,0,0,0,0,0,0,2,1,6,6,1,-1,-1,-1,-1,-1,-1,-1,-1,0,-1
2023061392546,2023,061392546,3,9,0,8,8,4,7,0,0,1,0,0,0,0,1,1,1,1,1,26,6,-1,-1,-1,-1,1,E01004866,0,-1
2023471315160,2023,471315160,2,1,0,5,5,7,3,0,0,0,2,0,0,0,2,1,5,6,1,65,9,-1,-1,-1,-1,4,E01031550,0,-1
2023461279452,2023,461279452,2,9,0,4,4,5,1,0,0,0,0,0,0,0,2,1,6,6,2,33,6,-1,-1,-1,-1,1,E01024563,0,-1
2023531340398,2023,531340398,1,9,0,18,19,5,1,0,0,0,0,0,0,0,1,1,5,6,1,17,4,-1,-1,-1,-1,5,E01022344,0,-1
2023010465220,2023,010465220,2,1,0,18,19,3,7,0,0,1,5,0,0,0,3,1,1,1,1,16,4,-1,-1,-1,-1,6,E01003223,0,-1
2023201306263,2023,201306263,2,22,0,7,7,6,8,0,0,6,0,0,0,0,1,1,6,6,1,85,11,-1,-1,-1,-1,2,E01010293,0,-1
2023440247346,2023,440247346,1,-1,0,16,19,4,1,5,5,1,0,0,0,0,1,1,2,2,1,40,7,-1,-1,-1,-1,4,E01017083,1,-1
2023481356446,2023,481356446,2,1,0,18,19,3,7,0,0,8,0,0,0,0,1,1,2,2,2,26,6,-1,-1,-1,-1,-1,-1,0,-1
2023544999023,2023,544999023,1,9,0,18,19,3,7,0,0,0,0,0,0,0,1,1,6,6,1,-1,-1,-1,-1,-1,-1,-1,-1,0,-1
2023010446148,2023,010446148,2,1,0,18,19,5,1,0,0,1,0,0,1,0,1,1,6,6,1,26,6,-1,-1,-1,-1,1,E01002755,0,-1
2023010466304,2023,010466304,2,1,0,3,3,7,3,0,0,0,0,0,0,0,1,1,2,2,2,47,8,-1,-1,-1,-1,3,E01003979,0,-1
2023010429595,2023,010429595,1,9,9,14,14,7,3,2,2,9,9,0,9,99,1,9,6,6,3,-1,-1,-1,-1,-1,-1,-1,-1,0,-1
2023052302213,2023,052302213,1,9,0,18,19,1,5,0,0,0,0,0,0,0,4,1,6,6,1,41,7,-1,-1,-1,-1,2,E01006660,0,-1
2023041357051,2023,041357051,4,9,0,5,5,1,5,0,0,0,0,0,0,0,0,2,6,6,3,-1,-1,-1,-1,-1,-1,-1,-1,0,-1
2023320141133,2023,320141133,1,4,0,12,12,7,3,0,0,0,0,0,0,0,1,1,6,6,2,23,5,-1,-1,-1,-1,7,E01026319,0,-1
2023340WN6452,2023,340WN6452,2,1,0,9,9,8,6,0,0,8,5,0,0,0,4,1,6,6,1,73,10,-1,-1,-1,-1,-1,-1,0,-1
2023471378810,2023,471378810,1,9,0,13,13,4,8,0,0,2,0,0,0,0,0,1,6,6,1,-1,-1,-1,-1,-1,-1,-1,-1,0,-1
2023010455061,2023,010455061,1,1,9,99,99,9,9,99,99,9,9,99,9,99,1,1,2,2,3,30,6,-1,-1,-1,-1,8,E01003455,0,-1
2023320750939,2023,320750939,1,90,0,18,19,6,2,9,9,0,0,0,0,0,1,1,6,6,1,-1,-1,-1,-1,-1,-1,-1,-1,0,-1
2023061297732,2023,061297732,1,9,0,9,9,2,6,0,0,5,0,0,0,0,2,1,6,6,1,30,6,-1,-1,-1,-1,-1,-1,0,-1
2023440467859,2023,440467859,2,9,0,7,7,7,1,0,0,6,0,0,0,0,1,1,6,6,1,-1,-1,-1,-1,-1,-1,-1,-1,0,-1
2023471358985,2023,471358985,3,19,-1,7,7,6,1,0,0,8,0,0,0,0,0,1,6,6,3,-1,-1,-1,-1,-1,-1,-1,-1,0,-1
2023340NN1732,2023,340NN1732,1,9,0,18,19,6,1,0,0,1,0,0,0,0,1,1,6,6,2,-1,-1,-1,-1,-1,-1,-1,-1,0,-1
2023461288427,2023,461288427,2,1,0,18,19,7,3,4,4,8,0,0,0,0,1,1,4,7,2,12,3,-1,-1,-1,-1,3,E01016098,0,-1
2023052301010,2023,052301010,1,9,0,18,19,4,8,0,0,0,0,0,0,0,1,1,6,6,3,-1,-1,-1,-1,-1,-1,-1,-1,0,-1
2023332301094,2023,332301094,2,19,0,18,19,1,5,0,0,2,0,0,0,0,1,1,6,6,3,-1,-1,-1,-1,-1,-1,-1,-1,0,-1
2023520300668,2023,520300668,2,9,0,18,19,5,2,0,0,0,0,0,0,0,1,1,6,6,1,100,11,-1,-1,-1,-1,-1,-1,0,-1
2023421342005,2023,421342005,1,97,0,18,19,5,1,0,0,0,5,10,1,0,1,1,6,6,1,18,4,-1,-1,-1,-1,9,E01021526,0,-1
2023522401429,2023,522401429,2,9,0,5,5,3,7,0,0,8,0,0,0,0,0,1,6,6,1,36,7,-1,-1,-1,-1,10,E01014778,0,-1
2023010442941,2023,010442941,2,19,9,99,99,9,9,99,99,9,9,99,9,0,9,9,6,6,3,-1,-1,-1,-1,-1,-1,-1,-1,0,-1
2023501396780,2023,501396780,1,1,0,9,9,1,7,0,0,4,0,0,0,0,1,1,5,6,1,16,4,-1,-1,-1,-1,-1,-1,0,-1
2023221269468,2023,221269468,1,9,0,17,19,2,6,0,0,0,1,0,1,11,1,1,5,6,2,19,4,-1,-1,-1,-1,9,E01028936,0,-1
2023052301183,2023,052301183,2,1,0,18,19,3,7,0,0,3,0,0,0,0,4,1,6,6,1,53,8,-1,-1,-1,-1,4,E01006584,0,-1
2023547094023,2023,547094023,1,9,0,18,19,1,5,0,0,0,0,0,0,0,1,1,6,6,3,-1,-1,-1,-1,-1,-1,-1,-1,0,-1
2023440376888,2023,440376888,2,9,0,9,9,7,5,0,0,8,0,0,0,0,0,1,6,6,2,-1,-1,-1,-1,-1,-1,-1,-1,0,-1
2023622300831,2023,622300831,1,97,0,18,19,2,6,0,0,2,0,0,0,0,0,1,6,6,3,-1,-1,-1,-1,-1,-1,-1,-1,0,-1
2023320198704,2023,320198704,2,1,0,18,19,3,7,0,0,0,5,0,0,0,1,1,6,6,2,30,6,-1,-1,-1,-1,-1,-1,0,-1
2023101338530,2023,101338530,1,9,0,18,19,1,5,0,0,0,0,11,0,0,2,1,6,6,1,-1,-1,-1,-1,-1,-1,-1,-1,0,-1
202354A555823,2023,54A555823,1,1,0,18,19,7,3,0,0,6,0,0,0,0,1,1,6,6,1,13,3,-1,-1,-1,-1,4,E01001469,0,-1
2023600A06213,2023,600A06213,2,3,0,18,19,7,3,0,0,8,0,0,0,0,1,1,6,6,1,32,6,-1,-1,-1,-1,-1,-1,0,-1
2023461394449,2023,461394449,1,2,0,18,19,1,7,0,0,4,0,0,0,0,0,1,6,6,1,22,5,-1,-1,-1,-1,3,E01000392,0,-1
2023531375966,2023,531375966,1,9,0,18,19,1,5,0,0,0,0,0,0,0,4,1,6,6,3,-1,-1,-1,-1,-1,-1,-1,-1,0,-1
2023461274700,2023,461274700,2,1,0,4,4,1,5,9,9,1,5,0,0,0,1,1,4,7,1,15,3,-1,-1,-1,-1,3,E01024696,0,-1
2023010419335,2023,010419335,2,1,0,14,14,1,5,0,0,6,2,0,0,0,1,1,6,6,1,54,8,-1,-1,-1,-1,7,E01002896,0,-1
2023141391944,2023,141391944,2,1,0,18,19,7,4,0,0,0,5,0,0,0,1,1,6,6,1,60,9,-1,-1,-1,-1,3,E01033272,0,-1
2023161326892,2023,161326892,1,1,0,10,10,8,5,0,0,1,0,0,0,0,1,1,4,7,2,-1,-1,-1,-1,-1,-1,1,E01013138,0,-1
2023471301868,2023,471301868,2,1,0,18,19,8,4,0,0,1,0,0,0,0,1,1,5,6,1,27,6,-1,-1,-1,-1,6,E01016912,0,-1
2023010433920,2023,010433920,2,1,0,18,19,6,2,0,0,8,0,0,0,0,2,1,2,2,1,54,8,-1,-1,-1,-1,4,E01003166,0,-1
2023361381252,2023,361381252,2,9,0,4,4,3,3,0,0,1,0,0,0,0,2,1,1,1,1,49,8,-1,-1,-1,-1,7,E01026539,0,-1
2023610025723,2023,610025723,1,9,0,18,19,4,8,0,0,0,0,0,0,0,1,1,6,6,2,23,5,-1,-1,-1,-1,-1,-1,0,-1
2023201408378,2023,201408378,2,9,0,6,6,2,2,0,0,0,0,0,0,0,2,1,6,6,2,44,7,-1,-1,-1,-1,4,E01009576,0,-1
2023401303973,2023,401303973,1,9,0,15,15,5,7,0,0,0,0,0,0,0,1,1,6,6,3,-1,-1,-1,-1,-1,-1,-1,-1,0,-1
2023101277259,2023,101277259,2,-1,0,5,5,7,3,0,0,0,5,0,0,0,3,1,5,6,1,13,3,-1,-1,-1,-1,9,E01008556,1,-1
2023461356291,2023,461356291,1,97,0,18,19,5,1,0,0,8,0,0,0,0,1,1,6,6,1,-1,-1,-1,-1,-1,-1,-1,-1,0,-1
2023231349964,2023,231349964,1,9,0,9,9,6,4,0,0,6,0,0,0,0,1,1,6,6,1,55,8,-1,-1,-1,-1,-1,-1,0,-1
2023231309117,2023,231309117,2,9,0,16,19,3,6,0,0,0,0,0,0,0,3,1,6,6,3,45,7,-1,-1,-1,-1,-1,-1,0,-1
2023440205313,2023,440205313,1,9,0,18,19,3,7,0,0,0,0,0,0,0,1,1,6,6,1,-1,-1,-1,-1,-1,-1,-1,-1,0,-1
2023010420212,2023,010420212,1,1,9,99,99,9,9,99,99,9,9,99,9,99,9,1,2,2,1,42,7,-1,-1,-1,-1,3,E01004393,0,-1
2023211309485,2023,211309485,2,1,-1,18,19,7,3,-1,-1,-1,-1,-1,-1,0,-1,1,5,6,1,55,8,-1,-1,-1,-1,1,E01029835,0,-1
2023531392624,2023,531392624,2,1,0,18,19,2,6,0,0,8,0,0,0,0,4,1,6,6,2,24,5,-1,-1,-1,-1,8,E01022101,0,-1
2023131344487,2023,131344487,1,90,0,18,19,7,3,4,4,8,0,0,0,0,3,1,5,6,1,32,6,-1,-1,-1,-1,1,E01014331,0,-1
2023320618160,2023,320618160,1,1,0,18,19,6,2,0,0,1,5,0,1,0,1,1,4,7,1,17,4,-1,-1,-1,-1,8,E01026238,0,-1
2023010442585,2023,010442585,1,9,0,99,99,9,9,99,99,9,9,99,9,99,1,9,6,6,2,32,6,-1,-1,-1,-1,1,E01000602,0,-1
2023421263140,2023,421263140,2,9,0,18,19,1,4,0,0,0,0,0,0,0,1,1,6,6,1,55,8,-1,-1,-1,-1,3,E01003154,0,-1
2023010479812,2023,010479812,1,1,0,18,19,3,7,0,0,1,0,0,0,0,4,1,6,6,1,18,4,-1,-1,-1,-1,2,E01003069,0,-1
2023010438883,2023,010438883,2,1,0,18,19,3,7,0,0,8,0,0,0,0,1,1,6,6,1,21,5,-1,-1,-1,-1,3,E01004656,0,-1
2023010434507,2023,010434507,2,1,0,18,19,3,7,0,0,4,0,0,0,0,4,1,6,6,1,19,4,-1,-1,-1,-1,8,E01002414,0,-1
2023421288259,2023,421288259,2,-1,0,5,5,2,6,9,9,1,0,0,0,0,4,1,5,6,1,19,4,-1,-1,-1,-1,8,E01021574,1,-1
2023070693107,2023,070693107,2,1,0,18,19,4,8,0,0,2,0,0,0,0,1,1,6,6,2,35,6,-1,-1,-1,-1,4,E01018613,0,-1
2023111278821,2023,111278821,1,1,0,18,19,5,6,0,0,1,0,0,0,0,1,1,6,6,3,30,6,-1,-1,-1,-1,-1,-1,0,-1
2023461279181,2023,461279181,1,2,0,4,4,3,7,0,0,1,2,0,0,0,1,1,6,6,3,-1,-1,-1,-1,-1,-1,-1,-1,0,-1
2023131316963,2023,131316963,3,90,0,2,2,0,0,0,0,0,0,4,0,0,2,1,6,6,3,-1,-1,-1,-1,-1,-1,-1,-1,0,-1
2023522400837,2023,522400837,2,9,0,4,4,2,6,0,0,2,0,0,0,0,1,1,6,6,1,-1,-1,-1,-1,-1,-1,-1,-1,0,-1
2023010483390,2023,010483390,1,1,0,18,19,7,3,0,0,8,0,0,0,0,2,1,6,6,2,53,8,-1,-1,-1,-1,6,E01000306,0,-1
2023010465459,2023,010465459,2,9,0,99,99,9,9,99,99,9,9,99,9,99,9,9,6,6,3,-1,-1,-1,-1,-1,-1,-1,-1,0,-1
2023131349090,2023,131349090,2,1,0,18,19,4,8,4,4,1,0,0,0,0,1,1,2,2,1,25,5,-1,-1,-1,-1,-1,-1,0,-1
2023010473313,2023,010473313,1,1,9,99,99,9,9,99,99,9,9,99,9,99,9,1,6,6,3,31,6,-1,-1,-1,-1,4,E01002000,0,-1
2023201325635,2023,201325635,1,-1,0,18,19,8,4,0,0,0,0,0,0,0,1,1,6,6,3,-1,-1,-1,-1,-1,-1,-1,-1,0,-1
2023471305998,2023,471305998,1,97,0,-1,-1,8,3,-1,-1,0,-1,-1,-1,0,-1,1,6,6,1,17,4,-1,-1,-1,-1,4,E01020971,0,-1
2023471262014,2023,471262014,2,1,0,18,19,4,8,0,0,1,0,0,0,0,1,1,1,1,1,49,8,-1,-1,-1,-1,7,E01021010,0,-1
2023311325297,2023,311325297,2,19,0,5,5,4,1,9,9,0,0,0,0,0,0,1,6,6,1,30,6,-1,-1,-1,-1,-1,-1,0,-1
2023010456182,2023,010456182,1,1,9,99,99,9,9,99,99,9,9,99,9,99,9,1,2,2,2,49,8,-1,-1,-1,-1,5,E01004560,0,-1
2023991416532,2023,991416532,1,-1,0,18,19,3,7,0,0,2,0,0,0,0,1,1,6,6,3,20,4,-1,-1,-1,-1,-1,-1,0,-1
2023430272918,2023,430272918,1,9,0,7,7,4,5,0,0,4,0,0,0,0,4,1,6,6,1,60,9,-1,-1,-1,-1,-1,-1,0,-1
2023302301853,2023,302301853,1,9,0,9,9,1,6,0,0,8,0,0,0,0,3,1,6,6,3,-1,-1,-1,-1,-1,-1,5,E01019456,0,-1
2023201338811,2023,201338811,1,9,0,18,19,7,3,0,0,0,0,0,0,0,3,1,5,6,1,-1,-1,-1,-1,-1,-1,-1,-1,0,-1
2023122300967,2023,122300967,1,1,0,16,19,8,5,0,0,0,1,0,0,0,1,1,6,6,1,35,6,-1,-1,-1,-1,8,E01008801,0,-1
2023401261067,2023,401261067,1,9,0,18,19,4,8,0,0,0,0,0,0,0,1,1,6,6,3,-1,-1,-1,-1,-1,-1,-1,-1,0,-1
2023351381230,2023,351381230,2,90,0,9,9,7,3,0,0,0,0,0,0,0,2,1,5,6,2,32,6,-1,-1,-1,-1,9,E01018010,0,-1
2023010475079,2023,010475079,1,9,9,99,99,9,9,99,99,9,9,99,9,99,9,9,6,6,3,-1,-1,-1,-1,-1,-1,-1,-1,0,-1
2023010432244,2023,010432244,2,9,0,99,99,9,9,99,99,0,9,99,9,99,9,9,6,6,3,-1,-1,-1,-1,-1,-1,-1,-1,0,-1
2023501293561,2023,501293561,2,9,0,16,19,3,8,0,0,2,0,0,0,0,4,1,1,1,1,59,9,-1,-1,-1,-1,9,E01020163,0,-1
2023010450352,2023,010450352,2,9,9,99,99,9,9,99,99,9,9,99,9,99,9,9,6,6,3,-1,-1,-1,-1,-1,-1,-1,-1,0,-1
2023440395728,2023,440395728,1,1,0,18,19,8,4,0,0,0,0,0,0,0,1,1,6,6,1,13,3,-1,-1,-1,-1,8,E01022491,0,-1
2023010420953,2023,010420953,1,3,0,99,99,9,9,99,99,9,9,99,9,99,1,1,6,6,3,-1,-1,-1,-1,-1,-1,-1,-1,0,-1
2023201300486,2023,201300486,2,1,0,5,5,2,6,0,0,0,0,0,0,0,1,1,6,6,1,28,6,-1,-1,-1,-1,3,E01009838,0,-1
2023430505618,2023,430505618,1,9,0,16,19,2,5,0,0,0,0,0,1,0,1,1,2,2,1,40,7,-1,-1,-1,-1,-1,-1,0,-1
2023471287980,2023,471287980,2,1,0,17,19,1,5,4,4,8,5,0,0,0,3,1,6,6,1,17,4,-1,-1,-1,-1,10,E01031485,0,-1
2023131349700,2023,131349700,1,3,0,18,19,1,3,9,9,0,0,0,0,0,1,1,5,6,1,15,3,-1,-1,-1,-1,1,E01011850,0,-1
2023440098103,2023,440098103,1,5,0,18,19,4,8,0,0,0,1,0,0,0,4,1,6,6,1,30,6,-1,-1,-1,-1,5,E01022656,0,-1
2023302300193,2023,302300193,1,19,0,18,19,8,4,0,0,0,0,0,0,0,4,1,6,6,3,-1,-1,-1,-1,-1,-1,5,E01019456,0,-1
2023461321401,2023,461321401,2,1,0,18,19,1,5,0,0,0,0,0,0,0,1,1,6,6,1,11,3,-1,-1,-1,-1,5,E01016165,0,-1
2023161320007,2023,161320007,1,1,0,18,19,1,5,0,0,6,0,0,0,0,2,1,6,6,1,15,3,-1,-1,-1,-1,2,E01013315,0,-1
2023061387414,2023,061387414,2,1,0,18,19,8,4,0,0,8,0,0,0,0,1,1,1,1,1,18,4,-1,-1,-1,-1,4,E01005300,0,-1
2023122301078,2023,122301078,1,9,0,2,2,0,0,0,0,0,0,0,0,0,2,1,6,6,1,20,4,-1,-1,-1,-1,1,E01027804,0,-1
2023141293590,2023,141293590,1,1,0,18,19,8,5,0,0,2,5,0,0,0,4,1,5,6,1,49,8,-1,-1,-1,-1,7,E01007692,0,-1
2023010436099,2023,010436099,2,1,0,15,15,5,1,0,0,1,0,0,0,0,1,1,6,6,1,60,9,-1,-1,-1,-1,1,E01002036,0,-1
2023991358538,2023,991358538,2,1,0,9,9,5,3,0,0,1,1,0,0,0,1,1,6,6,1,-1,-1,-1,-1,-1,-1,-1,-1,0,-1
2023131348177,2023,131348177,2,1,0,18,19,3,7,0,0,8,0,0,0,0,1,1,5,6,1,21,5,-1,-1,-1,-1,5,E01011736,0,-1
2023111376665,2023,111376665,2,1,0,18,19,1,5,0,0,1,0,0,0,0,3,1,6,6,1,12,3,-1,-1,-1,-1,1,E01020671,0,-1
2023461377866,2023,461377866,2,9,0,18,19,3,7,0,0,0,0,0,0,0,2,1,2,2,1,56,9,-1,-1,-1,-1,5,E01016149,0,-1
2023101380271,2023,101380271,1,9,0,18,19,8,4,0,0,8,0,0,0,0,1,1,6,6,1,22,5,-1,-1,-1,-1,-1,-1,0,-1
2023201292347,2023,201292347,1,1,0,18,19,8,4,0,0,1,0,0,0,0,1,1,6,6,1,25,5,-1,-1,-1,-1,5,E01009032,0,-1
2023122400037,2023,122400037,2,1,0,17,19,7,3,0,0,1,0,0,0,0,1,1,6,6,1,73,10,-1,-1,-1,-1,7,E01027761,0,-1
2023371330501,2023,371330501,1,1,0,18,19,7,3,0,0,0,5,0,0,0,0,1,4,7,1,9,2,-1,-1,-1,-1,9,E01030107,0,-1
2023010480309,2023,010480309,1,1,9,99,99,9,9,99,99,9,9,99,9,99,1,1,6,6,1,61,9,-1,-1,-1,-1,7,E01002835,0,-1
2023421319065,2023,421319065,1,9,0,18,19,3,7,0,0,0,0,0,0,0,1,1,6,6,3,-1,-1,-1,-1,-1,-1,-1,-1,0,-1
2023302300823,2023,302300823,1,1,0,17,19,6,2,0,0,0,0,11,0,0,4,1,6,6,2,59,9,-1,-1,-1,-1,5,E01019741,0,-1
2023061343773,2023,061343773,1,19,0,17,19,5,1,0,0,1,0,0,0,0,4,1,6,6,1,-1,-1,-1,-1,-1,-1,-1,-1,0,-1
2023311378202,2023,311378202,2,9,0,7,7,1,4,0,0,5,0,0,0,0,4,1,6,6,1,-1,-1,-1,-1,-1,-1,-1,-1,0,-1
2023201341318,2023,201341318,2,9,0,18,19,6,2,0,0,8,0,0,0,0,3,1,6,6,2,24,5,-1,-1,-1,-1,8,E01010241,0,-1
2023010464048,2023,010464048,2,1,0,18,19,1,5,9,9,0,0,0,0,0,1,1,6,6,1,7,2,-1,-1,-1,-1,3,E01003841,0,-1
2023540590723,2023,540590723,2,1,0,18,19,2,6,0,0,1,0,0,0,0,3,1,2,2,2,67,10,-1,-1,-1,-1,7,E01015581,0,-1
2023340WN5862,2023,340WN5862,3,19,0,18,19,1,4,0,0,0,0,0,0,0,2,1,6,6,3,-1,-1,-1,-1,-1,-1,-1,-1,0,-1
2023501345244,2023,501345244,2,9,0,17,19,8,4,0,0,0,0,0,1,0,3,1,1,1,1,39,7,-1,-1,-1,-1,4,E01015042,0,-1
2023070310509,2023,070310509,2,-1,0,18,19,5,1,0,0,8,0,0,0,0,4,1,2,2,2,29,6,-1,-1,-1,-1,8,E01018345,1,-1
2023302300883,2023,302300883,1,11,0,18,19,8,4,0,0,1,0,0,0,0,4,1,1,1,3,-1,-1,-1,-1,-1,-1,5,E01019456,0,-1
2023320099644,2023,320099644,2,9,0,4,4,8,4,0,0,1,0,0,0,0,0,1,2,2,2,24,5,-1,-1,-1,-1,8,E01026062,0,-1
2023010483190,2023,010483190,1,9,0,99,99,9,9,99,99,9,9,99,9,99,1,9,6,6,2,49,8,-1,-1,-1,-1,10,E01023483,0,-1
2023010448405,2023,010448405,2,9,0,99,99,9,9,0,0,0,0,0,0,0,1,1,6,6,3,-1,-1,-1,-1,-1,-1,-1,-1,0,-1
2023201285352,2023,201285352,2,9,0,18,19,6,2,0,0,0,0,0,0,0,2,1,1,1,3,57,9,-1,-1,-1,-1,2,E01009082,0,-1
2023631384745,2023,631384745,1,9,0,18,19,5,1,0,0,0,0,0,0,0,4,1,6,6,3,-1,-1,-1,-1,-1,-1,-1,-1,0,-1
2023451265079,2023,451265079,2,9,0,18,19,1,1,0,0,0,0,0,0,0,3,1,6,6,1,63,9,-1,-1,-1,-1,8,E01000989,0,-1
2023052300484,2023,052300484,2,1,0,18,19,5,1,0,0,8,0,0,0,0,4,1,1,1,1,28,6,-1,-1,-1,-1,1,E01007290,0,-1
2023052301401,2023,052301401,2,1,0,18,19,3,7,0,0,3,0,0,0,0,4,1,6,6,2,36,7,-1,-1,-1,-1,7,E01006424,0,-1
2023010443062,2023,010443062,2,1,0,4,4,3,7,0,0,1,0,0,0,0,1,1,6,6,1,38,7,-1,-1,-1,-1,5,E01004601,0,-1
2023010432804,2023,010432804,1,9,0,18,19,5,1,0,0,0,0,0,0,0,1,1,6,6,1,46,8,-1,-1,-1,-1,-1,-1,0,-1
2023010447569,2023,010447569,1,1,9,99,99,9,9,99,99,9,9,99,9,99,1,1,2,2,1,27,6,-1,-1,-1,-1,5,E01001852,0,-1
2023041317455,2023,041317455,1,98,0,18,19,3,7,0,0,8,0,0,0,0,4,1,1,1,1,30,6,-1,-1,-1,-1,2,E01025292,0,-1
2023070533755,2023,070533755,1,9,0,9,9,7,5,0,0,8,0,0,0,0,1,1,6,6,1,-1,-1,-1,-1,-1,-1,-1,-1,0,-1
2023010472907,2023,010472907,2,9,0,99,99,9,9,99,99,9,9,99,9,99,1,9,6,6,3,54,8,-1,-1,-1,-1,3,E01004600,0,-1
2023131307143,2023,131307143,1,9,0,-1,-1,-1,-1,-1,-1,-1,-1,-1,-1,-1,-1,1,6,6,3,-1,-1,-1,-1,-1,-1,-1,-1,0,-1
2023351273435,2023,351273435,1,9,0,9,9,7,1,0,0,1,0,0,0,0,4,1,6,6,3,-1,-1,-1,-1,-1,-1,-1,-1,0,-1
2023991266021,2023,991266021,1,9,0,17,19,2,7,0,0,0,0,0,2,0,4,1,5,6,1,17,4,-1,-1,-1,-1,8,-1,0,-1
2023991383143,2023,991383143,1,9,0,18,19,2,6,0,0,6,5,0,0,0,4,1,2,2,1,37,7,-1,-1,-1,-1,4,-1,0,-1
2023371346471,2023,371346471,3,98,1,18,19,2,6,0,0,0,0,0,0,0,0,1,1,1,1,53,8,-1,-1,-1,-1,-1,-1,0,-1
2023991317838,2023,991317838,3,98,0,2,2,0,0,0,0,1,0,0,0,0,3,2,6,6,3,-1,-1,-1,-1,-1,-1,-1,-1,0,-1
2023552301237,2023,552301237,2,1,0,18,19,4,8,5,5,8,0,0,0,0,1,1,6,6,1,63,9,-1,-1,-1,-1,8,E01031603,0,-1
2023052302605,2023,052302605,1,1,0,18,19,4,8,0,0,0,0,0,0,0,1,1,6,6,1,12,3,-1,-1,-1,-1,1,E01007122,0,-1
2023451263500,2023,451263500,1,1,0,18,19,1,5,0,0,0,5,0,0,0,0,1,5,6,1,63,9,-1,-1,-1,-1,8,E01030405,0,-1