collision_index,collision_year,collision_ref_no,vehicle_reference,vehicle_type,towing_and_articulation,vehicle_manoeuvre_historic,vehicle_manoeuvre,vehicle_direction_from,vehicle_direction_to,vehicle_location_restricted_lane_historic,vehicle_location_restricted_lane,junction_location,skidding_and_overturning,hit_object_in_carriageway,vehicle_leaving_carriageway,hit_object_off_carriageway,first_point_of_impact,vehicle_left_hand_drive,journey_purpose_of_driver_historic,journey_purpose_of_driver,sex_of_driver,age_of_driver,age_band_of_driver,engine_capacity_cc,propulsion_code,age_of_vehicle,generic_make_model,driver_imd_decile,lsoa_of_driver,escooter_flag,driver_distance_banding
2023451377689,2023,451377689,1,9,0,18,19,7,3,0,0,0,0,0,0,0,1,1,2,2,1,39,7,-1,-1,-1,-1,9,E01016683,0,-1
2023461326626,2023,461326626,2,21,0,4,4,3,7,0,0,0,0,0,0,0,1,1,1,1,1,39,7,-1,-1,-1,-1,4,E01024622,0,-1
2023010439609,2023,010439609,2,1,9,99,99,9,9,99,99,9,9,99,9,99,1,1,6,6,3,-1,-1,-1,-1,-1,-1,-1,-1,0,-1
2023010446520,2023,010446520,2,9,0,6,6,9,9,99,99,9,9,99,9,99,9,9,6,6,3,-1,-1,-1,-1,-1,-1,-1,-1,0,-1
2023430260196,2023,430260196,1,1,0,18,19,1,5,0,0,8,0,0,0,0,4,1,2,2,1,57,9,-1,-1,-1,-1,3,E01016490,0,-1
2023041269394,2023,041269394,1,9,0,13,13,-1,-1,0,0,1,0,0,0,0,1,1,6,6,3,-1,-1,-1,-1,-1,-1,-1,-1,0,-1
2023010453919,2023,010453919,1,1,9,99,99,9,9,99,99,9,9,99,9,99,9,1,6,6,1,31,6,-1,-1,-1,-1,2,E01001980,0,-1
2023401276128,2023,401276128,1,98,0,18,19,5,1,0,0,0,0,0,0,0,1,1,1,1,1,31,6,-1,-1,-1,-1,-1,-1,0,-1
2023440255110,2023,440255110,2,9,0,7,7,2,4,0,0,6,0,0,0,0,3,1,6,6,3,-1,-1,-1,-1,-1,-1,-1,-1,0,-1
2023010455953,2023,010455953,2,9,0,99,99,9,9,99,99,9,9,99,9,99,1,9,6,6,3,-1,-1,-1,-1,-1,-1,-1,-1,0,-1
2023991316863,2023,991316863,2,1,0,9,9,1,5,0,0,1,0,0,0,0,1,1,6,6,2,26,6,-1,-1,-1,-1,-1,-1,0,-1
2023440111599,2023,440111599,1,1,0,18,19,7,3,0,0,0,0,0,0,0,1,1,6,6,1,19,4,-1,-1,-1,-1,2,E01022819,0,-1
2023440200331,2023,440200331,2,1,0,5,5,8,4,0,0,0,0,0,0,0,3,1,6,6,1,15,3,-1,-1,-1,-1,7,E01023116,0,-1
2023010469195,2023,010469195,2,-1,0,18,19,5,1,2,2,1,2,0,1,10,2,1,6,6,1,19,4,-1,-1,-1,-1,2,E01001172,1,-1
2023010432469,2023,010432469,1,1,9,99,99,9,9,99,99,0,9,99,9,99,9,1,2,2,1,22,5,-1,-1,-1,-1,6,E01002005,0,-1
2023430491028,2023,430491028,1,8,0,5,5,4,8,0,0,4,0,0,0,0,1,1,1,1,1,64,9,-1,-1,-1,-1,4,E01028532,0,-1
2023052302625,2023,052302625,1,9,0,18,19,3,7,0,0,0,0,0,0,0,1,1,6,6,2,37,7,-1,-1,-1,-1,1,E01006690,0,-1
2023531401745,2023,531401745,1,9,0,18,19,5,1,0,0,0,0,0,0,0,1,1,3,7,2,41,7,-1,-1,-1,-1,10,E01022439,0,-1
2023451352983,2023,451352983,1,1,0,18,19,7,3,0,0,0,0,0,0,0,0,1,2,2,1,19,4,-1,-1,-1,-1,9,E01030761,0,-1
2023340WN7222,2023,340WN7222,1,1,0,18,19,2,6,0,0,6,1,0,0,0,1,1,6,6,1,19,4,-1,-1,-1,-1,-1,-1,0,-1
2023010453204,2023,010453204,2,1,0,18,19,7,3,0,0,6,0,0,0,0,1,1,6,6,1,43,7,-1,-1,-1,-1,5,E01004374,0,-1
2023201377014,2023,201377014,2,1,0,5,5,4,1,0,0,8,0,0,0,0,1,1,6,6,1,9,2,-1,-1,-1,-1,1,E01010445,0,-1
2023010467798,2023,010467798,1,2,0,12,12,7,3,0,0,0,0,0,7,0,1,1,6,6,1,23,5,-1,-1,-1,-1,-1,-1,0,-1
2023371308598,2023,371308598,3,1,0,18,19,7,8,0,0,0,0,0,0,0,1,1,6,6,1,55,8,-1,-1,-1,-1,10,E01030205,0,-1
2023052302084,2023,052302084,2,1,0,18,19,3,7,0,0,0,0,0,0,0,1,1,6,6,1,19,4,-1,-1,-1,-1,1,E01007129,0,-1
2023010485356,2023,010485356,2,1,0,5,5,7,3,0,0,5,0,0,0,0,1,1,6,6,1,24,5,-1,-1,-1,-1,3,E01004022,0,-1
2023461347205,2023,461347205,2,4,0,18,19,3,7,0,0,7,0,0,0,0,4,1,5,6,1,56,9,-1,-1,-1,-1,2,E01024391,0,-1
2023501366130,2023,501366130,2,9,0,18,19,7,5,0,0,1,0,0,0,0,1,1,6,6,1,64,9,-1,-1,-1,-1,5,E01020303,0,-1
2023351324062,2023,351324062,2,1,0,18,19,4,8,0,0,1,0,0,0,0,4,1,5,6,1,-1,-1,-1,-1,-1,-1,8,E01018003,0,-1
2023351358980,2023,351358980,3,9,0,8,8,5,1,0,0,1,0,0,0,0,2,1,6,6,3,-1,-1,-1,-1,-1,-1,-1,-1,0,-1
2023201391286,2023,201391286,1,9,0,18,19,2,6,0,0,8,0,0,0,0,1,1,6,6,3,-1,-1,-1,-1,-1,-1,-1,-1,0,-1
2023122300187,2023,122300187,2,1,0,18,19,2,6,0,0,0,0,0,0,0,3,1,2,2,1,39,7,-1,-1,-1,-1,6,E01027734,0,-1
202360A073474,2023,60A073474,2,1,0,18,19,7,3,0,0,2,0,0,0,0,2,1,6,6,1,75,10,-1,-1,-1,-1,-1,-1,0,-1
2023010485427,2023,010485427,2,1,0,18,19,3,7,0,0,1,0,0,0,0,1,1,1,1,1,24,5,-1,-1,-1,-1,4,E01002444,0,-1
2023061380396,2023,061380396,2,9,0,18,19,1,5,0,0,1,0,0,0,0,1,1,6,6,3,98,11,-1,-1,-1,-1,-1,-1,0,-1
2023052301843,2023,052301843,2,9,0,18,19,8,4,0,0,1,0,0,0,0,2,1,6,6,1,20,4,-1,-1,-1,-1,1,E01006741,0,-1
2023201418584,2023,201418584,1,9,0,7,7,2,4,0,0,5,0,0,0,0,1,1,6,6,1,-1,-1,-1,-1,-1,-1,-1,-1,0,-1
2023520400195,2023,520400195,2,1,0,99,99,9,9,0,0,0,0,0,0,0,4,1,6,6,3,-1,-1,-1,-1,-1,-1,-1,-1,0,-1
2023430197336,2023,430197336,2,1,0,18,19,2,6,0,0,4,0,0,0,0,2,1,6,6,2,64,9,-1,-1,-1,-1,10,E01016528,0,-1
202363B026023,2023,63B026023,2,9,0,18,19,4,8,0,0,0,0,0,0,0,0,1,6,6,3,-1,-1,-1,-1,-1,-1,-1,-1,0,-1
2023010420666,2023,010420666,2,1,0,18,19,7,3,0,0,8,0,0,0,0,0,1,6,6,1,65,9,-1,-1,-1,-1,3,E01003244,0,-1
2023101322242,2023,101322242,2,1,0,3,3,2,6,0,0,8,0,0,0,0,2,1,5,6,1,70,10,-1,-1,-1,-1,10,E01008365,0,-1
2023010458982,2023,010458982,2,-1,0,4,4,3,7,0,0,8,0,0,0,0,1,1,6,6,1,42,7,-1,-1,-1,-1,2,E01015704,1,-1
2023010481400,2023,010481400,2,1,9,99,99,9,9,99,99,9,9,99,9,99,9,1,6,6,3,-1,-1,-1,-1,-1,-1,-1,-1,0,-1
2023201463222,2023,201463222,1,9,0,18,19,2,6,0,0,2,0,0,0,0,1,1,2,2,1,21,5,-1,-1,-1,-1,1,E01009192,0,-1
2023010423544,2023,010423544,1,1,9,99,99,9,9,99,99,9,9,99,9,99,1,1,2,2,2,39,7,-1,-1,-1,-1,1,E01004674,0,-1
2023430149913,2023,430149913,2,20,0,18,19,7,3,0,0,0,0,0,0,0,3,1,6,6,1,-1,-1,-1,-1,-1,-1,-1,-1,0,-1
2023461278177,2023,461278177,2,1,0,18,19,3,7,0,0,0,0,0,0,0,3,1,6,6,1,26,6,-1,-1,-1,-1,9,E01000765,0,-1
2023010432138,2023,010432138,2,1,9,99,99,9,9,99,99,9,9,99,9,99,1,1,6,6,1,-1,-1,-1,-1,-1,-1,-1,-1,0,-1
2023010484337,2023,010484337,2,1,0,15,15,3,7,4,4,1,2,0,0,0,1,1,6,6,1,37,7,-1,-1,-1,-1,-1,-1,0,-1
2023041343291,2023,041343291,1,9,0,18,19,7,3,0,0,0,-1,-1,-1,0,-1,1,6,6,3,-1,-1,-1,-1,-1,-1,-1,-1,0,-1
2023340WN3592,2023,340WN3592,1,9,0,1,1,6,2,0,0,5,0,0,0,0,2,1,1,1,1,69,10,-1,-1,-1,-1,10,E01027283,0,-1
2023522400826,2023,522400826,1,8,0,18,19,4,8,0,0,0,0,0,0,0,1,1,6,6,1,-1,-1,-1,-1,-1,-1,-1,-1,0,-1
2023010467945,2023,010467945,1,1,9,99,99,9,9,99,99,9,9,99,9,99,1,1,2,2,1,30,6,-1,-1,-1,-1,2,E01000141,0,-1
2023421309587,2023,421309587,2,1,0,18,19,4,8,0,0,4,0,0,0,0,2,1,5,6,1,55,8,-1,-1,-1,-1,8,E01033461,0,-1
2023131376350,2023,131376350,2,9,0,-1,-1,-1,-1,-1,-1,0,-1,-1,-1,0,-1,1,6,6,1,-1,-1,-1,-1,-1,-1,-1,-1,0,-1
2023991299882,2023,991299882,2,1,0,18,19,3,6,0,0,0,5,0,0,0,3,1,5,6,1,79,11,-1,-1,-1,-1,4,-1,0,-1
2023010470666,2023,010470666,2,1,0,7,7,5,6,0,0,1,0,0,0,0,0,1,6,6,1,31,6,-1,-1,-1,-1,5,E01003139,0,-1
2023311371941,2023,311371941,2,1,0,18,19,4,7,9,9,0,0,0,1,0,3,1,6,6,1,68,10,-1,-1,-1,-1,-1,-1,0,-1
2023201390419,2023,201390419,1,9,0,18,19,6,2,0,0,1,0,0,0,0,1,1,5,6,3,-1,-1,-1,-1,-1,-1,-1,-1,0,-1
2023101344969,2023,101344969,1,9,0,9,9,5,3,0,0,1,0,0,0,0,1,2,5,6,1,43,7,-1,-1,-1,-1,-1,-1,0,-1
2023471379426,2023,471379426,1,9,0,11,11,8,4,0,0,0,1,0,1,2,3,1,5,6,1,26,6,-1,-1,-1,-1,4,E01031433,0,-1
2023421376564,2023,421376564,1,17,1,18,19,-1,-1,0,0,8,0,0,0,0,-1,1,1,1,3,-1,-1,-1,-1,-1,-1,-1,-1,0,-1
2023010427291,2023,010427291,3,9,0,18,19,3,7,0,0,0,0,0,0,0,2,1,6,6,3,-1,-1,-1,-1,-1,-1,-1,-1,0,-1
2023461321401,2023,461321401,1,4,0,18,19,7,3,0,0,0,0,0,0,0,1,1,6,6,3,-1,-1,-1,-1,-1,-1,-1,-1,0,-1
2023101328631,2023,101328631,1,9,0,9,9,3,1,0,0,2,0,0,0,0,1,1,1,1,1,54,8,-1,-1,-1,-1,4,E01008502,0,-1
2023991311447,2023,991311447,1,5,0,17,19,7,3,0,0,0,0,0,0,0,1,1,6,6,1,65,9,-1,-1,-1,-1,-1,-1,0,-1
2023430508259,2023,430508259,1,9,0,8,8,7,1,0,0,1,0,0,0,0,1,1,6,6,2,36,7,-1,-1,-1,-1,6,E01032417,0,-1
2023501263362,2023,501263362,1,9,0,7,7,-1,-1,4,4,0,0,11,1,0,4,1,6,6,1,-1,-1,-1,-1,-1,-1,-1,-1,0,-1
2023361317007,2023,361317007,1,9,-1,18,19,2,6,0,0,0,0,0,0,0,1,1,6,6,3,-1,-1,-1,-1,-1,-1,-1,-1,0,-1
2023010425797,2023,010425797,2,1,0,18,19,2,6,0,0,8,0,0,0,0,4,1,2,2,1,19,4,-1,-1,-1,-1,8,E01002294,0,-1
2023991360854,2023,991360854,1,9,0,18,19,1,5,0,0,0,0,0,0,0,1,2,5,6,1,24,5,-1,-1,-1,-1,-1,-1,0,-1
2023411368487,2023,411368487,1,9,0,18,19,5,3,0,0,4,0,0,0,0,1,1,6,6,3,-1,-1,-1,-1,-1,-1,-1,-1,0,-1
2023340WN2572,2023,340WN2572,1,23,0,18,19,7,3,0,0,0,2,0,1,11,1,1,6,6,1,27,6,-1,-1,-1,-1,6,E01032977,0,-1
2023010436066,2023,010436066,1,5,0,99,99,9,9,99,99,9,9,99,9,99,2,1,2,2,2,40,7,-1,-1,-1,-1,9,E01003893,0,-1
2023430154384,2023,430154384,2,90,0,13,13,7,3,0,0,0,0,0,0,0,2,1,1,1,1,65,9,-1,-1,-1,-1,8,E01031205,0,-1
2023351357528,2023,351357528,2,9,0,7,7,4,8,0,0,4,0,0,0,0,1,1,6,6,1,31,6,-1,-1,-1,-1,10,E01018216,0,-1
2023010449937,2023,010449937,2,1,0,7,7,7,1,0,0,6,0,0,0,0,1,1,6,6,1,26,6,-1,-1,-1,-1,2,E01004268,0,-1
2023421410292,2023,421410292,1,9,0,18,19,1,5,0,0,1,0,0,0,0,4,1,6,6,2,-1,-1,-1,-1,-1,-1,-1,-1,0,-1
2023340NN1302,2023,340NN1302,2,1,0,5,5,8,4,0,0,2,0,0,0,0,1,1,6,6,1,11,3,-1,-1,-1,-1,4,E01027069,0,-1
2023451287283,2023,451287283,1,1,0,18,19,1,5,4,4,1,5,0,0,0,1,1,1,1,1,46,8,-1,-1,-1,-1,5,E01030464,0,-1
202354C310923,2023,54C310923,1,9,0,18,19,3,7,0,0,0,0,4,0,0,1,1,6,6,1,76,11,-1,-1,-1,-1,4,E01032036,0,-1
2023311274484,2023,311274484,2,21,1,10,10,8,6,0,0,0,0,0,0,0,1,1,1,1,1,55,8,-1,-1,-1,-1,-1,-1,0,-1
2023221264205,2023,221264205,1,9,0,4,4,8,4,0,0,1,0,0,0,0,1,1,6,6,2,68,10,-1,-1,-1,-1,3,E01032242,0,-1
2023010438558,2023,010438558,1,1,9,99,99,9,9,99,99,9,9,99,9,99,9,1,6,6,1,35,6,-1,-1,-1,-1,7,E01001888,0,-1
2023052300317,2023,052300317,1,9,0,18,19,1,5,0,0,0,0,0,0,0,4,1,6,6,3,-1,-1,-1,-1,-1,-1,-1,-1,0,-1
2023010420925,2023,010420925,2,9,0,99,99,9,9,99,99,9,9,99,9,99,9,9,6,6,3,-1,-1,-1,-1,-1,-1,-1,-1,0,-1
2023501327350,2023,501327350,2,1,0,17,19,4,8,0,0,0,0,0,0,0,4,1,6,6,1,17,4,-1,-1,-1,-1,4,E01018951,0,-1
2023501301771,2023,501301771,2,1,0,18,19,5,2,0,0,8,5,0,0,0,2,1,6,6,1,51,8,-1,-1,-1,-1,5,E01015070,0,-1
2023010451930,2023,010451930,2,1,0,18,19,1,5,0,0,1,0,0,0,0,1,1,6,6,1,20,4,-1,-1,-1,-1,3,E01003154,0,-1
2023010454347,2023,010454347,2,1,0,18,19,7,3,0,0,6,0,0,0,0,2,1,1,1,2,23,5,-1,-1,-1,-1,5,E01000920,0,-1
2023522400684,2023,522400684,2,9,0,18,19,2,6,0,0,0,0,0,0,0,1,1,6,6,3,-1,-1,-1,-1,-1,-1,-1,-1,0,-1
2023311392519,2023,311392519,1,9,0,5,5,1,5,0,0,8,0,0,0,0,4,1,6,6,1,55,8,-1,-1,-1,-1,2,E01028275,0,-1
2023101286897,2023,101286897,2,1,0,18,19,1,5,0,0,8,0,0,0,0,1,1,2,2,1,52,8,-1,-1,-1,-1,4,E01008582,0,-1
2023471293973,2023,471293973,1,1,0,16,19,3,6,0,0,1,1,0,0,0,3,1,6,6,1,-1,-1,-1,-1,-1,-1,10,E01028662,0,-1
2023161346324,2023,161346324,1,9,0,18,19,4,8,0,0,0,0,0,0,0,4,1,6,6,3,-1,-1,-1,-1,-1,-1,-1,-1,0,-1
2023010429173,2023,010429173,1,23,0,18,19,4,8,9,9,0,0,0,0,0,1,1,6,6,1,19,4,-1,-1,-1,-1,-1,-1,0,-1
2023430464792,2023,430464792,3,1,0,9,9,2,8,0,0,1,0,0,0,0,0,1,6,6,2,35,6,-1,-1,-1,-1,9,E01032954,0,-1
2023552300604,2023,552300604,1,1,0,5,5,2,7,0,0,6,0,0,0,0,2,1,6,6,1,50,8,-1,-1,-1,-1,5,E01020512,0,-1
2023221324507,2023,221324507,2,1,0,7,7,7,1,0,0,5,1,0,0,0,1,1,6,6,1,23,5,-1,-1,-1,-1,7,E01014029,0,-1
2023061373698,2023,061373698,2,1,0,18,19,3,7,9,9,1,5,0,7,0,4,1,6,6,1,51,8,-1,-1,-1,-1,5,E01005991,0,-1
2023010456500,2023,010456500,2,1,0,18,19,7,3,2,2,2,0,0,0,0,1,1,6,6,1,18,4,-1,-1,-1,-1,-1,-1,0,-1
2023451385499,2023,451385499,2,1,0,18,19,7,3,0,0,1,2,0,0,0,1,1,5,6,1,38,7,-1,-1,-1,-1,7,E01002927,0,-1
2023361393235,2023,361393235,1,9,0,-1,-1,-1,-1,0,0,8,0,0,0,0,-1,1,6,6,3,-1,-1,-1,-1,-1,-1,-1,-1,0,-1
2023131360552,2023,131360552,1,9,0,-1,-1,-1,-1,-1,-1,1,-1,-1,-1,0,-1,1,6,6,3,-1,-1,-1,-1,-1,-1,-1,-1,0,-1
2023302300782,2023,302300782,1,9,0,18,19,4,8,0,0,1,0,0,0,0,4,1,6,6,3,-1,-1,-1,-1,-1,-1,5,E01019456,0,-1
2023451360961,2023,451360961,2,9,0,18,19,7,7,0,0,0,0,0,0,0,1,1,2,2,1,31,6,-1,-1,-1,-1,7,E01030502,0,-1
2023101376888,2023,101376888,1,-1,0,18,19,3,7,0,0,6,0,4,0,0,4,1,6,6,3,-1,-1,-1,-1,-1,-1,-1,-1,0,-1
2023201412539,2023,201412539,3,9,0,3,3,3,7,0,0,0,0,0,0,0,0,1,6,6,1,-1,-1,-1,-1,-1,-1,-1,-1,0,-1
2023471285303,2023,471285303,2,1,0,5,5,5,1,0,0,8,0,0,0,0,1,1,4,7,1,11,3,-1,-1,-1,-1,6,E01031468,0,-1
2023061282636,2023,061282636,1,19,-1,-1,-1,-1,-1,-1,-1,0,-1,-1,-1,0,-1,1,6,6,3,-1,-1,-1,-1,-1,-1,-1,-1,0,-1
2023010469130,2023,010469130,1,1,9,99,99,9,9,99,99,9,9,99,9,99,1,1,2,2,1,49,8,-1,-1,-1,-1,2,E01001746,0,-1
2023430126310,2023,430126310,1,9,0,18,19,8,4,0,0,0,0,0,0,0,1,1,6,6,1,-1,-1,-1,-1,-1,-1,10,E01018121,0,-1
2023430392450,2023,430392450,1,9,0,1,1,2,6,0,0,1,0,0,0,0,2,1,6,6,1,45,7,-1,-1,-1,-1,-1,-1,0,-1
2023031350542,2023,031350542,2,9,0,1,1,2,8,0,0,1,0,0,0,0,2,1,6,6,1,25,5,-1,-1,-1,-1,-1,-1,0,-1
2023361260793,2023,361260793,2,1,0,2,2,3,7,0,0,1,0,0,0,0,3,1,6,6,1,32,6,-1,-1,-1,-1,1,E01026704,0,-1
2023544325723,2023,544325723,3,9,0,4,4,8,4,0,0,0,0,0,0,0,2,1,6,6,3,-1,-1,-1,-1,-1,-1,-1,-1,0,-1
2023451377487,2023,451377487,3,98,0,18,19,8,4,0,0,0,0,0,0,0,1,1,6,6,3,40,7,-1,-1,-1,-1,-1,-1,0,-1
2023501290007,2023,501290007,1,9,0,-1,-1,3,7,-1,-1,-1,-1,-1,-1,0,-1,1,6,6,1,-1,-1,-1,-1,-1,-1,-1,-1,0,-1
2023010444394,2023,010444394,1,1,9,99,99,9,9,99,99,9,9,99,9,99,9,1,2,2,1,27,6,-1,-1,-1,-1,4,E01004591,0,-1
2023411339080,2023,411339080,1,9,0,18,19,2,5,0,0,0,0,0,0,0,4,1,6,6,3,-1,-1,-1,-1,-1,-1,-1,-1,0,-1
2023052302609,2023,052302609,2,10,0,18,19,6,2,0,0,8,0,0,0,0,1,1,6,6,1,59,9,-1,-1,-1,-1,1,E01033763,0,-1
2023302301768,2023,302301768,1,9,0,18,19,1,5,0,0,8,0,0,0,0,1,1,6,6,3,-1,-1,-1,-1,-1,-1,5,E01019456,0,-1
2023411364672,2023,411364672,1,98,0,18,19,-1,-1,0,0,1,0,0,0,0,4,1,6,6,3,-1,-1,-1,-1,-1,-1,-1,-1,0,-1
2023161394217,2023,161394217,2,9,0,18,19,7,3,0,0,2,0,0,0,0,1,1,6,6,3,-1,-1,-1,-1,-1,-1,-1,-1,0,-1
2023052301635,2023,052301635,2,1,0,18,19,5,1,0,0,0,0,0,0,0,1,1,2,2,1,52,8,-1,-1,-1,-1,1,E01006877,0,-1
2023552300073,2023,552300073,1,1,0,18,19,1,5,0,0,8,0,0,0,0,1,1,6,6,1,15,3,-1,-1,-1,-1,10,E01015445,0,-1
2023070252902,2023,070252902,2,1,0,18,19,8,4,0,0,0,0,0,0,0,1,1,6,6,1,35,6,-1,-1,-1,-1,6,E01018479,0,-1
2023451317816,2023,451317816,4,9,0,18,19,1,5,0,0,4,0,0,0,0,0,1,6,6,3,45,7,-1,-1,-1,-1,-1,-1,0,-1
2023430046875,2023,430046875,1,9,0,9,9,6,4,9,9,6,0,0,0,0,4,1,6,6,2,42,7,-1,-1,-1,-1,10,E01016570,0,-1
2023141311266,2023,141311266,1,97,0,17,19,4,2,0,0,8,2,0,0,0,3,1,5,6,1,45,7,-1,-1,-1,-1,6,E01007695,0,-1
2023061362474,2023,061362474,1,19,0,7,7,3,6,0,0,0,0,0,0,0,1,1,6,6,3,-1,-1,-1,-1,-1,-1,-1,-1,0,-1
2023010450905,2023,010450905,2,-1,0,7,7,1,3,0,0,1,0,0,0,0,2,1,6,6,1,-1,-1,-1,-1,-1,-1,-1,-1,1,-1
2023010444628,2023,010444628,2,9,0,99,99,9,9,99,99,9,9,99,9,99,2,9,6,6,3,-1,-1,-1,-1,-1,-1,-1,-1,0,-1
2023070319570,2023,070319570,2,90,0,17,19,6,2,0,0,1,0,0,0,0,3,1,6,6,2,44,7,-1,-1,-1,-1,8,E01018649,0,-1
2023131362073,2023,131362073,2,22,0,18,19,3,7,0,0,8,0,0,0,0,4,1,5,6,1,73,10,-1,-1,-1,-1,2,E01011862,0,-1
2023010420024,2023,010420024,2,1,0,18,19,5,1,0,0,1,0,0,4,10,4,1,2,2,1,49,8,-1,-1,-1,-1,8,E01003355,0,-1
2023522300401,2023,522300401,1,1,0,18,19,1,5,0,0,8,0,0,0,0,1,1,6,6,2,27,6,-1,-1,-1,-1,4,E01014632,0,-1
2023201367208,2023,201367208,1,90,0,5,5,8,4,0,0,4,0,0,0,0,1,1,1,1,1,39,7,-1,-1,-1,-1,6,E01009281,0,-1
2023302300535,2023,302300535,2,-1,0,18,19,4,8,0,0,0,0,0,0,0,1,1,6,6,2,12,3,-1,-1,-1,-1,-1,-1,1,-1
2023161288664,2023,161288664,2,1,0,18,19,4,8,0,0,1,0,0,0,0,1,1,5,6,1,31,6,-1,-1,-1,-1,9,E01012962,0,-1
2023451372662,2023,451372662,2,9,0,18,19,1,5,0,0,8,0,0,0,0,1,1,6,6,1,40,7,-1,-1,-1,-1,-1,-1,0,-1
2023552300820,2023,552300820,2,1,0,5,5,7,3,0,0,1,0,0,0,0,2,1,6,6,2,74,10,-1,-1,-1,-1,3,E01015292,0,-1
2023201418941,2023,201418941,2,9,0,18,19,5,1,0,0,8,0,0,0,0,1,1,6,6,1,34,6,-1,-1,-1,-1,7,E01010461,0,-1
2023221310404,2023,221310404,2,9,4,18,19,1,5,0,0,8,1,0,0,0,4,1,5,6,1,20,4,-1,-1,-1,-1,4,E01032473,0,-1
2023061281229,2023,061281229,2,1,0,18,19,-1,-1,0,0,0,0,0,0,0,-1,1,6,6,3,16,4,-1,-1,-1,-1,8,E01004783,0,-1
2023430531041,2023,430531041,2,1,0,10,10,8,6,0,0,1,0,0,0,0,2,1,6,6,1,39,7,-1,-1,-1,-1,7,E01016764,0,-1
2023010459252,2023,010459252,2,9,0,1,1,3,1,0,0,8,0,0,0,0,2,1,6,6,1,51,8,-1,-1,-1,-1,5,E01003724,0,-1
2023552301165,2023,552301165,2,1,0,18,19,8,4,4,4,8,0,0,0,0,4,1,6,6,1,44,7,-1,-1,-1,-1,8,E01015370,0,-1
2023522301370,2023,522301370,1,1,0,18,19,6,2,0,0,0,0,0,0,0,1,1,6,6,2,26,6,-1,-1,-1,-1,2,E01014624,0,-1
2023401315066,2023,401315066,2,1,0,16,19,-1,-1,5,5,0,0,0,0,0,1,1,2,2,1,35,6,-1,-1,-1,-1,7,E01017431,0,-1
2023401296259,2023,401296259,1,19,0,12,12,3,7,0,0,1,0,0,0,0,2,1,6,6,1,-1,-1,-1,-1,-1,-1,-1,-1,0,-1
2023522301624,2023,522301624,2,1,0,18,19,3,7,0,0,8,0,0,0,0,1,1,6,6,1,16,4,-1,-1,-1,-1,6,E01014813,0,-1
2023221383717,2023,221383717,1,20,0,18,19,1,5,0,0,4,0,0,0,0,1,1,1,1,3,46,8,-1,-1,-1,-1,-1,-1,0,-1
2023622300994,2023,622300994,2,1,0,18,19,4,8,0,0,4,0,0,0,0,1,1,6,6,1,18,4,-1,-1,-1,-1,1,W01001835,0,-1
2023101343796,2023,101343796,2,1,0,18,19,5,1,0,0,0,0,0,0,0,2,1,5,6,1,15,3,-1,-1,-1,-1,1,E01008730,0,-1
2023201325635,2023,201325635,2,8,0,18,19,8,4,0,0,0,0,0,0,0,3,1,1,1,3,-1,-1,-1,-1,-1,-1,-1,-1,0,-1
2023010477005,2023,010477005,1,1,0,18,19,2,6,4,4,1,0,0,0,0,1,1,6,6,2,37,7,-1,-1,-1,-1,7,E01004585,0,-1
2023201403448,2023,201403448,2,1,0,18,19,6,2,0,0,0,0,0,0,0,2,1,6,6,1,31,6,-1,-1,-1,-1,2,E01009955,0,-1
2023631346578,2023,631346578,2,90,0,2,2,3,7,0,0,8,0,0,0,0,0,1,5,6,2,59,9,-1,-1,-1,-1,6,W01000575,0,-1
2023622300848,2023,622300848,2,-1,0,18,19,8,4,0,0,6,0,0,0,0,4,1,6,6,2,11,3,-1,-1,-1,-1,1,W01000866,1,-1
2023010468168,2023,010468168,2,9,0,7,7,3,5,0,0,6,9,0,0,0,1,9,6,6,3,-1,-1,-1,-1,-1,-1,-1,-1,0,-1
2023122300914,2023,122300914,2,1,0,9,9,5,3,0,0,1,0,0,0,0,4,1,6,6,1,43,7,-1,-1,-1,-1,7,E01013449,0,-1
202363D010223,2023,63D010223,2,9,0,18,19,1,5,0,0,0,0,0,1,10,1,1,6,6,1,51,8,-1,-1,-1,-1,7,W01000758,0,-1
2023061348757,2023,061348757,1,9,0,18,19,6,1,0,0,8,0,0,0,0,4,1,6,6,3,-1,-1,-1,-1,-1,-1,-1,-1,0,-1
2023010440354,2023,010440354,2,1,0,18,19,3,7,0,0,0,0,0,0,0,2,1,6,6,1,38,7,-1,-1,-1,-1,2,E01002046,0,-1
2023070974453,2023,070974453,1,9,0,9,9,2,6,0,0,1,0,0,0,0,0,1,6,6,3,-1,-1,-1,-1,-1,-1,-1,-1,0,-1
2023440417458,2023,440417458,2,1,0,18,19,7,3,0,0,8,0,0,0,0,4,1,2,2,1,29,6,-1,-1,-1,-1,1,E01017130,0,-1
2023010452852,2023,010452852,2,1,0,8,8,3,6,0,0,8,0,0,0,0,1,1,6,6,1,33,6,-1,-1,-1,-1,5,E01003144,0,-1
2023010469429,2023,010469429,1,1,9,99,99,9,9,99,99,0,9,99,9,99,9,1,6,6,2,31,6,-1,-1,-1,-1,5,E01003058,0,-1
2023610011323,2023,610011323,2,-1,0,18,19,4,8,0,0,0,0,0,0,0,1,1,6,6,1,14,3,-1,-1,-1,-1,1,W01001326,1,-1
2023122300159,2023,122300159,3,9,0,18,19,7,3,0,0,0,0,0,0,0,1,1,1,1,1,37,7,-1,-1,-1,-1,7,E01027677,0,-1
2023411357166,2023,411357166,2,1,0,18,19,1,5,0,0,8,0,0,0,0,1,1,5,6,1,53,8,-1,-1,-1,-1,9,E01017701,0,-1
202363C013323,2023,63C013323,2,1,0,17,19,1,6,0,0,0,0,0,0,0,2,1,6,6,1,54,8,-1,-1,-1,-1,6,W01000614,0,-1
2023070078332,2023,070078332,1,22,0,18,19,7,3,9,9,1,0,0,0,0,1,1,6,6,1,-1,-1,-1,-1,-1,-1,-1,-1,0,-1
2023131387479,2023,131387479,1,9,0,-1,-1,-1,-1,-1,-1,0,-1,-1,-1,-1,-1,1,6,6,3,-1,-1,-1,-1,-1,-1,-1,-1,0,-1
2023010469943,2023,010469943,2,9,0,99,99,9,9,99,99,9,9,99,9,99,9,9,6,6,2,40,7,-1,-1,-1,-1,4,E01002511,0,-1
2023052300309,2023,052300309,1,9,0,18,19,5,1,0,0,8,0,0,1,1,1,1,6,6,3,-1,-1,-1,-1,-1,-1,-1,-1,0,-1