collision_index,collision_year,collision_ref_no,vehicle_reference,vehicle_type,towing_and_articulation,vehicle_manoeuvre_historic,vehicle_manoeuvre,vehicle_direction_from,vehicle_direction_to,vehicle_location_restricted_lane_historic,vehicle_location_restricted_lane,junction_location,skidding_and_overturning,hit_object_in_carriageway,vehicle_leaving_carriageway,hit_object_off_carriageway,first_point_of_impact,vehicle_left_hand_drive,journey_purpose_of_driver_historic,journey_purpose_of_driver,sex_of_driver,age_of_driver,age_band_of_driver,engine_capacity_cc,propulsion_code,age_of_vehicle,generic_make_model,driver_imd_decile,lsoa_of_driver,escooter_flag,driver_distance_banding
2023471308420,2023,471308420,1,9,0,18,19,-1,-1,0,0,1,0,0,0,0,-1,1,6,6,3,-1,-1,-1,-1,-1,-1,-1,-1,0,-1
2023401362182,2023,401362182,1,-1,0,7,7,3,7,0,0,0,2,0,0,0,1,1,5,6,1,44,7,-1,-1,-1,-1,2,E01015703,1,-1
2023221267165,2023,221267165,1,9,0,18,19,3,7,0,0,8,0,0,0,0,1,1,6,6,3,46,8,-1,-1,-1,-1,-1,-1,0,-1
2023010449286,2023,010449286,1,1,9,99,99,9,9,99,99,9,9,99,9,99,9,1,2,2,1,31,6,-1,-1,-1,-1,3,E01004528,0,-1
2023010452458,2023,010452458,1,1,9,99,99,9,9,99,99,9,9,99,9,99,1,1,2,2,1,47,8,-1,-1,-1,-1,5,E01003307,0,-1
2023311308078,2023,311308078,2,1,0,18,19,8,4,0,0,8,0,0,0,0,4,1,6,6,2,58,9,-1,-1,-1,-1,10,E01028354,0,-1
2023201330102,2023,201330102,1,9,0,5,5,4,1,0,0,6,0,0,0,0,1,1,1,1,1,51,8,-1,-1,-1,-1,4,E01009320,0,-1
2023010466722,2023,010466722,1,2,0,18,19,1,5,0,0,1,1,0,0,0,4,1,1,1,1,49,8,-1,-1,-1,-1,3,E01000044,0,-1
2023461370436,2023,461370436,1,1,0,18,19,1,5,0,0,0,0,0,1,4,1,1,5,6,2,65,9,-1,-1,-1,-1,-1,-1,0,-1
2023302300791,2023,302300791,2,1,0,12,12,8,4,0,0,0,0,0,0,0,3,1,6,6,2,47,8,-1,-1,-1,-1,7,E01019786,0,-1
2023440204672,2023,440204672,2,9,0,4,4,5,1,0,0,1,0,0,0,0,1,1,6,6,3,-1,-1,-1,-1,-1,-1,-1,-1,0,-1
2023052300812,2023,052300812,1,9,0,18,19,3,7,0,0,0,0,0,0,0,0,1,6,6,3,-1,-1,-1,-1,-1,-1,-1,-1,0,-1
2023451379352,2023,451379352,1,1,0,18,19,1,5,0,0,1,0,0,0,0,3,1,6,6,1,32,6,-1,-1,-1,-1,4,E01030710,0,-1
2023421260898,2023,421260898,1,98,1,4,4,1,5,0,0,0,0,0,0,0,1,1,1,1,1,61,9,-1,-1,-1,-1,-1,-1,0,-1
2023052302693,2023,052302693,2,1,0,18,19,1,5,0,0,0,0,0,0,0,4,1,6,6,1,29,6,-1,-1,-1,-1,5,E01007235,0,-1
2023041354102,2023,041354102,2,1,0,18,19,-1,-1,0,0,4,0,0,0,0,1,1,6,6,1,11,3,-1,-1,-1,-1,4,E01025057,0,-1
2023010433873,2023,010433873,2,1,0,18,19,5,1,0,0,0,0,10,1,0,0,1,6,6,1,56,9,-1,-1,-1,-1,5,E01004152,0,-1
2023122301207,2023,122301207,1,19,0,9,9,7,5,0,0,6,0,0,0,0,1,1,6,6,3,-1,-1,-1,-1,-1,-1,-1,-1,0,-1
2023031343581,2023,031343581,1,9,0,4,4,2,8,0,0,4,0,0,0,0,3,1,5,6,1,23,5,-1,-1,-1,-1,5,E01019264,0,-1
2023010420802,2023,010420802,1,1,9,99,99,9,9,99,99,9,9,99,9,99,1,1,2,2,1,40,7,-1,-1,-1,-1,4,E01033730,0,-1
2023101335832,2023,101335832,1,9,0,18,19,1,3,0,0,1,0,0,0,0,1,1,6,6,1,50,8,-1,-1,-1,-1,-1,-1,0,-1
2023451359763,2023,451359763,2,1,0,5,5,7,3,0,0,0,0,0,0,0,3,1,4,7,1,14,3,-1,-1,-1,-1,7,E01030684,0,-1
2023010477953,2023,010477953,1,1,9,99,99,9,9,99,99,9,9,99,9,99,2,1,1,1,2,61,9,-1,-1,-1,-1,4,E01000965,0,-1
2023131343037,2023,131343037,2,1,0,18,19,7,3,0,0,1,0,0,0,0,0,1,5,6,1,34,6,-1,-1,-1,-1,6,E01007446,0,-1
2023471370626,2023,471370626,2,1,0,18,19,8,4,0,0,0,0,0,0,0,1,1,6,6,1,24,5,-1,-1,-1,-1,7,E01004639,0,-1
2023010441623,2023,010441623,1,1,9,99,99,9,9,99,99,9,9,99,9,99,1,1,6,6,1,26,6,-1,-1,-1,-1,9,E01004638,0,-1
2023101381727,2023,101381727,1,11,0,9,9,7,6,0,0,2,0,0,0,0,4,1,1,1,3,-1,-1,-1,-1,-1,-1,-1,-1,0,-1
2023421345306,2023,421345306,2,1,0,5,5,4,8,0,0,1,0,0,0,0,3,1,2,2,1,62,9,-1,-1,-1,-1,5,E01021426,0,-1
2023010462798,2023,010462798,1,1,0,4,4,3,7,0,0,0,0,0,0,0,2,1,6,6,2,57,9,-1,-1,-1,-1,10,E01003797,0,-1
2023311347863,2023,311347863,1,-1,0,18,19,1,5,0,0,2,0,4,0,0,2,1,6,6,1,18,4,-1,-1,-1,-1,7,E01028086,1,-1
2023302300018,2023,302300018,1,9,0,9,9,4,2,0,0,5,0,0,0,0,1,1,6,6,1,27,6,-1,-1,-1,-1,1,E01013486,0,-1
2023201416738,2023,201416738,2,-1,9,2,2,0,0,0,0,0,0,0,0,0,2,1,6,6,3,-1,-1,-1,-1,-1,-1,-1,-1,0,-1
2023461379996,2023,461379996,1,9,0,7,7,2,3,0,0,2,0,0,0,0,1,1,2,2,1,55,8,-1,-1,-1,-1,8,E01024261,0,-1
2023010469060,2023,010469060,2,1,9,99,99,9,9,99,99,9,9,99,9,99,9,1,6,6,3,-1,-1,-1,-1,-1,-1,-1,-1,0,-1
2023461318365,2023,461318365,1,9,0,18,19,3,8,0,0,1,0,0,0,0,-1,1,6,6,3,-1,-1,-1,-1,-1,-1,-1,-1,0,-1
2023430305769,2023,430305769,1,1,0,18,19,4,8,0,0,8,0,0,0,0,4,1,6,6,2,61,9,-1,-1,-1,-1,10,E01022891,0,-1
2023010436590,2023,010436590,2,1,0,18,19,3,7,4,4,1,0,0,0,0,3,1,6,6,1,33,6,-1,-1,-1,-1,5,E01001960,0,-1
2023991295146,2023,991295146,1,9,0,1,1,7,3,0,0,5,0,0,0,0,2,1,6,6,3,50,8,-1,-1,-1,-1,-1,-1,0,-1
2023430014298,2023,430014298,2,21,0,18,19,5,1,0,0,0,0,0,0,0,1,1,6,6,1,52,8,-1,-1,-1,-1,1,E01008824,0,-1
2023201390759,2023,201390759,1,19,0,18,19,1,5,0,0,1,0,0,0,0,1,1,6,6,1,-1,-1,-1,-1,-1,-1,-1,-1,0,-1
2023061298342,2023,061298342,1,9,0,18,19,5,1,0,0,1,0,0,0,0,1,1,6,6,3,30,6,-1,-1,-1,-1,-1,-1,0,-1
2023101353293,2023,101353293,1,11,0,4,4,1,5,0,0,0,0,0,0,0,0,1,1,1,1,61,9,-1,-1,-1,-1,3,E01008506,0,-1
2023311373267,2023,311373267,1,-1,0,5,5,8,1,0,0,6,0,0,1,0,0,1,3,7,1,21,5,-1,-1,-1,-1,-1,-1,1,-1
2023531289648,2023,531289648,2,1,0,18,19,3,7,0,0,4,0,0,0,0,1,1,6,6,1,61,9,-1,-1,-1,-1,9,E01022314,0,-1
2023351379995,2023,351379995,2,1,0,18,19,6,2,0,0,0,5,0,1,0,3,1,5,6,2,57,9,-1,-1,-1,-1,7,E01018064,0,-1
2023111320281,2023,111320281,2,1,0,18,19,5,1,0,0,8,0,0,0,0,4,1,6,6,1,71,10,-1,-1,-1,-1,4,E01020646,0,-1
2023010451930,2023,010451930,1,9,0,18,19,1,5,0,0,1,0,0,0,0,1,1,1,1,1,20,4,-1,-1,-1,-1,4,E01024176,0,-1
2023991330966,2023,991330966,2,1,0,16,19,7,3,0,0,0,1,0,0,0,1,1,5,6,1,28,6,-1,-1,-1,-1,5,-1,0,-1
2023501374736,2023,501374736,1,20,0,18,19,1,6,0,0,1,0,0,0,0,1,1,6,6,3,-1,-1,-1,-1,-1,-1,-1,-1,0,-1
2023548613723,2023,548613723,2,9,0,3,3,8,4,0,0,1,0,0,0,0,3,1,6,6,2,47,8,-1,-1,-1,-1,9,E01031913,0,-1
2023071145940,2023,071145940,2,19,0,4,4,2,6,0,0,4,0,0,0,0,1,1,1,1,1,-1,-1,-1,-1,-1,-1,6,E01005620,0,-1
2023430254136,2023,430254136,2,1,0,18,19,2,8,0,0,8,0,0,0,0,1,1,6,6,1,17,4,-1,-1,-1,-1,4,E01017667,0,-1
2023461325562,2023,461325562,2,1,0,18,19,3,7,0,0,1,0,0,0,0,1,1,6,6,1,35,6,-1,-1,-1,-1,3,E01016152,0,-1
2023010437763,2023,010437763,2,1,0,7,7,7,2,0,0,1,0,0,0,0,3,1,6,6,1,43,7,-1,-1,-1,-1,3,E01002605,0,-1
2023421338412,2023,421338412,1,9,0,7,7,6,1,0,0,0,0,0,0,0,3,1,5,6,2,56,9,-1,-1,-1,-1,2,E01021872,0,-1
2023131389272,2023,131389272,1,9,0,-1,-1,-1,-1,-1,-1,0,-1,-1,-1,0,-1,1,6,6,3,-1,-1,-1,-1,-1,-1,-1,-1,0,-1
2023201459038,2023,201459038,2,4,0,17,19,6,4,0,0,0,0,0,0,0,1,1,1,1,1,24,5,-1,-1,-1,-1,3,E01010137,0,-1
2023522401068,2023,522401068,2,1,0,18,19,9,9,0,0,0,0,0,0,0,9,1,6,6,1,-1,-1,-1,-1,-1,-1,-1,-1,0,-1
2023131382911,2023,131382911,2,1,0,10,10,5,3,0,0,6,0,0,0,0,1,1,6,6,1,42,7,-1,-1,-1,-1,1,E01011101,0,-1
2023122301315,2023,122301315,1,9,0,18,19,3,7,0,0,3,0,0,0,0,1,1,6,6,3,-1,-1,-1,-1,-1,-1,-1,-1,0,-1
2023010435749,2023,010435749,2,9,0,18,19,1,5,0,0,2,0,4,0,0,1,1,6,6,3,-1,-1,-1,-1,-1,-1,-1,-1,0,-1
2023101382557,2023,101382557,1,9,0,18,19,3,7,0,0,0,0,0,0,0,1,2,6,6,1,-1,-1,-1,-1,-1,-1,-1,-1,0,-1
2023401363372,2023,401363372,1,98,0,18,19,8,4,0,0,8,0,0,0,0,-1,1,6,6,1,-1,-1,-1,-1,-1,-1,-1,-1,0,-1
2023201392502,2023,201392502,1,9,0,7,7,6,8,0,0,6,0,0,0,0,1,1,5,6,3,-1,-1,-1,-1,-1,-1,-1,-1,0,-1
2023201295708,2023,201295708,1,9,0,18,19,1,5,0,0,2,0,0,0,0,1,1,6,6,3,-1,-1,-1,-1,-1,-1,-1,-1,0,-1
2023332301203,2023,332301203,1,1,0,3,3,3,7,0,0,0,0,0,0,0,2,1,2,2,1,37,7,-1,-1,-1,-1,1,E01013621,0,-1
2023461345389,2023,461345389,2,9,0,18,19,5,3,0,0,8,0,0,0,0,0,1,6,6,1,58,9,-1,-1,-1,-1,10,E01000841,0,-1
2023221263888,2023,221263888,2,1,0,9,9,8,5,0,0,5,0,0,0,0,2,1,2,2,1,49,8,-1,-1,-1,-1,6,E01014093,0,-1
2023451299478,2023,451299478,1,98,0,18,19,1,5,0,0,0,0,0,0,0,4,1,6,6,3,21,5,-1,-1,-1,-1,-1,-1,0,-1
2023010453751,2023,010453751,1,1,9,99,99,9,9,99,99,9,9,99,9,99,9,1,6,6,2,66,10,-1,-1,-1,-1,4,E01033081,0,-1
2023010419606,2023,010419606,1,1,9,99,99,9,9,99,99,9,9,99,9,99,9,1,6,6,1,45,7,-1,-1,-1,-1,6,E01000924,0,-1
2023471374853,2023,471374853,1,98,0,3,3,3,7,0,0,4,0,0,0,0,1,1,6,6,3,-1,-1,-1,-1,-1,-1,-1,-1,0,-1
2023622300473,2023,622300473,2,1,0,18,19,8,4,0,0,1,0,0,0,0,3,1,6,6,1,27,6,-1,-1,-1,-1,-1,-1,0,-1
2023010457473,2023,010457473,1,9,9,99,99,9,9,99,99,0,9,99,9,99,9,9,6,6,3,-1,-1,-1,-1,-1,-1,-1,-1,0,-1
2023010441630,2023,010441630,2,9,0,99,99,9,9,99,99,0,9,99,9,99,9,9,6,6,3,-1,-1,-1,-1,-1,-1,-1,-1,0,-1
2023010471793,2023,010471793,1,9,0,99,99,9,9,99,99,9,9,99,9,99,2,1,6,6,3,-1,-1,-1,-1,-1,-1,-1,-1,0,-1
2023440493784,2023,440493784,1,-1,0,18,19,2,6,9,9,0,0,0,0,0,1,1,6,6,1,-1,-1,-1,-1,-1,-1,-1,-1,1,-1
2023010423750,2023,010423750,2,1,0,18,19,8,4,0,0,8,0,0,0,0,1,1,2,2,1,24,5,-1,-1,-1,-1,1,E01004205,0,-1
2023302301113,2023,302301113,1,5,0,17,19,2,8,0,0,0,1,0,1,7,1,1,6,6,1,40,7,-1,-1,-1,-1,6,E01004904,0,-1
2023451311289,2023,451311289,1,1,0,4,4,3,7,0,0,1,0,0,0,0,3,1,2,2,1,49,8,-1,-1,-1,-1,5,E01030337,0,-1
2023361388251,2023,361388251,1,9,0,9,9,1,7,2,2,2,0,0,0,0,1,1,6,6,1,-1,-1,-1,-1,-1,-1,-1,-1,0,-1
2023010451706,2023,010451706,1,1,9,99,99,9,9,99,99,9,9,99,9,99,2,1,2,2,3,26,6,-1,-1,-1,-1,3,E01003989,0,-1
2023070329482,2023,070329482,1,1,0,18,19,5,1,0,0,1,0,0,0,0,1,1,4,7,1,13,3,-1,-1,-1,-1,-1,-1,0,-1
2023371277205,2023,371277205,2,1,0,18,19,1,5,0,0,1,0,0,0,0,3,1,6,6,1,64,9,-1,-1,-1,-1,1,E01030250,0,-1
2023061363288,2023,061363288,1,9,-1,-1,-1,-1,-1,-1,-1,0,-1,-1,-1,0,-1,1,6,6,3,-1,-1,-1,-1,-1,-1,-1,-1,0,-1
2023461338470,2023,461338470,1,9,0,18,19,5,1,0,0,0,0,0,0,0,4,1,6,6,3,-1,-1,-1,-1,-1,-1,-1,-1,0,-1
2023520300668,2023,520300668,1,1,0,18,19,5,2,0,0,0,0,0,0,0,2,1,6,6,2,58,9,-1,-1,-1,-1,6,E01029054,0,-1
2023610012623,2023,610012623,1,3,0,18,19,1,5,0,0,8,0,0,0,0,0,1,6,6,1,-1,-1,-1,-1,-1,-1,-1,-1,0,-1
2023421379027,2023,421379027,1,21,1,18,19,8,4,0,0,0,0,0,0,0,1,2,1,1,1,43,7,-1,-1,-1,-1,-1,-1,0,-1
2023010463304,2023,010463304,2,9,0,99,99,9,9,99,99,9,9,99,9,99,9,9,6,6,3,-1,-1,-1,-1,-1,-1,-1,-1,0,-1
2023340NN4622,2023,340NN4622,2,9,0,18,19,5,1,0,0,8,0,10,0,0,3,1,6,6,2,29,6,-1,-1,-1,-1,9,E01027052,0,-1
2023010467933,2023,010467933,1,1,9,99,99,9,9,99,99,9,9,99,9,99,1,1,6,6,1,26,6,-1,-1,-1,-1,9,E01031685,0,-1
2023411421014,2023,411421014,2,1,0,18,19,5,7,0,0,3,0,0,0,0,1,1,6,6,1,25,5,-1,-1,-1,-1,8,E01023732,0,-1
2023010430480,2023,010430480,2,9,0,99,99,9,9,99,99,9,9,99,9,99,9,9,6,6,3,-1,-1,-1,-1,-1,-1,-1,-1,0,-1
2023302300054,2023,302300054,1,20,0,18,19,7,4,0,0,4,0,0,0,0,1,1,6,6,3,-1,-1,-1,-1,-1,-1,5,E01019456,0,-1
2023111359399,2023,111359399,1,1,0,18,19,7,3,0,0,0,0,0,0,0,1,1,6,6,1,15,3,-1,-1,-1,-1,-1,-1,0,-1
2023101379798,2023,101379798,1,1,0,18,19,1,5,0,0,0,0,0,0,0,-1,1,6,6,3,40,7,-1,-1,-1,-1,-1,-1,0,-1
2023061261524,2023,061261524,1,9,0,18,19,1,5,0,0,0,0,0,0,0,1,1,1,1,1,53,8,-1,-1,-1,-1,6,E01005159,0,-1
2023010435796,2023,010435796,2,9,0,12,12,1,5,0,0,0,0,0,0,0,3,1,1,1,1,49,8,-1,-1,-1,-1,2,E01001448,0,-1
2023361337489,2023,361337489,2,1,0,18,19,8,4,0,0,0,0,0,0,0,1,1,6,6,1,-1,-1,-1,-1,-1,-1,-1,-1,0,-1
2023302301327,2023,302301327,1,9,0,18,19,6,2,0,0,2,0,0,0,0,1,1,6,6,3,-1,-1,-1,-1,-1,-1,5,E01019456,0,-1
2023421272819,2023,421272819,2,98,0,4,4,8,4,0,0,0,0,0,0,0,2,1,6,6,3,-1,-1,-1,-1,-1,-1,-1,-1,0,-1
2023302301196,2023,302301196,2,1,0,18,19,1,5,0,0,0,0,0,0,0,3,1,6,6,1,20,4,-1,-1,-1,-1,5,E01013542,0,-1
2023010472908,2023,010472908,2,9,9,99,99,9,9,99,99,9,9,99,9,99,9,9,6,6,3,-1,-1,-1,-1,-1,-1,-1,-1,0,-1
2023161361756,2023,161361756,2,1,0,5,5,1,5,0,0,0,0,0,0,0,3,1,6,6,2,17,4,-1,-1,-1,-1,6,E01012771,0,-1
2023340WN2202,2023,340WN2202,2,9,0,11,11,1,5,0,0,8,0,0,2,0,3,1,6,6,2,42,7,-1,-1,-1,-1,-1,-1,0,-1
2023421330731,2023,421330731,1,9,0,18,19,4,8,0,0,0,0,0,0,0,1,1,5,6,1,45,7,-1,-1,-1,-1,2,E01016004,0,-1
2023231382939,2023,231382939,1,9,0,9,9,2,8,0,0,5,0,0,0,0,1,1,6,6,3,38,7,-1,-1,-1,-1,-1,-1,0,-1
2023430398166,2023,430398166,2,1,0,18,19,5,1,0,0,0,0,0,0,0,3,1,6,6,2,60,9,-1,-1,-1,-1,5,E01017835,0,-1
2023440360241,2023,440360241,2,1,0,18,19,8,4,0,0,1,0,0,0,0,1,1,1,1,1,30,6,-1,-1,-1,-1,-1,-1,0,-1
2023421361116,2023,421361116,1,9,0,18,19,3,7,0,0,0,0,0,0,0,4,1,6,6,2,-1,-1,-1,-1,-1,-1,-1,-1,0,-1
2023311307564,2023,311307564,1,9,0,1,1,6,2,0,0,0,0,0,0,0,2,1,6,6,3,18,4,-1,-1,-1,-1,-1,-1,0,-1
2023070129904,2023,070129904,1,9,0,7,7,1,3,0,0,2,0,0,0,0,1,1,6,6,2,-1,-1,-1,-1,-1,-1,-1,-1,0,-1
2023010432445,2023,010432445,1,1,9,99,99,9,9,99,99,0,9,99,9,99,1,1,2,2,1,30,6,-1,-1,-1,-1,4,E01001187,0,-1
2023010481749,2023,010481749,2,1,0,18,19,1,5,0,0,1,0,10,1,0,4,1,6,6,2,25,5,-1,-1,-1,-1,7,E01004505,0,-1
2023201377262,2023,201377262,2,9,0,18,19,5,1,0,0,0,0,0,0,0,4,1,6,6,3,-1,-1,-1,-1,-1,-1,-1,-1,0,-1
2023430446396,2023,430446396,2,21,1,18,19,4,8,0,0,1,0,0,0,0,1,1,1,1,1,60,9,-1,-1,-1,-1,5,E01023411,0,-1
2023010473403,2023,010473403,1,1,9,99,99,9,9,99,99,9,9,99,9,99,9,1,6,6,1,39,7,-1,-1,-1,-1,4,E01004462,0,-1
2023430015920,2023,430015920,2,1,0,18,19,1,7,0,0,8,0,0,0,0,4,1,2,2,2,58,9,-1,-1,-1,-1,2,E01028518,0,-1
2023430137907,2023,430137907,1,1,0,18,19,4,8,0,0,6,0,0,0,0,1,1,6,6,1,45,7,-1,-1,-1,-1,-1,-1,0,-1
2023131327231,2023,131327231,1,9,0,1,1,7,3,0,0,0,0,0,0,0,2,1,6,6,3,-1,-1,-1,-1,-1,-1,-1,-1,0,-1
2023010423151,2023,010423151,2,9,0,2,2,0,0,0,0,0,0,0,0,0,2,1,6,6,3,-1,-1,-1,-1,-1,-1,-1,-1,0,-1
2023122301101,2023,122301101,1,9,0,1,1,3,5,0,0,1,0,0,0,0,2,1,6,6,2,33,6,-1,-1,-1,-1,7,E01027904,0,-1
2023141354293,2023,141354293,1,9,0,18,19,3,7,0,0,0,0,0,0,0,1,1,6,6,3,-1,-1,-1,-1,-1,-1,-1,-1,0,-1
2023421353663,2023,421353663,2,9,0,2,2,-1,-1,0,0,0,-1,-1,-1,0,2,1,6,6,3,-1,-1,-1,-1,-1,-1,-1,-1,0,-1
2023440289665,2023,440289665,2,9,0,18,19,8,4,0,0,4,0,0,0,0,1,1,6,6,1,-1,-1,-1,-1,-1,-1,-1,-1,0,-1
2023430204262,2023,430204262,1,9,0,18,19,1,5,0,0,8,0,0,0,0,1,1,6,6,2,34,6,-1,-1,-1,-1,8,E01023253,0,-1
2023440474569,2023,440474569,1,10,0,18,19,1,5,0,0,1,0,0,0,0,2,1,3,7,2,37,7,-1,-1,-1,-1,9,E01022796,0,-1
2023211277969,2023,211277969,1,9,0,1,1,2,4,9,9,0,0,0,0,0,2,1,6,6,3,30,6,-1,-1,-1,-1,-1,-1,0,-1
2023430013281,2023,430013281,2,1,0,3,3,6,2,0,0,1,0,0,0,0,2,1,2,2,2,51,8,-1,-1,-1,-1,2,E01028454,0,-1
2023440339760,2023,440339760,2,23,0,14,14,4,8,0,0,1,0,0,0,0,4,1,6,6,1,17,4,-1,-1,-1,-1,1,E01017218,0,-1
2023430034507,2023,430034507,1,9,0,18,19,8,4,0,0,6,0,0,1,0,4,1,6,6,1,25,5,-1,-1,-1,-1,9,E01027301,0,-1
2023440258101,2023,440258101,2,9,0,4,4,2,6,0,0,8,0,0,0,0,2,1,6,6,3,-1,-1,-1,-1,-1,-1,-1,-1,0,-1
2023170S21983,2023,170S21983,1,1,0,18,19,6,2,0,0,0,0,0,0,0,3,1,6,6,1,15,3,-1,-1,-1,-1,2,E01012216,0,-1
2023131367467,2023,131367467,1,9,0,18,19,5,1,0,0,0,0,0,0,0,1,1,6,6,3,-1,-1,-1,-1,-1,-1,-1,-1,0,-1
2023010456551,2023,010456551,2,19,0,13,13,3,7,0,0,1,0,0,0,0,1,1,6,6,3,-1,-1,-1,-1,-1,-1,-1,-1,0,-1
2023471309525,2023,471309525,1,1,0,18,19,7,3,0,0,0,0,0,0,0,1,1,5,6,1,31,6,-1,-1,-1,-1,9,E01001379,0,-1
2023061310094,2023,061310094,2,1,0,18,19,3,5,1,1,8,0,0,0,0,1,1,6,6,1,15,3,-1,-1,-1,-1,1,E01005113,0,-1
2023440433115,2023,440433115,2,9,0,18,19,5,1,0,0,1,0,0,0,0,1,1,6,6,2,40,7,-1,-1,-1,-1,3,E01017343,0,-1
2023010445300,2023,010445300,1,1,9,99,99,9,9,99,99,0,9,99,9,99,1,1,1,1,1,47,8,-1,-1,-1,-1,5,E01000982,0,-1
2023201337403,2023,201337403,1,9,0,18,19,5,1,0,0,0,0,0,0,0,1,1,6,6,2,-1,-1,-1,-1,-1,-1,-1,-1,0,-1
2023041330083,2023,041330083,1,1,0,18,19,7,3,0,0,1,0,0,0,0,1,1,5,6,1,19,4,-1,-1,-1,-1,3,E01012585,0,-1
2023010463306,2023,010463306,2,1,9,99,99,9,9,99,99,9,9,99,9,99,9,1,6,6,1,-1,-1,-1,-1,-1,-1,-1,-1,0,-1
2023010457207,2023,010457207,1,1,9,99,99,9,9,99,99,9,9,99,9,99,1,1,6,6,1,20,4,-1,-1,-1,-1,5,E01000632,0,-1
2023010430252,2023,010430252,1,1,9,99,99,9,9,99,99,9,9,99,9,99,9,1,2,2,2,25,5,-1,-1,-1,-1,4,E01000949,0,-1
2023201339194,2023,201339194,2,1,0,18,19,6,2,0,0,8,0,0,0,0,4,1,2,2,1,52,8,-1,-1,-1,-1,7,E01010544,0,-1
2023161377070,2023,161377070,1,1,0,18,19,8,4,0,0,1,0,0,0,0,1,1,6,6,1,20,4,-1,-1,-1,-1,6,E01013301,0,-1
2023320671334,2023,320671334,2,1,0,17,19,4,8,0,0,8,5,0,0,0,3,1,6,6,1,36,7,-1,-1,-1,-1,8,E01026291,0,-1
2023052301536,2023,052301536,2,1,0,18,19,3,7,0,0,1,0,0,0,0,1,1,6,6,1,-1,-1,-1,-1,-1,-1,-1,-1,0,-1
2023131315294,2023,131315294,2,9,0,-1,-1,-1,-1,-1,-1,0,-1,-1,-1,0,-1,1,6,6,3,10,2,-1,-1,-1,-1,-1,-1,0,-1
2023041338072,2023,041338072,2,1,0,18,19,3,7,0,0,1,0,0,0,0,2,1,5,6,2,50,8,-1,-1,-1,-1,1,E01025226,0,-1
2023311356179,2023,311356179,2,3,0,18,19,1,5,0,0,1,0,0,0,0,3,1,6,6,1,-1,-1,-1,-1,-1,-1,-1,-1,0,-1
2023101341038,2023,101341038,1,8,0,9,9,1,5,0,0,1,0,0,0,0,0,1,1,1,3,46,8,-1,-1,-1,-1,-1,-1,0,-1
2023010457578,2023,010457578,2,1,0,4,4,5,1,4,4,0,0,0,0,0,2,1,6,6,1,43,7,-1,-1,-1,-1,3,E01000638,0,-1
2023430398893,2023,430398893,3,11,0,3,3,4,8,0,0,1,0,0,0,0,0,1,1,1,3,-1,-1,-1,-1,-1,-1,-1,-1,0,-1
2023201338867,2023,201338867,2,1,0,18,19,1,5,4,4,8,0,0,0,0,4,1,6,6,1,79,11,-1,-1,-1,-1,8,E01010437,0,-1
2023522300726,2023,522300726,2,9,0,18,19,4,8,0,0,1,0,0,0,0,1,1,6,6,3,-1,-1,-1,-1,-1,-1,-1,-1,0,-1
2023010460991,2023,010460991,2,9,0,99,99,9,9,99,99,9,9,99,9,99,9,9,6,6,3,-1,-1,-1,-1,-1,-1,3,E01000510,0,-1
2023461349730,2023,461349730,1,9,0,18,19,-1,-1,0,0,8,0,0,0,0,4,1,6,6,3,-1,-1,-1,-1,-1,-1,-1,-1,0,-1
2023401344402,2023,401344402,2,1,0,18,19,3,7,0,0,0,0,0,0,0,1,1,6,6,1,53,8,-1,-1,-1,-1,7,E01017416,0,-1
2023122300145,2023,122300145,2,1,0,18,19,2,6,0,0,0,0,0,0,0,2,1,6,6,2,21,5,-1,-1,-1,-1,9,E01013380,0,-1
2023010473160,2023,010473160,1,1,9,99,99,9,9,99,99,9,9,99,9,99,9,1,1,1,1,25,5,-1,-1,-1,-1,7,E01003820,0,-1
2023311388432,2023,311388432,1,9,0,18,19,5,1,0,0,0,0,0,0,0,2,1,6,6,1,41,7,-1,-1,-1,-1,9,E01011848,0,-1
2023552300637,2023,552300637,1,1,0,18,19,8,4,0,0,6,0,0,0,0,4,1,6,6,1,16,4,-1,-1,-1,-1,8,E01020455,0,-1
2023471308388,2023,471308388,1,9,0,5,5,8,2,0,0,2,0,0,0,0,0,2,6,6,3,-1,-1,-1,-1,-1,-1,-1,-1,0,-1
202363A029123,2023,63A029123,3,9,0,2,2,0,0,0,0,0,0,4,0,0,2,1,6,6,3,-1,-1,-1,-1,-1,-1,-1,-1,0,-1
2023010445786,2023,010445786,1,1,9,99,99,9,9,99,99,9,9,99,9,99,9,1,2,2,1,34,6,-1,-1,-1,-1,3,E01002058,0,-1
2023122400132,2023,122400132,1,19,0,18,19,7,3,0,0,1,0,0,0,0,4,1,6,6,1,50,8,-1,-1,-1,-1,9,E01013381,0,-1
2023201295311,2023,201295311,2,1,0,18,19,7,3,0,0,8,0,0,0,0,4,1,6,6,1,52,8,-1,-1,-1,-1,9,E01009557,0,-1
2023101375800,2023,101375800,1,-1,0,18,19,2,6,0,0,1,0,0,0,0,0,1,6,6,3,-1,-1,-1,-1,-1,-1,-1,-1,0,-1
2023010433757,2023,010433757,1,1,0,13,13,7,3,0,0,1,0,0,7,0,1,1,6,6,1,46,8,-1,-1,-1,-1,9,E01001386,0,-1
2023131296942,2023,131296942,1,9,0,-1,-1,-1,-1,-1,-1,0,-1,-1,-1,0,-1,1,6,6,3,-1,-1,-1,-1,-1,-1,-1,-1,0,-1
2023481388195,2023,481388195,1,8,0,3,3,3,7,0,0,0,0,0,0,0,4,1,1,1,1,56,9,-1,-1,-1,-1,-1,-1,0,-1
2023010466385,2023,010466385,1,1,9,99,99,9,9,99,99,9,9,99,9,99,9,1,6,6,1,34,6,-1,-1,-1,-1,6,E01002601,0,-1
2023141297063,2023,141297063,1,9,0,5,5,5,8,0,0,0,0,0,0,0,1,1,6,6,3,-1,-1,-1,-1,-1,-1,-1,-1,0,-1
2023010474219,2023,010474219,1,1,0,18,19,7,3,0,0,0,0,0,0,0,1,1,1,1,1,31,6,-1,-1,-1,-1,5,E01002202,0,-1
2023010457761,2023,010457761,2,1,0,18,19,5,1,0,0,8,0,0,0,0,1,1,6,6,2,28,6,-1,-1,-1,-1,3,E01004661,0,-1