collision_index,collision_year,collision_ref_no,vehicle_reference,vehicle_type,towing_and_articulation,vehicle_manoeuvre_historic,vehicle_manoeuvre,vehicle_direction_from,vehicle_direction_to,vehicle_location_restricted_lane_historic,vehicle_location_restricted_lane,junction_location,skidding_and_overturning,hit_object_in_carriageway,vehicle_leaving_carriageway,hit_object_off_carriageway,first_point_of_impact,vehicle_left_hand_drive,journey_purpose_of_driver_historic,journey_purpose_of_driver,sex_of_driver,age_of_driver,age_band_of_driver,engine_capacity_cc,propulsion_code,age_of_vehicle,generic_make_model,driver_imd_decile,lsoa_of_driver,escooter_flag,driver_distance_banding
2023010472707,2023,010472707,2,9,0,99,99,9,9,99,99,9,9,99,9,99,9,9,6,6,3,-1,-1,-1,-1,-1,-1,-1,-1,0,-1
2023430512670,2023,430512670,1,9,0,18,19,5,1,0,0,0,0,0,0,0,4,1,6,6,3,-1,-1,-1,-1,-1,-1,-1,-1,0,-1
2023010420159,2023,010420159,1,9,0,9,9,1,6,0,0,5,0,0,0,0,1,2,2,2,1,58,9,-1,-1,-1,-1,6,E01003163,0,-1
2023351321996,2023,351321996,2,1,0,18,19,3,8,0,0,1,0,0,0,0,1,1,2,2,2,59,9,-1,-1,-1,-1,2,E01015633,0,-1
2023122300436,2023,122300436,2,1,0,18,19,1,5,0,0,8,0,0,0,0,4,1,6,6,2,54,8,-1,-1,-1,-1,7,E01011849,0,-1
2023010450268,2023,010450268,2,9,0,18,19,3,7,0,0,0,0,0,0,0,1,1,6,6,3,-1,-1,-1,-1,-1,-1,-1,-1,0,-1
2023411331795,2023,411331795,2,1,0,9,9,5,7,0,0,3,0,0,0,0,0,1,5,6,1,42,7,-1,-1,-1,-1,8,E01023486,0,-1
2023430223260,2023,430223260,2,9,0,18,19,5,1,0,0,8,0,0,0,0,1,1,6,6,2,-1,-1,-1,-1,-1,-1,-1,-1,0,-1
2023010439676,2023,010439676,3,9,0,99,99,9,9,99,99,9,9,99,9,99,9,9,6,6,3,-1,-1,-1,-1,-1,-1,-1,-1,0,-1
2023111279740,2023,111279740,2,9,0,18,19,7,3,0,0,1,0,0,0,0,4,1,1,1,1,51,8,-1,-1,-1,-1,5,E01020663,0,-1
2023010468680,2023,010468680,1,97,0,9,9,3,1,0,0,1,0,0,0,0,1,1,6,6,3,-1,-1,-1,-1,-1,-1,-1,-1,0,-1
2023070620792,2023,070620792,1,9,0,9,9,8,4,0,0,6,0,0,0,0,1,1,6,6,3,-1,-1,-1,-1,-1,-1,-1,-1,0,-1
2023361265863,2023,361265863,2,1,0,18,19,1,5,0,0,0,0,0,0,0,3,1,5,6,2,60,9,-1,-1,-1,-1,5,E01026879,0,-1
2023430266211,2023,430266211,1,9,0,4,4,1,5,0,0,0,0,0,0,0,2,1,6,6,1,45,7,-1,-1,-1,-1,-1,-1,0,-1
2023302300600,2023,302300600,1,9,0,18,19,8,4,0,0,1,0,0,0,0,1,1,6,6,3,-1,-1,-1,-1,-1,-1,5,E01019456,0,-1
2023201339814,2023,201339814,2,1,0,9,9,6,4,0,0,5,0,0,0,0,4,1,6,6,1,35,6,-1,-1,-1,-1,5,E01008969,0,-1
2023221283864,2023,221283864,1,9,0,11,11,2,6,0,0,8,0,0,0,0,4,1,6,6,3,26,6,-1,-1,-1,-1,-1,-1,0,-1
202360A139017,2023,60A139017,2,9,0,18,19,2,5,0,0,1,0,0,0,0,1,1,6,6,1,50,8,-1,-1,-1,-1,-1,-1,0,-1
2023421376654,2023,421376654,2,9,0,18,19,3,7,0,0,8,0,0,0,0,1,1,5,6,1,63,9,-1,-1,-1,-1,4,E01021706,0,-1
2023061289407,2023,061289407,1,9,0,18,19,3,7,0,0,6,0,0,0,0,1,1,6,6,3,-1,-1,-1,-1,-1,-1,-1,-1,0,-1
2023010452996,2023,010452996,2,9,0,7,7,8,2,0,0,8,0,0,0,0,1,9,6,6,1,30,6,-1,-1,-1,-1,3,E01000622,0,-1
2023010433771,2023,010433771,2,1,0,18,19,7,3,0,0,1,0,0,0,0,2,1,6,6,1,65,9,-1,-1,-1,-1,8,E01002478,0,-1
2023991319389,2023,991319389,2,1,0,18,19,6,2,0,0,3,0,0,0,0,1,1,2,2,1,37,7,-1,-1,-1,-1,8,-1,0,-1
2023010438085,2023,010438085,1,9,0,3,3,3,7,0,0,1,0,0,0,0,2,1,1,1,1,40,7,-1,-1,-1,-1,8,E01000200,0,-1
2023461300721,2023,461300721,1,21,1,7,7,5,7,0,0,0,0,0,0,0,1,1,6,6,1,36,7,-1,-1,-1,-1,-1,-1,0,-1
2023131372692,2023,131372692,2,90,0,18,19,8,4,0,0,2,0,0,0,0,1,1,5,6,1,22,5,-1,-1,-1,-1,1,E01011677,0,-1
2023430348584,2023,430348584,2,19,0,18,19,8,4,0,0,1,0,0,0,0,2,1,6,6,2,52,8,-1,-1,-1,-1,6,E01016482,0,-1
2023461351194,2023,461351194,1,9,0,18,19,5,1,0,0,0,0,0,0,0,1,1,6,6,3,-1,-1,-1,-1,-1,-1,-1,-1,0,-1
2023991323644,2023,991323644,1,9,0,5,5,2,6,0,0,4,0,0,0,0,1,2,6,6,3,35,6,-1,-1,-1,-1,-1,-1,0,-1
2023131303691,2023,131303691,2,1,0,18,19,7,3,0,0,6,0,0,0,0,3,1,5,6,1,15,3,-1,-1,-1,-1,1,E01010614,0,-1
2023401305164,2023,401305164,1,9,0,3,3,-1,-1,0,0,1,0,0,0,0,2,1,6,6,3,-1,-1,-1,-1,-1,-1,-1,-1,0,-1
2023010446751,2023,010446751,1,1,9,99,99,9,9,99,99,9,9,99,9,99,1,1,2,2,1,51,8,-1,-1,-1,-1,7,E01004620,0,-1
2023351357594,2023,351357594,2,1,0,18,19,6,2,0,0,0,0,0,0,0,0,1,5,6,1,73,10,-1,-1,-1,-1,7,E01018058,0,-1
2023552300691,2023,552300691,1,9,0,18,19,1,5,0,0,0,0,0,0,0,1,1,6,6,3,-1,-1,-1,-1,-1,-1,-1,-1,0,-1
2023010457806,2023,010457806,1,9,0,18,19,3,7,0,0,0,5,4,0,0,1,1,6,6,2,28,6,-1,-1,-1,-1,3,E01001116,0,-1
2023430449122,2023,430449122,2,9,0,17,19,6,3,0,0,0,0,0,0,0,1,1,6,6,1,43,7,-1,-1,-1,-1,8,E01028712,0,-1
2023411317878,2023,411317878,2,-1,0,18,19,3,7,0,0,8,0,0,0,0,4,1,6,6,1,29,6,-1,-1,-1,-1,3,E01023637,1,-1
2023010468546,2023,010468546,1,1,0,9,9,7,5,0,0,1,0,0,7,0,0,1,6,6,2,21,5,-1,-1,-1,-1,4,E01004061,0,-1
2023010472748,2023,010472748,1,1,9,99,99,9,9,99,99,0,9,99,9,99,2,1,1,1,1,22,5,-1,-1,-1,-1,-1,-1,0,-1
2023170L10413,2023,170L10413,1,9,0,1,1,0,5,0,0,2,0,0,0,0,2,1,6,6,1,-1,-1,-1,-1,-1,-1,-1,-1,0,-1
2023122300397,2023,122300397,2,1,0,5,5,1,5,0,0,4,0,0,3,0,2,1,6,6,1,47,8,-1,-1,-1,-1,9,E01013435,0,-1
2023010467854,2023,010467854,2,1,0,18,19,5,1,0,0,2,0,0,0,0,0,1,6,6,1,49,8,-1,-1,-1,-1,2,E01001977,0,-1
2023101367393,2023,101367393,3,1,0,18,19,6,2,0,0,2,0,0,0,0,2,1,6,6,1,15,3,-1,-1,-1,-1,1,E01008541,0,-1
2023010480142,2023,010480142,1,1,0,14,14,1,5,0,0,0,0,0,0,0,1,1,6,6,1,23,5,-1,-1,-1,-1,-1,-1,0,-1
2023010485047,2023,010485047,2,-1,0,18,19,1,5,0,0,8,0,0,0,0,1,1,6,6,1,24,5,-1,-1,-1,-1,5,E01000852,1,-1
2023401351206,2023,401351206,1,9,3,16,19,1,5,0,0,3,1,11,3,1,1,1,1,1,1,43,7,-1,-1,-1,-1,5,E01002529,0,-1
2023010462418,2023,010462418,1,1,9,99,99,9,9,99,99,9,9,99,9,99,2,1,2,2,1,27,6,-1,-1,-1,-1,2,E01001731,0,-1
2023461395942,2023,461395942,2,23,0,14,14,7,3,0,0,0,0,0,0,0,1,1,6,6,1,21,5,-1,-1,-1,-1,2,E01016042,0,-1
2023010460775,2023,010460775,1,1,9,99,99,9,9,99,99,9,9,99,9,99,9,1,2,2,1,34,6,-1,-1,-1,-1,4,E01004495,0,-1
2023201384209,2023,201384209,1,9,0,5,5,4,8,0,0,2,0,0,0,0,3,1,5,6,3,-1,-1,-1,-1,-1,-1,-1,-1,0,-1
202354A755423,2023,54A755423,2,9,0,10,10,2,8,0,0,1,0,0,0,0,2,1,1,1,1,58,9,-1,-1,-1,-1,8,E01031939,0,-1
2023010484414,2023,010484414,2,9,0,99,99,9,9,99,99,5,9,99,9,99,9,9,6,6,3,-1,-1,-1,-1,-1,-1,-1,-1,0,-1
2023101370699,2023,101370699,1,9,0,18,19,8,6,0,0,8,0,0,0,0,0,1,6,6,3,-1,-1,-1,-1,-1,-1,-1,-1,0,-1
2023010469100,2023,010469100,2,9,0,99,99,9,9,99,99,9,9,99,9,99,9,9,6,6,3,-1,-1,-1,-1,-1,-1,-1,-1,0,-1
2023430432702,2023,430432702,1,9,0,18,19,1,5,0,0,0,0,0,0,0,1,1,6,6,1,-1,-1,-1,-1,-1,-1,-1,-1,0,-1
2023131321142,2023,131321142,1,1,0,18,19,1,5,0,0,8,0,0,0,0,1,1,6,6,1,41,7,-1,-1,-1,-1,1,E01011739,0,-1
2023010453489,2023,010453489,1,1,9,99,99,9,9,99,99,9,9,99,9,99,2,1,2,2,2,31,6,-1,-1,-1,-1,3,E01003185,0,-1
2023311309522,2023,311309522,1,9,0,7,7,4,8,9,9,0,0,0,0,0,1,1,6,6,2,30,6,-1,-1,-1,-1,-1,-1,0,-1
2023531312391,2023,531312391,1,1,0,16,19,7,2,0,0,8,0,0,0,0,1,1,6,6,1,12,3,-1,-1,-1,-1,2,E01022457,0,-1
2023340WN5482,2023,340WN5482,2,1,0,18,19,1,5,0,0,8,2,0,0,0,1,1,2,2,1,26,6,-1,-1,-1,-1,8,E01017738,0,-1
2023010450620,2023,010450620,1,9,0,99,99,9,9,99,99,0,9,99,9,99,1,9,6,6,3,-1,-1,-1,-1,-1,-1,-1,-1,0,-1
2023481363622,2023,481363622,2,1,0,18,19,5,1,5,5,8,0,0,0,0,1,1,2,2,2,53,8,-1,-1,-1,-1,-1,-1,0,-1
2023010465530,2023,010465530,1,1,9,99,99,9,9,99,99,0,9,99,9,99,9,1,2,2,2,51,8,-1,-1,-1,-1,10,E01003468,0,-1
2023161354259,2023,161354259,2,9,0,7,7,1,3,0,0,8,0,0,0,0,1,1,6,6,3,-1,-1,-1,-1,-1,-1,-1,-1,0,-1
2023010441284,2023,010441284,2,9,0,99,99,9,9,99,99,9,9,99,9,99,2,9,6,6,3,-1,-1,-1,-1,-1,-1,-1,-1,0,-1
2023461293451,2023,461293451,1,9,0,18,19,3,7,0,0,2,0,0,0,0,4,1,6,6,3,-1,-1,-1,-1,-1,-1,-1,-1,0,-1
2023311369457,2023,311369457,2,1,0,18,19,8,5,0,0,0,5,0,0,0,1,1,2,2,1,42,7,-1,-1,-1,-1,7,E01028405,0,-1
2023010432551,2023,010432551,2,98,9,99,99,9,9,99,99,9,9,99,9,99,1,9,6,6,3,-1,-1,-1,-1,-1,-1,-1,-1,0,-1
2023201271707,2023,201271707,1,9,0,18,19,6,2,0,0,0,1,10,7,4,1,1,3,7,1,-1,-1,-1,-1,-1,-1,-1,-1,0,-1
2023010443066,2023,010443066,2,1,0,5,5,7,3,0,0,1,0,0,0,0,1,1,1,1,2,45,7,-1,-1,-1,-1,9,E01003804,0,-1
2023421356760,2023,421356760,2,19,0,18,19,8,4,0,0,1,0,0,0,0,1,1,6,6,1,-1,-1,-1,-1,-1,-1,-1,-1,0,-1
2023010466957,2023,010466957,1,1,9,99,99,9,9,99,99,9,9,99,9,99,1,1,2,2,2,34,6,-1,-1,-1,-1,2,E01001735,0,-1
2023010483385,2023,010483385,1,9,0,5,5,7,3,0,0,3,0,0,0,0,3,1,1,1,1,65,9,-1,-1,-1,-1,2,E01000076,0,-1
2023221376983,2023,221376983,1,-1,0,18,19,7,3,0,0,0,0,0,0,0,1,1,6,6,1,49,8,-1,-1,-1,-1,2,E01014162,1,-1
202363A037723,2023,63A037723,1,9,0,18,19,2,6,0,0,1,0,0,0,0,1,1,6,6,1,31,6,-1,-1,-1,-1,-1,-1,0,-1
2023061300878,2023,061300878,4,1,0,18,19,6,2,0,0,0,0,0,0,0,0,1,6,6,1,13,3,-1,-1,-1,-1,2,E01006107,0,-1
2023131397974,2023,131397974,2,90,0,17,19,1,1,0,0,3,0,0,0,0,4,1,6,6,1,25,5,-1,-1,-1,-1,1,E01033021,0,-1
2023052400003,2023,052400003,2,9,0,18,19,1,5,0,0,4,0,0,0,0,0,1,6,6,3,-1,-1,-1,-1,-1,-1,-1,-1,0,-1
2023610038323,2023,610038323,1,3,0,18,19,8,4,0,0,3,0,0,7,2,3,1,6,6,1,19,4,-1,-1,-1,-1,6,W01001458,0,-1
2023031316993,2023,031316993,1,9,0,4,4,1,5,0,0,0,0,0,0,0,1,1,6,6,1,15,3,-1,-1,-1,-1,-1,-1,0,-1
2023010435247,2023,010435247,2,8,0,99,99,9,9,99,99,9,9,99,9,99,1,9,6,6,3,-1,-1,-1,-1,-1,-1,-1,-1,0,-1
2023320068002,2023,320068002,1,9,0,18,19,4,8,0,0,0,0,0,0,0,1,1,1,1,1,54,8,-1,-1,-1,-1,1,E01026010,0,-1
2023201393141,2023,201393141,1,9,0,9,9,1,6,0,0,6,0,0,0,0,1,1,6,6,3,-1,-1,-1,-1,-1,-1,-1,-1,0,-1
2023010452266,2023,010452266,1,9,0,99,99,9,9,99,99,9,9,99,9,99,2,9,6,6,3,-1,-1,-1,-1,-1,-1,-1,-1,0,-1
2023522301503,2023,522301503,2,9,0,18,19,8,4,0,0,1,0,0,0,0,1,1,6,6,1,-1,-1,-1,-1,-1,-1,-1,-1,0,-1
2023010450835,2023,010450835,2,9,0,99,99,9,9,99,99,9,9,99,9,99,0,9,6,6,3,-1,-1,-1,-1,-1,-1,-1,-1,0,-1
2023201319279,2023,201319279,1,9,0,18,19,1,4,0,0,0,0,0,0,0,1,1,6,6,3,-1,-1,-1,-1,-1,-1,-1,-1,0,-1
2023010447656,2023,010447656,2,1,0,18,19,1,5,0,0,0,0,0,0,0,4,1,2,2,1,62,9,-1,-1,-1,-1,2,E01001012,0,-1
2023461299248,2023,461299248,1,1,0,10,10,3,7,0,0,1,0,0,0,0,1,1,6,6,2,-1,-1,-1,-1,-1,-1,10,E01024724,0,-1
2023010469776,2023,010469776,2,1,0,18,19,7,3,9,9,1,0,0,0,0,1,1,4,7,1,11,3,-1,-1,-1,-1,1,E01001431,0,-1
2023141291638,2023,141291638,1,3,0,18,19,2,6,0,0,1,0,4,0,0,1,1,6,6,1,18,4,-1,-1,-1,-1,-1,-1,0,-1
2023522400433,2023,522400433,2,1,0,9,9,4,1,0,0,8,0,0,0,0,4,1,6,6,1,48,8,-1,-1,-1,-1,2,E01014810,0,-1
2023541431923,2023,541431923,1,19,0,17,19,1,5,0,0,4,0,0,0,0,1,1,6,6,1,-1,-1,-1,-1,-1,-1,-1,-1,0,-1
2023371281058,2023,371281058,2,1,0,18,19,5,2,0,0,2,0,0,1,0,2,1,5,6,1,22,5,-1,-1,-1,-1,8,E01029977,0,-1
2023430500712,2023,430500712,1,1,0,18,19,4,8,0,0,8,0,0,0,0,4,1,6,6,1,20,4,-1,-1,-1,-1,-1,-1,0,-1
2023311307906,2023,311307906,2,-1,0,5,5,3,7,6,6,8,0,0,0,0,0,1,2,2,1,41,7,-1,-1,-1,-1,9,E01028197,1,-1
2023471268551,2023,471268551,2,9,0,4,4,7,3,0,0,0,0,0,0,0,2,1,2,2,1,49,8,-1,-1,-1,-1,2,E01031450,0,-1
2023010443430,2023,010443430,2,9,0,99,99,9,9,99,99,9,9,99,9,99,2,9,6,6,3,-1,-1,-1,-1,-1,-1,-1,-1,0,-1
2023991276231,2023,991276231,1,9,0,17,19,1,3,0,0,1,0,0,0,0,1,1,6,6,3,16,4,-1,-1,-1,-1,-1,-1,0,-1
2023010430950,2023,010430950,2,9,0,5,5,1,5,0,0,1,0,0,0,0,1,1,6,6,3,-1,-1,-1,-1,-1,-1,-1,-1,0,-1
2023010443268,2023,010443268,2,1,0,18,19,2,6,0,0,1,0,0,0,0,1,1,1,1,1,43,7,-1,-1,-1,-1,3,E01004125,0,-1
2023010447789,2023,010447789,1,9,0,9,9,3,1,0,0,8,0,0,0,0,1,1,6,6,1,45,7,-1,-1,-1,-1,2,E01004423,0,-1
2023991323835,2023,991323835,1,9,0,18,19,7,3,0,0,8,0,0,0,0,1,1,5,6,1,73,10,-1,-1,-1,-1,7,-1,0,-1
2023421383641,2023,421383641,1,9,0,9,9,8,3,0,0,1,0,0,0,0,3,1,6,6,3,30,6,-1,-1,-1,-1,-1,-1,0,-1
2023010479600,2023,010479600,1,11,0,4,4,1,5,2,2,1,0,0,0,0,0,1,1,1,1,21,5,-1,-1,-1,-1,2,E01003337,0,-1
2023122300860,2023,122300860,1,1,0,7,7,8,6,0,0,3,0,0,0,0,4,1,6,6,1,65,9,-1,-1,-1,-1,9,E01027555,0,-1
2023351307958,2023,351307958,1,9,0,5,5,3,7,0,0,4,0,0,0,0,1,1,6,6,3,-1,-1,-1,-1,-1,-1,-1,-1,0,-1
2023010425067,2023,010425067,2,1,0,7,7,5,7,0,0,4,0,0,0,0,3,1,2,2,1,40,7,-1,-1,-1,-1,3,E01000392,0,-1
2023010442250,2023,010442250,1,1,9,99,99,9,9,99,99,9,9,99,9,99,1,1,6,6,3,-1,-1,-1,-1,-1,-1,-1,-1,0,-1
2023522301044,2023,522301044,1,-1,0,18,19,8,4,0,0,1,0,0,0,0,2,1,6,6,1,26,6,-1,-1,-1,-1,3,E01014650,1,-1
2023201295786,2023,201295786,1,9,0,18,19,-1,-1,0,0,3,0,0,0,0,1,1,6,6,1,-1,-1,-1,-1,-1,-1,-1,-1,0,-1
2023501331694,2023,501331694,1,1,0,18,19,1,5,0,0,1,5,11,0,0,1,1,6,6,1,61,9,-1,-1,-1,-1,6,E01029261,0,-1
2023061280900,2023,061280900,1,9,0,-1,-1,-1,-1,-1,-1,-1,-1,-1,-1,0,-1,1,6,6,3,-1,-1,-1,-1,-1,-1,-1,-1,0,-1
2023201311283,2023,201311283,2,9,0,2,2,0,0,0,0,0,0,0,1,0,2,1,6,6,3,-1,-1,-1,-1,-1,-1,-1,-1,0,-1
2023010447982,2023,010447982,1,-1,9,99,99,9,9,99,99,0,9,99,9,99,2,1,2,2,1,29,6,-1,-1,-1,-1,3,E01000022,1,-1
2023471293910,2023,471293910,2,1,0,18,19,1,5,0,0,0,5,0,0,0,0,1,6,6,3,24,5,-1,-1,-1,-1,5,E01031498,0,-1
2023101350174,2023,101350174,2,23,0,18,19,3,7,0,0,8,0,0,0,0,4,1,6,6,1,9,2,-1,-1,-1,-1,2,E01027519,0,-1
2023522301653,2023,522301653,2,1,0,11,11,6,2,0,0,0,0,0,0,0,1,1,6,6,1,31,6,-1,-1,-1,-1,3,E01014730,0,-1
2023061358078,2023,061358078,2,8,0,18,19,4,8,0,0,8,0,0,0,0,3,1,5,6,1,37,7,-1,-1,-1,-1,6,E01004882,0,-1
2023520301508,2023,520301508,1,19,0,18,19,5,1,0,0,0,0,0,0,0,3,1,6,6,1,37,7,-1,-1,-1,-1,4,E01029335,0,-1
2023010455106,2023,010455106,1,1,0,99,99,9,9,0,0,0,0,0,0,0,1,1,6,6,1,61,9,-1,-1,-1,-1,2,E01001337,0,-1
2023430020912,2023,430020912,2,9,0,18,19,3,7,0,0,0,0,0,0,0,1,1,6,6,2,26,6,-1,-1,-1,-1,7,E01016802,0,-1
2023141270608,2023,141270608,2,1,0,18,19,2,5,0,0,0,0,0,0,0,2,1,6,6,1,59,9,-1,-1,-1,-1,3,E01028014,0,-1
2023320283571,2023,320283571,1,90,0,18,19,4,8,0,0,2,2,0,0,0,1,1,2,2,1,53,8,-1,-1,-1,-1,1,E01026093,0,-1
2023401337188,2023,401337188,1,9,0,5,5,-1,-1,0,0,4,0,0,0,0,1,1,6,6,1,-1,-1,-1,-1,-1,-1,-1,-1,0,-1
2023221331411,2023,221331411,3,9,0,10,10,7,4,0,0,8,0,0,1,0,3,1,5,6,1,59,9,-1,-1,-1,-1,6,E01032216,0,-1
2023340WN2592,2023,340WN2592,2,9,0,18,19,4,8,0,0,1,5,0,0,0,1,1,2,2,2,60,9,-1,-1,-1,-1,10,E01027015,0,-1
2023201377931,2023,201377931,2,1,0,18,19,1,5,0,0,0,2,8,0,0,1,1,2,2,1,40,7,-1,-1,-1,-1,5,E01009288,0,-1
2023440246693,2023,440246693,1,9,0,2,2,0,0,0,0,0,0,0,0,0,3,1,6,6,3,-1,-1,-1,-1,-1,-1,-1,-1,0,-1
2023411317539,2023,411317539,2,1,0,18,19,4,8,0,0,0,1,0,0,0,3,1,6,6,1,56,9,-1,-1,-1,-1,9,E01002463,0,-1
2023052301534,2023,052301534,2,1,0,17,19,5,1,0,0,0,0,0,0,0,1,1,4,7,1,13,3,-1,-1,-1,-1,3,E01007236,0,-1
2023010459416,2023,010459416,1,1,9,99,99,9,9,99,99,0,9,99,9,99,1,1,6,6,1,27,6,-1,-1,-1,-1,-1,-1,0,-1
2023320738864,2023,320738864,2,9,0,4,4,5,1,0,0,0,0,0,0,0,2,1,1,1,1,29,6,-1,-1,-1,-1,7,E01018023,0,-1
2023541993423,2023,541993423,1,9,0,5,5,1,5,0,0,6,0,0,0,0,3,1,1,1,1,57,9,-1,-1,-1,-1,9,E01031904,0,-1
2023010453818,2023,010453818,5,21,0,4,4,1,5,0,0,0,0,0,0,0,3,2,1,1,1,35,6,-1,-1,-1,-1,-1,-1,0,-1
2023010449896,2023,010449896,2,9,9,99,99,9,9,99,99,9,9,99,9,99,9,9,6,6,3,-1,-1,-1,-1,-1,-1,-1,-1,0,-1
2023010474308,2023,010474308,1,1,9,99,99,9,9,99,99,9,9,99,9,99,9,1,6,6,1,34,6,-1,-1,-1,-1,2,E01001792,0,-1
2023010468880,2023,010468880,1,1,0,18,19,3,7,0,0,1,0,0,0,0,4,1,6,6,1,30,6,-1,-1,-1,-1,9,E01001385,0,-1
2023361328321,2023,361328321,1,9,0,18,19,6,2,0,0,0,0,0,0,0,1,1,1,1,1,21,5,-1,-1,-1,-1,5,E01026785,0,-1
2023231383319,2023,231383319,1,9,0,18,19,8,4,0,0,1,0,0,0,0,1,1,6,6,3,28,6,-1,-1,-1,-1,-1,-1,0,-1
2023361322578,2023,361322578,1,9,0,9,9,7,1,0,0,0,0,0,0,0,1,1,6,6,1,35,6,-1,-1,-1,-1,-1,-1,0,-1
2023340WN0982,2023,340WN0982,1,9,0,12,12,7,5,0,0,8,0,0,0,0,3,1,6,6,2,77,11,-1,-1,-1,-1,-1,-1,0,-1
2023421393444,2023,421393444,2,1,0,5,5,7,3,0,0,4,5,0,0,0,4,1,5,6,2,39,7,-1,-1,-1,-1,4,E01021277,0,-1
2023320200530,2023,320200530,2,9,0,4,4,6,2,0,0,0,0,0,0,0,2,1,1,1,2,27,6,-1,-1,-1,-1,-1,-1,0,-1
2023440422316,2023,440422316,2,1,0,4,4,8,4,0,0,0,0,0,0,0,1,1,6,6,1,49,8,-1,-1,-1,-1,10,E01017063,0,-1
2023010458267,2023,010458267,2,9,0,18,19,5,1,0,0,1,0,0,0,0,9,9,6,6,3,-1,-1,-1,-1,-1,-1,-1,-1,0,-1
2023991337645,2023,991337645,2,1,0,18,19,7,3,0,0,8,1,4,0,0,0,1,1,1,1,24,5,-1,-1,-1,-1,-1,-1,0,-1
2023131300851,2023,131300851,2,1,0,18,19,5,1,0,0,8,0,0,1,0,2,1,6,6,2,14,3,-1,-1,-1,-1,1,E01011658,0,-1
2023041340694,2023,041340694,2,1,0,18,19,1,5,0,0,1,0,0,0,0,1,1,5,6,1,39,7,-1,-1,-1,-1,6,E01025444,0,-1
2023010476613,2023,010476613,2,9,0,7,7,9,9,99,99,9,9,99,9,99,1,9,6,6,3,-1,-1,-1,-1,-1,-1,-1,-1,0,-1
2023061355046,2023,061355046,2,22,0,18,19,2,7,9,9,0,5,0,0,0,4,1,5,6,1,81,11,-1,-1,-1,-1,3,E01006342,0,-1
2023201391452,2023,201391452,7,9,0,18,19,4,8,0,0,0,0,0,0,0,2,1,5,6,1,56,9,-1,-1,-1,-1,10,E01025352,0,-1
2023430482458,2023,430482458,1,-1,0,18,19,7,3,0,0,8,0,0,0,0,4,1,6,6,2,37,7,-1,-1,-1,-1,3,E01033421,1,-1
2023991350690,2023,991350690,1,9,0,5,5,3,1,0,0,1,0,0,0,0,1,1,6,6,1,28,6,-1,-1,-1,-1,-1,-1,0,-1
2023631359460,2023,631359460,3,90,0,-1,-1,-1,-1,-1,-1,1,-1,-1,-1,0,-1,1,6,6,1,21,5,-1,-1,-1,-1,-1,-1,0,-1
2023440217697,2023,440217697,2,9,0,7,7,5,8,0,0,5,0,0,0,0,4,1,6,6,3,-1,-1,-1,-1,-1,-1,-1,-1,0,-1
2023471347304,2023,471347304,2,9,0,18,19,3,7,0,0,0,0,0,0,0,1,1,6,6,3,-1,-1,-1,-1,-1,-1,9,E01004094,0,-1
2023161350124,2023,161350124,1,9,0,18,19,7,3,0,0,1,0,0,0,0,1,1,6,6,3,-1,-1,-1,-1,-1,-1,-1,-1,0,-1
2023010477118,2023,010477118,2,9,0,99,99,9,9,99,99,9,9,99,9,99,9,9,6,6,3,-1,-1,-1,-1,-1,-1,-1,-1,0,-1
2023010433665,2023,010433665,2,11,0,99,99,9,9,99,99,9,9,99,9,99,9,9,6,6,3,-1,-1,-1,-1,-1,-1,-1,-1,0,-1
2023440208301,2023,440208301,2,9,0,18,19,3,7,0,0,8,0,0,0,0,1,1,6,6,2,55,8,-1,-1,-1,-1,4,E01022973,0,-1
2023010422553,2023,010422553,1,2,0,5,5,7,3,0,0,4,0,0,0,0,4,1,6,6,1,23,5,-1,-1,-1,-1,4,E01002648,0,-1
2023451353234,2023,451353234,2,-1,0,18,19,7,4,0,0,8,0,0,0,0,4,1,6,6,2,20,4,-1,-1,-1,-1,10,E01030796,0,-1
2023501269875,2023,501269875,2,1,0,5,5,7,3,0,0,4,0,0,0,0,4,1,5,6,1,50,8,-1,-1,-1,-1,5,E01018853,0,-1
2023430506204,2023,430506204,2,1,0,18,19,3,7,0,0,8,0,0,0,0,4,1,6,6,1,63,9,-1,-1,-1,-1,6,E01028771,0,-1
2023061362694,2023,061362694,2,1,0,3,3,3,7,0,0,1,0,0,0,0,4,1,6,6,2,20,4,-1,-1,-1,-1,3,E01005271,0,-1
2023101372109,2023,101372109,1,9,0,18,19,5,1,0,0,8,0,0,0,0,1,1,6,6,2,-1,-1,-1,-1,-1,-1,-1,-1,0,-1
2023610043323,2023,610043323,2,8,0,18,19,7,3,0,0,0,0,0,0,0,2,1,1,1,1,57,9,-1,-1,-1,-1,2,W01001693,0,-1
2023052301126,2023,052301126,1,9,0,1,1,3,5,0,0,0,0,0,0,0,2,1,6,6,3,-1,-1,-1,-1,-1,-1,-1,-1,0,-1
2023430027936,2023,430027936,1,22,0,18,19,7,3,9,9,0,0,0,0,0,3,1,6,6,1,62,9,-1,-1,-1,-1,8,E01017776,0,-1
2023411330211,2023,411330211,1,9,0,18,19,-1,-1,0,0,1,0,0,0,0,1,1,6,6,3,-1,-1,-1,-1,-1,-1,-1,-1,0,-1
2023122300169,2023,122300169,1,21,1,18,19,1,5,0,0,0,3,0,1,4,1,2,1,1,1,52,8,-1,-1,-1,-1,-1,-1,0,-1
2023201463316,2023,201463316,2,3,0,18,19,2,6,0,0,8,0,0,0,0,4,1,2,2,1,36,7,-1,-1,-1,-1,3,E01009095,0,-1
2023221274073,2023,221274073,1,9,0,12,12,5,1,0,0,0,0,0,0,0,1,1,6,6,1,36,7,-1,-1,-1,-1,3,E01009857,0,-1
2023411271474,2023,411271474,2,9,0,18,19,7,3,0,0,4,0,0,0,0,1,1,1,1,1,56,9,-1,-1,-1,-1,4,E01023779,0,-1
2023332301030,2023,332301030,2,1,0,18,19,7,3,0,0,0,0,0,0,0,0,1,6,6,1,71,10,-1,-1,-1,-1,3,E01025905,0,-1
2023161350864,2023,161350864,2,20,0,18,19,3,7,0,0,1,0,0,0,0,1,1,6,6,3,-1,-1,-1,-1,-1,-1,-1,-1,0,-1
2023010481632,2023,010481632,2,9,0,18,19,6,2,0,0,6,0,0,0,0,1,1,6,6,1,41,7,-1,-1,-1,-1,5,E01002489,0,-1