collision_index,collision_year,collision_ref_no,vehicle_reference,vehicle_type,towing_and_articulation,vehicle_manoeuvre_historic,vehicle_manoeuvre,vehicle_direction_from,vehicle_direction_to,vehicle_location_restricted_lane_historic,vehicle_location_restricted_lane,junction_location,skidding_and_overturning,hit_object_in_carriageway,vehicle_leaving_carriageway,hit_object_off_carriageway,first_point_of_impact,vehicle_left_hand_drive,journey_purpose_of_driver_historic,journey_purpose_of_driver,sex_of_driver,age_of_driver,age_band_of_driver,engine_capacity_cc,propulsion_code,age_of_vehicle,generic_make_model,driver_imd_decile,lsoa_of_driver,escooter_flag,driver_distance_banding
2023010472592,2023,010472592,2,1,0,18,19,5,1,0,0,8,0,0,0,0,3,1,6,6,1,22,5,-1,-1,-1,-1,2,E01004223,0,-1
2023991349685,2023,991349685,2,1,0,5,5,5,1,0,0,0,0,0,0,0,3,1,6,6,1,50,8,-1,-1,-1,-1,-1,-1,0,-1
2023461321408,2023,461321408,2,1,0,5,5,5,1,0,0,8,0,0,0,0,4,1,2,2,1,46,8,-1,-1,-1,-1,7,E01000326,0,-1
2023052300629,2023,052300629,2,1,0,18,19,5,1,0,0,1,0,0,0,0,1,1,6,6,2,22,5,-1,-1,-1,-1,1,E01007005,0,-1
2023201306584,2023,201306584,2,1,0,18,19,1,5,0,0,8,0,0,0,0,1,1,6,6,1,15,3,-1,-1,-1,-1,5,E01008959,0,-1
2023471369141,2023,471369141,2,1,0,18,19,3,7,0,0,1,0,0,0,0,4,1,5,6,1,55,8,-1,-1,-1,-1,3,E01016891,0,-1
2023010474778,2023,010474778,1,9,0,18,19,3,7,0,0,1,0,0,0,0,1,1,6,6,1,20,4,-1,-1,-1,-1,3,E01002396,0,-1
2023010486856,2023,010486856,1,1,9,99,99,9,9,99,99,9,9,99,9,99,9,1,6,6,1,35,6,-1,-1,-1,-1,2,E01003983,0,-1
2023430547705,2023,430547705,1,19,0,18,19,2,6,0,0,0,0,0,0,0,4,1,6,6,3,-1,-1,-1,-1,-1,-1,-1,-1,0,-1
2023461375610,2023,461375610,2,1,0,18,19,3,7,0,0,8,5,0,0,0,4,1,6,6,1,35,6,-1,-1,-1,-1,4,E01024164,0,-1
2023231316816,2023,231316816,1,9,0,13,13,2,6,0,0,8,0,0,0,0,0,1,5,6,3,35,6,-1,-1,-1,-1,-1,-1,0,-1
2023010443586,2023,010443586,1,4,0,5,5,5,1,0,0,1,1,0,0,0,1,1,6,6,1,21,5,-1,-1,-1,-1,3,E01001941,0,-1
2023010439873,2023,010439873,1,1,9,99,99,9,9,99,99,9,9,99,9,99,9,1,2,2,1,51,8,-1,-1,-1,-1,4,E01002018,0,-1
2023221339460,2023,221339460,1,19,0,17,19,6,2,0,0,0,0,0,0,0,1,1,1,1,1,26,6,-1,-1,-1,-1,7,W01000501,0,-1
2023041272231,2023,041272231,1,9,0,18,19,8,1,0,0,0,0,6,0,0,3,1,5,6,1,25,5,-1,-1,-1,-1,2,E01025124,0,-1
2023010471081,2023,010471081,3,1,0,18,19,7,3,0,0,0,0,0,0,0,1,1,6,6,1,43,7,-1,-1,-1,-1,4,E01003900,0,-1
2023010458508,2023,010458508,1,1,9,99,99,9,9,99,99,9,9,99,9,99,9,1,6,6,1,46,8,-1,-1,-1,-1,-1,-1,0,-1
2023010442752,2023,010442752,2,1,0,18,19,3,7,0,0,4,0,0,0,0,1,1,6,6,1,29,6,-1,-1,-1,-1,4,E01001896,0,-1
2023302301623,2023,302301623,1,11,0,4,4,8,4,0,0,0,0,0,0,0,0,1,1,1,3,-1,-1,-1,-1,-1,-1,5,E01019456,0,-1
2023010437897,2023,010437897,3,1,0,3,3,7,3,0,0,8,0,0,0,0,0,1,6,6,1,77,11,-1,-1,-1,-1,3,E01001688,0,-1
2023440153172,2023,440153172,1,19,0,18,19,5,1,0,0,2,5,7,0,0,3,1,2,2,1,45,7,-1,-1,-1,-1,1,E01017040,0,-1
2023010436794,2023,010436794,1,9,0,18,19,3,7,0,0,0,0,0,0,0,1,1,6,6,3,-1,-1,-1,-1,-1,-1,-1,-1,0,-1
2023340WN2182,2023,340WN2182,1,97,0,18,19,1,5,0,0,1,0,0,0,0,1,1,6,6,1,36,7,-1,-1,-1,-1,1,E01027013,0,-1
2023010485313,2023,010485313,1,8,9,99,99,9,9,99,99,9,9,99,9,99,9,9,6,6,3,-1,-1,-1,-1,-1,-1,-1,-1,0,-1
2023361371287,2023,361371287,2,1,0,18,19,7,3,0,0,0,0,0,0,0,3,1,2,2,1,41,7,-1,-1,-1,-1,9,E01026519,0,-1
2023010471828,2023,010471828,1,1,0,18,19,5,1,0,0,1,0,0,0,0,1,1,1,1,1,29,6,-1,-1,-1,-1,7,E01004545,0,-1
2023440067570,2023,440067570,1,9,0,18,19,2,6,0,0,1,0,0,0,0,1,1,6,6,3,-1,-1,-1,-1,-1,-1,-1,-1,0,-1
2023201365630,2023,201365630,2,9,0,6,6,4,4,0,0,0,0,0,0,0,2,1,1,1,2,42,7,-1,-1,-1,-1,10,E01031314,0,-1
2023211332784,2023,211332784,1,9,0,18,19,2,6,0,0,0,0,0,0,0,3,1,6,6,2,-1,-1,-1,-1,-1,-1,-1,-1,0,-1
2023010426846,2023,010426846,3,1,0,18,19,5,1,0,0,0,1,0,0,0,1,1,1,1,1,27,6,-1,-1,-1,-1,3,E01003625,0,-1
2023461333150,2023,461333150,2,9,0,11,11,5,1,0,0,0,0,0,0,0,4,1,5,6,1,31,6,-1,-1,-1,-1,1,E01016031,0,-1
2023320279535,2023,320279535,2,8,0,9,9,6,4,0,0,1,0,0,0,0,1,1,1,1,1,66,10,-1,-1,-1,-1,8,E01026200,0,-1
2023340WN1532,2023,340WN1532,1,1,0,18,19,6,2,0,0,6,0,0,0,0,1,1,4,7,1,17,4,-1,-1,-1,-1,2,E01027226,0,-1
2023501300930,2023,501300930,2,1,0,18,19,8,4,0,0,2,0,0,0,0,4,1,2,2,1,29,6,-1,-1,-1,-1,6,E01020241,0,-1
2023552301158,2023,552301158,2,1,0,18,19,3,7,0,0,8,0,0,0,0,2,1,6,6,1,65,9,-1,-1,-1,-1,8,E01015314,0,-1
2023320100638,2023,320100638,1,90,0,18,19,3,7,9,9,0,0,0,0,0,1,1,6,6,3,-1,-1,-1,-1,-1,-1,-1,-1,0,-1
2023501290966,2023,501290966,2,9,0,18,19,5,1,0,0,0,0,0,0,0,1,1,5,6,1,62,9,-1,-1,-1,-1,4,E01020131,0,-1
2023991389445,2023,991389445,2,1,0,3,3,3,6,0,0,1,0,0,0,0,2,1,6,6,1,63,9,-1,-1,-1,-1,-1,-1,0,-1
2023411305681,2023,411305681,1,9,0,18,19,5,1,0,0,8,0,0,0,0,1,1,6,6,1,45,7,-1,-1,-1,-1,3,E01000128,0,-1
2023440098447,2023,440098447,1,1,0,18,19,3,7,0,0,0,0,0,0,0,3,1,6,6,1,14,3,-1,-1,-1,-1,6,E01022802,0,-1
2023141383121,2023,141383121,1,9,0,18,19,3,7,0,0,1,0,0,1,11,2,1,3,7,2,50,8,-1,-1,-1,-1,2,E01007414,0,-1
2023440454918,2023,440454918,1,1,0,18,19,8,4,0,0,0,0,0,0,0,3,1,6,6,1,75,10,-1,-1,-1,-1,10,E01023072,0,-1
2023421344515,2023,421344515,1,9,0,18,19,1,5,0,0,1,0,0,0,0,1,1,6,6,1,-1,-1,-1,-1,-1,-1,-1,-1,0,-1
2023520300608,2023,520300608,1,9,0,9,9,5,7,0,0,4,0,0,0,0,1,1,6,6,2,61,9,-1,-1,-1,-1,3,E01029175,0,-1
2023351344761,2023,351344761,2,1,0,18,19,-1,-1,0,0,3,0,0,0,0,4,1,6,6,1,49,8,-1,-1,-1,-1,7,E01018065,0,-1
2023101386793,2023,101386793,1,9,0,3,3,1,5,0,0,4,0,0,0,0,1,1,6,6,3,35,6,-1,-1,-1,-1,-1,-1,0,-1
2023061381235,2023,061381235,2,1,0,3,3,-1,-1,0,0,0,5,0,0,0,1,1,2,2,1,24,5,-1,-1,-1,-1,1,E01025188,0,-1
2023131333210,2023,131333210,2,1,0,18,19,7,3,0,0,1,0,0,0,0,1,1,6,6,1,62,9,-1,-1,-1,-1,8,E01010937,0,-1
2023010441046,2023,010441046,2,9,9,99,99,9,9,99,99,9,9,99,9,99,9,9,6,6,3,-1,-1,-1,-1,-1,-1,5,E01001157,0,-1
2023320084637,2023,320084637,2,1,0,18,19,4,8,9,9,0,0,0,0,0,1,1,3,7,1,13,3,-1,-1,-1,-1,-1,-1,0,-1
2023010488803,2023,010488803,1,1,9,18,19,5,1,99,99,9,9,99,9,99,9,1,6,6,3,-1,-1,-1,-1,-1,-1,-1,-1,0,-1
2023351351306,2023,351351306,2,1,0,-1,-1,-1,-1,-1,-1,0,-1,-1,-1,0,-1,1,5,6,1,27,6,-1,-1,-1,-1,9,E01018006,0,-1
2023371337430,2023,371337430,1,9,-1,-1,-1,-1,-1,-1,-1,0,-1,-1,-1,0,-1,1,6,6,3,-1,-1,-1,-1,-1,-1,-1,-1,0,-1
2023101296396,2023,101296396,3,17,0,5,5,7,3,0,0,0,0,0,0,0,1,1,1,1,1,40,7,-1,-1,-1,-1,4,E01008404,0,-1
2023010427138,2023,010427138,2,9,0,99,99,9,9,99,99,9,9,99,9,99,1,9,6,6,3,-1,-1,-1,-1,-1,-1,-1,-1,0,-1
2023546345423,2023,546345423,2,1,0,18,19,4,8,9,9,1,0,0,0,0,1,1,6,6,1,15,3,-1,-1,-1,-1,8,E01032071,0,-1
2023131270026,2023,131270026,1,97,0,-1,-1,1,3,-1,-1,6,1,0,0,0,-1,1,6,6,3,-1,-1,-1,-1,-1,-1,-1,-1,0,-1
2023201367239,2023,201367239,2,1,0,9,9,2,1,9,9,8,0,0,0,0,0,1,6,6,1,-1,-1,-1,-1,-1,-1,-1,-1,0,-1
2023031304858,2023,031304858,1,9,0,-1,-1,-1,-1,0,0,-1,-1,-1,-1,0,1,1,5,6,2,35,6,-1,-1,-1,-1,6,E01019360,0,-1
2023010444665,2023,010444665,1,1,9,99,99,9,9,99,99,9,9,99,9,99,9,1,2,2,1,36,7,-1,-1,-1,-1,5,E01000996,0,-1
2023131266162,2023,131266162,1,9,0,7,7,2,5,0,0,6,0,0,0,0,4,1,5,6,1,30,6,-1,-1,-1,-1,5,E01010873,0,-1
2023031359923,2023,031359923,1,9,0,18,19,6,2,8,6,0,2,7,1,7,4,1,5,6,1,61,9,-1,-1,-1,-1,4,E01019260,0,-1
2023430320472,2023,430320472,1,10,0,13,13,4,8,0,0,8,0,0,0,0,4,1,1,1,1,20,4,-1,-1,-1,-1,9,E01014421,0,-1
2023471368865,2023,471368865,2,1,0,9,9,1,7,0,0,2,0,0,0,0,2,1,6,6,1,64,9,-1,-1,-1,-1,1,E01016964,0,-1
2023320425130,2023,320425130,2,1,0,18,19,6,2,9,9,0,5,0,0,0,0,1,6,6,2,30,6,-1,-1,-1,-1,3,E01026323,0,-1
2023010428336,2023,010428336,2,1,0,18,19,6,2,0,0,8,0,0,0,0,1,1,6,6,3,-1,-1,-1,-1,-1,-1,-1,-1,0,-1
2023411303958,2023,411303958,2,1,0,9,9,4,1,0,0,3,0,0,0,0,1,1,5,6,1,41,7,-1,-1,-1,-1,10,E01023474,0,-1
2023131312288,2023,131312288,2,1,0,18,19,7,3,0,0,0,0,0,0,0,2,1,6,6,1,60,9,-1,-1,-1,-1,2,E01010806,0,-1
2023111376665,2023,111376665,1,9,0,7,7,7,1,0,0,1,0,0,0,0,4,1,6,6,2,30,6,-1,-1,-1,-1,-1,-1,0,-1
2023141317131,2023,141317131,1,1,0,18,19,1,5,0,0,0,0,0,0,0,1,1,5,6,1,43,7,-1,-1,-1,-1,1,E01008124,0,-1
2023461358368,2023,461358368,2,1,0,18,19,3,7,0,0,0,0,0,0,0,1,1,6,6,1,78,11,-1,-1,-1,-1,7,E01016139,0,-1
2023430424823,2023,430424823,1,9,0,18,19,6,2,0,0,1,0,0,0,0,4,1,6,6,1,53,8,-1,-1,-1,-1,8,E01028607,0,-1
2023340NN3872,2023,340NN3872,1,9,0,13,13,7,3,0,0,1,0,0,0,0,4,1,6,6,3,-1,-1,-1,-1,-1,-1,-1,-1,0,-1
2023522400614,2023,522400614,1,1,0,18,19,4,8,0,0,8,0,0,0,0,3,1,6,6,2,26,6,-1,-1,-1,-1,3,E01014684,0,-1
2023010468118,2023,010468118,2,9,0,99,99,9,9,99,99,9,9,99,9,99,9,9,6,6,3,-1,-1,-1,-1,-1,-1,-1,-1,0,-1
2023010485865,2023,010485865,2,-1,0,18,19,5,1,0,0,0,0,0,0,0,1,1,6,6,2,41,7,-1,-1,-1,-1,2,E01002045,1,-1
2023141337284,2023,141337284,1,9,0,1,1,7,5,0,0,0,0,0,0,0,2,1,6,6,3,-1,-1,-1,-1,-1,-1,-1,-1,0,-1
2023010457625,2023,010457625,1,1,0,17,19,1,5,0,0,8,5,0,0,0,2,1,2,2,1,51,8,-1,-1,-1,-1,2,E01003922,0,-1
2023052300190,2023,052300190,1,-1,0,18,19,3,7,0,0,0,0,0,0,0,1,1,2,2,1,33,6,-1,-1,-1,-1,1,E01006760,1,-1
2023302301020,2023,302301020,1,9,0,18,19,7,3,0,0,2,0,0,0,0,4,1,6,6,3,-1,-1,-1,-1,-1,-1,5,E01019456,0,-1
2023131369421,2023,131369421,1,9,0,-1,-1,-1,-1,-1,-1,-1,-1,-1,-1,-1,-1,1,6,6,3,-1,-1,-1,-1,-1,-1,-1,-1,0,-1
2023070744837,2023,070744837,1,1,0,9,9,7,3,0,0,1,0,0,0,0,1,1,6,6,1,23,5,-1,-1,-1,-1,4,E01012432,0,-1
2023010434771,2023,010434771,2,9,0,18,19,4,8,0,0,1,0,0,0,0,1,1,6,6,3,-1,-1,-1,-1,-1,-1,-1,-1,0,-1
2023311319370,2023,311319370,1,1,0,18,19,2,6,4,4,0,0,8,0,0,1,1,1,1,1,42,7,-1,-1,-1,-1,3,E01019661,0,-1
2023061366610,2023,061366610,2,9,0,18,19,7,3,0,0,0,0,0,0,0,1,1,1,1,1,28,6,-1,-1,-1,-1,5,E01006008,0,-1
2023010422288,2023,010422288,2,9,0,18,19,5,1,0,0,1,0,0,0,0,1,1,6,6,1,-1,-1,-1,-1,-1,-1,-1,-1,0,-1
2023161350187,2023,161350187,2,1,0,18,19,3,7,0,0,1,0,0,0,0,0,1,6,6,3,-1,-1,-1,-1,-1,-1,-1,-1,0,-1
2023211361876,2023,211361876,2,9,0,18,19,3,6,0,0,8,0,0,0,0,1,1,2,2,2,52,8,-1,-1,-1,-1,3,E01031264,0,-1
2023522301515,2023,522301515,1,9,0,6,6,9,9,0,0,0,1,0,9,11,9,1,6,6,1,-1,-1,-1,-1,-1,-1,-1,-1,0,-1
2023010472270,2023,010472270,1,1,9,99,99,9,9,99,99,0,9,99,9,99,9,1,1,1,1,23,5,-1,-1,-1,-1,2,E01003049,0,-1
2023010446799,2023,010446799,1,1,9,99,99,9,9,99,99,9,9,99,9,99,0,1,6,6,1,56,9,-1,-1,-1,-1,2,E01004613,0,-1
2023201291386,2023,201291386,2,9,0,3,3,-1,-1,0,0,4,0,0,0,0,2,1,2,2,2,49,8,-1,-1,-1,-1,5,E01031028,0,-1
2023411356439,2023,411356439,2,1,0,12,12,-1,-1,0,0,1,0,0,0,0,2,1,1,1,1,20,4,-1,-1,-1,-1,8,E01023709,0,-1
2023101312655,2023,101312655,2,1,0,3,3,3,1,0,0,2,5,0,0,0,1,1,5,6,1,54,8,-1,-1,-1,-1,7,E01008650,0,-1
2023101420347,2023,101420347,2,1,0,18,19,5,5,0,0,4,0,0,0,0,4,1,2,2,1,45,7,-1,-1,-1,-1,8,E01008749,0,-1
2023122300375,2023,122300375,1,9,0,9,9,6,8,0,0,8,0,0,0,0,1,1,6,6,1,60,9,-1,-1,-1,-1,10,E01027662,0,-1
2023010425415,2023,010425415,1,1,0,18,19,5,1,0,0,8,0,0,0,0,1,1,1,1,1,33,6,-1,-1,-1,-1,1,E01033455,0,-1
2023991351622,2023,991351622,2,1,0,18,19,5,2,0,0,8,0,0,0,0,1,1,5,6,1,73,10,-1,-1,-1,-1,1,-1,0,-1
2023010426151,2023,010426151,1,1,9,99,99,9,9,99,99,9,9,99,9,99,9,1,2,2,2,23,5,-1,-1,-1,-1,7,E01003407,0,-1
2023430092153,2023,430092153,1,1,0,18,19,3,7,0,0,0,1,0,0,0,1,1,1,1,1,27,6,-1,-1,-1,-1,6,E01028558,0,-1
2023170S21303,2023,170S21303,2,1,0,1,1,6,2,0,0,6,0,0,0,0,1,1,6,6,1,12,3,-1,-1,-1,-1,9,E01012297,0,-1
2023041314203,2023,041314203,1,9,0,18,19,3,7,0,0,8,0,0,0,0,4,1,6,6,3,-1,-1,-1,-1,-1,-1,-1,-1,0,-1
2023401318530,2023,401318530,2,1,0,17,19,1,5,0,0,4,0,0,0,0,1,1,2,2,1,28,6,-1,-1,-1,-1,-1,-1,0,-1
2023052302346,2023,052302346,1,9,0,18,19,7,3,0,0,0,0,0,0,0,1,1,6,6,3,-1,-1,-1,-1,-1,-1,-1,-1,0,-1
2023201314895,2023,201314895,2,9,0,18,19,4,8,0,0,8,0,0,0,0,1,1,6,6,1,39,7,-1,-1,-1,-1,3,E01009887,0,-1
2023010463584,2023,010463584,1,9,0,7,7,3,6,0,0,1,0,0,0,0,1,1,1,1,2,61,9,-1,-1,-1,-1,8,E01004160,0,-1
2023471341546,2023,471341546,2,1,0,18,19,8,4,0,0,0,0,0,0,0,3,1,5,6,2,27,6,-1,-1,-1,-1,4,E01002719,0,-1
2023122301162,2023,122301162,1,9,0,4,4,6,2,0,0,0,1,0,0,0,1,1,6,6,1,30,6,-1,-1,-1,-1,8,E01027839,0,-1
2023161356135,2023,161356135,1,9,0,5,5,6,2,0,0,6,0,0,0,0,1,1,6,6,2,-1,-1,-1,-1,-1,-1,-1,-1,0,-1
2023061320224,2023,061320224,2,1,0,18,19,6,2,0,0,8,0,0,0,0,4,1,2,2,1,19,4,-1,-1,-1,-1,1,E01005085,0,-1
2023010468291,2023,010468291,2,1,0,18,19,5,1,0,0,1,0,0,0,0,1,1,4,7,1,15,3,-1,-1,-1,-1,8,E01000311,0,-1
2023031388162,2023,031388162,1,9,4,18,19,1,5,0,0,0,0,0,0,0,0,1,2,2,1,33,6,-1,-1,-1,-1,-1,-1,0,-1
2023122400264,2023,122400264,2,1,0,18,19,8,4,0,0,0,0,0,0,0,1,1,6,6,1,49,8,-1,-1,-1,-1,6,E01013393,0,-1
2023552300715,2023,552300715,1,1,0,5,5,3,7,0,0,0,0,0,0,0,1,1,6,6,1,12,3,-1,-1,-1,-1,3,E01015306,0,-1
2023430012158,2023,430012158,1,1,0,18,19,3,7,0,0,0,0,0,0,0,3,1,6,6,1,20,4,-1,-1,-1,-1,10,E01028457,0,-1
2023010434574,2023,010434574,1,1,9,99,99,9,9,99,99,9,9,99,9,99,2,1,6,6,2,24,5,-1,-1,-1,-1,2,E01001940,0,-1
2023131276743,2023,131276743,2,98,0,4,4,7,3,0,0,0,0,0,0,0,1,1,1,1,1,55,8,-1,-1,-1,-1,3,E01010779,0,-1
2023461266048,2023,461266048,1,9,0,18,19,5,1,0,0,0,2,0,0,0,1,1,6,6,1,30,6,-1,-1,-1,-1,5,E01016034,0,-1
2023201414963,2023,201414963,2,9,0,18,19,3,7,0,0,0,0,0,0,0,3,1,6,6,1,36,7,-1,-1,-1,-1,1,E01010107,0,-1
2023991316795,2023,991316795,1,5,0,16,19,5,1,0,0,0,0,0,0,0,1,1,5,6,1,49,8,-1,-1,-1,-1,-1,-1,0,-1
2023010486179,2023,010486179,1,1,9,18,19,5,1,0,0,9,9,99,9,99,9,1,6,6,2,50,8,-1,-1,-1,-1,10,E01003010,0,-1
2023411360084,2023,411360084,3,9,0,4,4,2,6,0,0,0,1,0,0,0,3,1,5,6,1,60,9,-1,-1,-1,-1,6,E01007724,0,-1
2023552300866,2023,552300866,1,1,0,18,19,7,3,0,0,0,0,0,0,0,3,1,2,2,2,51,8,-1,-1,-1,-1,9,E01020371,0,-1
2023211387922,2023,211387922,1,-1,0,18,19,6,6,0,0,4,0,0,0,0,0,1,2,2,1,20,4,-1,-1,-1,-1,4,E01010254,1,-1
2023041280175,2023,041280175,1,97,0,18,19,1,5,0,0,0,0,0,1,11,4,1,6,6,1,48,8,-1,-1,-1,-1,5,E01025009,0,-1
2023201394899,2023,201394899,2,9,0,4,4,4,8,0,0,0,0,0,0,0,1,1,6,6,1,20,4,-1,-1,-1,-1,1,E01009371,0,-1
2023041372319,2023,041372319,1,23,0,18,19,-1,-1,0,0,0,0,0,0,0,-1,1,6,6,3,-1,-1,-1,-1,-1,-1,-1,-1,0,-1
2023430316526,2023,430316526,2,9,0,13,13,2,6,0,0,0,0,0,0,0,4,1,6,6,3,-1,-1,-1,-1,-1,-1,-1,-1,0,-1
2023430482859,2023,430482859,1,9,0,7,7,8,3,0,0,5,0,0,0,0,4,1,6,6,2,30,6,-1,-1,-1,-1,-1,-1,0,-1
2023340NN9102,2023,340NN9102,1,9,0,18,19,6,2,0,0,0,5,0,1,11,1,1,1,1,1,30,6,-1,-1,-1,-1,2,E01027106,0,-1
2023211343845,2023,211343845,1,9,0,11,11,5,1,0,0,0,0,0,0,0,1,1,6,6,1,31,6,-1,-1,-1,-1,2,E01011082,0,-1
2023451345992,2023,451345992,1,1,0,18,19,1,1,0,0,0,0,0,0,0,3,1,6,6,2,49,8,-1,-1,-1,-1,-1,-1,0,-1
2023010456050,2023,010456050,2,9,0,99,99,9,9,99,99,0,9,99,9,99,2,9,6,6,3,51,8,-1,-1,-1,-1,7,E01003395,0,-1
2023991269392,2023,991269392,2,1,0,18,19,3,7,0,0,1,0,0,0,0,1,1,6,6,1,32,6,-1,-1,-1,-1,4,-1,0,-1
202360A062092,2023,60A062092,3,9,0,18,19,2,6,0,0,0,0,0,0,0,1,1,6,6,1,73,10,-1,-1,-1,-1,-1,-1,0,-1
2023131371135,2023,131371135,2,9,0,-1,-1,-1,-1,-1,-1,0,-1,-1,-1,0,-1,1,6,6,3,-1,-1,-1,-1,-1,-1,-1,-1,0,-1
2023332300026,2023,332300026,2,1,0,18,19,7,5,0,0,5,0,0,0,0,1,1,6,6,1,22,5,-1,-1,-1,-1,8,E01030879,0,-1
2023471315084,2023,471315084,3,9,0,18,19,3,7,0,0,4,0,0,0,0,0,1,6,6,3,-1,-1,-1,-1,-1,-1,-1,-1,0,-1
2023610048323,2023,610048323,1,9,0,18,19,6,1,0,0,0,1,0,1,6,1,1,6,6,1,22,5,-1,-1,-1,-1,10,W01001799,0,-1
2023061352419,2023,061352419,1,9,0,9,9,5,3,0,0,5,0,0,0,0,1,1,6,6,2,60,9,-1,-1,-1,-1,-1,-1,0,-1
2023501303089,2023,501303089,2,9,5,18,19,1,5,0,0,0,0,0,0,0,1,1,6,6,1,60,9,-1,-1,-1,-1,4,E01019071,0,-1
2023010455497,2023,010455497,2,9,0,99,99,9,9,99,99,9,9,99,9,99,9,9,6,6,3,-1,-1,-1,-1,-1,-1,-1,-1,0,-1
2023421339131,2023,421339131,2,1,0,18,19,5,1,0,0,0,5,0,0,0,3,1,6,6,1,12,3,-1,-1,-1,-1,5,E01021572,0,-1
2023302300328,2023,302300328,2,1,0,18,19,4,8,0,0,8,0,0,0,0,2,1,1,1,1,52,8,-1,-1,-1,-1,7,E01019698,0,-1
2023522300435,2023,522300435,1,1,0,9,9,5,3,0,0,8,0,0,0,0,4,1,6,6,1,34,6,-1,-1,-1,-1,7,E01014702,0,-1
2023221348970,2023,221348970,2,1,0,16,19,6,1,0,0,2,0,0,0,0,3,1,6,6,1,75,10,-1,-1,-1,-1,7,E01028954,0,-1
2023361316924,2023,361316924,1,1,0,4,4,0,0,0,0,0,0,0,0,0,0,1,5,6,1,58,9,-1,-1,-1,-1,5,E01026428,0,-1
2023010429579,2023,010429579,1,19,9,99,99,9,9,99,99,9,9,99,9,99,1,9,6,6,3,-1,-1,-1,-1,-1,-1,-1,-1,0,-1
2023201416139,2023,201416139,2,1,0,18,19,4,8,0,0,8,0,0,0,0,1,1,6,6,1,28,6,-1,-1,-1,-1,1,E01009378,0,-1
2023332301197,2023,332301197,1,1,0,18,19,8,4,0,0,0,0,0,0,0,1,1,4,7,1,12,3,-1,-1,-1,-1,3,E01025852,0,-1
2023061350257,2023,061350257,2,1,0,18,19,1,5,4,4,0,0,0,0,0,1,1,6,6,1,31,6,-1,-1,-1,-1,6,E01005078,0,-1
2023010475056,2023,010475056,1,90,0,9,9,3,1,9,9,8,0,0,0,0,1,2,6,6,3,-1,-1,-1,-1,-1,-1,-1,-1,0,-1
2023440456927,2023,440456927,2,1,4,18,19,2,6,0,0,8,0,0,0,0,4,1,2,2,1,52,8,-1,-1,-1,-1,10,E01022704,0,-1
2023461275856,2023,461275856,1,9,0,9,9,6,3,0,0,3,0,0,0,0,1,1,6,6,3,-1,-1,-1,-1,-1,-1,-1,-1,0,-1
2023052300774,2023,052300774,1,9,0,18,19,1,5,0,0,0,0,0,0,0,4,1,6,6,3,-1,-1,-1,-1,-1,-1,-1,-1,0,-1
2023010422058,2023,010422058,1,1,9,99,99,9,9,99,99,0,9,99,9,99,9,1,6,6,1,28,6,-1,-1,-1,-1,2,E01004284,0,-1
2023622300156,2023,622300156,2,1,0,18,19,4,8,0,0,8,0,0,0,0,4,1,2,2,2,25,5,-1,-1,-1,-1,2,W01001895,0,-1
2023010434087,2023,010434087,1,1,9,99,99,9,9,99,99,9,9,99,9,99,9,1,2,2,1,53,8,-1,-1,-1,-1,7,E01001204,0,-1
2023440506974,2023,440506974,1,9,0,7,7,5,7,0,0,8,0,0,0,0,1,1,6,6,3,-1,-1,-1,-1,-1,-1,-1,-1,0,-1
2023351363765,2023,351363765,2,1,0,18,19,7,4,0,0,1,0,0,0,0,1,1,6,6,1,43,7,-1,-1,-1,-1,6,E01018170,0,-1
2023010460422,2023,010460422,2,1,0,11,11,3,7,0,0,2,0,0,0,0,1,1,6,6,1,15,3,-1,-1,-1,-1,2,E01002080,0,-1
2023340WN2532,2023,340WN2532,1,11,0,13,13,8,4,0,0,1,0,0,0,0,2,1,1,1,1,-1,-1,-1,-1,-1,-1,-1,-1,0,-1
2023010483835,2023,010483835,1,9,9,99,99,9,9,99,99,9,9,99,9,99,9,9,6,6,3,-1,-1,-1,-1,-1,-1,-1,-1,0,-1
2023501307218,2023,501307218,1,-1,0,15,15,3,7,0,0,0,2,0,0,0,1,1,5,6,1,42,7,-1,-1,-1,-1,2,E01015055,1,-1
2023332300030,2023,332300030,2,1,0,16,19,5,1,0,0,8,0,0,0,0,1,1,6,6,1,22,5,-1,-1,-1,-1,9,E01025642,0,-1
2023231271765,2023,231271765,1,19,0,18,19,2,6,0,0,0,0,0,0,0,0,1,6,6,3,38,7,-1,-1,-1,-1,-1,-1,0,-1
2023471307664,2023,471307664,3,-1,-1,18,19,1,5,0,0,0,0,0,0,0,0,1,6,6,3,-1,-1,-1,-1,-1,-1,-1,-1,0,-1
2023531361688,2023,531361688,1,9,0,18,19,1,5,0,0,0,0,0,0,0,1,1,6,6,2,-1,-1,-1,-1,-1,-1,-1,-1,0,-1
2023131321142,2023,131321142,2,9,0,18,19,2,6,0,0,8,0,-1,0,0,-1,1,6,6,3,-1,-1,-1,-1,-1,-1,-1,-1,0,-1
2023010473943,2023,010473943,1,9,0,1,1,5,1,6,6,1,0,0,0,0,2,1,6,6,3,-1,-1,-1,-1,-1,-1,-1,-1,0,-1
2023010458831,2023,010458831,2,1,9,99,99,9,9,99,99,9,9,99,9,99,9,1,6,6,1,61,9,-1,-1,-1,-1,3,E01002572,0,-1
2023522400331,2023,522400331,1,9,0,18,19,7,3,0,0,8,0,0,0,0,1,1,6,6,1,52,8,-1,-1,-1,-1,5,E01029066,0,-1
202354B664523,2023,54B664523,1,9,0,16,19,5,1,0,0,0,0,0,0,0,1,1,6,6,2,63,9,-1,-1,-1,-1,6,E01032081,0,-1
2023340NN0052,2023,340NN0052,3,90,0,18,19,2,6,0,0,1,0,0,0,0,0,1,6,6,3,-1,-1,-1,-1,-1,-1,-1,-1,0,-1
2023061355037,2023,061355037,2,1,0,18,19,2,6,0,0,1,0,0,0,0,1,1,5,6,1,32,6,-1,-1,-1,-1,1,E01004848,0,-1
2023010484000,2023,010484000,2,11,0,99,99,9,9,99,99,9,9,99,9,99,9,9,6,6,3,-1,-1,-1,-1,-1,-1,-1,-1,0,-1