collision_index,collision_year,collision_ref_no,vehicle_reference,vehicle_type,towing_and_articulation,vehicle_manoeuvre_historic,vehicle_manoeuvre,vehicle_direction_from,vehicle_direction_to,vehicle_location_restricted_lane_historic,vehicle_location_restricted_lane,junction_location,skidding_and_overturning,hit_object_in_carriageway,vehicle_leaving_carriageway,hit_object_off_carriageway,first_point_of_impact,vehicle_left_hand_drive,journey_purpose_of_driver_historic,journey_purpose_of_driver,sex_of_driver,age_of_driver,age_band_of_driver,engine_capacity_cc,propulsion_code,age_of_vehicle,generic_make_model,driver_imd_decile,lsoa_of_driver,escooter_flag,driver_distance_banding
2023201367633,2023,201367633,1,-1,0,18,19,2,8,0,0,3,0,0,0,0,3,1,6,6,3,-1,-1,-1,-1,-1,-1,-1,-1,0,-1
2023141392369,2023,141392369,2,9,0,18,19,5,1,0,0,0,0,0,0,0,3,1,6,6,3,-1,-1,-1,-1,-1,-1,-1,-1,0,-1
2023070430176,2023,070430176,2,9,0,18,19,4,8,0,0,1,0,0,0,0,3,1,6,6,3,-1,-1,-1,-1,-1,-1,-1,-1,0,-1
2023430302283,2023,430302283,2,9,0,18,19,8,4,0,0,6,0,0,0,0,4,1,2,2,1,37,7,-1,-1,-1,-1,4,E01016435,0,-1
2023552400074,2023,552400074,2,1,0,18,19,4,8,0,0,8,0,0,0,0,4,1,6,6,1,34,6,-1,-1,-1,-1,5,E01015345,0,-1
2023320435846,2023,320435846,2,9,0,18,19,6,2,0,0,8,0,0,0,0,1,1,1,1,1,22,5,-1,-1,-1,-1,1,E01026074,0,-1
2023010438923,2023,010438923,1,9,0,99,99,9,9,99,99,9,9,99,9,99,2,9,6,6,3,-1,-1,-1,-1,-1,-1,-1,-1,0,-1
2023991382591,2023,991382591,1,8,0,7,7,3,4,9,9,1,0,0,1,0,4,1,1,1,1,35,6,-1,-1,-1,-1,-1,-1,0,-1
2023010426273,2023,010426273,1,1,9,99,99,9,9,99,99,0,9,99,9,99,9,1,2,2,2,28,6,-1,-1,-1,-1,10,E01023715,0,-1
2023522400426,2023,522400426,2,19,9,18,19,7,3,0,0,1,0,0,0,0,1,1,6,6,3,-1,-1,-1,-1,-1,-1,-1,-1,0,-1
2023522400150,2023,522400150,1,3,0,7,7,5,7,0,0,2,0,0,0,0,1,1,6,6,2,24,5,-1,-1,-1,-1,4,E01014946,0,-1
2023221347054,2023,221347054,2,8,0,18,19,1,5,0,0,0,0,0,0,0,1,1,1,1,3,44,7,-1,-1,-1,-1,-1,-1,0,-1
2023471311157,2023,471311157,1,9,0,18,19,5,1,0,0,2,0,0,0,0,4,1,5,6,1,22,5,-1,-1,-1,-1,7,E01021063,0,-1
2023545562823,2023,545562823,2,1,0,9,9,4,3,0,0,4,0,0,0,0,4,1,6,6,2,40,7,-1,-1,-1,-1,9,E01031998,0,-1
2023010475911,2023,010475911,2,9,0,7,7,1,4,0,0,1,0,0,0,0,4,1,2,2,1,37,7,-1,-1,-1,-1,7,E01000993,0,-1
2023522400300,2023,522400300,2,19,0,18,19,3,6,0,0,1,0,0,0,0,1,1,6,6,3,-1,-1,-1,-1,-1,-1,-1,-1,0,-1
2023311276035,2023,311276035,2,1,0,7,7,1,7,0,0,1,0,0,0,0,1,1,1,1,1,25,5,-1,-1,-1,-1,1,E01013954,0,-1
2023070205970,2023,070205970,2,19,0,18,19,5,1,0,0,0,0,0,0,0,2,1,6,6,1,38,7,-1,-1,-1,-1,-1,-1,0,-1
2023010467979,2023,010467979,3,1,0,5,5,5,1,0,0,7,5,0,1,0,4,1,2,2,1,60,9,-1,-1,-1,-1,5,E01002632,0,-1
2023010464994,2023,010464994,2,1,0,18,19,6,2,4,4,1,0,0,0,0,3,1,6,6,1,29,6,-1,-1,-1,-1,3,E01003686,0,-1
2023041361721,2023,041361721,1,9,0,18,19,1,5,0,0,1,0,0,0,0,1,1,6,6,3,-1,-1,-1,-1,-1,-1,-1,-1,0,-1
2023430099292,2023,430099292,2,1,0,9,9,3,1,0,0,1,0,0,0,0,2,1,2,2,1,54,8,-1,-1,-1,-1,2,E01028450,0,-1
2023411301037,2023,411301037,1,98,0,18,19,6,2,0,0,3,0,0,0,0,3,1,1,1,1,49,8,-1,-1,-1,-1,7,E01002653,0,-1
2023052302052,2023,052302052,2,1,0,18,19,7,3,0,0,0,0,0,0,0,4,1,6,6,1,32,6,-1,-1,-1,-1,2,E01006564,0,-1
202354C867023,2023,54C867023,1,9,0,7,7,1,5,0,0,1,0,0,0,0,3,1,6,6,3,-1,-1,-1,-1,-1,-1,-1,-1,0,-1
2023471316777,2023,471316777,1,1,0,18,19,3,7,9,9,0,0,0,0,0,1,1,6,6,3,-1,-1,-1,-1,-1,-1,-1,-1,0,-1
2023421325742,2023,421325742,1,9,0,5,5,1,5,0,0,0,0,0,0,0,1,1,6,6,1,-1,-1,-1,-1,-1,-1,-1,-1,0,-1
2023421373797,2023,421373797,1,9,0,1,1,-1,-1,-1,-1,0,-1,-1,-1,0,2,1,6,6,3,-1,-1,-1,-1,-1,-1,-1,-1,0,-1
2023061303283,2023,061303283,2,1,0,18,19,-1,-1,0,0,0,0,0,0,0,0,1,6,6,3,23,5,-1,-1,-1,-1,1,E01005610,0,-1
2023421273197,2023,421273197,2,1,0,18,19,1,5,0,0,8,0,0,0,0,3,1,5,6,1,44,7,-1,-1,-1,-1,9,E01015857,0,-1
2023991314320,2023,991314320,2,1,0,18,19,3,7,0,0,1,0,0,0,0,1,1,5,6,1,47,8,-1,-1,-1,-1,-1,-1,0,-1
2023131314438,2023,131314438,1,90,0,18,19,1,5,0,0,1,0,0,0,0,1,1,6,6,3,-1,-1,-1,-1,-1,-1,-1,-1,0,-1
2023311263745,2023,311263745,4,9,0,3,3,7,3,0,0,0,0,0,0,0,1,1,6,6,1,68,10,-1,-1,-1,-1,1,E01013823,0,-1
2023430430230,2023,430430230,3,9,0,3,3,7,3,0,0,0,0,0,0,0,2,1,6,6,3,-1,-1,-1,-1,-1,-1,-1,-1,0,-1
2023010480654,2023,010480654,2,1,0,5,5,3,7,0,0,8,0,0,0,0,1,1,1,1,1,56,9,-1,-1,-1,-1,2,E01003304,0,-1
2023430001149,2023,430001149,1,1,0,18,19,3,7,9,9,8,0,0,0,0,3,1,4,7,1,13,3,-1,-1,-1,-1,9,E01017660,0,-1
2023101339673,2023,101339673,2,1,0,18,19,1,5,0,0,8,2,0,0,0,4,1,5,6,1,81,11,-1,-1,-1,-1,9,E01008775,0,-1
2023421297455,2023,421297455,1,9,0,5,5,3,1,0,0,0,0,0,0,0,1,1,6,6,3,-1,-1,-1,-1,-1,-1,-1,-1,0,-1
2023052301229,2023,052301229,1,9,0,18,19,5,1,0,0,0,0,0,0,0,1,1,6,6,3,-1,-1,-1,-1,-1,-1,-1,-1,0,-1
2023631322679,2023,631322679,2,98,0,18,19,8,5,0,0,8,0,0,0,0,1,1,2,2,1,27,6,-1,-1,-1,-1,9,W01000534,0,-1
2023201402689,2023,201402689,1,9,0,7,7,3,4,0,0,5,0,0,0,0,3,1,6,6,3,-1,-1,-1,-1,-1,-1,-1,-1,0,-1
2023430464795,2023,430464795,2,1,0,18,19,6,2,0,0,1,0,0,0,0,1,1,6,6,2,30,6,-1,-1,-1,-1,-1,-1,0,-1
2023010484311,2023,010484311,1,1,9,18,19,5,1,0,0,8,9,0,0,0,1,1,6,6,1,52,8,-1,-1,-1,-1,3,E01002780,0,-1
2023010443774,2023,010443774,1,1,9,99,99,9,9,99,99,9,9,99,9,99,9,1,2,2,1,24,5,-1,-1,-1,-1,8,E01004593,0,-1
2023991389445,2023,991389445,1,19,0,3,3,2,6,0,0,1,0,0,0,0,1,1,6,6,3,-1,-1,-1,-1,-1,-1,-1,-1,0,-1
2023991332283,2023,991332283,3,9,0,16,19,5,8,0,0,0,0,0,0,0,0,1,5,6,1,35,6,-1,-1,-1,-1,-1,-1,0,-1
2023010440796,2023,010440796,1,9,9,99,99,9,9,0,0,0,9,99,9,99,9,9,6,6,3,-1,-1,-1,-1,-1,-1,-1,-1,0,-1
2023010434713,2023,010434713,1,1,9,99,99,9,9,99,99,0,9,99,9,99,9,1,2,2,1,50,8,-1,-1,-1,-1,10,E01000645,0,-1
2023552300143,2023,552300143,2,1,0,18,19,1,5,4,4,0,0,0,0,0,3,1,6,6,1,76,11,-1,-1,-1,-1,7,E01015425,0,-1
2023010463312,2023,010463312,2,19,0,99,99,9,9,99,99,9,9,99,9,99,9,9,6,6,3,-1,-1,-1,-1,-1,-1,-1,-1,0,-1
2023430314268,2023,430314268,1,9,0,18,19,4,8,0,0,1,0,0,0,0,1,1,6,6,3,-1,-1,-1,-1,-1,-1,-1,-1,0,-1
2023010452061,2023,010452061,1,1,9,99,99,9,9,99,99,9,9,99,9,99,9,1,2,2,1,59,9,-1,-1,-1,-1,1,E01001899,0,-1
2023311350369,2023,311350369,2,1,0,18,19,4,8,0,0,8,0,0,0,0,3,1,6,6,1,31,6,-1,-1,-1,-1,3,E01033398,0,-1
2023161391544,2023,161391544,1,9,0,9,9,5,3,0,0,6,0,0,0,0,3,1,2,2,1,48,8,-1,-1,-1,-1,1,E01012855,0,-1
2023547703023,2023,547703023,2,9,0,4,4,5,1,0,0,0,0,0,0,0,2,1,6,6,1,42,7,-1,-1,-1,-1,7,E01015493,0,-1
2023061301438,2023,061301438,2,8,0,18,19,6,2,0,0,0,0,0,0,0,1,1,1,1,3,30,6,-1,-1,-1,-1,-1,-1,0,-1
2023201285438,2023,201285438,3,1,0,18,19,2,6,0,0,2,0,0,0,0,1,1,4,7,1,13,3,-1,-1,-1,-1,3,E01009294,0,-1
2023311341195,2023,311341195,1,-1,0,7,7,4,8,1,1,6,5,0,0,0,1,1,5,6,1,32,6,-1,-1,-1,-1,-1,-1,1,-1
2023131381964,2023,131381964,1,8,0,9,9,1,7,0,0,1,0,0,0,0,1,1,6,6,3,-1,-1,-1,-1,-1,-1,-1,-1,0,-1
2023440148138,2023,440148138,1,-1,0,18,19,7,3,0,0,0,0,10,0,0,1,1,6,6,2,25,5,-1,-1,-1,-1,5,E01030724,1,-1
2023201389900,2023,201389900,1,9,0,18,19,7,3,0,0,0,0,10,1,0,1,1,6,6,3,-1,-1,-1,-1,-1,-1,-1,-1,0,-1
2023549937323,2023,549937323,1,20,0,18,19,1,5,0,0,0,0,0,0,0,3,1,6,6,1,44,7,-1,-1,-1,-1,2,E01022290,0,-1
2023010481188,2023,010481188,1,1,9,99,99,9,9,99,99,9,9,99,9,99,1,1,2,2,1,80,11,-1,-1,-1,-1,7,E01000849,0,-1
2023320256762,2023,320256762,2,1,0,7,7,1,7,0,0,8,0,0,0,0,1,1,6,6,1,29,6,-1,-1,-1,-1,8,E01026229,0,-1
2023161380906,2023,161380906,2,1,0,18,19,2,6,0,0,0,0,0,0,0,2,1,6,6,1,12,3,-1,-1,-1,-1,8,E01026062,0,-1
2023501372956,2023,501372956,2,1,0,18,19,5,1,0,0,8,0,0,0,0,3,1,5,6,1,13,3,-1,-1,-1,-1,6,E01020161,0,-1
2023010441852,2023,010441852,1,1,9,99,99,9,9,99,99,9,9,99,9,99,9,1,6,6,1,42,7,-1,-1,-1,-1,9,E01003384,0,-1
2023320688564,2023,320688564,2,21,0,2,2,0,0,6,6,0,0,0,0,0,2,1,1,1,1,60,9,-1,-1,-1,-1,-1,-1,0,-1
2023010476351,2023,010476351,2,3,0,99,99,9,9,99,99,0,9,99,9,99,9,1,6,6,3,-1,-1,-1,-1,-1,-1,-1,-1,0,-1
2023461363371,2023,461363371,1,9,0,18,19,5,1,0,0,0,0,0,0,0,1,1,6,6,2,35,6,-1,-1,-1,-1,5,E01016127,0,-1
2023311304096,2023,311304096,2,-1,0,18,19,3,7,0,0,0,0,0,0,0,4,1,6,6,2,16,4,-1,-1,-1,-1,3,E01013830,1,-1
2023311362076,2023,311362076,2,9,0,1,1,5,2,9,9,0,0,0,0,0,2,1,6,6,1,30,6,-1,-1,-1,-1,-1,-1,0,-1
2023111296340,2023,111296340,1,9,0,18,19,7,2,0,0,4,0,0,0,0,1,1,6,6,3,30,6,-1,-1,-1,-1,-1,-1,0,-1
2023010449335,2023,010449335,2,9,0,99,99,9,9,99,99,9,9,99,9,99,1,9,6,6,3,-1,-1,-1,-1,-1,-1,-1,-1,0,-1
2023010437319,2023,010437319,1,1,9,99,99,9,9,99,99,9,9,99,9,99,9,1,2,2,1,51,8,-1,-1,-1,-1,3,E01003263,0,-1
2023440292430,2023,440292430,2,1,0,18,19,7,3,0,0,8,0,0,0,0,4,1,6,6,1,13,3,-1,-1,-1,-1,3,E01017078,0,-1
2023141269198,2023,141269198,2,1,0,5,5,7,3,9,9,0,0,0,0,0,1,1,6,6,1,84,11,-1,-1,-1,-1,2,E01007535,0,-1
2023461375999,2023,461375999,1,9,0,18,19,8,8,0,0,0,0,0,0,0,0,1,6,6,3,-1,-1,-1,-1,-1,-1,-1,-1,0,-1
2023440376418,2023,440376418,2,1,0,18,19,6,2,0,0,1,0,0,0,0,1,1,6,6,1,53,8,-1,-1,-1,-1,8,E01022591,0,-1
2023302301582,2023,302301582,1,11,0,18,19,5,1,0,0,0,0,0,0,0,4,1,6,6,3,-1,-1,-1,-1,-1,-1,5,E01019456,0,-1
2023211332946,2023,211332946,1,9,0,18,19,3,7,9,9,0,0,0,1,0,1,1,5,6,1,46,8,-1,-1,-1,-1,1,E01009507,0,-1
2023170L21213,2023,170L21213,2,9,0,18,19,6,2,0,0,0,0,0,0,0,1,1,6,6,1,-1,-1,-1,-1,-1,-1,-1,-1,0,-1
2023052300504,2023,052300504,1,9,0,1,1,1,5,0,0,0,0,0,0,0,2,1,6,6,3,-1,-1,-1,-1,-1,-1,-1,-1,0,-1
2023522301263,2023,522301263,2,19,0,18,19,1,4,0,0,1,0,0,0,0,1,1,6,6,1,26,6,-1,-1,-1,-1,1,E01013864,0,-1
2023010444457,2023,010444457,2,9,9,99,99,9,9,99,99,9,9,99,9,99,9,9,6,6,3,-1,-1,-1,-1,-1,-1,-1,-1,0,-1
2023411363377,2023,411363377,1,19,0,4,4,2,6,0,0,1,0,0,0,0,1,1,1,1,1,59,9,-1,-1,-1,-1,9,E01023953,0,-1
2023061388912,2023,061388912,1,-1,0,18,19,1,5,0,0,0,0,0,0,0,0,1,6,6,3,-1,-1,-1,-1,-1,-1,-1,-1,0,-1
2023471351253,2023,471351253,2,1,0,18,19,4,5,0,0,1,0,0,0,0,4,1,6,6,1,42,7,-1,-1,-1,-1,10,E01030340,0,-1
2023421327078,2023,421327078,1,3,0,5,5,6,2,0,0,0,2,0,1,0,1,1,6,6,1,60,9,-1,-1,-1,-1,8,E01022093,0,-1
2023071074489,2023,071074489,2,9,0,4,4,3,7,0,0,1,0,0,0,0,0,1,6,6,3,-1,-1,-1,-1,-1,-1,-1,-1,0,-1
2023430158501,2023,430158501,1,9,0,18,19,6,2,0,0,0,0,0,0,0,3,1,6,6,1,-1,-1,-1,-1,-1,-1,-1,-1,0,-1
2023501284442,2023,501284442,2,1,0,18,19,4,8,0,0,0,2,0,0,0,3,1,2,2,1,27,6,-1,-1,-1,-1,4,E01015178,0,-1
2023421366052,2023,421366052,2,-1,0,2,2,0,0,0,0,0,0,4,0,0,-1,1,6,6,1,-1,-1,-1,-1,-1,-1,-1,-1,0,-1
2023010474765,2023,010474765,1,1,9,99,99,9,9,99,99,9,9,99,9,99,9,1,6,6,2,25,5,-1,-1,-1,-1,1,E01004250,0,-1
2023221287533,2023,221287533,3,9,0,2,2,0,0,0,0,1,0,0,0,0,1,1,6,6,2,69,10,-1,-1,-1,-1,2,E01014042,0,-1
2023211321837,2023,211321837,2,1,0,5,5,8,4,0,0,8,0,0,0,0,2,1,4,7,1,12,3,-1,-1,-1,-1,7,E01029732,0,-1
2023010468079,2023,010468079,1,1,0,99,99,9,9,0,0,1,0,0,0,0,2,1,6,6,1,33,6,-1,-1,-1,-1,2,E01004001,0,-1
2023211270524,2023,211270524,2,1,0,-1,-1,6,8,-1,-1,0,0,0,0,0,-1,1,6,6,1,-1,-1,-1,-1,-1,-1,-1,-1,0,-1
2023430310183,2023,430310183,1,9,0,18,19,6,2,0,0,0,0,0,0,0,1,1,6,6,2,-1,-1,-1,-1,-1,-1,-1,-1,0,-1
2023311363107,2023,311363107,2,19,5,18,19,7,5,0,0,8,0,0,0,0,1,1,6,6,1,25,5,-1,-1,-1,-1,-1,-1,0,-1
2023052301680,2023,052301680,1,17,0,18,19,5,1,0,0,0,0,0,0,0,4,1,6,6,3,-1,-1,-1,-1,-1,-1,-1,-1,0,-1
2023430154757,2023,430154757,2,9,0,18,19,1,5,0,0,1,0,0,0,0,1,1,6,6,2,-1,-1,-1,-1,-1,-1,-1,-1,0,-1
2023201277784,2023,201277784,1,9,0,18,19,8,4,0,0,0,0,0,0,0,1,1,6,6,1,24,5,-1,-1,-1,-1,1,E01009360,0,-1
2023201318613,2023,201318613,2,1,0,18,19,7,3,0,0,0,0,0,0,0,1,1,6,6,1,33,6,-1,-1,-1,-1,4,E01009030,0,-1
2023552301351,2023,552301351,1,1,0,18,19,6,2,9,9,0,0,0,0,0,0,1,2,2,1,53,8,-1,-1,-1,-1,10,E01020355,0,-1
2023430144404,2023,430144404,2,1,0,18,19,1,5,5,5,8,0,0,0,0,1,1,2,2,1,24,5,-1,-1,-1,-1,3,E01028516,0,-1
2023371391331,2023,371391331,2,1,0,18,19,5,1,0,0,0,5,0,0,0,3,1,6,6,2,64,9,-1,-1,-1,-1,5,E01030286,0,-1
2023411268151,2023,411268151,2,1,0,10,10,8,4,0,0,0,0,0,0,0,1,1,6,6,1,48,8,-1,-1,-1,-1,10,E01023363,0,-1
2023010459890,2023,010459890,2,1,0,18,19,6,2,0,0,1,0,4,0,0,2,1,6,6,1,29,6,-1,-1,-1,-1,8,E01014868,0,-1
2023010470447,2023,010470447,2,1,0,5,5,1,5,99,99,1,0,0,0,0,2,1,2,2,1,60,9,-1,-1,-1,-1,6,E01023306,0,-1
2023522300099,2023,522300099,2,19,0,18,19,1,5,0,0,0,0,0,0,0,3,1,6,6,3,-1,-1,-1,-1,-1,-1,-1,-1,0,-1
2023201386505,2023,201386505,1,23,0,4,4,7,3,0,0,0,0,0,0,0,3,1,6,6,1,20,4,-1,-1,-1,-1,3,E01008986,0,-1
2023041380616,2023,041380616,1,9,0,18,19,5,1,0,0,0,0,0,0,0,1,1,5,6,1,30,6,-1,-1,-1,-1,5,E01025605,0,-1
2023131286604,2023,131286604,1,9,0,-1,-1,-1,-1,-1,-1,-1,-1,-1,-1,-1,-1,1,6,6,3,-1,-1,-1,-1,-1,-1,-1,-1,0,-1
2023440355843,2023,440355843,2,1,0,18,19,3,7,0,0,8,0,0,0,0,1,1,6,6,1,42,7,-1,-1,-1,-1,10,E01022862,0,-1
2023201381765,2023,201381765,2,1,0,4,4,4,8,0,0,8,0,0,0,0,3,1,2,2,1,32,6,-1,-1,-1,-1,8,E01010209,0,-1
2023010425708,2023,010425708,2,3,0,18,19,3,7,0,0,1,0,0,0,0,1,1,6,6,3,-1,-1,-1,-1,-1,-1,-1,-1,0,-1
2023131325020,2023,131325020,2,1,0,18,19,7,3,4,4,1,5,0,0,0,3,1,5,6,1,18,4,-1,-1,-1,-1,1,E01011616,0,-1
2023052302403,2023,052302403,1,-1,0,18,19,5,1,0,0,0,0,0,0,0,0,1,6,6,1,39,7,-1,-1,-1,-1,1,E01006812,1,-1
2023131384475,2023,131384475,1,9,0,12,12,7,3,0,0,0,0,0,0,0,3,1,1,1,1,50,8,-1,-1,-1,-1,1,E01010733,0,-1
2023010465039,2023,010465039,2,1,9,99,99,9,9,99,99,9,9,99,9,99,1,1,6,6,2,-1,-1,-1,-1,-1,-1,-1,-1,0,-1
2023501333449,2023,501333449,2,1,0,18,19,6,2,0,0,0,0,0,0,0,1,1,5,6,2,65,9,-1,-1,-1,-1,5,E01018780,0,-1
2023010443923,2023,010443923,2,1,0,17,19,7,3,0,0,8,0,0,0,0,4,1,6,6,1,14,3,-1,-1,-1,-1,4,E01000557,0,-1
2023161290674,2023,161290674,1,9,0,5,5,3,7,0,0,8,1,0,0,0,3,1,5,6,2,59,9,-1,-1,-1,-1,8,E01027643,0,-1
2023430275017,2023,430275017,1,21,4,12,12,8,4,0,0,0,0,0,0,0,1,2,1,1,1,55,8,-1,-1,-1,-1,1,E01002067,0,-1
2023430560824,2023,430560824,2,1,0,18,19,6,2,0,0,1,0,0,0,0,3,1,4,7,1,12,3,-1,-1,-1,-1,9,E01028463,0,-1
2023430204262,2023,430204262,2,9,0,9,9,5,3,0,0,8,0,0,0,0,1,1,6,6,2,39,7,-1,-1,-1,-1,9,E01016682,0,-1
2023010479404,2023,010479404,2,1,0,18,19,4,8,0,0,2,0,0,0,0,3,1,2,2,1,40,7,-1,-1,-1,-1,2,E01000935,0,-1
2023471339875,2023,471339875,2,1,0,18,19,3,7,0,0,2,0,0,0,0,1,1,5,6,2,44,7,-1,-1,-1,-1,6,E01016859,0,-1
2023522400828,2023,522400828,1,-1,0,18,19,4,8,0,0,0,0,0,0,0,3,1,6,6,2,31,6,-1,-1,-1,-1,3,E01014731,1,-1
2023010456468,2023,010456468,1,1,9,99,99,9,9,99,99,9,9,99,9,99,1,1,2,2,1,33,6,-1,-1,-1,-1,3,E01003164,0,-1
2023131308491,2023,131308491,2,1,0,18,19,7,3,0,0,1,0,0,0,0,4,1,4,7,1,11,3,-1,-1,-1,-1,1,E01010817,0,-1
2023201283745,2023,201283745,1,9,0,7,7,2,5,0,0,5,0,0,0,0,1,1,6,6,1,-1,-1,-1,-1,-1,-1,-1,-1,0,-1
2023991362810,2023,991362810,1,9,4,18,19,7,1,0,0,4,0,0,0,0,3,1,1,1,1,52,8,-1,-1,-1,-1,7,-1,0,-1
2023010420064,2023,010420064,1,1,9,99,99,9,9,99,99,9,9,99,9,99,1,1,2,2,1,51,8,-1,-1,-1,-1,7,E01023569,0,-1
2023440182349,2023,440182349,1,-1,0,18,19,7,3,9,9,1,0,0,0,0,0,1,6,6,1,15,3,-1,-1,-1,-1,4,E01022621,1,-1
2023031274458,2023,031274458,1,9,-1,5,5,-1,-1,-1,-1,0,-1,-1,-1,0,-1,1,6,6,1,24,5,-1,-1,-1,-1,-1,-1,0,-1
2023401382900,2023,401382900,1,9,0,13,13,3,7,0,0,0,0,0,0,0,4,1,6,6,1,-1,-1,-1,-1,-1,-1,-1,-1,0,-1
2023351298996,2023,351298996,1,9,0,18,19,7,3,0,0,0,2,11,0,0,1,1,1,1,1,56,9,-1,-1,-1,-1,8,E01028647,0,-1
202360A027797,2023,60A027797,1,-1,0,5,5,3,7,0,0,0,0,0,0,0,1,1,6,6,1,13,3,-1,-1,-1,-1,-1,-1,1,-1
2023991290340,2023,991290340,1,9,0,4,4,7,3,0,0,1,0,0,0,0,1,1,6,6,3,18,4,-1,-1,-1,-1,-1,-1,0,-1
2023631355775,2023,631355775,2,9,0,18,19,4,6,0,0,0,0,0,0,0,3,1,5,6,2,41,7,-1,-1,-1,-1,6,W01000574,0,-1
2023430103317,2023,430103317,1,9,0,18,19,8,4,0,0,6,0,10,1,11,1,1,6,6,1,55,8,-1,-1,-1,-1,-1,-1,0,-1
2023430078166,2023,430078166,2,1,0,18,19,2,6,0,0,0,0,0,0,0,3,1,2,2,1,61,9,-1,-1,-1,-1,5,E01028542,0,-1
2023201391521,2023,201391521,2,1,0,9,9,6,3,0,0,3,0,0,0,0,2,1,6,6,1,52,8,-1,-1,-1,-1,5,E01008960,0,-1
2023522301834,2023,522301834,3,9,0,2,2,0,0,0,0,0,0,0,0,0,3,1,6,6,3,-1,-1,-1,-1,-1,-1,-1,-1,0,-1
2023010460443,2023,010460443,2,1,0,4,4,1,5,0,0,2,0,0,0,0,1,1,6,6,1,23,5,-1,-1,-1,-1,5,E01001866,0,-1
202363A032323,2023,63A032323,2,9,0,2,2,0,0,0,0,0,0,0,0,0,1,1,6,6,3,-1,-1,-1,-1,-1,-1,-1,-1,0,-1
2023010432360,2023,010432360,1,8,0,99,99,9,9,99,99,9,9,99,9,99,1,9,6,6,3,-1,-1,-1,-1,-1,-1,-1,-1,0,-1
2023010444593,2023,010444593,1,9,0,1,1,1,5,0,0,0,0,0,0,0,2,1,6,6,3,-1,-1,-1,-1,-1,-1,-1,-1,0,-1
2023010448989,2023,010448989,2,1,9,18,19,5,1,99,99,8,9,99,9,99,4,1,6,6,1,-1,-1,-1,-1,-1,-1,-1,-1,0,-1
2023340WN6772,2023,340WN6772,1,9,0,5,5,7,3,0,0,6,0,0,0,0,1,1,6,6,2,-1,-1,-1,-1,-1,-1,-1,-1,0,-1
2023991295151,2023,991295151,2,1,0,18,19,6,2,0,0,0,1,0,0,0,1,1,5,6,1,47,8,-1,-1,-1,-1,5,-1,0,-1
2023010474382,2023,010474382,1,11,0,99,99,9,9,99,99,9,9,99,9,99,9,9,6,6,3,-1,-1,-1,-1,-1,-1,-1,-1,0,-1
2023340WN5312,2023,340WN5312,2,1,0,18,19,6,2,0,0,8,5,0,0,0,4,1,6,6,1,50,8,-1,-1,-1,-1,3,E01027173,0,-1
2023631381478,2023,631381478,1,90,0,18,19,8,4,0,0,0,1,0,0,0,1,1,5,6,2,37,7,-1,-1,-1,-1,7,W01000475,0,-1
2023540379823,2023,540379823,1,9,0,9,9,4,2,0,0,2,0,10,1,11,1,1,6,6,1,24,5,-1,-1,-1,-1,4,E01032715,0,-1
2023471337821,2023,471337821,2,9,0,18,19,7,3,0,0,0,0,0,0,0,2,1,5,6,1,-1,-1,-1,-1,-1,-1,9,E01021053,0,-1
2023401262405,2023,401262405,2,1,0,9,9,-1,-1,0,0,8,0,0,0,0,3,1,2,2,2,36,7,-1,-1,-1,-1,7,E01015812,0,-1
2023520400056,2023,520400056,2,9,9,18,19,9,9,0,0,4,9,0,0,0,1,9,6,6,3,-1,-1,-1,-1,-1,-1,-1,-1,0,-1
2023991384543,2023,991384543,2,9,0,18,19,7,3,0,0,0,0,4,0,0,1,1,6,6,3,25,5,-1,-1,-1,-1,-1,-1,0,-1
2023010466731,2023,010466731,1,9,9,99,99,9,9,99,99,9,9,99,9,99,9,9,6,6,3,-1,-1,-1,-1,-1,-1,-1,-1,0,-1
2023211438350,2023,211438350,2,9,0,18,19,4,8,0,0,1,0,0,4,6,1,1,5,6,2,43,7,-1,-1,-1,-1,-1,-1,0,-1
2023131272991,2023,131272991,2,9,0,-1,-1,-1,-1,-1,-1,0,-1,-1,-1,-1,-1,1,6,6,3,-1,-1,-1,-1,-1,-1,-1,-1,0,-1
202363B027023,2023,63B027023,2,11,0,18,19,6,2,0,0,8,0,0,7,11,1,1,1,1,1,54,8,-1,-1,-1,-1,-1,-1,0,-1
2023401296195,2023,401296195,1,-1,0,18,19,-1,-1,0,0,1,0,0,0,0,1,1,6,6,1,-1,-1,-1,-1,-1,-1,-1,-1,1,-1
2023430471738,2023,430471738,2,21,1,11,11,7,3,0,0,0,0,0,0,0,4,1,6,6,3,-1,-1,-1,-1,-1,-1,-1,-1,0,-1
2023340NN0022,2023,340NN0022,1,9,0,9,9,2,6,0,0,8,0,0,0,0,1,1,6,6,1,57,9,-1,-1,-1,-1,3,E01027312,0,-1
2023201293891,2023,201293891,5,98,0,18,19,5,1,0,0,0,0,0,0,0,2,1,1,1,1,50,8,-1,-1,-1,-1,2,E01006783,0,-1
2023351377622,2023,351377622,1,1,0,18,19,8,4,0,0,2,0,0,0,0,3,1,6,6,2,51,8,-1,-1,-1,-1,9,E01017998,0,-1
2023161360955,2023,161360955,1,1,0,18,19,3,7,0,0,1,0,0,0,0,2,1,6,6,1,36,7,-1,-1,-1,-1,1,E01013298,0,-1
2023052302290,2023,052302290,1,1,0,18,19,3,7,0,0,0,0,0,0,0,1,1,6,6,1,51,8,-1,-1,-1,-1,1,E01006695,0,-1
2023311278768,2023,311278768,2,1,0,18,19,5,1,0,0,1,0,0,0,0,1,1,6,6,1,31,6,-1,-1,-1,-1,2,E01013904,0,-1
2023010451070,2023,010451070,1,-1,9,99,99,9,9,99,99,9,9,99,9,99,9,9,6,6,3,-1,-1,-1,-1,-1,-1,-1,-1,1,-1
2023471326861,2023,471326861,2,98,0,17,19,5,2,0,0,0,0,0,0,0,3,1,6,6,3,-1,-1,-1,-1,-1,-1,-1,-1,0,-1
2023231276914,2023,231276914,1,9,0,18,19,4,8,0,0,8,0,0,0,0,1,1,6,6,1,64,9,-1,-1,-1,-1,4,E01031027,0,-1
2023010424710,2023,010424710,2,-1,0,4,4,3,7,0,0,1,0,0,0,0,4,1,6,6,1,50,8,-1,-1,-1,-1,7,E01003218,1,-1
2023052300565,2023,052300565,1,-1,0,18,19,4,8,0,0,8,0,0,0,0,3,1,6,6,1,10,2,-1,-1,-1,-1,1,E01006677,1,-1