collision_index,collision_year,collision_ref_no,vehicle_reference,vehicle_type,towing_and_articulation,vehicle_manoeuvre_historic,vehicle_manoeuvre,vehicle_direction_from,vehicle_direction_to,vehicle_location_restricted_lane_historic,vehicle_location_restricted_lane,junction_location,skidding_and_overturning,hit_object_in_carriageway,vehicle_leaving_carriageway,hit_object_off_carriageway,first_point_of_impact,vehicle_left_hand_drive,journey_purpose_of_driver_historic,journey_purpose_of_driver,sex_of_driver,age_of_driver,age_band_of_driver,engine_capacity_cc,propulsion_code,age_of_vehicle,generic_make_model,driver_imd_decile,lsoa_of_driver,escooter_flag,driver_distance_banding
202363D034523,2023,63D034523,2,9,0,7,7,5,7,0,0,5,0,0,0,0,3,1,6,6,1,66,10,-1,-1,-1,-1,-1,-1,0,-1
2023010434561,2023,010434561,1,1,9,99,99,9,9,99,99,9,9,99,9,99,9,1,2,2,2,40,7,-1,-1,-1,-1,5,E01004463,0,-1
2023010466082,2023,010466082,2,1,0,18,19,3,7,4,4,8,0,0,0,0,1,1,6,6,1,23,5,-1,-1,-1,-1,10,E01030489,0,-1
2023440032339,2023,440032339,1,9,0,4,4,1,5,0,0,0,1,0,1,7,1,1,2,2,1,30,6,-1,-1,-1,-1,5,E01017013,0,-1
2023461287341,2023,461287341,2,-1,0,18,19,2,6,0,0,8,0,0,0,0,1,1,6,6,1,14,3,-1,-1,-1,-1,8,E01024221,1,-1
2023131384060,2023,131384060,2,1,0,18,19,6,2,0,0,1,0,0,0,0,1,1,2,2,1,50,8,-1,-1,-1,-1,5,E01011192,0,-1
2023520301645,2023,520301645,1,22,0,18,19,5,1,9,9,0,0,0,0,0,1,1,6,6,3,-1,-1,-1,-1,-1,-1,-1,-1,0,-1
2023031345736,2023,031345736,3,9,0,5,5,4,8,0,0,0,0,0,0,0,2,1,6,6,1,25,5,-1,-1,-1,-1,10,E01012489,0,-1
2023201292303,2023,201292303,2,1,0,18,19,2,6,0,0,0,0,0,0,0,0,1,6,6,1,53,8,-1,-1,-1,-1,6,E01010549,0,-1
2023010439536,2023,010439536,1,1,9,99,99,9,9,99,99,9,9,99,9,99,9,1,2,2,1,28,6,-1,-1,-1,-1,2,E01004224,0,-1
2023421391224,2023,421391224,2,9,0,5,5,6,2,0,0,0,1,0,7,0,3,1,2,2,1,42,7,-1,-1,-1,-1,2,E01021711,0,-1
2023131373142,2023,131373142,2,98,0,9,9,1,5,0,0,6,0,0,0,0,4,1,6,6,1,-1,-1,-1,-1,-1,-1,-1,-1,0,-1
2023552400086,2023,552400086,1,9,0,18,19,7,3,0,0,0,0,0,0,0,1,1,6,6,3,-1,-1,-1,-1,-1,-1,-1,-1,0,-1
2023332300440,2023,332300440,2,1,0,9,9,5,3,0,0,8,0,0,0,0,4,1,6,6,1,58,9,-1,-1,-1,-1,9,E01025974,0,-1
2023991284922,2023,991284922,2,9,0,2,2,0,0,0,0,0,0,0,0,0,1,1,1,1,1,42,7,-1,-1,-1,-1,3,-1,0,-1
2023461301968,2023,461301968,1,19,0,18,19,8,4,0,0,0,0,0,0,0,0,1,1,1,1,29,6,-1,-1,-1,-1,7,E01017800,0,-1
2023332300177,2023,332300177,1,9,0,9,9,6,4,0,0,5,0,0,0,0,1,1,6,6,1,26,6,-1,-1,-1,-1,9,E01025776,0,-1
2023010463636,2023,010463636,2,1,9,99,99,9,9,99,99,9,9,99,9,99,9,1,6,6,3,-1,-1,-1,-1,-1,-1,9,E01003884,0,-1
2023552301303,2023,552301303,2,1,0,18,19,5,1,0,0,8,0,0,0,0,1,1,6,6,1,42,7,-1,-1,-1,-1,9,E01015351,0,-1
2023311362780,2023,311362780,2,1,0,11,11,6,2,0,0,0,0,0,0,0,3,1,6,6,1,39,7,-1,-1,-1,-1,2,E01027937,0,-1
2023201294247,2023,201294247,2,1,0,18,19,6,2,0,0,0,0,0,0,0,0,1,2,2,1,29,6,-1,-1,-1,-1,1,E01009378,0,-1
2023131312255,2023,131312255,1,9,0,18,19,5,1,0,0,0,2,0,1,4,3,1,6,6,1,23,5,-1,-1,-1,-1,-1,-1,0,-1
2023461354213,2023,461354213,1,-1,0,18,19,5,3,0,0,0,0,0,0,0,1,1,6,6,1,23,5,-1,-1,-1,-1,1,E01024306,1,-1
2023547597323,2023,547597323,1,1,0,18,19,7,3,0,0,6,0,0,0,0,2,1,6,6,1,23,5,-1,-1,-1,-1,8,E01031946,0,-1
2023052302360,2023,052302360,1,98,0,11,11,1,5,0,0,1,0,0,0,0,3,1,6,6,1,57,9,-1,-1,-1,-1,5,E01006489,0,-1
2023041390323,2023,041390323,2,1,0,18,19,7,1,0,0,4,2,0,0,0,1,1,6,6,1,52,8,-1,-1,-1,-1,2,E01012692,0,-1
2023010434262,2023,010434262,2,10,0,99,99,9,9,99,99,9,9,99,9,99,9,9,6,6,3,-1,-1,-1,-1,-1,-1,-1,-1,0,-1
2023520300724,2023,520300724,2,9,0,18,19,6,2,0,0,4,0,0,0,0,1,1,6,6,1,100,11,-1,-1,-1,-1,-1,-1,0,-1
2023070910533,2023,070910533,1,23,0,18,19,7,3,0,0,8,0,0,0,0,1,1,6,6,1,25,5,-1,-1,-1,-1,6,E01012378,0,-1
2023430324008,2023,430324008,1,9,0,18,19,4,8,0,0,1,0,0,0,0,1,1,6,6,3,-1,-1,-1,-1,-1,-1,-1,-1,0,-1
2023161335619,2023,161335619,1,9,0,11,11,2,6,0,0,1,0,0,0,0,0,1,6,6,3,-1,-1,-1,-1,-1,-1,-1,-1,0,-1
2023411318520,2023,411318520,1,9,0,4,4,3,8,0,0,0,0,0,0,0,1,1,2,2,1,31,6,-1,-1,-1,-1,6,E01024303,0,-1
2023061320760,2023,061320760,2,1,0,18,19,2,7,0,0,8,0,0,0,0,1,1,6,6,2,47,8,-1,-1,-1,-1,9,E01006076,0,-1
2023520400085,2023,520400085,2,5,0,18,19,3,7,0,0,8,0,0,0,0,1,1,6,6,3,-1,-1,-1,-1,-1,-1,-1,-1,0,-1
2023302301458,2023,302301458,2,9,0,5,5,1,5,0,0,1,0,0,0,0,3,1,6,6,1,75,10,-1,-1,-1,-1,4,E01019495,0,-1
2023451362632,2023,451362632,1,98,0,18,19,1,5,0,0,0,0,0,0,0,4,1,1,1,2,22,5,-1,-1,-1,-1,9,E01030560,0,-1
2023010454401,2023,010454401,1,9,0,99,99,9,9,99,99,9,9,99,9,99,9,9,6,6,2,48,8,-1,-1,-1,-1,8,E01000659,0,-1
2023622300701,2023,622300701,2,1,0,16,19,4,8,0,0,8,0,0,0,0,2,1,2,2,2,36,7,-1,-1,-1,-1,6,W01001076,0,-1
2023010484169,2023,010484169,2,1,0,13,13,5,1,0,0,1,0,0,0,0,1,1,6,6,1,36,7,-1,-1,-1,-1,5,E01004579,0,-1
2023340NN2342,2023,340NN2342,1,9,0,18,19,5,2,0,0,8,0,0,0,0,1,1,6,6,3,-1,-1,-1,-1,-1,-1,-1,-1,0,-1
2023031374635,2023,031374635,1,9,0,16,19,2,5,0,0,0,-1,-1,0,0,0,1,6,6,3,30,6,-1,-1,-1,-1,-1,-1,0,-1
2023010460051,2023,010460051,1,1,9,99,99,9,9,99,99,9,9,99,9,99,9,1,1,1,1,43,7,-1,-1,-1,-1,1,E01003347,0,-1
2023991274497,2023,991274497,2,1,0,18,19,5,1,4,4,1,5,0,0,0,1,1,6,6,1,41,7,-1,-1,-1,-1,-1,-1,0,-1
202360A078709,2023,60A078709,2,9,0,18,19,1,5,0,0,0,0,0,1,0,2,1,6,6,2,39,7,-1,-1,-1,-1,-1,-1,0,-1
2023010453190,2023,010453190,1,1,9,99,99,9,9,99,99,9,9,99,9,99,1,1,2,2,2,42,7,-1,-1,-1,-1,2,E01002096,0,-1
2023010459818,2023,010459818,1,98,9,99,99,9,9,99,99,9,9,99,9,99,9,9,6,6,1,-1,-1,-1,-1,-1,-1,-1,-1,0,-1
2023411293150,2023,411293150,1,97,0,18,19,-1,-1,0,0,2,0,0,0,0,1,1,6,6,3,-1,-1,-1,-1,-1,-1,-1,-1,0,-1
2023010449556,2023,010449556,1,1,9,99,99,9,9,99,99,9,9,99,9,99,1,1,2,2,1,17,4,-1,-1,-1,-1,4,E01001197,0,-1
2023211390368,2023,211390368,3,98,0,4,4,1,1,0,0,0,0,0,0,0,1,1,6,6,1,35,6,-1,-1,-1,-1,1,E01009328,0,-1
2023549871623,2023,549871623,2,1,0,18,19,2,6,0,0,0,0,0,0,0,3,1,2,2,1,16,4,-1,-1,-1,-1,10,E01031962,0,-1
2023991346777,2023,991346777,2,1,0,18,19,3,7,0,0,1,0,0,0,0,2,1,2,2,2,30,6,-1,-1,-1,-1,-1,-1,0,-1
2023061325283,2023,061325283,2,1,0,18,19,6,2,0,0,1,0,0,0,0,0,1,5,6,1,46,8,-1,-1,-1,-1,6,E01005060,0,-1
2023010455070,2023,010455070,2,-1,0,18,19,5,1,0,0,6,0,0,0,0,4,1,6,6,1,14,3,-1,-1,-1,-1,6,E01002639,1,-1
2023010479599,2023,010479599,1,1,9,99,99,9,9,99,99,9,9,99,9,99,2,1,2,2,2,32,6,-1,-1,-1,-1,2,E01000525,0,-1
2023430221164,2023,430221164,1,9,0,1,1,8,4,0,0,0,0,0,0,0,2,1,6,6,3,-1,-1,-1,-1,-1,-1,-1,-1,0,-1
2023131326096,2023,131326096,2,1,0,9,9,1,3,0,0,1,0,0,0,0,1,1,4,7,1,15,3,-1,-1,-1,-1,7,E01011614,0,-1
2023430088938,2023,430088938,2,-1,0,18,19,6,2,0,0,0,0,10,0,0,3,1,6,6,1,18,4,-1,-1,-1,-1,4,E01028525,1,-1
2023010433089,2023,010433089,1,1,9,99,99,9,9,99,99,1,9,99,9,99,1,1,2,2,1,46,8,-1,-1,-1,-1,4,E01033725,0,-1
2023411363228,2023,411363228,1,19,-1,-1,-1,-1,-1,-1,-1,-1,-1,-1,-1,0,-1,1,1,1,1,-1,-1,-1,-1,-1,-1,-1,-1,0,-1
2023340WN2222,2023,340WN2222,1,9,0,18,19,8,4,0,0,8,1,0,0,0,1,1,6,6,1,-1,-1,-1,-1,-1,-1,-1,-1,0,-1
2023311322465,2023,311322465,2,22,0,18,19,1,5,0,0,1,0,0,0,0,3,1,5,6,2,61,9,-1,-1,-1,-1,-1,-1,0,-1
2023311364361,2023,311364361,2,1,0,18,19,4,8,0,0,8,0,0,0,0,1,1,5,6,1,15,3,-1,-1,-1,-1,1,E01013865,0,-1
2023101378916,2023,101378916,2,1,0,18,19,7,3,0,0,8,5,0,1,0,3,1,2,2,1,40,7,-1,-1,-1,-1,-1,-1,0,-1
2023070696311,2023,070696311,1,1,0,9,9,7,3,0,0,2,0,0,0,0,3,1,6,6,1,13,3,-1,-1,-1,-1,4,E01018511,0,-1
2023010445553,2023,010445553,1,11,0,4,4,4,8,0,0,1,0,0,0,0,0,1,6,6,3,-1,-1,-1,-1,-1,-1,-1,-1,0,-1
2023302301358,2023,302301358,2,1,0,16,19,4,6,0,0,0,0,0,0,0,1,1,6,6,1,67,10,-1,-1,-1,-1,5,E01019611,0,-1
2023031358264,2023,031358264,1,-1,0,18,19,6,2,0,0,0,0,0,0,0,4,1,6,6,3,50,8,-1,-1,-1,-1,-1,-1,0,-1
2023430168405,2023,430168405,1,9,0,18,19,4,8,0,0,1,0,0,0,0,1,1,6,6,1,55,8,-1,-1,-1,-1,3,E01016456,0,-1
2023430390308,2023,430390308,2,1,0,18,19,8,4,4,4,1,0,0,0,0,3,1,2,2,2,32,6,-1,-1,-1,-1,1,E01028576,0,-1
2023501282852,2023,501282852,1,1,0,18,19,8,4,0,0,0,2,0,0,0,3,1,6,6,1,64,9,-1,-1,-1,-1,4,E01019007,0,-1
2023211391793,2023,211391793,2,9,0,18,19,3,3,0,0,0,0,0,0,0,1,1,5,6,1,53,8,-1,-1,-1,-1,10,E01029854,0,-1
2023031357043,2023,031357043,1,9,0,1,1,1,5,0,0,1,0,0,0,0,2,1,6,6,3,-1,-1,-1,-1,-1,-1,-1,-1,0,-1
2023131285924,2023,131285924,1,1,0,18,19,5,1,5,5,8,0,0,0,0,1,1,1,1,1,41,7,-1,-1,-1,-1,2,E01011470,0,-1
2023111388922,2023,111388922,1,19,0,18,19,7,3,0,0,0,5,4,0,0,1,1,5,6,1,88,11,-1,-1,-1,-1,2,E01020763,0,-1
2023471353294,2023,471353294,3,9,0,2,2,0,0,9,9,8,0,0,0,0,2,1,6,6,3,-1,-1,-1,-1,-1,-1,-1,-1,0,-1
2023201292303,2023,201292303,1,9,0,13,13,2,6,0,0,0,0,0,0,0,2,1,6,6,3,-1,-1,-1,-1,-1,-1,-1,-1,0,-1
2023010486629,2023,010486629,1,1,0,7,7,2,4,0,0,6,0,0,1,0,1,1,6,6,1,22,5,-1,-1,-1,-1,2,E01002053,0,-1
2023010445360,2023,010445360,2,9,0,18,19,1,5,0,0,1,0,0,0,0,4,1,6,6,3,-1,-1,-1,-1,-1,-1,-1,-1,0,-1
2023052301872,2023,052301872,1,1,0,18,19,5,1,0,0,0,0,0,0,0,1,1,6,6,1,-1,-1,-1,-1,-1,-1,-1,-1,0,-1
2023010457781,2023,010457781,1,8,0,99,99,9,9,99,99,9,9,99,9,99,9,9,6,6,3,-1,-1,-1,-1,-1,-1,-1,-1,0,-1
2023010468084,2023,010468084,1,9,9,99,99,9,9,99,99,9,9,99,9,99,9,1,6,6,3,-1,-1,-1,-1,-1,-1,-1,-1,0,-1
2023131326864,2023,131326864,2,1,0,18,19,1,3,0,0,8,0,0,0,0,1,1,6,6,1,37,7,-1,-1,-1,-1,5,E01010688,0,-1
2023201456211,2023,201456211,2,97,0,9,9,2,6,9,9,6,0,0,0,0,3,1,6,6,1,16,4,-1,-1,-1,-1,3,E01009701,0,-1
2023421318911,2023,421318911,1,9,-1,-1,-1,-1,-1,-1,-1,0,-1,-1,-1,0,-1,1,6,6,3,-1,-1,-1,-1,-1,-1,-1,-1,0,-1
2023440356737,2023,440356737,1,1,0,18,19,2,6,0,0,6,0,0,0,0,3,1,6,6,2,33,6,-1,-1,-1,-1,8,E01002925,0,-1
2023071093478,2023,071093478,1,19,0,17,19,6,2,0,0,0,1,0,1,11,4,1,1,1,1,48,8,-1,-1,-1,-1,9,E01006402,0,-1
2023010459823,2023,010459823,1,1,9,99,99,9,9,99,99,9,9,99,9,99,9,1,2,2,1,29,6,-1,-1,-1,-1,4,E01003023,0,-1
2023010471320,2023,010471320,2,9,0,99,99,9,9,99,99,9,9,99,9,99,9,9,6,6,3,-1,-1,-1,-1,-1,-1,-1,-1,0,-1
2023010466733,2023,010466733,1,1,9,99,99,9,9,99,99,9,9,99,9,99,1,1,2,2,1,45,7,-1,-1,-1,-1,6,E01002023,0,-1
2023440412013,2023,440412013,1,1,0,18,19,7,3,0,0,1,0,0,0,0,4,1,6,6,1,17,4,-1,-1,-1,-1,4,E01017135,0,-1
2023010451966,2023,010451966,2,21,1,12,12,7,3,0,0,0,0,0,0,0,1,2,1,1,1,51,8,-1,-1,-1,-1,1,E01000595,0,-1
2023101398542,2023,101398542,2,1,0,18,19,1,5,0,0,2,0,0,0,0,2,1,6,6,1,11,3,-1,-1,-1,-1,1,E01008689,0,-1
2023401395973,2023,401395973,1,9,0,18,19,7,3,0,0,0,1,0,1,4,1,1,2,2,2,24,5,-1,-1,-1,-1,7,E01017451,0,-1
2023430525822,2023,430525822,1,1,0,18,19,4,8,2,2,2,0,10,0,0,3,1,2,2,1,39,7,-1,-1,-1,-1,5,E01016404,0,-1
2023201393493,2023,201393493,1,9,0,18,19,3,7,0,0,2,0,0,0,0,2,1,6,6,1,-1,-1,-1,-1,-1,-1,-1,-1,0,-1
2023361389379,2023,361389379,2,1,0,18,19,5,1,4,4,1,0,0,0,0,1,1,5,6,1,69,10,-1,-1,-1,-1,8,E01026946,0,-1
2023201376301,2023,201376301,1,9,0,18,19,5,1,0,0,1,0,0,0,0,3,1,6,6,1,-1,-1,-1,-1,-1,-1,-1,-1,0,-1
2023070936995,2023,070936995,2,1,0,10,10,2,6,0,0,5,0,0,0,0,2,1,6,6,1,70,10,-1,-1,-1,-1,10,E01018603,0,-1
2023010443095,2023,010443095,1,23,0,10,10,4,1,0,0,1,0,0,0,0,1,1,6,6,1,16,4,-1,-1,-1,-1,7,E01004727,0,-1
2023052302110,2023,052302110,2,1,0,18,19,5,1,0,0,0,0,0,0,0,3,1,6,6,1,12,3,-1,-1,-1,-1,5,E01006853,0,-1
2023320023285,2023,320023285,1,9,0,14,14,2,6,0,0,0,0,0,0,0,1,1,6,6,2,49,8,-1,-1,-1,-1,7,E01026080,0,-1
2023340WN0612,2023,340WN0612,2,1,0,18,19,3,7,0,0,8,0,0,0,0,4,1,6,6,1,52,8,-1,-1,-1,-1,8,E01027290,0,-1
2023340WN2622,2023,340WN2622,2,1,0,18,19,7,3,0,0,6,0,0,0,0,3,1,2,2,1,63,9,-1,-1,-1,-1,5,E01031168,0,-1
2023122301295,2023,122301295,2,97,0,7,7,6,4,0,0,3,0,0,0,0,1,1,6,6,3,-1,-1,-1,-1,-1,-1,-1,-1,0,-1
2023522400624,2023,522400624,1,9,0,3,3,2,6,0,0,0,0,0,0,0,2,1,6,6,1,43,7,-1,-1,-1,-1,10,E01033334,0,-1
2023311308684,2023,311308684,1,9,0,4,4,7,3,0,0,0,2,0,7,9,1,1,5,6,1,20,4,-1,-1,-1,-1,-1,-1,0,-1
2023010437776,2023,010437776,1,9,0,99,99,9,9,99,99,9,9,99,9,99,9,9,6,6,1,53,8,-1,-1,-1,-1,4,E01003278,0,-1
2023161312873,2023,161312873,2,9,0,4,4,6,4,0,0,1,0,0,0,0,1,1,6,6,1,-1,-1,-1,-1,-1,-1,-1,-1,0,-1
2023141307707,2023,141307707,1,9,0,18,19,-1,-1,0,0,1,0,0,0,0,1,1,6,6,3,-1,-1,-1,-1,-1,-1,-1,-1,0,-1
2023010474085,2023,010474085,1,1,9,99,99,9,9,99,99,9,9,99,9,99,9,1,6,6,3,-1,-1,-1,-1,-1,-1,-1,-1,0,-1
2023010445043,2023,010445043,2,9,0,99,99,9,9,99,99,9,9,99,9,99,1,9,6,6,3,-1,-1,-1,-1,-1,-1,-1,-1,0,-1
2023340NN0432,2023,340NN0432,2,-1,0,18,19,1,5,0,0,8,0,0,0,0,4,1,2,2,1,32,6,-1,-1,-1,-1,2,E01027349,1,-1
2023010433051,2023,010433051,2,1,0,15,15,8,4,0,0,1,0,0,0,0,3,1,6,6,1,22,5,-1,-1,-1,-1,4,E01000497,0,-1
2023501361439,2023,501361439,2,1,0,18,19,3,7,0,0,0,0,0,0,0,3,1,6,6,1,58,9,-1,-1,-1,-1,9,E01015118,0,-1
2023552301253,2023,552301253,2,1,0,18,19,2,6,0,0,8,0,0,0,0,1,1,6,6,1,59,9,-1,-1,-1,-1,6,E01015355,0,-1
2023401372090,2023,401372090,1,98,1,5,5,-1,-1,0,0,4,0,0,0,0,4,1,1,1,1,-1,-1,-1,-1,-1,-1,-1,-1,0,-1
2023522400035,2023,522400035,2,9,0,18,19,7,3,0,0,8,0,0,0,0,1,1,6,6,2,80,11,-1,-1,-1,-1,3,E01014841,0,-1
2023131325424,2023,131325424,1,9,0,18,19,7,3,0,0,8,0,0,0,0,-1,1,6,6,3,-1,-1,-1,-1,-1,-1,-1,-1,0,-1
2023461323435,2023,461323435,1,21,0,18,19,1,5,0,0,0,0,0,0,0,1,1,6,6,3,-1,-1,-1,-1,-1,-1,-1,-1,0,-1
2023010482514,2023,010482514,2,9,5,5,5,5,1,0,0,2,0,0,0,0,1,1,6,6,1,39,7,-1,-1,-1,-1,-1,-1,0,-1
2023010461088,2023,010461088,1,9,0,6,6,3,3,0,0,0,0,0,0,0,1,1,6,6,3,-1,-1,-1,-1,-1,-1,-1,-1,0,-1
2023471304026,2023,471304026,1,97,0,13,13,1,5,0,0,0,0,0,0,0,3,1,6,6,3,-1,-1,-1,-1,-1,-1,-1,-1,0,-1
2023010470658,2023,010470658,2,9,0,18,19,1,5,0,0,8,0,0,0,0,1,1,6,6,3,-1,-1,-1,-1,-1,-1,-1,-1,0,-1
2023471390722,2023,471390722,2,1,0,18,19,4,8,0,0,4,0,0,0,0,3,1,2,2,1,49,8,-1,-1,-1,-1,5,E01021000,0,-1
2023010460323,2023,010460323,2,1,0,18,19,8,4,0,0,1,0,0,0,0,1,1,6,6,1,32,6,-1,-1,-1,-1,5,E01003342,0,-1
2023131272307,2023,131272307,1,9,0,-1,-1,-1,-1,-1,-1,-1,-1,-1,-1,-1,-1,1,6,6,3,-1,-1,-1,-1,-1,-1,-1,-1,0,-1
2023010470883,2023,010470883,2,9,0,99,99,9,9,99,99,9,9,99,9,99,9,9,6,6,3,-1,-1,-1,-1,-1,-1,-1,-1,0,-1
2023010454053,2023,010454053,1,1,9,99,99,9,9,99,99,9,9,99,9,99,9,1,6,6,1,55,8,-1,-1,-1,-1,8,E01002383,0,-1
2023211366603,2023,211366603,1,9,0,5,5,2,5,0,0,4,0,0,0,0,3,1,6,6,1,41,7,-1,-1,-1,-1,-1,-1,0,-1
2023361393766,2023,361393766,1,1,0,18,19,3,7,0,0,0,1,0,0,0,1,1,6,6,1,-1,-1,-1,-1,-1,-1,-1,-1,0,-1
2023351406794,2023,351406794,2,1,0,18,19,3,7,0,0,1,0,0,0,0,1,1,6,6,1,24,5,-1,-1,-1,-1,2,E01015605,0,-1
2023010462899,2023,010462899,1,1,9,99,99,9,9,99,99,9,9,99,9,99,9,1,6,6,3,-1,-1,-1,-1,-1,-1,-1,-1,0,-1
2023302300131,2023,302300131,3,9,0,3,3,4,2,0,0,1,0,0,0,0,0,1,6,6,3,-1,-1,-1,-1,-1,-1,5,E01019456,0,-1
2023010455899,2023,010455899,2,9,9,7,7,3,6,99,99,9,9,99,9,99,9,9,6,6,3,-1,-1,-1,-1,-1,-1,-1,-1,0,-1
2023070507234,2023,070507234,1,9,0,13,13,6,2,0,0,0,0,0,0,0,4,1,6,6,3,-1,-1,-1,-1,-1,-1,-1,-1,0,-1
2023361366570,2023,361366570,2,1,0,18,19,3,7,0,0,8,2,0,0,0,4,1,2,2,2,28,6,-1,-1,-1,-1,7,E01026856,0,-1
2023440007626,2023,440007626,2,1,0,7,7,1,5,0,0,1,0,0,0,0,1,1,1,1,1,38,7,-1,-1,-1,-1,9,E01022837,0,-1
2023161307190,2023,161307190,2,1,0,18,19,4,8,0,0,1,0,0,0,0,1,1,6,6,1,15,3,-1,-1,-1,-1,1,E01012880,0,-1
2023010482290,2023,010482290,1,1,9,99,99,9,9,99,99,9,9,99,9,99,9,1,2,2,1,24,5,-1,-1,-1,-1,4,E01001355,0,-1
2023101317260,2023,101317260,2,1,0,9,9,2,8,0,0,8,0,0,0,0,2,1,6,6,1,44,7,-1,-1,-1,-1,-1,-1,0,-1
2023411364691,2023,411364691,1,9,0,18,19,4,8,0,0,0,0,0,0,0,3,1,6,6,3,-1,-1,-1,-1,-1,-1,-1,-1,0,-1
2023061302950,2023,061302950,2,1,0,18,19,5,1,0,0,2,0,0,0,0,4,1,6,6,1,7,2,-1,-1,-1,-1,1,E01005205,0,-1
2023421370160,2023,421370160,1,90,0,18,19,8,2,0,0,1,0,0,0,0,1,1,6,6,3,-1,-1,-1,-1,-1,-1,-1,-1,0,-1
2023010485016,2023,010485016,1,1,0,18,19,5,1,0,0,0,0,0,0,0,1,1,6,6,1,27,6,-1,-1,-1,-1,1,E01000890,0,-1
2023430293654,2023,430293654,2,19,0,18,19,4,8,0,0,1,0,0,0,0,0,1,6,6,1,-1,-1,-1,-1,-1,-1,-1,-1,0,-1
2023201323659,2023,201323659,1,9,0,18,19,7,3,0,0,0,0,0,0,0,3,1,6,6,3,-1,-1,-1,-1,-1,-1,-1,-1,0,-1
2023461338081,2023,461338081,1,9,0,18,19,7,3,0,0,0,0,0,0,0,1,1,6,6,3,-1,-1,-1,-1,-1,-1,-1,-1,0,-1
2023010486684,2023,010486684,1,1,9,99,99,9,9,99,99,1,9,99,9,99,2,1,1,1,1,27,6,-1,-1,-1,-1,2,E01004251,0,-1
2023411397482,2023,411397482,2,1,0,5,5,2,5,9,9,0,0,0,0,0,3,1,5,6,2,47,8,-1,-1,-1,-1,8,E01033028,0,-1
2023471262729,2023,471262729,2,1,0,18,19,1,5,0,0,1,0,0,0,0,1,1,6,6,1,50,8,-1,-1,-1,-1,6,E01031499,0,-1
2023010421854,2023,010421854,1,1,0,18,19,5,1,5,5,1,0,10,0,0,1,1,6,6,2,64,9,-1,-1,-1,-1,10,E01030323,0,-1
2023131372754,2023,131372754,2,9,0,18,19,2,7,0,0,0,0,0,0,0,3,1,6,6,3,-1,-1,-1,-1,-1,-1,-1,-1,0,-1
2023161343655,2023,161343655,1,97,0,18,19,1,5,9,9,0,0,0,0,0,0,1,5,6,1,32,6,-1,-1,-1,-1,2,E01012903,0,-1
2023052302996,2023,052302996,2,1,0,18,19,7,3,0,0,1,0,0,0,0,3,1,6,6,1,22,5,-1,-1,-1,-1,1,E01006648,0,-1
2023010433419,2023,010433419,2,19,0,99,99,9,9,0,0,9,9,99,9,99,9,9,6,6,3,-1,-1,-1,-1,-1,-1,-1,-1,0,-1
2023161346205,2023,161346205,2,9,0,17,19,2,6,0,0,8,0,0,0,0,2,1,5,6,1,26,6,-1,-1,-1,-1,2,E01013237,0,-1
2023010454926,2023,010454926,1,1,9,99,99,9,9,99,99,9,9,99,9,99,1,1,6,6,3,-1,-1,-1,-1,-1,-1,-1,-1,0,-1
2023131321707,2023,131321707,1,9,0,-1,-1,-1,-1,-1,-1,-1,-1,-1,-1,-1,-1,1,6,6,3,-1,-1,-1,-1,-1,-1,-1,-1,0,-1
2023010454732,2023,010454732,2,19,0,99,99,9,9,99,99,9,9,99,9,99,9,9,6,6,3,-1,-1,-1,-1,-1,-1,-1,-1,0,-1
2023010454554,2023,010454554,1,9,0,1,1,2,6,0,0,1,0,0,0,0,2,1,2,2,2,48,8,-1,-1,-1,-1,2,E01000523,0,-1
2023501285593,2023,501285593,1,9,0,9,9,5,3,0,0,6,1,0,0,0,1,1,2,2,2,70,10,-1,-1,-1,-1,4,E01018861,0,-1
2023010425334,2023,010425334,2,9,0,99,99,9,9,99,99,0,9,99,9,99,1,9,6,6,3,-1,-1,-1,-1,-1,-1,-1,-1,0,-1
2023131351577,2023,131351577,2,1,0,18,19,5,1,0,0,1,0,0,0,0,3,1,6,6,1,60,9,-1,-1,-1,-1,2,E01011032,0,-1
2023010453565,2023,010453565,1,1,9,99,99,9,9,99,99,9,9,99,9,99,2,1,6,6,2,35,6,-1,-1,-1,-1,5,E01004654,0,-1
2023122301158,2023,122301158,1,1,0,4,4,1,5,0,0,0,0,0,0,0,2,1,1,1,1,30,6,-1,-1,-1,-1,8,E01013344,0,-1
2023545445923,2023,545445923,1,9,0,18,19,2,6,0,0,0,0,0,0,0,1,1,6,6,2,18,4,-1,-1,-1,-1,8,E01016298,0,-1
2023543900923,2023,543900923,2,9,0,2,2,0,0,0,0,0,0,0,0,0,1,1,1,1,1,19,4,-1,-1,-1,-1,3,E01031854,0,-1
2023141279407,2023,141279407,2,1,0,18,19,5,1,0,0,1,0,0,0,0,1,1,6,6,1,51,8,-1,-1,-1,-1,6,E01008154,0,-1
2023010428847,2023,010428847,1,9,0,7,7,3,6,0,0,1,0,0,0,0,1,1,6,6,3,23,5,-1,-1,-1,-1,-1,-1,0,-1
2023421346341,2023,421346341,1,9,0,18,19,3,7,0,0,0,5,0,0,0,1,1,6,6,1,56,9,-1,-1,-1,-1,9,E01021523,0,-1
2023481359213,2023,481359213,1,1,0,18,19,3,7,0,0,1,0,0,0,0,1,1,6,6,1,25,5,-1,-1,-1,-1,-1,-1,0,-1
2023141314432,2023,141314432,1,9,0,18,19,-1,-1,0,0,0,0,0,0,0,1,1,6,6,3,-1,-1,-1,-1,-1,-1,-1,-1,0,-1
2023010454197,2023,010454197,2,1,0,5,5,3,7,0,0,1,0,0,0,0,1,1,1,1,1,41,7,-1,-1,-1,-1,2,E01032787,0,-1
202360A045207,2023,60A045207,1,22,0,18,19,3,7,5,5,0,0,0,0,0,1,1,6,6,1,-1,-1,-1,-1,-1,-1,-1,-1,0,-1
2023010455265,2023,010455265,2,1,0,18,19,5,1,0,0,8,0,0,0,0,1,1,2,2,1,22,5,-1,-1,-1,-1,4,E01003441,0,-1
2023010479345,2023,010479345,1,9,0,99,99,9,9,99,99,9,9,99,9,99,1,9,6,6,1,42,7,-1,-1,-1,-1,6,E01003000,0,-1
2023461313114,2023,461313114,1,9,0,13,13,8,4,0,0,0,0,0,0,0,2,1,6,6,3,-1,-1,-1,-1,-1,-1,-1,-1,0,-1