collision_index,collision_year,collision_ref_no,vehicle_reference,vehicle_type,towing_and_articulation,vehicle_manoeuvre_historic,vehicle_manoeuvre,vehicle_direction_from,vehicle_direction_to,vehicle_location_restricted_lane_historic,vehicle_location_restricted_lane,junction_location,skidding_and_overturning,hit_object_in_carriageway,vehicle_leaving_carriageway,hit_object_off_carriageway,first_point_of_impact,vehicle_left_hand_drive,journey_purpose_of_driver_historic,journey_purpose_of_driver,sex_of_driver,age_of_driver,age_band_of_driver,engine_capacity_cc,propulsion_code,age_of_vehicle,generic_make_model,driver_imd_decile,lsoa_of_driver,escooter_flag,driver_distance_banding
2023061310626,2023,061310626,1,9,0,3,3,7,6,0,0,1,0,0,0,0,1,1,6,6,3,-1,-1,-1,-1,-1,-1,-1,-1,0,-1
2023010470550,2023,010470550,1,1,9,99,99,9,9,99,99,9,9,99,9,99,9,1,6,6,1,51,8,-1,-1,-1,-1,4,E01000932,0,-1
2023421386979,2023,421386979,1,97,0,18,19,1,5,0,0,8,5,0,0,0,1,1,6,6,1,16,4,-1,-1,-1,-1,9,E01021948,0,-1
2023401302914,2023,401302914,2,1,0,18,19,3,7,0,0,0,0,0,0,0,0,1,5,6,1,41,7,-1,-1,-1,-1,8,E01018277,0,-1
2023471289122,2023,471289122,2,9,0,18,19,5,1,0,0,0,0,0,0,0,3,1,1,1,1,63,9,-1,-1,-1,-1,5,E01031585,0,-1
2023061373950,2023,061373950,1,9,0,5,5,3,7,0,0,1,0,0,0,0,0,1,6,6,3,30,6,-1,-1,-1,-1,8,E01004845,0,-1
2023430356544,2023,430356544,1,1,0,18,19,1,5,0,0,6,0,0,0,0,1,1,6,6,1,18,4,-1,-1,-1,-1,-1,-1,0,-1
2023010483295,2023,010483295,2,9,0,18,19,3,7,0,0,4,0,0,0,0,1,1,6,6,3,-1,-1,-1,-1,-1,-1,-1,-1,0,-1
2023201288600,2023,201288600,2,19,0,18,19,6,2,0,0,8,0,0,0,0,1,1,6,6,1,83,11,-1,-1,-1,-1,7,E01008968,0,-1
2023052300844,2023,052300844,2,1,0,18,19,5,1,0,0,1,0,0,0,0,1,1,6,6,1,29,6,-1,-1,-1,-1,2,E01006977,0,-1
2023061366617,2023,061366617,2,1,0,5,5,5,1,0,0,1,0,0,0,0,1,1,1,1,1,32,6,-1,-1,-1,-1,2,E01033675,0,-1
202363B034323,2023,63B034323,1,9,0,16,19,8,3,0,0,0,5,0,7,9,1,1,6,6,1,95,11,-1,-1,-1,-1,-1,-1,0,-1
2023131261701,2023,131261701,1,90,0,18,19,7,3,0,0,6,0,0,0,0,1,1,6,6,2,12,3,-1,-1,-1,-1,1,E01011816,0,-1
2023061321471,2023,061321471,2,1,0,18,19,1,5,0,0,0,0,0,1,0,1,1,6,6,1,55,8,-1,-1,-1,-1,9,E01019751,0,-1
2023122300652,2023,122300652,2,19,0,18,19,1,5,0,0,4,0,0,0,0,1,1,6,6,3,-1,-1,-1,-1,-1,-1,-1,-1,0,-1
2023010457449,2023,010457449,1,9,0,18,19,3,7,0,0,2,0,0,0,0,1,1,6,6,1,47,8,-1,-1,-1,-1,-1,-1,0,-1
2023052302173,2023,052302173,1,19,0,18,19,5,1,0,0,0,0,0,0,0,4,1,6,6,3,-1,-1,-1,-1,-1,-1,-1,-1,0,-1
2023340WN5572,2023,340WN5572,3,9,0,18,19,5,1,0,0,1,0,0,0,0,2,1,6,6,2,46,8,-1,-1,-1,-1,8,E01027028,0,-1
2023010464516,2023,010464516,2,1,0,18,19,7,3,0,0,8,0,0,0,0,3,1,2,2,1,33,6,-1,-1,-1,-1,7,E01001851,0,-1
2023361369147,2023,361369147,1,9,0,1,1,0,0,9,9,1,0,0,0,0,2,1,6,6,2,70,10,-1,-1,-1,-1,-1,-1,0,-1
2023041294758,2023,041294758,1,1,0,9,9,1,5,0,0,2,0,0,0,0,1,1,6,6,1,27,6,-1,-1,-1,-1,4,E01025554,0,-1
2023010462026,2023,010462026,2,1,0,18,19,1,5,0,0,2,0,0,0,0,4,1,6,6,1,57,9,-1,-1,-1,-1,8,E01000896,0,-1
2023471329878,2023,471329878,1,1,0,16,19,1,4,0,0,1,0,11,0,0,1,1,5,6,1,55,8,-1,-1,-1,-1,6,E01031392,0,-1
2023010480927,2023,010480927,2,1,0,5,5,5,1,0,0,1,0,0,0,0,1,1,6,6,1,64,9,-1,-1,-1,-1,3,E01001493,0,-1
2023311364615,2023,311364615,2,1,0,18,19,1,5,0,0,8,0,0,0,0,4,1,6,6,1,28,6,-1,-1,-1,-1,-1,-1,0,-1
2023052302554,2023,052302554,1,9,0,7,7,2,6,0,0,1,0,0,0,0,4,1,1,1,1,35,6,-1,-1,-1,-1,-1,-1,0,-1
2023161318785,2023,161318785,1,9,0,16,19,3,8,0,0,0,0,0,0,0,1,1,6,6,3,20,4,-1,-1,-1,-1,-1,-1,0,-1
2023010462929,2023,010462929,2,1,9,99,99,9,9,99,99,9,9,99,9,99,9,1,6,6,3,-1,-1,-1,-1,-1,-1,-1,-1,0,-1
2023451361683,2023,451361683,1,1,0,18,19,3,7,0,0,2,0,0,0,0,3,1,2,2,1,54,8,-1,-1,-1,-1,8,E01030666,0,-1
2023141357756,2023,141357756,1,1,0,18,19,1,2,0,0,0,0,0,0,0,1,1,1,1,1,26,6,-1,-1,-1,-1,2,E01007783,0,-1
2023141300823,2023,141300823,1,97,0,18,19,7,3,0,0,0,0,0,0,0,4,1,6,6,1,29,6,-1,-1,-1,-1,3,E01008004,0,-1
2023141358643,2023,141358643,2,9,0,7,7,-1,-1,0,0,3,0,0,0,0,4,1,6,6,3,-1,-1,-1,-1,-1,-1,-1,-1,0,-1
2023461371429,2023,461371429,1,97,0,4,4,7,3,0,0,0,0,0,0,0,2,1,6,6,1,-1,-1,-1,-1,-1,-1,7,E01032737,0,-1
2023061290241,2023,061290241,1,9,-1,-1,-1,-1,-1,-1,-1,-1,-1,-1,-1,0,-1,1,6,6,3,-1,-1,-1,-1,-1,-1,-1,-1,0,-1
2023170M10763,2023,170M10763,1,97,0,18,19,2,6,0,0,0,0,0,0,0,1,1,6,6,1,23,5,-1,-1,-1,-1,2,E01012051,0,-1
2023010468267,2023,010468267,2,9,0,99,99,9,9,99,99,9,9,99,9,99,2,9,6,6,3,-1,-1,-1,-1,-1,-1,-1,-1,0,-1
202363D034923,2023,63D034923,1,9,0,12,12,4,7,0,0,1,0,0,7,2,3,1,6,6,1,28,6,-1,-1,-1,-1,-1,-1,0,-1
2023010463464,2023,010463464,1,9,0,18,19,1,5,0,0,2,0,0,1,0,0,1,6,6,3,-1,-1,-1,-1,-1,-1,-1,-1,0,-1
2023010428936,2023,010428936,3,90,9,99,99,9,9,99,99,9,9,99,9,99,0,9,6,6,3,-1,-1,-1,-1,-1,-1,-1,-1,0,-1
2023010471773,2023,010471773,1,23,0,18,19,7,3,9,9,1,9,0,0,0,1,1,6,6,3,-1,-1,-1,-1,-1,-1,-1,-1,0,-1
2023421300130,2023,421300130,2,1,0,18,19,1,5,0,0,1,0,0,0,0,1,1,5,6,1,56,9,-1,-1,-1,-1,8,E01033461,0,-1
2023010478532,2023,010478532,1,1,0,99,99,9,9,99,99,9,9,99,9,99,9,1,2,2,1,32,6,-1,-1,-1,-1,10,E01015908,0,-1
2023430267864,2023,430267864,2,1,0,18,19,7,3,0,0,0,0,11,0,0,1,1,6,6,1,64,9,-1,-1,-1,-1,9,E01017394,0,-1
2023122301416,2023,122301416,2,1,0,18,19,4,8,0,0,0,0,0,0,0,1,1,6,6,1,52,8,-1,-1,-1,-1,7,E01027707,0,-1
2023430417810,2023,430417810,2,97,0,18,19,2,6,0,0,8,0,0,0,0,4,1,6,6,1,55,8,-1,-1,-1,-1,10,E01016318,0,-1
2023991358688,2023,991358688,2,1,0,18,19,1,5,4,4,1,0,0,0,0,1,1,5,6,2,51,8,-1,-1,-1,-1,-1,-1,0,-1
2023221351516,2023,221351516,1,9,0,16,19,6,8,0,0,0,0,10,0,0,4,1,6,6,3,26,6,-1,-1,-1,-1,-1,-1,0,-1
2023010426310,2023,010426310,2,9,0,18,19,5,1,0,0,1,0,0,0,0,1,1,6,6,3,-1,-1,-1,-1,-1,-1,-1,-1,0,-1
2023430276749,2023,430276749,2,9,0,7,7,5,7,0,0,6,0,0,0,0,3,1,6,6,2,39,7,-1,-1,-1,-1,4,E01032942,0,-1
2023061322751,2023,061322751,1,1,-1,-1,-1,-1,-1,-1,-1,-1,-1,-1,-1,0,-1,1,5,6,1,35,6,-1,-1,-1,-1,1,E01033678,0,-1
2023340NN0752,2023,340NN0752,1,9,0,9,9,3,1,0,0,6,0,0,0,0,0,1,6,6,3,-1,-1,-1,-1,-1,-1,-1,-1,0,-1
2023430240636,2023,430240636,3,9,0,18,19,0,0,0,0,0,0,0,0,0,2,1,6,6,3,-1,-1,-1,-1,-1,-1,-1,-1,0,-1
2023311341005,2023,311341005,1,97,0,18,19,6,2,0,0,0,0,0,0,0,0,1,2,2,1,34,6,-1,-1,-1,-1,-1,-1,0,-1
2023010447783,2023,010447783,2,1,0,18,19,3,7,0,0,2,0,0,0,0,2,1,6,6,2,22,5,-1,-1,-1,-1,2,E01004740,0,-1
2023170H10953,2023,170H10953,1,9,0,7,7,3,6,0,0,8,0,0,0,0,1,1,6,6,2,62,9,-1,-1,-1,-1,5,E01011966,0,-1
2023231377402,2023,231377402,1,19,0,18,19,2,6,0,0,0,0,0,0,0,1,1,5,6,1,59,9,-1,-1,-1,-1,7,E01032228,0,-1
2023141296393,2023,141296393,2,9,0,18,19,3,7,0,0,0,0,0,0,0,1,1,6,6,1,84,11,-1,-1,-1,-1,8,E01007661,0,-1
2023052300949,2023,052300949,1,9,0,18,19,7,3,0,0,0,0,0,0,0,1,1,1,1,1,28,6,-1,-1,-1,-1,1,E01004839,0,-1
2023201294214,2023,201294214,1,9,0,18,19,-1,-1,0,0,0,0,0,0,0,0,1,6,6,3,-1,-1,-1,-1,-1,-1,-1,-1,0,-1
2023340NN3142,2023,340NN3142,2,1,0,18,19,6,2,0,0,0,0,0,0,0,2,1,6,6,1,58,9,-1,-1,-1,-1,3,E01026983,0,-1
2023311351084,2023,311351084,2,9,5,18,19,1,3,0,0,0,0,0,0,0,3,1,1,1,1,26,6,-1,-1,-1,-1,10,E01028347,0,-1
2023520400516,2023,520400516,1,1,0,18,19,7,3,0,0,0,0,0,0,0,3,1,6,6,1,38,7,-1,-1,-1,-1,8,E01014745,0,-1
2023991377851,2023,991377851,1,9,0,18,19,5,1,0,0,4,0,0,0,0,1,1,6,6,1,46,8,-1,-1,-1,-1,-1,-1,0,-1
2023421319457,2023,421319457,2,-1,-1,16,19,8,2,0,0,4,0,0,0,0,3,1,6,6,3,-1,-1,-1,-1,-1,-1,-1,-1,0,-1
2023010448003,2023,010448003,1,9,0,9,9,2,1,0,0,6,0,0,0,0,1,1,6,6,3,-1,-1,-1,-1,-1,-1,-1,-1,0,-1
2023231352713,2023,231352713,2,9,0,10,10,8,5,0,0,1,0,0,0,0,2,1,2,2,2,36,7,-1,-1,-1,-1,7,E01031213,0,-1
2023351316447,2023,351316447,2,1,0,18,19,-1,-1,0,0,0,0,0,0,0,3,1,3,7,2,44,7,-1,-1,-1,-1,7,E01017994,0,-1
2023440358338,2023,440358338,1,9,0,9,9,2,1,0,0,8,0,0,0,0,4,1,6,6,2,55,8,-1,-1,-1,-1,10,E01022619,0,-1
2023501364821,2023,501364821,1,90,0,18,19,6,2,0,0,0,0,0,0,0,2,1,5,6,1,19,4,-1,-1,-1,-1,4,E01018758,0,-1
2023041274887,2023,041274887,2,9,0,18,19,5,1,0,0,1,0,10,0,0,1,1,5,6,2,63,9,-1,-1,-1,-1,9,E01025533,0,-1
2023010457331,2023,010457331,2,9,9,99,99,9,9,99,99,9,9,99,9,99,2,9,6,6,3,-1,-1,-1,-1,-1,-1,7,E01021887,0,-1
2023201384265,2023,201384265,1,9,0,18,19,8,4,0,0,1,0,0,0,0,1,1,1,1,1,33,6,-1,-1,-1,-1,6,E01010223,0,-1
2023201418692,2023,201418692,1,9,0,7,7,6,7,0,0,5,0,0,0,0,1,1,6,6,3,-1,-1,-1,-1,-1,-1,-1,-1,0,-1
2023010423579,2023,010423579,1,1,9,99,99,9,9,99,99,9,9,99,9,99,9,1,6,6,1,46,8,-1,-1,-1,-1,4,E01001835,0,-1
2023052302037,2023,052302037,1,1,0,18,19,8,4,0,0,8,0,0,0,0,4,1,6,6,1,24,5,-1,-1,-1,-1,3,E01006876,0,-1
2023340WN6262,2023,340WN6262,3,9,0,4,4,6,2,0,0,1,0,0,0,0,2,1,6,6,2,85,11,-1,-1,-1,-1,-1,-1,0,-1
2023501298377,2023,501298377,2,1,0,18,19,7,3,0,0,8,5,0,0,0,4,1,1,1,1,34,6,-1,-1,-1,-1,10,E01020194,0,-1
2023131342165,2023,131342165,1,8,0,-1,-1,-1,-1,-1,-1,-1,-1,-1,-1,-1,-1,1,6,6,3,-1,-1,-1,-1,-1,-1,-1,-1,0,-1
2023010469594,2023,010469594,2,9,0,99,99,9,9,99,99,9,9,99,9,99,1,9,6,6,3,-1,-1,-1,-1,-1,-1,-1,-1,0,-1
2023131325074,2023,131325074,2,1,0,10,10,7,3,0,0,6,5,0,0,0,2,1,5,6,1,12,3,-1,-1,-1,-1,1,E01010680,0,-1
2023991269955,2023,991269955,2,1,0,18,19,5,1,0,0,0,0,0,0,0,1,1,6,6,2,59,9,-1,-1,-1,-1,7,-1,0,-1
2023141364574,2023,141364574,1,-1,0,18,19,-1,-1,9,9,0,0,0,0,0,-1,1,6,6,3,-1,-1,-1,-1,-1,-1,-1,-1,1,-1
2023201461584,2023,201461584,2,9,0,9,9,5,3,0,0,1,0,0,0,0,2,1,6,6,2,29,6,-1,-1,-1,-1,6,E01010223,0,-1
2023111299246,2023,111299246,1,9,0,4,4,3,7,0,0,0,0,10,4,10,1,1,5,6,2,20,4,-1,-1,-1,-1,5,E01020693,0,-1
2023522400867,2023,522400867,2,1,0,18,19,6,2,4,4,8,0,0,0,0,1,1,6,6,1,61,9,-1,-1,-1,-1,2,E01014626,0,-1
2023061321971,2023,061321971,2,1,0,18,19,2,6,0,0,0,0,10,0,0,1,1,6,6,1,44,7,-1,-1,-1,-1,-1,-1,0,-1
2023311265056,2023,311265056,1,-1,0,18,19,3,7,0,0,1,0,0,0,0,1,1,6,6,1,54,8,-1,-1,-1,-1,-1,-1,1,-1
2023161320270,2023,161320270,2,1,0,9,9,8,5,0,0,0,0,0,0,0,3,1,2,2,1,67,10,-1,-1,-1,-1,8,E01033107,0,-1
2023010446815,2023,010446815,1,1,9,99,99,9,9,99,99,0,9,99,9,99,1,1,2,2,1,27,6,-1,-1,-1,-1,6,E01032646,0,-1
2023061265415,2023,061265415,2,9,0,10,10,5,3,0,0,1,0,0,0,0,2,1,3,7,2,35,6,-1,-1,-1,-1,6,E01004833,0,-1
2023471322550,2023,471322550,1,1,0,18,19,3,7,0,0,8,0,0,0,0,1,1,5,6,1,35,6,-1,-1,-1,-1,1,E01016964,0,-1
2023010460978,2023,010460978,2,9,0,12,12,3,7,0,0,0,0,0,0,0,3,2,6,6,3,-1,-1,-1,-1,-1,-1,-1,-1,0,-1
2023471321311,2023,471321311,2,1,0,18,19,3,7,0,0,2,0,0,0,0,1,1,5,6,1,54,8,-1,-1,-1,-1,9,E01022909,0,-1
2023010475443,2023,010475443,2,9,0,13,13,6,2,0,0,1,0,0,0,0,4,1,6,6,3,-1,-1,-1,-1,-1,-1,-1,-1,0,-1
2023211331611,2023,211331611,2,1,0,18,19,6,8,0,0,1,0,0,0,0,2,1,6,6,1,41,7,-1,-1,-1,-1,-1,-1,0,-1
2023010445501,2023,010445501,2,9,0,18,19,5,1,0,0,1,0,0,0,0,1,1,6,6,3,-1,-1,-1,-1,-1,-1,-1,-1,0,-1
2023471391470,2023,471391470,2,1,0,18,19,5,1,0,0,1,0,0,0,0,1,1,5,6,1,65,9,-1,-1,-1,-1,7,E01021094,0,-1
2023010421879,2023,010421879,2,9,9,99,99,9,9,99,99,9,9,99,9,99,9,9,6,6,3,-1,-1,-1,-1,-1,-1,-1,-1,0,-1
2023451283655,2023,451283655,2,98,1,18,19,5,1,0,0,0,0,0,0,0,1,1,1,1,1,58,9,-1,-1,-1,-1,-1,-1,0,-1
2023010442316,2023,010442316,2,9,0,99,99,9,9,99,99,0,9,99,9,99,2,9,6,6,3,-1,-1,-1,-1,-1,-1,-1,-1,0,-1
2023552301076,2023,552301076,1,9,0,9,9,2,8,0,0,5,0,0,0,0,4,2,6,6,1,68,10,-1,-1,-1,-1,-1,-1,0,-1
2023211378949,2023,211378949,1,9,0,14,14,3,7,0,0,0,0,4,0,0,4,1,5,6,2,38,7,-1,-1,-1,-1,1,E01014305,0,-1
2023070501962,2023,070501962,2,5,0,18,19,3,7,0,0,1,0,0,0,0,1,1,6,6,1,49,8,-1,-1,-1,-1,-1,-1,0,-1
2023411295790,2023,411295790,2,1,0,9,9,4,8,0,0,1,5,0,0,0,1,1,5,6,1,19,4,-1,-1,-1,-1,5,E01023905,0,-1
2023161379332,2023,161379332,1,9,0,13,13,4,8,0,0,2,0,4,0,0,4,1,6,6,3,-1,-1,-1,-1,-1,-1,-1,-1,0,-1
2023201440200,2023,201440200,3,9,0,2,2,5,1,0,0,1,0,0,0,0,1,1,1,1,1,31,6,-1,-1,-1,-1,-1,-1,0,-1
2023440516815,2023,440516815,2,19,0,18,19,4,8,0,0,1,0,0,0,0,1,1,2,2,1,41,7,-1,-1,-1,-1,10,E01023276,0,-1
2023141304728,2023,141304728,2,9,0,5,5,7,3,0,0,6,0,0,0,0,1,1,6,6,3,-1,-1,-1,-1,-1,-1,-1,-1,0,-1
2023501331962,2023,501331962,1,9,0,7,7,4,6,0,0,1,0,0,0,0,1,1,6,6,1,-1,-1,-1,-1,-1,-1,-1,-1,0,-1
2023010456720,2023,010456720,2,1,0,5,5,5,1,0,0,1,0,99,0,0,1,1,3,7,1,13,3,-1,-1,-1,-1,3,E01003976,0,-1
2023471291492,2023,471291492,2,1,0,4,4,1,5,0,0,1,0,0,0,0,1,1,2,2,1,49,8,-1,-1,-1,-1,4,E01016855,0,-1
2023131295380,2023,131295380,2,1,0,18,19,5,1,0,0,0,0,0,0,0,0,1,5,6,1,37,7,-1,-1,-1,-1,8,E01011169,0,-1
2023430107041,2023,430107041,1,9,0,18,19,1,5,0,0,8,0,0,0,0,1,1,1,1,1,29,6,-1,-1,-1,-1,5,E01028533,0,-1
2023122300194,2023,122300194,2,1,0,18,19,5,1,4,4,0,0,0,1,9,2,1,1,1,1,41,7,-1,-1,-1,-1,2,E01027825,0,-1
2023211298107,2023,211298107,2,9,0,18,19,4,8,-1,-1,-1,0,0,0,0,-1,1,6,6,3,-1,-1,-1,-1,-1,-1,-1,-1,0,-1
2023552301030,2023,552301030,2,-1,0,18,19,6,2,0,0,0,0,0,0,0,2,1,2,2,1,25,5,-1,-1,-1,-1,5,E01020427,1,-1
2023471272269,2023,471272269,2,1,0,18,19,7,3,0,0,0,0,0,1,11,0,1,2,2,1,18,4,-1,-1,-1,-1,5,E01016957,0,-1
2023471271125,2023,471271125,1,9,0,9,9,5,3,0,0,6,0,0,0,0,1,1,1,1,1,42,7,-1,-1,-1,-1,8,E01031815,0,-1
2023430134934,2023,430134934,2,8,0,18,19,7,4,0,0,0,0,0,0,0,2,1,6,6,1,47,8,-1,-1,-1,-1,8,E01017720,0,-1
2023481356303,2023,481356303,1,1,0,18,19,1,5,5,5,8,0,0,0,0,1,1,5,6,1,39,7,-1,-1,-1,-1,-1,-1,0,-1
2023332300203,2023,332300203,2,1,0,18,19,7,3,0,0,6,0,0,0,0,1,1,4,7,1,9,2,-1,-1,-1,-1,8,E01025795,0,-1
2023991306461,2023,991306461,2,1,0,7,7,5,6,0,0,7,0,0,0,0,3,1,2,2,1,19,4,-1,-1,-1,-1,7,-1,0,-1
2023421358019,2023,421358019,1,9,0,-1,-1,-1,-1,-1,-1,0,-1,-1,-1,0,-1,1,6,6,3,-1,-1,-1,-1,-1,-1,-1,-1,0,-1
2023320260927,2023,320260927,1,9,0,13,13,8,4,0,0,8,0,0,0,0,1,1,6,6,3,-1,-1,-1,-1,-1,-1,-1,-1,0,-1
2023161360142,2023,161360142,2,11,0,4,4,1,5,0,0,1,0,0,0,0,0,1,1,1,1,37,7,-1,-1,-1,-1,9,E01013120,0,-1
2023070795587,2023,070795587,1,1,0,5,5,3,7,0,0,0,0,0,0,0,4,1,6,6,1,14,3,-1,-1,-1,-1,-1,-1,0,-1
2023010449114,2023,010449114,2,1,0,5,5,3,7,5,5,1,0,0,0,0,1,1,6,6,1,53,8,-1,-1,-1,-1,3,E01004270,0,-1
2023131381945,2023,131381945,1,9,0,7,7,3,5,0,0,8,0,0,0,0,4,1,6,6,1,-1,-1,-1,-1,-1,-1,-1,-1,0,-1
2023421370358,2023,421370358,2,9,0,2,2,0,0,6,6,0,0,0,1,0,2,1,2,2,1,29,6,-1,-1,-1,-1,9,E01023802,0,-1
2023201296066,2023,201296066,2,1,0,5,5,4,8,0,0,2,0,0,0,0,1,1,6,6,1,26,6,-1,-1,-1,-1,2,E01010091,0,-1
2023461315272,2023,461315272,2,21,1,9,9,5,3,6,6,3,0,0,0,0,0,1,1,1,1,-1,-1,-1,-1,-1,-1,-1,-1,0,-1
2023010480502,2023,010480502,1,9,0,99,99,9,9,99,99,9,9,99,9,99,3,9,6,6,3,-1,-1,-1,-1,-1,-1,-1,-1,0,-1
2023401370167,2023,401370167,1,9,0,2,2,0,0,9,9,6,0,0,0,0,3,1,5,6,2,41,7,-1,-1,-1,-1,2,E01015781,0,-1
2023351356391,2023,351356391,1,3,-1,3,3,3,7,-1,-1,-1,0,0,0,0,1,1,6,6,1,25,5,-1,-1,-1,-1,-1,-1,0,-1
2023421273057,2023,421273057,2,9,0,17,19,8,5,0,0,1,0,0,0,0,1,1,1,1,1,26,6,-1,-1,-1,-1,9,E01021947,0,-1
2023031325352,2023,031325352,2,98,1,18,19,5,1,0,0,0,0,0,0,0,1,1,6,6,3,40,7,-1,-1,-1,-1,-1,-1,0,-1
2023010439952,2023,010439952,1,1,9,99,99,9,9,99,99,9,9,99,9,99,9,1,2,2,2,61,9,-1,-1,-1,-1,7,E01001986,0,-1
2023010460158,2023,010460158,2,9,0,99,99,9,9,99,99,9,9,99,9,99,1,9,6,6,3,-1,-1,-1,-1,-1,-1,-1,-1,0,-1
2023332300349,2023,332300349,1,9,0,18,19,5,1,0,0,8,0,0,0,0,1,1,6,6,3,-1,-1,-1,-1,-1,-1,-1,-1,0,-1
2023201378777,2023,201378777,1,19,0,5,5,4,8,0,0,2,0,4,0,0,1,1,1,1,1,42,7,-1,-1,-1,-1,-1,-1,0,-1
2023131334684,2023,131334684,1,97,0,18,19,1,5,0,0,0,1,0,0,0,3,1,5,6,1,28,6,-1,-1,-1,-1,6,E01011248,0,-1
2023440455861,2023,440455861,2,9,0,5,5,7,3,0,0,4,0,0,0,0,1,1,6,6,1,-1,-1,-1,-1,-1,-1,-1,-1,0,-1
2023351287478,2023,351287478,1,9,0,18,19,3,7,0,0,0,0,0,0,0,4,1,6,6,3,-1,-1,-1,-1,-1,-1,-1,-1,0,-1
2023070484582,2023,070484582,2,1,0,5,5,3,7,0,0,0,0,0,0,0,3,1,1,1,1,24,5,-1,-1,-1,-1,4,E01018329,0,-1
2023371331123,2023,371331123,2,1,0,18,19,2,6,0,0,0,5,0,0,0,3,1,1,1,2,62,9,-1,-1,-1,-1,5,E01029955,0,-1
2023340WN2092,2023,340WN2092,2,1,0,18,19,1,5,0,0,8,0,10,1,0,3,1,6,6,1,53,8,-1,-1,-1,-1,1,E01027195,0,-1
2023401302008,2023,401302008,1,9,0,16,19,-1,-1,0,0,3,0,0,0,0,1,1,6,6,3,-1,-1,-1,-1,-1,-1,-1,-1,0,-1
2023440421651,2023,440421651,2,9,0,18,19,3,7,0,0,0,0,0,0,0,2,1,6,6,2,25,5,-1,-1,-1,-1,5,E01004451,0,-1
2023211325508,2023,211325508,2,9,0,18,19,5,1,0,0,0,0,0,0,0,0,1,6,6,3,-1,-1,-1,-1,-1,-1,-1,-1,0,-1
2023010470743,2023,010470743,2,1,0,14,14,1,5,2,2,0,0,0,0,0,1,1,2,2,1,28,6,-1,-1,-1,-1,7,E01004552,0,-1
2023421376914,2023,421376914,2,1,0,18,19,1,5,0,0,8,0,0,0,0,4,1,2,2,1,41,7,-1,-1,-1,-1,6,E01021807,0,-1
2023010448933,2023,010448933,2,1,0,18,19,7,3,4,4,1,0,0,0,0,1,1,6,6,2,43,7,-1,-1,-1,-1,4,E01001854,0,-1
2023501345321,2023,501345321,1,9,0,18,19,3,7,0,0,0,0,0,0,0,4,1,6,6,3,-1,-1,-1,-1,-1,-1,-1,-1,0,-1
2023010430456,2023,010430456,1,97,0,99,99,9,9,99,99,9,9,99,9,99,1,9,6,6,3,-1,-1,-1,-1,-1,-1,-1,-1,0,-1
2023131307022,2023,131307022,1,9,0,18,19,5,1,0,0,1,0,0,0,0,-1,1,6,6,3,-1,-1,-1,-1,-1,-1,-1,-1,0,-1
2023991288577,2023,991288577,2,1,0,18,19,3,7,9,9,0,0,0,0,0,1,1,6,6,2,46,8,-1,-1,-1,-1,8,-1,0,-1
2023010435785,2023,010435785,2,9,0,99,99,9,9,99,99,9,9,99,9,99,9,9,6,6,3,-1,-1,-1,-1,-1,-1,2,E01004060,0,-1
2023440243651,2023,440243651,1,1,0,18,19,1,5,0,0,3,0,0,0,0,2,1,2,2,1,58,9,-1,-1,-1,-1,-1,-1,0,-1
2023010438248,2023,010438248,2,1,9,99,99,9,9,99,99,9,9,99,9,99,9,1,6,6,1,76,11,-1,-1,-1,-1,9,E01030406,0,-1
2023351342013,2023,351342013,2,1,0,18,19,3,5,0,0,2,0,0,0,0,3,1,5,6,1,50,8,-1,-1,-1,-1,8,E01032997,0,-1
2023631393327,2023,631393327,1,9,0,-1,-1,-1,-1,0,0,8,-1,-1,-1,0,-1,1,6,6,3,-1,-1,-1,-1,-1,-1,-1,-1,0,-1
2023461377421,2023,461377421,1,9,0,18,19,1,5,0,0,1,0,0,0,0,1,1,6,6,3,-1,-1,-1,-1,-1,-1,-1,-1,0,-1
2023010451495,2023,010451495,2,1,0,9,9,5,2,0,0,0,0,0,0,0,1,1,2,2,1,50,8,-1,-1,-1,-1,8,E01002019,0,-1
2023101348729,2023,101348729,1,1,0,5,5,3,7,5,5,0,0,0,0,0,1,1,5,6,1,35,6,-1,-1,-1,-1,8,E01008808,0,-1
2023461276899,2023,461276899,1,9,0,2,2,0,0,0,0,0,0,0,0,0,0,1,6,6,3,-1,-1,-1,-1,-1,-1,-1,-1,0,-1
2023010486156,2023,010486156,2,1,0,4,4,8,4,4,4,1,0,0,0,0,1,1,6,6,1,17,4,-1,-1,-1,-1,10,E01023948,0,-1
2023421297381,2023,421297381,2,1,0,18,19,3,7,0,0,0,0,0,0,0,2,1,4,7,1,16,4,-1,-1,-1,-1,3,E01021565,0,-1
2023010445553,2023,010445553,2,1,0,18,19,8,4,0,0,1,0,0,0,0,0,1,6,6,1,25,5,-1,-1,-1,-1,6,E01002818,0,-1
2023010472695,2023,010472695,1,1,9,99,99,9,9,99,99,9,9,99,9,99,1,1,1,1,1,31,6,-1,-1,-1,-1,5,E01000131,0,-1
2023010452460,2023,010452460,1,1,0,18,19,3,7,0,0,0,0,0,0,0,1,1,6,6,1,26,6,-1,-1,-1,-1,1,E01002026,0,-1
2023201278684,2023,201278684,2,9,0,4,4,8,4,0,0,0,0,0,0,0,1,1,1,1,1,20,4,-1,-1,-1,-1,1,E01009026,0,-1
2023501288793,2023,501288793,1,9,0,18,19,-1,-1,0,0,-1,0,0,-1,0,1,1,6,6,3,-1,-1,-1,-1,-1,-1,-1,-1,0,-1
2023010440942,2023,010440942,1,9,0,18,19,3,7,0,0,8,0,0,0,0,0,9,6,6,3,-1,-1,-1,-1,-1,-1,-1,-1,0,-1
2023052300714,2023,052300714,2,1,0,4,4,1,5,0,0,1,0,0,0,0,2,1,2,2,1,30,6,-1,-1,-1,-1,5,E01006553,0,-1
2023991374141,2023,991374141,1,90,0,18,19,7,3,0,0,2,0,0,0,0,1,1,1,1,1,39,7,-1,-1,-1,-1,-1,-1,0,-1
2023531305600,2023,531305600,2,1,0,9,9,5,3,0,0,0,0,0,0,0,2,1,2,2,2,29,6,-1,-1,-1,-1,5,E01022321,0,-1
2023052301196,2023,052301196,2,4,0,16,19,3,7,0,0,1,1,0,0,0,0,1,6,6,1,18,4,-1,-1,-1,-1,4,E01007206,0,-1
2023010439389,2023,010439389,1,9,0,18,19,1,5,0,0,1,0,0,0,0,0,9,6,6,3,-1,-1,-1,-1,-1,-1,-1,-1,0,-1