collision_index,collision_year,collision_ref_no,vehicle_reference,vehicle_type,towing_and_articulation,vehicle_manoeuvre_historic,vehicle_manoeuvre,vehicle_direction_from,vehicle_direction_to,vehicle_location_restricted_lane_historic,vehicle_location_restricted_lane,junction_location,skidding_and_overturning,hit_object_in_carriageway,vehicle_leaving_carriageway,hit_object_off_carriageway,first_point_of_impact,vehicle_left_hand_drive,journey_purpose_of_driver_historic,journey_purpose_of_driver,sex_of_driver,age_of_driver,age_band_of_driver,engine_capacity_cc,propulsion_code,age_of_vehicle,generic_make_model,driver_imd_decile,lsoa_of_driver,escooter_flag,driver_distance_banding
2023361280154,2023,361280154,1,19,0,5,5,7,3,0,0,0,0,0,0,0,-1,1,6,6,3,-1,-1,-1,-1,-1,-1,-1,-1,0,-1
2023461350452,2023,461350452,1,9,0,-1,-1,-1,-1,-1,-1,-1,-1,-1,-1,0,-1,1,6,6,3,-1,-1,-1,-1,-1,-1,-1,-1,0,-1
2023131321161,2023,131321161,1,9,0,5,5,5,1,0,0,6,0,0,0,0,1,1,6,6,3,-1,-1,-1,-1,-1,-1,-1,-1,0,-1
2023522301412,2023,522301412,2,9,0,11,11,2,6,0,0,1,0,0,0,0,4,1,6,6,3,-1,-1,-1,-1,-1,-1,-1,-1,0,-1
2023221303828,2023,221303828,2,9,0,18,19,3,7,0,0,8,0,0,0,0,1,1,5,6,1,26,6,-1,-1,-1,-1,9,E01028860,0,-1
2023221322670,2023,221322670,2,9,0,18,19,2,6,0,0,8,0,0,0,0,1,1,5,6,1,48,8,-1,-1,-1,-1,4,E01014015,0,-1
2023141373606,2023,141373606,2,9,0,-1,-1,-1,-1,-1,-1,0,-1,-1,-1,0,-1,1,6,6,3,-1,-1,-1,-1,-1,-1,-1,-1,0,-1
2023201454498,2023,201454498,1,97,0,18,19,2,6,0,0,0,0,0,0,0,1,1,6,6,3,-1,-1,-1,-1,-1,-1,-1,-1,0,-1
2023481355197,2023,481355197,2,1,0,18,19,5,1,0,0,0,0,0,0,0,1,1,2,2,1,41,7,-1,-1,-1,-1,-1,-1,0,-1
2023010484416,2023,010484416,1,1,9,99,99,9,9,99,99,0,9,99,9,99,9,1,6,6,2,56,9,-1,-1,-1,-1,2,E01000870,0,-1
2023421363307,2023,421363307,2,-1,0,-1,-1,-1,-1,-1,-1,-1,-1,-1,-1,0,-1,1,6,6,1,36,7,-1,-1,-1,-1,10,E01033721,1,-1
2023351325403,2023,351325403,1,1,0,18,19,4,8,0,0,0,0,0,1,0,3,1,6,6,1,46,8,-1,-1,-1,-1,3,E01018072,0,-1
2023311288176,2023,311288176,1,1,0,14,14,3,7,0,0,0,0,0,0,0,3,1,5,6,1,40,7,-1,-1,-1,-1,-1,-1,0,-1
2023010483080,2023,010483080,1,1,0,99,99,9,9,0,0,0,0,0,0,0,1,1,1,1,3,-1,-1,-1,-1,-1,-1,-1,-1,0,-1
2023991301050,2023,991301050,1,98,0,18,19,1,5,0,0,0,2,0,8,11,1,1,1,1,1,45,7,-1,-1,-1,-1,1,-1,0,-1
2023610027123,2023,610027123,2,1,0,9,9,4,2,0,0,5,0,0,0,0,2,1,6,6,1,49,8,-1,-1,-1,-1,-1,-1,0,-1
2023010460650,2023,010460650,1,9,0,18,19,7,3,0,0,2,0,0,0,0,1,1,6,6,3,-1,-1,-1,-1,-1,-1,-1,-1,0,-1
2023010474765,2023,010474765,2,9,0,99,99,9,9,99,99,9,9,99,9,99,9,9,6,6,3,-1,-1,-1,-1,-1,-1,-1,-1,0,-1
2023010469078,2023,010469078,2,9,0,4,4,1,5,0,0,1,0,0,0,0,1,1,6,6,1,23,5,-1,-1,-1,-1,-1,-1,0,-1
2023052400020,2023,052400020,2,1,0,18,19,1,5,0,0,8,0,0,0,0,1,1,6,6,1,43,7,-1,-1,-1,-1,1,E01007293,0,-1
2023041357914,2023,041357914,1,9,0,18,19,1,5,0,0,0,0,0,0,0,1,1,6,6,3,-1,-1,-1,-1,-1,-1,-1,-1,0,-1
2023631360648,2023,631360648,2,9,0,18,19,5,1,0,0,0,0,0,1,0,3,1,5,6,1,74,10,-1,-1,-1,-1,4,W01001297,0,-1
2023631371767,2023,631371767,1,9,0,18,19,2,7,0,0,8,0,0,1,10,1,1,2,2,1,59,9,-1,-1,-1,-1,6,W01001906,0,-1
2023161335588,2023,161335588,1,-1,0,18,19,8,4,5,5,0,0,0,0,0,1,1,6,6,2,-1,-1,-1,-1,-1,-1,-1,-1,1,-1
2023201363600,2023,201363600,2,1,0,18,19,6,2,5,5,8,0,0,0,0,1,1,6,6,1,41,7,-1,-1,-1,-1,1,E01008995,0,-1
2023010439445,2023,010439445,1,1,9,99,99,9,9,99,99,9,9,99,9,99,1,1,2,2,2,47,8,-1,-1,-1,-1,4,E01000580,0,-1
2023061351501,2023,061351501,2,1,0,18,19,-1,-1,-1,-1,0,0,0,0,0,0,1,6,6,3,30,6,-1,-1,-1,-1,8,E01006116,0,-1
2023010466680,2023,010466680,2,1,0,5,5,1,5,0,0,1,0,0,0,0,1,1,1,1,1,18,4,-1,-1,-1,-1,3,E01003050,0,-1
2023522301513,2023,522301513,1,-1,0,18,19,6,2,0,0,8,0,0,0,0,2,1,6,6,2,28,6,-1,-1,-1,-1,4,E01033342,1,-1
2023231305405,2023,231305405,2,1,0,18,19,6,2,0,0,0,0,0,0,0,1,1,6,6,1,38,7,-1,-1,-1,-1,3,E01031047,0,-1
2023010445534,2023,010445534,2,-1,0,7,7,5,7,0,0,5,0,0,0,0,1,1,6,6,1,12,3,-1,-1,-1,-1,7,E01002269,1,-1
2023061320161,2023,061320161,1,1,0,18,19,7,4,0,0,1,0,0,0,0,0,1,6,6,2,51,8,-1,-1,-1,-1,2,E01005430,0,-1
2023430497932,2023,430497932,2,1,0,18,19,6,2,0,0,0,0,0,0,0,2,1,6,6,1,42,7,-1,-1,-1,-1,-1,-1,0,-1
2023061378236,2023,061378236,2,8,0,18,19,1,4,0,0,5,0,0,0,0,0,1,6,6,3,30,6,-1,-1,-1,-1,-1,-1,0,-1
2023471297942,2023,471297942,2,1,0,18,19,7,3,4,4,8,0,0,0,0,3,1,2,2,2,31,6,-1,-1,-1,-1,8,E01017002,0,-1
2023041307612,2023,041307612,2,9,0,18,19,5,1,0,0,8,0,0,0,0,1,2,2,2,1,60,9,-1,-1,-1,-1,6,E01012730,0,-1
2023010429103,2023,010429103,1,2,0,17,19,3,1,0,0,1,1,10,1,0,1,1,6,6,1,14,3,-1,-1,-1,-1,5,E01002447,0,-1
2023522300769,2023,522300769,1,1,0,18,19,7,3,0,0,8,0,0,0,0,1,1,1,1,2,52,8,-1,-1,-1,-1,2,E01014489,0,-1
2023440388777,2023,440388777,2,9,0,18,19,4,8,0,0,0,0,0,0,0,1,1,6,6,1,32,6,-1,-1,-1,-1,-1,-1,0,-1
2023351324486,2023,351324486,1,9,0,2,2,-1,-1,0,0,0,0,0,0,0,0,1,6,6,3,-1,-1,-1,-1,-1,-1,-1,-1,0,-1
2023430092046,2023,430092046,1,1,0,18,19,8,4,4,4,8,0,0,0,0,3,1,6,6,1,32,6,-1,-1,-1,-1,9,E01016703,0,-1
2023201309093,2023,201309093,2,9,0,18,19,8,4,0,0,6,0,0,0,0,1,1,6,6,1,-1,-1,-1,-1,-1,-1,-1,-1,0,-1
2023070680809,2023,070680809,2,21,0,2,2,0,0,0,0,1,0,0,0,0,0,1,1,1,3,-1,-1,-1,-1,-1,-1,-1,-1,0,-1
2023131348531,2023,131348531,1,9,0,-1,-1,-1,-1,-1,-1,-1,-1,-1,-1,-1,-1,1,6,6,3,-1,-1,-1,-1,-1,-1,-1,-1,0,-1
2023411311689,2023,411311689,2,-1,0,18,19,7,3,0,0,1,0,0,0,0,1,1,6,6,2,16,4,-1,-1,-1,-1,-1,-1,1,-1
2023101269195,2023,101269195,1,9,0,1,1,5,1,0,0,0,0,0,0,0,2,1,6,6,1,39,7,-1,-1,-1,-1,8,E01008458,0,-1
2023052302332,2023,052302332,2,9,0,4,4,8,4,0,0,0,0,0,0,0,2,1,6,6,3,-1,-1,-1,-1,-1,-1,-1,-1,0,-1
2023010479782,2023,010479782,2,9,0,99,99,9,9,99,99,9,9,99,9,99,2,9,6,6,3,-1,-1,-1,-1,-1,-1,-1,-1,0,-1
2023421351677,2023,421351677,1,9,0,18,19,1,5,0,0,0,0,0,0,0,4,1,6,6,3,-1,-1,-1,-1,-1,-1,-1,-1,0,-1
2023332300798,2023,332300798,2,1,0,18,19,2,6,0,0,8,0,0,0,0,2,1,6,6,1,50,8,-1,-1,-1,-1,1,E01013653,0,-1
2023010471145,2023,010471145,2,1,0,18,19,5,1,0,0,1,0,0,1,0,1,1,4,7,1,21,5,-1,-1,-1,-1,4,E01003211,0,-1
2023010458224,2023,010458224,2,1,0,18,19,1,5,0,0,6,0,0,0,0,1,1,6,6,1,35,6,-1,-1,-1,-1,3,E01003348,0,-1
2023320785136,2023,320785136,1,9,0,18,19,4,8,0,0,0,0,4,0,0,1,1,1,1,1,43,7,-1,-1,-1,-1,-1,-1,0,-1
2023430237108,2023,430237108,2,9,4,16,19,5,8,0,0,0,0,0,0,0,3,1,6,6,3,-1,-1,-1,-1,-1,-1,-1,-1,0,-1
2023302300098,2023,302300098,2,9,0,18,19,6,2,0,0,0,0,0,0,0,4,1,6,6,3,-1,-1,-1,-1,-1,-1,5,E01019456,0,-1
2023201402934,2023,201402934,2,9,0,2,2,0,0,0,0,0,0,0,0,0,9,1,6,6,3,-1,-1,-1,-1,-1,-1,-1,-1,0,-1
2023010454745,2023,010454745,1,1,9,99,99,9,9,99,99,9,9,99,9,99,2,1,2,2,3,58,9,-1,-1,-1,-1,1,E01001979,0,-1
2023430527050,2023,430527050,2,9,0,7,7,3,5,0,0,4,0,0,0,0,1,1,6,6,1,-1,-1,-1,-1,-1,-1,-1,-1,0,-1
2023332300487,2023,332300487,1,-1,0,18,19,3,7,0,0,2,0,4,2,0,4,1,6,6,1,26,6,-1,-1,-1,-1,-1,-1,1,-1
2023010451384,2023,010451384,2,9,0,99,99,9,9,99,99,9,9,99,9,99,1,9,6,6,3,-1,-1,-1,-1,-1,-1,-1,-1,0,-1
2023610011123,2023,610011123,1,9,0,18,19,5,1,0,0,0,0,0,0,0,3,1,6,6,3,-1,-1,-1,-1,-1,-1,-1,-1,0,-1
2023010473065,2023,010473065,1,1,9,99,99,9,9,99,99,9,9,99,9,99,9,1,2,2,1,23,5,-1,-1,-1,-1,3,E01000644,0,-1
2023421350695,2023,421350695,2,9,0,9,9,3,7,0,0,0,0,0,0,0,2,1,1,1,1,35,6,-1,-1,-1,-1,6,E01021875,0,-1
2023061363234,2023,061363234,2,1,0,18,19,3,7,9,9,1,0,0,1,0,1,1,5,6,1,65,9,-1,-1,-1,-1,9,E01005904,0,-1
2023010434272,2023,010434272,2,1,0,18,19,6,2,0,0,1,0,0,0,0,4,1,1,1,1,36,7,-1,-1,-1,-1,3,E01004123,0,-1
2023070088879,2023,070088879,2,21,2,4,4,7,3,0,0,0,0,2,0,0,2,2,1,1,1,23,5,-1,-1,-1,-1,-1,-1,0,-1
2023010428713,2023,010428713,1,1,9,99,99,9,9,99,99,9,9,99,9,99,0,1,2,2,2,37,7,-1,-1,-1,-1,4,E01003147,0,-1
2023010484937,2023,010484937,1,9,9,99,99,9,9,99,99,9,9,99,9,99,9,9,6,6,3,-1,-1,-1,-1,-1,-1,-1,-1,0,-1
2023361259182,2023,361259182,1,9,0,18,19,7,3,0,0,1,0,0,0,0,1,1,6,6,2,79,11,-1,-1,-1,-1,2,E01026680,0,-1
2023010462077,2023,010462077,2,9,0,18,19,1,5,0,0,0,0,0,0,0,1,1,6,6,3,-1,-1,-1,-1,-1,-1,-1,-1,0,-1
2023201278840,2023,201278840,1,9,0,18,19,8,4,0,0,0,0,0,0,0,1,1,6,6,1,38,7,-1,-1,-1,-1,2,E01032377,0,-1
2023451370851,2023,451370851,2,1,0,17,19,4,2,0,0,1,0,0,0,0,1,1,5,6,1,15,3,-1,-1,-1,-1,4,E01030383,0,-1
2023221295773,2023,221295773,2,9,0,4,4,3,7,0,0,1,0,0,0,0,1,1,2,2,1,67,10,-1,-1,-1,-1,8,E01032146,0,-1
2023430435435,2023,430435435,2,1,0,18,19,4,8,0,0,1,0,0,0,0,3,1,6,6,1,-1,-1,-1,-1,-1,-1,-1,-1,0,-1
2023061330685,2023,061330685,1,1,-1,-1,-1,-1,-1,-1,-1,0,-1,-1,-1,0,-1,1,2,2,1,25,5,-1,-1,-1,-1,1,E01005754,0,-1
2023471314313,2023,471314313,2,1,0,9,9,5,4,0,0,8,0,0,0,0,3,1,5,6,1,50,8,-1,-1,-1,-1,6,E01021068,0,-1
2023052301974,2023,052301974,1,1,0,18,19,1,3,0,0,8,0,0,0,0,3,1,2,2,1,17,4,-1,-1,-1,-1,-1,-1,0,-1
2023501383464,2023,501383464,1,9,0,18,19,1,2,0,0,6,0,0,0,0,1,1,2,2,1,53,8,-1,-1,-1,-1,5,E01020076,0,-1
2023340WN6512,2023,340WN6512,1,9,0,18,19,3,6,0,0,1,0,0,0,0,1,1,6,6,3,-1,-1,-1,-1,-1,-1,-1,-1,0,-1
2023061317965,2023,061317965,2,1,-1,18,19,5,6,0,0,0,0,0,0,0,3,1,6,6,1,32,6,-1,-1,-1,-1,8,E01006150,0,-1
2023010479217,2023,010479217,2,1,9,18,19,1,5,99,99,9,9,99,9,99,9,1,6,6,1,-1,-1,-1,-1,-1,-1,3,E01001779,0,-1
2023010440535,2023,010440535,2,1,0,18,19,5,1,0,0,1,0,0,0,0,1,1,6,6,1,15,3,-1,-1,-1,-1,7,E01004639,0,-1
2023010432535,2023,010432535,1,1,9,99,99,9,9,99,99,9,9,99,9,99,9,1,2,2,2,43,7,-1,-1,-1,-1,3,E01004331,0,-1
2023430562607,2023,430562607,1,11,0,1,1,6,2,0,0,0,0,0,0,0,2,1,1,1,1,48,8,-1,-1,-1,-1,-1,-1,0,-1
202363C033223,2023,63C033223,1,9,0,11,11,4,8,0,0,8,0,0,0,0,4,1,6,6,3,-1,-1,-1,-1,-1,-1,-1,-1,0,-1
2023131364390,2023,131364390,2,1,0,18,19,8,4,0,0,0,0,0,0,0,1,1,5,6,1,10,2,-1,-1,-1,-1,4,E01011908,0,-1
2023340NN3462,2023,340NN3462,1,9,0,5,5,8,4,0,0,4,0,0,0,0,1,1,2,2,1,53,8,-1,-1,-1,-1,2,E01026958,0,-1
2023522400083,2023,522400083,2,9,0,18,19,7,3,0,0,8,0,0,0,0,1,1,6,6,3,-1,-1,-1,-1,-1,-1,-1,-1,0,-1
2023552301215,2023,552301215,1,1,0,7,7,6,8,0,0,5,0,0,0,0,1,1,6,6,1,13,3,-1,-1,-1,-1,5,E01015380,0,-1
2023010451393,2023,010451393,2,1,0,14,14,7,3,0,0,1,0,0,0,0,3,1,1,1,1,30,6,-1,-1,-1,-1,3,E01002048,0,-1
2023010461784,2023,010461784,1,1,0,18,19,3,7,0,0,2,5,0,0,0,1,1,2,2,1,61,9,-1,-1,-1,-1,8,E01024434,0,-1
2023010485987,2023,010485987,2,1,0,10,10,1,7,0,0,8,0,0,0,0,2,1,1,1,1,35,6,-1,-1,-1,-1,2,E01003622,0,-1
2023010457755,2023,010457755,2,1,0,18,19,3,7,0,0,0,0,0,0,0,1,1,6,6,1,20,4,-1,-1,-1,-1,-1,-1,0,-1
2023131296426,2023,131296426,1,4,0,18,19,5,1,0,0,1,5,0,0,0,1,1,6,6,3,-1,-1,-1,-1,-1,-1,-1,-1,0,-1
2023231294349,2023,231294349,1,9,0,18,19,4,8,0,0,0,0,0,0,0,4,1,6,6,3,-1,-1,-1,-1,-1,-1,-1,-1,0,-1
2023010467231,2023,010467231,1,1,9,99,99,9,9,99,99,9,9,99,9,99,9,1,6,6,1,45,7,-1,-1,-1,-1,1,E01002758,0,-1
2023101312402,2023,101312402,2,1,-1,-1,-1,2,6,-1,-1,0,-1,-1,-1,0,4,1,2,2,1,32,6,-1,-1,-1,-1,4,E01008565,0,-1
2023351387275,2023,351387275,2,1,0,7,7,-1,-1,0,0,3,1,0,0,0,-1,1,2,2,1,21,5,-1,-1,-1,-1,7,E01017963,0,-1
2023131343966,2023,131343966,1,-1,0,18,19,7,3,0,0,0,0,0,0,0,1,1,6,6,2,10,2,-1,-1,-1,-1,1,E01011283,1,-1
2023302300125,2023,302300125,4,9,0,4,4,2,7,0,0,1,0,0,0,0,1,1,6,6,1,55,8,-1,-1,-1,-1,1,E01019663,0,-1
2023111289663,2023,111289663,1,2,0,18,19,7,3,0,0,1,0,0,1,4,3,1,5,6,1,20,4,-1,-1,-1,-1,8,E01027621,0,-1
2023061382776,2023,061382776,1,9,0,18,19,1,4,0,0,1,0,0,0,0,1,1,6,6,3,30,6,-1,-1,-1,-1,-1,-1,0,-1
2023201293829,2023,201293829,1,98,0,1,1,1,5,0,0,0,0,0,0,0,2,1,6,6,1,44,7,-1,-1,-1,-1,-1,-1,0,-1
2023311309155,2023,311309155,1,22,0,18,19,6,4,9,9,1,0,0,0,0,1,1,6,6,1,55,8,-1,-1,-1,-1,-1,-1,0,-1
2023010483112,2023,010483112,1,1,9,99,99,9,9,99,99,9,9,99,9,99,1,1,1,1,1,26,6,-1,-1,-1,-1,5,E01001866,0,-1
2023501360658,2023,501360658,2,1,0,4,4,6,2,0,0,8,5,0,0,0,1,1,5,6,1,58,9,-1,-1,-1,-1,6,E01020033,0,-1
2023430148642,2023,430148642,1,9,0,18,19,3,7,0,0,8,0,0,0,0,3,1,6,6,1,-1,-1,-1,-1,-1,-1,-1,-1,0,-1
2023320021895,2023,320021895,2,1,0,3,3,8,2,0,0,1,0,0,0,0,3,1,6,6,1,38,7,-1,-1,-1,-1,-1,-1,0,-1
2023061334206,2023,061334206,2,1,0,18,19,1,5,0,0,8,0,0,0,0,1,1,6,6,1,32,6,-1,-1,-1,-1,3,E01004766,0,-1
2023010441879,2023,010441879,1,3,0,99,99,9,9,99,99,9,9,99,9,99,1,1,1,1,1,36,7,-1,-1,-1,-1,1,E01004035,0,-1
2023010469184,2023,010469184,2,9,0,99,99,9,9,99,99,9,9,99,9,99,1,9,6,6,3,-1,-1,-1,-1,-1,-1,-1,-1,0,-1
2023302301464,2023,302301464,1,5,0,4,4,2,6,0,0,4,1,9,0,0,3,1,6,6,1,28,6,-1,-1,-1,-1,4,E01019693,0,-1
2023122300783,2023,122300783,3,1,0,18,19,3,7,0,0,0,0,0,0,0,2,1,6,6,1,61,9,-1,-1,-1,-1,3,E01013394,0,-1
2023010453396,2023,010453396,1,9,0,9,9,7,6,0,0,8,0,0,0,0,1,1,6,6,1,41,7,-1,-1,-1,-1,4,E01001480,0,-1
2023010455903,2023,010455903,1,3,0,99,99,9,9,99,99,9,9,99,9,99,1,1,1,1,2,32,6,-1,-1,-1,-1,5,E01004374,0,-1
2023302300573,2023,302300573,2,8,0,7,7,6,8,0,0,1,0,0,0,0,1,1,6,6,3,-1,-1,-1,-1,-1,-1,-1,-1,0,-1
2023421383302,2023,421383302,1,9,0,5,5,1,3,0,0,0,0,0,0,0,1,1,6,6,2,-1,-1,-1,-1,-1,-1,-1,-1,0,-1
2023010482303,2023,010482303,1,1,9,99,99,9,9,99,99,9,9,99,9,99,1,1,2,2,1,25,5,-1,-1,-1,-1,5,E01001201,0,-1
2023010440523,2023,010440523,2,9,0,99,99,9,9,99,99,9,9,99,9,99,2,9,6,6,3,-1,-1,-1,-1,-1,-1,-1,-1,0,-1
2023010446364,2023,010446364,2,1,0,18,19,5,1,0,0,8,0,0,0,0,4,1,6,6,2,26,6,-1,-1,-1,-1,4,E01000932,0,-1
2023061282699,2023,061282699,1,9,0,7,7,7,5,0,0,1,0,0,0,0,1,1,6,6,3,-1,-1,-1,-1,-1,-1,-1,-1,0,-1
2023340NN1712,2023,340NN1712,2,3,0,18,19,1,5,0,0,1,0,0,0,0,1,1,6,6,1,14,3,-1,-1,-1,-1,6,E01027039,0,-1
2023010471479,2023,010471479,2,9,0,99,99,9,9,99,99,9,9,99,9,99,9,9,6,6,3,-1,-1,-1,-1,-1,-1,-1,-1,0,-1
2023201403100,2023,201403100,1,9,0,18,19,5,1,0,0,8,0,0,0,0,0,1,6,6,1,41,7,-1,-1,-1,-1,3,E01029397,0,-1
2023041300912,2023,041300912,2,1,0,5,5,7,5,0,0,2,0,0,0,0,2,1,5,6,1,56,9,-1,-1,-1,-1,9,E01025273,0,-1
2023461308661,2023,461308661,2,1,-1,-1,-1,-1,-1,-1,-1,0,-1,-1,-1,0,-1,1,6,6,2,-1,-1,-1,-1,-1,-1,-1,-1,0,-1
2023332300730,2023,332300730,2,9,0,1,1,5,1,0,0,0,0,0,0,0,2,1,6,6,1,-1,-1,-1,-1,-1,-1,-1,-1,0,-1
2023520301437,2023,520301437,2,9,0,18,19,6,2,0,0,0,0,0,0,0,1,1,6,6,2,51,8,-1,-1,-1,-1,4,E01029050,0,-1
2023010480123,2023,010480123,1,1,9,99,99,9,9,99,99,0,9,8,9,99,1,1,6,6,1,40,7,-1,-1,-1,-1,2,E01002832,0,-1
2023991381907,2023,991381907,2,90,0,18,19,4,7,0,0,0,0,0,0,0,1,1,1,1,1,44,7,-1,-1,-1,-1,-1,-1,0,-1
2023201415144,2023,201415144,1,9,0,5,5,3,7,0,0,0,0,0,0,0,1,1,6,6,1,22,5,-1,-1,-1,-1,1,E01020901,0,-1
2023631312380,2023,631312380,1,9,0,18,19,6,2,0,0,0,0,0,0,0,4,1,6,6,3,-1,-1,-1,-1,-1,-1,-1,-1,0,-1
2023061338963,2023,061338963,1,8,0,7,7,2,5,0,0,0,0,0,0,0,1,1,6,6,3,-1,-1,-1,-1,-1,-1,-1,-1,0,-1
2023201310885,2023,201310885,1,97,0,18,19,8,4,0,0,0,0,10,1,10,1,1,6,6,1,24,5,-1,-1,-1,-1,6,E01010339,0,-1
202360A005502,2023,60A005502,2,9,0,18,19,6,2,0,0,0,0,0,0,0,2,1,6,6,1,28,6,-1,-1,-1,-1,-1,-1,0,-1
2023231326241,2023,231326241,1,9,0,18,19,4,8,0,0,0,0,0,0,0,4,1,5,6,3,35,6,-1,-1,-1,-1,-1,-1,0,-1
2023201301184,2023,201301184,2,9,0,18,19,6,2,0,0,6,0,0,0,0,1,1,1,1,3,-1,-1,-1,-1,-1,-1,-1,-1,0,-1
2023471311920,2023,471311920,2,1,0,18,19,3,7,9,9,1,0,0,0,0,1,1,5,6,2,12,3,-1,-1,-1,-1,5,E01031818,0,-1
2023010471466,2023,010471466,2,8,0,18,19,1,5,0,0,2,0,0,0,0,1,1,6,6,1,-1,-1,-1,-1,-1,-1,-1,-1,0,-1
2023531337521,2023,531337521,2,1,0,18,19,1,5,0,0,0,2,0,0,0,2,1,6,6,1,79,11,-1,-1,-1,-1,10,-1,0,-1
2023010473352,2023,010473352,1,19,0,18,19,1,5,0,0,1,0,11,1,1,1,1,6,6,1,42,7,-1,-1,-1,-1,10,E01003859,0,-1
2023122300772,2023,122300772,1,1,0,18,19,8,4,0,0,0,0,4,0,0,1,1,4,7,1,-1,-1,-1,-1,-1,-1,-1,-1,0,-1
2023201355907,2023,201355907,1,-1,0,18,19,4,8,0,0,8,0,0,0,0,1,1,6,6,1,24,5,-1,-1,-1,-1,2,E01009385,0,-1
2023010464673,2023,010464673,2,1,0,10,10,7,4,0,0,1,0,0,0,0,2,1,6,6,1,33,6,-1,-1,-1,-1,3,E01001111,0,-1
2023371263383,2023,371263383,1,1,0,18,19,7,3,0,0,2,0,11,0,0,2,1,6,6,1,-1,-1,-1,-1,-1,-1,-1,-1,0,-1
2023061260718,2023,061260718,1,9,0,6,6,6,5,0,0,1,0,0,0,0,3,1,1,1,1,39,7,-1,-1,-1,-1,1,E01033258,0,-1
2023545931923,2023,545931923,1,98,0,18,19,5,1,0,0,0,0,0,0,0,0,1,1,1,1,-1,-1,-1,-1,-1,-1,-1,-1,0,-1
2023041387742,2023,041387742,1,98,0,11,11,3,7,0,0,0,0,0,0,0,1,1,1,1,1,59,9,-1,-1,-1,-1,5,E01019314,0,-1
2023010465736,2023,010465736,2,1,0,18,19,5,1,0,0,1,0,0,0,0,1,1,2,2,1,36,7,-1,-1,-1,-1,4,E01000612,0,-1
2023010456292,2023,010456292,2,90,9,99,99,9,9,99,99,0,9,99,9,99,9,1,6,6,3,-1,-1,-1,-1,-1,-1,-1,-1,0,-1
2023010437139,2023,010437139,2,1,0,18,19,3,7,0,0,0,0,0,0,0,1,1,1,1,1,39,7,-1,-1,-1,-1,1,E01001461,0,-1
2023010457907,2023,010457907,2,1,0,18,19,2,6,0,0,1,0,0,0,0,1,1,6,6,1,59,9,-1,-1,-1,-1,5,E01003019,0,-1
2023010435142,2023,010435142,2,11,9,18,19,7,3,99,99,9,9,99,9,99,9,1,6,6,3,-1,-1,-1,-1,-1,-1,-1,-1,0,-1
2023131346940,2023,131346940,1,1,0,18,19,1,5,0,0,0,1,0,0,0,3,1,5,6,1,9,2,-1,-1,-1,-1,5,E01011820,0,-1
2023302300375,2023,302300375,2,9,0,9,9,8,6,0,0,2,0,0,0,0,4,1,6,6,1,46,8,-1,-1,-1,-1,1,E01013568,0,-1
2023201430968,2023,201430968,1,9,0,13,13,1,5,0,0,1,0,0,0,0,1,1,6,6,1,-1,-1,-1,-1,-1,-1,-1,-1,0,-1
2023131312514,2023,131312514,1,9,0,9,9,-1,-1,0,0,5,0,0,0,0,-1,1,6,6,3,-1,-1,-1,-1,-1,-1,-1,-1,0,-1
2023201276665,2023,201276665,1,19,0,1,1,4,8,0,0,1,0,0,0,0,2,1,1,1,1,40,7,-1,-1,-1,-1,1,E01009203,0,-1
2023440479014,2023,440479014,1,1,0,18,19,3,7,0,0,2,0,0,0,0,4,1,2,2,1,39,7,-1,-1,-1,-1,3,E01017179,0,-1
2023070459083,2023,070459083,2,9,0,18,19,3,7,0,0,0,0,0,0,0,3,1,6,6,3,-1,-1,-1,-1,-1,-1,-1,-1,0,-1
2023010471803,2023,010471803,1,9,0,99,99,9,9,99,99,9,9,99,9,99,1,9,6,6,3,-1,-1,-1,-1,-1,-1,-1,-1,0,-1
2023311269358,2023,311269358,1,1,0,18,19,3,7,0,0,1,5,0,0,0,1,1,5,6,1,19,4,-1,-1,-1,-1,7,E01018591,0,-1
2023351298261,2023,351298261,2,1,0,10,10,8,4,0,0,4,0,0,0,0,3,1,6,6,1,81,11,-1,-1,-1,-1,6,E01017951,0,-1
2023010458371,2023,010458371,1,1,9,99,99,9,9,99,99,9,9,99,9,99,9,1,2,2,1,25,5,-1,-1,-1,-1,2,E01003313,0,-1
2023531417701,2023,531417701,1,9,0,18,19,5,1,0,0,0,0,0,0,0,4,1,6,6,3,-1,-1,-1,-1,-1,-1,-1,-1,0,-1
2023010459990,2023,010459990,3,1,0,17,19,5,1,0,0,1,0,0,0,0,0,1,6,6,2,28,6,-1,-1,-1,-1,-1,-1,0,-1
2023351287026,2023,351287026,2,1,0,18,19,7,3,0,0,8,0,0,0,0,1,1,2,2,2,26,6,-1,-1,-1,-1,8,E01018000,0,-1
2023010463792,2023,010463792,2,97,0,15,15,3,7,0,0,1,0,0,0,0,1,1,6,6,3,-1,-1,-1,-1,-1,-1,-1,-1,0,-1
2023430163830,2023,430163830,1,1,0,18,19,5,1,0,0,0,0,0,0,0,1,1,6,6,1,36,7,-1,-1,-1,-1,3,E01016377,0,-1
2023332300699,2023,332300699,1,11,0,4,4,5,1,0,0,0,0,0,0,0,4,1,1,1,1,-1,-1,-1,-1,-1,-1,-1,-1,0,-1
202354D401923,2023,54D401923,1,9,0,18,19,1,5,0,0,0,0,0,0,0,1,1,6,6,2,83,11,-1,-1,-1,-1,6,E01032696,0,-1
2023041290901,2023,041290901,2,1,0,18,19,3,7,0,0,8,0,0,0,0,1,1,6,6,1,29,6,-1,-1,-1,-1,1,E01012683,0,-1
2023010471378,2023,010471378,1,1,9,99,99,9,9,99,99,9,9,99,9,99,1,1,2,2,1,34,6,-1,-1,-1,-1,2,E01001833,0,-1
2023131345566,2023,131345566,1,9,0,18,19,1,5,0,0,0,0,0,0,0,1,1,6,6,3,-1,-1,-1,-1,-1,-1,-1,-1,0,-1
2023010459418,2023,010459418,2,1,0,18,19,3,7,9,9,1,0,0,0,0,1,1,6,6,1,33,6,-1,-1,-1,-1,3,E01002243,0,-1
2023430102870,2023,430102870,3,9,0,2,2,0,0,0,0,0,0,0,0,0,2,1,6,6,1,27,6,-1,-1,-1,-1,6,E01032959,0,-1
2023131381077,2023,131381077,2,1,0,18,19,1,5,9,9,0,0,0,0,0,1,1,6,6,1,18,4,-1,-1,-1,-1,1,E01011623,0,-1
2023610052923,2023,610052923,1,20,0,18,19,2,6,0,0,0,0,0,2,7,3,1,1,1,1,49,8,-1,-1,-1,-1,2,W01001451,0,-1