collision_index,collision_year,collision_ref_no,vehicle_reference,vehicle_type,towing_and_articulation,vehicle_manoeuvre_historic,vehicle_manoeuvre,vehicle_direction_from,vehicle_direction_to,vehicle_location_restricted_lane_historic,vehicle_location_restricted_lane,junction_location,skidding_and_overturning,hit_object_in_carriageway,vehicle_leaving_carriageway,hit_object_off_carriageway,first_point_of_impact,vehicle_left_hand_drive,journey_purpose_of_driver_historic,journey_purpose_of_driver,sex_of_driver,age_of_driver,age_band_of_driver,engine_capacity_cc,propulsion_code,age_of_vehicle,generic_make_model,driver_imd_decile,lsoa_of_driver,escooter_flag,driver_distance_banding
2023430049482,2023,430049482,1,9,0,9,9,6,4,0,0,6,0,0,0,0,3,1,6,6,2,61,9,-1,-1,-1,-1,-1,-1,0,-1
2023052300722,2023,052300722,2,1,0,18,19,7,3,0,0,7,0,0,0,0,1,1,6,6,2,6,2,-1,-1,-1,-1,2,E01007130,0,-1
2023411374312,2023,411374312,2,1,0,18,19,7,2,0,0,7,0,0,0,0,1,1,6,6,1,22,5,-1,-1,-1,-1,4,E01023555,0,-1
2023522401066,2023,522401066,2,19,9,11,11,2,4,0,0,3,0,0,0,0,0,1,6,6,3,-1,-1,-1,-1,-1,-1,-1,-1,0,-1
2023201460345,2023,201460345,1,9,0,18,19,1,5,0,0,0,0,0,0,0,1,1,5,6,2,54,8,-1,-1,-1,-1,-1,-1,0,-1
2023010432933,2023,010432933,1,1,9,99,99,9,9,99,99,9,9,99,9,99,9,1,6,6,1,27,6,-1,-1,-1,-1,2,E01002078,0,-1
2023461306302,2023,461306302,1,1,0,17,19,7,3,0,0,0,5,0,0,0,0,1,6,6,1,29,6,-1,-1,-1,-1,9,E01016112,0,-1
2023010464803,2023,010464803,2,9,0,99,99,9,9,99,99,9,9,99,9,99,1,1,6,6,3,-1,-1,-1,-1,-1,-1,5,E01001214,0,-1
2023461297522,2023,461297522,1,9,0,5,5,7,3,0,0,3,0,0,1,0,4,1,1,1,1,18,4,-1,-1,-1,-1,7,E01024109,0,-1
2023010451284,2023,010451284,1,3,0,18,19,7,3,0,0,1,0,0,0,0,1,1,6,6,3,-1,-1,-1,-1,-1,-1,-1,-1,0,-1
2023201411435,2023,201411435,1,-1,0,18,19,8,4,0,0,4,0,0,0,0,1,1,5,6,1,49,8,-1,-1,-1,-1,3,E01010005,0,-1
2023010482154,2023,010482154,2,9,0,99,99,9,9,99,99,9,9,99,9,99,9,9,6,6,3,-1,-1,-1,-1,-1,-1,-1,-1,0,-1
2023361266588,2023,361266588,1,9,-1,-1,-1,-1,-1,-1,-1,-1,-1,-1,-1,0,-1,1,6,6,3,-1,-1,-1,-1,-1,-1,-1,-1,0,-1
2023522400833,2023,522400833,1,1,0,17,19,7,5,0,0,8,0,0,0,0,4,1,6,6,2,24,5,-1,-1,-1,-1,3,E01014736,0,-1
2023201284556,2023,201284556,2,1,0,18,19,7,3,0,0,8,0,0,0,0,1,1,6,6,1,61,9,-1,-1,-1,-1,1,E01009016,0,-1
202360A066773,2023,60A066773,1,9,0,18,19,2,5,0,0,4,0,7,3,1,1,1,6,6,2,58,9,-1,-1,-1,-1,-1,-1,0,-1
2023010432777,2023,010432777,1,1,9,99,99,9,9,99,99,9,9,99,9,99,9,1,2,2,1,24,5,-1,-1,-1,-1,2,E01002765,0,-1
2023010427770,2023,010427770,1,1,0,9,9,5,3,0,0,3,0,0,0,0,0,1,6,6,1,61,9,-1,-1,-1,-1,6,E01002656,0,-1
2023010468182,2023,010468182,2,1,0,18,19,1,5,99,99,2,0,0,9,0,1,1,6,6,1,33,6,-1,-1,-1,-1,4,E01001928,0,-1
2023471370474,2023,471370474,3,9,0,7,7,6,2,0,0,8,-1,-1,-1,0,0,1,6,6,3,-1,-1,-1,-1,-1,-1,-1,-1,0,-1
2023052302878,2023,052302878,2,1,0,18,19,5,1,0,0,8,0,0,0,0,3,1,2,2,2,38,7,-1,-1,-1,-1,6,E01025486,0,-1
2023522300386,2023,522300386,1,9,0,11,11,4,8,0,0,1,0,0,1,11,4,1,6,6,1,46,8,-1,-1,-1,-1,1,E01014653,0,-1
2023010463146,2023,010463146,1,1,9,99,99,9,9,99,99,9,9,99,9,99,9,1,2,2,1,42,7,-1,-1,-1,-1,3,E01001983,0,-1
2023131379279,2023,131379279,1,9,0,9,9,3,1,0,0,8,0,0,0,0,-1,1,6,6,3,-1,-1,-1,-1,-1,-1,-1,-1,0,-1
2023131357272,2023,131357272,1,9,0,12,12,3,7,0,0,0,0,0,0,0,3,1,6,6,3,-1,-1,-1,-1,-1,-1,-1,-1,0,-1
2023201381979,2023,201381979,1,-1,0,18,19,6,2,0,0,3,0,0,0,0,1,1,6,6,3,12,3,-1,-1,-1,-1,-1,-1,0,-1
2023161368917,2023,161368917,1,9,0,18,19,1,3,0,0,0,0,0,0,0,1,1,6,6,3,-1,-1,-1,-1,-1,-1,-1,-1,0,-1
2023010436969,2023,010436969,1,9,0,99,99,9,9,99,99,9,9,99,9,99,9,9,6,6,3,-1,-1,-1,-1,-1,-1,-1,-1,0,-1
2023010470471,2023,010470471,2,9,0,99,99,9,9,99,99,0,9,99,9,99,1,9,6,6,3,-1,-1,-1,-1,-1,-1,-1,-1,0,-1
202363D033023,2023,63D033023,1,9,0,17,19,8,5,0,0,0,0,0,1,11,1,1,1,1,1,62,9,-1,-1,-1,-1,-1,-1,0,-1
2023010486677,2023,010486677,2,1,0,18,19,3,7,0,0,8,0,0,0,0,1,1,1,1,1,42,7,-1,-1,-1,-1,3,E01003109,0,-1
2023141330011,2023,141330011,2,9,0,18,19,5,1,0,0,0,0,0,0,0,2,1,6,6,1,33,6,-1,-1,-1,-1,4,E01008073,0,-1
2023991335534,2023,991335534,2,9,0,17,19,6,6,0,0,0,0,0,0,0,1,1,5,6,1,36,7,-1,-1,-1,-1,-1,-1,0,-1
2023221371631,2023,221371631,2,1,0,18,19,2,6,9,9,8,1,0,0,0,1,1,5,6,1,16,4,-1,-1,-1,-1,1,E01032204,0,-1
2023010443924,2023,010443924,1,9,0,18,19,1,5,0,0,0,0,0,0,0,4,1,1,1,1,25,5,-1,-1,-1,-1,3,E01003567,0,-1
2023531364831,2023,531364831,2,1,0,16,19,7,3,0,0,0,0,0,0,0,3,1,5,6,1,42,7,-1,-1,-1,-1,6,E01022374,0,-1
2023411287552,2023,411287552,2,98,0,18,19,3,7,0,0,0,0,0,0,0,2,1,2,2,1,37,7,-1,-1,-1,-1,2,E01023404,0,-1
2023311342489,2023,311342489,3,9,0,18,19,3,7,0,0,1,0,0,0,0,2,1,6,6,1,75,10,-1,-1,-1,-1,6,E01027948,0,-1
2023522301764,2023,522301764,2,9,0,9,9,4,2,0,0,6,0,0,0,0,1,1,6,6,3,-1,-1,-1,-1,-1,-1,-1,-1,0,-1
2023361355385,2023,361355385,1,1,0,7,7,7,3,0,0,1,0,0,0,0,4,1,6,6,1,17,4,-1,-1,-1,-1,7,E01026461,0,-1
2023371373660,2023,371373660,2,1,-1,18,19,7,3,0,0,-1,0,0,-1,-1,-1,1,5,6,1,66,10,-1,-1,-1,-1,10,E01029894,0,-1
2023471352370,2023,471352370,2,1,0,18,19,1,5,0,0,0,0,0,0,0,3,1,6,6,1,11,3,-1,-1,-1,-1,8,E01020953,0,-1
202360A001136,2023,60A001136,1,9,0,1,1,1,5,0,0,1,0,0,0,0,2,1,6,6,3,-1,-1,-1,-1,-1,-1,-1,-1,0,-1
2023351300182,2023,351300182,1,-1,0,18,19,6,2,0,0,0,0,0,0,0,4,1,6,6,3,-1,-1,-1,-1,-1,-1,-1,-1,0,-1
2023010485443,2023,010485443,1,9,9,99,99,9,9,0,0,1,9,0,0,0,1,9,6,6,3,-1,-1,-1,-1,-1,-1,-1,-1,0,-1
2023010456082,2023,010456082,2,1,0,15,15,2,6,4,4,8,0,0,0,0,1,1,6,6,1,44,7,-1,-1,-1,-1,2,E01004067,0,-1
2023430255906,2023,430255906,2,1,0,18,19,1,5,0,0,2,0,0,0,0,3,1,6,6,1,21,5,-1,-1,-1,-1,7,E01028541,0,-1
2023010451653,2023,010451653,2,-1,0,9,9,5,4,0,0,2,0,0,0,0,1,1,6,6,2,14,3,-1,-1,-1,-1,1,E01001840,1,-1
2023421361564,2023,421361564,3,9,0,2,2,0,0,0,0,8,0,0,0,0,3,1,6,6,3,-1,-1,-1,-1,-1,-1,-1,-1,0,-1
2023010471439,2023,010471439,2,1,0,5,5,3,7,4,4,1,0,0,0,0,2,1,6,6,1,33,6,-1,-1,-1,-1,6,E01001984,0,-1
2023430340020,2023,430340020,1,1,0,18,19,8,4,0,0,8,0,0,0,0,4,1,6,6,2,24,5,-1,-1,-1,-1,3,E01016555,0,-1
2023010419490,2023,010419490,1,1,9,99,99,9,9,99,99,9,9,99,9,99,9,1,6,6,3,-1,-1,-1,-1,-1,-1,-1,-1,0,-1
2023501355448,2023,501355448,2,23,0,18,19,1,5,0,0,0,1,0,0,0,1,1,6,6,1,23,5,-1,-1,-1,-1,-1,-1,0,-1
2023010477153,2023,010477153,2,9,9,99,99,9,9,99,99,9,9,99,9,99,9,9,6,6,3,-1,-1,-1,-1,-1,-1,-1,-1,0,-1
2023471352144,2023,471352144,4,9,0,18,19,4,8,0,0,0,0,0,0,0,0,1,6,6,3,-1,-1,-1,-1,-1,-1,-1,-1,0,-1
2023201291628,2023,201291628,2,1,0,18,19,-1,-1,0,0,0,0,0,0,0,0,1,6,6,1,36,7,-1,-1,-1,-1,1,E01010452,0,-1
2023201293611,2023,201293611,2,1,0,18,19,1,5,0,0,0,0,0,0,0,1,1,6,6,1,43,7,-1,-1,-1,-1,1,E01010485,0,-1
2023351390433,2023,351390433,1,9,0,18,19,2,6,0,0,4,0,0,0,0,1,1,1,1,3,46,8,-1,-1,-1,-1,8,E01026258,0,-1
2023311358734,2023,311358734,2,1,0,18,19,4,8,0,0,0,0,0,0,0,3,1,6,6,1,49,8,-1,-1,-1,-1,-1,-1,0,-1
2023010463058,2023,010463058,1,1,9,99,99,9,9,99,99,9,9,99,9,99,1,1,2,2,1,40,7,-1,-1,-1,-1,2,E01000930,0,-1
2023311259087,2023,311259087,2,9,0,18,19,3,7,0,0,0,1,0,0,0,1,1,6,6,1,57,9,-1,-1,-1,-1,9,E01028009,0,-1
2023501284944,2023,501284944,1,9,0,4,4,7,5,0,0,1,0,0,0,0,2,1,1,1,1,22,5,-1,-1,-1,-1,8,E01015165,0,-1
2023991378912,2023,991378912,1,9,0,7,7,2,3,0,0,6,0,0,0,0,3,1,6,6,1,60,9,-1,-1,-1,-1,-1,-1,0,-1
2023010454698,2023,010454698,1,9,0,18,19,1,5,0,0,8,0,0,0,0,1,1,6,6,2,21,5,-1,-1,-1,-1,3,E01000819,0,-1
2023010477408,2023,010477408,1,9,0,18,19,1,5,0,0,0,0,0,0,0,1,1,6,6,3,-1,-1,-1,-1,-1,-1,-1,-1,0,-1
2023010469644,2023,010469644,1,1,9,99,99,9,9,99,99,0,9,99,9,99,9,1,2,2,1,38,7,-1,-1,-1,-1,5,E01000738,0,-1
2023552301112,2023,552301112,2,1,0,18,19,4,8,4,4,1,0,0,0,0,1,1,6,6,1,21,5,-1,-1,-1,-1,5,E01015417,0,-1
202354C800323,2023,54C800323,1,9,0,18,19,4,8,0,0,3,2,10,0,0,1,1,6,6,1,27,6,-1,-1,-1,-1,-1,-1,0,-1
2023010450260,2023,010450260,2,1,0,5,5,3,7,0,0,6,0,0,0,0,1,1,6,6,2,60,9,-1,-1,-1,-1,2,E01004024,0,-1
2023430031390,2023,430031390,2,9,0,16,19,8,3,0,0,0,0,4,0,0,4,1,6,6,3,-1,-1,-1,-1,-1,-1,-1,-1,0,-1
2023332300433,2023,332300433,2,9,0,18,19,2,6,0,0,4,0,0,0,0,1,1,6,6,3,-1,-1,-1,-1,-1,-1,-1,-1,0,-1
2023531335478,2023,531335478,1,9,0,9,9,8,6,0,0,0,0,0,0,0,3,1,1,1,1,66,10,-1,-1,-1,-1,7,E01022175,0,-1
2023101373643,2023,101373643,2,1,0,18,19,4,8,0,0,8,2,0,0,0,-1,1,5,6,1,12,3,-1,-1,-1,-1,1,E01008746,0,-1
2023471346549,2023,471346549,2,9,-1,18,19,3,7,0,0,1,0,0,0,0,0,1,6,6,3,-1,-1,-1,-1,-1,-1,-1,-1,0,-1
2023070930508,2023,070930508,2,1,0,5,5,5,1,0,0,8,0,0,0,0,1,1,6,6,1,11,3,-1,-1,-1,-1,5,E01012468,0,-1
2023440259274,2023,440259274,1,1,0,18,19,5,1,5,5,0,0,0,0,0,3,1,2,2,1,29,6,-1,-1,-1,-1,4,E01017211,0,-1
2023052300966,2023,052300966,1,90,0,18,19,1,5,0,0,0,0,0,0,0,1,1,1,1,1,-1,-1,-1,-1,-1,-1,-1,-1,0,-1
2023201461864,2023,201461864,2,18,1,18,19,2,6,1,1,8,0,0,0,0,1,1,1,1,1,47,8,-1,-1,-1,-1,1,E01009988,0,-1
2023311260693,2023,311260693,1,9,0,13,13,5,1,9,9,0,2,10,1,11,1,1,5,6,1,33,6,-1,-1,-1,-1,3,E01027931,0,-1
2023311364388,2023,311364388,1,90,0,15,15,1,7,9,9,1,0,0,0,0,1,1,6,6,1,20,4,-1,-1,-1,-1,-1,-1,0,-1
2023061309581,2023,061309581,1,9,0,18,19,7,3,0,0,8,0,0,0,0,0,1,6,6,3,25,5,-1,-1,-1,-1,-1,-1,0,-1
2023461344121,2023,461344121,2,9,0,18,19,5,1,0,0,0,0,0,4,0,4,1,2,2,1,35,6,-1,-1,-1,-1,8,E01033610,0,-1
2023991390958,2023,991390958,1,9,0,7,7,5,7,0,0,6,0,0,0,0,3,2,5,6,1,70,10,-1,-1,-1,-1,-1,-1,0,-1
2023122301124,2023,122301124,2,9,0,18,19,3,7,0,0,0,0,0,0,0,1,1,6,6,1,-1,-1,-1,-1,-1,-1,-1,-1,0,-1
2023070286752,2023,070286752,2,9,0,7,7,2,6,0,0,4,0,0,0,0,1,1,6,6,1,-1,-1,-1,-1,-1,-1,-1,-1,0,-1
2023440157739,2023,440157739,1,1,0,18,19,7,3,4,4,0,0,0,1,0,3,1,2,2,2,39,7,-1,-1,-1,-1,5,E01017030,0,-1
2023430538271,2023,430538271,2,9,0,18,19,1,5,0,0,0,0,0,0,0,2,1,6,6,2,61,9,-1,-1,-1,-1,10,E01028573,0,-1
2023332300889,2023,332300889,1,9,0,18,19,8,4,0,0,8,0,0,0,0,1,1,6,6,2,-1,-1,-1,-1,-1,-1,-1,-1,0,-1
2023010427479,2023,010427479,1,1,9,99,99,9,9,99,99,9,9,99,9,99,2,1,6,6,2,26,6,-1,-1,-1,-1,1,E01004309,0,-1
2023131265997,2023,131265997,1,9,0,-1,-1,-1,-1,-1,-1,0,-1,-1,-1,0,-1,1,6,6,3,-1,-1,-1,-1,-1,-1,-1,-1,0,-1
2023041370874,2023,041370874,1,9,0,12,12,3,7,0,0,0,0,0,1,0,1,1,5,6,1,45,7,-1,-1,-1,-1,10,W01001600,0,-1
2023461369512,2023,461369512,1,9,0,18,19,7,3,0,0,0,0,0,0,0,1,1,6,6,3,-1,-1,-1,-1,-1,-1,-1,-1,0,-1
2023010452301,2023,010452301,2,97,0,12,12,7,3,0,0,6,0,0,0,0,0,1,6,6,3,-1,-1,-1,-1,-1,-1,-1,-1,0,-1
2023501345213,2023,501345213,1,-1,0,18,19,5,1,0,0,1,0,0,0,0,1,1,5,6,1,13,3,-1,-1,-1,-1,2,E01020141,1,-1
2023141353034,2023,141353034,1,98,0,13,13,1,5,0,0,0,0,0,0,0,0,1,6,6,3,-1,-1,-1,-1,-1,-1,-1,-1,0,-1
2023010474584,2023,010474584,2,9,0,9,9,5,3,0,0,8,0,0,0,0,1,1,6,6,1,38,7,-1,-1,-1,-1,2,E01003508,0,-1
2023501329414,2023,501329414,1,9,0,17,19,7,3,0,0,0,0,0,0,0,0,1,6,6,3,-1,-1,-1,-1,-1,-1,-1,-1,0,-1
2023320392589,2023,320392589,1,9,0,9,9,8,6,0,0,6,0,0,0,0,3,1,6,6,1,18,4,-1,-1,-1,-1,-1,-1,0,-1
2023401266868,2023,401266868,2,1,-1,-1,-1,-1,-1,-1,-1,0,-1,-1,-1,0,-1,1,5,6,1,35,6,-1,-1,-1,-1,6,E01017540,0,-1
2023010482940,2023,010482940,2,9,0,99,99,9,9,99,99,0,9,99,9,99,1,9,6,6,3,-1,-1,-1,-1,-1,-1,-1,-1,0,-1
2023101273580,2023,101273580,1,9,0,15,15,6,2,0,0,0,0,0,0,0,1,1,5,6,1,-1,-1,-1,-1,-1,-1,8,E01008447,0,-1
2023010445097,2023,010445097,1,1,9,99,99,9,9,99,99,9,9,99,9,99,9,1,2,2,2,36,7,-1,-1,-1,-1,4,E01003053,0,-1
2023991291862,2023,991291862,1,9,0,18,19,2,6,0,0,0,0,0,0,0,0,1,6,6,3,16,4,-1,-1,-1,-1,-1,-1,0,-1
2023201461946,2023,201461946,1,9,0,18,19,3,7,0,0,0,1,4,7,0,1,1,6,6,2,30,6,-1,-1,-1,-1,1,E01010129,0,-1
2023201414776,2023,201414776,1,9,0,5,5,4,8,0,0,1,0,10,1,0,1,1,6,6,3,-1,-1,-1,-1,-1,-1,-1,-1,0,-1
2023131366325,2023,131366325,2,1,0,18,19,3,7,0,0,1,0,0,0,0,1,1,6,6,1,34,6,-1,-1,-1,-1,7,E01011042,0,-1
2023010463268,2023,010463268,2,1,0,17,19,1,5,0,0,8,0,0,0,0,1,1,2,2,1,56,9,-1,-1,-1,-1,2,E01004000,0,-1
2023170M11863,2023,170M11863,2,9,0,3,3,7,3,0,0,1,0,0,0,0,1,1,6,6,3,-1,-1,-1,-1,-1,-1,-1,-1,0,-1
2023501292628,2023,501292628,1,9,0,18,19,7,3,0,0,0,0,0,0,0,1,1,6,6,1,48,8,-1,-1,-1,-1,3,E01015060,0,-1
2023131364032,2023,131364032,2,1,0,18,19,7,3,0,0,8,0,0,1,0,1,1,6,6,1,55,8,-1,-1,-1,-1,2,E01011754,0,-1
2023052300624,2023,052300624,3,9,0,4,4,3,7,0,0,0,0,0,0,0,2,1,6,6,1,-1,-1,-1,-1,-1,-1,-1,-1,0,-1
2023010446750,2023,010446750,2,9,0,18,19,3,7,0,0,0,0,0,0,0,1,1,6,6,3,-1,-1,-1,-1,-1,-1,-1,-1,0,-1
2023010471652,2023,010471652,1,1,0,18,19,7,3,0,0,8,0,0,0,0,3,1,1,1,1,26,6,-1,-1,-1,-1,4,E01003608,0,-1
2023052303017,2023,052303017,2,1,0,18,19,3,7,0,0,1,0,0,0,0,1,1,6,6,1,27,6,-1,-1,-1,-1,2,E01006520,0,-1
2023440430374,2023,440430374,2,-1,0,18,19,2,6,0,0,0,0,0,0,0,3,1,6,6,2,10,2,-1,-1,-1,-1,2,E01022964,1,-1
2023461371048,2023,461371048,2,9,0,18,19,3,1,0,0,0,0,0,0,0,2,1,1,1,1,45,7,-1,-1,-1,-1,10,E01024735,0,-1
2023010463764,2023,010463764,2,11,9,99,99,9,9,99,99,0,9,99,9,99,2,1,6,6,3,-1,-1,-1,-1,-1,-1,-1,-1,0,-1
2023430432722,2023,430432722,2,1,0,18,19,3,7,5,5,8,0,0,0,0,1,1,2,2,1,24,5,-1,-1,-1,-1,10,E01028786,0,-1
2023361306825,2023,361306825,2,-1,0,18,19,6,8,0,0,8,0,0,0,0,4,1,5,6,2,25,5,-1,-1,-1,-1,4,E01026925,1,-1
2023031358264,2023,031358264,2,1,-1,-1,-1,-1,-1,-1,-1,0,-1,-1,-1,0,-1,1,6,6,1,41,7,-1,-1,-1,-1,9,E01019287,0,-1
2023461377974,2023,461377974,2,1,0,18,19,3,7,9,9,0,5,0,0,0,3,1,5,6,1,12,3,-1,-1,-1,-1,8,E01016099,0,-1
2023010453989,2023,010453989,1,1,9,99,99,9,9,99,99,9,9,99,9,99,9,1,2,2,1,41,7,-1,-1,-1,-1,4,E01002600,0,-1
2023430228113,2023,430228113,1,1,0,18,19,4,8,0,0,8,0,0,0,0,3,1,2,2,2,24,5,-1,-1,-1,-1,4,E01016400,0,-1
2023010471156,2023,010471156,2,1,0,7,7,7,2,0,0,3,2,0,0,0,3,1,2,2,2,40,7,-1,-1,-1,-1,5,E01003307,0,-1
2023010444678,2023,010444678,2,1,0,18,19,7,3,0,0,1,0,0,0,0,3,1,2,2,1,23,5,-1,-1,-1,-1,2,E01033707,0,-1
2023131381896,2023,131381896,1,9,0,18,19,1,5,0,0,4,0,0,0,0,-1,1,6,6,3,-1,-1,-1,-1,-1,-1,-1,-1,0,-1
2023421285190,2023,421285190,1,1,0,18,19,1,5,0,0,0,5,0,0,0,3,1,6,6,1,-1,-1,-1,-1,-1,-1,-1,-1,0,-1
2023101346022,2023,101346022,1,9,0,18,19,1,5,0,0,0,0,0,0,0,1,1,6,6,1,40,7,-1,-1,-1,-1,-1,-1,0,-1
2023221330411,2023,221330411,2,1,0,18,19,6,2,0,0,2,0,0,0,0,3,1,5,6,1,46,8,-1,-1,-1,-1,1,E01014118,0,-1
2023010427566,2023,010427566,1,1,9,99,99,9,9,99,99,9,9,99,9,99,1,1,2,2,1,53,8,-1,-1,-1,-1,6,E01002423,0,-1
2023231286655,2023,231286655,1,9,0,18,19,7,3,0,0,0,0,0,7,10,3,1,6,6,1,42,7,-1,-1,-1,-1,3,E01030793,0,-1
2023010439397,2023,010439397,1,1,9,99,99,9,9,99,99,9,9,99,9,99,0,1,1,1,1,39,7,-1,-1,-1,-1,1,E01002066,0,-1
2023131359344,2023,131359344,2,1,0,3,3,2,2,0,0,1,0,0,0,0,2,1,6,6,2,55,8,-1,-1,-1,-1,2,E01011926,0,-1
2023440342323,2023,440342323,4,9,0,18,19,4,8,0,0,0,0,0,0,0,1,1,2,2,1,42,7,-1,-1,-1,-1,2,E01017241,0,-1
2023211357744,2023,211357744,1,9,0,10,10,8,5,0,0,6,0,0,0,0,3,1,5,6,2,58,9,-1,-1,-1,-1,7,W01000251,0,-1
2023351357167,2023,351357167,2,1,0,18,19,1,5,0,0,0,0,0,0,0,1,1,6,6,1,30,6,-1,-1,-1,-1,8,E01018289,0,-1
2023501293549,2023,501293549,2,97,0,18,19,1,5,0,0,0,1,0,0,0,1,1,6,6,1,20,4,-1,-1,-1,-1,3,E01020294,0,-1
2023010438864,2023,010438864,2,1,0,18,19,3,7,5,5,1,0,0,0,0,1,1,2,2,1,26,6,-1,-1,-1,-1,1,E01001955,0,-1
2023170L30113,2023,170L30113,1,19,0,7,7,1,3,0,0,8,0,0,0,0,4,1,6,6,1,-1,-1,-1,-1,-1,-1,-1,-1,0,-1
2023501400203,2023,501400203,1,9,0,18,19,8,4,0,0,8,0,0,0,0,1,1,6,6,1,-1,-1,-1,-1,-1,-1,-1,-1,0,-1
2023011387669,2023,011387669,2,1,0,18,19,3,7,0,0,0,0,0,0,0,3,1,5,6,1,25,5,-1,-1,-1,-1,-1,-1,0,-1
2023548964223,2023,548964223,1,9,0,1,1,2,6,0,0,0,0,0,0,0,9,1,6,6,3,-1,-1,-1,-1,-1,-1,-1,-1,0,-1
2023311267679,2023,311267679,1,9,0,7,7,5,1,9,9,5,0,0,1,0,4,1,6,6,2,30,6,-1,-1,-1,-1,-1,-1,0,-1
2023141323773,2023,141323773,1,9,0,18,19,7,3,0,0,0,0,0,0,0,3,1,6,6,3,20,4,-1,-1,-1,-1,-1,-1,0,-1
2023010453758,2023,010453758,1,1,9,99,99,9,9,99,99,0,9,99,9,99,9,1,6,6,1,63,9,-1,-1,-1,-1,6,E01004550,0,-1
2023440259276,2023,440259276,2,1,0,7,7,4,6,0,0,2,0,0,0,0,1,1,6,6,1,17,4,-1,-1,-1,-1,6,E01017176,0,-1
2023052302410,2023,052302410,1,8,0,5,5,1,5,0,0,0,0,0,0,0,4,1,6,6,3,-1,-1,-1,-1,-1,-1,-1,-1,0,-1
2023010453931,2023,010453931,2,1,9,99,99,9,9,99,99,9,9,99,9,99,9,1,6,6,1,-1,-1,-1,-1,-1,-1,-1,-1,0,-1
2023041355130,2023,041355130,2,1,0,18,19,1,5,0,0,1,0,0,0,0,1,1,6,6,1,44,7,-1,-1,-1,-1,1,E01012737,0,-1
2023161331555,2023,161331555,2,1,0,18,19,2,6,0,0,2,0,0,0,0,1,1,5,6,1,63,9,-1,-1,-1,-1,9,E01013152,0,-1
2023411297452,2023,411297452,1,21,1,12,12,5,1,0,0,0,0,0,0,0,3,1,1,1,1,48,8,-1,-1,-1,-1,-1,-1,0,-1
2023122400120,2023,122400120,2,1,0,18,19,5,1,0,0,2,0,4,0,0,1,1,6,6,1,88,11,-1,-1,-1,-1,7,E01012025,0,-1
2023522301045,2023,522301045,2,1,0,18,19,3,7,0,0,1,0,0,0,0,1,1,6,6,1,34,6,-1,-1,-1,-1,10,E01014878,0,-1
2023440256002,2023,440256002,1,1,0,18,19,2,5,0,0,6,0,0,0,0,1,1,4,7,1,16,4,-1,-1,-1,-1,2,E01022818,0,-1
2023141311141,2023,141311141,1,9,0,18,19,6,3,0,0,1,0,0,0,0,1,1,5,6,2,57,9,-1,-1,-1,-1,7,E01007400,0,-1
2023501372707,2023,501372707,2,1,0,18,19,2,7,0,0,8,0,0,0,0,4,1,2,2,1,51,8,-1,-1,-1,-1,-1,-1,0,-1
2023501306474,2023,501306474,2,9,0,18,19,7,2,0,0,0,0,0,0,0,1,2,1,1,1,37,7,-1,-1,-1,-1,4,E01020328,0,-1
2023010425134,2023,010425134,2,9,0,6,6,1,1,0,0,0,0,0,0,0,3,1,6,6,3,-1,-1,-1,-1,-1,-1,-1,-1,0,-1
2023440411861,2023,440411861,1,9,0,18,19,2,6,0,0,0,0,0,0,0,1,1,6,6,3,-1,-1,-1,-1,-1,-1,-1,-1,0,-1
2023522300714,2023,522300714,1,-1,0,18,19,8,4,0,0,8,0,0,0,0,1,1,6,6,1,50,8,-1,-1,-1,-1,4,E01014542,1,-1
2023010478001,2023,010478001,1,1,9,99,99,9,9,99,99,9,9,99,9,99,9,1,6,6,2,27,6,-1,-1,-1,-1,2,E01004246,0,-1
2023522400287,2023,522400287,2,9,0,7,7,6,8,0,0,6,0,0,0,0,1,1,6,6,3,-1,-1,-1,-1,-1,-1,-1,-1,0,-1
2023010460787,2023,010460787,2,1,0,18,19,5,1,0,0,8,0,0,0,0,3,1,6,6,1,69,10,-1,-1,-1,-1,2,E01004267,0,-1
2023371388543,2023,371388543,1,22,0,18,19,-1,-1,0,0,1,0,0,0,0,0,1,6,6,2,-1,-1,-1,-1,-1,-1,-1,-1,0,-1
2023010469564,2023,010469564,2,1,0,18,19,3,7,0,0,1,0,0,0,0,1,1,2,2,1,31,6,-1,-1,-1,-1,9,E01033569,0,-1
202360A113855,2023,60A113855,2,20,0,10,10,7,5,0,0,1,0,0,0,0,2,1,6,6,1,54,8,-1,-1,-1,-1,-1,-1,0,-1
2023111348347,2023,111348347,2,1,0,18,19,2,6,0,0,2,0,0,0,0,1,1,6,6,1,54,8,-1,-1,-1,-1,10,E01020708,0,-1
2023320271469,2023,320271469,2,1,0,18,19,1,5,9,9,2,5,0,0,0,3,1,6,6,2,14,3,-1,-1,-1,-1,3,E01026318,0,-1
2023010420027,2023,010420027,2,9,0,18,19,5,1,0,0,2,0,0,0,0,1,1,6,6,1,23,5,-1,-1,-1,-1,10,E01016603,0,-1
2023122300995,2023,122300995,2,1,0,18,19,8,4,0,0,6,0,0,0,0,1,1,6,6,1,32,6,-1,-1,-1,-1,3,E01013386,0,-1
2023010428375,2023,010428375,1,8,0,7,7,7,2,0,0,8,0,0,0,0,1,1,6,6,1,23,5,-1,-1,-1,-1,-1,-1,0,-1
2023010452510,2023,010452510,1,9,0,18,19,2,6,0,0,8,0,0,0,0,1,1,6,6,1,-1,-1,-1,-1,-1,-1,-1,-1,0,-1
2023501389907,2023,501389907,1,9,0,18,19,5,2,0,0,0,0,0,4,6,3,1,6,6,1,25,5,-1,-1,-1,-1,-1,-1,0,-1
2023010428926,2023,010428926,2,1,0,18,19,1,5,0,0,1,2,0,0,0,1,1,1,1,1,29,6,-1,-1,-1,-1,1,E01033701,0,-1
2023332301287,2023,332301287,2,9,0,18,19,6,2,0,0,0,0,0,0,0,2,1,1,1,1,43,7,-1,-1,-1,-1,1,E01010269,0,-1
2023302301320,2023,302301320,2,9,0,5,5,5,4,0,0,0,0,0,0,0,1,1,6,6,2,22,5,-1,-1,-1,-1,1,E01026793,0,-1
2023010454205,2023,010454205,1,9,9,99,99,9,9,0,0,8,0,0,0,0,9,9,6,6,3,33,6,-1,-1,-1,-1,-1,-1,0,-1
2023052302172,2023,052302172,2,19,0,2,2,0,0,0,0,0,0,0,0,0,1,1,6,6,3,-1,-1,-1,-1,-1,-1,-1,-1,0,-1