collision_index,collision_year,collision_ref_no,vehicle_reference,vehicle_type,towing_and_articulation,vehicle_manoeuvre_historic,vehicle_manoeuvre,vehicle_direction_from,vehicle_direction_to,vehicle_location_restricted_lane_historic,vehicle_location_restricted_lane,junction_location,skidding_and_overturning,hit_object_in_carriageway,vehicle_leaving_carriageway,hit_object_off_carriageway,first_point_of_impact,vehicle_left_hand_drive,journey_purpose_of_driver_historic,journey_purpose_of_driver,sex_of_driver,age_of_driver,age_band_of_driver,engine_capacity_cc,propulsion_code,age_of_vehicle,generic_make_model,driver_imd_decile,lsoa_of_driver,escooter_flag,driver_distance_banding
2023061280098,2023,061280098,1,9,-1,18,19,7,3,0,0,0,0,0,0,0,1,1,6,6,1,-1,-1,-1,-1,-1,-1,-1,-1,0,-1
2023131385757,2023,131385757,1,90,0,-1,-1,-1,-1,-1,-1,-1,-1,-1,-1,-1,-1,1,6,6,3,-1,-1,-1,-1,-1,-1,-1,-1,0,-1
2023332300154,2023,332300154,1,1,0,18,19,3,7,0,0,0,0,0,0,0,2,1,6,6,2,24,5,-1,-1,-1,-1,2,E01013687,0,-1
2023061371600,2023,061371600,1,9,-1,-1,-1,-1,-1,-1,-1,0,-1,-1,-1,0,-1,1,6,6,3,-1,-1,-1,-1,-1,-1,-1,-1,0,-1
2023141286540,2023,141286540,1,1,0,18,19,3,7,0,0,0,0,0,0,0,1,1,6,6,1,57,9,-1,-1,-1,-1,2,E01008010,0,-1
2023070411653,2023,070411653,1,9,0,4,4,7,3,0,0,1,0,0,0,0,1,1,6,6,3,-1,-1,-1,-1,-1,-1,-1,-1,0,-1
2023041355971,2023,041355971,1,97,0,18,19,-1,-1,0,0,0,0,0,0,0,1,1,6,6,1,20,4,-1,-1,-1,-1,1,E01025226,0,-1
2023141314362,2023,141314362,1,-1,0,18,19,8,4,0,0,8,0,0,0,0,1,1,5,6,2,21,5,-1,-1,-1,-1,3,E01007680,1,-1
2023052301115,2023,052301115,1,9,0,18,19,3,7,0,0,1,0,0,0,0,1,1,6,6,3,-1,-1,-1,-1,-1,-1,-1,-1,0,-1
2023010485373,2023,010485373,2,1,0,18,19,1,5,0,0,8,0,0,0,0,1,1,6,6,1,39,7,-1,-1,-1,-1,3,E01001807,0,-1
2023010430638,2023,010430638,2,1,0,18,19,7,3,0,0,1,0,0,0,0,1,1,6,6,1,43,7,-1,-1,-1,-1,2,E01001754,0,-1
2023041291778,2023,041291778,1,9,0,18,19,-1,-1,0,0,1,0,0,0,0,-1,1,6,6,3,-1,-1,-1,-1,-1,-1,-1,-1,0,-1
2023010445307,2023,010445307,2,1,0,18,19,7,3,0,0,1,0,0,0,0,1,1,6,6,1,16,4,-1,-1,-1,-1,2,E01001487,0,-1
2023461344765,2023,461344765,2,9,0,3,3,5,1,0,0,0,0,0,0,0,1,1,5,6,1,66,10,-1,-1,-1,-1,5,E01024228,0,-1
2023111369351,2023,111369351,1,9,0,18,19,1,5,0,0,0,0,0,0,0,1,1,6,6,1,66,10,-1,-1,-1,-1,-1,-1,0,-1
2023111377135,2023,111377135,2,9,0,3,3,2,6,0,0,0,0,0,0,0,2,1,6,6,1,35,6,-1,-1,-1,-1,3,E01020679,0,-1
2023451396179,2023,451396179,2,98,0,18,19,3,7,0,0,0,0,0,0,0,0,1,1,1,1,26,6,-1,-1,-1,-1,3,E01031791,0,-1
2023131293433,2023,131293433,2,1,0,18,19,8,4,0,0,1,0,0,0,0,1,1,6,6,2,66,10,-1,-1,-1,-1,-1,-1,0,-1
2023302300493,2023,302300493,2,-1,0,18,19,8,4,0,0,1,0,0,0,0,1,1,6,6,1,29,6,-1,-1,-1,-1,-1,-1,1,-1
2023010480185,2023,010480185,1,1,9,99,99,9,9,99,99,9,9,99,9,99,0,1,6,6,1,33,6,-1,-1,-1,-1,8,E01004073,0,-1
2023101343224,2023,101343224,1,8,0,9,9,1,7,0,0,8,0,0,0,0,1,1,6,6,1,25,5,-1,-1,-1,-1,-1,-1,0,-1
2023411322875,2023,411322875,1,9,0,18,19,7,3,0,0,0,0,0,0,0,1,1,6,6,3,-1,-1,-1,-1,-1,-1,-1,-1,0,-1
2023161271743,2023,161271743,2,9,0,4,4,8,4,0,0,0,0,0,1,10,2,1,5,6,1,61,9,-1,-1,-1,-1,10,E01012927,0,-1
2023302300355,2023,302300355,2,1,0,18,19,2,6,0,0,8,0,0,0,0,1,1,6,6,1,15,3,-1,-1,-1,-1,4,E01013498,0,-1
2023991375218,2023,991375218,2,1,0,18,19,5,1,0,0,8,0,0,0,0,1,1,6,6,2,40,7,-1,-1,-1,-1,10,-1,0,-1
2023991393134,2023,991393134,1,19,0,18,19,3,7,0,0,6,0,0,0,0,4,1,6,6,1,30,6,-1,-1,-1,-1,-1,-1,0,-1
2023340WN5342,2023,340WN5342,2,9,0,2,2,0,0,0,0,0,0,0,0,0,3,1,6,6,2,35,6,-1,-1,-1,-1,9,E01027002,0,-1
2023111287380,2023,111287380,1,9,0,9,9,3,1,0,0,8,0,0,0,0,1,1,6,6,1,64,9,-1,-1,-1,-1,-1,-1,0,-1
2023041272468,2023,041272468,4,9,0,2,2,0,0,9,9,1,0,0,0,0,2,1,6,6,3,-1,-1,-1,-1,-1,-1,-1,-1,0,-1
2023010436683,2023,010436683,2,9,0,99,99,9,9,99,99,0,9,99,9,99,2,9,6,6,3,-1,-1,-1,-1,-1,-1,-1,-1,0,-1
2023610011123,2023,610011123,2,1,0,18,19,5,1,0,0,0,0,0,0,0,4,1,6,6,1,33,6,-1,-1,-1,-1,6,W01001492,0,-1
2023471309335,2023,471309335,2,1,0,18,19,8,4,0,0,8,0,0,0,0,3,1,6,6,1,54,8,-1,-1,-1,-1,6,E01031743,0,-1
2023332301172,2023,332301172,2,19,0,4,4,7,3,0,0,0,0,0,0,0,2,1,1,1,1,39,7,-1,-1,-1,-1,4,E01013614,0,-1
2023031339109,2023,031339109,1,9,0,18,19,2,6,0,0,1,0,0,0,0,1,1,6,6,2,-1,-1,-1,-1,-1,-1,-1,-1,0,-1
2023010430677,2023,010430677,2,4,0,17,19,7,3,0,0,3,0,0,0,0,2,1,1,1,1,41,7,-1,-1,-1,-1,2,E01003092,0,-1
2023010481465,2023,010481465,1,10,0,18,19,3,7,0,0,1,0,7,0,0,0,1,1,1,1,47,8,-1,-1,-1,-1,2,E01000603,0,-1
2023010446238,2023,010446238,2,1,0,18,19,6,2,9,9,1,5,0,0,0,1,1,2,2,1,27,6,-1,-1,-1,-1,1,E01002751,0,-1
2023010475169,2023,010475169,1,1,9,99,99,9,9,99,99,9,9,99,9,99,9,1,6,6,2,29,6,-1,-1,-1,-1,6,E01001951,0,-1
2023221357603,2023,221357603,2,1,0,18,19,7,3,0,0,8,0,0,0,0,1,1,5,6,1,33,6,-1,-1,-1,-1,7,E01028951,0,-1
2023522300942,2023,522300942,2,9,0,13,13,5,1,0,0,8,0,0,0,0,4,1,6,6,1,30,6,-1,-1,-1,-1,7,E01015582,0,-1
2023440021120,2023,440021120,1,9,0,17,19,8,4,0,0,0,1,10,1,3,1,1,6,6,2,39,7,-1,-1,-1,-1,7,E01022584,0,-1
2023010438249,2023,010438249,1,1,9,99,99,9,9,99,99,0,9,99,9,99,1,1,6,6,1,40,7,-1,-1,-1,-1,8,E01002892,0,-1
2023451375926,2023,451375926,1,1,0,18,19,5,1,0,0,0,1,0,0,0,3,1,5,6,1,55,8,-1,-1,-1,-1,8,E01003823,0,-1
2023061300933,2023,061300933,1,1,0,17,19,3,7,0,0,8,0,0,0,0,1,1,5,6,1,52,8,-1,-1,-1,-1,9,E01005747,0,-1
2023161354971,2023,161354971,1,1,0,7,7,3,5,0,0,6,0,0,0,0,1,1,6,6,2,34,6,-1,-1,-1,-1,-1,-1,0,-1
2023411311038,2023,411311038,2,1,0,18,19,6,2,0,0,1,0,10,0,0,3,1,5,6,1,51,8,-1,-1,-1,-1,7,E01033314,0,-1
2023061346580,2023,061346580,2,9,0,18,19,8,4,0,0,8,0,0,0,0,-1,1,6,6,3,-1,-1,-1,-1,-1,-1,-1,-1,0,-1
2023501311140,2023,501311140,2,1,0,18,19,7,3,0,0,1,0,0,0,0,1,1,5,6,1,54,8,-1,-1,-1,-1,6,E01015264,0,-1
2023061347136,2023,061347136,2,1,0,18,19,3,7,0,0,8,0,0,0,0,4,1,2,2,1,35,6,-1,-1,-1,-1,4,E01005084,0,-1
2023010439800,2023,010439800,2,9,0,99,99,9,9,99,99,9,9,99,9,99,1,9,6,6,3,-1,-1,-1,-1,-1,-1,-1,-1,0,-1
2023010440468,2023,010440468,2,-1,0,18,19,6,2,0,0,1,0,0,0,0,3,1,6,6,1,37,7,-1,-1,-1,-1,2,E01004615,1,-1
2023201461555,2023,201461555,2,-1,0,3,3,6,2,0,0,1,0,0,0,0,0,1,6,6,3,-1,-1,-1,-1,-1,-1,-1,-1,0,-1
2023501273271,2023,501273271,3,9,-1,-1,-1,-1,-1,-1,-1,0,-1,-1,-1,0,-1,1,6,6,1,63,9,-1,-1,-1,-1,8,E01020146,0,-1
2023071157190,2023,071157190,1,9,0,7,7,5,7,0,0,5,0,0,0,0,1,1,6,6,1,-1,-1,-1,-1,-1,-1,-1,-1,0,-1
2023520301368,2023,520301368,2,9,0,15,15,6,2,0,0,0,0,0,0,0,1,1,6,6,3,-1,-1,-1,-1,-1,-1,-1,-1,0,-1
2023461307304,2023,461307304,1,9,0,9,9,7,5,0,0,1,0,0,0,0,4,1,6,6,3,-1,-1,-1,-1,-1,-1,-1,-1,0,-1
2023201339233,2023,201339233,2,1,0,18,19,4,8,0,0,8,0,0,0,0,1,1,6,6,1,-1,-1,-1,-1,-1,-1,-1,-1,0,-1
2023122300411,2023,122300411,2,1,0,18,19,1,5,4,4,0,0,0,0,0,1,1,2,2,2,59,9,-1,-1,-1,-1,10,E01013402,0,-1
2023101316383,2023,101316383,1,97,0,18,19,1,5,0,0,2,0,0,0,0,1,1,6,6,3,-1,-1,-1,-1,-1,-1,-1,-1,0,-1
2023622300616,2023,622300616,2,1,0,5,5,2,6,0,0,1,0,0,0,0,1,1,6,6,1,25,5,-1,-1,-1,-1,2,W01001862,0,-1
2023520400992,2023,520400992,2,9,0,18,19,8,5,0,0,0,0,0,0,0,4,1,6,6,1,21,5,-1,-1,-1,-1,7,E01029139,0,-1
2023010423940,2023,010423940,2,8,0,5,5,1,5,0,0,0,0,0,0,0,1,1,6,6,3,-1,-1,-1,-1,-1,-1,-1,-1,0,-1
2023421321130,2023,421321130,3,9,0,2,2,0,0,0,0,0,0,0,0,0,2,1,6,6,3,-1,-1,-1,-1,-1,-1,-1,-1,0,-1
2023010434268,2023,010434268,1,1,9,99,99,9,9,99,99,9,9,99,9,99,1,1,6,6,1,17,4,-1,-1,-1,-1,2,E01000959,0,-1
2023101312406,2023,101312406,1,23,0,7,7,3,5,9,9,0,0,0,0,0,1,1,6,6,1,18,4,-1,-1,-1,-1,2,E01008575,0,-1
2023010467902,2023,010467902,2,9,0,99,99,9,9,99,99,0,9,99,9,99,9,9,6,6,3,-1,-1,-1,-1,-1,-1,-1,-1,0,-1
2023170H10383,2023,170H10383,1,9,0,3,3,3,7,0,0,0,0,0,0,0,1,1,6,6,2,63,9,-1,-1,-1,-1,4,E01020746,0,-1
2023371348132,2023,371348132,2,1,0,18,19,4,8,0,0,0,5,0,0,0,4,1,5,6,1,42,7,-1,-1,-1,-1,10,E01030104,0,-1
2023421366851,2023,421366851,2,23,0,9,9,8,5,0,0,2,0,0,0,0,3,1,2,2,1,56,9,-1,-1,-1,-1,7,E01022088,0,-1
2023622300546,2023,622300546,2,9,0,5,5,5,1,0,0,6,1,0,0,0,4,1,6,6,3,-1,-1,-1,-1,-1,-1,-1,-1,0,-1
2023010457992,2023,010457992,2,1,0,18,19,5,1,0,0,2,2,0,0,0,2,1,6,6,1,27,6,-1,-1,-1,-1,2,E01003980,0,-1
2023010485197,2023,010485197,1,1,0,5,5,5,1,0,0,0,0,0,0,0,1,1,1,1,1,25,5,-1,-1,-1,-1,2,E01004013,0,-1
2023401351642,2023,401351642,2,1,0,18,19,1,5,0,0,4,0,0,1,0,2,1,5,6,1,41,7,-1,-1,-1,-1,-1,-1,0,-1
2023010445157,2023,010445157,1,9,0,18,19,4,8,99,99,1,0,99,0,0,1,9,6,6,3,-1,-1,-1,-1,-1,-1,-1,-1,0,-1
2023010482238,2023,010482238,1,1,9,99,99,9,9,99,99,9,9,99,9,99,1,1,6,6,3,-1,-1,-1,-1,-1,-1,-1,-1,0,-1
2023010444090,2023,010444090,2,9,0,99,99,9,9,99,99,9,9,99,9,99,2,9,6,6,3,-1,-1,-1,-1,-1,-1,-1,-1,0,-1
2023421287042,2023,421287042,1,9,0,1,1,3,7,0,0,0,0,0,0,0,1,1,6,6,3,-1,-1,-1,-1,-1,-1,-1,-1,0,-1
2023211293301,2023,211293301,2,9,0,18,19,4,4,0,0,0,0,0,0,0,2,1,2,2,2,35,6,-1,-1,-1,-1,-1,-1,0,-1
2023010420458,2023,010420458,1,4,0,13,13,3,7,9,9,2,0,0,0,0,1,1,6,6,3,-1,-1,-1,-1,-1,-1,-1,-1,0,-1
2023401268479,2023,401268479,1,9,0,4,4,7,3,0,0,4,0,0,0,0,1,1,6,6,2,55,8,-1,-1,-1,-1,8,E01017583,0,-1
2023430128453,2023,430128453,1,20,0,1,1,3,7,0,0,6,0,0,0,0,0,1,1,1,1,45,7,-1,-1,-1,-1,-1,-1,0,-1
202354C135223,2023,54C135223,2,1,0,18,19,5,1,0,0,1,0,0,0,0,1,1,6,6,1,16,4,-1,-1,-1,-1,9,E01032707,0,-1
2023010477808,2023,010477808,2,1,0,5,5,7,3,0,0,1,0,0,0,0,1,1,2,2,1,39,7,-1,-1,-1,-1,3,E01003635,0,-1
2023471390082,2023,471390082,1,9,0,18,19,1,5,0,0,0,0,0,0,0,1,1,6,6,2,60,9,-1,-1,-1,-1,9,E01021028,0,-1
2023010428265,2023,010428265,2,1,0,18,19,7,3,0,0,3,0,0,0,0,1,1,1,1,1,47,8,-1,-1,-1,-1,6,E01003285,0,-1
2023361347575,2023,361347575,2,9,-1,18,19,-1,-1,0,0,0,0,0,0,0,0,1,6,6,3,-1,-1,-1,-1,-1,-1,-1,-1,0,-1
2023010423445,2023,010423445,1,1,9,99,99,9,9,99,99,9,9,99,9,99,1,1,6,6,2,48,8,-1,-1,-1,-1,9,E01004490,0,-1
2023320658123,2023,320658123,1,9,0,18,19,1,5,0,0,0,0,0,0,0,1,1,6,6,3,-1,-1,-1,-1,-1,-1,-1,-1,0,-1
2023430305184,2023,430305184,1,9,0,7,7,4,6,0,0,5,0,0,0,0,4,1,6,6,1,72,10,-1,-1,-1,-1,3,E01001177,0,-1
2023610047623,2023,610047623,1,19,0,18,19,1,5,0,0,0,0,0,0,0,2,1,6,6,1,49,8,-1,-1,-1,-1,1,W01001883,0,-1
2023440173863,2023,440173863,2,9,0,4,4,7,3,0,0,0,0,0,0,0,2,1,1,1,1,56,9,-1,-1,-1,-1,5,E01031526,0,-1
2023010445176,2023,010445176,2,1,0,18,19,3,7,4,4,8,0,0,0,0,1,1,2,2,1,37,7,-1,-1,-1,-1,2,E01004219,0,-1
2023010455468,2023,010455468,1,5,0,18,19,7,3,0,0,8,0,0,0,0,4,1,6,6,1,54,8,-1,-1,-1,-1,4,E01002324,0,-1
2023320591920,2023,320591920,2,9,0,2,2,0,0,0,0,0,0,0,0,0,3,1,6,6,3,-1,-1,-1,-1,-1,-1,-1,-1,0,-1
2023010445498,2023,010445498,2,1,0,4,4,3,7,0,0,0,0,0,0,0,1,1,6,6,1,64,9,-1,-1,-1,-1,7,E01003027,0,-1
2023010464533,2023,010464533,1,-1,9,99,99,9,9,9,9,9,0,99,9,99,9,1,6,6,3,-1,-1,-1,-1,-1,-1,-1,-1,1,-1
2023111377561,2023,111377561,1,9,0,18,19,6,2,0,0,0,0,0,0,0,4,1,6,6,1,30,6,-1,-1,-1,-1,-1,-1,0,-1
2023622300154,2023,622300154,2,5,0,18,19,1,5,0,0,3,0,0,0,0,1,1,6,6,1,44,7,-1,-1,-1,-1,4,W01001152,0,-1
202363D034823,2023,63D034823,2,19,4,2,2,0,0,0,0,0,0,0,0,0,0,1,6,6,1,30,6,-1,-1,-1,-1,-1,-1,0,-1
2023131293016,2023,131293016,2,1,0,18,19,1,5,0,0,1,0,0,0,0,1,1,5,6,1,49,8,-1,-1,-1,-1,1,E01033692,0,-1
2023471308793,2023,471308793,3,1,0,18,19,1,5,0,0,8,0,0,0,0,1,1,5,6,2,8,2,-1,-1,-1,-1,3,E01031789,0,-1
2023201416545,2023,201416545,2,9,0,18,19,3,7,0,0,8,0,0,0,0,1,1,6,6,1,48,8,-1,-1,-1,-1,1,E01009373,0,-1
2023041353067,2023,041353067,2,1,0,18,19,5,1,0,0,6,0,0,0,0,1,1,5,6,1,13,3,-1,-1,-1,-1,4,E01025567,0,-1
2023161261414,2023,161261414,2,1,0,18,19,7,3,4,4,0,0,10,0,0,3,1,6,6,1,69,10,-1,-1,-1,-1,6,E01026387,0,-1
2023141282903,2023,141282903,2,98,4,18,19,5,1,0,0,0,0,0,0,0,1,1,1,1,1,43,7,-1,-1,-1,-1,5,E01019791,0,-1
2023052302216,2023,052302216,1,9,0,1,1,3,7,0,0,0,0,0,0,0,2,1,6,6,1,-1,-1,-1,-1,-1,-1,-1,-1,0,-1
2023161324519,2023,161324519,1,2,0,18,19,8,4,0,0,8,0,0,0,0,4,1,6,6,2,16,4,-1,-1,-1,-1,3,E01013004,0,-1
2023010463609,2023,010463609,2,1,0,18,19,1,5,0,0,8,0,0,0,0,3,1,6,6,1,53,8,-1,-1,-1,-1,3,E01000090,0,-1
2023010445934,2023,010445934,1,1,9,99,99,9,9,4,4,9,9,99,9,99,1,1,6,6,1,32,6,-1,-1,-1,-1,3,E01004270,0,-1
2023440232333,2023,440232333,1,1,0,9,9,1,7,0,0,8,0,0,0,0,3,1,6,6,2,66,10,-1,-1,-1,-1,10,E01022745,0,-1
2023522301781,2023,522301781,1,1,0,18,19,7,3,4,4,8,0,0,0,0,4,1,6,6,1,26,6,-1,-1,-1,-1,2,E01014629,0,-1
2023991281505,2023,991281505,1,9,0,5,5,5,3,0,0,2,0,0,0,0,3,1,6,6,1,34,6,-1,-1,-1,-1,3,-1,0,-1
2023211306936,2023,211306936,1,1,-1,-1,-1,2,6,-1,-1,0,-1,-1,-1,0,-1,1,6,6,1,-1,-1,-1,-1,-1,-1,-1,-1,0,-1
2023371343763,2023,371343763,1,1,0,18,19,7,3,0,0,1,0,0,0,0,3,1,5,6,1,10,2,-1,-1,-1,-1,2,E01029996,0,-1
2023421323162,2023,421323162,1,-1,0,-1,-1,-1,-1,9,9,0,0,0,0,0,0,1,6,6,2,29,6,-1,-1,-1,-1,-1,-1,1,-1
2023440348411,2023,440348411,1,1,0,18,19,1,5,0,0,8,0,0,0,0,2,1,6,6,1,56,9,-1,-1,-1,-1,7,E01023074,0,-1
2023201461702,2023,201461702,1,9,0,9,9,6,3,0,0,5,0,10,1,11,1,1,6,6,1,34,6,-1,-1,-1,-1,4,E01009871,0,-1
2023122300149,2023,122300149,2,1,0,2,2,0,0,0,0,1,0,0,0,0,1,1,2,2,2,55,8,-1,-1,-1,-1,10,E01013420,0,-1
2023010443924,2023,010443924,2,1,0,18,19,1,5,0,0,0,2,0,0,0,3,1,6,6,1,28,6,-1,-1,-1,-1,-1,-1,0,-1
2023010452548,2023,010452548,2,9,0,99,99,9,9,99,99,9,9,99,9,99,1,9,6,6,2,-1,-1,-1,-1,-1,-1,-1,-1,0,-1
2023052302566,2023,052302566,2,97,0,18,19,5,1,0,0,1,0,0,0,0,1,1,6,6,1,29,6,-1,-1,-1,-1,3,E01018534,0,-1
2023161293559,2023,161293559,1,9,0,5,5,7,1,4,4,2,0,0,0,0,4,1,6,6,3,-1,-1,-1,-1,-1,-1,-1,-1,0,-1
2023041335834,2023,041335834,1,9,0,18,19,5,1,0,0,1,0,0,0,0,1,1,6,6,3,-1,-1,-1,-1,-1,-1,-1,-1,0,-1
2023010426235,2023,010426235,1,9,0,5,5,5,1,0,0,6,0,0,0,0,2,1,2,2,1,57,9,-1,-1,-1,-1,8,E01000679,0,-1
2023991378271,2023,991378271,2,17,0,2,2,2,6,0,0,0,0,0,0,0,2,1,1,1,1,18,4,-1,-1,-1,-1,4,-1,0,-1
2023010448223,2023,010448223,2,9,0,18,19,7,3,0,0,0,0,0,0,0,1,1,6,6,1,24,5,-1,-1,-1,-1,2,E01004007,0,-1
2023332300009,2023,332300009,2,1,0,18,19,5,1,0,0,1,0,0,0,0,1,1,6,6,1,54,8,-1,-1,-1,-1,3,E01013732,0,-1
2023211425181,2023,211425181,2,9,0,5,5,3,5,0,0,8,0,0,0,0,1,1,6,6,3,20,4,-1,-1,-1,-1,-1,-1,0,-1
2023010422525,2023,010422525,2,9,0,99,99,9,9,99,99,9,9,99,9,99,2,9,6,6,3,-1,-1,-1,-1,-1,-1,-1,-1,0,-1
2023531303233,2023,531303233,1,1,0,18,19,2,6,0,0,6,0,0,0,0,1,1,5,6,1,15,3,-1,-1,-1,-1,6,E01022271,0,-1
2023991293588,2023,991293588,2,1,0,18,19,6,1,0,0,8,0,0,0,0,3,1,5,6,2,45,7,-1,-1,-1,-1,9,-1,0,-1
2023010441683,2023,010441683,1,9,0,18,19,2,6,0,0,1,0,0,0,0,1,1,6,6,3,-1,-1,-1,-1,-1,-1,-1,-1,0,-1
2023141332027,2023,141332027,2,1,0,18,19,1,5,0,0,0,2,0,0,0,3,1,6,6,1,22,5,-1,-1,-1,-1,6,E01027923,0,-1
2023522324835,2023,522324835,2,97,0,18,19,4,8,0,0,0,0,0,0,0,1,1,6,6,1,-1,-1,-1,-1,-1,-1,10,E01032675,0,-1
2023131394307,2023,131394307,2,1,0,18,19,8,4,9,9,0,0,0,0,0,1,1,6,6,1,29,6,-1,-1,-1,-1,7,E01011942,0,-1
2023010434587,2023,010434587,1,90,9,99,99,9,9,99,99,9,9,99,9,99,9,9,6,6,3,-1,-1,-1,-1,-1,-1,-1,-1,0,-1
2023610038623,2023,610038623,2,90,0,18,19,3,7,0,0,6,0,0,0,0,4,1,6,6,2,7,2,-1,-1,-1,-1,8,W01001677,0,-1
2023471299686,2023,471299686,2,1,0,18,19,3,7,5,5,1,0,0,0,0,1,1,6,6,1,-1,-1,-1,-1,-1,-1,-1,-1,0,-1
2023430456292,2023,430456292,2,1,0,18,19,6,2,0,0,8,0,0,0,0,1,1,4,7,2,12,3,-1,-1,-1,-1,-1,-1,0,-1
2023201300927,2023,201300927,2,9,0,18,19,2,3,0,0,2,0,0,0,0,2,1,6,6,3,-1,-1,-1,-1,-1,-1,-1,-1,0,-1
2023320735916,2023,320735916,1,9,0,18,19,1,5,0,0,0,0,0,0,0,4,1,6,6,3,-1,-1,-1,-1,-1,-1,-1,-1,0,-1
2023201377274,2023,201377274,3,9,0,4,4,0,0,0,0,0,0,0,0,0,0,1,6,6,3,-1,-1,-1,-1,-1,-1,-1,-1,0,-1
2023522324641,2023,522324641,2,9,0,18,19,1,5,0,0,1,0,0,0,0,1,1,6,6,3,-1,-1,-1,-1,-1,-1,-1,-1,0,-1
2023141359030,2023,141359030,2,9,0,17,19,5,1,0,0,0,5,0,1,11,1,1,1,1,1,33,6,-1,-1,-1,-1,4,E01005957,0,-1
2023010460735,2023,010460735,2,9,0,99,99,9,9,99,99,9,9,99,9,99,0,9,6,6,3,-1,-1,-1,-1,-1,-1,-1,-1,0,-1
2023010422319,2023,010422319,1,1,9,99,99,9,9,99,99,9,9,99,9,99,9,1,2,2,1,32,6,-1,-1,-1,-1,4,E01002063,0,-1
2023332301127,2023,332301127,2,1,0,18,19,6,2,0,0,6,0,0,0,0,1,1,6,6,2,28,6,-1,-1,-1,-1,4,E01013696,0,-1
2023311344951,2023,311344951,1,1,0,18,19,5,1,0,0,0,0,0,0,0,0,1,5,6,1,19,4,-1,-1,-1,-1,3,E01027991,0,-1
2023411374782,2023,411374782,1,90,0,18,19,2,6,5,5,0,0,0,0,0,1,1,6,6,1,50,8,-1,-1,-1,-1,6,E01023927,0,-1
2023010479779,2023,010479779,1,1,9,99,99,9,9,99,99,9,9,99,9,99,9,1,6,6,1,15,3,-1,-1,-1,-1,2,E01000482,0,-1
2023411311057,2023,411311057,1,11,0,18,19,-1,-1,0,0,8,0,0,0,0,1,1,1,1,3,-1,-1,-1,-1,-1,-1,-1,-1,0,-1
2023010422352,2023,010422352,1,9,9,99,99,9,9,99,99,9,9,99,9,99,9,9,6,6,3,-1,-1,-1,-1,-1,-1,-1,-1,0,-1
2023010468000,2023,010468000,1,9,0,99,99,9,9,99,99,9,9,99,9,99,2,9,6,6,2,50,8,-1,-1,-1,-1,5,E01004616,0,-1
2023471375088,2023,471375088,2,9,0,3,3,6,2,0,0,7,0,0,0,0,2,1,1,1,1,44,7,-1,-1,-1,-1,3,E01021044,0,-1
2023052301814,2023,052301814,1,9,0,18,19,5,1,0,0,0,0,0,0,0,1,1,6,6,3,-1,-1,-1,-1,-1,-1,-1,-1,0,-1
2023522400303,2023,522400303,1,1,0,18,19,6,2,0,0,8,0,0,0,0,4,1,6,6,1,40,7,-1,-1,-1,-1,1,E01014585,0,-1
2023010446577,2023,010446577,1,1,9,99,99,9,9,99,99,9,9,99,9,99,1,1,6,6,1,25,5,-1,-1,-1,-1,5,E01004052,0,-1
2023430375655,2023,430375655,3,19,0,18,19,1,5,0,0,0,0,0,0,0,0,1,6,6,1,30,6,-1,-1,-1,-1,-1,-1,0,-1
2023461295608,2023,461295608,1,9,0,6,6,6,4,0,0,0,0,0,0,0,1,1,6,6,2,17,4,-1,-1,-1,-1,5,E01024503,0,-1
2023302300456,2023,302300456,4,1,0,18,19,6,2,0,0,2,0,0,0,0,0,1,6,6,3,-1,-1,-1,-1,-1,-1,5,E01019456,0,-1
2023332301021,2023,332301021,1,9,0,18,19,2,6,0,0,8,0,0,5,1,1,1,6,6,1,65,9,-1,-1,-1,-1,7,E01025627,0,-1
2023061352512,2023,061352512,2,1,0,18,19,8,4,0,0,8,0,0,0,0,4,1,6,6,1,19,4,-1,-1,-1,-1,-1,-1,0,-1
2023010426759,2023,010426759,1,1,0,9,9,1,7,0,0,3,0,0,0,0,0,1,6,6,2,58,9,-1,-1,-1,-1,7,E01002578,0,-1
2023461270495,2023,461270495,3,9,0,18,19,7,3,0,0,0,0,0,0,0,1,1,6,6,2,44,7,-1,-1,-1,-1,7,E01024578,0,-1
2023471361745,2023,471361745,2,1,0,9,9,7,5,0,0,8,0,0,0,0,1,1,5,6,1,73,10,-1,-1,-1,-1,9,E01031422,0,-1
2023201365717,2023,201365717,1,-1,0,14,14,6,2,0,0,0,0,0,0,0,1,1,6,6,1,-1,-1,-1,-1,-1,-1,-1,-1,1,-1
2023161394288,2023,161394288,2,1,0,9,9,7,5,0,0,6,0,0,0,0,4,1,6,6,1,40,7,-1,-1,-1,-1,1,E01012867,0,-1
2023010446520,2023,010446520,1,1,9,99,99,9,9,99,99,9,9,99,9,99,9,1,6,6,1,26,6,-1,-1,-1,-1,3,E01003122,0,-1
2023010483799,2023,010483799,2,1,0,18,19,1,5,4,4,1,0,0,0,0,1,1,6,6,1,42,7,-1,-1,-1,-1,2,E01004327,0,-1
2023010440974,2023,010440974,2,1,0,18,19,1,5,0,0,1,0,0,0,0,4,1,6,6,1,49,8,-1,-1,-1,-1,1,E01004005,0,-1
2023010471752,2023,010471752,1,1,9,99,99,9,9,99,99,9,9,99,9,99,9,1,6,6,1,42,7,-1,-1,-1,-1,7,E01001583,0,-1
2023421371963,2023,421371963,1,9,0,5,5,3,7,0,0,6,0,0,0,0,1,1,6,6,2,-1,-1,-1,-1,-1,-1,-1,-1,0,-1
2023610025223,2023,610025223,2,1,0,2,2,0,0,0,0,0,0,0,0,0,4,1,6,6,1,14,3,-1,-1,-1,-1,6,W01001372,0,-1
2023101358218,2023,101358218,1,9,-1,18,19,3,3,0,0,0,0,0,0,0,-1,1,6,6,1,-1,-1,-1,-1,-1,-1,-1,-1,0,-1
2023471305901,2023,471305901,2,1,0,18,19,2,6,4,4,1,0,0,0,0,1,1,2,2,1,23,5,-1,-1,-1,-1,8,E01031399,0,-1
2023201453344,2023,201453344,2,1,0,18,19,4,8,0,0,8,0,0,0,0,1,1,2,2,1,52,8,-1,-1,-1,-1,-1,-1,0,-1
2023131379688,2023,131379688,1,9,0,18,19,8,4,0,0,8,0,0,0,0,1,1,6,6,3,-1,-1,-1,-1,-1,-1,-1,-1,0,-1