collision_index,collision_year,collision_ref_no,vehicle_reference,vehicle_type,towing_and_articulation,vehicle_manoeuvre_historic,vehicle_manoeuvre,vehicle_direction_from,vehicle_direction_to,vehicle_location_restricted_lane_historic,vehicle_location_restricted_lane,junction_location,skidding_and_overturning,hit_object_in_carriageway,vehicle_leaving_carriageway,hit_object_off_carriageway,first_point_of_impact,vehicle_left_hand_drive,journey_purpose_of_driver_historic,journey_purpose_of_driver,sex_of_driver,age_of_driver,age_band_of_driver,engine_capacity_cc,propulsion_code,age_of_vehicle,generic_make_model,driver_imd_decile,lsoa_of_driver,escooter_flag,driver_distance_banding
2023401306213,2023,401306213,2,1,0,18,19,7,3,0,0,0,0,0,0,0,3,1,6,6,2,14,3,-1,-1,-1,-1,5,E01017569,0,-1
2023131389001,2023,131389001,1,9,0,-1,-1,-1,-1,-1,-1,0,-1,-1,-1,-1,-1,1,6,6,3,-1,-1,-1,-1,-1,-1,-1,-1,0,-1
2023010485375,2023,010485375,2,9,0,7,7,8,3,0,0,6,0,0,0,0,4,1,6,6,3,-1,-1,-1,-1,-1,-1,-1,-1,0,-1
2023010467750,2023,010467750,1,1,9,99,99,9,9,99,99,9,9,99,9,99,2,1,6,6,1,29,6,-1,-1,-1,-1,6,E01001741,0,-1
2023340WN1292,2023,340WN1292,1,90,0,18,19,4,8,0,0,1,0,0,0,0,0,1,6,6,3,-1,-1,-1,-1,-1,-1,-1,-1,0,-1
2023041281506,2023,041281506,1,9,0,18,19,-1,-1,0,0,0,0,0,0,0,1,1,6,6,3,-1,-1,-1,-1,-1,-1,-1,-1,0,-1
2023201286017,2023,201286017,1,1,0,18,19,3,7,0,0,0,0,0,0,0,4,1,6,6,1,-1,-1,-1,-1,-1,-1,2,E01010521,0,-1
2023430473601,2023,430473601,3,9,0,18,19,4,8,0,0,4,0,0,0,0,0,1,6,6,3,-1,-1,-1,-1,-1,-1,-1,-1,0,-1
2023010443318,2023,010443318,1,9,0,9,9,1,6,0,0,1,1,0,0,0,1,1,6,6,1,77,11,-1,-1,-1,-1,7,E01004505,0,-1
2023401382757,2023,401382757,2,9,0,3,3,3,7,0,0,0,0,0,0,0,2,1,5,6,1,41,7,-1,-1,-1,-1,4,E01008451,0,-1
2023461301002,2023,461301002,2,1,0,18,19,3,7,0,0,1,0,0,0,0,1,1,6,6,1,15,3,-1,-1,-1,-1,8,E01024514,0,-1
2023010486966,2023,010486966,1,1,9,99,99,9,9,99,99,9,9,99,9,99,9,1,6,6,1,-1,-1,-1,-1,-1,-1,-1,-1,0,-1
2023461273098,2023,461273098,2,9,0,18,19,3,7,0,0,0,0,0,0,0,2,1,6,6,1,47,8,-1,-1,-1,-1,2,E01020838,0,-1
2023010439135,2023,010439135,2,9,0,99,99,9,9,99,99,0,9,99,9,99,9,9,6,6,3,81,11,-1,-1,-1,-1,7,E01001026,0,-1
2023061290165,2023,061290165,2,1,0,18,19,4,8,0,0,1,2,0,0,0,1,1,5,6,1,26,6,-1,-1,-1,-1,-1,-1,0,-1
2023361392446,2023,361392446,2,9,0,9,9,3,6,0,0,4,0,0,0,0,1,1,5,6,1,54,8,-1,-1,-1,-1,8,E01026946,0,-1
2023010443578,2023,010443578,1,9,0,99,99,9,9,99,99,9,9,99,9,99,1,1,6,6,3,-1,-1,-1,-1,-1,-1,-1,-1,0,-1
2023501304347,2023,501304347,1,1,0,18,19,7,3,0,0,1,0,0,0,0,1,1,6,6,1,-1,-1,-1,-1,-1,-1,-1,-1,0,-1
2023401349024,2023,401349024,2,9,0,4,4,2,6,0,0,1,0,0,0,0,1,1,6,6,3,-1,-1,-1,-1,-1,-1,-1,-1,0,-1
2023041387156,2023,041387156,2,1,0,18,19,1,5,0,0,1,0,0,0,0,3,1,6,6,2,63,9,-1,-1,-1,-1,10,E01025328,0,-1
2023991391175,2023,991391175,2,1,0,18,19,8,4,0,0,8,0,0,0,0,4,1,2,2,1,28,6,-1,-1,-1,-1,9,-1,0,-1
2023010459077,2023,010459077,2,9,0,16,19,7,3,0,0,0,0,0,0,0,1,1,1,1,1,50,8,-1,-1,-1,-1,3,E01001546,0,-1
2023361297241,2023,361297241,2,1,0,18,19,1,5,0,0,8,0,0,0,0,1,1,5,6,1,49,8,-1,-1,-1,-1,3,E01026696,0,-1
2023332300070,2023,332300070,2,9,0,4,4,6,2,0,0,0,0,0,1,0,2,1,1,1,1,51,8,-1,-1,-1,-1,5,E01008888,0,-1
2023010433318,2023,010433318,1,8,0,99,99,9,9,0,0,1,0,0,0,0,9,9,6,6,3,-1,-1,-1,-1,-1,-1,-1,-1,0,-1
2023010448193,2023,010448193,1,1,9,99,99,9,9,99,99,9,9,99,9,99,1,1,6,6,3,-1,-1,-1,-1,-1,-1,4,E01000608,0,-1
202354B718923,2023,54B718923,1,9,0,18,19,1,5,0,0,0,0,0,0,0,3,1,6,6,1,-1,-1,-1,-1,-1,-1,-1,-1,0,-1
2023141289983,2023,141289983,2,1,0,18,19,5,1,0,0,0,0,0,0,0,1,1,6,6,1,-1,-1,-1,-1,-1,-1,9,E01007862,0,-1
2023522400895,2023,522400895,2,1,0,18,19,1,5,0,0,0,0,0,0,0,1,1,6,6,1,37,7,-1,-1,-1,-1,1,E01014829,0,-1
2023010459545,2023,010459545,1,1,0,10,10,8,6,0,0,2,0,0,0,0,2,1,6,6,2,36,7,-1,-1,-1,-1,2,E01002810,0,-1
2023991340175,2023,991340175,2,9,0,17,19,8,5,0,0,0,0,0,0,0,1,1,5,6,1,50,8,-1,-1,-1,-1,1,-1,0,-1
2023131348518,2023,131348518,2,9,0,-1,-1,-1,-1,0,0,1,-1,-1,-1,-1,-1,1,6,6,3,25,5,-1,-1,-1,-1,-1,-1,0,-1
2023401320636,2023,401320636,2,1,0,18,19,7,3,9,9,5,0,0,2,0,1,1,2,2,2,62,9,-1,-1,-1,-1,8,E01017461,0,-1
2023010479969,2023,010479969,1,9,0,9,9,7,5,0,0,1,0,0,1,0,1,1,6,6,3,-1,-1,-1,-1,-1,-1,-1,-1,0,-1
2023010476991,2023,010476991,1,9,0,9,9,5,2,0,0,2,0,0,0,0,3,1,2,2,1,24,5,-1,-1,-1,-1,10,E01002208,0,-1
2023010419223,2023,010419223,2,9,0,17,19,2,6,0,0,1,0,0,0,0,2,1,6,6,3,-1,-1,-1,-1,-1,-1,-1,-1,0,-1
2023221374266,2023,221374266,2,1,0,18,19,3,7,0,0,1,0,0,0,0,2,1,2,2,1,45,7,-1,-1,-1,-1,5,E01014088,0,-1
2023010424443,2023,010424443,1,1,0,18,19,1,5,0,0,0,0,0,0,0,0,1,6,6,2,28,6,-1,-1,-1,-1,3,E01002400,0,-1
2023131298553,2023,131298553,2,9,0,18,19,6,2,0,0,0,0,0,0,0,2,1,5,6,1,48,8,-1,-1,-1,-1,10,E01027704,0,-1
2023071049996,2023,071049996,2,9,0,18,19,1,5,0,0,1,0,0,0,0,2,2,6,6,1,31,6,-1,-1,-1,-1,-1,-1,0,-1
2023141360965,2023,141360965,2,9,0,5,5,8,1,0,0,4,0,0,1,0,3,1,2,2,2,47,8,-1,-1,-1,-1,6,E01007471,0,-1
2023010456731,2023,010456731,1,1,9,99,99,9,9,99,99,0,9,99,9,99,1,1,6,6,3,-1,-1,-1,-1,-1,-1,-1,-1,0,-1
2023010468070,2023,010468070,2,19,9,99,99,9,9,99,99,9,9,99,9,99,9,9,6,6,3,-1,-1,-1,-1,-1,-1,-1,-1,0,-1
2023010465512,2023,010465512,2,1,0,18,19,3,7,0,0,1,0,4,0,0,1,1,6,6,1,36,7,-1,-1,-1,-1,-1,-1,0,-1
2023061300107,2023,061300107,2,1,0,18,19,2,6,0,0,0,0,0,0,0,0,1,5,6,2,53,8,-1,-1,-1,-1,1,E01005314,0,-1
2023010453826,2023,010453826,1,1,9,99,99,9,9,99,99,9,9,99,9,99,9,1,1,1,1,28,6,-1,-1,-1,-1,2,E01003619,0,-1
2023201391677,2023,201391677,2,1,0,18,19,3,7,0,0,2,0,0,0,0,1,1,6,6,1,25,5,-1,-1,-1,-1,6,E01032480,0,-1
2023451389059,2023,451389059,1,9,0,18,19,1,1,0,0,0,0,0,0,0,1,1,6,6,1,17,4,-1,-1,-1,-1,5,E01030946,0,-1
2023061267810,2023,061267810,2,1,0,18,19,1,5,0,0,8,5,0,0,0,3,1,5,6,1,13,3,-1,-1,-1,-1,2,E01005974,0,-1
2023302300200,2023,302300200,1,9,0,18,19,6,8,0,0,1,0,0,0,0,1,1,6,6,3,-1,-1,-1,-1,-1,-1,5,E01019456,0,-1
2023131319405,2023,131319405,1,9,0,-1,-1,-1,-1,-1,-1,0,-1,-1,-1,-1,-1,1,6,6,3,-1,-1,-1,-1,-1,-1,-1,-1,0,-1
2023131347358,2023,131347358,2,1,0,15,15,5,1,4,4,0,0,0,0,0,4,1,5,6,1,17,4,-1,-1,-1,-1,1,E01010616,0,-1
2023010481195,2023,010481195,1,1,9,99,99,9,9,99,99,9,9,99,9,99,1,1,2,2,2,31,6,-1,-1,-1,-1,2,E01001776,0,-1
2023440319580,2023,440319580,1,9,0,2,2,0,0,0,0,0,0,0,0,0,3,1,6,6,3,-1,-1,-1,-1,-1,-1,-1,-1,0,-1
2023430121485,2023,430121485,3,1,0,18,19,4,8,0,0,1,0,0,0,0,1,1,6,6,1,25,5,-1,-1,-1,-1,-1,-1,0,-1
2023010442787,2023,010442787,2,22,0,3,3,5,1,9,9,0,0,0,0,0,1,1,6,6,1,92,11,-1,-1,-1,-1,6,E01003227,0,-1
2023411403721,2023,411403721,2,9,0,18,19,7,3,0,0,0,0,0,0,0,0,1,6,6,3,-1,-1,-1,-1,-1,-1,-1,-1,0,-1
2023010486623,2023,010486623,2,19,0,1,1,1,5,0,0,8,0,4,0,0,2,1,6,6,3,-1,-1,-1,-1,-1,-1,-1,-1,0,-1
2023010469830,2023,010469830,2,1,0,18,19,8,4,0,0,8,0,0,0,0,3,1,2,2,1,40,7,-1,-1,-1,-1,4,E01000472,0,-1
2023052302247,2023,052302247,1,9,0,1,1,1,5,0,0,0,0,0,0,0,2,1,6,6,3,-1,-1,-1,-1,-1,-1,-1,-1,0,-1
2023131305458,2023,131305458,2,21,0,12,12,2,1,0,0,1,0,0,0,0,3,2,1,1,1,34,6,-1,-1,-1,-1,-1,-1,0,-1
2023010450923,2023,010450923,2,-1,0,18,19,3,7,0,0,1,0,0,0,0,4,1,2,2,1,30,6,-1,-1,-1,-1,1,E01004236,1,-1
2023430193019,2023,430193019,2,9,0,18,19,5,1,0,0,0,0,0,0,0,1,1,6,6,1,-1,-1,-1,-1,-1,-1,-1,-1,0,-1
2023070033336,2023,070033336,1,98,0,3,3,8,5,0,0,1,0,0,0,0,1,1,6,6,3,-1,-1,-1,-1,-1,-1,-1,-1,0,-1
2023320068801,2023,320068801,1,9,0,13,13,2,6,0,0,0,0,0,0,0,0,1,6,6,3,-1,-1,-1,-1,-1,-1,-1,-1,0,-1
2023531390929,2023,531390929,2,22,0,5,5,2,4,0,0,1,0,0,0,0,3,1,6,6,2,67,10,-1,-1,-1,-1,2,E01022238,0,-1
2023170M21513,2023,170M21513,2,2,0,18,19,5,8,0,0,1,0,0,0,0,1,1,6,6,1,15,3,-1,-1,-1,-1,1,E01012088,0,-1
2023010454114,2023,010454114,2,1,0,5,5,5,1,4,4,1,0,0,2,10,1,1,1,1,1,48,8,-1,-1,-1,-1,3,E01003819,0,-1
2023991321613,2023,991321613,2,98,0,2,2,0,0,0,0,0,0,0,0,0,3,1,6,6,3,-1,-1,-1,-1,-1,-1,-1,-1,0,-1
2023401284509,2023,401284509,1,9,0,7,7,-1,-1,0,0,3,0,0,0,0,1,1,6,6,3,-1,-1,-1,-1,-1,-1,-1,-1,0,-1
2023161262702,2023,161262702,2,9,0,4,4,5,1,0,0,1,0,0,0,0,2,1,1,1,2,35,6,-1,-1,-1,-1,8,E01013065,0,-1
2023302300997,2023,302300997,2,5,0,16,19,8,3,0,0,1,0,0,0,0,1,1,6,6,1,62,9,-1,-1,-1,-1,-1,-1,0,-1
2023440104667,2023,440104667,2,9,0,9,9,5,2,0,0,8,0,0,0,0,1,1,6,6,3,-1,-1,-1,-1,-1,-1,-1,-1,0,-1
2023991369155,2023,991369155,2,1,0,5,5,6,2,9,9,0,0,0,0,0,3,1,5,6,1,8,2,-1,-1,-1,-1,-1,-1,0,-1
2023430105848,2023,430105848,1,9,0,18,19,4,8,0,0,1,0,0,0,0,1,1,6,6,2,29,6,-1,-1,-1,-1,-1,-1,0,-1
2023052300433,2023,052300433,2,1,0,18,19,3,7,0,0,1,0,0,0,0,1,1,6,6,1,-1,-1,-1,-1,-1,-1,-1,-1,0,-1
2023320363134,2023,320363134,1,9,0,18,19,5,1,9,9,0,0,0,0,0,1,1,6,6,3,-1,-1,-1,-1,-1,-1,-1,-1,0,-1
2023522400658,2023,522400658,2,99,0,18,19,6,2,0,0,0,0,8,0,0,1,1,6,6,3,-1,-1,-1,-1,-1,-1,-1,-1,0,-1
2023340WN4092,2023,340WN4092,1,9,0,18,19,5,1,0,0,0,0,0,0,0,3,1,6,6,1,30,6,-1,-1,-1,-1,8,E01027304,0,-1
2023010468639,2023,010468639,3,9,0,99,99,9,9,99,99,9,9,99,9,99,1,9,6,6,3,-1,-1,-1,-1,-1,-1,-1,-1,0,-1
2023131362126,2023,131362126,2,1,0,18,19,7,4,4,4,8,0,0,0,0,1,1,6,6,1,58,9,-1,-1,-1,-1,2,E01011282,0,-1
2023332301059,2023,332301059,2,1,0,18,19,1,5,9,9,8,0,0,0,0,1,1,6,6,1,14,3,-1,-1,-1,-1,7,E01025946,0,-1
2023351272899,2023,351272899,3,9,0,18,19,5,1,0,0,0,0,0,0,0,3,1,5,6,2,26,6,-1,-1,-1,-1,4,E01033037,0,-1
2023010448551,2023,010448551,2,1,0,18,19,1,5,0,0,1,0,0,0,0,1,1,1,1,1,18,4,-1,-1,-1,-1,4,E01001216,0,-1
2023010429774,2023,010429774,2,9,0,99,99,9,9,99,99,9,9,99,9,99,1,9,6,6,3,-1,-1,-1,-1,-1,-1,-1,-1,0,-1
2023401305385,2023,401305385,2,1,0,18,19,3,8,0,0,1,0,0,0,0,1,1,6,6,2,43,7,-1,-1,-1,-1,3,E01017522,0,-1
2023461348867,2023,461348867,1,9,0,13,13,7,3,0,0,0,0,0,0,0,2,1,5,6,2,48,8,-1,-1,-1,-1,4,E01024029,0,-1
2023131386155,2023,131386155,4,9,0,9,9,5,3,0,0,0,0,0,0,0,-1,1,6,6,3,-1,-1,-1,-1,-1,-1,-1,-1,0,-1
2023061310336,2023,061310336,1,98,-1,-1,-1,-1,-1,-1,-1,0,-1,-1,-1,0,-1,1,6,6,1,-1,-1,-1,-1,-1,-1,-1,-1,0,-1
2023010477145,2023,010477145,2,9,0,99,99,9,9,99,99,6,9,99,9,99,9,9,6,6,3,-1,-1,-1,-1,-1,-1,-1,-1,0,-1
2023010423890,2023,010423890,1,1,9,99,99,9,9,99,99,9,9,99,9,99,9,1,2,2,1,42,7,-1,-1,-1,-1,7,E01033093,0,-1
2023320053972,2023,320053972,1,9,0,18,19,6,2,0,0,0,0,0,0,0,4,1,6,6,3,-1,-1,-1,-1,-1,-1,-1,-1,0,-1
2023010420260,2023,010420260,1,1,9,99,99,9,9,99,99,0,9,99,9,99,9,1,4,7,2,16,4,-1,-1,-1,-1,4,E01001739,0,-1
2023201270662,2023,201270662,1,-1,0,7,7,4,6,0,0,5,0,0,0,0,1,1,6,6,3,-1,-1,-1,-1,-1,-1,-1,-1,0,-1
2023471316875,2023,471316875,2,1,0,18,19,1,5,0,0,1,0,0,0,0,1,1,5,6,2,41,7,-1,-1,-1,-1,2,E01016969,0,-1
2023010477161,2023,010477161,4,9,0,18,19,3,7,0,0,0,0,10,5,6,2,1,6,6,1,36,7,-1,-1,-1,-1,9,E01002275,0,-1
2023340WN5442,2023,340WN5442,1,9,0,18,19,1,5,0,0,4,0,0,0,0,1,1,6,6,3,-1,-1,-1,-1,-1,-1,-1,-1,0,-1
2023010421558,2023,010421558,2,1,9,99,99,9,9,99,99,9,9,99,9,99,0,1,6,6,1,-1,-1,-1,-1,-1,-1,-1,-1,0,-1
2023421275788,2023,421275788,1,9,0,18,19,7,3,0,0,0,0,0,0,0,1,1,6,6,3,99,11,-1,-1,-1,-1,-1,-1,0,-1
2023231377720,2023,231377720,2,1,0,18,19,3,7,0,0,4,0,0,0,0,1,1,2,2,2,57,9,-1,-1,-1,-1,1,E01031273,0,-1
2023221315361,2023,221315361,1,19,0,1,1,3,7,0,0,0,0,4,0,0,2,1,5,6,1,33,6,-1,-1,-1,-1,3,E01032292,0,-1
2023010421873,2023,010421873,2,9,9,2,2,0,0,99,99,9,0,99,9,99,3,9,6,6,3,-1,-1,-1,-1,-1,-1,-1,-1,0,-1
2023170S11793,2023,170S11793,1,9,0,18,19,3,7,0,0,0,0,0,0,0,1,1,6,6,1,-1,-1,-1,-1,-1,-1,-1,-1,0,-1
2023010439000,2023,010439000,2,1,0,5,5,5,1,0,0,0,0,0,0,0,1,1,6,6,1,50,8,-1,-1,-1,-1,4,E01003062,0,-1
2023122301424,2023,122301424,2,9,0,13,13,2,6,0,0,1,0,0,0,0,3,1,6,6,2,19,4,-1,-1,-1,-1,9,E01027921,0,-1
2023461293247,2023,461293247,1,9,0,11,11,7,3,0,0,0,1,0,1,0,1,1,6,6,1,33,6,-1,-1,-1,-1,2,E01004011,0,-1
2023421317033,2023,421317033,1,98,0,5,5,1,4,0,0,0,0,0,0,0,0,1,6,6,3,-1,-1,-1,-1,-1,-1,-1,-1,0,-1
2023531347936,2023,531347936,1,1,0,16,19,5,1,0,0,0,1,11,0,0,3,1,5,6,1,58,9,-1,-1,-1,-1,-1,-1,0,-1
2023461379750,2023,461379750,1,9,0,18,19,7,3,0,0,1,0,0,0,0,0,1,6,6,1,-1,-1,-1,-1,-1,-1,-1,-1,0,-1
2023371281764,2023,371281764,2,1,0,18,19,1,5,0,0,1,0,0,0,0,1,1,2,2,1,34,6,-1,-1,-1,-1,6,E01032612,0,-1
2023622300959,2023,622300959,1,1,0,7,7,4,6,0,0,2,0,0,0,0,3,1,1,1,1,24,5,-1,-1,-1,-1,8,W01001725,0,-1
2023041304065,2023,041304065,2,9,0,9,9,5,1,0,0,8,0,0,0,0,-1,1,6,6,3,-1,-1,-1,-1,-1,-1,-1,-1,0,-1
2023061343679,2023,061343679,1,23,0,18,19,1,5,0,0,4,5,0,0,0,3,1,5,6,1,43,7,-1,-1,-1,-1,-1,-1,0,-1
2023302300094,2023,302300094,2,9,0,18,19,6,2,0,0,0,0,0,0,0,1,1,6,6,1,58,9,-1,-1,-1,-1,10,E01019653,0,-1
2023201400639,2023,201400639,2,1,0,18,19,2,6,0,0,8,0,0,0,0,1,1,6,6,1,35,6,-1,-1,-1,-1,-1,-1,0,-1
2023010455358,2023,010455358,2,9,0,7,7,4,6,2,2,5,0,0,0,0,0,1,6,6,3,-1,-1,-1,-1,-1,-1,-1,-1,0,-1
2023010445425,2023,010445425,1,1,9,99,99,9,9,99,99,9,9,99,9,99,1,1,2,2,1,51,8,-1,-1,-1,-1,9,E01004094,0,-1
2023421343618,2023,421343618,1,-1,0,18,19,3,7,0,0,0,0,0,0,0,0,1,6,6,1,19,4,-1,-1,-1,-1,7,E01021617,1,-1
2023320066433,2023,320066433,1,9,0,18,19,2,6,0,0,0,5,0,7,4,1,1,6,6,2,42,7,-1,-1,-1,-1,3,E01026311,0,-1
2023131262340,2023,131262340,1,9,0,18,19,1,5,0,0,2,0,0,0,0,1,1,6,6,3,-1,-1,-1,-1,-1,-1,-1,-1,0,-1
2023010458051,2023,010458051,1,1,9,99,99,9,9,99,99,9,9,99,9,99,1,1,6,6,1,24,5,-1,-1,-1,-1,2,E01004289,0,-1
2023522400223,2023,522400223,2,9,0,18,19,1,5,0,0,1,0,0,0,0,1,1,6,6,3,-1,-1,-1,-1,-1,-1,-1,-1,0,-1
2023471323553,2023,471323553,2,17,0,2,2,0,0,0,0,0,0,0,0,0,3,1,6,6,3,-1,-1,-1,-1,-1,-1,-1,-1,0,-1
2023070897300,2023,070897300,2,1,0,18,19,7,3,0,0,0,0,0,0,0,3,1,6,6,1,56,9,-1,-1,-1,-1,9,E01018359,0,-1
2023061285298,2023,061285298,1,11,0,5,5,-1,-1,0,0,0,0,0,0,0,0,1,6,6,1,30,6,-1,-1,-1,-1,-1,-1,0,-1
2023010428640,2023,010428640,2,9,0,99,99,9,9,99,99,9,9,99,9,99,9,9,6,6,3,-1,-1,-1,-1,-1,-1,2,E01000628,0,-1
2023010460931,2023,010460931,2,1,9,99,99,9,9,99,99,9,9,99,9,99,9,1,6,6,1,-1,-1,-1,-1,-1,-1,-1,-1,0,-1
2023010473707,2023,010473707,2,9,0,18,19,8,4,0,0,1,0,0,0,0,1,1,6,6,3,-1,-1,-1,-1,-1,-1,-1,-1,0,-1
2023221308918,2023,221308918,1,9,0,18,19,7,3,0,0,0,5,0,0,0,1,1,5,6,2,33,6,-1,-1,-1,-1,5,E01014045,0,-1
2023371317042,2023,371317042,2,1,0,18,19,3,1,0,0,1,0,0,0,0,-1,1,6,6,2,41,7,-1,-1,-1,-1,1,E01030249,0,-1
2023361313622,2023,361313622,1,1,0,18,19,1,5,5,5,0,0,0,0,0,1,1,6,6,1,25,5,-1,-1,-1,-1,8,E01026921,0,-1
2023421322084,2023,421322084,2,1,0,-1,-1,-1,-1,-1,-1,0,-1,-1,-1,0,-1,1,5,6,1,17,4,-1,-1,-1,-1,7,E01021381,0,-1
2023010438381,2023,010438381,1,9,0,99,99,9,9,0,0,0,0,0,0,0,9,1,6,6,3,-1,-1,-1,-1,-1,-1,-1,-1,0,-1
2023531417850,2023,531417850,1,1,0,18,19,5,1,0,0,6,0,0,0,0,1,1,6,6,2,9,2,-1,-1,-1,-1,4,E01022301,0,-1
2023061271446,2023,061271446,1,9,0,4,4,3,7,0,0,0,0,0,0,0,1,1,6,6,1,22,5,-1,-1,-1,-1,-1,-1,0,-1
2023161261312,2023,161261312,2,1,0,5,5,1,5,0,0,0,0,0,0,0,4,1,5,6,1,14,3,-1,-1,-1,-1,1,E01012876,0,-1
2023440253829,2023,440253829,1,1,0,18,19,3,7,0,0,1,0,0,0,0,3,1,6,6,1,17,4,-1,-1,-1,-1,5,E01017113,0,-1
2023010474142,2023,010474142,2,-1,0,18,19,1,5,0,0,8,0,0,0,0,1,1,6,6,1,33,6,-1,-1,-1,-1,1,E01001798,1,-1
2023010429152,2023,010429152,1,9,0,99,99,9,9,99,99,9,9,99,9,99,2,9,6,6,2,42,7,-1,-1,-1,-1,6,E01001570,0,-1
2023401380834,2023,401380834,2,98,0,18,19,3,7,0,0,0,0,0,0,0,3,1,6,6,3,-1,-1,-1,-1,-1,-1,-1,-1,0,-1
2023010468612,2023,010468612,1,1,9,99,99,9,9,99,99,9,9,99,9,99,1,1,2,2,1,29,6,-1,-1,-1,-1,6,E01001741,0,-1
2023010454582,2023,010454582,2,9,4,99,99,9,9,99,99,9,9,99,9,99,2,9,6,6,3,-1,-1,-1,-1,-1,-1,-1,-1,0,-1
2023041301309,2023,041301309,1,-1,0,18,19,3,7,0,0,0,0,0,0,0,0,1,6,6,3,-1,-1,-1,-1,-1,-1,-1,-1,0,-1
2023311398229,2023,311398229,2,9,0,18,19,3,7,0,0,1,0,0,0,0,1,1,6,6,3,-1,-1,-1,-1,-1,-1,-1,-1,0,-1
2023052301319,2023,052301319,2,1,0,18,19,7,3,0,0,1,0,0,0,0,2,1,6,6,1,11,3,-1,-1,-1,-1,3,E01006836,0,-1
2023221292169,2023,221292169,1,1,0,18,19,3,7,0,0,2,0,10,1,0,3,1,6,6,1,28,6,-1,-1,-1,-1,6,E01014093,0,-1
2023440011071,2023,440011071,1,1,0,18,19,7,3,0,0,0,0,0,0,0,0,1,2,2,1,63,9,-1,-1,-1,-1,1,E01017201,0,-1
2023010486673,2023,010486673,1,9,0,18,19,4,8,0,0,2,0,0,0,0,1,1,6,6,3,-1,-1,-1,-1,-1,-1,-1,-1,0,-1
2023421391111,2023,421391111,2,9,0,2,2,0,0,0,0,0,0,0,0,0,2,1,1,1,1,36,7,-1,-1,-1,-1,3,E01021641,0,-1
2023211340661,2023,211340661,1,9,0,4,4,4,8,0,0,0,0,0,0,0,0,1,6,6,3,97,11,-1,-1,-1,-1,-1,-1,0,-1
2023320009325,2023,320009325,1,9,0,18,19,6,2,0,0,8,0,0,0,0,3,1,6,6,1,-1,-1,-1,-1,-1,-1,-1,-1,0,-1
2023471355049,2023,471355049,1,9,0,18,19,3,7,0,0,1,0,0,0,0,3,1,6,6,3,-1,-1,-1,-1,-1,-1,-1,-1,0,-1
2023010435780,2023,010435780,2,1,0,18,19,1,5,0,0,1,0,0,0,0,1,1,6,6,1,60,9,-1,-1,-1,-1,7,E01001913,0,-1
2023430404224,2023,430404224,1,9,0,18,19,2,6,0,0,8,0,0,0,0,1,1,6,6,2,-1,-1,-1,-1,-1,-1,3,E01016465,0,-1
2023522300921,2023,522300921,1,9,0,17,19,6,3,0,0,0,0,0,0,0,1,1,6,6,1,-1,-1,-1,-1,-1,-1,-1,-1,0,-1
2023552300266,2023,552300266,1,1,0,18,19,6,2,0,0,0,0,0,0,0,3,1,4,7,1,14,3,-1,-1,-1,-1,8,E01020455,0,-1
2023522324630,2023,522324630,2,1,0,15,15,7,3,0,0,0,0,8,0,0,1,1,6,6,1,29,6,-1,-1,-1,-1,7,E01014551,0,-1
2023122301409,2023,122301409,2,1,0,18,19,3,7,0,0,1,0,0,0,0,3,1,6,6,1,10,2,-1,-1,-1,-1,8,E01027568,0,-1
2023010455704,2023,010455704,2,1,9,99,99,9,9,99,99,9,9,99,9,99,1,1,6,6,3,-1,-1,-1,-1,-1,-1,-1,-1,0,-1
2023201406114,2023,201406114,1,9,0,18,19,6,2,0,0,0,0,0,0,0,4,1,6,6,3,-1,-1,-1,-1,-1,-1,-1,-1,0,-1
2023440311260,2023,440311260,1,3,0,18,19,2,6,0,0,0,0,0,0,0,3,1,6,6,3,-1,-1,-1,-1,-1,-1,-1,-1,0,-1
2023201337327,2023,201337327,1,1,0,18,19,7,3,0,0,8,0,0,0,0,1,1,6,6,1,39,7,-1,-1,-1,-1,3,E01009777,0,-1
2023010459965,2023,010459965,1,1,9,99,99,9,9,99,99,9,9,99,9,99,9,1,1,1,1,62,9,-1,-1,-1,-1,3,E01033583,0,-1
2023471306294,2023,471306294,2,1,0,18,19,7,3,0,0,1,0,0,0,0,2,1,6,6,1,31,6,-1,-1,-1,-1,4,E01031810,0,-1
2023332300901,2023,332300901,2,1,0,18,19,7,3,0,0,8,0,0,0,0,1,1,6,6,1,51,8,-1,-1,-1,-1,4,E01025689,0,-1
2023371315478,2023,371315478,1,1,0,9,9,3,7,0,0,1,1,0,0,0,1,1,4,7,1,15,3,-1,-1,-1,-1,4,E01030263,0,-1
2023430069511,2023,430069511,2,1,0,18,19,7,3,0,0,0,0,0,0,0,1,1,2,2,1,39,7,-1,-1,-1,-1,4,E01016359,0,-1
2023421271737,2023,421271737,1,9,0,18,19,1,5,0,0,0,0,0,0,0,3,1,6,6,3,-1,-1,-1,-1,-1,-1,-1,-1,0,-1
2023401344441,2023,401344441,1,9,0,18,19,1,5,0,0,0,0,0,0,0,4,1,6,6,3,-1,-1,-1,-1,-1,-1,-1,-1,0,-1
2023501326428,2023,501326428,1,9,0,18,19,5,1,0,0,0,0,0,0,0,1,1,6,6,3,-1,-1,-1,-1,-1,-1,-1,-1,0,-1
2023061337165,2023,061337165,2,1,-1,-1,-1,-1,-1,-1,-1,-1,-1,-1,-1,0,-1,1,6,6,1,33,6,-1,-1,-1,-1,4,E01005730,0,-1
2023161369586,2023,161369586,1,9,0,9,9,5,2,0,0,4,0,0,0,0,1,1,5,6,1,42,7,-1,-1,-1,-1,6,E01012953,0,-1
2023071142101,2023,071142101,1,9,0,18,19,1,5,0,0,0,0,0,0,0,1,2,6,6,3,-1,-1,-1,-1,-1,-1,-1,-1,0,-1
2023440226454,2023,440226454,1,1,0,18,19,5,1,0,0,8,0,0,0,0,4,1,2,2,1,39,7,-1,-1,-1,-1,5,E01022800,0,-1
2023010446801,2023,010446801,1,1,0,18,19,7,3,0,0,1,0,0,0,0,1,1,1,1,1,19,4,-1,-1,-1,-1,3,E01000973,0,-1
2023411343794,2023,411343794,1,9,0,5,5,7,3,0,0,0,0,0,0,0,0,1,6,6,2,-1,-1,-1,-1,-1,-1,-1,-1,0,-1
2023401271979,2023,401271979,1,1,0,18,19,4,8,0,0,6,0,0,0,0,3,1,6,6,1,12,3,-1,-1,-1,-1,9,E01017576,0,-1
2023430389028,2023,430389028,1,19,0,18,19,2,6,0,0,2,0,0,0,0,1,1,6,6,1,-1,-1,-1,-1,-1,-1,-1,-1,0,-1