collision_index,collision_year,collision_ref_no,vehicle_reference,vehicle_type,towing_and_articulation,vehicle_manoeuvre_historic,vehicle_manoeuvre,vehicle_direction_from,vehicle_direction_to,vehicle_location_restricted_lane_historic,vehicle_location_restricted_lane,junction_location,skidding_and_overturning,hit_object_in_carriageway,vehicle_leaving_carriageway,hit_object_off_carriageway,first_point_of_impact,vehicle_left_hand_drive,journey_purpose_of_driver_historic,journey_purpose_of_driver,sex_of_driver,age_of_driver,age_band_of_driver,engine_capacity_cc,propulsion_code,age_of_vehicle,generic_make_model,driver_imd_decile,lsoa_of_driver,escooter_flag,driver_distance_banding
2023201411067,2023,201411067,2,22,0,18,19,-1,-1,0,0,0,0,0,0,0,3,1,6,6,2,83,11,-1,-1,-1,-1,2,E01009064,0,-1
2023351366386,2023,351366386,1,9,0,18,19,3,7,0,0,0,0,0,1,4,1,1,5,6,1,85,11,-1,-1,-1,-1,8,E01018206,0,-1
2023041338276,2023,041338276,2,1,0,3,3,3,7,0,0,4,5,0,0,0,2,1,6,6,1,35,6,-1,-1,-1,-1,6,E01025607,0,-1
2023351306100,2023,351306100,1,-1,0,13,13,2,6,0,0,8,0,0,0,0,0,1,6,6,3,-1,-1,-1,-1,-1,-1,-1,-1,0,-1
2023430074768,2023,430074768,2,9,0,16,19,4,7,0,0,0,1,0,0,0,1,1,6,6,2,32,6,-1,-1,-1,-1,8,E01017735,0,-1
2023311329224,2023,311329224,2,9,0,18,19,6,2,0,0,0,0,4,0,0,1,1,6,6,3,-1,-1,-1,-1,-1,-1,-1,-1,0,-1
2023010434213,2023,010434213,2,9,0,99,99,9,9,99,99,9,9,99,9,99,1,9,6,6,3,-1,-1,-1,-1,-1,-1,-1,-1,0,-1
2023461381641,2023,461381641,1,2,0,18,19,3,7,0,0,8,0,0,0,0,2,1,6,6,1,17,4,-1,-1,-1,-1,-1,-1,0,-1
2023010477765,2023,010477765,1,9,0,7,7,7,2,0,0,1,0,0,0,0,1,1,6,6,3,-1,-1,-1,-1,-1,-1,-1,-1,0,-1
2023052300597,2023,052300597,1,9,0,18,19,5,1,0,0,1,0,0,0,0,4,1,6,6,2,-1,-1,-1,-1,-1,-1,-1,-1,0,-1
2023010481883,2023,010481883,1,1,9,99,99,9,9,99,99,9,9,99,9,99,1,1,2,2,1,28,6,-1,-1,-1,-1,2,E01002003,0,-1
2023501301976,2023,501301976,2,1,0,18,19,8,4,0,0,8,0,0,0,0,1,1,6,6,1,14,3,-1,-1,-1,-1,5,E01018853,0,-1
202360A034375,2023,60A034375,1,9,0,18,19,2,6,0,0,1,1,0,0,0,1,1,6,6,1,-1,-1,-1,-1,-1,-1,-1,-1,0,-1
2023540746123,2023,540746123,2,1,0,3,3,4,1,0,0,1,0,0,0,0,1,1,6,6,1,50,8,-1,-1,-1,-1,8,E01031900,0,-1
2023201348480,2023,201348480,1,1,0,18,19,7,3,0,0,6,0,0,0,0,4,1,6,6,3,-1,-1,-1,-1,-1,-1,-1,-1,0,-1
2023430301955,2023,430301955,1,1,0,18,19,6,2,0,0,0,0,0,0,0,3,1,6,6,1,55,8,-1,-1,-1,-1,4,E01016529,0,-1
2023101385579,2023,101385579,1,9,0,7,7,3,1,0,0,0,0,0,0,0,0,1,6,6,3,-1,-1,-1,-1,-1,-1,-1,-1,0,-1
2023471391214,2023,471391214,1,9,0,18,19,7,3,0,0,0,0,0,0,0,4,1,5,6,1,67,10,-1,-1,-1,-1,3,E01021062,0,-1
2023552301336,2023,552301336,1,9,0,18,19,6,2,0,0,6,0,0,0,0,1,1,6,6,1,44,7,-1,-1,-1,-1,2,E01015367,0,-1
2023320529425,2023,320529425,1,4,0,17,19,6,3,0,0,0,5,0,1,0,0,1,6,6,1,29,6,-1,-1,-1,-1,3,E01026110,0,-1
2023461268100,2023,461268100,1,9,-1,-1,-1,-1,-1,-1,-1,0,-1,-1,-1,0,1,1,6,6,2,-1,-1,-1,-1,-1,-1,-1,-1,0,-1
2023451350011,2023,451350011,1,1,0,17,19,4,2,0,0,0,0,0,1,1,3,1,5,6,1,27,6,-1,-1,-1,-1,4,E01002704,0,-1
2023010464824,2023,010464824,1,1,9,99,99,9,9,99,99,9,9,99,9,99,9,1,6,6,3,38,7,-1,-1,-1,-1,1,E01033598,0,-1
2023451263631,2023,451263631,1,9,0,17,19,6,2,0,0,0,0,0,5,0,1,1,1,1,1,27,6,-1,-1,-1,-1,5,E01000994,0,-1
2023010419895,2023,010419895,1,1,9,99,99,9,9,99,99,0,9,99,9,99,9,1,6,6,1,50,8,-1,-1,-1,-1,4,E01000491,0,-1
2023010453990,2023,010453990,1,19,0,99,99,9,9,99,99,9,9,99,9,99,1,9,6,6,3,-1,-1,-1,-1,-1,-1,-1,-1,0,-1
202363C033723,2023,63C033723,1,1,0,18,19,6,2,0,0,8,0,0,0,0,0,1,6,6,1,6,2,-1,-1,-1,-1,-1,-1,0,-1
2023440068181,2023,440068181,2,9,0,14,14,1,5,0,0,1,0,0,0,0,1,1,1,1,1,57,9,-1,-1,-1,-1,8,E01022627,0,-1
2023440045246,2023,440045246,2,-1,0,18,19,2,6,0,0,1,0,0,0,0,1,1,6,6,1,12,3,-1,-1,-1,-1,2,E01017115,1,-1
2023221333542,2023,221333542,2,9,0,17,19,6,4,0,0,0,0,0,0,0,1,1,1,1,1,52,8,-1,-1,-1,-1,10,E01032135,0,-1
2023481366963,2023,481366963,2,1,0,14,14,3,7,0,0,0,0,0,0,0,1,1,2,2,1,51,8,-1,-1,-1,-1,-1,-1,0,-1
2023061329805,2023,061329805,2,1,0,18,19,4,8,0,0,1,0,0,1,0,1,1,5,6,1,23,5,-1,-1,-1,-1,3,E01032919,0,-1
2023211304706,2023,211304706,1,9,0,5,5,0,0,0,0,1,0,0,0,0,4,1,5,6,1,35,6,-1,-1,-1,-1,8,E01029570,0,-1
2023010445104,2023,010445104,1,1,0,18,19,7,3,4,4,1,0,0,1,0,1,1,6,6,2,57,9,-1,-1,-1,-1,6,E01001741,0,-1
2023430131053,2023,430131053,1,9,0,9,9,2,8,0,0,8,0,0,0,0,4,1,6,6,3,-1,-1,-1,-1,-1,-1,-1,-1,0,-1
2023421281467,2023,421281467,2,1,0,18,19,5,1,0,0,1,5,0,0,0,4,1,2,2,1,33,6,-1,-1,-1,-1,2,E01021286,0,-1
2023070945165,2023,070945165,2,9,0,9,9,6,3,0,0,1,0,0,0,0,1,1,6,6,2,81,11,-1,-1,-1,-1,9,E01018529,0,-1
2023430415209,2023,430415209,1,1,0,9,9,2,8,0,0,0,0,0,0,0,4,1,2,2,1,50,8,-1,-1,-1,-1,9,E01016431,0,-1
2023430207870,2023,430207870,2,3,0,18,19,2,6,0,0,8,0,0,0,0,1,1,2,2,1,28,6,-1,-1,-1,-1,10,E01028764,0,-1
2023010470726,2023,010470726,2,9,0,11,11,5,1,0,0,2,0,0,0,0,4,1,6,6,3,-1,-1,-1,-1,-1,-1,-1,-1,0,-1
2023010456730,2023,010456730,2,9,0,9,9,5,3,0,0,1,0,0,0,0,1,1,6,6,3,-1,-1,-1,-1,-1,-1,-1,-1,0,-1
2023471315782,2023,471315782,1,9,0,18,19,1,3,0,0,1,0,0,0,0,1,1,6,6,3,-1,-1,-1,-1,-1,-1,-1,-1,0,-1
2023332300453,2023,332300453,1,1,0,18,19,1,5,0,0,6,0,0,0,0,4,1,6,6,2,56,9,-1,-1,-1,-1,6,E01013801,0,-1
2023131308155,2023,131308155,1,9,0,-1,-1,-1,-1,-1,-1,-1,-1,-1,-1,-1,-1,1,6,6,3,-1,-1,-1,-1,-1,-1,-1,-1,0,-1
2023010451797,2023,010451797,1,1,9,99,99,9,9,99,99,9,9,99,9,99,9,1,6,6,3,-1,-1,-1,-1,-1,-1,-1,-1,0,-1
2023531369527,2023,531369527,2,9,0,18,19,1,5,0,0,0,0,0,0,0,1,1,6,6,2,21,5,-1,-1,-1,-1,4,E01022241,0,-1
2023302301795,2023,302301795,1,9,0,18,19,7,3,0,0,2,0,0,0,0,1,1,6,6,3,-1,-1,-1,-1,-1,-1,5,E01019456,0,-1
2023501331403,2023,501331403,1,9,0,1,1,2,3,0,0,0,0,0,0,0,2,1,6,6,2,56,9,-1,-1,-1,-1,3,E01020095,0,-1
2023631319052,2023,631319052,2,1,0,18,19,1,5,0,0,1,0,0,0,0,1,1,6,6,2,8,2,-1,-1,-1,-1,4,W01000637,0,-1
2023131389954,2023,131389954,2,1,0,18,19,3,7,0,0,0,0,0,0,0,2,1,6,6,1,35,6,-1,-1,-1,-1,2,E01011370,0,-1
2023501331087,2023,501331087,1,3,0,18,19,1,5,0,0,0,0,0,0,0,1,1,6,6,1,31,6,-1,-1,-1,-1,9,E01015208,0,-1
2023332300401,2023,332300401,2,1,0,18,19,1,5,0,0,6,0,0,0,0,1,1,6,6,1,10,2,-1,-1,-1,-1,1,E01013633,0,-1
2023131328340,2023,131328340,1,9,0,-1,-1,-1,-1,-1,-1,-1,-1,-1,-1,-1,-1,1,6,6,3,-1,-1,-1,-1,-1,-1,-1,-1,0,-1
2023451269941,2023,451269941,1,9,0,18,19,5,1,0,0,1,0,0,0,0,1,1,6,6,2,40,7,-1,-1,-1,-1,-1,-1,0,-1
2023010423640,2023,010423640,1,9,9,99,99,9,9,99,99,9,9,99,9,99,1,1,6,6,3,-1,-1,-1,-1,-1,-1,-1,-1,0,-1
2023010456372,2023,010456372,1,1,9,18,19,1,5,0,0,4,9,99,9,99,1,1,6,6,1,28,6,-1,-1,-1,-1,2,E01003497,0,-1
2023531266497,2023,531266497,1,9,0,16,19,3,7,0,0,0,0,0,0,0,1,1,5,6,1,34,6,-1,-1,-1,-1,6,E01022210,0,-1
2023311356052,2023,311356052,1,19,0,4,4,4,8,0,0,0,0,0,0,0,1,1,6,6,3,50,8,-1,-1,-1,-1,-1,-1,0,-1
2023302301181,2023,302301181,2,1,0,18,19,8,4,0,0,8,0,0,0,0,1,1,6,6,3,-1,-1,-1,-1,-1,-1,5,E01019456,0,-1
2023010471340,2023,010471340,1,97,9,99,99,9,9,99,99,9,9,99,9,99,9,1,6,6,3,-1,-1,-1,-1,-1,-1,-1,-1,0,-1
2023010486618,2023,010486618,2,8,0,99,99,9,9,99,99,9,9,99,9,99,9,9,6,6,3,-1,-1,-1,-1,-1,-1,-1,-1,0,-1
2023010443927,2023,010443927,1,1,9,99,99,9,9,99,99,9,9,99,9,99,9,1,2,2,1,41,7,-1,-1,-1,-1,7,E01002675,0,-1
2023061268790,2023,061268790,2,1,0,3,3,1,1,0,0,0,0,0,0,0,1,1,6,6,1,41,7,-1,-1,-1,-1,2,E01006175,0,-1
2023401329312,2023,401329312,2,9,0,5,5,0,0,0,0,1,0,0,3,0,1,1,3,7,2,53,8,-1,-1,-1,-1,9,E01033194,0,-1
2023461274243,2023,461274243,1,1,0,18,19,6,2,9,9,1,0,0,0,0,3,1,3,7,1,12,3,-1,-1,-1,-1,6,E01024357,0,-1
2023041357051,2023,041357051,3,9,0,5,5,1,5,0,0,0,0,0,0,0,0,2,6,6,3,-1,-1,-1,-1,-1,-1,-1,-1,0,-1
2023552301517,2023,552301517,1,1,0,18,19,7,2,0,0,6,0,0,0,0,4,1,6,6,1,14,3,-1,-1,-1,-1,3,E01015439,0,-1
2023201339255,2023,201339255,2,3,0,18,19,3,7,0,0,0,0,0,0,0,1,1,6,6,1,-1,-1,-1,-1,-1,-1,-1,-1,0,-1
2023451338582,2023,451338582,1,-1,0,18,19,7,3,0,0,0,5,0,0,0,0,1,5,6,1,48,8,-1,-1,-1,-1,10,E01030623,1,-1
202354B277323,2023,54B277323,2,9,0,2,2,0,0,0,0,1,0,0,0,0,3,1,6,6,3,30,6,-1,-1,-1,-1,10,E01031970,0,-1
2023421289615,2023,421289615,2,-1,0,18,19,2,6,0,0,0,0,0,0,0,1,1,6,6,2,22,5,-1,-1,-1,-1,5,E01021575,1,-1
2023010420827,2023,010420827,2,1,0,5,5,7,3,0,0,1,0,0,0,0,2,1,2,2,1,17,4,-1,-1,-1,-1,3,E01004684,0,-1
2023010425412,2023,010425412,2,1,0,18,19,7,3,0,0,1,0,0,0,0,1,1,1,1,1,19,4,-1,-1,-1,-1,3,E01000495,0,-1
2023622300549,2023,622300549,2,1,0,18,19,1,5,0,0,1,0,0,0,0,1,1,6,6,1,31,6,-1,-1,-1,-1,2,W01001855,0,-1
2023010483903,2023,010483903,2,1,5,13,13,3,7,4,4,8,2,0,3,0,4,1,6,6,1,43,7,-1,-1,-1,-1,9,E01003799,0,-1
2023141306349,2023,141306349,2,1,0,18,19,8,4,0,0,1,0,0,0,0,1,1,1,1,1,35,6,-1,-1,-1,-1,7,E01008052,0,-1
2023401316386,2023,401316386,2,19,0,13,13,5,1,0,0,0,0,0,0,0,4,1,6,6,3,-1,-1,-1,-1,-1,-1,-1,-1,0,-1
2023461371170,2023,461371170,1,9,0,7,7,8,4,0,0,3,0,0,0,0,1,1,6,6,3,-1,-1,-1,-1,-1,-1,-1,-1,0,-1
2023010453321,2023,010453321,2,9,0,99,99,9,9,99,99,9,9,99,9,99,1,9,6,6,3,-1,-1,-1,-1,-1,-1,-1,-1,0,-1
2023111317668,2023,111317668,1,3,0,17,19,7,4,0,0,0,0,0,1,0,1,1,5,6,1,19,4,-1,-1,-1,-1,8,E01020597,0,-1
2023010478821,2023,010478821,1,9,0,3,3,7,3,0,0,2,0,0,0,0,2,1,6,6,1,30,6,-1,-1,-1,-1,2,E01000033,0,-1
2023340WN3482,2023,340WN3482,1,9,0,2,2,0,0,0,0,2,0,0,0,0,3,1,6,6,1,-1,-1,-1,-1,-1,-1,-1,-1,0,-1
2023131292997,2023,131292997,1,1,0,18,19,1,1,0,0,0,0,0,0,0,3,1,5,6,1,34,6,-1,-1,-1,-1,3,E01011123,0,-1
2023010442681,2023,010442681,2,9,0,2,2,0,0,0,0,9,0,12,0,0,9,9,6,6,3,-1,-1,-1,-1,-1,-1,-1,-1,0,-1
2023010442112,2023,010442112,1,1,0,4,4,6,2,0,0,0,5,0,0,0,3,1,6,6,1,47,8,-1,-1,-1,-1,5,E01003019,0,-1
202363B006423,2023,63B006423,2,1,0,18,19,8,5,0,0,8,0,0,0,0,4,1,6,6,1,20,4,-1,-1,-1,-1,8,W01000517,0,-1
2023501388677,2023,501388677,2,9,-1,12,12,5,1,0,0,1,0,0,0,0,0,1,6,6,3,-1,-1,-1,-1,-1,-1,-1,-1,0,-1
2023520300526,2023,520300526,1,9,0,18,19,5,1,0,0,0,0,0,0,0,9,1,6,6,1,100,11,-1,-1,-1,-1,-1,-1,0,-1
2023161386522,2023,161386522,2,1,0,18,19,4,8,4,4,1,0,0,0,0,1,1,6,6,1,-1,-1,-1,-1,-1,-1,1,E01012917,0,-1
2023041378164,2023,041378164,1,9,0,18,19,-1,-1,0,0,0,0,0,0,0,-1,1,6,6,3,-1,-1,-1,-1,-1,-1,-1,-1,0,-1
2023201305783,2023,201305783,2,9,0,3,3,-1,-1,0,0,1,0,0,0,0,1,1,6,6,2,58,9,-1,-1,-1,-1,5,E01010267,0,-1
2023361347569,2023,361347569,2,9,0,18,19,3,7,0,0,2,0,0,0,0,2,1,6,6,1,59,9,-1,-1,-1,-1,4,E01026660,0,-1
2023461392264,2023,461392264,2,1,0,10,10,1,7,0,0,1,0,0,0,0,2,1,5,6,1,70,10,-1,-1,-1,-1,2,E01024634,0,-1
2023010482606,2023,010482606,1,-1,0,99,99,9,9,99,99,9,9,99,9,99,1,9,6,6,3,-1,-1,-1,-1,-1,-1,-1,-1,1,-1
2023010481036,2023,010481036,2,2,0,99,99,9,9,99,99,9,9,99,9,99,1,1,6,6,3,-1,-1,-1,-1,-1,-1,-1,-1,0,-1
2023332300219,2023,332300219,2,19,0,9,9,8,6,0,0,6,0,0,0,0,3,1,1,1,1,31,6,-1,-1,-1,-1,2,E01013695,0,-1
2023010465691,2023,010465691,2,1,0,9,9,3,8,0,0,1,0,0,0,0,1,1,6,6,2,53,8,-1,-1,-1,-1,9,E01003749,0,-1
2023522300160,2023,522300160,2,9,0,18,19,3,7,0,0,0,0,4,0,0,1,1,6,6,3,-1,-1,-1,-1,-1,-1,-1,-1,0,-1
2023010468404,2023,010468404,1,1,9,99,99,9,9,99,99,9,9,99,9,99,9,1,2,2,1,71,10,-1,-1,-1,-1,3,E01001728,0,-1
2023440319548,2023,440319548,2,9,0,9,9,5,3,0,0,8,0,0,0,0,4,1,2,2,1,53,8,-1,-1,-1,-1,10,E01022661,0,-1
2023401272908,2023,401272908,1,19,-1,-1,-1,-1,-1,-1,-1,0,-1,-1,-1,0,-1,1,6,6,3,-1,-1,-1,-1,-1,-1,-1,-1,0,-1
2023010483858,2023,010483858,1,1,9,99,99,9,9,99,99,9,9,99,9,99,1,1,1,1,1,50,8,-1,-1,-1,-1,1,E01002066,0,-1
2023461369740,2023,461369740,2,21,0,18,19,5,1,0,0,8,0,0,0,0,1,1,1,1,1,42,7,-1,-1,-1,-1,9,E01025728,0,-1
2023111377101,2023,111377101,2,9,0,4,4,1,5,0,0,0,0,0,0,0,2,1,5,6,1,45,7,-1,-1,-1,-1,-1,-1,0,-1
2023501366561,2023,501366561,1,9,0,18,19,3,7,6,6,0,2,0,1,4,1,1,2,2,1,43,7,-1,-1,-1,-1,8,E01015227,0,-1
2023461354526,2023,461354526,1,9,0,18,19,-1,-1,0,0,0,0,0,0,0,1,1,6,6,3,-1,-1,-1,-1,-1,-1,-1,-1,0,-1
2023430252868,2023,430252868,1,9,0,18,19,1,5,4,4,1,0,0,0,0,1,1,2,2,2,25,5,-1,-1,-1,-1,6,E01028548,0,-1
2023141285909,2023,141285909,2,90,0,18,19,3,7,0,0,8,0,0,0,0,1,1,5,6,1,18,4,-1,-1,-1,-1,1,E01007461,0,-1
2023501395432,2023,501395432,2,9,0,5,5,7,3,99,99,0,0,0,0,0,2,1,1,1,1,49,8,-1,-1,-1,-1,4,E01015265,0,-1
2023010458161,2023,010458161,2,1,9,99,99,9,9,99,99,9,0,99,9,99,4,1,6,6,1,47,8,-1,-1,-1,-1,5,E01002213,0,-1
2023552300573,2023,552300573,2,1,0,18,19,4,8,0,0,0,0,0,0,0,3,1,6,6,1,56,9,-1,-1,-1,-1,3,E01033242,0,-1
2023201356840,2023,201356840,2,22,0,5,5,2,6,0,0,1,0,0,0,0,4,1,6,6,2,32,6,-1,-1,-1,-1,-1,-1,0,-1
2023131286808,2023,131286808,1,97,0,18,19,8,4,0,0,0,0,4,0,0,1,1,6,6,1,36,7,-1,-1,-1,-1,3,E01010914,0,-1
2023302300340,2023,302300340,2,1,0,18,19,8,4,9,9,0,0,0,0,0,1,1,1,1,1,21,5,-1,-1,-1,-1,2,E01019543,0,-1
2023041340053,2023,041340053,2,1,0,18,19,6,2,0,0,1,0,0,0,0,1,1,6,6,1,8,2,-1,-1,-1,-1,9,E01024966,0,-1
2023010475780,2023,010475780,1,1,9,99,99,9,9,99,99,0,9,99,9,99,1,1,1,1,1,45,7,-1,-1,-1,-1,3,E01004200,0,-1
2023010456141,2023,010456141,2,1,0,18,19,5,1,0,0,1,0,0,0,0,1,1,2,2,1,56,9,-1,-1,-1,-1,2,E01001118,0,-1
202363A034223,2023,63A034223,2,9,0,3,3,2,6,0,0,8,0,0,3,2,2,1,1,1,1,44,7,-1,-1,-1,-1,-1,-1,0,-1
2023351316394,2023,351316394,3,-1,0,18,19,1,5,0,0,0,0,0,0,0,0,1,6,6,3,-1,-1,-1,-1,-1,-1,-1,-1,0,-1
2023010446391,2023,010446391,1,1,9,99,99,9,9,99,99,9,9,99,9,99,1,1,6,6,3,33,6,-1,-1,-1,-1,1,E01004222,0,-1
2023031316837,2023,031316837,2,9,0,4,4,5,5,0,0,1,0,0,0,0,2,1,6,6,1,57,9,-1,-1,-1,-1,-1,-1,0,-1
2023610007223,2023,610007223,1,5,0,18,19,1,5,0,0,1,0,0,0,0,1,1,6,6,1,61,9,-1,-1,-1,-1,-1,-1,0,-1
2023052302659,2023,052302659,1,9,0,18,19,5,1,0,0,1,0,0,0,0,1,1,6,6,3,-1,-1,-1,-1,-1,-1,-1,-1,0,-1
2023471377759,2023,471377759,1,9,0,7,7,7,3,0,0,2,0,0,1,0,-1,1,6,6,3,-1,-1,-1,-1,-1,-1,-1,-1,0,-1
2023340NN4482,2023,340NN4482,2,1,0,18,19,2,7,0,0,3,5,0,0,0,2,1,6,6,1,81,11,-1,-1,-1,-1,10,E01025787,0,-1
2023010476786,2023,010476786,2,1,0,10,10,8,5,0,0,2,0,0,0,0,1,1,6,6,2,60,9,-1,-1,-1,-1,8,E01004195,0,-1
2023421320198,2023,421320198,1,-1,0,13,13,3,7,0,0,0,0,0,0,0,3,1,5,6,1,17,4,-1,-1,-1,-1,8,E01021931,1,-1
2023061399821,2023,061399821,2,1,-1,-1,-1,-1,-1,-1,-1,-1,-1,-1,-1,0,-1,1,6,6,1,75,10,-1,-1,-1,-1,-1,-1,0,-1
2023211364501,2023,211364501,1,9,0,18,19,1,5,0,0,0,0,0,0,0,1,1,5,6,1,76,11,-1,-1,-1,-1,8,E01018403,0,-1
2023421374964,2023,421374964,1,98,0,12,12,3,7,0,0,0,0,0,0,0,-1,2,1,1,1,-1,-1,-1,-1,-1,-1,-1,-1,0,-1
2023061371273,2023,061371273,1,9,0,18,19,7,3,0,0,0,0,0,0,0,1,1,6,6,3,30,6,-1,-1,-1,-1,-1,-1,0,-1
2023231305379,2023,231305379,1,11,0,18,19,7,3,0,0,0,0,0,0,0,1,1,1,1,1,34,6,-1,-1,-1,-1,4,E01031127,0,-1
2023010453843,2023,010453843,1,1,9,99,99,9,9,99,99,9,9,99,9,99,9,1,6,6,3,22,5,-1,-1,-1,-1,6,E01001741,0,-1
2023010441787,2023,010441787,2,9,0,1,1,1,3,0,0,0,9,0,0,0,2,9,6,6,3,-1,-1,-1,-1,-1,-1,-1,-1,0,-1
2023351340554,2023,351340554,2,1,0,18,19,4,8,0,0,0,0,0,0,0,1,1,2,2,1,36,7,-1,-1,-1,-1,7,E01018127,0,-1
2023010450297,2023,010450297,1,9,0,18,19,1,5,0,0,1,0,0,0,0,1,1,6,6,1,44,7,-1,-1,-1,-1,3,E01002738,0,-1
2023010428627,2023,010428627,2,98,9,99,99,9,9,99,99,9,9,99,9,99,9,9,6,6,3,-1,-1,-1,-1,-1,-1,-1,-1,0,-1
2023552300528,2023,552300528,1,9,0,18,19,6,2,0,0,0,0,0,0,0,1,1,6,6,3,-1,-1,-1,-1,-1,-1,-1,-1,0,-1
2023522301249,2023,522301249,2,9,0,99,99,9,9,0,0,0,0,0,0,0,9,1,6,6,3,-1,-1,-1,-1,-1,-1,-1,-1,0,-1
2023522400014,2023,522400014,3,9,0,18,19,3,7,0,0,1,0,0,0,0,1,1,6,6,3,-1,-1,-1,-1,-1,-1,-1,-1,0,-1
2023041314551,2023,041314551,1,9,0,7,7,4,6,0,0,3,0,0,0,0,1,1,6,6,3,-1,-1,-1,-1,-1,-1,-1,-1,0,-1
2023201395636,2023,201395636,2,1,0,7,7,8,2,0,0,6,0,0,0,0,1,1,6,6,2,32,6,-1,-1,-1,-1,1,E01009611,0,-1
2023201383185,2023,201383185,1,1,0,18,19,2,6,0,0,8,0,0,0,0,1,1,5,6,1,26,6,-1,-1,-1,-1,1,E01009378,0,-1
2023131348714,2023,131348714,2,1,0,7,7,5,7,0,0,3,0,0,0,0,1,1,6,6,1,42,7,-1,-1,-1,-1,1,E01011725,0,-1
2023430098249,2023,430098249,1,1,0,18,19,1,5,0,0,8,0,0,0,0,3,1,6,6,1,59,9,-1,-1,-1,-1,10,E01022851,0,-1
2023010456166,2023,010456166,1,2,0,3,3,5,1,0,0,4,0,0,0,0,2,1,6,6,1,16,4,-1,-1,-1,-1,7,E01002226,0,-1
2023531329752,2023,531329752,1,9,0,18,19,1,5,0,0,2,0,0,0,0,4,1,6,6,3,-1,-1,-1,-1,-1,-1,-1,-1,0,-1
2023351347050,2023,351347050,2,19,0,18,19,4,7,0,0,0,0,0,0,0,1,1,1,1,1,45,7,-1,-1,-1,-1,9,E01021973,0,-1
2023010473397,2023,010473397,2,1,0,18,19,5,1,0,0,8,0,0,0,0,1,1,6,6,1,53,8,-1,-1,-1,-1,4,E01001396,0,-1
2023061305323,2023,061305323,2,1,0,18,19,2,6,0,0,0,0,0,0,0,3,1,5,6,2,43,7,-1,-1,-1,-1,3,E01005506,0,-1
2023552301194,2023,552301194,2,1,0,18,19,4,8,9,9,8,0,0,0,0,1,1,6,6,1,52,8,-1,-1,-1,-1,6,E01015331,0,-1
2023332300875,2023,332300875,1,1,0,18,19,3,7,0,0,0,0,0,0,0,4,1,2,2,1,23,5,-1,-1,-1,-1,8,E01032598,0,-1
2023361363227,2023,361363227,2,1,0,18,19,3,5,0,0,4,0,0,0,0,1,1,6,6,2,47,8,-1,-1,-1,-1,10,E01026852,0,-1
2023201442987,2023,201442987,1,2,0,5,5,6,2,0,0,4,0,0,0,0,1,1,5,6,1,43,7,-1,-1,-1,-1,1,E01010076,0,-1
2023141288197,2023,141288197,2,9,0,7,7,5,7,0,0,8,0,0,0,0,4,1,6,6,1,59,9,-1,-1,-1,-1,9,E01007862,0,-1
2023421331214,2023,421331214,2,-1,0,18,19,5,1,9,9,0,0,0,0,0,1,1,5,6,1,16,4,-1,-1,-1,-1,8,E01021824,1,-1
2023461321273,2023,461321273,1,3,0,18,19,8,4,0,0,8,0,0,0,0,0,1,6,6,1,21,5,-1,-1,-1,-1,4,E01024296,0,-1
2023631348154,2023,631348154,3,9,0,-1,-1,-1,-1,-1,-1,0,-1,-1,-1,0,-1,1,6,6,3,-1,-1,-1,-1,-1,-1,-1,-1,0,-1
202360A071192,2023,60A071192,4,21,0,18,19,5,1,0,0,1,0,0,0,0,0,1,1,1,1,-1,-1,-1,-1,-1,-1,-1,-1,0,-1
2023351294000,2023,351294000,3,9,0,4,4,1,5,0,0,0,0,0,0,0,2,1,6,6,1,52,8,-1,-1,-1,-1,8,E01000646,0,-1
2023461337352,2023,461337352,1,9,0,15,15,1,5,0,0,0,0,0,0,0,0,1,6,6,3,-1,-1,-1,-1,-1,-1,-1,-1,0,-1
2023531346190,2023,531346190,2,-1,0,18,19,3,7,0,0,0,0,0,0,0,2,1,6,6,1,35,6,-1,-1,-1,-1,1,E01022347,1,-1
2023332301038,2023,332301038,1,1,0,18,19,5,1,0,0,0,0,0,0,0,3,1,2,2,2,52,8,-1,-1,-1,-1,8,E01025644,0,-1
2023141352054,2023,141352054,2,9,0,5,5,5,1,0,0,2,0,0,0,0,4,1,6,6,3,-1,-1,-1,-1,-1,-1,-1,-1,0,-1
2023340WN2532,2023,340WN2532,2,-1,0,18,19,8,4,0,0,1,2,0,0,0,1,1,4,7,2,18,4,-1,-1,-1,-1,4,E01027171,1,-1
2023461268114,2023,461268114,1,9,0,4,4,3,7,0,0,0,0,0,0,0,2,1,6,6,1,49,8,-1,-1,-1,-1,2,E01024192,0,-1
2023131293969,2023,131293969,1,1,0,18,19,3,7,0,0,8,0,0,0,0,2,1,1,1,1,22,5,-1,-1,-1,-1,5,E01033008,0,-1
2023101316661,2023,101316661,2,23,0,18,19,3,7,0,0,1,0,0,0,0,1,1,5,6,1,14,3,-1,-1,-1,-1,5,E01008225,0,-1
2023430250142,2023,430250142,2,1,0,18,19,1,5,0,0,8,0,0,0,0,1,1,6,6,1,69,10,-1,-1,-1,-1,4,E01016837,0,-1
2023041324228,2023,041324228,1,97,0,18,19,1,5,0,0,0,0,0,0,0,0,1,5,6,1,36,7,-1,-1,-1,-1,3,E01006338,0,-1
2023371327450,2023,371327450,2,1,-1,-1,-1,7,3,-1,-1,0,-1,-1,-1,0,-1,1,6,6,1,69,10,-1,-1,-1,-1,6,E01030120,0,-1
2023461347237,2023,461347237,1,9,0,18,19,5,1,0,0,0,0,0,0,0,1,1,6,6,1,-1,-1,-1,-1,-1,-1,6,E01024556,0,-1
2023501284623,2023,501284623,2,1,-1,-1,-1,-1,-1,-1,-1,0,-1,-1,-1,0,-1,1,5,6,1,14,3,-1,-1,-1,-1,1,E01015217,0,-1
2023010432305,2023,010432305,1,9,0,4,4,3,7,0,0,2,0,4,0,0,1,2,6,6,1,36,7,-1,-1,-1,-1,4,E01033576,0,-1
2023010474419,2023,010474419,2,19,0,99,99,9,9,99,99,0,9,99,9,99,9,9,6,6,3,-1,-1,-1,-1,-1,-1,-1,-1,0,-1
2023010468549,2023,010468549,2,1,5,5,5,1,5,0,0,8,0,0,1,99,2,1,1,1,1,50,8,-1,-1,-1,-1,8,E01021744,0,-1
202360A141118,2023,60A141118,1,97,0,17,19,6,3,0,0,0,5,0,0,0,3,1,6,6,1,26,6,-1,-1,-1,-1,-1,-1,0,-1