collision_index,collision_year,collision_ref_no,vehicle_reference,vehicle_type,towing_and_articulation,vehicle_manoeuvre_historic,vehicle_manoeuvre,vehicle_direction_from,vehicle_direction_to,vehicle_location_restricted_lane_historic,vehicle_location_restricted_lane,junction_location,skidding_and_overturning,hit_object_in_carriageway,vehicle_leaving_carriageway,hit_object_off_carriageway,first_point_of_impact,vehicle_left_hand_drive,journey_purpose_of_driver_historic,journey_purpose_of_driver,sex_of_driver,age_of_driver,age_band_of_driver,engine_capacity_cc,propulsion_code,age_of_vehicle,generic_make_model,driver_imd_decile,lsoa_of_driver,escooter_flag,driver_distance_banding
2023302300720,2023,302300720,1,19,0,1,1,6,4,9,9,0,0,0,0,0,2,1,6,6,3,-1,-1,-1,-1,-1,-1,5,E01019456,0,-1
2023351280722,2023,351280722,2,9,0,3,3,7,3,0,0,2,0,0,0,0,2,1,1,1,1,47,8,-1,-1,-1,-1,2,E01015634,0,-1
2023010453457,2023,010453457,3,9,0,18,19,1,5,0,0,1,0,0,0,0,1,2,6,6,1,22,5,-1,-1,-1,-1,3,E01001166,0,-1
2023461394798,2023,461394798,2,9,0,2,2,0,0,0,0,0,0,0,0,0,3,1,6,6,3,-1,-1,-1,-1,-1,-1,-1,-1,0,-1
2023311364143,2023,311364143,2,1,0,18,19,4,8,0,0,1,0,0,0,0,1,1,6,6,1,17,4,-1,-1,-1,-1,2,E01013947,0,-1
2023111374274,2023,111374274,1,9,0,4,4,7,2,0,0,4,0,0,0,0,1,1,6,6,2,48,8,-1,-1,-1,-1,-1,-1,0,-1
2023302300553,2023,302300553,1,9,0,4,4,6,2,0,0,0,0,0,0,0,1,1,1,1,1,25,5,-1,-1,-1,-1,6,E01013495,0,-1
2023141306364,2023,141306364,2,9,0,18,19,8,4,0,0,0,0,0,0,0,3,1,6,6,3,-1,-1,-1,-1,-1,-1,-1,-1,0,-1
2023161288288,2023,161288288,2,1,0,18,19,1,5,0,0,8,0,0,0,0,1,1,5,6,1,57,9,-1,-1,-1,-1,2,E01013237,0,-1
2023440487492,2023,440487492,1,3,0,18,19,2,6,0,0,0,1,10,0,0,3,1,2,2,1,33,6,-1,-1,-1,-1,-1,-1,0,-1
2023010419642,2023,010419642,2,9,0,18,19,3,7,0,0,0,0,0,0,0,2,1,6,6,3,-1,-1,-1,-1,-1,-1,-1,-1,0,-1
2023010448996,2023,010448996,1,1,9,99,99,9,9,99,99,9,9,99,9,99,1,1,2,2,1,43,7,-1,-1,-1,-1,6,E01004626,0,-1
2023010485118,2023,010485118,1,1,9,99,99,9,9,99,99,1,9,99,9,99,1,1,2,2,1,38,7,-1,-1,-1,-1,4,E01003213,0,-1
2023201393484,2023,201393484,3,9,0,18,19,3,7,0,0,1,0,0,0,0,2,1,6,6,3,-1,-1,-1,-1,-1,-1,-1,-1,0,-1
2023031337438,2023,031337438,1,9,0,18,19,7,3,0,0,0,0,0,0,0,1,1,6,6,3,60,9,-1,-1,-1,-1,-1,-1,0,-1
2023332300130,2023,332300130,2,1,0,18,19,8,4,0,0,8,0,0,1,0,1,1,6,6,2,27,6,-1,-1,-1,-1,7,E01033386,0,-1
2023471387441,2023,471387441,2,1,0,9,9,2,6,0,0,8,0,0,0,0,4,1,4,7,2,16,4,-1,-1,-1,-1,10,E01031380,0,-1
2023361341757,2023,361341757,1,9,0,4,4,5,1,0,0,0,0,0,0,0,1,1,1,1,1,53,8,-1,-1,-1,-1,3,E01030262,0,-1
2023461380368,2023,461380368,1,98,0,18,19,3,7,0,0,0,0,0,0,0,1,1,1,1,1,41,7,-1,-1,-1,-1,-1,-1,0,-1
2023010464912,2023,010464912,2,1,0,18,19,7,3,0,0,8,0,0,0,0,1,1,2,2,2,30,6,-1,-1,-1,-1,2,E01032579,0,-1
2023201421320,2023,201421320,1,9,0,18,19,1,5,0,0,1,0,0,0,0,0,1,6,6,3,-1,-1,-1,-1,-1,-1,-1,-1,0,-1
2023302301434,2023,302301434,1,9,0,9,9,7,5,0,0,2,0,0,0,0,1,1,6,6,3,-1,-1,-1,-1,-1,-1,5,E01019456,0,-1
2023522400030,2023,522400030,2,-1,0,9,9,7,5,0,0,1,0,0,0,0,3,1,6,6,1,14,3,-1,-1,-1,-1,4,E01032516,1,-1
2023440406642,2023,440406642,1,19,0,18,19,8,4,0,0,0,0,0,0,0,1,1,2,2,1,53,8,-1,-1,-1,-1,4,E01023083,0,-1
2023311279007,2023,311279007,2,1,0,18,19,5,3,0,0,3,0,0,0,0,1,1,1,1,1,57,9,-1,-1,-1,-1,7,E01028290,0,-1
2023522301333,2023,522301333,1,1,0,3,3,1,5,0,0,0,0,0,0,0,3,1,6,6,1,72,10,-1,-1,-1,-1,9,E01014559,0,-1
2023461333266,2023,461333266,1,9,0,18,19,1,5,0,0,1,1,0,0,0,1,1,6,6,3,-1,-1,-1,-1,-1,-1,-1,-1,0,-1
2023010479686,2023,010479686,1,1,9,99,99,9,9,99,99,9,9,99,9,99,9,1,6,6,1,33,6,-1,-1,-1,-1,2,E01003528,0,-1
2023131281462,2023,131281462,2,9,0,-1,-1,-1,-1,-1,-1,-1,-1,-1,-1,-1,-1,1,6,6,3,-1,-1,-1,-1,-1,-1,1,E01010813,0,-1
2023302300926,2023,302300926,1,8,0,1,1,7,3,9,9,1,0,0,1,0,2,1,1,1,3,-1,-1,-1,-1,-1,-1,5,E01019456,0,-1
2023010477991,2023,010477991,1,1,9,99,99,9,9,99,99,9,9,99,9,99,1,1,2,2,1,29,6,-1,-1,-1,-1,1,E01002748,0,-1
2023481371487,2023,481371487,1,9,0,9,9,5,3,0,0,8,0,0,0,0,3,1,5,6,1,28,6,-1,-1,-1,-1,-1,-1,0,-1
2023010481303,2023,010481303,2,9,0,99,99,9,9,99,99,9,9,99,9,99,1,9,6,6,3,-1,-1,-1,-1,-1,-1,-1,-1,0,-1
2023501350211,2023,501350211,2,9,4,2,2,5,4,0,0,2,0,0,0,0,0,1,1,1,1,33,6,-1,-1,-1,-1,3,E01020286,0,-1
2023052301111,2023,052301111,1,10,0,18,19,5,1,0,0,8,0,0,0,0,1,1,1,1,1,-1,-1,-1,-1,-1,-1,1,E01006877,0,-1
2023201414730,2023,201414730,2,9,0,11,11,4,8,0,0,0,0,0,0,0,4,1,6,6,1,63,9,-1,-1,-1,-1,1,E01033628,0,-1
2023010458977,2023,010458977,1,1,0,18,19,1,5,9,9,0,0,0,0,0,1,1,6,6,1,-1,-1,-1,-1,-1,-1,-1,-1,0,-1
2023101386971,2023,101386971,1,1,0,18,19,3,7,0,0,0,1,0,0,0,1,1,6,6,1,60,9,-1,-1,-1,-1,2,E01008512,0,-1
2023481366968,2023,481366968,2,1,0,13,13,3,7,5,5,1,0,0,0,0,4,1,2,2,1,52,8,-1,-1,-1,-1,-1,-1,0,-1
2023010455902,2023,010455902,2,9,0,10,10,5,3,0,0,2,0,4,7,0,1,1,3,7,1,44,7,-1,-1,-1,-1,4,E01003482,0,-1
2023010438219,2023,010438219,2,1,0,18,19,1,5,0,0,2,0,0,0,0,2,1,6,6,2,28,6,-1,-1,-1,-1,1,E01001786,0,-1
2023010445835,2023,010445835,2,9,0,99,99,9,9,99,99,9,9,99,9,99,1,9,6,6,3,-1,-1,-1,-1,-1,-1,-1,-1,0,-1
2023440384646,2023,440384646,1,9,0,18,19,6,2,0,0,2,0,0,0,0,1,1,6,6,3,-1,-1,-1,-1,-1,-1,-1,-1,0,-1
2023552300926,2023,552300926,1,-1,0,18,19,7,3,9,9,1,0,0,0,0,0,1,6,6,1,23,5,-1,-1,-1,-1,6,E01015460,1,-1
2023052302326,2023,052302326,2,1,0,18,19,7,3,0,0,0,0,0,0,0,1,1,6,6,1,78,11,-1,-1,-1,-1,4,E01007313,0,-1
2023549959423,2023,549959423,2,9,0,2,2,0,0,0,0,0,0,0,0,0,1,1,6,6,1,-1,-1,-1,-1,-1,-1,-1,-1,0,-1
2023010478860,2023,010478860,1,9,0,18,19,5,1,0,0,1,0,0,0,0,1,1,6,6,1,-1,-1,-1,-1,-1,-1,-1,-1,0,-1
2023010462513,2023,010462513,2,9,9,99,99,9,9,99,99,9,9,99,9,99,9,9,6,6,2,-1,-1,-1,-1,-1,-1,-1,-1,0,-1
2023052300346,2023,052300346,1,9,0,5,5,7,3,0,0,4,0,0,0,0,1,1,6,6,1,51,8,-1,-1,-1,-1,5,E01006490,0,-1
2023231269787,2023,231269787,1,9,0,9,9,1,7,0,0,5,0,0,0,0,1,1,6,6,1,84,11,-1,-1,-1,-1,7,E01031247,0,-1
2023141263382,2023,141263382,1,9,0,8,8,5,7,0,0,5,0,0,0,0,3,1,6,6,1,70,10,-1,-1,-1,-1,5,E01007746,0,-1
2023161378199,2023,161378199,2,1,0,18,19,3,7,0,0,1,0,0,0,0,1,1,6,6,1,34,6,-1,-1,-1,-1,1,E01012874,0,-1
2023991279939,2023,991279939,2,1,0,17,19,3,8,0,0,8,0,0,0,0,3,1,2,2,1,19,4,-1,-1,-1,-1,5,-1,0,-1
2023440330517,2023,440330517,2,9,0,4,4,5,1,0,0,0,0,0,0,0,2,1,6,6,3,-1,-1,-1,-1,-1,-1,-1,-1,0,-1
2023320476113,2023,320476113,1,1,0,18,19,4,8,0,0,8,5,0,0,0,4,1,6,6,1,14,3,-1,-1,-1,-1,8,E01026141,0,-1
2023461268165,2023,461268165,1,9,0,3,3,7,3,0,0,1,0,0,0,0,4,1,5,6,3,-1,-1,-1,-1,-1,-1,-1,-1,0,-1
202363A025223,2023,63A025223,2,90,0,18,19,2,6,0,0,0,0,0,0,0,0,1,6,6,2,26,6,-1,-1,-1,-1,-1,-1,0,-1
2023131353731,2023,131353731,2,1,0,18,19,1,1,0,0,8,0,0,0,0,1,1,4,7,1,13,3,-1,-1,-1,-1,7,E01011828,0,-1
2023332301125,2023,332301125,4,19,0,18,19,1,5,0,0,0,0,0,0,0,1,1,1,1,1,65,9,-1,-1,-1,-1,6,E01011548,0,-1
2023201400879,2023,201400879,1,9,0,1,1,6,8,0,0,6,0,0,0,0,2,1,6,6,2,-1,-1,-1,-1,-1,-1,-1,-1,0,-1
2023201319376,2023,201319376,1,19,0,5,5,2,6,0,0,0,0,0,0,0,1,1,6,6,1,-1,-1,-1,-1,-1,-1,-1,-1,0,-1
2023540553923,2023,540553923,2,9,0,18,19,6,2,0,0,1,0,0,0,0,1,1,2,2,1,31,6,-1,-1,-1,-1,5,E01031933,0,-1
202360A088927,2023,60A088927,3,9,0,4,4,4,8,0,0,1,0,0,0,0,2,1,6,6,1,53,8,-1,-1,-1,-1,-1,-1,0,-1
2023131362387,2023,131362387,1,9,0,4,4,4,8,0,0,4,0,0,0,0,2,1,1,1,1,55,8,-1,-1,-1,-1,7,E01011833,0,-1
2023131370381,2023,131370381,2,1,0,18,19,7,3,4,4,1,0,0,0,0,3,1,6,6,1,21,5,-1,-1,-1,-1,5,E01011435,0,-1
2023440431432,2023,440431432,1,9,0,13,13,8,4,0,0,0,0,0,0,0,0,1,6,6,1,29,6,-1,-1,-1,-1,10,E01022852,0,-1
2023430173593,2023,430173593,1,9,0,18,19,2,6,0,0,8,0,0,0,0,1,1,6,6,1,-1,-1,-1,-1,-1,-1,-1,-1,0,-1
2023131347005,2023,131347005,2,19,0,2,2,0,0,0,0,0,0,0,0,0,0,1,6,6,3,-1,-1,-1,-1,-1,-1,-1,-1,0,-1
2023010478126,2023,010478126,1,1,9,99,99,9,9,99,99,0,9,99,9,99,1,1,3,7,1,36,7,-1,-1,-1,-1,4,E01002665,0,-1
2023411270973,2023,411270973,1,9,0,3,3,0,0,0,0,1,0,0,0,0,4,1,3,7,1,-1,-1,-1,-1,-1,-1,10,E01023824,0,-1
2023131302027,2023,131302027,1,9,0,-1,-1,-1,-1,-1,-1,-1,-1,-1,-1,-1,-1,1,6,6,3,99,11,-1,-1,-1,-1,-1,-1,0,-1
2023041345625,2023,041345625,1,9,0,18,19,3,7,0,0,0,0,0,0,0,1,1,6,6,3,-1,-1,-1,-1,-1,-1,-1,-1,0,-1
2023332301290,2023,332301290,1,1,0,14,14,3,7,0,0,0,0,0,0,0,1,1,6,6,2,30,6,-1,-1,-1,-1,1,E01013726,0,-1
2023010440422,2023,010440422,2,3,0,13,13,2,6,0,0,2,0,0,0,0,1,1,6,6,1,22,5,-1,-1,-1,-1,-1,-1,0,-1
2023161362696,2023,161362696,1,1,0,18,19,7,3,0,0,0,0,4,0,0,1,1,2,2,1,52,8,-1,-1,-1,-1,1,E01012874,0,-1
2023421393794,2023,421393794,1,9,0,4,4,8,4,0,0,0,0,0,0,0,1,1,6,6,2,30,6,-1,-1,-1,-1,-1,-1,0,-1
2023010431267,2023,010431267,1,9,0,18,19,7,3,0,0,0,9,0,9,0,1,9,6,6,3,-1,-1,-1,-1,-1,-1,-1,-1,0,-1
2023471260509,2023,471260509,2,1,0,18,19,7,3,0,0,1,0,0,0,0,1,1,6,6,1,40,7,-1,-1,-1,-1,9,E01023999,0,-1
2023201314843,2023,201314843,1,9,0,5,5,8,4,0,0,8,0,0,0,0,1,1,6,6,3,-1,-1,-1,-1,-1,-1,-1,-1,0,-1
2023440030888,2023,440030888,2,9,0,18,19,5,1,0,0,1,0,0,0,0,1,1,6,6,1,39,7,-1,-1,-1,-1,5,E01017030,0,-1
2023101276221,2023,101276221,1,9,0,18,19,8,4,0,0,6,0,0,0,0,0,1,6,6,3,-1,-1,-1,-1,-1,-1,-1,-1,0,-1
2023421373454,2023,421373454,1,9,0,18,19,2,6,0,0,0,0,0,0,0,1,1,1,1,1,32,6,-1,-1,-1,-1,4,E01003684,0,-1
2023351277090,2023,351277090,1,-1,0,18,19,6,2,0,0,0,0,0,0,0,0,1,1,1,1,31,6,-1,-1,-1,-1,6,E01017967,1,-1
2023522300487,2023,522300487,2,9,0,7,7,6,8,0,0,8,0,0,0,0,4,1,6,6,1,-1,-1,-1,-1,-1,-1,-1,-1,0,-1
2023052301119,2023,052301119,2,1,0,18,19,3,7,0,0,0,0,0,0,0,3,1,6,6,1,27,6,-1,-1,-1,-1,8,E01018328,0,-1
2023010422167,2023,010422167,3,1,0,5,5,3,7,5,5,0,0,0,0,0,0,1,6,6,2,43,7,-1,-1,-1,-1,4,E01003907,0,-1
2023231307293,2023,231307293,1,9,0,18,19,3,7,0,0,0,0,0,0,0,0,1,6,6,1,43,7,-1,-1,-1,-1,6,E01031022,0,-1
2023010484254,2023,010484254,1,1,9,99,99,9,9,99,99,9,9,99,9,99,9,1,2,2,1,20,4,-1,-1,-1,-1,5,E01003233,0,-1
2023101275316,2023,101275316,2,1,0,18,19,5,1,0,0,1,0,0,0,0,3,1,5,6,2,24,5,-1,-1,-1,-1,7,E01008424,0,-1
2023421372038,2023,421372038,1,9,0,18,19,7,3,0,0,0,0,0,0,0,1,1,6,6,3,-1,-1,-1,-1,-1,-1,-1,-1,0,-1
202360A191544,2023,60A191544,1,9,0,18,19,7,3,0,0,0,0,8,0,0,1,1,6,6,3,-1,-1,-1,-1,-1,-1,-1,-1,0,-1
2023501273643,2023,501273643,4,9,0,18,19,6,2,0,0,0,1,0,0,0,0,1,6,6,3,-1,-1,-1,-1,-1,-1,-1,-1,0,-1
2023461353412,2023,461353412,2,9,0,3,3,1,5,0,0,1,0,0,0,0,2,1,6,6,3,-1,-1,-1,-1,-1,-1,-1,-1,0,-1
2023430495456,2023,430495456,1,9,0,18,19,3,7,0,0,0,0,0,0,0,3,1,6,6,3,-1,-1,-1,-1,-1,-1,-1,-1,0,-1
2023332300309,2023,332300309,1,9,0,16,19,7,1,0,0,2,0,0,0,0,4,1,6,6,2,21,5,-1,-1,-1,-1,1,E01013755,0,-1
2023101319999,2023,101319999,1,9,-1,12,12,5,1,0,0,8,0,0,0,0,2,1,6,6,3,-1,-1,-1,-1,-1,-1,-1,-1,0,-1
2023111273737,2023,111273737,2,1,0,18,19,3,7,0,0,2,0,0,0,0,4,1,6,6,1,63,9,-1,-1,-1,-1,4,E01020899,0,-1
2023201376013,2023,201376013,2,9,0,3,3,8,4,0,0,1,0,0,0,0,1,1,6,6,3,-1,-1,-1,-1,-1,-1,-1,-1,0,-1
2023361350559,2023,361350559,2,-1,0,-1,-1,-1,-1,-1,-1,1,-1,-1,-1,0,1,1,6,6,3,-1,-1,-1,-1,-1,-1,-1,-1,1,-1
2023991300585,2023,991300585,2,1,0,18,19,3,7,0,0,4,0,0,0,0,4,1,5,6,1,57,9,-1,-1,-1,-1,-1,-1,0,-1
2023131340416,2023,131340416,2,1,0,18,19,7,3,0,0,0,0,0,0,0,3,1,6,6,1,39,7,-1,-1,-1,-1,8,E01010858,0,-1
2023131309369,2023,131309369,2,1,0,18,19,2,4,0,0,8,0,0,0,0,1,1,6,6,2,29,6,-1,-1,-1,-1,4,E01011286,0,-1
2023451348023,2023,451348023,2,1,0,18,19,1,5,9,9,8,0,0,0,0,1,1,5,6,1,17,4,-1,-1,-1,-1,10,E01030367,0,-1
2023010428489,2023,010428489,1,9,0,18,19,5,1,0,0,1,0,0,0,0,1,2,6,6,1,-1,-1,-1,-1,-1,-1,-1,-1,0,-1
2023430301213,2023,430301213,3,19,0,10,10,6,4,0,0,1,0,0,0,0,3,1,6,6,1,37,7,-1,-1,-1,-1,-1,-1,0,-1
2023201372653,2023,201372653,2,9,0,10,10,2,8,0,0,1,0,4,0,0,2,1,6,6,1,43,7,-1,-1,-1,-1,5,E01010069,0,-1
2023010462353,2023,010462353,2,9,0,99,99,9,9,99,99,9,9,99,9,99,9,9,6,6,3,-1,-1,-1,-1,-1,-1,-1,-1,0,-1
2023010435736,2023,010435736,1,19,0,99,99,9,9,99,99,9,9,99,9,99,9,9,6,6,3,-1,-1,-1,-1,-1,-1,-1,-1,0,-1
2023991302601,2023,991302601,1,5,0,17,19,2,7,0,0,0,5,0,0,0,1,1,5,6,1,65,9,-1,-1,-1,-1,-1,-1,0,-1
2023401363893,2023,401363893,2,9,0,18,19,4,8,0,0,0,1,0,0,0,1,1,1,1,1,59,9,-1,-1,-1,-1,3,E01015783,0,-1
2023991376506,2023,991376506,2,1,0,18,19,5,1,0,0,1,0,0,0,0,4,1,2,2,1,38,7,-1,-1,-1,-1,1,-1,0,-1
2023430137804,2023,430137804,1,9,0,18,19,1,5,0,0,0,0,8,0,0,4,1,6,6,3,-1,-1,-1,-1,-1,-1,-1,-1,0,-1
2023010467809,2023,010467809,1,1,9,99,99,9,9,99,99,9,9,99,9,99,1,1,2,2,1,30,6,-1,-1,-1,-1,1,E01001821,0,-1
2023161323197,2023,161323197,2,9,0,16,19,2,6,0,0,8,0,0,0,0,1,1,6,6,1,-1,-1,-1,-1,-1,-1,1,E01012898,0,-1
2023522300744,2023,522300744,2,-1,0,13,13,8,4,0,0,1,0,0,0,0,1,1,6,6,1,23,5,-1,-1,-1,-1,-1,-1,1,-1
2023070620121,2023,070620121,1,19,0,18,19,6,2,0,0,0,0,0,0,0,1,1,1,1,1,-1,-1,-1,-1,-1,-1,-1,-1,0,-1
2023041392821,2023,041392821,1,9,0,2,2,-1,-1,0,0,0,0,0,0,0,0,1,6,6,3,-1,-1,-1,-1,-1,-1,-1,-1,0,-1
2023461331747,2023,461331747,1,9,0,18,19,5,1,0,0,0,0,0,0,0,0,1,6,6,3,-1,-1,-1,-1,-1,-1,-1,-1,0,-1
2023052302832,2023,052302832,1,9,0,5,5,3,7,0,0,0,0,0,0,0,1,1,6,6,2,-1,-1,-1,-1,-1,-1,-1,-1,0,-1
2023010472601,2023,010472601,2,9,0,99,99,9,9,99,99,9,9,99,9,99,9,9,6,6,3,-1,-1,-1,-1,-1,-1,-1,-1,0,-1
2023440154896,2023,440154896,1,9,0,18,19,7,3,0,0,0,0,0,0,0,1,1,2,2,1,50,8,-1,-1,-1,-1,10,E01016322,0,-1
2023461377580,2023,461377580,2,1,0,18,19,4,8,0,0,1,0,0,0,0,3,1,6,6,1,17,4,-1,-1,-1,-1,10,E01024644,0,-1
2023320758538,2023,320758538,1,9,0,17,19,8,4,0,0,0,0,0,1,9,1,1,6,6,1,43,7,-1,-1,-1,-1,5,E01013211,0,-1
2023332300034,2023,332300034,2,1,0,18,19,1,5,2,2,8,0,0,0,0,1,1,6,6,1,42,7,-1,-1,-1,-1,4,E01013607,0,-1
2023131265710,2023,131265710,2,9,0,-1,-1,-1,-1,-1,-1,0,-1,-1,-1,-1,-1,1,6,6,3,-1,-1,-1,-1,-1,-1,-1,-1,0,-1
2023522300932,2023,522300932,1,1,0,9,9,2,8,0,0,5,0,0,0,0,3,1,6,6,2,37,7,-1,-1,-1,-1,6,E01014733,0,-1
2023010473641,2023,010473641,2,1,9,99,99,9,9,99,99,9,9,99,9,99,1,1,6,6,1,-1,-1,-1,-1,-1,-1,-1,-1,0,-1
2023010479969,2023,010479969,2,1,0,5,5,5,1,0,0,1,0,0,0,0,4,1,6,6,1,28,6,-1,-1,-1,-1,3,E01001238,0,-1
2023461348829,2023,461348829,2,21,1,4,4,3,7,0,0,0,0,0,0,0,2,1,6,6,3,-1,-1,-1,-1,-1,-1,-1,-1,0,-1
2023471309006,2023,471309006,2,1,0,18,19,8,4,0,0,8,0,0,0,0,2,1,6,6,1,75,10,-1,-1,-1,-1,8,E01031420,0,-1
2023401274306,2023,401274306,2,9,0,4,4,5,8,0,0,0,0,0,0,0,2,1,6,6,1,38,7,-1,-1,-1,-1,8,E01017461,0,-1
2023010437792,2023,010437792,2,1,0,13,13,3,7,0,0,2,0,0,0,0,1,1,2,2,1,34,6,-1,-1,-1,-1,5,E01003842,0,-1
2023010428117,2023,010428117,2,1,0,18,19,7,3,0,0,2,0,0,0,0,2,1,2,2,2,17,4,-1,-1,-1,-1,1,E01003246,0,-1
2023201364567,2023,201364567,1,19,0,9,9,7,6,0,0,5,0,0,0,0,1,1,1,1,1,59,9,-1,-1,-1,-1,5,E01010354,0,-1
2023320412737,2023,320412737,2,1,0,18,19,2,6,9,9,0,5,0,0,0,1,1,6,6,2,9,2,-1,-1,-1,-1,1,E01026312,0,-1
2023531308527,2023,531308527,2,1,0,18,19,-1,-1,0,0,0,0,11,0,0,1,1,6,6,1,-1,-1,-1,-1,-1,-1,6,E01022194,0,-1
2023311271902,2023,311271902,2,1,0,18,19,6,2,9,9,0,0,0,7,11,1,1,6,6,2,64,9,-1,-1,-1,-1,2,E01013888,0,-1
2023010464338,2023,010464338,2,1,9,99,99,9,9,99,99,9,9,99,9,99,9,1,6,6,1,-1,-1,-1,-1,-1,-1,-1,-1,0,-1
2023041317022,2023,041317022,2,9,0,4,4,3,7,0,0,0,0,0,0,0,1,2,5,6,2,21,5,-1,-1,-1,-1,10,E01025007,0,-1
2023471384369,2023,471384369,2,1,0,18,19,5,1,0,0,0,0,0,1,10,2,1,5,6,1,40,7,-1,-1,-1,-1,2,E01021183,0,-1
2023061282688,2023,061282688,2,9,-1,-1,-1,-1,-1,-1,-1,-1,-1,-1,-1,0,-1,1,6,6,2,30,6,-1,-1,-1,-1,-1,-1,0,-1
2023010438940,2023,010438940,1,1,9,99,99,9,9,99,99,9,9,99,9,99,9,1,1,1,1,39,7,-1,-1,-1,-1,1,E01002066,0,-1
2023471319371,2023,471319371,2,9,0,18,19,3,8,0,0,1,0,0,0,0,1,1,6,6,1,-1,-1,-1,-1,-1,-1,-1,-1,0,-1
2023531361470,2023,531361470,1,9,0,18,19,5,1,0,0,0,0,0,0,0,1,1,6,6,3,25,5,-1,-1,-1,-1,-1,-1,0,-1
2023351314170,2023,351314170,2,1,0,18,19,-1,-1,4,4,8,5,0,0,0,3,1,6,6,1,29,6,-1,-1,-1,-1,8,E01018001,0,-1
2023201463307,2023,201463307,1,1,0,18,19,8,4,0,0,0,0,0,0,0,4,1,6,6,1,45,7,-1,-1,-1,-1,1,E01010410,0,-1
2023010456494,2023,010456494,2,1,0,5,5,1,5,0,0,8,5,0,0,0,1,1,2,2,2,33,6,-1,-1,-1,-1,2,E01033703,0,-1
2023520000649,2023,520000649,1,9,0,99,99,9,9,9,9,1,0,0,0,0,9,1,6,6,3,-1,-1,-1,-1,-1,-1,-1,-1,0,-1
2023332300561,2023,332300561,1,9,0,9,9,7,4,0,0,5,0,0,0,0,1,1,6,6,1,32,6,-1,-1,-1,-1,4,E01025827,0,-1
2023111282669,2023,111282669,1,19,0,18,19,4,7,0,0,1,0,0,0,0,1,1,5,6,3,30,6,-1,-1,-1,-1,-1,-1,0,-1
2023010422699,2023,010422699,1,9,0,18,19,7,3,0,0,0,1,10,2,2,4,1,6,6,2,67,10,-1,-1,-1,-1,7,E01002825,0,-1
2023471381598,2023,471381598,1,9,0,9,9,5,3,0,0,6,0,0,3,0,1,1,6,6,1,38,7,-1,-1,-1,-1,3,E01016891,0,-1
2023351368449,2023,351368449,2,1,0,18,19,3,7,0,0,1,0,0,0,0,1,1,2,2,1,53,8,-1,-1,-1,-1,8,E01017992,0,-1
2023520400995,2023,520400995,1,9,5,18,19,6,2,0,0,0,0,0,0,0,2,1,6,6,1,29,6,-1,-1,-1,-1,1,E01029293,0,-1
2023010488952,2023,010488952,2,9,9,18,19,1,5,0,0,9,9,99,0,0,1,9,6,6,3,-1,-1,-1,-1,-1,-1,-1,-1,0,-1
2023010486798,2023,010486798,2,1,0,18,19,5,1,0,0,8,5,0,0,0,1,1,6,6,1,26,6,-1,-1,-1,-1,3,E01032584,0,-1
2023161343273,2023,161343273,2,9,0,10,10,8,4,0,0,1,0,0,0,0,0,1,6,6,3,-1,-1,-1,-1,-1,-1,-1,-1,0,-1
2023401313850,2023,401313850,2,1,0,18,19,3,7,0,0,8,0,0,0,0,3,1,5,6,1,54,8,-1,-1,-1,-1,10,E01017460,0,-1
2023010453699,2023,010453699,1,1,9,99,99,9,9,99,99,9,9,99,9,99,9,1,6,6,1,37,7,-1,-1,-1,-1,1,E01003060,0,-1
2023211341205,2023,211341205,1,9,0,18,19,5,1,0,0,0,0,0,0,0,4,1,6,6,2,22,5,-1,-1,-1,-1,-1,-1,0,-1
2023631381952,2023,631381952,1,9,0,17,19,3,7,0,0,0,1,0,1,4,1,1,1,1,1,53,8,-1,-1,-1,-1,6,W01000433,0,-1
2023122300721,2023,122300721,1,9,0,18,19,2,6,0,0,1,0,0,0,0,1,1,6,6,3,-1,-1,-1,-1,-1,-1,-1,-1,0,-1
2023010423949,2023,010423949,2,1,0,18,19,4,8,5,5,1,0,0,0,0,1,1,6,6,1,20,4,-1,-1,-1,-1,3,E01015927,0,-1
2023010479440,2023,010479440,2,1,0,4,4,5,1,4,4,1,5,0,0,0,0,1,2,2,1,44,7,-1,-1,-1,-1,10,E01003010,0,-1
2023340WN4842,2023,340WN4842,1,9,0,4,4,1,5,0,0,1,1,0,0,0,1,1,6,6,1,47,8,-1,-1,-1,-1,9,E01027275,0,-1
2023501274038,2023,501274038,1,9,0,18,19,3,1,0,0,0,0,0,0,0,0,1,6,6,3,-1,-1,-1,-1,-1,-1,-1,-1,0,-1
2023201381364,2023,201381364,2,97,0,18,19,6,2,0,0,0,0,0,0,0,1,1,6,6,1,-1,-1,-1,-1,-1,-1,-1,-1,0,-1
2023471288084,2023,471288084,1,9,0,18,19,1,5,0,0,1,1,11,0,0,1,1,1,1,1,58,9,-1,-1,-1,-1,10,E01031619,0,-1
2023010475474,2023,010475474,2,1,0,5,5,3,7,0,0,1,0,0,0,0,4,1,6,6,2,31,6,-1,-1,-1,-1,2,E01004471,0,-1
2023170L20143,2023,170L20143,2,19,0,1,1,4,8,0,0,8,0,0,0,0,2,1,6,6,1,-1,-1,-1,-1,-1,-1,-1,-1,0,-1
2023071078653,2023,071078653,1,20,0,18,19,2,6,0,0,0,0,0,0,0,4,1,6,6,3,-1,-1,-1,-1,-1,-1,-1,-1,0,-1
2023052302652,2023,052302652,1,1,0,18,19,1,5,0,0,1,0,0,0,0,1,1,6,6,1,31,6,-1,-1,-1,-1,2,E01006813,0,-1
2023010473428,2023,010473428,1,1,0,18,19,1,5,0,0,8,0,0,0,0,1,1,6,6,1,22,5,-1,-1,-1,-1,10,E01003007,0,-1
2023522301278,2023,522301278,1,1,0,18,19,4,8,2,2,8,0,0,0,0,3,1,6,6,2,15,3,-1,-1,-1,-1,1,E01014583,0,-1
2023332300292,2023,332300292,2,1,0,18,19,5,1,0,0,0,0,0,0,0,1,1,6,6,1,-1,-1,-1,-1,-1,-1,3,E01013665,0,-1
2023991274037,2023,991274037,1,9,0,18,19,1,4,0,0,8,0,0,0,0,3,1,5,6,2,29,6,-1,-1,-1,-1,1,-1,0,-1
2023041342910,2023,041342910,1,-1,0,7,7,3,5,0,0,2,0,0,0,0,1,1,5,6,1,16,4,-1,-1,-1,-1,2,E01012573,1,-1
2023991290113,2023,991290113,1,1,0,18,19,7,3,0,0,1,0,0,0,0,1,1,6,6,1,23,5,-1,-1,-1,-1,-1,-1,0,-1