collision_index,collision_year,collision_ref_no,vehicle_reference,vehicle_type,towing_and_articulation,vehicle_manoeuvre_historic,vehicle_manoeuvre,vehicle_direction_from,vehicle_direction_to,vehicle_location_restricted_lane_historic,vehicle_location_restricted_lane,junction_location,skidding_and_overturning,hit_object_in_carriageway,vehicle_leaving_carriageway,hit_object_off_carriageway,first_point_of_impact,vehicle_left_hand_drive,journey_purpose_of_driver_historic,journey_purpose_of_driver,sex_of_driver,age_of_driver,age_band_of_driver,engine_capacity_cc,propulsion_code,age_of_vehicle,generic_make_model,driver_imd_decile,lsoa_of_driver,escooter_flag,driver_distance_banding
2023010459627,2023,010459627,1,1,9,99,99,9,9,99,99,9,9,99,9,99,1,1,6,6,1,38,7,-1,-1,-1,-1,3,E01003976,0,-1
2023111351931,2023,111351931,1,9,0,18,19,7,2,0,0,0,0,0,0,0,0,1,6,6,3,30,6,-1,-1,-1,-1,-1,-1,0,-1
2023010486093,2023,010486093,3,9,0,99,99,9,9,99,99,9,9,99,9,99,1,9,6,6,3,-1,-1,-1,-1,-1,-1,-1,-1,0,-1
2023122301127,2023,122301127,2,1,0,18,19,2,6,0,0,0,0,0,0,0,3,1,6,6,1,42,7,-1,-1,-1,-1,7,E01013400,0,-1
2023351271914,2023,351271914,2,1,0,18,19,-1,-1,0,0,3,0,0,0,0,3,1,5,6,1,16,4,-1,-1,-1,-1,6,E01017962,0,-1
2023451286296,2023,451286296,2,9,0,18,19,1,5,0,0,0,0,0,0,0,0,1,6,6,3,45,7,-1,-1,-1,-1,-1,-1,0,-1
2023101384706,2023,101384706,1,9,0,6,6,1,5,0,0,0,0,0,0,0,2,1,6,6,1,40,7,-1,-1,-1,-1,-1,-1,0,-1
2023010440777,2023,010440777,1,9,0,5,5,2,6,0,0,6,0,0,0,0,1,1,2,2,1,51,8,-1,-1,-1,-1,3,E01002553,0,-1
2023131365860,2023,131365860,2,1,0,18,19,1,5,4,4,1,0,0,0,0,1,1,6,6,1,59,9,-1,-1,-1,-1,2,E01032502,0,-1
2023471328339,2023,471328339,1,1,0,-1,-1,7,3,-1,-1,0,-1,-1,-1,-1,-1,1,6,6,3,-1,-1,-1,-1,-1,-1,-1,-1,0,-1
2023211328054,2023,211328054,1,19,0,18,19,7,7,0,0,0,0,0,0,0,1,1,1,1,1,32,6,-1,-1,-1,-1,3,W01000411,0,-1
2023052300647,2023,052300647,1,9,0,18,19,1,5,0,0,2,0,0,0,0,1,1,6,6,1,23,5,-1,-1,-1,-1,1,E01006676,0,-1
2023201296613,2023,201296613,3,1,0,18,19,6,2,0,0,0,0,0,0,0,1,1,6,6,1,40,7,-1,-1,-1,-1,5,E01010475,0,-1
2023461277034,2023,461277034,1,9,0,18,19,1,5,0,0,2,0,0,0,0,1,1,5,6,1,49,8,-1,-1,-1,-1,6,E01024513,0,-1
2023610002723,2023,610002723,1,9,0,18,19,8,4,0,0,4,0,0,0,0,2,1,2,2,2,26,6,-1,-1,-1,-1,8,E01022255,0,-1
2023052301230,2023,052301230,1,1,0,18,19,1,5,0,0,1,0,0,0,0,3,1,6,6,1,12,3,-1,-1,-1,-1,1,E01006560,0,-1
2023010441436,2023,010441436,2,9,0,99,99,9,9,99,99,9,9,99,9,99,9,9,6,6,3,-1,-1,-1,-1,-1,-1,-1,-1,0,-1
2023302300862,2023,302300862,1,9,0,18,19,3,7,0,0,0,0,0,0,0,4,1,6,6,3,-1,-1,-1,-1,-1,-1,5,E01019456,0,-1
2023471359358,2023,471359358,2,1,0,5,5,6,2,0,0,8,0,0,0,0,2,1,6,6,1,37,7,-1,-1,-1,-1,4,E01002063,0,-1
2023302300966,2023,302300966,1,9,0,6,6,5,5,0,0,0,0,0,0,0,3,1,6,6,1,67,10,-1,-1,-1,-1,8,E01019600,0,-1
2023131360515,2023,131360515,2,1,0,15,15,1,5,0,0,1,0,0,1,0,1,1,5,6,1,54,8,-1,-1,-1,-1,1,E01010965,0,-1
2023421338665,2023,421338665,2,1,0,18,19,3,7,0,0,0,0,4,0,0,3,1,6,6,1,36,7,-1,-1,-1,-1,8,E01015913,0,-1
2023010429561,2023,010429561,2,1,0,17,19,7,3,0,0,3,0,0,0,0,2,1,6,6,1,38,7,-1,-1,-1,-1,2,E01004067,0,-1
2023471327264,2023,471327264,2,1,0,18,19,7,3,0,0,3,0,0,0,0,3,1,2,2,1,35,6,-1,-1,-1,-1,8,E01031420,0,-1
2023471266685,2023,471266685,2,9,0,18,19,7,3,0,0,0,0,0,0,0,2,1,1,1,1,39,7,-1,-1,-1,-1,3,E01022914,0,-1
2023010456391,2023,010456391,1,9,0,99,99,9,9,99,99,9,9,0,0,0,1,9,6,6,3,-1,-1,-1,-1,-1,-1,-1,-1,0,-1
2023231280123,2023,231280123,2,-1,0,18,19,2,6,9,9,1,0,0,0,0,1,1,5,6,1,12,3,-1,-1,-1,-1,1,E01031043,1,-1
2023411295921,2023,411295921,2,1,0,17,19,1,5,0,0,8,0,0,0,0,1,1,6,6,1,51,8,-1,-1,-1,-1,5,E01023933,0,-1
2023302300091,2023,302300091,3,9,0,2,2,0,0,0,0,0,0,0,0,0,0,1,6,6,3,-1,-1,-1,-1,-1,-1,5,E01019456,0,-1
202363C025923,2023,63C025923,1,9,0,13,13,3,7,0,0,0,5,0,8,10,3,1,6,6,1,50,8,-1,-1,-1,-1,-1,-1,0,-1
2023122301155,2023,122301155,1,9,0,9,9,5,3,0,0,8,0,0,0,0,1,1,6,6,3,-1,-1,-1,-1,-1,-1,-1,-1,0,-1
202363C025923,2023,63C025923,3,9,0,18,19,3,7,0,0,0,0,0,0,0,0,1,6,6,1,71,10,-1,-1,-1,-1,-1,-1,0,-1
2023461333399,2023,461333399,1,21,1,18,19,8,7,0,0,8,0,0,0,0,3,1,6,6,1,52,8,-1,-1,-1,-1,-1,-1,0,-1
2023061348370,2023,061348370,1,9,0,7,7,5,7,0,0,1,0,0,0,0,4,1,6,6,3,-1,-1,-1,-1,-1,-1,-1,-1,0,-1
2023552300922,2023,552300922,2,1,0,18,19,4,8,0,0,8,0,0,0,0,1,1,6,6,1,74,10,-1,-1,-1,-1,4,E01015385,0,-1
2023010441004,2023,010441004,1,1,9,99,99,9,9,0,0,9,0,0,0,0,2,1,6,6,2,38,7,-1,-1,-1,-1,5,E01003340,0,-1
2023010464448,2023,010464448,1,1,9,99,99,9,9,99,99,9,9,99,9,99,1,1,6,6,3,-1,-1,-1,-1,-1,-1,3,E01002823,0,-1
2023031324573,2023,031324573,2,20,1,18,19,5,1,0,0,1,0,0,0,0,1,1,1,1,3,43,7,-1,-1,-1,-1,-1,-1,0,-1
2023010419392,2023,010419392,1,9,0,18,19,3,7,0,0,2,0,0,0,0,1,1,6,6,3,-1,-1,-1,-1,-1,-1,-1,-1,0,-1
2023421354734,2023,421354734,1,3,0,14,14,3,6,0,0,1,0,0,0,0,1,1,1,1,1,34,6,-1,-1,-1,-1,9,E01021240,0,-1
2023010447962,2023,010447962,2,90,9,99,99,9,9,99,99,9,9,99,9,99,9,9,6,6,3,-1,-1,-1,-1,-1,-1,-1,-1,0,-1
2023302301801,2023,302301801,2,1,0,18,19,8,4,0,0,2,0,0,0,0,2,1,1,1,1,40,7,-1,-1,-1,-1,5,E01019436,0,-1
2023052301842,2023,052301842,1,9,0,18,19,3,7,0,0,4,0,0,0,0,1,1,1,1,1,30,6,-1,-1,-1,-1,7,E01007267,0,-1
2023010420824,2023,010420824,1,1,9,99,99,9,9,99,99,9,9,99,9,99,9,1,2,2,1,45,7,-1,-1,-1,-1,3,E01002540,0,-1
2023421382785,2023,421382785,2,-1,0,18,19,7,3,0,0,0,0,0,0,0,4,1,2,2,1,22,5,-1,-1,-1,-1,9,E01015941,1,-1
2023361353636,2023,361353636,2,1,0,18,19,-1,-1,0,0,0,0,0,0,0,1,1,6,6,2,-1,-1,-1,-1,-1,-1,10,E01026574,0,-1
2023041275404,2023,041275404,1,97,0,18,19,-1,-1,0,0,0,0,0,0,0,-1,1,6,6,1,21,5,-1,-1,-1,-1,1,E01025447,0,-1
2023371322497,2023,371322497,1,9,0,17,19,7,1,0,0,0,0,0,0,0,0,1,6,6,3,-1,-1,-1,-1,-1,-1,-1,-1,0,-1
2023170S11793,2023,170S11793,2,1,0,18,19,3,7,0,0,0,0,0,0,0,2,1,6,6,1,61,9,-1,-1,-1,-1,1,E01032543,0,-1
2023361347667,2023,361347667,1,9,0,5,5,8,8,0,0,0,0,0,0,0,1,1,6,6,2,-1,-1,-1,-1,-1,-1,-1,-1,0,-1
2023522300460,2023,522300460,3,9,0,2,2,0,0,6,6,0,0,0,0,0,2,1,6,6,1,-1,-1,-1,-1,-1,-1,-1,-1,0,-1
2023010451761,2023,010451761,2,8,9,99,99,9,9,0,0,9,0,99,0,0,9,9,6,6,3,-1,-1,-1,-1,-1,-1,-1,-1,0,-1
2023010461059,2023,010461059,1,19,0,18,19,7,3,0,0,0,0,0,0,0,2,1,1,1,1,27,6,-1,-1,-1,-1,1,E01026624,0,-1
2023010470908,2023,010470908,2,1,0,18,19,1,5,9,9,1,0,0,0,0,1,1,6,6,1,43,7,-1,-1,-1,-1,6,E01004474,0,-1
2023221312538,2023,221312538,2,1,0,18,19,6,2,0,0,6,0,0,0,0,1,1,5,6,1,5,1,-1,-1,-1,-1,5,E01014051,0,-1
2023201295762,2023,201295762,2,1,0,18,19,2,6,0,0,2,0,0,0,0,3,1,1,1,1,29,6,-1,-1,-1,-1,1,E01009638,0,-1
2023201326081,2023,201326081,1,9,0,12,12,4,8,0,0,1,0,7,7,6,1,1,1,1,1,33,6,-1,-1,-1,-1,6,E01009278,0,-1
2023010430272,2023,010430272,2,9,0,99,99,9,9,99,99,9,9,99,9,99,9,9,6,6,3,-1,-1,-1,-1,-1,-1,6,E01001084,0,-1
2023101269344,2023,101269344,1,9,-1,5,5,3,7,0,0,8,0,0,0,0,4,1,6,6,3,-1,-1,-1,-1,-1,-1,-1,-1,0,-1
2023332301202,2023,332301202,1,1,0,18,19,9,9,0,0,0,0,0,0,0,1,1,6,6,1,-1,-1,-1,-1,-1,-1,-1,-1,0,-1
2023610052223,2023,610052223,1,1,0,18,19,2,6,0,0,1,0,0,0,0,1,1,6,6,1,15,3,-1,-1,-1,-1,2,W01001633,0,-1
2023501347690,2023,501347690,1,9,0,4,4,3,7,0,0,0,1,0,0,0,1,1,5,6,1,44,7,-1,-1,-1,-1,7,E01018806,0,-1
2023201389326,2023,201389326,2,1,0,18,19,2,6,9,9,1,0,7,1,10,1,1,6,6,1,38,7,-1,-1,-1,-1,-1,-1,0,-1
2023552301126,2023,552301126,2,1,0,18,19,2,6,0,0,0,0,0,0,0,3,1,6,6,1,32,6,-1,-1,-1,-1,6,E01013418,0,-1
2023311357777,2023,311357777,2,1,0,18,19,6,2,0,0,8,5,0,0,0,3,1,5,6,1,44,7,-1,-1,-1,-1,9,E01027992,0,-1
2023010423194,2023,010423194,1,3,0,18,19,3,7,0,0,8,0,0,0,0,1,1,6,6,1,-1,-1,-1,-1,-1,-1,-1,-1,0,-1
2023451391068,2023,451391068,2,9,0,10,10,1,7,9,9,0,0,0,0,0,1,1,6,6,2,30,6,-1,-1,-1,-1,-1,-1,0,-1
2023451286176,2023,451286176,1,1,0,18,19,7,3,0,0,0,0,0,0,0,4,1,5,6,2,54,8,-1,-1,-1,-1,10,E01030958,0,-1
2023471331769,2023,471331769,1,9,0,18,19,2,6,0,0,0,0,0,0,0,1,1,6,6,1,-1,-1,-1,-1,-1,-1,-1,-1,0,-1
2023440293769,2023,440293769,2,1,0,18,19,4,8,0,0,0,1,0,0,0,2,1,6,6,1,65,9,-1,-1,-1,-1,8,E01026577,0,-1
2023010431223,2023,010431223,2,98,0,12,12,5,1,0,0,0,0,0,0,0,3,1,6,6,3,-1,-1,-1,-1,-1,-1,-1,-1,0,-1
2023101314331,2023,101314331,1,1,0,18,19,1,5,0,0,0,0,4,0,0,2,1,5,6,1,57,9,-1,-1,-1,-1,10,E01008550,0,-1
2023430026917,2023,430026917,1,9,0,18,19,5,1,0,0,0,1,10,7,0,1,1,2,2,2,53,8,-1,-1,-1,-1,5,E01016807,0,-1
2023421337937,2023,421337937,2,-1,0,18,19,7,4,9,9,0,0,0,0,0,3,1,2,2,1,18,4,-1,-1,-1,-1,4,E01021648,1,-1
2023320133698,2023,320133698,1,9,0,18,19,6,2,0,0,0,0,0,7,10,1,1,6,6,1,31,6,-1,-1,-1,-1,8,E01026229,0,-1
2023010431177,2023,010431177,1,1,9,99,99,9,9,99,99,0,9,99,9,99,1,1,6,6,3,-1,-1,-1,-1,-1,-1,-1,-1,0,-1
2023351345219,2023,351345219,2,1,0,18,19,4,8,4,4,1,0,0,0,0,3,1,6,6,1,21,5,-1,-1,-1,-1,7,E01032797,0,-1
2023501283100,2023,501283100,2,1,0,18,19,7,3,0,0,1,0,0,0,0,4,1,2,2,1,69,10,-1,-1,-1,-1,2,E01015026,0,-1
2023451337947,2023,451337947,2,9,0,18,19,5,7,0,0,0,0,0,0,0,1,1,6,6,3,50,8,-1,-1,-1,-1,-1,-1,0,-1
2023052301789,2023,052301789,2,1,0,18,19,1,5,0,0,8,0,0,0,0,2,1,6,6,1,26,6,-1,-1,-1,-1,5,E01006933,0,-1
2023141300153,2023,141300153,2,1,0,17,19,3,7,0,0,1,0,0,0,0,0,1,5,6,1,41,7,-1,-1,-1,-1,10,E01007954,0,-1
2023010422581,2023,010422581,1,1,9,99,99,9,9,99,99,9,9,99,9,99,9,1,6,6,1,34,6,-1,-1,-1,-1,3,E01004562,0,-1
2023010443421,2023,010443421,1,1,9,99,99,9,9,99,99,9,9,99,9,99,1,1,2,2,1,25,5,-1,-1,-1,-1,3,E01003177,0,-1
2023552300817,2023,552300817,2,90,0,18,19,2,6,0,0,8,0,0,0,0,1,1,2,2,1,40,7,-1,-1,-1,-1,4,E01015326,0,-1
2023311338287,2023,311338287,2,1,0,18,19,2,6,0,0,8,0,0,0,0,3,1,6,6,1,-1,-1,-1,-1,-1,-1,-1,-1,0,-1
2023122301143,2023,122301143,1,1,0,18,19,6,2,0,0,0,0,0,0,0,1,1,6,6,1,31,6,-1,-1,-1,-1,-1,-1,0,-1
2023340WN3462,2023,340WN3462,2,9,0,18,19,8,4,0,0,8,0,0,0,0,1,1,1,1,2,48,8,-1,-1,-1,-1,3,E01022976,0,-1
2023440023044,2023,440023044,1,1,0,18,19,4,8,0,0,0,0,0,0,0,3,1,2,2,1,32,6,-1,-1,-1,-1,4,E01017172,0,-1
2023010424453,2023,010424453,1,1,9,99,99,9,9,99,99,9,9,99,9,99,9,1,6,6,1,37,7,-1,-1,-1,-1,5,E01000224,0,-1
2023440051746,2023,440051746,2,9,0,18,19,8,4,0,0,1,0,0,0,0,1,1,6,6,3,-1,-1,-1,-1,-1,-1,-1,-1,0,-1
2023461295674,2023,461295674,1,19,0,18,19,7,3,0,0,0,0,0,0,0,1,1,6,6,3,-1,-1,-1,-1,-1,-1,-1,-1,0,-1
2023461323739,2023,461323739,2,9,0,3,3,5,1,0,0,0,0,0,0,0,1,1,6,6,3,-1,-1,-1,-1,-1,-1,-1,-1,0,-1
2023101366692,2023,101366692,1,-1,0,18,19,7,3,9,9,1,1,0,0,0,1,1,6,6,1,17,4,-1,-1,-1,-1,-1,-1,1,-1
2023201264464,2023,201264464,1,9,0,9,9,3,1,0,0,5,0,0,0,0,1,1,6,6,3,-1,-1,-1,-1,-1,-1,-1,-1,0,-1
2023311393316,2023,311393316,1,1,0,18,19,4,8,0,0,8,0,0,0,0,2,1,2,2,1,40,7,-1,-1,-1,-1,8,E01028288,0,-1
2023010450509,2023,010450509,2,1,0,18,19,1,5,9,9,1,0,4,0,0,1,1,4,7,1,9,2,-1,-1,-1,-1,4,E01001097,0,-1
2023131304857,2023,131304857,1,90,0,-1,-1,-1,-1,-1,-1,0,-1,-1,-1,-1,-1,1,6,6,3,-1,-1,-1,-1,-1,-1,-1,-1,0,-1
2023421367007,2023,421367007,1,1,0,9,9,6,1,9,9,0,0,10,0,0,1,1,5,6,1,7,2,-1,-1,-1,-1,3,E01021669,0,-1
2023340NN4182,2023,340NN4182,2,9,0,11,11,6,2,0,0,0,0,0,0,0,4,1,6,6,3,-1,-1,-1,-1,-1,-1,-1,-1,0,-1
2023170L20283,2023,170L20283,2,9,0,18,19,6,2,0,0,8,0,0,0,0,1,1,6,6,3,-1,-1,-1,-1,-1,-1,-1,-1,0,-1
2023131275854,2023,131275854,2,1,0,18,19,4,8,0,0,1,0,0,0,0,1,1,6,6,2,38,7,-1,-1,-1,-1,1,E01011134,0,-1
2023351276568,2023,351276568,1,21,1,10,10,1,5,0,0,7,0,0,0,0,3,1,1,1,1,45,7,-1,-1,-1,-1,-1,-1,0,-1
2023471316296,2023,471316296,3,9,-1,9,9,4,1,0,0,5,0,0,0,0,0,1,6,6,3,-1,-1,-1,-1,-1,-1,-1,-1,0,-1
2023010485410,2023,010485410,2,9,0,18,19,1,5,0,0,1,0,0,0,0,1,1,2,2,1,27,6,-1,-1,-1,-1,4,E01001085,0,-1
2023070956946,2023,070956946,2,8,0,16,19,1,5,0,0,0,0,0,0,0,0,1,6,6,3,-1,-1,-1,-1,-1,-1,-1,-1,0,-1
2023552300780,2023,552300780,2,1,0,18,19,6,2,0,0,0,0,0,0,0,2,1,1,1,1,63,9,-1,-1,-1,-1,4,E01032644,0,-1
2023461325400,2023,461325400,1,19,0,11,11,5,1,0,0,3,1,0,0,0,4,1,6,6,1,42,7,-1,-1,-1,-1,-1,-1,0,-1
2023311272541,2023,311272541,1,9,0,18,19,7,3,0,0,0,0,7,0,0,1,1,2,2,2,18,4,-1,-1,-1,-1,-1,-1,0,-1
2023501287952,2023,501287952,2,1,0,18,19,7,3,0,0,8,5,0,0,0,4,1,6,6,2,76,11,-1,-1,-1,-1,9,E01020086,0,-1
2023522300921,2023,522300921,2,-1,0,16,19,3,6,0,0,0,0,0,0,0,1,1,6,6,1,19,4,-1,-1,-1,-1,4,E01023204,1,-1
2023161282813,2023,161282813,2,9,0,18,19,8,4,0,0,0,0,0,0,0,3,1,6,6,1,-1,-1,-1,-1,-1,-1,-1,-1,0,-1
2023010470238,2023,010470238,2,9,0,15,15,7,3,0,0,1,0,0,0,0,1,1,6,6,1,43,7,-1,-1,-1,-1,7,E01021791,0,-1
2023531332353,2023,531332353,1,9,0,9,9,3,7,0,0,8,0,0,0,0,1,2,5,6,1,47,8,-1,-1,-1,-1,-1,-1,0,-1
2023340NN0592,2023,340NN0592,1,9,0,18,19,5,1,0,0,1,0,0,0,0,1,1,6,6,1,55,8,-1,-1,-1,-1,7,E01026978,0,-1
2023141297907,2023,141297907,2,97,0,18,19,1,5,0,0,0,0,0,0,0,1,1,6,6,1,27,6,-1,-1,-1,-1,1,E01008059,0,-1
2023010447879,2023,010447879,2,9,9,99,99,9,9,99,99,9,9,99,9,99,1,1,6,6,3,-1,-1,-1,-1,-1,-1,-1,-1,0,-1
2023111310281,2023,111310281,3,20,0,14,14,1,5,0,0,2,0,0,0,0,1,1,1,1,1,62,9,-1,-1,-1,-1,1,E01020765,0,-1
2023451343537,2023,451343537,1,1,0,6,6,2,6,0,0,2,0,0,1,0,0,1,6,6,1,46,8,-1,-1,-1,-1,4,E01002592,0,-1
2023010420797,2023,010420797,1,9,0,7,7,1,3,0,0,5,0,0,0,0,2,1,6,6,3,-1,-1,-1,-1,-1,-1,-1,-1,0,-1
2023311309522,2023,311309522,2,1,0,18,19,8,4,9,9,0,0,0,0,0,3,1,6,6,1,12,3,-1,-1,-1,-1,4,E01013936,0,-1
2023010447869,2023,010447869,1,1,9,99,99,9,9,99,99,9,9,99,9,99,9,1,6,6,1,63,9,-1,-1,-1,-1,8,E01030698,0,-1
2023101296425,2023,101296425,1,9,0,18,19,1,5,0,0,0,0,0,0,0,1,1,6,6,3,-1,-1,-1,-1,-1,-1,-1,-1,0,-1
2023451261719,2023,451261719,2,9,0,18,19,1,3,0,0,0,0,0,0,0,1,1,6,6,2,40,7,-1,-1,-1,-1,-1,-1,0,-1
2023201400859,2023,201400859,1,1,0,9,9,2,8,0,0,6,0,0,0,0,1,1,5,6,1,11,3,-1,-1,-1,-1,2,E01010343,0,-1
2023461338381,2023,461338381,2,9,0,18,19,8,4,0,0,0,0,0,0,0,1,1,1,1,1,28,6,-1,-1,-1,-1,5,E01024489,0,-1
2023221329452,2023,221329452,2,1,0,18,19,2,6,0,0,0,0,0,0,0,3,1,5,6,1,17,4,-1,-1,-1,-1,7,E01028921,0,-1
2023010469566,2023,010469566,1,1,9,99,99,9,9,99,99,9,9,99,9,99,1,1,6,6,1,35,6,-1,-1,-1,-1,5,E01033577,0,-1
2023501392622,2023,501392622,2,1,0,12,12,2,6,0,0,1,0,0,0,0,3,1,6,6,2,50,8,-1,-1,-1,-1,8,E01020023,0,-1
2023041389779,2023,041389779,1,9,0,18,19,1,5,0,0,1,0,0,0,0,4,1,6,6,3,-1,-1,-1,-1,-1,-1,-1,-1,0,-1
2023141356430,2023,141356430,1,9,0,13,13,4,2,0,0,0,0,0,0,0,2,1,6,6,3,-1,-1,-1,-1,-1,-1,-1,-1,0,-1
2023041306986,2023,041306986,1,9,0,4,4,1,1,0,0,1,0,0,0,0,1,1,6,6,1,43,7,-1,-1,-1,-1,9,E01025299,0,-1
2023010468373,2023,010468373,2,1,0,18,19,3,7,0,0,0,0,4,0,0,1,1,6,6,1,51,8,-1,-1,-1,-1,4,E01000242,0,-1
2023010484122,2023,010484122,2,9,0,99,99,9,9,99,99,9,9,99,9,99,9,9,6,6,3,-1,-1,-1,-1,-1,-1,-1,-1,0,-1
2023421374375,2023,421374375,2,1,0,18,19,7,3,9,9,0,0,0,0,0,2,1,3,7,2,11,3,-1,-1,-1,-1,4,E01015871,0,-1
2023430366033,2023,430366033,2,9,0,18,19,6,2,0,0,0,0,0,0,0,0,1,6,6,3,-1,-1,-1,-1,-1,-1,-1,-1,0,-1
2023991346086,2023,991346086,2,9,4,2,2,0,0,0,0,0,0,0,0,0,3,1,6,6,3,-1,-1,-1,-1,-1,-1,-1,-1,0,-1
2023351272023,2023,351272023,1,9,0,6,6,4,2,0,0,0,0,0,0,0,1,1,6,6,1,-1,-1,-1,-1,-1,-1,-1,-1,0,-1
2023430330666,2023,430330666,2,-1,0,18,19,4,8,0,0,8,0,0,0,0,3,1,6,6,1,-1,-1,-1,-1,-1,-1,-1,-1,1,-1
2023010445704,2023,010445704,2,9,0,99,99,9,9,99,99,9,9,99,9,99,1,9,6,6,3,-1,-1,-1,-1,-1,-1,-1,-1,0,-1
2023549871623,2023,549871623,1,9,0,18,19,6,2,0,0,0,0,0,0,0,3,1,6,6,3,-1,-1,-1,-1,-1,-1,-1,-1,0,-1
2023461340915,2023,461340915,1,5,0,17,19,7,3,0,0,0,1,0,1,0,3,1,5,6,1,57,9,-1,-1,-1,-1,-1,-1,0,-1
2023421353946,2023,421353946,3,9,0,18,19,6,2,0,0,0,0,0,0,0,4,1,6,6,2,-1,-1,-1,-1,-1,-1,-1,-1,0,-1
2023061351995,2023,061351995,1,9,0,9,9,6,4,0,0,5,0,0,0,0,4,1,6,6,3,40,7,-1,-1,-1,-1,-1,-1,0,-1
2023201338868,2023,201338868,1,1,0,18,19,2,6,0,0,1,0,0,0,0,4,1,6,6,1,-1,-1,-1,-1,-1,-1,-1,-1,0,-1
2023371334470,2023,371334470,1,9,-1,-1,-1,-1,-1,-1,-1,-1,-1,-1,-1,0,-1,1,6,6,3,-1,-1,-1,-1,-1,-1,-1,-1,0,-1
2023010462278,2023,010462278,1,1,9,99,99,9,9,99,99,9,9,99,9,99,9,1,6,6,1,24,5,-1,-1,-1,-1,5,E01004641,0,-1
2023010444198,2023,010444198,1,8,0,9,9,6,4,0,0,4,0,9,0,0,1,1,6,6,1,66,10,-1,-1,-1,-1,2,E01002969,0,-1
2023131370290,2023,131370290,2,1,0,18,19,1,5,0,0,3,0,0,0,0,4,1,5,6,1,24,5,-1,-1,-1,-1,6,E01010785,0,-1
2023010444076,2023,010444076,2,19,0,99,99,9,9,99,99,9,9,99,9,99,1,9,6,6,3,-1,-1,-1,-1,-1,-1,-1,-1,0,-1
2023131384060,2023,131384060,1,98,0,-1,-1,-1,-1,-1,-1,-1,-1,-1,-1,0,-1,1,6,6,3,-1,-1,-1,-1,-1,-1,-1,-1,0,-1
2023411379454,2023,411379454,3,-1,0,4,4,7,3,0,0,0,0,0,0,0,2,1,6,6,3,-1,-1,-1,-1,-1,-1,-1,-1,0,-1
2023549065123,2023,549065123,2,1,0,18,19,7,5,0,0,3,0,0,0,0,1,1,6,6,1,59,9,-1,-1,-1,-1,5,E01032022,0,-1
2023061353935,2023,061353935,3,1,0,18,19,7,3,0,0,1,0,0,0,0,1,1,2,2,2,35,6,-1,-1,-1,-1,4,E01005296,0,-1
2023211320635,2023,211320635,2,9,0,12,12,4,8,0,0,0,0,0,0,0,2,1,5,6,1,22,5,-1,-1,-1,-1,-1,-1,0,-1
2023041271934,2023,041271934,1,97,0,12,12,1,5,0,0,2,0,0,2,0,1,1,5,6,1,32,6,-1,-1,-1,-1,1,E01025224,0,-1
2023010435633,2023,010435633,2,1,0,18,19,3,7,4,4,8,0,0,0,0,1,1,2,2,1,33,6,-1,-1,-1,-1,2,E01003321,0,-1
2023311383996,2023,311383996,1,9,0,9,9,2,8,0,0,8,0,0,0,0,0,1,6,6,1,-1,-1,-1,-1,-1,-1,-1,-1,0,-1
2023520301331,2023,520301331,1,19,0,18,19,1,5,0,0,0,0,0,0,0,4,1,6,6,3,100,11,-1,-1,-1,-1,-1,-1,0,-1
2023411354641,2023,411354641,1,1,0,9,9,2,6,0,0,1,0,0,0,0,1,1,1,1,1,31,6,-1,-1,-1,-1,7,E01023880,0,-1
2023201319516,2023,201319516,2,1,0,18,19,4,8,0,0,0,0,0,0,0,4,1,6,6,1,28,6,-1,-1,-1,-1,3,E01000641,0,-1
2023401296240,2023,401296240,2,1,0,9,9,5,3,0,0,1,0,0,0,0,1,1,6,6,2,48,8,-1,-1,-1,-1,5,E01017557,0,-1
2023010472221,2023,010472221,1,1,9,99,99,9,9,99,99,9,9,99,9,99,9,1,6,6,1,-1,-1,-1,-1,-1,-1,-1,-1,0,-1
2023010460886,2023,010460886,2,1,0,9,9,3,1,3,2,0,5,4,0,0,1,1,6,6,1,63,9,-1,-1,-1,-1,5,E01000037,0,-1
2023430462231,2023,430462231,2,1,0,18,19,4,8,4,4,8,0,0,0,0,1,1,6,6,1,31,6,-1,-1,-1,-1,4,E01016356,0,-1
2023351369273,2023,351369273,1,19,0,18,19,-1,-1,0,0,0,0,0,0,0,1,1,6,6,3,-1,-1,-1,-1,-1,-1,-1,-1,0,-1
2023010484405,2023,010484405,2,-1,0,99,99,9,9,0,0,9,0,0,0,0,9,1,6,6,1,19,4,-1,-1,-1,-1,2,E01000905,1,-1
2023231321214,2023,231321214,2,1,0,18,19,6,2,0,0,8,0,0,0,0,2,1,5,6,2,37,7,-1,-1,-1,-1,4,E01031045,0,-1
2023411264784,2023,411264784,2,9,0,18,19,-1,-1,0,0,0,0,0,0,0,2,1,6,6,2,-1,-1,-1,-1,-1,-1,-1,-1,0,-1
2023010431337,2023,010431337,2,9,0,18,19,1,5,0,0,8,5,0,0,0,1,1,6,6,3,-1,-1,-1,-1,-1,-1,-1,-1,0,-1
2023161259728,2023,161259728,1,9,0,18,19,2,6,0,0,1,0,4,0,0,1,1,6,6,1,28,6,-1,-1,-1,-1,-1,-1,0,-1
2023501285811,2023,501285811,2,1,0,18,19,7,3,0,0,8,0,0,0,0,4,1,2,2,1,58,9,-1,-1,-1,-1,7,E01020164,0,-1
202360A108235,2023,60A108235,2,1,0,4,4,2,6,0,0,1,0,4,0,0,1,1,6,6,1,18,4,-1,-1,-1,-1,-1,-1,0,-1
2023411394431,2023,411394431,1,9,0,4,4,4,8,0,0,2,0,0,0,0,2,1,3,7,2,29,6,-1,-1,-1,-1,9,E01023910,0,-1
2023351325835,2023,351325835,2,1,0,18,19,-1,-1,4,4,1,0,0,0,0,1,1,6,6,1,14,3,-1,-1,-1,-1,8,E01018003,0,-1
202360A037756,2023,60A037756,1,9,0,18,19,7,3,0,0,0,0,0,0,0,1,1,6,6,3,-1,-1,-1,-1,-1,-1,-1,-1,0,-1
2023041292810,2023,041292810,4,98,0,3,3,3,7,0,0,0,0,0,0,0,2,1,1,1,1,56,9,-1,-1,-1,-1,5,E01012633,0,-1
2023161334349,2023,161334349,2,1,0,18,19,1,1,9,9,1,0,0,0,0,4,1,6,6,1,15,3,-1,-1,-1,-1,-1,-1,0,-1