collision_index,collision_year,collision_ref_no,vehicle_reference,vehicle_type,towing_and_articulation,vehicle_manoeuvre_historic,vehicle_manoeuvre,vehicle_direction_from,vehicle_direction_to,vehicle_location_restricted_lane_historic,vehicle_location_restricted_lane,junction_location,skidding_and_overturning,hit_object_in_carriageway,vehicle_leaving_carriageway,hit_object_off_carriageway,first_point_of_impact,vehicle_left_hand_drive,journey_purpose_of_driver_historic,journey_purpose_of_driver,sex_of_driver,age_of_driver,age_band_of_driver,engine_capacity_cc,propulsion_code,age_of_vehicle,generic_make_model,driver_imd_decile,lsoa_of_driver,escooter_flag,driver_distance_banding
2023311334795,2023,311334795,2,1,0,5,5,3,3,0,0,0,0,0,0,0,1,1,5,6,1,22,5,-1,-1,-1,-1,5,E01028129,0,-1
2023052300981,2023,052300981,1,-1,0,18,19,2,6,0,0,8,0,0,0,0,1,1,6,6,1,13,3,-1,-1,-1,-1,1,E01006413,1,-1
2023010461318,2023,010461318,2,-1,0,18,19,1,5,0,0,1,0,0,0,0,1,1,6,6,1,33,6,-1,-1,-1,-1,3,E01003295,1,-1
2023201373781,2023,201373781,1,9,0,2,2,0,0,0,0,0,0,0,0,0,4,1,5,6,1,29,6,-1,-1,-1,-1,9,E01032901,0,-1
2023201298769,2023,201298769,1,-1,0,18,19,5,3,0,0,6,0,0,0,0,2,1,6,6,1,9,2,-1,-1,-1,-1,1,E01009611,1,-1
2023070021424,2023,070021424,2,9,0,3,3,7,3,0,0,2,0,0,0,0,2,1,6,6,1,37,7,-1,-1,-1,-1,4,W01000259,0,-1
2023440291496,2023,440291496,2,9,0,5,5,7,3,0,0,8,0,0,0,0,0,1,6,6,3,-1,-1,-1,-1,-1,-1,-1,-1,0,-1
2023201285417,2023,201285417,1,9,0,8,8,6,1,0,0,1,0,0,0,0,1,1,6,6,2,-1,-1,-1,-1,-1,-1,-1,-1,0,-1
2023430365618,2023,430365618,2,9,0,18,19,6,2,0,0,4,0,0,0,0,1,1,6,6,1,-1,-1,-1,-1,-1,-1,-1,-1,0,-1
2023131354487,2023,131354487,1,9,0,18,19,1,1,0,0,8,0,0,0,0,1,1,4,7,2,25,5,-1,-1,-1,-1,-1,-1,0,-1
2023221387416,2023,221387416,1,9,0,18,19,3,7,0,0,2,0,0,0,0,4,1,6,6,3,30,6,-1,-1,-1,-1,-1,-1,0,-1
2023440223131,2023,440223131,2,1,0,5,5,8,4,0,0,4,0,0,0,0,3,1,6,6,1,36,7,-1,-1,-1,-1,3,E01017191,0,-1
2023361372779,2023,361372779,2,1,0,18,19,3,7,0,0,0,0,0,0,0,2,1,6,6,1,55,8,-1,-1,-1,-1,9,E01026908,0,-1
2023501354068,2023,501354068,1,9,0,16,19,7,3,0,0,0,5,0,0,0,1,1,2,2,1,54,8,-1,-1,-1,-1,2,E01018797,0,-1
2023451370630,2023,451370630,2,9,0,18,19,6,2,0,0,1,0,0,0,0,2,1,6,6,2,45,7,-1,-1,-1,-1,-1,-1,0,-1
2023302300286,2023,302300286,2,9,5,4,4,4,8,0,0,4,0,0,0,0,1,1,6,6,3,-1,-1,-1,-1,-1,-1,5,E01019456,0,-1
2023041343228,2023,041343228,2,1,0,18,19,1,5,0,0,8,0,0,0,0,4,1,5,6,1,30,6,-1,-1,-1,-1,8,E01025411,0,-1
2023351393010,2023,351393010,1,1,0,18,19,4,8,0,0,1,5,0,0,0,1,1,1,1,2,29,6,-1,-1,-1,-1,3,E01017944,0,-1
2023010464004,2023,010464004,1,23,0,4,4,5,1,0,0,1,5,0,0,0,2,1,6,6,1,35,6,-1,-1,-1,-1,7,E01023334,0,-1
2023991343636,2023,991343636,1,1,0,18,19,1,5,0,0,0,0,0,0,0,1,1,6,6,3,20,4,-1,-1,-1,-1,-1,-1,0,-1
2023010451371,2023,010451371,2,1,0,13,13,5,1,0,0,2,0,0,0,0,1,1,6,6,1,52,8,-1,-1,-1,-1,2,E01000867,0,-1
2023010498948,2023,010498948,1,1,9,99,99,9,9,99,99,9,9,99,9,99,2,1,2,2,1,43,7,-1,-1,-1,-1,8,E01003404,0,-1
2023010441493,2023,010441493,2,9,9,18,19,1,5,0,0,2,9,0,0,0,9,9,6,6,3,-1,-1,-1,-1,-1,-1,-1,-1,0,-1
2023010453826,2023,010453826,2,9,9,99,99,9,9,99,99,9,9,99,9,99,9,9,6,6,3,-1,-1,-1,-1,-1,-1,-1,-1,0,-1
2023122300388,2023,122300388,1,19,0,16,19,2,6,0,0,8,0,0,0,0,0,1,6,6,3,-1,-1,-1,-1,-1,-1,-1,-1,0,-1
2023320695819,2023,320695819,1,9,0,16,19,8,3,0,0,5,1,0,4,1,1,1,1,1,1,30,6,-1,-1,-1,-1,-1,-1,0,-1
2023401349040,2023,401349040,1,-1,0,18,19,3,7,9,9,1,0,0,0,0,1,1,6,6,3,-1,-1,-1,-1,-1,-1,-1,-1,1,-1
2023010431325,2023,010431325,1,9,9,99,99,9,9,99,99,9,9,99,9,99,9,9,6,6,3,-1,-1,-1,-1,-1,-1,-1,-1,0,-1
2023547171823,2023,547171823,3,9,0,7,7,2,4,0,0,2,0,0,0,0,0,1,6,6,3,-1,-1,-1,-1,-1,-1,-1,-1,0,-1
2023430430639,2023,430430639,1,1,0,18,19,2,6,0,0,8,0,0,0,0,4,1,6,6,1,36,7,-1,-1,-1,-1,4,E01016462,0,-1
2023411344806,2023,411344806,1,9,0,18,19,7,4,0,0,8,0,0,0,0,0,1,6,6,3,-1,-1,-1,-1,-1,-1,-1,-1,0,-1
2023010438209,2023,010438209,1,1,9,99,99,9,9,99,99,9,9,99,9,99,9,1,2,2,2,34,6,-1,-1,-1,-1,3,E01003976,0,-1
2023201387054,2023,201387054,2,1,0,18,19,1,5,0,0,3,0,0,0,0,1,1,5,6,1,17,4,-1,-1,-1,-1,2,E01009389,0,-1
2023052300740,2023,052300740,1,-1,0,18,19,1,5,0,0,0,0,0,0,0,3,1,6,6,1,15,3,-1,-1,-1,-1,2,E01006912,1,-1
2023401355118,2023,401355118,2,1,0,18,19,5,1,5,5,8,0,0,0,0,1,1,5,6,1,51,8,-1,-1,-1,-1,2,E01015741,0,-1
2023010449663,2023,010449663,1,3,0,18,19,7,3,0,0,0,0,0,0,0,3,1,1,1,1,49,8,-1,-1,-1,-1,3,E01004367,0,-1
2023010445189,2023,010445189,2,21,1,18,19,5,1,0,0,0,1,0,0,0,3,2,1,1,1,43,7,-1,-1,-1,-1,-1,-1,0,-1
2023010442370,2023,010442370,1,1,9,99,99,9,9,99,99,0,9,99,9,99,9,1,2,2,2,30,6,-1,-1,-1,-1,6,E01004029,0,-1
2023311268531,2023,311268531,1,9,0,5,5,3,1,0,0,4,0,0,0,0,4,1,2,2,1,24,5,-1,-1,-1,-1,6,E01019673,0,-1
2023131295661,2023,131295661,1,1,0,18,19,1,5,0,0,1,0,0,0,0,3,1,6,6,1,48,8,-1,-1,-1,-1,4,E01011647,0,-1
2023461275871,2023,461275871,2,1,0,18,19,5,3,0,0,6,0,0,0,0,3,1,6,6,1,60,9,-1,-1,-1,-1,10,E01024337,0,-1
2023010462079,2023,010462079,2,19,0,99,99,9,9,99,99,9,9,99,9,99,0,9,6,6,3,-1,-1,-1,-1,-1,-1,-1,-1,0,-1
2023451264396,2023,451264396,1,98,0,12,12,7,3,0,0,0,0,0,0,0,1,2,1,1,1,27,6,-1,-1,-1,-1,-1,-1,0,-1
2023540476223,2023,540476223,1,9,0,18,19,7,3,0,0,0,2,0,1,0,1,1,6,6,2,34,6,-1,-1,-1,-1,8,E01015588,0,-1
2023430300826,2023,430300826,2,-1,0,9,9,8,6,0,0,1,0,0,0,0,2,1,2,2,1,19,4,-1,-1,-1,-1,4,E01028574,1,-1
2023111334060,2023,111334060,2,9,0,18,19,7,3,0,0,0,1,0,0,0,2,1,6,6,2,36,7,-1,-1,-1,-1,2,E01020761,0,-1
2023451366167,2023,451366167,2,97,0,18,19,6,2,0,0,0,5,0,0,0,1,1,6,6,3,45,7,-1,-1,-1,-1,-1,-1,0,-1
2023122301193,2023,122301193,1,9,0,18,19,6,2,0,0,0,0,0,0,0,4,1,6,6,3,-1,-1,-1,-1,-1,-1,-1,-1,0,-1
2023010437586,2023,010437586,2,1,0,18,19,7,3,0,0,1,0,0,0,0,0,1,2,2,1,37,7,-1,-1,-1,-1,2,E01000151,0,-1
2023010474221,2023,010474221,2,1,9,99,99,9,9,99,99,9,9,99,9,99,9,1,6,6,1,-1,-1,-1,-1,-1,-1,-1,-1,0,-1
2023010466267,2023,010466267,1,1,9,99,99,9,9,99,99,9,9,99,9,99,9,1,6,6,2,26,6,-1,-1,-1,-1,3,E01001779,0,-1
2023131369524,2023,131369524,2,11,0,-1,-1,-1,-1,-1,-1,0,-1,-1,-1,-1,-1,1,1,1,1,68,10,-1,-1,-1,-1,8,E01011684,0,-1
2023201458674,2023,201458674,1,9,0,18,19,2,6,0,0,8,0,10,1,2,1,1,6,6,2,51,8,-1,-1,-1,-1,8,E01009669,0,-1
2023010437374,2023,010437374,2,90,0,99,99,9,9,99,99,9,9,99,9,99,9,9,6,6,3,-1,-1,-1,-1,-1,-1,-1,-1,0,-1
2023201384664,2023,201384664,2,1,0,18,19,2,6,0,0,8,0,0,0,0,1,1,6,6,2,48,8,-1,-1,-1,-1,9,E01029675,0,-1
2023351321619,2023,351321619,1,9,0,18,19,7,3,0,0,1,1,0,0,0,1,1,2,2,1,28,6,-1,-1,-1,-1,3,E01015692,0,-1
2023010447525,2023,010447525,1,1,9,99,99,9,9,99,99,9,9,99,9,99,9,1,6,6,1,19,4,-1,-1,-1,-1,1,E01033604,0,-1
2023111345739,2023,111345739,2,1,0,18,19,5,2,0,0,0,0,0,0,0,1,1,6,6,1,55,8,-1,-1,-1,-1,1,E01008658,0,-1
2023041368325,2023,041368325,2,1,0,18,19,3,7,0,0,8,5,0,0,0,3,1,1,1,1,25,5,-1,-1,-1,-1,5,E01024954,0,-1
2023461326528,2023,461326528,1,19,0,12,12,7,4,0,0,8,0,0,0,0,-1,1,6,6,3,-1,-1,-1,-1,-1,-1,-1,-1,0,-1
2023522301316,2023,522301316,1,8,5,3,3,7,3,0,0,0,0,0,0,0,2,1,6,6,1,-1,-1,-1,-1,-1,-1,-1,-1,0,-1
2023061289688,2023,061289688,2,1,0,18,19,6,2,0,0,8,0,0,0,0,3,1,2,2,1,22,5,-1,-1,-1,-1,2,E01032907,0,-1
2023122300734,2023,122300734,2,1,0,9,9,1,7,0,0,8,0,0,0,0,1,1,6,6,1,38,7,-1,-1,-1,-1,6,E01013363,0,-1
2023311376648,2023,311376648,2,9,0,3,3,3,7,0,0,4,0,0,0,0,1,1,6,6,1,-1,-1,-1,-1,-1,-1,-1,-1,0,-1
2023141378278,2023,141378278,1,9,0,1,1,5,1,0,0,0,0,0,0,0,2,1,5,6,1,41,7,-1,-1,-1,-1,4,E01007647,0,-1
2023010469704,2023,010469704,3,1,0,18,19,7,3,5,5,0,0,0,0,0,2,1,2,2,1,30,6,-1,-1,-1,-1,7,E01033133,0,-1
2023101334443,2023,101334443,2,1,0,18,19,4,7,0,0,0,0,0,0,0,1,1,6,6,1,16,4,-1,-1,-1,-1,10,E01008418,0,-1
2023351395111,2023,351395111,1,9,0,18,19,4,8,0,0,8,0,0,1,11,1,1,6,6,1,31,6,-1,-1,-1,-1,6,E01018020,0,-1
2023061348260,2023,061348260,2,1,0,5,5,5,3,0,0,3,0,0,0,0,4,1,6,6,2,50,8,-1,-1,-1,-1,5,E01005873,0,-1
2023101349999,2023,101349999,2,1,0,18,19,5,1,0,0,2,0,0,0,0,3,1,5,6,2,16,4,-1,-1,-1,-1,-1,-1,0,-1
2023610027123,2023,610027123,1,9,0,9,9,4,2,0,0,5,0,0,0,0,1,1,6,6,2,62,9,-1,-1,-1,-1,2,W01001309,0,-1
2023351361534,2023,351361534,1,9,0,7,7,-1,-1,0,0,6,1,0,0,0,4,1,6,6,3,-1,-1,-1,-1,-1,-1,-1,-1,0,-1
2023101263104,2023,101263104,1,9,0,18,19,8,4,0,0,8,0,0,0,0,1,1,6,6,3,-1,-1,-1,-1,-1,-1,-1,-1,0,-1
2023010459820,2023,010459820,1,-1,9,99,99,9,9,99,99,9,9,99,9,99,9,9,6,6,3,-1,-1,-1,-1,-1,-1,-1,-1,1,-1
2023010449644,2023,010449644,1,-1,0,18,19,1,5,0,0,0,0,0,0,0,1,1,6,6,1,16,4,-1,-1,-1,-1,5,E01000994,1,-1
2023221264711,2023,221264711,2,9,0,18,19,1,5,0,0,8,0,0,0,0,1,1,5,6,1,74,10,-1,-1,-1,-1,3,E01014155,0,-1
2023351341697,2023,351341697,1,9,0,18,19,3,7,0,0,0,0,0,0,0,4,1,5,6,1,67,10,-1,-1,-1,-1,3,E01026717,0,-1
2023041310216,2023,041310216,1,90,0,18,19,-1,-1,0,0,0,0,0,0,0,-1,1,6,6,3,-1,-1,-1,-1,-1,-1,-1,-1,0,-1
2023320455780,2023,320455780,2,9,0,17,19,6,2,0,0,0,0,0,0,0,0,1,6,6,3,-1,-1,-1,-1,-1,-1,-1,-1,0,-1
2023131358354,2023,131358354,2,9,0,18,19,3,7,0,0,0,0,0,0,0,2,1,1,1,1,35,6,-1,-1,-1,-1,3,E01011834,0,-1
2023440515737,2023,440515737,1,19,0,18,19,2,6,0,0,0,0,0,1,4,1,1,1,1,1,32,6,-1,-1,-1,-1,10,E01023278,0,-1
2023041368053,2023,041368053,1,98,0,18,19,3,7,0,0,0,0,0,0,0,4,1,1,1,1,30,6,-1,-1,-1,-1,2,E01005959,0,-1
2023361292721,2023,361292721,3,9,0,3,3,5,1,0,0,0,0,0,0,0,2,1,1,1,1,32,6,-1,-1,-1,-1,6,E01032525,0,-1
2023440127257,2023,440127257,1,23,0,18,19,6,2,0,0,8,0,0,0,0,4,1,2,2,1,40,7,-1,-1,-1,-1,6,E01017016,0,-1
2023522301746,2023,522301746,2,9,0,15,15,6,2,0,0,0,0,0,0,0,3,1,6,6,3,-1,-1,-1,-1,-1,-1,-1,-1,0,-1
2023131317251,2023,131317251,1,1,0,18,19,5,1,0,0,1,5,0,0,0,1,1,5,6,1,19,4,-1,-1,-1,-1,3,E01010584,0,-1
2023430190921,2023,430190921,1,9,0,9,9,5,3,0,0,6,0,0,0,0,1,1,6,6,2,39,7,-1,-1,-1,-1,3,E01017596,0,-1
2023010447909,2023,010447909,1,1,0,18,19,4,8,0,0,8,0,0,0,0,2,1,1,1,2,54,8,-1,-1,-1,-1,5,E01001866,0,-1
2023131265441,2023,131265441,2,90,0,18,19,1,5,0,0,0,0,0,0,0,2,1,1,1,1,39,7,-1,-1,-1,-1,8,E01027588,0,-1
2023421323908,2023,421323908,1,19,0,18,19,7,3,0,0,1,0,0,0,0,1,1,6,6,1,-1,-1,-1,-1,-1,-1,-1,-1,0,-1
202360A197231,2023,60A197231,2,1,0,18,19,6,2,0,0,1,0,0,0,0,1,1,6,6,1,67,10,-1,-1,-1,-1,-1,-1,0,-1
202360A047466,2023,60A047466,2,4,0,13,13,6,2,0,0,1,0,0,0,0,0,1,6,6,3,-1,-1,-1,-1,-1,-1,-1,-1,0,-1
2023161335811,2023,161335811,2,9,0,7,7,2,6,0,0,8,0,0,0,0,1,1,6,6,2,-1,-1,-1,-1,-1,-1,-1,-1,0,-1
2023421343616,2023,421343616,1,9,0,18,19,1,5,0,0,8,0,0,0,0,1,1,6,6,1,-1,-1,-1,-1,-1,-1,-1,-1,0,-1
2023010449700,2023,010449700,2,98,0,99,99,9,9,99,99,9,9,99,9,99,9,9,6,6,3,-1,-1,-1,-1,-1,-1,-1,-1,0,-1
2023052301740,2023,052301740,2,1,0,18,19,1,5,0,0,1,0,0,0,0,3,1,6,6,1,15,3,-1,-1,-1,-1,1,E01006729,0,-1
2023041335523,2023,041335523,2,1,0,18,19,5,1,0,0,0,0,0,1,9,2,1,5,6,1,60,9,-1,-1,-1,-1,8,E01025089,0,-1
2023131359503,2023,131359503,2,23,0,-1,-1,-1,-1,-1,-1,1,-1,-1,-1,-1,-1,1,6,6,3,-1,-1,-1,-1,-1,-1,-1,-1,0,-1
2023411408089,2023,411408089,2,1,0,9,9,8,6,0,0,4,1,0,0,0,1,1,6,6,1,53,8,-1,-1,-1,-1,9,E01023706,0,-1
2023131316053,2023,131316053,4,9,0,18,19,1,7,0,0,1,0,0,0,0,1,1,6,6,1,57,9,-1,-1,-1,-1,1,E01011368,0,-1
2023991338007,2023,991338007,2,1,0,18,19,5,1,0,0,1,0,0,0,0,1,1,6,6,1,29,6,-1,-1,-1,-1,-1,-1,0,-1
2023111275618,2023,111275618,1,9,0,18,19,1,5,0,0,0,0,0,0,0,1,1,6,6,3,30,6,-1,-1,-1,-1,-1,-1,0,-1
2023991329564,2023,991329564,1,9,0,7,7,1,7,0,0,0,0,0,0,0,1,1,5,6,2,42,7,-1,-1,-1,-1,3,-1,0,-1
2023161296784,2023,161296784,2,1,0,18,19,8,4,0,0,0,0,0,0,0,1,1,6,6,3,-1,-1,-1,-1,-1,-1,-1,-1,0,-1
2023010472020,2023,010472020,2,1,0,18,19,1,5,0,0,1,0,0,0,0,1,1,2,2,2,50,8,-1,-1,-1,-1,2,E01000959,0,-1
2023010454488,2023,010454488,1,1,0,18,19,3,7,0,0,8,0,0,0,0,1,1,1,1,1,63,9,-1,-1,-1,-1,4,E01002762,0,-1
2023141323786,2023,141323786,2,9,0,18,19,1,5,0,0,8,0,0,0,0,1,1,6,6,1,32,6,-1,-1,-1,-1,6,E01019816,0,-1
2023311295320,2023,311295320,1,9,0,10,10,7,3,0,0,1,0,0,0,0,0,1,6,6,3,25,5,-1,-1,-1,-1,-1,-1,0,-1
2023141279183,2023,141279183,2,97,0,18,19,3,7,0,0,1,1,0,0,0,3,1,6,6,1,18,4,-1,-1,-1,-1,2,E01033279,0,-1
2023211436691,2023,211436691,1,9,0,18,19,3,6,0,0,1,1,0,3,0,1,1,1,1,1,34,6,-1,-1,-1,-1,-1,-1,0,-1
2023061279083,2023,061279083,2,1,0,18,19,8,4,0,0,8,0,0,0,0,3,1,2,2,1,49,8,-1,-1,-1,-1,5,E01005728,0,-1
2023201297998,2023,201297998,1,9,0,10,10,7,5,0,0,8,0,0,0,0,4,1,1,1,1,-1,-1,-1,-1,-1,-1,-1,-1,0,-1
202360A006052,2023,60A006052,2,9,0,18,19,7,6,0,0,1,0,0,0,0,1,1,6,6,1,-1,-1,-1,-1,-1,-1,-1,-1,0,-1
2023010497024,2023,010497024,1,1,9,99,99,9,9,99,99,9,9,99,9,99,2,1,6,6,1,14,3,-1,-1,-1,-1,3,E01003639,0,-1
2023201318522,2023,201318522,2,9,0,18,19,8,4,0,0,0,0,0,0,0,1,1,1,1,1,41,7,-1,-1,-1,-1,2,E01010088,0,-1
2023461357486,2023,461357486,1,9,0,4,4,1,5,0,0,0,0,0,0,0,1,1,2,2,1,69,10,-1,-1,-1,-1,1,E01024580,0,-1
2023411288655,2023,411288655,2,1,0,18,19,2,6,0,0,0,1,0,0,0,3,1,2,2,1,28,6,-1,-1,-1,-1,4,E01023530,0,-1
2023131345759,2023,131345759,2,1,0,15,15,1,5,0,0,1,0,0,0,0,1,1,5,6,1,12,3,-1,-1,-1,-1,4,E01011891,0,-1
2023010457333,2023,010457333,1,1,9,99,99,9,9,99,99,9,9,99,9,99,1,1,2,2,1,25,5,-1,-1,-1,-1,3,E01004270,0,-1
2023161320491,2023,161320491,2,1,0,18,19,1,5,0,0,0,0,0,0,0,3,1,5,6,2,47,8,-1,-1,-1,-1,6,E01011704,0,-1
2023211427821,2023,211427821,1,9,0,18,19,5,8,5,5,0,0,0,0,0,1,1,2,2,1,28,6,-1,-1,-1,-1,1,E01014238,0,-1
2023302301245,2023,302301245,2,1,0,18,19,3,7,0,0,0,0,0,0,0,2,1,6,6,1,55,8,-1,-1,-1,-1,8,E01019840,0,-1
2023451275204,2023,451275204,1,9,0,18,19,1,3,0,0,1,0,0,0,0,3,1,6,6,1,30,6,-1,-1,-1,-1,-1,-1,0,-1
2023421369200,2023,421369200,2,1,0,9,9,5,3,0,0,0,0,0,0,0,4,1,6,6,1,32,6,-1,-1,-1,-1,3,E01021834,0,-1
2023451311600,2023,451311600,1,9,0,9,9,5,1,0,0,5,0,0,0,0,3,1,6,6,3,60,9,-1,-1,-1,-1,-1,-1,0,-1
2023010482859,2023,010482859,2,9,0,99,99,9,9,99,99,9,9,99,9,99,9,9,6,6,3,-1,-1,-1,-1,-1,-1,-1,-1,0,-1
2023010465242,2023,010465242,2,1,3,5,5,6,2,0,0,1,0,0,0,0,4,1,2,2,1,41,7,-1,-1,-1,-1,-1,-1,0,-1
2023340NN3872,2023,340NN3872,2,1,0,18,19,7,3,0,0,1,0,0,0,0,3,1,6,6,1,38,7,-1,-1,-1,-1,4,E01027316,0,-1
2023010433301,2023,010433301,2,1,0,4,4,3,7,4,4,1,0,0,7,0,1,1,1,1,1,41,7,-1,-1,-1,-1,3,E01004571,0,-1
2023010425057,2023,010425057,2,9,0,18,19,2,6,0,0,0,0,0,0,0,0,1,6,6,3,-1,-1,-1,-1,-1,-1,-1,-1,0,-1
2023052300754,2023,052300754,1,9,0,18,19,7,3,0,0,0,0,0,0,0,4,1,1,1,1,69,10,-1,-1,-1,-1,1,E01006632,0,-1
2023101390001,2023,101390001,2,9,0,3,3,7,3,0,0,0,0,0,0,0,2,1,5,6,2,32,6,-1,-1,-1,-1,5,E01027441,0,-1
2023161308249,2023,161308249,2,1,0,18,19,1,5,0,0,0,0,0,0,0,2,1,2,2,2,52,8,-1,-1,-1,-1,5,E01012800,0,-1
2023302300875,2023,302300875,1,9,0,13,13,8,4,0,0,0,0,0,0,0,4,1,6,6,3,-1,-1,-1,-1,-1,-1,5,E01019456,0,-1
2023201275569,2023,201275569,1,9,0,18,19,2,6,0,0,1,0,0,0,0,1,1,6,6,2,-1,-1,-1,-1,-1,-1,-1,-1,0,-1
2023401356485,2023,401356485,1,19,0,1,1,-1,-1,0,0,0,0,0,0,0,1,1,6,6,3,-1,-1,-1,-1,-1,-1,-1,-1,0,-1
2023010467927,2023,010467927,1,3,0,18,19,7,3,0,0,1,1,0,0,0,2,1,1,1,2,22,5,-1,-1,-1,-1,2,E01003508,0,-1
2023501391338,2023,501391338,1,19,0,5,5,5,1,0,0,0,0,0,0,0,0,1,6,6,1,52,8,-1,-1,-1,-1,4,E01018777,0,-1
2023010443731,2023,010443731,1,1,9,99,99,9,9,99,99,9,9,99,9,99,1,1,2,2,1,42,7,-1,-1,-1,-1,4,E01004565,0,-1
2023141365394,2023,141365394,1,1,0,18,19,6,3,0,0,8,0,0,0,0,0,1,2,2,1,47,8,-1,-1,-1,-1,8,E01007891,0,-1
2023522301522,2023,522301522,2,1,0,18,19,3,7,0,0,8,0,0,0,0,1,1,6,6,1,16,4,-1,-1,-1,-1,6,E01014923,0,-1
2023041370529,2023,041370529,1,9,0,18,19,-1,-1,0,0,0,0,0,0,0,4,1,6,6,3,-1,-1,-1,-1,-1,-1,-1,-1,0,-1
2023041295032,2023,041295032,2,1,0,18,19,4,8,0,0,1,0,0,0,0,1,1,5,6,2,47,8,-1,-1,-1,-1,5,E01025479,0,-1
2023461274585,2023,461274585,2,1,0,18,19,6,8,0,0,2,0,0,0,0,2,1,5,6,1,64,9,-1,-1,-1,-1,10,E01024336,0,-1
2023440335778,2023,440335778,1,1,0,18,19,2,6,0,0,0,0,0,0,0,0,1,6,6,2,69,10,-1,-1,-1,-1,4,E01001609,0,-1
2023131329173,2023,131329173,2,90,0,18,19,5,1,9,9,6,0,0,0,0,1,1,5,6,1,33,6,-1,-1,-1,-1,1,E01010743,0,-1
2023201276514,2023,201276514,2,9,0,18,19,6,2,0,0,0,0,0,0,0,1,1,6,6,1,-1,-1,-1,-1,-1,-1,-1,-1,0,-1
2023221372397,2023,221372397,2,1,0,18,19,8,4,0,0,8,0,0,0,0,3,1,2,2,1,42,7,-1,-1,-1,-1,-1,-1,0,-1
2023010456351,2023,010456351,2,1,0,18,19,5,1,0,0,0,0,0,0,0,3,1,2,2,1,49,8,-1,-1,-1,-1,3,E01003145,0,-1
2023361322445,2023,361322445,1,1,0,18,19,3,7,0,0,1,2,0,0,0,1,1,6,6,1,11,3,-1,-1,-1,-1,-1,-1,0,-1
2023991315678,2023,991315678,1,-1,0,9,9,4,2,0,0,1,0,0,0,0,1,1,5,6,1,20,4,-1,-1,-1,-1,1,-1,1,-1
2023501392718,2023,501392718,1,9,0,18,19,4,8,0,0,1,0,0,0,0,1,1,6,6,1,70,10,-1,-1,-1,-1,8,E01019908,0,-1
2023010466926,2023,010466926,2,9,0,99,99,9,9,99,99,9,9,99,9,99,9,9,6,6,3,-1,-1,-1,-1,-1,-1,-1,-1,0,-1
2023411272810,2023,411272810,1,19,1,17,19,2,7,0,0,0,1,0,7,11,1,1,6,6,2,44,7,-1,-1,-1,-1,7,E01023356,0,-1
2023201277520,2023,201277520,1,9,0,18,19,2,6,0,0,0,0,0,0,0,1,1,6,6,3,-1,-1,-1,-1,-1,-1,-1,-1,0,-1
2023010460384,2023,010460384,1,1,0,18,19,6,2,9,9,1,0,0,0,0,1,1,6,6,1,23,5,-1,-1,-1,-1,-1,-1,0,-1
2023501311951,2023,501311951,2,1,0,18,19,1,5,0,0,8,0,0,0,0,1,1,5,6,2,23,5,-1,-1,-1,-1,-1,-1,0,-1
2023122300724,2023,122300724,1,1,0,17,19,6,4,0,0,8,0,0,0,0,1,1,2,2,2,18,4,-1,-1,-1,-1,9,E01013362,0,-1
2023430469495,2023,430469495,2,1,0,3,3,5,1,0,0,0,0,0,0,0,1,1,1,1,1,30,6,-1,-1,-1,-1,9,E01028591,0,-1
2023430572015,2023,430572015,1,19,0,7,7,2,4,0,0,5,0,0,0,0,2,1,2,2,2,39,7,-1,-1,-1,-1,8,E01027297,0,-1
2023340NN3152,2023,340NN3152,1,98,0,11,11,2,6,0,0,0,0,0,0,0,1,1,6,6,3,-1,-1,-1,-1,-1,-1,-1,-1,0,-1
2023201290722,2023,201290722,4,9,0,3,3,5,1,0,0,1,0,0,0,0,2,1,6,6,1,38,7,-1,-1,-1,-1,3,E01010451,0,-1
2023522400282,2023,522400282,2,9,0,7,7,5,7,0,0,5,0,0,0,0,1,1,6,6,3,-1,-1,-1,-1,-1,-1,-1,-1,0,-1
2023052301344,2023,052301344,2,1,0,18,19,5,1,0,0,1,0,0,0,0,3,1,6,6,1,21,5,-1,-1,-1,-1,1,E01006752,0,-1
2023610001723,2023,610001723,1,9,0,7,7,7,1,0,0,3,0,0,1,0,1,1,6,6,2,25,5,-1,-1,-1,-1,-1,-1,0,-1
2023440272702,2023,440272702,1,9,0,18,19,2,6,0,0,0,0,0,1,0,4,1,2,2,1,60,9,-1,-1,-1,-1,6,E01022677,0,-1
2023471333294,2023,471333294,2,9,0,6,6,5,5,0,0,0,0,0,0,0,2,1,1,1,1,57,9,-1,-1,-1,-1,7,E01016961,0,-1
2023440329260,2023,440329260,2,5,0,18,19,4,8,0,0,1,0,0,0,0,1,1,6,6,1,47,8,-1,-1,-1,-1,9,E01022920,0,-1
2023320117869,2023,320117869,1,9,0,18,19,5,1,0,0,0,0,0,0,0,4,1,6,6,3,-1,-1,-1,-1,-1,-1,-1,-1,0,-1
2023440081355,2023,440081355,2,1,0,18,19,7,3,0,0,2,0,0,0,0,3,1,6,6,1,26,6,-1,-1,-1,-1,-1,-1,0,-1
2023622300653,2023,622300653,1,1,0,9,9,4,1,0,0,6,0,0,0,0,1,1,1,1,1,29,6,-1,-1,-1,-1,5,W01000747,0,-1
2023161373895,2023,161373895,1,9,0,17,19,6,4,0,0,8,0,0,0,0,1,1,6,6,2,45,7,-1,-1,-1,-1,9,E01013103,0,-1
2023471317016,2023,471317016,3,9,0,18,19,3,7,0,0,1,0,0,0,0,0,1,6,6,3,-1,-1,-1,-1,-1,-1,-1,-1,0,-1
2023010475443,2023,010475443,1,1,0,9,9,6,3,0,0,1,0,0,0,0,3,1,4,7,1,17,4,-1,-1,-1,-1,9,E01002935,0,-1
2023552301234,2023,552301234,1,19,0,18,19,6,2,0,0,0,0,0,0,0,4,1,6,6,3,-1,-1,-1,-1,-1,-1,-1,-1,0,-1
2023430013811,2023,430013811,2,21,0,18,19,2,6,0,0,8,0,0,0,0,2,1,6,6,3,-1,-1,-1,-1,-1,-1,-1,-1,0,-1
2023061323657,2023,061323657,1,9,0,-1,-1,-1,-1,-1,-1,0,-1,-1,-1,0,-1,1,6,6,3,-1,-1,-1,-1,-1,-1,-1,-1,0,-1
2023010421439,2023,010421439,1,1,9,99,99,9,9,99,99,9,9,99,9,99,1,1,6,6,1,25,5,-1,-1,-1,-1,5,E01001921,0,-1