collision_index,collision_year,collision_ref_no,vehicle_reference,vehicle_type,towing_and_articulation,vehicle_manoeuvre_historic,vehicle_manoeuvre,vehicle_direction_from,vehicle_direction_to,vehicle_location_restricted_lane_historic,vehicle_location_restricted_lane,junction_location,skidding_and_overturning,hit_object_in_carriageway,vehicle_leaving_carriageway,hit_object_off_carriageway,first_point_of_impact,vehicle_left_hand_drive,journey_purpose_of_driver_historic,journey_purpose_of_driver,sex_of_driver,age_of_driver,age_band_of_driver,engine_capacity_cc,propulsion_code,age_of_vehicle,generic_make_model,driver_imd_decile,lsoa_of_driver,escooter_flag,driver_distance_banding
2023010485276,2023,010485276,1,1,0,18,19,5,1,0,0,0,2,0,0,0,2,1,6,6,1,20,4,-1,-1,-1,-1,2,E01000954,0,-1
2023010428950,2023,010428950,1,3,0,99,99,9,9,99,99,9,9,99,9,99,9,1,1,1,2,30,6,-1,-1,-1,-1,4,E01001618,0,-1
2023010427612,2023,010427612,1,1,0,7,7,1,3,0,0,1,1,0,0,0,0,1,6,6,1,33,6,-1,-1,-1,-1,3,E01004427,0,-1
2023320690060,2023,320690060,2,9,0,4,4,6,2,0,0,0,0,0,0,0,2,1,6,6,3,-1,-1,-1,-1,-1,-1,-1,-1,0,-1
2023052302530,2023,052302530,2,1,0,18,19,5,1,0,0,8,0,0,0,0,3,1,6,6,1,29,6,-1,-1,-1,-1,3,E01033761,0,-1
2023430503881,2023,430503881,2,9,0,18,19,8,4,0,0,0,0,0,0,0,3,1,6,6,2,-1,-1,-1,-1,-1,-1,-1,-1,0,-1
2023010457412,2023,010457412,1,1,9,99,99,9,9,99,99,0,9,99,9,99,9,1,6,6,3,-1,-1,-1,-1,-1,-1,-1,-1,0,-1
2023041301225,2023,041301225,1,90,0,18,19,3,5,0,0,3,2,0,1,0,4,1,2,2,1,46,8,-1,-1,-1,-1,8,E01025542,0,-1
2023471329530,2023,471329530,2,9,0,18,19,5,1,0,0,0,0,0,0,0,3,1,5,6,1,24,5,-1,-1,-1,-1,6,E01031770,0,-1
2023010484260,2023,010484260,1,1,9,99,99,9,9,99,99,9,9,99,9,99,1,1,2,2,1,42,7,-1,-1,-1,-1,4,E01003169,0,-1
2023991316460,2023,991316460,2,1,0,18,19,3,8,0,0,1,5,0,0,0,1,1,2,2,2,42,7,-1,-1,-1,-1,2,-1,0,-1
2023010434860,2023,010434860,2,9,0,99,99,9,9,99,99,0,9,99,9,99,1,9,6,6,3,-1,-1,-1,-1,-1,-1,-1,-1,0,-1
2023451383043,2023,451383043,1,1,0,18,19,5,1,0,0,0,2,0,0,0,3,1,5,6,2,19,4,-1,-1,-1,-1,5,E01030494,0,-1
2023010464469,2023,010464469,1,3,0,18,19,3,7,0,0,1,0,0,0,0,1,1,2,2,1,38,7,-1,-1,-1,-1,2,E01000041,0,-1
2023340NN2202,2023,340NN2202,3,9,0,6,6,3,3,0,0,0,0,0,0,0,0,1,6,6,3,-1,-1,-1,-1,-1,-1,-1,-1,0,-1
2023461264191,2023,461264191,1,-1,0,9,9,1,7,0,0,6,0,0,0,0,1,1,1,1,1,21,5,-1,-1,-1,-1,3,E01016045,1,-1
2023430572271,2023,430572271,2,21,0,18,19,6,2,0,0,0,5,0,0,0,3,1,6,6,1,33,6,-1,-1,-1,-1,5,E01016876,0,-1
2023010452271,2023,010452271,2,-1,0,18,19,3,7,0,0,1,0,0,0,0,1,1,6,6,1,44,7,-1,-1,-1,-1,2,E01000525,1,-1
2023010467216,2023,010467216,1,19,0,99,99,9,9,99,99,9,9,99,9,99,1,9,2,2,1,25,5,-1,-1,-1,-1,4,E01000612,0,-1
2023501292712,2023,501292712,1,9,0,15,15,7,3,0,0,0,0,0,0,0,4,1,6,6,3,-1,-1,-1,-1,-1,-1,-1,-1,0,-1
2023170S12123,2023,170S12123,2,1,0,18,19,7,3,0,0,2,0,0,0,0,1,1,6,6,1,36,7,-1,-1,-1,-1,2,E01012288,0,-1
2023430276037,2023,430276037,1,9,0,5,5,6,2,0,0,8,0,0,0,0,3,1,6,6,1,33,6,-1,-1,-1,-1,2,E01017490,0,-1
2023221301484,2023,221301484,1,1,0,4,4,7,3,0,0,2,0,0,0,0,1,1,5,6,2,38,7,-1,-1,-1,-1,2,E01014074,0,-1
2023010438006,2023,010438006,2,9,0,99,99,9,9,99,99,9,9,99,9,99,9,9,6,6,3,-1,-1,-1,-1,-1,-1,-1,-1,0,-1
2023141284496,2023,141284496,1,22,0,18,19,3,7,0,0,2,5,0,0,0,4,1,5,6,1,53,8,-1,-1,-1,-1,1,E01007768,0,-1
2023440239205,2023,440239205,1,9,0,5,5,5,1,0,0,1,0,0,0,0,1,1,1,1,1,35,6,-1,-1,-1,-1,-1,-1,0,-1
2023320383225,2023,320383225,2,1,0,9,9,6,3,0,0,2,5,4,0,0,1,1,6,6,2,8,2,-1,-1,-1,-1,10,E01026206,0,-1
2023440108532,2023,440108532,2,9,0,4,4,5,1,0,0,0,0,0,0,0,2,1,6,6,1,48,8,-1,-1,-1,-1,-1,-1,0,-1
2023071098107,2023,071098107,2,1,0,18,19,5,6,0,0,8,0,0,0,0,1,1,2,2,1,28,6,-1,-1,-1,-1,2,E01012482,0,-1
2023010469774,2023,010469774,2,90,0,18,19,7,3,0,0,8,0,0,0,0,1,1,6,6,1,28,6,-1,-1,-1,-1,7,E01001231,0,-1
2023201260041,2023,201260041,2,9,0,2,2,0,0,0,0,0,0,4,0,0,2,1,6,6,3,-1,-1,-1,-1,-1,-1,-1,-1,0,-1
2023461359282,2023,461359282,1,5,0,18,19,8,5,0,0,1,1,0,1,0,1,1,6,6,1,53,8,-1,-1,-1,-1,-1,-1,0,-1
2023440158586,2023,440158586,1,9,0,18,19,5,1,0,0,6,2,0,0,0,4,1,6,6,1,24,5,-1,-1,-1,-1,6,E01014505,0,-1
2023201291674,2023,201291674,1,9,0,18,19,1,6,0,0,2,0,0,0,0,4,1,6,6,1,-1,-1,-1,-1,-1,-1,-1,-1,0,-1
2023451352644,2023,451352644,2,1,0,9,9,7,5,0,0,5,0,0,0,0,1,1,6,6,1,42,7,-1,-1,-1,-1,10,E01030443,0,-1
2023471302870,2023,471302870,2,1,0,18,19,2,6,4,4,1,0,0,0,0,3,1,6,6,1,35,6,-1,-1,-1,-1,8,E01021197,0,-1
2023430025610,2023,430025610,1,19,0,16,19,6,1,0,0,0,5,0,1,11,4,1,6,6,1,35,6,-1,-1,-1,-1,-1,-1,0,-1
2023320778171,2023,320778171,2,1,0,18,19,8,4,0,0,8,5,0,0,0,2,1,1,1,1,59,9,-1,-1,-1,-1,1,E01026157,0,-1
2023010432385,2023,010432385,2,1,0,18,19,3,7,9,9,1,0,0,0,0,1,1,6,6,2,51,8,-1,-1,-1,-1,1,E01004334,0,-1
2023311359541,2023,311359541,3,9,0,4,4,2,6,0,0,0,0,0,0,0,2,1,6,6,2,-1,-1,-1,-1,-1,-1,6,E01028162,0,-1
2023430173593,2023,430173593,2,1,0,9,9,6,4,0,0,8,0,0,0,0,1,1,6,6,1,32,6,-1,-1,-1,-1,10,E01017650,0,-1
2023201381769,2023,201381769,1,1,0,15,15,1,5,0,0,0,0,0,0,0,1,1,4,7,1,13,3,-1,-1,-1,-1,9,E01010175,0,-1
2023041365738,2023,041365738,1,9,0,18,19,1,5,0,0,0,0,0,0,0,0,1,6,6,3,-1,-1,-1,-1,-1,-1,-1,-1,0,-1
2023430041901,2023,430041901,2,21,1,18,19,6,2,0,0,0,0,0,0,0,1,2,6,6,1,-1,-1,-1,-1,-1,-1,7,E01017575,0,-1
2023991327362,2023,991327362,1,9,-1,-1,-1,-1,-1,-1,-1,0,-1,-1,-1,0,-1,1,6,6,3,16,4,-1,-1,-1,-1,-1,-1,0,-1
2023332300336,2023,332300336,1,1,0,18,19,4,8,0,0,8,0,0,0,0,4,1,6,6,1,45,7,-1,-1,-1,-1,8,E01025981,0,-1
2023201376372,2023,201376372,1,11,0,18,19,4,3,0,0,0,0,0,0,0,1,1,1,1,1,49,8,-1,-1,-1,-1,1,E01008998,0,-1
2023131378090,2023,131378090,1,90,0,-1,-1,-1,-1,-1,-1,0,-1,-1,-1,0,-1,1,6,6,3,-1,-1,-1,-1,-1,-1,-1,-1,0,-1
2023010441400,2023,010441400,2,1,0,4,4,1,5,0,0,2,0,0,0,0,2,1,6,6,2,31,6,-1,-1,-1,-1,4,E01001855,0,-1
2023010474378,2023,010474378,2,1,0,5,5,3,7,0,0,0,0,0,0,0,3,1,6,6,1,64,9,-1,-1,-1,-1,1,E01001740,0,-1
2023211301548,2023,211301548,2,1,0,18,19,2,6,0,0,8,0,0,0,0,4,1,4,7,1,14,3,-1,-1,-1,-1,-1,-1,0,-1
2023610048823,2023,610048823,1,9,0,16,19,4,7,0,0,0,0,0,1,9,4,1,6,6,1,38,7,-1,-1,-1,-1,5,W01001475,0,-1
2023451328811,2023,451328811,1,1,0,12,12,7,3,0,0,1,0,0,7,0,1,1,5,6,1,45,7,-1,-1,-1,-1,7,E01030332,0,-1
2023052301094,2023,052301094,1,9,0,18,19,5,1,0,0,1,0,0,0,0,1,1,6,6,2,22,5,-1,-1,-1,-1,1,E01006765,0,-1
2023201279642,2023,201279642,2,1,0,18,19,4,1,0,0,8,0,0,0,0,3,1,6,6,1,-1,-1,-1,-1,-1,-1,5,E01033619,0,-1
2023522400692,2023,522400692,1,1,0,18,19,5,1,0,0,0,0,0,0,0,3,1,6,6,1,35,6,-1,-1,-1,-1,10,E01014875,0,-1
2023320208808,2023,320208808,2,1,0,18,19,6,2,0,0,8,0,0,0,0,1,1,6,6,1,15,3,-1,-1,-1,-1,7,E01026029,0,-1
2023010480762,2023,010480762,3,19,0,15,15,5,1,0,0,4,0,0,0,0,0,1,6,6,3,-1,-1,-1,-1,-1,-1,-1,-1,0,-1
2023430142974,2023,430142974,2,9,0,18,19,8,4,0,0,2,0,0,0,0,1,1,6,6,1,-1,-1,-1,-1,-1,-1,-1,-1,0,-1
2023461371025,2023,461371025,1,9,0,18,19,7,3,0,0,0,0,0,0,0,1,1,6,6,3,-1,-1,-1,-1,-1,-1,-1,-1,0,-1
2023052301097,2023,052301097,1,9,0,18,19,1,5,0,0,0,0,0,0,0,4,1,6,6,1,-1,-1,-1,-1,-1,-1,-1,-1,0,-1
2023631379669,2023,631379669,2,1,0,18,19,4,8,0,0,0,0,0,0,0,1,1,6,6,2,7,2,-1,-1,-1,-1,3,W01000654,0,-1
2023052302040,2023,052302040,1,1,0,18,19,3,7,0,0,0,0,0,0,0,1,1,6,6,1,28,6,-1,-1,-1,-1,1,E01007291,0,-1
2023991300624,2023,991300624,2,9,0,2,2,0,0,0,0,0,0,0,0,0,1,1,6,6,3,-1,-1,-1,-1,-1,-1,-1,-1,0,-1
2023430023407,2023,430023407,2,1,0,9,9,2,8,0,0,1,0,0,0,0,2,1,6,6,2,42,7,-1,-1,-1,-1,5,E01028530,0,-1
2023311316060,2023,311316060,1,19,0,1,1,0,0,0,0,2,0,0,0,0,2,1,6,6,3,16,4,-1,-1,-1,-1,-1,-1,0,-1
2023430526207,2023,430526207,1,9,0,16,19,7,2,0,0,0,0,0,0,0,1,1,6,6,1,37,7,-1,-1,-1,-1,8,E01016760,0,-1
2023471360139,2023,471360139,2,1,0,16,19,1,5,0,0,0,0,0,0,0,3,1,5,6,1,62,9,-1,-1,-1,-1,4,E01031453,0,-1
2023010442532,2023,010442532,2,90,0,18,19,7,3,2,2,8,9,0,0,0,9,1,6,6,1,24,5,-1,-1,-1,-1,9,E01022381,0,-1
2023430517897,2023,430517897,1,1,0,18,19,3,7,0,0,0,0,0,0,0,4,1,4,7,1,-1,-1,-1,-1,-1,-1,8,E01016491,0,-1
2023311362873,2023,311362873,1,1,0,18,19,7,4,0,0,6,1,0,0,0,1,1,5,6,1,63,9,-1,-1,-1,-1,9,E01019696,0,-1
2023010459463,2023,010459463,1,1,9,99,99,9,9,99,99,0,9,99,9,99,2,1,2,2,1,28,6,-1,-1,-1,-1,4,E01004531,0,-1
2023141338331,2023,141338331,4,9,0,2,2,0,0,0,0,1,0,0,0,0,1,1,6,6,3,-1,-1,-1,-1,-1,-1,-1,-1,0,-1
2023010462563,2023,010462563,1,1,0,18,19,2,6,0,0,1,0,0,0,0,1,1,6,6,1,13,3,-1,-1,-1,-1,3,E01002585,0,-1
2023471383450,2023,471383450,1,9,0,18,19,-1,-1,0,0,0,0,0,0,0,1,1,6,6,1,-1,-1,-1,-1,-1,-1,-1,-1,0,-1
2023010476808,2023,010476808,2,1,9,99,99,9,9,99,99,9,9,99,9,99,9,1,6,6,3,-1,-1,-1,-1,-1,-1,-1,-1,0,-1
2023010440993,2023,010440993,3,4,0,5,5,7,3,9,9,1,0,0,0,0,3,1,6,6,1,18,4,-1,-1,-1,-1,-1,-1,0,-1
2023010474858,2023,010474858,2,9,0,18,19,3,7,0,0,0,0,0,0,0,4,1,6,6,1,39,7,-1,-1,-1,-1,1,E01004757,0,-1
2023531327037,2023,531327037,2,1,0,18,19,1,5,0,0,1,0,0,0,0,1,1,6,6,1,51,8,-1,-1,-1,-1,7,E01022416,0,-1
2023052302619,2023,052302619,1,9,0,18,19,1,5,0,0,0,0,0,0,0,1,1,6,6,3,-1,-1,-1,-1,-1,-1,-1,-1,0,-1
2023340WN0012,2023,340WN0012,1,90,0,9,9,6,1,0,0,8,0,0,0,0,0,1,6,6,3,-1,-1,-1,-1,-1,-1,-1,-1,0,-1
2023221289126,2023,221289126,2,9,0,18,19,8,4,0,0,6,0,0,0,0,4,1,6,6,2,34,6,-1,-1,-1,-1,5,E01014076,0,-1
2023522300959,2023,522300959,2,-1,0,17,19,8,6,0,0,8,0,0,0,0,4,1,6,6,1,19,4,-1,-1,-1,-1,1,E01014647,1,-1
2023010464945,2023,010464945,2,1,0,99,99,9,9,5,5,9,9,0,0,0,2,1,2,2,1,43,7,-1,-1,-1,-1,1,E01001978,0,-1
2023052300213,2023,052300213,2,19,0,3,3,3,7,0,0,1,0,4,0,0,2,1,6,6,1,36,7,-1,-1,-1,-1,1,E01006478,0,-1
2023371278941,2023,371278941,2,1,0,18,19,1,5,0,0,4,0,0,0,0,3,1,5,6,1,60,9,-1,-1,-1,-1,5,E01030001,0,-1
2023131320434,2023,131320434,2,1,0,9,9,6,4,0,0,1,0,0,0,0,2,1,2,2,1,25,5,-1,-1,-1,-1,2,E01033689,0,-1
2023411349607,2023,411349607,2,1,0,18,19,-1,-1,0,0,0,0,0,0,0,1,1,6,6,1,63,9,-1,-1,-1,-1,8,E01023879,0,-1
2023430121526,2023,430121526,1,9,0,18,19,2,6,0,0,6,0,0,0,0,4,1,6,6,3,-1,-1,-1,-1,-1,-1,-1,-1,0,-1
2023131390329,2023,131390329,2,1,0,15,15,5,1,0,0,0,0,0,0,0,1,1,6,6,1,32,6,-1,-1,-1,-1,2,E01011502,0,-1
2023010455144,2023,010455144,2,1,0,4,4,7,3,0,0,1,0,0,0,0,1,1,6,6,1,21,5,-1,-1,-1,-1,4,E01003129,0,-1
2023070838035,2023,070838035,2,1,0,18,19,5,1,0,0,0,0,0,0,0,3,1,6,6,1,54,8,-1,-1,-1,-1,4,E01018454,0,-1
2023010441328,2023,010441328,1,1,9,99,99,9,9,99,99,9,9,99,9,99,9,1,2,2,2,60,9,-1,-1,-1,-1,4,E01002000,0,-1
2023440336323,2023,440336323,1,8,0,18,19,1,5,0,0,2,0,0,0,0,1,1,6,6,3,-1,-1,-1,-1,-1,-1,-1,-1,0,-1
2023430142404,2023,430142404,2,9,0,18,19,7,3,0,0,4,0,0,0,0,1,1,6,6,3,-1,-1,-1,-1,-1,-1,-1,-1,0,-1
2023311279685,2023,311279685,1,9,0,9,9,2,1,0,0,8,0,7,0,0,1,1,6,6,2,41,7,-1,-1,-1,-1,1,E01027939,0,-1
2023401263907,2023,401263907,2,1,0,18,19,5,1,0,0,8,0,0,0,0,1,1,4,7,1,12,3,-1,-1,-1,-1,6,E01017508,0,-1
2023302300477,2023,302300477,2,9,0,18,19,8,4,0,0,0,0,0,0,0,1,1,6,6,3,-1,-1,-1,-1,-1,-1,5,E01019456,0,-1
202360A085204,2023,60A085204,1,9,3,9,9,6,4,0,0,8,0,0,0,0,4,2,6,6,1,66,10,-1,-1,-1,-1,-1,-1,0,-1
2023610050623,2023,610050623,1,9,0,1,1,7,3,0,0,1,0,0,0,0,2,1,6,6,2,63,9,-1,-1,-1,-1,2,W01001368,0,-1
2023010459491,2023,010459491,1,9,0,9,9,1,6,0,0,1,0,0,0,0,1,1,6,6,3,-1,-1,-1,-1,-1,-1,-1,-1,0,-1
2023991345686,2023,991345686,2,1,0,18,19,6,2,0,0,3,0,0,1,0,3,1,5,6,1,52,8,-1,-1,-1,-1,-1,-1,0,-1
2023010431545,2023,010431545,1,1,9,99,99,9,9,99,99,9,9,99,9,99,1,1,2,2,2,33,6,-1,-1,-1,-1,4,E01003115,0,-1
2023010446683,2023,010446683,2,9,0,11,11,3,7,0,0,0,0,0,0,0,4,1,6,6,3,-1,-1,-1,-1,-1,-1,-1,-1,0,-1
2023302300016,2023,302300016,1,9,0,1,1,2,4,0,0,3,0,0,0,0,2,1,6,6,3,-1,-1,-1,-1,-1,-1,5,E01019456,0,-1
2023461294211,2023,461294211,2,1,0,18,19,5,1,0,0,0,0,0,0,0,1,1,6,6,1,9,2,-1,-1,-1,-1,2,E01024477,0,-1
2023010471493,2023,010471493,1,1,9,99,99,9,9,99,99,9,9,99,9,99,9,1,6,6,1,42,7,-1,-1,-1,-1,2,E01004271,0,-1
202360A012992,2023,60A012992,1,1,0,18,19,3,7,9,9,0,0,0,0,0,1,1,6,6,1,25,5,-1,-1,-1,-1,-1,-1,0,-1
2023010455794,2023,010455794,1,9,0,9,9,1,7,9,9,8,1,0,1,2,1,1,6,6,1,33,6,-1,-1,-1,-1,-1,-1,0,-1
2023401376591,2023,401376591,1,9,-1,-1,-1,-1,-1,-1,-1,-1,-1,-1,-1,0,-1,1,6,6,3,-1,-1,-1,-1,-1,-1,-1,-1,0,-1
2023010452712,2023,010452712,2,1,0,9,9,1,6,0,0,0,0,0,0,0,1,1,6,6,1,33,6,-1,-1,-1,-1,3,E01004592,0,-1
2023501367513,2023,501367513,2,1,0,18,19,1,5,0,0,0,5,0,0,0,1,1,6,6,2,38,7,-1,-1,-1,-1,6,E01015049,0,-1
2023451326714,2023,451326714,2,1,0,18,19,7,3,0,0,0,0,0,0,0,1,1,2,2,1,32,6,-1,-1,-1,-1,10,E01030322,0,-1
2023311364207,2023,311364207,1,9,0,7,7,5,8,0,0,1,0,0,0,0,1,1,6,6,3,25,5,-1,-1,-1,-1,-1,-1,0,-1
2023320146372,2023,320146372,1,9,0,18,19,8,4,0,0,1,0,0,0,0,1,1,2,2,1,58,9,-1,-1,-1,-1,-1,-1,0,-1
2023201279827,2023,201279827,2,1,0,18,19,5,1,0,0,0,0,0,0,0,2,1,1,1,1,57,9,-1,-1,-1,-1,1,E01009475,0,-1
2023141279815,2023,141279815,2,1,0,3,3,3,7,0,0,0,0,0,0,0,1,1,6,6,1,11,3,-1,-1,-1,-1,6,E01032551,0,-1
2023161305426,2023,161305426,1,1,0,18,19,7,3,4,4,8,0,0,0,0,4,1,2,2,2,25,5,-1,-1,-1,-1,9,E01013103,0,-1
2023501390205,2023,501390205,2,1,0,14,14,2,6,0,0,0,0,8,0,0,1,1,5,6,2,65,9,-1,-1,-1,-1,6,E01020237,0,-1
2023302301971,2023,302301971,1,19,0,18,19,1,6,0,0,8,0,0,0,0,1,1,6,6,3,-1,-1,-1,-1,-1,-1,5,E01019456,0,-1
2023131265681,2023,131265681,2,9,0,9,9,1,3,0,0,8,0,0,0,0,-1,1,6,6,3,-1,-1,-1,-1,-1,-1,-1,-1,0,-1
2023461265412,2023,461265412,1,9,0,18,19,6,1,0,0,1,0,0,0,0,1,1,1,1,1,34,6,-1,-1,-1,-1,2,E01024662,0,-1
2023201403355,2023,201403355,1,19,0,18,19,4,8,0,0,1,0,0,0,0,3,1,6,6,1,-1,-1,-1,-1,-1,-1,-1,-1,0,-1
2023052301597,2023,052301597,2,9,0,18,19,1,5,0,0,0,0,0,0,0,1,1,6,6,3,-1,-1,-1,-1,-1,-1,-1,-1,0,-1
2023231273314,2023,231273314,2,19,0,18,19,4,8,0,0,8,0,0,1,11,2,1,2,2,1,51,8,-1,-1,-1,-1,3,E01027927,0,-1
2023201357622,2023,201357622,1,9,0,18,19,-1,-1,0,0,0,0,0,0,0,1,1,6,6,2,65,9,-1,-1,-1,-1,7,E01008949,0,-1
202363A030523,2023,63A030523,1,9,0,4,4,1,6,0,0,8,0,0,0,0,2,1,1,1,2,66,10,-1,-1,-1,-1,-1,-1,0,-1
2023131344084,2023,131344084,1,1,0,18,19,2,6,0,0,1,5,0,0,0,1,1,5,6,1,19,4,-1,-1,-1,-1,1,E01011433,0,-1
2023471389862,2023,471389862,2,1,0,18,19,3,7,4,4,1,0,0,0,0,1,1,6,6,1,35,6,-1,-1,-1,-1,6,E01016935,0,-1
2023332300293,2023,332300293,2,1,0,3,3,3,7,0,0,1,0,0,0,0,2,1,6,6,1,28,6,-1,-1,-1,-1,2,E01013605,0,-1
2023440081953,2023,440081953,2,9,0,18,19,2,5,0,0,1,0,0,0,0,1,1,6,6,3,-1,-1,-1,-1,-1,-1,-1,-1,0,-1
2023010439458,2023,010439458,1,1,9,99,99,9,9,99,99,0,9,99,9,99,1,1,6,6,1,24,5,-1,-1,-1,-1,10,E01004599,0,-1
2023522301479,2023,522301479,1,9,0,18,19,2,6,0,0,1,0,0,0,0,1,1,6,6,1,-1,-1,-1,-1,-1,-1,-1,-1,0,-1
2023131309365,2023,131309365,1,23,0,18,19,5,1,0,0,1,0,0,0,0,1,1,6,6,3,-1,-1,-1,-1,-1,-1,-1,-1,0,-1
2023430050541,2023,430050541,1,1,0,16,19,8,2,0,0,1,1,0,0,0,0,1,2,2,2,39,7,-1,-1,-1,-1,10,E01017682,0,-1
2023010422494,2023,010422494,2,9,9,99,99,9,9,99,99,9,9,99,9,99,9,9,6,6,3,-1,-1,-1,-1,-1,-1,-1,-1,0,-1
2023211338488,2023,211338488,2,1,0,18,19,2,7,0,0,3,0,0,0,0,4,1,2,2,1,36,7,-1,-1,-1,-1,5,E01029726,0,-1
2023311347282,2023,311347282,2,1,0,18,19,4,8,0,0,2,0,0,0,0,2,1,6,6,1,18,4,-1,-1,-1,-1,-1,-1,0,-1
2023430461014,2023,430461014,2,21,1,18,19,8,4,0,0,0,0,0,1,4,1,2,1,1,1,59,9,-1,-1,-1,-1,-1,-1,0,-1
2023170M10733,2023,170M10733,1,9,0,1,1,6,2,9,9,6,0,0,0,0,2,1,6,6,1,-1,-1,-1,-1,-1,-1,-1,-1,0,-1
2023211342081,2023,211342081,2,1,0,18,19,5,1,0,0,0,0,0,0,0,3,1,5,6,1,64,9,-1,-1,-1,-1,7,E01029863,0,-1
2023461347859,2023,461347859,2,1,0,18,19,3,7,0,0,6,5,0,0,0,1,1,5,6,1,39,7,-1,-1,-1,-1,10,E01024800,0,-1
2023052302637,2023,052302637,1,19,0,18,19,1,5,0,0,4,0,0,0,0,1,1,6,6,3,-1,-1,-1,-1,-1,-1,-1,-1,0,-1
2023061327738,2023,061327738,2,9,-1,-1,-1,-1,-1,-1,-1,0,-1,-1,-1,0,-1,1,6,6,2,-1,-1,-1,-1,-1,-1,-1,-1,0,-1
2023201380955,2023,201380955,2,1,-1,-1,-1,-1,-1,-1,-1,-1,-1,-1,-1,0,-1,1,6,6,1,21,5,-1,-1,-1,-1,5,E01009690,0,-1
2023522400378,2023,522400378,3,20,0,2,2,0,0,6,6,2,0,0,0,0,3,1,6,6,1,-1,-1,-1,-1,-1,-1,1,E01009007,0,-1
2023052302285,2023,052302285,2,1,0,18,19,5,1,0,0,0,0,0,0,0,1,1,6,6,1,25,5,-1,-1,-1,-1,1,E01007228,0,-1
2023361402507,2023,361402507,1,9,0,18,19,1,5,0,0,1,0,4,0,0,-1,1,6,6,3,-1,-1,-1,-1,-1,-1,-1,-1,0,-1
2023010476382,2023,010476382,1,9,0,18,19,1,5,99,99,0,9,99,9,99,9,9,6,6,3,-1,-1,-1,-1,-1,-1,-1,-1,0,-1
2023231391402,2023,231391402,1,9,0,18,19,7,3,0,0,0,0,0,0,0,1,1,6,6,1,22,5,-1,-1,-1,-1,10,E01031121,0,-1
2023010462071,2023,010462071,1,1,0,17,19,5,1,4,4,0,0,0,0,0,1,1,6,6,1,70,10,-1,-1,-1,-1,6,E01004680,0,-1
2023010435867,2023,010435867,1,1,9,99,99,9,9,99,99,9,9,99,9,99,9,1,6,6,1,26,6,-1,-1,-1,-1,7,E01002171,0,-1
2023010452810,2023,010452810,2,9,0,99,99,9,9,99,99,9,9,99,9,99,9,9,6,6,3,-1,-1,-1,-1,-1,-1,-1,-1,0,-1
2023041350552,2023,041350552,1,9,0,18,19,1,5,0,0,0,0,0,0,0,3,1,6,6,1,22,5,-1,-1,-1,-1,-1,-1,0,-1
2023010469932,2023,010469932,2,1,0,18,19,1,5,0,0,8,0,0,0,0,3,1,6,6,1,48,8,-1,-1,-1,-1,9,E01001375,0,-1
2023161294526,2023,161294526,1,9,0,18,19,5,1,0,0,0,0,0,0,0,0,1,6,6,3,-1,-1,-1,-1,-1,-1,-1,-1,0,-1
2023010467371,2023,010467371,1,19,9,99,99,9,9,99,99,9,9,99,9,99,9,1,6,6,3,-1,-1,-1,-1,-1,-1,-1,-1,0,-1
2023201296064,2023,201296064,1,9,0,18,19,6,2,0,0,0,1,0,0,0,1,1,6,6,3,-1,-1,-1,-1,-1,-1,-1,-1,0,-1
2023101285509,2023,101285509,1,19,0,9,9,6,3,0,0,8,0,0,0,0,1,1,6,6,3,-1,-1,-1,-1,-1,-1,-1,-1,0,-1
2023061388181,2023,061388181,2,1,0,18,19,1,5,0,0,1,0,0,0,0,4,1,6,6,1,20,4,-1,-1,-1,-1,1,E01005061,0,-1
2023531287583,2023,531287583,1,9,0,18,19,7,3,0,0,0,0,0,0,0,0,1,6,6,3,-1,-1,-1,-1,-1,-1,-1,-1,0,-1
2023991347638,2023,991347638,2,9,0,10,10,1,7,0,0,2,0,0,0,0,1,1,2,2,1,50,8,-1,-1,-1,-1,3,-1,0,-1
2023522301019,2023,522301019,2,1,0,18,19,3,7,0,0,5,0,0,0,0,2,1,6,6,2,29,6,-1,-1,-1,-1,6,E01014734,0,-1
2023411280837,2023,411280837,2,1,0,18,19,7,3,0,0,0,0,0,0,0,1,1,5,6,1,18,4,-1,-1,-1,-1,7,E01018269,0,-1
2023430231207,2023,430231207,2,1,0,17,19,3,1,0,0,8,0,0,0,0,1,1,6,6,1,65,9,-1,-1,-1,-1,-1,-1,0,-1
2023010434670,2023,010434670,1,1,9,99,99,9,9,99,99,9,9,99,9,99,9,1,2,2,1,27,6,-1,-1,-1,-1,6,E01004626,0,-1
2023430225194,2023,430225194,2,9,0,7,7,1,2,0,0,2,0,0,0,0,1,1,6,6,3,-1,-1,-1,-1,-1,-1,-1,-1,0,-1
2023311287676,2023,311287676,1,-1,0,14,14,1,5,0,0,0,0,0,0,0,1,1,6,6,1,20,4,-1,-1,-1,-1,6,E01013837,1,-1
2023451351738,2023,451351738,2,9,0,15,15,3,7,0,0,0,0,0,0,0,1,1,6,6,3,40,7,-1,-1,-1,-1,-1,-1,0,-1
2023111287038,2023,111287038,1,9,0,9,9,5,3,0,0,5,0,0,0,0,1,1,6,6,1,25,5,-1,-1,-1,-1,-1,-1,0,-1
2023451327235,2023,451327235,1,20,0,16,19,6,7,0,0,0,0,0,0,0,4,1,1,1,1,40,7,-1,-1,-1,-1,-1,-1,0,-1
2023070467575,2023,070467575,2,4,0,18,19,3,7,0,0,0,0,0,0,0,0,1,6,6,1,81,11,-1,-1,-1,-1,8,E01006421,0,-1
2023430231097,2023,430231097,2,11,0,2,2,0,0,0,0,0,0,0,0,0,2,1,1,1,1,-1,-1,-1,-1,-1,-1,-1,-1,0,-1
2023401335823,2023,401335823,2,9,0,4,4,-1,-1,0,0,8,0,0,0,0,1,1,1,1,2,50,8,-1,-1,-1,-1,3,E01015757,0,-1
2023061340733,2023,061340733,2,1,0,18,19,5,1,0,0,3,0,0,0,0,2,1,2,2,1,58,9,-1,-1,-1,-1,-1,-1,0,-1
2023101268975,2023,101268975,1,9,0,18,19,3,7,0,0,1,0,0,0,0,1,1,6,6,3,-1,-1,-1,-1,-1,-1,-1,-1,0,-1
2023320679458,2023,320679458,2,1,0,18,19,6,2,0,0,0,0,0,0,0,3,1,6,6,1,19,4,-1,-1,-1,-1,-1,-1,0,-1