collision_index,collision_year,collision_ref_no,vehicle_reference,vehicle_type,towing_and_articulation,vehicle_manoeuvre_historic,vehicle_manoeuvre,vehicle_direction_from,vehicle_direction_to,vehicle_location_restricted_lane_historic,vehicle_location_restricted_lane,junction_location,skidding_and_overturning,hit_object_in_carriageway,vehicle_leaving_carriageway,hit_object_off_carriageway,first_point_of_impact,vehicle_left_hand_drive,journey_purpose_of_driver_historic,journey_purpose_of_driver,sex_of_driver,age_of_driver,age_band_of_driver,engine_capacity_cc,propulsion_code,age_of_vehicle,generic_make_model,driver_imd_decile,lsoa_of_driver,escooter_flag,driver_distance_banding
2023070829540,2023,070829540,2,9,0,18,19,3,7,0,0,2,0,0,0,0,1,1,6,6,3,-1,-1,-1,-1,-1,-1,-1,-1,0,-1
2023622300783,2023,622300783,2,1,0,9,9,8,4,0,0,0,0,0,0,0,1,1,6,6,1,48,8,-1,-1,-1,-1,9,W01001198,0,-1
2023302301476,2023,302301476,1,9,0,18,19,3,7,0,0,1,0,0,0,0,1,1,6,6,3,-1,-1,-1,-1,-1,-1,5,E01019456,0,-1
2023411335594,2023,411335594,1,98,4,5,5,5,1,0,0,3,0,0,0,0,1,1,1,1,1,44,7,-1,-1,-1,-1,-1,-1,0,-1
2023010429781,2023,010429781,2,9,0,99,99,9,9,99,99,9,9,99,9,99,9,9,6,6,3,-1,-1,-1,-1,-1,-1,-1,-1,0,-1
2023010425650,2023,010425650,2,1,0,18,19,2,6,0,0,0,0,0,0,0,4,1,6,6,2,35,6,-1,-1,-1,-1,4,E01001873,0,-1
2023440280321,2023,440280321,1,1,0,9,9,6,2,0,0,0,0,0,0,0,3,1,6,6,1,50,8,-1,-1,-1,-1,2,E01017165,0,-1
2023522400298,2023,522400298,2,9,0,16,19,2,4,0,0,8,0,0,1,0,1,1,6,6,3,-1,-1,-1,-1,-1,-1,-1,-1,0,-1
2023440438079,2023,440438079,1,1,0,18,19,4,2,0,0,8,0,0,0,0,4,1,6,6,1,22,5,-1,-1,-1,-1,6,E01017072,0,-1
2023141290072,2023,141290072,2,-1,0,18,19,7,7,0,0,8,0,0,0,0,3,1,6,6,1,23,5,-1,-1,-1,-1,2,E01007855,1,-1
2023010422284,2023,010422284,2,19,0,99,99,9,9,99,99,9,9,99,9,99,2,9,6,6,3,-1,-1,-1,-1,-1,-1,-1,-1,0,-1
2023010423321,2023,010423321,2,5,0,18,19,3,7,0,0,8,0,0,0,0,1,1,1,1,1,36,7,-1,-1,-1,-1,10,E01030542,0,-1
2023201382006,2023,201382006,1,9,0,18,19,7,3,0,0,1,0,0,0,0,1,1,6,6,3,-1,-1,-1,-1,-1,-1,-1,-1,0,-1
2023010432228,2023,010432228,2,1,0,16,19,1,5,0,0,1,0,0,0,0,1,1,6,6,1,22,5,-1,-1,-1,-1,2,E01003950,0,-1
2023320277330,2023,320277330,1,3,0,18,19,2,6,0,0,3,0,0,0,0,4,1,6,6,2,56,9,-1,-1,-1,-1,4,E01026268,0,-1
2023122301383,2023,122301383,2,1,0,18,19,3,7,0,0,1,0,0,0,0,1,1,1,1,1,41,7,-1,-1,-1,-1,3,E01013410,0,-1
2023010455771,2023,010455771,1,9,0,99,99,9,9,99,99,0,9,99,9,99,2,9,6,6,3,-1,-1,-1,-1,-1,-1,-1,-1,0,-1
2023101333388,2023,101333388,1,19,0,5,5,3,7,0,0,0,0,0,0,0,1,1,1,1,1,-1,-1,-1,-1,-1,-1,-1,-1,0,-1
2023010466516,2023,010466516,1,9,0,9,9,8,6,0,0,5,0,0,0,0,1,1,6,6,1,37,7,-1,-1,-1,-1,3,E01002731,0,-1
2023531355386,2023,531355386,2,1,0,18,19,7,3,0,0,8,0,0,0,0,1,1,6,6,1,52,8,-1,-1,-1,-1,9,E01022104,0,-1
2023401394374,2023,401394374,1,-1,0,18,19,1,7,99,99,0,9,99,9,0,1,1,6,6,1,-1,-1,-1,-1,-1,-1,-1,-1,1,-1
2023010486590,2023,010486590,1,9,0,99,99,9,9,99,99,9,9,99,9,99,9,9,6,6,1,55,8,-1,-1,-1,-1,1,E01001425,0,-1
2023201415007,2023,201415007,2,9,0,5,5,8,4,0,0,6,0,0,0,0,1,1,6,6,3,-1,-1,-1,-1,-1,-1,-1,-1,0,-1
2023351319455,2023,351319455,1,1,0,18,19,7,3,0,0,2,0,0,0,0,1,1,5,6,1,13,3,-1,-1,-1,-1,3,E01017977,0,-1
2023070189110,2023,070189110,2,1,0,18,19,4,2,0,0,1,0,0,0,0,2,1,6,6,1,34,6,-1,-1,-1,-1,1,E01012402,0,-1
2023520301540,2023,520301540,3,19,0,18,19,1,5,0,0,0,0,0,0,0,4,1,1,1,1,58,9,-1,-1,-1,-1,1,E01017280,0,-1
2023010462379,2023,010462379,2,9,0,99,99,9,9,99,99,9,9,99,9,99,1,9,6,6,3,-1,-1,-1,-1,-1,-1,-1,-1,0,-1
2023010441543,2023,010441543,1,1,0,15,15,7,3,0,0,2,1,0,0,0,3,1,6,6,2,33,6,-1,-1,-1,-1,-1,-1,0,-1
2023440503824,2023,440503824,1,1,0,18,19,8,4,9,9,0,0,0,0,0,1,1,2,2,1,23,5,-1,-1,-1,-1,8,E01022780,0,-1
2023421278580,2023,421278580,1,98,0,18,19,3,7,0,0,1,0,0,0,0,3,1,6,6,3,-1,-1,-1,-1,-1,-1,-1,-1,0,-1
2023161379147,2023,161379147,1,1,0,18,19,3,7,0,0,0,0,0,1,0,0,1,6,6,1,55,8,-1,-1,-1,-1,1,E01013203,0,-1
202360A063627,2023,60A063627,1,8,0,18,19,6,2,0,0,0,0,0,0,0,4,1,1,1,3,-1,-1,-1,-1,-1,-1,-1,-1,0,-1
2023201386443,2023,201386443,1,9,0,18,19,3,6,0,0,1,0,10,7,3,1,1,1,1,1,53,8,-1,-1,-1,-1,1,E01009331,0,-1
2023351358429,2023,351358429,1,-1,-1,16,19,-1,-1,0,0,0,0,0,0,0,1,1,6,6,3,-1,-1,-1,-1,-1,-1,-1,-1,0,-1
2023010472908,2023,010472908,1,9,0,99,99,9,9,99,99,9,9,99,9,99,1,9,6,6,3,-1,-1,-1,-1,-1,-1,-1,-1,0,-1
2023010472812,2023,010472812,1,1,9,99,99,9,9,99,99,9,9,99,9,99,9,1,1,1,1,27,6,-1,-1,-1,-1,2,E01004010,0,-1
2023010480354,2023,010480354,1,9,9,99,99,9,9,99,99,4,0,0,0,0,1,9,6,6,3,-1,-1,-1,-1,-1,-1,-1,-1,0,-1
2023061326189,2023,061326189,1,9,0,5,5,1,4,0,0,4,0,0,0,0,1,1,6,6,3,30,6,-1,-1,-1,-1,-1,-1,0,-1
2023161365564,2023,161365564,1,9,0,18,19,2,6,0,0,4,0,0,0,0,1,1,5,6,1,37,7,-1,-1,-1,-1,8,E01025668,0,-1
2023548569823,2023,548569823,1,1,0,18,19,2,4,0,0,0,0,0,0,0,1,1,6,6,1,15,3,-1,-1,-1,-1,9,E01031968,0,-1
2023010447657,2023,010447657,2,4,0,13,13,1,5,0,0,5,0,0,0,0,1,1,6,6,1,-1,-1,-1,-1,-1,-1,-1,-1,0,-1
2023440230889,2023,440230889,1,1,0,18,19,7,3,0,0,1,0,0,0,0,3,1,2,2,1,13,3,-1,-1,-1,-1,3,E01017079,0,-1
2023471345651,2023,471345651,2,1,0,18,19,1,5,0,0,0,0,0,0,0,1,1,1,1,1,-1,-1,-1,-1,-1,-1,-1,-1,0,-1
2023070533755,2023,070533755,2,1,0,18,19,1,5,0,0,8,0,0,0,0,2,1,6,6,1,9,2,-1,-1,-1,-1,1,E01018462,0,-1
2023522400052,2023,522400052,1,1,0,18,19,7,3,0,0,8,0,0,0,0,4,1,6,6,1,48,8,-1,-1,-1,-1,4,E01014500,0,-1
2023010427768,2023,010427768,1,1,9,99,99,9,9,99,99,9,9,99,9,99,9,1,6,6,1,15,3,-1,-1,-1,-1,2,E01004310,0,-1
2023311293472,2023,311293472,2,1,0,18,19,8,4,9,9,0,0,0,0,0,1,1,4,7,1,13,3,-1,-1,-1,-1,2,E01013963,0,-1
2023546158823,2023,546158823,1,3,0,18,19,5,1,0,0,4,0,0,7,2,1,1,6,6,1,21,5,-1,-1,-1,-1,-1,-1,0,-1
2023552301334,2023,552301334,1,22,0,5,5,5,1,0,0,8,0,0,0,0,1,1,6,6,2,85,11,-1,-1,-1,-1,4,E01015343,0,-1
2023141360743,2023,141360743,2,17,0,13,13,2,6,0,0,0,0,0,0,0,4,1,6,6,3,18,4,-1,-1,-1,-1,-1,-1,0,-1
2023461286204,2023,461286204,2,5,0,10,10,8,4,0,0,0,0,0,0,0,2,1,6,6,1,-1,-1,-1,-1,-1,-1,5,E01024025,0,-1
2023010428544,2023,010428544,2,1,9,18,19,7,3,99,99,9,9,99,9,99,9,1,2,2,1,36,7,-1,-1,-1,-1,8,E01024803,0,-1
2023010457388,2023,010457388,2,1,0,18,19,2,6,0,0,1,0,0,0,0,2,1,1,1,1,29,6,-1,-1,-1,-1,4,E01003204,0,-1
2023320115510,2023,320115510,1,9,0,7,7,7,2,0,0,6,0,0,0,0,3,1,6,6,1,79,11,-1,-1,-1,-1,6,E01026040,0,-1
2023010426148,2023,010426148,2,1,0,18,19,5,1,0,0,2,0,0,0,0,1,1,2,2,1,62,9,-1,-1,-1,-1,2,E01001745,0,-1
2023481359163,2023,481359163,2,1,0,18,19,3,7,0,0,8,0,0,0,0,1,1,2,2,1,47,8,-1,-1,-1,-1,-1,-1,0,-1
2023070637552,2023,070637552,1,19,0,14,14,4,8,0,0,1,0,0,0,0,4,1,1,1,3,-1,-1,-1,-1,-1,-1,-1,-1,0,-1
2023610049923,2023,610049923,3,9,0,2,2,0,0,0,0,0,0,0,0,0,3,1,6,6,1,-1,-1,-1,-1,-1,-1,-1,-1,0,-1
2023061298864,2023,061298864,1,9,0,1,1,-1,-1,0,0,0,0,0,0,0,0,1,6,6,3,30,6,-1,-1,-1,-1,-1,-1,0,-1
2023371359927,2023,371359927,2,1,0,18,19,2,5,0,0,0,0,0,0,0,1,1,1,1,1,17,4,-1,-1,-1,-1,2,E01030023,0,-1
2023070488287,2023,070488287,1,98,0,18,19,7,3,0,0,0,0,0,0,0,0,1,6,6,3,-1,-1,-1,-1,-1,-1,-1,-1,0,-1
2023531381566,2023,531381566,3,9,0,9,9,6,2,0,0,1,0,0,0,0,1,1,6,6,1,44,7,-1,-1,-1,-1,6,W01001324,0,-1
2023522400202,2023,522400202,1,1,0,18,19,4,8,0,0,0,0,0,0,0,1,1,6,6,1,29,6,-1,-1,-1,-1,1,E01033359,0,-1
2023010455313,2023,010455313,1,1,9,99,99,9,9,99,99,9,9,99,9,99,9,1,2,2,2,26,6,-1,-1,-1,-1,3,E01000642,0,-1
2023461361950,2023,461361950,1,9,0,16,19,3,7,0,0,8,0,0,0,0,1,1,6,6,3,-1,-1,-1,-1,-1,-1,-1,-1,0,-1
2023520400439,2023,520400439,1,9,0,18,19,8,4,0,0,8,0,0,0,0,1,1,6,6,2,84,11,-1,-1,-1,-1,5,E01029058,0,-1
2023351309162,2023,351309162,4,9,0,3,3,3,7,0,0,0,0,0,0,0,2,1,5,6,1,37,7,-1,-1,-1,-1,8,E01026886,0,-1
2023201370254,2023,201370254,1,19,0,18,19,5,1,0,0,1,0,0,0,0,3,1,6,6,3,-1,-1,-1,-1,-1,-1,-1,-1,0,-1
2023421290094,2023,421290094,3,9,0,9,9,8,6,0,0,1,0,0,0,0,0,1,6,6,3,-1,-1,-1,-1,-1,-1,-1,-1,0,-1
2023131271128,2023,131271128,1,9,0,-1,-1,-1,-1,-1,-1,0,-1,-1,-1,-1,-1,1,6,6,3,-1,-1,-1,-1,-1,-1,-1,-1,0,-1
2023010458632,2023,010458632,1,9,0,99,99,9,9,0,0,9,0,0,0,0,9,9,6,6,3,-1,-1,-1,-1,-1,-1,-1,-1,0,-1
2023351340343,2023,351340343,2,1,0,18,19,2,6,0,0,1,5,0,0,0,3,1,6,6,1,25,5,-1,-1,-1,-1,10,E01017959,0,-1
2023010456694,2023,010456694,1,1,9,99,99,9,9,99,99,9,9,99,9,99,9,1,2,2,1,44,7,-1,-1,-1,-1,5,E01004370,0,-1
2023010450482,2023,010450482,1,1,9,99,99,9,9,99,99,9,9,99,9,99,1,1,2,2,1,36,7,-1,-1,-1,-1,4,E01002698,0,-1
2023131274789,2023,131274789,2,1,0,16,19,1,5,0,0,0,0,0,0,0,3,1,5,6,1,44,7,-1,-1,-1,-1,7,E01010968,0,-1
2023010441382,2023,010441382,1,1,0,9,9,3,1,0,0,6,0,0,0,0,1,1,2,2,1,45,7,-1,-1,-1,-1,3,E01003630,0,-1
2023471391470,2023,471391470,1,9,0,7,7,7,1,0,0,6,0,0,0,0,3,1,5,6,1,28,6,-1,-1,-1,-1,8,E01021129,0,-1
2023010456930,2023,010456930,2,1,9,99,99,9,9,99,99,9,9,99,9,99,9,1,6,6,1,16,4,-1,-1,-1,-1,4,E01002179,0,-1
2023010455318,2023,010455318,1,1,9,99,99,9,9,99,99,9,9,99,9,99,1,1,6,6,1,40,7,-1,-1,-1,-1,5,E01001852,0,-1
2023010441161,2023,010441161,2,1,0,18,19,1,5,0,0,8,0,0,0,0,1,1,6,6,1,14,3,-1,-1,-1,-1,10,E01030324,0,-1
2023401302008,2023,401302008,2,1,0,18,19,-1,-1,0,0,1,0,0,0,0,3,1,5,6,1,15,3,-1,-1,-1,-1,9,E01015811,0,-1
2023010472497,2023,010472497,3,1,9,99,99,9,9,99,99,9,9,99,9,99,1,1,6,6,3,-1,-1,-1,-1,-1,-1,-1,-1,0,-1
2023302301245,2023,302301245,1,9,0,13,13,3,7,0,0,0,0,0,0,0,1,1,6,6,3,-1,-1,-1,-1,-1,-1,-1,-1,0,-1
2023522301646,2023,522301646,1,9,0,17,19,8,6,0,0,8,0,0,0,0,1,1,6,6,3,-1,-1,-1,-1,-1,-1,-1,-1,0,-1
2023010437338,2023,010437338,2,9,0,99,99,9,9,99,99,9,9,99,9,99,9,9,6,6,1,44,7,-1,-1,-1,-1,7,E01004683,0,-1
2023122300316,2023,122300316,2,22,0,18,19,4,8,0,0,8,5,0,0,0,3,1,6,6,1,67,10,-1,-1,-1,-1,4,E01027609,0,-1
2023131384135,2023,131384135,2,1,0,12,12,1,5,0,0,1,0,0,0,0,3,1,6,6,1,23,5,-1,-1,-1,-1,1,E01010868,0,-1
2023201284782,2023,201284782,1,9,0,18,19,-1,-1,0,0,0,0,0,0,0,1,1,6,6,3,-1,-1,-1,-1,-1,-1,-1,-1,0,-1
2023010420110,2023,010420110,2,1,0,9,9,4,2,0,0,1,1,0,0,0,4,1,6,6,1,23,5,-1,-1,-1,-1,1,E01001358,0,-1
2023522400373,2023,522400373,1,1,0,18,19,8,4,0,0,4,0,0,0,0,3,1,6,6,1,49,8,-1,-1,-1,-1,10,E01014880,0,-1
2023991265659,2023,991265659,1,9,0,18,19,3,7,0,0,0,0,0,0,0,1,1,2,2,2,58,9,-1,-1,-1,-1,4,-1,0,-1
2023041322514,2023,041322514,1,-1,0,18,19,1,5,9,9,0,0,0,0,0,1,1,6,6,3,-1,-1,-1,-1,-1,-1,-1,-1,1,-1
2023311350546,2023,311350546,2,1,0,18,19,3,3,0,0,1,0,0,0,0,4,1,5,6,1,47,8,-1,-1,-1,-1,-1,-1,0,-1
2023351321153,2023,351321153,2,1,0,18,19,-1,-1,4,4,8,0,0,0,0,1,1,2,2,1,33,6,-1,-1,-1,-1,6,E01033120,0,-1
2023010468859,2023,010468859,2,1,0,18,19,5,1,0,0,0,0,0,0,0,1,1,6,6,1,62,9,-1,-1,-1,-1,5,E01003307,0,-1
2023071271223,2023,071271223,1,9,0,5,5,6,2,0,0,0,0,0,0,0,4,1,6,6,3,-1,-1,-1,-1,-1,-1,-1,-1,0,-1
2023010427711,2023,010427711,2,1,0,18,19,3,7,0,0,1,5,0,1,0,2,1,2,2,1,30,6,-1,-1,-1,-1,3,E01003585,0,-1
2023041373915,2023,041373915,2,1,0,18,19,1,5,0,0,8,0,0,0,0,3,1,6,6,1,56,9,-1,-1,-1,-1,5,E01025427,0,-1
2023010456141,2023,010456141,3,9,0,18,19,3,7,0,0,1,0,0,0,0,0,1,6,6,3,-1,-1,-1,-1,-1,-1,-1,-1,0,-1
2023061388575,2023,061388575,2,1,-1,18,19,-1,-1,-1,-1,-1,-1,-1,-1,0,3,1,6,6,2,62,9,-1,-1,-1,-1,8,E01005011,0,-1
2023010431955,2023,010431955,1,1,9,99,99,9,9,99,99,9,9,99,9,99,1,1,6,6,1,31,6,-1,-1,-1,-1,4,E01003326,0,-1
2023552300348,2023,552300348,1,9,0,5,5,6,2,0,0,6,0,0,0,0,1,1,6,6,2,26,6,-1,-1,-1,-1,3,E01015305,0,-1
2023061297040,2023,061297040,3,9,0,18,19,1,1,0,0,1,0,0,0,0,0,1,1,1,1,32,6,-1,-1,-1,-1,-1,-1,0,-1
2023471332091,2023,471332091,1,9,0,18,19,7,7,0,0,8,0,0,0,0,1,1,1,1,1,43,7,-1,-1,-1,-1,8,E01031491,0,-1
2023161362390,2023,161362390,1,9,0,7,7,1,2,0,0,5,0,0,0,0,1,1,6,6,3,-1,-1,-1,-1,-1,-1,-1,-1,0,-1
2023311378202,2023,311378202,1,1,0,18,19,1,6,0,0,8,0,0,0,0,1,1,6,6,1,30,6,-1,-1,-1,-1,2,E01013943,0,-1
2023141366277,2023,141366277,2,1,0,7,7,2,6,0,0,0,0,0,0,0,1,1,5,6,1,63,9,-1,-1,-1,-1,3,E01007637,0,-1
2023010422053,2023,010422053,2,1,0,9,9,1,6,2,2,6,0,0,1,0,3,1,6,6,1,37,7,-1,-1,-1,-1,9,E01032640,0,-1
2023010459480,2023,010459480,2,8,0,99,99,9,9,99,99,9,9,99,9,99,0,9,6,6,3,-1,-1,-1,-1,-1,-1,-1,-1,0,-1
2023010476717,2023,010476717,1,1,9,99,99,9,9,99,99,9,9,99,9,99,9,1,2,2,1,44,7,-1,-1,-1,-1,6,E01004534,0,-1
2023501292961,2023,501292961,2,9,0,3,3,7,3,0,0,0,0,0,0,0,2,1,6,6,1,58,9,-1,-1,-1,-1,5,E01015091,0,-1
2023440233176,2023,440233176,1,1,0,18,19,7,3,0,0,0,0,0,0,0,1,1,6,6,2,48,8,-1,-1,-1,-1,9,E01022950,0,-1
2023010454205,2023,010454205,2,9,0,2,2,0,0,0,0,8,0,0,0,0,3,9,6,6,3,-1,-1,-1,-1,-1,-1,-1,-1,0,-1
2023161346664,2023,161346664,2,9,0,18,19,6,2,0,0,0,0,0,0,0,1,1,6,6,1,45,7,-1,-1,-1,-1,-1,-1,0,-1
2023052301110,2023,052301110,1,9,0,18,19,1,5,0,0,0,0,0,0,0,3,1,6,6,3,-1,-1,-1,-1,-1,-1,-1,-1,0,-1
202360A091282,2023,60A091282,2,11,0,4,4,6,2,0,0,0,0,0,0,0,0,1,6,6,1,-1,-1,-1,-1,-1,-1,-1,-1,0,-1
2023471340373,2023,471340373,1,1,0,18,19,3,7,0,0,8,1,0,0,0,3,1,5,6,1,74,10,-1,-1,-1,-1,9,E01022583,0,-1
2023010451718,2023,010451718,1,1,9,99,99,9,9,99,99,9,9,99,9,99,2,1,2,2,3,44,7,-1,-1,-1,-1,7,E01001996,0,-1
2023061304333,2023,061304333,2,23,0,18,19,-1,-1,0,0,0,0,0,0,0,1,1,6,6,3,34,6,-1,-1,-1,-1,3,E01005066,0,-1
2023461368416,2023,461368416,1,21,1,9,9,8,4,0,0,0,0,0,0,0,3,1,6,6,1,-1,-1,-1,-1,-1,-1,-1,-1,0,-1
202363C028323,2023,63C028323,1,9,0,16,19,4,7,0,0,0,0,0,0,0,1,1,1,1,1,26,6,-1,-1,-1,-1,-1,-1,0,-1
2023332300309,2023,332300309,2,1,0,18,19,7,3,0,0,2,0,0,0,0,1,1,6,6,1,52,8,-1,-1,-1,-1,2,E01013654,0,-1
2023440217042,2023,440217042,1,9,0,18,19,6,2,0,0,0,0,0,0,0,1,1,6,6,1,49,8,-1,-1,-1,-1,10,E01018259,0,-1
2023010457438,2023,010457438,1,2,0,18,19,7,3,0,0,0,0,0,0,0,1,1,6,6,3,-1,-1,-1,-1,-1,-1,-1,-1,0,-1
2023010420004,2023,010420004,1,9,0,18,19,7,3,0,0,1,0,0,0,0,4,1,6,6,1,21,5,-1,-1,-1,-1,2,E01001082,0,-1
2023522301656,2023,522301656,1,1,0,18,19,6,2,0,0,8,0,0,0,0,1,1,6,6,1,33,6,-1,-1,-1,-1,6,E01014975,0,-1
2023031322029,2023,031322029,1,9,0,9,9,7,5,0,0,6,0,0,0,0,1,2,5,6,1,61,9,-1,-1,-1,-1,-1,-1,0,-1
2023010453452,2023,010453452,2,1,0,14,14,7,3,0,0,2,0,4,0,0,1,1,6,6,1,47,8,-1,-1,-1,-1,1,E01000643,0,-1
2023471279941,2023,471279941,2,21,0,18,19,5,1,0,0,0,0,0,0,0,1,1,1,1,1,28,6,-1,-1,-1,-1,8,E01022918,0,-1
2023131352437,2023,131352437,1,9,0,-1,-1,-1,-1,-1,-1,0,-1,-1,-1,-1,-1,1,6,6,3,-1,-1,-1,-1,-1,-1,-1,-1,0,-1
2023161316648,2023,161316648,2,16,0,18,19,3,7,0,0,0,0,0,0,0,2,1,5,6,2,70,10,-1,-1,-1,-1,5,E01013078,0,-1
2023010469841,2023,010469841,2,1,0,3,3,8,4,0,0,8,0,0,0,0,3,1,6,6,2,23,5,-1,-1,-1,-1,2,E01003321,0,-1
2023052302064,2023,052302064,1,1,0,18,19,7,3,0,0,0,0,0,0,0,1,1,6,6,1,8,2,-1,-1,-1,-1,1,E01006739,0,-1
2023501389751,2023,501389751,2,1,0,18,19,3,7,0,0,0,0,0,0,0,1,1,5,6,1,32,6,-1,-1,-1,-1,8,E01020240,0,-1
2023061284437,2023,061284437,2,1,0,18,19,3,7,0,0,8,0,0,0,0,3,1,5,6,1,27,6,-1,-1,-1,-1,5,E01005943,0,-1
2023201381224,2023,201381224,1,9,0,5,5,4,6,0,0,3,0,0,0,0,9,1,6,6,3,-1,-1,-1,-1,-1,-1,-1,-1,0,-1
2023070142889,2023,070142889,1,1,0,16,19,2,6,0,0,8,1,0,0,0,1,1,6,6,1,64,9,-1,-1,-1,-1,4,E01018647,0,-1
2023161322757,2023,161322757,1,1,0,18,19,7,3,0,0,0,0,0,0,0,3,1,4,7,1,12,3,-1,-1,-1,-1,1,E01012931,0,-1
2023161332862,2023,161332862,1,9,0,9,9,7,5,0,0,6,0,0,0,0,1,1,6,6,2,-1,-1,-1,-1,-1,-1,-1,-1,0,-1
2023010455788,2023,010455788,1,-1,0,18,19,2,6,9,9,1,0,0,0,0,1,1,6,6,3,-1,-1,-1,-1,-1,-1,-1,-1,1,-1
2023531332875,2023,531332875,2,9,0,17,19,5,1,0,0,0,0,0,1,0,1,1,5,6,2,43,7,-1,-1,-1,-1,8,E01000136,0,-1
2023451387459,2023,451387459,2,9,0,18,19,5,1,0,0,2,0,0,0,0,0,1,6,6,3,30,6,-1,-1,-1,-1,-1,-1,0,-1
2023421332266,2023,421332266,1,8,0,18,19,5,1,0,0,0,0,0,0,0,1,1,6,6,3,-1,-1,-1,-1,-1,-1,-1,-1,0,-1
2023991263764,2023,991263764,1,9,0,18,19,1,5,0,0,2,0,0,0,0,1,1,6,6,3,40,7,-1,-1,-1,-1,-1,-1,0,-1
2023010448480,2023,010448480,2,9,0,99,99,9,9,99,99,9,9,99,9,99,1,9,6,6,3,-1,-1,-1,-1,-1,-1,-1,-1,0,-1
2023991292211,2023,991292211,2,1,0,18,19,7,3,0,0,8,0,0,0,0,3,1,5,6,2,27,6,-1,-1,-1,-1,10,-1,0,-1
2023052302375,2023,052302375,1,9,0,18,19,4,2,0,0,1,0,0,0,0,1,1,6,6,3,-1,-1,-1,-1,-1,-1,-1,-1,0,-1
2023311340768,2023,311340768,1,9,0,17,19,7,3,0,0,0,5,0,0,0,1,1,2,2,1,55,8,-1,-1,-1,-1,3,E01018160,0,-1
2023052302015,2023,052302015,2,10,0,4,4,2,6,0,0,1,0,0,0,0,1,2,1,1,1,-1,-1,-1,-1,-1,-1,1,E01006614,0,-1
2023430350570,2023,430350570,2,9,0,9,9,4,2,0,0,8,0,0,0,0,4,1,6,6,1,48,8,-1,-1,-1,-1,2,E01028567,0,-1
2023522301463,2023,522301463,1,1,0,18,19,2,6,0,0,0,0,0,0,0,2,1,6,6,1,16,4,-1,-1,-1,-1,10,E01014737,0,-1
2023401263712,2023,401263712,2,1,0,18,19,5,1,0,0,1,0,0,0,0,3,1,4,7,1,14,3,-1,-1,-1,-1,4,E01017475,0,-1
2023010466084,2023,010466084,2,1,0,18,19,1,5,0,0,8,0,0,0,0,1,1,6,6,1,24,5,-1,-1,-1,-1,8,E01004593,0,-1
2023401310645,2023,401310645,1,9,0,18,19,-1,-1,0,0,8,0,0,0,0,1,1,6,6,3,-1,-1,-1,-1,-1,-1,-1,-1,0,-1
2023211369919,2023,211369919,2,9,0,18,19,5,1,0,0,1,0,0,0,0,1,1,5,6,1,64,9,-1,-1,-1,-1,6,E01029389,0,-1
2023361337969,2023,361337969,2,9,0,18,19,7,4,0,0,8,0,0,0,0,1,1,5,6,2,48,8,-1,-1,-1,-1,4,E01017947,0,-1
2023501314725,2023,501314725,2,1,0,5,5,5,4,0,0,8,1,0,0,0,4,1,6,6,1,20,4,-1,-1,-1,-1,9,E01020090,0,-1
2023010440803,2023,010440803,2,1,0,18,19,6,2,9,9,8,5,0,0,0,1,1,2,2,1,24,5,-1,-1,-1,-1,1,E01000596,0,-1
2023161297240,2023,161297240,2,9,0,4,4,1,5,0,0,1,0,0,0,0,1,1,6,6,3,-1,-1,-1,-1,-1,-1,-1,-1,0,-1
2023010474987,2023,010474987,8,1,0,18,19,5,1,0,0,2,0,0,0,0,2,1,6,6,1,84,11,-1,-1,-1,-1,4,E01023883,0,-1
2023531375464,2023,531375464,2,1,0,18,19,1,5,0,0,1,0,0,3,0,2,1,5,6,1,19,4,-1,-1,-1,-1,4,E01022331,0,-1
2023440012689,2023,440012689,1,19,0,18,19,4,8,0,0,0,0,0,0,0,1,1,6,6,1,38,7,-1,-1,-1,-1,6,E01022875,0,-1
2023340WN6982,2023,340WN6982,1,9,0,18,19,8,4,0,0,0,0,0,0,0,1,1,6,6,2,-1,-1,-1,-1,-1,-1,-1,-1,0,-1
2023430313594,2023,430313594,1,9,0,18,19,7,3,0,0,0,0,0,0,0,1,1,6,6,3,-1,-1,-1,-1,-1,-1,-1,-1,0,-1
2023052302741,2023,052302741,1,9,0,18,19,7,3,0,0,1,0,0,0,0,0,1,6,6,3,-1,-1,-1,-1,-1,-1,-1,-1,0,-1
2023351341986,2023,351341986,2,9,0,4,4,3,7,0,0,0,0,0,0,0,2,1,6,6,1,56,9,-1,-1,-1,-1,9,E01027353,0,-1
2023991332467,2023,991332467,1,1,0,18,19,3,6,0,0,6,5,0,0,0,1,1,5,6,1,10,2,-1,-1,-1,-1,9,-1,0,-1
2023351325350,2023,351325350,2,1,0,18,19,7,3,0,0,6,0,0,0,0,2,1,5,6,2,19,4,-1,-1,-1,-1,2,E01015610,0,-1
2023031360449,2023,031360449,2,97,0,5,5,7,4,0,0,0,0,0,0,0,3,1,6,6,1,21,5,-1,-1,-1,-1,-1,-1,0,-1
2023041322955,2023,041322955,1,-1,0,18,19,3,7,0,0,0,0,0,0,0,3,1,5,6,1,10,2,-1,-1,-1,-1,8,E01024862,1,-1
2023421279549,2023,421279549,1,1,0,3,3,5,1,0,0,4,0,0,0,0,1,1,6,6,1,-1,-1,-1,-1,-1,-1,-1,-1,0,-1
2023522300705,2023,522300705,2,9,0,18,19,5,1,0,0,4,0,0,0,0,1,1,6,6,1,-1,-1,-1,-1,-1,-1,-1,-1,0,-1
2023991273962,2023,991273962,2,11,0,2,2,0,0,0,0,0,0,0,0,0,0,1,1,1,3,50,8,-1,-1,-1,-1,-1,-1,0,-1
2023451388657,2023,451388657,2,9,0,18,19,3,7,0,0,0,0,0,0,0,1,1,6,6,3,28,6,-1,-1,-1,-1,-1,-1,0,-1
2023052302108,2023,052302108,1,9,0,18,19,5,1,0,0,0,0,0,0,0,1,1,6,6,3,-1,-1,-1,-1,-1,-1,-1,-1,0,-1
2023201408274,2023,201408274,1,9,0,4,4,2,6,0,0,1,0,0,0,0,2,1,1,1,1,24,5,-1,-1,-1,-1,10,E01025813,0,-1
2023421301362,2023,421301362,1,-1,0,4,4,4,5,9,9,1,0,0,0,0,1,1,5,6,1,13,3,-1,-1,-1,-1,9,E01021937,1,-1
2023471340703,2023,471340703,2,1,0,18,19,3,7,0,0,0,0,0,0,0,3,1,2,2,1,30,6,-1,-1,-1,-1,1,E01016942,0,-1