collision_index,collision_year,collision_ref_no,vehicle_reference,vehicle_type,towing_and_articulation,vehicle_manoeuvre_historic,vehicle_manoeuvre,vehicle_direction_from,vehicle_direction_to,vehicle_location_restricted_lane_historic,vehicle_location_restricted_lane,junction_location,skidding_and_overturning,hit_object_in_carriageway,vehicle_leaving_carriageway,hit_object_off_carriageway,first_point_of_impact,vehicle_left_hand_drive,journey_purpose_of_driver_historic,journey_purpose_of_driver,sex_of_driver,age_of_driver,age_band_of_driver,engine_capacity_cc,propulsion_code,age_of_vehicle,generic_make_model,driver_imd_decile,lsoa_of_driver,escooter_flag,driver_distance_banding
2023010449486,2023,010449486,2,1,0,18,19,1,5,0,0,0,5,0,0,0,0,1,6,6,1,22,5,-1,-1,-1,-1,-1,-1,0,-1
2023320670475,2023,320670475,1,19,0,14,14,6,2,0,0,8,0,0,0,0,3,1,6,6,3,-1,-1,-1,-1,-1,-1,-1,-1,0,-1
2023010449509,2023,010449509,2,9,9,99,99,9,9,99,99,9,9,99,9,99,9,9,6,6,3,-1,-1,-1,-1,-1,-1,-1,-1,0,-1
2023991416532,2023,991416532,2,1,0,18,19,3,7,0,0,2,0,0,0,0,3,1,6,6,1,43,7,-1,-1,-1,-1,1,-1,0,-1
2023010446404,2023,010446404,2,1,0,9,9,1,7,0,0,2,0,0,0,0,2,1,2,2,1,44,7,-1,-1,-1,-1,2,E01001828,0,-1
2023547387523,2023,547387523,2,9,0,16,19,7,3,0,0,0,0,0,0,0,1,1,6,6,1,28,6,-1,-1,-1,-1,-1,-1,0,-1
2023461304228,2023,461304228,1,90,0,16,19,2,6,0,0,0,0,0,0,0,1,1,6,6,1,41,7,-1,-1,-1,-1,2,E01024192,0,-1
2023411343087,2023,411343087,2,1,0,18,19,3,7,0,0,2,0,0,0,0,2,1,6,6,1,13,3,-1,-1,-1,-1,7,E01023329,0,-1
2023061305312,2023,061305312,2,9,-1,-1,-1,-1,-1,-1,-1,0,-1,-1,-1,0,-1,1,6,6,1,-1,-1,-1,-1,-1,-1,5,E01004864,0,-1
2023010463785,2023,010463785,2,2,0,18,19,2,6,0,0,1,1,0,0,0,4,1,6,6,1,24,5,-1,-1,-1,-1,9,E01001279,0,-1
2023231323177,2023,231323177,1,9,0,18,19,8,4,0,0,1,0,0,0,0,0,1,6,6,3,40,7,-1,-1,-1,-1,-1,-1,0,-1
2023161311556,2023,161311556,1,1,0,18,19,8,4,0,0,0,0,0,0,0,1,1,2,2,1,30,6,-1,-1,-1,-1,4,E01012802,0,-1
2023131315161,2023,131315161,2,9,0,18,19,3,8,0,0,8,0,0,0,0,2,1,2,2,1,27,6,-1,-1,-1,-1,5,E01011065,0,-1
2023161356135,2023,161356135,2,1,0,18,19,4,8,0,0,8,0,0,0,0,1,1,6,6,1,34,6,-1,-1,-1,-1,6,E01012959,0,-1
2023440326086,2023,440326086,2,9,0,18,19,5,1,0,0,0,0,0,0,0,3,1,6,6,3,-1,-1,-1,-1,-1,-1,-1,-1,0,-1
2023471392521,2023,471392521,2,9,0,4,4,6,2,0,0,0,0,0,0,0,0,1,6,6,3,-1,-1,-1,-1,-1,-1,-1,-1,0,-1
2023161375232,2023,161375232,2,19,4,12,12,1,7,0,0,1,0,0,0,0,3,1,6,6,1,-1,-1,-1,-1,-1,-1,-1,-1,0,-1
2023545319523,2023,545319523,2,9,0,18,19,1,4,0,0,0,0,0,0,0,2,1,6,6,1,48,8,-1,-1,-1,-1,10,W01001846,0,-1
2023631389437,2023,631389437,1,9,0,1,1,5,1,0,0,1,0,0,0,0,2,1,6,6,3,-1,-1,-1,-1,-1,-1,-1,-1,0,-1
2023201366967,2023,201366967,1,90,0,18,19,1,5,0,0,1,0,0,0,0,1,1,6,6,1,-1,-1,-1,-1,-1,-1,-1,-1,0,-1
2023010444305,2023,010444305,1,1,9,99,99,9,9,99,99,9,9,99,9,99,9,1,2,2,1,50,8,-1,-1,-1,-1,5,E01001859,0,-1
2023201314973,2023,201314973,1,9,0,18,19,8,4,0,0,0,0,0,0,0,4,1,6,6,3,-1,-1,-1,-1,-1,-1,-1,-1,0,-1
2023010453860,2023,010453860,2,1,0,15,15,4,8,0,0,2,5,0,0,0,3,1,6,6,1,18,4,-1,-1,-1,-1,6,E01004749,0,-1
2023010452956,2023,010452956,2,1,0,15,15,4,8,0,0,8,0,0,0,0,1,1,1,1,1,23,5,-1,-1,-1,-1,3,E01001394,0,-1
2023351307934,2023,351307934,1,9,0,18,19,5,1,0,0,0,0,0,0,0,1,1,6,6,3,-1,-1,-1,-1,-1,-1,-1,-1,0,-1
2023010485235,2023,010485235,1,19,0,5,5,1,5,1,1,8,0,0,0,0,1,1,2,2,1,60,9,-1,-1,-1,-1,3,E01033593,0,-1
2023351357319,2023,351357319,1,21,5,15,15,4,8,7,6,0,0,0,0,0,1,1,1,1,1,52,8,-1,-1,-1,-1,-1,-1,0,-1
2023631357734,2023,631357734,1,9,0,4,4,8,2,0,0,0,0,0,0,0,1,2,6,6,1,63,9,-1,-1,-1,-1,9,E01014172,0,-1
2023070338901,2023,070338901,1,9,0,7,7,3,5,0,0,6,0,0,0,0,3,1,6,6,2,27,6,-1,-1,-1,-1,2,E01033302,0,-1
2023320439862,2023,320439862,1,9,0,5,5,2,6,0,0,0,0,4,0,0,3,1,6,6,2,36,7,-1,-1,-1,-1,3,E01026235,0,-1
2023061310546,2023,061310546,2,1,0,4,4,3,7,0,0,0,0,0,0,0,0,1,5,6,1,73,10,-1,-1,-1,-1,10,E01004844,0,-1
2023010425270,2023,010425270,1,1,9,99,99,9,9,99,99,9,9,99,9,99,9,1,2,2,1,31,6,-1,-1,-1,-1,8,E01004192,0,-1
2023201358559,2023,201358559,1,1,0,18,19,1,5,0,0,0,0,0,0,0,4,1,6,6,1,9,2,-1,-1,-1,-1,1,E01008962,0,-1
2023311329342,2023,311329342,2,1,0,18,19,2,6,0,0,8,0,0,0,0,1,1,6,6,1,59,9,-1,-1,-1,-1,5,E01028161,0,-1
2023061328384,2023,061328384,2,9,0,18,19,3,7,0,0,8,5,0,0,0,4,1,1,1,1,65,9,-1,-1,-1,-1,6,E01006042,0,-1
2023131313492,2023,131313492,2,98,0,-1,-1,-1,-1,-1,-1,0,-1,-1,-1,-1,-1,1,6,6,3,36,7,-1,-1,-1,-1,-1,-1,0,-1
2023101307103,2023,101307103,2,1,-1,18,19,6,2,0,0,0,0,0,8,0,2,1,1,1,1,17,4,-1,-1,-1,-1,1,E01008737,0,-1
2023361357342,2023,361357342,2,1,0,18,19,3,8,0,0,8,5,0,0,0,1,1,5,6,2,20,4,-1,-1,-1,-1,8,E01026532,0,-1
2023101393166,2023,101393166,2,3,0,7,7,5,1,0,0,0,1,10,1,0,4,1,5,6,1,13,3,-1,-1,-1,-1,2,E01008543,0,-1
2023141334622,2023,141334622,2,98,0,13,13,7,3,0,0,0,0,0,0,0,0,1,6,6,3,-1,-1,-1,-1,-1,-1,-1,-1,0,-1
2023471269144,2023,471269144,1,9,0,18,19,3,7,0,0,2,0,0,0,0,1,1,6,6,3,-1,-1,-1,-1,-1,-1,-1,-1,0,-1
2023010462151,2023,010462151,2,19,0,99,99,9,9,99,99,9,9,99,9,99,9,9,6,6,3,-1,-1,-1,-1,-1,-1,-1,-1,0,-1
2023052300199,2023,052300199,1,19,0,7,7,1,3,0,0,5,0,0,0,0,4,1,1,1,1,56,9,-1,-1,-1,-1,9,E01007078,0,-1
2023351356102,2023,351356102,1,1,0,18,19,1,5,0,0,0,5,4,0,0,4,1,6,6,1,54,8,-1,-1,-1,-1,6,E01018186,0,-1
2023061352329,2023,061352329,2,1,0,9,9,1,7,0,0,8,0,0,0,0,2,1,5,6,2,37,7,-1,-1,-1,-1,8,E01006401,0,-1
2023471275235,2023,471275235,1,1,0,15,15,1,5,4,4,8,0,11,0,0,4,1,6,6,1,61,9,-1,-1,-1,-1,7,E01021038,0,-1
2023430438256,2023,430438256,2,1,0,18,19,2,6,0,0,8,0,0,0,0,1,1,6,6,1,27,6,-1,-1,-1,-1,5,E01028542,0,-1
2023010467468,2023,010467468,2,1,0,15,15,5,1,0,0,8,0,0,0,0,4,1,1,1,1,28,6,-1,-1,-1,-1,3,E01004303,0,-1
2023010465648,2023,010465648,2,1,0,9,9,5,4,0,0,1,0,0,0,0,1,1,1,1,2,34,6,-1,-1,-1,-1,7,E01000668,0,-1
2023991339515,2023,991339515,2,1,0,17,19,8,4,0,0,1,0,0,1,0,1,1,5,6,1,27,6,-1,-1,-1,-1,9,-1,0,-1
2023610038223,2023,610038223,3,9,0,2,2,0,0,0,0,0,0,0,0,0,1,1,6,6,1,-1,-1,-1,-1,-1,-1,2,W01001668,0,-1
2023231387508,2023,231387508,1,9,0,18,19,2,6,0,0,0,0,0,0,0,9,1,6,6,3,30,6,-1,-1,-1,-1,-1,-1,0,-1
2023221295800,2023,221295800,1,5,0,18,19,2,6,0,0,0,0,0,0,0,1,1,6,6,1,60,9,-1,-1,-1,-1,-1,-1,0,-1
2023010449724,2023,010449724,1,9,0,99,99,9,9,99,99,9,9,99,9,99,9,9,6,6,3,-1,-1,-1,-1,-1,-1,-1,-1,0,-1
2023991260460,2023,991260460,1,9,0,7,7,5,1,0,0,4,0,0,0,0,4,1,1,1,1,38,7,-1,-1,-1,-1,-1,-1,0,-1
2023471324764,2023,471324764,2,1,0,18,19,5,1,0,0,2,1,0,0,0,4,1,6,6,1,42,7,-1,-1,-1,-1,7,E01031438,0,-1
2023461321827,2023,461321827,1,2,0,16,19,1,3,0,0,1,0,0,0,0,1,1,6,6,3,-1,-1,-1,-1,-1,-1,-1,-1,0,-1
2023430262551,2023,430262551,1,1,0,9,9,6,4,0,0,5,0,0,0,0,1,1,6,6,1,14,3,-1,-1,-1,-1,10,E01016291,0,-1
2023451294822,2023,451294822,4,9,0,18,19,7,3,0,0,0,0,0,0,0,2,1,5,6,1,52,8,-1,-1,-1,-1,8,E01030544,0,-1
2023010440042,2023,010440042,1,8,3,6,6,7,7,0,0,0,0,0,0,0,3,1,6,6,3,-1,-1,-1,-1,-1,-1,-1,-1,0,-1
2023131394307,2023,131394307,1,9,0,-1,-1,-1,-1,-1,-1,0,-1,-1,-1,-1,-1,1,6,6,3,-1,-1,-1,-1,-1,-1,-1,-1,0,-1
2023131269319,2023,131269319,1,9,0,18,19,5,1,0,0,8,1,0,7,5,1,1,5,6,1,19,4,-1,-1,-1,-1,1,E01010674,0,-1
2023201339670,2023,201339670,2,9,0,18,19,6,2,0,0,0,0,0,0,0,1,1,6,6,3,-1,-1,-1,-1,-1,-1,-1,-1,0,-1
2023531300865,2023,531300865,1,1,0,9,9,1,5,0,0,8,0,0,0,0,1,1,5,6,1,53,8,-1,-1,-1,-1,4,E01022250,0,-1
2023052300124,2023,052300124,1,9,0,18,19,3,7,0,0,8,0,0,0,0,2,1,6,6,3,-1,-1,-1,-1,-1,-1,-1,-1,0,-1
202354D180323,2023,54D180323,2,1,0,18,19,1,5,0,0,6,5,0,0,0,4,1,6,6,2,55,8,-1,-1,-1,-1,3,E01015527,0,-1
2023991293560,2023,991293560,2,19,0,2,2,0,0,9,9,1,0,0,0,0,0,1,6,6,3,-1,-1,-1,-1,-1,-1,-1,-1,0,-1
2023010472358,2023,010472358,2,1,0,18,19,3,7,0,0,5,0,0,0,0,1,1,2,2,1,39,7,-1,-1,-1,-1,2,E01032805,0,-1
2023332300999,2023,332300999,1,9,0,9,9,2,8,0,0,5,0,0,0,0,1,1,6,6,3,-1,-1,-1,-1,-1,-1,-1,-1,0,-1
2023501288174,2023,501288174,2,1,0,10,10,0,0,0,0,1,0,0,0,0,4,1,6,6,1,38,7,-1,-1,-1,-1,8,E01020023,0,-1
2023991391588,2023,991391588,2,1,0,18,19,7,3,0,0,0,1,0,0,0,0,1,1,1,1,28,6,-1,-1,-1,-1,6,-1,0,-1
2023991301556,2023,991301556,2,1,0,14,14,8,4,0,0,2,0,0,0,0,1,1,2,2,1,43,7,-1,-1,-1,-1,10,-1,0,-1
2023010440776,2023,010440776,2,9,0,13,13,5,1,0,0,2,0,0,0,0,1,1,6,6,3,-1,-1,-1,-1,-1,-1,-1,-1,0,-1
2023010473192,2023,010473192,5,9,0,2,2,0,0,0,0,0,0,0,0,0,4,1,6,6,3,-1,-1,-1,-1,-1,-1,-1,-1,0,-1
2023461332568,2023,461332568,2,9,0,3,3,7,3,0,0,0,0,0,0,0,2,1,6,6,1,53,8,-1,-1,-1,-1,9,E01000687,0,-1
2023991294972,2023,991294972,2,23,0,18,19,6,2,0,0,0,0,0,0,0,2,1,5,6,1,62,9,-1,-1,-1,-1,-1,-1,0,-1
2023522300776,2023,522300776,1,90,0,18,19,7,3,0,0,8,0,0,0,0,1,1,1,1,1,27,6,-1,-1,-1,-1,7,E01014763,0,-1
2023052301236,2023,052301236,1,23,0,18,19,6,2,0,0,0,0,0,0,0,1,1,6,6,3,-1,-1,-1,-1,-1,-1,-1,-1,0,-1
2023610049923,2023,610049923,2,9,0,2,2,0,0,0,0,0,0,0,0,0,3,1,6,6,1,-1,-1,-1,-1,-1,-1,7,W01001515,0,-1
2023522300849,2023,522300849,2,1,0,9,9,5,4,0,0,8,0,0,0,0,2,1,6,6,1,-1,-1,-1,-1,-1,-1,-1,-1,0,-1
2023302301027,2023,302301027,3,9,0,2,2,0,0,0,0,2,0,0,0,0,0,1,6,6,3,-1,-1,-1,-1,-1,-1,5,E01019456,0,-1
2023461274084,2023,461274084,1,1,0,18,19,1,7,0,0,4,1,0,0,0,1,1,6,6,1,60,9,-1,-1,-1,-1,1,E01024682,0,-1
2023111351931,2023,111351931,2,1,0,18,19,1,5,0,0,0,0,0,0,0,1,1,6,6,1,19,4,-1,-1,-1,-1,3,E01012358,0,-1
2023010422123,2023,010422123,2,1,0,17,19,2,6,0,0,8,2,8,0,0,1,1,1,1,1,58,9,-1,-1,-1,-1,9,E01003882,0,-1
2023010445712,2023,010445712,2,1,0,18,19,7,3,0,0,5,0,10,7,0,4,1,6,6,1,29,6,-1,-1,-1,-1,1,E01033603,0,-1
2023522300444,2023,522300444,1,1,0,3,3,7,3,0,0,1,0,0,0,0,2,1,6,6,2,31,6,-1,-1,-1,-1,4,E01014676,0,-1
2023131355796,2023,131355796,1,1,0,18,19,7,3,3,2,1,0,0,0,0,2,1,6,6,1,17,4,-1,-1,-1,-1,2,E01011424,0,-1
2023522301849,2023,522301849,2,19,0,1,1,3,7,0,0,6,0,0,0,0,2,1,6,6,3,-1,-1,-1,-1,-1,-1,-1,-1,0,-1
2023052302001,2023,052302001,2,1,0,18,19,5,1,0,0,8,0,0,0,0,3,1,2,2,1,39,7,-1,-1,-1,-1,1,E01006693,0,-1
2023070711843,2023,070711843,1,1,0,15,15,8,4,0,0,1,0,0,0,0,1,1,6,6,1,59,9,-1,-1,-1,-1,8,E01029813,0,-1
2023131285246,2023,131285246,1,9,0,-1,-1,-1,-1,-1,-1,-1,-1,-1,-1,-1,-1,1,6,6,3,-1,-1,-1,-1,-1,-1,-1,-1,0,-1
2023010422825,2023,010422825,1,1,9,99,99,9,9,99,99,9,9,99,9,99,1,1,2,2,1,36,7,-1,-1,-1,-1,3,E01004313,0,-1
2023531275221,2023,531275221,1,1,0,18,19,8,4,0,0,0,0,4,0,0,1,1,5,6,1,16,4,-1,-1,-1,-1,5,E01014065,0,-1
2023991351717,2023,991351717,1,-1,0,18,19,4,8,9,9,0,0,0,0,0,1,1,6,6,1,12,3,-1,-1,-1,-1,-1,-1,1,-1
2023201342283,2023,201342283,1,98,0,16,19,6,1,0,0,1,0,0,0,0,1,1,6,6,1,33,6,-1,-1,-1,-1,6,E01019878,0,-1
2023010447104,2023,010447104,1,1,9,99,99,9,9,99,99,9,9,99,9,99,9,1,6,6,1,36,7,-1,-1,-1,-1,2,E01003097,0,-1
2023052302642,2023,052302642,2,1,0,18,19,1,5,0,0,8,0,0,0,0,3,1,2,2,1,25,5,-1,-1,-1,-1,1,E01006446,0,-1
2023052301319,2023,052301319,1,9,0,18,19,3,1,0,0,1,0,0,0,0,1,1,6,6,3,-1,-1,-1,-1,-1,-1,-1,-1,0,-1
2023501325623,2023,501325623,1,97,0,18,19,7,3,0,0,0,5,0,0,0,3,1,5,6,1,64,9,-1,-1,-1,-1,6,E01015132,0,-1
2023101299465,2023,101299465,2,9,0,18,19,4,8,0,0,1,0,0,1,0,2,1,6,6,1,40,7,-1,-1,-1,-1,-1,-1,0,-1
2023131283064,2023,131283064,1,9,0,-1,-1,-1,-1,0,0,0,-1,-1,-1,-1,-1,1,6,6,2,45,7,-1,-1,-1,-1,-1,-1,0,-1
2023201365207,2023,201365207,1,9,0,7,7,8,2,0,0,1,0,0,0,0,1,1,6,6,3,-1,-1,-1,-1,-1,-1,-1,-1,0,-1
2023101391819,2023,101391819,1,1,0,18,19,5,8,0,0,0,0,0,7,0,1,1,5,6,1,50,8,-1,-1,-1,-1,10,E01008269,0,-1
2023010436960,2023,010436960,1,9,0,18,19,8,4,0,0,0,0,0,0,0,1,1,6,6,3,-1,-1,-1,-1,-1,-1,-1,-1,0,-1
2023010448881,2023,010448881,1,9,0,18,19,3,7,0,0,8,0,0,0,0,1,9,6,6,3,-1,-1,-1,-1,-1,-1,-1,-1,0,-1
2023131352437,2023,131352437,2,23,0,18,19,1,5,0,0,0,0,0,0,0,1,1,5,6,1,8,2,-1,-1,-1,-1,1,E01011140,0,-1
2023010453928,2023,010453928,1,1,9,99,99,9,9,99,99,9,9,99,9,99,9,1,6,6,2,44,7,-1,-1,-1,-1,2,E01003305,0,-1
2023201391920,2023,201391920,1,22,0,18,19,2,6,0,0,1,0,0,0,0,1,1,6,6,2,-1,-1,-1,-1,-1,-1,-1,-1,0,-1
2023010436000,2023,010436000,2,9,0,9,9,6,4,0,0,6,0,0,0,0,1,2,6,6,1,-1,-1,-1,-1,-1,-1,-1,-1,0,-1
2023010447605,2023,010447605,2,1,0,18,19,5,1,0,0,1,0,0,0,0,0,1,1,1,1,30,6,-1,-1,-1,-1,5,E01004519,0,-1
2023522301506,2023,522301506,2,-1,0,5,5,1,5,0,0,0,0,0,0,0,1,1,6,6,1,38,7,-1,-1,-1,-1,4,E01014699,1,-1
2023351366540,2023,351366540,2,1,0,18,19,3,7,0,0,0,0,0,0,0,1,1,5,6,1,22,5,-1,-1,-1,-1,6,E01017943,0,-1
2023421390064,2023,421390064,1,9,0,18,19,5,1,0,0,0,0,0,0,0,1,1,6,6,3,-1,-1,-1,-1,-1,-1,-1,-1,0,-1
2023070563328,2023,070563328,1,9,0,9,9,6,4,0,0,8,0,0,1,4,1,1,6,6,2,27,6,-1,-1,-1,-1,6,E01029461,0,-1
2023302300247,2023,302300247,2,1,0,18,19,2,6,0,0,8,0,0,0,0,1,1,6,6,1,47,8,-1,-1,-1,-1,7,E01013558,0,-1
2023340WN0192,2023,340WN0192,2,1,0,18,19,2,6,0,0,0,2,0,1,0,2,1,2,2,1,27,6,-1,-1,-1,-1,6,E01011273,0,-1
2023421261263,2023,421261263,2,19,0,18,19,3,7,0,0,0,1,0,0,0,3,1,5,6,1,23,5,-1,-1,-1,-1,6,E01029697,0,-1
2023311328593,2023,311328593,2,1,0,18,19,2,6,0,0,0,0,0,0,0,1,1,6,6,2,48,8,-1,-1,-1,-1,3,E01013874,0,-1
2023141392844,2023,141392844,2,9,0,18,19,2,6,0,0,0,0,0,0,0,4,1,6,6,3,-1,-1,-1,-1,-1,-1,-1,-1,0,-1
2023101304977,2023,101304977,1,98,0,18,19,1,5,0,0,0,0,0,0,0,0,1,6,6,3,-1,-1,-1,-1,-1,-1,-1,-1,0,-1
2023201430569,2023,201430569,2,9,0,12,12,8,4,0,0,4,0,0,0,0,4,1,6,6,1,79,11,-1,-1,-1,-1,2,E01010535,0,-1
2023201410576,2023,201410576,1,9,0,18,19,8,4,0,0,0,0,0,0,0,1,1,5,6,1,18,4,-1,-1,-1,-1,6,E01010135,0,-1
2023430126051,2023,430126051,1,19,0,18,19,3,7,0,0,1,0,0,0,0,1,1,2,2,1,38,7,-1,-1,-1,-1,10,E01027068,0,-1
2023522300461,2023,522300461,2,9,0,2,2,0,0,0,0,0,0,0,0,0,3,1,6,6,1,-1,-1,-1,-1,-1,-1,-1,-1,0,-1
2023122300674,2023,122300674,1,1,0,14,14,7,3,0,0,0,0,0,0,0,3,1,6,6,1,35,6,-1,-1,-1,-1,5,E01013446,0,-1
2023010467848,2023,010467848,1,1,9,99,99,9,9,99,99,9,9,99,9,99,9,1,6,6,2,50,8,-1,-1,-1,-1,6,E01002609,0,-1
2023010453590,2023,010453590,1,1,9,99,99,9,9,99,99,9,9,99,9,99,9,1,2,2,1,50,8,-1,-1,-1,-1,5,E01001556,0,-1
2023010429885,2023,010429885,2,19,0,3,3,1,5,0,0,1,0,0,0,0,0,1,1,1,1,27,6,-1,-1,-1,-1,3,E01000515,0,-1
2023041370176,2023,041370176,1,9,0,18,19,-1,-1,0,0,1,0,0,0,0,-1,1,6,6,3,-1,-1,-1,-1,-1,-1,-1,-1,0,-1
2023430450528,2023,430450528,1,1,0,18,19,6,2,0,0,0,0,0,0,0,3,1,6,6,1,22,5,-1,-1,-1,-1,7,E01016370,0,-1
2023010452853,2023,010452853,1,-1,0,99,99,9,9,99,99,9,9,99,9,99,1,9,6,6,1,29,6,-1,-1,-1,-1,2,E01001118,1,-1
2023211322094,2023,211322094,1,1,0,14,14,4,8,0,0,2,0,0,0,0,1,1,6,6,1,-1,-1,-1,-1,-1,-1,-1,-1,0,-1
2023010460698,2023,010460698,1,1,0,18,19,3,7,0,0,2,0,0,0,0,4,1,1,1,2,35,6,-1,-1,-1,-1,8,E01021766,0,-1
2023430506468,2023,430506468,1,9,0,7,7,4,6,0,0,5,0,0,0,0,4,1,6,6,2,45,7,-1,-1,-1,-1,-1,-1,0,-1
2023430321098,2023,430321098,2,1,0,18,19,4,8,0,0,0,0,0,0,0,2,1,6,6,1,18,4,-1,-1,-1,-1,6,E01016340,0,-1
2023010455047,2023,010455047,3,1,0,15,15,5,1,0,0,0,5,10,1,0,1,1,2,2,1,42,7,-1,-1,-1,-1,2,E01002669,0,-1
2023522301554,2023,522301554,3,1,0,9,9,6,4,0,0,8,0,0,0,0,2,1,6,6,1,-1,-1,-1,-1,-1,-1,-1,-1,0,-1
2023302300971,2023,302300971,1,9,0,4,4,8,4,0,0,1,0,0,0,0,1,1,6,6,3,-1,-1,-1,-1,-1,-1,-1,-1,0,-1
2023461285331,2023,461285331,1,1,0,18,19,1,5,0,0,0,0,0,0,0,1,1,5,6,1,-1,-1,-1,-1,-1,-1,-1,-1,0,-1
2023010456108,2023,010456108,1,1,9,99,99,9,9,99,99,9,9,99,9,99,2,1,6,6,1,33,6,-1,-1,-1,-1,5,E01004644,0,-1
2023131341013,2023,131341013,1,9,0,18,19,2,4,0,0,1,0,0,0,0,4,1,6,6,3,-1,-1,-1,-1,-1,-1,-1,-1,0,-1
2023461261128,2023,461261128,1,19,0,18,19,1,5,9,9,2,0,0,1,0,4,1,6,6,3,-1,-1,-1,-1,-1,-1,-1,-1,0,-1
2023010477785,2023,010477785,2,1,0,3,3,3,7,0,0,4,0,0,0,0,2,1,2,2,2,32,6,-1,-1,-1,-1,4,E01003914,0,-1
2023010477987,2023,010477987,2,1,0,18,19,7,3,0,0,1,5,8,1,0,1,1,6,6,1,52,8,-1,-1,-1,-1,5,E01001354,0,-1
2023351358980,2023,351358980,1,9,0,5,5,5,1,0,0,1,0,0,0,0,1,1,6,6,2,-1,-1,-1,-1,-1,-1,-1,-1,0,-1
2023010427852,2023,010427852,2,1,0,9,9,3,2,0,0,8,0,0,0,0,1,1,6,6,2,74,10,-1,-1,-1,-1,7,E01004500,0,-1
202360A061109,2023,60A061109,2,1,0,18,19,3,7,0,0,1,0,0,0,0,1,1,6,6,1,33,6,-1,-1,-1,-1,-1,-1,0,-1
2023201276905,2023,201276905,1,1,0,18,19,-1,-1,0,0,0,0,0,0,0,1,1,6,6,1,17,4,-1,-1,-1,-1,2,E01009641,0,-1
2023471341865,2023,471341865,2,1,0,18,19,4,8,0,0,1,0,0,0,0,3,1,2,2,2,43,7,-1,-1,-1,-1,3,E01016869,0,-1
2023131301188,2023,131301188,2,1,0,18,19,1,5,4,4,1,0,0,0,0,1,1,2,2,1,23,5,-1,-1,-1,-1,7,E01011873,0,-1
2023991316234,2023,991316234,2,1,0,9,9,4,1,0,0,8,0,0,0,0,4,1,5,6,1,52,8,-1,-1,-1,-1,6,-1,0,-1
2023041362908,2023,041362908,2,1,0,18,19,1,5,0,0,0,0,0,0,0,3,1,5,6,2,46,8,-1,-1,-1,-1,8,E01025159,0,-1
2023010422774,2023,010422774,1,9,0,18,19,3,7,0,0,0,0,0,0,0,2,1,6,6,1,34,6,-1,-1,-1,-1,-1,-1,0,-1
2023010486616,2023,010486616,1,9,0,99,99,9,9,99,99,9,9,99,9,99,1,9,6,6,3,-1,-1,-1,-1,-1,-1,-1,-1,0,-1
2023421351342,2023,421351342,3,9,0,18,19,5,1,0,0,0,0,0,0,0,0,1,6,6,3,-1,-1,-1,-1,-1,-1,-1,-1,0,-1
2023471377229,2023,471377229,2,1,0,18,19,7,3,0,0,0,0,0,0,0,3,1,6,6,2,65,9,-1,-1,-1,-1,8,E01031466,0,-1
2023471333589,2023,471333589,2,1,0,12,12,3,1,0,0,1,0,0,0,0,4,1,5,6,1,42,7,-1,-1,-1,-1,2,E01016945,0,-1
2023010478059,2023,010478059,2,9,0,5,5,3,7,0,0,8,0,0,0,0,3,1,6,6,3,-1,-1,-1,-1,-1,-1,-1,-1,0,-1
2023010464481,2023,010464481,1,9,0,18,19,7,3,4,4,2,0,0,0,0,1,1,6,6,3,-1,-1,-1,-1,-1,-1,-1,-1,0,-1
2023461349734,2023,461349734,2,1,0,4,4,-1,-1,0,0,8,0,0,0,0,4,1,2,2,1,48,8,-1,-1,-1,-1,6,E01024703,0,-1
2023052300060,2023,052300060,1,9,0,18,19,3,7,0,0,0,0,0,0,0,1,1,6,6,3,-1,-1,-1,-1,-1,-1,-1,-1,0,-1
2023461382304,2023,461382304,2,1,0,-1,-1,1,5,-1,-1,0,-1,-1,-1,0,-1,1,6,6,1,38,7,-1,-1,-1,-1,5,E01024191,0,-1
2023320097664,2023,320097664,1,21,0,1,1,5,1,0,0,1,0,0,0,0,2,1,6,6,1,40,7,-1,-1,-1,-1,-1,-1,0,-1
2023610020323,2023,610020323,1,1,0,18,19,2,6,0,0,0,0,0,0,0,1,1,6,6,1,65,9,-1,-1,-1,-1,9,W01001549,0,-1
2023010429974,2023,010429974,1,1,9,99,99,9,9,99,99,9,9,99,9,99,1,1,6,6,2,39,7,-1,-1,-1,-1,7,E01002691,0,-1
2023351391036,2023,351391036,1,22,0,7,7,3,5,0,0,1,0,0,0,0,3,1,5,6,1,29,6,-1,-1,-1,-1,2,E01017948,0,-1
2023161322930,2023,161322930,2,1,0,18,19,7,3,0,0,8,0,0,0,0,3,1,5,6,1,72,10,-1,-1,-1,-1,1,E01012905,0,-1
2023052302342,2023,052302342,1,19,0,18,19,1,5,0,0,4,0,0,0,0,1,1,6,6,3,-1,-1,-1,-1,-1,-1,-1,-1,0,-1
2023061372070,2023,061372070,3,1,0,18,19,5,1,0,0,1,0,0,0,0,1,1,6,6,2,26,6,-1,-1,-1,-1,5,E01033684,0,-1
2023440336740,2023,440336740,2,1,0,18,19,7,3,0,0,0,0,0,0,0,4,1,6,6,1,58,9,-1,-1,-1,-1,4,E01017217,0,-1
2023311305597,2023,311305597,1,19,0,18,19,2,6,0,0,0,0,0,0,0,0,1,6,6,3,-1,-1,-1,-1,-1,-1,-1,-1,0,-1
2023440363789,2023,440363789,2,9,0,18,19,2,6,0,0,1,0,0,0,0,1,1,6,6,3,-1,-1,-1,-1,-1,-1,-1,-1,0,-1
2023052302348,2023,052302348,1,9,0,18,19,1,3,0,0,0,0,0,0,0,0,1,6,6,3,-1,-1,-1,-1,-1,-1,-1,-1,0,-1
2023411270973,2023,411270973,2,1,-1,-1,-1,-1,-1,-1,-1,-1,-1,-1,-1,0,-1,1,4,7,2,15,3,-1,-1,-1,-1,7,E01023886,0,-1
2023201393568,2023,201393568,1,9,0,18,19,3,7,0,0,0,0,0,0,0,1,1,6,6,3,-1,-1,-1,-1,-1,-1,-1,-1,0,-1
2023161354557,2023,161354557,1,9,0,5,5,3,7,0,0,2,0,0,0,0,0,1,6,6,3,-1,-1,-1,-1,-1,-1,-1,-1,0,-1
2023010451755,2023,010451755,1,9,0,18,19,3,7,0,0,2,0,0,0,0,1,1,6,6,3,-1,-1,-1,-1,-1,-1,-1,-1,0,-1
2023201267800,2023,201267800,1,-1,0,18,19,8,4,0,0,1,0,0,0,0,1,1,6,6,1,11,3,-1,-1,-1,-1,1,E01009073,1,-1