collision_index,collision_year,collision_ref_no,vehicle_reference,vehicle_type,towing_and_articulation,vehicle_manoeuvre_historic,vehicle_manoeuvre,vehicle_direction_from,vehicle_direction_to,vehicle_location_restricted_lane_historic,vehicle_location_restricted_lane,junction_location,skidding_and_overturning,hit_object_in_carriageway,vehicle_leaving_carriageway,hit_object_off_carriageway,first_point_of_impact,vehicle_left_hand_drive,journey_purpose_of_driver_historic,journey_purpose_of_driver,sex_of_driver,age_of_driver,age_band_of_driver,engine_capacity_cc,propulsion_code,age_of_vehicle,generic_make_model,driver_imd_decile,lsoa_of_driver,escooter_flag,driver_distance_banding
2023461325375,2023,461325375,1,9,0,18,19,7,3,0,0,0,0,0,0,0,0,1,6,6,3,-1,-1,-1,-1,-1,-1,-1,-1,0,-1
2023302301337,2023,302301337,2,9,0,18,19,6,2,0,0,1,0,0,0,0,0,1,6,6,3,-1,-1,-1,-1,-1,-1,-1,-1,0,-1
2023411342375,2023,411342375,1,9,0,18,19,-1,-1,0,0,0,0,0,0,0,4,1,6,6,3,-1,-1,-1,-1,-1,-1,-1,-1,0,-1
2023052302416,2023,052302416,1,9,0,7,7,3,5,0,0,1,0,0,0,0,1,1,6,6,3,-1,-1,-1,-1,-1,-1,-1,-1,0,-1
2023131376049,2023,131376049,1,98,0,-1,-1,-1,-1,-1,-1,0,-1,-1,-1,-1,-1,1,6,6,3,-1,-1,-1,-1,-1,-1,-1,-1,0,-1
2023010465786,2023,010465786,2,1,9,99,99,9,9,99,99,9,9,99,9,99,9,1,6,6,3,-1,-1,-1,-1,-1,-1,-1,-1,0,-1
2023010451915,2023,010451915,2,9,9,99,99,9,9,99,99,9,9,99,9,99,9,9,6,6,3,-1,-1,-1,-1,-1,-1,-1,-1,0,-1
2023302300859,2023,302300859,2,1,0,18,19,6,2,0,0,1,0,0,0,0,2,1,6,6,2,59,9,-1,-1,-1,-1,5,E01019719,0,-1
2023501314556,2023,501314556,2,1,0,18,19,2,4,0,0,8,0,0,0,0,1,1,6,6,1,47,8,-1,-1,-1,-1,2,E01015156,0,-1
2023221301594,2023,221301594,2,1,0,18,19,2,6,0,0,0,0,0,0,0,3,1,5,6,1,58,9,-1,-1,-1,-1,4,E01028836,0,-1
2023010434823,2023,010434823,2,2,9,99,99,9,9,99,99,0,9,99,9,99,1,1,6,6,2,-1,-1,-1,-1,-1,-1,-1,-1,0,-1
2023010473303,2023,010473303,1,1,9,99,99,9,9,99,99,0,9,99,9,99,1,1,6,6,1,36,7,-1,-1,-1,-1,6,E01003254,0,-1
2023302301196,2023,302301196,1,9,0,18,19,7,3,0,0,0,0,0,0,0,1,1,6,6,3,-1,-1,-1,-1,-1,-1,5,E01019456,0,-1
2023010462447,2023,010462447,2,1,0,18,19,1,5,0,0,8,0,0,0,0,4,1,6,6,3,-1,-1,-1,-1,-1,-1,-1,-1,0,-1
2023161309538,2023,161309538,2,1,0,18,19,6,2,0,0,0,0,0,0,0,2,1,2,2,2,28,6,-1,-1,-1,-1,1,E01012948,0,-1
2023501350731,2023,501350731,2,1,0,18,19,7,4,0,0,0,5,0,0,0,2,1,2,2,1,17,4,-1,-1,-1,-1,2,E01019076,0,-1
2023320347255,2023,320347255,1,90,0,18,19,2,6,9,9,0,0,0,0,0,1,1,6,6,2,-1,-1,-1,-1,-1,-1,-1,-1,0,-1
2023201309296,2023,201309296,2,1,0,18,19,5,1,0,0,8,0,0,0,0,1,1,6,6,1,37,7,-1,-1,-1,-1,9,E01009466,0,-1
2023010467159,2023,010467159,1,1,9,99,99,9,9,99,99,9,9,99,9,99,1,1,6,6,1,52,8,-1,-1,-1,-1,9,E01003382,0,-1
2023411376691,2023,411376691,2,1,0,10,10,-1,-1,0,0,5,1,0,0,0,2,1,5,6,2,14,3,-1,-1,-1,-1,2,E01023758,0,-1
2023061335191,2023,061335191,2,-1,0,18,19,6,2,0,0,8,0,0,0,0,3,1,2,2,1,56,9,-1,-1,-1,-1,3,E01006272,1,-1
2023302301207,2023,302301207,1,9,0,18,19,5,1,0,0,0,0,0,0,0,3,1,6,6,1,26,6,-1,-1,-1,-1,9,E01025917,0,-1
2023010448840,2023,010448840,1,1,0,18,19,3,7,9,9,1,0,0,1,0,1,1,2,2,1,33,6,-1,-1,-1,-1,5,E01001201,0,-1
2023161331684,2023,161331684,2,9,0,18,19,1,5,0,0,0,0,0,0,0,1,1,6,6,3,-1,-1,-1,-1,-1,-1,-1,-1,0,-1
2023052301229,2023,052301229,2,1,0,18,19,7,3,0,0,0,0,0,0,0,3,1,1,1,1,30,6,-1,-1,-1,-1,1,E01006691,0,-1
2023471356249,2023,471356249,3,-1,-1,17,19,2,8,0,0,8,0,0,0,0,0,1,6,6,3,-1,-1,-1,-1,-1,-1,-1,-1,0,-1
2023010464502,2023,010464502,2,9,9,99,99,9,9,0,0,1,9,0,1,99,4,9,6,6,3,-1,-1,-1,-1,-1,-1,-1,-1,0,-1
2023161272214,2023,161272214,2,98,0,13,13,6,2,0,0,0,0,0,0,0,4,1,6,6,3,-1,-1,-1,-1,-1,-1,-1,-1,0,-1
2023131316033,2023,131316033,2,1,0,18,19,7,3,0,0,8,0,0,0,0,1,1,6,6,1,29,6,-1,-1,-1,-1,2,E01010628,0,-1
2023031302990,2023,031302990,2,9,4,18,19,6,6,0,0,2,0,0,0,0,2,1,6,6,1,50,8,-1,-1,-1,-1,-1,-1,0,-1
2023421308626,2023,421308626,2,90,0,2,2,1,5,0,0,0,0,0,0,0,2,1,6,6,3,-1,-1,-1,-1,-1,-1,-1,-1,0,-1
2023401268220,2023,401268220,2,9,0,17,19,5,1,0,0,8,0,0,0,0,3,1,5,6,2,60,9,-1,-1,-1,-1,4,E01015784,0,-1
2023061308635,2023,061308635,1,9,0,18,19,4,8,0,0,8,0,10,0,0,4,1,5,6,1,32,6,-1,-1,-1,-1,1,E01006031,0,-1
2023522401061,2023,522401061,1,1,0,18,19,1,5,0,0,8,0,0,1,0,1,1,6,6,1,22,5,-1,-1,-1,-1,-1,-1,0,-1
2023361396908,2023,361396908,1,9,0,13,13,6,2,0,0,8,0,0,0,0,1,1,5,6,1,16,4,-1,-1,-1,-1,8,E01026578,0,-1
2023351359446,2023,351359446,1,9,0,3,3,7,3,0,0,1,0,0,0,0,1,1,6,6,1,47,8,-1,-1,-1,-1,6,E01018036,0,-1
2023010471355,2023,010471355,2,97,0,18,19,7,3,0,0,8,0,0,0,0,1,1,6,6,3,-1,-1,-1,-1,-1,-1,-1,-1,0,-1
2023170S12033,2023,170S12033,1,11,0,18,19,4,8,2,2,1,0,0,0,0,4,1,1,1,3,-1,-1,-1,-1,-1,-1,-1,-1,0,-1
2023522400242,2023,522400242,2,90,0,18,19,6,2,0,0,0,0,0,0,0,3,9,6,6,3,-1,-1,-1,-1,-1,-1,-1,-1,0,-1
2023070513345,2023,070513345,1,9,0,18,19,1,5,0,0,0,0,0,0,0,4,1,6,6,3,-1,-1,-1,-1,-1,-1,-1,-1,0,-1
2023520301425,2023,520301425,2,1,0,18,19,6,4,0,0,8,0,0,0,0,2,1,6,6,1,74,10,-1,-1,-1,-1,8,E01029251,0,-1
2023101287179,2023,101287179,1,9,0,18,19,6,2,0,0,1,0,0,0,0,1,1,6,6,3,-1,-1,-1,-1,-1,-1,-1,-1,0,-1
2023161273560,2023,161273560,2,1,0,18,19,5,1,0,0,1,0,0,0,0,3,1,5,6,1,27,6,-1,-1,-1,-1,5,E01012767,0,-1
2023320496283,2023,320496283,2,1,0,18,19,6,2,0,0,0,0,0,0,0,1,1,6,6,1,64,9,-1,-1,-1,-1,6,E01026120,0,-1
2023221338856,2023,221338856,2,1,0,18,19,8,4,0,0,0,0,0,0,0,3,1,5,6,1,71,10,-1,-1,-1,-1,8,E01009812,0,-1
2023522300630,2023,522300630,2,9,0,9,9,1,7,0,0,8,0,0,0,0,1,1,6,6,3,-1,-1,-1,-1,-1,-1,-1,-1,0,-1
2023311342390,2023,311342390,2,-1,0,18,19,5,5,0,0,8,0,0,0,0,1,1,2,2,2,18,4,-1,-1,-1,-1,-1,-1,1,-1
2023201298491,2023,201298491,2,1,0,9,9,1,6,0,0,3,0,0,0,0,3,1,2,2,1,40,7,-1,-1,-1,-1,1,E01009301,0,-1
2023471290163,2023,471290163,1,9,0,18,19,3,7,0,0,8,0,0,0,0,2,1,6,6,1,36,7,-1,-1,-1,-1,6,E01021113,0,-1
2023141347825,2023,141347825,2,1,0,18,19,8,4,0,0,1,5,0,0,0,1,1,6,6,1,59,9,-1,-1,-1,-1,1,E01007875,0,-1
2023170M11263,2023,170M11263,2,1,0,18,19,8,4,0,0,0,0,0,0,0,3,1,6,6,1,17,4,-1,-1,-1,-1,1,E01012037,0,-1
2023010480763,2023,010480763,1,9,9,99,99,9,9,99,99,6,9,0,9,99,9,9,6,6,3,-1,-1,-1,-1,-1,-1,-1,-1,0,-1
2023101334367,2023,101334367,1,9,0,1,1,1,3,0,0,0,0,0,0,0,2,1,1,1,1,64,9,-1,-1,-1,-1,-1,-1,0,-1
2023430161246,2023,430161246,2,1,0,18,19,1,5,0,0,8,0,0,0,0,4,1,6,6,2,19,4,-1,-1,-1,-1,4,E01028819,0,-1
2023430258086,2023,430258086,2,1,0,18,19,2,6,0,0,8,0,0,0,0,3,1,1,1,1,78,11,-1,-1,-1,-1,5,E01016566,0,-1
2023411366778,2023,411366778,2,22,0,3,3,-1,-1,4,4,1,1,0,0,0,1,1,5,6,1,39,7,-1,-1,-1,-1,5,E01023933,0,-1
202360A095350,2023,60A095350,1,1,0,18,19,8,4,5,5,2,0,0,0,0,2,1,6,6,1,42,7,-1,-1,-1,-1,-1,-1,0,-1
2023991373162,2023,991373162,1,-1,0,5,5,3,7,0,0,6,0,0,0,0,3,1,6,6,1,24,5,-1,-1,-1,-1,6,-1,1,-1
2023311300473,2023,311300473,1,1,0,18,19,6,6,0,0,0,0,0,0,0,1,1,5,6,2,41,7,-1,-1,-1,-1,2,E01013908,0,-1
2023451260994,2023,451260994,1,1,0,18,19,1,5,0,0,1,5,0,0,0,3,1,4,7,1,17,4,-1,-1,-1,-1,5,E01030946,0,-1
2023501292712,2023,501292712,2,1,0,18,19,7,3,0,0,0,0,0,0,0,3,1,6,6,1,68,10,-1,-1,-1,-1,6,E01019027,0,-1
2023332301089,2023,332301089,1,9,0,18,19,2,6,0,0,0,0,0,7,9,1,1,6,6,1,37,7,-1,-1,-1,-1,5,E01025884,0,-1
2023471356659,2023,471356659,1,9,0,18,19,7,3,0,0,8,0,0,0,0,0,1,6,6,3,-1,-1,-1,-1,-1,-1,-1,-1,0,-1
2023340WN5702,2023,340WN5702,2,1,0,18,19,1,5,0,0,8,0,0,0,0,3,1,6,6,1,51,8,-1,-1,-1,-1,8,E01027181,0,-1
2023440143657,2023,440143657,4,9,0,2,2,0,0,0,0,2,0,0,0,0,4,1,6,6,1,44,7,-1,-1,-1,-1,-1,-1,0,-1
2023201298861,2023,201298861,1,9,0,4,4,5,1,0,0,0,0,0,0,0,1,1,6,6,1,38,7,-1,-1,-1,-1,9,E01031841,0,-1
2023440379539,2023,440379539,1,1,0,18,19,7,3,0,0,0,0,0,0,0,3,1,6,6,1,47,8,-1,-1,-1,-1,7,E01022737,0,-1
2023501399401,2023,501399401,1,9,-1,-1,-1,-1,-1,-1,-1,-1,-1,-1,-1,0,-1,1,6,6,3,-1,-1,-1,-1,-1,-1,-1,-1,0,-1
2023010433716,2023,010433716,2,1,9,99,99,9,9,99,99,9,9,99,9,99,2,1,6,6,1,-1,-1,-1,-1,-1,-1,-1,-1,0,-1
2023010458390,2023,010458390,2,1,0,16,19,6,2,0,0,7,5,0,0,0,3,1,6,6,1,18,4,-1,-1,-1,-1,1,E01000528,0,-1
2023161357417,2023,161357417,2,1,0,18,19,3,7,0,0,8,0,0,0,0,2,1,2,2,1,46,8,-1,-1,-1,-1,7,E01013333,0,-1
2023010424645,2023,010424645,2,1,0,7,7,7,2,0,0,8,0,0,0,0,0,1,6,6,3,-1,-1,-1,-1,-1,-1,-1,-1,0,-1
2023010461175,2023,010461175,1,1,9,99,99,9,9,0,0,8,9,99,9,99,9,1,2,2,1,40,7,-1,-1,-1,-1,5,E01003084,0,-1
2023610036823,2023,610036823,1,97,0,18,19,4,8,0,0,0,0,4,1,0,1,1,6,6,1,24,5,-1,-1,-1,-1,3,W01001663,0,-1
2023320193116,2023,320193116,1,4,0,18,19,4,8,0,0,0,1,0,0,0,1,1,6,6,1,21,5,-1,-1,-1,-1,7,E01025911,0,-1
2023631332905,2023,631332905,1,19,0,16,19,4,7,0,0,0,1,0,0,0,1,1,6,6,3,-1,-1,-1,-1,-1,-1,-1,-1,0,-1
2023522300987,2023,522300987,2,1,0,7,7,8,4,0,0,8,0,0,0,0,1,1,6,6,2,17,4,-1,-1,-1,-1,10,E01014897,0,-1
2023010471247,2023,010471247,1,1,0,17,19,8,4,0,0,6,1,0,0,0,1,1,4,7,1,16,4,-1,-1,-1,-1,4,E01004015,0,-1
2023052300970,2023,052300970,3,9,0,2,2,0,0,0,0,0,0,0,0,0,3,1,6,6,3,-1,-1,-1,-1,-1,-1,-1,-1,0,-1
2023122300446,2023,122300446,1,-1,0,18,19,7,3,0,0,0,1,0,0,0,0,1,6,6,1,23,5,-1,-1,-1,-1,6,E01013363,1,-1
2023061392049,2023,061392049,2,1,0,18,19,3,7,0,0,2,0,0,0,0,2,1,1,1,1,21,5,-1,-1,-1,-1,2,E01005230,0,-1
2023411307847,2023,411307847,2,9,0,18,19,-1,-1,0,0,0,0,0,0,0,1,1,6,6,3,-1,-1,-1,-1,-1,-1,-1,-1,0,-1
2023440524471,2023,440524471,1,9,0,16,19,7,3,0,0,0,2,0,1,11,3,1,6,6,1,45,7,-1,-1,-1,-1,9,E01022533,0,-1
2023041379570,2023,041379570,1,11,0,9,9,1,5,0,0,1,0,0,0,0,4,1,6,6,3,-1,-1,-1,-1,-1,-1,-1,-1,0,-1
2023471311173,2023,471311173,1,97,0,7,7,3,5,0,0,0,2,0,7,0,1,1,6,6,1,55,8,-1,-1,-1,-1,4,E01016973,0,-1
2023010454090,2023,010454090,1,1,0,5,5,3,7,2,2,1,0,4,0,0,2,1,6,6,1,32,6,-1,-1,-1,-1,3,E01033710,0,-1
2023010423629,2023,010423629,2,1,0,18,19,3,7,0,0,1,0,0,0,0,0,1,2,2,1,51,8,-1,-1,-1,-1,5,E01001685,0,-1
2023320737473,2023,320737473,2,9,0,18,19,6,2,0,0,8,0,0,0,0,1,1,2,2,1,25,5,-1,-1,-1,-1,9,E01026370,0,-1
2023411356805,2023,411356805,2,1,0,18,19,-1,-1,0,0,2,0,0,0,0,1,1,5,6,1,53,8,-1,-1,-1,-1,7,E01023897,0,-1
2023421296266,2023,421296266,1,9,0,18,19,2,6,0,0,0,0,0,0,0,4,1,6,6,3,-1,-1,-1,-1,-1,-1,-1,-1,0,-1
2023610020723,2023,610020723,2,9,0,2,2,0,0,0,0,0,0,0,0,0,1,1,6,6,1,55,8,-1,-1,-1,-1,2,W01001333,0,-1
2023161351755,2023,161351755,2,1,0,18,19,3,7,0,0,0,5,0,0,0,4,1,5,6,1,8,2,-1,-1,-1,-1,-1,-1,0,-1
2023211346486,2023,211346486,2,3,0,4,4,1,5,0,0,0,0,0,0,0,1,1,2,2,1,29,6,-1,-1,-1,-1,2,E01029409,0,-1
2023010433268,2023,010433268,1,1,9,99,99,9,9,99,99,9,9,99,9,99,9,1,2,2,1,38,7,-1,-1,-1,-1,2,E01004014,0,-1
2023010446597,2023,010446597,2,1,0,18,19,1,5,4,4,1,0,0,0,0,1,1,6,6,1,19,4,-1,-1,-1,-1,2,E01002809,0,-1
2023351334100,2023,351334100,2,1,-1,-1,-1,-1,-1,-1,-1,0,-1,-1,-1,0,-1,1,6,6,2,17,4,-1,-1,-1,-1,5,E01018183,0,-1
2023421390336,2023,421390336,1,9,0,18,19,7,3,0,0,0,0,0,0,0,1,1,6,6,3,-1,-1,-1,-1,-1,-1,-1,-1,0,-1
2023991373415,2023,991373415,1,1,0,18,19,4,8,0,0,0,0,0,0,0,3,1,6,6,1,53,8,-1,-1,-1,-1,5,-1,0,-1
2023340WN0662,2023,340WN0662,1,1,0,18,19,7,3,0,0,8,0,0,0,0,1,1,6,6,1,44,7,-1,-1,-1,-1,4,E01027132,0,-1
2023542219823,2023,542219823,2,5,0,18,19,5,1,0,0,6,0,0,0,0,4,1,6,6,1,37,7,-1,-1,-1,-1,8,E01015552,0,-1
2023010447695,2023,010447695,3,1,9,99,99,9,9,99,99,0,9,99,9,99,9,1,6,6,3,-1,-1,-1,-1,-1,-1,-1,-1,0,-1
2023302300487,2023,302300487,2,9,0,17,19,8,5,0,0,2,0,0,0,0,1,1,6,6,1,47,8,-1,-1,-1,-1,-1,-1,0,-1
2023010486428,2023,010486428,2,1,0,5,5,5,1,0,0,2,0,0,0,0,1,1,2,2,1,21,5,-1,-1,-1,-1,2,E01004263,0,-1
2023430562961,2023,430562961,3,19,0,8,8,8,2,0,0,5,0,0,0,0,0,1,1,1,1,-1,-1,-1,-1,-1,-1,-1,-1,0,-1
2023052300082,2023,052300082,1,9,0,5,5,6,8,0,0,0,0,0,0,0,1,1,6,6,3,-1,-1,-1,-1,-1,-1,-1,-1,0,-1
2023031258798,2023,031258798,1,1,0,18,19,5,1,0,0,0,1,0,0,0,0,1,5,6,1,71,10,-1,-1,-1,-1,8,E01019372,0,-1
2023052301970,2023,052301970,2,1,0,18,19,3,7,0,0,0,0,0,0,0,1,1,6,6,1,-1,-1,-1,-1,-1,-1,2,E01006506,0,-1
2023010429133,2023,010429133,2,1,0,18,19,1,5,0,0,8,0,0,0,0,3,1,1,1,1,23,5,-1,-1,-1,-1,5,E01001658,0,-1
2023010453562,2023,010453562,1,1,9,99,99,9,9,99,99,9,9,99,9,99,1,1,2,2,1,41,7,-1,-1,-1,-1,3,E01004019,0,-1
202363D027323,2023,63D027323,1,9,0,18,19,4,8,0,0,0,0,0,0,0,3,1,6,6,2,57,9,-1,-1,-1,-1,-1,-1,0,-1
2023070625603,2023,070625603,1,97,0,18,19,5,1,0,0,2,0,0,0,0,1,1,6,6,3,-1,-1,-1,-1,-1,-1,-1,-1,0,-1
2023010428935,2023,010428935,2,1,9,99,99,9,9,99,99,9,9,99,9,99,9,1,6,6,1,-1,-1,-1,-1,-1,-1,7,E01001915,0,-1
2023201393272,2023,201393272,1,9,0,9,9,8,6,0,0,5,0,0,0,0,4,1,6,6,1,35,6,-1,-1,-1,-1,7,E01010027,0,-1
2023440036334,2023,440036334,1,9,0,18,19,2,6,0,0,0,0,0,0,0,1,1,6,6,2,32,6,-1,-1,-1,-1,8,E01031977,0,-1
2023010447818,2023,010447818,2,9,0,99,99,9,9,99,99,9,9,99,9,99,1,9,6,6,3,-1,-1,-1,-1,-1,-1,-1,-1,0,-1
2023451370937,2023,451370937,2,9,0,17,19,3,7,0,0,0,0,0,1,0,1,1,5,6,1,60,9,-1,-1,-1,-1,7,E01023125,0,-1
2023302301232,2023,302301232,2,1,0,7,7,3,5,0,0,8,0,0,0,0,3,1,6,6,2,-1,-1,-1,-1,-1,-1,4,E01006047,0,-1
2023531280322,2023,531280322,1,1,0,18,19,5,1,0,0,0,0,0,2,0,1,1,5,6,1,18,4,-1,-1,-1,-1,5,E01022312,0,-1
2023122301294,2023,122301294,1,9,0,1,1,5,1,0,0,0,0,0,0,0,2,1,6,6,3,-1,-1,-1,-1,-1,-1,-1,-1,0,-1
2023161296614,2023,161296614,2,9,0,18,19,3,7,0,0,0,0,0,0,0,0,1,6,6,3,-1,-1,-1,-1,-1,-1,-1,-1,0,-1
2023340WN3822,2023,340WN3822,3,9,0,18,19,5,1,0,0,0,0,0,0,0,1,1,1,1,1,56,9,-1,-1,-1,-1,5,E01016280,0,-1
2023010436925,2023,010436925,1,9,0,9,9,5,2,0,0,1,0,0,0,0,1,1,6,6,3,-1,-1,-1,-1,-1,-1,-1,-1,0,-1
2023101285458,2023,101285458,1,9,-1,13,13,4,8,0,0,0,0,0,0,0,1,1,6,6,3,-1,-1,-1,-1,-1,-1,-1,-1,0,-1
2023010462945,2023,010462945,1,9,9,99,99,9,9,99,99,9,9,99,9,99,9,9,6,6,3,-1,-1,-1,-1,-1,-1,-1,-1,0,-1
2023471316584,2023,471316584,2,9,0,18,19,5,1,0,0,0,0,0,7,2,1,1,1,1,2,37,7,-1,-1,-1,-1,4,E01024582,0,-1
2023332301007,2023,332301007,2,1,0,18,19,1,5,0,0,8,0,0,0,0,4,1,6,6,1,20,4,-1,-1,-1,-1,2,E01013646,0,-1
202360A130818,2023,60A130818,2,98,0,2,2,0,0,0,0,2,0,0,0,0,1,1,6,6,1,59,9,-1,-1,-1,-1,-1,-1,0,-1
2023311357897,2023,311357897,2,1,0,5,5,1,5,9,9,0,0,0,0,0,4,1,1,1,1,26,6,-1,-1,-1,-1,1,E01028068,0,-1
2023010451193,2023,010451193,2,9,0,9,9,7,5,0,0,6,0,0,0,0,3,1,1,1,2,48,8,-1,-1,-1,-1,-1,-1,0,-1
2023201461618,2023,201461618,1,9,0,5,5,7,2,0,0,4,0,0,0,0,3,1,1,1,2,38,7,-1,-1,-1,-1,5,E01008981,0,-1
2023201334273,2023,201334273,1,9,0,18,19,8,4,0,0,0,0,0,0,0,1,1,6,6,3,-1,-1,-1,-1,-1,-1,-1,-1,0,-1
2023010487342,2023,010487342,1,-1,0,14,14,3,7,0,0,3,0,10,1,0,2,1,6,6,1,36,7,-1,-1,-1,-1,2,E01004231,1,-1
2023520301580,2023,520301580,2,9,0,5,5,7,2,0,0,0,0,0,0,0,1,2,6,6,1,37,7,-1,-1,-1,-1,-1,-1,0,-1
2023440456952,2023,440456952,1,1,0,18,19,7,3,0,0,0,0,0,0,0,1,1,2,2,1,61,9,-1,-1,-1,-1,6,E01022812,0,-1
2023430005551,2023,430005551,2,9,0,9,9,8,6,0,0,5,0,0,0,0,4,1,6,6,1,20,4,-1,-1,-1,-1,-1,-1,0,-1
2023421281863,2023,421281863,1,90,0,18,19,1,5,0,0,6,0,0,0,0,1,1,5,6,1,17,4,-1,-1,-1,-1,-1,-1,0,-1
2023031361841,2023,031361841,1,23,0,18,19,5,3,9,9,8,0,0,0,0,1,1,6,6,1,31,6,-1,-1,-1,-1,4,E01019218,0,-1
2023052300345,2023,052300345,2,22,0,18,19,7,3,0,0,0,0,0,0,0,3,1,6,6,1,58,9,-1,-1,-1,-1,7,E01007316,0,-1
2023041364654,2023,041364654,2,9,0,18,19,1,5,0,0,4,0,0,0,0,4,1,6,6,1,37,7,-1,-1,-1,-1,8,E01018443,0,-1
202354A944123,2023,54A944123,1,9,0,18,19,2,6,0,0,0,0,10,1,7,4,1,6,6,2,53,8,-1,-1,-1,-1,6,E01032091,0,-1
2023010485379,2023,010485379,2,1,0,18,19,1,5,0,0,1,0,0,0,0,1,1,6,6,1,31,6,-1,-1,-1,-1,3,E01004406,0,-1
2023010461612,2023,010461612,2,1,0,18,19,5,1,0,0,5,0,0,0,0,3,1,6,6,1,49,8,-1,-1,-1,-1,1,E01004273,0,-1
2023122300866,2023,122300866,1,19,0,18,19,2,6,0,0,3,0,7,0,0,1,1,6,6,1,66,10,-1,-1,-1,-1,8,E01011399,0,-1
2023451310772,2023,451310772,1,98,0,12,12,3,7,0,0,0,0,0,0,0,3,2,1,1,1,67,10,-1,-1,-1,-1,-1,-1,0,-1
2023010462254,2023,010462254,1,9,0,18,19,7,3,0,0,0,1,10,1,11,3,1,6,6,2,32,6,-1,-1,-1,-1,2,E01001971,0,-1
2023141352616,2023,141352616,2,1,0,18,19,1,2,0,0,8,0,0,0,0,1,1,6,6,1,11,3,-1,-1,-1,-1,2,E01007392,0,-1
2023311331771,2023,311331771,2,1,-1,18,19,2,6,0,0,0,2,0,0,0,3,1,6,6,1,39,7,-1,-1,-1,-1,8,E01019691,0,-1
2023531286425,2023,531286425,1,97,0,17,19,1,5,0,0,0,0,0,0,0,1,1,6,6,1,33,6,-1,-1,-1,-1,9,E01022357,0,-1
2023041330776,2023,041330776,1,9,0,18,19,5,1,0,0,0,5,0,0,0,3,1,6,6,1,17,4,-1,-1,-1,-1,7,E01025585,0,-1
2023461318665,2023,461318665,1,11,0,6,6,7,3,0,0,0,0,0,0,0,0,1,1,1,1,25,5,-1,-1,-1,-1,-1,-1,0,-1
2023201416133,2023,201416133,1,9,0,18,19,8,4,0,0,0,0,10,1,0,1,1,6,6,3,-1,-1,-1,-1,-1,-1,-1,-1,0,-1
2023991321521,2023,991321521,2,1,0,7,7,2,6,0,0,3,0,0,0,0,4,1,5,6,1,52,8,-1,-1,-1,-1,4,-1,0,-1
2023421312505,2023,421312505,1,1,0,16,19,7,3,0,0,0,0,0,0,0,4,1,5,6,1,38,7,-1,-1,-1,-1,2,E01003092,0,-1
2023131286798,2023,131286798,1,90,0,18,19,5,1,9,9,1,0,0,0,0,1,1,6,6,1,19,4,-1,-1,-1,-1,1,E01011337,0,-1
2023991307232,2023,991307232,1,1,0,18,19,1,5,9,9,8,0,0,0,0,4,1,6,6,1,19,4,-1,-1,-1,-1,9,-1,0,-1
2023451263933,2023,451263933,2,1,0,18,19,1,5,0,0,2,0,0,0,0,2,1,6,6,2,58,9,-1,-1,-1,-1,6,E01030995,0,-1
2023041332056,2023,041332056,1,97,0,7,7,1,3,0,0,8,2,0,0,0,1,1,5,6,1,30,6,-1,-1,-1,-1,1,E01025283,0,-1
2023552300899,2023,552300899,2,1,0,18,19,1,5,0,0,2,0,0,0,0,4,1,6,6,2,45,7,-1,-1,-1,-1,7,E01020576,0,-1
2023041346823,2023,041346823,2,1,0,18,19,7,3,0,0,0,1,0,0,0,0,1,5,6,2,9,2,-1,-1,-1,-1,6,E01006216,0,-1
2023010454973,2023,010454973,2,1,0,18,19,7,3,0,0,8,5,0,7,0,1,1,6,6,2,25,5,-1,-1,-1,-1,2,E01002002,0,-1
2023311297170,2023,311297170,1,9,0,18,19,7,3,0,0,8,0,0,0,0,4,1,6,6,2,30,6,-1,-1,-1,-1,-1,-1,0,-1
2023461267756,2023,461267756,2,21,1,11,11,3,7,0,0,0,0,0,0,0,2,1,6,6,1,63,9,-1,-1,-1,-1,-1,-1,0,-1
2023401332697,2023,401332697,3,1,0,18,19,-1,-1,0,0,0,0,0,0,0,1,1,6,6,3,-1,-1,-1,-1,-1,-1,-1,-1,0,-1
2023010423695,2023,010423695,2,9,0,99,99,9,9,99,99,9,9,99,9,99,1,9,6,6,3,58,9,-1,-1,-1,-1,4,E01003023,0,-1
2023010468878,2023,010468878,2,1,0,18,19,1,5,0,0,8,0,0,1,0,3,1,6,6,1,17,4,-1,-1,-1,-1,1,E01001155,0,-1
2023332300483,2023,332300483,2,1,0,18,19,8,4,0,0,8,0,0,0,0,4,1,2,2,2,57,9,-1,-1,-1,-1,-1,-1,0,-1
2023010461835,2023,010461835,1,1,9,99,99,9,9,99,99,9,9,99,9,99,1,1,2,2,1,48,8,-1,-1,-1,-1,4,E01001736,0,-1
2023131343987,2023,131343987,2,90,0,18,19,1,5,0,0,1,0,0,0,0,1,1,6,6,2,15,3,-1,-1,-1,-1,4,E01011044,0,-1
2023401309139,2023,401309139,1,98,0,4,4,7,3,0,0,0,0,4,0,0,2,1,1,1,1,30,6,-1,-1,-1,-1,2,E01015954,0,-1
2023010426192,2023,010426192,1,1,0,18,19,3,7,5,5,0,5,11,0,0,1,1,2,2,1,40,7,-1,-1,-1,-1,3,E01000058,0,-1
2023501342034,2023,501342034,2,1,0,18,19,5,1,0,0,0,0,0,0,0,2,1,5,6,2,31,6,-1,-1,-1,-1,7,E01020109,0,-1
2023101371306,2023,101371306,1,9,0,9,9,4,1,0,0,8,0,0,0,0,0,1,6,6,2,-1,-1,-1,-1,-1,-1,-1,-1,0,-1
2023131290489,2023,131290489,2,9,0,18,19,6,2,0,0,8,0,0,0,0,0,1,6,6,3,-1,-1,-1,-1,-1,-1,-1,-1,0,-1
2023471334339,2023,471334339,1,9,0,5,5,5,8,0,0,4,0,0,0,0,3,1,6,6,3,-1,-1,-1,-1,-1,-1,-1,-1,0,-1
2023010427429,2023,010427429,2,1,0,13,13,2,6,0,0,2,0,0,0,0,3,1,6,6,1,34,6,-1,-1,-1,-1,6,E01000624,0,-1
2023070178481,2023,070178481,2,1,0,3,3,5,1,0,0,1,0,0,0,0,3,1,6,6,1,40,7,-1,-1,-1,-1,2,E01018714,0,-1
2023211301192,2023,211301192,2,9,0,2,2,7,3,0,0,0,0,0,0,0,1,1,6,6,1,67,10,-1,-1,-1,-1,6,E01029707,0,-1
2023401300259,2023,401300259,3,9,0,2,2,0,0,0,0,0,0,0,0,0,2,1,5,6,3,-1,-1,-1,-1,-1,-1,-1,-1,0,-1