collision_index,collision_year,collision_ref_no,vehicle_reference,vehicle_type,towing_and_articulation,vehicle_manoeuvre_historic,vehicle_manoeuvre,vehicle_direction_from,vehicle_direction_to,vehicle_location_restricted_lane_historic,vehicle_location_restricted_lane,junction_location,skidding_and_overturning,hit_object_in_carriageway,vehicle_leaving_carriageway,hit_object_off_carriageway,first_point_of_impact,vehicle_left_hand_drive,journey_purpose_of_driver_historic,journey_purpose_of_driver,sex_of_driver,age_of_driver,age_band_of_driver,engine_capacity_cc,propulsion_code,age_of_vehicle,generic_make_model,driver_imd_decile,lsoa_of_driver,escooter_flag,driver_distance_banding
2023531378140,2023,531378140,1,98,0,4,4,5,1,0,0,0,0,0,0,0,1,1,2,2,1,23,5,-1,-1,-1,-1,2,E01022328,0,-1
2023161285404,2023,161285404,2,9,0,2,2,0,0,9,9,8,0,0,0,0,1,1,6,6,3,-1,-1,-1,-1,-1,-1,-1,-1,0,-1
2023161364069,2023,161364069,2,9,0,18,19,3,7,0,0,0,0,0,0,0,3,1,6,6,1,-1,-1,-1,-1,-1,-1,-1,-1,0,-1
2023351394256,2023,351394256,2,-1,0,18,19,1,5,0,0,1,0,0,0,0,1,1,6,6,3,-1,-1,-1,-1,-1,-1,-1,-1,0,-1
2023451391096,2023,451391096,2,9,0,18,19,1,3,0,0,8,0,0,0,0,3,1,6,6,3,30,6,-1,-1,-1,-1,-1,-1,0,-1
2023122300559,2023,122300559,1,1,0,18,19,4,8,0,0,0,0,0,0,0,4,1,6,6,1,52,8,-1,-1,-1,-1,8,E01027589,0,-1
2023010477867,2023,010477867,1,9,9,99,99,9,9,99,99,9,9,99,9,99,9,9,6,6,3,-1,-1,-1,-1,-1,-1,-1,-1,0,-1
2023991377896,2023,991377896,2,1,0,18,19,4,8,0,0,2,0,0,0,0,1,1,2,2,1,27,6,-1,-1,-1,-1,-1,-1,0,-1
2023546698823,2023,546698823,1,22,0,9,9,5,3,0,0,1,0,0,0,0,1,1,6,6,2,51,8,-1,-1,-1,-1,7,E01015474,0,-1
2023010476527,2023,010476527,1,1,9,99,99,9,9,99,99,9,9,99,9,99,9,1,6,6,2,27,6,-1,-1,-1,-1,2,E01004230,0,-1
2023430546149,2023,430546149,2,-1,0,18,19,5,1,4,4,8,0,0,0,0,4,1,6,6,1,26,6,-1,-1,-1,-1,6,E01028558,1,-1
2023010452019,2023,010452019,2,98,0,99,99,9,9,99,99,9,9,99,9,99,9,9,6,6,3,-1,-1,-1,-1,-1,-1,-1,-1,0,-1
2023010445317,2023,010445317,2,1,0,18,19,5,1,9,9,1,5,10,7,0,1,1,6,6,1,20,4,-1,-1,-1,-1,2,E01032722,0,-1
2023302300573,2023,302300573,1,1,0,18,19,4,8,0,0,1,0,0,0,0,3,1,6,6,1,25,5,-1,-1,-1,-1,1,E01013591,0,-1
2023061279332,2023,061279332,1,9,0,16,19,1,3,0,0,3,0,0,0,0,1,1,6,6,3,-1,-1,-1,-1,-1,-1,-1,-1,0,-1
2023131283242,2023,131283242,2,1,0,18,19,5,1,0,0,1,0,0,0,0,1,1,5,6,1,10,2,-1,-1,-1,-1,1,E01011901,0,-1
2023010445068,2023,010445068,1,1,9,99,99,9,9,99,99,9,9,99,9,99,9,1,1,1,1,38,7,-1,-1,-1,-1,3,E01004202,0,-1
2023041348072,2023,041348072,1,9,0,18,19,-1,-1,0,0,0,0,0,0,0,-1,1,6,6,3,-1,-1,-1,-1,-1,-1,-1,-1,0,-1
2023371374369,2023,371374369,1,9,0,18,19,-1,-1,0,0,0,0,10,2,0,-1,1,6,6,3,-1,-1,-1,-1,-1,-1,-1,-1,0,-1
2023461264462,2023,461264462,1,9,0,18,19,3,7,0,0,0,0,11,0,0,1,1,1,1,1,73,10,-1,-1,-1,-1,6,E01024345,0,-1
2023010462079,2023,010462079,1,1,9,99,99,9,9,99,99,9,9,99,9,99,2,1,6,6,1,30,6,-1,-1,-1,-1,2,E01003092,0,-1
2023010467553,2023,010467553,2,1,0,5,5,2,6,0,0,4,0,0,0,0,1,1,6,6,1,37,7,-1,-1,-1,-1,3,E01001363,0,-1
2023302301548,2023,302301548,2,9,0,18,19,6,2,0,0,0,0,0,0,0,3,1,6,6,3,-1,-1,-1,-1,-1,-1,5,E01019456,0,-1
2023421359535,2023,421359535,1,97,0,-1,-1,-1,-1,-1,-1,0,-1,-1,-1,0,-1,1,6,6,3,-1,-1,-1,-1,-1,-1,-1,-1,0,-1
2023010481959,2023,010481959,2,9,0,99,99,9,9,99,99,0,9,99,9,99,1,9,6,6,3,-1,-1,-1,-1,-1,-1,-1,-1,0,-1
2023552300924,2023,552300924,2,1,0,2,2,0,0,0,0,0,0,0,0,0,1,1,6,6,1,33,6,-1,-1,-1,-1,7,E01020570,0,-1
2023061260159,2023,061260159,1,19,0,1,1,5,1,0,0,8,0,0,0,0,2,1,6,6,3,18,4,-1,-1,-1,-1,-1,-1,0,-1
2023302300406,2023,302300406,1,9,0,14,14,8,4,0,0,0,0,0,0,0,1,1,6,6,3,-1,-1,-1,-1,-1,-1,5,E01019456,0,-1
2023440175335,2023,440175335,2,1,0,18,19,8,4,0,0,1,0,0,0,0,1,1,6,6,1,43,7,-1,-1,-1,-1,9,E01017147,0,-1
2023201420130,2023,201420130,2,1,0,7,7,8,2,0,0,5,0,0,2,0,1,1,6,6,1,25,5,-1,-1,-1,-1,3,E01009553,0,-1
2023010471244,2023,010471244,1,1,0,18,19,3,7,0,0,2,5,4,0,0,1,1,2,2,1,23,5,-1,-1,-1,-1,2,E01002969,0,-1
2023041309770,2023,041309770,1,-1,-1,-1,-1,-1,-1,-1,-1,0,-1,-1,-1,0,-1,1,6,6,3,-1,-1,-1,-1,-1,-1,-1,-1,0,-1
2023010435087,2023,010435087,2,1,0,18,19,8,4,0,0,0,0,0,0,0,3,1,6,6,2,27,6,-1,-1,-1,-1,4,E01002785,0,-1
2023548495923,2023,548495923,1,9,0,18,19,2,6,0,0,0,0,0,0,0,4,1,6,6,1,73,10,-1,-1,-1,-1,5,E01032056,0,-1
2023440294700,2023,440294700,3,9,0,4,4,8,4,0,0,1,0,0,0,0,1,1,6,6,1,-1,-1,-1,-1,-1,-1,7,E01031852,0,-1
2023061457750,2023,061457750,2,1,0,18,19,5,1,0,0,0,0,0,0,0,1,1,6,6,1,6,2,-1,-1,-1,-1,-1,-1,0,-1
2023010437700,2023,010437700,1,9,0,18,19,7,3,0,0,1,0,0,0,0,1,1,6,6,3,23,5,-1,-1,-1,-1,-1,-1,0,-1
2023010497715,2023,010497715,2,11,0,99,99,9,9,99,99,9,9,99,9,99,9,9,6,6,3,-1,-1,-1,-1,-1,-1,-1,-1,0,-1
2023361319683,2023,361319683,1,23,0,-1,-1,-1,-1,0,0,2,-1,-1,-1,0,-1,1,6,6,1,-1,-1,-1,-1,-1,-1,-1,-1,0,-1
2023010447004,2023,010447004,2,19,0,99,99,9,9,99,99,0,9,99,9,99,1,9,6,6,3,-1,-1,-1,-1,-1,-1,-1,-1,0,-1
2023010486294,2023,010486294,2,9,0,99,99,9,9,99,99,9,9,99,9,99,9,9,6,6,3,-1,-1,-1,-1,-1,-1,-1,-1,0,-1
2023430255437,2023,430255437,1,1,4,18,19,6,2,0,0,8,0,0,0,0,2,1,2,2,2,31,6,-1,-1,-1,-1,2,E01016397,0,-1
2023010424153,2023,010424153,2,1,0,18,19,7,3,5,5,0,0,0,0,0,4,1,6,6,1,59,9,-1,-1,-1,-1,4,E01001285,0,-1
2023552300591,2023,552300591,2,-1,0,18,19,3,7,0,0,8,0,0,0,0,3,1,6,6,1,23,5,-1,-1,-1,-1,10,E01017063,1,-1
2023421325569,2023,421325569,2,1,0,18,19,4,1,0,0,4,0,0,0,0,1,1,6,6,1,57,9,-1,-1,-1,-1,-1,-1,0,-1
202360A141782,2023,60A141782,1,5,0,17,19,2,8,0,0,0,0,0,1,0,1,1,6,6,2,55,8,-1,-1,-1,-1,-1,-1,0,-1
2023631350694,2023,631350694,1,2,0,-1,-1,-1,-1,-1,-1,0,-1,-1,-1,-1,-1,1,6,6,1,16,4,-1,-1,-1,-1,-1,-1,0,-1
2023061341848,2023,061341848,1,9,0,18,19,3,1,0,0,8,0,0,0,0,1,1,6,6,3,-1,-1,-1,-1,-1,-1,-1,-1,0,-1
2023010444783,2023,010444783,1,19,0,9,9,5,3,0,0,5,0,0,0,0,3,1,1,1,1,31,6,-1,-1,-1,-1,4,E01021785,0,-1
2023010451800,2023,010451800,2,9,9,99,99,9,9,99,99,9,9,99,9,99,9,9,6,6,3,-1,-1,-1,-1,-1,-1,-1,-1,0,-1
2023522301590,2023,522301590,1,1,0,18,19,7,3,0,0,8,0,0,0,0,1,1,6,6,1,52,8,-1,-1,-1,-1,9,E01014819,0,-1
2023010462524,2023,010462524,1,9,0,18,19,7,3,0,0,0,0,0,0,0,2,1,6,6,2,38,7,-1,-1,-1,-1,4,E01003767,0,-1
2023041273164,2023,041273164,1,9,0,18,19,7,3,0,0,0,0,0,0,0,4,1,6,6,3,-1,-1,-1,-1,-1,-1,-1,-1,0,-1
2023471374642,2023,471374642,2,1,0,18,19,2,6,0,0,2,0,0,0,0,4,1,5,6,2,12,3,-1,-1,-1,-1,4,E01031576,0,-1
2023010427566,2023,010427566,2,9,0,99,99,9,9,99,99,9,9,99,9,99,4,9,6,6,3,-1,-1,-1,-1,-1,-1,-1,-1,0,-1
2023161363439,2023,161363439,1,19,0,5,5,2,6,0,0,6,0,0,0,0,1,1,6,6,1,-1,-1,-1,-1,-1,-1,1,E01011293,0,-1
2023302301507,2023,302301507,1,11,0,4,4,2,6,0,0,0,0,0,0,0,0,1,1,1,2,46,8,-1,-1,-1,-1,1,E01013573,0,-1
2023430378027,2023,430378027,2,1,0,18,19,3,7,0,0,0,0,0,0,0,3,1,6,6,2,43,7,-1,-1,-1,-1,10,E01016267,0,-1
2023361391427,2023,361391427,2,1,0,18,19,7,3,0,0,1,0,-1,0,0,1,1,2,2,1,42,7,-1,-1,-1,-1,4,E01026466,0,-1
2023451376243,2023,451376243,2,-1,0,18,19,5,1,0,0,0,0,0,0,0,1,1,6,6,3,40,7,-1,-1,-1,-1,-1,-1,0,-1
2023461340157,2023,461340157,2,9,0,18,19,1,5,0,0,0,0,0,0,0,1,1,5,6,3,-1,-1,-1,-1,-1,-1,-1,-1,0,-1
2023991360566,2023,991360566,1,9,0,18,19,8,4,0,0,0,0,0,0,0,3,1,6,6,3,45,7,-1,-1,-1,-1,-1,-1,0,-1
2023430309693,2023,430309693,1,1,0,18,19,7,3,0,0,8,0,0,0,0,4,1,2,2,1,38,7,-1,-1,-1,-1,6,E01017810,0,-1
2023141330524,2023,141330524,2,9,0,18,19,5,1,0,0,0,0,0,0,0,1,1,5,6,1,59,9,-1,-1,-1,-1,8,E01027896,0,-1
2023311344145,2023,311344145,2,1,0,18,19,4,8,0,0,0,0,0,0,0,1,1,6,6,1,30,6,-1,-1,-1,-1,4,E01027929,0,-1
2023010481201,2023,010481201,1,1,9,99,99,9,9,99,99,9,9,99,9,99,9,1,2,2,1,36,7,-1,-1,-1,-1,5,E01003946,0,-1
2023010449910,2023,010449910,1,9,0,5,5,1,5,0,0,7,0,0,0,0,1,1,6,6,1,39,7,-1,-1,-1,-1,9,E01004640,0,-1
2023461260216,2023,461260216,2,1,0,5,5,1,3,0,0,4,5,0,0,0,1,1,6,6,1,14,3,-1,-1,-1,-1,3,E01024092,0,-1
2023010439882,2023,010439882,1,1,9,99,99,9,9,99,99,9,9,99,9,99,9,1,2,2,1,58,9,-1,-1,-1,-1,5,E01033494,0,-1
2023461375599,2023,461375599,2,9,0,18,19,1,5,0,0,0,0,0,0,0,4,1,6,6,2,36,7,-1,-1,-1,-1,5,E01016149,0,-1
2023411326524,2023,411326524,1,9,0,17,19,5,1,0,0,0,1,0,8,4,1,1,6,6,1,34,6,-1,-1,-1,-1,2,E01000084,0,-1
2023131322609,2023,131322609,2,9,0,11,11,3,7,0,0,3,0,0,0,0,-1,1,6,6,3,25,5,-1,-1,-1,-1,-1,-1,0,-1
2023430013294,2023,430013294,1,9,0,18,19,5,1,0,0,0,0,0,0,0,1,1,1,1,1,55,8,-1,-1,-1,-1,5,E01017900,0,-1
2023430260196,2023,430260196,2,9,0,18,19,1,5,0,0,6,0,0,0,0,1,1,6,6,2,60,9,-1,-1,-1,-1,-1,-1,0,-1
2023010436482,2023,010436482,2,23,0,13,13,5,1,0,0,1,0,0,0,0,1,1,6,6,1,15,3,-1,-1,-1,-1,10,E01004101,0,-1
2023010451560,2023,010451560,1,1,9,99,99,9,9,99,99,9,9,99,9,99,1,1,6,6,1,30,6,-1,-1,-1,-1,2,E01003057,0,-1
2023401278305,2023,401278305,1,97,0,18,19,-1,-1,0,0,1,0,0,0,0,1,1,6,6,1,17,4,-1,-1,-1,-1,4,E01015756,0,-1
2023231332818,2023,231332818,2,1,0,18,19,8,4,0,0,0,0,0,0,0,3,1,5,6,1,47,8,-1,-1,-1,-1,10,E01031300,0,-1
2023520400596,2023,520400596,2,21,1,18,19,1,5,0,0,0,0,0,0,0,1,2,1,1,1,44,7,-1,-1,-1,-1,-1,-1,0,-1
2023311333933,2023,311333933,2,1,0,4,4,5,1,0,0,1,0,0,0,0,2,1,5,6,1,28,6,-1,-1,-1,-1,1,E01013921,0,-1
2023010426381,2023,010426381,2,9,0,9,9,1,7,0,0,1,0,0,0,0,1,1,6,6,3,-1,-1,-1,-1,-1,-1,-1,-1,0,-1
2023101331096,2023,101331096,1,23,0,7,7,1,7,0,0,0,0,0,0,0,1,1,5,6,1,20,4,-1,-1,-1,-1,-1,-1,0,-1
2023010438171,2023,010438171,1,1,0,18,19,4,8,0,0,2,0,0,0,0,1,1,1,1,1,38,7,-1,-1,-1,-1,3,E01003496,0,-1
202354A730923,2023,54A730923,2,1,0,18,19,2,6,0,0,0,0,0,0,0,3,1,2,2,2,40,7,-1,-1,-1,-1,5,E01031986,0,-1
2023010482292,2023,010482292,2,9,0,99,99,9,9,99,99,9,9,99,9,99,9,9,6,6,3,-1,-1,-1,-1,-1,-1,-1,-1,0,-1
2023131394393,2023,131394393,2,9,0,18,19,2,6,0,0,8,0,0,0,0,2,1,6,6,2,54,8,-1,-1,-1,-1,2,E01025092,0,-1
2023421365950,2023,421365950,1,98,0,18,19,8,4,0,0,0,0,0,0,0,3,1,1,1,1,32,6,-1,-1,-1,-1,8,E01032966,0,-1
2023170M10183,2023,170M10183,1,9,0,9,9,6,3,0,0,8,0,0,0,0,3,1,6,6,2,48,8,-1,-1,-1,-1,8,E01012032,0,-1
2023161384029,2023,161384029,1,9,0,18,19,1,5,0,0,1,0,0,0,0,1,1,6,6,3,-1,-1,-1,-1,-1,-1,-1,-1,0,-1
2023161282112,2023,161282112,2,1,0,18,19,8,6,0,0,8,0,0,0,0,4,1,2,2,1,21,5,-1,-1,-1,-1,1,E01012918,0,-1
2023401364602,2023,401364602,1,9,-1,-1,-1,-1,-1,-1,-1,-1,-1,-1,-1,0,-1,1,6,6,3,-1,-1,-1,-1,-1,-1,-1,-1,0,-1
2023471366507,2023,471366507,2,1,0,18,19,1,5,0,0,8,0,0,0,0,1,1,2,2,2,23,5,-1,-1,-1,-1,2,E01020911,0,-1
2023430179911,2023,430179911,1,1,0,18,19,7,3,0,0,8,0,0,0,0,4,1,6,6,1,30,6,-1,-1,-1,-1,8,E01016675,0,-1
2023411347645,2023,411347645,2,23,0,16,19,4,8,0,0,0,0,0,0,0,1,1,6,6,1,39,7,-1,-1,-1,-1,7,E01017564,0,-1
2023170S10583,2023,170S10583,1,9,0,18,19,4,8,0,0,0,0,0,0,0,1,1,6,6,3,-1,-1,-1,-1,-1,-1,-1,-1,0,-1
2023071172405,2023,071172405,2,1,0,18,19,1,5,0,0,3,0,0,0,0,4,1,2,2,1,48,8,-1,-1,-1,-1,-1,-1,0,-1
2023520400619,2023,520400619,2,9,0,18,19,5,1,0,0,8,0,0,0,0,1,1,6,6,1,22,5,-1,-1,-1,-1,2,E01010724,0,-1
2023010472895,2023,010472895,1,19,0,5,5,7,3,0,0,8,0,0,0,0,0,1,6,6,3,-1,-1,-1,-1,-1,-1,-1,-1,0,-1
2023430067821,2023,430067821,2,1,0,18,19,5,1,0,0,0,0,0,0,0,3,1,2,2,1,21,5,-1,-1,-1,-1,7,E01033509,0,-1
2023131317412,2023,131317412,2,1,0,18,19,3,7,0,0,8,0,0,0,0,3,1,6,6,2,22,5,-1,-1,-1,-1,8,E01032945,0,-1
2023421292222,2023,421292222,4,21,1,18,19,5,1,0,0,0,3,0,0,0,1,2,1,1,1,42,7,-1,-1,-1,-1,-1,-1,0,-1
2023201405481,2023,201405481,1,-1,0,18,19,6,1,0,0,6,1,0,0,0,3,1,5,6,1,15,3,-1,-1,-1,-1,3,E01009790,0,-1
2023061322656,2023,061322656,2,22,0,18,19,1,4,0,0,4,0,0,0,0,2,1,6,6,1,22,5,-1,-1,-1,-1,2,E01005471,0,-1
2023501367217,2023,501367217,2,1,0,18,19,2,6,0,0,0,2,0,8,11,1,1,5,6,1,17,4,-1,-1,-1,-1,5,E01018851,0,-1
2023991368531,2023,991368531,2,9,0,18,19,1,2,0,0,0,0,0,0,0,2,1,1,1,2,33,6,-1,-1,-1,-1,2,-1,0,-1
2023010463166,2023,010463166,2,9,0,99,99,9,9,99,99,9,9,99,9,99,9,9,6,6,1,48,8,-1,-1,-1,-1,3,E01003938,0,-1
2023052300707,2023,052300707,1,9,0,18,19,1,5,0,0,0,0,0,0,0,1,1,6,6,3,-1,-1,-1,-1,-1,-1,-1,-1,0,-1
2023010470308,2023,010470308,1,1,9,99,99,9,9,99,99,9,9,99,9,99,9,1,6,6,3,63,9,-1,-1,-1,-1,2,E01003988,0,-1
2023161272123,2023,161272123,2,1,0,18,19,5,1,0,0,2,0,0,0,0,3,1,2,2,2,52,8,-1,-1,-1,-1,2,E01013283,0,-1
2023010481676,2023,010481676,1,11,0,18,19,3,7,0,0,1,0,0,0,0,0,1,1,1,3,-1,-1,-1,-1,-1,-1,-1,-1,0,-1
2023430497932,2023,430497932,1,9,0,18,19,6,2,0,0,0,0,0,0,0,1,1,6,6,3,-1,-1,-1,-1,-1,-1,-1,-1,0,-1
2023010445102,2023,010445102,1,9,0,18,19,7,3,0,0,1,0,0,0,0,1,1,6,6,3,-1,-1,-1,-1,-1,-1,-1,-1,0,-1
2023010479205,2023,010479205,1,1,0,18,19,1,5,4,4,1,5,10,1,2,1,1,6,6,1,31,6,-1,-1,-1,-1,-1,-1,0,-1
202360A089861,2023,60A089861,1,-1,0,18,19,4,8,9,9,0,0,0,0,0,1,1,6,6,2,15,3,-1,-1,-1,-1,-1,-1,1,-1
2023622300383,2023,622300383,2,-1,0,18,19,5,1,0,0,1,0,0,0,0,1,1,6,6,1,15,3,-1,-1,-1,-1,7,W01001953,1,-1
2023471368715,2023,471368715,3,9,0,18,19,5,1,0,0,1,0,0,0,0,2,1,5,6,1,21,5,-1,-1,-1,-1,6,E01021133,0,-1
2023052300605,2023,052300605,1,9,0,18,19,1,5,0,0,0,0,0,0,0,1,1,6,6,3,-1,-1,-1,-1,-1,-1,-1,-1,0,-1
2023010486191,2023,010486191,2,-1,0,18,19,7,3,0,0,0,1,0,0,0,1,1,6,6,2,29,6,-1,-1,-1,-1,6,E01002485,1,-1
2023041326735,2023,041326735,1,98,0,18,19,5,1,0,0,1,0,0,0,0,4,1,6,6,3,-1,-1,-1,-1,-1,-1,-1,-1,0,-1
2023421330728,2023,421330728,2,1,0,18,19,8,4,0,0,8,5,0,0,0,4,1,5,6,1,16,4,-1,-1,-1,-1,9,E01021781,0,-1
2023010455571,2023,010455571,2,1,0,9,9,1,7,0,0,3,0,0,0,0,4,1,2,2,1,22,5,-1,-1,-1,-1,3,E01003146,0,-1
2023351378517,2023,351378517,2,1,0,17,19,7,3,0,0,8,0,0,0,0,1,1,5,6,1,51,8,-1,-1,-1,-1,6,E01017951,0,-1
2023311300224,2023,311300224,1,1,0,18,19,7,3,0,0,0,0,0,0,0,4,1,2,2,1,48,8,-1,-1,-1,-1,-1,-1,0,-1
2023010452832,2023,010452832,1,9,0,18,19,1,5,99,99,0,9,99,9,99,9,9,6,6,1,65,9,-1,-1,-1,-1,2,E01001114,0,-1
2023610046323,2023,610046323,2,9,0,16,19,1,4,0,0,8,0,0,0,0,1,1,6,6,2,20,4,-1,-1,-1,-1,6,W01001492,0,-1
2023461344927,2023,461344927,2,9,0,17,19,6,2,0,0,1,0,0,0,0,1,1,1,1,1,18,4,-1,-1,-1,-1,5,E01000450,0,-1
2023010422688,2023,010422688,1,9,0,9,9,8,6,0,0,1,0,0,0,0,1,1,6,6,3,-1,-1,-1,-1,-1,-1,-1,-1,0,-1
2023451321499,2023,451321499,1,9,0,18,19,1,1,0,0,3,1,0,0,0,1,1,6,6,2,40,7,-1,-1,-1,-1,-1,-1,0,-1
2023131263287,2023,131263287,2,1,0,5,5,3,7,0,0,0,0,0,0,0,1,1,5,6,1,34,6,-1,-1,-1,-1,2,E01011253,0,-1
2023520400605,2023,520400605,1,1,0,9,9,1,7,0,0,8,0,0,0,0,4,1,6,6,1,60,9,-1,-1,-1,-1,7,E01014423,0,-1
2023010427580,2023,010427580,2,1,9,99,99,9,9,99,99,9,9,99,9,99,9,1,6,6,3,-1,-1,-1,-1,-1,-1,-1,-1,0,-1
2023052302175,2023,052302175,1,9,0,9,9,3,1,0,0,0,0,0,0,0,1,1,6,6,2,-1,-1,-1,-1,-1,-1,-1,-1,0,-1
2023411271249,2023,411271249,1,9,0,16,19,8,1,0,0,0,1,1,1,1,1,1,2,2,1,20,4,-1,-1,-1,-1,7,E01023569,0,-1
2023520000472,2023,520000472,2,1,0,18,19,4,1,0,0,0,0,0,0,0,1,1,6,6,1,49,8,-1,-1,-1,-1,6,E01014708,0,-1
2023351274369,2023,351274369,2,1,0,18,19,-1,-1,0,0,0,0,0,0,0,1,1,6,6,1,14,3,-1,-1,-1,-1,2,E01015633,0,-1
2023552301488,2023,552301488,2,19,0,9,9,8,5,0,0,1,0,0,0,0,3,1,6,6,2,33,6,-1,-1,-1,-1,-1,-1,0,-1
2023041339584,2023,041339584,1,1,0,18,19,6,4,0,0,1,0,0,0,0,1,1,6,6,1,19,4,-1,-1,-1,-1,1,E01025083,0,-1
2023440338903,2023,440338903,1,1,0,18,19,6,2,0,0,0,0,10,1,2,4,1,6,6,1,22,5,-1,-1,-1,-1,7,E01017231,0,-1
2023421328747,2023,421328747,1,1,0,18,19,5,1,0,0,1,0,0,0,0,1,1,5,6,1,32,6,-1,-1,-1,-1,3,E01004355,0,-1
2023451382931,2023,451382931,1,1,0,18,19,3,7,0,0,1,0,0,0,0,1,1,6,6,3,22,5,-1,-1,-1,-1,-1,-1,0,-1
2023070115761,2023,070115761,1,9,0,7,7,1,4,0,0,3,1,10,0,0,1,1,1,1,1,58,9,-1,-1,-1,-1,1,E01012594,0,-1
2023552300105,2023,552300105,1,19,0,18,19,2,6,0,0,0,0,4,0,0,1,1,1,1,1,38,7,-1,-1,-1,-1,6,E01020466,0,-1
2023101329880,2023,101329880,2,9,0,2,2,0,0,0,0,0,0,0,0,0,-1,1,1,1,1,53,8,-1,-1,-1,-1,5,E01008646,0,-1
2023440357397,2023,440357397,1,19,0,4,4,1,5,0,0,1,0,0,0,0,1,1,6,6,1,-1,-1,-1,-1,-1,-1,-1,-1,0,-1
2023522400188,2023,522400188,2,9,0,18,19,9,9,0,0,0,0,0,0,0,1,1,6,6,1,-1,-1,-1,-1,-1,-1,-1,-1,0,-1
2023010441528,2023,010441528,2,1,0,18,19,3,7,0,0,8,0,0,0,0,4,1,1,1,1,19,4,-1,-1,-1,-1,5,E01001863,0,-1
2023041348037,2023,041348037,2,1,0,5,5,1,5,0,0,0,0,0,0,0,2,1,5,6,1,42,7,-1,-1,-1,-1,1,E01012619,0,-1
2023010481394,2023,010481394,1,1,9,99,99,9,9,99,99,9,9,99,9,99,9,1,6,6,1,52,8,-1,-1,-1,-1,2,E01003991,0,-1
2023010483419,2023,010483419,1,1,9,99,99,9,9,99,99,9,9,99,9,99,9,1,2,2,2,22,5,-1,-1,-1,-1,6,E01001245,0,-1
202363C036423,2023,63C036423,2,9,0,8,8,6,8,0,0,8,0,0,0,0,2,1,6,6,2,36,7,-1,-1,-1,-1,-1,-1,0,-1
2023332300256,2023,332300256,1,9,0,1,1,2,6,0,0,0,0,0,0,0,2,1,6,6,3,-1,-1,-1,-1,-1,-1,-1,-1,0,-1
2023111272683,2023,111272683,2,1,0,18,19,2,6,0,0,0,0,0,0,0,2,1,5,6,1,15,3,-1,-1,-1,-1,1,E01020873,0,-1
2023421341576,2023,421341576,4,9,0,4,4,7,3,0,0,0,0,0,0,0,2,1,6,6,3,-1,-1,-1,-1,-1,-1,-1,-1,0,-1
2023201269744,2023,201269744,1,9,0,6,6,8,8,0,0,0,0,0,0,0,4,1,6,6,3,-1,-1,-1,-1,-1,-1,-1,-1,0,-1
2023010443985,2023,010443985,1,1,9,99,99,9,9,99,99,0,9,99,9,99,1,1,2,2,2,32,6,-1,-1,-1,-1,5,E01001641,0,-1
2023052300876,2023,052300876,2,1,0,18,19,5,1,0,0,1,0,0,0,0,1,1,6,6,1,33,6,-1,-1,-1,-1,3,E01006743,0,-1
2023010447053,2023,010447053,2,1,0,18,19,5,1,0,0,4,0,0,0,0,1,1,6,6,1,61,9,-1,-1,-1,-1,8,E01003460,0,-1
2023610051023,2023,610051023,1,4,0,18,19,2,6,0,0,0,0,0,0,0,1,1,6,6,1,36,7,-1,-1,-1,-1,3,W01001408,0,-1
2023201388569,2023,201388569,1,8,0,5,5,6,2,0,0,6,0,0,0,0,1,1,5,6,2,-1,-1,-1,-1,-1,-1,10,E01010391,0,-1
2023201416973,2023,201416973,2,9,0,3,3,5,1,0,0,1,0,0,0,0,2,1,6,6,3,-1,-1,-1,-1,-1,-1,-1,-1,0,-1
2023010421208,2023,010421208,1,9,0,99,99,9,9,0,0,9,0,0,9,0,9,9,6,6,3,22,5,-1,-1,-1,-1,-1,-1,0,-1
2023610018923,2023,610018923,1,23,0,18,19,7,3,0,0,0,1,0,0,0,1,1,6,6,2,16,4,-1,-1,-1,-1,1,W01001652,0,-1
2023010444830,2023,010444830,1,1,9,99,99,9,9,99,99,0,9,99,9,99,1,1,6,6,2,34,6,-1,-1,-1,-1,1,E01004272,0,-1
2023101364518,2023,101364518,2,9,0,2,2,0,0,0,0,1,0,0,0,0,0,1,6,6,3,-1,-1,-1,-1,-1,-1,-1,-1,0,-1
2023010457742,2023,010457742,1,97,0,9,9,5,2,0,0,1,0,0,0,0,1,1,6,6,3,-1,-1,-1,-1,-1,-1,-1,-1,0,-1
2023010477769,2023,010477769,2,1,0,18,19,7,3,0,0,8,0,0,0,0,1,1,2,2,2,45,7,-1,-1,-1,-1,7,E01003283,0,-1
2023440152976,2023,440152976,2,1,0,18,19,3,7,0,0,1,0,0,0,0,3,1,6,6,2,10,2,-1,-1,-1,-1,4,E01017160,0,-1
2023010425053,2023,010425053,2,19,0,18,19,5,1,0,0,1,0,0,0,0,1,1,6,6,3,-1,-1,-1,-1,-1,-1,-1,-1,0,-1
2023461265963,2023,461265963,1,9,0,4,4,1,5,0,0,2,0,0,0,0,0,1,6,6,3,-1,-1,-1,-1,-1,-1,-1,-1,0,-1
2023131304816,2023,131304816,2,1,0,18,19,1,5,0,0,8,0,0,0,0,3,1,5,6,1,10,2,-1,-1,-1,-1,1,E01011472,0,-1
2023451345640,2023,451345640,1,9,4,12,12,8,4,0,0,0,0,0,0,0,2,1,2,2,1,64,9,-1,-1,-1,-1,7,E01016205,0,-1
2023131263287,2023,131263287,1,9,0,-1,-1,-1,-1,-1,-1,0,-1,-1,-1,-1,-1,1,6,6,3,-1,-1,-1,-1,-1,-1,-1,-1,0,-1
2023552300989,2023,552300989,3,9,0,18,19,5,1,0,0,0,0,0,0,0,1,1,6,6,2,18,4,-1,-1,-1,-1,4,E01029183,0,-1
2023010454074,2023,010454074,1,1,0,18,19,7,3,9,9,1,1,0,0,0,1,1,6,6,1,23,5,-1,-1,-1,-1,-1,-1,0,-1
2023131382523,2023,131382523,1,9,0,-1,-1,-1,-1,-1,-1,-1,-1,-1,-1,-1,-1,1,6,6,3,-1,-1,-1,-1,-1,-1,-1,-1,0,-1
2023041374583,2023,041374583,1,1,0,18,19,5,1,0,0,0,0,0,0,0,1,1,6,6,1,44,7,-1,-1,-1,-1,1,E01025068,0,-1
2023010451885,2023,010451885,1,3,0,18,19,6,2,0,0,1,0,0,0,0,1,1,1,1,1,36,7,-1,-1,-1,-1,3,E01002047,0,-1