collision_index,collision_year,collision_ref_no,vehicle_reference,vehicle_type,towing_and_articulation,vehicle_manoeuvre_historic,vehicle_manoeuvre,vehicle_direction_from,vehicle_direction_to,vehicle_location_restricted_lane_historic,vehicle_location_restricted_lane,junction_location,skidding_and_overturning,hit_object_in_carriageway,vehicle_leaving_carriageway,hit_object_off_carriageway,first_point_of_impact,vehicle_left_hand_drive,journey_purpose_of_driver_historic,journey_purpose_of_driver,sex_of_driver,age_of_driver,age_band_of_driver,engine_capacity_cc,propulsion_code,age_of_vehicle,generic_make_model,driver_imd_decile,lsoa_of_driver,escooter_flag,driver_distance_banding
2023421361564,2023,421361564,1,9,0,1,1,7,3,0,0,8,0,0,0,0,2,1,5,6,1,-1,-1,-1,-1,-1,-1,-1,-1,0,-1
2023010467500,2023,010467500,2,1,0,18,19,3,7,0,0,1,5,0,0,0,1,1,1,1,1,39,7,-1,-1,-1,-1,7,E01001231,0,-1
2023010462090,2023,010462090,2,9,0,9,9,5,3,0,0,1,0,0,0,0,1,1,6,6,3,-1,-1,-1,-1,-1,-1,-1,-1,0,-1
2023221356413,2023,221356413,2,1,0,18,19,8,4,0,0,8,0,0,0,0,4,1,6,6,2,10,2,-1,-1,-1,-1,5,E01014099,0,-1
2023111377066,2023,111377066,1,9,0,9,9,1,7,0,0,1,0,0,0,0,2,1,5,6,2,30,6,-1,-1,-1,-1,-1,-1,0,-1
202360A040695,2023,60A040695,1,9,0,18,19,2,6,0,0,0,2,0,1,10,1,1,2,2,1,21,5,-1,-1,-1,-1,-1,-1,0,-1
2023010474288,2023,010474288,1,1,9,99,99,9,9,99,99,9,9,99,9,99,9,1,6,6,2,29,6,-1,-1,-1,-1,1,E01001730,0,-1
2023451277859,2023,451277859,2,9,0,18,19,1,5,0,0,8,0,0,0,0,1,1,6,6,2,55,8,-1,-1,-1,-1,-1,-1,0,-1
2023231318477,2023,231318477,1,9,0,18,19,8,4,0,0,8,0,0,0,0,1,1,5,6,1,53,8,-1,-1,-1,-1,8,E01031337,0,-1
2023340NN2342,2023,340NN2342,2,9,0,3,3,5,2,0,0,1,0,0,0,0,2,1,6,6,2,38,7,-1,-1,-1,-1,1,E01027310,0,-1
2023320706263,2023,320706263,2,1,0,18,19,4,8,0,0,8,0,0,0,0,4,1,1,1,1,34,6,-1,-1,-1,-1,-1,-1,0,-1
2023520400107,2023,520400107,2,9,0,16,19,4,6,0,0,3,0,0,0,0,1,1,6,6,3,-1,-1,-1,-1,-1,-1,-1,-1,0,-1
2023131299675,2023,131299675,1,9,0,5,5,3,7,0,0,0,0,0,0,0,0,1,6,6,3,-1,-1,-1,-1,-1,-1,-1,-1,0,-1
2023010435963,2023,010435963,2,9,0,18,19,1,5,0,0,0,0,12,9,99,9,9,6,6,3,-1,-1,-1,-1,-1,-1,-1,-1,0,-1
2023010443728,2023,010443728,1,3,0,99,99,9,9,99,99,9,9,99,9,99,1,1,1,1,1,32,6,-1,-1,-1,-1,5,E01003080,0,-1
2023201461839,2023,201461839,1,9,0,18,19,2,7,0,0,0,0,0,0,0,1,1,6,6,1,23,5,-1,-1,-1,-1,1,E01009322,0,-1
2023421361980,2023,421361980,4,9,0,18,19,3,7,0,0,0,0,0,0,0,2,1,2,2,1,57,9,-1,-1,-1,-1,4,E01022041,0,-1
2023481356437,2023,481356437,2,1,0,18,19,5,1,0,0,8,0,0,0,0,1,1,2,2,1,32,6,-1,-1,-1,-1,-1,-1,0,-1
2023549748923,2023,549748923,1,9,0,6,6,1,7,0,0,1,0,0,0,0,3,1,6,6,1,69,10,-1,-1,-1,-1,8,E01015556,0,-1
2023010447699,2023,010447699,1,19,0,3,3,4,8,0,0,1,0,0,0,0,2,1,1,1,1,44,7,-1,-1,-1,-1,5,E01001189,0,-1
2023010480771,2023,010480771,1,9,0,8,8,5,7,0,0,6,0,0,0,0,2,1,6,6,1,43,7,-1,-1,-1,-1,3,E01003201,0,-1
202363A017323,2023,63A017323,1,9,0,16,19,1,4,0,0,8,0,0,0,0,1,1,6,6,3,-1,-1,-1,-1,-1,-1,-1,-1,0,-1
202363D005423,2023,63D005423,1,9,0,18,19,3,2,0,0,0,1,0,0,0,1,1,6,6,3,-1,-1,-1,-1,-1,-1,-1,-1,0,-1
2023221383536,2023,221383536,1,21,5,9,9,1,7,0,0,4,0,0,0,0,1,1,1,1,1,46,8,-1,-1,-1,-1,-1,-1,0,-1
2023070774786,2023,070774786,1,1,0,5,5,5,1,0,0,2,0,0,0,0,1,1,1,1,1,35,6,-1,-1,-1,-1,1,E01033300,0,-1
2023101373530,2023,101373530,1,9,0,7,7,1,3,0,0,8,0,0,0,0,1,1,6,6,3,-1,-1,-1,-1,-1,-1,-1,-1,0,-1
2023010471098,2023,010471098,2,1,9,99,99,9,9,99,99,9,9,99,9,99,1,1,6,6,3,-1,-1,-1,-1,-1,-1,-1,-1,0,-1
2023010445475,2023,010445475,2,1,9,99,99,9,9,99,99,9,9,99,9,99,9,1,6,6,2,-1,-1,-1,-1,-1,-1,-1,-1,0,-1
2023221387586,2023,221387586,3,9,0,3,3,2,6,0,0,0,0,0,0,0,2,1,6,6,1,69,10,-1,-1,-1,-1,9,E01032448,0,-1
2023010462447,2023,010462447,1,1,0,9,9,1,7,0,0,8,0,0,0,0,3,1,6,6,1,26,6,-1,-1,-1,-1,6,E01003107,0,-1
2023430332694,2023,430332694,2,9,0,3,3,2,6,0,0,0,0,0,0,0,2,1,6,6,1,-1,-1,-1,-1,-1,-1,-1,-1,0,-1
2023061285376,2023,061285376,2,1,0,-1,-1,-1,-1,0,0,0,0,0,0,0,-1,1,6,6,3,66,10,-1,-1,-1,-1,4,E01006188,0,-1
2023520300422,2023,520300422,2,9,0,18,19,5,1,0,0,8,0,0,0,0,3,1,6,6,1,100,11,-1,-1,-1,-1,-1,-1,0,-1
2023010447825,2023,010447825,2,1,0,18,19,7,3,0,0,0,0,0,0,0,1,1,6,6,1,43,7,-1,-1,-1,-1,1,E01003052,0,-1
2023131365492,2023,131365492,1,9,0,-1,-1,-1,-1,-1,-1,0,-1,-1,-1,-1,-1,1,6,6,3,-1,-1,-1,-1,-1,-1,-1,-1,0,-1
2023471274003,2023,471274003,2,1,0,18,19,5,2,0,0,1,0,0,0,0,1,1,5,6,1,78,11,-1,-1,-1,-1,6,E01031692,0,-1
2023211273010,2023,211273010,1,1,-1,18,19,7,4,-1,-1,0,-1,-1,-1,0,-1,1,6,6,1,43,7,-1,-1,-1,-1,7,E01029612,0,-1
2023010433325,2023,010433325,2,19,0,2,2,0,0,0,0,0,0,0,0,0,2,1,6,6,3,-1,-1,-1,-1,-1,-1,-1,-1,0,-1
2023430291207,2023,430291207,2,8,0,2,2,0,0,0,0,0,0,0,0,0,2,1,1,1,1,28,6,-1,-1,-1,-1,8,E01016319,0,-1
2023471368872,2023,471368872,2,1,0,10,10,7,5,0,0,1,0,0,0,0,3,1,6,6,1,28,6,-1,-1,-1,-1,6,E01031688,0,-1
2023010457215,2023,010457215,2,1,0,5,5,1,5,0,0,6,0,0,0,0,1,1,6,6,1,41,7,-1,-1,-1,-1,7,E01002821,0,-1
2023451327049,2023,451327049,1,1,0,18,19,1,5,0,0,1,5,0,0,0,4,1,6,6,1,55,8,-1,-1,-1,-1,5,E01030457,0,-1
2023351287507,2023,351287507,2,1,0,14,14,4,8,0,0,8,0,0,0,0,1,1,2,2,1,28,6,-1,-1,-1,-1,6,E01018030,0,-1
2023351365980,2023,351365980,2,1,0,4,4,-1,-1,0,0,2,0,0,0,0,2,1,6,6,2,57,9,-1,-1,-1,-1,9,E01017988,0,-1
2023351323684,2023,351323684,2,1,0,18,19,-1,-1,0,0,1,0,0,0,0,-1,1,6,6,1,11,3,-1,-1,-1,-1,9,E01033173,0,-1
2023552301255,2023,552301255,2,1,0,18,19,2,6,5,5,8,0,0,0,0,1,1,6,6,1,14,3,-1,-1,-1,-1,6,E01015402,0,-1
2023522300392,2023,522300392,1,3,0,18,19,8,4,0,0,8,1,0,0,0,1,1,6,6,1,19,4,-1,-1,-1,-1,9,E01022418,0,-1
2023141316302,2023,141316302,1,1,0,18,19,1,5,0,0,1,0,0,0,0,0,1,6,6,1,58,9,-1,-1,-1,-1,10,E01007826,0,-1
2023501357046,2023,501357046,1,1,0,18,19,4,7,0,0,1,0,0,0,0,1,1,5,6,1,8,2,-1,-1,-1,-1,1,E01020015,0,-1
2023201365222,2023,201365222,1,9,0,18,19,3,7,0,0,0,0,0,0,0,-1,1,6,6,1,-1,-1,-1,-1,-1,-1,-1,-1,0,-1
2023010430972,2023,010430972,1,9,0,99,99,9,9,0,0,1,0,0,0,0,1,1,6,6,3,-1,-1,-1,-1,-1,-1,-1,-1,0,-1
2023010476137,2023,010476137,2,1,0,18,19,3,7,0,0,0,0,0,0,0,3,1,6,6,1,52,8,-1,-1,-1,-1,10,E01003474,0,-1
2023201337693,2023,201337693,1,9,0,18,19,7,3,0,0,0,0,0,0,0,1,1,6,6,1,-1,-1,-1,-1,-1,-1,-1,-1,0,-1
2023052301805,2023,052301805,1,19,0,5,5,7,5,0,0,1,0,0,0,0,1,1,6,6,1,-1,-1,-1,-1,-1,-1,-1,-1,0,-1
2023070630490,2023,070630490,1,4,0,4,4,2,6,0,0,4,1,0,7,2,3,1,6,6,1,26,6,-1,-1,-1,-1,7,E01007225,0,-1
2023052300030,2023,052300030,1,19,0,18,19,3,7,0,0,8,0,0,0,0,1,1,6,6,3,-1,-1,-1,-1,-1,-1,-1,-1,0,-1
2023161277381,2023,161277381,1,22,0,18,19,6,2,0,0,8,2,0,0,0,0,1,2,2,2,56,9,-1,-1,-1,-1,4,E01012896,0,-1
2023141270302,2023,141270302,2,9,0,8,8,2,6,0,0,1,0,0,0,0,2,1,5,6,2,51,8,-1,-1,-1,-1,3,E01008063,0,-1
2023070265602,2023,070265602,2,9,0,18,19,2,6,0,0,2,0,0,0,0,3,1,6,6,1,24,5,-1,-1,-1,-1,8,E01018395,0,-1
2023471359052,2023,471359052,2,1,0,9,9,5,2,0,0,8,0,0,0,0,2,1,1,1,1,62,9,-1,-1,-1,-1,4,E01031453,0,-1
2023010437083,2023,010437083,1,9,0,18,19,1,5,0,0,1,1,0,0,0,1,1,6,6,1,45,7,-1,-1,-1,-1,9,E01033614,0,-1
2023461388932,2023,461388932,1,9,0,18,19,6,2,0,0,0,1,0,0,0,4,1,5,6,1,18,4,-1,-1,-1,-1,-1,-1,0,-1
2023332300921,2023,332300921,1,9,0,18,19,6,2,0,0,0,0,0,0,0,3,1,6,6,1,77,11,-1,-1,-1,-1,7,E01025826,0,-1
2023471333604,2023,471333604,3,-1,-1,8,8,6,2,0,0,2,0,0,0,0,0,1,6,6,3,-1,-1,-1,-1,-1,-1,-1,-1,0,-1
2023101259150,2023,101259150,1,9,0,18,19,5,1,0,0,1,0,0,0,0,1,1,5,6,1,25,5,-1,-1,-1,-1,3,E01008401,0,-1
2023010439525,2023,010439525,1,1,0,18,19,7,3,0,0,8,0,0,0,0,1,1,2,2,1,33,6,-1,-1,-1,-1,9,E01004607,0,-1
2023131329091,2023,131329091,2,1,0,18,19,1,5,0,0,8,5,0,0,0,4,1,5,6,1,21,5,-1,-1,-1,-1,1,E01011491,0,-1
2023221297355,2023,221297355,3,9,0,7,7,1,2,0,0,4,0,0,0,0,0,1,1,1,1,48,8,-1,-1,-1,-1,8,E01032400,0,-1
2023101389666,2023,101389666,1,9,0,18,19,7,3,0,0,0,0,0,0,0,1,1,6,6,3,-1,-1,-1,-1,-1,-1,-1,-1,0,-1
2023411292299,2023,411292299,2,9,0,18,19,5,1,0,0,0,0,0,0,0,2,1,6,6,1,64,9,-1,-1,-1,-1,-1,-1,0,-1
2023302300840,2023,302300840,3,9,0,18,19,4,8,0,0,0,0,0,0,0,0,1,6,6,3,-1,-1,-1,-1,-1,-1,5,E01019456,0,-1
2023440460598,2023,440460598,1,9,0,9,9,6,4,0,0,8,0,0,0,0,1,1,6,6,3,-1,-1,-1,-1,-1,-1,-1,-1,0,-1
2023010431196,2023,010431196,1,1,9,99,99,9,9,99,99,0,9,99,9,99,1,1,6,6,1,29,6,-1,-1,-1,-1,2,E01003735,0,-1
2023010433022,2023,010433022,1,9,9,99,99,9,9,99,99,0,9,99,9,99,9,9,6,6,3,-1,-1,-1,-1,-1,-1,-1,-1,0,-1
2023010453283,2023,010453283,1,1,9,99,99,9,9,4,4,9,9,99,9,99,9,1,2,2,1,24,5,-1,-1,-1,-1,6,E01016938,0,-1
2023010479206,2023,010479206,1,9,0,18,19,4,8,0,0,0,0,0,0,0,4,1,6,6,1,65,9,-1,-1,-1,-1,2,E01023339,0,-1
2023461363242,2023,461363242,1,9,0,18,19,7,3,0,0,1,0,0,0,0,1,1,6,6,2,-1,-1,-1,-1,-1,-1,-1,-1,0,-1
2023101355259,2023,101355259,1,9,-1,15,15,7,2,0,0,0,0,0,0,0,3,1,6,6,1,-1,-1,-1,-1,-1,-1,-1,-1,0,-1
2023451322315,2023,451322315,2,1,0,18,19,1,1,0,0,0,0,0,0,0,1,1,6,6,1,12,3,-1,-1,-1,-1,-1,-1,0,-1
2023531341214,2023,531341214,2,1,0,18,19,3,7,0,0,0,0,0,0,0,1,1,6,6,1,55,8,-1,-1,-1,-1,6,E01032935,0,-1
2023430126952,2023,430126952,2,-1,0,18,19,2,6,0,0,0,0,0,0,0,1,1,6,6,1,14,3,-1,-1,-1,-1,7,E01033509,1,-1
2023010464136,2023,010464136,1,1,9,99,99,9,9,99,99,1,9,99,9,99,1,1,2,2,1,29,6,-1,-1,-1,-1,6,E01001312,0,-1
2023471303675,2023,471303675,1,9,0,7,7,1,3,0,0,8,0,0,0,0,1,1,6,6,3,-1,-1,-1,-1,-1,-1,-1,-1,0,-1
2023131389376,2023,131389376,2,9,0,13,13,1,1,0,0,1,0,0,0,0,-1,1,6,6,3,-1,-1,-1,-1,-1,-1,-1,-1,0,-1
2023622300686,2023,622300686,1,-1,0,18,19,5,1,0,0,8,0,0,0,0,1,1,1,1,1,26,6,-1,-1,-1,-1,3,W01001764,1,-1
2023010462508,2023,010462508,1,9,0,18,19,5,1,0,0,0,5,4,0,0,1,1,6,6,1,32,6,-1,-1,-1,-1,2,E01003046,0,-1
2023631308612,2023,631308612,1,19,0,18,19,8,4,0,0,0,0,0,0,0,1,1,6,6,3,-1,-1,-1,-1,-1,-1,-1,-1,0,-1
2023010458785,2023,010458785,2,1,9,99,99,9,9,99,99,9,9,99,9,99,1,1,6,6,3,-1,-1,-1,-1,-1,-1,-1,-1,0,-1
2023010429516,2023,010429516,2,1,9,99,99,9,9,99,99,9,9,99,9,99,2,1,6,6,3,-1,-1,-1,-1,-1,-1,-1,-1,0,-1
2023211260894,2023,211260894,1,9,0,18,19,1,5,0,0,0,1,0,0,0,1,1,6,6,2,50,8,-1,-1,-1,-1,2,E01012709,0,-1
2023101289052,2023,101289052,1,-1,-1,18,19,3,7,0,0,0,0,0,0,0,-1,1,6,6,3,-1,-1,-1,-1,-1,-1,-1,-1,0,-1
2023411438130,2023,411438130,2,1,0,18,19,7,4,9,9,7,0,11,0,0,1,1,6,6,1,31,6,-1,-1,-1,-1,9,E01023728,0,-1
2023201391704,2023,201391704,2,9,0,9,9,8,4,0,0,6,0,0,0,0,3,1,6,6,1,41,7,-1,-1,-1,-1,2,E01009171,0,-1
2023501263580,2023,501263580,2,1,0,16,19,4,8,0,0,8,0,0,0,0,2,1,1,1,1,27,6,-1,-1,-1,-1,4,E01015178,0,-1
2023361345019,2023,361345019,2,98,0,18,19,5,1,0,0,0,0,0,0,0,1,1,5,6,2,34,6,-1,-1,-1,-1,-1,-1,0,-1
2023461318127,2023,461318127,2,9,0,18,19,1,5,0,0,0,0,0,0,0,3,1,6,6,1,20,4,-1,-1,-1,-1,7,E01024737,0,-1
2023340WN6762,2023,340WN6762,1,9,0,18,19,5,8,0,0,1,0,0,0,0,1,1,6,6,3,-1,-1,-1,-1,-1,-1,-1,-1,0,-1
2023552300659,2023,552300659,1,90,0,18,19,6,2,0,0,0,0,0,0,0,4,1,6,6,3,-1,-1,-1,-1,-1,-1,-1,-1,0,-1
2023430483827,2023,430483827,2,1,0,18,19,7,3,0,0,1,0,0,0,0,3,1,6,6,1,19,4,-1,-1,-1,-1,7,E01030921,0,-1
2023052302708,2023,052302708,1,9,0,18,19,4,8,0,0,0,0,0,0,0,1,1,6,6,3,-1,-1,-1,-1,-1,-1,-1,-1,0,-1
2023101381305,2023,101381305,2,1,0,5,5,3,6,0,0,4,0,0,0,0,3,1,6,6,1,35,6,-1,-1,-1,-1,-1,-1,0,-1
2023101277701,2023,101277701,1,11,-1,5,5,3,7,0,0,0,0,0,0,0,4,1,1,1,1,40,7,-1,-1,-1,-1,-1,-1,0,-1
2023010474880,2023,010474880,1,1,9,99,99,9,9,99,99,9,9,99,9,99,9,1,2,2,2,31,6,-1,-1,-1,-1,2,E01003066,0,-1
2023101269344,2023,101269344,2,1,0,5,5,3,7,0,0,8,0,0,1,0,-1,1,5,6,1,26,6,-1,-1,-1,-1,-1,-1,0,-1
2023052302394,2023,052302394,3,17,0,3,3,2,6,0,0,1,0,0,0,0,0,1,1,1,1,38,7,-1,-1,-1,-1,-1,-1,0,-1
2023351361295,2023,351361295,2,1,0,18,19,3,7,0,0,8,0,0,0,0,0,1,6,6,2,22,5,-1,-1,-1,-1,8,E01017956,0,-1
2023201413894,2023,201413894,1,19,0,18,19,8,4,0,0,8,0,10,1,0,1,1,6,6,1,29,6,-1,-1,-1,-1,6,E01008925,0,-1
2023071058254,2023,071058254,1,9,0,18,19,7,3,0,0,0,0,0,0,0,1,1,6,6,1,39,7,-1,-1,-1,-1,3,E01018594,0,-1
2023061271816,2023,061271816,2,1,0,4,4,2,8,0,0,8,5,0,1,0,-1,1,6,6,3,36,7,-1,-1,-1,-1,10,E01006153,0,-1
2023461377674,2023,461377674,1,9,0,18,19,2,6,0,0,0,0,0,0,0,1,1,6,6,3,-1,-1,-1,-1,-1,-1,-1,-1,0,-1
2023010486705,2023,010486705,2,1,0,5,5,1,5,0,0,1,0,0,0,0,1,1,6,6,2,31,6,-1,-1,-1,-1,4,E01003077,0,-1
2023010462981,2023,010462981,2,1,9,99,99,9,9,99,99,9,9,99,9,99,9,1,6,6,3,-1,-1,-1,-1,-1,-1,-1,-1,0,-1
2023131343219,2023,131343219,2,9,0,17,19,5,1,0,0,3,0,0,0,0,4,1,5,6,2,36,7,-1,-1,-1,-1,8,E01011051,0,-1
2023010450906,2023,010450906,2,1,0,18,19,5,1,0,0,8,0,0,0,0,1,1,6,6,2,75,10,-1,-1,-1,-1,3,E01001794,0,-1
2023161326610,2023,161326610,1,9,0,18,19,8,4,0,0,0,0,0,0,0,3,1,6,6,1,24,5,-1,-1,-1,-1,5,E01012773,0,-1
2023010447153,2023,010447153,1,1,9,99,99,9,9,99,99,9,9,99,9,99,9,1,2,2,1,42,7,-1,-1,-1,-1,6,E01000492,0,-1
2023501364414,2023,501364414,1,1,0,18,19,3,7,0,0,0,1,6,0,0,1,1,5,6,1,20,4,-1,-1,-1,-1,-1,-1,0,-1
2023131316803,2023,131316803,1,10,0,9,9,5,3,0,0,4,0,0,0,0,3,1,1,1,1,28,6,-1,-1,-1,-1,1,E01011912,0,-1
2023010453203,2023,010453203,1,9,0,99,99,9,9,99,99,0,9,99,9,99,1,1,6,6,3,-1,-1,-1,-1,-1,-1,-1,-1,0,-1
2023421329176,2023,421329176,2,9,0,18,19,7,3,0,0,0,0,0,0,0,1,1,5,6,1,19,4,-1,-1,-1,-1,2,E01021322,0,-1
2023101263531,2023,101263531,1,19,0,18,19,4,8,0,0,0,0,0,0,0,1,1,1,1,1,40,7,-1,-1,-1,-1,1,E01027533,0,-1
2023351354899,2023,351354899,2,1,-1,-1,-1,-1,-1,-1,-1,1,-1,-1,-1,0,-1,1,4,7,1,14,3,-1,-1,-1,-1,5,E01033113,0,-1
2023201410376,2023,201410376,1,9,0,15,15,6,2,3,2,0,0,0,0,0,1,1,6,6,3,-1,-1,-1,-1,-1,-1,-1,-1,0,-1
2023461351477,2023,461351477,2,19,0,4,4,3,7,0,0,8,0,0,0,0,2,1,1,1,1,55,8,-1,-1,-1,-1,1,E01024308,0,-1
2023440237333,2023,440237333,1,1,0,18,19,2,6,0,0,0,0,0,0,0,4,1,6,6,1,31,6,-1,-1,-1,-1,9,E01023191,0,-1
2023052300603,2023,052300603,2,1,0,18,19,7,3,0,0,3,0,0,0,0,1,1,6,6,1,40,7,-1,-1,-1,-1,2,E01006742,0,-1
2023430556673,2023,430556673,2,9,0,18,19,2,6,0,0,2,0,0,0,0,1,1,6,6,1,-1,-1,-1,-1,-1,-1,-1,-1,0,-1
2023320421444,2023,320421444,1,9,0,18,19,6,2,0,0,0,5,0,7,9,0,1,6,6,1,19,4,-1,-1,-1,-1,-1,-1,0,-1
2023991362143,2023,991362143,1,9,0,18,19,1,4,0,0,4,0,0,0,0,1,1,6,6,1,30,6,-1,-1,-1,-1,-1,-1,0,-1
2023010439615,2023,010439615,1,1,9,99,99,9,9,99,99,9,9,99,9,99,9,1,6,6,1,68,10,-1,-1,-1,-1,8,E01017776,0,-1
2023031343217,2023,031343217,2,1,0,7,7,3,5,0,0,6,0,0,1,0,1,1,5,6,1,44,7,-1,-1,-1,-1,-1,-1,0,-1
2023070736710,2023,070736710,1,19,0,5,5,5,1,0,0,1,0,0,0,0,1,1,6,6,1,41,7,-1,-1,-1,-1,5,E01012541,0,-1
2023430048045,2023,430048045,1,9,0,18,19,7,3,0,0,0,0,0,0,0,1,1,2,2,2,59,9,-1,-1,-1,-1,10,E01016538,0,-1
2023010429733,2023,010429733,1,9,0,18,19,8,4,0,0,0,0,0,1,0,4,1,6,6,3,-1,-1,-1,-1,-1,-1,-1,-1,0,-1
2023010448175,2023,010448175,1,1,9,99,99,9,9,99,99,9,9,99,9,99,0,1,2,2,1,41,7,-1,-1,-1,-1,3,E01002070,0,-1
2023052300799,2023,052300799,1,1,0,18,19,1,5,0,0,6,0,0,0,0,1,1,6,6,1,39,7,-1,-1,-1,-1,1,E01006760,0,-1
2023351358871,2023,351358871,1,9,0,5,5,1,5,0,0,4,0,0,0,0,1,1,6,6,2,-1,-1,-1,-1,-1,-1,-1,-1,0,-1
2023141361765,2023,141361765,2,9,0,5,5,8,6,0,0,8,0,0,0,0,1,1,1,1,1,56,9,-1,-1,-1,-1,10,E01007865,0,-1
2023610035323,2023,610035323,2,9,0,2,2,0,0,0,0,0,0,0,0,0,1,1,6,6,2,63,9,-1,-1,-1,-1,8,W01001417,0,-1
2023201275682,2023,201275682,2,1,0,18,19,-1,-1,0,0,0,0,0,0,0,1,1,6,6,2,11,3,-1,-1,-1,-1,1,E01010148,0,-1
2023101292314,2023,101292314,2,97,0,18,19,1,4,0,0,0,0,0,0,0,3,1,3,7,1,11,3,-1,-1,-1,-1,1,E01008436,0,-1
2023552300606,2023,552300606,2,1,0,18,19,7,3,0,0,0,0,0,0,0,2,1,6,6,1,26,6,-1,-1,-1,-1,6,E01020439,0,-1
2023201312878,2023,201312878,2,1,0,18,19,6,2,0,0,8,0,0,0,0,3,1,6,6,2,53,8,-1,-1,-1,-1,7,E01029393,0,-1
2023010466983,2023,010466983,2,1,0,15,15,7,3,0,0,8,0,0,0,0,1,1,6,6,1,48,8,-1,-1,-1,-1,2,E01003970,0,-1
2023170L20963,2023,170L20963,2,1,0,18,19,8,4,0,0,8,0,0,0,0,4,1,6,6,1,60,9,-1,-1,-1,-1,1,E01012075,0,-1
2023332300335,2023,332300335,1,5,0,18,19,5,1,0,0,5,0,0,0,0,1,1,6,6,1,55,8,-1,-1,-1,-1,-1,-1,0,-1
2023991312291,2023,991312291,1,9,0,18,19,6,2,0,0,0,0,4,0,0,1,1,6,6,1,42,7,-1,-1,-1,-1,9,-1,0,-1
2023010474989,2023,010474989,2,9,0,99,99,9,9,99,99,9,9,99,9,99,9,9,6,6,3,-1,-1,-1,-1,-1,-1,-1,-1,0,-1
2023010470683,2023,010470683,1,1,0,18,19,3,7,0,0,1,0,0,0,0,1,1,6,6,1,29,6,-1,-1,-1,-1,2,E01004284,0,-1
2023552300464,2023,552300464,2,1,0,18,19,8,4,9,9,8,0,0,0,0,3,1,2,2,1,17,4,-1,-1,-1,-1,3,E01015359,0,-1
2023440194745,2023,440194745,2,9,0,3,3,4,8,0,0,1,0,0,0,0,2,1,6,6,1,47,8,-1,-1,-1,-1,5,E01023086,0,-1
2023520300962,2023,520300962,2,1,0,18,19,2,6,0,0,0,0,0,0,0,1,1,6,6,1,13,3,-1,-1,-1,-1,5,E01032629,0,-1
2023311275364,2023,311275364,2,1,0,18,19,1,5,0,0,1,0,0,0,0,3,1,5,6,1,67,10,-1,-1,-1,-1,5,E01013968,0,-1
2023430439252,2023,430439252,1,9,0,18,19,1,5,7,6,8,0,0,0,0,1,1,6,6,1,59,9,-1,-1,-1,-1,10,E01022883,0,-1
2023320273260,2023,320273260,2,1,0,18,19,6,2,5,5,8,0,0,0,0,1,1,6,6,2,18,4,-1,-1,-1,-1,-1,-1,0,-1
2023010424560,2023,010424560,2,1,0,5,5,3,7,0,0,2,5,0,0,0,3,1,6,6,1,40,7,-1,-1,-1,-1,4,E01001671,0,-1
2023010475502,2023,010475502,1,1,9,99,99,9,9,99,99,9,9,99,9,99,9,1,6,6,1,53,8,-1,-1,-1,-1,3,E01003998,0,-1
2023221317952,2023,221317952,2,9,0,16,19,7,2,0,0,8,0,0,0,0,3,1,3,7,2,38,7,-1,-1,-1,-1,3,E01032242,0,-1
2023201389416,2023,201389416,2,9,0,18,19,8,4,0,0,1,0,0,0,0,1,1,6,6,3,-1,-1,-1,-1,-1,-1,-1,-1,0,-1
2023421360367,2023,421360367,1,9,0,18,19,5,1,0,0,0,0,0,0,0,3,1,6,6,3,-1,-1,-1,-1,-1,-1,-1,-1,0,-1
2023411430025,2023,411430025,2,90,0,-1,-1,-1,-1,-1,-1,4,-1,-1,-1,0,-1,1,6,6,3,-1,-1,-1,-1,-1,-1,-1,-1,0,-1
2023010453003,2023,010453003,1,1,0,99,99,9,9,0,0,8,0,0,0,0,1,1,2,2,1,49,8,-1,-1,-1,-1,4,E01004150,0,-1
2023461274583,2023,461274583,2,21,0,18,19,3,7,0,0,0,0,0,0,0,3,1,1,1,1,47,8,-1,-1,-1,-1,-1,-1,0,-1
2023010466076,2023,010466076,1,1,9,99,99,9,9,99,99,9,9,99,9,99,2,1,2,2,1,61,9,-1,-1,-1,-1,1,E01000602,0,-1
2023440293831,2023,440293831,1,9,0,9,9,4,8,0,0,1,0,0,0,0,1,1,2,2,1,24,5,-1,-1,-1,-1,3,E01016353,0,-1
2023010428024,2023,010428024,1,11,9,99,99,9,9,99,99,9,9,99,9,99,9,1,6,6,3,-1,-1,-1,-1,-1,-1,-1,-1,0,-1
2023401364307,2023,401364307,2,-1,0,18,19,8,4,0,0,1,0,0,0,0,2,1,3,7,1,51,8,-1,-1,-1,-1,4,E01017473,1,-1
2023371360269,2023,371360269,2,3,0,18,19,2,2,0,0,1,0,0,0,0,3,1,5,6,1,40,7,-1,-1,-1,-1,6,E01032612,0,-1
2023430542159,2023,430542159,4,8,0,18,19,6,2,0,0,0,0,0,0,0,3,1,1,1,1,64,9,-1,-1,-1,-1,10,E01016597,0,-1
2023010432244,2023,010432244,1,1,9,99,99,9,9,99,99,0,9,99,9,99,9,1,6,6,1,19,4,-1,-1,-1,-1,2,E01002029,0,-1
2023311362714,2023,311362714,1,9,0,9,9,3,1,0,0,3,0,0,0,0,1,1,1,1,2,21,5,-1,-1,-1,-1,-1,-1,0,-1
2023041342900,2023,041342900,1,9,0,7,7,5,1,0,0,3,0,0,0,0,0,1,6,6,3,-1,-1,-1,-1,-1,-1,-1,-1,0,-1
2023010422573,2023,010422573,1,1,9,99,99,9,9,99,99,9,9,99,9,99,1,1,3,7,2,41,7,-1,-1,-1,-1,4,E01001939,0,-1
2023201277642,2023,201277642,1,97,0,18,19,2,6,0,0,0,0,0,0,0,1,1,6,6,3,-1,-1,-1,-1,-1,-1,-1,-1,0,-1
2023010461492,2023,010461492,1,1,9,99,99,9,9,99,99,9,9,99,9,99,9,1,2,2,1,30,6,-1,-1,-1,-1,1,E01004318,0,-1
2023010472471,2023,010472471,2,1,9,99,99,9,9,99,99,9,9,99,9,99,9,1,6,6,1,65,9,-1,-1,-1,-1,3,E01004698,0,-1
2023610049023,2023,610049023,2,9,0,18,19,2,6,0,0,1,0,0,0,0,3,1,6,6,1,45,7,-1,-1,-1,-1,2,W01001668,0,-1