collision_index,collision_year,collision_ref_no,vehicle_reference,vehicle_type,towing_and_articulation,vehicle_manoeuvre_historic,vehicle_manoeuvre,vehicle_direction_from,vehicle_direction_to,vehicle_location_restricted_lane_historic,vehicle_location_restricted_lane,junction_location,skidding_and_overturning,hit_object_in_carriageway,vehicle_leaving_carriageway,hit_object_off_carriageway,first_point_of_impact,vehicle_left_hand_drive,journey_purpose_of_driver_historic,journey_purpose_of_driver,sex_of_driver,age_of_driver,age_band_of_driver,engine_capacity_cc,propulsion_code,age_of_vehicle,generic_make_model,driver_imd_decile,lsoa_of_driver,escooter_flag,driver_distance_banding
2023010473701,2023,010473701,2,1,0,13,13,6,2,0,0,0,0,0,0,0,1,1,6,6,1,43,7,-1,-1,-1,-1,2,E01004238,0,-1
2023481388177,2023,481388177,2,1,0,18,19,3,7,0,0,8,0,0,0,0,1,1,5,6,1,40,7,-1,-1,-1,-1,-1,-1,0,-1
2023471353591,2023,471353591,2,1,0,9,9,5,3,0,0,8,0,0,0,0,3,1,5,6,2,69,10,-1,-1,-1,-1,10,E01031367,0,-1
2023052300413,2023,052300413,2,90,0,18,19,1,5,0,0,0,0,0,0,0,1,1,6,6,1,43,7,-1,-1,-1,-1,1,E01006679,0,-1
2023461369508,2023,461369508,2,1,0,18,19,7,3,0,0,0,0,0,0,0,2,1,6,6,2,22,5,-1,-1,-1,-1,6,E01024038,0,-1
2023451320790,2023,451320790,2,1,0,18,19,8,4,0,0,4,0,0,0,0,2,1,2,2,1,36,7,-1,-1,-1,-1,8,E01030648,0,-1
2023411326499,2023,411326499,2,1,0,18,19,7,5,0,0,8,0,0,0,0,1,1,6,6,1,51,8,-1,-1,-1,-1,6,E01002125,0,-1
2023451368908,2023,451368908,2,9,0,18,19,7,3,0,0,0,0,0,0,0,1,1,5,6,1,63,9,-1,-1,-1,-1,9,E01030406,0,-1
2023991295570,2023,991295570,1,1,0,7,7,7,1,0,0,8,0,0,1,0,2,1,5,6,1,61,9,-1,-1,-1,-1,-1,-1,0,-1
2023070021424,2023,070021424,3,9,0,18,19,7,3,0,0,2,0,0,0,0,2,1,6,6,3,-1,-1,-1,-1,-1,-1,-1,-1,0,-1
2023340NN0842,2023,340NN0842,1,-1,0,18,19,5,1,0,0,1,0,0,0,0,1,1,2,2,2,27,6,-1,-1,-1,-1,2,E01027106,1,-1
2023471379983,2023,471379983,1,1,0,18,19,1,5,0,0,8,0,0,0,0,1,1,5,6,1,61,9,-1,-1,-1,-1,7,E01031660,0,-1
2023302300497,2023,302300497,1,97,0,18,19,5,1,0,0,0,0,0,1,2,1,1,6,6,1,18,4,-1,-1,-1,-1,2,E01019567,0,-1
2023052300299,2023,052300299,1,9,0,18,19,8,4,0,0,2,0,0,3,0,1,1,6,6,2,35,6,-1,-1,-1,-1,3,E01007156,0,-1
2023421347389,2023,421347389,2,1,0,18,19,5,1,0,0,0,0,0,0,0,1,1,5,6,1,41,7,-1,-1,-1,-1,10,E01033055,0,-1
2023041362311,2023,041362311,1,9,0,18,19,2,6,0,0,1,0,0,0,0,2,1,6,6,3,-1,-1,-1,-1,-1,-1,-1,-1,0,-1
2023010472735,2023,010472735,1,1,9,99,99,9,9,99,99,9,9,99,9,99,9,1,2,2,1,21,5,-1,-1,-1,-1,2,E01003093,0,-1
2023052300561,2023,052300561,2,-1,0,18,19,7,3,0,0,0,0,0,0,0,1,1,6,6,1,20,4,-1,-1,-1,-1,4,E01006512,1,-1
2023010481326,2023,010481326,1,8,0,99,99,9,9,99,99,9,9,99,9,99,9,9,6,6,3,-1,-1,-1,-1,-1,-1,-1,-1,0,-1
2023010434234,2023,010434234,2,9,0,18,19,4,8,0,0,1,0,0,0,0,0,1,6,6,3,-1,-1,-1,-1,-1,-1,-1,-1,0,-1
2023010466700,2023,010466700,1,1,9,99,99,9,9,99,99,9,9,99,9,99,9,1,2,2,1,35,6,-1,-1,-1,-1,5,E01004466,0,-1
2023401316708,2023,401316708,1,-1,0,5,5,2,6,9,9,0,2,0,0,0,1,1,6,6,1,35,6,-1,-1,-1,-1,9,E01017551,1,-1
2023430206978,2023,430206978,1,1,0,18,19,1,5,0,0,1,0,0,0,0,2,1,6,6,1,22,5,-1,-1,-1,-1,5,E01016374,0,-1
2023351315998,2023,351315998,2,1,0,9,9,5,2,0,0,8,0,0,0,0,1,1,6,6,1,26,6,-1,-1,-1,-1,9,E01018010,0,-1
2023161342010,2023,161342010,2,1,0,18,19,2,6,0,0,8,0,0,0,0,1,1,5,6,1,71,10,-1,-1,-1,-1,6,E01012959,0,-1
2023991349083,2023,991349083,2,1,0,18,19,3,7,9,9,2,2,0,7,0,1,1,2,2,2,28,6,-1,-1,-1,-1,3,-1,0,-1
2023320113130,2023,320113130,1,9,0,18,19,8,4,0,0,3,0,0,0,0,1,1,6,6,2,36,7,-1,-1,-1,-1,6,E01026398,0,-1
2023010428700,2023,010428700,2,-1,0,18,19,7,3,0,0,1,0,0,0,0,3,1,6,6,1,22,5,-1,-1,-1,-1,1,E01003246,1,-1
2023201366462,2023,201366462,2,9,0,18,19,1,5,0,0,0,0,0,0,0,1,1,1,1,1,48,8,-1,-1,-1,-1,5,E01009432,0,-1
2023631353068,2023,631353068,2,1,0,18,19,1,3,0,0,1,0,0,0,0,1,1,1,1,1,50,8,-1,-1,-1,-1,10,W01000726,0,-1
2023440005593,2023,440005593,2,9,0,5,5,3,7,0,0,8,0,0,0,0,0,1,6,6,3,-1,-1,-1,-1,-1,-1,-1,-1,0,-1
2023610053423,2023,610053423,1,9,0,18,19,8,4,0,0,8,0,0,0,0,1,1,6,6,1,73,10,-1,-1,-1,-1,3,W01001378,0,-1
2023010435294,2023,010435294,1,9,0,9,9,5,3,0,0,1,0,0,0,0,1,1,6,6,1,29,6,-1,-1,-1,-1,5,E01004451,0,-1
2023471361375,2023,471361375,1,22,0,18,19,1,5,9,9,0,0,0,0,0,1,1,6,6,3,-1,-1,-1,-1,-1,-1,-1,-1,0,-1
202363A003223,2023,63A003223,1,9,0,18,19,8,4,0,0,0,5,0,8,4,3,1,6,6,1,21,5,-1,-1,-1,-1,8,W01000715,0,-1
2023421320273,2023,421320273,2,1,0,18,19,2,8,0,0,1,0,0,0,0,3,1,2,2,1,-1,-1,-1,-1,-1,-1,3,E01021847,0,-1
2023231376965,2023,231376965,2,1,0,18,19,3,7,0,0,1,0,0,0,0,1,1,6,6,2,10,2,-1,-1,-1,-1,3,E01031053,0,-1
2023010462638,2023,010462638,2,1,0,9,9,5,3,0,0,2,0,11,0,0,4,1,6,6,1,50,8,-1,-1,-1,-1,7,E01004149,0,-1
2023991342057,2023,991342057,2,1,0,18,19,4,8,0,0,3,1,0,0,0,2,1,6,6,1,42,7,-1,-1,-1,-1,8,-1,0,-1
2023010471913,2023,010471913,2,19,0,13,13,1,5,0,0,0,0,0,0,0,4,1,6,6,3,-1,-1,-1,-1,-1,-1,-1,-1,0,-1
2023991342266,2023,991342266,1,9,0,6,6,5,1,0,0,0,1,0,7,0,3,1,5,6,1,50,8,-1,-1,-1,-1,7,E01008852,0,-1
2023070545289,2023,070545289,1,9,0,18,19,7,5,0,0,1,0,0,0,0,1,1,6,6,2,72,10,-1,-1,-1,-1,-1,-1,0,-1
2023440267380,2023,440267380,1,1,0,2,2,0,0,0,0,1,0,0,0,0,2,1,6,6,1,32,6,-1,-1,-1,-1,3,E01032745,0,-1
2023451340896,2023,451340896,1,9,0,18,19,2,6,0,0,0,0,0,0,0,1,1,6,6,3,50,8,-1,-1,-1,-1,-1,-1,0,-1
2023311294777,2023,311294777,3,16,0,4,4,1,5,0,0,1,5,0,1,0,4,1,5,6,1,67,10,-1,-1,-1,-1,1,E01019444,0,-1
2023522301789,2023,522301789,1,1,0,9,9,4,2,0,0,5,0,0,7,0,4,1,6,6,1,17,4,-1,-1,-1,-1,10,E01014969,0,-1
2023351300315,2023,351300315,1,19,0,18,19,7,3,0,0,1,0,0,0,0,1,1,1,1,1,60,9,-1,-1,-1,-1,10,E01027077,0,-1
2023010449392,2023,010449392,2,9,0,99,99,9,9,99,99,9,9,99,9,99,9,9,6,6,3,-1,-1,-1,-1,-1,-1,-1,-1,0,-1
2023010484971,2023,010484971,1,9,0,1,1,3,7,0,0,0,0,0,0,0,2,1,6,6,1,-1,-1,-1,-1,-1,-1,-1,-1,0,-1
2023471265595,2023,471265595,2,1,0,18,19,1,5,0,0,1,0,0,0,0,4,1,2,2,1,32,6,-1,-1,-1,-1,6,E01031784,0,-1
2023610027723,2023,610027723,2,9,0,18,19,5,1,0,0,1,0,0,0,0,1,1,6,6,1,25,5,-1,-1,-1,-1,3,W01001527,0,-1
2023522400874,2023,522400874,2,1,0,18,19,6,2,0,0,1,0,0,0,0,1,1,6,6,1,19,4,-1,-1,-1,-1,3,E01033355,0,-1
2023471373487,2023,471373487,2,1,0,18,19,3,7,0,0,8,0,0,0,0,4,1,5,6,1,47,8,-1,-1,-1,-1,10,E01031680,0,-1
2023010449424,2023,010449424,1,23,0,18,19,4,8,0,0,0,5,4,0,0,1,1,6,6,1,18,4,-1,-1,-1,-1,8,E01030708,0,-1
2023010460364,2023,010460364,1,1,9,99,99,9,9,99,99,9,9,99,9,99,9,1,2,2,2,30,6,-1,-1,-1,-1,3,E01004317,0,-1
2023131357860,2023,131357860,1,2,0,16,19,5,1,0,0,8,0,0,0,0,1,1,6,6,3,-1,-1,-1,-1,-1,-1,-1,-1,0,-1
2023531319619,2023,531319619,1,1,0,18,19,7,3,0,0,3,0,11,0,0,4,1,5,6,1,16,4,-1,-1,-1,-1,4,E01022399,0,-1
2023610049823,2023,610049823,1,-1,0,18,19,5,1,0,0,5,0,10,1,0,4,1,2,2,1,23,5,-1,-1,-1,-1,9,W01001434,1,-1
2023201344603,2023,201344603,2,1,0,18,19,4,8,0,0,3,0,0,0,0,2,1,6,6,1,45,7,-1,-1,-1,-1,5,E01009023,0,-1
2023010457439,2023,010457439,2,9,0,9,9,1,6,0,0,5,0,0,0,0,3,1,6,6,3,-1,-1,-1,-1,-1,-1,-1,-1,0,-1
2023221335524,2023,221335524,2,9,0,17,19,8,4,0,0,0,0,0,0,0,1,1,5,6,1,61,9,-1,-1,-1,-1,7,E01009898,0,-1
2023991350158,2023,991350158,1,1,0,18,19,8,3,0,0,0,0,0,0,0,1,1,5,6,1,49,8,-1,-1,-1,-1,5,E01018035,0,-1
2023471271530,2023,471271530,2,3,0,9,9,1,7,0,0,5,0,0,0,0,4,1,6,6,2,-1,-1,-1,-1,-1,-1,-1,-1,0,-1
2023201367532,2023,201367532,1,9,0,15,15,2,6,0,0,0,1,0,0,0,1,1,6,6,3,-1,-1,-1,-1,-1,-1,-1,-1,0,-1
2023461388006,2023,461388006,2,9,0,18,19,-1,-1,0,0,0,0,0,0,0,-1,1,6,6,3,-1,-1,-1,-1,-1,-1,-1,-1,0,-1
2023421284596,2023,421284596,1,9,4,18,19,7,3,0,0,0,0,0,0,0,0,1,6,6,3,-1,-1,-1,-1,-1,-1,-1,-1,0,-1
2023010449668,2023,010449668,2,1,0,18,19,5,1,4,4,1,0,0,1,0,1,1,6,6,1,22,5,-1,-1,-1,-1,2,E01002764,0,-1
2023010424367,2023,010424367,2,1,0,18,19,3,7,0,0,1,0,0,0,0,1,1,6,6,1,13,3,-1,-1,-1,-1,-1,-1,0,-1
2023201381991,2023,201381991,2,9,0,18,19,7,3,0,0,0,0,0,0,0,9,1,6,6,1,-1,-1,-1,-1,-1,-1,-1,-1,0,-1
2023421314783,2023,421314783,1,-1,0,18,19,1,5,0,0,0,0,0,0,0,0,1,5,6,2,12,3,-1,-1,-1,-1,6,E01015943,1,-1
2023141355472,2023,141355472,2,98,0,18,19,6,2,0,0,0,0,4,0,0,4,1,6,6,3,-1,-1,-1,-1,-1,-1,-1,-1,0,-1
2023421274086,2023,421274086,3,9,0,4,4,6,8,0,0,0,0,0,0,0,0,1,6,6,3,-1,-1,-1,-1,-1,-1,-1,-1,0,-1
2023052300357,2023,052300357,2,1,0,18,19,5,1,0,0,1,0,0,0,0,3,1,6,6,2,46,8,-1,-1,-1,-1,2,E01007091,0,-1
2023461264462,2023,461264462,2,9,0,18,19,7,3,0,0,0,0,11,0,0,1,1,1,1,1,33,6,-1,-1,-1,-1,7,E01024375,0,-1
2023010466827,2023,010466827,2,9,0,9,9,1,7,0,0,0,0,0,0,0,3,1,2,2,2,35,6,-1,-1,-1,-1,9,E01023580,0,-1
2023201314089,2023,201314089,1,11,0,18,19,3,7,0,0,0,0,0,0,0,4,1,5,6,1,-1,-1,-1,-1,-1,-1,-1,-1,0,-1
2023010486109,2023,010486109,1,1,9,99,99,9,9,99,99,9,9,99,9,99,1,1,2,2,1,47,8,-1,-1,-1,-1,3,E01000081,0,-1
2023201330590,2023,201330590,1,-1,0,2,2,0,0,0,0,0,0,0,0,0,4,1,6,6,1,34,6,-1,-1,-1,-1,-1,-1,0,-1
2023302300433,2023,302300433,2,9,0,18,19,7,3,0,0,0,0,0,0,0,1,1,6,6,3,-1,-1,-1,-1,-1,-1,5,E01019456,0,-1
2023501396843,2023,501396843,2,23,0,5,5,5,1,0,0,3,2,0,1,0,4,1,6,6,1,46,8,-1,-1,-1,-1,3,E01015032,0,-1
2023010471051,2023,010471051,1,9,0,99,99,9,9,99,99,0,9,99,9,99,2,9,6,6,3,-1,-1,-1,-1,-1,-1,-1,-1,0,-1
2023010451077,2023,010451077,1,1,0,18,19,6,2,0,0,8,0,0,0,0,1,1,6,6,1,34,6,-1,-1,-1,-1,2,E01004014,0,-1
2023622300849,2023,622300849,1,23,0,18,19,6,2,0,0,0,0,0,0,0,1,1,6,6,1,26,6,-1,-1,-1,-1,9,W01000778,0,-1
2023401313411,2023,401313411,1,9,0,6,6,0,4,0,0,0,0,0,0,0,3,1,6,6,3,-1,-1,-1,-1,-1,-1,-1,-1,0,-1
2023430025641,2023,430025641,2,1,0,18,19,4,8,0,0,8,0,0,0,0,1,1,4,7,1,-1,-1,-1,-1,-1,-1,-1,-1,0,-1
2023131334677,2023,131334677,2,1,0,18,19,2,6,0,0,0,0,0,0,0,0,1,6,6,1,53,8,-1,-1,-1,-1,10,E01011535,0,-1
2023421371490,2023,421371490,1,9,0,-1,-1,-1,-1,-1,-1,-1,-1,-1,-1,0,-1,1,6,6,3,-1,-1,-1,-1,-1,-1,-1,-1,0,-1
2023070736710,2023,070736710,2,9,0,18,19,3,7,0,0,8,5,0,1,1,3,1,6,6,2,21,5,-1,-1,-1,-1,-1,-1,0,-1
2023201375008,2023,201375008,1,9,0,18,19,4,8,0,0,0,0,0,0,0,1,1,6,6,1,34,6,-1,-1,-1,-1,1,E01009951,0,-1
2023131275298,2023,131275298,1,98,0,9,9,3,1,0,0,8,0,0,0,0,-1,1,6,6,1,-1,-1,-1,-1,-1,-1,-1,-1,0,-1
2023010473743,2023,010473743,1,1,9,99,99,9,9,99,99,9,9,99,9,99,9,1,2,2,1,30,6,-1,-1,-1,-1,8,E01004589,0,-1
2023411366437,2023,411366437,1,9,0,16,19,-1,-1,0,0,0,0,0,0,0,1,1,6,6,3,-1,-1,-1,-1,-1,-1,-1,-1,0,-1
2023010465476,2023,010465476,2,9,0,99,99,9,9,99,99,9,9,99,9,99,9,9,6,6,3,-1,-1,-1,-1,-1,-1,-1,-1,0,-1
2023201337487,2023,201337487,2,1,0,18,19,4,8,0,0,4,0,0,0,0,1,1,6,6,2,69,10,-1,-1,-1,-1,5,E01009907,0,-1
2023421309363,2023,421309363,2,1,0,9,9,5,1,0,0,1,0,0,0,0,3,1,5,6,1,11,3,-1,-1,-1,-1,9,E01021682,0,-1
2023302300702,2023,302300702,2,9,0,1,1,5,2,0,0,0,0,0,0,0,0,1,6,6,3,-1,-1,-1,-1,-1,-1,5,E01019456,0,-1
2023411369727,2023,411369727,1,9,0,4,4,-1,-1,0,0,4,0,0,0,0,4,1,6,6,3,-1,-1,-1,-1,-1,-1,-1,-1,0,-1
2023451337980,2023,451337980,2,1,0,14,14,1,3,0,0,0,0,0,0,0,1,1,5,6,1,62,9,-1,-1,-1,-1,6,E01030699,0,-1
2023010451667,2023,010451667,1,1,9,99,99,9,9,99,99,9,9,99,9,99,9,1,6,6,1,39,7,-1,-1,-1,-1,4,E01001883,0,-1
2023340NN3842,2023,340NN3842,1,9,0,14,14,6,2,0,0,8,0,0,0,0,4,1,2,2,1,33,6,-1,-1,-1,-1,2,E01032369,0,-1
2023131293693,2023,131293693,2,1,0,18,19,1,5,0,0,2,0,8,0,0,1,1,2,2,1,24,5,-1,-1,-1,-1,1,E01011434,0,-1
2023161364619,2023,161364619,2,1,0,18,19,4,8,0,0,6,0,0,0,0,1,1,6,6,1,15,3,-1,-1,-1,-1,1,E01013139,0,-1
2023122300909,2023,122300909,2,1,0,18,19,6,2,9,9,2,0,0,0,0,1,1,6,6,2,82,11,-1,-1,-1,-1,5,E01027590,0,-1
2023010458943,2023,010458943,1,1,9,99,99,9,9,99,99,0,9,99,9,99,9,1,6,6,1,55,8,-1,-1,-1,-1,9,E01002112,0,-1
2023610023323,2023,610023323,2,1,0,18,19,1,5,0,0,0,1,0,0,0,1,1,6,6,1,45,7,-1,-1,-1,-1,6,W01001416,0,-1
2023440230653,2023,440230653,4,9,0,2,2,0,0,0,0,2,0,0,0,0,4,1,6,6,1,-1,-1,-1,-1,-1,-1,-1,-1,0,-1
2023451348209,2023,451348209,1,9,0,18,19,3,7,0,0,0,0,0,0,0,1,1,6,6,3,45,7,-1,-1,-1,-1,-1,-1,0,-1
2023010430544,2023,010430544,1,1,9,99,99,9,9,99,99,9,9,99,9,99,1,1,2,2,1,45,7,-1,-1,-1,-1,2,E01002051,0,-1
2023531270600,2023,531270600,2,1,0,9,9,7,5,0,0,8,0,0,0,0,4,1,1,1,1,35,6,-1,-1,-1,-1,1,E01022347,0,-1
2023161334310,2023,161334310,2,1,0,18,19,5,1,0,0,1,0,0,0,0,1,1,6,6,1,17,4,-1,-1,-1,-1,2,E01012884,0,-1
2023010452404,2023,010452404,2,9,0,99,99,9,9,99,99,9,9,99,9,99,1,9,6,6,3,-1,-1,-1,-1,-1,-1,-1,-1,0,-1
2023201277783,2023,201277783,1,9,0,5,5,2,8,0,0,6,0,0,0,0,1,1,6,6,3,-1,-1,-1,-1,-1,-1,-1,-1,0,-1
2023161297233,2023,161297233,2,1,0,7,7,1,5,0,0,0,0,0,0,0,3,1,4,7,1,11,3,-1,-1,-1,-1,-1,-1,0,-1
2023991261749,2023,991261749,2,3,0,18,19,3,7,0,0,0,5,0,7,0,3,1,5,6,1,32,6,-1,-1,-1,-1,4,-1,0,-1
2023471327175,2023,471327175,2,9,0,2,2,0,0,0,0,0,0,0,0,0,3,1,6,6,3,-1,-1,-1,-1,-1,-1,-1,-1,0,-1
2023421276549,2023,421276549,1,9,0,18,19,7,3,0,0,0,0,0,0,0,1,1,6,6,3,-1,-1,-1,-1,-1,-1,-1,-1,0,-1
2023010462997,2023,010462997,1,1,9,99,99,9,9,99,99,9,9,99,9,99,1,1,6,6,3,-1,-1,-1,-1,-1,-1,-1,-1,0,-1
2023010423289,2023,010423289,1,1,9,99,99,9,9,99,99,9,9,99,9,99,9,1,2,2,1,27,6,-1,-1,-1,-1,6,E01003952,0,-1
2023010447369,2023,010447369,2,1,0,18,19,8,4,0,0,0,0,0,0,0,0,1,6,6,1,28,6,-1,-1,-1,-1,5,E01004616,0,-1
2023430079583,2023,430079583,2,9,0,13,13,2,6,0,0,0,0,0,0,0,4,1,6,6,3,-1,-1,-1,-1,-1,-1,-1,-1,0,-1
2023010460216,2023,010460216,2,-1,0,18,19,3,7,0,0,4,0,0,0,0,1,2,6,6,1,47,8,-1,-1,-1,-1,2,E01000151,1,-1
2023471300881,2023,471300881,1,-1,0,18,19,6,3,0,0,2,0,0,0,0,1,1,6,6,1,18,4,-1,-1,-1,-1,8,E01031491,1,-1
2023031385887,2023,031385887,1,9,-1,-1,-1,-1,-1,-1,-1,0,-1,-1,-1,0,-1,1,6,6,3,-1,-1,-1,-1,-1,-1,-1,-1,0,-1
2023461279098,2023,461279098,1,9,0,14,14,1,5,0,0,1,0,0,0,0,3,1,6,6,3,-1,-1,-1,-1,-1,-1,-1,-1,0,-1
2023010486397,2023,010486397,1,9,0,99,99,9,9,99,99,9,9,99,9,99,1,9,6,6,3,-1,-1,-1,-1,-1,-1,-1,-1,0,-1
2023522400955,2023,522400955,2,1,0,18,19,5,1,0,0,0,0,0,0,0,1,1,6,6,1,28,6,-1,-1,-1,-1,2,E01014489,0,-1
202363D027423,2023,63D027423,1,9,0,4,4,6,2,0,0,0,0,0,0,0,2,1,6,6,2,61,9,-1,-1,-1,-1,-1,-1,0,-1
2023430214220,2023,430214220,2,98,0,18,19,0,0,0,0,0,0,0,0,0,0,1,1,1,1,57,9,-1,-1,-1,-1,7,E01017668,0,-1
2023421327615,2023,421327615,1,9,0,17,19,1,5,0,0,1,2,0,1,4,4,1,5,6,1,17,4,-1,-1,-1,-1,6,E01021419,0,-1
2023461364172,2023,461364172,1,9,0,16,19,5,1,0,0,0,0,0,0,0,0,1,6,6,3,-1,-1,-1,-1,-1,-1,-1,-1,0,-1
2023311360602,2023,311360602,2,9,0,18,19,5,1,0,0,1,0,0,0,0,1,1,5,6,1,27,6,-1,-1,-1,-1,1,E01010282,0,-1
2023161325711,2023,161325711,1,9,0,18,19,1,5,0,0,0,0,0,0,0,1,1,6,6,3,-1,-1,-1,-1,-1,-1,-1,-1,0,-1
2023052300078,2023,052300078,2,1,0,7,7,3,5,0,0,8,0,0,0,0,1,1,6,6,1,32,6,-1,-1,-1,-1,4,E01006554,0,-1
2023302300764,2023,302300764,2,1,0,11,11,5,1,0,0,1,0,0,0,0,1,1,4,7,3,-1,-1,-1,-1,-1,-1,5,E01019456,0,-1
2023302300065,2023,302300065,1,9,0,9,9,2,7,0,0,8,0,0,0,0,3,1,6,6,3,-1,-1,-1,-1,-1,-1,5,E01019456,0,-1
2023351394038,2023,351394038,2,9,0,18,19,1,1,0,0,2,0,0,0,0,1,1,5,6,1,63,9,-1,-1,-1,-1,6,E01018186,0,-1
2023351355462,2023,351355462,2,1,0,9,9,4,2,0,0,2,0,0,0,0,3,1,2,2,2,26,6,-1,-1,-1,-1,5,E01017974,0,-1
2023461369283,2023,461369283,1,9,0,18,19,1,5,0,0,0,1,0,0,0,0,1,6,6,3,-1,-1,-1,-1,-1,-1,-1,-1,0,-1
2023461380462,2023,461380462,2,9,0,18,19,8,4,0,0,0,0,0,0,0,2,1,6,6,1,43,7,-1,-1,-1,-1,-1,-1,0,-1
2023361351862,2023,361351862,1,9,0,18,19,2,6,0,0,2,0,0,0,0,4,1,5,6,1,43,7,-1,-1,-1,-1,3,E01015668,0,-1
2023070405140,2023,070405140,2,1,0,18,19,2,7,0,0,8,0,0,0,0,4,1,6,6,1,51,8,-1,-1,-1,-1,2,E01012370,0,-1
2023440214060,2023,440214060,1,9,0,18,19,7,3,0,0,0,0,0,0,0,1,1,6,6,3,-1,-1,-1,-1,-1,-1,-1,-1,0,-1
2023010450370,2023,010450370,2,9,0,99,99,9,9,99,99,9,9,99,9,99,1,9,6,6,3,64,9,-1,-1,-1,-1,1,E01002748,0,-1
2023461394834,2023,461394834,1,1,0,18,19,2,6,0,0,1,0,0,0,0,1,1,6,6,3,-1,-1,-1,-1,-1,-1,4,E01024086,0,-1
2023361381595,2023,361381595,1,1,0,18,19,5,1,0,0,2,0,0,0,0,1,1,6,6,1,-1,-1,-1,-1,-1,-1,-1,-1,0,-1
2023041331232,2023,041331232,2,1,0,18,19,1,5,0,0,8,0,0,0,0,1,1,6,6,1,50,8,-1,-1,-1,-1,1,E01025068,0,-1
2023501324542,2023,501324542,2,1,0,18,19,3,1,0,0,8,0,0,0,0,1,1,6,6,1,48,8,-1,-1,-1,-1,4,E01020017,0,-1
2023211441250,2023,211441250,1,9,0,18,19,1,5,0,0,0,2,4,0,0,3,1,5,6,1,58,9,-1,-1,-1,-1,-1,-1,0,-1
2023010439819,2023,010439819,2,8,0,99,99,9,9,99,99,0,9,99,9,99,9,1,6,6,3,-1,-1,-1,-1,-1,-1,-1,-1,0,-1
2023401396427,2023,401396427,2,1,0,99,99,-1,-1,0,0,0,9,0,0,0,9,1,1,1,1,51,8,-1,-1,-1,-1,9,E01015806,0,-1
2023131348688,2023,131348688,2,11,0,11,11,5,2,0,0,0,0,0,0,0,4,2,5,6,1,19,4,-1,-1,-1,-1,1,E01010822,0,-1
2023522300930,2023,522300930,2,9,0,99,99,9,9,0,0,6,0,0,0,0,1,1,6,6,1,-1,-1,-1,-1,-1,-1,-1,-1,0,-1
2023101388205,2023,101388205,2,1,-1,18,19,1,5,0,0,3,0,0,0,0,2,1,5,6,1,18,4,-1,-1,-1,-1,4,E01008536,0,-1
2023520300951,2023,520300951,1,9,0,3,3,5,1,0,0,4,0,0,0,0,2,1,6,6,1,43,7,-1,-1,-1,-1,6,E01029153,0,-1
2023361334583,2023,361334583,2,-1,0,18,19,1,5,0,0,1,0,0,0,0,1,1,6,6,2,-1,-1,-1,-1,-1,-1,-1,-1,1,-1
2023141391049,2023,141391049,1,9,0,18,19,6,3,0,0,0,0,0,0,0,1,1,6,6,1,23,5,-1,-1,-1,-1,4,E01033264,0,-1
2023411326421,2023,411326421,2,9,0,18,19,8,4,0,0,0,0,0,0,0,2,1,6,6,3,-1,-1,-1,-1,-1,-1,-1,-1,0,-1
2023430106794,2023,430106794,2,1,0,18,19,5,1,0,0,1,0,0,0,0,1,1,6,6,1,21,5,-1,-1,-1,-1,-1,-1,0,-1
2023545642823,2023,545642823,1,9,0,5,5,5,1,0,0,6,0,0,0,0,1,1,6,6,1,24,5,-1,-1,-1,-1,9,E01031880,0,-1
2023421281040,2023,421281040,1,9,-1,18,19,3,7,0,0,3,0,0,0,0,1,1,6,6,3,-1,-1,-1,-1,-1,-1,-1,-1,0,-1
2023991351388,2023,991351388,1,97,0,18,19,3,7,0,0,1,1,0,0,0,1,1,6,6,1,22,5,-1,-1,-1,-1,1,-1,0,-1
2023010435036,2023,010435036,2,1,0,18,19,5,1,0,0,1,0,0,0,0,1,1,6,6,1,69,10,-1,-1,-1,-1,7,E01003906,0,-1
2023320768220,2023,320768220,2,22,0,18,19,2,6,0,0,8,5,0,0,0,3,1,6,6,2,68,10,-1,-1,-1,-1,1,E01026083,0,-1
2023010485097,2023,010485097,2,9,0,99,99,9,9,99,99,9,9,99,9,99,1,9,6,6,3,-1,-1,-1,-1,-1,-1,-1,-1,0,-1
2023131352211,2023,131352211,2,-1,0,18,19,3,7,0,0,8,0,0,0,0,1,1,5,6,1,12,3,-1,-1,-1,-1,-1,-1,1,-1
2023501321433,2023,501321433,2,1,0,18,19,5,1,0,0,0,0,0,0,0,1,1,6,6,2,23,5,-1,-1,-1,-1,4,E01019006,0,-1
2023122300089,2023,122300089,2,1,0,4,4,1,5,0,0,1,0,0,0,0,1,1,6,6,1,35,6,-1,-1,-1,-1,8,E01012235,0,-1
2023332300963,2023,332300963,2,9,0,9,9,7,5,0,0,5,0,0,0,0,1,1,6,6,3,-1,-1,-1,-1,-1,-1,-1,-1,0,-1
2023131317035,2023,131317035,1,9,0,5,5,3,7,9,9,0,0,0,0,0,1,1,6,6,3,-1,-1,-1,-1,-1,-1,-1,-1,0,-1
2023311357119,2023,311357119,2,1,0,18,19,8,4,0,0,1,0,0,0,0,1,1,2,2,1,25,5,-1,-1,-1,-1,5,E01013935,0,-1
2023141367187,2023,141367187,2,22,0,18,19,1,5,0,0,1,0,0,0,0,4,1,6,6,1,73,10,-1,-1,-1,-1,7,E01007356,0,-1
2023544251123,2023,544251123,2,9,0,18,19,8,6,0,0,2,0,0,0,0,2,1,6,6,2,44,7,-1,-1,-1,-1,9,E01015547,0,-1
2023010478043,2023,010478043,1,1,9,99,99,9,9,99,99,9,9,99,9,99,9,1,2,2,2,36,7,-1,-1,-1,-1,5,E01003955,0,-1
2023131342455,2023,131342455,2,1,0,18,19,3,7,0,0,8,0,0,0,0,3,1,5,6,1,5,1,-1,-1,-1,-1,3,E01011175,0,-1
2023302301945,2023,302301945,3,9,0,17,19,6,2,0,0,8,0,0,0,0,0,1,6,6,3,-1,-1,-1,-1,-1,-1,5,E01019456,0,-1
2023161307123,2023,161307123,2,1,0,18,19,2,6,0,0,1,0,0,0,0,1,1,6,6,1,45,7,-1,-1,-1,-1,1,E01012840,0,-1
2023170M20143,2023,170M20143,2,1,0,18,19,5,1,0,0,8,0,0,0,0,1,1,4,7,1,6,2,-1,-1,-1,-1,1,E01012091,0,-1
2023061320772,2023,061320772,2,1,0,-1,-1,-1,-1,-1,-1,-1,-1,-1,-1,0,1,1,2,2,1,24,5,-1,-1,-1,-1,1,E01004979,0,-1