collision_index,collision_year,collision_ref_no,vehicle_reference,vehicle_type,towing_and_articulation,vehicle_manoeuvre_historic,vehicle_manoeuvre,vehicle_direction_from,vehicle_direction_to,vehicle_location_restricted_lane_historic,vehicle_location_restricted_lane,junction_location,skidding_and_overturning,hit_object_in_carriageway,vehicle_leaving_carriageway,hit_object_off_carriageway,first_point_of_impact,vehicle_left_hand_drive,journey_purpose_of_driver_historic,journey_purpose_of_driver,sex_of_driver,age_of_driver,age_band_of_driver,engine_capacity_cc,propulsion_code,age_of_vehicle,generic_make_model,driver_imd_decile,lsoa_of_driver,escooter_flag,driver_distance_banding
2023440393544,2023,440393544,1,9,0,18,19,8,4,0,0,0,0,0,1,3,1,1,2,2,1,44,7,-1,-1,-1,-1,4,E01022635,0,-1
2023451266285,2023,451266285,1,9,0,16,19,1,1,0,0,0,1,0,0,0,2,1,6,6,1,26,6,-1,-1,-1,-1,8,E01001126,0,-1
2023170M10413,2023,170M10413,2,1,0,18,19,3,7,0,0,8,0,0,0,0,4,1,2,2,1,35,6,-1,-1,-1,-1,7,E01012186,0,-1
2023311306948,2023,311306948,1,9,0,9,9,8,6,0,0,8,0,0,0,0,0,1,6,6,3,-1,-1,-1,-1,-1,-1,-1,-1,0,-1
2023141288256,2023,141288256,1,9,0,18,19,1,5,0,0,0,0,0,0,0,4,1,6,6,3,-1,-1,-1,-1,-1,-1,-1,-1,0,-1
2023991371324,2023,991371324,1,9,0,7,7,1,4,0,0,4,0,0,0,0,4,1,6,6,2,30,6,-1,-1,-1,-1,-1,-1,0,-1
2023052300593,2023,052300593,1,8,0,4,4,7,3,0,0,0,0,0,0,0,4,1,6,6,3,-1,-1,-1,-1,-1,-1,-1,-1,0,-1
2023041391218,2023,041391218,1,9,0,18,19,-1,-1,0,0,1,0,0,0,0,0,2,6,6,3,-1,-1,-1,-1,-1,-1,-1,-1,0,-1
2023332300805,2023,332300805,2,9,0,18,19,8,4,0,0,8,0,0,0,0,1,1,6,6,3,-1,-1,-1,-1,-1,-1,-1,-1,0,-1
2023010472976,2023,010472976,2,1,0,18,19,4,8,0,0,8,0,0,0,0,1,1,2,2,1,41,7,-1,-1,-1,-1,1,E01001765,0,-1
2023010465690,2023,010465690,2,1,0,18,19,5,1,0,0,8,5,0,0,0,1,1,1,1,1,32,6,-1,-1,-1,-1,4,E01000428,0,-1
2023471301849,2023,471301849,2,1,0,10,10,4,2,0,0,8,0,0,0,0,2,1,2,2,1,41,7,-1,-1,-1,-1,5,E01016877,0,-1
2023161371727,2023,161371727,3,1,0,14,14,7,3,0,0,2,0,0,0,0,3,1,6,6,1,-1,-1,-1,-1,-1,-1,-1,-1,0,-1
2023991323888,2023,991323888,2,9,4,17,19,7,3,0,0,0,1,0,1,0,3,1,6,6,1,53,8,-1,-1,-1,-1,6,-1,0,-1
2023010462437,2023,010462437,2,1,0,17,19,1,6,0,0,8,5,0,0,0,1,1,6,6,1,26,6,-1,-1,-1,-1,2,E01033085,0,-1
2023010466465,2023,010466465,1,1,9,99,99,9,9,99,99,9,9,99,9,99,9,1,2,2,1,41,7,-1,-1,-1,-1,5,E01002556,0,-1
2023531332642,2023,531332642,1,1,0,18,19,5,1,0,0,2,2,0,0,0,1,1,6,6,3,-1,-1,-1,-1,-1,-1,-1,-1,0,-1
2023041308501,2023,041308501,1,98,0,18,19,-1,-1,0,0,0,0,0,0,0,3,1,6,6,3,-1,-1,-1,-1,-1,-1,-1,-1,0,-1
2023010465094,2023,010465094,1,1,9,99,99,9,9,99,99,0,9,99,9,99,9,1,6,6,2,24,5,-1,-1,-1,-1,2,E01003037,0,-1
2023332300458,2023,332300458,2,9,0,18,19,2,6,0,0,6,0,0,0,0,1,1,6,6,3,-1,-1,-1,-1,-1,-1,-1,-1,0,-1
2023451291816,2023,451291816,1,1,0,18,19,5,1,0,0,0,0,0,0,0,4,1,1,1,1,26,6,-1,-1,-1,-1,10,E01030617,0,-1
2023061370342,2023,061370342,2,1,0,18,19,6,2,0,0,8,0,0,0,0,3,1,6,6,1,62,9,-1,-1,-1,-1,2,E01005226,0,-1
2023010445279,2023,010445279,3,98,0,11,11,7,3,0,0,0,0,0,0,0,4,1,6,6,3,-1,-1,-1,-1,-1,-1,-1,-1,0,-1
2023340WN2252,2023,340WN2252,2,1,0,18,19,2,6,0,0,8,1,0,0,0,1,1,1,1,1,44,7,-1,-1,-1,-1,7,E01027182,0,-1
2023141384228,2023,141384228,2,22,0,18,19,7,2,0,0,0,5,0,0,0,1,1,6,6,2,71,10,-1,-1,-1,-1,1,E01007500,0,-1
2023332301136,2023,332301136,2,1,0,18,19,1,5,0,0,8,0,0,0,0,1,1,6,6,1,20,4,-1,-1,-1,-1,1,E01032597,0,-1
2023141274001,2023,141274001,1,9,0,9,9,1,7,0,0,3,0,0,0,0,1,1,2,2,1,31,6,-1,-1,-1,-1,3,E01032550,0,-1
2023010474867,2023,010474867,1,1,9,99,99,9,9,99,99,9,9,99,9,99,1,1,2,2,1,29,6,-1,-1,-1,-1,2,E01001780,0,-1
2023052300349,2023,052300349,1,9,0,5,5,1,5,0,0,0,0,0,0,0,3,1,6,6,2,-1,-1,-1,-1,-1,-1,-1,-1,0,-1
2023332300554,2023,332300554,1,9,0,18,19,1,5,0,0,8,0,0,7,7,4,1,1,1,2,59,9,-1,-1,-1,-1,3,E01013779,0,-1
2023231388522,2023,231388522,2,9,0,18,19,5,1,0,0,0,1,0,7,10,2,1,5,6,1,51,8,-1,-1,-1,-1,8,E01031245,0,-1
2023401324465,2023,401324465,1,97,0,4,4,3,7,0,0,2,0,0,0,0,1,1,6,6,1,26,6,-1,-1,-1,-1,5,E01017440,0,-1
2023052302760,2023,052302760,1,1,0,18,19,5,1,0,0,8,1,0,0,0,3,1,1,1,1,22,5,-1,-1,-1,-1,1,E01007204,0,-1
2023201458851,2023,201458851,2,9,0,18,19,5,1,0,0,0,0,0,0,0,0,1,6,6,3,-1,-1,-1,-1,-1,-1,-1,-1,0,-1
2023991285949,2023,991285949,1,-1,0,18,19,7,3,0,0,0,0,0,0,0,1,1,6,6,3,-1,-1,-1,-1,-1,-1,-1,-1,0,-1
2023201416116,2023,201416116,2,9,0,18,19,2,6,0,0,2,0,0,0,0,1,1,6,6,1,55,8,-1,-1,-1,-1,3,E01009619,0,-1
2023061267112,2023,061267112,1,9,0,2,2,0,0,0,0,0,0,0,1,0,2,1,5,6,2,57,9,-1,-1,-1,-1,9,E01019767,0,-1
2023061361282,2023,061361282,2,1,0,-1,-1,-1,-1,0,0,0,1,-1,-1,0,4,1,2,2,1,52,8,-1,-1,-1,-1,4,E01005299,0,-1
2023320781358,2023,320781358,2,90,0,18,19,2,6,0,0,0,5,0,0,0,2,1,6,6,1,30,6,-1,-1,-1,-1,1,E01026149,0,-1
2023430069684,2023,430069684,1,9,0,18,19,8,4,0,0,0,5,0,1,0,1,1,6,6,1,34,6,-1,-1,-1,-1,2,E01028517,0,-1
2023311318445,2023,311318445,1,9,0,13,13,7,3,0,0,3,0,0,1,0,3,1,6,6,1,30,6,-1,-1,-1,-1,10,E01028385,0,-1
2023201296571,2023,201296571,2,1,0,9,9,3,1,0,0,3,0,0,0,0,0,1,6,6,1,17,4,-1,-1,-1,-1,1,E01010063,0,-1
2023010444469,2023,010444469,2,1,0,13,13,1,5,0,0,1,0,0,0,0,3,1,2,2,1,50,8,-1,-1,-1,-1,8,E01004589,0,-1
2023520300707,2023,520300707,2,9,0,18,19,7,3,0,0,8,0,0,0,0,1,1,6,6,1,32,6,-1,-1,-1,-1,8,E01032121,0,-1
2023131334527,2023,131334527,1,23,0,18,19,3,7,0,0,0,0,0,1,0,4,1,5,6,1,44,7,-1,-1,-1,-1,8,E01011210,0,-1
2023552300429,2023,552300429,1,9,0,18,19,6,2,0,0,1,0,0,0,0,1,1,6,6,3,-1,-1,-1,-1,-1,-1,-1,-1,0,-1
2023010467339,2023,010467339,2,1,0,17,19,5,1,0,0,8,5,0,0,0,2,1,2,2,1,51,8,-1,-1,-1,-1,9,E01003824,0,-1
2023440381384,2023,440381384,2,1,0,18,19,1,5,0,0,8,0,0,0,0,4,1,6,6,1,20,4,-1,-1,-1,-1,4,E01017028,0,-1
2023430137816,2023,430137816,2,19,0,18,19,4,8,0,0,1,0,0,0,0,1,1,6,6,1,-1,-1,-1,-1,-1,-1,-1,-1,0,-1
2023421387591,2023,421387591,1,9,0,12,12,6,2,0,0,0,0,0,0,0,3,1,6,6,3,-1,-1,-1,-1,-1,-1,-1,-1,0,-1
2023371407264,2023,371407264,2,98,0,18,19,5,3,0,0,0,0,0,0,0,1,1,1,1,1,56,9,-1,-1,-1,-1,-1,-1,0,-1
2023542622123,2023,542622123,1,9,0,18,19,1,5,0,0,1,0,0,0,0,1,1,6,6,1,37,7,-1,-1,-1,-1,2,E01031981,0,-1
2023010433952,2023,010433952,1,8,0,99,99,9,9,99,99,9,9,99,9,99,9,9,6,6,3,-1,-1,-1,-1,-1,-1,-1,-1,0,-1
2023010462317,2023,010462317,2,9,0,99,99,9,9,99,99,9,9,99,9,99,1,9,6,6,3,-1,-1,-1,-1,-1,-1,-1,-1,0,-1
2023451365903,2023,451365903,2,1,0,18,19,3,7,0,0,0,0,0,0,0,1,1,6,6,1,15,3,-1,-1,-1,-1,-1,-1,0,-1
2023430404235,2023,430404235,2,9,0,4,4,7,3,0,0,2,0,0,0,0,2,1,6,6,2,71,10,-1,-1,-1,-1,9,E01016793,0,-1
2023131343416,2023,131343416,1,1,0,9,9,1,5,0,0,8,0,0,0,0,1,1,5,6,1,62,9,-1,-1,-1,-1,6,E01011076,0,-1
2023010467811,2023,010467811,1,11,0,99,99,9,9,99,99,9,9,99,9,99,9,1,6,6,3,33,6,-1,-1,-1,-1,2,E01003046,0,-1
2023501341843,2023,501341843,1,9,0,18,19,1,5,0,0,4,0,0,0,0,1,1,6,6,2,45,7,-1,-1,-1,-1,-1,-1,0,-1
2023010433973,2023,010433973,1,1,9,99,99,9,9,99,99,9,9,99,9,99,9,1,6,6,1,48,8,-1,-1,-1,-1,3,E01002070,0,-1
2023421379822,2023,421379822,1,21,1,18,19,6,2,0,0,0,0,0,0,0,1,2,1,1,1,54,8,-1,-1,-1,-1,-1,-1,0,-1
2023010468634,2023,010468634,1,1,9,99,99,9,9,99,99,9,9,99,9,99,9,1,2,2,1,26,6,-1,-1,-1,-1,2,E01004584,0,-1
2023041380072,2023,041380072,1,9,0,18,19,3,7,0,0,0,0,0,0,0,1,1,6,6,3,-1,-1,-1,-1,-1,-1,-1,-1,0,-1
2023122300544,2023,122300544,2,8,0,18,19,5,1,0,0,0,0,0,0,0,4,1,1,1,1,57,9,-1,-1,-1,-1,2,E01012171,0,-1
2023332301284,2023,332301284,1,9,0,18,19,8,4,0,0,8,0,0,0,0,1,1,6,6,1,22,5,-1,-1,-1,-1,10,E01025726,0,-1
2023311320977,2023,311320977,2,1,0,18,19,6,2,0,0,1,0,0,0,0,1,1,4,7,1,13,3,-1,-1,-1,-1,-1,-1,0,-1
2023052300321,2023,052300321,2,1,0,18,19,1,5,0,0,1,0,0,0,0,1,1,6,6,2,42,7,-1,-1,-1,-1,5,E01006946,0,-1
2023131365701,2023,131365701,1,2,0,18,19,1,5,0,0,1,0,0,0,0,1,1,6,6,1,18,4,-1,-1,-1,-1,1,E01010627,0,-1
2023052300596,2023,052300596,1,9,0,18,19,1,5,0,0,0,0,0,0,0,1,1,6,6,3,-1,-1,-1,-1,-1,-1,-1,-1,0,-1
2023552301362,2023,552301362,2,1,0,18,19,8,4,0,0,8,0,0,0,0,1,1,6,6,1,43,7,-1,-1,-1,-1,10,E01015433,0,-1
2023201387730,2023,201387730,2,1,0,16,19,5,4,0,0,1,0,10,1,0,3,1,2,2,2,58,9,-1,-1,-1,-1,1,E01009564,0,-1
2023010420013,2023,010420013,1,1,9,99,99,9,9,99,99,9,9,99,9,99,9,1,6,6,3,-1,-1,-1,-1,-1,-1,-1,-1,0,-1
2023430424553,2023,430424553,1,1,0,18,19,7,3,0,0,8,0,0,0,0,3,1,2,2,1,56,9,-1,-1,-1,-1,8,E01017817,0,-1
2023061286618,2023,061286618,2,1,0,18,19,8,4,0,0,1,0,0,0,0,3,1,2,2,2,28,6,-1,-1,-1,-1,6,E01005078,0,-1
2023991388704,2023,991388704,1,9,0,4,4,7,2,0,0,1,0,0,0,0,1,1,6,6,3,-1,-1,-1,-1,-1,-1,-1,-1,0,-1
2023430399582,2023,430399582,2,1,0,18,19,4,8,0,0,8,0,0,0,0,1,1,6,6,1,48,8,-1,-1,-1,-1,10,E01016245,0,-1
2023010442696,2023,010442696,1,9,0,18,19,7,3,0,0,1,0,0,0,0,1,1,6,6,3,-1,-1,-1,-1,-1,-1,-1,-1,0,-1
2023061265556,2023,061265556,1,9,0,18,19,3,7,0,0,0,0,0,0,0,1,1,1,1,2,41,7,-1,-1,-1,-1,6,E01019763,0,-1
2023501362261,2023,501362261,2,1,0,18,19,3,1,0,0,0,0,0,0,0,1,1,6,6,1,32,6,-1,-1,-1,-1,5,E01015062,0,-1
2023461382137,2023,461382137,1,90,0,18,19,3,7,0,0,0,2,11,0,0,1,1,5,6,1,15,3,-1,-1,-1,-1,4,E01016128,0,-1
2023010477569,2023,010477569,2,22,0,18,19,5,1,0,0,6,0,0,0,0,3,1,6,6,1,68,10,-1,-1,-1,-1,6,E01002246,0,-1
2023440215264,2023,440215264,1,1,0,18,19,6,2,0,0,0,0,0,0,0,1,1,2,2,2,36,7,-1,-1,-1,-1,3,E01023142,0,-1
2023161354908,2023,161354908,2,1,0,18,19,5,1,9,9,2,0,0,0,0,1,1,6,6,3,-1,-1,-1,-1,-1,-1,-1,-1,0,-1
2023131312280,2023,131312280,2,1,0,18,19,3,7,4,4,0,0,0,0,0,1,1,5,6,1,34,6,-1,-1,-1,-1,7,E01011600,0,-1
2023430079583,2023,430079583,1,1,0,18,19,2,6,0,0,0,0,0,0,0,3,1,6,6,1,49,8,-1,-1,-1,-1,3,E01017723,0,-1
2023052302558,2023,052302558,1,9,0,18,19,1,5,0,0,0,0,0,0,0,0,1,6,6,3,-1,-1,-1,-1,-1,-1,-1,-1,0,-1
2023430407689,2023,430407689,1,9,0,18,19,4,8,0,0,1,0,0,0,0,1,1,6,6,1,-1,-1,-1,-1,-1,-1,-1,-1,0,-1
2023010436168,2023,010436168,3,9,0,18,19,6,2,0,0,1,0,0,0,0,0,1,6,6,3,-1,-1,-1,-1,-1,-1,-1,-1,0,-1
2023061280246,2023,061280246,2,1,0,18,19,1,5,0,0,8,0,0,0,0,3,1,6,6,1,32,6,-1,-1,-1,-1,5,E01005301,0,-1
202360A177008,2023,60A177008,4,9,0,2,2,0,0,0,0,0,0,0,0,0,3,1,1,1,1,-1,-1,-1,-1,-1,-1,-1,-1,0,-1
2023010475165,2023,010475165,1,1,0,18,19,1,5,0,0,8,0,0,0,0,1,1,6,6,1,63,9,-1,-1,-1,-1,1,E01004665,0,-1
2023461349701,2023,461349701,2,97,0,18,19,5,1,0,0,0,0,0,0,0,1,1,6,6,1,9,2,-1,-1,-1,-1,2,E01024020,0,-1
2023010432257,2023,010432257,3,9,0,18,19,5,1,0,0,0,0,0,0,0,1,1,6,6,3,-1,-1,-1,-1,-1,-1,-1,-1,0,-1
2023131307372,2023,131307372,1,9,0,-1,-1,-1,-1,-1,-1,-1,-1,-1,-1,-1,-1,1,6,6,3,-1,-1,-1,-1,-1,-1,-1,-1,0,-1
2023440071482,2023,440071482,2,1,0,18,19,7,3,0,0,8,0,0,0,0,1,1,6,6,2,49,8,-1,-1,-1,-1,7,E01023257,0,-1
2023010456668,2023,010456668,2,9,0,99,99,9,9,99,99,9,9,99,9,99,1,9,6,6,3,-1,-1,-1,-1,-1,-1,-1,-1,0,-1
2023461346762,2023,461346762,2,9,0,2,2,0,0,0,0,0,0,0,0,0,1,1,6,6,3,-1,-1,-1,-1,-1,-1,-1,-1,0,-1
2023411363676,2023,411363676,2,1,0,4,4,1,5,0,0,1,0,0,0,0,0,1,6,6,2,59,9,-1,-1,-1,-1,8,E01023729,0,-1
2023122300354,2023,122300354,2,1,0,18,19,3,7,0,0,1,0,4,0,0,4,1,6,6,1,18,4,-1,-1,-1,-1,10,E01013376,0,-1
2023101266147,2023,101266147,2,1,0,18,19,5,1,0,0,8,0,0,0,0,4,1,2,2,1,38,7,-1,-1,-1,-1,2,E01008632,0,-1
2023010474202,2023,010474202,1,1,9,99,99,9,9,99,99,9,9,99,9,99,9,1,6,6,1,18,4,-1,-1,-1,-1,2,E01000057,0,-1
2023052300615,2023,052300615,2,1,0,18,19,1,5,0,0,1,0,0,0,0,2,1,6,6,1,53,8,-1,-1,-1,-1,6,E01006773,0,-1
2023991394948,2023,991394948,2,1,0,9,9,8,4,0,0,8,0,0,0,0,4,1,5,6,2,51,8,-1,-1,-1,-1,-1,-1,0,-1
2023101383824,2023,101383824,2,19,0,3,3,6,2,0,0,8,0,0,0,0,2,1,6,6,1,-1,-1,-1,-1,-1,-1,-1,-1,0,-1
2023552300429,2023,552300429,2,22,0,18,19,4,8,0,0,8,0,0,0,0,4,1,6,6,1,90,11,-1,-1,-1,-1,10,E01020420,0,-1
2023201293074,2023,201293074,2,97,0,9,9,5,3,0,0,1,0,0,0,0,0,1,6,6,3,-1,-1,-1,-1,-1,-1,-1,-1,0,-1
2023201276441,2023,201276441,1,9,0,9,9,1,5,0,0,2,0,0,0,0,1,1,6,6,3,-1,-1,-1,-1,-1,-1,-1,-1,0,-1
2023461354706,2023,461354706,1,9,0,18,19,3,7,0,0,0,0,0,0,0,1,1,6,6,3,-1,-1,-1,-1,-1,-1,-1,-1,0,-1
2023991318305,2023,991318305,1,9,0,18,19,5,1,0,0,0,0,0,0,0,4,1,6,6,3,-1,-1,-1,-1,-1,-1,-1,-1,0,-1
2023351358567,2023,351358567,2,9,0,9,9,8,6,0,0,0,0,0,0,0,-1,1,6,6,3,-1,-1,-1,-1,-1,-1,-1,-1,0,-1
2023161331873,2023,161331873,1,9,0,5,5,7,3,0,0,8,0,0,0,0,1,1,6,6,1,-1,-1,-1,-1,-1,-1,-1,-1,0,-1
2023010480736,2023,010480736,2,9,0,99,99,9,9,99,99,9,9,99,9,99,9,9,6,6,3,-1,-1,-1,-1,-1,-1,-1,-1,0,-1
2023161286502,2023,161286502,2,1,0,18,19,7,3,0,0,8,5,0,0,0,4,1,2,2,2,49,8,-1,-1,-1,-1,1,E01013312,0,-1
2023201300131,2023,201300131,2,1,0,18,19,2,6,0,0,8,0,0,0,0,1,1,6,6,2,49,8,-1,-1,-1,-1,2,E01009414,0,-1
2023371353522,2023,371353522,2,1,0,7,7,3,5,0,0,8,5,0,0,0,1,1,6,6,2,42,7,-1,-1,-1,-1,2,E01033122,0,-1
2023311356569,2023,311356569,2,-1,0,18,19,7,2,0,0,6,0,0,0,0,1,1,6,6,1,19,4,-1,-1,-1,-1,-1,-1,1,-1
2023010460336,2023,010460336,1,1,9,99,99,9,9,99,99,9,9,99,9,99,1,1,2,2,1,48,8,-1,-1,-1,-1,2,E01003483,0,-1
2023041340477,2023,041340477,1,1,0,18,19,7,3,0,0,1,0,0,0,0,1,1,5,6,1,19,4,-1,-1,-1,-1,1,E01025287,0,-1
2023430154262,2023,430154262,1,9,0,18,19,6,2,0,0,6,0,0,0,0,1,1,6,6,2,27,6,-1,-1,-1,-1,-1,-1,0,-1
2023010478360,2023,010478360,2,9,0,99,99,9,9,99,99,9,9,99,9,99,9,9,6,6,3,-1,-1,-1,-1,-1,-1,-1,-1,0,-1
202360A155342,2023,60A155342,1,9,0,15,15,8,4,0,0,2,0,0,0,0,4,1,6,6,2,58,9,-1,-1,-1,-1,-1,-1,0,-1
2023010477372,2023,010477372,1,9,0,17,19,1,5,0,0,0,0,0,0,0,3,1,6,6,1,49,8,-1,-1,-1,-1,2,E01003964,0,-1
2023201311639,2023,201311639,2,9,0,18,19,2,6,0,0,8,0,0,0,0,4,1,6,6,1,25,5,-1,-1,-1,-1,1,E01033650,0,-1
2023201416535,2023,201416535,2,1,0,5,5,2,6,0,0,8,0,0,0,0,3,1,6,6,1,40,7,-1,-1,-1,-1,1,E01008913,0,-1
2023440159722,2023,440159722,1,3,0,18,19,8,4,0,0,1,0,0,0,0,1,1,6,6,1,17,4,-1,-1,-1,-1,4,E01017162,0,-1
2023546679123,2023,546679123,1,9,0,18,19,1,5,0,0,0,0,0,0,0,3,1,6,6,3,-1,-1,-1,-1,-1,-1,-1,-1,0,-1
2023440432724,2023,440432724,1,9,0,18,19,5,1,0,0,8,0,0,0,0,3,1,6,6,2,75,10,-1,-1,-1,-1,10,E01023233,0,-1
2023221330020,2023,221330020,2,1,0,18,19,5,1,0,0,8,0,0,0,0,3,1,5,6,2,54,8,-1,-1,-1,-1,4,E01028984,0,-1
2023320442563,2023,320442563,2,1,0,18,19,6,2,0,0,0,5,4,0,0,1,1,6,6,2,51,8,-1,-1,-1,-1,3,E01026134,0,-1
2023340WN6932,2023,340WN6932,1,-1,0,5,5,7,3,0,0,6,0,0,0,0,4,1,6,6,1,23,5,-1,-1,-1,-1,3,E01027175,1,-1
2023141279180,2023,141279180,1,1,0,15,15,1,1,4,4,0,5,0,0,0,4,1,6,6,1,18,4,-1,-1,-1,-1,9,E01007862,0,-1
2023451311949,2023,451311949,1,9,0,10,10,5,1,0,0,0,0,0,0,0,2,1,2,2,1,62,9,-1,-1,-1,-1,10,E01030584,0,-1
2023332300122,2023,332300122,2,1,0,18,19,5,1,0,0,3,1,0,0,0,4,1,2,2,1,37,7,-1,-1,-1,-1,-1,-1,0,-1
2023451368078,2023,451368078,1,97,0,7,7,5,1,0,0,8,1,0,0,0,4,1,5,6,2,16,4,-1,-1,-1,-1,6,E01030371,0,-1
2023010467376,2023,010467376,2,9,0,99,99,9,9,99,99,9,9,99,9,99,1,9,6,6,3,-1,-1,-1,-1,-1,-1,-1,-1,0,-1
2023440409145,2023,440409145,2,9,0,18,19,1,5,0,0,0,0,0,0,0,4,1,6,6,1,24,5,-1,-1,-1,-1,7,E01017050,0,-1
2023041321962,2023,041321962,1,9,0,18,19,-1,-1,0,0,1,0,0,0,0,3,1,6,6,3,-1,-1,-1,-1,-1,-1,-1,-1,0,-1
2023461341495,2023,461341495,1,19,0,18,19,7,3,0,0,0,0,0,1,0,2,1,2,2,1,59,9,-1,-1,-1,-1,-1,-1,0,-1
2023010439092,2023,010439092,1,11,0,18,19,7,3,0,0,1,9,99,9,99,1,9,6,6,1,58,9,-1,-1,-1,-1,9,E01025778,0,-1
2023622300411,2023,622300411,2,9,0,18,19,2,6,0,0,0,0,0,0,0,1,1,6,6,3,-1,-1,-1,-1,-1,-1,-1,-1,0,-1
2023430408954,2023,430408954,2,9,0,18,19,1,5,0,0,4,0,0,0,0,1,1,6,6,1,-1,-1,-1,-1,-1,-1,-1,-1,0,-1
2023471290172,2023,471290172,2,1,0,18,19,7,3,0,0,1,0,0,0,0,1,1,6,6,1,75,10,-1,-1,-1,-1,8,E01031814,0,-1
2023311318098,2023,311318098,2,1,0,9,9,8,4,0,0,5,1,10,1,9,2,1,6,6,1,70,10,-1,-1,-1,-1,-1,-1,0,-1
2023501359895,2023,501359895,2,9,0,18,19,7,3,0,0,1,0,0,0,0,2,1,3,7,2,48,8,-1,-1,-1,-1,4,E01018908,0,-1
2023411368486,2023,411368486,1,9,0,5,5,5,1,0,0,1,0,0,0,0,1,1,6,6,2,50,8,-1,-1,-1,-1,9,E01023419,0,-1
2023991337494,2023,991337494,2,98,0,18,19,4,8,0,0,1,0,0,0,0,4,1,6,6,3,40,7,-1,-1,-1,-1,-1,-1,0,-1
2023531335680,2023,531335680,1,-1,0,18,19,1,5,9,9,1,0,0,0,0,1,1,6,6,2,17,4,-1,-1,-1,-1,9,E01032183,1,-1
2023430459093,2023,430459093,2,1,0,5,5,5,1,0,0,1,0,0,0,0,2,1,2,2,1,63,9,-1,-1,-1,-1,10,E01028801,0,-1
2023170S20883,2023,170S20883,2,22,0,18,19,7,3,0,0,0,0,0,0,0,2,1,6,6,1,52,8,-1,-1,-1,-1,-1,-1,0,-1
2023451378239,2023,451378239,2,1,0,18,19,5,1,0,0,1,0,0,0,0,1,1,6,6,1,73,10,-1,-1,-1,-1,6,E01002609,0,-1
2023440521766,2023,440521766,1,9,0,18,19,5,1,0,0,2,0,0,0,0,3,1,6,6,3,-1,-1,-1,-1,-1,-1,-1,-1,0,-1
2023041316536,2023,041316536,1,11,0,18,19,1,5,0,0,0,0,0,0,0,2,1,6,6,3,-1,-1,-1,-1,-1,-1,-1,-1,0,-1
2023010454392,2023,010454392,2,9,0,18,19,5,1,0,0,8,0,0,0,0,0,1,6,6,3,-1,-1,-1,-1,-1,-1,-1,-1,0,-1
2023010442253,2023,010442253,2,1,0,18,19,6,2,0,0,1,0,0,0,0,1,1,1,1,2,28,6,-1,-1,-1,-1,8,E01004623,0,-1
2023481387699,2023,481387699,2,1,0,18,19,1,5,0,0,1,0,0,0,0,0,1,5,6,1,23,5,-1,-1,-1,-1,-1,-1,0,-1
2023421278951,2023,421278951,2,9,0,16,19,2,5,0,0,0,0,0,0,0,3,1,1,1,1,52,8,-1,-1,-1,-1,4,E01022048,0,-1
2023101372007,2023,101372007,1,9,-1,18,19,3,7,0,0,4,0,0,0,0,3,1,6,6,1,65,9,-1,-1,-1,-1,-1,-1,0,-1
2023010463676,2023,010463676,2,1,0,18,19,5,1,4,4,1,0,0,0,0,1,1,6,6,1,69,10,-1,-1,-1,-1,9,E01000670,0,-1
2023061334296,2023,061334296,1,9,0,18,19,5,1,0,0,0,0,0,0,0,1,1,6,6,1,-1,-1,-1,-1,-1,-1,-1,-1,0,-1
2023201402934,2023,201402934,1,9,0,1,1,7,3,0,0,0,0,4,0,0,4,1,6,6,3,-1,-1,-1,-1,-1,-1,-1,-1,0,-1
2023141309460,2023,141309460,2,9,0,4,4,3,7,0,0,1,0,0,0,0,1,1,6,6,1,31,6,-1,-1,-1,-1,2,E01013038,0,-1
2023010468360,2023,010468360,2,22,0,18,19,5,1,0,0,8,0,0,0,0,3,1,6,6,2,64,9,-1,-1,-1,-1,6,E01003958,0,-1
2023471352625,2023,471352625,2,1,0,18,19,5,2,0,0,8,0,0,0,0,3,1,5,6,1,15,3,-1,-1,-1,-1,10,E01031774,0,-1
2023430124958,2023,430124958,2,1,0,18,19,2,6,0,0,8,0,0,0,0,1,1,6,6,1,44,7,-1,-1,-1,-1,9,E01016790,0,-1
2023101356929,2023,101356929,1,9,0,7,7,8,3,0,0,8,0,0,0,0,1,1,6,6,1,50,8,-1,-1,-1,-1,-1,-1,0,-1
2023421290519,2023,421290519,2,23,0,18,19,5,1,0,0,0,1,0,0,0,2,1,6,6,1,15,3,-1,-1,-1,-1,6,E01021401,0,-1
2023201388384,2023,201388384,1,9,0,7,7,2,5,0,0,6,0,0,0,0,3,1,6,6,1,33,6,-1,-1,-1,-1,2,E01009098,0,-1
2023010454789,2023,010454789,1,9,0,18,19,5,1,0,0,6,0,0,0,0,1,1,6,6,3,-1,-1,-1,-1,-1,-1,-1,-1,0,-1
2023010439484,2023,010439484,2,9,0,99,99,9,9,99,99,9,9,99,9,99,9,9,6,6,3,-1,-1,-1,-1,-1,-1,-1,-1,0,-1
2023010448549,2023,010448549,1,1,9,99,99,9,9,99,99,9,9,99,9,99,9,1,2,2,1,36,7,-1,-1,-1,-1,4,E01001247,0,-1
2023010453120,2023,010453120,2,9,0,99,99,9,9,99,99,9,9,99,9,99,9,9,6,6,3,-1,-1,-1,-1,-1,-1,-1,-1,0,-1
2023531346190,2023,531346190,1,9,0,18,19,3,7,0,0,0,0,0,0,0,1,1,6,6,3,-1,-1,-1,-1,-1,-1,-1,-1,0,-1
2023010454655,2023,010454655,2,98,9,99,99,9,9,99,99,9,9,99,9,99,9,9,6,6,3,-1,-1,-1,-1,-1,-1,-1,-1,0,-1
2023610048723,2023,610048723,1,19,0,18,19,6,2,0,0,0,2,0,0,0,3,1,2,2,1,26,6,-1,-1,-1,-1,3,W01001331,0,-1
2023371349306,2023,371349306,3,1,0,18,19,7,3,0,0,1,0,0,0,0,1,1,5,6,1,54,8,-1,-1,-1,-1,-1,-1,0,-1
2023052302130,2023,052302130,2,3,0,18,19,3,7,0,0,0,0,0,0,0,1,1,6,6,1,-1,-1,-1,-1,-1,-1,-1,-1,0,-1
2023522324075,2023,522324075,2,9,0,1,1,1,5,0,0,8,0,0,0,0,2,1,6,6,3,-1,-1,-1,-1,-1,-1,-1,-1,0,-1