collision_index,collision_year,collision_ref_no,vehicle_reference,vehicle_type,towing_and_articulation,vehicle_manoeuvre_historic,vehicle_manoeuvre,vehicle_direction_from,vehicle_direction_to,vehicle_location_restricted_lane_historic,vehicle_location_restricted_lane,junction_location,skidding_and_overturning,hit_object_in_carriageway,vehicle_leaving_carriageway,hit_object_off_carriageway,first_point_of_impact,vehicle_left_hand_drive,journey_purpose_of_driver_historic,journey_purpose_of_driver,sex_of_driver,age_of_driver,age_band_of_driver,engine_capacity_cc,propulsion_code,age_of_vehicle,generic_make_model,driver_imd_decile,lsoa_of_driver,escooter_flag,driver_distance_banding
2023451377295,2023,451377295,2,2,0,18,19,1,3,0,0,1,0,0,0,0,2,1,6,6,1,16,4,-1,-1,-1,-1,-1,-1,0,-1
2023201420822,2023,201420822,1,8,0,3,3,4,2,0,0,0,0,0,0,0,0,1,6,6,3,-1,-1,-1,-1,-1,-1,-1,-1,0,-1
2023141263780,2023,141263780,2,9,0,4,4,7,3,0,0,0,0,0,0,0,4,1,6,6,2,27,6,-1,-1,-1,-1,1,E01007472,0,-1
2023501343934,2023,501343934,2,16,0,5,5,2,6,0,0,0,0,0,0,0,0,1,5,6,2,65,9,-1,-1,-1,-1,6,E01020175,0,-1
2023201413830,2023,201413830,3,9,0,5,5,3,7,0,0,1,0,0,0,0,2,1,6,6,1,42,7,-1,-1,-1,-1,3,E01010512,0,-1
2023122300835,2023,122300835,2,1,0,4,4,3,7,0,0,8,0,0,0,0,1,1,2,2,2,59,9,-1,-1,-1,-1,5,E01013384,0,-1
2023010435842,2023,010435842,1,9,0,99,99,9,9,0,0,9,9,99,9,99,9,9,6,6,3,-1,-1,-1,-1,-1,-1,-1,-1,0,-1
2023991283712,2023,991283712,1,9,0,18,19,1,5,0,0,0,0,0,0,0,2,1,6,6,3,50,8,-1,-1,-1,-1,-1,-1,0,-1
2023141329216,2023,141329216,1,9,0,18,19,5,1,0,0,0,0,0,0,0,1,1,6,6,3,-1,-1,-1,-1,-1,-1,-1,-1,0,-1
2023061293135,2023,061293135,2,1,0,18,19,3,7,0,0,0,0,0,0,0,1,1,2,2,1,57,9,-1,-1,-1,-1,8,E01005862,0,-1
2023421289033,2023,421289033,2,1,0,14,14,2,6,0,0,1,1,0,0,0,4,1,2,2,1,54,8,-1,-1,-1,-1,6,E01021542,0,-1
2023131273455,2023,131273455,1,9,0,-1,-1,-1,-1,-1,-1,-1,-1,-1,-1,-1,-1,1,6,6,3,99,11,-1,-1,-1,-1,-1,-1,0,-1
2023122400150,2023,122400150,1,9,0,4,4,8,4,0,0,0,0,0,0,0,0,1,6,6,3,-1,-1,-1,-1,-1,-1,-1,-1,0,-1
2023041261314,2023,041261314,1,9,0,18,19,3,7,0,0,1,0,0,0,0,0,1,6,6,3,-1,-1,-1,-1,-1,-1,-1,-1,0,-1
2023141371636,2023,141371636,1,1,0,18,19,3,1,0,0,0,5,0,0,0,3,1,1,1,1,58,9,-1,-1,-1,-1,1,E01007721,0,-1
2023010462390,2023,010462390,2,1,0,18,19,5,1,0,0,8,0,0,0,0,1,1,1,1,1,28,6,-1,-1,-1,-1,4,E01003561,0,-1
2023010471447,2023,010471447,2,1,9,99,99,9,9,99,99,9,9,99,9,99,9,1,6,6,3,-1,-1,-1,-1,-1,-1,-1,-1,0,-1
2023421380975,2023,421380975,4,9,0,4,4,2,2,0,0,0,0,0,0,0,0,1,6,6,3,-1,-1,-1,-1,-1,-1,-1,-1,0,-1
2023010477703,2023,010477703,2,9,0,99,99,9,9,99,99,6,9,99,9,99,9,9,6,6,3,-1,-1,-1,-1,-1,-1,-1,-1,0,-1
2023161361215,2023,161361215,2,1,0,18,19,3,7,0,0,1,0,0,0,0,1,1,5,6,2,17,4,-1,-1,-1,-1,-1,-1,0,-1
2023501364034,2023,501364034,1,9,0,18,19,8,4,0,0,0,2,0,0,0,1,1,1,1,1,25,5,-1,-1,-1,-1,-1,-1,0,-1
2023010434209,2023,010434209,1,1,0,18,19,5,1,0,0,1,0,0,0,0,1,1,6,6,1,51,8,-1,-1,-1,-1,3,E01003374,0,-1
2023471259631,2023,471259631,2,1,0,18,19,5,1,0,0,8,2,0,0,0,4,1,2,2,1,36,7,-1,-1,-1,-1,9,E01031353,0,-1
2023010456200,2023,010456200,1,1,0,18,19,2,6,0,0,1,1,2,0,0,1,1,6,6,1,49,8,-1,-1,-1,-1,9,E01003892,0,-1
2023501371797,2023,501371797,2,1,0,17,19,3,1,0,0,8,0,0,0,0,2,1,1,1,1,22,5,-1,-1,-1,-1,4,E01018919,0,-1
2023010472152,2023,010472152,2,1,0,18,19,1,5,0,0,1,0,0,0,0,1,1,6,6,1,25,5,-1,-1,-1,-1,4,E01003210,0,-1
2023421378421,2023,421378421,2,1,-1,-1,-1,-1,-1,-1,-1,0,-1,-1,-1,0,-1,1,6,6,1,15,3,-1,-1,-1,-1,3,E01015986,0,-1
2023351349935,2023,351349935,3,9,0,2,2,0,0,0,0,0,0,4,0,0,2,1,5,6,3,-1,-1,-1,-1,-1,-1,-1,-1,0,-1
2023430445296,2023,430445296,2,1,0,18,19,8,4,4,4,8,0,0,0,0,1,1,2,2,1,30,6,-1,-1,-1,-1,5,E01016518,0,-1
2023361314328,2023,361314328,2,9,0,18,19,7,3,0,0,1,0,0,0,0,4,1,5,6,1,60,9,-1,-1,-1,-1,6,E01026863,0,-1
2023440115176,2023,440115176,2,9,0,17,19,5,2,0,0,8,0,0,0,0,0,1,6,6,3,-1,-1,-1,-1,-1,-1,-1,-1,0,-1
2023411325354,2023,411325354,2,9,0,18,19,-1,-1,0,0,1,0,0,0,0,3,1,4,7,3,-1,-1,-1,-1,-1,-1,-1,-1,0,-1
2023461363258,2023,461363258,1,9,0,18,19,7,3,0,0,1,0,0,0,0,4,1,6,6,1,-1,-1,-1,-1,-1,-1,9,E01024797,0,-1
2023544441123,2023,544441123,2,1,0,18,19,7,3,0,0,8,0,0,0,0,1,1,6,6,1,39,7,-1,-1,-1,-1,3,E01015491,0,-1
2023010477191,2023,010477191,2,1,0,18,19,1,5,0,0,0,0,0,0,0,1,1,6,6,1,58,9,-1,-1,-1,-1,-1,-1,0,-1
2023522400767,2023,522400767,2,1,0,18,19,2,6,0,0,6,0,0,0,0,1,1,6,6,1,18,4,-1,-1,-1,-1,1,E01014486,0,-1
2023201411265,2023,201411265,2,1,0,18,19,1,5,0,0,0,0,0,0,0,0,1,1,1,2,21,5,-1,-1,-1,-1,5,E01033058,0,-1
2023010481731,2023,010481731,1,9,0,18,19,3,7,0,0,0,0,0,0,0,1,9,6,6,3,23,5,-1,-1,-1,-1,-1,-1,0,-1
2023421294703,2023,421294703,1,9,0,18,19,7,3,0,0,4,0,0,0,0,1,1,6,6,3,-1,-1,-1,-1,-1,-1,-1,-1,0,-1
2023010442262,2023,010442262,2,1,0,9,9,5,2,0,0,6,0,0,0,0,3,1,2,2,1,35,6,-1,-1,-1,-1,2,E01004000,0,-1
2023201410391,2023,201410391,2,9,0,18,19,2,6,0,0,0,0,0,0,0,3,1,1,1,1,35,6,-1,-1,-1,-1,1,E01009132,0,-1
2023522301612,2023,522301612,1,1,0,18,19,7,3,4,4,8,0,0,0,0,4,1,6,6,1,41,7,-1,-1,-1,-1,2,E01014624,0,-1
2023131261070,2023,131261070,1,9,0,-1,-1,-1,-1,-1,-1,-1,-1,-1,-1,-1,-1,1,6,6,3,-1,-1,-1,-1,-1,-1,-1,-1,0,-1
2023411308379,2023,411308379,1,20,0,18,19,-1,-1,0,0,8,0,0,0,0,1,1,6,6,3,-1,-1,-1,-1,-1,-1,-1,-1,0,-1
2023351356956,2023,351356956,2,1,0,18,19,7,3,0,0,8,0,0,0,0,4,1,6,6,1,58,9,-1,-1,-1,-1,8,E01018286,0,-1
2023351368490,2023,351368490,1,9,0,18,19,1,5,0,0,0,0,0,0,0,0,1,6,6,3,-1,-1,-1,-1,-1,-1,-1,-1,0,-1
2023161373709,2023,161373709,1,1,0,5,5,3,7,0,0,0,0,0,1,0,2,1,5,6,2,37,7,-1,-1,-1,-1,1,E01013278,0,-1
2023010470490,2023,010470490,2,1,0,9,9,3,1,0,0,1,0,0,0,0,2,1,6,6,2,24,5,-1,-1,-1,-1,9,E01031769,0,-1
202363A004623,2023,63A004623,2,9,0,4,4,8,4,0,0,0,0,0,0,0,2,1,1,1,1,33,6,-1,-1,-1,-1,6,W01000645,0,-1
2023340NN4372,2023,340NN4372,1,9,0,18,19,6,2,0,0,1,0,0,0,0,1,1,6,6,1,-1,-1,-1,-1,-1,-1,-1,-1,0,-1
2023311285000,2023,311285000,1,9,0,3,3,2,6,0,0,0,0,0,0,0,1,1,6,6,3,-1,-1,-1,-1,-1,-1,-1,-1,0,-1
2023451260879,2023,451260879,2,22,0,18,19,1,1,0,0,0,0,0,0,0,1,1,6,6,1,68,10,-1,-1,-1,-1,7,E01030968,0,-1
2023010424578,2023,010424578,1,9,0,10,10,5,2,0,0,7,0,0,0,0,1,1,2,2,1,25,5,-1,-1,-1,-1,5,E01024031,0,-1
2023401376533,2023,401376533,1,9,0,18,19,8,4,0,0,0,0,0,0,0,3,1,6,6,3,-1,-1,-1,-1,-1,-1,-1,-1,0,-1
2023141350483,2023,141350483,2,9,0,18,19,1,5,0,0,0,0,0,0,0,1,2,2,2,1,61,9,-1,-1,-1,-1,8,E01007502,0,-1
2023332300931,2023,332300931,1,9,0,18,19,3,7,0,0,8,0,7,0,0,1,1,6,6,3,-1,-1,-1,-1,-1,-1,-1,-1,0,-1
2023531314260,2023,531314260,1,97,0,-1,-1,-1,1,0,0,0,0,0,0,0,1,1,6,6,3,-1,-1,-1,-1,-1,-1,-1,-1,0,-1
2023991306858,2023,991306858,1,1,0,18,19,4,7,0,0,0,0,4,0,0,1,1,6,6,1,25,5,-1,-1,-1,-1,8,-1,0,-1
2023531266378,2023,531266378,1,9,0,18,19,2,5,0,0,1,0,0,0,0,4,1,6,6,3,-1,-1,-1,-1,-1,-1,-1,-1,0,-1
2023101353642,2023,101353642,2,-1,0,18,19,5,2,0,0,1,0,0,0,0,4,1,5,6,1,16,4,-1,-1,-1,-1,4,E01008597,1,-1
2023010443051,2023,010443051,2,1,0,18,19,6,2,4,4,1,0,0,0,0,1,1,2,2,2,28,6,-1,-1,-1,-1,4,E01003114,0,-1
2023010452947,2023,010452947,1,1,9,99,99,9,9,99,99,9,9,99,9,99,9,1,6,6,2,31,6,-1,-1,-1,-1,8,E01004051,0,-1
2023440200210,2023,440200210,2,1,0,18,19,1,5,0,0,8,0,0,0,0,3,1,6,6,2,50,8,-1,-1,-1,-1,2,E01017133,0,-1
2023052301195,2023,052301195,2,1,0,18,19,3,7,0,0,3,0,0,0,0,2,1,6,6,1,42,7,-1,-1,-1,-1,9,E01006828,0,-1
2023991336355,2023,991336355,1,9,0,18,19,1,5,0,0,0,0,0,0,0,1,1,6,6,3,30,6,-1,-1,-1,-1,-1,-1,0,-1
2023552300585,2023,552300585,1,1,0,18,19,4,8,0,0,0,0,0,0,0,1,1,6,6,1,18,4,-1,-1,-1,-1,10,E01015464,0,-1
2023302301923,2023,302301923,2,19,0,4,4,5,1,0,0,1,0,0,0,0,1,1,6,6,3,-1,-1,-1,-1,-1,-1,5,E01019456,0,-1
2023320646515,2023,320646515,1,9,0,18,19,6,2,0,0,0,0,0,0,0,0,1,6,6,3,-1,-1,-1,-1,-1,-1,-1,-1,0,-1
2023010476047,2023,010476047,1,1,9,99,99,9,9,99,99,0,9,99,9,99,1,1,6,6,1,40,7,-1,-1,-1,-1,3,E01004043,0,-1
2023010449568,2023,010449568,1,1,9,99,99,9,9,99,99,9,9,99,9,99,9,1,2,2,2,19,4,-1,-1,-1,-1,5,E01002632,0,-1
2023010468118,2023,010468118,1,1,9,99,99,9,9,99,99,9,9,99,9,99,0,1,2,2,2,25,5,-1,-1,-1,-1,9,E01004606,0,-1
2023320765865,2023,320765865,1,9,0,7,7,5,8,0,0,6,0,0,0,0,3,1,6,6,1,-1,-1,-1,-1,-1,-1,-1,-1,0,-1
2023010484917,2023,010484917,2,8,0,99,99,9,9,99,99,9,9,99,9,99,9,9,6,6,3,-1,-1,-1,-1,-1,-1,-1,-1,0,-1
2023201296183,2023,201296183,1,1,0,18,19,-1,-1,0,0,0,0,0,0,0,2,1,6,6,1,16,4,-1,-1,-1,-1,1,E01009130,0,-1
2023041309392,2023,041309392,1,9,0,18,19,-1,-1,0,0,8,0,0,0,0,-1,1,6,6,3,-1,-1,-1,-1,-1,-1,-1,-1,0,-1
2023622300972,2023,622300972,2,1,0,11,11,6,4,0,0,8,0,0,0,0,4,1,6,6,1,76,11,-1,-1,-1,-1,4,W01000980,0,-1
2023522301652,2023,522301652,1,1,0,18,19,4,8,0,0,8,0,0,0,0,3,1,6,6,1,26,6,-1,-1,-1,-1,4,E01014573,0,-1
2023010423725,2023,010423725,1,9,0,18,19,1,5,0,0,0,0,0,0,0,1,1,6,6,3,-1,-1,-1,-1,-1,-1,-1,-1,0,-1
2023010450352,2023,010450352,1,1,9,99,99,9,9,99,99,9,9,99,9,99,9,1,6,6,1,23,5,-1,-1,-1,-1,5,E01001960,0,-1
2023501386978,2023,501386978,1,9,-1,18,19,3,7,0,0,0,0,0,0,0,0,1,6,6,3,-1,-1,-1,-1,-1,-1,-1,-1,0,-1
2023421338730,2023,421338730,1,9,0,18,19,3,7,0,0,0,0,0,0,0,1,1,5,6,2,27,6,-1,-1,-1,-1,1,E01015842,0,-1
2023430324531,2023,430324531,2,97,0,18,19,4,8,0,0,6,1,0,0,0,3,1,6,6,1,-1,-1,-1,-1,-1,-1,-1,-1,0,-1
2023010424246,2023,010424246,1,1,9,99,99,9,9,99,99,9,9,99,9,99,1,1,6,6,1,25,5,-1,-1,-1,-1,-1,-1,0,-1
2023010454547,2023,010454547,2,1,0,18,19,7,3,0,0,8,0,0,0,0,1,1,6,6,1,68,10,-1,-1,-1,-1,3,E01004022,0,-1
2023010434998,2023,010434998,2,1,0,18,19,1,5,2,2,1,0,0,0,0,1,1,2,2,1,41,7,-1,-1,-1,-1,9,E01003382,0,-1
2023010430099,2023,010430099,2,1,0,5,5,5,1,0,0,1,5,0,0,0,1,1,2,2,1,45,7,-1,-1,-1,-1,1,E01002069,0,-1
2023052301717,2023,052301717,1,23,0,18,19,8,4,0,0,0,0,0,1,0,0,1,6,6,1,52,8,-1,-1,-1,-1,1,E01006574,0,-1
2023070756048,2023,070756048,2,1,0,18,19,4,8,0,0,8,0,0,0,0,1,1,6,6,1,19,4,-1,-1,-1,-1,10,E01018518,0,-1
2023061328961,2023,061328961,2,1,-1,-1,-1,-1,-1,-1,-1,-1,-1,-1,-1,0,-1,1,6,6,1,60,9,-1,-1,-1,-1,1,E01006351,0,-1
2023010432152,2023,010432152,2,1,0,18,19,1,5,4,4,1,0,0,0,0,4,1,6,6,2,33,6,-1,-1,-1,-1,2,E01000870,0,-1
2023430329260,2023,430329260,1,9,0,18,19,4,8,0,0,1,0,0,0,0,1,1,6,6,1,-1,-1,-1,-1,-1,-1,-1,-1,0,-1
2023131387954,2023,131387954,1,19,0,18,19,1,5,0,0,0,0,0,0,0,1,2,1,1,1,44,7,-1,-1,-1,-1,-1,-1,0,-1
2023461359244,2023,461359244,1,9,0,2,2,-1,-1,0,0,0,0,0,0,0,3,1,5,6,2,-1,-1,-1,-1,-1,-1,-1,-1,0,-1
2023010429552,2023,010429552,2,9,0,99,99,9,9,99,99,0,9,99,9,99,9,9,6,6,3,-1,-1,-1,-1,-1,-1,-1,-1,0,-1
2023311391105,2023,311391105,2,1,0,18,19,5,1,0,0,8,0,0,0,0,1,1,6,6,2,30,6,-1,-1,-1,-1,4,E01019503,0,-1
2023421388215,2023,421388215,2,1,0,5,5,8,4,0,0,1,0,0,3,0,3,1,3,7,2,10,2,-1,-1,-1,-1,4,E01015907,0,-1
2023991349287,2023,991349287,2,1,0,18,19,2,8,0,0,1,0,0,0,0,3,1,2,2,1,63,9,-1,-1,-1,-1,9,-1,0,-1
2023991355344,2023,991355344,2,97,0,18,19,2,6,9,9,0,0,0,0,0,4,1,6,6,1,11,3,-1,-1,-1,-1,7,-1,0,-1
2023010437370,2023,010437370,2,9,0,99,99,9,9,99,99,0,9,99,9,99,0,9,6,6,3,-1,-1,-1,-1,-1,-1,-1,-1,0,-1
2023451354306,2023,451354306,1,1,0,18,19,3,7,0,0,1,0,0,0,0,1,1,6,6,1,48,8,-1,-1,-1,-1,-1,-1,0,-1
2023131323368,2023,131323368,3,9,0,9,9,8,7,0,0,6,0,0,0,0,1,1,6,6,3,18,4,-1,-1,-1,-1,-1,-1,0,-1
2023010465034,2023,010465034,2,1,5,18,19,7,3,0,0,0,0,0,0,0,1,1,6,6,1,25,5,-1,-1,-1,-1,2,E01003601,0,-1
2023522300809,2023,522300809,2,9,0,3,3,6,2,0,0,0,0,0,0,0,2,1,6,6,3,-1,-1,-1,-1,-1,-1,-1,-1,0,-1
2023991335853,2023,991335853,1,1,0,18,19,3,7,0,0,0,0,0,0,0,0,1,5,6,2,71,10,-1,-1,-1,-1,-1,-1,0,-1
2023011384235,2023,011384235,2,1,0,18,19,5,1,9,9,0,0,0,0,0,2,1,6,6,2,46,8,-1,-1,-1,-1,2,E01000431,0,-1
2023430331326,2023,430331326,2,9,0,11,11,7,2,0,0,8,0,0,0,0,4,1,6,6,3,-1,-1,-1,-1,-1,-1,-1,-1,0,-1
2023552300656,2023,552300656,2,1,0,14,14,4,8,0,0,8,0,0,0,0,4,1,2,2,1,33,6,-1,-1,-1,-1,9,E01015405,0,-1
2023411367668,2023,411367668,1,21,1,12,12,3,7,0,0,0,0,0,0,0,1,1,1,1,1,27,6,-1,-1,-1,-1,-1,-1,0,-1
2023461377494,2023,461377494,2,9,0,18,19,7,3,0,0,0,0,0,0,0,3,1,6,6,1,29,6,-1,-1,-1,-1,4,E01024339,0,-1
2023211331581,2023,211331581,2,9,0,18,19,6,5,0,0,1,0,0,0,0,3,1,6,6,2,84,11,-1,-1,-1,-1,9,E01029521,0,-1
2023052300605,2023,052300605,2,1,0,18,19,1,5,0,0,0,0,0,0,0,1,1,6,6,1,25,5,-1,-1,-1,-1,1,E01007238,0,-1
2023540702723,2023,540702723,2,19,0,18,19,4,8,0,0,3,0,0,0,0,1,1,1,1,1,44,7,-1,-1,-1,-1,6,E01015497,0,-1
2023221380801,2023,221380801,2,9,0,18,19,7,3,0,0,0,0,0,0,0,1,1,6,6,2,29,6,-1,-1,-1,-1,8,E01028844,0,-1
2023010431655,2023,010431655,2,9,0,99,99,9,9,99,99,0,9,99,9,99,9,9,6,6,3,-1,-1,-1,-1,-1,-1,-1,-1,0,-1
2023311325297,2023,311325297,1,1,0,18,19,5,1,0,0,0,0,0,0,0,1,1,6,6,1,32,6,-1,-1,-1,-1,-1,-1,0,-1
2023010421334,2023,010421334,1,1,9,99,99,9,9,99,99,9,9,99,9,99,2,1,2,2,1,24,5,-1,-1,-1,-1,3,E01002554,0,-1
2023430415938,2023,430415938,2,9,0,12,12,5,1,0,0,0,0,0,0,0,4,1,6,6,2,44,7,-1,-1,-1,-1,-1,-1,0,-1
2023401363722,2023,401363722,1,21,1,13,13,1,5,0,0,0,0,0,0,0,3,1,6,6,1,32,6,-1,-1,-1,-1,-1,-1,0,-1
2023010482460,2023,010482460,2,9,0,18,19,1,5,0,0,1,0,0,0,0,0,1,1,1,1,32,6,-1,-1,-1,-1,-1,-1,0,-1
2023401337865,2023,401337865,2,1,0,18,19,-1,-1,0,0,4,0,0,0,0,1,1,6,6,1,49,8,-1,-1,-1,-1,8,E01015799,0,-1
2023461326440,2023,461326440,1,9,0,8,8,7,3,0,0,1,0,0,0,0,1,1,6,6,2,-1,-1,-1,-1,-1,-1,-1,-1,0,-1
2023440011594,2023,440011594,1,1,0,9,9,8,5,0,0,5,0,0,0,0,3,1,2,2,1,33,6,-1,-1,-1,-1,5,E01017025,0,-1
2023010440337,2023,010440337,1,9,0,18,19,1,5,0,0,1,0,0,0,0,1,1,6,6,3,-1,-1,-1,-1,-1,-1,-1,-1,0,-1
2023010482920,2023,010482920,2,-1,9,99,99,9,9,99,99,9,9,99,9,99,9,9,6,6,1,32,6,-1,-1,-1,-1,8,E01003867,1,-1
2023231347119,2023,231347119,1,9,0,18,19,8,4,0,0,0,0,0,0,0,3,1,6,6,3,25,5,-1,-1,-1,-1,-1,-1,0,-1
2023201318107,2023,201318107,2,1,0,5,5,1,5,0,0,1,0,0,0,0,1,1,1,1,1,26,6,-1,-1,-1,-1,2,E01009981,0,-1
2023010441898,2023,010441898,2,9,0,99,99,9,9,0,0,5,0,0,0,0,0,9,6,6,3,-1,-1,-1,-1,-1,-1,-1,-1,0,-1
2023302300953,2023,302300953,1,9,0,9,9,4,2,9,9,6,0,0,0,0,1,1,6,6,3,-1,-1,-1,-1,-1,-1,5,E01019456,0,-1
2023010481036,2023,010481036,1,1,9,99,99,9,9,99,99,9,9,99,9,99,9,1,6,6,1,46,8,-1,-1,-1,-1,9,E01004115,0,-1
2023122301252,2023,122301252,2,1,0,9,9,5,3,0,0,8,0,0,0,0,0,1,6,6,1,15,3,-1,-1,-1,-1,6,E01027881,0,-1
2023332300728,2023,332300728,2,1,0,15,15,7,3,2,2,8,0,0,0,0,1,1,1,1,1,43,7,-1,-1,-1,-1,1,E01013640,0,-1
2023010434800,2023,010434800,2,1,9,99,99,9,9,99,99,9,9,99,9,99,9,1,6,6,1,38,7,-1,-1,-1,-1,3,E01002070,0,-1
2023991342277,2023,991342277,1,9,0,12,12,3,7,0,0,0,0,0,0,0,0,1,6,6,1,25,5,-1,-1,-1,-1,-1,-1,0,-1
2023552300446,2023,552300446,2,1,0,5,5,5,3,0,0,5,1,0,0,0,1,1,2,2,2,30,6,-1,-1,-1,-1,9,E01020371,0,-1
2023161328187,2023,161328187,2,1,0,18,19,5,1,0,0,0,0,0,0,0,4,1,6,6,1,15,3,-1,-1,-1,-1,2,E01032595,0,-1
2023546083123,2023,546083123,1,9,0,9,9,8,5,0,0,1,5,0,0,0,4,1,6,6,1,62,9,-1,-1,-1,-1,-1,-1,0,-1
2023010429021,2023,010429021,1,9,0,18,19,5,1,0,0,1,0,0,0,0,1,1,1,1,1,36,7,-1,-1,-1,-1,3,E01000642,0,-1
2023340NN2852,2023,340NN2852,1,9,0,18,19,7,2,0,0,8,0,0,0,0,1,1,6,6,1,75,10,-1,-1,-1,-1,7,E01026979,0,-1
2023991326750,2023,991326750,1,1,0,18,19,1,5,2,2,1,0,0,0,0,4,1,6,6,2,39,7,-1,-1,-1,-1,6,-1,0,-1
2023010470126,2023,010470126,2,9,0,99,99,9,9,99,99,0,9,99,9,99,1,9,6,6,3,-1,-1,-1,-1,-1,-1,-1,-1,0,-1
2023010427396,2023,010427396,1,1,9,99,99,9,9,99,99,0,9,99,9,99,1,1,2,2,1,43,7,-1,-1,-1,-1,2,E01000544,0,-1
2023320490692,2023,320490692,1,22,0,18,19,8,4,9,9,0,0,0,0,0,1,1,6,6,2,80,11,-1,-1,-1,-1,9,E01026263,0,-1
2023131360298,2023,131360298,2,90,0,18,19,3,7,0,0,1,0,0,0,0,1,1,6,6,1,50,8,-1,-1,-1,-1,2,E01011470,0,-1
2023010465963,2023,010465963,2,98,4,99,99,9,9,99,99,0,9,99,9,99,1,9,6,6,3,-1,-1,-1,-1,-1,-1,2,E01003137,0,-1
2023351266723,2023,351266723,2,1,0,18,19,5,1,0,0,0,0,0,0,0,1,1,4,7,1,14,3,-1,-1,-1,-1,10,E01018284,0,-1
2023121265691,2023,121265691,1,9,0,18,19,5,1,0,0,0,5,0,0,0,1,1,6,6,1,33,6,-1,-1,-1,-1,6,E01019651,0,-1
2023430049288,2023,430049288,2,19,0,9,9,1,7,0,0,5,0,0,0,0,1,1,6,6,3,-1,-1,-1,-1,-1,-1,-1,-1,0,-1
2023440428120,2023,440428120,1,2,0,18,19,6,2,0,0,1,1,0,0,0,0,1,6,6,1,19,4,-1,-1,-1,-1,3,E01017089,0,-1
2023141279602,2023,141279602,1,9,0,7,7,1,3,0,0,1,0,0,0,0,0,1,6,6,3,-1,-1,-1,-1,-1,-1,-1,-1,0,-1
2023340NN3892,2023,340NN3892,1,9,0,16,19,6,2,9,9,3,1,10,1,0,1,1,2,2,2,44,7,-1,-1,-1,-1,9,E01027053,0,-1
2023430566638,2023,430566638,1,1,0,18,19,6,2,0,0,8,0,0,0,0,1,1,2,2,1,24,5,-1,-1,-1,-1,3,E01016499,0,-1
2023531361688,2023,531361688,2,1,0,18,19,1,5,0,0,0,0,0,0,0,2,1,4,7,1,12,3,-1,-1,-1,-1,6,E01022225,0,-1
2023010465136,2023,010465136,1,1,9,99,99,9,9,4,4,9,9,99,9,99,9,1,2,2,2,35,6,-1,-1,-1,-1,4,E01003020,0,-1
2023302300976,2023,302300976,1,1,0,18,19,4,8,0,0,8,0,0,0,0,4,1,6,6,1,20,4,-1,-1,-1,-1,2,E01019543,0,-1
2023430050490,2023,430050490,1,3,0,18,19,6,2,0,0,8,0,0,0,0,1,1,1,1,1,20,4,-1,-1,-1,-1,10,E01017689,0,-1
2023010426157,2023,010426157,1,9,0,1,1,6,4,0,0,5,0,0,0,0,2,1,6,6,3,-1,-1,-1,-1,-1,-1,-1,-1,0,-1
2023010462710,2023,010462710,2,1,0,18,19,7,3,0,0,1,0,0,0,0,1,1,6,6,1,24,5,-1,-1,-1,-1,4,E01003914,0,-1
2023010420413,2023,010420413,2,9,0,99,99,9,9,99,99,9,9,99,9,99,9,9,6,6,3,-1,-1,-1,-1,-1,-1,-1,-1,0,-1
2023010456459,2023,010456459,1,1,9,99,99,9,9,99,99,9,9,99,9,99,9,1,2,2,2,40,7,-1,-1,-1,-1,9,E01001521,0,-1
2023430335846,2023,430335846,1,1,0,18,19,1,0,0,0,8,0,0,0,0,1,1,6,6,1,61,9,-1,-1,-1,-1,-1,-1,0,-1
2023546910623,2023,546910623,1,19,0,18,19,1,5,0,0,1,0,0,0,0,1,1,6,6,3,-1,-1,-1,-1,-1,-1,-1,-1,0,-1
2023131374575,2023,131374575,1,9,0,18,19,7,3,0,0,8,0,0,0,0,1,1,6,6,3,-1,-1,-1,-1,-1,-1,-1,-1,0,-1
2023070373096,2023,070373096,1,1,0,18,19,1,5,0,0,8,0,0,0,0,1,1,6,6,1,28,6,-1,-1,-1,-1,1,E01012483,0,-1
2023991276855,2023,991276855,2,1,0,18,19,4,8,0,0,1,0,0,0,0,1,1,5,6,1,52,8,-1,-1,-1,-1,6,-1,0,-1
2023141322244,2023,141322244,1,9,0,18,19,5,1,0,0,0,0,0,0,0,1,1,6,6,3,-1,-1,-1,-1,-1,-1,-1,-1,0,-1
2023320380844,2023,320380844,2,9,0,4,4,6,2,0,0,0,0,0,0,0,2,1,1,1,1,28,6,-1,-1,-1,-1,-1,-1,0,-1
2023061328180,2023,061328180,2,1,0,9,9,3,5,0,0,2,0,0,0,0,2,1,6,6,1,52,8,-1,-1,-1,-1,1,E01005352,0,-1
2023451350460,2023,451350460,2,1,0,18,19,1,1,0,0,8,0,0,0,0,1,1,6,6,1,64,9,-1,-1,-1,-1,10,E01030367,0,-1
2023161352234,2023,161352234,2,1,0,18,19,3,7,0,0,2,2,0,0,0,1,1,6,6,2,15,3,-1,-1,-1,-1,-1,-1,0,-1
2023522300197,2023,522300197,1,1,0,18,19,6,2,0,0,0,0,8,0,0,4,1,6,6,2,28,6,-1,-1,-1,-1,3,E01014572,0,-1
2023501299470,2023,501299470,2,1,0,18,19,3,7,0,0,0,5,0,0,0,1,1,6,6,1,60,9,-1,-1,-1,-1,2,E01020211,0,-1
2023141270599,2023,141270599,2,9,0,18,19,3,7,0,0,0,0,0,0,0,4,1,5,6,1,44,7,-1,-1,-1,-1,6,E01007725,0,-1
2023201437166,2023,201437166,1,9,0,18,19,8,2,0,0,2,0,0,0,0,1,1,6,6,3,-1,-1,-1,-1,-1,-1,-1,-1,0,-1
2023361298006,2023,361298006,1,9,0,-1,-1,-1,-1,-1,-1,-1,-1,-1,-1,0,0,1,6,6,2,-1,-1,-1,-1,-1,-1,-1,-1,0,-1
2023332300356,2023,332300356,1,9,0,13,13,1,5,0,0,8,0,0,0,0,1,1,6,6,1,16,4,-1,-1,-1,-1,3,E01013779,0,-1
2023010481256,2023,010481256,2,9,0,18,19,3,7,0,0,8,0,0,0,0,3,1,6,6,2,63,9,-1,-1,-1,-1,5,E01000274,0,-1
2023010461016,2023,010461016,1,9,0,5,5,7,3,0,0,2,0,0,0,0,1,1,6,6,2,72,10,-1,-1,-1,-1,1,E01004322,0,-1
2023340WN1312,2023,340WN1312,1,19,0,14,14,4,8,0,0,1,0,0,0,0,1,1,6,6,3,-1,-1,-1,-1,-1,-1,-1,-1,0,-1