collision_index,collision_year,collision_ref_no,vehicle_reference,vehicle_type,towing_and_articulation,vehicle_manoeuvre_historic,vehicle_manoeuvre,vehicle_direction_from,vehicle_direction_to,vehicle_location_restricted_lane_historic,vehicle_location_restricted_lane,junction_location,skidding_and_overturning,hit_object_in_carriageway,vehicle_leaving_carriageway,hit_object_off_carriageway,first_point_of_impact,vehicle_left_hand_drive,journey_purpose_of_driver_historic,journey_purpose_of_driver,sex_of_driver,age_of_driver,age_band_of_driver,engine_capacity_cc,propulsion_code,age_of_vehicle,generic_make_model,driver_imd_decile,lsoa_of_driver,escooter_flag,driver_distance_banding
2023010467167,2023,010467167,1,1,9,99,99,9,9,99,99,0,9,99,9,99,9,1,2,2,1,35,6,-1,-1,-1,-1,2,E01003542,0,-1
2023610048623,2023,610048623,3,9,0,18,19,3,7,0,0,1,1,0,0,0,1,1,6,6,2,54,8,-1,-1,-1,-1,9,W01001921,0,-1
2023010452386,2023,010452386,2,9,0,99,99,9,9,99,99,9,9,99,9,99,9,9,6,6,1,25,5,-1,-1,-1,-1,3,E01003235,0,-1
2023221315459,2023,221315459,2,4,0,18,19,7,3,0,0,8,0,0,0,0,4,1,5,6,1,24,5,-1,-1,-1,-1,4,E01032342,0,-1
2023010433948,2023,010433948,1,1,9,99,99,9,9,99,99,0,9,99,9,99,2,1,1,1,1,24,5,-1,-1,-1,-1,2,E01003689,0,-1
2023430309932,2023,430309932,2,1,0,18,19,4,8,4,4,8,0,0,0,0,1,1,6,6,1,22,5,-1,-1,-1,-1,1,E01028568,0,-1
2023991384455,2023,991384455,2,1,0,18,19,2,6,4,4,1,0,0,0,0,4,1,2,2,1,18,4,-1,-1,-1,-1,-1,-1,0,-1
2023170S11453,2023,170S11453,1,9,0,4,4,3,7,0,0,1,0,0,0,0,2,1,6,6,1,21,5,-1,-1,-1,-1,3,E01012197,0,-1
2023520300541,2023,520300541,1,1,0,18,19,3,7,0,0,8,0,0,0,0,4,1,6,6,1,41,7,-1,-1,-1,-1,7,E01029250,0,-1
2023010438992,2023,010438992,1,8,0,99,99,9,9,99,99,9,9,99,9,99,9,9,6,6,3,-1,-1,-1,-1,-1,-1,-1,-1,0,-1
2023302300122,2023,302300122,1,1,0,5,5,4,8,0,0,2,0,0,0,0,3,1,6,6,1,42,7,-1,-1,-1,-1,2,E01019682,0,-1
202360A081127,2023,60A081127,2,1,0,18,19,2,6,9,9,6,0,0,0,0,1,1,6,6,1,9,2,-1,-1,-1,-1,-1,-1,0,-1
2023311297323,2023,311297323,2,1,0,18,19,8,4,0,0,1,2,0,0,0,1,1,5,6,1,22,5,-1,-1,-1,-1,7,E01032520,0,-1
2023501308290,2023,501308290,1,22,-1,-1,-1,-1,-1,-1,-1,0,-1,-1,-1,0,-1,1,6,6,2,87,11,-1,-1,-1,-1,6,E01019971,0,-1
2023161365157,2023,161365157,1,1,0,18,19,7,3,0,0,0,0,0,0,0,1,1,6,6,1,26,6,-1,-1,-1,-1,3,E01012866,0,-1
2023010431496,2023,010431496,1,90,0,99,99,9,9,99,99,9,9,99,9,99,1,9,1,1,1,39,7,-1,-1,-1,-1,6,E01016469,0,-1
2023440404784,2023,440404784,2,1,0,18,19,1,5,0,0,8,0,0,0,0,4,1,4,7,1,15,3,-1,-1,-1,-1,9,E01022654,0,-1
2023302300699,2023,302300699,1,2,0,7,7,8,2,0,0,0,0,0,0,0,3,1,6,6,1,73,10,-1,-1,-1,-1,2,E01013571,0,-1
2023401342351,2023,401342351,1,97,0,18,19,8,4,0,0,0,0,0,0,0,1,1,5,6,3,-1,-1,-1,-1,-1,-1,-1,-1,0,-1
2023201405354,2023,201405354,2,9,0,8,8,2,5,0,0,1,0,0,0,0,1,1,6,6,1,-1,-1,-1,-1,-1,-1,-1,-1,0,-1
2023010476351,2023,010476351,1,1,9,99,99,9,9,99,99,0,9,99,9,99,1,1,2,2,1,31,6,-1,-1,-1,-1,4,E01000928,0,-1
2023010439423,2023,010439423,1,9,0,18,19,1,5,0,0,2,5,7,0,0,1,1,2,2,1,28,6,-1,-1,-1,-1,7,E01002197,0,-1
2023351286552,2023,351286552,2,1,0,18,19,7,3,0,0,0,0,0,0,0,1,1,5,6,1,-1,-1,-1,-1,-1,-1,-1,-1,0,-1
2023070849144,2023,070849144,3,9,0,3,3,3,7,0,0,1,0,0,0,0,0,1,1,1,1,-1,-1,-1,-1,-1,-1,6,E01018425,0,-1
2023010423034,2023,010423034,1,1,9,99,99,9,9,99,99,9,9,99,9,99,1,1,6,6,3,52,8,-1,-1,-1,-1,3,E01004678,0,-1
2023101261304,2023,101261304,1,9,0,18,19,7,3,0,0,0,0,0,0,0,1,1,6,6,2,24,5,-1,-1,-1,-1,3,E01008379,0,-1
2023010461512,2023,010461512,1,1,9,99,99,9,9,99,99,1,9,99,9,99,9,1,1,1,1,21,5,-1,-1,-1,-1,2,E01001328,0,-1
2023430231097,2023,430231097,1,1,0,17,19,4,1,0,0,0,0,4,0,0,1,1,6,6,1,70,10,-1,-1,-1,-1,-1,-1,0,-1
2023461342559,2023,461342559,1,9,0,3,3,4,6,0,0,1,0,0,0,0,1,1,6,6,3,-1,-1,-1,-1,-1,-1,4,E01024293,0,-1
2023070352639,2023,070352639,2,1,0,18,19,8,4,0,0,0,0,0,1,0,2,1,6,6,2,48,8,-1,-1,-1,-1,7,E01007242,0,-1
2023010466111,2023,010466111,1,9,9,99,99,9,9,99,99,9,9,99,9,99,9,1,6,6,3,-1,-1,-1,-1,-1,-1,-1,-1,0,-1
2023041390297,2023,041390297,1,9,0,9,9,1,3,0,0,1,0,0,7,0,3,1,6,6,3,-1,-1,-1,-1,-1,-1,-1,-1,0,-1
2023411374829,2023,411374829,1,9,0,4,4,6,8,0,0,0,0,0,0,0,1,1,6,6,2,18,4,-1,-1,-1,-1,6,E01023539,0,-1
2023010480486,2023,010480486,1,1,9,99,99,9,9,99,99,9,9,99,9,99,9,1,2,2,2,25,5,-1,-1,-1,-1,4,E01004232,0,-1
2023201331696,2023,201331696,1,-1,0,17,19,5,2,0,0,2,0,0,0,0,1,1,6,6,3,-1,-1,-1,-1,-1,-1,-1,-1,0,-1
2023549913523,2023,549913523,1,3,0,4,4,8,4,0,0,0,0,0,0,0,1,1,6,6,1,19,4,-1,-1,-1,-1,6,E01031996,0,-1
2023211367698,2023,211367698,2,1,0,18,19,2,6,0,0,0,0,0,0,0,4,1,6,6,2,26,6,-1,-1,-1,-1,6,E01029446,0,-1
2023010447723,2023,010447723,1,1,9,99,99,9,9,99,99,9,9,99,9,99,9,1,2,2,2,32,6,-1,-1,-1,-1,5,E01003392,0,-1
2023610019623,2023,610019623,1,9,0,17,19,4,2,0,0,0,0,0,1,0,1,1,6,6,1,87,11,-1,-1,-1,-1,-1,-1,0,-1
2023101293618,2023,101293618,1,9,0,17,19,3,1,0,0,0,0,0,1,0,1,1,5,6,1,35,6,-1,-1,-1,-1,9,E01033714,0,-1
2023991310774,2023,991310774,2,21,0,18,19,3,7,0,0,0,0,0,0,0,3,1,6,6,3,50,8,-1,-1,-1,-1,-1,-1,0,-1
2023471337172,2023,471337172,2,1,0,18,19,1,5,0,0,1,0,0,0,0,4,1,2,2,1,62,9,-1,-1,-1,-1,7,E01017006,0,-1
2023161281965,2023,161281965,1,9,0,1,1,1,5,9,9,0,0,0,0,0,3,1,2,2,2,23,5,-1,-1,-1,-1,3,E01012757,0,-1
2023070115807,2023,070115807,2,9,0,4,4,0,0,0,0,0,0,0,0,0,2,1,1,1,2,53,8,-1,-1,-1,-1,6,E01018630,0,-1
2023991430845,2023,991430845,1,1,0,18,19,1,5,0,0,8,0,0,0,0,3,1,5,6,1,31,6,-1,-1,-1,-1,-1,-1,0,-1
2023430107041,2023,430107041,2,-1,0,18,19,1,5,0,0,6,0,0,0,0,3,1,6,6,2,18,4,-1,-1,-1,-1,-1,-1,1,-1
2023122300231,2023,122300231,2,1,0,18,19,1,5,0,0,1,0,0,0,0,1,1,6,6,1,49,8,-1,-1,-1,-1,5,E01027826,0,-1
2023010449132,2023,010449132,2,1,0,18,19,1,5,0,0,1,0,0,0,0,1,1,1,1,2,25,5,-1,-1,-1,-1,2,E01004720,0,-1
2023131290114,2023,131290114,2,1,0,18,19,6,2,0,0,8,0,0,0,0,2,1,5,6,1,12,3,-1,-1,-1,-1,1,E01011346,0,-1
2023522301516,2023,522301516,1,-1,0,17,19,6,4,0,0,8,0,0,0,0,4,1,6,6,1,32,6,-1,-1,-1,-1,3,E01014501,1,-1
2023351273657,2023,351273657,2,1,0,5,5,-1,-1,0,0,0,0,0,0,0,1,1,4,7,1,-1,-1,-1,-1,-1,-1,9,E01018299,0,-1
2023302301029,2023,302301029,2,1,0,18,19,8,4,0,0,8,0,0,0,0,3,1,1,1,1,56,9,-1,-1,-1,-1,2,E01013502,0,-1
2023201301152,2023,201301152,2,1,0,18,19,6,2,0,0,8,0,0,0,0,1,1,6,6,1,52,8,-1,-1,-1,-1,5,E01010552,0,-1
2023340WN0042,2023,340WN0042,1,90,0,1,1,0,5,8,6,1,0,0,0,0,2,1,6,6,3,-1,-1,-1,-1,-1,-1,-1,-1,0,-1
2023461317699,2023,461317699,1,9,0,17,19,5,1,0,0,0,0,0,0,0,1,1,6,6,1,74,10,-1,-1,-1,-1,10,E01032850,0,-1
2023461357549,2023,461357549,1,-1,0,18,19,1,7,0,0,6,0,0,0,0,1,1,6,6,1,14,3,-1,-1,-1,-1,2,E01016025,1,-1
2023010448102,2023,010448102,1,9,0,99,99,9,9,99,99,9,0,0,1,11,1,9,6,6,3,-1,-1,-1,-1,-1,-1,-1,-1,0,-1
2023451304500,2023,451304500,2,9,0,18,19,7,3,0,0,0,0,0,0,0,1,1,6,6,1,39,7,-1,-1,-1,-1,8,E01030708,0,-1
2023061383176,2023,061383176,2,1,0,18,19,6,2,0,0,0,0,0,0,0,3,1,6,6,1,14,3,-1,-1,-1,-1,10,E01005789,0,-1
2023302301345,2023,302301345,2,1,0,17,19,4,1,0,0,0,0,0,0,0,3,1,6,6,1,34,6,-1,-1,-1,-1,4,E01019455,0,-1
2023221349752,2023,221349752,2,21,0,18,19,2,6,0,0,0,0,0,0,0,0,1,1,1,3,57,9,-1,-1,-1,-1,-1,-1,0,-1
2023010474943,2023,010474943,1,22,0,18,19,3,7,0,0,1,0,0,0,0,1,1,6,6,1,38,7,-1,-1,-1,-1,2,E01004013,0,-1
2023520300808,2023,520300808,2,8,0,4,4,9,9,0,0,0,0,0,0,0,0,1,1,1,1,100,11,-1,-1,-1,-1,-1,-1,0,-1
2023010457476,2023,010457476,2,1,0,18,19,3,7,4,4,8,0,0,0,0,1,1,6,6,1,26,6,-1,-1,-1,-1,3,E01004676,0,-1
2023131278107,2023,131278107,2,90,0,18,19,3,7,0,0,8,0,0,0,0,1,1,5,6,1,15,3,-1,-1,-1,-1,1,E01011357,0,-1
2023201328186,2023,201328186,1,1,0,18,19,1,5,0,0,0,0,0,0,0,1,1,6,6,1,-1,-1,-1,-1,-1,-1,2,E01010563,0,-1
2023501283311,2023,501283311,1,9,0,18,19,5,1,0,0,0,5,0,2,10,1,1,5,6,2,33,6,-1,-1,-1,-1,5,E01020143,0,-1
2023111300573,2023,111300573,1,9,0,10,10,2,5,0,0,1,0,0,0,0,4,1,6,6,3,30,6,-1,-1,-1,-1,-1,-1,0,-1
2023631339812,2023,631339812,2,98,0,18,19,2,5,0,0,1,0,0,0,0,1,1,6,6,3,-1,-1,-1,-1,-1,-1,-1,-1,0,-1
2023471371888,2023,471371888,1,9,0,3,3,3,7,0,0,8,0,0,0,0,1,1,6,6,3,-1,-1,-1,-1,-1,-1,-1,-1,0,-1
2023302300252,2023,302300252,1,9,0,18,19,6,2,0,0,0,0,0,0,0,3,1,1,1,1,30,6,-1,-1,-1,-1,7,E01029806,0,-1
2023010435963,2023,010435963,1,1,9,99,99,9,9,0,0,0,0,12,8,99,9,1,6,6,1,34,6,-1,-1,-1,-1,3,E01004189,0,-1
2023440178157,2023,440178157,2,9,0,16,19,3,6,0,0,0,0,0,0,0,0,1,1,1,1,39,7,-1,-1,-1,-1,4,E01016453,0,-1
2023541903523,2023,541903523,1,9,0,17,19,1,5,0,0,0,2,0,1,4,2,1,6,6,1,18,4,-1,-1,-1,-1,-1,-1,0,-1
2023061362520,2023,061362520,2,1,0,18,19,5,1,0,0,1,0,0,0,0,1,1,6,6,1,11,3,-1,-1,-1,-1,6,E01005885,0,-1
2023411302739,2023,411302739,1,9,0,7,7,-1,-1,0,0,0,0,0,0,0,1,1,6,6,1,43,7,-1,-1,-1,-1,3,E01023866,0,-1
2023010475686,2023,010475686,2,1,0,14,14,5,1,0,0,1,0,8,0,0,1,1,6,6,2,58,9,-1,-1,-1,-1,4,E01004366,0,-1
2023430335520,2023,430335520,1,9,0,18,19,7,3,0,0,8,0,0,1,9,1,1,6,6,1,61,9,-1,-1,-1,-1,8,E01017726,0,-1
2023302301586,2023,302301586,1,9,0,13,13,7,3,0,0,8,0,0,0,0,1,1,6,6,3,-1,-1,-1,-1,-1,-1,5,E01019456,0,-1
2023461367634,2023,461367634,1,9,0,11,11,5,3,0,0,3,0,0,1,0,1,1,6,6,3,-1,-1,-1,-1,-1,-1,-1,-1,0,-1
2023552301495,2023,552301495,1,9,0,18,19,1,5,0,0,0,0,0,0,0,3,1,6,6,1,49,8,-1,-1,-1,-1,7,E01020480,0,-1
2023010451961,2023,010451961,1,1,9,99,99,9,9,99,99,9,9,99,9,99,9,1,2,2,1,21,5,-1,-1,-1,-1,6,E01002957,0,-1
2023010453855,2023,010453855,1,1,0,18,19,3,7,0,0,1,0,0,0,0,1,1,1,1,2,52,8,-1,-1,-1,-1,3,E01000044,0,-1
2023451378400,2023,451378400,1,9,0,2,2,6,5,0,0,0,0,0,0,0,1,1,6,6,1,40,7,-1,-1,-1,-1,-1,-1,0,-1
2023041322437,2023,041322437,1,9,0,18,19,4,8,0,0,8,0,0,0,0,0,1,6,6,3,-1,-1,-1,-1,-1,-1,-1,-1,0,-1
2023131388775,2023,131388775,1,9,0,18,19,1,5,0,0,5,0,0,0,0,1,1,6,6,1,42,7,-1,-1,-1,-1,2,E01032502,0,-1
2023010436705,2023,010436705,2,1,0,14,14,3,7,0,0,0,0,4,0,0,1,1,6,6,1,61,9,-1,-1,-1,-1,7,E01001587,0,-1
2023421327669,2023,421327669,1,9,0,5,5,5,1,0,0,0,0,0,0,0,1,1,6,6,2,-1,-1,-1,-1,-1,-1,-1,-1,0,-1
2023461394250,2023,461394250,2,1,0,18,19,5,1,0,0,8,2,0,0,0,4,1,5,6,1,51,8,-1,-1,-1,-1,10,E01024453,0,-1
2023111314625,2023,111314625,3,8,0,7,7,5,1,0,0,6,0,0,0,0,0,1,1,1,3,40,7,-1,-1,-1,-1,-1,-1,0,-1
2023461396009,2023,461396009,1,9,0,18,19,6,2,0,0,0,0,0,0,0,4,1,6,6,3,-1,-1,-1,-1,-1,-1,-1,-1,0,-1
2023542673923,2023,542673923,1,9,0,6,6,1,1,8,6,0,0,0,0,0,2,1,6,6,1,41,7,-1,-1,-1,-1,6,E01023065,0,-1
2023131266408,2023,131266408,1,9,0,-1,-1,-1,-1,-1,-1,0,-1,-1,-1,0,-1,1,6,6,3,-1,-1,-1,-1,-1,-1,-1,-1,0,-1
2023101287183,2023,101287183,1,9,0,18,19,4,8,0,0,8,0,0,0,0,1,1,6,6,3,-1,-1,-1,-1,-1,-1,-1,-1,0,-1
2023010474918,2023,010474918,2,9,0,99,99,9,9,99,99,9,9,99,9,99,1,9,6,6,3,-1,-1,-1,-1,-1,-1,-1,-1,0,-1
2023010467977,2023,010467977,1,9,9,99,99,9,9,99,99,9,9,99,9,0,9,1,6,6,3,-1,-1,-1,-1,-1,-1,-1,-1,0,-1
2023421323141,2023,421323141,1,19,0,18,19,7,3,0,0,0,0,0,0,0,-1,1,6,6,1,-1,-1,-1,-1,-1,-1,-1,-1,0,-1
2023201293804,2023,201293804,1,-1,0,18,19,8,4,0,0,1,0,0,0,0,1,1,6,6,1,-1,-1,-1,-1,-1,-1,-1,-1,0,-1
2023041374661,2023,041374661,1,9,0,5,5,5,5,8,6,4,0,0,0,0,1,1,2,2,1,34,6,-1,-1,-1,-1,2,E01025385,0,-1
2023122300737,2023,122300737,2,9,0,9,9,3,1,0,0,8,0,0,0,0,1,1,6,6,3,-1,-1,-1,-1,-1,-1,-1,-1,0,-1
2023351270922,2023,351270922,1,-1,0,18,19,-1,-1,0,0,0,0,0,0,0,1,1,6,6,3,-1,-1,-1,-1,-1,-1,-1,-1,0,-1
202363B030623,2023,63B030623,1,9,0,18,19,2,6,0,0,1,0,0,0,0,3,1,6,6,3,-1,-1,-1,-1,-1,-1,-1,-1,0,-1
2023430200947,2023,430200947,2,1,0,18,19,2,6,0,0,1,0,0,0,0,2,1,2,2,1,48,8,-1,-1,-1,-1,9,E01028535,0,-1
2023161318699,2023,161318699,1,1,0,9,9,1,5,0,0,0,0,0,0,0,1,1,6,6,2,28,6,-1,-1,-1,-1,2,E01012871,0,-1
2023430296030,2023,430296030,1,9,0,18,19,5,1,0,0,1,0,0,0,0,1,1,6,6,1,32,6,-1,-1,-1,-1,8,E01017498,0,-1
2023010452591,2023,010452591,1,1,9,99,99,9,9,99,99,0,9,99,9,99,9,1,6,6,2,28,6,-1,-1,-1,-1,1,E01003246,0,-1
2023332300477,2023,332300477,2,9,0,5,5,4,8,0,0,0,0,0,0,0,1,1,6,6,2,42,7,-1,-1,-1,-1,6,E01013801,0,-1
2023201370112,2023,201370112,1,-1,0,18,19,8,4,9,9,2,0,0,0,0,1,1,6,6,3,-1,-1,-1,-1,-1,-1,-1,-1,1,-1
2023430167559,2023,430167559,2,1,0,9,9,2,7,0,0,8,0,0,0,0,4,1,6,6,1,64,9,-1,-1,-1,-1,6,E01028676,0,-1
2023010470633,2023,010470633,2,23,0,6,6,3,3,0,0,2,0,0,0,0,1,1,6,6,1,22,5,-1,-1,-1,-1,1,E01002082,0,-1
2023010463086,2023,010463086,2,98,4,99,99,9,9,99,99,9,9,99,9,99,1,9,6,6,3,-1,-1,-1,-1,-1,-1,6,E01003375,0,-1
2023451316634,2023,451316634,2,1,0,5,5,5,3,0,0,1,0,0,0,0,2,1,6,6,1,40,7,-1,-1,-1,-1,-1,-1,0,-1
2023201416421,2023,201416421,1,9,0,9,9,3,1,0,0,5,0,10,7,11,1,1,6,6,1,56,9,-1,-1,-1,-1,6,E01009462,0,-1
2023010450872,2023,010450872,1,1,9,99,99,9,9,99,99,9,9,99,9,99,9,1,2,2,1,28,6,-1,-1,-1,-1,-1,-1,0,-1
2023411326029,2023,411326029,2,9,0,17,19,1,7,0,0,8,0,0,0,0,3,1,5,6,2,61,9,-1,-1,-1,-1,5,E01023800,0,-1
2023421294225,2023,421294225,1,9,0,4,4,4,8,0,0,0,0,0,0,0,1,1,6,6,1,24,5,-1,-1,-1,-1,1,E01015916,0,-1
2023101274116,2023,101274116,1,90,1,1,1,7,3,0,0,1,0,0,0,0,2,1,1,1,1,44,7,-1,-1,-1,-1,1,E01008382,0,-1
2023052302415,2023,052302415,1,19,0,18,19,5,1,0,0,0,0,0,0,0,1,1,6,6,3,-1,-1,-1,-1,-1,-1,-1,-1,0,-1
2023041272539,2023,041272539,2,98,0,18,19,3,7,0,0,0,0,0,0,0,2,1,1,1,1,67,10,-1,-1,-1,-1,4,E01025225,0,-1
2023010433778,2023,010433778,2,9,0,99,99,9,9,99,99,9,9,99,9,99,9,9,6,6,3,-1,-1,-1,-1,-1,-1,-1,-1,0,-1
2023070945609,2023,070945609,1,9,0,18,19,3,7,0,0,0,0,0,0,0,1,1,6,6,1,50,8,-1,-1,-1,-1,-1,-1,0,-1
2023451340178,2023,451340178,1,1,0,18,19,3,7,0,0,1,0,0,0,0,1,1,2,2,1,53,8,-1,-1,-1,-1,10,E01030467,0,-1
2023010484075,2023,010484075,1,1,9,99,99,9,9,99,99,9,9,99,9,99,9,1,6,6,1,55,8,-1,-1,-1,-1,3,E01002923,0,-1
2023010456207,2023,010456207,1,1,9,99,99,9,9,99,99,9,9,99,9,99,9,1,2,2,1,56,9,-1,-1,-1,-1,4,E01001896,0,-1
2023141274006,2023,141274006,1,1,0,4,4,7,3,0,0,0,0,0,0,0,1,1,2,2,1,27,6,-1,-1,-1,-1,4,E01007653,0,-1
2023010486191,2023,010486191,1,9,0,4,4,1,5,0,0,0,0,0,0,0,1,1,6,6,3,-1,-1,-1,-1,-1,-1,-1,-1,0,-1
2023471354797,2023,471354797,1,9,0,-1,-1,-1,-1,-1,-1,0,-1,-1,-1,0,-1,1,6,6,3,-1,-1,-1,-1,-1,-1,-1,-1,0,-1
2023010425134,2023,010425134,1,1,0,18,19,5,1,0,0,0,0,0,0,0,1,1,2,2,1,25,5,-1,-1,-1,-1,8,E01004498,0,-1
2023010477735,2023,010477735,2,23,0,99,99,9,9,99,99,1,9,99,9,99,9,9,6,6,1,47,8,-1,-1,-1,-1,5,E01001946,0,-1
2023471269135,2023,471269135,1,10,0,18,19,1,5,0,0,0,0,0,0,0,1,1,2,2,1,29,6,-1,-1,-1,-1,8,E01031617,0,-1
2023471376866,2023,471376866,2,1,0,18,19,8,5,0,0,1,0,0,0,0,2,1,1,1,1,62,9,-1,-1,-1,-1,1,E01020985,0,-1
2023010451545,2023,010451545,2,9,9,99,99,9,9,99,99,9,9,99,9,99,2,9,6,6,3,-1,-1,-1,-1,-1,-1,-1,-1,0,-1
2023010440544,2023,010440544,2,1,9,99,99,9,9,99,99,9,9,99,9,99,1,1,6,6,1,-1,-1,-1,-1,-1,-1,4,E01001047,0,-1
2023201293073,2023,201293073,1,9,0,9,9,6,5,0,0,8,0,0,0,0,1,1,6,6,2,18,4,-1,-1,-1,-1,9,E01009435,0,-1
2023522400112,2023,522400112,1,1,0,18,19,1,5,0,0,8,0,0,0,0,1,1,6,6,1,19,4,-1,-1,-1,-1,6,E01014781,0,-1
2023131313499,2023,131313499,1,1,0,18,19,1,5,0,0,2,0,0,0,0,1,1,6,6,1,19,4,-1,-1,-1,-1,1,E01011623,0,-1
2023010473638,2023,010473638,2,9,0,99,99,9,9,99,99,9,9,99,9,99,1,9,6,6,3,-1,-1,-1,-1,-1,-1,-1,-1,0,-1
2023010462413,2023,010462413,2,-1,0,18,19,5,1,0,0,1,0,0,0,0,1,1,6,6,1,36,7,-1,-1,-1,-1,2,E01001971,1,-1
2023411394201,2023,411394201,1,9,0,18,19,1,5,0,0,4,0,0,0,0,1,1,6,6,1,32,6,-1,-1,-1,-1,6,E01023564,0,-1
2023201297964,2023,201297964,2,9,0,14,14,1,3,0,0,0,0,0,0,0,3,1,6,6,1,-1,-1,-1,-1,-1,-1,-1,-1,0,-1
2023010481517,2023,010481517,2,9,0,99,99,9,9,99,99,9,9,99,9,99,9,9,6,6,3,-1,-1,-1,-1,-1,-1,-1,-1,0,-1
2023421325569,2023,421325569,1,9,0,7,7,4,7,0,0,3,0,0,0,0,4,1,6,6,3,-1,-1,-1,-1,-1,-1,-1,-1,0,-1
2023371338074,2023,371338074,2,1,0,17,19,2,1,0,0,1,0,0,0,0,1,1,5,6,1,51,8,-1,-1,-1,-1,8,E01030144,0,-1
2023440159819,2023,440159819,4,20,0,18,19,3,7,0,0,0,0,0,0,0,1,1,1,1,1,56,9,-1,-1,-1,-1,3,E01017020,0,-1
2023552300875,2023,552300875,2,19,0,18,19,4,8,0,0,8,0,0,0,0,1,1,6,6,1,72,10,-1,-1,-1,-1,9,E01015432,0,-1
2023122300296,2023,122300296,2,1,0,18,19,7,3,0,0,2,0,0,0,0,4,1,6,6,1,43,7,-1,-1,-1,-1,7,E01027891,0,-1
2023461376429,2023,461376429,1,9,0,18,19,7,3,0,0,0,0,0,0,0,1,1,6,6,1,-1,-1,-1,-1,-1,-1,-1,-1,0,-1
2023061289442,2023,061289442,2,1,-1,18,19,7,4,0,0,1,0,0,0,0,-1,1,6,6,1,20,4,-1,-1,-1,-1,3,E01004966,0,-1
2023031275121,2023,031275121,2,1,0,18,19,8,4,0,0,1,0,0,0,0,1,1,6,6,1,16,4,-1,-1,-1,-1,-1,-1,0,-1
2023041361594,2023,041361594,1,23,0,18,19,5,1,4,4,1,0,0,0,0,1,1,6,6,1,23,5,-1,-1,-1,-1,-1,-1,0,-1
2023041354127,2023,041354127,1,9,0,18,19,5,1,0,0,1,0,0,0,0,1,1,6,6,3,-1,-1,-1,-1,-1,-1,-1,-1,0,-1
2023501381504,2023,501381504,2,1,0,18,19,3,7,0,0,8,5,0,0,0,4,1,6,6,1,11,3,-1,-1,-1,-1,2,E01015044,0,-1
2023311260222,2023,311260222,2,1,0,3,3,7,3,0,0,4,0,0,0,0,1,1,1,1,1,46,8,-1,-1,-1,-1,1,E01013833,0,-1
2023101379038,2023,101379038,1,1,0,18,19,7,4,9,9,8,0,0,0,0,1,1,6,6,1,11,3,-1,-1,-1,-1,-1,-1,0,-1
2023061289699,2023,061289699,1,19,0,18,19,1,5,0,0,0,0,0,0,0,1,1,6,6,1,30,6,-1,-1,-1,-1,-1,-1,0,-1
2023471273634,2023,471273634,1,9,0,9,9,7,5,0,0,6,0,0,0,0,1,1,1,1,1,34,6,-1,-1,-1,-1,4,E01020971,0,-1
2023471383287,2023,471383287,2,1,0,18,19,7,3,0,0,8,0,0,0,0,4,1,2,2,1,41,7,-1,-1,-1,-1,2,E01031348,0,-1
2023440329890,2023,440329890,1,1,0,18,19,4,8,0,0,8,0,0,0,0,0,1,6,6,1,43,7,-1,-1,-1,-1,9,E01022586,0,-1
2023010449903,2023,010449903,1,1,9,99,99,9,9,99,99,9,9,99,9,99,9,1,2,2,2,29,6,-1,-1,-1,-1,3,E01003915,0,-1
2023501281614,2023,501281614,2,16,0,18,19,7,3,0,0,0,0,0,0,0,0,1,6,6,2,42,7,-1,-1,-1,-1,6,E01020083,0,-1
2023440230164,2023,440230164,1,1,0,18,19,8,4,0,0,8,0,0,0,0,3,1,6,6,1,52,8,-1,-1,-1,-1,4,E01017124,0,-1
2023010461082,2023,010461082,1,1,9,18,19,3,7,99,99,9,9,99,9,99,1,1,2,2,1,38,7,-1,-1,-1,-1,5,E01001581,0,-1
2023622300498,2023,622300498,2,1,0,18,19,6,2,0,0,0,0,0,0,0,1,1,6,6,1,16,4,-1,-1,-1,-1,6,W01001824,0,-1
2023461394363,2023,461394363,1,9,0,4,4,7,3,0,0,1,0,0,0,0,4,1,6,6,3,-1,-1,-1,-1,-1,-1,-1,-1,0,-1
2023631332198,2023,631332198,2,9,4,18,19,6,2,0,0,8,0,0,0,0,0,1,5,6,1,59,9,-1,-1,-1,-1,6,W01000539,0,-1
2023141366640,2023,141366640,1,90,0,18,19,4,4,0,0,1,0,0,7,1,1,1,1,1,1,44,7,-1,-1,-1,-1,7,E01013017,0,-1
2023471345651,2023,471345651,1,9,0,2,2,0,0,0,0,0,0,0,0,0,2,1,6,6,3,-1,-1,-1,-1,-1,-1,-1,-1,0,-1
2023430078010,2023,430078010,1,9,0,18,19,6,2,0,0,0,0,0,0,0,4,1,6,6,1,45,7,-1,-1,-1,-1,-1,-1,0,-1
2023061280099,2023,061280099,1,19,0,-1,-1,-1,-1,-1,-1,0,-1,-1,-1,0,-1,1,6,6,3,30,6,-1,-1,-1,-1,-1,-1,0,-1
2023131319711,2023,131319711,2,1,0,9,9,5,1,0,0,0,0,0,0,0,2,1,5,6,1,60,9,-1,-1,-1,-1,7,E01010587,0,-1
2023010427525,2023,010427525,2,9,0,99,99,9,9,99,99,0,9,99,9,99,9,9,6,6,1,18,4,-1,-1,-1,-1,2,E01003151,0,-1
2023430471162,2023,430471162,2,1,0,18,19,2,6,0,0,1,0,0,0,0,4,1,6,6,1,46,8,-1,-1,-1,-1,6,E01016310,0,-1
2023231346444,2023,231346444,2,9,0,18,19,8,4,0,0,0,0,0,0,0,1,1,1,1,1,40,7,-1,-1,-1,-1,7,E01025652,0,-1
2023161305630,2023,161305630,2,1,0,18,19,8,4,0,0,1,5,0,0,0,1,1,5,6,1,34,6,-1,-1,-1,-1,1,E01012918,0,-1
2023320569353,2023,320569353,1,9,0,18,19,8,4,0,0,1,0,0,0,0,1,1,6,6,3,-1,-1,-1,-1,-1,-1,-1,-1,0,-1
2023010452291,2023,010452291,2,5,0,18,19,7,3,0,0,8,0,0,0,0,1,1,6,6,1,25,5,-1,-1,-1,-1,3,E01001244,0,-1