collision_index,collision_year,collision_ref_no,vehicle_reference,vehicle_type,towing_and_articulation,vehicle_manoeuvre_historic,vehicle_manoeuvre,vehicle_direction_from,vehicle_direction_to,vehicle_location_restricted_lane_historic,vehicle_location_restricted_lane,junction_location,skidding_and_overturning,hit_object_in_carriageway,vehicle_leaving_carriageway,hit_object_off_carriageway,first_point_of_impact,vehicle_left_hand_drive,journey_purpose_of_driver_historic,journey_purpose_of_driver,sex_of_driver,age_of_driver,age_band_of_driver,engine_capacity_cc,propulsion_code,age_of_vehicle,generic_make_model,driver_imd_decile,lsoa_of_driver,escooter_flag,driver_distance_banding
2023010479786,2023,010479786,2,1,0,18,19,5,1,4,4,1,0,0,0,0,1,1,1,1,1,47,8,-1,-1,-1,-1,-1,-1,0,-1
2023501378385,2023,501378385,2,1,0,99,99,3,7,0,0,0,5,0,0,0,3,1,5,6,2,48,8,-1,-1,-1,-1,4,E01018988,0,-1
2023010442000,2023,010442000,2,1,0,18,19,7,3,4,4,2,0,0,1,0,1,1,6,6,1,37,7,-1,-1,-1,-1,2,E01003545,0,-1
2023440474361,2023,440474361,2,1,0,18,19,2,6,0,0,0,0,0,1,9,0,1,6,6,2,54,8,-1,-1,-1,-1,10,E01022625,0,-1
2023101260875,2023,101260875,1,97,0,18,19,2,7,0,0,8,0,0,0,0,3,1,5,6,1,33,6,-1,-1,-1,-1,2,E01027546,0,-1
2023010486012,2023,010486012,1,1,9,99,99,9,9,99,99,9,9,99,9,99,9,1,6,6,1,38,7,-1,-1,-1,-1,9,E01000436,0,-1
2023991332283,2023,991332283,5,9,0,17,19,1,4,0,0,0,1,0,1,0,1,1,1,1,2,27,6,-1,-1,-1,-1,-1,-1,0,-1
2023061284674,2023,061284674,1,9,0,18,19,6,1,0,0,1,0,0,0,0,1,1,6,6,3,30,6,-1,-1,-1,-1,-1,-1,0,-1
2023010441259,2023,010441259,1,1,9,99,99,9,9,99,99,9,9,99,9,99,9,1,6,6,1,74,10,-1,-1,-1,-1,6,E01001408,0,-1
2023440247346,2023,440247346,2,1,0,17,19,1,4,5,5,1,0,0,0,0,1,1,6,6,1,69,10,-1,-1,-1,-1,9,E01033384,0,-1
2023010426290,2023,010426290,1,1,0,18,19,3,7,0,0,8,0,0,0,0,1,1,1,1,1,38,7,-1,-1,-1,-1,3,E01001243,0,-1
2023010428518,2023,010428518,2,1,0,18,19,2,6,0,0,8,0,0,0,0,1,1,2,2,2,52,8,-1,-1,-1,-1,1,E01001978,0,-1
2023401281328,2023,401281328,1,-1,0,13,13,1,5,0,0,0,0,0,0,0,4,1,6,6,3,-1,-1,-1,-1,-1,-1,-1,-1,0,-1
2023010427608,2023,010427608,2,1,0,18,19,1,5,0,0,1,0,0,0,0,3,1,6,6,1,48,8,-1,-1,-1,-1,2,E01003175,0,-1
2023010453207,2023,010453207,1,1,9,99,99,9,9,99,99,9,9,99,9,99,9,1,2,2,1,26,6,-1,-1,-1,-1,5,E01004548,0,-1
2023361334583,2023,361334583,1,-1,0,18,19,1,5,0,0,1,0,0,0,0,1,1,6,6,2,17,4,-1,-1,-1,-1,8,E01026559,1,-1
2023010485682,2023,010485682,1,-1,0,18,19,5,1,0,0,8,0,10,0,0,0,1,6,6,2,12,3,-1,-1,-1,-1,1,E01004459,1,-1
2023340WN3542,2023,340WN3542,2,9,0,10,10,1,5,0,0,1,0,0,0,0,2,1,6,6,1,32,6,-1,-1,-1,-1,2,E01027226,0,-1
2023010448292,2023,010448292,1,1,9,99,99,9,9,99,99,9,9,99,9,99,9,1,6,6,3,-1,-1,-1,-1,-1,-1,-1,-1,0,-1
2023010428595,2023,010428595,1,1,9,99,99,9,9,99,99,9,9,99,9,99,1,1,2,2,1,38,7,-1,-1,-1,-1,6,E01004513,0,-1
2023010422778,2023,010422778,2,-1,0,18,19,1,5,0,0,8,0,0,0,0,3,1,6,6,1,21,5,-1,-1,-1,-1,3,E01003916,1,-1
2023501291817,2023,501291817,2,97,0,18,19,3,7,0,0,1,0,0,0,0,2,1,6,6,1,22,5,-1,-1,-1,-1,-1,-1,0,-1
2023401311412,2023,401311412,1,97,0,16,19,3,7,0,0,2,0,10,1,11,1,1,6,6,1,15,3,-1,-1,-1,-1,3,E01017515,0,-1
2023520001788,2023,520001788,2,97,0,18,19,9,9,0,0,8,0,0,0,0,1,1,6,6,1,26,6,-1,-1,-1,-1,5,E01014437,0,-1
2023201391188,2023,201391188,2,9,0,18,19,2,6,0,0,1,0,0,0,0,1,1,6,6,3,-1,-1,-1,-1,-1,-1,-1,-1,0,-1
2023131312156,2023,131312156,1,9,0,-1,-1,-1,-1,-1,-1,8,-1,-1,-1,0,-1,1,6,6,3,-1,-1,-1,-1,-1,-1,-1,-1,0,-1
2023211347003,2023,211347003,1,9,0,18,19,8,4,0,0,8,1,0,0,0,1,1,5,6,1,28,6,-1,-1,-1,-1,10,E01029485,0,-1
2023010452430,2023,010452430,1,1,9,99,99,9,9,99,99,0,9,99,9,99,9,1,2,2,1,48,8,-1,-1,-1,-1,6,E01002332,0,-1
2023501277714,2023,501277714,2,1,0,17,19,2,8,0,0,1,0,0,0,0,1,1,6,6,1,21,5,-1,-1,-1,-1,2,E01018897,0,-1
2023052302435,2023,052302435,1,9,0,18,19,3,7,0,0,0,0,0,0,0,1,2,6,6,3,-1,-1,-1,-1,-1,-1,-1,-1,0,-1
2023201397099,2023,201397099,1,-1,0,18,19,2,6,0,0,8,0,0,0,0,1,1,6,6,1,34,6,-1,-1,-1,-1,2,E01032538,1,-1
202363A030523,2023,63A030523,2,21,0,18,19,1,6,0,0,8,0,0,0,0,1,1,1,1,1,56,9,-1,-1,-1,-1,-1,-1,0,-1
2023010460701,2023,010460701,2,1,0,15,15,4,8,0,0,0,0,0,0,0,1,1,2,2,1,43,7,-1,-1,-1,-1,2,E01033726,0,-1
2023361340555,2023,361340555,2,1,0,18,19,3,7,0,0,0,0,0,0,0,2,1,5,6,1,13,3,-1,-1,-1,-1,6,E01026761,0,-1
2023421390009,2023,421390009,2,9,0,2,2,0,0,0,0,0,0,0,0,0,3,1,6,6,3,-1,-1,-1,-1,-1,-1,-1,-1,0,-1
2023201379164,2023,201379164,2,9,0,18,19,6,2,0,0,1,0,0,0,0,1,1,6,6,1,38,7,-1,-1,-1,-1,4,E01009231,0,-1
2023052301351,2023,052301351,1,9,0,18,19,6,2,0,0,0,0,0,0,0,3,1,6,6,3,-1,-1,-1,-1,-1,-1,-1,-1,0,-1
2023041304874,2023,041304874,2,1,0,18,19,1,5,0,0,1,0,0,0,0,0,1,5,6,2,62,9,-1,-1,-1,-1,1,E01024987,0,-1
2023201410961,2023,201410961,1,9,0,5,5,8,4,0,0,0,0,0,0,0,2,1,6,6,1,-1,-1,-1,-1,-1,-1,-1,-1,0,-1
2023201382063,2023,201382063,1,9,0,18,19,8,4,0,0,8,0,0,0,0,1,1,1,1,1,33,6,-1,-1,-1,-1,1,E01009952,0,-1
2023340NN1192,2023,340NN1192,1,9,0,8,8,3,6,0,0,1,0,0,0,0,1,1,6,6,1,-1,-1,-1,-1,-1,-1,9,E01027125,0,-1
2023451319497,2023,451319497,2,1,0,18,19,5,1,0,0,0,0,0,0,0,3,1,2,2,1,34,6,-1,-1,-1,-1,10,E01030320,0,-1
2023122300325,2023,122300325,2,9,0,2,2,0,0,9,9,1,0,0,0,0,1,1,6,6,1,60,9,-1,-1,-1,-1,10,E01013377,0,-1
2023440008458,2023,440008458,1,9,0,18,19,3,1,0,0,1,1,0,7,0,4,1,6,6,1,24,5,-1,-1,-1,-1,3,E01015310,0,-1
2023010450265,2023,010450265,2,9,0,99,99,9,9,99,99,0,9,99,9,0,0,9,6,6,3,-1,-1,-1,-1,-1,-1,-1,-1,0,-1
2023010486323,2023,010486323,2,1,0,17,19,7,3,9,9,7,0,0,0,0,0,1,6,6,1,16,4,-1,-1,-1,-1,4,E01000497,0,-1
2023052301101,2023,052301101,2,1,0,6,6,2,2,0,0,1,0,0,0,0,3,1,6,6,1,27,6,-1,-1,-1,-1,2,E01033758,0,-1
2023430407649,2023,430407649,2,9,0,3,3,1,5,0,0,1,0,0,0,0,2,1,6,6,1,-1,-1,-1,-1,-1,-1,-1,-1,0,-1
2023401272958,2023,401272958,1,9,0,13,13,7,3,0,0,0,0,0,0,0,0,1,6,6,2,45,7,-1,-1,-1,-1,-1,-1,0,-1
2023610046423,2023,610046423,2,9,0,16,19,4,6,0,0,0,0,0,0,0,1,1,6,6,2,56,9,-1,-1,-1,-1,5,W01001557,0,-1
2023411356535,2023,411356535,1,1,0,18,19,5,1,5,5,1,0,0,0,0,0,1,6,6,1,67,10,-1,-1,-1,-1,6,E01023941,0,-1
2023421387549,2023,421387549,2,1,0,18,19,5,1,0,0,0,0,0,0,0,1,1,6,6,1,13,3,-1,-1,-1,-1,8,E01021717,0,-1
2023052301972,2023,052301972,1,1,0,18,19,5,1,0,0,0,0,0,0,0,2,1,6,6,1,53,8,-1,-1,-1,-1,1,E01006964,0,-1
2023430262050,2023,430262050,2,3,0,18,19,6,2,0,0,8,0,0,0,0,1,1,6,6,1,40,7,-1,-1,-1,-1,-1,-1,0,-1
2023311452333,2023,311452333,2,1,0,18,19,7,3,9,9,0,0,0,0,0,0,1,6,6,1,41,7,-1,-1,-1,-1,1,E01028001,0,-1
2023451270502,2023,451270502,2,9,0,18,19,1,1,0,0,1,0,0,0,0,2,1,6,6,3,-1,-1,-1,-1,-1,-1,-1,-1,0,-1
2023542453823,2023,542453823,1,9,0,18,19,7,3,0,0,4,0,0,0,0,1,1,6,6,1,-1,-1,-1,-1,-1,-1,-1,-1,0,-1
202360A135771,2023,60A135771,1,1,0,18,19,7,3,0,0,1,0,0,0,0,1,1,6,6,1,7,2,-1,-1,-1,-1,-1,-1,0,-1
2023520000416,2023,520000416,2,1,0,18,19,4,8,0,0,8,1,0,0,0,1,1,6,6,1,54,8,-1,-1,-1,-1,2,E01014458,0,-1
2023991288740,2023,991288740,2,9,0,4,4,7,2,0,0,0,0,0,0,0,0,1,2,2,2,29,6,-1,-1,-1,-1,8,-1,0,-1
2023461339207,2023,461339207,2,1,-1,18,19,5,4,0,0,0,0,0,0,0,3,1,5,6,2,59,9,-1,-1,-1,-1,8,E01024043,0,-1
2023031373411,2023,031373411,2,1,0,18,19,3,3,0,0,1,0,0,0,0,1,1,6,6,1,33,6,-1,-1,-1,-1,1,E01019097,0,-1
2023501333555,2023,501333555,2,1,0,18,19,5,8,0,0,0,5,0,0,0,3,1,2,2,1,60,9,-1,-1,-1,-1,3,E01018793,0,-1
2023461372137,2023,461372137,2,1,0,18,19,5,1,0,0,0,0,0,0,0,4,1,5,6,1,19,4,-1,-1,-1,-1,9,E01024123,0,-1
2023161334427,2023,161334427,2,9,0,18,19,3,5,0,0,8,0,0,0,0,4,1,6,6,3,-1,-1,-1,-1,-1,-1,-1,-1,0,-1
2023552400234,2023,552400234,2,1,0,18,19,4,8,0,0,8,0,0,0,0,3,1,6,6,1,18,4,-1,-1,-1,-1,-1,-1,0,-1
2023320177346,2023,320177346,2,9,0,10,10,6,4,0,0,8,0,0,0,0,2,1,6,6,1,21,5,-1,-1,-1,-1,6,E01019524,0,-1
2023421280017,2023,421280017,2,1,0,18,19,1,5,0,0,0,0,0,0,0,3,1,5,6,2,55,8,-1,-1,-1,-1,1,E01001838,0,-1
2023010433086,2023,010433086,2,1,0,10,10,5,3,0,0,8,0,0,0,0,2,1,6,6,1,27,6,-1,-1,-1,-1,2,E01001773,0,-1
2023430345883,2023,430345883,1,3,0,18,19,8,4,0,0,0,1,10,0,0,1,1,6,6,1,50,8,-1,-1,-1,-1,9,E01028747,0,-1
2023010433683,2023,010433683,2,-1,1,3,3,1,5,0,0,8,0,0,0,0,1,1,2,2,1,31,6,-1,-1,-1,-1,3,E01004329,1,-1
2023010447566,2023,010447566,2,9,0,99,99,9,9,99,99,0,9,99,9,99,1,9,6,6,1,40,7,-1,-1,-1,-1,1,E01003192,0,-1
202360A047966,2023,60A047966,1,98,0,1,1,7,3,0,0,2,0,0,0,0,2,1,1,1,1,60,9,-1,-1,-1,-1,-1,-1,0,-1
2023052302408,2023,052302408,1,9,0,5,5,4,6,0,0,0,0,0,0,0,3,1,6,6,3,-1,-1,-1,-1,-1,-1,-1,-1,0,-1
2023340WN1702,2023,340WN1702,1,9,0,18,19,1,6,0,0,1,0,0,0,0,1,1,6,6,1,58,9,-1,-1,-1,-1,-1,-1,0,-1
2023421295507,2023,421295507,3,-1,-1,18,19,1,5,0,0,1,0,0,0,0,2,1,6,6,3,-1,-1,-1,-1,-1,-1,-1,-1,0,-1
2023991362809,2023,991362809,2,1,0,18,19,3,7,0,0,1,0,0,0,0,2,1,5,6,2,44,7,-1,-1,-1,-1,4,-1,0,-1
2023302301847,2023,302301847,2,9,0,7,7,7,1,9,9,1,0,0,1,0,4,1,6,6,3,-1,-1,-1,-1,-1,-1,5,E01019456,0,-1
2023522301456,2023,522301456,1,1,0,9,9,1,7,0,0,6,0,0,0,0,1,1,6,6,1,39,7,-1,-1,-1,-1,9,E01014898,0,-1
2023451285097,2023,451285097,1,9,0,18,19,4,8,0,0,0,0,0,0,0,4,1,6,6,1,51,8,-1,-1,-1,-1,-1,-1,0,-1
2023201400872,2023,201400872,2,9,0,18,19,8,4,0,0,8,0,0,0,0,3,1,6,6,1,35,6,-1,-1,-1,-1,7,E01009975,0,-1
2023052301644,2023,052301644,2,1,0,18,19,2,6,0,0,0,0,0,0,0,1,1,6,6,1,55,8,-1,-1,-1,-1,2,E01006898,0,-1
2023351364090,2023,351364090,1,9,0,18,19,2,6,0,0,0,2,0,6,4,1,1,5,6,1,42,7,-1,-1,-1,-1,5,E01000174,0,-1
2023211303173,2023,211303173,1,9,0,18,19,8,2,0,0,0,0,0,0,0,1,1,6,6,1,61,9,-1,-1,-1,-1,3,E01008742,0,-1
2023351337570,2023,351337570,1,9,0,18,19,7,3,0,0,0,0,0,0,0,1,1,6,6,1,41,7,-1,-1,-1,-1,3,E01015624,0,-1
2023141354612,2023,141354612,2,9,0,2,2,0,0,0,0,2,0,0,0,0,3,1,1,1,1,35,6,-1,-1,-1,-1,3,E01033272,0,-1
2023991370008,2023,991370008,1,9,0,18,19,6,2,0,0,0,0,0,0,0,1,1,6,6,3,40,7,-1,-1,-1,-1,-1,-1,0,-1
2023010422803,2023,010422803,1,9,0,7,7,5,8,0,0,2,9,99,1,0,1,9,6,6,3,-1,-1,-1,-1,-1,-1,-1,-1,0,-1
2023522400879,2023,522400879,2,97,0,6,6,8,8,0,0,0,0,0,0,0,1,1,6,6,1,-1,-1,-1,-1,-1,-1,-1,-1,0,-1
2023010470391,2023,010470391,2,9,9,99,99,9,9,99,99,9,9,99,9,99,9,9,6,6,3,-1,-1,-1,-1,-1,-1,-1,-1,0,-1
2023010429745,2023,010429745,1,9,0,16,19,1,5,0,0,0,1,0,7,11,1,1,6,6,2,31,6,-1,-1,-1,-1,4,E01003447,0,-1
2023471347783,2023,471347783,2,9,0,3,3,3,7,0,0,0,0,0,0,0,2,1,2,2,2,50,8,-1,-1,-1,-1,3,E01031350,0,-1
2023461311422,2023,461311422,1,9,0,5,5,8,2,0,0,8,0,0,0,0,3,1,6,6,1,68,10,-1,-1,-1,-1,1,E01016023,0,-1
2023052300110,2023,052300110,1,9,0,18,19,5,1,0,0,0,0,0,0,0,1,1,6,6,3,-1,-1,-1,-1,-1,-1,-1,-1,0,-1
2023052300698,2023,052300698,1,-1,0,18,19,1,5,0,0,0,0,10,0,0,1,1,6,6,1,14,3,-1,-1,-1,-1,2,E01006862,1,-1
2023010445372,2023,010445372,2,1,0,18,19,3,7,0,0,8,0,0,0,0,1,1,6,6,1,39,7,-1,-1,-1,-1,1,E01001955,0,-1
2023302300554,2023,302300554,1,21,1,17,19,4,8,0,0,3,0,0,0,0,1,2,1,1,1,40,7,-1,-1,-1,-1,-1,-1,0,-1
2023201308906,2023,201308906,3,9,0,18,19,6,2,0,0,0,0,0,0,0,0,1,6,6,3,-1,-1,-1,-1,-1,-1,-1,-1,0,-1
2023522301456,2023,522301456,2,9,0,18,19,7,3,0,0,8,0,0,0,0,1,1,6,6,1,-1,-1,-1,-1,-1,-1,-1,-1,0,-1
2023411264505,2023,411264505,2,9,0,4,4,1,5,0,0,4,0,0,0,0,1,1,2,2,1,55,8,-1,-1,-1,-1,3,E01023310,0,-1
2023041362973,2023,041362973,2,9,0,18,19,5,1,0,0,1,0,0,0,0,1,1,1,1,1,18,4,-1,-1,-1,-1,7,E01012602,0,-1
2023340NN0052,2023,340NN0052,2,90,0,4,4,6,2,0,0,1,0,0,0,0,0,1,6,6,3,-1,-1,-1,-1,-1,-1,-1,-1,0,-1
2023052300041,2023,052300041,1,23,0,18,19,7,3,0,0,0,0,0,0,0,1,1,6,6,3,-1,-1,-1,-1,-1,-1,-1,-1,0,-1
2023471356448,2023,471356448,2,1,0,18,19,3,7,0,0,0,0,0,0,0,3,1,5,6,2,50,8,-1,-1,-1,-1,5,E01031526,0,-1
2023010448228,2023,010448228,1,9,9,99,99,9,9,0,0,9,9,99,9,0,9,9,6,6,3,-1,-1,-1,-1,-1,-1,-1,-1,0,-1
2023622300279,2023,622300279,2,1,0,18,19,6,1,0,0,1,0,0,0,0,1,1,6,6,2,51,8,-1,-1,-1,-1,9,W01001191,0,-1
2023340NN3132,2023,340NN3132,2,9,0,18,19,3,7,0,0,1,0,0,1,9,1,1,6,6,2,49,8,-1,-1,-1,-1,9,E01027353,0,-1
2023401356809,2023,401356809,1,9,0,5,5,-1,-1,0,0,0,0,0,0,0,1,1,5,6,3,-1,-1,-1,-1,-1,-1,-1,-1,0,-1
2023201389326,2023,201389326,1,9,0,7,7,4,7,0,0,7,0,0,0,0,0,1,6,6,3,-1,-1,-1,-1,-1,-1,-1,-1,0,-1
2023070271823,2023,070271823,2,9,0,18,19,5,1,0,0,2,0,0,0,0,4,1,6,6,2,45,7,-1,-1,-1,-1,2,E01006428,0,-1
2023520400235,2023,520400235,1,1,0,18,19,6,2,0,0,8,0,0,0,0,1,1,6,6,1,40,7,-1,-1,-1,-1,5,E01029257,0,-1
2023201293120,2023,201293120,1,9,0,18,19,8,4,0,0,0,0,0,0,0,1,1,6,6,3,-1,-1,-1,-1,-1,-1,-1,-1,0,-1
2023010438914,2023,010438914,2,9,9,99,99,9,9,99,99,9,9,99,9,99,9,9,6,6,3,-1,-1,-1,-1,-1,-1,2,E01002097,0,-1
2023010462727,2023,010462727,2,1,9,99,99,9,9,99,99,9,9,99,9,99,9,1,6,6,1,-1,-1,-1,-1,-1,-1,7,E01000198,0,-1
2023170S31953,2023,170S31953,2,1,0,18,19,7,3,0,0,1,0,0,0,0,0,1,6,6,1,55,8,-1,-1,-1,-1,1,E01012286,0,-1
2023010476232,2023,010476232,2,9,0,18,19,6,2,0,0,0,0,0,0,0,1,1,6,6,3,-1,-1,-1,-1,-1,-1,-1,-1,0,-1
2023430148197,2023,430148197,2,22,0,2,2,0,0,0,0,0,0,0,0,0,2,1,6,6,2,79,11,-1,-1,-1,-1,9,E01017796,0,-1
2023501312123,2023,501312123,1,9,0,17,19,5,2,0,0,8,5,0,2,10,4,1,5,6,1,44,7,-1,-1,-1,-1,7,E01020074,0,-1
2023461352380,2023,461352380,1,9,-1,18,19,1,6,0,0,4,0,0,0,0,-1,1,6,6,3,-1,-1,-1,-1,-1,-1,-1,-1,0,-1
2023320658678,2023,320658678,2,9,0,4,4,6,2,0,0,0,0,0,0,0,3,1,6,6,1,53,8,-1,-1,-1,-1,8,E01026365,0,-1
2023361329541,2023,361329541,1,90,0,17,19,5,2,0,0,0,2,0,1,0,1,1,6,6,1,47,8,-1,-1,-1,-1,5,E01026487,0,-1
2023131372381,2023,131372381,2,1,0,18,19,7,3,4,4,8,0,0,0,0,4,1,2,2,1,24,5,-1,-1,-1,-1,5,E01011479,0,-1
2023131368267,2023,131368267,1,90,0,-1,-1,-1,-1,-1,-1,0,-1,-1,-1,0,-1,1,6,6,3,-1,-1,-1,-1,-1,-1,-1,-1,0,-1
2023161351325,2023,161351325,2,1,0,18,19,2,6,0,0,0,0,0,0,0,2,1,6,6,2,58,9,-1,-1,-1,-1,1,E01012945,0,-1
2023211357775,2023,211357775,1,19,0,18,19,4,2,0,0,0,0,0,4,6,1,1,1,1,1,36,7,-1,-1,-1,-1,-1,-1,0,-1
2023440054168,2023,440054168,2,9,0,9,9,7,5,0,0,8,0,0,0,0,1,1,6,6,2,-1,-1,-1,-1,-1,-1,-1,-1,0,-1
2023010427622,2023,010427622,2,9,0,99,99,9,9,99,99,9,9,99,9,99,9,9,6,6,3,-1,-1,-1,-1,-1,-1,-1,-1,0,-1
2023010449570,2023,010449570,2,9,0,99,99,9,9,99,99,9,9,99,9,99,1,9,6,6,3,-1,-1,-1,-1,-1,-1,-1,-1,0,-1
2023041350895,2023,041350895,2,1,0,18,19,3,1,0,0,1,0,0,0,0,1,1,5,6,2,-1,-1,-1,-1,-1,-1,-1,-1,0,-1
2023991312626,2023,991312626,2,1,0,18,19,3,7,0,0,8,0,0,0,0,2,1,2,2,1,55,8,-1,-1,-1,-1,7,-1,0,-1
2023052300057,2023,052300057,2,1,0,18,19,1,5,0,0,0,0,0,0,0,1,1,6,6,1,25,5,-1,-1,-1,-1,1,E01006548,0,-1
2023201409025,2023,201409025,3,9,0,5,5,5,1,0,0,8,0,0,0,0,0,1,6,6,3,-1,-1,-1,-1,-1,-1,-1,-1,0,-1
2023010475896,2023,010475896,1,1,9,99,99,9,9,99,99,9,9,99,9,99,1,1,2,2,1,56,9,-1,-1,-1,-1,5,E01003083,0,-1
2023451263261,2023,451263261,1,1,0,18,19,5,1,0,0,0,0,0,0,0,2,1,2,2,1,41,7,-1,-1,-1,-1,10,E01030374,0,-1
202360A010539,2023,60A010539,1,9,0,18,19,1,5,0,0,0,2,0,7,10,1,1,6,6,1,20,4,-1,-1,-1,-1,-1,-1,0,-1
2023010457101,2023,010457101,2,9,9,99,99,9,9,99,99,0,9,99,9,99,9,9,6,6,3,-1,-1,-1,-1,-1,-1,-1,-1,0,-1
2023010468939,2023,010468939,2,98,9,18,19,5,1,99,99,9,9,99,9,99,9,9,6,6,3,59,9,-1,-1,-1,-1,4,E01012607,0,-1
2023131292066,2023,131292066,2,1,0,18,19,3,7,9,9,8,0,0,0,0,3,1,5,6,1,51,8,-1,-1,-1,-1,5,E01011798,0,-1
2023010441310,2023,010441310,1,1,0,99,99,9,9,0,0,9,0,99,0,0,9,1,2,2,1,54,8,-1,-1,-1,-1,10,E01002960,0,-1
2023522324584,2023,522324584,2,1,0,18,19,2,6,0,0,2,0,0,0,0,1,1,6,6,1,26,6,-1,-1,-1,-1,6,E01014975,0,-1
2023461341579,2023,461341579,1,22,0,18,19,3,7,9,9,1,0,0,0,0,1,1,6,6,2,95,11,-1,-1,-1,-1,9,E01024799,0,-1
2023010449438,2023,010449438,2,1,0,18,19,7,3,0,0,1,0,0,0,0,1,1,6,6,2,45,7,-1,-1,-1,-1,2,E01001447,0,-1
2023471291669,2023,471291669,1,9,0,7,7,7,1,0,0,0,0,0,0,0,1,1,6,6,3,-1,-1,-1,-1,-1,-1,-1,-1,0,-1
2023461382153,2023,461382153,1,9,0,18,19,5,7,0,0,8,0,0,0,0,1,1,6,6,3,-1,-1,-1,-1,-1,-1,-1,-1,0,-1
2023311319024,2023,311319024,1,9,0,18,19,4,8,0,0,1,0,0,0,0,1,1,6,6,2,-1,-1,-1,-1,-1,-1,-1,-1,0,-1
2023201382231,2023,201382231,2,1,0,18,19,7,3,4,4,8,0,0,0,0,1,1,6,6,1,56,9,-1,-1,-1,-1,-1,-1,0,-1
2023421312281,2023,421312281,1,9,0,16,19,1,3,0,0,8,0,0,0,0,1,1,6,6,3,18,4,-1,-1,-1,-1,-1,-1,0,-1
2023052302078,2023,052302078,1,9,0,18,19,7,3,0,0,0,0,0,0,0,1,1,6,6,3,-1,-1,-1,-1,-1,-1,-1,-1,0,-1
2023440013461,2023,440013461,2,1,0,18,19,3,7,0,0,8,0,0,0,0,4,1,2,2,1,39,7,-1,-1,-1,-1,1,E01022905,0,-1
2023010463654,2023,010463654,2,1,0,18,19,5,1,0,0,1,0,0,0,0,1,1,6,6,2,64,9,-1,-1,-1,-1,6,E01002525,0,-1
2023010469164,2023,010469164,2,9,0,99,99,9,9,99,99,9,9,99,9,99,9,9,6,6,3,-1,-1,-1,-1,-1,-1,-1,-1,0,-1
2023421314318,2023,421314318,1,9,0,5,5,5,7,0,0,0,0,0,0,0,1,1,6,6,1,83,11,-1,-1,-1,-1,-1,-1,0,-1
2023340WN3602,2023,340WN3602,1,9,0,18,19,2,6,0,0,1,0,0,0,0,1,1,6,6,1,30,6,-1,-1,-1,-1,3,E01027191,0,-1
2023302300067,2023,302300067,1,9,0,18,19,2,6,0,0,0,0,0,0,0,4,1,6,6,3,-1,-1,-1,-1,-1,-1,5,E01019456,0,-1
2023471392061,2023,471392061,1,9,0,17,19,1,5,0,0,0,0,0,1,11,1,1,6,6,1,33,6,-1,-1,-1,-1,10,E01021158,0,-1
2023061389758,2023,061389758,2,1,-1,-1,-1,-1,-1,-1,-1,-1,-1,-1,-1,0,-1,1,6,6,1,58,9,-1,-1,-1,-1,6,E01005159,0,-1
2023010469043,2023,010469043,1,1,9,99,99,9,9,99,99,9,9,99,9,99,9,1,2,2,2,31,6,-1,-1,-1,-1,2,E01003604,0,-1
2023361319501,2023,361319501,2,1,0,18,19,5,1,0,0,1,0,0,0,0,4,1,6,6,1,32,6,-1,-1,-1,-1,7,E01026801,0,-1
2023430529687,2023,430529687,2,99,0,11,11,3,7,0,0,0,0,0,0,0,3,1,6,6,3,-1,-1,-1,-1,-1,-1,-1,-1,0,-1
2023201267909,2023,201267909,2,1,0,18,19,3,7,9,9,8,0,0,0,0,1,1,6,6,1,16,4,-1,-1,-1,-1,2,E01009635,0,-1
2023010420065,2023,010420065,1,23,0,18,19,3,7,0,0,0,9,0,0,0,1,1,6,6,3,-1,-1,-1,-1,-1,-1,-1,-1,0,-1
2023411366515,2023,411366515,1,9,0,18,19,1,5,0,0,0,0,0,0,0,0,1,6,6,3,-1,-1,-1,-1,-1,-1,-1,-1,0,-1
2023101331562,2023,101331562,1,-1,0,7,7,3,7,2,2,0,0,0,0,0,-1,1,6,6,1,-1,-1,-1,-1,-1,-1,-1,-1,0,-1
2023010477232,2023,010477232,1,97,0,18,19,1,5,0,0,0,0,0,0,0,1,1,6,6,3,-1,-1,-1,-1,-1,-1,-1,-1,0,-1
202360A091946,2023,60A091946,2,20,0,18,19,2,6,0,0,1,2,0,7,11,1,1,6,6,1,48,8,-1,-1,-1,-1,-1,-1,0,-1
2023141303599,2023,141303599,1,9,0,9,9,3,1,0,0,8,0,0,0,0,1,1,5,6,2,38,7,-1,-1,-1,-1,6,E01007695,0,-1
2023991295509,2023,991295509,1,1,0,18,19,3,7,9,9,1,0,0,0,0,1,1,6,6,1,31,6,-1,-1,-1,-1,-1,-1,0,-1
2023522400193,2023,522400193,2,9,0,18,19,6,2,0,0,2,0,0,0,0,1,1,6,6,3,-1,-1,-1,-1,-1,-1,-1,-1,0,-1
2023010460508,2023,010460508,1,1,9,18,19,3,7,99,99,9,9,99,9,99,3,1,2,2,1,27,6,-1,-1,-1,-1,3,E01004600,0,-1
2023010461361,2023,010461361,2,1,0,9,9,5,3,0,0,8,5,0,0,0,3,1,6,6,2,60,9,-1,-1,-1,-1,3,E01000367,0,-1
2023520301348,2023,520301348,1,19,0,18,19,8,4,0,0,0,0,0,0,0,3,1,6,6,1,52,8,-1,-1,-1,-1,6,E01020447,0,-1
2023531392182,2023,531392182,1,10,0,13,13,1,5,0,0,0,0,0,0,0,4,1,1,1,1,65,9,-1,-1,-1,-1,10,E01022406,0,-1
2023302300716,2023,302300716,2,17,0,18,19,8,4,0,0,0,0,0,0,0,3,1,1,1,3,-1,-1,-1,-1,-1,-1,5,E01019456,0,-1
2023201426129,2023,201426129,2,9,0,9,9,3,1,0,0,4,0,0,0,0,4,1,6,6,2,80,11,-1,-1,-1,-1,2,E01009840,0,-1
2023201288623,2023,201288623,1,9,0,18,19,1,5,0,0,0,0,0,0,0,1,1,1,1,1,62,9,-1,-1,-1,-1,1,E01010143,0,-1
2023010444006,2023,010444006,2,1,0,18,19,7,3,0,0,6,0,0,0,0,2,1,6,6,2,30,6,-1,-1,-1,-1,7,E01003170,0,-1
2023010482736,2023,010482736,4,9,0,18,19,1,5,0,0,0,0,0,0,0,2,1,6,6,3,-1,-1,-1,-1,-1,-1,-1,-1,0,-1