collision_index,collision_year,collision_ref_no,vehicle_reference,vehicle_type,towing_and_articulation,vehicle_manoeuvre_historic,vehicle_manoeuvre,vehicle_direction_from,vehicle_direction_to,vehicle_location_restricted_lane_historic,vehicle_location_restricted_lane,junction_location,skidding_and_overturning,hit_object_in_carriageway,vehicle_leaving_carriageway,hit_object_off_carriageway,first_point_of_impact,vehicle_left_hand_drive,journey_purpose_of_driver_historic,journey_purpose_of_driver,sex_of_driver,age_of_driver,age_band_of_driver,engine_capacity_cc,propulsion_code,age_of_vehicle,generic_make_model,driver_imd_decile,lsoa_of_driver,escooter_flag,driver_distance_banding
2023061357169,2023,061357169,2,9,0,9,9,5,3,0,0,8,0,0,0,0,4,1,5,6,2,36,7,-1,-1,-1,-1,5,E01006366,0,-1
2023041355446,2023,041355446,1,9,0,18,19,-1,-1,0,0,0,0,0,0,0,1,1,6,6,3,-1,-1,-1,-1,-1,-1,-1,-1,0,-1
2023201411047,2023,201411047,1,9,0,18,19,4,8,0,0,4,0,0,0,0,1,1,6,6,1,-1,-1,-1,-1,-1,-1,-1,-1,0,-1
2023361397142,2023,361397142,3,9,0,18,19,2,6,0,0,0,0,0,0,0,1,2,6,6,2,54,8,-1,-1,-1,-1,2,E01026633,0,-1
2023440082159,2023,440082159,1,9,0,9,9,6,4,0,0,5,0,0,0,0,3,1,6,6,1,53,8,-1,-1,-1,-1,10,E01022665,0,-1
2023041354592,2023,041354592,2,23,0,18,19,1,5,9,9,0,0,0,0,0,4,1,6,6,1,33,6,-1,-1,-1,-1,-1,-1,0,-1
2023010463866,2023,010463866,2,3,0,18,19,7,3,0,0,1,2,0,0,0,0,1,6,6,1,23,5,-1,-1,-1,-1,-1,-1,0,-1
2023010433378,2023,010433378,2,98,0,99,99,9,9,99,99,9,9,99,9,99,9,9,6,6,3,-1,-1,-1,-1,-1,-1,-1,-1,0,-1
2023201294214,2023,201294214,2,1,0,18,19,-1,-1,0,0,0,0,0,0,0,3,1,6,6,1,20,4,-1,-1,-1,-1,5,E01025818,0,-1
2023161263221,2023,161263221,2,4,0,18,19,3,7,0,0,1,5,0,0,0,4,1,6,6,1,19,4,-1,-1,-1,-1,8,E01013101,0,-1
2023010471146,2023,010471146,1,1,9,99,99,9,9,99,99,9,9,99,9,99,1,1,6,6,3,-1,-1,-1,-1,-1,-1,-1,-1,0,-1
2023010470649,2023,010470649,1,1,9,99,99,9,9,99,99,9,9,99,9,99,1,1,2,2,1,21,5,-1,-1,-1,-1,2,E01001181,0,-1
2023320557419,2023,320557419,1,90,0,18,19,1,5,0,0,1,0,0,0,0,3,1,6,6,1,30,6,-1,-1,-1,-1,-1,-1,0,-1
2023411298768,2023,411298768,2,9,0,18,19,1,5,0,0,8,0,0,0,0,1,1,6,6,2,46,8,-1,-1,-1,-1,5,E01023537,0,-1
2023010455190,2023,010455190,1,1,9,99,99,9,9,99,99,9,9,99,9,99,1,1,6,6,1,31,6,-1,-1,-1,-1,2,E01001560,0,-1
2023371340390,2023,371340390,1,9,0,7,7,7,1,0,0,8,0,0,0,0,-1,1,6,6,2,-1,-1,-1,-1,-1,-1,-1,-1,0,-1
2023010450741,2023,010450741,1,1,0,18,19,7,3,0,0,6,0,0,0,0,1,1,6,6,1,20,4,-1,-1,-1,-1,2,E01004013,0,-1
2023170M22003,2023,170M22003,1,1,0,18,19,4,3,0,0,0,0,0,0,0,1,1,6,6,3,-1,-1,-1,-1,-1,-1,-1,-1,0,-1
2023010452952,2023,010452952,1,97,0,18,19,4,8,0,0,0,0,0,0,0,1,1,6,6,3,-1,-1,-1,-1,-1,-1,-1,-1,0,-1
2023461343597,2023,461343597,2,1,0,9,9,5,3,0,0,1,0,0,0,0,3,1,5,6,1,40,7,-1,-1,-1,-1,6,E01024034,0,-1
2023141319760,2023,141319760,2,9,0,18,19,7,3,0,0,2,0,0,0,0,1,1,6,6,3,-1,-1,-1,-1,-1,-1,-1,-1,0,-1
2023031290048,2023,031290048,2,1,0,18,19,1,5,0,0,0,5,4,0,0,1,1,4,7,1,13,3,-1,-1,-1,-1,-1,-1,0,-1
2023302300172,2023,302300172,1,9,0,18,19,7,3,0,0,0,0,0,0,0,1,1,6,6,1,44,7,-1,-1,-1,-1,8,E01005365,0,-1
2023010442720,2023,010442720,1,1,9,99,99,9,9,99,99,9,9,99,9,99,0,1,6,6,1,30,6,-1,-1,-1,-1,10,E01003846,0,-1
2023522400334,2023,522400334,1,9,0,9,9,5,2,0,0,5,0,0,0,0,1,1,6,6,3,-1,-1,-1,-1,-1,-1,-1,-1,0,-1
2023302300090,2023,302300090,2,9,0,9,9,6,4,0,0,8,0,0,0,0,1,1,6,6,1,41,7,-1,-1,-1,-1,1,E01013591,0,-1
2023010441229,2023,010441229,2,1,0,18,19,7,3,4,4,1,0,0,0,0,1,1,6,6,1,37,7,-1,-1,-1,-1,4,E01004338,0,-1
2023010483947,2023,010483947,1,1,9,99,99,9,9,99,99,9,9,99,9,99,9,1,6,6,1,23,5,-1,-1,-1,-1,1,E01002694,0,-1
2023201448219,2023,201448219,1,1,0,9,9,4,1,0,0,5,0,0,0,0,3,1,6,6,1,72,10,-1,-1,-1,-1,9,E01009557,0,-1
2023440174638,2023,440174638,2,9,0,18,19,7,3,0,0,0,0,0,0,0,2,1,6,6,1,25,5,-1,-1,-1,-1,-1,-1,0,-1
2023481398819,2023,481398819,2,1,0,18,19,3,7,0,0,2,0,0,0,0,2,1,2,2,1,36,7,-1,-1,-1,-1,-1,-1,0,-1
2023131278965,2023,131278965,2,1,0,18,19,1,5,0,0,1,0,0,0,0,0,1,2,2,1,42,7,-1,-1,-1,-1,2,E01011236,0,-1
2023010477716,2023,010477716,1,1,9,99,99,9,9,99,99,9,9,99,9,99,1,1,2,2,1,22,5,-1,-1,-1,-1,2,E01001791,0,-1
2023201377790,2023,201377790,1,-1,4,5,5,4,8,0,0,1,0,0,0,0,2,1,6,6,3,-1,-1,-1,-1,-1,-1,-1,-1,0,-1
2023010485793,2023,010485793,1,-1,0,18,19,1,5,0,0,1,0,0,0,0,4,1,2,2,1,24,5,-1,-1,-1,-1,3,E01003537,1,-1
2023041326735,2023,041326735,2,1,0,18,19,1,5,0,0,1,0,0,0,0,1,1,6,6,1,32,6,-1,-1,-1,-1,2,E01025157,0,-1
2023010466832,2023,010466832,1,1,9,99,99,9,9,99,99,0,9,99,9,99,9,1,6,6,1,25,5,-1,-1,-1,-1,3,E01003916,0,-1
2023131376382,2023,131376382,2,1,0,18,19,5,1,0,0,8,0,0,0,0,1,1,5,6,1,14,3,-1,-1,-1,-1,1,E01010650,0,-1
2023010471446,2023,010471446,1,3,0,18,19,1,5,0,0,1,0,0,0,0,2,1,6,6,1,22,5,-1,-1,-1,-1,-1,-1,0,-1
2023010421301,2023,010421301,2,-1,0,4,4,7,3,0,0,1,0,0,0,0,1,1,6,6,1,22,5,-1,-1,-1,-1,7,E01002896,1,-1
2023010473765,2023,010473765,1,1,9,99,99,9,9,99,99,9,9,99,9,99,9,1,2,2,2,52,8,-1,-1,-1,-1,7,E01000877,0,-1
2023010468312,2023,010468312,1,1,9,99,99,9,9,99,99,9,9,99,9,99,1,1,2,2,1,47,8,-1,-1,-1,-1,4,E01003123,0,-1
2023201284395,2023,201284395,1,9,0,18,19,1,5,0,0,1,0,0,0,0,1,1,6,6,3,-1,-1,-1,-1,-1,-1,-1,-1,0,-1
2023131289938,2023,131289938,1,9,0,18,19,1,5,0,0,0,0,0,0,0,1,1,6,6,1,-1,-1,-1,-1,-1,-1,-1,-1,0,-1
2023471288372,2023,471288372,1,1,0,18,19,7,3,0,0,8,0,0,0,0,4,1,5,6,1,24,5,-1,-1,-1,-1,5,E01017634,0,-1
2023211356285,2023,211356285,1,90,0,12,12,3,3,0,0,0,0,0,0,0,1,1,1,1,1,24,5,-1,-1,-1,-1,1,-1,0,-1
2023061291289,2023,061291289,2,1,0,18,19,-1,-1,0,0,0,0,0,0,0,-1,1,6,6,1,18,4,-1,-1,-1,-1,1,E01005187,0,-1
2023010469218,2023,010469218,1,8,9,99,99,9,9,99,99,9,9,99,9,99,1,1,6,6,3,-1,-1,-1,-1,-1,-1,-1,-1,0,-1
2023010484254,2023,010484254,2,10,0,99,99,9,9,99,99,9,9,99,9,99,1,9,6,6,3,-1,-1,-1,-1,-1,-1,-1,-1,0,-1
2023131261715,2023,131261715,1,9,0,2,2,0,0,0,0,0,0,0,0,0,2,1,6,6,3,-1,-1,-1,-1,-1,-1,-1,-1,0,-1
2023991359586,2023,991359586,2,9,0,18,19,4,8,0,0,0,0,0,0,0,1,1,1,1,1,56,9,-1,-1,-1,-1,5,-1,0,-1
2023010475771,2023,010475771,2,1,0,18,19,1,5,0,0,1,0,0,0,0,3,1,2,2,1,19,4,-1,-1,-1,-1,3,E01002048,0,-1
2023201411097,2023,201411097,1,9,0,18,19,4,8,0,0,2,0,0,0,0,1,1,6,6,1,-1,-1,-1,-1,-1,-1,-1,-1,0,-1
2023010422433,2023,010422433,1,1,9,99,99,9,9,99,99,0,9,99,9,99,1,1,2,2,1,35,6,-1,-1,-1,-1,2,E01003980,0,-1
2023430528474,2023,430528474,1,9,0,9,9,4,2,0,0,5,0,0,0,0,1,1,6,6,1,-1,-1,-1,-1,-1,-1,-1,-1,0,-1
2023141355009,2023,141355009,1,9,0,18,19,2,6,0,0,0,0,0,0,0,4,1,6,6,3,-1,-1,-1,-1,-1,-1,-1,-1,0,-1
2023061323129,2023,061323129,2,1,0,18,19,3,7,0,0,0,5,0,0,0,3,1,5,6,1,42,7,-1,-1,-1,-1,3,E01005641,0,-1
2023440214212,2023,440214212,1,9,0,18,19,3,7,0,0,0,0,0,0,0,1,1,1,1,1,66,10,-1,-1,-1,-1,8,E01023171,0,-1
2023010443595,2023,010443595,1,4,0,18,19,1,5,0,0,8,2,7,0,0,1,1,6,6,1,25,5,-1,-1,-1,-1,3,E01001000,0,-1
2023010453899,2023,010453899,1,9,0,18,19,5,1,0,0,1,0,0,0,0,1,1,6,6,3,-1,-1,-1,-1,-1,-1,9,E01021748,0,-1
2023501264641,2023,501264641,1,90,0,9,9,7,4,0,0,1,0,0,0,0,1,1,5,6,2,60,9,-1,-1,-1,-1,6,E01020021,0,-1
2023421309902,2023,421309902,1,9,0,5,5,1,5,0,0,6,0,0,0,0,2,1,6,6,3,-1,-1,-1,-1,-1,-1,-1,-1,0,-1
2023520000497,2023,520000497,2,1,0,18,19,3,7,0,0,8,0,0,0,0,2,1,6,6,2,46,8,-1,-1,-1,-1,10,E01014405,0,-1
202354D704323,2023,54D704323,2,9,0,18,19,3,7,0,0,2,0,0,0,0,2,1,1,1,1,54,8,-1,-1,-1,-1,6,E01015587,0,-1
2023320073655,2023,320073655,1,9,0,18,19,4,8,0,0,0,1,0,7,9,0,1,6,6,2,25,5,-1,-1,-1,-1,6,E01026252,0,-1
2023010476510,2023,010476510,1,9,4,12,12,1,5,0,0,0,0,0,0,0,4,2,1,1,1,53,8,-1,-1,-1,-1,4,E01022549,0,-1
2023421356512,2023,421356512,1,-1,-1,4,4,3,7,0,0,0,0,0,0,0,1,1,6,6,3,-1,-1,-1,-1,-1,-1,-1,-1,0,-1
2023520301660,2023,520301660,3,9,0,18,19,3,6,0,0,0,0,0,0,0,1,1,6,6,2,31,6,-1,-1,-1,-1,5,E01029200,0,-1
2023010428636,2023,010428636,1,19,0,7,7,5,6,0,0,1,0,0,0,0,3,1,6,6,1,56,9,-1,-1,-1,-1,10,E01003364,0,-1
2023991376087,2023,991376087,1,9,0,11,11,6,2,0,0,3,0,0,0,0,1,1,6,6,1,47,8,-1,-1,-1,-1,2,-1,0,-1
2023421351164,2023,421351164,2,22,0,7,7,4,8,0,0,0,0,0,0,0,1,1,6,6,1,87,11,-1,-1,-1,-1,3,E01021358,0,-1
2023061264042,2023,061264042,1,9,0,12,12,1,1,0,0,0,1,0,0,0,4,1,6,6,1,34,6,-1,-1,-1,-1,1,E01024906,0,-1
2023010463804,2023,010463804,2,1,0,18,19,3,7,0,0,2,0,0,0,0,1,1,6,6,1,25,5,-1,-1,-1,-1,2,E01003032,0,-1
2023201373618,2023,201373618,1,9,0,16,19,4,8,0,0,0,0,10,1,5,1,1,6,6,1,36,7,-1,-1,-1,-1,1,E01009413,0,-1
2023622300187,2023,622300187,2,1,0,18,19,2,6,0,0,0,0,0,0,0,2,1,6,6,1,35,6,-1,-1,-1,-1,3,W01001167,0,-1
2023010440069,2023,010440069,2,9,0,99,99,9,9,0,0,9,9,99,9,99,9,1,6,6,3,-1,-1,-1,-1,-1,-1,-1,-1,0,-1
2023311333943,2023,311333943,1,9,0,9,9,1,2,0,0,1,2,10,0,0,1,1,5,6,1,54,8,-1,-1,-1,-1,8,E01028288,0,-1
2023201315018,2023,201315018,2,90,0,18,19,3,7,0,0,8,0,10,7,0,1,1,6,6,3,-1,-1,-1,-1,-1,-1,-1,-1,0,-1
2023351333580,2023,351333580,2,1,0,18,19,-1,-1,0,0,0,0,0,0,0,1,1,2,2,1,24,5,-1,-1,-1,-1,3,E01015666,0,-1
2023010476442,2023,010476442,1,1,9,99,99,9,9,99,99,0,9,99,9,99,9,1,6,6,2,50,8,-1,-1,-1,-1,-1,-1,0,-1
2023552300940,2023,552300940,1,19,0,1,1,6,2,0,0,5,0,0,0,0,2,2,6,6,1,24,5,-1,-1,-1,-1,-1,-1,0,-1
2023031340692,2023,031340692,1,9,0,9,9,3,8,0,0,8,0,0,0,0,1,2,5,6,1,68,10,-1,-1,-1,-1,-1,-1,0,-1
2023610045523,2023,610045523,2,1,0,17,19,6,3,0,0,8,0,0,0,0,1,1,6,6,1,45,7,-1,-1,-1,-1,4,W01001401,0,-1
2023610050123,2023,610050123,1,9,0,1,1,1,5,0,0,0,0,0,0,0,2,1,6,6,2,75,10,-1,-1,-1,-1,6,W01001419,0,-1
2023141314782,2023,141314782,2,-1,0,18,19,3,7,9,9,1,0,0,0,0,1,1,5,6,2,8,2,-1,-1,-1,-1,-1,-1,1,-1
2023501296982,2023,501296982,3,1,0,18,19,1,5,0,0,1,0,0,0,0,1,1,5,6,1,56,9,-1,-1,-1,-1,8,E01020190,0,-1
2023501337964,2023,501337964,1,90,0,18,19,8,4,0,0,0,0,0,0,0,1,1,6,6,1,27,6,-1,-1,-1,-1,1,E01015266,0,-1
202354C768323,2023,54C768323,3,19,0,18,19,8,4,0,0,0,0,0,0,0,-1,1,6,6,1,20,4,-1,-1,-1,-1,6,E01032065,0,-1
2023010479880,2023,010479880,1,1,9,18,19,8,4,0,0,0,5,0,0,0,1,1,6,6,2,-1,-1,-1,-1,-1,-1,2,E01033726,0,-1
2023131340538,2023,131340538,1,1,0,18,19,3,7,0,0,1,0,0,0,0,1,1,1,1,1,28,6,-1,-1,-1,-1,1,E01010631,0,-1
2023131330539,2023,131330539,1,9,0,-1,-1,-1,-1,-1,-1,-1,-1,-1,-1,-1,-1,1,6,6,3,-1,-1,-1,-1,-1,-1,1,E01010632,0,-1
2023201387501,2023,201387501,1,9,0,18,19,8,4,0,0,0,0,0,0,0,1,1,6,6,3,-1,-1,-1,-1,-1,-1,-1,-1,0,-1
2023481382679,2023,481382679,1,-1,0,18,19,1,5,0,0,8,0,0,0,0,1,1,2,2,1,27,6,-1,-1,-1,-1,-1,-1,1,-1
2023010449639,2023,010449639,2,20,0,99,99,9,9,99,99,9,9,0,0,0,0,9,6,6,3,-1,-1,-1,-1,-1,-1,-1,-1,0,-1
2023461294420,2023,461294420,1,9,0,16,19,7,7,0,0,4,0,0,0,0,1,1,1,1,1,45,7,-1,-1,-1,-1,5,E01024383,0,-1
2023471311181,2023,471311181,2,1,0,17,19,4,1,9,9,0,0,0,0,0,4,1,2,2,2,57,9,-1,-1,-1,-1,8,E01032835,0,-1
2023531283304,2023,531283304,2,98,1,18,19,1,5,0,0,0,0,0,0,0,2,2,2,2,1,43,7,-1,-1,-1,-1,-1,-1,0,-1
2023421393588,2023,421393588,1,1,0,18,19,2,4,0,0,7,0,0,0,0,1,1,2,2,1,17,4,-1,-1,-1,-1,-1,-1,0,-1
2023430420514,2023,430420514,2,9,0,18,19,5,1,0,0,8,0,0,0,0,4,1,6,6,2,39,7,-1,-1,-1,-1,1,E01028568,0,-1
2023522324449,2023,522324449,2,1,0,9,9,5,3,0,0,6,0,0,0,0,1,1,6,6,1,30,6,-1,-1,-1,-1,4,E01014496,0,-1
2023631362834,2023,631362834,1,9,0,-1,-1,-1,-1,-1,-1,-1,-1,-1,-1,-1,-1,1,6,6,3,-1,-1,-1,-1,-1,-1,-1,-1,0,-1
2023501324546,2023,501324546,2,9,0,9,9,5,3,0,0,8,0,0,0,0,1,1,6,6,3,-1,-1,-1,-1,-1,-1,-1,-1,0,-1
2023371355154,2023,371355154,1,1,0,18,19,5,1,0,0,0,0,0,0,0,1,1,6,6,1,13,3,-1,-1,-1,-1,2,E01029988,0,-1
2023610023323,2023,610023323,1,9,0,18,19,5,1,0,0,0,0,0,0,0,1,1,6,6,2,54,8,-1,-1,-1,-1,10,W01001394,0,-1
2023010438424,2023,010438424,1,9,9,99,99,9,9,99,99,9,9,99,9,99,1,1,6,6,3,-1,-1,-1,-1,-1,-1,-1,-1,0,-1
2023440042815,2023,440042815,2,9,0,7,7,6,2,0,0,6,0,0,0,0,0,1,6,6,3,-1,-1,-1,-1,-1,-1,-1,-1,0,-1
2023161294054,2023,161294054,2,1,0,12,12,3,7,0,0,0,0,0,0,0,3,1,2,2,1,52,8,-1,-1,-1,-1,3,E01013135,0,-1
2023010457077,2023,010457077,1,19,0,9,9,6,4,0,0,8,0,0,0,0,1,1,6,6,3,-1,-1,-1,-1,-1,-1,-1,-1,0,-1
2023010454857,2023,010454857,2,1,9,99,99,9,9,99,99,9,9,99,9,99,1,1,6,6,3,-1,-1,-1,-1,-1,-1,-1,-1,0,-1
2023332301098,2023,332301098,1,19,0,18,19,5,1,0,0,0,0,0,0,0,1,1,2,2,1,22,5,-1,-1,-1,-1,9,E01013800,0,-1
2023122301356,2023,122301356,1,1,0,18,19,7,3,4,4,0,0,0,0,0,1,1,1,1,1,15,3,-1,-1,-1,-1,5,E01027796,0,-1
2023610027423,2023,610027423,2,1,0,4,4,8,4,0,0,0,0,0,0,0,1,1,1,1,1,32,6,-1,-1,-1,-1,2,W01001690,0,-1
2023052302090,2023,052302090,2,1,0,18,19,1,5,0,0,8,0,0,0,0,1,1,4,7,2,8,2,-1,-1,-1,-1,1,E01006721,0,-1
2023010452700,2023,010452700,2,90,0,99,99,9,9,99,99,9,9,99,9,99,2,9,6,6,3,-1,-1,-1,-1,-1,-1,-1,-1,0,-1
2023461355963,2023,461355963,2,1,0,18,19,3,7,0,0,0,0,0,0,0,1,1,6,6,1,-1,-1,-1,-1,-1,-1,-1,-1,0,-1
2023052301623,2023,052301623,1,9,0,18,19,3,7,0,0,0,0,0,0,0,1,1,6,6,3,-1,-1,-1,-1,-1,-1,-1,-1,0,-1
2023010447629,2023,010447629,2,11,0,99,99,9,9,99,99,0,9,99,9,99,9,1,6,6,3,-1,-1,-1,-1,-1,-1,-1,-1,0,-1
2023622301061,2023,622301061,2,1,0,18,19,7,3,0,0,8,0,0,0,0,1,1,1,1,1,22,5,-1,-1,-1,-1,1,W01001835,0,-1
2023311287625,2023,311287625,2,97,0,5,5,3,7,0,0,5,0,0,0,0,4,1,6,6,1,17,4,-1,-1,-1,-1,6,E01013838,0,-1
2023161364460,2023,161364460,2,1,0,18,19,6,2,0,0,1,0,0,0,0,1,1,6,6,1,17,4,-1,-1,-1,-1,1,E01012918,0,-1
2023461398974,2023,461398974,1,9,0,18,19,3,7,0,0,0,0,0,0,0,1,1,6,6,1,41,7,-1,-1,-1,-1,1,E01016032,0,-1
2023041261205,2023,041261205,2,9,0,18,19,7,3,0,0,1,0,0,0,0,1,1,5,6,1,53,8,-1,-1,-1,-1,1,E01012751,0,-1
2023052302030,2023,052302030,1,9,0,18,19,3,6,0,0,1,0,0,0,0,1,1,6,6,1,33,6,-1,-1,-1,-1,2,E01006910,0,-1
2023471316974,2023,471316974,2,1,0,18,19,2,6,0,0,8,0,0,0,0,4,1,2,2,1,20,4,-1,-1,-1,-1,5,E01020951,0,-1
2023430209158,2023,430209158,3,9,0,13,13,1,5,0,0,1,0,0,0,0,0,1,6,6,3,-1,-1,-1,-1,-1,-1,-1,-1,0,-1
2023531398426,2023,531398426,1,9,0,9,9,1,5,0,0,1,0,0,0,0,1,1,6,6,3,-1,-1,-1,-1,-1,-1,-1,-1,0,-1
2023340WN5712,2023,340WN5712,2,1,0,18,19,5,1,0,0,0,5,8,0,0,1,1,6,6,1,44,7,-1,-1,-1,-1,7,E01027219,0,-1
2023451366055,2023,451366055,2,1,0,5,5,8,4,0,0,0,0,0,0,0,4,1,6,6,1,44,7,-1,-1,-1,-1,10,E01004478,0,-1
2023991269416,2023,991269416,2,1,0,18,19,8,4,0,0,0,5,0,0,0,4,1,6,6,1,13,3,-1,-1,-1,-1,-1,-1,0,-1
2023070939244,2023,070939244,1,9,0,2,2,0,0,0,0,0,0,0,0,0,3,1,6,6,2,36,7,-1,-1,-1,-1,-1,-1,0,-1
2023471359439,2023,471359439,2,1,0,18,19,5,1,0,0,8,0,0,0,0,3,1,4,7,1,17,4,-1,-1,-1,-1,4,E01031835,0,-1
2023041276224,2023,041276224,1,9,0,1,1,-1,-1,0,0,1,0,0,0,0,-1,1,6,6,3,-1,-1,-1,-1,-1,-1,-1,-1,0,-1
2023451298672,2023,451298672,2,9,0,18,19,7,3,0,0,2,0,0,0,0,2,1,1,1,1,52,8,-1,-1,-1,-1,4,E01024487,0,-1
2023041316912,2023,041316912,2,1,0,18,19,2,7,0,0,0,0,0,0,0,0,1,6,6,2,58,9,-1,-1,-1,-1,9,E01005049,0,-1
2023010428763,2023,010428763,1,1,9,99,99,9,9,99,99,0,9,99,9,99,9,1,6,6,1,48,8,-1,-1,-1,-1,3,E01002777,0,-1
2023991328151,2023,991328151,2,1,0,5,5,2,6,2,2,0,0,0,0,0,1,1,5,6,2,50,8,-1,-1,-1,-1,5,-1,0,-1
2023340NN0832,2023,340NN0832,1,-1,0,18,19,3,7,0,0,1,0,0,0,0,1,1,6,6,2,19,4,-1,-1,-1,-1,-1,-1,1,-1
2023010426936,2023,010426936,1,1,0,18,19,4,8,4,4,1,0,0,1,0,1,1,6,6,1,29,6,-1,-1,-1,-1,5,E01002234,0,-1
2023332300110,2023,332300110,1,19,0,5,5,3,7,0,0,1,0,0,0,0,1,1,1,1,1,23,5,-1,-1,-1,-1,8,E01026990,0,-1
2023211333462,2023,211333462,1,9,0,18,19,2,6,0,0,3,0,0,0,0,1,1,5,6,1,39,7,-1,-1,-1,-1,3,E01029437,0,-1
2023041316969,2023,041316969,2,1,0,18,19,1,5,0,0,1,0,0,0,0,3,1,2,2,1,20,4,-1,-1,-1,-1,1,E01012639,0,-1
2023010459389,2023,010459389,1,1,9,99,99,9,9,99,99,0,9,99,9,99,9,1,2,2,2,50,8,-1,-1,-1,-1,6,E01002609,0,-1
2023311279099,2023,311279099,1,1,0,18,19,2,6,5,5,0,0,0,0,0,1,1,6,6,1,51,8,-1,-1,-1,-1,10,E01028330,0,-1
2023052300481,2023,052300481,1,4,0,4,4,3,7,0,0,0,0,0,1,11,1,1,6,6,3,-1,-1,-1,-1,-1,-1,-1,-1,0,-1
2023311347509,2023,311347509,1,9,0,4,4,3,5,9,9,0,0,0,0,0,4,1,2,2,1,32,6,-1,-1,-1,-1,3,E01029954,0,-1
2023522301355,2023,522301355,2,9,0,7,7,1,3,0,0,4,0,0,0,0,1,1,6,6,2,53,8,-1,-1,-1,-1,5,E01015000,0,-1
2023991379165,2023,991379165,2,1,0,18,19,5,1,0,0,1,0,0,0,0,1,1,6,6,1,54,8,-1,-1,-1,-1,4,-1,0,-1
2023461356757,2023,461356757,2,1,0,18,19,-1,-1,0,0,0,5,0,0,0,4,1,5,6,1,54,8,-1,-1,-1,-1,7,E01024719,0,-1
2023010468731,2023,010468731,1,19,0,4,4,5,1,0,0,1,0,0,0,0,2,1,6,6,3,-1,-1,-1,-1,-1,-1,-1,-1,0,-1
2023201461555,2023,201461555,1,9,0,8,8,6,1,0,0,1,0,0,0,0,0,1,6,6,2,63,9,-1,-1,-1,-1,2,E01009014,0,-1
2023010440777,2023,010440777,2,1,0,4,4,6,2,0,0,8,0,0,0,0,4,1,6,6,1,26,6,-1,-1,-1,-1,3,E01032583,0,-1
2023010450932,2023,010450932,2,9,0,99,99,9,9,99,99,9,9,99,9,99,2,9,6,6,3,-1,-1,-1,-1,-1,-1,-1,-1,0,-1
2023430557345,2023,430557345,1,11,0,4,4,8,4,0,0,0,0,0,0,0,0,1,1,1,3,-1,-1,-1,-1,-1,-1,-1,-1,0,-1
2023461361576,2023,461361576,1,9,0,16,19,7,3,0,0,2,0,0,0,0,1,1,6,6,1,23,5,-1,-1,-1,-1,5,E01002661,0,-1
2023201293471,2023,201293471,1,9,0,4,4,3,7,0,0,0,0,0,0,0,1,1,6,6,2,29,6,-1,-1,-1,-1,1,E01009104,0,-1
2023010454346,2023,010454346,2,1,0,18,19,2,6,0,0,0,0,0,0,0,1,1,6,6,2,59,9,-1,-1,-1,-1,5,E01002616,0,-1
2023411279982,2023,411279982,1,9,0,18,19,-1,-1,0,0,0,0,0,0,0,1,1,6,6,3,-1,-1,-1,-1,-1,-1,-1,-1,0,-1
2023451306803,2023,451306803,3,9,0,3,3,7,3,0,0,0,0,0,0,0,2,1,6,6,1,40,7,-1,-1,-1,-1,-1,-1,0,-1
2023010427651,2023,010427651,1,23,0,99,99,9,9,99,99,9,9,99,9,99,1,1,1,1,1,21,5,-1,-1,-1,-1,3,E01001701,0,-1
2023010426396,2023,010426396,2,4,0,18,19,1,5,0,0,1,1,0,0,0,1,1,6,6,1,26,6,-1,-1,-1,-1,8,E01003814,0,-1
2023141370564,2023,141370564,2,9,0,4,4,1,5,0,0,1,0,0,0,0,1,1,6,6,3,-1,-1,-1,-1,-1,-1,-1,-1,0,-1
2023461342547,2023,461342547,1,9,0,18,19,3,7,0,0,1,0,0,0,0,0,1,6,6,3,-1,-1,-1,-1,-1,-1,-1,-1,0,-1
2023211438763,2023,211438763,1,9,0,3,3,8,4,0,0,1,0,0,0,0,2,1,6,6,1,53,8,-1,-1,-1,-1,-1,-1,0,-1
2023010468500,2023,010468500,2,1,0,18,19,5,1,0,0,8,0,0,0,0,3,1,2,2,1,39,7,-1,-1,-1,-1,8,E01004472,0,-1
2023161313460,2023,161313460,1,1,0,16,19,5,7,0,0,0,0,0,0,0,2,1,6,6,1,72,10,-1,-1,-1,-1,2,E01007763,0,-1
2023101383916,2023,101383916,1,9,0,4,4,1,1,0,0,0,0,0,0,0,4,1,6,6,2,45,7,-1,-1,-1,-1,-1,-1,0,-1
2023421312646,2023,421312646,1,9,0,18,19,2,6,0,0,2,0,0,0,0,4,1,6,6,3,-1,-1,-1,-1,-1,-1,-1,-1,0,-1
2023461346704,2023,461346704,1,9,0,18,19,1,5,0,0,0,0,0,0,0,-1,1,6,6,3,-1,-1,-1,-1,-1,-1,-1,-1,0,-1
2023131302204,2023,131302204,1,9,0,18,19,2,6,0,0,1,0,0,0,0,1,1,6,6,3,-1,-1,-1,-1,-1,-1,-1,-1,0,-1
2023170L20913,2023,170L20913,1,9,0,18,19,4,8,0,0,0,0,0,0,0,1,1,6,6,1,-1,-1,-1,-1,-1,-1,-1,-1,0,-1
2023041347367,2023,041347367,2,1,0,18,19,4,8,4,4,2,0,0,0,0,3,1,6,6,2,39,7,-1,-1,-1,-1,10,E01019393,0,-1
2023440345674,2023,440345674,3,9,0,4,4,1,5,0,0,0,0,0,0,0,2,1,6,6,1,52,8,-1,-1,-1,-1,1,E01013878,0,-1
2023141298077,2023,141298077,2,9,0,9,9,8,6,0,0,5,0,0,0,0,4,1,2,2,2,52,8,-1,-1,-1,-1,2,E01007348,0,-1
2023451331859,2023,451331859,2,9,0,18,19,1,5,0,0,0,0,0,0,0,1,1,6,6,2,55,8,-1,-1,-1,-1,-1,-1,0,-1
2023451280192,2023,451280192,2,-1,0,18,19,1,4,0,0,0,0,0,0,0,1,1,6,6,3,55,8,-1,-1,-1,-1,-1,-1,0,-1
2023010465081,2023,010465081,1,1,9,99,99,9,9,99,99,9,9,99,9,99,9,1,2,2,2,33,6,-1,-1,-1,-1,7,E01004499,0,-1
2023131319926,2023,131319926,1,9,0,-1,-1,7,3,-1,-1,-1,-1,-1,-1,-1,-1,1,6,6,3,-1,-1,-1,-1,-1,-1,-1,-1,0,-1