collision_index,collision_year,collision_ref_no,vehicle_reference,vehicle_type,towing_and_articulation,vehicle_manoeuvre_historic,vehicle_manoeuvre,vehicle_direction_from,vehicle_direction_to,vehicle_location_restricted_lane_historic,vehicle_location_restricted_lane,junction_location,skidding_and_overturning,hit_object_in_carriageway,vehicle_leaving_carriageway,hit_object_off_carriageway,first_point_of_impact,vehicle_left_hand_drive,journey_purpose_of_driver_historic,journey_purpose_of_driver,sex_of_driver,age_of_driver,age_band_of_driver,engine_capacity_cc,propulsion_code,age_of_vehicle,generic_make_model,driver_imd_decile,lsoa_of_driver,escooter_flag,driver_distance_banding
2023461287285,2023,461287285,1,21,1,7,7,3,7,0,0,0,0,0,0,0,3,1,6,6,1,49,8,-1,-1,-1,-1,-1,-1,0,-1
2023010436198,2023,010436198,2,9,0,99,99,9,9,0,0,1,0,0,0,0,9,9,6,6,3,-1,-1,-1,-1,-1,-1,-1,-1,0,-1
2023471298129,2023,471298129,1,1,0,18,19,1,5,9,9,0,0,0,0,0,1,1,1,1,2,47,8,-1,-1,-1,-1,7,E01021063,0,-1
2023010421979,2023,010421979,2,9,0,99,99,9,9,99,99,9,9,99,9,99,1,9,6,6,3,-1,-1,-1,-1,-1,-1,-1,-1,0,-1
2023552300588,2023,552300588,2,1,0,18,19,4,8,0,0,8,0,0,0,0,4,1,6,6,1,39,7,-1,-1,-1,-1,7,E01015330,0,-1
2023010437635,2023,010437635,1,9,0,18,19,2,6,0,0,0,0,0,0,0,1,1,6,6,3,-1,-1,-1,-1,-1,-1,-1,-1,0,-1
2023211433302,2023,211433302,1,9,0,18,19,1,5,0,0,0,0,0,0,0,0,1,1,1,1,38,7,-1,-1,-1,-1,-1,-1,0,-1
2023131374992,2023,131374992,2,1,0,18,19,4,8,0,0,0,0,0,0,0,3,1,6,6,1,43,7,-1,-1,-1,-1,5,E01011748,0,-1
2023440423617,2023,440423617,2,1,0,18,19,3,7,4,4,8,0,0,0,0,1,1,6,6,2,39,7,-1,-1,-1,-1,2,E01017032,0,-1
2023201349425,2023,201349425,2,9,0,18,19,6,2,0,0,4,0,0,0,0,2,1,6,6,1,-1,-1,-1,-1,-1,-1,-1,-1,0,-1
2023351375692,2023,351375692,1,9,0,18,19,1,7,0,0,1,1,0,1,0,3,1,6,6,1,47,8,-1,-1,-1,-1,4,E01015630,0,-1
2023010438093,2023,010438093,1,1,9,99,99,9,9,99,99,9,9,99,9,99,9,1,2,2,1,28,6,-1,-1,-1,-1,7,E01004552,0,-1
2023010447440,2023,010447440,1,1,9,99,99,9,9,99,99,0,9,99,9,99,9,1,6,6,2,38,7,-1,-1,-1,-1,3,E01016012,0,-1
2023471292585,2023,471292585,1,9,0,13,13,2,6,0,0,0,0,0,0,0,3,1,6,6,3,-1,-1,-1,-1,-1,-1,-1,-1,0,-1
2023547094823,2023,547094823,2,1,0,18,19,6,2,0,0,8,0,0,0,0,4,1,1,1,1,29,6,-1,-1,-1,-1,8,E01032871,0,-1
2023131295380,2023,131295380,1,9,0,-1,-1,-1,-1,-1,-1,0,-1,-1,-1,0,-1,1,6,6,3,-1,-1,-1,-1,-1,-1,-1,-1,0,-1
2023010449651,2023,010449651,2,1,0,18,19,1,5,0,0,1,0,0,0,0,3,1,6,6,1,39,7,-1,-1,-1,-1,4,E01002042,0,-1
2023010446277,2023,010446277,1,9,0,99,99,9,9,99,99,0,9,99,9,99,1,9,6,6,3,-1,-1,-1,-1,-1,-1,-1,-1,0,-1
2023010482514,2023,010482514,3,9,5,5,5,5,1,0,0,2,0,0,0,0,0,1,1,1,1,54,8,-1,-1,-1,-1,3,E01000022,0,-1
202360A051416,2023,60A051416,1,9,0,5,5,8,4,0,0,1,0,0,0,0,1,1,6,6,1,33,6,-1,-1,-1,-1,-1,-1,0,-1
2023052302822,2023,052302822,2,9,0,18,19,3,7,0,0,8,1,0,0,0,4,1,6,6,3,-1,-1,-1,-1,-1,-1,-1,-1,0,-1
2023201413921,2023,201413921,1,1,0,18,19,4,8,0,0,8,0,0,0,0,9,1,1,1,1,-1,-1,-1,-1,-1,-1,-1,-1,0,-1
2023221346853,2023,221346853,2,1,0,18,19,1,5,0,0,8,0,0,0,0,4,1,6,6,1,48,8,-1,-1,-1,-1,-1,-1,0,-1
2023052300546,2023,052300546,1,1,0,18,19,3,7,0,0,8,0,0,0,0,4,1,6,6,1,24,5,-1,-1,-1,-1,1,E01006691,0,-1
2023351462594,2023,351462594,2,19,0,3,3,1,5,0,0,0,0,0,0,0,4,1,1,1,1,27,6,-1,-1,-1,-1,5,E01013973,0,-1
2023631357733,2023,631357733,2,5,0,18,19,1,5,0,0,8,0,0,0,0,3,1,6,6,1,46,8,-1,-1,-1,-1,5,W01000566,0,-1
2023430067362,2023,430067362,2,9,0,18,19,3,7,0,0,0,0,0,0,0,1,1,6,6,1,50,8,-1,-1,-1,-1,7,E01022526,0,-1
2023201412959,2023,201412959,1,3,0,18,19,8,4,0,0,8,0,0,0,0,1,1,3,7,1,17,4,-1,-1,-1,-1,6,E01010035,0,-1
2023522300465,2023,522300465,2,9,0,11,11,6,2,0,0,8,0,0,0,0,4,1,6,6,1,100,11,-1,-1,-1,-1,-1,-1,0,-1
2023221334142,2023,221334142,1,23,0,7,7,6,8,0,0,2,1,10,7,11,1,1,5,6,1,19,4,-1,-1,-1,-1,6,E01014006,0,-1
2023010448110,2023,010448110,2,1,0,18,19,7,3,0,0,1,0,0,0,0,3,1,1,1,1,54,8,-1,-1,-1,-1,4,E01003220,0,-1
2023010457397,2023,010457397,1,11,0,99,99,9,9,99,99,9,9,99,9,99,0,9,1,1,1,63,9,-1,-1,-1,-1,2,E01032722,0,-1
2023061360960,2023,061360960,2,1,0,18,19,1,5,0,0,8,5,0,0,0,1,1,2,2,1,36,7,-1,-1,-1,-1,2,E01005222,0,-1
2023221389975,2023,221389975,1,9,0,18,19,4,8,0,0,0,0,0,0,0,1,1,6,6,1,33,6,-1,-1,-1,-1,4,E01014136,0,-1
2023991369617,2023,991369617,1,3,0,18,19,3,7,0,0,0,0,0,0,0,0,1,5,6,1,17,4,-1,-1,-1,-1,8,-1,0,-1
2023991310455,2023,991310455,2,9,0,18,19,5,1,0,0,0,0,0,0,0,3,1,1,1,1,25,5,-1,-1,-1,-1,-1,-1,0,-1
2023430054183,2023,430054183,2,1,0,18,19,5,1,0,0,8,0,0,0,0,1,1,6,6,1,62,9,-1,-1,-1,-1,7,E01017910,0,-1
2023201408350,2023,201408350,2,9,0,18,19,2,6,0,0,0,0,0,0,0,1,1,6,6,1,-1,-1,-1,-1,-1,-1,7,E01009646,0,-1
2023610004023,2023,610004023,2,9,0,4,4,5,2,0,0,1,0,0,0,0,2,1,1,1,1,70,10,-1,-1,-1,-1,8,W01001565,0,-1
2023411364199,2023,411364199,1,9,0,18,19,5,1,0,0,0,0,0,0,0,1,1,1,1,1,25,5,-1,-1,-1,-1,2,E01015791,0,-1
2023052302341,2023,052302341,1,19,0,18,19,1,5,0,0,1,0,0,0,0,1,1,6,6,1,50,8,-1,-1,-1,-1,1,E01006443,0,-1
2023411270805,2023,411270805,1,9,0,1,1,2,6,0,0,8,0,0,0,0,2,1,5,6,2,54,8,-1,-1,-1,-1,6,E01023545,0,-1
2023401312804,2023,401312804,2,1,0,18,19,4,8,9,9,6,0,0,0,0,1,1,1,1,2,49,8,-1,-1,-1,-1,1,E01017523,0,-1
2023010425587,2023,010425587,1,19,9,99,99,9,9,99,99,9,9,99,9,99,9,1,6,6,3,-1,-1,-1,-1,-1,-1,-1,-1,0,-1
2023231328059,2023,231328059,2,9,0,7,7,8,3,0,0,4,0,0,0,0,0,1,6,6,3,-1,-1,-1,-1,-1,-1,-1,-1,0,-1
2023010437300,2023,010437300,1,1,9,99,99,9,9,99,99,9,9,99,9,99,1,1,2,2,1,37,7,-1,-1,-1,-1,4,E01001194,0,-1
2023010468942,2023,010468942,1,1,0,18,19,1,5,0,0,3,0,0,2,10,4,1,1,1,1,29,6,-1,-1,-1,-1,7,E01023901,0,-1
2023201318401,2023,201318401,2,-1,0,16,19,8,2,0,0,0,0,0,0,0,1,1,6,6,3,-1,-1,-1,-1,-1,-1,-1,-1,0,-1
2023991268240,2023,991268240,2,1,0,18,19,2,6,0,0,1,0,0,0,0,1,1,6,6,1,43,7,-1,-1,-1,-1,-1,-1,0,-1
2023481382706,2023,481382706,2,1,0,2,2,5,1,0,0,0,0,0,0,0,4,1,2,2,1,47,8,-1,-1,-1,-1,-1,-1,0,-1
2023010486329,2023,010486329,1,9,9,99,99,9,9,99,99,9,9,99,9,99,9,9,6,6,3,-1,-1,-1,-1,-1,-1,-1,-1,0,-1
2023061278225,2023,061278225,1,1,0,18,19,1,5,0,0,2,0,0,0,0,2,1,5,6,2,52,8,-1,-1,-1,-1,8,E01005858,0,-1
202354D309923,2023,54D309923,1,-1,0,18,19,2,6,0,0,0,0,10,0,0,0,1,6,6,1,47,8,-1,-1,-1,-1,5,E01015479,1,-1
2023430077147,2023,430077147,2,1,0,18,19,4,8,0,0,1,0,0,0,0,1,1,6,6,1,10,2,-1,-1,-1,-1,5,E01016392,0,-1
2023141279259,2023,141279259,2,9,0,4,4,6,2,0,0,0,0,0,0,0,0,1,6,6,3,-1,-1,-1,-1,-1,-1,-1,-1,0,-1
2023471306078,2023,471306078,1,9,0,18,19,2,6,0,0,0,0,0,0,0,2,1,5,6,1,63,9,-1,-1,-1,-1,7,E01031379,0,-1
2023451372934,2023,451372934,2,1,0,4,4,7,3,0,0,1,0,0,0,0,2,1,6,6,1,45,7,-1,-1,-1,-1,-1,-1,0,-1
2023451279398,2023,451279398,1,9,0,18,19,5,1,0,0,8,0,0,0,0,4,1,6,6,2,55,8,-1,-1,-1,-1,-1,-1,0,-1
2023010428719,2023,010428719,1,1,9,99,99,9,9,99,99,9,9,99,9,99,9,1,2,2,2,30,6,-1,-1,-1,-1,4,E01001909,0,-1
2023031317854,2023,031317854,2,1,-1,-1,-1,-1,-1,-1,-1,-1,-1,-1,-1,0,-1,1,6,6,1,10,2,-1,-1,-1,-1,-1,-1,0,-1
2023061326404,2023,061326404,2,1,0,7,7,5,3,0,0,1,5,4,0,0,1,1,6,6,1,37,7,-1,-1,-1,-1,1,E01005190,0,-1
202360A193082,2023,60A193082,1,98,0,6,6,2,2,0,0,0,0,0,7,0,2,1,1,1,1,68,10,-1,-1,-1,-1,-1,-1,0,-1
2023131342569,2023,131342569,1,9,0,-1,-1,-1,-1,-1,-1,-1,-1,-1,-1,-1,-1,1,6,6,3,99,11,-1,-1,-1,-1,2,E01010628,0,-1
2023052302902,2023,052302902,1,9,0,18,19,5,1,0,0,0,0,0,0,0,1,1,6,6,3,-1,-1,-1,-1,-1,-1,-1,-1,0,-1
2023430008264,2023,430008264,1,21,0,18,19,6,2,0,0,8,0,0,0,0,1,1,1,1,1,-1,-1,-1,-1,-1,-1,-1,-1,0,-1
2023061268968,2023,061268968,1,9,0,18,19,7,3,0,0,1,0,0,0,0,1,1,3,7,1,37,7,-1,-1,-1,-1,-1,-1,0,-1
2023052301151,2023,052301151,2,23,0,18,19,7,3,0,0,0,1,0,0,0,1,1,6,6,1,15,3,-1,-1,-1,-1,4,E01007229,0,-1
2023041289241,2023,041289241,2,1,0,17,19,5,1,0,0,0,0,0,0,0,2,1,5,6,1,33,6,-1,-1,-1,-1,1,E01024987,0,-1
2023010454158,2023,010454158,1,9,9,99,99,9,9,99,99,9,9,99,9,99,9,9,6,6,3,-1,-1,-1,-1,-1,-1,-1,-1,0,-1
2023991383625,2023,991383625,2,1,0,18,19,3,7,0,0,8,5,0,0,0,4,1,2,2,1,48,8,-1,-1,-1,-1,10,-1,0,-1
2023451381621,2023,451381621,1,1,0,18,19,1,1,0,0,0,0,0,0,0,0,1,6,6,2,66,10,-1,-1,-1,-1,10,E01030442,0,-1
2023010479257,2023,010479257,2,9,9,99,99,9,9,99,99,9,9,99,9,99,1,9,6,6,3,-1,-1,-1,-1,-1,-1,-1,-1,0,-1
2023351282374,2023,351282374,2,1,0,18,19,4,8,0,0,0,-1,0,0,0,1,1,2,2,1,27,6,-1,-1,-1,-1,10,E01017986,0,-1
2023070671431,2023,070671431,1,1,0,18,19,4,7,9,9,1,0,0,0,0,1,1,6,6,1,14,3,-1,-1,-1,-1,1,E01018310,0,-1
2023061346280,2023,061346280,1,9,0,9,9,5,3,0,0,8,0,0,0,0,1,1,6,6,2,50,8,-1,-1,-1,-1,4,E01005621,0,-1
2023401304027,2023,401304027,2,23,0,9,9,-1,-1,0,0,5,0,0,0,0,2,1,6,6,1,46,8,-1,-1,-1,-1,2,E01015791,0,-1
2023010477850,2023,010477850,2,1,0,18,19,7,3,0,0,1,0,0,0,0,2,1,2,2,1,36,7,-1,-1,-1,-1,2,E01001337,0,-1
2023010427756,2023,010427756,2,1,0,18,19,7,3,0,0,1,5,10,0,0,1,1,6,6,1,32,6,-1,-1,-1,-1,2,E01002763,0,-1
2023430346334,2023,430346334,1,2,0,18,19,5,1,0,0,0,0,0,0,0,1,1,6,6,3,-1,-1,-1,-1,-1,-1,-1,-1,0,-1
2023302301371,2023,302301371,1,9,0,16,19,2,4,0,0,2,0,0,0,0,1,1,6,6,2,-1,-1,-1,-1,-1,-1,6,E01019411,0,-1
2023991340372,2023,991340372,1,1,0,14,14,6,2,0,0,0,0,0,0,0,1,1,2,2,1,18,4,-1,-1,-1,-1,-1,-1,0,-1
2023520300066,2023,520300066,1,1,0,18,19,1,5,0,0,8,0,0,0,0,2,1,4,7,1,16,4,-1,-1,-1,-1,1,E01029293,0,-1
2023522401031,2023,522401031,1,23,0,18,19,7,3,0,0,8,0,0,0,0,1,1,6,6,1,-1,-1,-1,-1,-1,-1,-1,-1,0,-1
2023061363525,2023,061363525,2,1,0,18,19,4,8,0,0,8,0,0,0,0,1,1,6,6,1,34,6,-1,-1,-1,-1,-1,-1,0,-1
2023361365562,2023,361365562,1,98,0,-1,-1,-1,-1,-1,-1,0,-1,-1,-1,0,-1,1,6,6,1,-1,-1,-1,-1,-1,-1,-1,-1,0,-1
2023010442999,2023,010442999,1,1,0,18,19,5,1,5,5,9,0,0,0,0,1,1,6,6,1,5,1,-1,-1,-1,-1,8,E01003861,0,-1
2023320710317,2023,320710317,1,9,0,9,9,2,8,0,0,8,0,0,0,0,1,2,6,6,1,70,10,-1,-1,-1,-1,3,E01019552,0,-1
2023010444341,2023,010444341,1,9,9,99,99,9,9,99,99,9,9,99,9,99,9,9,6,6,3,-1,-1,-1,-1,-1,-1,-1,-1,0,-1
2023430152061,2023,430152061,2,19,0,18,19,8,4,0,0,0,0,0,0,0,1,1,1,1,1,59,9,-1,-1,-1,-1,9,E01028629,0,-1
2023371346941,2023,371346941,2,1,-1,5,5,1,5,0,0,8,0,0,0,0,-1,1,6,6,1,61,9,-1,-1,-1,-1,-1,-1,0,-1
2023010455918,2023,010455918,1,1,9,18,19,3,7,0,0,4,0,0,0,0,3,1,2,2,1,32,6,-1,-1,-1,-1,7,E01002998,0,-1
2023010445930,2023,010445930,1,1,9,99,99,9,9,99,99,9,9,99,9,99,1,1,2,2,1,28,6,-1,-1,-1,-1,9,E01004598,0,-1
2023201402903,2023,201402903,1,10,0,5,5,6,2,0,0,6,0,0,0,0,1,1,1,1,1,-1,-1,-1,-1,-1,-1,3,E01010501,0,-1
2023070249200,2023,070249200,2,19,0,18,19,5,1,0,0,8,0,0,0,0,1,1,1,1,1,61,9,-1,-1,-1,-1,1,W01000336,0,-1
2023010463315,2023,010463315,2,9,9,99,99,9,9,99,99,0,9,99,9,99,9,9,6,6,3,-1,-1,-1,-1,-1,-1,-1,-1,0,-1
2023010474206,2023,010474206,2,1,0,99,99,9,9,99,99,0,9,99,9,99,9,1,2,2,1,23,5,-1,-1,-1,-1,3,E01003686,0,-1
2023501329481,2023,501329481,1,9,0,16,19,7,1,0,0,0,0,0,0,0,3,1,6,6,3,-1,-1,-1,-1,-1,-1,-1,-1,0,-1
2023010465257,2023,010465257,2,9,0,99,99,9,9,99,99,9,9,99,9,99,9,9,6,6,3,48,8,-1,-1,-1,-1,9,E01030346,0,-1
2023010450167,2023,010450167,2,1,0,9,9,8,7,0,0,4,0,0,0,0,4,1,6,6,1,18,4,-1,-1,-1,-1,5,E01003415,0,-1
2023430555273,2023,430555273,1,9,0,18,19,3,7,0,0,4,0,0,0,0,3,1,2,2,1,29,6,-1,-1,-1,-1,6,E01016310,0,-1
2023522300677,2023,522300677,4,9,0,2,2,0,0,0,0,1,0,0,0,0,2,1,6,6,3,-1,-1,-1,-1,-1,-1,-1,-1,0,-1
2023302301067,2023,302301067,2,9,0,18,19,8,4,0,0,1,0,0,0,0,1,1,1,1,1,52,8,-1,-1,-1,-1,5,E01028314,0,-1
2023302301306,2023,302301306,2,17,0,7,7,1,2,9,9,2,0,0,0,0,0,1,1,1,3,-1,-1,-1,-1,-1,-1,5,E01019456,0,-1
202360A009774,2023,60A009774,2,1,0,18,19,4,8,0,0,0,0,0,0,0,1,1,6,6,1,18,4,-1,-1,-1,-1,-1,-1,0,-1
2023010486118,2023,010486118,2,1,0,9,9,7,4,0,0,1,0,0,0,0,2,1,2,2,2,39,7,-1,-1,-1,-1,2,E01002804,0,-1
2023451342154,2023,451342154,2,9,0,9,9,1,5,0,0,6,0,0,0,0,3,1,6,6,1,55,8,-1,-1,-1,-1,-1,-1,0,-1
2023010430236,2023,010430236,2,19,9,99,99,9,9,99,99,9,9,99,9,99,9,9,6,6,1,48,8,-1,-1,-1,-1,6,E01023922,0,-1
2023010435792,2023,010435792,1,9,9,99,99,9,9,99,99,0,9,99,9,99,9,9,6,6,3,-1,-1,-1,-1,-1,-1,-1,-1,0,-1
2023052302802,2023,052302802,2,1,0,18,19,3,7,0,0,1,0,0,0,0,2,1,4,7,1,13,3,-1,-1,-1,-1,2,E01006842,0,-1
2023201414546,2023,201414546,3,9,0,2,2,0,0,9,9,2,0,0,0,0,0,1,5,6,1,58,9,-1,-1,-1,-1,7,E01010356,0,-1
2023010445278,2023,010445278,1,1,9,99,99,9,9,99,99,9,9,99,9,99,2,1,2,2,1,45,7,-1,-1,-1,-1,3,E01000176,0,-1
2023061388571,2023,061388571,1,9,0,9,9,-1,-1,0,0,0,0,0,0,0,0,1,6,6,3,-1,-1,-1,-1,-1,-1,-1,-1,0,-1
2023070610414,2023,070610414,2,1,0,18,19,7,3,0,0,2,0,0,1,0,3,1,6,6,2,57,9,-1,-1,-1,-1,7,E01018725,0,-1
2023520000742,2023,520000742,2,9,0,9,9,5,2,0,0,6,0,0,0,0,9,1,6,6,2,27,6,-1,-1,-1,-1,8,E01014416,0,-1
2023411289299,2023,411289299,2,9,0,18,19,5,1,0,0,3,0,10,0,0,4,1,1,1,1,48,8,-1,-1,-1,-1,9,E01002339,0,-1
2023543905623,2023,543905623,2,1,0,18,19,5,1,0,0,1,0,0,0,0,4,1,6,6,1,47,8,-1,-1,-1,-1,10,W01001852,0,-1
2023421366691,2023,421366691,1,21,1,12,12,6,2,0,0,0,0,0,0,0,0,2,1,1,1,63,9,-1,-1,-1,-1,-1,-1,0,-1
2023010429624,2023,010429624,2,9,0,99,99,9,9,99,99,9,9,99,9,99,1,9,6,6,3,-1,-1,-1,-1,-1,-1,-1,-1,0,-1
2023010468451,2023,010468451,2,9,0,6,6,3,3,0,0,0,0,0,0,0,2,1,1,1,1,20,4,-1,-1,-1,-1,2,E01004252,0,-1
2023101367322,2023,101367322,2,1,0,18,19,8,4,0,0,8,0,0,0,0,1,1,6,6,1,47,8,-1,-1,-1,-1,1,E01008666,0,-1
2023552300381,2023,552300381,1,1,0,18,19,7,3,0,0,8,0,0,0,0,1,1,6,6,1,28,6,-1,-1,-1,-1,5,E01015275,0,-1
2023471278130,2023,471278130,4,9,0,18,19,5,1,0,0,0,0,0,0,0,0,1,6,6,3,-1,-1,-1,-1,-1,-1,-1,-1,0,-1
2023170M11333,2023,170M11333,2,1,0,18,19,2,6,0,0,6,0,0,0,0,1,1,6,6,1,13,3,-1,-1,-1,-1,7,E01012064,0,-1
2023430513323,2023,430513323,2,1,0,9,9,6,4,0,0,8,0,0,0,0,4,1,6,6,1,60,9,-1,-1,-1,-1,3,E01016396,0,-1
2023311283367,2023,311283367,2,9,0,5,5,5,1,0,0,0,0,4,0,0,1,1,6,6,1,57,9,-1,-1,-1,-1,7,E01028240,0,-1
2023010451920,2023,010451920,1,19,0,99,99,9,9,99,99,9,9,99,9,99,1,9,6,6,3,-1,-1,-1,-1,-1,-1,-1,-1,0,-1
2023131273000,2023,131273000,2,1,0,18,19,1,5,0,0,8,5,0,0,0,2,1,6,6,1,54,8,-1,-1,-1,-1,9,E01011685,0,-1
2023552300594,2023,552300594,1,23,0,18,19,8,4,0,0,0,0,0,0,0,1,1,6,6,1,15,3,-1,-1,-1,-1,7,E01020566,0,-1
2023010444341,2023,010444341,2,1,9,18,19,1,5,99,99,9,9,0,0,0,9,1,6,6,1,21,5,-1,-1,-1,-1,4,E01003645,0,-1
2023101347715,2023,101347715,2,9,0,3,3,1,5,0,0,0,0,0,0,0,2,1,5,6,1,57,9,-1,-1,-1,-1,9,E01027465,0,-1
2023531408786,2023,531408786,2,1,0,13,13,7,3,0,0,1,0,0,0,0,1,1,5,6,1,30,6,-1,-1,-1,-1,10,E01022406,0,-1
2023031379517,2023,031379517,2,9,0,18,19,5,1,0,0,2,0,0,0,0,2,1,1,1,1,55,8,-1,-1,-1,-1,-1,-1,0,-1
2023010461217,2023,010461217,1,1,9,99,99,9,9,99,99,9,9,99,9,99,1,1,2,2,3,29,6,-1,-1,-1,-1,3,E01003180,0,-1
2023461364991,2023,461364991,2,9,0,14,14,4,6,0,0,1,0,0,0,0,2,1,5,6,1,39,7,-1,-1,-1,-1,1,E01024390,0,-1
2023010455215,2023,010455215,1,1,0,5,5,8,4,0,0,2,0,0,0,0,3,1,6,6,2,32,6,-1,-1,-1,-1,3,E01004562,0,-1
2023122300740,2023,122300740,2,9,0,13,13,2,6,0,0,0,0,0,0,0,1,1,6,6,3,-1,-1,-1,-1,-1,-1,-1,-1,0,-1
2023170M10813,2023,170M10813,2,-1,0,18,19,5,1,0,0,6,0,0,0,0,1,1,6,6,1,10,2,-1,-1,-1,-1,5,E01012054,1,-1
2023061348190,2023,061348190,2,1,0,18,19,8,5,0,0,2,0,0,0,0,4,1,6,6,1,64,9,-1,-1,-1,-1,8,E01005443,0,-1
2023430031635,2023,430031635,2,3,0,3,3,4,8,0,0,1,0,0,0,0,2,1,6,6,1,25,5,-1,-1,-1,-1,2,E01028520,0,-1
2023010424676,2023,010424676,2,9,9,99,99,9,9,99,99,9,9,99,9,99,9,2,6,6,3,-1,-1,-1,-1,-1,-1,-1,-1,0,-1
2023061373950,2023,061373950,2,3,0,18,19,1,5,0,0,1,1,0,0,0,0,1,1,1,1,18,4,-1,-1,-1,-1,8,E01004919,0,-1
2023471326232,2023,471326232,1,97,0,18,19,7,3,0,0,0,0,0,0,0,4,1,6,6,1,17,4,-1,-1,-1,-1,5,E01031370,0,-1
2023461340143,2023,461340143,2,1,0,18,19,3,5,0,0,8,0,0,0,0,1,1,6,6,1,67,10,-1,-1,-1,-1,4,E01032808,0,-1
2023031465041,2023,031465041,1,9,0,18,19,6,2,0,0,0,0,0,0,0,1,1,1,1,1,64,9,-1,-1,-1,-1,-1,-1,0,-1
2023461343833,2023,461343833,2,1,0,7,7,3,4,4,4,4,0,0,0,0,4,1,1,1,1,39,7,-1,-1,-1,-1,5,E01024202,0,-1
2023340WN3882,2023,340WN3882,2,-1,0,18,19,3,7,0,0,8,0,0,0,0,4,1,6,6,1,30,6,-1,-1,-1,-1,5,E01003110,1,-1
2023041346102,2023,041346102,1,9,0,-1,-1,-1,-1,-1,-1,0,-1,-1,-1,0,-1,1,6,6,3,-1,-1,-1,-1,-1,-1,-1,-1,0,-1
2023320236791,2023,320236791,1,1,0,9,9,2,6,0,0,8,0,0,0,0,1,1,6,6,1,12,3,-1,-1,-1,-1,-1,-1,0,-1
2023010468924,2023,010468924,2,1,0,3,3,5,1,9,9,0,0,0,0,0,4,1,6,6,1,19,4,-1,-1,-1,-1,3,E01001548,0,-1
2023122300125,2023,122300125,1,9,0,18,19,1,5,0,0,8,0,0,0,0,0,1,6,6,3,-1,-1,-1,-1,-1,-1,-1,-1,0,-1
2023440205645,2023,440205645,2,-1,0,9,9,6,4,0,0,1,0,0,0,0,3,1,6,6,1,15,3,-1,-1,-1,-1,3,E01017343,1,-1
2023010438362,2023,010438362,1,1,0,18,19,5,1,0,0,0,0,0,0,0,0,1,2,2,1,40,7,-1,-1,-1,-1,3,E01004734,0,-1
2023170H10053,2023,170H10053,1,9,0,18,19,3,7,0,0,0,0,0,0,0,1,1,6,6,2,28,6,-1,-1,-1,-1,3,E01011975,0,-1
2023010426269,2023,010426269,2,9,0,13,13,1,5,0,0,1,1,0,1,0,1,1,6,6,1,25,5,-1,-1,-1,-1,2,E01003120,0,-1
2023311381562,2023,311381562,2,1,0,18,19,2,6,0,0,8,0,0,0,0,1,1,6,6,1,19,4,-1,-1,-1,-1,-1,-1,0,-1
2023010459336,2023,010459336,2,1,0,14,14,7,3,0,0,8,0,0,0,0,4,1,6,6,1,40,7,-1,-1,-1,-1,10,E01004106,0,-1
2023320667611,2023,320667611,2,19,0,18,19,2,6,0,0,8,0,0,0,0,1,1,6,6,1,65,9,-1,-1,-1,-1,1,E01026074,0,-1
2023430533018,2023,430533018,2,90,0,18,19,5,1,0,0,6,0,0,3,2,1,1,1,1,1,24,5,-1,-1,-1,-1,-1,-1,0,-1
2023010445950,2023,010445950,1,1,9,99,99,9,9,99,99,9,9,99,9,99,0,1,2,2,1,35,6,-1,-1,-1,-1,9,E01003810,0,-1
2023302300847,2023,302300847,3,9,0,16,19,8,4,0,0,0,0,0,0,0,1,1,6,6,1,32,6,-1,-1,-1,-1,2,E01006030,0,-1
2023522400237,2023,522400237,2,9,0,18,19,1,5,0,0,6,0,0,0,0,1,1,6,6,3,-1,-1,-1,-1,-1,-1,-1,-1,0,-1
2023371347800,2023,371347800,1,9,0,18,19,3,7,0,0,1,0,0,0,0,-1,1,6,6,2,-1,-1,-1,-1,-1,-1,-1,-1,0,-1
2023351312864,2023,351312864,2,1,0,18,19,7,3,0,0,0,0,0,0,0,4,1,6,6,1,12,3,-1,-1,-1,-1,2,E01018063,0,-1
2023320547821,2023,320547821,2,9,0,18,19,2,6,0,0,0,0,0,0,0,2,1,6,6,2,23,5,-1,-1,-1,-1,10,E01013574,0,-1
2023320112932,2023,320112932,1,9,0,18,19,6,2,0,0,0,0,0,0,0,4,1,6,6,3,-1,-1,-1,-1,-1,-1,-1,-1,0,-1
2023401339494,2023,401339494,1,-1,0,18,19,7,3,0,0,0,0,0,0,0,1,1,6,6,1,18,4,-1,-1,-1,-1,5,E01015746,1,-1
2023010453673,2023,010453673,2,9,0,7,7,2,5,0,0,1,0,0,0,0,1,2,6,6,1,55,8,-1,-1,-1,-1,10,E01030517,0,-1
2023311342777,2023,311342777,1,19,0,7,7,8,2,0,0,1,0,0,0,0,1,1,6,6,3,-1,-1,-1,-1,-1,-1,-1,-1,0,-1
2023340WN0562,2023,340WN0562,1,9,0,15,15,1,5,0,0,0,0,0,0,0,1,1,6,6,3,-1,-1,-1,-1,-1,-1,-1,-1,0,-1
2023421360450,2023,421360450,2,1,0,18,19,5,1,0,0,8,0,0,0,0,4,1,2,2,1,34,6,-1,-1,-1,-1,5,E01021680,0,-1
2023440402129,2023,440402129,1,9,0,18,19,1,5,0,0,0,5,0,1,10,4,1,6,6,1,40,7,-1,-1,-1,-1,4,E01030433,0,-1
2023302300107,2023,302300107,1,17,0,18,19,2,6,0,0,0,0,0,0,0,1,1,1,1,1,35,6,-1,-1,-1,-1,5,E01019605,0,-1
2023010486594,2023,010486594,1,1,9,99,99,9,9,99,99,9,9,99,9,99,1,1,6,6,1,62,9,-1,-1,-1,-1,7,E01032739,0,-1
2023371331175,2023,371331175,1,9,-1,10,10,7,5,0,0,0,-1,-1,-1,0,0,1,6,6,3,-1,-1,-1,-1,-1,-1,-1,-1,0,-1
2023430573690,2023,430573690,1,3,0,4,4,2,6,0,0,1,0,0,0,0,1,1,6,6,1,32,6,-1,-1,-1,-1,6,E01016304,0,-1
2023052302632,2023,052302632,1,9,0,18,19,7,3,0,0,1,0,0,0,0,1,1,6,6,3,-1,-1,-1,-1,-1,-1,-1,-1,0,-1
2023161340806,2023,161340806,2,1,0,18,19,7,3,9,9,1,0,0,0,0,3,1,5,6,1,57,9,-1,-1,-1,-1,1,E01012761,0,-1