collision_index,collision_year,collision_ref_no,vehicle_reference,vehicle_type,towing_and_articulation,vehicle_manoeuvre_historic,vehicle_manoeuvre,vehicle_direction_from,vehicle_direction_to,vehicle_location_restricted_lane_historic,vehicle_location_restricted_lane,junction_location,skidding_and_overturning,hit_object_in_carriageway,vehicle_leaving_carriageway,hit_object_off_carriageway,first_point_of_impact,vehicle_left_hand_drive,journey_purpose_of_driver_historic,journey_purpose_of_driver,sex_of_driver,age_of_driver,age_band_of_driver,engine_capacity_cc,propulsion_code,age_of_vehicle,generic_make_model,driver_imd_decile,lsoa_of_driver,escooter_flag,driver_distance_banding
2023041348272,2023,041348272,1,9,0,9,9,5,3,0,0,5,0,0,0,0,1,1,6,6,3,-1,-1,-1,-1,-1,-1,-1,-1,0,-1
2023010439916,2023,010439916,2,9,0,99,99,9,9,99,99,9,9,99,9,99,1,9,6,6,3,-1,-1,-1,-1,-1,-1,3,E01001697,0,-1
2023071148055,2023,071148055,1,1,0,13,13,1,5,0,0,1,0,0,0,0,1,1,6,6,1,17,4,-1,-1,-1,-1,-1,-1,0,-1
2023041272890,2023,041272890,2,1,0,10,10,8,6,0,0,6,0,0,0,0,1,1,2,2,1,52,8,-1,-1,-1,-1,3,E01025310,0,-1
2023052300822,2023,052300822,2,23,0,7,7,4,8,0,0,1,1,0,0,0,4,1,6,6,1,27,6,-1,-1,-1,-1,6,E01033752,0,-1
2023010441364,2023,010441364,1,1,9,99,99,9,9,99,99,9,9,99,9,99,1,1,2,2,2,28,6,-1,-1,-1,-1,2,E01004240,0,-1
2023161290965,2023,161290965,2,9,0,2,2,0,0,0,0,0,0,0,0,0,4,2,6,6,3,-1,-1,-1,-1,-1,-1,-1,-1,0,-1
2023522300814,2023,522300814,1,1,0,18,19,1,5,0,0,0,0,0,0,0,4,1,6,6,1,31,6,-1,-1,-1,-1,5,E01014671,0,-1
2023010485313,2023,010485313,2,1,9,99,99,9,9,99,99,9,9,99,9,99,9,1,6,6,1,27,6,-1,-1,-1,-1,1,E01002783,0,-1
2023010461275,2023,010461275,3,97,0,18,19,1,5,0,0,2,0,0,0,0,0,1,6,6,1,-1,-1,-1,-1,-1,-1,-1,-1,0,-1
2023131307193,2023,131307193,2,1,0,9,9,5,3,0,0,8,0,0,0,0,3,1,6,6,1,37,7,-1,-1,-1,-1,1,E01010653,0,-1
2023461355885,2023,461355885,1,9,0,7,7,-1,-1,0,0,2,0,0,0,0,3,1,6,6,1,-1,-1,-1,-1,-1,-1,-1,-1,0,-1
2023161330295,2023,161330295,2,1,0,18,19,7,3,9,9,0,0,0,0,0,1,1,2,2,1,42,7,-1,-1,-1,-1,1,E01012857,0,-1
2023010451159,2023,010451159,2,9,9,99,99,9,9,99,99,9,9,99,9,99,9,9,6,6,3,-1,-1,-1,-1,-1,-1,-1,-1,0,-1
2023461323424,2023,461323424,1,9,0,4,4,7,3,0,0,1,0,0,0,0,2,1,2,2,1,44,7,-1,-1,-1,-1,9,E01016112,0,-1
2023421388046,2023,421388046,1,9,0,18,19,5,1,0,0,0,0,0,1,11,4,1,2,2,1,34,6,-1,-1,-1,-1,4,E01021506,0,-1
2023101376321,2023,101376321,2,1,0,18,19,7,3,0,0,4,2,0,0,0,3,1,5,6,1,59,9,-1,-1,-1,-1,-1,-1,0,-1
2023010449316,2023,010449316,2,1,0,18,19,3,7,0,0,8,0,0,0,0,3,1,6,6,1,56,9,-1,-1,-1,-1,3,E01004037,0,-1
2023461275930,2023,461275930,1,9,0,7,7,3,7,0,0,5,0,0,0,0,1,1,5,6,1,17,4,-1,-1,-1,-1,4,E01024243,0,-1
2023010436029,2023,010436029,1,1,9,99,99,9,9,99,99,9,9,99,9,99,1,1,6,6,1,38,7,-1,-1,-1,-1,5,E01003080,0,-1
2023501282965,2023,501282965,1,9,-1,-1,-1,1,6,-1,-1,-1,-1,-1,-1,0,-1,1,6,6,3,-1,-1,-1,-1,-1,-1,-1,-1,0,-1
2023010452655,2023,010452655,2,1,0,10,10,3,8,0,0,8,0,0,0,0,4,1,2,2,1,47,8,-1,-1,-1,-1,2,E01001202,0,-1
2023141380138,2023,141380138,1,11,0,18,19,1,5,0,0,0,0,0,0,0,1,1,6,6,3,-1,-1,-1,-1,-1,-1,-1,-1,0,-1
2023440325158,2023,440325158,2,1,0,9,9,4,8,0,0,1,0,0,0,0,3,1,6,6,1,43,7,-1,-1,-1,-1,8,E01032690,0,-1
2023471390984,2023,471390984,2,1,0,18,19,7,3,0,0,1,0,0,0,0,4,1,2,2,1,53,8,-1,-1,-1,-1,8,E01031780,0,-1
2023351372965,2023,351372965,2,9,0,18,19,4,8,0,0,0,0,0,0,0,1,2,6,6,1,52,8,-1,-1,-1,-1,-1,-1,0,-1
2023010456720,2023,010456720,1,19,0,99,99,9,9,0,0,1,9,99,0,0,1,9,6,6,3,-1,-1,-1,-1,-1,-1,-1,-1,0,-1
2023010420038,2023,010420038,2,9,0,9,9,5,3,0,0,6,0,0,0,0,3,1,6,6,3,-1,-1,-1,-1,-1,-1,-1,-1,0,-1
2023041335819,2023,041335819,2,1,0,18,19,-1,-1,0,0,1,0,0,0,0,4,1,6,6,1,23,5,-1,-1,-1,-1,1,E01024909,0,-1
2023010428050,2023,010428050,1,3,0,16,19,3,7,0,0,1,0,10,0,0,1,1,6,6,1,16,4,-1,-1,-1,-1,2,E01033148,0,-1
2023161355005,2023,161355005,1,11,0,4,4,8,4,0,0,4,0,0,0,0,0,1,1,1,1,35,6,-1,-1,-1,-1,5,E01012819,0,-1
2023111268247,2023,111268247,1,9,0,18,19,7,5,0,0,0,0,0,0,0,4,1,6,6,3,30,6,-1,-1,-1,-1,-1,-1,0,-1
2023061380620,2023,061380620,2,9,4,2,2,5,1,9,9,2,0,0,0,0,1,1,5,6,1,29,6,-1,-1,-1,-1,-1,-1,0,-1
2023010481686,2023,010481686,3,9,0,18,19,3,7,0,0,0,0,0,0,0,1,1,6,6,3,-1,-1,-1,-1,-1,-1,-1,-1,0,-1
2023010444880,2023,010444880,1,9,0,18,19,5,1,0,0,4,0,0,0,0,1,1,6,6,3,-1,-1,-1,-1,-1,-1,-1,-1,0,-1
2023131299333,2023,131299333,1,1,0,18,19,3,7,0,0,1,0,0,0,0,3,1,6,6,1,24,5,-1,-1,-1,-1,4,E01011325,0,-1
2023010420665,2023,010420665,1,1,9,99,99,9,9,99,99,9,9,99,9,99,9,1,2,2,1,54,8,-1,-1,-1,-1,4,E01004380,0,-1
2023371280097,2023,371280097,1,9,0,18,19,3,7,0,0,0,0,4,0,0,1,1,5,6,1,70,10,-1,-1,-1,-1,8,E01029909,0,-1
2023131365589,2023,131365589,2,1,0,18,19,4,8,0,0,0,5,4,0,0,1,1,1,1,1,45,7,-1,-1,-1,-1,1,E01011429,0,-1
2023201283745,2023,201283745,2,1,0,18,19,2,6,0,0,8,0,0,0,0,1,1,6,6,2,74,10,-1,-1,-1,-1,9,E01010208,0,-1
2023010452731,2023,010452731,1,1,0,18,19,1,5,0,0,0,0,4,0,0,1,1,6,6,1,26,6,-1,-1,-1,-1,3,E01004743,0,-1
2023010480453,2023,010480453,2,9,0,99,99,9,9,99,99,9,9,99,9,99,9,9,6,6,3,-1,-1,-1,-1,-1,-1,-1,-1,0,-1
2023010423093,2023,010423093,2,1,0,18,19,3,7,0,0,1,0,0,0,0,3,1,4,7,1,15,3,-1,-1,-1,-1,4,E01004027,0,-1
2023031306401,2023,031306401,1,9,0,16,19,7,3,0,0,1,0,0,0,0,1,1,6,6,1,36,7,-1,-1,-1,-1,5,E01019305,0,-1
2023122301004,2023,122301004,1,1,0,18,19,4,8,0,0,0,0,0,0,0,0,1,6,6,1,23,5,-1,-1,-1,-1,3,E01013394,0,-1
2023161305875,2023,161305875,1,9,0,7,7,5,7,2,2,5,0,0,0,0,2,1,6,6,1,-1,-1,-1,-1,-1,-1,-1,-1,0,-1
2023221369862,2023,221369862,1,9,0,18,19,1,5,0,0,0,0,0,0,0,1,1,6,6,1,74,10,-1,-1,-1,-1,5,E01029696,0,-1
2023471318143,2023,471318143,2,1,0,18,19,1,5,0,0,0,0,0,0,0,0,1,2,2,1,55,8,-1,-1,-1,-1,7,E01031349,0,-1
2023501292726,2023,501292726,2,1,0,18,19,1,5,0,0,0,0,0,0,0,1,1,5,6,1,40,7,-1,-1,-1,-1,3,E01019985,0,-1
2023010450860,2023,010450860,2,1,0,9,9,5,2,0,0,8,0,0,0,0,1,1,2,2,2,33,6,-1,-1,-1,-1,5,E01004494,0,-1
2023430312429,2023,430312429,2,1,0,18,19,1,5,0,0,8,0,0,0,0,1,1,6,6,1,18,4,-1,-1,-1,-1,4,E01016446,0,-1
2023461300753,2023,461300753,2,9,0,18,19,3,7,0,0,1,0,0,0,0,3,1,5,6,1,80,11,-1,-1,-1,-1,6,E01024703,0,-1
2023302300053,2023,302300053,2,1,0,18,19,8,4,0,0,8,0,0,0,0,4,1,6,6,1,48,8,-1,-1,-1,-1,8,E01013469,0,-1
2023010427796,2023,010427796,2,1,0,18,19,3,7,0,0,8,0,0,0,0,3,1,1,1,1,27,6,-1,-1,-1,-1,3,E01000094,0,-1
2023421360099,2023,421360099,2,1,0,-1,-1,-1,-1,-1,-1,-1,-1,-1,-1,0,-1,1,6,6,1,-1,-1,-1,-1,-1,-1,10,E01021693,0,-1
2023351380756,2023,351380756,1,19,0,9,9,8,5,0,0,1,0,0,0,0,1,1,6,6,3,-1,-1,-1,-1,-1,-1,-1,-1,0,-1
2023311302396,2023,311302396,2,1,0,18,19,3,7,0,0,3,0,0,0,0,4,1,5,6,1,28,6,-1,-1,-1,-1,6,E01028326,0,-1
2023531346005,2023,531346005,2,1,0,18,19,1,5,0,0,0,0,0,0,0,3,1,6,6,1,57,9,-1,-1,-1,-1,10,E01031962,0,-1
2023010460956,2023,010460956,2,1,0,18,19,5,1,0,0,8,0,0,0,0,0,1,6,6,1,67,10,-1,-1,-1,-1,3,E01003105,0,-1
2023361306644,2023,361306644,1,9,0,18,19,5,1,5,5,0,0,0,0,0,4,1,6,6,1,59,9,-1,-1,-1,-1,5,E01026789,0,-1
2023010480901,2023,010480901,1,9,0,9,9,7,5,0,0,8,0,0,0,0,1,1,6,6,3,-1,-1,-1,-1,-1,-1,-1,-1,0,-1
2023201279073,2023,201279073,1,-1,0,18,19,7,3,0,0,8,0,0,0,0,3,1,1,1,1,16,4,-1,-1,-1,-1,-1,-1,1,-1
2023010438293,2023,010438293,1,1,0,18,19,1,5,9,9,2,0,10,0,0,1,1,6,6,2,12,3,-1,-1,-1,-1,6,E01001245,0,-1
2023201323104,2023,201323104,1,9,0,7,7,3,5,0,0,5,0,0,0,0,4,1,1,1,2,22,5,-1,-1,-1,-1,8,E01029370,0,-1
2023052302272,2023,052302272,2,1,0,18,19,7,3,0,0,0,0,0,0,0,1,1,6,6,2,47,8,-1,-1,-1,-1,1,E01007227,0,-1
2023302300858,2023,302300858,1,9,0,18,19,6,2,0,0,2,0,0,0,0,4,1,6,6,3,-1,-1,-1,-1,-1,-1,5,E01019456,0,-1
2023101352547,2023,101352547,1,9,0,18,19,8,4,0,0,8,0,0,0,0,1,1,6,6,3,45,7,-1,-1,-1,-1,-1,-1,0,-1
2023302300760,2023,302300760,2,9,0,3,3,6,2,0,0,0,0,0,0,0,1,1,1,1,1,41,7,-1,-1,-1,-1,1,E01019625,0,-1
2023010456531,2023,010456531,2,9,0,18,19,1,5,0,0,0,0,0,0,0,3,1,6,6,3,-1,-1,-1,-1,-1,-1,-1,-1,0,-1
2023332301161,2023,332301161,2,1,0,18,19,3,7,0,0,0,0,0,0,0,4,1,4,7,1,13,3,-1,-1,-1,-1,8,E01013799,0,-1
2023351346798,2023,351346798,1,5,0,16,19,3,7,0,0,0,0,0,0,0,1,1,5,6,1,23,5,-1,-1,-1,-1,10,E01018248,0,-1
2023010437276,2023,010437276,1,1,9,99,99,9,9,99,99,0,9,99,9,99,1,1,6,6,1,29,6,-1,-1,-1,-1,5,E01002769,0,-1
2023440214775,2023,440214775,2,1,0,14,14,6,2,0,0,0,0,0,0,0,1,1,2,2,1,35,6,-1,-1,-1,-1,-1,-1,0,-1
2023411279749,2023,411279749,1,22,0,18,19,2,6,9,9,0,0,0,0,0,1,1,6,6,1,-1,-1,-1,-1,-1,-1,-1,-1,0,-1
2023461297710,2023,461297710,2,-1,0,18,19,5,1,0,0,0,0,0,0,0,1,1,6,6,1,50,8,-1,-1,-1,-1,1,E01016049,1,-1
2023031309368,2023,031309368,1,9,0,18,19,3,4,0,0,0,0,0,0,0,1,1,6,6,1,45,7,-1,-1,-1,-1,7,E01027696,0,-1
2023010455598,2023,010455598,1,-1,0,18,19,3,7,0,0,1,0,0,0,0,0,1,6,6,1,37,7,-1,-1,-1,-1,7,E01002569,1,-1
2023501263654,2023,501263654,2,19,0,18,19,7,3,0,0,0,0,0,0,0,1,1,2,2,1,41,7,-1,-1,-1,-1,6,E01032844,0,-1
2023161281498,2023,161281498,1,21,0,18,19,7,3,0,0,0,0,0,0,0,3,2,1,1,1,55,8,-1,-1,-1,-1,-1,-1,0,-1
2023440218413,2023,440218413,2,1,0,18,19,3,7,0,0,8,0,0,0,0,1,1,6,6,1,38,7,-1,-1,-1,-1,5,E01017068,0,-1
2023401374431,2023,401374431,4,8,0,4,4,2,6,0,0,0,0,0,0,0,2,1,1,1,1,57,9,-1,-1,-1,-1,4,E01015755,0,-1
2023211390344,2023,211390344,2,9,0,9,9,8,6,0,0,6,0,0,0,0,1,1,6,6,2,43,7,-1,-1,-1,-1,1,E01014251,0,-1
2023061341273,2023,061341273,1,9,0,18,19,5,1,0,0,1,0,0,0,0,1,1,6,6,3,-1,-1,-1,-1,-1,-1,-1,-1,0,-1
2023061280486,2023,061280486,1,-1,-1,-1,-1,4,8,-1,-1,0,-1,-1,-1,0,-1,1,6,6,3,-1,-1,-1,-1,-1,-1,-1,-1,0,-1
2023010454981,2023,010454981,2,9,9,99,99,9,9,99,99,0,9,99,9,99,9,9,6,6,3,-1,-1,-1,-1,-1,-1,-1,-1,0,-1
2023332300827,2023,332300827,2,9,0,7,7,2,4,0,0,3,0,0,0,0,0,1,6,6,3,-1,-1,-1,-1,-1,-1,-1,-1,0,-1
2023010446979,2023,010446979,2,1,0,18,19,7,3,0,0,1,0,0,0,0,1,1,6,6,1,23,5,-1,-1,-1,-1,2,E01004239,0,-1
2023111358512,2023,111358512,2,1,0,18,19,3,7,0,0,1,0,0,0,0,1,1,6,6,1,36,7,-1,-1,-1,-1,4,E01020638,0,-1
2023451316020,2023,451316020,1,1,0,17,19,7,3,0,0,0,0,0,0,0,3,1,2,2,1,40,7,-1,-1,-1,-1,10,E01030892,0,-1
2023010457642,2023,010457642,1,1,0,6,6,5,5,0,0,0,0,0,0,0,2,1,6,6,1,30,6,-1,-1,-1,-1,8,E01004514,0,-1
2023161338113,2023,161338113,2,1,0,9,9,3,8,0,0,0,0,0,0,0,1,1,6,6,1,43,7,-1,-1,-1,-1,2,E01012869,0,-1
2023440241988,2023,440241988,3,9,0,2,2,0,0,0,0,0,0,0,0,0,1,1,6,6,3,-1,-1,-1,-1,-1,-1,-1,-1,0,-1
2023421359834,2023,421359834,2,90,0,13,13,2,6,0,0,2,0,0,0,0,1,1,6,6,1,22,5,-1,-1,-1,-1,9,E01021826,0,-1
2023332300076,2023,332300076,1,9,0,5,5,7,3,0,0,6,0,0,3,11,1,1,6,6,2,73,10,-1,-1,-1,-1,9,E01025998,0,-1
2023111397470,2023,111397470,2,98,0,18,19,5,1,0,0,1,0,0,0,0,1,1,6,6,3,30,6,-1,-1,-1,-1,-1,-1,0,-1
2023461315721,2023,461315721,2,1,0,9,9,7,3,0,0,8,0,0,0,0,3,1,6,6,1,-1,-1,-1,-1,-1,-1,9,E01000452,0,-1
2023552301173,2023,552301173,2,1,0,18,19,1,5,5,5,8,0,0,0,0,1,1,2,2,1,54,8,-1,-1,-1,-1,10,E01015399,0,-1
2023552300497,2023,552300497,2,1,0,9,9,5,2,0,0,5,0,0,0,0,1,1,4,7,2,13,3,-1,-1,-1,-1,6,E01020547,0,-1
2023010475465,2023,010475465,1,1,9,99,99,9,9,99,99,9,9,99,9,99,9,1,2,2,1,29,6,-1,-1,-1,-1,2,E01032579,0,-1
2023430277138,2023,430277138,2,19,0,18,19,7,3,0,0,1,0,0,0,0,1,1,6,6,1,-1,-1,-1,-1,-1,-1,-1,-1,0,-1
2023131310173,2023,131310173,2,1,0,18,19,1,5,0,0,1,0,0,0,0,3,1,6,6,1,76,11,-1,-1,-1,-1,9,E01011457,0,-1
2023991373176,2023,991373176,2,1,0,18,19,7,3,0,0,3,0,0,0,0,3,1,2,2,1,45,7,-1,-1,-1,-1,4,-1,0,-1
2023401311279,2023,401311279,2,1,0,5,5,3,7,0,0,1,0,0,0,0,1,1,4,7,1,9,2,-1,-1,-1,-1,10,E01017413,0,-1
2023010480066,2023,010480066,2,9,0,99,99,9,9,99,99,9,9,99,9,99,9,9,6,6,3,-1,-1,-1,-1,-1,-1,-1,-1,0,-1
2023411271405,2023,411271405,2,9,0,17,19,5,3,0,0,0,0,0,7,0,1,1,5,6,1,48,8,-1,-1,-1,-1,2,E01018075,0,-1
2023010459483,2023,010459483,1,1,9,99,99,9,9,99,99,9,9,99,9,99,9,1,2,2,1,34,6,-1,-1,-1,-1,9,E01003158,0,-1
2023201388371,2023,201388371,2,1,0,18,19,3,7,0,0,8,0,0,0,0,1,1,6,6,1,-1,-1,-1,-1,-1,-1,-1,-1,0,-1
2023010430868,2023,010430868,1,9,0,9,9,8,6,0,0,2,0,0,0,0,1,1,6,6,3,-1,-1,-1,-1,-1,-1,-1,-1,0,-1
2023010451546,2023,010451546,2,1,0,9,9,7,6,0,0,0,0,0,7,0,3,1,6,6,1,38,7,-1,-1,-1,-1,2,E01004240,0,-1
2023552300678,2023,552300678,1,1,0,18,19,2,6,0,0,6,0,0,0,0,3,1,6,6,1,13,3,-1,-1,-1,-1,7,E01015450,0,-1
2023421268571,2023,421268571,1,9,0,5,5,1,5,8,6,0,0,0,0,0,0,1,6,6,3,-1,-1,-1,-1,-1,-1,-1,-1,0,-1
2023122301266,2023,122301266,1,19,0,10,10,8,6,0,0,6,0,0,0,0,3,1,6,6,1,47,8,-1,-1,-1,-1,10,E01013360,0,-1
2023010438295,2023,010438295,1,97,0,18,19,8,4,0,0,1,0,0,0,0,0,1,6,6,3,-1,-1,-1,-1,-1,-1,-1,-1,0,-1
2023061344945,2023,061344945,2,1,0,18,19,3,6,0,0,8,0,0,0,0,4,1,6,6,1,37,7,-1,-1,-1,-1,3,E01005249,0,-1
2023340WN4542,2023,340WN4542,1,19,0,18,19,2,6,0,0,0,1,0,0,6,1,1,6,6,1,47,8,-1,-1,-1,-1,7,E01015330,0,-1
2023141338331,2023,141338331,2,9,0,2,2,0,0,0,0,1,0,0,0,0,3,1,6,6,3,-1,-1,-1,-1,-1,-1,-1,-1,0,-1
2023501373830,2023,501373830,2,1,0,18,19,2,4,0,0,2,5,0,0,0,3,1,5,6,1,58,9,-1,-1,-1,-1,3,E01020114,0,-1
2023471361599,2023,471361599,3,98,0,3,3,4,8,0,0,1,0,0,0,0,0,1,6,6,3,-1,-1,-1,-1,-1,-1,-1,-1,0,-1
2023302301765,2023,302301765,1,9,0,7,7,3,5,9,9,0,0,0,0,0,1,1,6,6,3,-1,-1,-1,-1,-1,-1,5,E01019456,0,-1
2023501310651,2023,501310651,3,20,0,18,19,7,4,0,0,1,0,0,0,0,1,1,1,1,1,62,9,-1,-1,-1,-1,3,E01005726,0,-1
2023010438214,2023,010438214,1,1,9,99,99,9,9,99,99,9,9,99,9,99,1,1,6,6,3,-1,-1,-1,-1,-1,-1,-1,-1,0,-1
2023052300336,2023,052300336,1,1,0,18,19,7,3,0,0,1,0,0,0,0,1,1,6,6,1,35,6,-1,-1,-1,-1,8,E01012471,0,-1
2023552301496,2023,552301496,2,9,0,18,19,4,8,0,0,8,0,0,0,0,3,1,6,6,1,48,8,-1,-1,-1,-1,7,E01020465,0,-1
2023010454482,2023,010454482,2,1,9,99,99,9,9,99,99,0,9,99,9,99,9,1,6,6,3,-1,-1,-1,-1,-1,-1,2,E01000051,0,-1
2023010455497,2023,010455497,1,1,9,99,99,9,9,99,99,9,9,99,9,99,1,1,6,6,2,31,6,-1,-1,-1,-1,4,E01002696,0,-1
2023421318693,2023,421318693,1,-1,0,9,9,5,3,0,0,4,0,0,0,0,3,1,6,6,2,15,3,-1,-1,-1,-1,-1,-1,1,-1
2023531393600,2023,531393600,2,1,0,18,19,7,3,0,0,0,0,0,0,0,2,1,5,6,1,34,6,-1,-1,-1,-1,8,E01022423,0,-1
2023440312162,2023,440312162,1,1,0,18,19,3,7,0,0,8,0,0,0,0,4,1,6,6,1,64,9,-1,-1,-1,-1,9,E01023241,0,-1
2023211354974,2023,211354974,1,9,0,4,4,7,3,0,0,0,0,0,0,0,1,1,6,6,2,-1,-1,-1,-1,-1,-1,-1,-1,0,-1
2023520301674,2023,520301674,2,1,0,18,19,3,7,0,0,0,0,0,0,0,1,1,6,6,2,15,3,-1,-1,-1,-1,9,E01029209,0,-1
2023430503860,2023,430503860,1,1,0,18,19,5,1,0,0,0,0,0,0,0,1,1,6,6,1,20,4,-1,-1,-1,-1,-1,-1,0,-1
2023010422233,2023,010422233,2,9,0,99,99,9,9,99,99,9,9,99,9,99,1,9,6,6,3,-1,-1,-1,-1,-1,-1,-1,-1,0,-1
2023302301384,2023,302301384,2,1,0,18,19,2,6,0,0,0,0,0,0,0,1,1,6,6,1,66,10,-1,-1,-1,-1,-1,-1,0,-1
2023991271811,2023,991271811,2,1,0,18,19,4,8,0,0,1,0,0,0,0,1,1,5,6,1,15,3,-1,-1,-1,-1,-1,-1,0,-1
2023010434969,2023,010434969,1,1,9,18,19,7,3,0,0,8,9,99,9,99,9,1,2,2,1,55,8,-1,-1,-1,-1,7,E01004605,0,-1
2023201461702,2023,201461702,2,9,0,18,19,6,2,0,0,8,0,0,0,0,9,1,6,6,1,-1,-1,-1,-1,-1,-1,-1,-1,0,-1
2023552300393,2023,552300393,2,1,0,18,19,5,1,0,0,8,1,0,0,0,2,1,6,6,1,52,8,-1,-1,-1,-1,3,E01015292,0,-1
2023201400891,2023,201400891,1,9,0,18,19,1,5,0,0,1,0,0,0,0,1,1,6,6,1,-1,-1,-1,-1,-1,-1,-1,-1,0,-1
2023430232189,2023,430232189,1,-1,0,18,19,4,8,0,0,0,0,0,0,0,1,1,6,6,1,15,3,-1,-1,-1,-1,-1,-1,1,-1
2023311265228,2023,311265228,2,1,0,18,19,6,2,0,0,1,0,0,0,0,4,1,6,6,1,12,3,-1,-1,-1,-1,3,E01028306,0,-1
2023471272269,2023,471272269,1,9,0,-1,-1,-1,-1,-1,-1,0,-1,-1,-1,0,-1,1,6,6,3,-1,-1,-1,-1,-1,-1,-1,-1,0,-1
2023010458120,2023,010458120,2,9,0,99,99,9,9,99,99,9,9,99,9,99,2,9,6,6,1,40,7,-1,-1,-1,-1,6,E01021668,0,-1
2023141312589,2023,141312589,3,9,0,18,19,5,1,0,0,0,0,0,0,0,1,1,5,6,2,22,5,-1,-1,-1,-1,1,E01028001,0,-1
2023991344067,2023,991344067,2,9,0,18,19,3,7,0,0,0,1,0,0,0,1,1,5,6,1,49,8,-1,-1,-1,-1,7,-1,0,-1
2023991353306,2023,991353306,1,9,0,10,10,3,7,0,0,0,0,0,0,0,1,1,6,6,3,23,5,-1,-1,-1,-1,-1,-1,0,-1
2023201426450,2023,201426450,1,-1,0,18,19,8,4,0,0,0,0,0,0,0,1,1,6,6,1,-1,-1,-1,-1,-1,-1,-1,-1,0,-1
2023131389346,2023,131389346,1,9,0,-1,-1,-1,-1,-1,-1,8,-1,-1,-1,0,-1,1,6,6,3,-1,-1,-1,-1,-1,-1,-1,-1,0,-1
2023401359655,2023,401359655,1,9,0,1,1,-1,-1,0,0,8,0,0,0,0,2,1,6,6,2,-1,-1,-1,-1,-1,-1,-1,-1,0,-1
2023471302521,2023,471302521,2,9,0,18,19,3,7,0,0,8,1,0,8,6,1,1,5,6,2,21,5,-1,-1,-1,-1,6,E01031362,0,-1
2023161317752,2023,161317752,2,9,0,18,19,2,6,0,0,2,0,0,0,0,1,1,6,6,3,-1,-1,-1,-1,-1,-1,-1,-1,0,-1
2023991280659,2023,991280659,2,1,0,18,19,3,7,0,0,1,0,0,0,0,1,1,2,2,1,54,8,-1,-1,-1,-1,10,-1,0,-1
2023170L31293,2023,170L31293,3,9,0,18,19,3,7,0,0,0,0,0,0,0,0,1,6,6,1,50,8,-1,-1,-1,-1,5,E01012161,0,-1
2023111288060,2023,111288060,2,1,0,18,19,6,2,0,0,0,0,0,0,0,2,1,6,6,1,70,10,-1,-1,-1,-1,10,E01020683,0,-1
2023041347374,2023,041347374,2,1,0,18,19,6,2,0,0,0,0,0,0,0,1,1,6,6,1,26,6,-1,-1,-1,-1,10,E01025380,0,-1
2023010437119,2023,010437119,1,1,9,99,99,9,9,99,99,9,9,99,9,99,9,1,6,6,1,22,5,-1,-1,-1,-1,2,E01003636,0,-1
2023302300612,2023,302300612,1,22,0,18,19,3,7,9,9,0,0,0,0,0,0,1,6,6,1,82,11,-1,-1,-1,-1,4,E01013515,0,-1
2023010432100,2023,010432100,1,1,9,99,99,9,9,99,99,0,9,99,9,99,9,1,2,2,1,33,6,-1,-1,-1,-1,6,E01001948,0,-1
2023010472826,2023,010472826,2,9,9,99,99,9,9,99,99,9,9,99,9,99,9,9,6,6,1,-1,-1,-1,-1,-1,-1,-1,-1,0,-1
2023010463674,2023,010463674,1,1,9,99,99,9,9,99,99,9,9,99,9,99,9,1,1,1,1,56,9,-1,-1,-1,-1,3,E01003275,0,-1
2023061334544,2023,061334544,2,1,0,7,7,8,2,0,0,8,0,0,0,0,1,1,5,6,1,9,2,-1,-1,-1,-1,-1,-1,0,-1
2023302301919,2023,302301919,2,1,0,8,8,6,8,0,0,8,0,0,0,0,3,1,6,6,2,42,7,-1,-1,-1,-1,4,E01013525,0,-1
2023041322523,2023,041322523,1,-1,0,18,19,5,1,9,9,1,0,0,0,0,1,1,6,6,1,39,7,-1,-1,-1,-1,6,E01025598,1,-1
2023070507234,2023,070507234,2,1,0,18,19,6,2,0,0,0,0,0,0,0,3,1,6,6,1,75,10,-1,-1,-1,-1,10,E01018387,0,-1
2023440295622,2023,440295622,1,-1,0,18,19,1,5,0,0,1,0,0,0,0,0,1,6,6,1,40,7,-1,-1,-1,-1,4,E01023088,1,-1
2023101331535,2023,101331535,1,90,0,9,9,5,1,9,9,1,0,0,0,0,1,1,6,6,1,12,3,-1,-1,-1,-1,-1,-1,0,-1
2023440256801,2023,440256801,1,1,0,18,19,8,4,0,0,0,0,0,0,0,1,1,6,6,3,-1,-1,-1,-1,-1,-1,-1,-1,0,-1
2023440064363,2023,440064363,2,-1,0,18,19,3,7,9,9,8,0,0,0,0,1,1,6,6,1,11,3,-1,-1,-1,-1,10,E01022643,1,-1
2023010432824,2023,010432824,1,1,9,99,99,9,9,99,99,9,9,99,9,99,9,1,6,6,1,55,8,-1,-1,-1,-1,6,E01000414,0,-1
2023010472339,2023,010472339,1,1,9,99,99,9,9,99,99,0,9,99,9,99,9,1,1,1,1,41,7,-1,-1,-1,-1,3,E01003976,0,-1
2023221315268,2023,221315268,2,1,0,18,19,6,2,0,0,8,0,0,0,0,2,1,5,6,1,14,3,-1,-1,-1,-1,3,E01014139,0,-1
2023010426812,2023,010426812,1,9,0,18,19,3,7,0,0,1,0,0,0,0,1,1,6,6,3,-1,-1,-1,-1,-1,-1,-1,-1,0,-1
2023061273340,2023,061273340,1,9,0,-1,-1,-1,-1,-1,-1,0,-1,-1,-1,0,-1,1,6,6,1,-1,-1,-1,-1,-1,-1,-1,-1,0,-1
2023622300174,2023,622300174,1,9,0,18,19,4,8,0,0,1,0,0,0,0,1,1,2,2,1,21,5,-1,-1,-1,-1,2,W01001765,0,-1
2023131272424,2023,131272424,1,90,0,6,6,1,5,0,0,0,5,0,0,0,3,1,6,6,1,41,7,-1,-1,-1,-1,2,E01011538,0,-1
2023111276059,2023,111276059,1,9,0,18,19,2,6,0,0,1,0,0,0,0,1,1,6,6,3,40,7,-1,-1,-1,-1,-1,-1,0,-1
2023311298716,2023,311298716,3,1,0,18,19,3,7,0,0,8,2,0,0,0,1,1,4,7,1,13,3,-1,-1,-1,-1,10,E01028292,0,-1
2023411303913,2023,411303913,1,1,0,18,19,5,1,0,0,0,0,0,0,0,1,1,6,6,1,31,6,-1,-1,-1,-1,6,E01023388,0,-1