collision_index,collision_year,collision_ref_no,vehicle_reference,vehicle_type,towing_and_articulation,vehicle_manoeuvre_historic,vehicle_manoeuvre,vehicle_direction_from,vehicle_direction_to,vehicle_location_restricted_lane_historic,vehicle_location_restricted_lane,junction_location,skidding_and_overturning,hit_object_in_carriageway,vehicle_leaving_carriageway,hit_object_off_carriageway,first_point_of_impact,vehicle_left_hand_drive,journey_purpose_of_driver_historic,journey_purpose_of_driver,sex_of_driver,age_of_driver,age_band_of_driver,engine_capacity_cc,propulsion_code,age_of_vehicle,generic_make_model,driver_imd_decile,lsoa_of_driver,escooter_flag,driver_distance_banding
2023052302713,2023,052302713,1,1,0,18,19,5,1,0,0,8,0,0,0,0,1,1,6,6,2,55,8,-1,-1,-1,-1,1,E01006963,0,-1
2023231269888,2023,231269888,4,9,0,18,19,6,2,0,0,0,0,0,0,0,1,1,6,6,2,45,7,-1,-1,-1,-1,3,E01001192,0,-1
2023201330059,2023,201330059,2,9,0,18,19,7,3,0,0,8,0,10,1,9,1,1,6,6,2,27,6,-1,-1,-1,-1,9,E01031306,0,-1
2023061318485,2023,061318485,2,1,-1,-1,-1,-1,-1,-1,-1,0,-1,-1,-1,0,-1,1,6,6,1,52,8,-1,-1,-1,-1,5,E01005961,0,-1
2023010453134,2023,010453134,1,1,0,14,14,3,7,0,0,0,0,4,0,0,1,1,6,6,2,65,9,-1,-1,-1,-1,8,E01003830,0,-1
2023101297129,2023,101297129,1,9,0,18,19,5,1,0,0,0,0,0,0,0,4,1,6,6,3,-1,-1,-1,-1,-1,-1,-1,-1,0,-1
2023430381804,2023,430381804,1,1,0,18,19,5,1,0,0,0,0,0,0,0,1,1,6,6,1,51,8,-1,-1,-1,-1,7,E01028424,0,-1
2023461273232,2023,461273232,1,9,0,15,15,2,6,0,0,8,0,0,2,0,3,1,5,6,1,29,6,-1,-1,-1,-1,5,E01024319,0,-1
2023991387278,2023,991387278,1,8,0,5,5,8,3,0,0,0,0,0,0,0,3,1,1,1,1,54,8,-1,-1,-1,-1,-1,-1,0,-1
2023010446774,2023,010446774,2,19,0,99,99,9,9,99,99,9,9,99,9,99,1,9,6,6,3,-1,-1,-1,-1,-1,-1,4,E01000928,0,-1
2023320771845,2023,320771845,2,1,0,16,19,4,8,9,9,4,5,0,0,0,1,1,6,6,2,63,9,-1,-1,-1,-1,7,E01026326,0,-1
2023010433003,2023,010433003,2,9,0,99,99,9,9,99,99,9,9,99,9,99,9,9,6,6,3,-1,-1,-1,-1,-1,-1,2,E01003911,0,-1
2023010420757,2023,010420757,2,98,0,18,19,1,5,0,0,0,0,0,0,0,9,9,6,6,3,-1,-1,-1,-1,-1,-1,-1,-1,0,-1
2023361285478,2023,361285478,1,9,0,6,6,3,3,0,0,0,0,0,0,0,4,1,5,6,2,18,4,-1,-1,-1,-1,10,E01026882,0,-1
2023461327654,2023,461327654,2,1,0,18,19,3,7,0,0,1,0,0,0,0,1,1,6,6,1,15,3,-1,-1,-1,-1,8,E01024730,0,-1
2023411266762,2023,411266762,1,9,0,18,19,3,7,0,0,0,0,0,0,0,4,1,6,6,3,-1,-1,-1,-1,-1,-1,-1,-1,0,-1
2023501372190,2023,501372190,1,11,0,18,19,7,3,0,0,0,0,0,0,0,4,1,1,1,1,-1,-1,-1,-1,-1,-1,-1,-1,0,-1
202360A045765,2023,60A045765,1,9,0,18,19,1,5,0,0,2,0,0,0,0,3,1,6,6,3,-1,-1,-1,-1,-1,-1,-1,-1,0,-1
2023421265724,2023,421265724,1,9,0,5,5,4,7,0,0,4,0,0,0,0,1,1,6,6,3,-1,-1,-1,-1,-1,-1,-1,-1,0,-1
2023010452012,2023,010452012,2,9,9,99,99,9,9,0,0,1,9,99,3,99,3,9,6,6,3,-1,-1,-1,-1,-1,-1,-1,-1,0,-1
2023471260529,2023,471260529,1,9,0,18,19,1,5,0,0,0,0,0,8,11,4,1,5,6,1,17,4,-1,-1,-1,-1,10,E01031682,0,-1
2023221325224,2023,221325224,2,17,4,18,19,8,4,0,0,0,0,0,0,0,0,1,1,1,1,55,8,-1,-1,-1,-1,4,E01014024,0,-1
2023401356383,2023,401356383,1,9,0,18,19,4,8,0,0,0,0,0,0,0,1,1,5,6,1,43,7,-1,-1,-1,-1,6,E01021794,0,-1
2023010499372,2023,010499372,2,9,0,99,99,9,9,99,99,9,9,99,9,99,1,9,6,6,3,-1,-1,-1,-1,-1,-1,-1,-1,0,-1
2023302300135,2023,302300135,3,9,0,18,19,2,6,0,0,0,0,0,0,0,1,1,6,6,2,37,7,-1,-1,-1,-1,5,E01007366,0,-1
2023061352462,2023,061352462,2,1,0,18,19,1,1,0,0,0,0,0,0,0,1,1,6,6,1,23,5,-1,-1,-1,-1,-1,-1,0,-1
2023101348128,2023,101348128,1,1,0,18,19,3,7,0,0,0,0,0,0,0,1,1,6,6,1,20,4,-1,-1,-1,-1,-1,-1,0,-1
2023010446943,2023,010446943,1,23,0,99,99,9,9,99,99,9,9,99,9,99,9,1,1,1,1,32,6,-1,-1,-1,-1,3,E01032583,0,-1
2023221329218,2023,221329218,2,1,0,4,4,6,2,0,0,6,0,0,0,0,4,1,5,6,1,10,2,-1,-1,-1,-1,8,E01032338,0,-1
2023451259409,2023,451259409,1,97,0,18,19,7,3,0,0,0,0,0,0,0,1,1,6,6,3,25,5,-1,-1,-1,-1,-1,-1,0,-1
2023010447397,2023,010447397,1,1,9,99,99,9,9,99,99,9,9,99,9,99,1,1,2,2,1,29,6,-1,-1,-1,-1,2,E01002765,0,-1
2023421341737,2023,421341737,1,9,0,18,19,5,1,0,0,1,0,0,0,0,3,1,6,6,1,-1,-1,-1,-1,-1,-1,-1,-1,0,-1
2023991266315,2023,991266315,1,9,0,18,19,1,6,0,0,1,0,0,0,0,1,1,1,1,1,65,9,-1,-1,-1,-1,1,-1,0,-1
2023221361939,2023,221361939,3,19,0,18,19,3,7,0,0,0,1,0,0,0,1,1,2,2,1,61,9,-1,-1,-1,-1,6,E01032462,0,-1
2023010445530,2023,010445530,1,2,0,18,19,5,1,9,9,5,0,0,0,0,0,1,6,6,1,23,5,-1,-1,-1,-1,-1,-1,0,-1
2023010486712,2023,010486712,1,1,9,99,99,9,9,99,99,1,9,99,9,99,9,1,6,6,2,58,9,-1,-1,-1,-1,1,E01004722,0,-1
2023010421541,2023,010421541,2,1,0,18,19,3,7,0,0,1,0,0,0,0,3,1,6,6,2,23,5,-1,-1,-1,-1,3,E01003096,0,-1
2023451389068,2023,451389068,1,1,0,9,9,7,5,0,0,5,1,0,0,0,1,1,5,6,1,60,9,-1,-1,-1,-1,10,E01030969,0,-1
2023991304178,2023,991304178,1,97,0,18,19,2,6,0,0,8,0,0,0,0,1,1,6,6,1,19,4,-1,-1,-1,-1,2,-1,0,-1
2023010420288,2023,010420288,1,9,0,99,99,9,9,99,99,9,9,99,9,99,2,9,6,6,3,-1,-1,-1,-1,-1,-1,-1,-1,0,-1
2023401364579,2023,401364579,2,9,0,17,19,1,5,0,0,0,1,0,1,1,3,1,6,6,3,-1,-1,-1,-1,-1,-1,-1,-1,0,-1
2023231351446,2023,231351446,2,9,0,3,3,6,2,0,0,1,0,0,1,0,1,1,1,1,2,32,6,-1,-1,-1,-1,1,E01031090,0,-1
2023010453524,2023,010453524,1,1,0,18,19,5,1,4,4,1,0,0,0,0,0,1,6,6,1,21,5,-1,-1,-1,-1,6,E01004017,0,-1
2023501319694,2023,501319694,2,9,0,1,1,1,5,0,0,-1,0,0,0,0,2,1,5,6,1,36,7,-1,-1,-1,-1,5,E01018943,0,-1
2023421382785,2023,421382785,1,9,0,7,7,7,1,0,0,0,0,0,0,0,1,1,6,6,1,-1,-1,-1,-1,-1,-1,-1,-1,0,-1
2023131315564,2023,131315564,2,1,0,18,19,7,3,4,4,8,5,0,0,0,1,1,5,6,1,43,7,-1,-1,-1,-1,2,E01011281,0,-1
2023052300846,2023,052300846,1,9,0,18,19,5,1,0,0,1,0,0,0,0,1,1,6,6,3,-1,-1,-1,-1,-1,-1,-1,-1,0,-1
2023010479554,2023,010479554,1,1,9,99,99,9,9,99,99,9,9,99,9,99,1,1,2,2,2,49,8,-1,-1,-1,-1,3,E01003182,0,-1
2023522301050,2023,522301050,2,19,0,7,7,2,4,0,0,5,0,0,0,0,1,1,6,6,1,-1,-1,-1,-1,-1,-1,-1,-1,0,-1
2023131354318,2023,131354318,1,9,0,-1,-1,-1,-1,-1,-1,-1,-1,-1,-1,-1,-1,1,6,6,3,-1,-1,-1,-1,-1,-1,-1,-1,0,-1
2023010440778,2023,010440778,1,3,0,18,19,6,2,0,0,2,0,0,0,0,1,1,2,2,1,33,6,-1,-1,-1,-1,6,E01002129,0,-1
2023311263745,2023,311263745,1,9,0,18,19,3,7,0,0,0,0,0,0,0,3,1,6,6,1,35,6,-1,-1,-1,-1,1,E01013821,0,-1
2023041370916,2023,041370916,1,9,0,18,19,-1,-1,0,0,1,0,0,0,0,4,1,6,6,2,-1,-1,-1,-1,-1,-1,-1,-1,0,-1
2023061293503,2023,061293503,2,97,0,18,19,7,3,0,0,1,0,0,0,0,1,1,2,2,1,18,4,-1,-1,-1,-1,2,E01004798,0,-1
2023471363159,2023,471363159,1,9,0,18,19,7,3,0,0,0,0,0,0,0,0,1,6,6,3,-1,-1,-1,-1,-1,-1,-1,-1,0,-1
2023311344751,2023,311344751,2,1,0,18,19,6,2,0,0,0,0,0,0,0,1,1,6,6,1,37,7,-1,-1,-1,-1,-1,-1,0,-1
2023010471041,2023,010471041,2,98,0,2,2,0,0,0,0,0,0,0,0,0,2,1,6,6,3,-1,-1,-1,-1,-1,-1,-1,-1,0,-1
2023010435961,2023,010435961,2,1,0,15,15,5,1,0,0,1,0,0,0,0,4,1,2,2,2,43,7,-1,-1,-1,-1,5,E01003435,0,-1
2023010425676,2023,010425676,1,1,9,99,99,9,9,99,99,9,9,99,9,99,1,1,2,2,2,36,7,-1,-1,-1,-1,8,E01003138,0,-1
2023451296978,2023,451296978,2,1,0,16,19,7,3,0,0,0,0,0,0,0,1,1,5,6,1,51,8,-1,-1,-1,-1,10,E01030807,0,-1
2023531335945,2023,531335945,3,1,0,18,19,1,5,1,1,0,0,0,1,0,0,1,2,2,1,25,5,-1,-1,-1,-1,7,E01022180,0,-1
2023010432755,2023,010432755,1,1,9,99,99,9,9,99,99,9,9,99,9,99,2,1,2,2,1,61,9,-1,-1,-1,-1,10,E01030350,0,-1
2023430474202,2023,430474202,2,1,0,18,19,2,6,0,0,8,0,0,0,0,1,1,6,6,2,22,5,-1,-1,-1,-1,-1,-1,0,-1
2023430454394,2023,430454394,2,-1,0,18,19,6,2,0,0,0,0,0,0,0,4,1,6,6,1,25,5,-1,-1,-1,-1,7,E01016722,1,-1
2023332300731,2023,332300731,3,1,0,18,19,3,7,0,0,0,0,0,0,0,3,1,6,6,1,48,8,-1,-1,-1,-1,10,E01025632,0,-1
2023041313923,2023,041313923,1,9,0,18,19,8,4,0,0,1,0,0,0,0,1,1,6,6,3,-1,-1,-1,-1,-1,-1,-1,-1,0,-1
2023461390334,2023,461390334,1,10,0,6,6,6,1,0,0,0,1,0,0,0,1,2,5,6,1,49,8,-1,-1,-1,-1,-1,-1,0,-1
2023552300404,2023,552300404,1,1,0,18,19,3,7,0,0,0,0,0,0,0,4,1,6,6,1,17,4,-1,-1,-1,-1,10,E01015315,0,-1
2023320703508,2023,320703508,2,1,0,18,19,2,6,0,0,3,0,0,0,0,1,1,6,6,1,37,7,-1,-1,-1,-1,4,E01026336,0,-1
2023010437701,2023,010437701,1,1,9,99,99,9,9,99,99,9,9,99,9,99,1,1,6,6,1,27,6,-1,-1,-1,-1,5,E01004523,0,-1
2023332301122,2023,332301122,2,9,0,18,19,1,5,0,0,0,0,0,0,0,1,1,6,6,3,-1,-1,-1,-1,-1,-1,-1,-1,0,-1
2023141300425,2023,141300425,1,9,0,18,19,8,3,0,0,1,0,0,0,0,1,1,6,6,3,-1,-1,-1,-1,-1,-1,-1,-1,0,-1
2023010472146,2023,010472146,2,1,0,18,19,3,7,0,0,1,0,0,0,0,1,1,6,6,1,19,4,-1,-1,-1,-1,3,E01003328,0,-1
2023010455651,2023,010455651,1,19,0,1,1,2,4,0,0,2,0,0,0,0,2,1,6,6,3,-1,-1,-1,-1,-1,-1,-1,-1,0,-1
2023061318258,2023,061318258,1,23,0,18,19,4,1,0,0,6,0,0,0,0,1,1,5,6,1,34,6,-1,-1,-1,-1,1,E01005202,0,-1
2023552300449,2023,552300449,2,1,0,18,19,1,5,0,0,8,0,0,0,0,4,1,6,6,1,46,8,-1,-1,-1,-1,6,E01015291,0,-1
2023440020902,2023,440020902,1,1,0,18,19,8,4,0,0,0,0,11,0,0,1,1,2,2,1,48,8,-1,-1,-1,-1,9,E01022950,0,-1
2023451387017,2023,451387017,1,97,0,7,7,5,7,0,0,1,0,0,0,0,0,1,6,6,3,45,7,-1,-1,-1,-1,-1,-1,0,-1
2023010456095,2023,010456095,1,1,9,99,99,9,9,99,99,9,9,99,9,99,2,1,6,6,1,14,3,-1,-1,-1,-1,-1,-1,0,-1
2023131403194,2023,131403194,2,9,0,-1,-1,-1,-1,-1,-1,0,-1,-1,-1,0,-1,1,6,6,3,-1,-1,-1,-1,-1,-1,-1,-1,0,-1
2023010465053,2023,010465053,1,1,0,16,19,1,5,0,0,8,0,0,0,0,0,1,6,6,1,31,6,-1,-1,-1,-1,7,E01001587,0,-1
2023052303090,2023,052303090,1,9,0,17,19,3,5,0,0,1,0,0,0,0,3,1,6,6,3,-1,-1,-1,-1,-1,-1,-1,-1,0,-1
2023010466875,2023,010466875,2,2,0,18,19,3,7,0,0,0,2,0,0,0,1,1,6,6,1,14,3,-1,-1,-1,-1,3,E01001436,0,-1
2023461279931,2023,461279931,1,9,0,18,19,3,7,0,0,0,0,0,0,0,0,1,1,1,1,36,7,-1,-1,-1,-1,7,E01024058,0,-1
2023361347639,2023,361347639,2,1,0,18,19,-1,-1,0,0,0,5,10,0,0,4,1,5,6,1,55,8,-1,-1,-1,-1,8,E01026948,0,-1
2023411374465,2023,411374465,2,1,0,18,19,2,6,0,0,0,0,0,0,0,1,1,6,6,1,19,4,-1,-1,-1,-1,5,E01023905,0,-1
2023461349527,2023,461349527,2,9,0,18,19,7,3,0,0,0,0,0,0,0,2,1,5,6,1,59,9,-1,-1,-1,-1,-1,-1,0,-1
2023411357370,2023,411357370,1,9,0,7,7,2,6,0,0,6,0,0,0,0,1,1,6,6,2,59,9,-1,-1,-1,-1,3,E01023326,0,-1
2023010483621,2023,010483621,1,1,0,99,99,9,9,0,0,1,0,0,0,0,9,1,1,1,1,29,6,-1,-1,-1,-1,8,E01004472,0,-1
2023991313565,2023,991313565,1,97,0,18,19,6,2,0,0,8,0,0,1,0,1,1,6,6,1,-1,-1,-1,-1,-1,-1,-1,-1,0,-1
2023010445153,2023,010445153,1,1,9,99,99,9,9,99,99,9,9,99,9,99,1,1,2,2,1,54,8,-1,-1,-1,-1,2,E01003108,0,-1
2023010457753,2023,010457753,2,9,0,18,19,5,1,0,0,1,0,99,9,99,4,9,6,6,3,-1,-1,-1,-1,-1,-1,-1,-1,0,-1
2023430466887,2023,430466887,1,1,0,18,19,3,7,0,0,0,0,0,0,0,4,1,4,7,1,11,3,-1,-1,-1,-1,10,E01028755,0,-1
2023421384161,2023,421384161,1,9,0,9,9,6,3,0,0,2,0,0,0,0,1,1,6,6,3,-1,-1,-1,-1,-1,-1,-1,-1,0,-1
2023302300359,2023,302300359,1,9,0,12,12,4,2,0,0,6,0,0,0,0,3,1,6,6,3,-1,-1,-1,-1,-1,-1,5,E01019456,0,-1
2023010460619,2023,010460619,1,9,0,18,19,1,5,0,0,6,0,0,0,0,4,1,6,6,3,-1,-1,-1,-1,-1,-1,-1,-1,0,-1
2023302300247,2023,302300247,1,9,0,9,9,6,3,0,0,8,0,0,0,0,4,2,6,6,3,-1,-1,-1,-1,-1,-1,5,E01019456,0,-1
2023411390055,2023,411390055,2,19,0,18,19,1,5,0,0,0,0,0,0,0,2,1,6,6,1,59,9,-1,-1,-1,-1,8,E01023491,0,-1
2023221353563,2023,221353563,3,9,0,16,19,3,6,0,0,0,0,0,0,0,1,1,6,6,1,26,6,-1,-1,-1,-1,-1,-1,0,-1
2023061326405,2023,061326405,1,9,0,18,19,6,2,0,0,0,0,0,0,0,1,1,6,6,3,20,4,-1,-1,-1,-1,-1,-1,0,-1
2023010465148,2023,010465148,1,1,9,99,99,9,9,99,99,9,9,99,9,99,9,1,2,2,1,47,8,-1,-1,-1,-1,7,E01000668,0,-1
2023371295451,2023,371295451,2,9,0,18,19,3,7,0,0,0,0,0,0,0,1,1,1,1,1,55,8,-1,-1,-1,-1,10,E01030011,0,-1
2023451391156,2023,451391156,2,9,4,13,13,5,1,0,0,0,0,0,0,0,2,1,6,6,3,40,7,-1,-1,-1,-1,-1,-1,0,-1
2023302300920,2023,302300920,1,9,0,18,19,8,4,0,0,2,0,0,0,0,3,1,6,6,3,-1,-1,-1,-1,-1,-1,5,E01019456,0,-1
2023010480546,2023,010480546,1,11,0,99,99,9,9,99,99,9,9,99,9,99,1,9,6,6,3,-1,-1,-1,-1,-1,-1,-1,-1,0,-1
202360A047048,2023,60A047048,1,1,0,18,19,7,3,0,0,1,0,0,0,0,3,1,6,6,1,36,7,-1,-1,-1,-1,-1,-1,0,-1
2023201408290,2023,201408290,1,9,0,5,5,4,6,0,0,6,0,0,0,0,4,1,5,6,3,-1,-1,-1,-1,-1,-1,-1,-1,0,-1
2023010429251,2023,010429251,2,9,0,17,19,1,5,0,0,1,0,0,0,0,3,1,6,6,1,62,9,-1,-1,-1,-1,7,E01002269,0,-1
2023501341435,2023,501341435,1,9,0,1,1,5,5,0,0,1,0,4,0,0,2,1,6,6,3,-1,-1,-1,-1,-1,-1,-1,-1,0,-1
2023010471489,2023,010471489,1,1,9,99,99,9,9,4,4,0,9,99,9,99,1,1,1,1,1,29,6,-1,-1,-1,-1,6,E01032767,0,-1
2023991294521,2023,991294521,1,3,0,18,19,3,7,9,9,1,0,0,0,0,1,1,5,6,1,29,6,-1,-1,-1,-1,-1,-1,0,-1
2023010469724,2023,010469724,2,9,9,99,99,9,9,99,99,9,9,99,9,99,9,9,6,6,1,40,7,-1,-1,-1,-1,2,E01003832,0,-1
2023311338593,2023,311338593,1,9,0,18,19,7,3,0,0,1,0,0,0,0,1,1,6,6,3,-1,-1,-1,-1,-1,-1,-1,-1,0,-1
2023451355263,2023,451355263,2,9,0,10,10,3,1,0,0,6,0,0,0,0,1,1,6,6,1,33,6,-1,-1,-1,-1,-1,-1,0,-1
2023552300687,2023,552300687,2,1,0,18,19,4,8,0,0,8,0,0,0,0,1,1,6,6,2,58,9,-1,-1,-1,-1,10,E01020387,0,-1
2023451346166,2023,451346166,2,1,0,18,19,6,2,0,0,0,0,11,0,0,1,1,5,6,1,31,6,-1,-1,-1,-1,7,E01004639,0,-1
2023010425307,2023,010425307,2,10,0,99,99,9,9,99,99,0,9,99,9,99,2,9,6,6,3,-1,-1,-1,-1,-1,-1,-1,-1,0,-1
2023010439971,2023,010439971,1,1,9,99,99,9,9,99,99,9,9,99,9,99,9,1,6,6,1,33,6,-1,-1,-1,-1,4,E01000875,0,-1
2023131353075,2023,131353075,1,9,0,1,1,5,1,9,9,8,0,0,0,0,2,1,6,6,3,99,11,-1,-1,-1,-1,-1,-1,0,-1
2023010442901,2023,010442901,1,1,9,99,99,9,9,99,99,9,9,99,9,99,2,1,6,6,2,56,9,-1,-1,-1,-1,4,E01021785,0,-1
2023522400744,2023,522400744,1,9,0,13,13,5,1,0,0,0,1,0,1,9,4,1,6,6,1,51,8,-1,-1,-1,-1,10,E01014930,0,-1
2023010447044,2023,010447044,1,1,0,18,19,1,5,0,0,1,5,0,0,0,1,1,6,6,1,42,7,-1,-1,-1,-1,9,E01000201,0,-1
2023141273563,2023,141273563,2,1,0,18,19,8,6,0,0,1,0,0,0,0,1,1,2,2,1,24,5,-1,-1,-1,-1,1,E01007885,0,-1
2023440083317,2023,440083317,3,21,0,18,19,4,8,0,0,7,0,0,0,0,1,1,1,1,1,51,8,-1,-1,-1,-1,-1,-1,0,-1
2023440305012,2023,440305012,1,1,0,18,19,5,1,0,0,0,0,0,0,0,3,1,6,6,2,19,4,-1,-1,-1,-1,10,E01023096,0,-1
2023010431171,2023,010431171,2,98,9,99,99,9,9,99,99,9,9,99,9,99,9,9,6,6,3,-1,-1,-1,-1,-1,-1,-1,-1,0,-1
2023351286658,2023,351286658,2,1,-1,-1,-1,-1,-1,-1,-1,-1,-1,-1,-1,0,-1,1,6,6,2,24,5,-1,-1,-1,-1,7,E01017963,0,-1
2023201383708,2023,201383708,1,1,0,18,19,2,5,0,0,4,0,0,0,0,4,1,6,6,1,23,5,-1,-1,-1,-1,2,E01009635,0,-1
2023141371788,2023,141371788,1,9,0,5,5,6,2,0,0,1,0,0,0,0,1,1,6,6,3,-1,-1,-1,-1,-1,-1,-1,-1,0,-1
2023201278629,2023,201278629,1,9,0,18,19,6,2,0,0,1,0,0,0,0,1,1,6,6,1,-1,-1,-1,-1,-1,-1,-1,-1,0,-1
2023061328550,2023,061328550,2,1,0,14,14,5,1,0,0,0,0,0,0,0,4,1,2,2,1,34,6,-1,-1,-1,-1,5,E01005040,0,-1
2023010426972,2023,010426972,2,9,9,99,99,9,9,0,0,9,9,0,9,0,9,9,6,6,3,-1,-1,-1,-1,-1,-1,-1,-1,0,-1
2023010458464,2023,010458464,2,97,9,11,11,3,7,99,99,9,9,99,9,99,9,1,6,6,1,-1,-1,-1,-1,-1,-1,-1,-1,0,-1
2023302300609,2023,302300609,2,1,0,18,19,6,2,0,0,1,1,0,0,0,0,1,1,1,1,34,6,-1,-1,-1,-1,3,E01013510,0,-1
2023070652273,2023,070652273,1,9,0,18,19,4,8,0,0,0,0,0,0,0,1,1,1,1,1,27,6,-1,-1,-1,-1,2,E01006564,0,-1
2023481368801,2023,481368801,2,1,0,18,19,1,5,5,5,1,0,0,0,0,3,1,2,2,2,38,7,-1,-1,-1,-1,-1,-1,0,-1
2023332300405,2023,332300405,2,1,0,18,19,2,6,9,9,0,0,0,0,0,1,1,6,6,1,48,8,-1,-1,-1,-1,1,E01013651,0,-1
2023451384232,2023,451384232,2,9,0,10,10,7,5,0,0,6,0,0,0,0,1,1,6,6,1,40,7,-1,-1,-1,-1,-1,-1,0,-1
2023070523577,2023,070523577,2,19,0,17,19,8,4,0,0,0,0,0,0,0,1,1,6,6,2,57,9,-1,-1,-1,-1,8,E01018598,0,-1
2023451292930,2023,451292930,2,9,0,18,19,1,5,0,0,0,0,0,0,0,1,1,6,6,3,30,6,-1,-1,-1,-1,-1,-1,0,-1
2023991388641,2023,991388641,1,9,0,18,19,2,6,0,0,4,0,0,0,0,1,1,5,6,1,58,9,-1,-1,-1,-1,3,-1,0,-1
2023010483949,2023,010483949,2,1,0,18,19,2,6,5,5,2,5,0,0,0,1,1,6,6,1,31,6,-1,-1,-1,-1,3,E01004427,0,-1
2023010466816,2023,010466816,1,1,9,99,99,9,9,99,99,9,9,99,9,99,9,1,6,6,1,24,5,-1,-1,-1,-1,2,E01001911,0,-1
2023320316801,2023,320316801,1,22,0,18,19,4,8,9,9,0,0,0,0,0,1,1,6,6,2,-1,-1,-1,-1,-1,-1,-1,-1,0,-1
2023461377993,2023,461377993,1,97,0,13,13,7,3,0,0,0,0,0,0,0,4,1,6,6,1,15,3,-1,-1,-1,-1,1,E01024177,0,-1
2023552301217,2023,552301217,1,1,0,18,19,4,8,0,0,8,0,0,0,0,1,1,6,6,1,44,7,-1,-1,-1,-1,7,E01015418,0,-1
2023010484491,2023,010484491,2,1,0,18,19,8,4,4,4,1,0,0,0,0,1,1,1,1,1,22,5,-1,-1,-1,-1,1,E01002093,0,-1
2023131284468,2023,131284468,1,98,0,-1,-1,-1,-1,-1,-1,0,-1,-1,-1,-1,-1,1,6,6,3,-1,-1,-1,-1,-1,-1,-1,-1,0,-1
2023471315703,2023,471315703,1,9,0,18,19,5,1,0,0,0,0,0,7,0,1,1,6,6,1,60,9,-1,-1,-1,-1,4,E01020924,0,-1
2023070278897,2023,070278897,1,1,0,18,19,1,5,0,0,2,0,0,0,0,3,1,6,6,1,47,8,-1,-1,-1,-1,-1,-1,0,-1
2023421311962,2023,421311962,1,-1,0,7,7,8,3,9,9,1,5,0,0,0,1,1,6,6,1,51,8,-1,-1,-1,-1,1,E01021576,1,-1
2023010420758,2023,010420758,2,9,0,99,99,9,9,99,99,9,9,99,9,99,1,9,6,6,3,-1,-1,-1,-1,-1,-1,-1,-1,0,-1
2023332300306,2023,332300306,2,-1,0,18,19,3,7,0,0,8,0,0,0,0,3,1,6,6,1,53,8,-1,-1,-1,-1,1,E01013679,1,-1
2023101315807,2023,101315807,2,1,0,18,19,8,5,0,0,8,0,0,0,0,3,1,5,6,1,27,6,-1,-1,-1,-1,1,E01008777,0,-1
2023010452045,2023,010452045,2,9,0,99,99,9,9,99,99,9,9,99,9,99,9,9,6,6,3,-1,-1,-1,-1,-1,-1,-1,-1,0,-1
2023411375760,2023,411375760,2,1,0,18,19,3,7,0,0,3,0,0,0,0,4,1,6,6,1,24,5,-1,-1,-1,-1,5,E01023392,0,-1
2023070965490,2023,070965490,1,9,0,5,5,1,3,0,0,1,0,0,0,0,1,1,6,6,2,48,8,-1,-1,-1,-1,2,E01012534,0,-1
2023991322482,2023,991322482,1,9,0,18,19,6,2,0,0,0,0,0,0,0,3,2,5,6,1,57,9,-1,-1,-1,-1,-1,-1,0,-1
2023101345182,2023,101345182,2,1,0,17,19,3,8,0,0,8,0,0,0,0,-1,1,5,6,1,32,6,-1,-1,-1,-1,1,E01008164,0,-1
2023010473532,2023,010473532,1,9,9,99,99,9,9,99,99,0,9,99,9,99,9,9,6,6,3,-1,-1,-1,-1,-1,-1,-1,-1,0,-1
2023501276204,2023,501276204,4,9,0,3,3,5,1,0,0,1,0,0,0,0,2,1,5,6,1,43,7,-1,-1,-1,-1,1,E01019029,0,-1
2023501369613,2023,501369613,2,1,0,2,2,7,3,9,9,0,0,0,0,0,3,1,2,2,2,33,6,-1,-1,-1,-1,3,E01018888,0,-1
2023052302599,2023,052302599,1,9,0,1,1,5,1,0,0,0,0,0,0,0,2,1,6,6,3,-1,-1,-1,-1,-1,-1,-1,-1,0,-1
2023010443856,2023,010443856,2,22,9,99,99,9,9,99,99,9,9,99,9,99,9,9,6,6,2,67,10,-1,-1,-1,-1,2,E01004004,0,-1
2023461382332,2023,461382332,4,9,0,3,3,3,7,0,0,0,0,0,0,0,3,1,5,6,1,43,7,-1,-1,-1,-1,10,W01000824,0,-1
2023471322048,2023,471322048,2,1,0,18,19,1,5,0,0,2,5,0,0,0,3,1,5,6,1,38,7,-1,-1,-1,-1,10,E01031627,0,-1
2023471342794,2023,471342794,3,9,0,13,13,7,3,0,0,1,0,0,0,0,0,1,6,6,2,-1,-1,-1,-1,-1,-1,-1,-1,0,-1
2023010465211,2023,010465211,1,9,0,99,99,9,9,99,99,9,9,99,9,99,1,1,6,6,3,-1,-1,-1,-1,-1,-1,-1,-1,0,-1
2023361353788,2023,361353788,1,-1,0,18,19,1,5,0,0,3,0,0,0,0,1,1,6,6,3,-1,-1,-1,-1,-1,-1,-1,-1,0,-1
2023440244809,2023,440244809,1,1,0,17,19,4,1,0,0,0,0,0,0,0,3,1,6,6,2,50,8,-1,-1,-1,-1,3,E01017082,0,-1
2023161260063,2023,161260063,2,1,0,9,9,3,7,0,0,0,0,0,0,0,1,1,6,6,1,14,3,-1,-1,-1,-1,1,E01013181,0,-1
2023010453151,2023,010453151,2,1,0,18,19,3,7,0,0,8,0,0,0,0,4,1,6,6,1,30,6,-1,-1,-1,-1,4,E01003278,0,-1
2023531324877,2023,531324877,2,9,0,9,9,8,6,0,0,1,0,0,0,0,1,1,1,1,1,37,7,-1,-1,-1,-1,5,E01022154,0,-1
2023351324388,2023,351324388,1,-1,0,18,19,5,1,9,9,0,0,0,0,0,1,1,1,1,1,54,8,-1,-1,-1,-1,2,E01015641,1,-1
2023201409709,2023,201409709,1,9,0,18,19,4,8,0,0,6,0,0,0,0,4,1,5,6,1,75,10,-1,-1,-1,-1,1,E01010410,0,-1
2023061364478,2023,061364478,1,8,0,18,19,5,1,0,0,8,0,0,0,0,1,1,6,6,3,-1,-1,-1,-1,-1,-1,-1,-1,0,-1
2023320404267,2023,320404267,1,9,0,12,12,8,4,0,0,1,0,0,0,0,1,1,6,6,2,56,9,-1,-1,-1,-1,3,E01026085,0,-1