collision_index,collision_year,collision_ref_no,vehicle_reference,vehicle_type,towing_and_articulation,vehicle_manoeuvre_historic,vehicle_manoeuvre,vehicle_direction_from,vehicle_direction_to,vehicle_location_restricted_lane_historic,vehicle_location_restricted_lane,junction_location,skidding_and_overturning,hit_object_in_carriageway,vehicle_leaving_carriageway,hit_object_off_carriageway,first_point_of_impact,vehicle_left_hand_drive,journey_purpose_of_driver_historic,journey_purpose_of_driver,sex_of_driver,age_of_driver,age_band_of_driver,engine_capacity_cc,propulsion_code,age_of_vehicle,generic_make_model,driver_imd_decile,lsoa_of_driver,escooter_flag,driver_distance_banding
2023211297304,2023,211297304,1,9,0,18,19,4,8,0,0,0,0,0,0,0,3,1,6,6,1,32,6,-1,-1,-1,-1,4,E01010499,0,-1
2023991348193,2023,991348193,2,1,0,18,19,2,6,0,0,0,0,0,0,0,2,1,5,6,1,15,3,-1,-1,-1,-1,-1,-1,0,-1
2023101366764,2023,101366764,2,1,0,18,19,7,3,0,0,8,0,0,0,0,0,1,2,2,2,30,6,-1,-1,-1,-1,1,E01008259,0,-1
2023010470822,2023,010470822,1,1,9,99,99,9,9,99,99,0,9,99,9,99,1,1,6,6,1,50,8,-1,-1,-1,-1,6,E01000585,0,-1
2023540322023,2023,540322023,3,21,0,18,19,7,3,0,0,0,0,0,0,0,1,1,1,1,1,40,7,-1,-1,-1,-1,10,E01031934,0,-1
2023231341175,2023,231341175,2,1,0,18,19,8,4,0,0,0,0,0,0,0,0,1,5,6,1,38,7,-1,-1,-1,-1,6,E01001269,0,-1
2023061298121,2023,061298121,1,1,0,5,5,1,4,0,0,8,0,0,0,0,3,1,6,6,1,35,6,-1,-1,-1,-1,2,E01005563,0,-1
2023501283181,2023,501283181,2,1,0,18,19,5,5,4,4,0,0,0,0,0,1,1,6,6,1,54,8,-1,-1,-1,-1,8,E01015211,0,-1
2023010425037,2023,010425037,1,9,9,99,99,9,9,0,0,1,9,99,9,99,9,9,6,6,3,-1,-1,-1,-1,-1,-1,-1,-1,0,-1
2023471271530,2023,471271530,1,1,0,18,19,5,1,0,0,8,0,0,0,0,1,1,6,6,1,57,9,-1,-1,-1,-1,4,E01016890,0,-1
2023351358871,2023,351358871,2,1,0,17,19,7,3,0,0,8,2,0,0,0,4,1,5,6,1,27,6,-1,-1,-1,-1,6,E01017999,0,-1
2023340NN4442,2023,340NN4442,1,21,0,5,5,4,8,0,0,4,0,0,0,0,1,2,1,1,1,48,8,-1,-1,-1,-1,-1,-1,0,-1
2023320091940,2023,320091940,2,9,0,2,2,0,0,0,0,0,0,0,0,0,2,1,6,6,1,68,10,-1,-1,-1,-1,3,E01026104,0,-1
2023010419191,2023,010419191,2,1,0,18,19,8,4,0,0,1,5,0,0,0,3,1,6,6,1,34,6,-1,-1,-1,-1,2,E01004679,0,-1
2023332300342,2023,332300342,2,1,0,18,19,4,8,0,0,8,0,0,0,0,1,1,6,6,2,52,8,-1,-1,-1,-1,10,E01025714,0,-1
2023471280988,2023,471280988,2,1,0,18,19,7,3,0,0,8,0,0,0,0,1,1,5,6,1,26,6,-1,-1,-1,-1,9,E01031761,0,-1
2023161328004,2023,161328004,2,97,0,18,19,4,8,9,9,0,0,0,0,0,1,1,6,6,3,-1,-1,-1,-1,-1,-1,-1,-1,0,-1
2023010480052,2023,010480052,2,19,0,99,99,9,9,99,99,9,9,99,9,99,1,9,6,6,3,-1,-1,-1,-1,-1,-1,5,E01000738,0,-1
2023041341040,2023,041341040,1,9,0,18,19,-1,-1,0,0,0,0,0,0,0,-1,1,6,6,1,-1,-1,-1,-1,-1,-1,-1,-1,0,-1
2023451301884,2023,451301884,1,9,0,18,19,7,3,8,6,1,0,0,0,0,1,1,6,6,1,45,7,-1,-1,-1,-1,-1,-1,0,-1
2023311283541,2023,311283541,1,9,0,9,9,3,1,0,0,6,0,0,0,0,1,1,6,6,2,43,7,-1,-1,-1,-1,-1,-1,0,-1
2023031363053,2023,031363053,2,9,0,18,19,7,5,0,0,8,0,0,0,0,1,1,6,6,3,-1,-1,-1,-1,-1,-1,-1,-1,0,-1
2023451331766,2023,451331766,2,9,0,18,19,1,5,0,0,0,0,0,0,0,1,1,6,6,2,30,6,-1,-1,-1,-1,-1,-1,0,-1
2023010436959,2023,010436959,2,9,0,18,19,6,2,0,0,1,0,0,0,0,1,1,6,6,3,-1,-1,-1,-1,-1,-1,-1,-1,0,-1
2023461287452,2023,461287452,1,9,-1,-1,-1,-1,-1,-1,-1,-1,-1,-1,-1,0,1,1,6,6,3,-1,-1,-1,-1,-1,-1,-1,-1,0,-1
2023141346195,2023,141346195,2,1,0,4,4,3,7,0,0,1,0,0,0,0,1,1,6,6,2,11,3,-1,-1,-1,-1,9,E01007624,0,-1
2023471381415,2023,471381415,2,1,0,18,19,4,8,4,4,8,0,0,0,0,1,1,6,6,1,27,6,-1,-1,-1,-1,6,E01016927,0,-1
2023991349266,2023,991349266,2,1,0,18,19,4,7,0,0,3,0,0,0,0,1,1,5,6,1,27,6,-1,-1,-1,-1,7,-1,0,-1
2023201345009,2023,201345009,1,9,0,1,1,5,1,9,9,8,0,0,0,0,2,1,6,6,1,43,7,-1,-1,-1,-1,7,E01016493,0,-1
2023531314294,2023,531314294,1,98,0,18,19,5,1,0,0,1,0,0,0,0,4,1,6,6,3,-1,-1,-1,-1,-1,-1,-1,-1,0,-1
2023010457667,2023,010457667,3,1,0,12,12,7,3,0,0,0,0,0,0,0,0,1,6,6,1,20,4,-1,-1,-1,-1,-1,-1,0,-1
2023471331064,2023,471331064,4,19,0,18,19,5,1,0,0,0,0,0,0,0,0,1,6,6,3,-1,-1,-1,-1,-1,-1,-1,-1,0,-1
2023501370308,2023,501370308,2,9,0,9,9,5,3,0,0,6,0,0,0,0,3,1,1,1,1,56,9,-1,-1,-1,-1,7,E01019935,0,-1
2023552300633,2023,552300633,2,1,0,18,19,4,8,0,0,8,0,0,0,0,4,1,6,6,1,30,6,-1,-1,-1,-1,3,E01015362,0,-1
2023351307443,2023,351307443,2,1,0,13,13,5,1,0,0,0,0,0,0,0,1,1,6,6,1,21,5,-1,-1,-1,-1,9,E01017958,0,-1
2023141297018,2023,141297018,1,1,0,18,19,3,7,0,0,4,2,0,0,0,0,1,6,6,1,50,8,-1,-1,-1,-1,4,E01007580,0,-1
2023461332616,2023,461332616,2,1,0,18,19,-1,-1,9,9,1,0,0,0,0,1,1,4,7,1,12,3,-1,-1,-1,-1,2,E01016042,0,-1
2023010482104,2023,010482104,1,1,0,99,99,9,9,0,0,8,0,0,0,0,9,1,1,1,1,23,5,-1,-1,-1,-1,6,E01030411,0,-1
202360A070536,2023,60A070536,2,22,0,18,19,6,2,0,0,1,0,0,0,0,1,1,6,6,1,56,9,-1,-1,-1,-1,-1,-1,0,-1
2023311334160,2023,311334160,1,8,0,18,19,7,3,0,0,0,0,0,0,0,4,1,6,6,3,-1,-1,-1,-1,-1,-1,-1,-1,0,-1
2023010483610,2023,010483610,1,1,9,99,99,9,9,99,99,9,9,99,9,99,9,1,6,6,1,31,6,-1,-1,-1,-1,2,E01003490,0,-1
2023052302443,2023,052302443,1,9,0,5,5,6,2,0,0,1,0,0,0,0,1,1,6,6,1,72,10,-1,-1,-1,-1,-1,-1,0,-1
2023332300950,2023,332300950,2,-1,0,18,19,5,1,0,0,8,0,0,0,0,4,1,6,6,1,17,4,-1,-1,-1,-1,5,E01013668,1,-1
2023010481421,2023,010481421,2,1,0,18,19,1,5,0,0,0,0,0,0,0,1,1,2,2,1,36,7,-1,-1,-1,-1,6,E01003398,0,-1
2023010475733,2023,010475733,1,9,0,99,99,9,9,99,99,9,9,99,9,99,1,9,6,6,1,51,8,-1,-1,-1,-1,2,E01004211,0,-1
2023041337574,2023,041337574,1,-1,0,18,19,5,1,0,0,0,0,0,0,0,0,1,5,6,1,3,1,-1,-1,-1,-1,1,E01025156,1,-1
2023010458489,2023,010458489,2,19,0,18,19,5,1,0,0,0,0,0,0,0,0,2,6,6,3,-1,-1,-1,-1,-1,-1,-1,-1,0,-1
2023010437570,2023,010437570,1,9,0,18,19,5,1,0,0,2,0,0,0,0,3,1,6,6,1,63,9,-1,-1,-1,-1,10,E01023551,0,-1
2023311356179,2023,311356179,3,3,0,18,19,1,5,0,0,1,0,0,0,0,0,1,6,6,3,-1,-1,-1,-1,-1,-1,-1,-1,0,-1
2023010463449,2023,010463449,2,9,0,99,99,9,9,99,99,9,9,99,9,99,1,9,6,6,3,-1,-1,-1,-1,-1,-1,-1,-1,0,-1
2023010447497,2023,010447497,1,1,0,18,19,1,5,0,0,1,0,0,0,0,1,1,6,6,3,-1,-1,-1,-1,-1,-1,-1,-1,0,-1
2023041373417,2023,041373417,1,98,0,18,19,-1,-1,0,0,0,0,0,0,0,1,1,6,6,3,-1,-1,-1,-1,-1,-1,-1,-1,0,-1
2023991343997,2023,991343997,1,9,0,18,19,4,8,0,0,8,0,0,0,0,4,1,2,2,1,30,6,-1,-1,-1,-1,5,-1,0,-1
2023111326174,2023,111326174,2,1,0,16,19,1,5,0,0,8,0,0,0,0,1,1,5,6,1,54,8,-1,-1,-1,-1,6,E01020814,0,-1
2023461309291,2023,461309291,1,1,0,14,14,5,1,0,0,0,0,0,0,0,4,1,5,6,1,17,4,-1,-1,-1,-1,9,E01024104,0,-1
2023052301467,2023,052301467,1,9,0,18,19,4,7,0,0,1,0,0,0,0,1,1,6,6,3,-1,-1,-1,-1,-1,-1,-1,-1,0,-1
2023201400702,2023,201400702,1,9,0,18,19,6,2,0,0,1,0,0,0,0,1,1,6,6,1,-1,-1,-1,-1,-1,-1,-1,-1,0,-1
2023522400887,2023,522400887,2,97,0,18,19,1,5,0,0,8,0,0,0,0,1,1,6,6,1,-1,-1,-1,-1,-1,-1,-1,-1,0,-1
2023320625624,2023,320625624,1,5,0,17,19,4,2,0,0,0,5,0,1,0,3,1,6,6,1,47,8,-1,-1,-1,-1,3,E01013532,0,-1
2023010482772,2023,010482772,1,97,0,99,99,9,9,99,99,9,9,99,9,99,1,9,6,6,3,-1,-1,-1,-1,-1,-1,-1,-1,0,-1
2023201326898,2023,201326898,1,4,0,18,19,2,6,0,0,8,0,0,0,0,1,1,6,6,1,34,6,-1,-1,-1,-1,6,E01010177,0,-1
2023041305586,2023,041305586,3,98,0,18,19,-1,-1,0,0,0,0,0,0,0,0,1,6,6,3,-1,-1,-1,-1,-1,-1,-1,-1,0,-1
2023010485860,2023,010485860,1,97,0,14,14,7,3,0,0,1,0,0,0,0,1,1,6,6,3,-1,-1,-1,-1,-1,-1,-1,-1,0,-1
2023052300450,2023,052300450,1,9,0,18,19,1,5,0,0,8,0,0,0,0,1,1,6,6,2,58,9,-1,-1,-1,-1,6,E01006818,0,-1
2023430338115,2023,430338115,1,1,0,18,19,6,2,0,0,8,0,0,0,0,3,1,6,6,1,19,4,-1,-1,-1,-1,8,E01017818,0,-1
2023411397537,2023,411397537,1,9,0,18,19,8,4,0,0,0,0,0,0,0,4,1,6,6,3,-1,-1,-1,-1,-1,-1,-1,-1,0,-1
2023010440119,2023,010440119,1,1,9,99,99,9,9,99,99,9,9,99,9,99,9,1,6,6,1,34,6,-1,-1,-1,-1,7,E01004566,0,-1
2023141277282,2023,141277282,1,9,0,18,19,4,8,0,0,8,0,0,0,0,4,1,6,6,3,30,6,-1,-1,-1,-1,-1,-1,0,-1
2023010439705,2023,010439705,2,90,4,99,99,9,9,99,99,9,9,99,9,99,9,9,6,6,1,-1,-1,-1,-1,-1,-1,1,E01016023,0,-1
2023010453253,2023,010453253,2,1,0,18,19,6,2,0,0,2,0,0,0,0,3,1,6,6,1,45,7,-1,-1,-1,-1,3,E01003589,0,-1
2023371358069,2023,371358069,2,9,0,18,19,5,1,0,0,0,0,0,0,0,2,1,6,6,3,-1,-1,-1,-1,-1,-1,-1,-1,0,-1
2023041289986,2023,041289986,2,9,0,4,4,1,5,0,0,0,0,0,0,0,2,1,5,6,1,57,9,-1,-1,-1,-1,1,E01025493,0,-1
2023061360785,2023,061360785,1,9,0,18,19,7,3,0,0,0,0,0,0,0,1,1,5,6,2,36,7,-1,-1,-1,-1,9,E01005488,0,-1
2023010479472,2023,010479472,1,1,0,18,19,3,7,0,0,0,0,0,0,0,1,1,2,2,1,48,8,-1,-1,-1,-1,5,E01004451,0,-1
2023401357199,2023,401357199,2,19,0,18,19,3,7,0,0,8,0,0,0,0,3,1,6,6,1,-1,-1,-1,-1,-1,-1,-1,-1,0,-1
2023451357962,2023,451357962,1,1,0,18,19,1,1,6,6,1,0,0,0,0,1,1,5,6,1,11,3,-1,-1,-1,-1,10,E01030316,0,-1
2023131282125,2023,131282125,2,1,0,18,19,8,4,0,0,8,0,0,0,0,1,1,6,6,1,44,7,-1,-1,-1,-1,1,E01011375,0,-1
2023201293442,2023,201293442,1,2,0,5,5,3,7,0,0,4,0,0,0,0,3,1,6,6,2,36,7,-1,-1,-1,-1,7,E01010317,0,-1
2023631389851,2023,631389851,2,22,0,18,19,3,7,0,0,0,0,0,0,0,3,1,5,6,1,84,11,-1,-1,-1,-1,8,W01000569,0,-1
2023430187256,2023,430187256,2,3,0,14,14,8,4,0,0,0,0,0,0,0,0,1,6,6,1,20,4,-1,-1,-1,-1,6,E01028671,0,-1
2023461377974,2023,461377974,1,9,0,7,7,5,1,9,9,0,0,0,0,0,4,1,5,6,1,76,11,-1,-1,-1,-1,9,E01016053,0,-1
2023991344333,2023,991344333,1,4,0,18,19,8,4,0,0,0,2,0,7,0,1,1,6,6,1,71,10,-1,-1,-1,-1,-1,-1,0,-1
2023052301121,2023,052301121,1,23,0,5,5,1,5,0,0,6,0,11,0,7,1,1,6,6,1,21,5,-1,-1,-1,-1,1,E01006607,0,-1
2023052400017,2023,052400017,1,9,0,18,19,1,5,0,0,0,0,0,0,0,3,1,6,6,3,-1,-1,-1,-1,-1,-1,-1,-1,0,-1
2023010432391,2023,010432391,1,1,9,99,99,9,9,99,99,9,9,99,9,99,1,1,2,2,1,54,8,-1,-1,-1,-1,4,E01002987,0,-1
2023501312088,2023,501312088,2,1,0,12,12,6,2,0,0,0,5,0,1,0,2,1,5,6,1,56,9,-1,-1,-1,-1,7,E01029169,0,-1
2023622300175,2023,622300175,2,1,0,18,19,7,4,0,0,1,0,0,0,0,1,1,6,6,1,54,8,-1,-1,-1,-1,3,W01001336,0,-1
2023440255858,2023,440255858,2,17,4,9,9,3,1,0,0,1,0,0,0,0,3,1,6,6,3,-1,-1,-1,-1,-1,-1,-1,-1,0,-1
2023010439878,2023,010439878,2,9,0,7,7,7,1,0,0,8,9,0,0,0,4,9,6,6,3,-1,-1,-1,-1,-1,-1,-1,-1,0,-1
2023461362026,2023,461362026,1,-1,0,16,19,2,6,0,0,0,1,0,0,0,1,1,6,6,3,-1,-1,-1,-1,-1,-1,-1,-1,0,-1
2023010451345,2023,010451345,2,1,0,18,19,1,5,0,0,2,0,0,0,0,1,1,6,6,1,37,7,-1,-1,-1,-1,3,E01002057,0,-1
2023010422728,2023,010422728,1,19,9,1,1,1,5,0,0,1,9,11,9,99,2,9,6,6,3,-1,-1,-1,-1,-1,-1,-1,-1,0,-1
2023211306720,2023,211306720,3,9,0,10,10,6,2,0,0,0,0,0,0,0,0,1,6,6,3,-1,-1,-1,-1,-1,-1,-1,-1,0,-1
2023302400047,2023,302400047,1,1,0,18,19,5,1,9,9,0,0,0,0,0,1,1,2,2,1,22,5,-1,-1,-1,-1,-1,-1,0,-1
2023061388813,2023,061388813,1,9,0,18,19,1,5,0,0,1,0,0,0,0,4,1,6,6,3,30,6,-1,-1,-1,-1,-1,-1,0,-1
2023010432032,2023,010432032,1,9,0,4,4,6,2,0,0,0,0,0,0,0,1,1,2,2,1,49,8,-1,-1,-1,-1,5,E01002584,0,-1
2023041373260,2023,041373260,1,97,0,18,19,3,7,0,0,1,0,0,0,0,1,1,6,6,3,-1,-1,-1,-1,-1,-1,-1,-1,0,-1
2023010429981,2023,010429981,1,4,0,99,99,9,9,99,99,9,9,99,9,99,9,1,2,2,1,31,6,-1,-1,-1,-1,9,E01000382,0,-1
2023221304014,2023,221304014,1,9,0,18,19,5,1,0,0,0,0,0,0,0,1,1,6,6,1,17,4,-1,-1,-1,-1,1,W01001469,0,-1
2023991345084,2023,991345084,2,1,0,18,19,7,3,0,0,8,0,0,0,0,2,1,5,6,2,34,6,-1,-1,-1,-1,-1,-1,0,-1
2023501339497,2023,501339497,1,1,0,18,19,7,3,0,0,0,0,0,0,0,1,1,5,6,1,16,4,-1,-1,-1,-1,1,E01019041,0,-1
2023010424416,2023,010424416,1,8,9,18,19,3,7,0,0,0,9,99,9,0,9,1,1,1,3,-1,-1,-1,-1,-1,-1,-1,-1,0,-1
2023421387651,2023,421387651,1,9,0,9,9,8,7,0,0,5,0,0,0,0,4,1,6,6,3,-1,-1,-1,-1,-1,-1,-1,-1,0,-1
2023440050082,2023,440050082,2,1,0,18,19,6,2,0,0,8,0,0,0,0,1,1,2,2,1,35,6,-1,-1,-1,-1,5,E01017097,0,-1
2023471330222,2023,471330222,1,1,0,18,19,3,7,0,0,0,0,12,0,0,1,1,2,2,2,61,9,-1,-1,-1,-1,7,E01031368,0,-1
2023520301738,2023,520301738,1,9,0,18,19,9,9,0,0,0,0,0,0,0,9,9,6,6,3,-1,-1,-1,-1,-1,-1,-1,-1,0,-1
2023010431670,2023,010431670,1,9,0,18,19,3,7,0,0,1,0,0,0,0,1,1,6,6,3,-1,-1,-1,-1,-1,-1,-1,-1,0,-1
2023070621922,2023,070621922,1,19,0,1,1,2,6,0,0,0,0,0,0,0,2,2,6,6,3,-1,-1,-1,-1,-1,-1,-1,-1,0,-1
2023302300641,2023,302300641,2,9,0,11,11,4,8,0,0,3,0,0,0,0,4,1,6,6,3,-1,-1,-1,-1,-1,-1,5,E01019456,0,-1
2023471342248,2023,471342248,1,9,0,7,7,4,7,0,0,3,0,0,0,0,1,1,6,6,3,-1,-1,-1,-1,-1,-1,-1,-1,0,-1
2023010440750,2023,010440750,2,1,0,17,19,1,5,0,0,1,0,0,0,0,1,1,6,6,1,45,7,-1,-1,-1,-1,4,E01003211,0,-1
2023430371387,2023,430371387,2,19,0,7,7,6,8,0,0,5,0,0,0,0,4,1,6,6,1,69,10,-1,-1,-1,-1,10,E01032554,0,-1
2023010501790,2023,010501790,2,1,0,3,3,3,7,0,0,1,0,0,0,0,1,1,1,1,1,60,9,-1,-1,-1,-1,4,E01000558,0,-1
2023461390894,2023,461390894,1,19,-1,18,19,3,7,0,0,0,0,0,0,0,1,1,6,6,3,-1,-1,-1,-1,-1,-1,-1,-1,0,-1
2023991398132,2023,991398132,1,19,0,9,9,3,1,0,0,6,0,0,0,0,3,1,1,1,1,62,9,-1,-1,-1,-1,-1,-1,0,-1
2023461289988,2023,461289988,1,9,0,18,19,3,7,0,0,0,1,0,7,0,1,1,3,7,1,38,7,-1,-1,-1,-1,1,E01024618,0,-1
2023991263579,2023,991263579,1,9,0,5,5,3,7,0,0,8,0,0,0,0,1,1,6,6,1,80,11,-1,-1,-1,-1,-1,-1,0,-1
2023010462062,2023,010462062,1,9,0,18,19,3,7,0,0,1,0,11,0,0,1,1,6,6,3,-1,-1,-1,-1,-1,-1,-1,-1,0,-1
2023430561786,2023,430561786,2,1,0,18,19,4,8,0,0,0,0,0,0,0,2,1,6,6,1,18,4,-1,-1,-1,-1,10,E01016618,0,-1
2023991317087,2023,991317087,1,8,0,1,1,1,7,0,0,1,0,0,0,0,2,1,1,1,1,-1,-1,-1,-1,-1,-1,-1,-1,0,-1
2023070102060,2023,070102060,1,9,0,18,19,7,3,0,0,0,0,0,1,9,1,1,1,1,1,51,8,-1,-1,-1,-1,9,E01006889,0,-1
2023461333206,2023,461333206,2,9,0,18,19,3,7,0,0,1,0,0,0,0,4,1,1,1,1,59,9,-1,-1,-1,-1,8,E01024803,0,-1
2023041313069,2023,041313069,1,98,0,18,19,1,5,0,0,3,0,0,0,0,1,1,6,6,3,-1,-1,-1,-1,-1,-1,-1,-1,0,-1
2023451374792,2023,451374792,2,1,0,9,9,5,1,0,0,1,0,0,0,0,3,1,4,7,1,11,3,-1,-1,-1,-1,-1,-1,0,-1
2023201321106,2023,201321106,1,-1,0,18,19,4,8,0,0,0,0,0,0,0,1,1,6,6,2,42,7,-1,-1,-1,-1,4,E01010377,0,-1
2023430268421,2023,430268421,1,1,0,18,19,4,8,0,0,0,0,0,0,0,1,1,2,2,1,43,7,-1,-1,-1,-1,2,E01016397,0,-1
2023161342985,2023,161342985,1,1,0,18,19,6,2,0,0,0,0,0,2,0,1,1,5,6,1,40,7,-1,-1,-1,-1,1,E01012858,0,-1
2023991333805,2023,991333805,2,1,0,18,19,5,1,0,0,6,0,0,0,0,1,1,2,2,1,21,5,-1,-1,-1,-1,-1,-1,0,-1
2023061313315,2023,061313315,2,9,0,18,19,8,4,0,0,8,0,0,0,0,3,1,5,6,1,44,7,-1,-1,-1,-1,2,E01005708,0,-1
2023351312864,2023,351312864,1,98,0,18,19,1,5,0,0,0,0,0,0,0,1,1,6,6,3,-1,-1,-1,-1,-1,-1,-1,-1,0,-1
2023461361468,2023,461361468,2,9,0,18,19,2,6,0,0,1,0,0,0,0,4,1,1,1,1,19,4,-1,-1,-1,-1,9,E01024832,0,-1
2023461321251,2023,461321251,2,9,0,2,2,0,0,0,0,0,0,0,0,0,3,1,6,6,1,19,4,-1,-1,-1,-1,1,E01024657,0,-1
2023461350205,2023,461350205,2,9,0,18,19,3,7,0,0,8,0,0,0,0,4,1,6,6,1,55,8,-1,-1,-1,-1,7,E01024518,0,-1
2023010450339,2023,010450339,2,-1,0,18,19,1,5,0,0,0,0,0,0,0,1,1,6,6,2,31,6,-1,-1,-1,-1,4,E01002833,1,-1
2023010453552,2023,010453552,2,9,0,99,99,9,9,99,99,9,9,99,9,99,9,9,6,6,1,-1,-1,-1,-1,-1,-1,4,E01002681,0,-1
2023401361443,2023,401361443,2,1,0,13,13,6,2,0,0,1,0,0,0,0,2,1,5,6,1,35,6,-1,-1,-1,-1,2,E01015759,0,-1
2023440077488,2023,440077488,1,9,0,18,19,6,2,0,0,8,0,0,0,0,1,1,6,6,1,51,8,-1,-1,-1,-1,2,E01017032,0,-1
2023010443008,2023,010443008,1,1,9,99,99,9,9,99,99,9,9,99,9,99,1,1,6,6,2,48,8,-1,-1,-1,-1,2,E01002787,0,-1
2023481359151,2023,481359151,2,1,0,18,19,3,7,5,5,0,0,0,0,0,1,1,2,2,1,49,8,-1,-1,-1,-1,-1,-1,0,-1
2023351292004,2023,351292004,1,9,0,18,19,1,5,0,0,8,0,0,0,0,1,1,1,1,2,35,6,-1,-1,-1,-1,5,E01018157,0,-1
2023101331805,2023,101331805,2,1,0,18,19,4,8,0,0,8,2,0,0,0,1,1,5,6,1,11,3,-1,-1,-1,-1,4,E01008308,0,-1
2023010481464,2023,010481464,2,1,0,18,19,3,7,0,0,6,0,0,0,0,1,1,2,2,1,21,5,-1,-1,-1,-1,4,E01003123,0,-1
2023041369702,2023,041369702,2,1,0,18,19,1,5,0,0,0,0,0,0,0,1,1,5,6,1,14,3,-1,-1,-1,-1,8,E01025411,0,-1
2023131317271,2023,131317271,1,9,0,-1,-1,-1,-1,-1,-1,0,-1,-1,-1,0,-1,1,6,6,3,-1,-1,-1,-1,-1,-1,-1,-1,0,-1
2023351330496,2023,351330496,2,1,0,18,19,-1,-1,5,5,0,0,0,0,0,3,1,3,7,2,47,8,-1,-1,-1,-1,6,E01018111,0,-1
2023631375680,2023,631375680,1,9,0,-1,-1,-1,-1,-1,-1,-1,-1,-1,-1,-1,-1,1,6,6,3,-1,-1,-1,-1,-1,-1,-1,-1,0,-1
2023543276223,2023,543276223,1,9,0,18,19,7,3,0,0,4,0,0,0,0,1,1,6,6,1,36,7,-1,-1,-1,-1,2,E01015476,0,-1
2023010471630,2023,010471630,2,1,0,4,4,7,3,0,0,2,5,4,1,0,1,1,6,6,1,51,8,-1,-1,-1,-1,2,E01003256,0,-1
2023302301953,2023,302301953,2,9,0,4,4,3,7,0,0,0,0,0,0,0,0,1,6,6,3,-1,-1,-1,-1,-1,-1,5,E01019456,0,-1
2023522400868,2023,522400868,1,9,0,18,19,1,5,0,0,8,0,0,0,0,1,1,6,6,1,36,7,-1,-1,-1,-1,1,E01033369,0,-1
2023430480312,2023,430480312,2,1,0,9,9,3,1,0,0,1,0,0,0,0,3,1,6,6,2,73,10,-1,-1,-1,-1,10,E01032554,0,-1
2023131310829,2023,131310829,2,9,0,18,19,3,3,0,0,0,0,0,0,0,2,1,1,1,1,77,11,-1,-1,-1,-1,3,E01006335,0,-1
2023610020923,2023,610020923,2,1,0,18,19,8,4,0,0,6,0,0,0,0,3,1,6,6,1,28,6,-1,-1,-1,-1,2,W01001474,0,-1
2023101366625,2023,101366625,1,9,0,18,19,6,2,0,0,0,0,0,0,0,4,1,6,6,3,-1,-1,-1,-1,-1,-1,-1,-1,0,-1
2023010423588,2023,010423588,1,1,9,99,99,9,9,99,99,9,9,99,9,99,9,1,2,2,1,40,7,-1,-1,-1,-1,4,E01003106,0,-1
2023411305393,2023,411305393,1,98,0,7,7,7,3,0,0,4,0,0,0,0,4,1,6,6,3,-1,-1,-1,-1,-1,-1,-1,-1,0,-1
2023131301344,2023,131301344,1,1,0,18,19,4,8,0,0,8,0,0,0,0,1,1,5,6,2,33,6,-1,-1,-1,-1,1,E01011623,0,-1
2023501314893,2023,501314893,2,1,0,9,9,2,7,0,0,8,0,0,0,0,4,1,6,6,1,66,10,-1,-1,-1,-1,8,E01020089,0,-1
2023471339173,2023,471339173,1,9,0,18,19,5,8,0,0,0,0,0,0,0,1,1,6,6,3,-1,-1,-1,-1,-1,-1,-1,-1,0,-1
2023010424888,2023,010424888,2,1,0,18,19,7,3,0,0,8,0,0,7,0,1,1,6,6,1,18,4,-1,-1,-1,-1,5,E01002456,0,-1
2023131306928,2023,131306928,1,9,0,-1,-1,-1,-1,-1,-1,0,-1,-1,-1,-1,-1,1,6,6,3,-1,-1,-1,-1,-1,-1,-1,-1,0,-1
2023131324586,2023,131324586,1,2,0,-1,-1,-1,-1,-1,-1,0,-1,-1,-1,0,-1,1,6,6,3,-1,-1,-1,-1,-1,-1,-1,-1,0,-1
2023061352935,2023,061352935,4,9,0,18,19,3,7,0,0,0,0,0,0,0,2,1,6,6,1,50,8,-1,-1,-1,-1,1,E01006816,0,-1
2023451302279,2023,451302279,2,1,0,18,19,7,3,0,0,1,0,0,3,0,1,1,5,6,1,49,8,-1,-1,-1,-1,10,E01030467,0,-1
2023010480456,2023,010480456,1,1,0,13,13,5,1,0,0,1,5,0,0,0,1,1,6,6,1,42,7,-1,-1,-1,-1,2,E01002807,0,-1
2023010439072,2023,010439072,1,1,9,18,19,5,1,0,0,9,9,99,9,99,9,1,6,6,1,47,8,-1,-1,-1,-1,5,E01004099,0,-1
2023371279665,2023,371279665,2,22,0,18,19,3,7,0,0,0,0,0,0,0,1,1,6,6,1,59,9,-1,-1,-1,-1,2,E01033124,0,-1
2023440033146,2023,440033146,2,1,0,18,19,4,8,0,0,1,0,0,0,0,3,1,6,6,1,42,7,-1,-1,-1,-1,6,E01017176,0,-1
2023201371973,2023,201371973,2,1,0,18,19,1,5,0,0,0,0,0,0,0,1,1,6,6,1,-1,-1,-1,-1,-1,-1,1,E01009570,0,-1
2023010435099,2023,010435099,1,-1,0,18,19,6,2,6,6,2,1,4,0,0,1,1,2,2,1,57,9,-1,-1,-1,-1,3,E01004676,1,-1
2023010453742,2023,010453742,1,1,9,99,99,9,9,99,99,9,9,99,9,99,9,1,6,6,2,42,7,-1,-1,-1,-1,2,E01002774,0,-1
2023361293230,2023,361293230,1,1,0,18,19,1,5,0,0,0,0,0,1,0,0,1,6,6,1,55,8,-1,-1,-1,-1,-1,-1,0,-1
2023161356110,2023,161356110,2,9,0,9,9,3,1,0,0,1,0,0,0,0,1,1,6,6,1,-1,-1,-1,-1,-1,-1,-1,-1,0,-1
2023430571218,2023,430571218,1,9,0,18,19,5,1,0,0,1,0,0,0,0,1,1,6,6,3,-1,-1,-1,-1,-1,-1,-1,-1,0,-1
2023430002260,2023,430002260,1,9,0,17,19,1,6,0,0,0,2,0,1,10,1,1,6,6,1,20,4,-1,-1,-1,-1,8,E01028773,0,-1
2023320230954,2023,320230954,1,1,0,18,19,6,2,0,0,0,0,0,0,0,0,1,6,6,3,-1,-1,-1,-1,-1,-1,-1,-1,0,-1
2023131266448,2023,131266448,1,9,0,-1,-1,-1,-1,-1,-1,-1,-1,-1,-1,-1,-1,1,6,6,3,-1,-1,-1,-1,-1,-1,-1,-1,0,-1