collision_index,collision_year,collision_ref_no,vehicle_reference,vehicle_type,towing_and_articulation,vehicle_manoeuvre_historic,vehicle_manoeuvre,vehicle_direction_from,vehicle_direction_to,vehicle_location_restricted_lane_historic,vehicle_location_restricted_lane,junction_location,skidding_and_overturning,hit_object_in_carriageway,vehicle_leaving_carriageway,hit_object_off_carriageway,first_point_of_impact,vehicle_left_hand_drive,journey_purpose_of_driver_historic,journey_purpose_of_driver,sex_of_driver,age_of_driver,age_band_of_driver,engine_capacity_cc,propulsion_code,age_of_vehicle,generic_make_model,driver_imd_decile,lsoa_of_driver,escooter_flag,driver_distance_banding
2023340NN2582,2023,340NN2582,2,1,0,18,19,2,6,0,0,8,0,0,0,0,4,1,6,6,1,51,8,-1,-1,-1,-1,-1,-1,0,-1
2023010428978,2023,010428978,1,1,9,99,99,9,9,99,99,9,9,99,9,99,1,1,2,2,1,30,6,-1,-1,-1,-1,5,E01024796,0,-1
2023010449195,2023,010449195,2,1,0,18,19,7,3,0,0,8,0,0,0,0,1,1,6,6,2,43,7,-1,-1,-1,-1,4,E01000478,0,-1
2023010430668,2023,010430668,2,9,9,99,99,9,9,99,99,9,9,99,9,99,9,9,6,6,3,-1,-1,-1,-1,-1,-1,-1,-1,0,-1
2023302300507,2023,302300507,2,19,0,18,19,4,8,0,0,0,0,0,0,0,1,1,6,6,3,-1,-1,-1,-1,-1,-1,5,E01019456,0,-1
2023041343262,2023,041343262,2,1,0,18,19,1,5,0,0,8,0,0,7,1,1,1,2,2,2,52,8,-1,-1,-1,-1,6,E01025458,0,-1
2023010421681,2023,010421681,2,90,0,18,19,7,3,0,0,2,0,0,0,0,1,1,6,6,1,28,6,-1,-1,-1,-1,2,E01004013,0,-1
2023461325557,2023,461325557,3,9,0,2,2,0,0,0,0,8,0,0,0,0,2,1,6,6,3,-1,-1,-1,-1,-1,-1,-1,-1,0,-1
2023031387914,2023,031387914,1,9,0,5,5,1,5,0,0,6,0,0,0,0,1,1,5,6,1,54,8,-1,-1,-1,-1,4,E01019389,0,-1
2023061317844,2023,061317844,1,1,0,9,9,7,2,9,9,0,0,0,0,0,3,1,2,2,1,41,7,-1,-1,-1,-1,1,E01005692,0,-1
2023501305471,2023,501305471,1,19,0,18,19,7,3,0,0,0,0,0,0,0,3,1,5,6,2,42,7,-1,-1,-1,-1,-1,-1,0,-1
2023501345429,2023,501345429,2,1,0,18,19,3,1,0,0,1,1,0,0,0,1,1,6,6,1,39,7,-1,-1,-1,-1,-1,-1,0,-1
2023010446207,2023,010446207,1,1,9,99,99,9,9,99,99,0,9,99,9,99,9,1,2,2,3,45,7,-1,-1,-1,-1,4,E01003913,0,-1
2023061375115,2023,061375115,2,1,0,18,19,8,4,0,0,1,0,0,0,0,0,1,6,6,1,17,4,-1,-1,-1,-1,4,E01005494,0,-1
2023041267064,2023,041267064,1,9,0,18,19,5,1,0,0,8,0,0,0,0,1,1,6,6,3,-1,-1,-1,-1,-1,-1,-1,-1,0,-1
2023440267372,2023,440267372,1,1,0,16,19,6,8,0,0,8,0,0,0,0,1,1,6,6,1,25,5,-1,-1,-1,-1,4,E01022988,0,-1
2023010470610,2023,010470610,1,3,0,18,19,3,7,2,2,0,0,0,0,0,1,1,6,6,3,-1,-1,-1,-1,-1,-1,-1,-1,0,-1
2023401350401,2023,401350401,2,9,0,18,19,5,1,0,0,0,0,0,0,0,2,1,6,6,1,34,6,-1,-1,-1,-1,4,E01016055,0,-1
2023010476513,2023,010476513,1,1,9,99,99,9,9,99,99,9,9,99,9,99,1,1,2,2,1,27,6,-1,-1,-1,-1,4,E01033572,0,-1
2023010432655,2023,010432655,1,19,0,18,19,8,4,0,0,0,0,0,0,0,4,2,6,6,3,-1,-1,-1,-1,-1,-1,-1,-1,0,-1
2023221357200,2023,221357200,1,1,0,18,19,7,3,0,0,1,0,0,0,0,3,1,5,6,1,79,11,-1,-1,-1,-1,5,E01014046,0,-1
2023631369375,2023,631369375,1,9,0,-1,-1,-1,-1,-1,-1,0,-1,-1,-1,0,-1,1,6,6,3,-1,-1,-1,-1,-1,-1,-1,-1,0,-1
2023031378224,2023,031378224,3,19,0,18,19,8,4,0,0,1,0,0,0,0,1,1,1,1,1,62,9,-1,-1,-1,-1,-1,-1,0,-1
2023131365965,2023,131365965,1,98,0,-1,-1,-1,-1,-1,-1,-1,-1,-1,-1,-1,-1,1,6,6,3,-1,-1,-1,-1,-1,-1,-1,-1,0,-1
2023131365211,2023,131365211,1,90,0,18,19,-1,-1,0,0,0,0,0,0,0,-1,1,6,6,3,28,6,-1,-1,-1,-1,-1,-1,0,-1
2023010423161,2023,010423161,2,9,0,99,99,9,9,99,99,9,9,99,9,99,1,9,6,6,3,-1,-1,-1,-1,-1,-1,2,E01003243,0,-1
2023631352642,2023,631352642,1,17,0,17,19,1,5,0,0,0,0,0,0,0,1,1,1,1,1,32,6,-1,-1,-1,-1,-1,-1,0,-1
2023340NN2282,2023,340NN2282,2,1,0,18,19,1,5,0,0,1,0,0,0,0,1,1,6,6,2,60,9,-1,-1,-1,-1,9,E01027048,0,-1
2023161389696,2023,161389696,3,9,0,18,19,3,7,0,0,8,0,0,0,0,4,1,6,6,1,50,8,-1,-1,-1,-1,-1,-1,0,-1
2023552300664,2023,552300664,2,1,0,18,19,6,2,0,0,8,0,0,0,0,1,1,6,6,2,58,9,-1,-1,-1,-1,7,E01020566,0,-1
2023340WN6652,2023,340WN6652,1,9,0,18,19,7,3,0,0,1,0,0,0,0,4,1,6,6,3,-1,-1,-1,-1,-1,-1,-1,-1,0,-1
2023430382276,2023,430382276,1,1,0,18,19,6,2,0,0,0,0,0,0,0,3,1,1,1,1,38,7,-1,-1,-1,-1,6,W01000560,0,-1
2023111305187,2023,111305187,2,1,0,9,9,3,1,0,0,1,0,0,0,0,3,1,6,6,1,49,8,-1,-1,-1,-1,10,E01020719,0,-1
2023070446836,2023,070446836,1,9,0,18,19,2,6,0,0,3,0,0,0,0,1,1,6,6,2,-1,-1,-1,-1,-1,-1,-1,-1,0,-1
2023052302091,2023,052302091,2,1,0,18,19,7,3,0,0,8,0,0,0,0,3,1,6,6,1,68,10,-1,-1,-1,-1,8,E01006808,0,-1
2023471350145,2023,471350145,3,1,0,18,19,5,1,0,0,1,0,0,0,0,1,1,6,6,1,40,7,-1,-1,-1,-1,3,E01020913,0,-1
2023311272255,2023,311272255,1,-1,0,18,19,7,3,0,0,8,5,0,0,0,3,1,5,6,1,30,6,-1,-1,-1,-1,4,E01033408,1,-1
2023061328490,2023,061328490,1,1,-1,-1,-1,-1,-1,-1,-1,-1,-1,-1,-1,0,-1,1,6,6,1,35,6,-1,-1,-1,-1,7,E01033681,0,-1
2023430346219,2023,430346219,2,1,0,18,19,4,8,0,0,8,0,0,0,0,1,1,6,6,1,27,6,-1,-1,-1,-1,9,E01028535,0,-1
2023010435439,2023,010435439,2,9,0,18,19,1,5,0,0,1,0,0,0,0,1,1,6,6,3,-1,-1,-1,-1,-1,-1,-1,-1,0,-1
2023320031387,2023,320031387,2,1,0,18,19,3,7,9,9,1,5,0,1,0,3,1,4,7,1,14,3,-1,-1,-1,-1,6,E01026260,0,-1
2023010470326,2023,010470326,2,1,0,5,5,5,1,5,5,1,0,0,0,0,3,1,6,6,2,53,8,-1,-1,-1,-1,1,E01004304,0,-1
2023010426668,2023,010426668,2,1,0,9,9,7,4,0,0,5,0,0,0,0,1,1,6,6,1,26,6,-1,-1,-1,-1,5,E01003085,0,-1
2023421279524,2023,421279524,2,-1,0,7,7,3,7,0,0,1,0,0,0,0,1,1,5,6,1,39,7,-1,-1,-1,-1,-1,-1,1,-1
2023461377967,2023,461377967,2,9,0,18,19,5,1,0,0,1,0,0,0,0,3,1,5,6,2,45,7,-1,-1,-1,-1,10,E01016050,0,-1
2023501319290,2023,501319290,3,9,-1,-1,-1,-1,-1,-1,-1,0,-1,-1,-1,0,-1,1,6,6,1,59,9,-1,-1,-1,-1,4,E01018781,0,-1
2023461364715,2023,461364715,1,9,0,18,19,7,3,0,0,0,0,0,0,0,0,1,6,6,3,-1,-1,-1,-1,-1,-1,-1,-1,0,-1
2023201293056,2023,201293056,1,9,0,12,12,4,8,0,0,8,0,0,0,0,1,1,6,6,3,-1,-1,-1,-1,-1,-1,-1,-1,0,-1
2023461270791,2023,461270791,1,9,0,18,19,3,7,0,0,1,0,0,0,0,1,1,5,6,3,-1,-1,-1,-1,-1,-1,-1,-1,0,-1
2023201391759,2023,201391759,1,9,0,18,19,4,8,0,0,0,0,0,0,0,1,1,6,6,3,-1,-1,-1,-1,-1,-1,-1,-1,0,-1
2023070686665,2023,070686665,1,9,0,18,19,3,7,0,0,0,0,0,0,0,1,1,6,6,3,-1,-1,-1,-1,-1,-1,-1,-1,0,-1
2023052302828,2023,052302828,2,1,0,18,19,7,8,0,0,1,0,0,0,0,3,1,6,6,1,16,4,-1,-1,-1,-1,3,E01006811,0,-1
2023010454247,2023,010454247,2,1,9,99,99,9,9,99,99,9,9,99,9,99,9,1,6,6,3,-1,-1,-1,-1,-1,-1,-1,-1,0,-1
2023522400978,2023,522400978,2,9,0,17,19,1,6,0,0,8,0,0,0,0,3,1,6,6,1,-1,-1,-1,-1,-1,-1,-1,-1,0,-1
2023302300085,2023,302300085,1,9,0,18,19,6,2,0,0,0,0,0,0,0,1,1,6,6,3,-1,-1,-1,-1,-1,-1,5,E01019456,0,-1
2023451264892,2023,451264892,3,9,0,18,19,3,7,0,0,0,1,0,0,0,0,1,6,6,3,45,7,-1,-1,-1,-1,-1,-1,0,-1
2023451347243,2023,451347243,1,1,0,18,19,3,1,0,0,1,0,0,0,0,4,1,5,6,1,57,9,-1,-1,-1,-1,10,E01030340,0,-1
2023041361643,2023,041361643,1,23,0,7,7,3,7,0,0,1,0,0,0,0,1,1,5,6,1,48,8,-1,-1,-1,-1,3,E01025289,0,-1
2023041297012,2023,041297012,2,1,0,18,19,7,3,0,0,0,0,0,0,0,0,1,6,6,2,47,8,-1,-1,-1,-1,2,E01025481,0,-1
2023131321525,2023,131321525,2,1,0,18,19,1,6,0,0,8,0,0,0,0,1,1,6,6,1,41,7,-1,-1,-1,-1,2,E01011259,0,-1
2023131360274,2023,131360274,2,1,0,18,19,6,2,0,0,1,1,0,0,0,0,1,2,2,1,16,4,-1,-1,-1,-1,6,E01011534,0,-1
2023440324774,2023,440324774,1,23,0,18,19,4,8,0,0,0,0,0,0,0,3,1,1,1,1,30,6,-1,-1,-1,-1,1,E01017166,0,-1
2023010455911,2023,010455911,1,1,9,18,19,5,1,4,4,1,9,99,9,99,1,1,2,2,1,31,6,-1,-1,-1,-1,5,E01001935,0,-1
2023061330712,2023,061330712,2,9,0,18,19,7,3,0,0,8,0,0,0,0,1,1,1,1,1,28,6,-1,-1,-1,-1,3,E01018731,0,-1
2023010472480,2023,010472480,2,9,0,99,99,9,9,99,99,9,9,99,9,99,1,9,6,6,3,-1,-1,-1,-1,-1,-1,-1,-1,0,-1
2023461328696,2023,461328696,2,1,0,18,19,5,1,0,0,0,0,0,0,0,1,1,6,6,1,48,8,-1,-1,-1,-1,-1,-1,0,-1
2023170H10693,2023,170H10693,1,9,0,16,19,1,3,0,0,0,0,0,0,0,1,1,6,6,1,36,7,-1,-1,-1,-1,3,E01011961,0,-1
2023201288703,2023,201288703,1,9,0,18,19,4,2,0,0,1,0,0,0,0,1,1,6,6,3,-1,-1,-1,-1,-1,-1,-1,-1,0,-1
2023440403639,2023,440403639,2,9,0,7,7,3,5,0,0,8,0,0,0,0,0,1,6,6,2,-1,-1,-1,-1,-1,-1,-1,-1,0,-1
2023101328226,2023,101328226,1,9,0,18,19,3,7,0,0,8,0,0,0,0,4,1,6,6,2,-1,-1,-1,-1,-1,-1,-1,-1,0,-1
2023401278454,2023,401278454,1,98,0,9,9,4,3,0,0,1,0,0,0,0,1,1,6,6,1,33,6,-1,-1,-1,-1,4,E01017570,0,-1
2023340WN2982,2023,340WN2982,2,9,0,4,4,5,1,0,0,1,0,0,0,0,2,1,6,6,1,-1,-1,-1,-1,-1,-1,-1,-1,0,-1
2023010481369,2023,010481369,1,1,9,99,99,9,9,99,99,9,9,99,9,99,9,1,6,6,1,48,8,-1,-1,-1,-1,4,E01004027,0,-1
2023010443631,2023,010443631,1,19,0,17,19,4,2,0,0,5,0,0,0,0,4,1,1,1,1,46,8,-1,-1,-1,-1,3,E01000806,0,-1
2023332300015,2023,332300015,2,9,0,18,19,2,6,0,0,0,0,0,0,0,1,1,6,6,2,67,10,-1,-1,-1,-1,10,E01025774,0,-1
2023411384404,2023,411384404,2,9,0,18,19,5,1,0,0,3,0,0,0,0,1,1,5,6,3,-1,-1,-1,-1,-1,-1,-1,-1,0,-1
2023421379968,2023,421379968,2,1,0,9,9,3,2,0,0,1,0,0,0,0,4,1,5,6,1,27,6,-1,-1,-1,-1,2,E01021686,0,-1
2023440517949,2023,440517949,1,9,0,13,13,6,2,0,0,0,0,0,0,0,4,1,6,6,2,-1,-1,-1,-1,-1,-1,-1,-1,0,-1
2023332301137,2023,332301137,2,1,0,10,10,6,4,0,0,8,0,0,0,0,2,1,6,6,1,55,8,-1,-1,-1,-1,3,E01013777,0,-1
2023430404224,2023,430404224,2,9,0,18,19,4,8,0,0,8,0,0,0,0,3,1,6,6,1,-1,-1,-1,-1,-1,-1,3,E01016456,0,-1
2023131342485,2023,131342485,2,23,0,18,19,5,1,0,0,0,0,0,0,0,1,1,5,6,1,43,7,-1,-1,-1,-1,1,E01010824,0,-1
2023061389517,2023,061389517,2,1,-1,-1,-1,-1,-1,-1,-1,-1,-1,-1,-1,0,-1,1,6,6,2,40,7,-1,-1,-1,-1,2,E01005236,0,-1
2023131345276,2023,131345276,2,1,0,5,5,1,5,0,0,0,0,0,0,0,1,1,5,6,1,27,6,-1,-1,-1,-1,-1,-1,0,-1
2023010460284,2023,010460284,1,9,0,18,19,5,1,0,0,8,0,0,0,0,1,1,6,6,1,35,6,-1,-1,-1,-1,1,E01003246,0,-1
2023461359159,2023,461359159,1,9,0,9,9,1,5,0,0,8,0,0,0,0,3,1,1,1,1,28,6,-1,-1,-1,-1,4,E01004416,0,-1
2023010437646,2023,010437646,1,9,0,18,19,6,2,0,0,2,0,0,0,0,3,1,6,6,3,-1,-1,-1,-1,-1,-1,-1,-1,0,-1
2023451364780,2023,451364780,2,1,0,9,9,7,1,0,0,3,0,0,1,0,4,1,4,7,1,16,4,-1,-1,-1,-1,10,E01030308,0,-1
2023010443805,2023,010443805,2,9,0,99,99,9,9,99,99,9,9,99,9,99,1,9,6,6,3,-1,-1,-1,-1,-1,-1,-1,-1,0,-1
2023101290161,2023,101290161,1,9,0,4,4,7,4,0,0,1,0,0,0,0,1,1,3,7,2,57,9,-1,-1,-1,-1,9,E01008680,0,-1
2023211358426,2023,211358426,1,9,-1,-1,-1,-1,-1,-1,-1,0,-1,-1,-1,0,-1,1,6,6,1,25,5,-1,-1,-1,-1,-1,-1,0,-1
2023052301003,2023,052301003,1,9,0,12,12,3,7,0,0,3,0,0,0,0,0,1,6,6,3,-1,-1,-1,-1,-1,-1,-1,-1,0,-1
2023041353760,2023,041353760,2,9,0,2,2,0,0,6,6,2,0,0,0,0,1,1,6,6,3,-1,-1,-1,-1,-1,-1,-1,-1,0,-1
2023320531100,2023,320531100,2,1,0,7,7,5,6,0,0,6,0,0,0,0,3,1,6,6,1,15,3,-1,-1,-1,-1,2,E01026108,0,-1
2023010456938,2023,010456938,1,1,9,99,99,9,9,99,99,9,9,99,9,99,0,1,6,6,3,-1,-1,-1,-1,-1,-1,-1,-1,0,-1
2023430231051,2023,430231051,1,1,0,9,9,4,2,5,5,0,0,0,0,0,0,1,4,7,1,11,3,-1,-1,-1,-1,3,E01017663,0,-1
2023451339399,2023,451339399,1,98,0,4,4,3,7,0,0,0,0,0,0,0,0,1,6,6,3,45,7,-1,-1,-1,-1,-1,-1,0,-1
2023052301748,2023,052301748,2,1,0,18,19,3,7,0,0,1,0,0,0,0,1,1,6,6,1,28,6,-1,-1,-1,-1,1,E01006695,0,-1
2023170M11103,2023,170M11103,1,9,0,18,19,8,4,0,0,1,0,0,0,0,0,1,6,6,3,-1,-1,-1,-1,-1,-1,-1,-1,0,-1
2023471310100,2023,471310100,2,9,0,18,19,4,8,0,0,1,0,0,0,0,2,1,1,1,1,56,9,-1,-1,-1,-1,6,E01021099,0,-1
2023401305338,2023,401305338,1,-1,0,18,19,1,5,0,0,0,0,0,0,0,1,1,6,6,3,-1,-1,-1,-1,-1,-1,-1,-1,0,-1
2023622300825,2023,622300825,2,1,0,18,19,3,7,0,0,8,0,0,0,0,1,1,6,6,1,36,7,-1,-1,-1,-1,9,W01000998,0,-1
2023320048210,2023,320048210,3,19,0,18,19,6,8,0,0,3,0,0,0,0,0,1,6,6,3,40,7,-1,-1,-1,-1,-1,-1,0,-1
2023371301946,2023,371301946,1,9,0,18,19,7,3,0,0,0,1,0,7,0,1,1,5,6,1,42,7,-1,-1,-1,-1,-1,-1,0,-1
2023481388195,2023,481388195,2,1,0,15,15,3,7,0,0,0,0,0,0,0,1,1,2,2,2,28,6,-1,-1,-1,-1,-1,-1,0,-1
2023211339570,2023,211339570,2,9,0,18,19,2,3,0,0,1,0,0,0,0,4,1,6,6,1,32,6,-1,-1,-1,-1,-1,-1,0,-1
2023010477988,2023,010477988,1,19,0,9,9,2,1,9,9,2,0,10,0,0,1,1,2,2,1,19,4,-1,-1,-1,-1,4,E01001974,0,-1
2023070162190,2023,070162190,1,1,0,18,19,5,3,0,0,2,0,0,0,0,3,1,6,6,1,73,10,-1,-1,-1,-1,7,E01012371,0,-1
2023061337797,2023,061337797,1,9,0,9,9,8,4,0,0,8,0,0,0,0,1,1,6,6,1,24,5,-1,-1,-1,-1,2,E01025229,0,-1
2023201379251,2023,201379251,2,1,0,18,19,8,4,0,0,8,0,0,0,0,1,1,1,1,2,55,8,-1,-1,-1,-1,4,E01009065,0,-1
2023320469793,2023,320469793,1,9,0,18,19,6,2,0,0,0,1,0,1,10,1,1,6,6,1,35,6,-1,-1,-1,-1,1,E01026083,0,-1
2023010469648,2023,010469648,2,1,0,18,19,8,4,0,0,8,2,0,0,0,3,1,2,2,1,29,6,-1,-1,-1,-1,5,E01000142,0,-1
2023061361288,2023,061361288,2,1,0,9,9,1,7,0,0,6,0,0,0,0,1,1,2,2,2,26,6,-1,-1,-1,-1,7,E01005152,0,-1
2023161355437,2023,161355437,1,-1,0,18,19,1,5,0,0,0,0,0,0,0,1,1,6,6,1,16,4,-1,-1,-1,-1,1,E01013311,1,-1
2023010476482,2023,010476482,1,5,0,99,99,9,9,99,99,9,9,99,9,99,1,1,6,6,1,46,8,-1,-1,-1,-1,8,E01023576,0,-1
2023522300961,2023,522300961,2,9,0,18,19,7,3,0,0,0,0,0,0,0,1,1,6,6,3,-1,-1,-1,-1,-1,-1,-1,-1,0,-1
2023430549276,2023,430549276,2,9,0,7,7,5,8,0,0,3,0,0,0,0,4,1,6,6,2,47,8,-1,-1,-1,-1,7,E01028474,0,-1
2023101272543,2023,101272543,1,1,-1,18,19,2,3,0,0,8,0,0,0,0,1,1,6,6,1,12,3,-1,-1,-1,-1,3,E01008636,0,-1
2023320720119,2023,320720119,2,19,0,4,4,8,4,0,0,0,0,0,0,0,2,1,1,1,1,34,6,-1,-1,-1,-1,2,E01026006,0,-1
2023052301711,2023,052301711,1,9,0,1,1,1,5,0,0,0,0,0,0,0,2,1,6,6,1,51,8,-1,-1,-1,-1,1,E01006849,0,-1
2023332300078,2023,332300078,2,-1,0,18,19,5,1,0,0,8,0,0,0,0,1,1,6,6,1,18,4,-1,-1,-1,-1,4,E01013614,1,-1
2023520300583,2023,520300583,2,1,0,18,19,5,1,0,0,8,0,0,0,0,1,1,6,6,1,57,9,-1,-1,-1,-1,-1,-1,0,-1
2023471275841,2023,471275841,2,9,0,18,19,1,5,0,0,0,0,0,0,0,0,1,6,6,3,-1,-1,-1,-1,-1,-1,-1,-1,0,-1
2023010450204,2023,010450204,1,1,9,99,99,9,9,99,99,9,9,99,9,99,9,1,2,2,1,28,6,-1,-1,-1,-1,2,E01002002,0,-1
2023010486618,2023,010486618,1,1,9,99,99,9,9,99,99,9,9,99,9,99,9,1,6,6,1,24,5,-1,-1,-1,-1,1,E01001840,0,-1
2023010424319,2023,010424319,1,1,9,99,99,9,9,99,99,9,9,99,9,99,9,1,2,2,1,36,7,-1,-1,-1,-1,6,E01004493,0,-1
2023631378035,2023,631378035,1,19,0,-1,-1,-1,-1,0,0,8,-1,-1,-1,0,-1,1,6,6,3,-1,-1,-1,-1,-1,-1,-1,-1,0,-1
202363A037823,2023,63A037823,1,9,0,18,19,8,4,0,0,1,0,9,3,10,1,1,6,6,2,75,10,-1,-1,-1,-1,-1,-1,0,-1
2023161323226,2023,161323226,2,1,0,18,19,7,3,9,9,0,0,0,0,0,1,1,5,6,1,12,3,-1,-1,-1,-1,1,E01013218,0,-1
2023421307229,2023,421307229,1,1,0,4,4,3,5,0,0,8,0,0,0,0,1,1,5,6,1,12,3,-1,-1,-1,-1,3,E01021289,0,-1
2023430066165,2023,430066165,2,9,0,18,19,4,8,0,0,0,0,0,0,0,4,1,6,6,1,-1,-1,-1,-1,-1,-1,-1,-1,0,-1
2023610048323,2023,610048323,2,19,0,18,19,6,1,0,0,0,0,1,0,0,1,1,1,1,1,36,7,-1,-1,-1,-1,2,E01029824,0,-1
2023471266547,2023,471266547,2,1,0,17,19,6,3,0,0,8,0,0,0,0,1,1,6,6,1,50,8,-1,-1,-1,-1,8,E01020988,0,-1
2023361353454,2023,361353454,1,9,-1,-1,-1,-1,-1,-1,-1,-1,-1,-1,-1,0,-1,1,6,6,1,-1,-1,-1,-1,-1,-1,-1,-1,0,-1
2023501329513,2023,501329513,1,9,0,18,19,2,6,0,0,0,0,0,1,4,1,1,5,6,1,51,8,-1,-1,-1,-1,10,E01019943,0,-1
2023141366958,2023,141366958,1,9,0,7,7,4,6,0,0,1,0,0,0,0,0,1,6,6,3,18,4,-1,-1,-1,-1,-1,-1,0,-1
2023311332112,2023,311332112,1,11,-1,5,5,4,8,0,0,0,0,0,0,0,0,1,1,1,1,59,9,-1,-1,-1,-1,4,E01019645,0,-1
2023010427413,2023,010427413,2,1,0,18,19,3,7,9,9,2,5,0,0,0,1,1,2,2,1,22,5,-1,-1,-1,-1,4,E01001396,0,-1
2023440127785,2023,440127785,1,-1,0,18,19,3,7,0,0,0,0,0,0,0,4,1,6,6,1,19,4,-1,-1,-1,-1,4,E01002101,1,-1
2023201448225,2023,201448225,2,9,0,5,5,8,4,0,0,4,0,0,0,0,4,1,6,6,3,28,6,-1,-1,-1,-1,1,E01009197,0,-1
2023501324381,2023,501324381,2,1,0,18,19,1,5,0,0,1,5,0,0,0,4,1,1,1,1,55,8,-1,-1,-1,-1,8,E01015114,0,-1
2023010475785,2023,010475785,1,9,0,99,99,9,9,0,0,9,0,0,0,0,1,1,1,1,2,41,7,-1,-1,-1,-1,6,E01016000,0,-1
2023522400144,2023,522400144,2,1,0,7,7,8,3,0,0,8,0,0,0,0,1,1,6,6,1,63,9,-1,-1,-1,-1,6,E01014769,0,-1
2023340WN1432,2023,340WN1432,1,1,0,9,9,2,8,0,0,3,0,10,0,0,2,1,6,6,1,43,7,-1,-1,-1,-1,1,E01027140,0,-1
2023471353362,2023,471353362,2,1,0,18,19,7,3,0,0,8,0,0,0,0,4,1,5,6,1,25,5,-1,-1,-1,-1,7,E01016946,0,-1
2023430404494,2023,430404494,3,9,0,18,19,7,3,0,0,0,0,0,0,0,2,1,6,6,1,31,6,-1,-1,-1,-1,8,E01028796,0,-1
2023991269392,2023,991269392,1,19,0,7,7,7,5,0,0,5,0,0,0,0,4,1,6,6,3,-1,-1,-1,-1,-1,-1,-1,-1,0,-1
2023141268533,2023,141268533,2,98,0,18,19,4,8,0,0,0,0,0,0,0,1,1,6,6,3,-1,-1,-1,-1,-1,-1,-1,-1,0,-1
2023610034623,2023,610034623,1,9,0,18,19,1,0,0,0,0,0,0,0,0,1,1,1,1,1,31,6,-1,-1,-1,-1,6,E01022263,0,-1
2023552400199,2023,552400199,2,9,0,18,19,2,6,0,0,0,0,0,0,0,1,1,6,6,3,-1,-1,-1,-1,-1,-1,-1,-1,0,-1
2023010443145,2023,010443145,2,9,0,99,99,9,9,99,99,9,9,99,9,99,1,9,6,6,3,-1,-1,-1,-1,-1,-1,-1,-1,0,-1
2023371365312,2023,371365312,1,9,0,18,19,1,5,0,0,1,0,0,0,0,1,1,6,6,1,-1,-1,-1,-1,-1,-1,-1,-1,0,-1
2023041284204,2023,041284204,2,1,0,18,19,3,7,0,0,0,0,0,0,0,2,1,5,6,1,39,7,-1,-1,-1,-1,3,E01025291,0,-1
2023552300741,2023,552300741,2,1,0,17,19,6,3,0,0,8,0,0,0,0,2,1,6,6,1,46,8,-1,-1,-1,-1,3,E01015362,0,-1
2023547644323,2023,547644323,1,9,0,18,19,2,6,0,0,0,0,0,0,0,1,1,6,6,1,53,8,-1,-1,-1,-1,8,E01031873,0,-1
2023421351724,2023,421351724,2,1,0,17,19,7,3,4,4,2,0,0,0,0,1,1,2,2,2,56,9,-1,-1,-1,-1,4,E01021342,0,-1
2023131294162,2023,131294162,1,9,0,18,19,5,1,0,0,8,0,0,0,0,4,1,1,1,1,51,8,-1,-1,-1,-1,8,E01006857,0,-1
2023010477716,2023,010477716,2,9,0,99,99,9,9,99,99,9,9,99,9,99,2,9,6,6,1,-1,-1,-1,-1,-1,-1,4,E01021808,0,-1
2023010435117,2023,010435117,2,1,0,18,19,5,1,0,0,1,0,0,0,0,1,1,6,6,1,-1,-1,-1,-1,-1,-1,-1,-1,0,-1
2023161335645,2023,161335645,2,19,0,7,7,7,1,0,0,0,0,0,0,0,1,1,6,6,1,50,8,-1,-1,-1,-1,-1,-1,0,-1
2023010455472,2023,010455472,1,1,9,99,99,9,9,99,99,9,9,99,9,99,2,1,6,6,1,41,7,-1,-1,-1,-1,3,E01002568,0,-1
2023430058904,2023,430058904,1,90,0,18,19,3,7,0,0,0,0,0,0,0,4,1,1,1,1,63,9,-1,-1,-1,-1,10,E01017870,0,-1
2023340NN3562,2023,340NN3562,2,9,0,5,5,4,8,0,0,8,0,0,0,0,4,1,1,1,2,27,6,-1,-1,-1,-1,-1,-1,0,-1
2023131326300,2023,131326300,1,90,0,-1,-1,-1,-1,-1,-1,0,-1,-1,-1,0,-1,1,6,6,3,-1,-1,-1,-1,-1,-1,-1,-1,0,-1
2023122301422,2023,122301422,2,1,0,9,9,7,3,0,0,1,0,0,0,0,0,1,6,6,1,27,6,-1,-1,-1,-1,6,E01013393,0,-1
2023101372109,2023,101372109,2,1,0,18,19,7,3,0,0,8,5,0,0,0,3,1,6,6,2,42,7,-1,-1,-1,-1,2,E01008812,0,-1
2023010478312,2023,010478312,2,1,0,18,19,5,1,0,0,0,0,0,0,0,1,1,6,6,1,32,6,-1,-1,-1,-1,8,E01004292,0,-1
2023010461684,2023,010461684,2,9,0,99,99,9,9,99,99,9,9,99,9,99,1,9,6,6,3,-1,-1,-1,-1,-1,-1,-1,-1,0,-1
2023531330185,2023,531330185,2,1,0,18,19,5,1,0,0,0,5,0,0,0,1,1,6,6,2,81,11,-1,-1,-1,-1,3,E01022134,0,-1
2023161325327,2023,161325327,2,9,0,7,7,1,3,0,0,1,0,0,0,0,1,1,6,6,1,47,8,-1,-1,-1,-1,-1,-1,0,-1
2023430448045,2023,430448045,1,9,0,18,19,7,3,0,0,8,0,0,0,0,1,1,6,6,1,47,8,-1,-1,-1,-1,9,E01016247,0,-1
2023461273132,2023,461273132,2,9,0,2,2,0,0,0,0,0,0,0,0,0,3,1,6,6,2,-1,-1,-1,-1,-1,-1,3,E01024524,0,-1
2023440053179,2023,440053179,1,1,0,10,10,8,2,0,0,1,0,0,0,0,1,1,6,6,1,41,7,-1,-1,-1,-1,4,E01017193,0,-1
2023041280999,2023,041280999,2,9,4,17,19,4,1,0,0,0,0,0,1,0,1,1,1,1,1,46,8,-1,-1,-1,-1,6,E01025548,0,-1
2023131275003,2023,131275003,2,1,0,18,19,5,1,0,0,0,0,0,1,0,2,1,2,2,1,53,8,-1,-1,-1,-1,9,E01011812,0,-1
2023010446495,2023,010446495,2,1,0,18,19,5,1,0,0,1,0,0,0,0,2,1,2,2,1,32,6,-1,-1,-1,-1,1,E01001811,0,-1
2023522301711,2023,522301711,2,9,0,2,2,0,0,0,0,1,0,0,0,0,3,1,6,6,1,-1,-1,-1,-1,-1,-1,-1,-1,0,-1
2023411344723,2023,411344723,1,9,-1,-1,-1,-1,-1,-1,-1,-1,-1,-1,-1,0,-1,1,6,6,3,-1,-1,-1,-1,-1,-1,-1,-1,0,-1