collision_index,collision_year,collision_ref_no,vehicle_reference,vehicle_type,towing_and_articulation,vehicle_manoeuvre_historic,vehicle_manoeuvre,vehicle_direction_from,vehicle_direction_to,vehicle_location_restricted_lane_historic,vehicle_location_restricted_lane,junction_location,skidding_and_overturning,hit_object_in_carriageway,vehicle_leaving_carriageway,hit_object_off_carriageway,first_point_of_impact,vehicle_left_hand_drive,journey_purpose_of_driver_historic,journey_purpose_of_driver,sex_of_driver,age_of_driver,age_band_of_driver,engine_capacity_cc,propulsion_code,age_of_vehicle,generic_make_model,driver_imd_decile,lsoa_of_driver,escooter_flag,driver_distance_banding
2023010445650,2023,010445650,2,1,0,18,19,1,5,0,0,1,0,0,0,0,3,1,6,6,1,45,7,-1,-1,-1,-1,5,E01003341,0,-1
2023010449128,2023,010449128,1,9,0,18,19,3,7,9,9,8,0,0,0,0,1,1,6,6,3,-1,-1,-1,-1,-1,-1,-1,-1,0,-1
2023991319211,2023,991319211,1,1,0,7,7,3,6,0,0,8,0,0,0,0,1,1,5,6,1,8,2,-1,-1,-1,-1,2,-1,0,-1
2023201268390,2023,201268390,2,98,0,2,2,0,0,0,0,0,0,0,0,0,4,1,6,6,3,-1,-1,-1,-1,-1,-1,-1,-1,0,-1
2023361273969,2023,361273969,3,9,-1,4,4,7,3,0,0,8,0,0,0,0,-1,1,6,6,3,-1,-1,-1,-1,-1,-1,-1,-1,0,-1
2023010463769,2023,010463769,1,1,9,99,99,9,9,99,99,9,9,99,9,99,9,1,6,6,1,61,9,-1,-1,-1,-1,3,E01002079,0,-1
2023991272848,2023,991272848,2,9,0,18,19,8,4,0,0,0,0,0,0,0,2,1,5,6,1,55,8,-1,-1,-1,-1,-1,-1,0,-1
2023122300577,2023,122300577,2,17,4,9,9,5,1,0,0,5,0,0,0,0,3,1,1,1,1,17,4,-1,-1,-1,-1,5,E01027752,0,-1
2023010444744,2023,010444744,1,9,0,6,6,1,1,0,0,0,0,0,0,0,1,1,1,1,1,27,6,-1,-1,-1,-1,9,E01003442,0,-1
2023010439069,2023,010439069,2,9,0,99,99,9,9,99,99,9,0,99,9,99,9,9,6,6,3,-1,-1,-1,-1,-1,-1,-1,-1,0,-1
2023052301049,2023,052301049,1,97,0,18,19,1,5,0,0,0,0,0,0,0,1,1,6,6,1,19,4,-1,-1,-1,-1,1,E01006847,0,-1
2023010486678,2023,010486678,2,1,0,10,10,7,5,0,0,5,0,0,0,0,0,1,6,6,1,24,5,-1,-1,-1,-1,5,E01001718,0,-1
2023041337740,2023,041337740,2,1,0,18,19,5,1,0,0,1,0,0,0,0,4,1,5,6,1,52,8,-1,-1,-1,-1,5,E01025415,0,-1
2023440339910,2023,440339910,1,9,0,18,19,6,2,0,0,0,0,0,0,0,4,1,6,6,1,24,5,-1,-1,-1,-1,-1,-1,0,-1
2023161262707,2023,161262707,1,9,0,18,19,3,7,0,0,0,0,0,0,0,1,1,6,6,1,23,5,-1,-1,-1,-1,10,E01013116,0,-1
2023010478277,2023,010478277,2,1,9,99,99,9,9,99,99,9,9,99,9,99,0,1,6,6,3,-1,-1,-1,-1,-1,-1,-1,-1,0,-1
2023061371026,2023,061371026,2,1,0,18,19,3,7,0,0,1,2,0,0,0,2,1,5,6,1,17,4,-1,-1,-1,-1,2,E01006175,0,-1
2023520400469,2023,520400469,2,9,0,1,1,4,8,0,0,0,0,0,0,0,3,1,6,6,3,-1,-1,-1,-1,-1,-1,-1,-1,0,-1
2023010474971,2023,010474971,1,1,9,99,99,9,9,99,99,9,9,99,9,99,0,1,6,6,1,22,5,-1,-1,-1,-1,2,E01000856,0,-1
2023010477660,2023,010477660,1,1,9,99,99,9,9,99,99,9,9,99,9,99,9,1,6,6,1,65,9,-1,-1,-1,-1,5,E01004377,0,-1
2023991326971,2023,991326971,2,1,0,5,5,5,1,0,0,2,0,0,0,0,4,1,6,6,1,17,4,-1,-1,-1,-1,1,-1,0,-1
2023010466094,2023,010466094,2,-1,5,18,19,5,1,0,0,1,0,0,0,0,1,1,6,6,1,33,6,-1,-1,-1,-1,4,E01002576,1,-1
2023010453529,2023,010453529,2,1,0,11,11,5,1,0,0,2,0,0,0,0,1,1,1,1,1,36,7,-1,-1,-1,-1,1,E01001425,0,-1
2023101265161,2023,101265161,1,9,0,18,19,7,3,0,0,0,0,0,0,0,1,1,5,6,1,23,5,-1,-1,-1,-1,-1,-1,0,-1
202360A143020,2023,60A143020,2,1,0,9,9,1,5,0,0,5,0,0,0,0,2,1,6,6,1,66,10,-1,-1,-1,-1,-1,-1,0,-1
2023061289924,2023,061289924,1,9,0,18,19,1,1,0,0,0,0,0,0,0,1,1,6,6,3,30,6,-1,-1,-1,-1,-1,-1,0,-1
2023061325057,2023,061325057,1,1,0,18,19,4,8,0,0,0,5,0,0,0,0,1,5,6,1,18,4,-1,-1,-1,-1,5,E01005677,0,-1
2023522300521,2023,522300521,1,9,0,1,1,8,4,0,0,0,0,0,0,0,2,1,6,6,1,-1,-1,-1,-1,-1,-1,-1,-1,0,-1
2023010419862,2023,010419862,1,1,0,3,3,1,5,0,0,2,0,0,0,0,1,1,2,2,2,45,7,-1,-1,-1,-1,6,E01001592,0,-1
2023061286955,2023,061286955,1,1,0,18,19,-1,-1,9,9,0,-1,-1,-1,0,1,1,4,7,1,-1,-1,-1,-1,-1,-1,-1,-1,0,-1
2023332300179,2023,332300179,2,97,0,18,19,1,5,0,0,8,1,0,0,0,1,1,6,6,1,23,5,-1,-1,-1,-1,5,E01025966,0,-1
2023010448085,2023,010448085,2,9,0,99,99,9,9,99,99,9,9,99,9,99,9,9,6,6,3,-1,-1,-1,-1,-1,-1,-1,-1,0,-1
2023010466227,2023,010466227,2,1,0,9,9,1,7,0,0,6,0,0,0,0,2,1,6,6,1,33,6,-1,-1,-1,-1,9,E01002469,0,-1
2023522300848,2023,522300848,1,-1,0,18,19,9,9,0,0,8,0,0,0,0,1,1,6,6,1,35,6,-1,-1,-1,-1,1,-1,1,-1
2023201321810,2023,201321810,2,1,0,18,19,1,5,0,0,0,0,0,0,0,1,1,6,6,1,13,3,-1,-1,-1,-1,2,E01010293,0,-1
2023010436689,2023,010436689,1,1,9,99,99,9,9,99,99,9,9,99,9,99,9,1,2,2,1,23,5,-1,-1,-1,-1,3,E01033583,0,-1
2023010423896,2023,010423896,1,1,9,99,99,9,9,99,99,9,9,99,9,99,2,1,2,2,1,23,5,-1,-1,-1,-1,9,E01002317,0,-1
2023010464948,2023,010464948,2,1,0,9,9,3,1,0,0,8,0,0,6,0,1,1,6,6,1,25,5,-1,-1,-1,-1,3,E01000866,0,-1
2023430334851,2023,430334851,1,1,0,18,19,3,7,0,0,0,0,0,0,0,1,1,6,6,1,-1,-1,-1,-1,-1,-1,-1,-1,0,-1
2023430309679,2023,430309679,2,9,0,18,19,8,4,0,0,2,0,0,0,0,1,1,6,6,1,-1,-1,-1,-1,-1,-1,-1,-1,0,-1
2023440434341,2023,440434341,1,8,0,7,7,8,2,9,9,8,0,0,0,0,1,1,1,1,1,-1,-1,-1,-1,-1,-1,-1,-1,0,-1
2023061382241,2023,061382241,2,98,0,9,9,3,1,0,0,8,0,0,0,0,4,1,6,6,1,46,8,-1,-1,-1,-1,5,E01005444,0,-1
202360A107281,2023,60A107281,1,9,0,17,19,7,3,0,0,0,0,0,7,4,1,1,1,1,1,33,6,-1,-1,-1,-1,-1,-1,0,-1
2023991334559,2023,991334559,1,1,0,18,19,5,1,0,0,0,0,0,0,0,4,1,5,6,1,49,8,-1,-1,-1,-1,-1,-1,0,-1
2023991342841,2023,991342841,2,9,0,18,19,5,1,0,0,0,0,0,0,0,3,1,5,6,1,64,9,-1,-1,-1,-1,9,E01019192,0,-1
2023541116723,2023,541116723,1,3,0,18,19,1,5,0,0,3,1,10,1,1,4,1,6,6,1,28,6,-1,-1,-1,-1,7,E01015474,0,-1
2023010476613,2023,010476613,1,1,9,18,19,9,9,99,99,9,9,99,9,99,1,1,2,2,2,30,6,-1,-1,-1,-1,5,E01003279,0,-1
2023471265443,2023,471265443,3,9,0,18,19,5,1,0,0,8,0,0,0,0,0,1,6,6,3,-1,-1,-1,-1,-1,-1,-1,-1,0,-1
2023610024723,2023,610024723,2,1,0,18,19,2,6,0,0,1,0,0,0,0,1,1,6,6,1,28,6,-1,-1,-1,-1,2,W01001691,0,-1
2023061388033,2023,061388033,1,9,-1,-1,-1,-1,-1,-1,-1,-1,-1,-1,-1,0,-1,1,6,6,3,-1,-1,-1,-1,-1,-1,-1,-1,0,-1
2023471386917,2023,471386917,3,9,0,-1,-1,-1,-1,-1,-1,0,-1,-1,-1,0,-1,1,6,6,1,-1,-1,-1,-1,-1,-1,-1,-1,0,-1
2023610025523,2023,610025523,1,-1,0,18,19,1,5,0,0,0,1,0,7,0,0,1,6,6,1,41,7,-1,-1,-1,-1,6,W01001680,1,-1
2023311327653,2023,311327653,2,1,0,18,19,1,5,9,9,1,1,0,0,0,1,1,6,6,3,-1,-1,-1,-1,-1,-1,-1,-1,0,-1
2023052301934,2023,052301934,1,9,0,18,19,7,5,0,0,0,0,0,0,0,1,1,6,6,3,-1,-1,-1,-1,-1,-1,-1,-1,0,-1
2023991359654,2023,991359654,2,1,0,18,19,6,2,0,0,0,0,0,0,0,2,1,6,6,1,37,7,-1,-1,-1,-1,-1,-1,0,-1
2023061276843,2023,061276843,1,9,-1,-1,-1,-1,-1,-1,-1,0,-1,-1,-1,0,-1,1,6,6,3,-1,-1,-1,-1,-1,-1,-1,-1,0,-1
2023161282473,2023,161282473,2,1,0,18,19,1,3,0,0,0,0,0,0,0,1,1,6,6,1,20,4,-1,-1,-1,-1,2,E01012871,0,-1
2023531332318,2023,531332318,1,1,0,18,19,4,8,0,0,1,0,0,0,0,3,1,6,6,1,55,8,-1,-1,-1,-1,6,E01022348,0,-1
2023010423442,2023,010423442,2,1,0,18,19,5,1,0,0,1,0,0,0,0,1,1,6,6,2,44,7,-1,-1,-1,-1,10,E01030382,0,-1
2023010459889,2023,010459889,2,1,0,18,19,6,2,0,0,1,0,0,0,0,1,1,6,6,1,33,6,-1,-1,-1,-1,9,E01001905,0,-1
2023010463013,2023,010463013,2,9,0,99,99,9,9,99,99,9,9,99,9,99,9,9,6,6,3,-1,-1,-1,-1,-1,-1,-1,-1,0,-1
2023231320719,2023,231320719,1,1,0,18,19,5,1,0,0,1,0,0,7,0,1,1,5,6,2,9,2,-1,-1,-1,-1,7,E01031297,0,-1
2023201418745,2023,201418745,1,9,0,9,9,2,8,0,0,6,0,0,0,0,3,1,6,6,2,-1,-1,-1,-1,-1,-1,-1,-1,0,-1
2023451262588,2023,451262588,1,9,0,17,19,3,7,0,0,1,0,0,0,0,1,1,2,2,2,29,6,-1,-1,-1,-1,10,E01031619,0,-1
2023451264581,2023,451264581,1,23,0,18,19,6,2,0,0,0,0,0,0,0,1,1,2,2,1,21,5,-1,-1,-1,-1,3,E01030744,0,-1
2023461300517,2023,461300517,1,9,0,9,9,1,6,0,0,8,0,0,0,0,1,1,6,6,3,-1,-1,-1,-1,-1,-1,-1,-1,0,-1
2023361380098,2023,361380098,1,9,0,9,9,5,3,0,0,2,0,0,0,0,1,1,6,6,1,-1,-1,-1,-1,-1,-1,-1,-1,0,-1
2023311320483,2023,311320483,2,1,0,18,19,7,3,0,0,0,0,0,0,0,2,1,2,2,1,17,4,-1,-1,-1,-1,-1,-1,0,-1
2023010467322,2023,010467322,1,1,9,99,99,9,9,99,99,9,9,99,9,99,9,1,2,2,1,37,7,-1,-1,-1,-1,4,E01001939,0,-1
2023231313852,2023,231313852,1,9,0,18,19,2,6,0,0,0,0,0,0,0,4,1,6,6,3,67,10,-1,-1,-1,-1,-1,-1,0,-1
2023430038003,2023,430038003,2,1,0,18,19,2,6,0,0,1,0,0,0,0,1,1,6,6,1,62,9,-1,-1,-1,-1,8,E01028462,0,-1
2023010485613,2023,010485613,1,22,0,99,99,9,9,99,99,9,9,99,9,99,1,9,6,6,3,-1,-1,-1,-1,-1,-1,-1,-1,0,-1
2023622300917,2023,622300917,1,9,0,18,19,2,6,0,0,0,0,0,0,0,1,1,6,6,3,-1,-1,-1,-1,-1,-1,-1,-1,0,-1
2023471297903,2023,471297903,2,1,0,18,19,1,5,4,4,1,0,0,0,0,3,1,2,2,2,50,8,-1,-1,-1,-1,6,E01016927,0,-1
2023351383488,2023,351383488,3,98,0,3,3,8,4,0,0,1,0,0,0,0,2,1,1,1,1,47,8,-1,-1,-1,-1,1,E01015611,0,-1
2023610014923,2023,610014923,2,1,0,18,19,5,1,0,0,8,0,0,0,0,4,1,6,6,1,67,10,-1,-1,-1,-1,9,W01001107,0,-1
2023010454376,2023,010454376,1,19,0,99,99,9,9,99,99,9,9,99,9,99,9,9,6,6,3,-1,-1,-1,-1,-1,-1,-1,-1,0,-1
2023061279311,2023,061279311,2,1,0,3,3,1,1,0,0,0,0,0,0,0,3,1,6,6,2,61,9,-1,-1,-1,-1,8,E01006119,0,-1
2023010443983,2023,010443983,1,97,0,99,99,9,9,99,99,9,9,99,9,99,1,1,6,6,3,-1,-1,-1,-1,-1,-1,-1,-1,0,-1
2023131343399,2023,131343399,1,90,0,9,9,2,1,0,0,8,0,0,0,0,3,1,6,6,1,-1,-1,-1,-1,-1,-1,-1,-1,0,-1
2023010484604,2023,010484604,1,1,9,99,99,9,9,99,99,9,9,99,9,99,9,1,2,2,1,43,7,-1,-1,-1,-1,5,E01001407,0,-1
2023421348142,2023,421348142,1,22,0,9,9,7,5,0,0,8,5,0,0,0,4,1,5,6,1,84,11,-1,-1,-1,-1,8,E01021719,0,-1
2023201396967,2023,201396967,1,8,0,17,19,6,3,0,0,1,1,10,1,11,3,1,6,6,1,24,5,-1,-1,-1,-1,3,E01009775,0,-1
2023061358708,2023,061358708,2,1,0,5,5,7,3,0,0,1,0,0,0,0,1,1,6,6,1,79,11,-1,-1,-1,-1,8,E01005549,0,-1
2023010440503,2023,010440503,2,-1,9,99,99,9,9,99,99,9,9,99,9,99,9,9,6,6,1,-1,-1,-1,-1,-1,-1,-1,-1,1,-1
2023010476878,2023,010476878,1,1,9,99,99,9,9,99,99,9,9,99,9,99,9,1,2,2,2,51,8,-1,-1,-1,-1,4,E01002873,0,-1
2023302301172,2023,302301172,2,1,0,17,19,3,5,0,0,8,0,0,0,0,2,1,6,6,1,44,7,-1,-1,-1,-1,1,E01019650,0,-1
2023430295797,2023,430295797,1,1,0,18,19,4,8,0,0,6,0,0,0,0,1,1,2,2,1,24,5,-1,-1,-1,-1,6,E01028458,0,-1
2023545059723,2023,545059723,1,9,0,18,19,7,3,0,0,1,0,0,0,0,1,1,6,6,1,-1,-1,-1,-1,-1,-1,-1,-1,0,-1
2023430251148,2023,430251148,2,5,0,18,19,4,8,0,0,8,0,0,7,11,4,1,6,6,1,23,5,-1,-1,-1,-1,6,E01016832,0,-1
2023440001482,2023,440001482,2,9,0,18,19,5,1,0,0,1,0,0,0,0,1,1,6,6,1,30,6,-1,-1,-1,-1,6,E01022736,0,-1
2023522400214,2023,522400214,1,1,0,18,19,5,1,0,0,8,0,0,0,0,4,1,6,6,1,50,8,-1,-1,-1,-1,4,E01014632,0,-1
2023010444586,2023,010444586,2,8,0,99,99,9,9,99,99,9,9,99,9,99,0,9,6,6,3,-1,-1,-1,-1,-1,-1,-1,-1,0,-1
2023471344174,2023,471344174,2,9,0,3,3,2,6,0,0,0,0,0,0,0,2,1,1,1,1,52,8,-1,-1,-1,-1,7,E01021010,0,-1
2023461330578,2023,461330578,2,9,0,2,2,1,6,7,6,0,0,0,7,0,4,1,6,6,1,35,6,-1,-1,-1,-1,8,E01032620,0,-1
2023522300403,2023,522300403,1,1,0,18,19,3,7,0,0,8,0,0,0,0,4,1,6,6,1,47,8,-1,-1,-1,-1,2,E01014683,0,-1
2023010472723,2023,010472723,1,9,0,18,19,1,5,0,0,1,0,0,0,0,1,1,6,6,3,-1,-1,-1,-1,-1,-1,-1,-1,0,-1
2023531359948,2023,531359948,1,9,0,18,19,3,7,9,9,0,0,0,7,0,3,1,6,6,3,-1,-1,-1,-1,-1,-1,-1,-1,0,-1
2023610021623,2023,610021623,1,1,0,17,19,8,6,0,0,0,0,4,0,0,1,1,6,6,1,46,8,-1,-1,-1,-1,4,W01001411,0,-1
2023052300239,2023,052300239,2,1,0,5,5,1,5,0,0,0,0,0,0,0,4,1,6,6,1,65,9,-1,-1,-1,-1,1,E01007013,0,-1
2023201416738,2023,201416738,3,-1,9,2,2,0,0,0,0,0,0,0,0,0,2,1,6,6,3,-1,-1,-1,-1,-1,-1,-1,-1,0,-1
2023010436620,2023,010436620,1,-1,9,99,99,9,9,99,99,9,9,99,9,99,9,9,6,6,3,-1,-1,-1,-1,-1,-1,-1,-1,1,-1
2023311380382,2023,311380382,1,97,0,18,19,8,4,0,0,1,1,0,0,0,1,1,6,6,1,25,5,-1,-1,-1,-1,6,E01027989,0,-1
2023010465629,2023,010465629,1,23,0,18,19,1,5,0,0,1,0,0,0,0,0,1,1,1,1,24,5,-1,-1,-1,-1,1,E01004754,0,-1
2023631341071,2023,631341071,2,9,0,4,4,2,7,0,0,0,0,0,0,0,3,1,2,2,1,40,7,-1,-1,-1,-1,5,W01000650,0,-1
2023461371946,2023,461371946,1,9,0,18,19,6,5,0,0,0,0,0,0,0,1,1,1,1,1,35,6,-1,-1,-1,-1,1,E01016023,0,-1
2023340WN1072,2023,340WN1072,2,-1,0,16,19,2,7,0,0,8,0,0,0,0,1,1,6,6,1,25,5,-1,-1,-1,-1,3,E01027173,1,-1
2023552300826,2023,552300826,1,9,0,6,6,1,1,0,0,0,0,0,0,0,1,1,6,6,3,-1,-1,-1,-1,-1,-1,-1,-1,0,-1
2023010477590,2023,010477590,1,9,9,99,99,9,9,99,99,9,9,99,9,99,9,9,6,6,3,-1,-1,-1,-1,-1,-1,-1,-1,0,-1
2023622300225,2023,622300225,1,9,0,18,19,8,4,0,0,0,0,0,0,0,0,1,6,6,1,43,7,-1,-1,-1,-1,4,W01001218,0,-1
2023991289668,2023,991289668,2,1,0,18,19,5,1,0,0,8,2,0,0,0,2,1,5,6,1,59,9,-1,-1,-1,-1,9,-1,0,-1
2023010431909,2023,010431909,1,9,9,4,4,2,6,99,99,9,9,99,9,99,9,9,6,6,3,-1,-1,-1,-1,-1,-1,-1,-1,0,-1
2023201461631,2023,201461631,2,9,0,15,15,3,7,0,0,1,2,0,0,0,1,1,6,6,1,45,7,-1,-1,-1,-1,2,E01008886,0,-1
2023302301282,2023,302301282,2,1,0,17,19,6,2,0,0,8,0,0,0,0,4,1,6,6,1,47,8,-1,-1,-1,-1,8,E01007925,0,-1
2023552300049,2023,552300049,1,9,0,18,19,7,3,0,0,4,0,0,0,0,1,1,6,6,2,18,4,-1,-1,-1,-1,10,E01020415,0,-1
2023061298296,2023,061298296,2,1,0,18,19,1,1,0,0,1,0,0,0,0,1,1,6,6,1,30,6,-1,-1,-1,-1,1,E01005189,0,-1
2023401318484,2023,401318484,2,9,0,18,19,3,7,0,0,8,0,0,0,0,1,1,6,6,1,40,7,-1,-1,-1,-1,4,E01015804,0,-1
2023010458348,2023,010458348,2,1,0,18,19,5,1,0,0,0,0,0,0,0,1,1,2,2,2,34,6,-1,-1,-1,-1,4,E01003053,0,-1
2023461337877,2023,461337877,1,5,0,17,19,1,6,0,0,0,0,0,0,0,1,1,6,6,1,58,9,-1,-1,-1,-1,-1,-1,0,-1
2023071239075,2023,071239075,2,1,0,18,19,1,5,0,0,8,0,0,0,0,3,1,6,6,1,21,5,-1,-1,-1,-1,2,E01012431,0,-1
2023010438180,2023,010438180,2,9,9,99,99,9,9,99,99,9,0,0,0,0,9,9,6,6,3,-1,-1,-1,-1,-1,-1,-1,-1,0,-1
2023131320718,2023,131320718,2,1,0,18,19,1,5,0,0,1,0,0,0,0,3,1,6,6,1,26,6,-1,-1,-1,-1,1,E01011483,0,-1
2023010474547,2023,010474547,1,3,0,18,19,2,6,0,0,1,0,10,0,0,0,1,1,1,1,26,6,-1,-1,-1,-1,1,E01002751,0,-1
2023543771623,2023,543771623,2,9,0,4,4,7,3,0,0,0,0,0,0,0,2,1,6,6,2,20,4,-1,-1,-1,-1,4,E01031936,0,-1
2023070194956,2023,070194956,2,1,0,10,10,5,3,0,0,1,0,0,0,0,4,1,2,2,2,52,8,-1,-1,-1,-1,8,E01012555,0,-1
2023461295658,2023,461295658,1,9,0,18,19,6,2,0,0,0,0,0,0,0,1,1,6,6,2,-1,-1,-1,-1,-1,-1,-1,-1,0,-1
2023201442902,2023,201442902,3,9,0,2,2,0,0,0,0,0,0,0,0,0,2,1,6,6,1,39,7,-1,-1,-1,-1,1,E01009631,0,-1
2023302301441,2023,302301441,1,17,0,2,2,0,0,0,0,0,0,0,0,0,2,1,1,1,1,42,7,-1,-1,-1,-1,6,E01019594,0,-1
2023522400079,2023,522400079,1,1,0,17,19,8,5,0,0,8,0,0,0,0,2,1,6,6,2,21,5,-1,-1,-1,-1,9,E01014557,0,-1
2023430303738,2023,430303738,2,1,0,9,9,5,1,0,0,0,0,0,0,0,2,1,6,6,2,38,7,-1,-1,-1,-1,9,E01028748,0,-1
2023451330335,2023,451330335,1,1,0,18,19,6,2,0,0,8,1,0,0,0,1,1,5,6,1,26,6,-1,-1,-1,-1,10,E01030518,0,-1
2023440062498,2023,440062498,1,10,0,17,19,5,3,0,0,1,0,0,0,0,1,1,1,1,2,39,7,-1,-1,-1,-1,2,E01017337,0,-1
2023010478202,2023,010478202,1,1,9,99,99,9,9,99,99,9,9,99,9,99,1,1,2,2,1,57,9,-1,-1,-1,-1,9,E01017825,0,-1
2023631321266,2023,631321266,1,98,0,16,19,2,5,0,0,8,0,0,0,0,3,1,6,6,3,-1,-1,-1,-1,-1,-1,-1,-1,0,-1
2023141273984,2023,141273984,1,9,0,4,4,8,4,0,0,0,0,0,0,0,2,1,2,2,1,67,10,-1,-1,-1,-1,8,E01007756,0,-1
2023501367513,2023,501367513,1,9,0,18,19,3,7,0,0,0,0,0,0,0,3,1,6,6,3,-1,-1,-1,-1,-1,-1,-1,-1,0,-1
2023522301070,2023,522301070,1,1,0,18,19,1,5,0,0,8,0,0,0,0,1,1,6,6,1,74,10,-1,-1,-1,-1,4,E01014699,0,-1
2023421286909,2023,421286909,2,1,0,18,19,1,5,0,0,1,0,0,0,0,1,1,6,6,2,42,7,-1,-1,-1,-1,4,E01015990,0,-1
2023311288714,2023,311288714,2,1,0,14,14,4,8,0,0,0,0,0,0,0,2,1,5,6,1,21,5,-1,-1,-1,-1,-1,-1,0,-1
2023401310610,2023,401310610,2,1,0,7,7,8,2,0,0,1,0,0,0,0,3,1,5,6,1,38,7,-1,-1,-1,-1,3,E01015713,0,-1
2023010441981,2023,010441981,1,1,9,99,99,9,9,99,99,9,9,99,9,99,2,1,6,6,1,50,8,-1,-1,-1,-1,2,E01004242,0,-1
2023302300143,2023,302300143,1,11,0,5,5,6,2,0,0,0,0,0,0,0,4,1,1,1,3,-1,-1,-1,-1,-1,-1,5,E01019456,0,-1
2023041310278,2023,041310278,1,9,0,18,19,1,7,0,0,1,0,0,7,0,1,1,5,6,1,18,4,-1,-1,-1,-1,10,E01025438,0,-1
2023401318958,2023,401318958,2,1,0,18,19,8,4,5,5,0,0,0,0,0,1,1,2,2,2,44,7,-1,-1,-1,-1,9,E01017389,0,-1
2023461375288,2023,461375288,2,1,0,-1,-1,-1,-1,0,0,1,0,0,0,0,1,1,6,6,1,36,7,-1,-1,-1,-1,3,E01002731,0,-1
2023302300775,2023,302300775,2,1,0,18,19,8,4,0,0,1,0,0,0,0,1,1,2,2,1,46,8,-1,-1,-1,-1,8,E01019449,0,-1
2023131325020,2023,131325020,1,9,0,-1,-1,-1,-1,-1,-1,-1,-1,-1,-1,-1,-1,1,6,6,3,-1,-1,-1,-1,-1,-1,-1,-1,0,-1
2023101373685,2023,101373685,1,23,0,4,4,5,1,0,0,0,0,0,0,0,2,1,5,6,1,20,4,-1,-1,-1,-1,6,E01008869,0,-1
2023221374372,2023,221374372,1,9,0,2,2,0,0,0,0,0,0,0,0,0,1,1,6,6,1,54,8,-1,-1,-1,-1,2,E01013994,0,-1
2023471313882,2023,471313882,2,1,0,5,5,5,1,0,0,8,2,0,0,0,2,1,2,2,2,35,6,-1,-1,-1,-1,6,E01031392,0,-1
202354A079723,2023,54A079723,3,19,0,4,4,1,5,0,0,1,0,0,0,0,2,1,6,6,1,17,4,-1,-1,-1,-1,-1,-1,0,-1
2023311295373,2023,311295373,1,1,0,18,19,7,3,0,0,8,0,0,0,0,4,1,6,6,1,32,6,-1,-1,-1,-1,-1,-1,0,-1
2023010464265,2023,010464265,2,9,9,99,99,9,9,99,99,9,9,99,9,99,2,9,6,6,3,-1,-1,-1,-1,-1,-1,-1,-1,0,-1
2023070264921,2023,070264921,1,1,0,18,19,2,6,0,0,0,1,0,0,0,1,1,6,6,1,39,7,-1,-1,-1,-1,6,E01032909,0,-1
2023440494140,2023,440494140,1,9,0,18,19,3,1,0,0,8,0,0,0,0,4,1,6,6,1,24,5,-1,-1,-1,-1,1,E01017154,0,-1
2023201312649,2023,201312649,1,9,0,9,9,8,6,0,0,6,0,0,0,0,0,1,6,6,1,47,8,-1,-1,-1,-1,9,E01010225,0,-1
2023311379915,2023,311379915,1,90,0,18,19,6,3,0,0,2,0,0,0,0,4,1,6,6,1,20,4,-1,-1,-1,-1,-1,-1,0,-1
2023531365784,2023,531365784,3,9,0,2,2,0,0,9,9,0,0,0,0,0,2,1,6,6,3,-1,-1,-1,-1,-1,-1,-1,-1,0,-1
202354D726823,2023,54D726823,2,9,0,4,4,5,1,0,0,0,0,0,0,0,2,1,6,6,1,-1,-1,-1,-1,-1,-1,-1,-1,0,-1
2023010422390,2023,010422390,1,9,0,12,12,5,1,0,0,0,0,0,0,0,1,1,6,6,3,-1,-1,-1,-1,-1,-1,-1,-1,0,-1
2023610052823,2023,610052823,2,9,0,2,2,0,0,0,0,0,0,0,0,0,4,1,6,6,1,-1,-1,-1,-1,-1,-1,2,W01001418,0,-1
2023041375285,2023,041375285,2,9,0,18,19,1,5,0,0,8,0,0,0,0,1,1,2,2,1,56,9,-1,-1,-1,-1,6,E01025334,0,-1
2023401265375,2023,401265375,2,9,0,2,2,0,0,0,0,0,0,0,0,0,2,1,5,6,3,-1,-1,-1,-1,-1,-1,-1,-1,0,-1
2023351282324,2023,351282324,1,8,0,2,2,0,0,0,0,1,0,0,0,0,4,1,1,1,1,48,8,-1,-1,-1,-1,-1,-1,0,-1
2023351330547,2023,351330547,1,-1,0,9,9,5,1,0,0,5,0,0,0,0,4,1,6,6,3,-1,-1,-1,-1,-1,-1,-1,-1,0,-1
2023111363890,2023,111363890,1,9,0,18,19,1,5,0,0,1,0,0,0,0,4,1,5,6,2,30,6,-1,-1,-1,-1,-1,-1,0,-1
2023170H10643,2023,170H10643,2,9,0,18,19,3,7,0,0,8,0,0,0,0,1,1,6,6,1,-1,-1,-1,-1,-1,-1,-1,-1,0,-1
2023010477927,2023,010477927,1,9,0,7,7,8,2,0,0,5,0,0,0,0,4,1,6,6,1,-1,-1,-1,-1,-1,-1,-1,-1,0,-1
2023430266712,2023,430266712,2,1,0,18,19,2,6,0,0,0,0,0,0,0,2,1,6,6,1,30,6,-1,-1,-1,-1,3,E01028519,0,-1
2023340WN4442,2023,340WN4442,1,9,0,13,13,3,7,0,0,0,0,0,0,0,3,1,6,6,3,-1,-1,-1,-1,-1,-1,-1,-1,0,-1
2023610052923,2023,610052923,2,9,0,18,19,2,6,0,0,0,0,0,0,0,4,1,6,6,3,-1,-1,-1,-1,-1,-1,-1,-1,0,-1
2023170L20723,2023,170L20723,2,9,0,18,19,2,6,0,0,0,0,0,0,0,3,1,6,6,1,58,9,-1,-1,-1,-1,-1,-1,0,-1
202354D236923,2023,54D236923,1,9,0,18,19,6,1,0,0,1,0,0,0,0,1,1,6,6,3,-1,-1,-1,-1,-1,-1,-1,-1,0,-1
2023471389586,2023,471389586,1,9,0,18,19,5,1,0,0,1,0,0,0,0,1,1,6,6,3,-1,-1,-1,-1,-1,-1,-1,-1,0,-1
2023131364394,2023,131364394,1,90,0,11,11,5,1,0,0,0,0,0,0,0,0,1,6,6,3,-1,-1,-1,-1,-1,-1,-1,-1,0,-1
2023131392873,2023,131392873,2,1,0,18,19,5,1,0,0,0,0,0,0,0,1,1,5,6,1,17,4,-1,-1,-1,-1,1,E01010742,0,-1
2023052301262,2023,052301262,2,1,0,18,19,1,4,0,0,0,0,0,0,0,3,1,6,6,1,63,9,-1,-1,-1,-1,6,E01006951,0,-1
2023430157933,2023,430157933,2,9,0,18,19,8,4,0,0,0,0,0,0,0,0,1,6,6,3,-1,-1,-1,-1,-1,-1,-1,-1,0,-1