collision_index,collision_year,collision_ref_no,vehicle_reference,vehicle_type,towing_and_articulation,vehicle_manoeuvre_historic,vehicle_manoeuvre,vehicle_direction_from,vehicle_direction_to,vehicle_location_restricted_lane_historic,vehicle_location_restricted_lane,junction_location,skidding_and_overturning,hit_object_in_carriageway,vehicle_leaving_carriageway,hit_object_off_carriageway,first_point_of_impact,vehicle_left_hand_drive,journey_purpose_of_driver_historic,journey_purpose_of_driver,sex_of_driver,age_of_driver,age_band_of_driver,engine_capacity_cc,propulsion_code,age_of_vehicle,generic_make_model,driver_imd_decile,lsoa_of_driver,escooter_flag,driver_distance_banding
2023052300043,2023,052300043,2,1,0,18,19,1,5,0,0,1,0,0,0,0,2,1,6,6,1,11,3,-1,-1,-1,-1,4,E01006641,0,-1
2023411308379,2023,411308379,2,9,0,18,19,-1,-1,0,0,8,0,0,0,0,2,1,6,6,1,46,8,-1,-1,-1,-1,3,E01023323,0,-1
2023451300803,2023,451300803,2,1,0,18,19,3,7,9,9,0,5,0,0,0,1,1,6,6,1,19,4,-1,-1,-1,-1,-1,-1,0,-1
2023010461145,2023,010461145,2,1,0,99,99,9,9,0,0,0,0,0,0,0,3,1,6,6,1,42,7,-1,-1,-1,-1,3,E01001504,0,-1
2023421378462,2023,421378462,2,9,0,-1,-1,-1,-1,-1,-1,0,-1,-1,-1,0,-1,1,6,6,1,-1,-1,-1,-1,-1,-1,-1,-1,0,-1
2023411333244,2023,411333244,2,1,0,18,19,1,4,0,0,0,0,0,0,0,1,1,6,6,1,65,9,-1,-1,-1,-1,9,E01000272,0,-1
2023531369890,2023,531369890,1,9,0,18,19,3,7,0,0,0,2,0,7,9,3,1,2,2,1,22,5,-1,-1,-1,-1,7,E01022169,0,-1
2023010452819,2023,010452819,1,1,0,18,19,7,3,4,4,1,0,0,0,0,3,1,6,6,1,31,6,-1,-1,-1,-1,3,E01001109,0,-1
2023481359391,2023,481359391,2,1,0,18,19,1,5,5,5,8,0,0,0,0,1,1,2,2,2,35,6,-1,-1,-1,-1,-1,-1,0,-1
2023451315376,2023,451315376,1,9,0,4,4,3,1,0,0,0,0,0,0,0,0,1,6,6,3,35,6,-1,-1,-1,-1,-1,-1,0,-1
2023141373874,2023,141373874,1,9,0,18,19,5,1,0,0,0,0,0,0,0,2,1,2,2,1,30,6,-1,-1,-1,-1,8,E01019867,0,-1
202354A190823,2023,54A190823,2,9,0,18,19,6,2,0,0,0,0,0,0,0,3,1,1,1,1,45,7,-1,-1,-1,-1,9,E01031897,0,-1
2023471353252,2023,471353252,2,1,0,18,19,7,4,0,0,4,0,0,0,0,1,1,2,2,1,29,6,-1,-1,-1,-1,2,E01016854,0,-1
2023052301239,2023,052301239,1,1,0,18,19,5,1,0,0,0,0,0,0,0,0,1,6,6,1,39,7,-1,-1,-1,-1,5,E01006920,0,-1
2023430139429,2023,430139429,1,9,0,18,19,8,4,0,0,0,0,4,0,0,1,1,6,6,2,-1,-1,-1,-1,-1,-1,-1,-1,0,-1
2023052302914,2023,052302914,2,1,0,18,19,7,3,0,0,1,0,0,0,0,1,1,2,2,1,42,7,-1,-1,-1,-1,4,E01032507,0,-1
2023010483778,2023,010483778,1,97,0,18,19,7,3,0,0,0,0,0,0,0,1,1,6,6,3,-1,-1,-1,-1,-1,-1,-1,-1,0,-1
2023522301702,2023,522301702,1,9,0,9,9,5,3,0,0,5,0,0,0,0,1,1,6,6,2,-1,-1,-1,-1,-1,-1,-1,-1,0,-1
2023461292708,2023,461292708,2,1,0,9,9,7,3,0,0,0,0,0,0,0,1,1,6,6,1,53,8,-1,-1,-1,-1,4,E01024339,0,-1
202354B060023,2023,54B060023,2,1,0,18,19,5,1,0,0,8,0,0,0,0,1,1,4,7,1,15,3,-1,-1,-1,-1,8,E01032110,0,-1
2023010474391,2023,010474391,2,1,0,18,19,7,3,4,4,1,0,0,0,0,4,1,6,6,1,33,6,-1,-1,-1,-1,5,E01001354,0,-1
2023430134549,2023,430134549,2,9,0,6,6,1,1,0,0,0,0,0,0,0,0,1,6,6,3,-1,-1,-1,-1,-1,-1,-1,-1,0,-1
2023131348677,2023,131348677,1,19,0,-1,-1,-1,-1,-1,-1,-1,-1,-1,-1,-1,-1,1,6,6,3,-1,-1,-1,-1,-1,-1,-1,-1,0,-1
2023010461267,2023,010461267,1,1,9,99,99,9,9,99,99,9,9,99,9,99,9,1,6,6,2,33,6,-1,-1,-1,-1,2,E01004284,0,-1
2023111327724,2023,111327724,1,19,0,18,19,5,1,0,0,0,0,0,0,0,1,1,6,6,3,30,6,-1,-1,-1,-1,-1,-1,0,-1
2023010443420,2023,010443420,1,1,9,99,99,9,9,99,99,9,9,99,9,99,1,1,2,2,1,30,6,-1,-1,-1,-1,2,E01033488,0,-1
2023010477263,2023,010477263,3,9,0,2,2,0,0,0,0,0,0,0,0,0,1,1,6,6,3,-1,-1,-1,-1,-1,-1,-1,-1,0,-1
2023421354157,2023,421354157,2,98,5,9,9,3,1,0,0,1,0,0,0,0,3,1,1,1,1,41,7,-1,-1,-1,-1,-1,-1,0,-1
2023201391923,2023,201391923,1,9,0,9,9,8,4,0,0,6,0,0,0,0,1,1,6,6,1,30,6,-1,-1,-1,-1,-1,-1,0,-1
202363A028423,2023,63A028423,1,19,0,12,12,7,3,0,0,8,0,0,4,6,1,1,1,1,1,62,9,-1,-1,-1,-1,-1,-1,0,-1
2023520300593,2023,520300593,2,19,0,1,1,3,7,0,0,0,0,0,0,0,2,1,6,6,1,100,11,-1,-1,-1,-1,-1,-1,0,-1
2023221326678,2023,221326678,2,1,0,18,19,6,2,0,0,8,0,0,0,0,4,1,5,6,2,74,10,-1,-1,-1,-1,5,E01032475,0,-1
2023340WN3782,2023,340WN3782,3,9,0,3,3,5,1,0,0,0,0,0,0,0,2,1,6,6,1,61,9,-1,-1,-1,-1,10,E01027121,0,-1
2023010459954,2023,010459954,1,1,9,99,99,9,9,99,99,9,9,99,9,99,9,1,2,2,2,40,7,-1,-1,-1,-1,3,E01002731,0,-1
2023101344919,2023,101344919,1,90,0,18,19,4,8,0,0,0,0,0,0,0,1,1,6,6,3,-1,-1,-1,-1,-1,-1,-1,-1,0,-1
2023461313605,2023,461313605,2,1,0,5,5,-1,-1,0,0,2,0,0,0,0,2,1,5,6,1,60,9,-1,-1,-1,-1,7,E01024109,0,-1
2023201373880,2023,201373880,1,9,0,12,12,8,4,0,0,8,0,0,0,0,1,1,1,1,1,41,7,-1,-1,-1,-1,8,E01010226,0,-1
2023501341667,2023,501341667,1,9,0,18,19,3,7,0,0,0,0,0,0,0,1,1,5,6,1,18,4,-1,-1,-1,-1,4,E01018972,0,-1
2023201459728,2023,201459728,2,9,0,9,9,8,6,0,0,5,0,0,0,0,3,1,6,6,1,52,8,-1,-1,-1,-1,1,E01009756,0,-1
2023991309394,2023,991309394,1,9,0,17,19,2,6,0,0,0,0,0,0,0,0,1,6,6,3,21,5,-1,-1,-1,-1,-1,-1,0,-1
2023141319943,2023,141319943,1,9,0,18,19,2,7,0,0,0,1,7,0,0,1,1,6,6,1,32,6,-1,-1,-1,-1,1,E01008090,0,-1
2023010426562,2023,010426562,2,1,0,18,19,1,5,0,0,1,0,0,0,0,1,1,2,2,1,30,6,-1,-1,-1,-1,3,E01003522,0,-1
2023631317210,2023,631317210,3,1,0,16,19,5,7,0,0,0,1,0,1,10,4,1,6,6,2,15,3,-1,-1,-1,-1,8,W01000547,0,-1
2023070972719,2023,070972719,1,9,0,18,19,4,8,0,0,1,0,0,0,0,1,1,6,6,3,-1,-1,-1,-1,-1,-1,-1,-1,0,-1
2023531353967,2023,531353967,1,1,0,18,19,1,5,9,9,0,0,11,0,0,0,1,5,6,2,61,9,-1,-1,-1,-1,7,E01022180,0,-1
2023010478568,2023,010478568,2,9,0,99,99,9,9,99,99,6,9,99,9,99,9,9,6,6,3,-1,-1,-1,-1,-1,-1,-1,-1,0,-1
2023201461072,2023,201461072,2,9,0,4,4,6,2,0,0,0,0,0,0,0,2,1,2,2,1,-1,-1,-1,-1,-1,-1,4,E01002648,0,-1
2023211358312,2023,211358312,1,9,0,5,5,6,2,0,0,6,0,0,0,0,3,1,5,6,1,51,8,-1,-1,-1,-1,5,E01029425,0,-1
2023522400935,2023,522400935,1,9,9,18,19,9,9,0,0,0,0,0,0,0,9,1,6,6,1,-1,-1,-1,-1,-1,-1,-1,-1,0,-1
2023221266699,2023,221266699,2,1,0,18,19,5,1,0,0,8,0,0,0,0,1,1,5,6,1,62,9,-1,-1,-1,-1,4,E01032440,0,-1
2023351319268,2023,351319268,2,1,0,5,5,-1,-1,0,0,0,0,0,0,0,2,1,3,7,1,10,2,-1,-1,-1,-1,10,E01018256,0,-1
2023010438327,2023,010438327,1,97,0,18,19,6,2,0,0,4,0,0,0,0,1,1,6,6,1,22,5,-1,-1,-1,-1,8,E01002945,0,-1
2023010467613,2023,010467613,1,1,0,5,5,5,1,9,9,1,0,0,9,99,1,1,6,6,2,22,5,-1,-1,-1,-1,3,E01003552,0,-1
2023141358216,2023,141358216,2,9,0,18,19,3,4,0,0,8,0,0,0,0,1,1,6,6,3,-1,-1,-1,-1,-1,-1,-1,-1,0,-1
2023430458632,2023,430458632,1,9,0,10,10,2,8,0,0,1,0,0,0,0,3,1,6,6,2,25,5,-1,-1,-1,-1,-1,-1,0,-1
2023010479083,2023,010479083,1,90,0,99,99,9,9,99,99,9,9,99,9,99,9,9,1,1,2,27,6,-1,-1,-1,-1,2,E01003490,0,-1
2023010429779,2023,010429779,1,19,4,99,99,9,9,99,99,0,9,99,9,99,9,9,6,6,3,-1,-1,-1,-1,-1,-1,-1,-1,0,-1
2023141390089,2023,141390089,1,9,0,4,4,1,5,0,0,0,1,0,0,0,1,1,1,1,1,20,4,-1,-1,-1,-1,7,E01005550,0,-1
2023101290210,2023,101290210,2,9,0,18,19,2,8,0,0,8,0,0,0,0,4,1,6,6,2,45,7,-1,-1,-1,-1,-1,-1,0,-1
2023141388988,2023,141388988,1,9,0,9,9,6,4,0,0,1,0,0,0,0,1,1,6,6,1,58,9,-1,-1,-1,-1,1,E01007885,0,-1
2023501285859,2023,501285859,1,9,0,9,9,1,4,0,0,1,0,0,1,0,3,1,6,6,1,70,10,-1,-1,-1,-1,7,E01019935,0,-1
2023201411027,2023,201411027,1,9,0,18,19,7,3,0,0,0,0,0,0,0,1,1,6,6,3,-1,-1,-1,-1,-1,-1,-1,-1,0,-1
2023201463222,2023,201463222,2,9,0,5,5,3,6,0,0,6,0,0,0,0,4,1,2,2,2,25,5,-1,-1,-1,-1,7,E01031091,0,-1
2023430097042,2023,430097042,1,9,0,18,19,2,6,0,0,0,0,0,0,0,4,1,2,2,2,-1,-1,-1,-1,-1,-1,-1,-1,0,-1
2023010423506,2023,010423506,1,1,9,99,99,9,9,99,99,9,9,99,9,99,1,1,2,2,2,42,7,-1,-1,-1,-1,-1,-1,0,-1
2023430365770,2023,430365770,1,9,0,18,19,2,6,0,0,8,0,0,0,0,1,1,2,2,1,35,6,-1,-1,-1,-1,-1,-1,0,-1
2023531284732,2023,531284732,2,1,0,18,19,1,5,0,0,8,0,0,0,0,1,1,1,1,1,53,8,-1,-1,-1,-1,10,E01022167,0,-1
2023010480133,2023,010480133,2,9,0,9,9,3,1,0,0,4,0,0,0,0,0,1,6,6,3,22,5,-1,-1,-1,-1,-1,-1,0,-1
2023311322235,2023,311322235,1,9,0,18,19,3,1,0,0,1,0,0,0,0,1,1,6,6,3,-1,-1,-1,-1,-1,-1,-1,-1,0,-1
2023010439581,2023,010439581,1,1,9,99,99,9,9,99,99,0,9,99,9,99,9,1,2,2,3,48,8,-1,-1,-1,-1,8,E01004074,0,-1
2023052302956,2023,052302956,1,-1,0,18,19,1,5,0,0,8,0,0,0,0,3,1,6,6,1,25,5,-1,-1,-1,-1,1,E01006697,1,-1
2023231315415,2023,231315415,1,9,0,18,19,6,2,0,0,1,0,0,0,0,1,1,5,6,3,25,5,-1,-1,-1,-1,-1,-1,0,-1
2023061282224,2023,061282224,1,90,0,18,19,1,5,9,9,1,1,0,0,0,1,1,6,6,1,23,5,-1,-1,-1,-1,-1,-1,0,-1
2023461319082,2023,461319082,2,9,0,18,19,4,8,0,0,0,0,0,0,0,1,1,5,6,1,56,9,-1,-1,-1,-1,4,E01024620,0,-1
2023010465352,2023,010465352,1,11,0,18,19,1,5,0,0,0,0,0,0,0,1,1,6,6,3,-1,-1,-1,-1,-1,-1,-1,-1,0,-1
2023201289403,2023,201289403,2,1,0,18,19,7,3,0,0,1,0,0,0,0,3,1,2,2,1,62,9,-1,-1,-1,-1,1,E01009147,0,-1
2023440262246,2023,440262246,1,1,0,18,19,1,5,0,0,0,0,0,0,0,2,1,6,6,2,28,6,-1,-1,-1,-1,2,E01017208,0,-1
2023211328054,2023,211328054,2,9,0,18,19,3,3,0,0,0,0,0,0,0,1,1,2,2,2,49,8,-1,-1,-1,-1,7,E01029660,0,-1
2023010459877,2023,010459877,1,19,0,9,9,5,3,0,0,1,0,0,0,0,1,1,1,1,1,27,6,-1,-1,-1,-1,2,E01001351,0,-1
2023610053523,2023,610053523,1,9,0,3,3,1,5,0,0,0,0,0,0,0,2,1,3,7,2,28,6,-1,-1,-1,-1,3,W01001338,0,-1
2023231315632,2023,231315632,3,9,0,2,2,0,0,0,0,2,0,0,0,0,3,1,6,6,3,40,7,-1,-1,-1,-1,-1,-1,0,-1
2023010455960,2023,010455960,2,10,0,99,99,9,9,99,99,9,9,99,9,99,1,9,6,6,3,-1,-1,-1,-1,-1,-1,-1,-1,0,-1
2023471389941,2023,471389941,4,19,0,9,9,4,8,0,0,0,0,0,0,0,0,1,6,6,3,-1,-1,-1,-1,-1,-1,-1,-1,0,-1
2023211291835,2023,211291835,1,9,0,18,19,1,3,0,0,0,0,0,0,0,1,1,6,6,1,33,6,-1,-1,-1,-1,2,E01033216,0,-1
2023610030923,2023,610030923,2,9,0,16,19,4,6,0,0,6,0,0,0,0,1,1,1,1,2,65,9,-1,-1,-1,-1,9,W01001555,0,-1
2023061352448,2023,061352448,1,98,0,7,7,6,1,0,0,8,0,0,0,0,1,1,6,6,3,-1,-1,-1,-1,-1,-1,-1,-1,0,-1
2023531318544,2023,531318544,1,9,0,18,19,-1,-1,0,0,-1,0,0,0,0,-1,1,6,6,3,-1,-1,-1,-1,-1,-1,-1,-1,0,-1
2023161275629,2023,161275629,2,9,0,7,7,1,3,0,0,6,0,0,0,0,1,1,6,6,2,-1,-1,-1,-1,-1,-1,-1,-1,0,-1
2023010471924,2023,010471924,2,1,0,18,19,1,5,0,0,8,0,0,0,0,2,1,6,6,1,37,7,-1,-1,-1,-1,5,E01001718,0,-1
2023461320561,2023,461320561,1,9,0,18,19,4,6,0,0,0,0,0,0,0,3,1,5,6,3,-1,-1,-1,-1,-1,-1,-1,-1,0,-1
2023610017223,2023,610017223,2,1,0,18,19,8,4,9,9,8,0,0,0,0,1,1,6,6,1,18,4,-1,-1,-1,-1,1,W01001659,0,-1
2023010478411,2023,010478411,2,1,0,18,19,5,1,0,0,0,0,0,0,0,2,1,1,1,1,47,8,-1,-1,-1,-1,3,E01003630,0,-1
2023141263357,2023,141263357,2,9,0,18,19,2,6,0,0,1,0,0,0,0,1,1,6,6,3,-1,-1,-1,-1,-1,-1,-1,-1,0,-1
2023451361633,2023,451361633,1,1,0,17,19,1,3,0,0,1,0,0,0,0,0,1,5,6,2,54,8,-1,-1,-1,-1,10,E01030308,0,-1
2023231286917,2023,231286917,1,21,1,12,12,8,4,0,0,0,0,0,0,0,4,1,1,1,1,55,8,-1,-1,-1,-1,7,E01012371,0,-1
2023471294337,2023,471294337,3,1,0,18,19,3,7,0,0,0,0,0,0,0,3,1,2,2,1,31,6,-1,-1,-1,-1,6,E01031479,0,-1
2023302301436,2023,302301436,2,9,0,16,19,4,8,0,0,0,0,0,0,0,0,1,6,6,3,-1,-1,-1,-1,-1,-1,5,E01019456,0,-1
2023320243083,2023,320243083,2,1,0,18,19,5,1,0,0,4,1,0,0,0,2,1,6,6,1,21,5,-1,-1,-1,-1,4,E01026148,0,-1
2023010436159,2023,010436159,1,-1,9,99,99,9,9,99,99,9,9,99,9,99,1,1,6,6,1,23,5,-1,-1,-1,-1,3,E01001043,1,-1
2023010472665,2023,010472665,1,1,9,99,99,9,9,99,99,9,9,99,9,99,1,1,2,2,1,41,7,-1,-1,-1,-1,3,E01004458,0,-1
2023622300688,2023,622300688,2,1,0,18,19,6,2,0,0,0,0,0,0,0,1,1,6,6,1,29,6,-1,-1,-1,-1,4,W01001314,0,-1
2023540958223,2023,540958223,2,1,0,18,19,5,1,0,0,0,0,0,0,0,3,1,6,6,1,35,6,-1,-1,-1,-1,6,E01032109,0,-1
2023161326532,2023,161326532,2,1,0,18,19,3,7,0,0,1,0,0,0,0,1,1,6,6,1,14,3,-1,-1,-1,-1,-1,-1,0,-1
2023061271010,2023,061271010,1,-1,-1,-1,-1,7,3,-1,-1,-1,-1,-1,-1,0,1,1,6,6,3,-1,-1,-1,-1,-1,-1,-1,-1,0,-1
2023061350309,2023,061350309,1,1,-1,-1,-1,-1,-1,-1,-1,-1,-1,-1,-1,0,-1,1,5,6,1,61,9,-1,-1,-1,-1,4,E01005304,0,-1
2023302300259,2023,302300259,2,1,0,18,19,4,8,0,0,8,0,0,0,0,0,1,6,6,1,20,4,-1,-1,-1,-1,4,E01013460,0,-1
2023010430066,2023,010430066,1,3,0,5,5,2,6,0,0,1,0,0,0,0,1,1,6,6,1,41,7,-1,-1,-1,-1,7,E01002683,0,-1
2023547991923,2023,547991923,2,9,0,18,19,4,8,0,0,1,0,0,1,0,3,1,6,6,2,53,8,-1,-1,-1,-1,7,E01032025,0,-1
2023332300387,2023,332300387,2,9,0,3,3,1,5,0,0,1,0,0,0,0,2,1,6,6,2,67,10,-1,-1,-1,-1,8,E01025791,0,-1
2023122300869,2023,122300869,2,9,0,14,14,7,3,0,0,0,0,0,0,0,2,1,1,1,1,63,9,-1,-1,-1,-1,3,E01010762,0,-1
2023010484210,2023,010484210,1,1,9,99,99,9,9,99,99,9,9,99,9,99,9,1,2,2,2,24,5,-1,-1,-1,-1,3,E01002757,0,-1
2023522301503,2023,522301503,1,1,0,3,3,8,4,0,0,1,0,0,0,0,2,1,6,6,2,32,6,-1,-1,-1,-1,7,E01014700,0,-1
2023421364857,2023,421364857,1,1,0,18,19,4,8,9,9,0,2,0,1,0,1,1,6,6,1,44,7,-1,-1,-1,-1,2,E01021322,0,-1
2023041344049,2023,041344049,1,1,0,18,19,5,1,0,0,0,0,0,0,0,0,1,6,6,1,55,8,-1,-1,-1,-1,9,E01025511,0,-1
2023010452482,2023,010452482,2,1,0,18,19,5,1,0,0,0,0,0,0,0,1,1,2,2,1,38,7,-1,-1,-1,-1,9,E01003799,0,-1
2023371325332,2023,371325332,1,9,0,18,19,5,1,0,0,0,0,0,0,0,1,1,6,6,3,-1,-1,-1,-1,-1,-1,-1,-1,0,-1
2023311324562,2023,311324562,1,9,0,9,9,5,3,0,0,8,0,0,0,0,1,1,6,6,3,-1,-1,-1,-1,-1,-1,-1,-1,0,-1
2023010463931,2023,010463931,2,3,0,18,19,1,5,0,0,8,0,0,0,0,2,1,6,6,1,22,5,-1,-1,-1,-1,3,E01002457,0,-1
2023010458432,2023,010458432,1,9,9,99,99,9,9,0,0,4,9,99,0,0,1,9,6,6,3,-1,-1,-1,-1,-1,-1,-1,-1,0,-1
2023010466336,2023,010466336,2,1,0,14,14,7,3,4,4,0,0,0,1,0,1,1,6,6,1,37,7,-1,-1,-1,-1,5,E01001542,0,-1
2023430382444,2023,430382444,1,9,0,5,5,1,0,0,0,1,0,0,0,0,0,1,6,6,1,35,6,-1,-1,-1,-1,4,E01032961,0,-1
2023430470091,2023,430470091,1,1,0,18,19,6,2,0,0,8,0,0,0,0,4,1,6,6,1,25,5,-1,-1,-1,-1,5,E01016419,0,-1
2023361308591,2023,361308591,2,1,0,18,19,7,3,0,0,1,2,0,0,0,1,1,5,6,2,34,6,-1,-1,-1,-1,8,E01026840,0,-1
2023501285044,2023,501285044,4,19,0,3,3,5,2,0,0,0,0,0,0,0,2,1,6,6,3,-1,-1,-1,-1,-1,-1,-1,-1,0,-1
2023122300598,2023,122300598,1,9,0,5,5,7,3,0,0,0,0,0,0,0,1,1,6,6,1,34,6,-1,-1,-1,-1,6,E01013418,0,-1
2023010483453,2023,010483453,2,22,9,99,99,9,9,99,99,9,9,99,9,99,9,1,6,6,1,41,7,-1,-1,-1,-1,5,E01003946,0,-1
2023461372819,2023,461372819,1,9,4,9,9,7,3,0,0,1,0,0,9,0,0,1,6,6,1,56,9,-1,-1,-1,-1,7,E01024809,0,-1
2023010431261,2023,010431261,1,11,0,18,19,7,3,0,0,2,0,0,0,0,0,1,1,1,1,41,7,-1,-1,-1,-1,10,E01023578,0,-1
2023401373897,2023,401373897,1,9,0,18,19,6,2,0,0,1,0,0,0,0,1,1,6,6,1,49,8,-1,-1,-1,-1,6,E01015718,0,-1
2023361373524,2023,361373524,3,9,-1,-1,-1,-1,-1,-1,-1,-1,-1,-1,-1,0,-1,1,6,6,3,-1,-1,-1,-1,-1,-1,-1,-1,0,-1
2023332300393,2023,332300393,2,9,0,18,19,3,7,0,0,1,0,0,0,0,1,1,6,6,3,-1,-1,-1,-1,-1,-1,-1,-1,0,-1
2023101323293,2023,101323293,2,1,0,18,19,1,5,0,0,8,5,0,0,0,4,1,6,6,2,62,9,-1,-1,-1,-1,10,E01033551,0,-1
2023010454322,2023,010454322,2,1,0,5,5,0,2,0,0,1,0,0,0,0,1,1,6,6,1,38,7,-1,-1,-1,-1,4,E01002672,0,-1
2023201409992,2023,201409992,2,9,0,12,12,4,8,0,0,0,0,0,0,0,0,1,6,6,3,-1,-1,-1,-1,-1,-1,-1,-1,0,-1
2023101368177,2023,101368177,2,1,0,18,19,1,5,0,0,0,0,0,0,0,1,1,5,6,2,32,6,-1,-1,-1,-1,2,E01008813,0,-1
2023311357723,2023,311357723,2,1,0,5,5,8,4,0,0,1,0,0,0,0,1,1,5,6,1,20,4,-1,-1,-1,-1,4,E01027982,0,-1
2023010468949,2023,010468949,1,1,9,99,99,9,9,99,99,9,9,99,9,99,9,1,6,6,2,32,6,-1,-1,-1,-1,4,E01003076,0,-1
2023010480791,2023,010480791,2,90,0,99,99,9,9,99,99,9,9,99,9,99,9,9,6,6,3,-1,-1,-1,-1,-1,-1,3,E01001003,0,-1
2023201364538,2023,201364538,1,9,0,1,1,8,4,0,0,0,0,0,0,0,2,1,6,6,3,-1,-1,-1,-1,-1,-1,-1,-1,0,-1
2023122300324,2023,122300324,2,1,0,18,19,6,2,0,0,1,1,0,0,0,0,1,6,6,2,38,7,-1,-1,-1,-1,8,E01027631,0,-1
2023052301304,2023,052301304,1,19,0,18,19,5,1,0,0,1,0,0,0,0,1,1,6,6,3,-1,-1,-1,-1,-1,-1,-1,-1,0,-1
2023010451249,2023,010451249,1,1,9,99,99,9,9,99,99,9,9,99,9,99,1,1,6,6,1,30,6,-1,-1,-1,-1,3,E01004445,0,-1
2023041305604,2023,041305604,1,98,0,18,19,-1,-1,0,0,1,0,0,0,0,-1,1,6,6,3,-1,-1,-1,-1,-1,-1,-1,-1,0,-1
2023430528445,2023,430528445,2,1,0,18,19,7,3,0,0,8,0,0,0,0,1,1,2,2,1,56,9,-1,-1,-1,-1,10,E01028752,0,-1
202360A019206,2023,60A019206,1,5,0,14,14,3,7,0,0,0,2,0,0,0,1,1,1,1,2,-1,-1,-1,-1,-1,-1,-1,-1,0,-1
2023411315790,2023,411315790,2,1,0,9,9,1,7,0,0,8,0,0,0,0,2,1,5,6,1,54,8,-1,-1,-1,-1,4,E01023296,0,-1
2023991301326,2023,991301326,1,9,0,12,12,5,8,0,0,0,0,0,4,0,4,1,6,6,1,68,10,-1,-1,-1,-1,-1,-1,0,-1
202354B984723,2023,54B984723,1,9,0,9,9,5,2,0,0,6,0,0,0,0,0,1,6,6,3,-1,-1,-1,-1,-1,-1,-1,-1,0,-1
2023440201442,2023,440201442,2,1,0,18,19,1,5,0,0,1,0,0,0,0,1,1,4,7,1,12,3,-1,-1,-1,-1,1,E01017053,0,-1
2023440401614,2023,440401614,1,22,0,18,19,4,8,0,0,6,0,0,0,0,1,1,6,6,2,26,6,-1,-1,-1,-1,3,E01017357,0,-1
2023010477659,2023,010477659,2,1,0,18,19,3,7,0,0,1,0,0,0,0,4,1,6,6,1,25,5,-1,-1,-1,-1,6,E01001341,0,-1
2023302300853,2023,302300853,1,9,0,7,7,8,1,9,9,7,0,0,1,11,1,1,2,2,1,45,7,-1,-1,-1,-1,10,E01013574,0,-1
2023010442652,2023,010442652,2,9,0,8,8,5,8,0,0,1,0,0,0,0,1,1,2,2,1,31,6,-1,-1,-1,-1,3,E01001186,0,-1
2023201458693,2023,201458693,2,9,0,2,2,0,0,0,0,0,0,0,0,0,1,1,6,6,1,23,5,-1,-1,-1,-1,1,E01009372,0,-1
2023440314471,2023,440314471,2,9,0,18,19,8,4,0,0,8,0,0,0,0,1,1,6,6,1,61,9,-1,-1,-1,-1,10,E01022498,0,-1
2023201309923,2023,201309923,1,-1,0,18,19,4,8,0,0,8,0,0,0,0,4,1,1,1,1,37,7,-1,-1,-1,-1,4,E01009927,1,-1
2023010456842,2023,010456842,2,-1,0,18,19,1,5,0,0,0,0,0,0,0,3,1,6,6,1,11,3,-1,-1,-1,-1,3,E01004355,1,-1
2023052300996,2023,052300996,1,9,0,18,19,3,7,0,0,0,0,0,0,0,1,1,6,6,3,-1,-1,-1,-1,-1,-1,-1,-1,0,-1
2023311361788,2023,311361788,1,1,0,18,19,-1,-1,9,9,-1,0,0,0,0,1,1,6,6,1,20,4,-1,-1,-1,-1,5,E01028362,0,-1
2023010455669,2023,010455669,2,9,0,99,99,9,9,99,99,9,9,99,9,99,1,9,6,6,3,-1,-1,-1,-1,-1,-1,-1,-1,0,-1
2023544183023,2023,544183023,1,9,0,1,1,5,1,0,0,0,0,0,0,0,2,1,6,6,1,55,8,-1,-1,-1,-1,5,E01032063,0,-1
2023010424202,2023,010424202,2,9,0,5,5,5,1,0,0,4,0,0,0,0,1,1,6,6,3,23,5,-1,-1,-1,-1,-1,-1,0,-1
2023010475092,2023,010475092,2,1,0,9,9,1,6,0,0,3,0,0,0,0,4,1,6,6,1,63,9,-1,-1,-1,-1,9,E01000670,0,-1
2023991326975,2023,991326975,2,9,0,18,19,4,8,0,0,0,0,0,0,0,2,1,1,1,1,55,8,-1,-1,-1,-1,5,-1,0,-1
2023610048123,2023,610048123,2,1,0,18,19,4,8,0,0,1,0,0,1,0,1,1,6,6,1,17,4,-1,-1,-1,-1,3,W01001663,0,-1
2023991337135,2023,991337135,2,1,0,18,19,5,1,0,0,0,0,0,0,0,1,1,2,2,1,58,9,-1,-1,-1,-1,10,-1,0,-1
2023101383751,2023,101383751,1,9,0,18,19,3,7,0,0,8,0,0,0,0,1,1,6,6,2,-1,-1,-1,-1,-1,-1,-1,-1,0,-1
2023010419958,2023,010419958,1,9,0,99,99,9,9,99,99,9,9,99,9,99,9,9,6,6,3,-1,-1,-1,-1,-1,-1,-1,-1,0,-1
2023351282324,2023,351282324,2,1,0,15,15,5,1,4,4,1,5,0,1,0,3,1,2,2,1,24,5,-1,-1,-1,-1,9,E01017958,0,-1
2023010442224,2023,010442224,2,1,0,18,19,3,7,4,4,8,1,0,0,0,1,1,2,2,1,26,6,-1,-1,-1,-1,-1,-1,0,-1
2023052302803,2023,052302803,1,9,0,18,19,7,3,0,0,1,0,0,0,0,1,1,6,6,3,-1,-1,-1,-1,-1,-1,-1,-1,0,-1
2023471343953,2023,471343953,1,9,0,18,19,-1,-1,0,0,8,0,0,0,0,-1,1,6,6,3,-1,-1,-1,-1,-1,-1,-1,-1,0,-1
2023010481200,2023,010481200,2,1,0,9,9,5,3,0,0,5,0,0,0,0,1,1,6,6,1,32,6,-1,-1,-1,-1,3,E01001809,0,-1
2023041356576,2023,041356576,2,1,0,9,9,5,3,0,0,0,0,0,0,0,-1,1,6,6,1,40,7,-1,-1,-1,-1,5,E01024954,0,-1
2023041334239,2023,041334239,2,9,0,18,19,-1,-1,0,0,1,0,0,0,0,2,1,6,6,3,-1,-1,-1,-1,-1,-1,-1,-1,0,-1
2023061377648,2023,061377648,1,98,0,18,19,3,7,0,0,8,0,0,0,0,1,1,6,6,1,30,6,-1,-1,-1,-1,-1,-1,0,-1
2023302301658,2023,302301658,2,1,0,18,19,2,6,0,0,0,0,0,0,0,1,1,2,2,2,54,8,-1,-1,-1,-1,5,E01013530,0,-1
2023010438698,2023,010438698,1,9,9,99,99,9,9,0,0,1,9,99,9,99,9,9,6,6,3,33,6,-1,-1,-1,-1,-1,-1,0,-1