collision_index,collision_year,collision_ref_no,vehicle_reference,vehicle_type,towing_and_articulation,vehicle_manoeuvre_historic,vehicle_manoeuvre,vehicle_direction_from,vehicle_direction_to,vehicle_location_restricted_lane_historic,vehicle_location_restricted_lane,junction_location,skidding_and_overturning,hit_object_in_carriageway,vehicle_leaving_carriageway,hit_object_off_carriageway,first_point_of_impact,vehicle_left_hand_drive,journey_purpose_of_driver_historic,journey_purpose_of_driver,sex_of_driver,age_of_driver,age_band_of_driver,engine_capacity_cc,propulsion_code,age_of_vehicle,generic_make_model,driver_imd_decile,lsoa_of_driver,escooter_flag,driver_distance_banding
2023201382231,2023,201382231,1,4,0,15,15,2,3,0,0,8,0,0,0,0,3,1,6,6,1,-1,-1,-1,-1,-1,-1,-1,-1,0,-1
2023122300775,2023,122300775,2,1,0,15,15,8,4,4,4,0,0,8,0,0,3,1,6,6,2,66,10,-1,-1,-1,-1,2,E01013347,0,-1
2023430275163,2023,430275163,3,9,0,18,19,3,7,0,0,6,0,0,0,0,3,1,1,1,1,49,8,-1,-1,-1,-1,8,E01031883,0,-1
2023010456895,2023,010456895,1,9,0,18,19,7,3,0,0,4,0,0,0,0,4,1,6,6,3,-1,-1,-1,-1,-1,-1,-1,-1,0,-1
2023501363937,2023,501363937,1,19,0,17,19,1,5,0,0,0,1,0,1,4,1,1,6,6,1,51,8,-1,-1,-1,-1,5,E01018837,0,-1
2023302300906,2023,302300906,2,1,0,18,19,8,4,0,0,8,0,0,0,0,1,1,6,6,1,48,8,-1,-1,-1,-1,3,E01013471,0,-1
2023351358821,2023,351358821,1,9,4,18,19,5,1,0,0,0,0,0,0,0,2,1,6,6,3,-1,-1,-1,-1,-1,-1,-1,-1,0,-1
2023340NN4272,2023,340NN4272,1,9,0,9,9,3,7,0,0,6,0,0,0,0,1,1,2,2,1,29,6,-1,-1,-1,-1,1,E01027110,0,-1
2023430099911,2023,430099911,2,1,0,18,19,7,3,0,0,0,0,0,0,0,1,1,6,6,1,14,3,-1,-1,-1,-1,5,E01017699,0,-1
2023421377396,2023,421377396,1,9,0,18,19,3,7,0,0,0,0,0,0,0,1,1,6,6,1,-1,-1,-1,-1,-1,-1,-1,-1,0,-1
2023411306627,2023,411306627,1,9,0,4,4,7,1,0,0,0,0,0,0,0,1,1,5,6,1,19,4,-1,-1,-1,-1,4,E01023870,0,-1
2023201299311,2023,201299311,1,-1,0,18,19,-1,-1,0,0,8,0,0,0,0,1,1,5,6,2,-1,-1,-1,-1,-1,-1,-1,-1,0,-1
2023010444956,2023,010444956,1,1,0,18,19,5,1,0,0,8,9,0,0,0,3,1,6,6,3,31,6,-1,-1,-1,-1,5,E01000994,0,-1
2023031278128,2023,031278128,2,1,0,18,19,8,4,0,0,6,0,0,0,0,3,1,6,6,2,37,7,-1,-1,-1,-1,2,E01019207,0,-1
2023610049723,2023,610049723,2,9,0,3,3,3,7,0,0,0,0,0,0,0,2,1,6,6,2,36,7,-1,-1,-1,-1,3,W01001335,0,-1
2023010465228,2023,010465228,2,19,0,99,99,9,9,99,99,9,9,99,0,0,9,9,6,6,3,-1,-1,-1,-1,-1,-1,-1,-1,0,-1
2023070142459,2023,070142459,2,1,0,18,19,4,8,0,0,2,0,0,0,0,2,1,6,6,1,39,7,-1,-1,-1,-1,7,E01007196,0,-1
2023552300389,2023,552300389,1,9,0,18,19,7,3,0,0,4,0,0,0,0,4,1,6,6,3,-1,-1,-1,-1,-1,-1,-1,-1,0,-1
2023010420251,2023,010420251,2,22,0,18,19,5,1,0,0,1,5,0,0,0,2,1,6,6,1,62,9,-1,-1,-1,-1,3,E01001156,0,-1
2023302301554,2023,302301554,4,20,4,18,19,4,8,0,0,2,0,0,0,0,0,1,6,6,3,-1,-1,-1,-1,-1,-1,5,E01019456,0,-1
2023451380403,2023,451380403,1,9,0,18,19,5,1,0,0,1,0,0,0,0,4,1,1,1,1,25,5,-1,-1,-1,-1,8,E01030491,0,-1
2023545630423,2023,545630423,1,9,0,14,14,4,8,0,0,0,0,0,0,0,1,1,6,6,1,45,7,-1,-1,-1,-1,7,E01032000,0,-1
2023302301598,2023,302301598,2,1,0,7,7,6,8,0,0,0,0,0,0,0,2,1,6,6,1,-1,-1,-1,-1,-1,-1,6,E01019545,0,-1
2023141290364,2023,141290364,1,1,0,16,19,5,8,0,0,3,0,0,0,0,2,1,2,2,1,31,6,-1,-1,-1,-1,1,E01007317,0,-1
2023201323583,2023,201323583,2,1,0,18,19,8,8,0,0,8,0,0,0,0,1,1,5,6,2,11,3,-1,-1,-1,-1,1,E01009099,0,-1
202363D036323,2023,63D036323,1,9,0,12,12,2,6,0,0,0,0,0,7,10,1,1,6,6,2,78,11,-1,-1,-1,-1,-1,-1,0,-1
2023010453556,2023,010453556,2,1,0,18,19,5,1,0,0,1,0,0,0,0,1,1,6,6,1,22,5,-1,-1,-1,-1,-1,-1,0,-1
2023461382374,2023,461382374,2,1,0,18,19,1,1,0,0,0,0,0,0,0,2,1,3,7,1,11,3,-1,-1,-1,-1,10,E01024353,0,-1
2023041349318,2023,041349318,2,1,0,18,19,3,7,0,0,1,0,0,0,0,1,1,6,6,1,49,8,-1,-1,-1,-1,7,E01024990,0,-1
2023010449079,2023,010449079,1,1,9,99,99,9,9,99,99,9,9,99,9,99,9,1,2,2,1,36,7,-1,-1,-1,-1,-1,-1,0,-1
2023332301289,2023,332301289,2,98,0,18,19,5,1,0,0,0,0,0,0,0,3,1,6,6,3,-1,-1,-1,-1,-1,-1,-1,-1,0,-1
2023320133946,2023,320133946,2,1,0,9,9,4,2,0,0,6,0,0,0,0,4,1,6,6,1,36,7,-1,-1,-1,-1,8,E01026262,0,-1
2023122300340,2023,122300340,2,1,0,18,19,6,2,0,0,1,0,0,0,0,1,1,6,6,1,39,7,-1,-1,-1,-1,-1,-1,0,-1
202360A085818,2023,60A085818,1,97,0,18,19,8,4,0,0,8,0,0,0,0,1,1,6,6,1,16,4,-1,-1,-1,-1,-1,-1,0,-1
2023351363430,2023,351363430,2,1,0,9,9,3,1,0,0,8,0,0,0,0,1,1,4,7,1,15,3,-1,-1,-1,-1,9,E01017988,0,-1
2023010460189,2023,010460189,2,1,0,16,19,3,7,9,9,3,2,4,0,0,2,1,6,6,1,31,6,-1,-1,-1,-1,-1,-1,0,-1
2023311341768,2023,311341768,1,9,0,12,12,2,6,0,0,0,0,4,0,0,3,1,6,6,1,35,6,-1,-1,-1,-1,7,E01026130,0,-1
2023010484426,2023,010484426,1,1,9,99,99,9,9,99,99,9,9,99,9,99,1,1,6,6,1,33,6,-1,-1,-1,-1,-1,-1,0,-1
2023070839208,2023,070839208,2,9,0,7,7,5,7,0,0,3,0,0,0,0,3,1,6,6,1,63,9,-1,-1,-1,-1,5,E01012405,0,-1
2023061356496,2023,061356496,2,1,0,18,19,-1,-1,0,0,8,2,0,0,0,-1,1,5,6,1,23,5,-1,-1,-1,-1,3,E01005208,0,-1
2023320151644,2023,320151644,1,9,0,13,13,5,8,0,0,0,0,0,0,0,0,1,6,6,3,-1,-1,-1,-1,-1,-1,-1,-1,0,-1
2023201390093,2023,201390093,2,9,0,2,2,0,0,0,0,0,0,0,0,0,2,1,1,1,1,21,5,-1,-1,-1,-1,1,E01009194,0,-1
2023010436229,2023,010436229,2,1,0,18,19,1,5,0,0,1,0,0,0,0,1,1,2,2,1,31,6,-1,-1,-1,-1,6,E01003013,0,-1
2023101364518,2023,101364518,1,21,0,1,1,1,5,0,0,2,0,0,0,0,2,1,6,6,1,-1,-1,-1,-1,-1,-1,9,E01027405,0,-1
2023421307046,2023,421307046,1,9,0,18,19,3,1,0,0,0,0,0,0,0,4,1,6,6,3,-1,-1,-1,-1,-1,-1,-1,-1,0,-1
2023010486573,2023,010486573,1,9,0,18,19,1,5,0,0,8,0,0,0,0,1,1,6,6,3,-1,-1,-1,-1,-1,-1,-1,-1,0,-1
2023131312288,2023,131312288,1,9,0,-1,-1,-1,-1,-1,-1,0,-1,-1,-1,-1,-1,1,6,6,3,-1,-1,-1,-1,-1,-1,-1,-1,0,-1
2023991285515,2023,991285515,2,1,0,18,19,3,7,0,0,0,0,0,0,0,3,1,5,6,1,60,9,-1,-1,-1,-1,-1,-1,0,-1
2023052300847,2023,052300847,1,4,0,18,19,7,3,0,0,8,0,0,0,0,1,1,6,6,1,28,6,-1,-1,-1,-1,1,E01006463,0,-1
2023131371677,2023,131371677,2,9,0,18,19,7,3,0,0,0,0,0,0,0,4,1,5,6,1,75,10,-1,-1,-1,-1,10,E01019347,0,-1
2023451355625,2023,451355625,1,9,0,18,19,1,5,0,0,0,0,0,0,0,1,1,5,6,1,33,6,-1,-1,-1,-1,-1,-1,0,-1
2023010434875,2023,010434875,1,1,0,18,19,5,1,9,9,8,0,0,0,0,0,1,6,6,1,17,4,-1,-1,-1,-1,2,E01003024,0,-1
2023201418720,2023,201418720,2,1,0,7,7,1,4,0,0,0,0,0,0,0,4,1,4,7,1,13,3,-1,-1,-1,-1,6,E01009278,0,-1
2023111334031,2023,111334031,1,9,0,18,19,1,5,0,0,4,0,0,0,0,1,1,6,6,1,30,6,-1,-1,-1,-1,-1,-1,0,-1
2023201408308,2023,201408308,1,9,0,9,9,8,5,0,0,5,0,0,0,0,1,1,6,6,1,-1,-1,-1,-1,-1,-1,-1,-1,0,-1
2023501360260,2023,501360260,2,1,0,18,19,2,5,5,5,1,0,0,0,0,1,1,2,2,1,55,8,-1,-1,-1,-1,4,E01015071,0,-1
2023101304494,2023,101304494,1,-1,0,9,9,1,5,0,0,1,0,0,0,0,1,1,6,6,1,-1,-1,-1,-1,-1,-1,-1,-1,0,-1
2023430073833,2023,430073833,2,98,1,18,19,4,8,0,0,0,0,0,0,0,3,2,1,1,1,37,7,-1,-1,-1,-1,-1,-1,0,-1
2023041323756,2023,041323756,1,9,0,18,19,8,4,0,0,0,-1,-1,-1,0,-1,1,6,6,3,-1,-1,-1,-1,-1,-1,-1,-1,0,-1
2023211364508,2023,211364508,1,9,0,5,5,3,7,0,0,1,0,0,0,0,1,1,6,6,1,30,6,-1,-1,-1,-1,3,W01000214,0,-1
2023522400258,2023,522400258,2,-1,0,18,19,5,1,0,0,8,0,0,0,0,1,1,6,6,1,36,7,-1,-1,-1,-1,5,E01015005,1,-1
2023302301030,2023,302301030,1,9,0,18,19,5,1,0,0,0,0,0,0,0,4,1,6,6,3,-1,-1,-1,-1,-1,-1,5,E01019456,0,-1
2023430442977,2023,430442977,1,9,0,5,5,6,2,0,0,2,0,0,0,0,1,1,6,6,2,34,6,-1,-1,-1,-1,2,E01017709,0,-1
202360A060376,2023,60A060376,1,9,0,18,19,4,8,0,0,0,0,0,0,0,1,1,2,2,2,42,7,-1,-1,-1,-1,-1,-1,0,-1
2023161387888,2023,161387888,1,19,0,16,19,7,2,0,0,1,0,0,0,0,1,1,2,2,1,67,10,-1,-1,-1,-1,4,E01012976,0,-1
2023161352250,2023,161352250,1,9,0,18,19,3,7,0,0,0,0,0,0,0,1,1,6,6,3,-1,-1,-1,-1,-1,-1,-1,-1,0,-1
2023471315910,2023,471315910,1,1,0,18,19,3,7,0,0,0,0,0,0,0,1,1,6,6,3,-1,-1,-1,-1,-1,-1,-1,-1,0,-1
2023010482151,2023,010482151,2,1,0,18,19,7,3,9,9,1,0,0,0,0,1,1,1,1,1,47,8,-1,-1,-1,-1,2,E01004000,0,-1
2023522301423,2023,522301423,3,9,0,18,19,2,6,0,0,8,0,0,0,0,1,1,6,6,1,19,4,-1,-1,-1,-1,8,E01033331,0,-1
2023131280419,2023,131280419,1,9,0,18,19,7,3,0,0,1,0,0,0,0,1,1,6,6,1,21,5,-1,-1,-1,-1,9,E01011945,0,-1
2023070653370,2023,070653370,2,1,0,3,3,4,8,0,0,1,0,0,0,0,2,1,6,6,1,46,8,-1,-1,-1,-1,8,E01007110,0,-1
2023471303926,2023,471303926,1,9,0,1,1,5,1,6,6,2,0,0,0,0,2,1,1,1,1,49,8,-1,-1,-1,-1,2,E01016978,0,-1
2023010451300,2023,010451300,2,1,0,18,19,1,5,4,4,6,0,0,0,0,3,1,6,6,1,31,6,-1,-1,-1,-1,4,E01032782,0,-1
2023052300022,2023,052300022,2,9,0,9,9,5,3,0,0,6,0,0,0,0,1,1,6,6,1,24,5,-1,-1,-1,-1,9,E01006582,0,-1
2023010464056,2023,010464056,2,9,0,13,13,1,5,0,0,0,0,0,7,2,1,1,6,6,1,29,6,-1,-1,-1,-1,2,E01003633,0,-1
2023421357595,2023,421357595,1,98,0,18,19,1,5,0,0,0,0,0,0,0,4,1,6,6,3,-1,-1,-1,-1,-1,-1,-1,-1,0,-1
2023311316177,2023,311316177,1,97,0,18,19,4,8,0,0,0,1,0,0,0,0,1,6,6,1,17,4,-1,-1,-1,-1,5,E01028314,0,-1
202360A091946,2023,60A091946,1,9,0,18,19,5,1,0,0,6,0,0,7,1,3,1,6,6,1,21,5,-1,-1,-1,-1,-1,-1,0,-1
2023052302663,2023,052302663,1,9,0,1,1,1,5,0,0,0,0,0,0,0,2,1,6,6,3,-1,-1,-1,-1,-1,-1,-1,-1,0,-1
2023201400500,2023,201400500,1,19,0,7,7,6,8,0,0,1,0,0,0,0,0,1,1,1,1,-1,-1,-1,-1,-1,-1,-1,-1,0,-1
2023010453532,2023,010453532,2,1,0,18,19,7,3,0,0,1,0,0,0,0,1,1,6,6,1,41,7,-1,-1,-1,-1,2,E01002634,0,-1
2023211376401,2023,211376401,3,9,0,4,4,1,5,0,0,0,0,0,0,0,1,1,6,6,1,49,8,-1,-1,-1,-1,8,E01025280,0,-1
2023421393596,2023,421393596,1,3,0,18,19,1,5,0,0,8,0,0,0,0,1,1,6,6,1,27,6,-1,-1,-1,-1,4,E01016011,0,-1
2023451264903,2023,451264903,1,97,0,18,19,7,3,0,0,1,0,0,0,0,1,1,5,6,1,53,8,-1,-1,-1,-1,6,E01016588,0,-1
2023501281126,2023,501281126,2,19,0,3,3,7,3,0,0,2,0,0,0,0,2,1,5,6,1,36,7,-1,-1,-1,-1,5,E01019065,0,-1
2023010449553,2023,010449553,2,1,0,18,19,7,3,0,0,1,0,0,3,0,1,1,6,6,1,42,7,-1,-1,-1,-1,6,E01023789,0,-1
2023131285228,2023,131285228,1,9,0,-1,-1,-1,-1,-1,-1,-1,-1,-1,-1,-1,-1,1,6,6,3,-1,-1,-1,-1,-1,-1,-1,-1,0,-1
2023010486119,2023,010486119,2,9,0,99,99,9,9,99,99,9,9,99,9,99,9,9,6,6,3,-1,-1,-1,-1,-1,-1,-1,-1,0,-1
2023141332342,2023,141332342,2,97,0,15,15,4,7,0,0,1,2,0,0,0,1,1,6,6,1,28,6,-1,-1,-1,-1,2,E01007491,0,-1
2023131300725,2023,131300725,2,1,0,18,19,1,5,0,0,0,2,0,0,0,1,1,5,6,1,60,9,-1,-1,-1,-1,1,E01011332,0,-1
2023622301003,2023,622301003,1,9,0,9,9,2,7,0,0,1,0,0,0,0,1,1,6,6,3,-1,-1,-1,-1,-1,-1,-1,-1,0,-1
2023430077852,2023,430077852,1,1,0,18,19,8,4,0,0,8,0,0,0,0,4,1,2,2,1,30,6,-1,-1,-1,-1,10,E01028634,0,-1
2023201290757,2023,201290757,1,9,0,18,19,2,6,0,0,8,0,0,0,0,1,1,6,6,3,-1,-1,-1,-1,-1,-1,-1,-1,0,-1
2023201385639,2023,201385639,1,9,0,7,7,4,6,0,0,6,0,0,0,0,1,1,6,6,2,-1,-1,-1,-1,-1,-1,-1,-1,0,-1
2023471266563,2023,471266563,2,9,0,18,19,3,7,0,0,6,0,0,0,0,3,1,5,6,2,39,7,-1,-1,-1,-1,9,E01031338,0,-1
2023332300512,2023,332300512,2,9,0,18,19,4,8,0,0,0,0,0,0,0,1,1,6,6,3,-1,-1,-1,-1,-1,-1,-1,-1,0,-1
2023430332551,2023,430332551,2,5,0,17,19,2,7,0,0,8,0,0,1,4,1,1,6,6,1,47,8,-1,-1,-1,-1,7,E01028795,0,-1
2023471272449,2023,471272449,1,9,0,16,19,7,3,0,0,8,0,10,6,1,1,1,5,6,1,31,6,-1,-1,-1,-1,5,E01031671,0,-1
2023010470595,2023,010470595,2,1,0,18,19,1,5,4,4,8,0,0,0,0,3,1,6,6,2,39,7,-1,-1,-1,-1,1,E01001517,0,-1
2023010424559,2023,010424559,2,1,0,18,19,3,7,0,0,0,0,0,0,0,2,1,2,2,1,67,10,-1,-1,-1,-1,6,E01001869,0,-1
2023131340654,2023,131340654,2,1,0,18,19,4,8,0,0,8,0,0,0,0,3,1,6,6,2,32,6,-1,-1,-1,-1,3,E01033005,0,-1
2023141388260,2023,141388260,1,9,0,4,4,8,4,0,0,1,0,0,0,0,1,1,5,6,2,87,11,-1,-1,-1,-1,10,E01008044,0,-1
2023010425692,2023,010425692,2,1,0,18,19,3,7,0,0,8,0,0,0,0,4,1,6,6,1,68,10,-1,-1,-1,-1,3,E01015956,0,-1
2023010453524,2023,010453524,2,9,0,9,9,7,6,0,0,2,0,0,0,0,0,9,6,6,3,-1,-1,-1,-1,-1,-1,-1,-1,0,-1
2023552300964,2023,552300964,1,1,0,18,19,5,1,0,0,5,0,0,0,0,1,1,6,6,1,59,9,-1,-1,-1,-1,6,E01015438,0,-1
2023302301328,2023,302301328,2,1,0,16,19,2,6,0,0,0,0,0,0,0,3,1,6,6,1,56,9,-1,-1,-1,-1,8,E01019840,0,-1
2023010482165,2023,010482165,2,17,9,99,99,9,9,99,99,0,9,99,9,99,9,9,6,6,3,43,7,-1,-1,-1,-1,2,E01002368,0,-1
2023320395872,2023,320395872,1,9,0,18,19,6,2,0,0,1,0,0,0,0,1,1,6,6,3,-1,-1,-1,-1,-1,-1,-1,-1,0,-1
2023111321592,2023,111321592,1,1,0,18,19,3,7,0,0,7,1,0,3,0,1,1,2,2,1,37,7,-1,-1,-1,-1,3,E01008742,0,-1
2023340NN9012,2023,340NN9012,1,21,4,2,2,0,0,0,0,1,0,0,0,0,1,1,6,6,3,-1,-1,-1,-1,-1,-1,-1,-1,0,-1
2023411364290,2023,411364290,1,9,-1,-1,-1,-1,-1,-1,-1,0,-1,-1,-1,0,-1,1,6,6,3,-1,-1,-1,-1,-1,-1,-1,-1,0,-1
2023010431357,2023,010431357,2,19,0,6,6,4,4,0,0,0,0,0,0,0,3,1,1,1,2,27,6,-1,-1,-1,-1,2,E01001633,0,-1
2023131265413,2023,131265413,2,1,0,18,19,2,2,0,0,8,0,0,0,0,1,1,2,2,1,39,7,-1,-1,-1,-1,8,E01011579,0,-1
2023101272528,2023,101272528,2,1,0,17,19,3,1,0,0,8,0,0,0,0,1,1,2,2,1,25,5,-1,-1,-1,-1,-1,-1,0,-1
2023522300328,2023,522300328,1,1,0,3,3,5,1,0,0,1,0,0,0,0,2,1,6,6,1,23,5,-1,-1,-1,-1,6,E01014780,0,-1
2023131373563,2023,131373563,1,9,0,-1,-1,-1,-1,-1,-1,-1,-1,-1,-1,-1,-1,1,6,6,3,-1,-1,-1,-1,-1,-1,-1,-1,0,-1
2023101297672,2023,101297672,2,1,0,18,19,4,8,0,0,8,0,0,0,0,1,1,5,6,1,49,8,-1,-1,-1,-1,6,E01008685,0,-1
2023531341586,2023,531341586,1,9,0,18,19,3,7,0,0,1,0,0,0,0,1,1,6,6,3,-1,-1,-1,-1,-1,-1,-1,-1,0,-1
2023131413396,2023,131413396,1,9,0,4,4,3,7,0,0,0,0,0,0,0,0,1,6,6,3,-1,-1,-1,-1,-1,-1,-1,-1,0,-1
2023052301901,2023,052301901,1,9,0,18,19,1,5,0,0,0,0,0,0,0,1,1,6,6,3,-1,-1,-1,-1,-1,-1,-1,-1,0,-1
2023141365332,2023,141365332,2,98,0,18,19,6,2,0,0,2,0,0,0,0,1,1,6,6,3,-1,-1,-1,-1,-1,-1,-1,-1,0,-1
2023421345801,2023,421345801,2,9,0,18,19,7,3,0,0,2,0,0,0,0,1,1,2,2,1,56,9,-1,-1,-1,-1,9,E01021947,0,-1
2023041309388,2023,041309388,1,9,0,9,9,6,2,0,0,8,0,0,0,0,1,1,2,2,1,26,6,-1,-1,-1,-1,8,E01025597,0,-1
2023101287183,2023,101287183,2,1,0,18,19,4,8,0,0,8,5,0,1,0,2,1,5,6,1,29,6,-1,-1,-1,-1,2,E01008963,0,-1
2023010478816,2023,010478816,2,9,0,99,99,9,9,99,99,9,9,99,9,99,9,9,6,6,3,-1,-1,-1,-1,-1,-1,-1,-1,0,-1
2023010468874,2023,010468874,2,1,9,99,99,9,9,99,99,9,9,99,9,99,9,1,6,6,1,-1,-1,-1,-1,-1,-1,3,E01000035,0,-1
2023010481163,2023,010481163,1,9,0,18,19,3,7,0,0,0,0,0,0,0,1,1,6,6,3,-1,-1,-1,-1,-1,-1,-1,-1,0,-1
2023461331699,2023,461331699,1,98,0,18,19,5,1,0,0,0,0,0,0,0,3,1,6,6,3,-1,-1,-1,-1,-1,-1,-1,-1,0,-1
2023411354114,2023,411354114,1,9,0,18,19,7,3,0,0,0,0,0,0,0,1,1,6,6,3,-1,-1,-1,-1,-1,-1,-1,-1,0,-1
2023371389348,2023,371389348,2,19,0,18,19,7,3,0,0,0,0,0,0,0,2,1,1,1,2,25,5,-1,-1,-1,-1,6,E01015363,0,-1
2023401374044,2023,401374044,2,19,0,4,4,8,4,0,0,0,0,0,0,0,2,1,6,6,3,-1,-1,-1,-1,-1,-1,-1,-1,0,-1
2023221364203,2023,221364203,2,1,0,18,19,4,8,0,0,8,0,0,0,0,1,1,5,6,1,53,8,-1,-1,-1,-1,7,E01032394,0,-1
2023010421908,2023,010421908,2,1,0,18,19,7,3,0,0,1,0,0,0,0,4,1,6,6,2,35,6,-1,-1,-1,-1,-1,-1,0,-1
2023302301435,2023,302301435,1,10,0,9,9,3,1,0,0,8,0,0,0,0,2,1,1,1,2,-1,-1,-1,-1,-1,-1,5,E01019456,0,-1
2023461276143,2023,461276143,1,9,0,18,19,3,7,0,0,0,0,0,0,0,1,1,6,6,3,-1,-1,-1,-1,-1,-1,-1,-1,0,-1
2023440138893,2023,440138893,1,9,0,7,7,4,6,0,0,5,0,0,0,0,4,1,2,2,1,24,5,-1,-1,-1,-1,5,E01017279,0,-1
2023471294791,2023,471294791,2,1,0,18,19,5,1,9,9,1,0,0,0,0,4,1,5,6,1,12,3,-1,-1,-1,-1,6,E01021125,0,-1
2023122300992,2023,122300992,1,1,0,9,9,2,6,0,0,8,0,0,0,0,3,1,6,6,2,40,7,-1,-1,-1,-1,9,E01013407,0,-1
2023451333053,2023,451333053,1,97,0,18,19,6,2,0,0,5,0,0,0,0,1,1,6,6,3,29,6,-1,-1,-1,-1,-1,-1,0,-1
2023991321265,2023,991321265,1,17,0,18,19,3,7,0,0,0,2,2,0,0,4,1,6,6,1,27,6,-1,-1,-1,-1,7,-1,0,-1
2023552300341,2023,552300341,3,9,0,12,12,2,6,0,0,8,0,0,0,0,0,1,6,6,3,-1,-1,-1,-1,-1,-1,-1,-1,0,-1
2023010443759,2023,010443759,2,1,9,99,99,9,9,99,99,9,9,99,9,99,1,1,6,6,1,-1,-1,-1,-1,-1,-1,-1,-1,0,-1
2023451263519,2023,451263519,2,9,0,18,19,1,6,0,0,0,0,0,0,0,1,1,6,6,3,50,8,-1,-1,-1,-1,-1,-1,0,-1
2023101314581,2023,101314581,1,97,0,7,7,3,5,0,0,8,0,0,0,0,3,1,5,6,1,16,4,-1,-1,-1,-1,-1,-1,0,-1
2023421347329,2023,421347329,1,21,1,9,9,7,5,0,0,8,0,0,0,0,1,1,1,1,1,27,6,-1,-1,-1,-1,-1,-1,0,-1
2023461322289,2023,461322289,1,17,5,17,19,4,8,0,0,0,0,0,0,0,0,1,6,6,1,34,6,-1,-1,-1,-1,6,E01024052,0,-1
2023522301633,2023,522301633,2,9,0,3,3,7,3,0,0,2,0,0,0,0,0,1,6,6,3,-1,-1,-1,-1,-1,-1,-1,-1,0,-1
2023430057599,2023,430057599,1,99,0,18,19,8,4,0,0,2,0,0,0,0,1,1,6,6,3,-1,-1,-1,-1,-1,-1,-1,-1,0,-1
2023471354303,2023,471354303,1,9,0,18,19,3,7,0,0,0,0,0,0,0,0,1,6,6,3,-1,-1,-1,-1,-1,-1,-1,-1,0,-1
2023430297092,2023,430297092,1,9,0,18,19,4,8,0,0,0,1,0,1,4,1,1,1,1,1,85,11,-1,-1,-1,-1,9,E01016600,0,-1
2023070387967,2023,070387967,1,1,0,9,9,4,2,0,0,8,0,0,0,0,1,1,6,6,1,35,6,-1,-1,-1,-1,1,E01005758,0,-1
2023141265135,2023,141265135,1,9,0,2,2,0,0,0,0,0,0,0,0,0,-1,1,3,7,2,40,7,-1,-1,-1,-1,1,E01007677,0,-1
2023430127740,2023,430127740,2,-1,0,18,19,3,7,0,0,1,0,0,0,0,1,1,6,6,1,32,6,-1,-1,-1,-1,-1,-1,1,-1
2023101320905,2023,101320905,1,1,0,9,9,8,5,0,0,0,0,0,0,0,3,1,6,6,1,-1,-1,-1,-1,-1,-1,-1,-1,0,-1
2023211342616,2023,211342616,2,1,0,-1,-1,4,8,-1,-1,0,-1,-1,-1,0,-1,1,5,6,1,58,9,-1,-1,-1,-1,8,E01029509,0,-1
2023351331457,2023,351331457,1,-1,0,18,19,8,4,0,0,0,0,0,0,0,0,1,5,6,2,51,8,-1,-1,-1,-1,2,E01029886,1,-1
2023010437152,2023,010437152,1,11,0,4,4,1,5,0,0,9,0,0,0,0,0,1,1,1,2,-1,-1,-1,-1,-1,-1,-1,-1,0,-1
2023401266809,2023,401266809,1,9,0,18,19,5,1,0,0,3,0,0,0,0,1,1,6,6,2,-1,-1,-1,-1,-1,-1,-1,-1,0,-1
2023520400522,2023,520400522,1,1,0,18,19,5,1,0,0,0,1,0,0,0,4,1,6,6,1,69,10,-1,-1,-1,-1,5,E01029259,0,-1
2023302300669,2023,302300669,2,1,0,18,19,1,6,0,0,8,0,0,0,0,4,1,6,6,1,49,8,-1,-1,-1,-1,4,E01013515,0,-1
2023010472647,2023,010472647,2,1,0,2,2,0,0,0,0,0,0,0,0,0,1,1,1,1,1,32,6,-1,-1,-1,-1,9,E01002364,0,-1
2023201413839,2023,201413839,2,9,0,6,6,8,8,0,0,0,0,0,0,0,1,1,6,6,1,55,8,-1,-1,-1,-1,5,E01009895,0,-1
2023010425853,2023,010425853,1,11,0,18,19,7,3,0,0,0,0,0,0,0,0,1,6,6,3,-1,-1,-1,-1,-1,-1,-1,-1,0,-1
2023501296976,2023,501296976,2,20,0,18,19,4,8,0,0,1,0,0,0,0,1,1,1,1,2,44,7,-1,-1,-1,-1,6,E01020145,0,-1
2023302301356,2023,302301356,2,19,0,14,14,6,2,0,0,0,0,0,0,0,3,1,6,6,3,-1,-1,-1,-1,-1,-1,5,E01019456,0,-1
2023351336967,2023,351336967,2,9,0,5,5,4,2,0,0,1,0,0,0,0,3,1,5,6,1,25,5,-1,-1,-1,-1,5,E01027138,0,-1
2023320525319,2023,320525319,1,9,0,5,5,6,2,0,0,6,0,0,0,0,0,1,6,6,3,-1,-1,-1,-1,-1,-1,-1,-1,0,-1
202354A524123,2023,54A524123,2,1,0,2,2,0,0,0,0,0,0,0,0,0,4,1,6,6,1,13,3,-1,-1,-1,-1,-1,-1,0,-1
2023010482759,2023,010482759,2,9,0,99,99,9,9,99,99,0,9,99,9,99,2,9,6,6,3,-1,-1,-1,-1,-1,-1,-1,-1,0,-1
2023010470110,2023,010470110,1,9,0,18,19,6,2,4,4,1,0,0,0,0,1,1,6,6,1,23,5,-1,-1,-1,-1,9,E01003802,0,-1
2023211369142,2023,211369142,1,9,0,9,9,0,0,0,0,5,0,0,0,0,1,1,6,6,1,34,6,-1,-1,-1,-1,9,E01029862,0,-1
2023010422816,2023,010422816,1,9,0,18,19,4,8,0,0,1,0,0,0,0,1,1,6,6,3,-1,-1,-1,-1,-1,-1,-1,-1,0,-1
202360A204107,2023,60A204107,1,9,0,9,9,2,8,0,0,6,0,0,0,0,1,1,6,6,3,-1,-1,-1,-1,-1,-1,-1,-1,0,-1
2023531294465,2023,531294465,1,9,0,3,3,4,8,0,0,0,1,0,1,0,2,1,5,6,2,33,6,-1,-1,-1,-1,3,E01010099,0,-1
2023010431100,2023,010431100,2,21,1,18,19,7,3,0,0,1,0,0,0,0,1,2,6,6,1,34,6,-1,-1,-1,-1,-1,-1,0,-1
2023430359425,2023,430359425,1,-1,0,18,19,8,4,5,5,0,0,0,0,0,1,1,1,1,3,-1,-1,-1,-1,-1,-1,3,E01016486,1,-1
2023010481195,2023,010481195,2,3,0,99,99,9,9,99,99,9,9,99,9,99,0,1,6,6,3,-1,-1,-1,-1,-1,-1,-1,-1,0,-1
2023052301622,2023,052301622,1,9,0,18,19,5,1,0,0,1,0,0,0,0,1,1,6,6,3,-1,-1,-1,-1,-1,-1,-1,-1,0,-1