collision_index,collision_year,collision_ref_no,vehicle_reference,vehicle_type,towing_and_articulation,vehicle_manoeuvre_historic,vehicle_manoeuvre,vehicle_direction_from,vehicle_direction_to,vehicle_location_restricted_lane_historic,vehicle_location_restricted_lane,junction_location,skidding_and_overturning,hit_object_in_carriageway,vehicle_leaving_carriageway,hit_object_off_carriageway,first_point_of_impact,vehicle_left_hand_drive,journey_purpose_of_driver_historic,journey_purpose_of_driver,sex_of_driver,age_of_driver,age_band_of_driver,engine_capacity_cc,propulsion_code,age_of_vehicle,generic_make_model,driver_imd_decile,lsoa_of_driver,escooter_flag,driver_distance_banding
2023010477165,2023,010477165,1,1,9,99,99,9,9,99,99,0,9,99,9,99,9,1,2,2,1,51,8,-1,-1,-1,-1,9,E01004095,0,-1
2023430437775,2023,430437775,2,9,0,2,2,0,0,0,0,0,0,0,0,0,2,1,6,6,3,-1,-1,-1,-1,-1,-1,-1,-1,0,-1
2023201364573,2023,201364573,2,1,0,5,5,2,6,0,0,1,0,0,0,0,1,1,4,7,1,12,3,-1,-1,-1,-1,1,E01010294,0,-1
2023340WN1882,2023,340WN1882,1,9,0,18,19,5,1,0,0,0,0,0,0,0,1,1,6,6,3,-1,-1,-1,-1,-1,-1,-1,-1,0,-1
2023201306229,2023,201306229,2,19,0,18,19,4,8,0,0,0,0,8,0,0,3,1,1,1,1,71,10,-1,-1,-1,-1,6,E01010339,0,-1
2023421374223,2023,421374223,1,9,0,18,19,3,7,0,0,4,0,0,0,0,1,1,6,6,3,-1,-1,-1,-1,-1,-1,-1,-1,0,-1
2023010474638,2023,010474638,2,1,0,7,7,5,7,0,0,1,0,0,0,0,1,1,6,6,1,30,6,-1,-1,-1,-1,2,E01003302,0,-1
2023131267092,2023,131267092,2,1,0,18,19,5,1,0,0,0,0,0,0,0,2,1,5,6,1,45,7,-1,-1,-1,-1,9,E01011177,0,-1
2023501342125,2023,501342125,2,1,0,18,19,1,5,0,0,1,5,0,0,0,1,1,6,6,1,53,8,-1,-1,-1,-1,6,E01020231,0,-1
2023010429073,2023,010429073,2,9,0,5,5,3,7,0,0,2,0,0,0,0,1,1,6,6,1,69,10,-1,-1,-1,-1,5,E01001500,0,-1
2023131359733,2023,131359733,2,1,0,18,19,3,7,4,4,2,0,0,0,0,3,1,6,6,1,43,7,-1,-1,-1,-1,7,E01007358,0,-1
2023041294795,2023,041294795,1,98,0,18,19,2,6,0,0,0,0,0,0,0,1,1,5,6,1,36,7,-1,-1,-1,-1,2,E01006313,0,-1
2023411383402,2023,411383402,1,98,0,99,99,-1,-1,0,0,0,0,0,0,0,4,1,6,6,3,-1,-1,-1,-1,-1,-1,-1,-1,0,-1
2023548969423,2023,548969423,1,1,0,18,19,5,1,0,0,2,0,0,0,0,3,1,6,6,1,68,10,-1,-1,-1,-1,2,E01015537,0,-1
2023131381948,2023,131381948,1,9,0,-1,-1,-1,-1,-1,-1,-1,-1,-1,-1,-1,-1,1,6,6,3,-1,-1,-1,-1,-1,-1,-1,-1,0,-1
2023010444399,2023,010444399,1,9,0,18,19,3,7,0,0,1,0,0,0,0,1,1,6,6,3,-1,-1,-1,-1,-1,-1,-1,-1,0,-1
2023061347063,2023,061347063,1,9,0,18,19,3,7,0,0,0,0,0,0,0,1,1,1,1,1,-1,-1,-1,-1,-1,-1,3,E01026455,0,-1
2023010428507,2023,010428507,2,1,0,18,19,7,3,0,0,1,0,0,0,0,1,1,2,2,1,35,6,-1,-1,-1,-1,3,E01002805,0,-1
2023170S10523,2023,170S10523,2,-1,0,18,19,3,7,0,0,8,0,0,0,0,3,1,6,6,1,15,3,-1,-1,-1,-1,2,E01012249,1,-1
2023141294742,2023,141294742,2,9,0,9,9,3,1,0,0,2,0,0,0,0,3,1,6,6,3,-1,-1,-1,-1,-1,-1,-1,-1,0,-1
2023522300688,2023,522300688,1,9,0,18,19,8,4,0,0,8,0,0,0,0,1,1,6,6,1,34,6,-1,-1,-1,-1,2,E01014629,0,-1
2023061287129,2023,061287129,1,9,0,18,19,2,-1,0,0,4,0,0,0,0,1,1,6,6,1,30,6,-1,-1,-1,-1,1,E01004938,0,-1
2023010428085,2023,010428085,2,9,0,16,19,2,6,0,0,0,0,0,0,0,0,1,1,1,1,44,7,-1,-1,-1,-1,4,E01000472,0,-1
2023010432341,2023,010432341,2,9,0,99,99,9,9,99,99,9,9,99,9,99,1,9,6,6,3,-1,-1,-1,-1,-1,-1,-1,-1,0,-1
2023991389588,2023,991389588,1,9,0,17,19,5,7,0,0,1,1,0,7,9,1,1,2,2,1,30,6,-1,-1,-1,-1,-1,-1,0,-1
2023471309341,2023,471309341,2,1,0,18,19,1,5,9,9,0,0,0,0,0,1,1,5,6,1,14,3,-1,-1,-1,-1,6,E01031712,0,-1
2023461331573,2023,461331573,2,9,0,5,5,5,1,0,0,0,5,0,0,0,1,1,6,6,1,70,10,-1,-1,-1,-1,8,E01000680,0,-1
2023041346173,2023,041346173,1,1,0,9,9,6,4,0,0,5,0,0,0,0,1,1,5,6,1,9,2,-1,-1,-1,-1,2,E01012625,0,-1
2023010433773,2023,010433773,2,1,0,18,19,5,1,0,0,1,0,0,0,0,4,1,6,6,1,31,6,-1,-1,-1,-1,2,E01001011,0,-1
2023170M30393,2023,170M30393,1,9,0,9,9,8,6,0,0,6,0,0,0,0,3,1,6,6,1,36,7,-1,-1,-1,-1,4,E01032553,0,-1
2023010479333,2023,010479333,1,1,9,99,99,9,9,99,99,9,9,99,9,99,9,1,6,6,1,21,5,-1,-1,-1,-1,2,E01032580,0,-1
2023052302721,2023,052302721,1,8,0,18,19,3,7,0,0,1,0,0,0,0,1,1,6,6,1,42,7,-1,-1,-1,-1,-1,-1,0,-1
2023430211140,2023,430211140,2,1,0,7,7,1,4,0,0,3,0,0,0,0,2,1,6,6,2,20,4,-1,-1,-1,-1,6,E01028586,0,-1
2023411312961,2023,411312961,1,19,0,18,19,5,2,0,0,1,0,0,0,0,1,1,6,6,3,-1,-1,-1,-1,-1,-1,-1,-1,0,-1
2023161361998,2023,161361998,2,1,0,18,19,5,1,0,0,1,0,0,0,0,1,1,6,6,2,28,6,-1,-1,-1,-1,1,E01012859,0,-1
2023010424170,2023,010424170,2,1,0,18,19,7,3,0,0,0,0,0,0,0,1,1,1,1,1,24,5,-1,-1,-1,-1,1,E01001178,0,-1
2023545829823,2023,545829823,1,1,0,18,19,1,5,0,0,0,0,0,2,11,4,1,6,6,1,22,5,-1,-1,-1,-1,6,E01015532,0,-1
2023461276938,2023,461276938,1,9,0,18,19,7,3,0,0,0,0,0,0,0,0,1,6,6,3,-1,-1,-1,-1,-1,-1,-1,-1,0,-1
2023332300254,2023,332300254,2,1,0,18,19,1,5,0,0,6,0,0,0,0,1,1,6,6,2,14,3,-1,-1,-1,-1,1,E01013692,0,-1
2023010428631,2023,010428631,1,1,9,99,99,9,9,99,99,9,9,99,9,99,9,1,2,2,1,19,4,-1,-1,-1,-1,9,E01000687,0,-1
2023131367709,2023,131367709,1,1,0,18,19,7,3,9,9,1,0,0,0,0,4,1,6,6,1,30,6,-1,-1,-1,-1,1,E01011143,0,-1
2023201356004,2023,201356004,2,9,0,18,19,6,2,0,0,8,5,4,0,0,4,1,2,2,1,59,9,-1,-1,-1,-1,1,E01028173,0,-1
2023010477406,2023,010477406,2,9,0,99,99,9,9,99,99,9,9,99,9,99,9,9,6,6,3,-1,-1,-1,-1,-1,-1,-1,-1,0,-1
2023411295733,2023,411295733,1,9,0,18,19,-1,-1,0,0,1,0,0,0,0,1,1,6,6,1,-1,-1,-1,-1,-1,-1,-1,-1,0,-1
2023211363990,2023,211363990,1,8,-1,-1,-1,-1,-1,-1,-1,0,-1,-1,-1,0,-1,1,1,1,1,-1,-1,-1,-1,-1,-1,-1,-1,0,-1
2023211303173,2023,211303173,2,8,0,4,4,8,2,0,0,0,0,0,0,0,2,1,1,1,1,55,8,-1,-1,-1,-1,1,E01010368,0,-1
2023201364521,2023,201364521,1,90,0,18,19,1,5,0,0,2,0,4,0,0,1,1,6,6,2,22,5,-1,-1,-1,-1,2,E01010400,0,-1
2023010420388,2023,010420388,2,1,0,18,19,1,5,0,0,1,0,0,0,0,1,1,2,2,2,52,8,-1,-1,-1,-1,4,E01000491,0,-1
2023421298562,2023,421298562,2,1,0,18,19,1,1,9,9,0,0,0,0,0,1,1,6,6,1,19,4,-1,-1,-1,-1,5,E01032530,0,-1
2023010436601,2023,010436601,1,11,0,18,19,7,3,0,0,1,0,0,0,0,1,1,1,1,1,60,9,-1,-1,-1,-1,8,E01002513,0,-1
2023201416939,2023,201416939,1,9,0,18,19,8,4,0,0,0,0,0,0,0,1,1,6,6,3,-1,-1,-1,-1,-1,-1,-1,-1,0,-1
2023141341081,2023,141341081,2,90,0,18,19,5,1,0,0,8,0,0,0,0,1,1,5,6,1,18,4,-1,-1,-1,-1,2,E01033279,0,-1
2023351328460,2023,351328460,2,98,0,18,19,1,5,0,0,1,0,0,0,0,1,1,1,1,1,64,9,-1,-1,-1,-1,4,E01018095,0,-1
2023471377015,2023,471377015,1,97,0,18,19,6,3,0,0,0,0,0,0,0,1,1,6,6,1,-1,-1,-1,-1,-1,-1,-1,-1,0,-1
2023320488380,2023,320488380,2,1,0,18,19,3,7,0,0,0,5,0,0,0,4,1,6,6,1,7,2,-1,-1,-1,-1,10,E01026359,0,-1
2023061352795,2023,061352795,2,1,0,18,19,1,5,0,0,8,0,0,0,0,3,1,2,2,1,40,7,-1,-1,-1,-1,8,E01005852,0,-1
2023010473131,2023,010473131,2,9,0,99,99,9,9,99,99,0,9,99,9,99,2,9,6,6,2,-1,-1,-1,-1,-1,-1,-1,-1,0,-1
2023991368750,2023,991368750,2,1,0,18,19,7,3,0,0,1,0,0,0,0,1,1,6,6,1,18,4,-1,-1,-1,-1,-1,-1,0,-1
2023631392898,2023,631392898,1,1,0,18,19,5,1,0,0,0,0,0,0,0,1,1,6,6,1,24,5,-1,-1,-1,-1,3,W01000568,0,-1
2023010454722,2023,010454722,2,1,0,18,19,5,1,0,0,1,5,0,0,0,1,1,2,2,1,35,6,-1,-1,-1,-1,5,E01001998,0,-1
2023461345409,2023,461345409,1,1,0,3,3,3,7,0,0,1,0,0,0,0,1,1,6,6,1,40,7,-1,-1,-1,-1,8,E01024527,0,-1
2023010462333,2023,010462333,1,9,9,99,99,9,9,99,99,9,9,99,9,99,9,9,6,6,3,-1,-1,-1,-1,-1,-1,-1,-1,0,-1
2023010476294,2023,010476294,1,1,0,18,19,1,5,0,0,8,0,0,0,0,1,1,2,2,2,48,8,-1,-1,-1,-1,9,E01000266,0,-1
2023610005323,2023,610005323,1,19,0,18,19,8,4,0,0,0,0,0,0,0,3,1,6,6,1,56,9,-1,-1,-1,-1,-1,-1,0,-1
2023052300258,2023,052300258,1,9,0,18,19,1,5,0,0,0,0,0,0,0,0,1,6,6,3,-1,-1,-1,-1,-1,-1,-1,-1,0,-1
2023122300949,2023,122300949,1,9,0,9,9,4,1,0,0,8,0,0,0,0,4,1,1,1,2,23,5,-1,-1,-1,-1,8,E01013338,0,-1
2023101308641,2023,101308641,2,1,0,2,2,0,0,0,0,1,2,0,0,0,4,1,2,2,1,50,8,-1,-1,-1,-1,5,E01008356,0,-1
202360A185540,2023,60A185540,2,1,0,18,19,8,4,0,0,0,0,0,0,0,2,1,6,6,1,49,8,-1,-1,-1,-1,-1,-1,0,-1
2023131264574,2023,131264574,1,9,0,-1,-1,-1,-1,-1,-1,-1,-1,-1,-1,0,-1,1,6,6,3,-1,-1,-1,-1,-1,-1,-1,-1,0,-1
2023010481821,2023,010481821,2,9,0,99,99,9,9,99,99,9,9,99,9,99,9,9,6,6,3,-1,-1,-1,-1,-1,-1,-1,-1,0,-1
2023061326167,2023,061326167,2,1,0,18,19,4,8,0,0,0,0,0,0,0,1,1,6,6,3,30,6,-1,-1,-1,-1,-1,-1,0,-1
2023340WN2402,2023,340WN2402,1,9,0,18,19,1,5,0,0,1,0,0,0,0,1,1,6,6,1,40,7,-1,-1,-1,-1,9,E01032982,0,-1
2023010476025,2023,010476025,2,1,0,18,19,4,8,0,0,1,0,0,0,0,1,1,6,6,1,50,8,-1,-1,-1,-1,9,E01030352,0,-1
2023052302285,2023,052302285,1,9,0,9,9,1,7,0,0,0,0,0,0,0,1,1,6,6,3,-1,-1,-1,-1,-1,-1,-1,-1,0,-1
2023010447891,2023,010447891,1,1,0,18,19,1,5,0,0,9,0,99,0,0,9,1,6,6,1,55,8,-1,-1,-1,-1,-1,-1,0,-1
2023430059812,2023,430059812,1,5,0,9,9,8,6,0,0,5,0,0,0,0,1,1,6,6,1,46,8,-1,-1,-1,-1,8,E01017669,0,-1
2023010459745,2023,010459745,1,1,0,18,19,3,7,0,0,3,0,0,0,0,4,1,6,6,1,13,3,-1,-1,-1,-1,2,E01004067,0,-1
2023991275078,2023,991275078,1,20,1,12,12,1,5,0,0,0,0,0,0,0,1,2,1,1,1,58,9,-1,-1,-1,-1,-1,-1,0,-1
2023201370086,2023,201370086,2,1,0,18,19,1,5,0,0,8,0,0,0,0,2,1,6,6,1,56,9,-1,-1,-1,-1,10,E01010188,0,-1
2023421382001,2023,421382001,1,9,0,18,19,5,1,0,0,0,0,0,0,0,1,1,5,6,1,31,6,-1,-1,-1,-1,9,E01021710,0,-1
2023052301322,2023,052301322,1,9,0,18,19,5,1,0,0,0,0,0,0,0,1,1,6,6,3,-1,-1,-1,-1,-1,-1,-1,-1,0,-1
2023430242243,2023,430242243,1,4,0,18,19,6,2,0,0,8,1,10,1,0,1,1,6,6,1,75,10,-1,-1,-1,-1,9,E01016276,0,-1
2023010433714,2023,010433714,1,1,9,99,99,9,9,99,99,0,9,99,9,99,9,1,2,2,1,41,7,-1,-1,-1,-1,2,E01001113,0,-1
2023141319138,2023,141319138,1,1,0,3,3,3,7,0,0,8,0,0,2,0,0,1,2,2,1,24,5,-1,-1,-1,-1,8,E01007502,0,-1
2023010470387,2023,010470387,1,1,9,99,99,9,9,99,99,9,9,99,9,99,1,1,6,6,1,27,6,-1,-1,-1,-1,3,E01032784,0,-1
2023991296990,2023,991296990,2,1,0,18,19,2,6,0,0,8,0,0,0,0,1,1,2,2,3,23,5,-1,-1,-1,-1,4,-1,0,-1
2023161308921,2023,161308921,2,1,0,18,19,8,4,0,0,0,0,0,0,0,1,1,6,6,1,3,1,-1,-1,-1,-1,5,E01012902,0,-1
2023471301712,2023,471301712,2,1,0,18,19,3,7,9,9,1,5,0,0,0,4,1,6,6,2,-1,-1,-1,-1,-1,-1,8,E01031535,0,-1
2023332300513,2023,332300513,2,9,0,9,9,1,7,0,0,5,0,0,0,0,3,1,6,6,3,-1,-1,-1,-1,-1,-1,-1,-1,0,-1
2023421371681,2023,421371681,1,9,0,18,19,8,5,0,0,0,0,0,0,0,1,1,6,6,1,-1,-1,-1,-1,-1,-1,-1,-1,0,-1
2023401395164,2023,401395164,2,90,0,18,19,8,4,0,0,8,0,0,0,0,1,1,6,6,1,23,5,-1,-1,-1,-1,3,E01015738,0,-1
2023991342095,2023,991342095,1,9,0,18,19,1,5,0,0,2,0,0,2,0,1,1,6,6,1,30,6,-1,-1,-1,-1,5,-1,0,-1
2023231394276,2023,231394276,2,1,0,18,19,5,1,9,9,0,5,0,0,0,2,1,6,6,1,15,3,-1,-1,-1,-1,8,E01033255,0,-1
2023010428456,2023,010428456,2,1,0,18,19,2,6,9,9,7,5,0,0,0,1,1,4,7,1,14,3,-1,-1,-1,-1,4,E01004487,0,-1
2023010425004,2023,010425004,2,9,0,99,99,9,9,99,99,9,9,99,9,99,9,9,6,6,3,-1,-1,-1,-1,-1,-1,5,E01002145,0,-1
2023070653885,2023,070653885,1,1,0,18,19,7,3,4,4,0,0,0,0,0,1,1,6,6,1,-1,-1,-1,-1,-1,-1,-1,-1,0,-1
2023010463230,2023,010463230,2,1,0,18,19,1,5,0,0,2,5,0,7,0,2,1,6,6,1,25,5,-1,-1,-1,-1,1,E01004285,0,-1
2023481359178,2023,481359178,1,20,0,18,19,5,1,0,0,1,0,0,0,0,0,1,1,1,1,35,6,-1,-1,-1,-1,-1,-1,0,-1
2023461333519,2023,461333519,1,9,0,18,19,5,1,0,0,0,0,0,0,0,1,1,6,6,3,-1,-1,-1,-1,-1,-1,-1,-1,0,-1
2023010477632,2023,010477632,2,9,0,99,99,9,9,99,99,9,9,99,9,99,1,9,6,6,3,-1,-1,-1,-1,-1,-1,-1,-1,0,-1
2023440355840,2023,440355840,2,9,0,2,2,0,0,0,0,0,0,4,0,0,2,1,6,6,3,-1,-1,-1,-1,-1,-1,-1,-1,0,-1
2023052300974,2023,052300974,1,9,0,5,5,3,7,0,0,0,0,0,0,0,1,1,1,1,1,57,9,-1,-1,-1,-1,1,E01006672,0,-1
2023161296291,2023,161296291,1,22,0,18,19,4,8,9,9,0,0,0,0,0,1,1,5,6,2,60,9,-1,-1,-1,-1,2,E01013202,0,-1
2023041274017,2023,041274017,1,9,0,18,19,-1,-1,0,0,0,0,0,0,0,1,1,6,6,3,-1,-1,-1,-1,-1,-1,-1,-1,0,-1
2023122300830,2023,122300830,1,1,0,16,19,4,7,0,0,0,0,0,0,0,3,1,2,2,1,26,6,-1,-1,-1,-1,5,E01013390,0,-1
2023451384134,2023,451384134,1,9,0,18,19,4,8,0,0,1,0,0,0,0,1,1,2,2,1,39,7,-1,-1,-1,-1,8,E01030595,0,-1
2023061285181,2023,061285181,2,97,0,18,19,1,3,0,0,0,0,0,0,0,3,1,6,6,3,38,7,-1,-1,-1,-1,8,E01005056,0,-1
2023461326440,2023,461326440,2,1,0,18,19,3,7,0,0,1,0,0,0,0,1,1,6,6,1,20,4,-1,-1,-1,-1,1,E01016032,0,-1
2023201400723,2023,201400723,1,9,0,5,5,8,4,0,0,0,0,0,0,0,4,1,6,6,3,-1,-1,-1,-1,-1,-1,-1,-1,0,-1
2023461308260,2023,461308260,1,1,0,18,19,1,5,0,0,0,0,0,0,0,3,1,5,6,1,77,11,-1,-1,-1,-1,5,E01024588,0,-1
2023430493515,2023,430493515,1,9,0,18,19,5,1,0,0,4,0,0,0,0,4,1,6,6,1,70,10,-1,-1,-1,-1,-1,-1,0,-1
2023161300184,2023,161300184,1,1,0,18,19,2,5,0,0,8,0,0,0,0,4,1,2,2,1,22,5,-1,-1,-1,-1,1,E01012779,0,-1
2023440500931,2023,440500931,2,1,0,18,19,3,7,0,0,8,0,0,0,0,1,1,2,2,1,50,8,-1,-1,-1,-1,6,E01022956,0,-1
2023430132327,2023,430132327,2,1,0,18,19,3,7,0,0,1,0,0,0,0,1,1,2,2,1,33,6,-1,-1,-1,-1,8,E01028578,0,-1
2023340WN3032,2023,340WN3032,1,9,0,3,3,3,7,0,0,1,0,0,0,0,2,1,6,6,1,24,5,-1,-1,-1,-1,10,E01032886,0,-1
2023401267224,2023,401267224,2,9,0,2,2,0,0,0,0,0,0,0,0,0,2,1,6,6,3,-1,-1,-1,-1,-1,-1,-1,-1,0,-1
2023161277922,2023,161277922,1,9,0,17,19,7,3,0,0,3,0,0,0,0,2,1,5,6,1,33,6,-1,-1,-1,-1,1,E01012900,0,-1
2023411292364,2023,411292364,1,98,0,18,19,3,5,0,0,0,0,0,0,0,1,1,6,6,3,-1,-1,-1,-1,-1,-1,-1,-1,0,-1
2023031317854,2023,031317854,1,9,0,-1,-1,-1,-1,-1,-1,-1,-1,-1,-1,0,-1,1,6,6,3,-1,-1,-1,-1,-1,-1,-1,-1,0,-1
2023371393196,2023,371393196,1,1,0,-1,-1,-1,-1,0,0,0,0,0,0,0,3,1,6,6,1,19,4,-1,-1,-1,-1,-1,-1,0,-1
2023010432662,2023,010432662,2,1,0,18,19,3,7,0,0,1,0,0,0,0,1,1,2,2,1,28,6,-1,-1,-1,-1,1,E01001574,0,-1
2023131290347,2023,131290347,1,9,0,-1,-1,-1,-1,-1,-1,-1,-1,-1,-1,-1,-1,1,6,6,3,-1,-1,-1,-1,-1,-1,-1,-1,0,-1
2023141362485,2023,141362485,4,9,0,2,2,0,0,9,9,0,0,0,0,0,4,1,6,6,3,-1,-1,-1,-1,-1,-1,-1,-1,0,-1
2023031346541,2023,031346541,1,9,0,9,9,2,1,0,0,8,0,0,0,0,3,1,5,6,1,28,6,-1,-1,-1,-1,-1,-1,0,-1
2023010473410,2023,010473410,2,1,0,18,19,7,3,0,0,2,0,0,0,0,0,1,6,6,2,25,5,-1,-1,-1,-1,6,E01004748,0,-1
2023201461946,2023,201461946,3,9,0,2,2,0,0,0,0,0,0,0,0,0,2,1,6,6,3,-1,-1,-1,-1,-1,-1,-1,-1,0,-1
2023061317250,2023,061317250,2,23,0,7,7,1,3,0,0,6,0,4,0,0,1,1,5,6,1,23,5,-1,-1,-1,-1,2,E01005376,0,-1
2023991276254,2023,991276254,1,23,0,13,13,7,3,0,0,1,0,0,0,0,1,1,6,6,1,25,5,-1,-1,-1,-1,7,-1,0,-1
2023610053123,2023,610053123,2,9,0,18,19,6,2,0,0,0,1,0,5,6,1,1,6,6,1,73,10,-1,-1,-1,-1,4,W01001258,0,-1
2023010461409,2023,010461409,1,1,9,99,99,9,9,99,99,0,9,99,9,99,9,1,6,6,1,24,5,-1,-1,-1,-1,4,E01000960,0,-1
2023131310679,2023,131310679,1,90,0,-1,-1,-1,-1,-1,-1,0,-1,-1,-1,-1,-1,1,6,6,3,-1,-1,-1,-1,-1,-1,-1,-1,0,-1
2023141268058,2023,141268058,1,9,0,5,5,3,7,0,0,6,0,0,0,0,4,1,1,1,1,42,7,-1,-1,-1,-1,2,E01028026,0,-1
2023430329028,2023,430329028,1,-1,0,18,19,2,6,0,0,0,0,0,0,0,1,1,6,6,1,16,4,-1,-1,-1,-1,7,E01017705,1,-1
2023010459480,2023,010459480,1,1,9,99,99,9,9,99,99,9,9,99,9,99,0,1,1,1,1,31,6,-1,-1,-1,-1,3,E01033706,0,-1
2023430435219,2023,430435219,2,9,0,9,9,7,4,0,0,6,0,0,0,0,1,1,6,6,1,-1,-1,-1,-1,-1,-1,-1,-1,0,-1
2023231328080,2023,231328080,1,1,0,18,19,4,8,0,0,0,1,0,1,0,0,1,5,6,1,66,10,-1,-1,-1,-1,10,E01010188,0,-1
2023010447578,2023,010447578,2,1,0,5,5,1,5,4,4,8,5,0,0,0,4,1,2,2,1,34,6,-1,-1,-1,-1,2,E01004044,0,-1
2023461344105,2023,461344105,2,9,0,3,3,7,3,0,0,1,0,0,0,0,2,1,1,1,1,46,8,-1,-1,-1,-1,10,E01024523,0,-1
2023010451142,2023,010451142,2,21,4,9,9,7,5,0,0,5,0,0,0,0,1,2,1,1,1,33,6,-1,-1,-1,-1,-1,-1,0,-1
2023010451053,2023,010451053,1,1,0,18,19,4,8,9,9,8,0,0,0,0,1,1,6,6,1,23,5,-1,-1,-1,-1,-1,-1,0,-1
2023061282129,2023,061282129,1,9,0,18,19,-1,-1,0,0,0,0,0,0,0,1,1,6,6,3,30,6,-1,-1,-1,-1,-1,-1,0,-1
2023231331343,2023,231331343,1,9,0,18,19,2,6,0,0,8,0,0,0,0,4,1,5,6,3,45,7,-1,-1,-1,-1,-1,-1,0,-1
2023052302533,2023,052302533,2,1,0,18,19,1,5,0,0,4,0,0,0,0,4,1,6,6,1,51,8,-1,-1,-1,-1,2,E01007244,0,-1
2023501374397,2023,501374397,2,1,0,15,15,8,4,0,0,0,5,0,0,0,3,1,6,6,1,45,7,-1,-1,-1,-1,6,E01018915,0,-1
2023471340703,2023,471340703,1,9,0,13,13,3,8,0,0,0,0,0,0,0,4,1,6,6,3,-1,-1,-1,-1,-1,-1,-1,-1,0,-1
2023231277563,2023,231277563,2,9,0,17,19,4,2,0,0,8,0,0,0,0,1,1,5,6,1,63,9,-1,-1,-1,-1,7,E01031247,0,-1
2023531323281,2023,531323281,2,1,0,5,5,5,1,0,0,0,5,0,0,0,1,1,6,6,1,48,8,-1,-1,-1,-1,4,E01022440,0,-1
2023211345700,2023,211345700,2,1,-1,18,19,5,8,0,0,1,2,0,0,0,-1,1,5,6,1,73,10,-1,-1,-1,-1,-1,-1,0,-1
2023131373721,2023,131373721,2,1,0,9,9,3,1,0,0,1,5,0,0,0,3,1,1,1,3,32,6,-1,-1,-1,-1,9,E01011381,0,-1
2023221391025,2023,221391025,1,9,0,13,13,5,1,0,0,8,0,0,0,0,1,1,6,6,3,49,8,-1,-1,-1,-1,-1,-1,0,-1
2023991287110,2023,991287110,2,1,0,18,19,2,7,0,0,3,0,0,0,0,3,1,2,2,1,55,8,-1,-1,-1,-1,-1,-1,0,-1
2023302300583,2023,302300583,2,9,0,9,9,4,2,9,9,5,0,0,0,0,4,1,6,6,3,-1,-1,-1,-1,-1,-1,5,E01019456,0,-1
2023340WN2702,2023,340WN2702,3,98,0,18,19,1,5,0,0,0,0,0,0,0,2,1,1,1,1,33,6,-1,-1,-1,-1,-1,-1,0,-1
2023311280215,2023,311280215,2,1,0,18,19,4,8,0,0,0,0,0,1,0,2,1,5,6,1,66,10,-1,-1,-1,-1,2,E01028279,0,-1
2023430282225,2023,430282225,2,9,0,18,19,1,5,0,0,1,0,0,0,0,1,1,6,6,1,-1,-1,-1,-1,-1,-1,-1,-1,0,-1
2023471340973,2023,471340973,2,1,0,18,19,4,8,0,0,2,0,0,0,0,3,1,2,2,1,41,7,-1,-1,-1,-1,10,E01016998,0,-1
2023440416921,2023,440416921,2,-1,0,18,19,4,8,0,0,1,0,0,0,0,3,1,2,2,1,21,5,-1,-1,-1,-1,1,E01017035,1,-1
2023201381965,2023,201381965,1,19,0,18,19,5,1,0,0,0,0,0,0,0,2,1,1,1,1,27,6,-1,-1,-1,-1,6,E01006004,0,-1
2023010478961,2023,010478961,2,9,0,99,99,9,9,99,99,9,9,99,9,99,1,9,6,6,3,-1,-1,-1,-1,-1,-1,-1,-1,0,-1
2023440137497,2023,440137497,2,1,0,18,19,3,7,0,0,0,0,0,0,0,3,1,6,6,1,21,5,-1,-1,-1,-1,5,E01022576,0,-1
2023531378887,2023,531378887,2,1,0,18,19,4,8,0,0,3,0,0,0,0,2,1,1,1,1,30,6,-1,-1,-1,-1,5,E01022321,0,-1
2023170S21733,2023,170S21733,2,1,0,18,19,6,2,0,0,8,0,0,0,0,0,1,6,6,1,15,3,-1,-1,-1,-1,4,E01012277,0,-1
2023371335696,2023,371335696,2,1,0,7,7,3,1,0,0,1,2,0,0,0,3,1,6,6,2,54,8,-1,-1,-1,-1,10,E01024977,0,-1
2023070107496,2023,070107496,2,1,0,18,19,5,1,0,0,2,0,0,0,0,3,1,6,6,1,66,10,-1,-1,-1,-1,8,E01012530,0,-1
2023010440647,2023,010440647,1,1,9,99,99,9,9,99,99,9,9,99,9,99,9,1,6,6,2,37,7,-1,-1,-1,-1,7,E01014512,0,-1
2023131315294,2023,131315294,1,1,0,-1,-1,-1,-1,-1,-1,0,-1,-1,-1,0,0,1,5,6,1,14,3,-1,-1,-1,-1,4,E01011023,0,-1
2023010466066,2023,010466066,1,1,0,5,5,2,6,0,0,3,2,0,0,0,2,1,2,2,1,60,9,-1,-1,-1,-1,10,E01030351,0,-1
2023991368590,2023,991368590,1,9,0,18,19,7,3,0,0,0,5,4,0,0,1,1,1,1,1,42,7,-1,-1,-1,-1,4,-1,0,-1
2023010462819,2023,010462819,2,9,0,9,9,1,7,0,0,8,0,0,0,0,1,1,6,6,3,-1,-1,-1,-1,-1,-1,-1,-1,0,-1
2023010434191,2023,010434191,1,-1,0,15,15,3,7,4,4,0,1,0,0,0,1,1,6,6,3,-1,-1,-1,-1,-1,-1,-1,-1,1,-1
2023010444876,2023,010444876,2,1,0,18,19,1,5,0,0,1,0,0,0,0,1,1,6,6,2,31,6,-1,-1,-1,-1,4,E01002698,0,-1
2023010455105,2023,010455105,2,9,0,99,99,9,9,99,99,0,9,99,9,99,9,9,6,6,3,-1,-1,-1,-1,-1,-1,-1,-1,0,-1
2023320232821,2023,320232821,2,1,0,18,19,6,2,0,0,1,0,0,0,0,1,1,6,6,1,76,11,-1,-1,-1,-1,2,E01026030,0,-1
2023311331505,2023,311331505,1,16,0,16,19,1,5,0,0,0,0,0,0,0,0,1,5,6,2,54,8,-1,-1,-1,-1,3,E01028033,0,-1
2023101353642,2023,101353642,1,9,-1,1,1,7,2,0,0,1,0,0,0,0,2,1,6,6,1,-1,-1,-1,-1,-1,-1,-1,-1,0,-1
2023061277956,2023,061277956,2,1,0,18,19,7,4,0,0,8,0,0,0,0,4,1,6,6,1,59,9,-1,-1,-1,-1,1,E01005703,0,-1
2023201377510,2023,201377510,2,1,0,18,19,8,4,0,0,0,0,0,0,0,2,1,5,6,1,62,9,-1,-1,-1,-1,3,E01009448,0,-1