collision_index,collision_year,collision_ref_no,vehicle_reference,vehicle_type,towing_and_articulation,vehicle_manoeuvre_historic,vehicle_manoeuvre,vehicle_direction_from,vehicle_direction_to,vehicle_location_restricted_lane_historic,vehicle_location_restricted_lane,junction_location,skidding_and_overturning,hit_object_in_carriageway,vehicle_leaving_carriageway,hit_object_off_carriageway,first_point_of_impact,vehicle_left_hand_drive,journey_purpose_of_driver_historic,journey_purpose_of_driver,sex_of_driver,age_of_driver,age_band_of_driver,engine_capacity_cc,propulsion_code,age_of_vehicle,generic_make_model,driver_imd_decile,lsoa_of_driver,escooter_flag,driver_distance_banding
2023451289277,2023,451289277,1,1,0,3,3,7,3,0,0,1,0,0,0,0,3,1,6,6,1,37,7,-1,-1,-1,-1,-1,-1,0,-1
2023161344851,2023,161344851,1,98,0,13,13,1,5,0,0,0,0,0,0,0,3,1,1,1,1,41,7,-1,-1,-1,-1,10,E01026206,0,-1
2023170M10763,2023,170M10763,3,19,0,2,2,0,0,0,0,0,0,0,0,0,3,1,6,6,1,-1,-1,-1,-1,-1,-1,2,E01012080,0,-1
2023471262983,2023,471262983,2,1,0,10,10,3,2,0,0,1,0,0,0,0,4,1,5,6,1,49,8,-1,-1,-1,-1,6,E01031480,0,-1
2023421383585,2023,421383585,2,1,0,18,19,1,5,0,0,0,5,0,1,0,3,1,5,6,1,59,9,-1,-1,-1,-1,8,E01021347,0,-1
2023010445832,2023,010445832,1,9,0,18,19,7,3,0,0,8,0,0,0,0,1,1,6,6,3,-1,-1,-1,-1,-1,-1,-1,-1,0,-1
2023010473797,2023,010473797,1,11,9,99,99,9,9,99,99,9,9,99,9,99,9,1,6,6,3,-1,-1,-1,-1,-1,-1,-1,-1,0,-1
2023131357839,2023,131357839,1,97,0,18,19,8,4,0,0,8,2,0,0,0,1,1,6,6,1,19,4,-1,-1,-1,-1,2,E01010942,0,-1
2023421339451,2023,421339451,1,10,0,18,19,5,1,0,0,1,0,0,0,0,1,1,6,6,1,-1,-1,-1,-1,-1,-1,-1,-1,0,-1
2023161315228,2023,161315228,2,-1,0,18,19,1,5,9,9,0,0,0,0,0,1,1,6,6,2,16,4,-1,-1,-1,-1,2,E01013331,1,-1
2023052301965,2023,052301965,1,3,0,18,19,4,8,0,0,0,0,0,1,0,3,1,6,6,3,-1,-1,-1,-1,-1,-1,-1,-1,0,-1
2023052302680,2023,052302680,2,90,0,18,19,7,3,0,0,1,0,0,0,0,4,1,6,6,1,13,3,-1,-1,-1,-1,4,E01006543,0,-1
2023430324236,2023,430324236,1,22,0,18,19,5,1,0,0,0,0,0,0,0,1,1,6,6,1,70,10,-1,-1,-1,-1,-1,-1,0,-1
2023501373889,2023,501373889,2,1,0,18,19,3,7,0,0,0,0,0,0,0,1,1,6,6,1,11,3,-1,-1,-1,-1,8,E01020110,0,-1
2023061358752,2023,061358752,2,9,0,3,3,1,2,0,0,1,0,0,0,0,1,1,6,6,1,-1,-1,-1,-1,-1,-1,-1,-1,0,-1
2023041311488,2023,041311488,2,97,0,18,19,5,1,0,0,1,0,0,8,0,4,1,6,6,1,21,5,-1,-1,-1,-1,6,E01025496,0,-1
2023141396351,2023,141396351,1,1,0,18,19,7,3,0,0,1,2,0,0,0,4,1,6,6,2,61,9,-1,-1,-1,-1,7,E01007985,0,-1
2023122301275,2023,122301275,2,9,0,18,19,2,6,0,0,0,1,0,7,0,1,1,6,6,1,44,7,-1,-1,-1,-1,8,E01027694,0,-1
2023010454506,2023,010454506,2,5,0,13,13,2,6,0,0,1,0,0,0,0,3,1,2,2,2,36,7,-1,-1,-1,-1,6,E01000487,0,-1
2023131366537,2023,131366537,1,9,0,-1,-1,-1,-1,-1,-1,-1,-1,-1,-1,0,-1,1,6,6,3,-1,-1,-1,-1,-1,-1,-1,-1,0,-1
2023070582817,2023,070582817,2,1,0,18,19,3,6,0,0,8,0,0,0,0,1,1,6,6,1,13,3,-1,-1,-1,-1,2,E01012536,0,-1
2023010428017,2023,010428017,2,1,0,17,19,5,1,0,0,8,1,0,0,0,1,1,1,1,1,41,7,-1,-1,-1,-1,6,E01002984,0,-1
2023430061335,2023,430061335,1,1,0,18,19,6,2,9,9,2,0,0,0,0,1,1,2,2,1,21,5,-1,-1,-1,-1,-1,-1,0,-1
2023010421916,2023,010421916,1,9,0,18,19,7,3,0,0,5,0,0,0,0,1,1,6,6,3,-1,-1,-1,-1,-1,-1,-1,-1,0,-1
2023131389183,2023,131389183,1,9,0,-1,-1,-1,-1,-1,-1,0,-1,-1,-1,-1,-1,1,6,6,3,-1,-1,-1,-1,-1,-1,-1,-1,0,-1
2023010444555,2023,010444555,1,1,9,99,99,9,9,99,99,9,9,99,9,99,2,1,2,2,2,25,5,-1,-1,-1,-1,3,E01004325,0,-1
2023302301069,2023,302301069,2,1,0,18,19,5,1,9,9,0,0,0,0,0,1,1,4,7,1,12,3,-1,-1,-1,-1,5,E01019837,0,-1
2023340WN6642,2023,340WN6642,1,9,0,18,19,1,5,0,0,1,0,0,0,0,1,1,6,6,3,-1,-1,-1,-1,-1,-1,-1,-1,0,-1
2023440474354,2023,440474354,1,1,0,18,19,2,6,9,9,0,0,0,0,0,1,1,6,6,1,52,8,-1,-1,-1,-1,5,E01017044,0,-1
2023411315932,2023,411315932,1,5,0,14,14,8,1,0,0,1,1,0,0,0,4,1,5,6,1,21,5,-1,-1,-1,-1,6,E01023903,0,-1
2023540537423,2023,540537423,1,-1,0,18,19,1,5,9,9,1,0,0,0,0,1,1,6,6,1,10,2,-1,-1,-1,-1,-1,-1,1,-1
2023010458531,2023,010458531,1,3,0,13,13,1,5,0,0,1,0,0,0,0,1,1,1,1,1,28,6,-1,-1,-1,-1,2,E01001246,0,-1
2023351301143,2023,351301143,1,9,-1,-1,-1,-1,-1,-1,-1,-1,-1,-1,-1,0,-1,1,6,6,3,-1,-1,-1,-1,-1,-1,-1,-1,0,-1
2023010419791,2023,010419791,1,8,0,3,3,5,1,0,0,3,0,0,0,0,1,1,1,1,1,31,6,-1,-1,-1,-1,2,E01003179,0,-1
2023471302629,2023,471302629,2,1,0,18,19,1,5,9,9,1,0,0,0,0,3,1,5,6,1,51,8,-1,-1,-1,-1,8,E01031651,0,-1
2023131382842,2023,131382842,1,98,0,18,19,6,2,0,0,1,0,0,0,0,4,1,6,6,3,-1,-1,-1,-1,-1,-1,-1,-1,0,-1
2023430373790,2023,430373790,1,9,0,4,4,5,1,0,0,0,0,0,0,0,3,1,1,1,1,57,9,-1,-1,-1,-1,1,E01028576,0,-1
2023351324390,2023,351324390,1,11,0,18,19,5,1,0,0,0,0,0,0,0,1,1,1,1,2,65,9,-1,-1,-1,-1,10,E01018198,0,-1
2023010422642,2023,010422642,1,9,9,18,19,1,5,0,0,1,0,0,0,0,4,9,6,6,3,-1,-1,-1,-1,-1,-1,-1,-1,0,-1
2023010448999,2023,010448999,1,1,9,99,99,9,9,99,99,9,9,99,9,99,9,1,6,6,1,27,6,-1,-1,-1,-1,2,E01004252,0,-1
2023451381819,2023,451381819,1,1,0,9,9,2,8,0,0,0,0,0,0,0,4,1,5,6,1,24,5,-1,-1,-1,-1,10,E01030797,0,-1
2023010423548,2023,010423548,2,1,9,99,99,9,9,99,99,9,9,99,9,99,1,1,6,6,1,-1,-1,-1,-1,-1,-1,-1,-1,0,-1
2023440056471,2023,440056471,2,1,0,18,19,7,3,0,0,1,0,0,0,0,1,1,6,6,2,40,7,-1,-1,-1,-1,6,E01022941,0,-1
2023010457882,2023,010457882,2,9,0,99,99,9,9,99,99,0,9,99,9,99,9,9,6,6,3,-1,-1,-1,-1,-1,-1,-1,-1,0,-1
202360A089390,2023,60A089390,2,9,4,16,19,6,1,0,0,0,0,0,0,0,1,1,6,6,1,25,5,-1,-1,-1,-1,-1,-1,0,-1
2023231355090,2023,231355090,1,-1,0,18,19,-1,-1,9,9,0,0,0,0,0,1,1,6,6,1,-1,-1,-1,-1,-1,-1,-1,-1,1,-1
2023010456137,2023,010456137,2,19,0,99,99,9,9,99,99,9,9,99,9,99,9,9,6,6,3,-1,-1,-1,-1,-1,-1,-1,-1,0,-1
2023141286324,2023,141286324,2,9,0,18,19,6,1,0,0,1,0,0,0,0,0,1,6,6,3,-1,-1,-1,-1,-1,-1,-1,-1,0,-1
202360A079930,2023,60A079930,1,98,0,18,19,6,2,0,0,0,5,0,0,0,1,1,6,6,1,42,7,-1,-1,-1,-1,-1,-1,0,-1
2023161349783,2023,161349783,3,21,0,18,19,7,3,0,0,0,0,0,0,0,2,1,6,6,3,-1,-1,-1,-1,-1,-1,-1,-1,0,-1
2023351272015,2023,351272015,1,98,0,18,19,2,6,0,0,0,0,0,0,0,0,1,6,6,3,-1,-1,-1,-1,-1,-1,-1,-1,0,-1
2023010420646,2023,010420646,1,9,0,5,5,3,7,0,0,7,0,0,0,0,2,1,6,6,1,43,7,-1,-1,-1,-1,4,E01002455,0,-1
2023131388035,2023,131388035,2,1,0,18,19,1,5,0,0,0,0,0,0,0,1,1,4,7,1,13,3,-1,-1,-1,-1,1,E01010782,0,-1
2023302300833,2023,302300833,2,9,0,10,10,1,6,0,0,1,0,0,0,0,1,1,6,6,1,78,11,-1,-1,-1,-1,10,E01019413,0,-1
2023520301182,2023,520301182,1,9,0,18,19,3,7,0,0,8,0,0,1,0,4,1,6,6,1,100,11,-1,-1,-1,-1,-1,-1,0,-1
2023401350064,2023,401350064,2,1,0,18,19,8,4,0,0,1,0,0,0,0,4,1,5,6,1,32,6,-1,-1,-1,-1,2,E01015705,0,-1
2023010458713,2023,010458713,2,1,0,3,3,3,7,0,0,1,0,0,0,0,1,1,6,6,2,48,8,-1,-1,-1,-1,7,E01002573,0,-1
2023101331043,2023,101331043,1,11,0,2,2,4,8,0,0,0,0,0,0,0,0,1,1,1,1,35,6,-1,-1,-1,-1,1,E01027426,0,-1
2023411313462,2023,411313462,2,9,0,2,2,0,0,0,0,0,0,0,0,0,2,1,5,6,1,36,7,-1,-1,-1,-1,-1,-1,0,-1
2023440052056,2023,440052056,1,1,0,9,9,7,5,0,0,8,0,0,0,0,2,1,6,6,1,39,7,-1,-1,-1,-1,9,E01017252,0,-1
202363C038123,2023,63C038123,2,9,0,2,2,0,0,0,0,2,0,0,1,10,2,1,6,6,3,-1,-1,-1,-1,-1,-1,-1,-1,0,-1
2023131380095,2023,131380095,1,9,0,-1,-1,-1,-1,-1,-1,-1,-1,-1,-1,-1,-1,1,6,6,2,-1,-1,-1,-1,-1,-1,-1,-1,0,-1
2023041321323,2023,041321323,1,9,0,5,5,1,5,0,0,0,0,0,0,0,1,1,2,2,1,55,8,-1,-1,-1,-1,7,E01017909,0,-1
2023201459046,2023,201459046,2,21,4,2,2,0,0,6,6,0,0,0,0,0,2,1,1,1,1,30,6,-1,-1,-1,-1,10,E01031179,0,-1
2023311363540,2023,311363540,2,1,0,17,19,2,6,0,0,0,0,4,0,0,1,1,6,6,1,32,6,-1,-1,-1,-1,1,E01013823,0,-1
2023430243800,2023,430243800,1,1,0,18,19,8,4,0,0,0,0,0,0,0,3,1,6,6,1,17,4,-1,-1,-1,-1,3,E01016381,0,-1
2023501384940,2023,501384940,1,9,0,9,9,5,2,0,0,3,0,0,0,0,1,1,6,6,3,-1,-1,-1,-1,-1,-1,-1,-1,0,-1
2023010447200,2023,010447200,2,1,0,9,9,5,2,4,4,1,0,0,0,0,3,1,6,6,1,41,7,-1,-1,-1,-1,5,E01032783,0,-1
2023501344068,2023,501344068,2,1,0,18,19,4,1,0,0,1,0,0,0,0,1,1,6,6,1,43,7,-1,-1,-1,-1,8,E01020035,0,-1
2023041320016,2023,041320016,2,1,0,7,7,4,8,0,0,0,0,0,0,0,1,1,5,6,1,22,5,-1,-1,-1,-1,4,E01006554,0,-1
2023122300145,2023,122300145,1,9,0,13,13,2,6,0,0,0,0,0,0,0,1,1,2,2,1,60,9,-1,-1,-1,-1,9,E01013438,0,-1
2023010437835,2023,010437835,2,9,0,4,4,1,5,0,0,0,0,0,0,0,1,1,6,6,3,-1,-1,-1,-1,-1,-1,-1,-1,0,-1
2023010446297,2023,010446297,1,1,9,99,99,9,9,99,99,9,9,99,9,99,9,1,6,6,1,30,6,-1,-1,-1,-1,3,E01001697,0,-1
2023052302160,2023,052302160,1,9,0,1,1,1,5,0,0,0,0,0,0,0,2,1,1,1,1,64,9,-1,-1,-1,-1,2,E01006482,0,-1
2023131263513,2023,131263513,2,90,0,18,19,1,5,0,0,1,0,0,0,0,-1,1,6,6,3,30,6,-1,-1,-1,-1,-1,-1,0,-1
2023010450737,2023,010450737,1,1,9,99,99,9,9,99,99,9,9,99,9,99,9,1,6,6,2,59,9,-1,-1,-1,-1,8,E01004073,0,-1
2023231359194,2023,231359194,1,19,0,18,19,8,4,0,0,0,0,0,0,0,1,1,6,6,3,40,7,-1,-1,-1,-1,-1,-1,0,-1
2023141358303,2023,141358303,2,9,0,5,5,5,1,6,6,6,0,4,0,0,0,2,6,6,3,-1,-1,-1,-1,-1,-1,-1,-1,0,-1
2023221330491,2023,221330491,2,97,0,16,19,5,8,0,0,1,0,0,0,0,1,1,6,6,1,21,5,-1,-1,-1,-1,3,E01014159,0,-1
2023302300630,2023,302300630,2,9,0,18,19,2,6,0,0,0,0,0,0,0,1,1,6,6,3,-1,-1,-1,-1,-1,-1,5,E01019456,0,-1
2023201411235,2023,201411235,2,1,0,18,19,2,6,0,0,2,0,0,0,0,0,1,6,6,1,49,8,-1,-1,-1,-1,1,E01009097,0,-1
2023471320643,2023,471320643,1,9,0,9,9,1,3,0,0,0,0,0,0,0,3,1,5,6,1,49,8,-1,-1,-1,-1,7,E01020964,0,-1
2023991320299,2023,991320299,1,1,0,18,19,2,6,0,0,0,0,0,1,0,1,1,5,6,2,71,10,-1,-1,-1,-1,-1,-1,0,-1
2023501394248,2023,501394248,1,9,-1,18,19,1,5,0,0,0,0,0,0,0,3,1,6,6,2,-1,-1,-1,-1,-1,-1,-1,-1,0,-1
2023010442090,2023,010442090,1,1,9,99,99,9,9,99,99,9,9,99,9,99,1,1,2,2,1,27,6,-1,-1,-1,-1,2,E01002075,0,-1
2023221356376,2023,221356376,2,1,0,18,19,1,5,0,0,8,0,0,0,0,1,1,6,6,1,66,10,-1,-1,-1,-1,6,E01014119,0,-1
2023010481919,2023,010481919,2,9,0,99,99,9,9,99,99,0,9,99,9,99,9,9,6,6,3,-1,-1,-1,-1,-1,-1,-1,-1,0,-1
2023471353477,2023,471353477,1,1,0,-1,-1,-1,-1,-1,-1,0,-1,-1,-1,0,-1,1,6,6,3,-1,-1,-1,-1,-1,-1,-1,-1,0,-1
2023010421438,2023,010421438,1,1,9,99,99,9,9,99,99,9,9,99,9,99,1,1,2,2,1,39,7,-1,-1,-1,-1,6,E01030363,0,-1
2023170M10063,2023,170M10063,1,9,0,1,1,7,3,0,0,1,0,0,0,0,2,1,6,6,2,-1,-1,-1,-1,-1,-1,-1,-1,0,-1
2023041314136,2023,041314136,1,9,0,18,19,3,7,0,0,0,0,0,0,0,1,1,6,6,3,-1,-1,-1,-1,-1,-1,-1,-1,0,-1
2023201374156,2023,201374156,1,9,0,12,12,4,8,0,0,0,0,0,0,0,1,1,6,6,3,-1,-1,-1,-1,-1,-1,-1,-1,0,-1
2023010478970,2023,010478970,1,9,9,99,99,9,9,99,99,9,9,99,9,99,9,9,6,6,3,22,5,-1,-1,-1,-1,-1,-1,0,-1
2023471378975,2023,471378975,1,9,0,18,19,7,3,0,0,0,0,0,3,0,3,1,6,6,3,-1,-1,-1,-1,-1,-1,-1,-1,0,-1
2023010424202,2023,010424202,1,1,0,18,19,7,3,0,0,6,0,0,0,0,4,1,6,6,1,9,2,-1,-1,-1,-1,6,E01002141,0,-1
2023010426066,2023,010426066,1,1,0,18,19,7,3,9,9,0,0,0,0,0,1,1,6,6,1,23,5,-1,-1,-1,-1,-1,-1,0,-1
2023010427655,2023,010427655,2,98,0,99,99,9,9,99,99,9,9,99,9,99,9,9,6,6,3,-1,-1,-1,-1,-1,-1,-1,-1,0,-1
2023101370404,2023,101370404,2,1,0,18,19,3,7,4,4,0,0,0,0,0,1,1,2,2,1,53,8,-1,-1,-1,-1,3,E01008576,0,-1
2023010450785,2023,010450785,2,9,0,99,99,9,9,99,99,9,9,99,9,99,9,9,6,6,3,54,8,-1,-1,-1,-1,-1,-1,0,-1
2023131279870,2023,131279870,1,97,0,13,13,7,3,0,0,8,0,0,0,0,-1,1,5,6,1,15,3,-1,-1,-1,-1,1,E01011622,0,-1
2023010455733,2023,010455733,2,1,0,18,19,1,5,0,0,2,0,0,0,0,3,1,6,6,2,58,9,-1,-1,-1,-1,5,E01002745,0,-1
2023201292065,2023,201292065,2,9,0,7,7,1,3,0,0,5,0,0,0,0,3,1,1,1,1,23,5,-1,-1,-1,-1,1,E01010433,0,-1
2023221326934,2023,221326934,2,9,0,18,19,5,1,0,0,0,0,0,0,0,0,1,6,6,3,26,6,-1,-1,-1,-1,-1,-1,0,-1
2023211322094,2023,211322094,2,9,0,18,19,8,4,0,0,1,0,0,0,0,1,1,6,6,2,40,7,-1,-1,-1,-1,2,E01029543,0,-1
2023471287221,2023,471287221,2,1,0,18,19,1,5,0,0,4,0,0,0,0,1,1,5,6,1,64,9,-1,-1,-1,-1,3,E01031830,0,-1
2023201286385,2023,201286385,2,1,0,18,19,-1,-1,0,0,2,0,0,0,0,3,1,2,2,1,55,8,-1,-1,-1,-1,10,E01009461,0,-1
2023101368252,2023,101368252,1,9,0,15,15,3,7,0,0,0,0,0,0,0,1,1,6,6,3,-1,-1,-1,-1,-1,-1,-1,-1,0,-1
2023320319784,2023,320319784,2,1,0,18,19,1,5,0,0,8,0,0,0,0,1,1,6,6,1,54,8,-1,-1,-1,-1,4,E01026389,0,-1
2023440129104,2023,440129104,1,23,0,18,19,1,5,0,0,2,0,0,0,0,1,1,6,6,1,-1,-1,-1,-1,-1,-1,-1,-1,0,-1
2023332300632,2023,332300632,1,9,4,18,19,5,1,0,0,0,0,0,0,0,0,1,1,1,1,65,9,-1,-1,-1,-1,10,E01025814,0,-1
2023010477451,2023,010477451,2,9,0,18,19,2,6,0,0,2,0,0,0,0,1,1,6,6,3,-1,-1,-1,-1,-1,-1,-1,-1,0,-1
2023010443473,2023,010443473,1,3,0,99,99,9,9,99,99,0,9,99,9,99,1,1,6,6,1,46,8,-1,-1,-1,-1,2,E01003159,0,-1
2023010471458,2023,010471458,2,1,0,18,19,3,7,0,0,8,0,0,0,0,1,1,1,1,1,32,6,-1,-1,-1,-1,2,E01001515,0,-1
2023471288719,2023,471288719,1,98,0,2,2,0,0,0,0,0,0,0,0,0,0,1,6,6,3,-1,-1,-1,-1,-1,-1,-1,-1,0,-1
2023010463494,2023,010463494,2,9,0,99,99,9,9,99,99,0,9,99,9,99,9,9,6,6,3,-1,-1,-1,-1,-1,-1,-1,-1,0,-1
2023991387439,2023,991387439,1,1,0,18,19,1,5,0,0,0,2,0,2,0,3,1,5,6,1,66,10,-1,-1,-1,-1,6,-1,0,-1
2023061343475,2023,061343475,2,1,0,18,19,1,5,0,0,8,0,0,0,0,3,1,6,6,1,22,5,-1,-1,-1,-1,1,E01005242,0,-1
2023430021760,2023,430021760,1,-1,0,18,19,4,8,0,0,4,0,0,0,0,1,1,2,2,2,48,8,-1,-1,-1,-1,7,E01028545,1,-1
2023010468215,2023,010468215,2,9,9,99,99,9,9,99,99,9,9,99,9,99,9,1,6,6,3,-1,-1,-1,-1,-1,-1,-1,-1,0,-1
2023131352790,2023,131352790,2,9,0,16,19,1,1,0,0,3,0,0,1,0,3,1,6,6,2,25,5,-1,-1,-1,-1,3,E01032923,0,-1
2023430418277,2023,430418277,1,9,0,18,19,4,8,0,0,0,0,0,0,0,1,1,1,1,1,21,5,-1,-1,-1,-1,-1,-1,0,-1
2023010469910,2023,010469910,2,17,0,18,19,1,5,0,0,1,0,0,0,0,1,1,1,1,1,32,6,-1,-1,-1,-1,7,E01003673,0,-1
2023201278240,2023,201278240,2,9,0,18,19,8,5,0,0,8,1,0,0,0,1,1,6,6,1,81,11,-1,-1,-1,-1,1,E01009410,0,-1
2023061279047,2023,061279047,3,1,-1,18,19,8,4,0,0,8,0,0,0,0,4,1,6,6,1,-1,-1,-1,-1,-1,-1,3,E01005062,0,-1
2023010469918,2023,010469918,2,9,0,99,99,9,9,99,99,9,9,99,9,99,2,9,6,6,3,-1,-1,-1,-1,-1,-1,-1,-1,0,-1
2023351363845,2023,351363845,2,1,0,18,19,3,7,0,0,0,5,0,0,0,0,1,6,6,1,9,2,-1,-1,-1,-1,6,E01017951,0,-1
202363A025223,2023,63A025223,1,9,0,18,19,2,6,0,0,0,0,0,0,0,1,1,6,6,1,81,11,-1,-1,-1,-1,-1,-1,0,-1
2023070272869,2023,070272869,1,1,0,11,11,4,8,0,0,0,1,0,0,0,3,1,1,1,1,42,7,-1,-1,-1,-1,1,E01018445,0,-1
2023201407926,2023,201407926,2,1,0,18,19,6,2,0,0,8,0,0,0,0,1,1,1,1,2,48,8,-1,-1,-1,-1,7,E01009070,0,-1
2023010419867,2023,010419867,2,9,0,99,99,9,9,99,99,0,9,99,9,99,1,9,6,6,3,-1,-1,-1,-1,-1,-1,-1,-1,0,-1
2023471268936,2023,471268936,3,98,0,1,1,3,7,0,0,0,0,0,0,0,0,1,6,6,3,-1,-1,-1,-1,-1,-1,-1,-1,0,-1
2023430386888,2023,430386888,2,1,0,18,19,5,1,0,0,6,0,0,0,0,1,1,6,6,1,50,8,-1,-1,-1,-1,-1,-1,0,-1
2023501273271,2023,501273271,2,1,0,18,19,5,1,0,0,0,0,0,0,0,-1,1,6,6,1,58,9,-1,-1,-1,-1,6,E01015027,0,-1
2023201286034,2023,201286034,1,9,0,7,7,1,4,0,0,5,0,0,0,0,1,1,6,6,3,-1,-1,-1,-1,-1,-1,-1,-1,0,-1
2023991313209,2023,991313209,2,23,0,18,19,3,7,2,2,8,0,11,0,0,1,1,2,2,1,50,8,-1,-1,-1,-1,6,-1,0,-1
2023201416474,2023,201416474,2,-1,0,18,19,3,7,0,0,8,5,0,0,0,9,1,6,6,3,-1,-1,-1,-1,-1,-1,1,E01009384,1,-1
2023010459542,2023,010459542,2,1,0,18,19,5,1,0,0,1,0,0,0,0,1,1,2,2,1,53,8,-1,-1,-1,-1,2,E01003179,0,-1
2023041347026,2023,041347026,2,1,0,18,19,2,6,0,0,1,0,0,0,0,1,1,5,6,1,44,7,-1,-1,-1,-1,5,E01005006,0,-1
2023451379070,2023,451379070,1,-1,0,2,2,0,0,0,0,0,0,0,0,0,3,1,6,6,2,27,6,-1,-1,-1,-1,9,E01030688,0,-1
2023361381371,2023,361381371,1,9,-1,-1,-1,-1,-1,-1,-1,0,-1,-1,-1,0,-1,1,6,6,3,-1,-1,-1,-1,-1,-1,-1,-1,0,-1
2023010433943,2023,010433943,2,19,0,18,19,4,8,0,0,1,0,0,0,0,1,1,1,1,1,63,9,-1,-1,-1,-1,5,E01001407,0,-1
2023421281068,2023,421281068,1,2,0,18,19,7,3,0,0,1,0,0,7,4,1,1,5,6,1,19,4,-1,-1,-1,-1,6,E01002298,0,-1
2023351382453,2023,351382453,1,9,0,18,19,-1,-1,0,0,8,0,0,0,0,1,1,6,6,1,-1,-1,-1,-1,-1,-1,-1,-1,0,-1
2023010471552,2023,010471552,2,1,0,18,19,1,5,0,0,0,0,0,0,0,1,1,6,6,2,-1,-1,-1,-1,-1,-1,6,E01004583,0,-1
2023320279350,2023,320279350,1,9,0,18,19,2,6,0,0,0,0,0,0,0,1,1,6,6,1,-1,-1,-1,-1,-1,-1,-1,-1,0,-1
2023543138223,2023,543138223,1,20,0,18,19,5,1,0,0,0,2,10,0,0,4,1,1,1,1,39,7,-1,-1,-1,-1,9,E01031880,0,-1
2023320330884,2023,320330884,1,9,0,18,19,6,2,0,0,8,1,0,3,4,1,1,1,1,1,45,7,-1,-1,-1,-1,1,E01009333,0,-1
2023161364187,2023,161364187,2,1,0,18,19,4,8,0,0,0,0,0,0,0,3,1,4,7,2,6,2,-1,-1,-1,-1,-1,-1,0,-1
2023430435972,2023,430435972,1,1,0,18,19,8,4,0,0,8,0,0,0,0,4,1,6,6,1,34,6,-1,-1,-1,-1,7,E01016402,0,-1
2023070769766,2023,070769766,2,1,0,18,19,3,7,5,5,7,0,0,0,0,2,1,6,6,1,9,2,-1,-1,-1,-1,-1,-1,0,-1
2023201283781,2023,201283781,1,9,0,5,5,-1,-1,0,0,0,0,0,0,0,1,1,6,6,3,-1,-1,-1,-1,-1,-1,-1,-1,0,-1
2023461319269,2023,461319269,2,1,0,4,4,3,7,0,0,1,0,0,0,0,3,1,6,6,1,74,10,-1,-1,-1,-1,3,E01024714,0,-1
2023010468500,2023,010468500,1,9,0,13,13,5,1,0,0,8,0,0,0,0,4,1,6,6,3,-1,-1,-1,-1,-1,-1,-1,-1,0,-1
2023311354269,2023,311354269,1,97,0,18,19,7,3,0,0,1,0,0,0,0,1,1,5,6,1,17,4,-1,-1,-1,-1,-1,-1,0,-1
2023340NN3252,2023,340NN3252,2,1,0,18,19,3,7,0,0,8,0,0,0,0,0,1,6,6,3,-1,-1,-1,-1,-1,-1,-1,-1,0,-1
2023201424148,2023,201424148,1,9,0,18,19,5,1,0,0,1,0,0,0,0,1,1,6,6,2,-1,-1,-1,-1,-1,-1,-1,-1,0,-1
2023552300956,2023,552300956,1,90,0,1,1,2,1,0,0,5,0,0,0,0,1,1,1,1,1,55,8,-1,-1,-1,-1,2,E01015338,0,-1
2023041410744,2023,041410744,1,97,0,18,19,-1,-1,5,5,0,0,0,0,0,-1,1,6,6,3,-1,-1,-1,-1,-1,-1,-1,-1,0,-1
2023101299217,2023,101299217,2,1,0,18,19,5,1,0,0,4,0,0,0,0,3,1,2,2,1,57,9,-1,-1,-1,-1,9,E01008369,0,-1
2023302300091,2023,302300091,2,9,0,4,4,2,6,0,0,0,1,0,0,0,1,1,2,2,1,28,6,-1,-1,-1,-1,2,E01026966,0,-1
2023201339255,2023,201339255,4,3,0,18,19,3,7,0,0,0,0,0,0,0,2,1,6,6,3,-1,-1,-1,-1,-1,-1,-1,-1,0,-1
2023131361815,2023,131361815,1,1,0,18,19,4,8,0,0,1,0,0,0,0,3,1,1,1,1,35,6,-1,-1,-1,-1,1,E01011622,0,-1
2023070474820,2023,070474820,1,9,0,18,19,5,1,0,0,1,0,0,0,0,0,1,6,6,3,-1,-1,-1,-1,-1,-1,-1,-1,0,-1
2023041314295,2023,041314295,1,9,0,18,19,1,5,0,0,1,0,0,0,0,1,1,5,6,2,19,4,-1,-1,-1,-1,-1,-1,0,-1
2023070661133,2023,070661133,1,9,0,7,7,7,1,0,0,6,0,0,0,0,1,1,6,6,1,-1,-1,-1,-1,-1,-1,-1,-1,0,-1
2023061326189,2023,061326189,2,1,0,18,19,8,4,0,0,3,0,0,0,0,4,1,5,6,1,20,4,-1,-1,-1,-1,3,E01032919,0,-1
2023451387917,2023,451387917,1,1,0,7,7,1,5,0,0,0,0,0,0,0,2,1,6,6,1,60,9,-1,-1,-1,-1,10,E01030799,0,-1
2023440054219,2023,440054219,1,1,0,18,19,8,4,0,0,0,0,0,0,0,1,1,6,6,1,-1,-1,-1,-1,-1,-1,-1,-1,0,-1
2023440214277,2023,440214277,1,19,0,18,19,6,2,0,0,0,0,0,0,0,3,1,6,6,3,-1,-1,-1,-1,-1,-1,-1,-1,0,-1
2023610046823,2023,610046823,2,9,0,4,4,4,8,0,0,0,0,0,1,0,2,1,2,2,1,51,8,-1,-1,-1,-1,9,W01001349,0,-1
2023421309777,2023,421309777,1,9,0,18,19,1,5,0,0,0,0,0,1,0,1,1,5,6,1,61,9,-1,-1,-1,-1,5,E01023933,0,-1
2023631393452,2023,631393452,1,90,0,-1,-1,1,5,-1,-1,1,0,0,0,0,-1,1,6,6,3,-1,-1,-1,-1,-1,-1,-1,-1,0,-1
2023461390977,2023,461390977,2,1,0,18,19,8,4,0,0,0,0,0,0,0,1,1,6,6,1,42,7,-1,-1,-1,-1,2,E01024616,0,-1
2023340WN0752,2023,340WN0752,2,9,0,3,3,1,4,0,0,1,0,0,0,0,2,1,2,2,1,52,8,-1,-1,-1,-1,8,E01028429,0,-1
2023010466258,2023,010466258,2,9,0,99,99,9,9,99,99,9,9,99,9,99,1,9,6,6,3,-1,-1,-1,-1,-1,-1,-1,-1,0,-1
2023311337921,2023,311337921,1,9,0,16,19,8,4,0,0,0,0,0,0,0,1,1,6,6,3,-1,-1,-1,-1,-1,-1,-1,-1,0,-1
2023010430713,2023,010430713,2,1,0,18,19,3,7,0,0,4,0,0,0,0,1,1,2,2,1,59,9,-1,-1,-1,-1,6,E01004608,0,-1