collision_index,collision_year,collision_ref_no,vehicle_reference,vehicle_type,towing_and_articulation,vehicle_manoeuvre_historic,vehicle_manoeuvre,vehicle_direction_from,vehicle_direction_to,vehicle_location_restricted_lane_historic,vehicle_location_restricted_lane,junction_location,skidding_and_overturning,hit_object_in_carriageway,vehicle_leaving_carriageway,hit_object_off_carriageway,first_point_of_impact,vehicle_left_hand_drive,journey_purpose_of_driver_historic,journey_purpose_of_driver,sex_of_driver,age_of_driver,age_band_of_driver,engine_capacity_cc,propulsion_code,age_of_vehicle,generic_make_model,driver_imd_decile,lsoa_of_driver,escooter_flag,driver_distance_banding
2023010441386,2023,010441386,2,1,0,18,19,1,5,0,0,8,0,0,0,0,1,1,6,6,1,43,7,-1,-1,-1,-1,10,E01003401,0,-1
2023302301368,2023,302301368,1,1,0,18,19,7,3,0,0,8,0,0,0,0,4,1,6,6,1,24,5,-1,-1,-1,-1,-1,-1,0,-1
2023010456790,2023,010456790,2,1,0,4,4,1,5,0,0,1,0,0,0,0,2,1,1,1,1,31,6,-1,-1,-1,-1,3,E01003387,0,-1
2023320308059,2023,320308059,2,9,0,2,2,0,0,0,0,0,0,0,0,0,1,1,6,6,1,59,9,-1,-1,-1,-1,4,E01026079,0,-1
2023161388182,2023,161388182,2,9,0,18,19,3,7,0,0,1,0,0,0,0,2,1,6,6,2,-1,-1,-1,-1,-1,-1,-1,-1,0,-1
2023610048123,2023,610048123,1,9,0,9,9,6,4,0,0,2,0,0,1,0,3,1,1,1,1,39,7,-1,-1,-1,-1,9,W01001606,0,-1
2023101350365,2023,101350365,2,1,0,18,19,1,5,0,0,8,2,0,0,0,1,1,5,6,1,20,4,-1,-1,-1,-1,9,E01008611,0,-1
202354C354023,2023,54C354023,1,9,0,18,19,6,2,0,0,2,0,0,0,0,1,1,6,6,3,-1,-1,-1,-1,-1,-1,-1,-1,0,-1
2023061323073,2023,061323073,1,9,0,7,7,1,3,0,0,1,0,0,0,0,4,1,6,6,1,-1,-1,-1,-1,-1,-1,-1,-1,0,-1
2023101279869,2023,101279869,1,19,0,13,13,4,8,0,0,0,0,0,0,0,1,1,6,6,3,-1,-1,-1,-1,-1,-1,-1,-1,0,-1
2023052301929,2023,052301929,3,9,0,18,19,1,5,0,0,1,0,0,0,0,1,1,6,6,1,-1,-1,-1,-1,-1,-1,-1,-1,0,-1
2023440298728,2023,440298728,1,9,0,6,6,6,6,0,0,2,0,0,0,0,0,1,6,6,3,-1,-1,-1,-1,-1,-1,-1,-1,0,-1
2023052301481,2023,052301481,3,9,0,8,8,1,7,0,0,1,0,0,0,0,1,1,6,6,2,52,8,-1,-1,-1,-1,8,E01032904,0,-1
2023522301377,2023,522301377,1,90,0,18,19,7,3,0,0,0,0,0,0,0,1,1,6,6,1,26,6,-1,-1,-1,-1,5,W01000685,0,-1
2023052302460,2023,052302460,2,1,0,18,19,1,5,0,0,8,0,0,0,0,2,1,2,2,1,35,6,-1,-1,-1,-1,1,E01007010,0,-1
2023451306334,2023,451306334,1,9,0,18,19,3,7,0,0,1,0,0,0,0,1,1,6,6,1,60,9,-1,-1,-1,-1,5,E01030984,0,-1
2023010462631,2023,010462631,1,1,9,99,99,9,9,99,99,9,9,99,9,99,9,1,2,2,1,29,6,-1,-1,-1,-1,5,E01000142,0,-1
2023010427828,2023,010427828,1,1,9,99,99,9,9,99,99,9,9,99,9,99,9,1,2,2,2,36,7,-1,-1,-1,-1,3,E01004047,0,-1
2023471362598,2023,471362598,1,9,0,13,13,3,7,0,0,0,0,0,0,0,0,1,6,6,3,-1,-1,-1,-1,-1,-1,-1,-1,0,-1
2023430207943,2023,430207943,2,9,0,7,7,1,2,0,0,4,0,0,0,0,3,1,6,6,2,-1,-1,-1,-1,-1,-1,-1,-1,0,-1
2023991353125,2023,991353125,3,9,0,18,19,4,8,0,0,0,0,0,1,11,1,1,6,6,1,53,8,-1,-1,-1,-1,6,-1,0,-1
2023501296982,2023,501296982,2,1,0,18,19,1,5,0,0,1,0,0,0,0,1,1,5,6,1,47,8,-1,-1,-1,-1,8,E01020190,0,-1
2023010469232,2023,010469232,2,1,0,14,14,1,5,0,0,0,0,4,0,0,1,1,1,1,1,29,6,-1,-1,-1,-1,3,E01002620,0,-1
2023461366708,2023,461366708,2,1,0,18,19,1,5,9,9,0,0,0,0,0,1,1,6,6,1,11,3,-1,-1,-1,-1,7,E01032822,0,-1
2023481367301,2023,481367301,1,1,0,18,19,7,3,0,0,2,0,0,0,0,3,1,2,2,1,45,7,-1,-1,-1,-1,-1,-1,0,-1
2023522301204,2023,522301204,2,-1,0,18,19,6,2,0,0,8,0,0,0,0,1,1,6,6,1,22,5,-1,-1,-1,-1,2,E01014526,1,-1
2023010475795,2023,010475795,2,9,0,18,19,6,2,0,0,1,0,0,0,0,1,1,6,6,3,-1,-1,-1,-1,-1,-1,-1,-1,0,-1
2023501288586,2023,501288586,2,3,0,18,19,4,7,0,0,0,2,0,0,0,1,1,4,7,1,18,4,-1,-1,-1,-1,6,E01020142,0,-1
2023201390510,2023,201390510,1,-1,0,18,19,3,7,0,0,0,0,0,0,0,1,1,5,6,3,-1,-1,-1,-1,-1,-1,-1,-1,0,-1
2023430274316,2023,430274316,1,1,0,18,19,8,4,0,0,8,0,0,0,0,3,1,6,6,1,-1,-1,-1,-1,-1,-1,-1,-1,0,-1
2023430001941,2023,430001941,1,9,0,13,13,8,4,0,0,0,0,0,7,9,1,1,6,6,1,36,7,-1,-1,-1,-1,-1,-1,0,-1
2023010470005,2023,010470005,2,1,0,18,19,7,3,0,0,0,0,0,1,0,1,1,6,6,1,49,8,-1,-1,-1,-1,10,E01003866,0,-1
2023361362791,2023,361362791,2,1,-1,-1,-1,-1,-1,-1,-1,-1,-1,-1,-1,0,-1,1,2,2,1,54,8,-1,-1,-1,-1,6,E01026514,0,-1
2023031360225,2023,031360225,1,97,0,4,4,3,7,0,0,0,0,0,0,0,1,1,6,6,1,-1,-1,-1,-1,-1,-1,-1,-1,0,-1
2023010456684,2023,010456684,2,9,0,99,99,9,9,99,99,9,9,99,9,99,1,9,6,6,3,-1,-1,-1,-1,-1,-1,-1,-1,0,-1
2023440480657,2023,440480657,2,9,0,18,19,4,8,0,0,1,2,0,0,0,3,1,6,6,1,53,8,-1,-1,-1,-1,10,E01023047,0,-1
2023052300260,2023,052300260,2,1,0,18,19,1,5,0,0,1,0,0,0,0,1,1,6,6,1,17,4,-1,-1,-1,-1,2,E01006708,0,-1
2023010439899,2023,010439899,2,1,0,18,19,5,1,0,0,1,0,0,0,0,1,1,2,2,1,56,9,-1,-1,-1,-1,7,E01003475,0,-1
2023501286668,2023,501286668,2,1,0,18,19,8,4,0,0,3,2,0,0,0,4,1,6,6,2,28,6,-1,-1,-1,-1,2,E01018977,0,-1
2023440134847,2023,440134847,1,1,0,4,4,2,6,0,0,1,0,0,0,0,0,1,1,1,1,24,5,-1,-1,-1,-1,4,E01023099,0,-1
2023010454647,2023,010454647,1,1,0,18,19,7,3,0,0,1,2,0,0,0,1,1,2,2,1,38,7,-1,-1,-1,-1,5,E01001720,0,-1
2023520400135,2023,520400135,1,1,0,10,10,5,3,0,0,1,0,0,0,0,9,1,6,6,1,36,7,-1,-1,-1,-1,7,E01020045,0,-1
2023302300843,2023,302300843,2,9,0,18,19,2,6,0,0,2,0,0,0,0,0,1,6,6,3,-1,-1,-1,-1,-1,-1,5,E01019456,0,-1
2023991329621,2023,991329621,2,1,0,5,5,8,5,0,0,4,0,0,0,0,1,1,5,6,2,33,6,-1,-1,-1,-1,7,-1,0,-1
2023311372149,2023,311372149,1,9,0,7,7,4,7,0,0,2,0,0,0,0,4,1,6,6,3,-1,-1,-1,-1,-1,-1,-1,-1,0,-1
2023430498100,2023,430498100,1,9,0,3,3,5,1,0,0,1,0,0,0,0,2,1,6,6,1,44,7,-1,-1,-1,-1,3,E01016444,0,-1
2023010466232,2023,010466232,2,98,9,99,99,9,9,99,99,0,9,99,9,99,2,9,6,6,3,-1,-1,-1,-1,-1,-1,-1,-1,0,-1
2023010428412,2023,010428412,1,1,9,99,99,9,9,99,99,9,9,99,9,99,9,1,2,2,1,40,7,-1,-1,-1,-1,3,E01002508,0,-1
2023440398107,2023,440398107,1,1,0,18,19,6,2,0,0,0,0,0,0,0,1,1,6,6,1,64,9,-1,-1,-1,-1,10,E01023020,0,-1
2023501321366,2023,501321366,2,1,0,18,19,7,3,0,0,1,0,0,0,0,1,1,6,6,1,67,10,-1,-1,-1,-1,6,E01018803,0,-1
2023520301775,2023,520301775,2,1,0,18,19,5,2,0,0,8,0,0,0,0,1,1,6,6,1,-1,-1,-1,-1,-1,-1,-1,-1,0,-1
2023631320063,2023,631320063,1,9,0,17,19,6,3,0,0,8,0,0,0,0,1,1,5,6,1,23,5,-1,-1,-1,-1,6,W01000558,0,-1
2023461337121,2023,461337121,3,9,0,2,2,0,0,9,9,8,0,0,0,0,4,1,5,6,3,-1,-1,-1,-1,-1,-1,-1,-1,0,-1
2023440254141,2023,440254141,2,9,0,18,19,2,6,0,0,0,0,0,0,0,4,1,2,2,1,63,9,-1,-1,-1,-1,10,E01030792,0,-1
2023501392716,2023,501392716,1,9,0,18,19,6,2,0,0,8,0,0,0,0,4,1,5,6,1,55,8,-1,-1,-1,-1,-1,-1,0,-1
2023461278677,2023,461278677,1,4,0,18,19,5,1,0,0,0,1,0,0,0,4,1,6,6,1,16,4,-1,-1,-1,-1,3,E01024567,0,-1
2023201366283,2023,201366283,1,9,0,18,19,2,6,0,0,1,0,0,0,0,1,1,6,6,3,-1,-1,-1,-1,-1,-1,-1,-1,0,-1
2023141295489,2023,141295489,1,22,0,5,5,8,4,9,9,8,5,0,0,0,4,1,5,6,1,71,10,-1,-1,-1,-1,1,E01007327,0,-1
2023010425589,2023,010425589,2,9,0,99,99,9,9,99,99,9,9,99,9,99,4,9,6,6,3,-1,-1,-1,-1,-1,-1,-1,-1,0,-1
2023010452391,2023,010452391,2,1,0,18,19,5,1,2,2,8,0,0,0,0,4,1,6,6,1,33,6,-1,-1,-1,-1,7,E01004505,0,-1
2023610015823,2023,610015823,2,4,0,18,19,6,2,0,0,0,0,0,0,0,1,1,6,6,1,56,9,-1,-1,-1,-1,-1,-1,0,-1
2023401290721,2023,401290721,1,-1,0,18,19,4,8,0,0,1,0,0,0,0,1,1,6,6,3,-1,-1,-1,-1,-1,-1,-1,-1,0,-1
2023101375188,2023,101375188,1,9,0,1,1,1,5,0,0,2,0,0,0,0,2,1,6,6,1,40,7,-1,-1,-1,-1,-1,-1,0,-1
2023340NN4262,2023,340NN4262,2,9,0,8,8,2,6,0,0,6,0,0,3,0,2,1,2,2,2,21,5,-1,-1,-1,-1,-1,-1,0,-1
2023401331329,2023,401331329,2,9,0,17,19,2,8,0,0,1,0,0,0,0,1,1,5,6,1,23,5,-1,-1,-1,-1,8,E01017426,0,-1
2023131304020,2023,131304020,2,9,0,16,19,7,3,0,0,0,0,0,0,0,1,1,6,6,3,-1,-1,-1,-1,-1,-1,-1,-1,0,-1
2023991290340,2023,991290340,2,1,0,3,3,8,4,0,0,1,0,0,0,0,2,1,6,6,1,22,5,-1,-1,-1,-1,-1,-1,0,-1
2023052301252,2023,052301252,2,1,0,18,19,1,5,0,0,1,0,0,0,0,0,1,6,6,1,47,8,-1,-1,-1,-1,1,E01006981,0,-1
2023311302061,2023,311302061,2,9,0,5,5,1,5,0,0,0,0,0,0,0,1,1,6,6,1,-1,-1,-1,-1,-1,-1,-1,-1,0,-1
2023471332204,2023,471332204,2,9,0,18,19,1,5,0,0,0,0,0,0,0,3,1,6,6,3,-1,-1,-1,-1,-1,-1,-1,-1,0,-1
2023010445142,2023,010445142,1,1,9,99,99,9,9,99,99,0,9,99,9,99,1,1,2,2,1,43,7,-1,-1,-1,-1,4,E01003317,0,-1
2023421374253,2023,421374253,2,1,0,-1,-1,-1,-1,-1,-1,-1,-1,-1,-1,0,-1,1,5,6,1,55,8,-1,-1,-1,-1,9,E01021458,0,-1
2023401270703,2023,401270703,1,97,0,16,19,-1,-1,9,9,2,2,0,1,0,1,1,6,6,1,-1,-1,-1,-1,-1,-1,-1,-1,0,-1
2023052300224,2023,052300224,1,1,0,18,19,5,1,0,0,0,0,0,0,0,1,1,6,6,1,-1,-1,-1,-1,-1,-1,-1,-1,0,-1
2023371392237,2023,371392237,2,9,0,18,19,7,3,0,0,0,0,0,0,0,1,1,5,6,1,60,9,-1,-1,-1,-1,6,E01030006,0,-1
2023161328004,2023,161328004,1,1,0,18,19,4,8,9,9,0,2,0,0,0,3,1,5,6,1,16,4,-1,-1,-1,-1,5,E01013081,0,-1
2023430541210,2023,430541210,1,19,0,18,19,4,8,0,0,1,0,0,0,0,1,1,1,1,1,60,9,-1,-1,-1,-1,-1,-1,0,-1
2023411368587,2023,411368587,1,1,-1,18,19,-1,-1,0,0,0,0,11,0,0,1,1,5,6,1,66,10,-1,-1,-1,-1,6,E01000267,0,-1
2023201315334,2023,201315334,2,-1,0,18,19,7,3,0,0,8,0,0,0,0,1,1,6,6,3,-1,-1,-1,-1,-1,-1,-1,-1,0,-1
2023211366121,2023,211366121,1,1,0,18,19,1,5,0,0,0,5,0,0,0,1,1,5,6,2,43,7,-1,-1,-1,-1,-1,-1,0,-1
2023421366467,2023,421366467,1,1,0,13,13,2,6,0,0,1,0,0,0,0,1,1,6,6,1,-1,-1,-1,-1,-1,-1,-1,-1,0,-1
2023201448471,2023,201448471,1,9,0,5,5,8,4,0,0,0,0,0,0,0,4,1,6,6,1,48,8,-1,-1,-1,-1,1,E01008980,0,-1
2023070513345,2023,070513345,2,1,0,18,19,1,5,0,0,0,0,0,0,0,3,1,6,6,1,11,3,-1,-1,-1,-1,2,E01018478,0,-1
2023010455042,2023,010455042,1,1,9,99,99,9,9,99,99,0,9,99,9,99,9,1,3,7,2,34,6,-1,-1,-1,-1,5,E01004700,0,-1
2023111267213,2023,111267213,1,9,0,7,7,4,6,0,0,0,0,0,0,0,1,1,6,6,3,40,7,-1,-1,-1,-1,-1,-1,0,-1
2023061271465,2023,061271465,2,1,-1,-1,-1,-1,-1,-1,-1,-1,-1,-1,-1,0,4,1,6,6,1,20,4,-1,-1,-1,-1,-1,-1,0,-1
2023010456008,2023,010456008,2,1,0,18,19,3,7,0,0,8,0,0,0,0,4,1,6,6,1,62,9,-1,-1,-1,-1,-1,-1,0,-1
2023552300805,2023,552300805,1,1,0,18,19,4,8,0,0,8,0,0,0,0,4,1,6,6,1,16,4,-1,-1,-1,-1,9,E01015360,0,-1
2023161285989,2023,161285989,1,-1,0,5,5,7,3,0,0,1,0,0,0,0,3,1,6,6,2,13,3,-1,-1,-1,-1,1,E01012854,1,-1
2023141303652,2023,141303652,2,9,0,10,10,1,7,0,0,1,0,0,0,0,1,1,6,6,3,-1,-1,-1,-1,-1,-1,-1,-1,0,-1
2023010430027,2023,010430027,2,9,9,99,99,9,9,99,99,9,9,99,9,99,9,9,6,6,3,-1,-1,-1,-1,-1,-1,-1,-1,0,-1
2023201282934,2023,201282934,1,9,0,9,9,5,4,0,0,5,0,0,0,0,0,1,1,1,1,33,6,-1,-1,-1,-1,4,E01009894,0,-1
2023101357255,2023,101357255,2,1,0,-1,-1,-1,-1,-1,-1,-1,-1,-1,-1,0,-1,1,5,6,1,13,3,-1,-1,-1,-1,2,E01008652,0,-1
2023531375683,2023,531375683,2,1,0,18,19,7,3,0,0,8,0,0,0,0,2,1,2,2,2,43,7,-1,-1,-1,-1,3,E01022121,0,-1
2023991378675,2023,991378675,1,9,0,18,19,4,8,0,0,0,0,0,0,0,1,1,2,2,1,50,8,-1,-1,-1,-1,-1,-1,0,-1
2023211282275,2023,211282275,2,21,0,5,5,5,5,0,0,8,0,0,0,0,4,1,1,1,1,69,10,-1,-1,-1,-1,5,E01014365,0,-1
2023161308232,2023,161308232,2,1,0,18,19,5,1,0,0,8,0,0,0,0,4,1,6,6,1,30,6,-1,-1,-1,-1,1,E01012876,0,-1
2023440233176,2023,440233176,2,19,0,2,2,7,3,0,0,0,0,0,0,0,3,1,6,6,1,-1,-1,-1,-1,-1,-1,-1,-1,0,-1
2023131321122,2023,131321122,1,9,0,-1,-1,-1,-1,-1,-1,-1,-1,-1,-1,-1,-1,1,6,6,3,-1,-1,-1,-1,-1,-1,-1,-1,0,-1
2023361360547,2023,361360547,2,1,0,17,19,5,3,0,0,1,0,0,0,0,1,1,5,6,1,64,9,-1,-1,-1,-1,4,E01015776,0,-1
2023401310859,2023,401310859,2,1,0,18,19,4,8,9,9,6,0,0,0,0,1,1,6,6,1,20,4,-1,-1,-1,-1,3,E01015761,0,-1
2023010477933,2023,010477933,2,9,0,99,99,9,9,99,99,9,9,99,9,99,9,9,6,6,3,-1,-1,-1,-1,-1,-1,-1,-1,0,-1
2023131297073,2023,131297073,1,19,0,-1,-1,-1,-1,-1,-1,0,-1,-1,-1,-1,-1,1,6,6,3,-1,-1,-1,-1,-1,-1,-1,-1,0,-1
2023991375481,2023,991375481,4,9,0,3,3,2,6,0,0,1,0,0,0,0,3,1,1,1,1,41,7,-1,-1,-1,-1,6,-1,0,-1
2023010432367,2023,010432367,2,11,9,99,99,9,9,99,99,9,9,99,9,99,9,1,6,6,3,-1,-1,-1,-1,-1,-1,-1,-1,0,-1
2023401354343,2023,401354343,2,1,0,18,19,3,7,5,5,0,0,0,0,0,1,1,6,6,1,16,4,-1,-1,-1,-1,3,E01015715,0,-1
2023302301750,2023,302301750,2,19,0,2,2,0,0,0,0,0,0,0,0,0,2,1,6,6,3,-1,-1,-1,-1,-1,-1,-1,-1,0,-1
2023201388341,2023,201388341,1,9,0,18,19,1,5,0,0,0,0,0,0,0,1,1,6,6,2,-1,-1,-1,-1,-1,-1,-1,-1,0,-1
2023010427798,2023,010427798,1,1,9,99,99,9,9,99,99,9,9,99,9,99,1,1,6,6,1,-1,-1,-1,-1,-1,-1,-1,-1,0,-1
2023201303356,2023,201303356,3,9,0,2,2,0,0,0,0,1,0,4,0,0,1,1,6,6,1,-1,-1,-1,-1,-1,-1,-1,-1,0,-1
2023522400174,2023,522400174,2,19,0,6,6,4,4,0,0,0,0,0,0,0,1,1,6,6,3,-1,-1,-1,-1,-1,-1,-1,-1,0,-1
202363A036623,2023,63A036623,1,9,0,9,9,5,2,0,0,6,0,0,0,0,1,1,6,6,2,44,7,-1,-1,-1,-1,-1,-1,0,-1
202354A588823,2023,54A588823,2,9,0,18,19,7,3,0,0,1,0,0,0,0,1,1,6,6,2,34,6,-1,-1,-1,-1,7,W01000486,0,-1
2023471347948,2023,471347948,3,1,0,18,19,1,5,0,0,2,0,0,0,0,3,1,6,6,1,49,8,-1,-1,-1,-1,7,E01031368,0,-1
2023610017223,2023,610017223,1,9,0,7,7,8,2,0,0,8,0,0,0,0,1,1,6,6,3,-1,-1,-1,-1,-1,-1,-1,-1,0,-1
2023010435185,2023,010435185,1,1,9,99,99,9,9,99,99,9,9,99,9,99,9,1,2,2,2,20,4,-1,-1,-1,-1,8,E01001925,0,-1
2023010432611,2023,010432611,1,1,9,99,99,9,9,99,99,9,9,99,9,99,9,1,2,2,2,24,5,-1,-1,-1,-1,4,E01002785,0,-1
2023010460466,2023,010460466,1,1,9,99,99,9,9,99,99,9,9,99,9,99,1,1,2,2,1,28,6,-1,-1,-1,-1,3,E01002781,0,-1
2023430176487,2023,430176487,1,1,0,18,19,2,6,0,0,0,0,0,0,0,3,1,6,6,1,9,2,-1,-1,-1,-1,6,E01028813,0,-1
2023440025776,2023,440025776,1,9,0,18,19,1,5,0,0,0,0,10,1,4,1,1,6,6,2,28,6,-1,-1,-1,-1,3,E01009910,0,-1
2023101282446,2023,101282446,2,98,0,17,19,8,5,0,0,8,0,0,0,0,1,1,1,1,1,47,8,-1,-1,-1,-1,2,E01027429,0,-1
2023010423024,2023,010423024,2,1,0,18,19,5,1,0,0,1,0,0,0,0,0,1,6,6,1,26,6,-1,-1,-1,-1,6,E01000203,0,-1
2023221370656,2023,221370656,1,19,0,11,11,5,1,7,6,0,0,4,0,0,1,1,1,1,1,36,7,-1,-1,-1,-1,10,E01009821,0,-1
2023320765865,2023,320765865,2,1,0,18,19,4,8,0,0,8,5,0,0,0,4,1,6,6,1,36,7,-1,-1,-1,-1,7,E01026029,0,-1
2023161297570,2023,161297570,1,1,0,18,19,8,4,0,0,0,0,0,0,0,1,1,5,6,1,46,8,-1,-1,-1,-1,1,E01012836,0,-1
2023302300158,2023,302300158,1,9,0,18,19,2,6,0,0,1,0,0,0,0,0,1,6,6,3,-1,-1,-1,-1,-1,-1,-1,-1,0,-1
2023010436192,2023,010436192,1,-1,0,18,19,7,3,0,0,0,0,0,0,0,1,9,6,6,1,40,7,-1,-1,-1,-1,3,E01001045,1,-1
2023461262637,2023,461262637,1,9,0,18,19,2,6,0,0,0,0,0,0,0,1,1,6,6,3,-1,-1,-1,-1,-1,-1,-1,-1,0,-1
2023052302477,2023,052302477,1,9,0,1,1,3,7,0,0,0,0,0,0,0,2,1,6,6,3,-1,-1,-1,-1,-1,-1,-1,-1,0,-1
2023161344098,2023,161344098,1,9,0,18,19,7,3,0,0,2,0,0,0,0,1,1,6,6,3,-1,-1,-1,-1,-1,-1,-1,-1,0,-1
2023501366533,2023,501366533,1,9,-1,5,5,1,5,0,0,0,0,0,0,0,4,1,6,6,3,-1,-1,-1,-1,-1,-1,-1,-1,0,-1
2023010453250,2023,010453250,1,1,9,99,99,9,9,99,99,9,9,99,9,99,1,1,6,6,1,32,6,-1,-1,-1,-1,2,E01001894,0,-1
2023010452695,2023,010452695,3,1,0,18,19,1,5,0,0,8,0,0,0,0,0,1,6,6,1,27,6,-1,-1,-1,-1,3,E01032583,0,-1
2023201330609,2023,201330609,2,9,0,3,3,2,6,0,0,0,0,0,0,0,2,1,6,6,3,35,6,-1,-1,-1,-1,2,E01010372,0,-1
2023201378357,2023,201378357,1,9,0,5,5,5,1,0,0,0,0,0,0,0,3,1,5,6,3,-1,-1,-1,-1,-1,-1,-1,-1,0,-1
2023041317059,2023,041317059,2,9,0,8,8,3,1,0,0,1,0,0,0,0,2,1,5,6,2,37,7,-1,-1,-1,-1,2,E01025284,0,-1
2023010439787,2023,010439787,2,9,0,99,99,9,9,99,99,9,9,99,9,99,1,9,6,6,3,-1,-1,-1,-1,-1,-1,-1,-1,0,-1
2023421295960,2023,421295960,1,9,0,5,5,3,7,0,0,0,0,0,0,0,1,1,6,6,2,-1,-1,-1,-1,-1,-1,-1,-1,0,-1
2023122300876,2023,122300876,1,9,0,18,19,3,7,0,0,0,0,0,0,0,1,1,6,6,3,-1,-1,-1,-1,-1,-1,-1,-1,0,-1
2023010474738,2023,010474738,2,9,0,9,9,5,3,0,0,6,0,10,1,0,1,1,6,6,1,25,5,-1,-1,-1,-1,3,E01000367,0,-1
2023340NN4312,2023,340NN4312,2,1,0,18,19,8,4,0,0,0,5,0,1,0,2,1,2,2,1,17,4,-1,-1,-1,-1,7,E01027129,0,-1
2023231307618,2023,231307618,3,9,0,18,19,8,3,0,0,8,0,0,0,0,1,1,1,1,1,54,8,-1,-1,-1,-1,10,E01032162,0,-1
2023010461359,2023,010461359,2,9,0,99,99,9,9,99,99,9,9,99,9,99,2,9,6,6,3,-1,-1,-1,-1,-1,-1,-1,-1,0,-1
2023010456174,2023,010456174,2,1,9,99,99,9,9,99,99,9,9,99,9,99,9,1,6,6,3,-1,-1,-1,-1,-1,-1,-1,-1,0,-1
2023430527121,2023,430527121,1,1,0,18,19,2,6,0,0,0,0,0,0,0,1,1,4,7,1,10,2,-1,-1,-1,-1,7,E01017705,0,-1
2023010466179,2023,010466179,2,1,0,5,5,5,1,0,0,1,0,0,0,0,1,1,6,6,1,43,7,-1,-1,-1,-1,5,E01003019,0,-1
2023430527121,2023,430527121,2,9,0,18,19,4,8,0,0,0,0,0,0,0,1,1,6,6,2,-1,-1,-1,-1,-1,-1,-1,-1,0,-1
2023430252671,2023,430252671,2,98,0,1,1,8,4,0,0,0,0,0,0,0,2,1,6,6,1,-1,-1,-1,-1,-1,-1,-1,-1,0,-1
2023522300621,2023,522300621,1,1,0,10,10,7,5,0,0,8,0,0,0,0,3,1,6,6,2,28,6,-1,-1,-1,-1,4,E01014567,0,-1
2023340NN1132,2023,340NN1132,2,-1,0,18,19,2,6,0,0,1,1,0,0,0,2,1,2,2,2,26,6,-1,-1,-1,-1,2,E01027072,1,-1
2023430219386,2023,430219386,2,1,0,18,19,7,3,0,0,8,0,0,0,0,3,1,6,6,1,75,10,-1,-1,-1,-1,6,E01028581,0,-1
2023122300045,2023,122300045,2,1,0,18,19,1,5,0,0,1,0,0,0,0,3,1,6,6,1,22,5,-1,-1,-1,-1,2,E01013448,0,-1
2023351389646,2023,351389646,1,2,0,18,19,-1,-1,4,4,-1,0,0,0,0,-1,1,6,6,3,-1,-1,-1,-1,-1,-1,-1,-1,0,-1
2023552300807,2023,552300807,1,9,0,18,19,2,6,0,0,0,0,0,0,0,1,1,6,6,1,33,6,-1,-1,-1,-1,-1,-1,0,-1
2023351371617,2023,351371617,1,1,0,9,9,6,4,0,0,5,0,0,0,0,1,1,1,1,2,37,7,-1,-1,-1,-1,1,E01015602,0,-1
2023311327000,2023,311327000,2,9,0,17,19,4,8,0,0,0,0,0,0,0,1,1,2,2,1,28,6,-1,-1,-1,-1,-1,-1,0,-1
2023010444586,2023,010444586,1,1,9,99,99,9,9,99,99,9,9,99,9,99,0,1,2,2,2,30,6,-1,-1,-1,-1,4,E01033320,0,-1
2023010422167,2023,010422167,2,1,0,5,5,3,7,0,0,0,0,0,0,0,2,1,6,6,2,8,2,-1,-1,-1,-1,4,E01003907,0,-1
2023471299500,2023,471299500,2,1,0,18,19,5,1,0,0,2,5,0,0,0,4,1,5,6,1,33,6,-1,-1,-1,-1,3,E01016921,0,-1
2023010449333,2023,010449333,2,1,0,5,5,7,3,0,0,8,0,0,0,0,4,1,4,7,1,11,3,-1,-1,-1,-1,1,E01004040,0,-1
2023471288712,2023,471288712,2,11,0,18,19,7,3,0,0,1,0,0,0,0,0,1,1,1,1,54,8,-1,-1,-1,-1,2,E01016873,0,-1
2023010462147,2023,010462147,2,21,1,18,19,1,5,0,0,0,0,0,0,0,1,2,1,1,1,61,9,-1,-1,-1,-1,-1,-1,0,-1
2023201418711,2023,201418711,2,1,0,18,19,4,8,0,0,1,0,0,0,0,1,1,6,6,1,42,7,-1,-1,-1,-1,1,E01009048,0,-1
2023546607323,2023,546607323,2,1,0,5,5,1,5,0,0,1,0,0,0,0,2,1,6,6,2,8,2,-1,-1,-1,-1,8,E01031910,0,-1
2023540657123,2023,540657123,1,9,0,7,7,8,3,0,0,1,0,0,0,0,4,1,6,6,1,38,7,-1,-1,-1,-1,9,E01015525,0,-1
2023041279624,2023,041279624,1,9,0,18,19,5,1,0,0,0,0,0,0,0,1,1,2,2,2,35,6,-1,-1,-1,-1,2,E01006244,0,-1
2023041346885,2023,041346885,2,9,0,5,5,1,5,0,0,3,0,0,0,0,0,1,5,6,2,45,7,-1,-1,-1,-1,1,E01024885,0,-1
202360A078437,2023,60A078437,1,1,0,18,19,6,2,0,0,6,0,0,0,0,1,1,6,6,1,16,4,-1,-1,-1,-1,-1,-1,0,-1
2023440309717,2023,440309717,1,1,0,18,19,7,3,0,0,4,0,0,0,0,1,1,6,6,1,26,6,-1,-1,-1,-1,2,E01017238,0,-1
2023311298837,2023,311298837,2,1,0,18,19,5,1,0,0,1,5,0,0,0,1,1,1,1,1,32,6,-1,-1,-1,-1,-1,-1,0,-1
2023531324227,2023,531324227,2,9,0,4,4,2,6,0,0,8,0,0,0,0,2,2,6,6,1,47,8,-1,-1,-1,-1,6,E01022348,0,-1
2023141264491,2023,141264491,2,1,0,18,19,4,5,0,0,2,0,0,0,0,3,1,5,6,1,82,11,-1,-1,-1,-1,1,E01007492,0,-1
2023231276056,2023,231276056,1,9,0,18,19,5,1,0,0,0,0,0,0,0,1,1,5,6,1,38,7,-1,-1,-1,-1,8,E01029347,0,-1
2023451259017,2023,451259017,2,9,0,7,7,7,5,0,0,0,0,0,0,0,1,1,6,6,3,55,8,-1,-1,-1,-1,-1,-1,0,-1
2023540299123,2023,540299123,1,9,0,17,19,6,2,0,0,0,0,0,1,0,1,1,1,1,1,32,6,-1,-1,-1,-1,6,E01032078,0,-1
2023461380215,2023,461380215,2,1,0,18,19,3,7,0,0,0,0,0,0,0,1,1,6,6,1,29,6,-1,-1,-1,-1,3,E01016150,0,-1
2023061355915,2023,061355915,1,97,-1,18,19,-1,-1,0,0,0,0,0,0,0,1,1,6,6,1,24,5,-1,-1,-1,-1,1,E01005564,0,-1
2023471328257,2023,471328257,2,1,0,18,19,1,5,0,0,1,0,0,0,0,1,1,6,6,1,43,7,-1,-1,-1,-1,2,E01016955,0,-1