collision_index,collision_year,collision_ref_no,vehicle_reference,vehicle_type,towing_and_articulation,vehicle_manoeuvre_historic,vehicle_manoeuvre,vehicle_direction_from,vehicle_direction_to,vehicle_location_restricted_lane_historic,vehicle_location_restricted_lane,junction_location,skidding_and_overturning,hit_object_in_carriageway,vehicle_leaving_carriageway,hit_object_off_carriageway,first_point_of_impact,vehicle_left_hand_drive,journey_purpose_of_driver_historic,journey_purpose_of_driver,sex_of_driver,age_of_driver,age_band_of_driver,engine_capacity_cc,propulsion_code,age_of_vehicle,generic_make_model,driver_imd_decile,lsoa_of_driver,escooter_flag,driver_distance_banding
2023302301910,2023,302301910,2,9,0,18,19,5,1,0,0,1,0,0,0,0,1,1,6,6,2,40,7,-1,-1,-1,-1,7,E01029463,0,-1
2023010475686,2023,010475686,1,9,0,3,3,5,1,0,0,1,0,0,0,0,3,1,6,6,1,71,10,-1,-1,-1,-1,4,E01004457,0,-1
2023010434689,2023,010434689,1,97,0,18,19,5,1,0,0,2,0,0,0,0,1,1,6,6,3,-1,-1,-1,-1,-1,-1,-1,-1,0,-1
2023011281570,2023,011281570,2,21,0,18,19,3,7,0,0,1,0,0,0,0,1,1,1,1,1,51,8,-1,-1,-1,-1,-1,-1,0,-1
2023131316572,2023,131316572,1,9,0,18,19,1,5,0,0,0,0,0,0,0,1,1,5,6,1,63,9,-1,-1,-1,-1,-1,-1,0,-1
2023320330320,2023,320330320,2,9,0,18,19,6,2,0,0,8,1,0,0,0,3,1,6,6,1,40,7,-1,-1,-1,-1,10,E01026198,0,-1
2023351303449,2023,351303449,2,1,0,18,19,-1,-1,0,0,8,0,0,0,0,1,1,2,2,2,31,6,-1,-1,-1,-1,5,E01017945,0,-1
2023010435059,2023,010435059,2,1,0,16,19,5,6,0,0,0,0,4,0,0,2,1,6,6,1,26,6,-1,-1,-1,-1,1,E01000782,0,-1
2023131282212,2023,131282212,1,9,0,18,19,3,7,0,0,8,0,0,0,0,1,1,1,1,1,29,6,-1,-1,-1,-1,3,E01005160,0,-1
2023061352419,2023,061352419,2,1,0,18,19,1,5,0,0,8,0,0,0,0,3,1,2,2,2,34,6,-1,-1,-1,-1,6,E01005168,0,-1
2023201390654,2023,201390654,2,1,0,9,9,2,8,0,0,5,0,0,0,0,1,1,2,2,1,53,8,-1,-1,-1,-1,4,E01009625,0,-1
2023031296989,2023,031296989,1,9,0,18,19,4,8,0,0,0,0,0,7,4,1,1,6,6,1,71,10,-1,-1,-1,-1,-1,-1,0,-1
2023010430808,2023,010430808,2,9,0,99,99,9,9,99,99,9,9,99,9,99,9,9,6,6,3,-1,-1,-1,-1,-1,-1,-1,-1,0,-1
2023161259609,2023,161259609,2,1,0,18,19,7,3,4,4,3,0,0,0,0,4,1,2,2,1,56,9,-1,-1,-1,-1,9,E01013217,0,-1
2023340NN4292,2023,340NN4292,1,9,0,9,9,5,1,0,0,6,0,0,0,0,1,1,6,6,1,32,6,-1,-1,-1,-1,7,E01033432,0,-1
2023161269288,2023,161269288,2,21,0,18,19,6,2,0,0,0,0,0,0,0,1,1,6,6,2,44,7,-1,-1,-1,-1,-1,-1,0,-1
2023201418992,2023,201418992,2,98,0,10,10,8,5,0,0,1,0,0,0,0,1,1,1,1,1,59,9,-1,-1,-1,-1,2,E01010521,0,-1
2023440179342,2023,440179342,2,9,0,7,7,1,3,0,0,6,0,0,0,0,1,1,6,6,3,-1,-1,-1,-1,-1,-1,-1,-1,0,-1
2023622300400,2023,622300400,2,1,0,18,19,7,3,0,0,8,0,0,0,0,1,1,6,6,1,14,3,-1,-1,-1,-1,8,W01001888,0,-1
2023302301548,2023,302301548,1,1,0,18,19,2,6,0,0,0,1,0,0,0,3,1,6,6,1,12,3,-1,-1,-1,-1,2,E01013477,0,-1
2023010469908,2023,010469908,2,1,0,18,19,1,5,0,0,1,0,0,0,0,3,1,6,6,1,28,6,-1,-1,-1,-1,4,E01002231,0,-1
2023010459909,2023,010459909,1,1,9,99,99,9,9,99,99,9,9,99,9,99,2,1,2,2,1,35,6,-1,-1,-1,-1,3,E01002646,0,-1
2023010450247,2023,010450247,1,1,9,99,99,9,9,99,99,9,9,99,9,99,9,1,2,2,2,56,9,-1,-1,-1,-1,5,E01004442,0,-1
2023010470074,2023,010470074,1,1,9,99,99,9,9,99,99,9,9,99,9,99,9,1,6,6,2,30,6,-1,-1,-1,-1,5,E01001164,0,-1
2023991313137,2023,991313137,2,1,0,18,19,6,2,0,0,0,0,0,0,0,2,1,5,6,2,12,3,-1,-1,-1,-1,4,-1,0,-1
2023622300195,2023,622300195,2,1,0,7,7,5,7,0,0,8,0,0,0,0,1,1,6,6,1,46,8,-1,-1,-1,-1,1,W01001879,0,-1
2023052301348,2023,052301348,2,-1,0,5,5,2,6,0,0,0,0,0,0,0,4,1,4,7,1,12,3,-1,-1,-1,-1,1,E01006607,1,-1
2023610034223,2023,610034223,1,1,0,18,19,1,5,0,0,0,0,0,0,0,1,1,6,6,1,66,10,-1,-1,-1,-1,4,W01001355,0,-1
2023010456411,2023,010456411,2,1,0,5,5,2,6,4,4,6,2,0,0,0,3,1,2,2,1,34,6,-1,-1,-1,-1,2,E01003924,0,-1
2023010457702,2023,010457702,2,1,0,18,19,3,7,0,0,3,0,0,0,0,2,1,6,6,1,66,10,-1,-1,-1,-1,4,E01003255,0,-1
2023471313859,2023,471313859,2,1,0,18,19,5,1,0,0,0,0,0,0,0,4,1,5,6,1,60,9,-1,-1,-1,-1,6,E01031477,0,-1
2023061316725,2023,061316725,3,98,1,4,4,5,1,0,0,0,0,0,0,0,2,1,6,6,3,-1,-1,-1,-1,-1,-1,-1,-1,0,-1
2023522401009,2023,522401009,2,1,0,18,19,3,7,0,0,1,0,0,0,0,1,1,6,6,1,17,4,-1,-1,-1,-1,2,E01014685,0,-1
2023440178672,2023,440178672,10,9,0,18,19,1,5,0,0,0,0,0,0,0,1,1,6,6,3,-1,-1,-1,-1,-1,-1,-1,-1,0,-1
2023991315216,2023,991315216,1,9,0,9,9,2,8,0,0,1,0,0,0,0,1,1,6,6,1,30,6,-1,-1,-1,-1,-1,-1,0,-1
2023010461238,2023,010461238,1,1,0,18,19,3,7,9,9,0,0,0,9,0,1,1,6,6,3,-1,-1,-1,-1,-1,-1,-1,-1,0,-1
2023351273282,2023,351273282,1,9,0,18,19,7,3,0,0,8,0,0,0,0,1,1,6,6,1,49,8,-1,-1,-1,-1,10,E01018244,0,-1
2023544442123,2023,544442123,1,1,0,5,5,7,3,0,0,0,0,0,0,0,4,1,6,6,2,14,3,-1,-1,-1,-1,10,E01031984,0,-1
2023231342606,2023,231342606,1,9,0,17,19,7,3,0,0,0,0,0,0,0,3,1,5,6,2,38,7,-1,-1,-1,-1,6,E01031017,0,-1
2023010440497,2023,010440497,2,1,0,13,13,1,5,0,0,0,0,0,0,0,1,1,6,6,1,28,6,-1,-1,-1,-1,4,E01001724,0,-1
2023141289570,2023,141289570,1,98,0,13,13,1,5,0,0,0,0,0,0,0,1,1,1,1,1,50,8,-1,-1,-1,-1,1,E01008084,0,-1
2023401388602,2023,401388602,2,1,0,18,19,3,7,0,0,3,0,0,0,0,4,1,2,2,1,19,4,-1,-1,-1,-1,4,E01017487,0,-1
2023501332399,2023,501332399,2,9,0,9,9,7,5,0,0,0,0,0,0,0,4,1,5,6,1,46,8,-1,-1,-1,-1,6,E01020056,0,-1
2023211360131,2023,211360131,3,21,0,2,2,0,0,6,6,0,0,0,0,0,0,1,6,6,1,42,7,-1,-1,-1,-1,7,E01023683,0,-1
2023991319804,2023,991319804,1,1,0,11,11,5,1,0,0,8,0,0,0,0,1,1,2,2,1,30,6,-1,-1,-1,-1,6,-1,0,-1
2023351377472,2023,351377472,2,9,0,3,3,7,3,0,0,4,0,0,0,0,2,1,2,2,1,42,7,-1,-1,-1,-1,10,E01018055,0,-1
2023101298494,2023,101298494,1,1,0,18,19,5,1,0,0,0,0,0,1,0,1,1,6,6,1,53,8,-1,-1,-1,-1,1,E01027542,0,-1
2023101337357,2023,101337357,2,1,0,18,19,1,5,9,9,0,0,0,0,0,1,1,5,6,1,31,6,-1,-1,-1,-1,1,E01008604,0,-1
2023010430518,2023,010430518,2,9,0,99,99,9,9,99,99,9,9,99,9,99,1,9,6,6,3,-1,-1,-1,-1,-1,-1,-1,-1,0,-1
2023010427010,2023,010427010,1,1,9,99,99,9,9,99,99,9,9,99,9,99,9,1,2,2,2,38,7,-1,-1,-1,-1,4,E01004401,0,-1
2023010459122,2023,010459122,2,1,0,18,19,7,3,0,0,2,0,0,1,0,3,1,6,6,1,20,4,-1,-1,-1,-1,4,E01000625,0,-1
2023010482170,2023,010482170,1,1,9,99,99,9,9,99,99,9,9,99,9,99,9,1,2,2,1,31,6,-1,-1,-1,-1,6,E01004529,0,-1
2023332301107,2023,332301107,2,1,0,18,19,5,1,0,0,2,0,0,0,0,2,1,6,6,2,52,8,-1,-1,-1,-1,9,E01025805,0,-1
2023520301674,2023,520301674,3,1,0,18,19,3,7,0,0,0,0,0,0,0,0,1,6,6,1,46,8,-1,-1,-1,-1,9,E01029209,0,-1
2023311293947,2023,311293947,1,9,0,18,19,6,2,0,0,0,1,0,2,0,1,1,6,6,3,-1,-1,-1,-1,-1,-1,-1,-1,0,-1
2023311399352,2023,311399352,2,9,0,1,1,4,8,0,0,1,0,0,0,0,2,1,6,6,3,25,5,-1,-1,-1,-1,-1,-1,0,-1
2023302300406,2023,302300406,2,11,0,3,3,8,4,0,0,0,0,0,0,0,0,1,1,1,3,-1,-1,-1,-1,-1,-1,5,E01019456,0,-1
2023010476533,2023,010476533,2,98,0,99,99,9,9,99,99,9,9,99,9,99,9,9,6,6,3,-1,-1,-1,-1,-1,-1,-1,-1,0,-1
2023430472897,2023,430472897,2,3,0,18,19,4,8,0,0,8,0,0,0,0,1,1,1,1,1,36,7,-1,-1,-1,-1,10,E01017896,0,-1
2023421390500,2023,421390500,1,19,0,-1,-1,-1,-1,-1,-1,-1,-1,-1,-1,0,-1,1,6,6,1,-1,-1,-1,-1,-1,-1,-1,-1,0,-1
2023161309860,2023,161309860,1,1,0,14,14,3,7,0,0,0,0,0,0,0,3,1,6,6,1,52,8,-1,-1,-1,-1,9,E01012956,0,-1
2023421359977,2023,421359977,3,19,0,4,4,7,3,0,0,0,0,0,0,0,1,1,1,1,1,59,9,-1,-1,-1,-1,7,E01021878,0,-1
2023211345245,2023,211345245,1,9,-1,5,5,3,7,-1,-1,-1,-1,-1,-1,0,-1,1,6,6,3,-1,-1,-1,-1,-1,-1,-1,-1,0,-1
2023010474138,2023,010474138,2,1,0,18,19,7,3,9,9,6,5,7,0,0,4,1,6,6,1,24,5,-1,-1,-1,-1,6,E01030135,0,-1
202363D034523,2023,63D034523,1,9,0,18,19,1,5,0,0,8,0,0,0,0,1,1,6,6,1,36,7,-1,-1,-1,-1,-1,-1,0,-1
2023041321189,2023,041321189,2,1,0,18,19,-1,-1,0,0,0,-1,0,0,0,1,1,6,6,2,29,6,-1,-1,-1,-1,3,E01024897,0,-1
2023231269715,2023,231269715,1,9,0,18,19,2,6,0,0,0,1,0,0,0,1,1,2,2,1,31,6,-1,-1,-1,-1,6,E01031249,0,-1
2023440036740,2023,440036740,1,9,0,9,9,3,1,0,0,8,0,0,0,0,4,1,6,6,3,-1,-1,-1,-1,-1,-1,-1,-1,0,-1
2023430391449,2023,430391449,2,19,0,17,19,6,4,0,0,1,0,0,1,0,3,1,6,6,2,37,7,-1,-1,-1,-1,9,E01017821,0,-1
2023221343821,2023,221343821,1,9,0,14,14,2,6,0,0,0,0,0,0,0,4,1,6,6,3,27,6,-1,-1,-1,-1,-1,-1,0,-1
2023010474363,2023,010474363,1,1,9,99,99,9,9,99,99,0,9,99,9,99,1,1,6,6,1,58,9,-1,-1,-1,-1,9,E01000775,0,-1
2023430300386,2023,430300386,2,-1,0,18,19,6,2,0,0,1,0,0,0,0,1,1,6,6,1,17,4,-1,-1,-1,-1,8,E01028595,1,-1
2023201386924,2023,201386924,1,9,9,18,19,-1,-1,0,0,0,0,0,0,0,9,1,6,6,3,-1,-1,-1,-1,-1,-1,-1,-1,0,-1
2023031290411,2023,031290411,1,11,-1,16,19,3,7,0,0,1,0,0,0,0,1,1,6,6,3,-1,-1,-1,-1,-1,-1,-1,-1,0,-1
2023311323036,2023,311323036,1,4,0,13,13,2,6,0,0,1,0,4,7,0,4,1,5,6,1,18,4,-1,-1,-1,-1,-1,-1,0,-1
2023111275618,2023,111275618,2,1,0,18,19,3,7,0,0,0,0,0,0,0,3,1,5,6,1,17,4,-1,-1,-1,-1,9,E01012329,0,-1
2023332300793,2023,332300793,1,1,0,9,9,4,2,0,0,3,0,0,0,0,4,1,6,6,1,61,9,-1,-1,-1,-1,9,E01025816,0,-1
2023361384501,2023,361384501,2,9,0,17,19,4,3,0,0,1,0,0,0,0,1,1,1,1,2,48,8,-1,-1,-1,-1,8,E01026895,0,-1
2023430011289,2023,430011289,1,9,0,9,9,3,1,0,0,2,0,0,0,0,1,1,6,6,1,30,6,-1,-1,-1,-1,-1,-1,0,-1
2023421384303,2023,421384303,2,9,0,3,3,4,8,0,0,0,0,0,0,0,2,1,5,6,1,32,6,-1,-1,-1,-1,5,E01021493,0,-1
2023061323629,2023,061323629,1,1,0,18,19,8,4,0,0,0,0,0,0,0,1,1,6,6,1,35,6,-1,-1,-1,-1,2,E01006354,0,-1
2023201355916,2023,201355916,1,9,0,18,19,2,6,0,0,0,0,0,0,0,1,1,6,6,2,-1,-1,-1,-1,-1,-1,-1,-1,0,-1
2023010447132,2023,010447132,2,19,0,99,99,9,9,99,99,9,9,99,9,99,9,9,6,6,3,-1,-1,-1,-1,-1,-1,-1,-1,0,-1
2023141292532,2023,141292532,1,9,0,18,19,7,3,0,0,0,0,0,0,0,1,2,1,1,1,46,8,-1,-1,-1,-1,10,E01007930,0,-1
2023010466711,2023,010466711,1,1,9,99,99,9,9,99,99,9,9,99,9,99,1,1,2,2,1,29,6,-1,-1,-1,-1,2,E01001761,0,-1
2023010428067,2023,010428067,1,1,0,5,5,5,1,0,0,1,0,0,0,0,3,1,6,6,2,21,5,-1,-1,-1,-1,7,E01004762,0,-1
2023451294980,2023,451294980,2,1,0,18,19,3,7,0,0,0,0,0,0,0,3,1,5,6,1,77,11,-1,-1,-1,-1,8,E01030538,0,-1
2023302301614,2023,302301614,1,9,0,9,9,2,8,0,0,0,0,0,0,0,1,1,6,6,1,59,9,-1,-1,-1,-1,1,E01013573,0,-1
2023351273657,2023,351273657,1,9,0,18,19,-1,-1,0,0,0,0,0,0,0,1,1,6,6,3,-1,-1,-1,-1,-1,-1,-1,-1,0,-1
2023010481908,2023,010481908,1,9,9,99,99,9,9,99,99,0,9,99,9,99,9,9,6,6,3,-1,-1,-1,-1,-1,-1,-1,-1,0,-1
2023031308552,2023,031308552,1,17,0,18,19,-1,-1,0,0,0,0,0,0,0,0,1,1,1,3,-1,-1,-1,-1,-1,-1,-1,-1,0,-1
2023010454527,2023,010454527,2,1,0,5,5,4,8,0,0,1,0,0,0,0,1,1,2,2,1,20,4,-1,-1,-1,-1,5,E01002660,0,-1
2023481366954,2023,481366954,1,19,0,7,7,7,1,0,0,8,0,0,0,0,1,1,1,1,3,40,7,-1,-1,-1,-1,-1,-1,0,-1
2023351292475,2023,351292475,2,1,0,18,19,-1,-1,0,0,1,0,0,0,0,1,1,2,2,1,39,7,-1,-1,-1,-1,10,E01018266,0,-1
2023131392155,2023,131392155,2,22,0,18,19,1,5,0,0,0,0,0,0,0,3,1,6,6,1,47,8,-1,-1,-1,-1,2,E01011914,0,-1
2023610014423,2023,610014423,1,9,0,18,19,8,4,0,0,0,1,0,2,4,1,1,6,6,1,19,4,-1,-1,-1,-1,-1,-1,0,-1
2023340WN1422,2023,340WN1422,2,1,0,18,19,3,7,0,0,2,0,0,0,0,2,1,6,6,1,46,8,-1,-1,-1,-1,2,E01027151,0,-1
2023430461272,2023,430461272,1,9,0,9,9,7,5,0,0,6,0,0,0,0,1,1,6,6,2,37,7,-1,-1,-1,-1,2,E01028577,0,-1
2023201294304,2023,201294304,1,9,0,18,19,-1,-1,0,0,0,0,0,0,0,1,1,6,6,3,-1,-1,-1,-1,-1,-1,-1,-1,0,-1
2023201328133,2023,201328133,1,-1,0,18,19,8,4,0,0,1,0,0,0,0,1,1,6,6,1,-1,-1,-1,-1,-1,-1,-1,-1,0,-1
2023332300719,2023,332300719,2,9,0,18,19,8,4,0,0,1,0,0,0,0,1,1,6,6,3,-1,-1,-1,-1,-1,-1,-1,-1,0,-1
2023201379572,2023,201379572,2,9,0,3,3,6,2,0,0,1,0,0,0,0,2,1,6,6,2,34,6,-1,-1,-1,-1,5,E01009312,0,-1
2023010441700,2023,010441700,2,-1,0,18,19,1,5,0,0,0,0,0,0,0,1,1,6,6,1,23,5,-1,-1,-1,-1,5,E01002739,1,-1
2023070878876,2023,070878876,1,19,0,18,19,7,3,0,0,0,0,0,0,0,4,1,6,6,1,-1,-1,-1,-1,-1,-1,-1,-1,0,-1
2023430468487,2023,430468487,1,9,0,18,19,2,6,0,0,6,0,0,0,0,2,1,6,6,1,91,11,-1,-1,-1,-1,7,E01028490,0,-1
2023461328476,2023,461328476,1,9,0,9,9,5,3,0,0,1,0,0,0,0,4,1,6,6,3,-1,-1,-1,-1,-1,-1,-1,-1,0,-1
2023631359878,2023,631359878,1,9,0,-1,-1,-1,-1,-1,-1,1,-1,-1,-1,0,-1,1,6,6,3,-1,-1,-1,-1,-1,-1,-1,-1,0,-1
2023122300510,2023,122300510,1,98,0,5,5,5,2,0,0,2,0,0,0,0,0,1,6,6,3,-1,-1,-1,-1,-1,-1,-1,-1,0,-1
2023170S30923,2023,170S30923,2,1,0,18,19,6,2,0,0,0,0,0,0,0,1,1,6,6,1,35,6,-1,-1,-1,-1,-1,-1,0,-1
2023471284692,2023,471284692,2,1,0,12,12,5,1,0,0,1,0,0,0,0,2,1,5,6,1,65,9,-1,-1,-1,-1,5,E01031410,0,-1
2023311274155,2023,311274155,2,1,0,18,19,5,2,4,4,8,0,0,0,0,1,1,2,2,2,34,6,-1,-1,-1,-1,-1,-1,0,-1
2023010420849,2023,010420849,1,1,9,99,99,9,9,99,99,9,9,99,9,99,1,1,2,2,1,37,7,-1,-1,-1,-1,5,E01003222,0,-1
2023351333621,2023,351333621,1,9,0,18,19,3,7,0,0,0,0,0,0,0,2,1,5,6,1,33,6,-1,-1,-1,-1,4,E01015630,0,-1
2023401300245,2023,401300245,1,97,0,18,19,1,5,0,0,0,0,0,0,0,1,1,6,6,1,14,3,-1,-1,-1,-1,3,E01017596,0,-1
2023471351838,2023,471351838,2,9,0,18,19,4,8,0,0,0,0,0,0,0,0,1,6,6,3,-1,-1,-1,-1,-1,-1,-1,-1,0,-1
2023320115312,2023,320115312,2,1,0,18,19,6,2,0,0,8,5,0,0,0,1,1,6,6,2,48,8,-1,-1,-1,-1,2,E01026006,0,-1
2023161318526,2023,161318526,2,1,0,18,19,3,7,0,0,0,0,0,0,0,3,1,2,2,1,26,6,-1,-1,-1,-1,1,E01013140,0,-1
2023501265528,2023,501265528,2,1,0,5,5,4,8,0,0,0,0,0,0,0,3,1,5,6,1,57,9,-1,-1,-1,-1,6,E01020029,0,-1
2023501350941,2023,501350941,2,1,0,18,19,5,1,0,0,0,2,0,0,0,0,1,6,6,1,51,8,-1,-1,-1,-1,4,E01018987,0,-1
2023471310873,2023,471310873,1,9,0,5,5,1,5,6,6,0,0,0,0,0,1,1,6,6,1,-1,-1,-1,-1,-1,-1,-1,-1,0,-1
2023010431656,2023,010431656,1,1,0,18,19,1,5,0,0,8,0,0,0,0,3,1,6,6,1,43,7,-1,-1,-1,-1,1,E01001765,0,-1
202354A048323,2023,54A048323,2,1,0,18,19,1,5,0,0,1,0,0,0,0,1,1,6,6,1,16,4,-1,-1,-1,-1,9,E01032702,0,-1
2023011347330,2023,011347330,3,9,0,18,19,7,3,0,0,0,0,0,0,0,4,1,6,6,2,57,9,-1,-1,-1,-1,6,E01016328,0,-1
2023061392172,2023,061392172,1,9,0,12,12,8,4,0,0,0,0,0,0,0,1,1,6,6,3,18,4,-1,-1,-1,-1,-1,-1,0,-1
2023161292000,2023,161292000,2,9,0,7,7,3,7,8,6,6,0,0,0,0,1,1,6,6,2,47,8,-1,-1,-1,-1,-1,-1,0,-1
2023010451087,2023,010451087,2,1,0,7,7,4,6,0,0,1,0,0,0,0,3,1,6,6,2,18,4,-1,-1,-1,-1,4,E01001939,0,-1
2023552301094,2023,552301094,2,1,0,18,19,6,2,0,0,0,0,0,0,0,3,1,6,6,1,76,11,-1,-1,-1,-1,6,E01015368,0,-1
2023430452214,2023,430452214,1,9,0,16,19,4,6,0,0,0,1,0,7,9,1,1,6,6,1,71,10,-1,-1,-1,-1,8,E01028742,0,-1
2023440274115,2023,440274115,2,9,0,18,19,5,1,0,0,1,0,0,0,0,1,1,6,6,1,-1,-1,-1,-1,-1,-1,-1,-1,0,-1
2023010466516,2023,010466516,2,3,0,18,19,4,8,0,0,8,0,0,1,0,1,1,6,6,1,19,4,-1,-1,-1,-1,2,E01001971,0,-1
2023440235753,2023,440235753,1,9,0,18,19,6,2,9,9,6,0,0,0,0,1,1,6,6,1,-1,-1,-1,-1,-1,-1,-1,-1,0,-1
2023170H10973,2023,170H10973,1,4,0,18,19,2,6,0,0,8,0,0,0,0,1,1,6,6,1,18,4,-1,-1,-1,-1,1,E01011977,0,-1
2023041381499,2023,041381499,1,23,0,18,19,3,7,0,0,1,0,0,0,0,1,1,6,6,1,29,6,-1,-1,-1,-1,2,E01012629,0,-1
2023302300344,2023,302300344,1,-1,0,13,13,4,8,9,9,1,0,0,0,0,4,1,6,6,3,-1,-1,-1,-1,-1,-1,5,E01019456,1,-1
2023522400899,2023,522400899,1,22,0,18,19,1,5,0,0,0,0,0,0,0,1,1,6,6,2,51,8,-1,-1,-1,-1,4,E01014570,0,-1
2023010476915,2023,010476915,1,1,0,99,99,9,9,0,0,9,0,0,0,0,1,1,1,1,1,22,5,-1,-1,-1,-1,2,E01001719,0,-1
2023610048523,2023,610048523,2,9,0,18,19,4,8,0,0,8,0,0,0,0,1,1,6,6,1,36,7,-1,-1,-1,-1,6,W01001458,0,-1
2023610046423,2023,610046423,1,9,0,17,19,6,4,0,0,0,1,0,0,0,4,1,6,6,1,18,4,-1,-1,-1,-1,7,W01000686,0,-1
2023201303531,2023,201303531,1,-1,0,11,11,8,4,0,0,8,0,0,0,0,1,1,6,6,3,-1,-1,-1,-1,-1,-1,-1,-1,0,-1
2023411279980,2023,411279980,2,-1,0,18,19,3,7,0,0,8,0,0,0,0,3,1,4,7,2,20,4,-1,-1,-1,-1,1,E01003986,1,-1
2023522400886,2023,522400886,2,9,0,18,19,4,8,0,0,1,0,0,0,0,1,1,6,6,1,25,5,-1,-1,-1,-1,8,E01014637,0,-1
2023010431231,2023,010431231,2,9,0,14,14,1,5,0,0,1,0,0,0,0,1,1,6,6,3,-1,-1,-1,-1,-1,-1,-1,-1,0,-1
2023401353954,2023,401353954,1,-1,0,-1,-1,-1,-1,0,0,0,0,0,0,0,-1,1,6,6,3,-1,-1,-1,-1,-1,-1,-1,-1,0,-1
2023421316218,2023,421316218,3,98,0,4,4,1,5,0,0,0,0,0,0,0,2,1,6,6,3,-1,-1,-1,-1,-1,-1,-1,-1,0,-1
2023320687547,2023,320687547,1,9,0,18,19,4,8,0,0,3,0,0,0,0,4,1,6,6,3,-1,-1,-1,-1,-1,-1,-1,-1,0,-1
2023546465123,2023,546465123,1,19,0,18,19,8,4,0,0,0,0,0,0,0,4,1,6,6,3,-1,-1,-1,-1,-1,-1,-1,-1,0,-1
2023010438866,2023,010438866,1,1,9,99,99,9,9,99,99,9,9,99,9,99,2,1,6,6,2,32,6,-1,-1,-1,-1,2,E01003299,0,-1
2023010437292,2023,010437292,2,9,0,4,4,3,7,0,0,1,0,0,0,0,1,1,6,6,3,22,5,-1,-1,-1,-1,-1,-1,0,-1
2023161363308,2023,161363308,2,1,0,18,19,7,3,0,0,8,0,0,0,0,1,1,6,6,1,11,3,-1,-1,-1,-1,7,E01033106,0,-1
2023471315192,2023,471315192,1,1,0,18,19,3,7,5,5,0,0,0,0,0,3,1,6,6,1,16,4,-1,-1,-1,-1,3,E01021178,0,-1
2023010432907,2023,010432907,1,9,0,99,99,9,9,99,99,0,9,99,9,99,2,9,6,6,3,-1,-1,-1,-1,-1,-1,-1,-1,0,-1
2023170L50043,2023,170L50043,2,9,0,4,4,4,6,0,0,2,0,0,0,0,2,1,6,6,3,-1,-1,-1,-1,-1,-1,-1,-1,0,-1
2023111289411,2023,111289411,1,9,0,18,19,1,5,0,0,1,0,0,0,0,3,1,6,6,3,30,6,-1,-1,-1,-1,-1,-1,0,-1
2023010453560,2023,010453560,1,9,0,4,4,2,6,0,0,1,0,0,0,0,1,1,6,6,2,40,7,-1,-1,-1,-1,2,E01003432,0,-1
2023010457050,2023,010457050,2,9,0,18,19,6,2,0,0,1,0,0,0,0,1,1,6,6,3,-1,-1,-1,-1,-1,-1,-1,-1,0,-1
2023471273290,2023,471273290,2,1,0,17,19,4,1,0,0,4,0,0,0,0,3,1,2,2,1,42,7,-1,-1,-1,-1,4,E01031836,0,-1
2023991259464,2023,991259464,2,1,0,18,19,7,3,0,0,0,0,0,0,0,1,1,6,6,1,59,9,-1,-1,-1,-1,2,-1,0,-1
2023522300369,2023,522300369,1,9,0,18,19,1,5,0,0,0,0,0,0,0,4,1,6,6,3,-1,-1,-1,-1,-1,-1,-1,-1,0,-1
2023170M11923,2023,170M11923,1,9,0,18,19,5,1,0,0,1,1,0,0,0,0,1,6,6,1,25,5,-1,-1,-1,-1,1,E01012093,0,-1
2023131382719,2023,131382719,2,1,0,5,5,7,1,0,0,4,0,0,0,0,2,1,6,6,1,21,5,-1,-1,-1,-1,6,E01011490,0,-1
2023231367362,2023,231367362,1,9,0,18,19,3,8,0,0,0,0,0,0,0,1,1,6,6,1,47,8,-1,-1,-1,-1,4,E01031165,0,-1
2023411340578,2023,411340578,1,-1,0,18,19,-1,-1,0,0,0,0,0,0,0,2,1,6,6,3,-1,-1,-1,-1,-1,-1,-1,-1,0,-1
2023101299910,2023,101299910,2,9,-1,18,19,7,3,0,0,1,0,0,0,0,0,1,6,6,3,-1,-1,-1,-1,-1,-1,-1,-1,0,-1
2023430071324,2023,430071324,1,9,0,18,19,2,6,0,0,1,0,0,0,0,3,1,6,6,1,-1,-1,-1,-1,-1,-1,-1,-1,0,-1
2023010434410,2023,010434410,2,9,0,99,99,9,9,99,99,9,9,99,9,99,9,9,6,6,3,-1,-1,-1,-1,-1,-1,-1,-1,0,-1
2023101321313,2023,101321313,2,1,0,18,19,4,8,0,0,8,5,0,0,0,3,1,2,2,1,39,7,-1,-1,-1,-1,1,E01008542,0,-1
2023461353602,2023,461353602,2,9,0,18,19,5,1,0,0,8,0,0,0,0,4,1,6,6,1,34,6,-1,-1,-1,-1,10,E01024722,0,-1
2023041393344,2023,041393344,2,9,0,18,19,1,5,0,0,1,0,0,0,0,2,1,5,6,1,23,5,-1,-1,-1,-1,5,E01025589,0,-1
2023131259931,2023,131259931,1,9,0,-1,-1,-1,-1,-1,-1,-1,-1,-1,-1,-1,-1,1,6,6,3,-1,-1,-1,-1,-1,-1,-1,-1,0,-1
2023010460822,2023,010460822,1,9,0,18,19,5,1,0,0,0,0,0,0,0,1,1,6,6,3,-1,-1,-1,-1,-1,-1,-1,-1,0,-1
2023461284340,2023,461284340,1,9,0,4,4,4,8,0,0,0,0,0,0,0,1,1,6,6,2,26,6,-1,-1,-1,-1,6,E01024340,0,-1
2023141375389,2023,141375389,6,98,0,18,19,5,1,0,0,0,0,0,0,0,2,1,1,1,1,39,7,-1,-1,-1,-1,2,E01008125,0,-1
2023461345116,2023,461345116,2,1,0,18,19,7,3,0,0,8,0,0,0,0,1,1,6,6,1,35,6,-1,-1,-1,-1,9,E01032813,0,-1
2023010455424,2023,010455424,2,9,0,18,19,1,5,0,0,2,0,0,0,0,3,1,6,6,3,23,5,-1,-1,-1,-1,-1,-1,0,-1
2023052301449,2023,052301449,2,22,0,2,2,0,0,0,0,8,0,0,0,0,1,1,6,6,1,57,9,-1,-1,-1,-1,1,E01006968,0,-1
2023131275115,2023,131275115,2,1,0,18,19,6,2,4,4,8,0,0,0,0,3,1,6,6,1,24,5,-1,-1,-1,-1,2,E01011149,0,-1
2023411337924,2023,411337924,2,1,0,5,5,6,7,0,0,1,0,0,0,0,1,1,6,6,1,29,6,-1,-1,-1,-1,6,E01023751,0,-1