collision_index,collision_year,collision_ref_no,vehicle_reference,vehicle_type,towing_and_articulation,vehicle_manoeuvre_historic,vehicle_manoeuvre,vehicle_direction_from,vehicle_direction_to,vehicle_location_restricted_lane_historic,vehicle_location_restricted_lane,junction_location,skidding_and_overturning,hit_object_in_carriageway,vehicle_leaving_carriageway,hit_object_off_carriageway,first_point_of_impact,vehicle_left_hand_drive,journey_purpose_of_driver_historic,journey_purpose_of_driver,sex_of_driver,age_of_driver,age_band_of_driver,engine_capacity_cc,propulsion_code,age_of_vehicle,generic_make_model,driver_imd_decile,lsoa_of_driver,escooter_flag,driver_distance_banding
2023361384035,2023,361384035,1,9,0,18,19,1,4,0,0,0,0,0,0,0,4,1,6,6,3,-1,-1,-1,-1,-1,-1,-1,-1,0,-1
2023061271421,2023,061271421,1,-1,-1,18,19,3,6,0,0,1,0,0,0,0,1,1,6,6,3,-1,-1,-1,-1,-1,-1,-1,-1,0,-1
2023061276574,2023,061276574,2,1,-1,18,19,5,1,0,0,8,0,0,0,0,1,1,2,2,2,40,7,-1,-1,-1,-1,8,E01005157,0,-1
2023052302505,2023,052302505,1,9,0,5,5,1,5,0,0,1,0,0,0,0,1,1,6,6,3,-1,-1,-1,-1,-1,-1,-1,-1,0,-1
2023411296363,2023,411296363,1,9,0,18,19,7,3,0,0,8,0,0,0,0,1,1,1,1,1,34,6,-1,-1,-1,-1,9,E01021781,0,-1
2023010469768,2023,010469768,2,1,0,18,19,3,7,0,0,2,0,0,0,0,3,1,6,6,2,28,6,-1,-1,-1,-1,5,E01000589,0,-1
2023340WN7102,2023,340WN7102,1,9,0,16,19,4,1,0,0,0,0,0,0,0,1,1,2,2,1,61,9,-1,-1,-1,-1,7,E01027210,0,-1
2023141284189,2023,141284189,2,1,0,18,19,2,6,0,0,1,0,0,0,0,1,1,6,6,1,-1,-1,-1,-1,-1,-1,-1,-1,0,-1
2023010451502,2023,010451502,1,1,9,99,99,9,9,99,99,0,9,99,9,99,9,1,1,1,3,41,7,-1,-1,-1,-1,4,E01001945,0,-1
2023010468379,2023,010468379,2,9,0,99,99,9,9,99,99,9,9,99,9,99,1,9,6,6,3,-1,-1,-1,-1,-1,-1,-1,-1,0,-1
2023411295900,2023,411295900,1,9,0,4,4,8,4,0,0,0,1,11,2,2,2,1,2,2,1,22,5,-1,-1,-1,-1,7,E01023963,0,-1
2023052302845,2023,052302845,1,19,0,13,13,5,1,0,0,1,0,0,0,0,4,1,6,6,3,-1,-1,-1,-1,-1,-1,-1,-1,0,-1
2023421293773,2023,421293773,1,9,0,13,13,6,3,0,0,0,0,0,0,0,4,1,6,6,3,20,4,-1,-1,-1,-1,-1,-1,0,-1
2023231366327,2023,231366327,2,21,1,18,19,6,2,0,0,8,0,0,0,0,1,1,6,6,1,40,7,-1,-1,-1,-1,-1,-1,0,-1
2023351364498,2023,351364498,2,1,-1,-1,-1,-1,-1,-1,-1,-1,-1,-1,-1,0,-1,1,2,2,1,18,4,-1,-1,-1,-1,10,E01018295,0,-1
2023061397034,2023,061397034,1,9,0,18,19,1,1,0,0,1,0,0,0,0,1,2,6,6,3,30,6,-1,-1,-1,-1,-1,-1,0,-1
2023122301256,2023,122301256,1,9,0,1,1,9,9,0,0,6,9,99,0,0,2,1,6,6,3,-1,-1,-1,-1,-1,-1,-1,-1,0,-1
2023991334445,2023,991334445,1,9,0,15,15,2,6,0,0,1,0,0,0,0,4,1,6,6,1,25,5,-1,-1,-1,-1,-1,-1,0,-1
2023421353556,2023,421353556,2,1,0,18,19,7,3,0,0,1,0,0,0,0,4,1,6,6,1,7,2,-1,-1,-1,-1,10,E01021960,0,-1
2023311377264,2023,311377264,1,9,0,18,19,4,7,1,1,8,0,0,0,0,4,1,6,6,1,-1,-1,-1,-1,-1,-1,-1,-1,0,-1
2023070056965,2023,070056965,2,9,0,2,2,0,0,0,0,0,0,0,0,0,2,1,6,6,1,-1,-1,-1,-1,-1,-1,-1,-1,0,-1
2023451263098,2023,451263098,1,1,0,18,19,5,5,0,0,0,0,0,0,0,2,1,5,6,1,48,8,-1,-1,-1,-1,10,E01003007,0,-1
2023440467859,2023,440467859,1,1,0,18,19,1,5,5,5,8,0,0,0,0,3,1,6,6,2,56,9,-1,-1,-1,-1,3,E01017267,0,-1
2023481355189,2023,481355189,2,1,0,18,19,3,7,0,0,0,0,0,0,0,0,1,2,2,2,58,9,-1,-1,-1,-1,-1,-1,0,-1
2023231313424,2023,231313424,3,1,0,18,19,6,1,0,0,8,0,0,0,0,1,1,6,6,1,27,6,-1,-1,-1,-1,8,E01031323,0,-1
2023340NN1592,2023,340NN1592,2,17,0,3,3,7,3,0,0,1,0,0,0,0,2,1,2,2,1,44,7,-1,-1,-1,-1,3,E01030026,0,-1
2023610011223,2023,610011223,1,9,0,18,19,3,7,0,0,0,0,0,2,2,1,1,6,6,1,-1,-1,-1,-1,-1,-1,-1,-1,0,-1
2023451283175,2023,451283175,1,9,0,18,19,1,5,0,0,1,0,0,0,0,1,1,6,6,3,42,7,-1,-1,-1,-1,-1,-1,0,-1
2023010455614,2023,010455614,2,9,0,99,99,9,9,99,99,0,9,99,9,99,9,9,6,6,3,-1,-1,-1,-1,-1,-1,-1,-1,0,-1
2023010485685,2023,010485685,1,1,0,18,19,7,3,0,0,8,0,0,0,0,4,1,2,2,1,32,6,-1,-1,-1,-1,4,E01032788,0,-1
2023440210677,2023,440210677,2,9,0,18,19,7,3,0,0,4,0,0,0,0,1,1,6,6,1,-1,-1,-1,-1,-1,-1,-1,-1,0,-1
2023461260216,2023,461260216,1,9,0,5,5,7,3,0,0,4,0,0,0,0,4,1,6,6,1,-1,-1,-1,-1,-1,-1,-1,-1,0,-1
2023481374262,2023,481374262,1,9,0,1,1,5,1,0,0,0,0,0,0,0,2,1,1,1,1,55,8,-1,-1,-1,-1,-1,-1,0,-1
2023010486594,2023,010486594,2,9,0,99,99,9,9,99,99,9,9,99,9,99,9,1,6,6,3,21,5,-1,-1,-1,-1,9,E01004604,0,-1
2023141381318,2023,141381318,3,9,0,3,3,2,7,0,0,0,0,0,0,0,2,1,6,6,3,-1,-1,-1,-1,-1,-1,-1,-1,0,-1
2023010427802,2023,010427802,2,9,9,99,99,9,9,99,99,9,9,99,9,99,9,9,6,6,3,-1,-1,-1,-1,-1,-1,-1,-1,0,-1
2023430157749,2023,430157749,2,1,0,18,19,6,2,0,0,0,0,0,0,0,4,1,6,6,1,49,8,-1,-1,-1,-1,7,E01017925,0,-1
2023430334353,2023,430334353,2,9,0,9,9,8,6,0,0,6,0,0,0,0,1,1,6,6,2,45,7,-1,-1,-1,-1,-1,-1,0,-1
2023010470445,2023,010470445,2,1,0,18,19,3,7,0,0,1,0,0,0,0,1,1,6,6,2,22,5,-1,-1,-1,-1,2,E01004711,0,-1
2023461284386,2023,461284386,1,98,0,18,19,4,7,0,0,0,0,0,0,0,1,1,5,6,3,-1,-1,-1,-1,-1,-1,-1,-1,0,-1
2023101261384,2023,101261384,1,8,0,18,19,1,1,0,0,4,0,0,0,0,2,1,1,1,3,45,7,-1,-1,-1,-1,-1,-1,0,-1
2023201410713,2023,201410713,1,9,0,7,7,8,3,0,0,3,0,0,0,0,1,1,6,6,3,-1,-1,-1,-1,-1,-1,-1,-1,0,-1
2023052300046,2023,052300046,1,9,0,5,5,1,5,0,0,1,0,0,0,0,1,1,6,6,1,34,6,-1,-1,-1,-1,9,E01006841,0,-1
2023522300402,2023,522300402,2,9,0,13,13,3,7,0,0,8,0,0,0,0,4,1,6,6,3,-1,-1,-1,-1,-1,-1,-1,-1,0,-1
2023332300706,2023,332300706,2,1,0,18,19,3,7,0,0,0,0,0,0,0,3,1,6,6,1,48,8,-1,-1,-1,-1,9,E01025669,0,-1
2023451295542,2023,451295542,1,9,0,18,19,5,1,6,6,0,0,0,1,2,1,1,5,6,1,33,6,-1,-1,-1,-1,4,E01030709,0,-1
2023041314559,2023,041314559,1,1,0,18,19,3,7,0,0,0,0,10,0,0,4,1,6,6,1,48,8,-1,-1,-1,-1,9,E01025511,0,-1
2023041307640,2023,041307640,2,9,0,18,19,3,7,0,0,0,0,0,0,0,0,1,5,6,1,40,7,-1,-1,-1,-1,5,E01025422,0,-1
2023552301297,2023,552301297,1,9,0,18,19,5,3,0,0,8,0,0,0,0,3,1,6,6,1,59,9,-1,-1,-1,-1,6,E01015366,0,-1
2023610046523,2023,610046523,1,9,0,4,4,8,4,0,0,0,0,0,0,0,4,1,6,6,2,37,7,-1,-1,-1,-1,1,W01001386,0,-1
2023061367317,2023,061367317,1,9,0,18,19,1,5,0,0,1,0,0,0,0,1,1,1,1,3,-1,-1,-1,-1,-1,-1,-1,-1,0,-1
2023461317802,2023,461317802,2,1,0,5,5,5,1,0,0,1,0,0,0,0,2,1,5,6,1,50,8,-1,-1,-1,-1,8,E01024763,0,-1
2023471273490,2023,471273490,2,1,4,18,19,3,7,0,0,0,0,0,0,0,2,1,6,6,2,28,6,-1,-1,-1,-1,8,E01031505,0,-1
2023622300301,2023,622300301,2,1,0,18,19,6,2,0,0,1,0,0,0,0,1,1,6,6,1,20,4,-1,-1,-1,-1,1,W01001866,0,-1
2023010455691,2023,010455691,2,98,9,99,99,9,9,99,99,9,9,99,9,99,0,9,6,6,3,-1,-1,-1,-1,-1,-1,-1,-1,0,-1
2023991310262,2023,991310262,2,1,0,5,5,5,8,0,0,4,0,0,0,0,2,1,5,6,1,49,8,-1,-1,-1,-1,1,-1,0,-1
2023131258834,2023,131258834,2,9,0,18,19,1,5,0,0,0,0,0,0,0,1,1,6,6,1,48,8,-1,-1,-1,-1,9,E01011628,0,-1
2023411328472,2023,411328472,2,-1,0,18,19,3,7,0,0,0,0,0,0,0,0,1,6,6,3,-1,-1,-1,-1,-1,-1,-1,-1,0,-1
2023071126246,2023,071126246,1,8,0,18,19,4,8,0,0,0,0,0,0,0,1,1,6,6,1,-1,-1,-1,-1,-1,-1,-1,-1,0,-1
2023522400365,2023,522400365,1,1,0,18,19,7,3,0,0,8,0,0,0,0,3,1,6,6,1,51,8,-1,-1,-1,-1,6,E01014769,0,-1
2023010469557,2023,010469557,2,1,0,18,19,1,5,0,0,1,0,4,0,0,3,1,6,6,2,38,7,-1,-1,-1,-1,10,E01004477,0,-1
2023010465370,2023,010465370,1,1,9,99,99,9,9,99,99,0,9,99,9,99,9,1,2,2,1,28,6,-1,-1,-1,-1,5,E01004503,0,-1
2023111266873,2023,111266873,1,1,0,18,19,5,1,0,0,2,0,0,0,0,4,1,4,7,1,12,3,-1,-1,-1,-1,3,E01012307,0,-1
2023101339553,2023,101339553,1,17,0,18,19,7,3,0,0,0,0,0,0,0,0,1,6,6,3,40,7,-1,-1,-1,-1,-1,-1,0,-1
2023320778029,2023,320778029,1,19,0,17,19,6,2,0,0,0,0,0,0,0,1,1,1,1,1,26,6,-1,-1,-1,-1,3,E01026023,0,-1
2023461383790,2023,461383790,1,8,0,18,19,-1,-1,0,0,0,0,0,0,0,0,1,6,6,3,-1,-1,-1,-1,-1,-1,-1,-1,0,-1
2023522400077,2023,522400077,2,9,0,18,19,8,4,0,0,8,0,0,0,0,1,1,6,6,1,42,7,-1,-1,-1,-1,6,E01014917,0,-1
2023451378710,2023,451378710,2,9,0,18,19,3,7,0,0,0,0,0,0,0,0,1,6,6,3,55,8,-1,-1,-1,-1,-1,-1,0,-1
2023122300440,2023,122300440,2,1,0,7,7,8,2,0,0,8,0,0,0,0,2,1,6,6,1,13,3,-1,-1,-1,-1,9,E01013429,0,-1
2023201377151,2023,201377151,2,1,0,18,19,7,3,0,0,0,0,0,0,0,2,1,6,6,1,64,9,-1,-1,-1,-1,2,E01009751,0,-1
2023401383766,2023,401383766,2,98,1,7,7,-1,-1,0,0,3,0,0,0,0,4,1,6,6,3,-1,-1,-1,-1,-1,-1,-1,-1,0,-1
2023141325675,2023,141325675,2,97,0,18,19,6,1,0,0,1,0,0,0,0,1,1,6,6,3,-1,-1,-1,-1,-1,-1,-1,-1,0,-1
2023552300963,2023,552300963,2,1,0,18,19,2,6,0,0,0,0,0,0,0,3,1,6,6,1,50,8,-1,-1,-1,-1,4,E01020581,0,-1
2023430219716,2023,430219716,1,1,0,18,19,6,2,0,0,1,0,0,0,0,4,1,6,6,2,22,5,-1,-1,-1,-1,4,E01016481,0,-1
2023010441397,2023,010441397,2,9,0,99,99,9,9,99,99,9,9,99,9,99,1,9,6,6,3,-1,-1,-1,-1,-1,-1,-1,-1,0,-1
2023010444325,2023,010444325,2,1,0,18,19,6,2,0,0,8,0,0,0,0,1,1,1,1,1,24,5,-1,-1,-1,-1,6,E01001990,0,-1
2023061326378,2023,061326378,2,1,0,5,5,5,1,0,0,1,0,0,0,0,4,1,6,6,2,17,4,-1,-1,-1,-1,6,E01005962,0,-1
2023520400612,2023,520400612,2,9,9,18,19,9,9,0,0,0,0,0,0,0,4,9,6,6,3,-1,-1,-1,-1,-1,-1,-1,-1,0,-1
2023501282939,2023,501282939,1,9,0,18,19,3,7,0,0,0,2,0,8,3,1,1,6,6,3,-1,-1,-1,-1,-1,-1,-1,-1,0,-1
2023451264296,2023,451264296,2,9,0,18,19,5,1,0,0,1,0,0,0,0,1,2,1,1,1,37,7,-1,-1,-1,-1,5,E01030656,0,-1
2023552301383,2023,552301383,2,1,0,18,19,8,4,0,0,8,0,0,0,0,2,1,6,6,1,45,7,-1,-1,-1,-1,8,E01015370,0,-1
2023010445405,2023,010445405,2,9,0,18,19,5,1,0,0,8,0,0,0,0,1,9,6,6,1,-1,-1,-1,-1,-1,-1,-1,-1,0,-1
2023010472227,2023,010472227,2,1,9,99,99,9,9,99,99,9,9,99,9,99,9,1,6,6,2,51,8,-1,-1,-1,-1,3,E01001874,0,-1
2023131268948,2023,131268948,3,9,0,9,9,4,3,0,0,1,0,0,0,0,-1,1,6,6,3,30,6,-1,-1,-1,-1,-1,-1,0,-1
2023010450285,2023,010450285,2,1,0,9,9,3,8,0,0,1,0,0,0,0,2,1,6,6,1,33,6,-1,-1,-1,-1,1,E01002040,0,-1
2023451354580,2023,451354580,1,1,0,9,9,5,5,0,0,5,0,0,0,0,1,1,6,6,2,32,6,-1,-1,-1,-1,8,E01030666,0,-1
2023522300379,2023,522300379,1,1,0,18,19,1,5,5,5,0,0,0,0,2,1,1,6,6,1,66,10,-1,-1,-1,-1,8,E01014669,0,-1
2023010456037,2023,010456037,1,1,0,18,19,1,5,0,0,8,0,0,0,0,1,1,6,6,1,16,4,-1,-1,-1,-1,1,E01004407,0,-1
2023010467324,2023,010467324,1,8,0,99,99,9,9,99,99,9,9,99,9,99,1,9,1,1,1,59,9,-1,-1,-1,-1,8,E01023704,0,-1
2023421333405,2023,421333405,2,1,0,18,19,7,3,0,0,3,0,0,0,0,2,1,6,6,1,16,4,-1,-1,-1,-1,4,E01015853,0,-1
2023991349617,2023,991349617,1,11,0,4,4,8,4,2,2,0,0,0,0,0,0,1,1,1,1,57,9,-1,-1,-1,-1,4,-1,0,-1
2023052302992,2023,052302992,1,3,0,18,19,5,1,0,0,0,0,0,0,0,1,1,6,6,1,20,4,-1,-1,-1,-1,1,E01006871,0,-1
2023010467116,2023,010467116,2,9,0,99,99,9,9,99,99,0,9,99,9,99,1,9,6,6,3,-1,-1,-1,-1,-1,-1,-1,-1,0,-1
2023010452158,2023,010452158,1,1,9,99,99,9,9,99,99,9,9,99,9,99,1,1,6,6,3,-1,-1,-1,-1,-1,-1,4,E01003023,0,-1
2023221366948,2023,221366948,1,9,0,18,19,1,5,0,0,0,0,0,0,0,1,1,6,6,3,42,7,-1,-1,-1,-1,-1,-1,0,-1
2023010432557,2023,010432557,1,1,0,18,19,5,1,0,0,1,0,0,0,0,2,1,2,2,1,33,6,-1,-1,-1,-1,2,E01001750,0,-1
2023111310024,2023,111310024,2,1,0,18,19,7,3,9,9,1,0,0,0,0,1,1,6,6,1,5,1,-1,-1,-1,-1,1,E01020724,0,-1
2023302300076,2023,302300076,1,9,0,18,19,2,6,0,0,0,0,0,0,0,4,1,3,7,2,32,6,-1,-1,-1,-1,2,E01028284,0,-1
2023010425040,2023,010425040,2,1,0,9,9,5,3,0,0,8,0,0,0,0,2,1,1,1,1,25,5,-1,-1,-1,-1,-1,-1,0,-1
2023010446421,2023,010446421,2,9,0,99,99,9,9,99,99,9,9,99,9,99,1,9,6,6,3,-1,-1,-1,-1,-1,-1,-1,-1,0,-1
2023302300700,2023,302300700,2,1,0,18,19,2,6,0,0,1,0,0,0,0,3,1,6,6,1,-1,-1,-1,-1,-1,-1,-1,-1,0,-1
202360A117059,2023,60A117059,2,9,0,16,19,3,7,0,0,1,0,0,0,0,1,1,6,6,1,32,6,-1,-1,-1,-1,-1,-1,0,-1
2023421311385,2023,421311385,1,9,0,5,5,4,2,0,0,1,0,0,0,0,1,1,2,2,1,45,7,-1,-1,-1,-1,4,E01021688,0,-1
2023991379431,2023,991379431,1,1,0,16,19,6,2,0,0,2,0,0,0,0,3,1,6,6,3,-1,-1,-1,-1,-1,-1,-1,-1,0,-1
2023010439928,2023,010439928,2,1,0,5,5,3,7,0,0,0,0,0,0,0,2,1,6,6,2,26,6,-1,-1,-1,-1,3,E01001841,0,-1
2023010483812,2023,010483812,1,1,9,99,99,9,9,99,99,9,9,99,9,99,9,1,2,2,1,30,6,-1,-1,-1,-1,-1,-1,0,-1
2023440406134,2023,440406134,1,9,0,18,19,5,1,0,0,0,0,0,0,0,1,1,6,6,3,-1,-1,-1,-1,-1,-1,-1,-1,0,-1
2023201287867,2023,201287867,1,9,0,18,19,8,4,0,0,0,0,4,0,0,1,1,1,1,1,44,7,-1,-1,-1,-1,1,E01010453,0,-1
2023201393272,2023,201393272,2,9,0,18,19,4,8,0,0,8,0,0,0,0,1,1,6,6,1,-1,-1,-1,-1,-1,-1,-1,-1,0,-1
2023010471657,2023,010471657,2,1,0,18,19,8,4,0,0,0,0,0,0,0,1,1,6,6,1,34,6,-1,-1,-1,-1,8,E01031885,0,-1
2023461300595,2023,461300595,3,9,0,18,19,5,1,0,0,0,0,0,0,0,4,1,2,2,1,42,7,-1,-1,-1,-1,7,E01024812,0,-1
2023311331128,2023,311331128,2,1,0,13,13,3,7,0,0,6,0,0,0,0,1,1,6,6,1,46,8,-1,-1,-1,-1,-1,-1,0,-1
2023544786623,2023,544786623,3,9,0,2,2,0,0,0,0,0,0,0,0,0,1,1,6,6,1,-1,-1,-1,-1,-1,-1,-1,-1,0,-1
2023161351247,2023,161351247,2,1,0,18,19,7,3,0,0,1,0,0,0,0,1,1,6,6,1,16,4,-1,-1,-1,-1,-1,-1,0,-1
2023131323606,2023,131323606,1,9,0,-1,-1,-1,-1,-1,-1,0,-1,-1,-1,-1,-1,1,6,6,3,-1,-1,-1,-1,-1,-1,-1,-1,0,-1
2023351368449,2023,351368449,1,-1,0,9,9,7,5,0,0,1,0,0,0,0,4,1,6,6,3,-1,-1,-1,-1,-1,-1,-1,-1,1,-1
2023010446416,2023,010446416,2,1,0,15,15,3,7,0,0,8,0,0,0,0,1,1,6,6,1,41,7,-1,-1,-1,-1,4,E01001934,0,-1
2023221354805,2023,221354805,2,9,0,18,19,4,8,0,0,8,0,0,0,0,1,1,5,6,1,17,4,-1,-1,-1,-1,5,E01028828,0,-1
2023101335424,2023,101335424,2,9,0,18,19,7,3,0,0,8,0,0,0,0,1,1,6,6,2,35,6,-1,-1,-1,-1,-1,-1,0,-1
2023010447767,2023,010447767,2,9,0,99,99,9,9,99,99,9,9,99,9,99,2,9,6,6,3,-1,-1,-1,-1,-1,-1,-1,-1,0,-1
2023371279665,2023,371279665,1,97,0,18,19,5,3,0,0,0,2,0,0,0,0,1,6,6,3,-1,-1,-1,-1,-1,-1,-1,-1,0,-1
2023101269755,2023,101269755,1,8,0,18,19,8,4,0,0,1,0,0,0,0,3,1,1,1,1,40,7,-1,-1,-1,-1,-1,-1,0,-1
2023070625603,2023,070625603,2,1,0,18,19,5,1,0,0,2,0,0,0,0,2,1,6,6,1,33,6,-1,-1,-1,-1,5,E01018626,0,-1
2023610045323,2023,610045323,3,19,0,4,4,6,2,0,0,1,1,0,0,0,1,1,6,6,1,44,7,-1,-1,-1,-1,7,W01001548,0,-1
2023141306364,2023,141306364,1,98,0,4,4,1,4,0,0,0,0,0,0,0,2,1,5,6,1,42,7,-1,-1,-1,-1,5,E01007611,0,-1
2023052300161,2023,052300161,4,9,0,18,19,3,7,0,0,0,0,0,0,0,2,1,2,2,1,20,4,-1,-1,-1,-1,8,E01025519,0,-1
2023201408279,2023,201408279,2,9,0,18,19,7,3,0,0,8,0,7,2,0,1,1,6,6,1,37,7,-1,-1,-1,-1,1,E01009093,0,-1
2023010476192,2023,010476192,2,9,0,99,99,9,9,99,99,9,9,99,9,99,9,9,6,6,3,-1,-1,-1,-1,-1,-1,-1,-1,0,-1
2023401321912,2023,401321912,1,9,0,18,19,5,1,0,0,0,0,0,0,0,1,1,6,6,3,-1,-1,-1,-1,-1,-1,-1,-1,0,-1
2023451351738,2023,451351738,1,5,0,18,19,7,1,0,0,0,0,0,0,0,0,1,6,6,3,30,6,-1,-1,-1,-1,9,E01031733,0,-1
2023522300836,2023,522300836,2,9,0,18,19,6,2,0,0,0,0,0,0,0,1,1,6,6,3,-1,-1,-1,-1,-1,-1,-1,-1,0,-1
2023421394707,2023,421394707,1,9,0,18,19,1,7,0,0,8,0,0,0,0,1,1,6,6,2,-1,-1,-1,-1,-1,-1,-1,-1,0,-1
2023010457828,2023,010457828,1,3,9,99,99,9,9,9,9,9,9,12,9,99,4,1,6,6,1,20,4,-1,-1,-1,-1,6,E01001236,0,-1
2023421388173,2023,421388173,1,98,1,18,19,7,3,0,0,0,0,0,0,0,3,2,1,1,1,58,9,-1,-1,-1,-1,-1,-1,0,-1
2023010474255,2023,010474255,2,-1,0,9,9,4,1,0,0,8,0,0,0,0,2,1,6,6,2,33,6,-1,-1,-1,-1,2,E01004719,1,-1
2023451360754,2023,451360754,1,1,0,5,5,1,3,0,0,8,0,0,0,0,0,1,6,6,1,55,8,-1,-1,-1,-1,9,E01016565,0,-1
2023201377996,2023,201377996,1,9,0,18,19,4,8,0,0,0,0,0,0,0,1,1,6,6,1,36,7,-1,-1,-1,-1,4,E01016439,0,-1
2023010431052,2023,010431052,1,9,0,99,99,9,9,99,99,9,9,99,9,99,2,9,6,6,2,-1,-1,-1,-1,-1,-1,-1,-1,0,-1
2023351374959,2023,351374959,1,8,0,18,19,7,3,0,0,1,0,0,0,0,1,1,6,6,3,-1,-1,-1,-1,-1,-1,-1,-1,0,-1
2023010449488,2023,010449488,1,1,0,4,4,8,4,9,9,1,0,4,0,0,1,1,6,6,1,23,5,-1,-1,-1,-1,-1,-1,0,-1
2023531389336,2023,531389336,1,9,0,11,11,3,7,0,0,8,0,0,0,0,4,1,6,6,1,-1,-1,-1,-1,-1,-1,-1,-1,0,-1
2023010459909,2023,010459909,2,9,0,99,99,9,9,99,99,9,9,99,9,99,9,9,6,6,3,-1,-1,-1,-1,-1,-1,-1,-1,0,-1
2023131261228,2023,131261228,3,1,0,18,19,7,3,0,0,0,0,1,0,0,1,1,5,6,1,73,10,-1,-1,-1,-1,1,E01011357,0,-1
2023010454358,2023,010454358,2,1,0,18,19,7,3,0,0,2,0,0,0,0,3,1,6,6,2,30,6,-1,-1,-1,-1,2,E01003325,0,-1
2023461365936,2023,461365936,1,98,0,5,5,1,5,0,0,1,0,0,0,0,1,1,1,1,2,38,7,-1,-1,-1,-1,7,E01024316,0,-1
2023052301774,2023,052301774,2,1,0,3,3,3,7,0,0,0,0,0,0,0,2,1,6,6,1,61,9,-1,-1,-1,-1,4,E01007230,0,-1
2023101391734,2023,101391734,1,9,0,4,4,1,5,9,9,0,0,0,1,0,4,1,5,6,2,35,6,-1,-1,-1,-1,-1,-1,0,-1
2023010462874,2023,010462874,2,1,0,13,13,3,7,0,0,1,0,0,0,0,1,1,6,6,1,26,6,-1,-1,-1,-1,2,E01004068,0,-1
2023440044191,2023,440044191,2,9,0,13,13,1,5,0,0,0,0,0,0,0,3,1,6,6,3,-1,-1,-1,-1,-1,-1,-1,-1,0,-1
2023161309843,2023,161309843,2,9,0,9,9,7,5,0,0,8,0,0,0,0,0,1,6,6,3,-1,-1,-1,-1,-1,-1,-1,-1,0,-1
2023161353568,2023,161353568,1,3,0,15,15,3,7,0,0,0,2,0,0,0,1,1,6,6,3,-1,-1,-1,-1,-1,-1,-1,-1,0,-1
2023111349081,2023,111349081,2,1,0,18,19,1,5,0,0,0,0,0,0,0,3,1,6,6,1,42,7,-1,-1,-1,-1,9,E01032546,0,-1
2023531290570,2023,531290570,2,1,0,18,19,6,2,0,0,8,5,0,0,0,1,1,2,2,1,23,5,-1,-1,-1,-1,9,E01022129,0,-1
2023471315192,2023,471315192,2,9,0,18,19,1,5,0,0,0,0,0,0,0,1,1,1,1,1,54,8,-1,-1,-1,-1,10,E01021210,0,-1
2023991297211,2023,991297211,1,9,0,18,19,3,7,0,0,0,0,0,0,0,1,1,5,6,1,28,6,-1,-1,-1,-1,3,-1,0,-1
2023320603524,2023,320603524,1,9,0,18,19,8,4,0,0,0,0,0,0,0,4,1,6,6,3,-1,-1,-1,-1,-1,-1,-1,-1,0,-1
2023552400130,2023,552400130,2,1,0,18,19,6,2,0,0,8,0,0,0,0,3,1,6,6,1,45,7,-1,-1,-1,-1,10,E01015452,0,-1
2023231297783,2023,231297783,5,9,0,18,19,8,4,0,0,0,0,0,0,0,1,1,6,6,1,75,10,-1,-1,-1,-1,2,E01009782,0,-1
2023010455613,2023,010455613,2,9,0,99,99,9,9,99,99,9,9,99,9,99,1,9,6,6,3,-1,-1,-1,-1,-1,-1,2,E01004226,0,-1
2023430132994,2023,430132994,2,9,0,2,2,0,0,6,6,0,0,0,0,0,2,1,6,6,1,27,6,-1,-1,-1,-1,3,E01028553,0,-1
2023320761374,2023,320761374,1,21,0,18,19,1,5,0,0,0,0,0,0,0,1,1,6,6,3,-1,-1,-1,-1,-1,-1,-1,-1,0,-1
2023010440413,2023,010440413,1,1,0,18,19,6,2,0,0,1,9,0,0,0,1,1,1,1,2,39,7,-1,-1,-1,-1,5,E01004700,0,-1
2023061340113,2023,061340113,1,9,0,12,12,-1,-1,0,0,0,0,0,0,0,1,1,6,6,1,-1,-1,-1,-1,-1,-1,-1,-1,0,-1
2023421272494,2023,421272494,3,9,0,3,3,1,5,0,0,0,0,0,0,0,2,1,6,6,1,46,8,-1,-1,-1,-1,10,E01021545,0,-1
2023231328091,2023,231328091,2,1,0,5,5,5,1,9,9,0,0,0,0,0,1,1,5,6,1,6,2,-1,-1,-1,-1,1,E01031090,0,-1
2023552300931,2023,552300931,2,1,0,18,19,4,8,0,0,8,0,0,0,0,1,1,6,6,1,15,3,-1,-1,-1,-1,7,E01015330,0,-1
2023010483428,2023,010483428,1,1,9,99,99,9,9,4,4,1,9,99,9,99,9,1,2,2,1,36,7,-1,-1,-1,-1,7,E01030993,0,-1
2023141288197,2023,141288197,1,1,0,18,19,5,1,0,0,8,0,0,0,0,3,1,5,6,2,29,6,-1,-1,-1,-1,6,E01008151,0,-1
2023141272062,2023,141272062,2,1,0,18,19,3,7,0,0,0,0,0,0,0,1,1,6,6,1,66,10,-1,-1,-1,-1,10,E01007600,0,-1
2023221285338,2023,221285338,3,9,0,16,19,6,1,0,0,0,0,0,0,0,4,1,5,6,2,46,8,-1,-1,-1,-1,8,E01013990,0,-1
2023340NN2082,2023,340NN2082,2,9,0,18,19,1,5,0,0,8,0,0,0,0,4,1,6,6,1,19,4,-1,-1,-1,-1,7,E01027090,0,-1
2023010459173,2023,010459173,1,1,9,99,99,9,9,99,99,9,9,99,9,99,1,1,2,2,1,31,6,-1,-1,-1,-1,5,E01032790,0,-1
2023131352555,2023,131352555,1,9,0,7,7,5,7,0,0,8,0,0,0,0,1,1,6,6,3,-1,-1,-1,-1,-1,-1,-1,-1,0,-1
2023531349707,2023,531349707,2,1,0,18,19,8,4,0,0,2,5,0,0,0,3,1,6,6,1,50,8,-1,-1,-1,-1,7,E01022248,0,-1
2023052300161,2023,052300161,3,9,0,18,19,3,7,0,0,0,0,0,0,0,2,1,1,1,1,28,6,-1,-1,-1,-1,6,E01006487,0,-1
2023440045232,2023,440045232,2,3,0,18,19,6,2,0,0,8,0,0,0,0,4,1,2,2,1,18,4,-1,-1,-1,-1,8,E01023197,0,-1
2023430509845,2023,430509845,2,1,0,18,19,5,2,0,0,8,0,0,0,0,2,1,2,2,1,68,10,-1,-1,-1,-1,5,E01016580,0,-1
2023010470228,2023,010470228,1,1,9,99,99,9,9,99,99,9,9,99,9,99,9,1,2,2,1,34,6,-1,-1,-1,-1,1,E01002095,0,-1