collision_index,collision_year,collision_ref_no,vehicle_reference,vehicle_type,towing_and_articulation,vehicle_manoeuvre_historic,vehicle_manoeuvre,vehicle_direction_from,vehicle_direction_to,vehicle_location_restricted_lane_historic,vehicle_location_restricted_lane,junction_location,skidding_and_overturning,hit_object_in_carriageway,vehicle_leaving_carriageway,hit_object_off_carriageway,first_point_of_impact,vehicle_left_hand_drive,journey_purpose_of_driver_historic,journey_purpose_of_driver,sex_of_driver,age_of_driver,age_band_of_driver,engine_capacity_cc,propulsion_code,age_of_vehicle,generic_make_model,driver_imd_decile,lsoa_of_driver,escooter_flag,driver_distance_banding
2023201280765,2023,201280765,3,9,0,2,2,0,0,0,0,0,0,0,0,0,2,1,6,6,1,47,8,-1,-1,-1,-1,2,E01010312,0,-1
2023201376570,2023,201376570,1,9,0,18,19,6,2,0,0,4,0,0,0,0,1,1,6,6,3,-1,-1,-1,-1,-1,-1,-1,-1,0,-1
2023622300168,2023,622300168,2,1,0,18,19,8,4,0,0,8,0,0,0,0,2,1,6,6,1,60,9,-1,-1,-1,-1,9,W01001029,0,-1
2023522400050,2023,522400050,2,9,0,18,19,2,6,0,0,6,0,0,0,0,1,1,6,6,1,-1,-1,-1,-1,-1,-1,-1,-1,0,-1
2023531344239,2023,531344239,1,1,0,18,19,1,5,0,0,0,-1,0,0,0,0,1,6,6,3,-1,-1,-1,-1,-1,-1,-1,-1,0,-1
2023131302837,2023,131302837,2,9,0,10,10,1,5,0,0,8,0,0,0,0,2,1,1,1,1,28,6,-1,-1,-1,-1,1,E01011658,0,-1
2023161276517,2023,161276517,1,9,0,9,9,1,6,0,0,0,0,0,0,0,3,1,5,6,1,32,6,-1,-1,-1,-1,8,E01013190,0,-1
2023610052423,2023,610052423,1,9,0,18,19,8,4,0,0,0,0,4,0,0,1,1,6,6,2,58,9,-1,-1,-1,-1,2,W01001620,0,-1
2023461318166,2023,461318166,2,9,0,18,19,3,7,0,0,3,0,0,0,0,1,1,6,6,2,30,6,-1,-1,-1,-1,7,E01032822,0,-1
2023351297823,2023,351297823,2,21,1,18,19,1,5,0,0,0,0,0,0,0,4,1,1,1,3,-1,-1,-1,-1,-1,-1,-1,-1,0,-1
2023430229616,2023,430229616,2,4,0,3,3,1,5,0,0,8,0,0,0,0,3,1,6,6,1,58,9,-1,-1,-1,-1,5,E01016226,0,-1
2023010424009,2023,010424009,2,1,0,7,7,7,1,0,0,1,0,0,0,0,0,1,6,6,2,54,8,-1,-1,-1,-1,8,E01000311,0,-1
2023161324822,2023,161324822,2,19,0,18,19,1,2,0,0,0,0,0,0,0,2,1,2,2,1,56,9,-1,-1,-1,-1,5,E01013107,0,-1
2023052301323,2023,052301323,2,1,0,18,19,1,5,0,0,0,0,0,0,0,4,1,6,6,1,15,3,-1,-1,-1,-1,6,E01025514,0,-1
2023371359904,2023,371359904,1,98,0,5,5,1,3,9,9,6,0,0,0,0,1,1,6,6,3,-1,-1,-1,-1,-1,-1,-1,-1,0,-1
2023141276694,2023,141276694,2,9,0,18,19,2,6,0,0,0,0,0,0,0,1,1,6,6,3,-1,-1,-1,-1,-1,-1,-1,-1,0,-1
2023131378886,2023,131378886,1,9,0,-1,-1,-1,-1,-1,-1,0,-1,-1,-1,0,-1,1,6,6,3,-1,-1,-1,-1,-1,-1,-1,-1,0,-1
2023461364923,2023,461364923,2,1,0,18,19,5,1,0,0,0,0,0,0,0,1,1,6,6,2,66,10,-1,-1,-1,-1,4,E01024200,0,-1
2023211381200,2023,211381200,2,1,0,18,19,1,5,0,0,8,0,0,0,0,1,1,1,1,1,29,6,-1,-1,-1,-1,2,E01029842,0,-1
2023010477086,2023,010477086,2,9,0,99,99,9,9,99,99,6,9,99,9,99,9,9,6,6,3,-1,-1,-1,-1,-1,-1,-1,-1,0,-1
2023461317563,2023,461317563,1,2,0,18,19,6,3,0,0,0,1,4,1,11,1,1,5,6,1,20,4,-1,-1,-1,-1,3,E01024103,0,-1
2023052302549,2023,052302549,1,19,0,11,11,1,5,0,0,1,0,0,0,0,4,1,6,6,3,-1,-1,-1,-1,-1,-1,-1,-1,0,-1
2023351378498,2023,351378498,1,1,0,16,19,5,3,0,0,1,0,0,1,0,1,1,5,6,1,32,6,-1,-1,-1,-1,8,E01017956,0,-1
2023052301293,2023,052301293,2,1,0,18,19,4,8,0,0,8,0,0,0,0,2,1,6,6,1,26,6,-1,-1,-1,-1,2,E01006624,0,-1
2023302301359,2023,302301359,2,1,0,18,19,2,6,0,0,1,0,0,0,0,3,1,6,6,2,17,4,-1,-1,-1,-1,6,E01025956,0,-1
2023430426244,2023,430426244,1,9,0,4,4,6,2,0,0,0,0,0,0,0,0,1,1,1,1,34,6,-1,-1,-1,-1,7,E01017839,0,-1
2023061298203,2023,061298203,1,9,0,6,6,8,8,0,0,1,0,0,0,0,3,1,6,6,3,30,6,-1,-1,-1,-1,-1,-1,0,-1
2023522400656,2023,522400656,2,1,0,18,19,6,2,0,0,8,0,0,0,0,1,1,6,6,1,28,6,-1,-1,-1,-1,1,E01014486,0,-1
2023201296201,2023,201296201,2,1,0,18,19,4,8,0,0,8,0,0,0,0,4,1,2,2,1,42,7,-1,-1,-1,-1,5,E01009186,0,-1
2023430156718,2023,430156718,2,1,0,14,14,4,8,0,0,8,0,0,0,0,1,1,6,6,1,47,8,-1,-1,-1,-1,4,E01028532,0,-1
2023461368551,2023,461368551,1,9,0,18,19,-1,-1,0,0,0,0,0,0,0,-1,1,6,6,3,-1,-1,-1,-1,-1,-1,-1,-1,0,-1
202354D626623,2023,54D626623,1,9,0,18,19,1,5,0,0,1,0,0,0,0,1,1,6,6,3,-1,-1,-1,-1,-1,-1,-1,-1,0,-1
2023161324050,2023,161324050,1,-1,0,18,19,-1,-1,9,9,8,0,0,0,0,1,1,6,6,1,11,3,-1,-1,-1,-1,-1,-1,1,-1
2023411281424,2023,411281424,1,-1,0,18,19,8,4,9,9,0,0,0,0,0,1,1,1,1,1,30,6,-1,-1,-1,-1,6,E01023786,1,-1
2023201378537,2023,201378537,1,3,0,4,4,8,4,0,0,0,0,0,0,0,0,1,1,1,1,32,6,-1,-1,-1,-1,3,E01010055,0,-1
2023141293007,2023,141293007,2,1,0,5,5,7,2,9,9,2,0,0,0,0,1,1,6,6,1,9,2,-1,-1,-1,-1,3,E01007433,0,-1
2023430290714,2023,430290714,2,9,0,4,4,0,0,0,0,0,0,0,0,0,0,1,6,6,1,35,6,-1,-1,-1,-1,3,E01016375,0,-1
2023010440262,2023,010440262,2,-1,0,18,19,5,1,0,0,0,0,0,0,0,1,1,6,6,1,27,6,-1,-1,-1,-1,2,E01003288,1,-1
2023052301509,2023,052301509,1,9,0,18,19,1,5,0,0,3,0,0,0,0,1,1,6,6,2,35,6,-1,-1,-1,-1,1,E01006444,0,-1
2023991314378,2023,991314378,8,9,0,18,19,8,4,0,0,0,0,0,0,0,2,1,6,6,1,54,8,-1,-1,-1,-1,-1,-1,0,-1
2023991350004,2023,991350004,1,1,0,9,9,2,8,0,0,8,0,0,0,0,2,1,6,6,2,31,6,-1,-1,-1,-1,4,-1,0,-1
2023440358338,2023,440358338,2,9,0,18,19,5,1,0,0,1,0,0,0,0,1,1,2,2,2,27,6,-1,-1,-1,-1,8,E01031439,0,-1
2023440152976,2023,440152976,1,19,0,5,5,1,5,0,0,6,0,0,0,0,1,1,1,1,1,-1,-1,-1,-1,-1,-1,-1,-1,0,-1
2023061259725,2023,061259725,1,9,0,7,7,6,2,0,0,3,1,0,0,0,1,1,5,6,1,29,6,-1,-1,-1,-1,1,E01005485,0,-1
2023430480606,2023,430480606,2,99,0,11,11,6,2,0,0,1,0,0,0,0,4,1,6,6,3,-1,-1,-1,-1,-1,-1,-1,-1,0,-1
2023010475263,2023,010475263,3,9,9,99,99,9,9,99,99,9,9,99,9,99,9,1,6,6,3,-1,-1,-1,-1,-1,-1,-1,-1,0,-1
2023201459028,2023,201459028,1,9,0,18,19,4,8,0,0,4,1,9,3,11,1,1,6,6,1,72,10,-1,-1,-1,-1,1,E01010236,0,-1
2023430165823,2023,430165823,1,9,0,18,19,6,2,0,0,0,1,0,4,6,1,1,1,1,1,40,7,-1,-1,-1,-1,10,E01022785,0,-1
2023010480682,2023,010480682,1,1,9,99,99,9,9,99,99,9,9,99,9,99,9,1,2,2,2,37,7,-1,-1,-1,-1,3,E01001836,0,-1
2023221314769,2023,221314769,1,9,0,18,19,4,8,0,0,0,0,0,0,0,1,1,6,6,3,24,5,-1,-1,-1,-1,-1,-1,0,-1
2023451268803,2023,451268803,2,98,0,11,11,5,1,0,0,0,0,0,0,0,4,1,6,6,1,55,8,-1,-1,-1,-1,6,E01016469,0,-1
2023461322855,2023,461322855,1,1,0,18,19,7,3,0,0,1,0,0,0,0,1,1,6,6,1,39,7,-1,-1,-1,-1,4,E01016164,0,-1
2023421272614,2023,421272614,1,9,-1,-1,-1,-1,-1,-1,-1,-1,-1,-1,-1,0,-1,1,6,6,3,-1,-1,-1,-1,-1,-1,-1,-1,0,-1
2023061341457,2023,061341457,2,1,0,18,19,7,3,0,0,0,0,0,0,0,3,1,6,6,1,24,5,-1,-1,-1,-1,1,E01004839,0,-1
2023101299340,2023,101299340,1,9,0,18,19,5,1,0,0,2,0,0,0,0,1,1,6,6,2,40,7,-1,-1,-1,-1,-1,-1,0,-1
2023010471612,2023,010471612,1,9,0,99,99,9,9,99,99,9,9,99,9,99,2,9,6,6,2,37,7,-1,-1,-1,-1,7,E01000145,0,-1
2023221271099,2023,221271099,2,1,0,18,19,8,4,0,0,0,0,0,0,0,1,1,4,7,1,14,3,-1,-1,-1,-1,1,E01014198,0,-1
2023501377573,2023,501377573,1,9,0,16,19,6,1,0,0,1,0,0,0,0,1,1,6,6,1,56,9,-1,-1,-1,-1,5,E01019954,0,-1
2023010472312,2023,010472312,2,1,0,18,19,5,1,0,0,6,0,0,0,0,1,1,6,6,1,33,6,-1,-1,-1,-1,4,E01002833,0,-1
2023351387058,2023,351387058,1,19,0,18,19,-1,-1,0,0,0,9,0,0,0,1,1,6,6,3,-1,-1,-1,-1,-1,-1,-1,-1,0,-1
2023522400556,2023,522400556,1,9,0,18,19,5,1,0,0,0,0,0,0,0,1,1,6,6,1,34,6,-1,-1,-1,-1,8,E01014854,0,-1
2023430096016,2023,430096016,2,9,0,18,19,8,4,0,0,0,0,0,0,0,1,1,6,6,3,-1,-1,-1,-1,-1,-1,-1,-1,0,-1
2023201323682,2023,201323682,2,98,0,9,9,8,6,0,0,6,0,0,0,0,4,1,6,6,3,-1,-1,-1,-1,-1,-1,-1,-1,0,-1
2023010443461,2023,010443461,2,9,0,99,99,9,9,99,99,9,9,99,9,99,1,9,6,6,3,-1,-1,-1,-1,-1,-1,-1,-1,0,-1
2023201403451,2023,201403451,1,22,0,18,19,6,2,9,9,0,0,4,0,0,9,1,6,6,2,53,8,-1,-1,-1,-1,4,E01010361,0,-1
2023010436912,2023,010436912,1,1,0,18,19,2,6,9,9,0,0,0,0,0,1,1,6,6,1,-1,-1,-1,-1,-1,-1,-1,-1,0,-1
2023622300384,2023,622300384,3,19,0,2,2,0,0,0,0,0,0,0,0,0,3,1,6,6,3,-1,-1,-1,-1,-1,-1,-1,-1,0,-1
2023481359377,2023,481359377,1,1,0,18,19,7,3,5,5,2,0,0,0,0,1,1,6,6,1,25,5,-1,-1,-1,-1,-1,-1,0,-1
2023010435354,2023,010435354,2,9,0,99,99,9,9,99,99,9,9,99,9,99,9,9,6,6,3,-1,-1,-1,-1,-1,-1,-1,-1,0,-1
2023332300981,2023,332300981,2,1,0,18,19,7,3,0,0,8,0,0,0,0,3,1,6,6,1,14,3,-1,-1,-1,-1,3,E01025987,0,-1
2023101304355,2023,101304355,2,1,0,18,19,3,7,0,0,1,1,0,0,0,0,1,2,2,1,55,8,-1,-1,-1,-1,9,E01008367,0,-1
2023622300982,2023,622300982,2,1,0,17,19,8,4,0,0,8,0,0,0,0,3,1,6,6,1,35,6,-1,-1,-1,-1,-1,-1,0,-1
2023010478432,2023,010478432,1,9,0,18,19,4,8,0,0,8,0,0,0,0,1,1,6,6,3,-1,-1,-1,-1,-1,-1,-1,-1,0,-1
2023010466523,2023,010466523,1,9,0,18,19,1,5,0,0,1,0,0,0,0,4,1,6,6,2,33,6,-1,-1,-1,-1,-1,-1,0,-1
2023401275522,2023,401275522,1,98,0,18,19,-1,-1,0,0,0,0,0,0,0,1,1,6,6,3,-1,-1,-1,-1,-1,-1,-1,-1,0,-1
2023461271307,2023,461271307,2,1,0,18,19,2,6,0,0,8,0,0,0,0,1,1,5,6,1,54,8,-1,-1,-1,-1,8,E01024043,0,-1
2023041326114,2023,041326114,1,9,0,18,19,8,1,0,0,1,0,0,0,0,1,1,6,6,3,-1,-1,-1,-1,-1,-1,-1,-1,0,-1
2023141371219,2023,141371219,1,9,0,18,19,6,2,0,0,1,0,0,0,0,1,1,6,6,3,-1,-1,-1,-1,-1,-1,-1,-1,0,-1
2023552300185,2023,552300185,2,1,0,18,19,4,8,0,0,8,0,0,0,0,4,1,6,6,2,58,9,-1,-1,-1,-1,8,E01020369,0,-1
2023610032223,2023,610032223,2,97,0,13,13,2,6,0,0,0,0,0,0,0,2,1,6,6,1,25,5,-1,-1,-1,-1,5,W01001328,0,-1
2023471367755,2023,471367755,2,9,-1,18,19,5,1,0,0,0,0,0,0,0,0,1,6,6,3,-1,-1,-1,-1,-1,-1,-1,-1,0,-1
2023010472751,2023,010472751,2,1,0,18,19,7,3,0,0,4,1,0,0,0,1,1,2,2,1,57,9,-1,-1,-1,-1,3,E01001264,0,-1
2023041358579,2023,041358579,1,9,0,7,7,1,5,0,0,0,0,0,0,0,3,1,6,6,3,-1,-1,-1,-1,-1,-1,-1,-1,0,-1
2023520001429,2023,520001429,1,1,0,18,19,4,8,0,0,8,0,0,0,0,4,1,6,6,1,31,6,-1,-1,-1,-1,9,E01014441,0,-1
2023541689823,2023,541689823,1,9,0,5,5,4,8,0,0,0,0,0,0,0,1,1,1,1,1,50,8,-1,-1,-1,-1,8,E01015536,0,-1
2023101304960,2023,101304960,1,23,0,5,5,5,1,9,9,0,0,0,0,0,1,1,6,6,3,16,4,-1,-1,-1,-1,-1,-1,0,-1
2023430316416,2023,430316416,4,9,0,18,19,4,8,0,0,0,0,0,0,0,2,1,6,6,3,-1,-1,-1,-1,-1,-1,-1,-1,0,-1
2023010456517,2023,010456517,2,8,0,99,99,9,9,99,99,9,9,99,9,99,9,9,6,6,3,-1,-1,-1,-1,-1,-1,-1,-1,0,-1
2023430151426,2023,430151426,2,1,0,18,19,2,6,0,0,0,0,8,0,0,4,1,6,6,1,21,5,-1,-1,-1,-1,-1,-1,0,-1
2023010485155,2023,010485155,1,2,0,99,99,9,9,9,9,1,0,0,9,0,1,1,6,6,2,-1,-1,-1,-1,-1,-1,-1,-1,0,-1
2023131309298,2023,131309298,2,9,0,9,9,7,3,0,0,0,0,0,0,0,1,1,1,1,1,51,8,-1,-1,-1,-1,7,E01010939,0,-1
2023052301524,2023,052301524,2,1,0,3,3,5,1,0,0,0,0,0,0,0,4,1,6,6,1,13,3,-1,-1,-1,-1,7,E01006867,0,-1
2023552300658,2023,552300658,1,1,0,18,19,3,7,0,0,0,0,0,0,0,1,1,6,6,1,61,9,-1,-1,-1,-1,6,E01020531,0,-1
2023320484911,2023,320484911,1,9,0,18,19,2,6,0,0,1,0,0,0,0,0,1,6,6,3,-1,-1,-1,-1,-1,-1,-1,-1,0,-1
2023332300740,2023,332300740,2,9,0,9,9,5,3,0,0,5,0,0,0,0,4,1,6,6,1,57,9,-1,-1,-1,-1,2,E01013688,0,-1
2023522400529,2023,522400529,1,-1,0,6,6,6,6,0,0,0,0,0,0,0,3,1,6,6,2,25,5,-1,-1,-1,-1,8,E01014552,1,-1
2023991325076,2023,991325076,1,1,0,17,19,1,5,0,0,1,0,0,0,0,1,1,5,6,2,36,7,-1,-1,-1,-1,6,-1,0,-1
2023371275281,2023,371275281,2,-1,0,18,19,3,7,0,0,1,0,0,0,0,1,1,6,6,1,21,5,-1,-1,-1,-1,8,E01030043,1,-1
2023041365693,2023,041365693,1,1,0,18,19,6,2,0,0,0,0,0,0,0,2,1,5,6,1,61,9,-1,-1,-1,-1,8,E01025000,0,-1
2023471387153,2023,471387153,2,9,0,18,19,3,7,0,0,0,0,0,0,0,2,1,6,6,1,-1,-1,-1,-1,-1,-1,-1,-1,0,-1
2023010458381,2023,010458381,2,20,0,99,99,9,9,99,99,9,9,99,9,99,9,9,6,6,3,-1,-1,-1,-1,-1,-1,-1,-1,0,-1
2023161316878,2023,161316878,1,9,0,3,3,5,1,0,0,0,0,0,0,0,2,1,2,2,1,52,8,-1,-1,-1,-1,7,E01013242,0,-1
2023430449402,2023,430449402,1,2,0,7,7,4,6,0,0,5,0,0,0,0,4,1,6,6,1,30,6,-1,-1,-1,-1,-1,-1,0,-1
2023141327787,2023,141327787,1,9,0,-1,-1,-1,-1,-1,-1,0,-1,-1,-1,0,-1,1,6,6,3,-1,-1,-1,-1,-1,-1,-1,-1,0,-1
2023522300452,2023,522300452,2,9,0,18,19,7,3,0,0,0,0,0,0,0,1,1,6,6,1,-1,-1,-1,-1,-1,-1,-1,-1,0,-1
2023471363134,2023,471363134,3,9,-1,7,7,8,3,0,0,0,0,0,0,0,0,1,6,6,3,-1,-1,-1,-1,-1,-1,-1,-1,0,-1
2023010456759,2023,010456759,4,1,0,18,19,3,7,0,0,0,0,0,0,0,2,1,6,6,1,23,5,-1,-1,-1,-1,-1,-1,0,-1
2023161350882,2023,161350882,2,1,0,11,11,7,3,0,0,1,2,0,0,0,1,1,6,6,2,34,6,-1,-1,-1,-1,1,E01013000,0,-1
2023501311074,2023,501311074,2,9,0,13,13,5,2,0,0,4,0,0,0,0,-1,1,6,6,3,-1,-1,-1,-1,-1,-1,-1,-1,0,-1
2023061326157,2023,061326157,1,9,0,18,19,6,2,0,0,1,0,0,0,0,1,1,6,6,1,30,6,-1,-1,-1,-1,-1,-1,0,-1
2023991356581,2023,991356581,2,1,0,16,19,3,6,0,0,1,0,0,0,0,2,1,2,2,1,37,7,-1,-1,-1,-1,8,-1,0,-1
2023440359553,2023,440359553,2,1,0,18,19,6,2,0,0,0,0,0,0,0,2,1,6,6,2,44,7,-1,-1,-1,-1,5,E01017101,0,-1
2023010434671,2023,010434671,2,2,0,15,15,1,5,0,0,1,0,0,0,0,1,1,6,6,1,27,6,-1,-1,-1,-1,-1,-1,0,-1
2023010465074,2023,010465074,1,9,0,13,13,1,5,0,0,0,0,0,0,0,4,1,6,6,3,-1,-1,-1,-1,-1,-1,-1,-1,0,-1
2023461310296,2023,461310296,1,-1,0,13,13,1,2,0,0,0,0,0,0,0,1,1,6,6,1,18,4,-1,-1,-1,-1,2,E01024685,1,-1
2023320221699,2023,320221699,1,9,0,9,9,4,2,0,0,8,0,0,0,0,4,1,6,6,1,88,11,-1,-1,-1,-1,9,E01013802,0,-1
2023061342242,2023,061342242,2,1,-1,-1,-1,-1,-1,-1,-1,-1,-1,-1,-1,0,-1,1,6,6,1,-1,-1,-1,-1,-1,-1,1,E01005123,0,-1
2023141338576,2023,141338576,1,-1,0,18,19,1,6,0,0,1,0,0,0,0,1,1,5,6,1,17,4,-1,-1,-1,-1,1,E01007378,1,-1
2023549065123,2023,549065123,1,9,0,5,5,3,5,0,0,3,0,0,0,0,3,1,6,6,2,31,6,-1,-1,-1,-1,6,E01031989,0,-1
2023471348134,2023,471348134,1,9,0,7,7,6,1,0,0,1,0,0,0,0,2,1,6,6,3,-1,-1,-1,-1,-1,-1,-1,-1,0,-1
2023122300135,2023,122300135,2,1,0,18,19,3,7,4,4,1,0,0,0,0,2,1,6,6,2,23,5,-1,-1,-1,-1,8,E01013392,0,-1
2023351379871,2023,351379871,2,1,0,18,19,6,2,0,0,1,0,0,0,0,1,1,6,6,2,75,10,-1,-1,-1,-1,10,E01018007,0,-1
2023520400871,2023,520400871,3,9,0,4,4,4,8,0,0,0,0,0,0,0,0,1,6,6,2,58,9,-1,-1,-1,-1,5,E01029073,0,-1
2023421377306,2023,421377306,2,9,0,18,19,8,4,0,0,0,0,0,0,0,1,2,6,6,1,51,8,-1,-1,-1,-1,6,E01021449,0,-1
2023622300417,2023,622300417,3,1,0,18,19,6,2,0,0,1,0,0,0,0,0,1,6,6,3,-1,-1,-1,-1,-1,-1,-1,-1,0,-1
2023010434223,2023,010434223,2,1,0,7,7,8,2,0,0,1,0,0,0,0,4,1,6,6,1,30,6,-1,-1,-1,-1,3,E01001117,0,-1
2023320322686,2023,320322686,1,1,0,9,9,2,8,0,0,8,0,0,0,0,1,1,6,6,1,15,3,-1,-1,-1,-1,7,E01026220,0,-1
2023052302402,2023,052302402,2,1,0,18,19,1,5,0,0,1,0,0,0,0,1,1,6,6,1,13,3,-1,-1,-1,-1,5,E01006473,0,-1
2023421281755,2023,421281755,2,1,0,18,19,4,8,0,0,1,1,0,0,0,3,1,5,6,1,40,7,-1,-1,-1,-1,1,E01022032,0,-1
2023201277224,2023,201277224,2,1,0,18,19,6,2,0,0,8,0,0,0,0,4,1,6,6,1,-1,-1,-1,-1,-1,-1,-1,-1,0,-1
2023546906523,2023,546906523,1,9,0,18,19,1,5,0,0,1,0,0,0,0,1,1,6,6,3,-1,-1,-1,-1,-1,-1,-1,-1,0,-1
2023010424125,2023,010424125,1,90,9,99,99,9,9,99,99,9,9,99,9,99,9,9,6,6,3,-1,-1,-1,-1,-1,-1,-1,-1,0,-1
2023010453132,2023,010453132,1,19,0,5,5,0,3,0,0,2,0,0,0,0,4,1,6,6,3,-1,-1,-1,-1,-1,-1,-1,-1,0,-1
2023401393829,2023,401393829,2,98,0,4,4,3,7,0,0,0,0,0,0,0,2,1,6,6,1,64,9,-1,-1,-1,-1,9,E01017445,0,-1
2023010428301,2023,010428301,2,23,0,18,19,8,4,0,0,0,5,0,3,0,2,1,6,6,1,38,7,-1,-1,-1,-1,2,E01002702,0,-1
2023211280473,2023,211280473,1,9,0,4,4,7,3,0,0,0,0,0,0,0,1,1,6,6,1,18,4,-1,-1,-1,-1,-1,-1,0,-1
2023471277334,2023,471277334,2,98,0,18,19,2,6,-1,-1,0,0,0,3,0,3,1,6,6,3,-1,-1,-1,-1,-1,-1,-1,-1,0,-1
2023351366343,2023,351366343,1,9,0,9,9,5,7,0,0,6,0,0,0,0,1,1,6,6,1,40,7,-1,-1,-1,-1,1,E01008059,0,-1
2023522401060,2023,522401060,2,3,0,18,19,3,7,0,0,0,0,0,0,0,1,1,1,1,1,-1,-1,-1,-1,-1,-1,-1,-1,0,-1
2023302301899,2023,302301899,3,19,0,2,2,0,0,9,9,2,0,0,0,0,0,1,6,6,3,-1,-1,-1,-1,-1,-1,-1,-1,0,-1
2023421277895,2023,421277895,2,9,0,18,19,5,1,0,0,8,1,0,0,0,3,1,1,1,1,67,10,-1,-1,-1,-1,8,E01001544,0,-1
2023991288183,2023,991288183,2,1,0,18,19,4,7,0,0,2,0,0,0,0,4,1,6,6,1,51,8,-1,-1,-1,-1,-1,-1,0,-1
2023421284979,2023,421284979,3,9,0,18,19,5,1,0,0,0,0,0,0,0,0,1,6,6,3,-1,-1,-1,-1,-1,-1,-1,-1,0,-1
2023991333342,2023,991333342,1,1,0,9,9,2,8,0,0,6,0,0,0,0,1,1,5,6,1,12,3,-1,-1,-1,-1,7,-1,0,-1
2023131269771,2023,131269771,1,9,0,-1,-1,-1,-1,-1,-1,-1,-1,-1,-1,-1,-1,1,6,6,3,-1,-1,-1,-1,-1,-1,1,E01010607,0,-1
2023501366947,2023,501366947,1,9,0,18,19,1,5,0,0,0,0,0,0,0,1,1,6,6,1,39,7,-1,-1,-1,-1,8,E01031802,0,-1
2023141348123,2023,141348123,2,1,0,18,19,1,5,9,9,6,5,0,0,0,1,1,6,6,1,10,2,-1,-1,-1,-1,4,E01007329,0,-1
2023461321416,2023,461321416,1,9,0,18,19,3,6,0,0,0,0,0,0,0,1,1,5,6,1,38,7,-1,-1,-1,-1,1,E01024666,0,-1
2023471266754,2023,471266754,1,1,0,18,19,8,4,0,0,1,0,0,0,0,0,1,6,6,2,-1,-1,-1,-1,-1,-1,-1,-1,0,-1
2023161310648,2023,161310648,1,19,0,18,19,8,4,0,0,8,0,0,0,0,3,1,5,6,1,49,8,-1,-1,-1,-1,7,E01013173,0,-1
2023440273008,2023,440273008,1,1,0,18,19,6,2,0,0,0,1,0,0,0,1,1,2,2,1,20,4,-1,-1,-1,-1,6,E01023199,0,-1
2023201294262,2023,201294262,2,1,0,18,19,6,3,0,0,8,0,0,0,0,4,1,1,1,1,37,7,-1,-1,-1,-1,1,E01009056,0,-1
2023302301964,2023,302301964,2,9,0,9,9,7,5,0,0,8,0,0,0,0,3,1,6,6,2,66,10,-1,-1,-1,-1,4,E01019813,0,-1
2023201361861,2023,201361861,2,1,0,18,19,1,5,0,0,1,0,0,0,0,1,1,6,6,1,20,4,-1,-1,-1,-1,5,E01009843,0,-1
2023622300452,2023,622300452,1,9,0,9,9,5,3,0,0,6,0,7,0,0,1,1,6,6,2,32,6,-1,-1,-1,-1,-1,-1,0,-1
2023522400829,2023,522400829,1,-1,0,3,3,6,1,0,0,1,0,0,0,0,2,1,6,6,2,24,5,-1,-1,-1,-1,5,E01014915,1,-1
2023221285511,2023,221285511,2,1,0,17,19,8,5,0,0,8,0,0,0,0,4,1,5,6,1,48,8,-1,-1,-1,-1,3,E01014086,0,-1
2023131314680,2023,131314680,2,1,0,18,19,7,3,0,0,0,0,4,0,0,1,1,6,6,1,45,7,-1,-1,-1,-1,8,E01010645,0,-1
2023010437773,2023,010437773,1,1,9,99,99,9,9,99,99,9,9,99,9,99,0,1,2,2,1,25,5,-1,-1,-1,-1,5,E01004548,0,-1
2023991321376,2023,991321376,1,97,0,16,19,8,4,0,0,0,2,0,0,0,3,1,6,6,1,24,5,-1,-1,-1,-1,2,-1,0,-1
202360A065454,2023,60A065454,2,9,0,18,19,6,2,0,0,0,0,0,1,11,1,1,3,7,2,32,6,-1,-1,-1,-1,-1,-1,0,-1
2023501375407,2023,501375407,1,9,0,18,19,2,6,0,0,0,0,0,0,0,4,1,6,6,3,-1,-1,-1,-1,-1,-1,-1,-1,0,-1
2023061271448,2023,061271448,1,9,0,18,19,2,8,0,0,0,0,0,0,0,1,1,6,6,1,-1,-1,-1,-1,-1,-1,-1,-1,0,-1
2023161380352,2023,161380352,1,19,0,9,9,7,5,0,0,0,0,10,1,0,4,1,6,6,3,-1,-1,-1,-1,-1,-1,-1,-1,0,-1
2023010472332,2023,010472332,1,1,0,18,19,1,5,0,0,0,0,4,0,0,1,1,6,6,2,34,6,-1,-1,-1,-1,1,E01007289,0,-1
2023010460550,2023,010460550,1,1,9,99,99,9,9,99,99,9,9,99,9,99,9,1,6,6,2,27,6,-1,-1,-1,-1,9,E01004604,0,-1
2023231367749,2023,231367749,1,9,0,5,5,7,3,0,0,6,0,0,0,0,1,1,6,6,3,-1,-1,-1,-1,-1,-1,-1,-1,0,-1
2023041315220,2023,041315220,3,98,0,5,5,5,1,0,0,1,0,0,0,0,0,1,1,1,1,54,8,-1,-1,-1,-1,2,E01012640,0,-1
2023010485548,2023,010485548,1,1,9,99,99,9,9,99,99,9,9,99,9,99,9,1,2,2,1,42,7,-1,-1,-1,-1,4,E01002762,0,-1
2023411271886,2023,411271886,2,1,0,18,19,8,5,0,0,8,0,0,0,0,1,1,6,6,1,16,4,-1,-1,-1,-1,7,E01023556,0,-1
2023332301014,2023,332301014,1,9,0,11,11,2,6,0,0,0,0,0,0,0,0,1,6,6,3,-1,-1,-1,-1,-1,-1,-1,-1,0,-1
2023201394258,2023,201394258,1,9,0,18,19,1,5,0,0,0,0,0,0,0,1,1,1,1,2,44,7,-1,-1,-1,-1,1,E01009640,0,-1
2023201382678,2023,201382678,1,9,0,18,19,6,2,0,0,0,0,0,0,0,1,1,6,6,1,28,6,-1,-1,-1,-1,6,E01009525,0,-1
2023052302174,2023,052302174,1,11,0,4,4,7,3,0,0,0,0,0,0,0,4,1,1,1,1,-1,-1,-1,-1,-1,-1,-1,-1,0,-1
2023010479167,2023,010479167,2,1,0,18,19,1,5,0,0,1,0,0,0,0,1,1,2,2,1,46,8,-1,-1,-1,-1,8,E01030405,0,-1
2023332300522,2023,332300522,2,1,0,18,19,1,5,0,0,8,0,0,0,0,1,1,6,6,1,44,7,-1,-1,-1,-1,9,E01025733,0,-1
2023061403723,2023,061403723,2,9,0,2,2,0,0,0,0,0,0,0,0,0,1,1,6,6,3,-1,-1,-1,-1,-1,-1,-1,-1,0,-1
2023522300980,2023,522300980,2,8,0,7,7,5,8,0,0,4,0,0,0,0,1,1,1,1,1,-1,-1,-1,-1,-1,-1,-1,-1,0,-1