collision_index,collision_year,collision_ref_no,vehicle_reference,vehicle_type,towing_and_articulation,vehicle_manoeuvre_historic,vehicle_manoeuvre,vehicle_direction_from,vehicle_direction_to,vehicle_location_restricted_lane_historic,vehicle_location_restricted_lane,junction_location,skidding_and_overturning,hit_object_in_carriageway,vehicle_leaving_carriageway,hit_object_off_carriageway,first_point_of_impact,vehicle_left_hand_drive,journey_purpose_of_driver_historic,journey_purpose_of_driver,sex_of_driver,age_of_driver,age_band_of_driver,engine_capacity_cc,propulsion_code,age_of_vehicle,generic_make_model,driver_imd_decile,lsoa_of_driver,escooter_flag,driver_distance_banding
2023302300491,2023,302300491,2,-1,0,14,14,8,4,0,0,8,0,0,0,0,1,1,6,6,1,21,5,-1,-1,-1,-1,4,E01013503,1,-1
2023010477382,2023,010477382,2,9,0,99,99,9,9,99,99,9,9,99,9,99,2,9,6,6,3,-1,-1,-1,-1,-1,-1,-1,-1,0,-1
2023522300794,2023,522300794,2,1,0,18,19,8,4,0,0,8,0,0,0,0,1,1,6,6,2,24,5,-1,-1,-1,-1,6,E01014487,0,-1
2023010448906,2023,010448906,1,1,9,99,99,9,9,99,99,9,9,99,9,99,9,1,2,2,1,50,8,-1,-1,-1,-1,10,E01003007,0,-1
2023070506748,2023,070506748,1,9,0,18,19,6,2,0,0,0,0,0,0,0,0,1,6,6,3,-1,-1,-1,-1,-1,-1,-1,-1,0,-1
2023610015823,2023,610015823,1,9,0,18,19,2,6,0,0,0,1,0,0,0,1,1,6,6,2,26,6,-1,-1,-1,-1,-1,-1,0,-1
2023371370354,2023,371370354,2,1,0,18,19,5,1,0,0,2,0,0,0,0,2,1,6,6,1,38,7,-1,-1,-1,-1,1,E01033129,0,-1
2023010429308,2023,010429308,1,9,0,18,19,5,1,0,0,0,0,0,0,0,1,1,6,6,3,-1,-1,-1,-1,-1,-1,-1,-1,0,-1
2023461311263,2023,461311263,1,9,-1,-1,-1,-1,-1,-1,-1,0,-1,-1,-1,0,-1,1,6,6,3,-1,-1,-1,-1,-1,-1,-1,-1,0,-1
2023302300719,2023,302300719,1,9,0,4,4,4,8,0,0,0,0,0,0,0,2,2,6,6,2,53,8,-1,-1,-1,-1,1,E01013566,0,-1
2023461287168,2023,461287168,3,11,0,9,9,1,7,0,0,0,0,0,0,0,2,1,6,6,3,-1,-1,-1,-1,-1,-1,-1,-1,0,-1
2023440217071,2023,440217071,1,1,0,18,19,1,5,0,0,1,0,0,0,0,3,1,6,6,1,27,6,-1,-1,-1,-1,9,E01022712,0,-1
2023041291475,2023,041291475,2,1,0,18,19,5,1,0,0,1,0,0,1,0,1,1,5,6,1,46,8,-1,-1,-1,-1,5,E01025050,0,-1
2023161310152,2023,161310152,2,9,0,5,5,7,3,0,0,1,0,0,0,0,2,1,6,6,1,30,6,-1,-1,-1,-1,-1,-1,0,-1
2023531318802,2023,531318802,1,97,0,18,19,5,3,0,0,0,1,0,1,4,1,1,5,6,1,71,10,-1,-1,-1,-1,-1,-1,0,-1
2023141329355,2023,141329355,2,97,0,18,19,7,3,0,0,1,0,0,0,0,1,1,6,6,1,37,7,-1,-1,-1,-1,4,E01007545,0,-1
2023010424285,2023,010424285,2,9,0,99,99,9,9,0,0,8,0,0,0,0,2,9,6,6,3,-1,-1,-1,-1,-1,-1,-1,-1,0,-1
2023041373255,2023,041373255,1,9,0,9,9,-1,-1,0,0,1,0,0,0,0,-1,1,6,6,3,-1,-1,-1,-1,-1,-1,-1,-1,0,-1
2023311292805,2023,311292805,1,1,0,18,19,4,8,0,0,0,0,0,0,0,1,1,5,6,1,31,6,-1,-1,-1,-1,1,E01013883,0,-1
2023010474696,2023,010474696,2,1,0,13,13,1,5,0,0,1,0,0,0,0,3,1,2,2,1,28,6,-1,-1,-1,-1,-1,-1,0,-1
2023421398366,2023,421398366,1,9,0,3,3,-1,-1,0,0,0,0,0,0,0,-1,1,6,6,3,-1,-1,-1,-1,-1,-1,-1,-1,0,-1
2023010435291,2023,010435291,1,9,0,18,19,3,7,0,0,1,0,0,0,0,1,1,6,6,3,-1,-1,-1,-1,-1,-1,-1,-1,0,-1
2023010446710,2023,010446710,2,1,0,18,19,5,1,0,0,1,0,0,0,0,2,1,6,6,1,24,5,-1,-1,-1,-1,1,E01003184,0,-1
2023111297412,2023,111297412,1,8,0,18,19,8,5,0,0,0,0,0,0,0,1,1,6,6,3,30,6,-1,-1,-1,-1,-1,-1,0,-1
2023010461114,2023,010461114,2,9,0,18,19,5,1,1,1,8,0,0,3,11,1,1,6,6,1,23,5,-1,-1,-1,-1,3,E01001479,0,-1
2023101260347,2023,101260347,1,9,0,1,1,3,7,0,0,0,0,0,0,0,2,1,1,1,1,54,8,-1,-1,-1,-1,3,E01008567,0,-1
2023361344325,2023,361344325,1,22,0,5,5,1,3,0,0,0,0,0,0,0,1,1,6,6,1,85,11,-1,-1,-1,-1,5,E01026442,0,-1
2023010445175,2023,010445175,2,1,0,18,19,7,3,0,0,1,0,0,0,0,1,1,6,6,1,63,9,-1,-1,-1,-1,2,E01001849,0,-1
2023010456422,2023,010456422,1,9,0,18,19,5,1,0,0,8,0,0,0,0,1,1,6,6,3,-1,-1,-1,-1,-1,-1,-1,-1,0,-1
2023052300875,2023,052300875,2,-1,0,9,9,5,3,0,0,0,0,0,0,0,4,1,6,6,1,21,5,-1,-1,-1,-1,3,E01006722,1,-1
2023131285660,2023,131285660,1,9,0,-1,-1,-1,-1,-1,-1,0,-1,-1,-1,-1,-1,1,6,6,3,-1,-1,-1,-1,-1,-1,-1,-1,0,-1
2023421365830,2023,421365830,2,1,0,-1,-1,-1,-1,-1,-1,0,-1,-1,-1,0,-1,1,6,6,1,50,8,-1,-1,-1,-1,-1,-1,0,-1
2023351287527,2023,351287527,2,1,0,18,19,5,1,0,0,1,5,0,0,0,1,1,5,6,1,22,5,-1,-1,-1,-1,10,E01017996,0,-1
2023111394599,2023,111394599,1,9,0,18,19,6,2,0,0,0,0,0,0,0,1,1,6,6,3,30,6,-1,-1,-1,-1,-1,-1,0,-1
2023111356444,2023,111356444,1,19,0,18,19,7,3,0,0,1,0,0,0,0,1,1,6,6,3,30,6,-1,-1,-1,-1,-1,-1,0,-1
2023471317082,2023,471317082,1,1,0,-1,-1,-1,-1,-1,-1,0,0,-1,-1,0,-1,1,6,6,3,-1,-1,-1,-1,-1,-1,-1,-1,0,-1
2023421294871,2023,421294871,1,-1,0,18,19,1,5,0,0,6,0,0,0,0,1,1,5,6,1,40,7,-1,-1,-1,-1,4,E01015948,1,-1
2023302300819,2023,302300819,2,1,0,15,15,8,4,0,0,1,0,0,1,11,3,1,6,6,1,26,6,-1,-1,-1,-1,2,E01019542,0,-1
2023302300241,2023,302300241,1,9,0,9,9,2,8,0,0,8,0,0,0,0,4,1,6,6,3,-1,-1,-1,-1,-1,-1,5,E01019456,0,-1
2023531395392,2023,531395392,1,9,0,18,19,5,1,0,0,0,1,0,1,0,1,1,2,2,1,18,4,-1,-1,-1,-1,2,E01014064,0,-1
2023201373943,2023,201373943,2,1,0,18,19,8,6,0,0,8,0,0,0,0,3,1,5,6,1,70,10,-1,-1,-1,-1,6,E01029622,0,-1
2023101289911,2023,101289911,2,16,0,18,19,7,7,0,0,0,0,0,0,0,0,1,5,6,2,10,2,-1,-1,-1,-1,4,E01008568,0,-1
2023411382854,2023,411382854,1,9,0,18,19,5,1,0,0,0,0,0,0,0,1,1,6,6,3,-1,-1,-1,-1,-1,-1,-1,-1,0,-1
2023101368410,2023,101368410,2,9,0,5,5,5,1,0,0,2,1,0,0,0,3,1,6,6,1,45,7,-1,-1,-1,-1,7,E01008789,0,-1
2023070392539,2023,070392539,1,1,0,18,19,8,4,0,0,8,0,0,0,0,1,1,6,6,1,20,4,-1,-1,-1,-1,3,E01018731,0,-1
2023010453775,2023,010453775,1,1,9,99,99,9,9,99,99,9,9,99,9,99,1,1,2,2,2,32,6,-1,-1,-1,-1,7,E01033093,0,-1
2023010452844,2023,010452844,2,9,0,99,99,9,9,99,99,9,9,99,9,99,2,9,6,6,3,-1,-1,-1,-1,-1,-1,-1,-1,0,-1
2023421300136,2023,421300136,1,9,0,18,19,1,5,0,0,0,0,0,0,0,4,1,6,6,3,-1,-1,-1,-1,-1,-1,-1,-1,0,-1
2023461344646,2023,461344646,1,9,0,9,9,1,5,0,0,1,1,0,0,0,4,1,6,6,3,-1,-1,-1,-1,-1,-1,-1,-1,0,-1
2023201277781,2023,201277781,2,19,0,7,7,5,8,0,0,1,0,0,0,0,1,1,1,1,1,35,6,-1,-1,-1,-1,4,E01009226,0,-1
2023440484996,2023,440484996,1,1,0,18,19,5,1,0,0,4,0,0,0,0,2,1,2,2,1,29,6,-1,-1,-1,-1,8,E01022651,0,-1
2023440336467,2023,440336467,1,9,0,17,19,3,8,0,0,0,0,0,0,0,3,1,2,2,1,46,8,-1,-1,-1,-1,5,E01023011,0,-1
2023131325530,2023,131325530,2,-1,0,18,19,5,1,0,0,8,5,0,0,0,1,1,5,6,2,24,5,-1,-1,-1,-1,2,E01032500,1,-1
2023340NN3422,2023,340NN3422,1,9,0,1,1,0,4,0,0,0,0,0,0,0,2,1,3,7,2,32,6,-1,-1,-1,-1,-1,-1,0,-1
2023320416492,2023,320416492,1,1,0,18,19,5,1,0,0,0,0,0,0,0,1,1,2,2,2,44,7,-1,-1,-1,-1,8,E01026200,0,-1
2023161335108,2023,161335108,1,97,0,18,19,1,5,0,0,0,0,0,0,0,0,1,6,6,3,22,5,-1,-1,-1,-1,-1,-1,0,-1
2023131376856,2023,131376856,2,1,0,18,19,5,1,0,0,0,1,0,0,0,1,1,2,2,2,39,7,-1,-1,-1,-1,4,E01010834,0,-1
2023501290213,2023,501290213,2,1,0,5,5,6,2,0,0,1,0,0,0,0,2,1,5,6,2,49,8,-1,-1,-1,-1,9,E01019993,0,-1
2023991373753,2023,991373753,2,1,0,11,11,5,3,0,0,3,0,0,0,0,3,1,6,6,1,38,7,-1,-1,-1,-1,-1,-1,0,-1
2023052300126,2023,052300126,1,1,0,18,19,4,1,0,0,2,0,0,0,0,1,1,6,6,1,-1,-1,-1,-1,-1,-1,-1,-1,0,-1
2023010431981,2023,010431981,1,9,0,9,9,5,3,0,0,2,0,0,0,0,1,1,6,6,1,68,10,-1,-1,-1,-1,-1,-1,0,-1
2023340WN6582,2023,340WN6582,2,19,0,18,19,7,2,0,0,0,0,0,1,9,4,1,1,1,1,37,7,-1,-1,-1,-1,10,E01027291,0,-1
2023440251799,2023,440251799,1,1,0,18,19,6,2,0,0,0,0,0,0,0,0,1,6,6,1,52,8,-1,-1,-1,-1,10,E01022790,0,-1
2023522400462,2023,522400462,3,9,0,2,2,0,0,0,0,2,0,0,0,0,9,1,6,6,1,-1,-1,-1,-1,-1,-1,-1,-1,0,-1
2023351337747,2023,351337747,2,3,0,13,13,7,3,0,0,1,0,0,0,0,4,1,1,1,2,60,9,-1,-1,-1,-1,8,E01015645,0,-1
2023451325471,2023,451325471,4,9,0,4,4,3,7,0,0,0,0,0,0,0,1,1,6,6,1,40,7,-1,-1,-1,-1,10,E01030512,0,-1
2023010421818,2023,010421818,1,1,9,18,19,1,5,99,99,9,9,99,9,99,9,1,2,2,2,36,7,-1,-1,-1,-1,4,E01001404,0,-1
2023501358217,2023,501358217,1,9,0,5,5,6,2,8,6,0,0,0,0,0,3,1,1,1,1,63,9,-1,-1,-1,-1,3,E01018990,0,-1
2023052300981,2023,052300981,2,9,0,4,4,5,1,0,0,1,0,0,0,0,4,1,6,6,3,-1,-1,-1,-1,-1,-1,-1,-1,0,-1
2023401316010,2023,401316010,2,1,0,16,19,5,1,9,9,0,2,0,0,0,1,1,6,6,2,31,6,-1,-1,-1,-1,4,E01017493,0,-1
2023440336740,2023,440336740,4,1,0,18,19,7,3,0,0,0,0,0,0,0,1,1,6,6,1,55,8,-1,-1,-1,-1,9,E01022646,0,-1
2023101327299,2023,101327299,2,1,0,18,19,8,4,0,0,1,0,0,1,0,4,1,6,6,1,25,5,-1,-1,-1,-1,-1,-1,0,-1
2023991342302,2023,991342302,1,97,0,16,19,5,8,5,5,0,0,0,0,0,1,1,6,6,1,16,4,-1,-1,-1,-1,-1,-1,0,-1
2023010421882,2023,010421882,1,1,9,99,99,9,9,99,99,9,9,99,9,99,9,1,2,2,1,41,7,-1,-1,-1,-1,7,E01001495,0,-1
2023440511485,2023,440511485,2,9,0,18,19,3,7,0,0,0,0,0,0,0,1,1,6,6,1,28,6,-1,-1,-1,-1,1,E01017036,0,-1
2023010419604,2023,010419604,1,1,0,18,19,1,5,0,0,1,2,0,0,0,0,1,6,6,1,49,8,-1,-1,-1,-1,2,E01033700,0,-1
2023010457521,2023,010457521,1,1,0,18,19,3,7,0,0,2,0,0,0,0,1,1,6,6,1,23,5,-1,-1,-1,-1,-1,-1,0,-1
2023010461676,2023,010461676,3,9,0,2,2,0,0,0,0,1,0,0,0,0,2,1,6,6,3,-1,-1,-1,-1,-1,-1,-1,-1,0,-1
2023520000842,2023,520000842,2,9,0,18,19,1,5,0,0,8,0,0,0,0,1,1,6,6,1,100,11,-1,-1,-1,-1,-1,-1,0,-1
2023361259182,2023,361259182,2,9,0,18,19,5,1,0,0,1,0,0,0,0,1,1,5,6,2,26,6,-1,-1,-1,-1,2,E01026680,0,-1
2023122300521,2023,122300521,2,1,0,18,19,7,3,0,0,0,1,0,0,0,1,1,6,6,1,8,2,-1,-1,-1,-1,2,E01027864,0,-1
2023201294005,2023,201294005,1,9,0,17,19,-1,-1,0,0,1,0,0,0,0,1,1,1,1,1,53,8,-1,-1,-1,-1,8,E01009822,0,-1
2023010426626,2023,010426626,2,1,0,18,19,3,7,0,0,8,0,0,0,0,1,1,1,1,1,25,5,-1,-1,-1,-1,3,E01003606,0,-1
2023010422862,2023,010422862,2,9,0,18,19,3,7,9,9,1,0,0,0,0,0,1,2,2,1,41,7,-1,-1,-1,-1,4,E01000475,0,-1
2023991288033,2023,991288033,1,1,0,18,19,4,1,0,0,4,1,0,0,0,1,1,1,1,1,21,5,-1,-1,-1,-1,2,-1,0,-1
2023471384112,2023,471384112,2,9,0,9,9,8,6,0,0,2,0,0,0,0,1,1,6,6,3,-1,-1,-1,-1,-1,-1,-1,-1,0,-1
2023010450637,2023,010450637,3,9,0,2,2,0,0,0,0,1,0,0,0,0,1,1,6,6,3,-1,-1,-1,-1,-1,-1,-1,-1,0,-1
2023122301219,2023,122301219,1,9,0,18,19,6,3,0,0,0,0,0,0,0,0,1,6,6,3,-1,-1,-1,-1,-1,-1,-1,-1,0,-1
2023052300223,2023,052300223,1,9,0,18,19,4,1,0,0,0,0,0,0,0,1,1,6,6,3,-1,-1,-1,-1,-1,-1,-1,-1,0,-1
2023131291841,2023,131291841,1,9,0,18,19,-1,-1,-1,-1,3,-1,-1,-1,-1,-1,1,6,6,3,-1,-1,-1,-1,-1,-1,-1,-1,0,-1
2023351370326,2023,351370326,1,98,0,18,19,1,5,0,0,0,0,10,1,1,1,1,1,1,1,26,6,-1,-1,-1,-1,8,E01017838,0,-1
2023010483742,2023,010483742,1,1,9,99,99,9,9,99,99,9,9,99,9,99,9,1,2,2,2,30,6,-1,-1,-1,-1,3,E01004200,0,-1
2023010438671,2023,010438671,4,1,9,99,99,9,9,99,99,9,9,99,9,99,0,1,6,6,3,-1,-1,-1,-1,-1,-1,7,E01000895,0,-1
2023631316930,2023,631316930,1,90,0,18,19,3,7,0,0,0,1,0,0,0,0,1,2,2,1,33,6,-1,-1,-1,-1,5,W01000706,0,-1
2023332300045,2023,332300045,2,1,0,14,14,6,2,0,0,0,0,0,0,0,1,1,6,6,1,29,6,-1,-1,-1,-1,1,E01013602,0,-1
2023201360173,2023,201360173,2,21,1,18,19,8,4,0,0,0,0,0,0,0,4,1,1,1,1,68,10,-1,-1,-1,-1,7,E01009318,0,-1
2023010477957,2023,010477957,2,1,0,18,19,5,1,0,0,1,0,0,0,0,1,1,2,2,1,53,8,-1,-1,-1,-1,5,E01003247,0,-1
2023231274192,2023,231274192,2,9,0,2,2,0,0,0,0,0,0,0,0,0,2,1,6,6,1,35,6,-1,-1,-1,-1,10,E01031034,0,-1
2023052301701,2023,052301701,1,1,0,9,9,2,8,0,0,8,0,0,0,0,0,1,2,2,1,27,6,-1,-1,-1,-1,2,E01006782,0,-1
2023522300850,2023,522300850,2,20,0,18,19,5,1,0,0,0,0,0,0,0,0,1,6,6,3,-1,-1,-1,-1,-1,-1,-1,-1,0,-1
2023221387817,2023,221387817,1,9,0,18,19,5,1,0,0,8,0,0,0,0,1,1,1,1,1,54,8,-1,-1,-1,-1,3,E01032437,0,-1
2023546147323,2023,546147323,2,11,0,2,2,8,4,0,0,0,0,0,0,0,2,1,1,1,1,44,7,-1,-1,-1,-1,6,E01031996,0,-1
2023522301826,2023,522301826,2,9,0,13,13,2,6,0,0,0,0,0,0,0,0,1,6,6,3,-1,-1,-1,-1,-1,-1,-1,-1,0,-1
2023430158140,2023,430158140,1,11,0,18,19,2,6,0,0,1,0,0,0,0,1,1,1,1,1,58,9,-1,-1,-1,-1,3,E01016377,0,-1
2023451386992,2023,451386992,1,9,0,18,19,3,7,0,0,0,0,0,0,0,1,1,5,6,1,57,9,-1,-1,-1,-1,9,E01030813,0,-1
2023401374339,2023,401374339,2,1,0,18,19,5,1,0,0,8,0,0,0,0,4,1,5,6,1,59,9,-1,-1,-1,-1,9,E01017415,0,-1
2023430522668,2023,430522668,1,9,0,18,19,2,6,0,0,3,0,0,0,0,1,1,6,6,2,57,9,-1,-1,-1,-1,5,E01017907,0,-1
2023010435658,2023,010435658,1,1,9,99,99,9,9,99,99,9,9,99,9,99,1,1,6,6,1,35,6,-1,-1,-1,-1,2,E01002766,0,-1
2023371347239,2023,371347239,1,19,-1,5,5,1,3,0,0,0,0,0,0,0,1,1,6,6,3,-1,-1,-1,-1,-1,-1,-1,-1,0,-1
2023010437996,2023,010437996,1,1,9,99,99,9,9,99,99,9,9,99,9,99,9,1,2,2,1,39,7,-1,-1,-1,-1,3,E01002102,0,-1
2023010447334,2023,010447334,2,-1,0,18,19,7,3,0,0,0,0,0,0,0,1,1,6,6,1,17,4,-1,-1,-1,-1,5,E01003110,1,-1
2023546416923,2023,546416923,1,9,0,5,5,1,4,0,0,6,0,0,0,0,1,1,6,6,3,-1,-1,-1,-1,-1,-1,-1,-1,0,-1
2023010454037,2023,010454037,2,1,0,18,19,5,1,0,0,1,0,0,0,0,1,1,6,6,1,37,7,-1,-1,-1,-1,6,E01000581,0,-1
2023543545923,2023,543545923,1,19,0,18,19,2,6,0,0,1,0,0,0,0,1,1,6,6,1,55,8,-1,-1,-1,-1,10,E01029854,0,-1
2023010453215,2023,010453215,1,1,9,99,99,9,9,99,99,9,9,99,9,99,9,1,6,6,1,33,6,-1,-1,-1,-1,2,E01001351,0,-1
2023010453650,2023,010453650,1,1,9,99,99,9,9,99,99,9,9,99,9,99,2,1,6,6,3,-1,-1,-1,-1,-1,-1,3,E01003940,0,-1
2023010433498,2023,010433498,2,9,0,99,99,9,9,99,99,9,9,99,9,99,9,9,6,6,3,60,9,-1,-1,-1,-1,3,E01024166,0,-1
2023311362188,2023,311362188,1,9,0,18,19,1,5,0,0,1,0,0,0,0,4,1,6,6,3,50,8,-1,-1,-1,-1,-1,-1,0,-1
2023201268352,2023,201268352,1,9,0,5,5,4,8,0,0,1,0,0,0,0,1,1,6,6,3,-1,-1,-1,-1,-1,-1,-1,-1,0,-1
2023471350074,2023,471350074,2,1,0,7,7,5,7,0,0,0,5,0,0,0,3,1,6,6,1,15,3,-1,-1,-1,-1,5,E01031750,0,-1
2023010472044,2023,010472044,1,4,0,9,9,7,6,0,0,5,0,0,0,0,3,1,2,2,2,22,5,-1,-1,-1,-1,2,E01004718,0,-1
2023010430483,2023,010430483,2,8,0,18,19,5,1,0,0,1,0,0,0,0,1,1,6,6,1,27,6,-1,-1,-1,-1,3,E01016490,0,-1
2023122300852,2023,122300852,2,9,0,18,19,5,1,0,0,0,2,0,7,0,1,1,6,6,2,55,8,-1,-1,-1,-1,3,E01007632,0,-1
2023520400781,2023,520400781,1,8,0,5,5,3,7,0,0,8,0,0,0,0,3,1,6,6,1,83,11,-1,-1,-1,-1,8,E01014472,0,-1
2023440013624,2023,440013624,1,1,0,14,14,4,8,0,0,0,0,0,0,0,4,1,6,6,1,84,11,-1,-1,-1,-1,5,E01017221,0,-1
2023451372686,2023,451372686,2,98,0,18,19,1,5,0,0,1,0,0,0,0,1,1,6,6,3,27,6,-1,-1,-1,-1,-1,-1,0,-1
2023311331216,2023,311331216,2,1,0,5,5,7,3,5,5,0,0,0,0,0,3,1,5,6,1,54,8,-1,-1,-1,-1,5,E01013973,0,-1
2023461362556,2023,461362556,2,9,0,18,19,6,2,0,0,0,0,0,0,0,4,1,6,6,3,-1,-1,-1,-1,-1,-1,-1,-1,0,-1
2023010465636,2023,010465636,1,9,0,18,19,3,7,0,0,8,0,0,0,0,1,1,6,6,3,-1,-1,-1,-1,-1,-1,-1,-1,0,-1
2023401317983,2023,401317983,1,9,0,11,11,4,8,0,0,1,-1,0,0,0,0,1,6,6,3,-1,-1,-1,-1,-1,-1,-1,-1,0,-1
2023010462788,2023,010462788,2,1,0,9,9,1,7,0,0,1,0,0,0,0,1,1,6,6,1,36,7,-1,-1,-1,-1,8,E01002658,0,-1
2023201410722,2023,201410722,2,9,0,18,19,2,4,0,0,7,0,0,0,0,1,1,6,6,3,-1,-1,-1,-1,-1,-1,-1,-1,0,-1
2023461325868,2023,461325868,2,19,0,18,19,1,5,0,0,0,0,0,0,0,3,1,2,2,1,45,7,-1,-1,-1,-1,5,E01024551,0,-1
2023010422803,2023,010422803,2,1,0,18,19,5,1,0,0,2,0,0,1,0,1,1,2,2,1,51,8,-1,-1,-1,-1,9,E01000897,0,-1
2023010463133,2023,010463133,1,1,9,99,99,9,9,99,99,9,9,99,9,99,1,1,6,6,1,55,8,-1,-1,-1,-1,6,E01000192,0,-1
2023211313091,2023,211313091,1,9,0,5,5,5,2,0,0,0,0,0,0,0,1,1,6,6,3,16,4,-1,-1,-1,-1,-1,-1,0,-1
2023430492165,2023,430492165,2,11,0,3,3,6,2,0,0,0,0,0,0,0,0,1,1,1,1,-1,-1,-1,-1,-1,-1,-1,-1,0,-1
2023161277502,2023,161277502,2,9,0,18,19,7,3,0,0,1,0,0,0,0,4,1,6,6,1,47,8,-1,-1,-1,-1,3,E01012827,0,-1
2023010478293,2023,010478293,1,1,0,18,19,5,1,4,4,8,5,0,1,0,1,1,2,2,1,25,5,-1,-1,-1,-1,5,E01004733,0,-1
2023991289537,2023,991289537,2,9,0,4,4,7,3,0,0,0,0,0,0,0,2,1,1,1,1,29,6,-1,-1,-1,-1,-1,-1,0,-1
2023010473734,2023,010473734,1,3,0,99,99,9,9,99,99,9,9,99,9,99,9,1,3,7,1,31,6,-1,-1,-1,-1,2,E01010016,0,-1
2023101335832,2023,101335832,2,1,0,18,19,7,3,0,0,1,0,0,0,0,3,1,5,6,2,51,8,-1,-1,-1,-1,2,E01027429,0,-1
2023610005323,2023,610005323,2,9,0,18,19,4,8,0,0,0,0,0,0,0,3,1,2,2,1,21,5,-1,-1,-1,-1,-1,-1,0,-1
2023991317568,2023,991317568,2,1,0,9,9,6,2,0,0,1,0,0,0,0,3,1,5,6,1,62,9,-1,-1,-1,-1,8,-1,0,-1
2023401267998,2023,401267998,1,9,0,17,19,2,6,0,0,2,1,0,1,11,1,1,6,6,1,26,6,-1,-1,-1,-1,4,E01023738,0,-1
2023010485501,2023,010485501,2,9,9,18,19,5,1,0,0,9,9,99,0,0,1,9,6,6,1,-1,-1,-1,-1,-1,-1,-1,-1,0,-1
2023430055350,2023,430055350,2,1,0,18,19,8,4,0,0,0,0,0,0,0,2,1,2,2,1,44,7,-1,-1,-1,-1,9,E01027274,0,-1
2023010459303,2023,010459303,1,1,0,18,19,7,3,0,0,8,0,0,0,0,3,1,6,6,2,37,7,-1,-1,-1,-1,6,E01000946,0,-1
2023461339042,2023,461339042,1,1,0,18,19,6,2,0,0,1,0,0,0,0,1,1,6,6,1,77,11,-1,-1,-1,-1,7,E01024073,0,-1
2023991381092,2023,991381092,1,9,0,15,15,2,6,0,0,2,0,0,0,0,1,1,6,6,2,30,6,-1,-1,-1,-1,4,-1,0,-1
2023351321147,2023,351321147,1,1,0,18,19,-1,-1,0,0,0,0,0,0,0,1,1,6,6,2,-1,-1,-1,-1,-1,-1,-1,-1,0,-1
2023010485573,2023,010485573,3,9,0,99,99,9,9,99,99,0,9,99,9,99,2,9,6,6,3,-1,-1,-1,-1,-1,-1,-1,-1,0,-1
2023520301104,2023,520301104,1,19,0,2,2,0,0,0,0,0,0,0,0,0,4,1,1,1,1,31,6,-1,-1,-1,-1,4,E01029090,0,-1
2023991388764,2023,991388764,2,1,0,11,11,5,2,0,0,1,0,0,0,0,2,1,5,6,1,39,7,-1,-1,-1,-1,9,-1,0,-1
2023010449574,2023,010449574,1,1,9,99,99,9,9,99,99,9,9,99,9,99,9,1,6,6,1,20,4,-1,-1,-1,-1,3,E01002770,0,-1
2023201416522,2023,201416522,2,1,0,15,15,5,1,0,0,0,0,0,0,0,1,1,6,6,2,43,7,-1,-1,-1,-1,6,E01010379,0,-1
2023010465726,2023,010465726,1,1,9,99,99,9,9,99,99,9,9,99,9,99,9,1,6,6,2,57,9,-1,-1,-1,-1,2,E01002765,0,-1
2023421337760,2023,421337760,1,9,0,18,19,8,4,0,0,0,0,0,0,0,1,1,6,6,3,-1,-1,-1,-1,-1,-1,-1,-1,0,-1
2023131368226,2023,131368226,1,9,0,-1,-1,-1,-1,-1,-1,-1,-1,-1,-1,-1,-1,1,6,6,3,-1,-1,-1,-1,-1,-1,-1,-1,0,-1
2023010423805,2023,010423805,2,1,0,18,19,3,7,0,0,8,5,0,0,0,3,1,6,6,2,69,10,-1,-1,-1,-1,3,E01001816,0,-1
2023440519186,2023,440519186,2,9,0,3,3,6,2,0,0,0,0,0,0,0,2,1,6,6,2,22,5,-1,-1,-1,-1,4,E01017342,0,-1
2023421280655,2023,421280655,1,97,0,18,19,7,3,9,9,1,0,0,0,0,1,1,6,6,1,24,5,-1,-1,-1,-1,6,E01015943,0,-1
2023010462643,2023,010462643,1,19,0,18,19,5,1,0,0,0,0,0,0,0,1,1,6,6,3,-1,-1,-1,-1,-1,-1,-1,-1,0,-1
2023052301445,2023,052301445,1,19,0,18,19,3,7,0,0,8,0,0,0,0,1,1,6,6,3,-1,-1,-1,-1,-1,-1,-1,-1,0,-1
2023010481472,2023,010481472,1,9,0,1,1,1,3,0,0,6,0,0,0,0,2,1,6,6,3,-1,-1,-1,-1,-1,-1,-1,-1,0,-1
2023340WN9042,2023,340WN9042,2,1,0,18,19,5,1,0,0,8,0,0,0,0,3,1,6,6,1,62,9,-1,-1,-1,-1,5,E01032981,0,-1
2023052301910,2023,052301910,1,1,0,18,19,7,3,0,0,0,0,0,0,0,4,1,6,6,2,49,8,-1,-1,-1,-1,8,E01007100,0,-1
2023071007185,2023,071007185,1,1,0,18,19,8,5,0,0,0,5,0,0,0,1,1,6,6,2,63,9,-1,-1,-1,-1,8,E01018574,0,-1
2023471351253,2023,471351253,3,9,0,18,19,1,5,0,0,1,0,0,0,0,0,1,6,6,3,-1,-1,-1,-1,-1,-1,-1,-1,0,-1
2023631385306,2023,631385306,1,9,0,18,19,3,7,0,0,1,1,0,1,0,1,1,5,6,1,23,5,-1,-1,-1,-1,8,W01000467,0,-1
2023320451939,2023,320451939,1,9,0,16,19,4,7,0,0,0,1,0,1,9,1,1,2,2,2,30,6,-1,-1,-1,-1,5,E01026232,0,-1
2023052300814,2023,052300814,2,1,0,18,19,1,5,0,0,0,0,0,0,0,4,1,6,6,1,75,10,-1,-1,-1,-1,3,E01006575,0,-1
2023010475039,2023,010475039,1,1,9,99,99,9,9,99,99,9,9,99,9,99,2,1,2,2,1,21,5,-1,-1,-1,-1,2,E01004243,0,-1
2023010453003,2023,010453003,2,9,0,99,99,9,9,0,0,8,0,0,0,0,0,1,6,6,3,-1,-1,-1,-1,-1,-1,-1,-1,0,-1
2023010471965,2023,010471965,1,1,9,99,99,9,9,99,99,0,9,99,9,99,9,1,2,2,1,48,8,-1,-1,-1,-1,5,E01000360,0,-1
2023221391041,2023,221391041,1,9,0,18,19,6,2,0,0,0,0,0,0,0,1,1,6,6,3,58,9,-1,-1,-1,-1,-1,-1,0,-1
2023471309006,2023,471309006,1,9,0,18,19,6,8,0,0,3,0,0,0,0,1,1,6,6,3,-1,-1,-1,-1,-1,-1,-1,-1,0,-1