collision_index,collision_year,collision_ref_no,vehicle_reference,vehicle_type,towing_and_articulation,vehicle_manoeuvre_historic,vehicle_manoeuvre,vehicle_direction_from,vehicle_direction_to,vehicle_location_restricted_lane_historic,vehicle_location_restricted_lane,junction_location,skidding_and_overturning,hit_object_in_carriageway,vehicle_leaving_carriageway,hit_object_off_carriageway,first_point_of_impact,vehicle_left_hand_drive,journey_purpose_of_driver_historic,journey_purpose_of_driver,sex_of_driver,age_of_driver,age_band_of_driver,engine_capacity_cc,propulsion_code,age_of_vehicle,generic_make_model,driver_imd_decile,lsoa_of_driver,escooter_flag,driver_distance_banding
2023201277602,2023,201277602,2,9,0,18,19,8,4,0,0,1,0,0,0,0,1,1,6,6,3,-1,-1,-1,-1,-1,-1,-1,-1,0,-1
2023010501673,2023,010501673,2,9,0,99,99,9,9,99,99,9,9,99,9,99,1,9,6,6,3,-1,-1,-1,-1,-1,-1,-1,-1,0,-1
2023211322069,2023,211322069,2,1,-1,18,19,-1,-1,-1,-1,0,-1,-1,-1,0,-1,1,6,6,1,12,3,-1,-1,-1,-1,2,E01029679,0,-1
2023461296473,2023,461296473,2,9,0,3,3,1,3,0,0,8,0,0,0,0,1,1,6,6,1,37,7,-1,-1,-1,-1,5,E01023998,0,-1
2023010428099,2023,010428099,1,9,0,13,13,2,6,0,0,1,0,0,0,0,1,1,6,6,2,24,5,-1,-1,-1,-1,-1,-1,0,-1
2023010426787,2023,010426787,2,9,0,18,19,6,2,0,0,1,0,0,0,0,1,1,6,6,3,-1,-1,-1,-1,-1,-1,-1,-1,0,-1
2023041308125,2023,041308125,2,1,0,18,19,1,5,0,0,0,0,0,0,0,2,1,6,6,2,22,5,-1,-1,-1,-1,6,E01025546,0,-1
2023111329099,2023,111329099,1,9,0,18,19,1,5,0,0,0,2,0,1,10,1,1,6,6,1,20,4,-1,-1,-1,-1,1,E01020724,0,-1
2023421358239,2023,421358239,1,19,0,18,19,1,5,0,0,0,0,0,0,0,-1,1,6,6,3,-1,-1,-1,-1,-1,-1,-1,-1,0,-1
2023010457736,2023,010457736,2,-1,0,18,19,1,5,0,0,0,0,4,0,0,4,1,6,6,1,43,7,-1,-1,-1,-1,9,E01001386,1,-1
2023010465480,2023,010465480,2,1,0,18,19,1,5,0,0,1,0,0,0,0,4,1,2,2,1,49,8,-1,-1,-1,-1,7,E01000983,0,-1
2023010484262,2023,010484262,1,1,9,99,99,9,9,99,99,9,9,99,9,99,1,1,2,2,1,60,9,-1,-1,-1,-1,2,E01001753,0,-1
2023010476749,2023,010476749,1,1,9,99,99,9,9,99,99,0,9,99,9,99,9,1,2,2,1,36,7,-1,-1,-1,-1,2,E01003580,0,-1
2023421293404,2023,421293404,1,97,0,18,19,8,4,9,9,0,5,0,0,0,0,1,5,6,1,31,6,-1,-1,-1,-1,-1,-1,0,-1
2023211358311,2023,211358311,1,9,0,9,9,6,3,0,0,5,0,0,0,0,3,1,5,6,1,79,11,-1,-1,-1,-1,5,E01029449,0,-1
2023101310374,2023,101310374,1,9,0,18,19,5,1,0,0,8,0,0,0,0,3,1,6,6,3,-1,-1,-1,-1,-1,-1,-1,-1,0,-1
2023010429418,2023,010429418,2,9,0,99,99,9,9,99,99,0,9,99,9,99,9,9,6,6,3,-1,-1,-1,-1,-1,-1,-1,-1,0,-1
2023522301291,2023,522301291,1,1,0,18,19,6,2,0,0,0,0,0,0,0,9,1,6,6,1,36,7,-1,-1,-1,-1,4,E01032516,0,-1
2023471374162,2023,471374162,1,9,0,18,19,1,5,0,0,7,0,0,0,0,1,1,6,6,1,56,9,-1,-1,-1,-1,3,E01031459,0,-1
2023311355934,2023,311355934,2,9,0,9,9,5,3,0,0,8,0,0,0,0,3,1,5,6,1,32,6,-1,-1,-1,-1,10,E01033390,0,-1
2023010470207,2023,010470207,2,1,0,18,19,3,7,0,0,0,0,0,0,0,1,1,6,6,2,33,6,-1,-1,-1,-1,3,E01001764,0,-1
2023461297617,2023,461297617,1,2,0,7,7,7,3,0,0,8,2,0,0,0,1,1,6,6,1,-1,-1,-1,-1,-1,-1,-1,-1,0,-1
2023010479786,2023,010479786,1,9,0,7,7,5,7,0,0,5,0,0,1,0,0,1,6,6,1,31,6,-1,-1,-1,-1,4,E01004465,0,-1
2023010446859,2023,010446859,2,1,0,5,5,5,1,0,0,1,0,4,0,0,1,1,6,6,2,27,6,-1,-1,-1,-1,4,E01003029,0,-1
2023302301339,2023,302301339,2,3,0,13,13,6,2,0,0,2,0,0,0,0,4,1,6,6,3,-1,-1,-1,-1,-1,-1,5,E01019456,0,-1
2023552300621,2023,552300621,1,19,0,9,9,3,1,0,0,5,0,0,0,0,4,1,6,6,3,-1,-1,-1,-1,-1,-1,-1,-1,0,-1
2023351324486,2023,351324486,2,1,0,18,19,-1,-1,0,0,0,0,0,0,0,1,1,6,6,2,55,8,-1,-1,-1,-1,7,E01017980,0,-1
2023061298342,2023,061298342,2,1,0,18,19,6,1,0,0,1,0,0,0,0,3,1,5,6,1,51,8,-1,-1,-1,-1,9,E01031888,0,-1
2023010477032,2023,010477032,2,1,9,99,99,9,9,99,99,9,9,99,9,99,1,1,6,6,1,-1,-1,-1,-1,-1,-1,2,E01004201,0,-1
2023010480271,2023,010480271,1,1,9,99,99,9,9,99,99,9,9,99,9,99,9,1,6,6,1,41,7,-1,-1,-1,-1,8,E01001228,0,-1
2023522301083,2023,522301083,2,1,0,18,19,1,5,0,0,8,0,0,0,0,1,1,6,6,1,-1,-1,-1,-1,-1,-1,-1,-1,0,-1
2023161326604,2023,161326604,1,1,0,18,19,1,5,0,0,1,0,10,1,10,1,1,2,2,1,34,6,-1,-1,-1,-1,1,E01012840,0,-1
2023010420556,2023,010420556,1,1,9,99,99,9,9,99,99,9,9,99,9,99,9,1,6,6,3,34,6,-1,-1,-1,-1,3,E01033709,0,-1
2023170M10663,2023,170M10663,2,19,0,14,14,3,7,0,0,0,0,0,0,0,3,1,6,6,1,35,6,-1,-1,-1,-1,-1,-1,0,-1
2023451291502,2023,451291502,2,98,0,18,19,7,3,0,0,0,0,0,0,0,1,1,6,6,1,51,8,-1,-1,-1,-1,5,E01016950,0,-1
2023522400376,2023,522400376,2,9,0,2,2,0,0,0,0,0,0,0,0,0,2,1,6,6,3,-1,-1,-1,-1,-1,-1,-1,-1,0,-1
2023131281548,2023,131281548,2,9,0,2,2,0,0,0,0,0,0,0,1,0,1,1,6,6,3,-1,-1,-1,-1,-1,-1,-1,-1,0,-1
2023010459368,2023,010459368,2,1,0,18,19,7,3,0,0,1,2,0,0,0,4,1,6,6,1,26,6,-1,-1,-1,-1,1,E01001730,0,-1
2023122300350,2023,122300350,2,9,0,3,3,5,8,0,0,1,0,0,0,0,0,1,6,6,3,-1,-1,-1,-1,-1,-1,-1,-1,0,-1
2023622300828,2023,622300828,1,9,0,17,19,6,2,0,0,0,0,4,0,0,1,1,6,6,2,55,8,-1,-1,-1,-1,7,W01001118,0,-1
2023461285956,2023,461285956,1,3,0,18,19,7,7,0,0,1,0,0,0,0,1,1,6,6,1,-1,-1,-1,-1,-1,-1,-1,-1,0,-1
2023302300062,2023,302300062,2,9,0,2,2,0,0,0,0,0,0,0,0,0,0,1,6,6,3,-1,-1,-1,-1,-1,-1,-1,-1,0,-1
2023461382344,2023,461382344,1,9,0,4,4,-1,-1,0,0,0,0,0,0,0,1,1,6,6,2,-1,-1,-1,-1,-1,-1,-1,-1,0,-1
2023101272146,2023,101272146,1,11,-1,18,19,5,1,0,0,1,0,0,0,0,0,1,1,1,1,40,7,-1,-1,-1,-1,-1,-1,0,-1
2023010475303,2023,010475303,1,1,0,18,19,5,1,0,0,1,0,0,0,0,1,1,2,2,1,65,9,-1,-1,-1,-1,8,E01003421,0,-1
2023010457419,2023,010457419,2,-1,0,18,19,5,1,9,9,1,0,4,0,0,3,1,6,6,1,27,6,-1,-1,-1,-1,-1,-1,1,-1
2023440341825,2023,440341825,2,-1,0,18,19,3,7,0,0,0,0,0,0,0,1,1,6,6,1,41,7,-1,-1,-1,-1,2,E01022900,1,-1
2023201288827,2023,201288827,3,98,0,2,2,0,0,0,0,2,0,0,0,0,2,1,6,6,1,44,7,-1,-1,-1,-1,2,E01005140,0,-1
2023311270348,2023,311270348,1,9,0,9,9,2,8,0,0,8,0,0,0,0,4,1,6,6,1,40,7,-1,-1,-1,-1,-1,-1,0,-1
2023061291677,2023,061291677,1,9,0,18,19,-1,-1,0,0,0,0,0,0,0,1,1,6,6,3,-1,-1,-1,-1,-1,-1,-1,-1,0,-1
2023211308490,2023,211308490,2,98,0,9,9,7,5,0,0,0,0,0,0,0,0,1,6,6,1,54,8,-1,-1,-1,-1,-1,-1,0,-1
2023371364767,2023,371364767,1,22,0,18,19,1,5,0,0,0,0,0,0,0,1,1,6,6,3,-1,-1,-1,-1,-1,-1,-1,-1,0,-1
2023430538784,2023,430538784,1,9,0,11,11,6,2,0,0,1,0,0,0,0,3,1,6,6,1,-1,-1,-1,-1,-1,-1,-1,-1,0,-1
2023010485629,2023,010485629,2,-1,0,18,19,1,5,0,0,0,0,0,0,0,1,2,6,6,1,31,6,-1,-1,-1,-1,3,E01000403,1,-1
2023991277718,2023,991277718,2,16,0,18,19,5,1,0,0,0,0,0,0,0,2,1,5,6,2,52,8,-1,-1,-1,-1,9,-1,0,-1
2023401357315,2023,401357315,1,90,0,18,19,5,1,0,0,0,0,0,0,0,1,1,1,1,1,69,10,-1,-1,-1,-1,10,E01017405,0,-1
2023052301172,2023,052301172,1,19,0,18,19,5,1,0,0,0,0,0,0,0,3,1,6,6,1,26,6,-1,-1,-1,-1,2,E01006564,0,-1
2023411388131,2023,411388131,3,19,1,12,12,5,1,0,0,0,0,0,0,0,0,1,1,1,1,54,8,-1,-1,-1,-1,-1,-1,0,-1
2023461268166,2023,461268166,2,9,0,18,19,7,3,0,0,0,0,0,1,0,4,1,5,6,2,65,9,-1,-1,-1,-1,3,E01024695,0,-1
2023461381424,2023,461381424,3,9,0,18,19,5,1,0,0,1,0,0,0,0,1,1,1,1,1,38,7,-1,-1,-1,-1,5,E01024201,0,-1
2023141302073,2023,141302073,1,98,0,18,19,4,8,0,0,0,0,0,0,0,3,1,6,6,3,-1,-1,-1,-1,-1,-1,-1,-1,0,-1
2023991319766,2023,991319766,2,9,0,4,4,2,6,0,0,1,0,0,0,0,1,1,1,1,1,33,6,-1,-1,-1,-1,8,-1,0,-1
2023430466887,2023,430466887,2,9,0,18,19,5,1,0,0,0,0,0,0,0,1,1,6,6,1,-1,-1,-1,-1,-1,-1,-1,-1,0,-1
2023421338994,2023,421338994,1,19,0,18,19,3,7,0,0,1,0,0,0,0,1,1,6,6,1,34,6,-1,-1,-1,-1,4,E01021802,0,-1
2023461363390,2023,461363390,1,19,0,18,19,5,1,0,0,0,0,0,0,0,1,1,1,1,1,56,9,-1,-1,-1,-1,4,E01021295,0,-1
2023061263375,2023,061263375,1,9,0,9,9,8,6,0,0,0,0,0,0,0,3,1,6,6,1,88,11,-1,-1,-1,-1,7,E01005778,0,-1
2023411296589,2023,411296589,3,-1,0,18,19,3,5,0,0,1,0,0,0,0,0,1,6,6,3,-1,-1,-1,-1,-1,-1,-1,-1,0,-1
2023430233465,2023,430233465,2,1,0,18,19,2,6,0,0,8,0,0,0,0,1,1,6,6,1,41,7,-1,-1,-1,-1,3,E01016449,0,-1
2023401348291,2023,401348291,2,1,-1,-1,-1,-1,-1,-1,-1,3,1,-1,-1,0,-1,1,5,6,1,62,9,-1,-1,-1,-1,7,E01017434,0,-1
2023421366222,2023,421366222,1,9,0,18,19,1,5,0,0,4,0,0,0,0,3,1,6,6,3,-1,-1,-1,-1,-1,-1,-1,-1,0,-1
2023211338427,2023,211338427,1,90,0,18,19,2,6,0,0,0,0,0,0,0,1,1,1,1,1,46,8,-1,-1,-1,-1,-1,-1,0,-1
2023401273133,2023,401273133,2,9,0,18,19,3,7,0,0,0,0,0,0,0,3,1,5,6,1,45,7,-1,-1,-1,-1,10,E01017401,0,-1
2023070728345,2023,070728345,2,1,0,18,19,3,7,0,0,8,0,0,0,0,1,1,6,6,1,37,7,-1,-1,-1,-1,-1,-1,0,-1
2023101406423,2023,101406423,1,97,0,15,15,7,3,0,0,0,2,0,1,0,2,1,6,6,1,18,4,-1,-1,-1,-1,2,E01008428,0,-1
2023440512110,2023,440512110,2,1,0,18,19,6,2,0,0,1,0,0,0,0,1,1,6,6,1,52,8,-1,-1,-1,-1,3,E01017349,0,-1
2023010437476,2023,010437476,2,9,9,99,99,9,9,99,99,9,9,99,9,99,9,9,6,6,3,-1,-1,-1,-1,-1,-1,1,E01002038,0,-1
2023421361980,2023,421361980,1,9,0,18,19,3,7,0,0,0,0,0,0,0,1,1,5,6,1,39,7,-1,-1,-1,-1,6,E01021542,0,-1
2023010445040,2023,010445040,2,1,9,99,99,9,9,99,99,9,9,99,9,99,1,1,6,6,3,-1,-1,-1,-1,-1,-1,-1,-1,0,-1
2023201412573,2023,201412573,3,9,0,5,5,3,7,0,0,6,0,0,0,0,1,1,6,6,1,-1,-1,-1,-1,-1,-1,4,E01008920,0,-1
2023361297627,2023,361297627,2,9,0,4,4,5,1,0,0,0,0,0,0,0,2,1,6,6,2,40,7,-1,-1,-1,-1,5,E01026487,0,-1
2023430123313,2023,430123313,2,9,0,18,19,1,5,0,0,8,0,0,0,0,3,1,6,6,2,56,9,-1,-1,-1,-1,-1,-1,0,-1
2023221340209,2023,221340209,2,9,0,7,7,5,7,0,0,5,0,0,0,0,3,1,5,6,2,42,7,-1,-1,-1,-1,3,E01032201,0,-1
2023201416928,2023,201416928,1,11,-1,-1,-1,-1,-1,-1,-1,0,-1,-1,-1,0,-1,1,1,1,1,61,9,-1,-1,-1,-1,2,E01010087,0,-1
2023430002153,2023,430002153,2,1,0,18,19,8,4,0,0,8,0,0,0,0,4,1,6,6,1,-1,-1,-1,-1,-1,-1,-1,-1,0,-1
2023010461646,2023,010461646,1,1,9,99,99,9,9,99,99,9,9,99,9,99,9,1,6,6,1,53,8,-1,-1,-1,-1,4,E01004388,0,-1
2023131381284,2023,131381284,1,9,0,18,19,1,5,0,0,0,0,0,0,0,1,1,6,6,2,-1,-1,-1,-1,-1,-1,-1,-1,0,-1
2023010448033,2023,010448033,2,1,0,14,14,6,2,0,0,1,0,0,0,0,1,1,1,1,1,24,5,-1,-1,-1,-1,2,E01002090,0,-1
2023211339570,2023,211339570,3,9,0,3,3,7,2,0,0,1,0,0,0,0,4,1,6,6,1,42,7,-1,-1,-1,-1,2,E01014285,0,-1
2023010480471,2023,010480471,1,1,9,99,99,9,9,99,99,9,9,99,9,99,9,1,2,2,1,34,6,-1,-1,-1,-1,2,E01004436,0,-1
2023543426223,2023,543426223,1,9,0,18,19,6,2,0,0,0,0,10,1,11,1,1,6,6,1,80,11,-1,-1,-1,-1,4,E01015578,0,-1
2023052302118,2023,052302118,2,9,0,18,19,5,1,0,0,8,0,0,0,0,1,1,6,6,3,-1,-1,-1,-1,-1,-1,-1,-1,0,-1
2023461288935,2023,461288935,1,90,0,7,7,3,5,0,0,1,0,0,0,0,1,1,1,1,1,33,6,-1,-1,-1,-1,10,E01024468,0,-1
2023170L50753,2023,170L50753,2,1,0,18,19,6,2,0,0,1,0,0,0,0,1,1,6,6,1,15,3,-1,-1,-1,-1,-1,-1,0,-1
2023320337399,2023,320337399,2,9,0,18,19,5,1,0,0,2,0,0,0,0,3,1,6,6,1,54,8,-1,-1,-1,-1,7,E01013325,0,-1
2023430347483,2023,430347483,1,1,0,18,19,4,8,9,9,0,0,0,0,0,1,1,6,6,1,23,5,-1,-1,-1,-1,3,E01016377,0,-1
2023351330138,2023,351330138,1,8,0,18,19,3,7,0,0,0,0,0,0,0,4,1,1,1,1,-1,-1,-1,-1,-1,-1,-1,-1,0,-1
2023010465778,2023,010465778,2,-1,0,18,19,1,5,0,0,1,0,0,0,0,1,1,6,6,1,34,6,-1,-1,-1,-1,2,E01002075,1,-1
2023010457829,2023,010457829,2,1,0,17,19,3,7,0,0,1,0,0,0,0,1,1,6,6,2,37,7,-1,-1,-1,-1,9,E01000424,0,-1
2023411284026,2023,411284026,2,9,-1,-1,-1,-1,-1,-1,-1,0,-1,-1,-1,0,-1,1,6,6,1,34,6,-1,-1,-1,-1,5,E01023862,0,-1
2023522300075,2023,522300075,1,-1,0,14,14,2,6,0,0,0,0,0,0,0,2,1,6,6,2,25,5,-1,-1,-1,-1,6,E01014487,1,-1
202354D171323,2023,54D171323,1,9,0,18,19,2,6,0,0,3,0,0,0,0,1,1,2,2,2,32,6,-1,-1,-1,-1,7,E01031872,0,-1
2023131372134,2023,131372134,2,1,0,18,19,5,4,4,4,0,0,0,0,0,4,1,6,6,1,26,6,-1,-1,-1,-1,2,E01011740,0,-1
2023221364339,2023,221364339,2,1,0,18,19,8,4,0,0,0,0,0,0,0,3,1,2,2,1,41,7,-1,-1,-1,-1,5,E01014053,0,-1
2023451283892,2023,451283892,1,97,0,18,19,7,3,0,0,1,0,0,0,0,1,1,2,2,1,17,4,-1,-1,-1,-1,10,E01030807,0,-1
2023231366874,2023,231366874,2,1,0,9,9,2,1,0,0,5,0,0,0,0,1,1,6,6,1,52,8,-1,-1,-1,-1,10,E01010173,0,-1
2023401418372,2023,401418372,2,1,0,18,19,7,4,0,0,1,0,0,0,0,0,1,6,6,1,39,7,-1,-1,-1,-1,6,E01018126,0,-1
2023471367231,2023,471367231,2,1,0,18,19,5,1,0,0,0,1,0,0,0,0,1,5,6,1,15,3,-1,-1,-1,-1,6,E01031796,0,-1
2023320054924,2023,320054924,1,19,0,18,19,8,4,0,0,0,0,0,0,0,0,1,6,6,1,36,7,-1,-1,-1,-1,8,E01007685,0,-1
2023421377419,2023,421377419,2,1,-1,-1,-1,-1,-1,0,0,0,0,0,0,0,-1,1,6,6,1,-1,-1,-1,-1,-1,-1,-1,-1,0,-1
2023052300290,2023,052300290,2,1,0,18,19,5,1,0,0,2,0,0,1,0,2,1,2,2,1,26,6,-1,-1,-1,-1,1,E01007009,0,-1
2023201315757,2023,201315757,3,98,0,4,4,5,1,0,0,0,0,0,0,0,2,1,6,6,1,-1,-1,-1,-1,-1,-1,-1,-1,0,-1
2023201306603,2023,201306603,1,-1,0,18,19,8,4,0,0,0,0,0,0,0,4,1,5,6,3,-1,-1,-1,-1,-1,-1,-1,-1,0,-1
2023991366633,2023,991366633,1,9,0,9,9,8,6,0,0,8,0,0,0,0,3,1,2,2,1,57,9,-1,-1,-1,-1,6,-1,0,-1
2023471309481,2023,471309481,1,9,0,18,19,5,1,0,0,1,0,0,0,0,1,1,6,6,3,-1,-1,-1,-1,-1,-1,-1,-1,0,-1
2023010473638,2023,010473638,1,1,9,99,99,9,9,99,99,9,9,99,9,99,9,1,6,6,2,25,5,-1,-1,-1,-1,2,E01032765,0,-1
2023430257289,2023,430257289,1,1,0,18,19,5,1,0,0,0,0,0,0,0,1,1,6,6,1,50,8,-1,-1,-1,-1,-1,-1,0,-1
2023010448863,2023,010448863,2,1,0,9,9,1,6,0,0,5,1,0,0,0,1,1,2,2,1,25,5,-1,-1,-1,-1,3,E01001089,0,-1
2023041283167,2023,041283167,2,1,0,18,19,-1,-1,0,0,1,0,0,0,0,-1,1,6,6,2,77,11,-1,-1,-1,-1,7,E01025109,0,-1
2023461320319,2023,461320319,2,9,0,18,19,7,3,0,0,0,5,0,1,0,1,1,6,6,1,22,5,-1,-1,-1,-1,9,E01024300,0,-1
2023221353563,2023,221353563,1,9,0,17,19,6,3,0,0,0,0,0,0,0,3,1,5,6,1,43,7,-1,-1,-1,-1,4,E01014017,0,-1
2023010422266,2023,010422266,2,1,0,10,10,4,2,0,0,1,0,0,0,0,1,1,2,2,1,47,8,-1,-1,-1,-1,8,E01004502,0,-1
2023131318745,2023,131318745,2,1,0,18,19,1,5,4,4,1,0,0,0,0,4,1,6,6,1,60,9,-1,-1,-1,-1,3,E01032608,0,-1
2023522301847,2023,522301847,1,1,0,18,19,1,5,4,4,8,1,0,0,0,1,1,6,6,1,19,4,-1,-1,-1,-1,8,E01014669,0,-1
2023061330635,2023,061330635,1,9,0,3,3,1,6,0,0,0,1,0,0,0,1,1,6,6,1,38,7,-1,-1,-1,-1,9,E01023053,0,-1
2023041309488,2023,041309488,2,1,0,18,19,3,7,0,0,1,0,0,0,0,1,1,1,1,1,41,7,-1,-1,-1,-1,8,E01025602,0,-1
202360A092381,2023,60A092381,1,9,0,18,19,5,1,0,0,0,0,0,0,0,2,1,6,6,1,41,7,-1,-1,-1,-1,-1,-1,0,-1
2023201339757,2023,201339757,2,1,0,7,7,4,6,0,0,5,0,0,0,0,1,1,6,6,1,26,6,-1,-1,-1,-1,3,E01033561,0,-1
2023411277004,2023,411277004,2,1,0,12,12,-1,-1,0,0,3,0,0,3,0,3,1,6,6,1,22,5,-1,-1,-1,-1,4,E01004417,0,-1
2023421324201,2023,421324201,1,21,1,18,19,3,7,0,0,0,0,0,0,0,1,1,1,1,1,33,6,-1,-1,-1,-1,-1,-1,0,-1
2023991388641,2023,991388641,2,1,0,9,9,8,6,0,0,8,0,0,0,0,4,1,6,6,2,40,7,-1,-1,-1,-1,1,-1,0,-1
2023340WN2602,2023,340WN2602,2,1,0,18,19,7,3,0,0,1,5,0,0,0,1,1,6,6,1,49,8,-1,-1,-1,-1,1,E01027195,0,-1
2023430513882,2023,430513882,3,9,0,10,10,4,2,0,0,8,0,0,0,0,1,1,6,6,1,40,7,-1,-1,-1,-1,7,E01017547,0,-1
2023201395009,2023,201395009,1,-1,0,18,19,5,1,0,0,0,0,4,0,0,4,1,6,6,1,27,6,-1,-1,-1,-1,8,E01009958,1,-1
2023041331588,2023,041331588,2,-1,0,18,19,1,5,0,0,0,0,0,0,0,3,1,2,2,1,28,6,-1,-1,-1,-1,5,E01025428,1,-1
2023340NN4242,2023,340NN4242,2,4,0,18,19,4,8,0,0,1,0,0,1,0,2,1,2,2,1,29,6,-1,-1,-1,-1,3,E01015761,0,-1
2023451393562,2023,451393562,1,1,0,16,19,2,4,9,9,0,0,0,0,0,1,1,5,6,1,66,10,-1,-1,-1,-1,10,E01030670,0,-1
2023421320632,2023,421320632,1,1,0,18,19,7,3,0,0,0,5,0,0,0,1,1,6,6,1,71,10,-1,-1,-1,-1,8,E01021583,0,-1
2023131271599,2023,131271599,1,23,0,-1,-1,-1,-1,-1,-1,0,-1,-1,-1,-1,-1,1,6,6,3,22,5,-1,-1,-1,-1,-1,-1,0,-1
2023201338142,2023,201338142,2,1,0,18,19,2,6,0,0,0,0,8,0,0,4,1,6,6,1,28,6,-1,-1,-1,-1,3,E01008957,0,-1
2023010469660,2023,010469660,2,1,0,3,3,1,5,0,0,1,0,0,0,0,1,1,6,6,1,34,6,-1,-1,-1,-1,6,E01000306,0,-1
2023461316744,2023,461316744,1,23,0,13,13,5,1,9,9,0,1,4,7,10,1,1,6,6,1,15,3,-1,-1,-1,-1,6,E01024152,0,-1
2023552300399,2023,552300399,1,1,0,18,19,6,2,9,9,0,0,0,0,0,1,1,6,6,3,-1,-1,-1,-1,-1,-1,-1,-1,0,-1
2023461342733,2023,461342733,1,98,0,18,19,1,5,0,0,0,0,0,0,0,3,1,6,6,3,-1,-1,-1,-1,-1,-1,-1,-1,0,-1
2023010432546,2023,010432546,2,9,0,99,99,9,9,99,99,9,9,99,9,99,2,9,6,6,3,-1,-1,-1,-1,-1,-1,-1,-1,0,-1
2023141294020,2023,141294020,2,9,0,18,19,3,7,0,0,1,0,0,0,0,1,1,6,6,3,-1,-1,-1,-1,-1,-1,-1,-1,0,-1
2023332300558,2023,332300558,1,9,0,18,19,3,7,0,0,0,5,0,0,0,1,1,6,6,1,32,6,-1,-1,-1,-1,10,E01025665,0,-1
2023010441685,2023,010441685,2,1,0,18,19,1,5,0,0,8,0,0,0,0,3,1,6,6,1,16,4,-1,-1,-1,-1,4,E01003169,0,-1
2023010425193,2023,010425193,2,9,0,9,9,8,6,0,0,1,0,0,0,0,2,1,6,6,3,-1,-1,-1,-1,-1,-1,-1,-1,0,-1
2023451392861,2023,451392861,1,97,0,18,19,5,1,0,0,0,0,0,0,0,3,1,6,6,1,30,6,-1,-1,-1,-1,-1,-1,0,-1
2023010453333,2023,010453333,2,9,9,18,19,1,5,0,0,8,9,0,0,0,1,9,6,6,3,-1,-1,-1,-1,-1,-1,-1,-1,0,-1
2023010424712,2023,010424712,2,1,0,9,9,5,3,0,0,2,2,0,0,0,1,1,6,6,1,40,7,-1,-1,-1,-1,2,E01003299,0,-1
2023522400355,2023,522400355,1,19,0,7,7,3,5,9,9,5,0,0,0,0,1,1,6,6,1,-1,-1,-1,-1,-1,-1,-1,-1,0,-1
2023481366968,2023,481366968,1,1,0,18,19,3,7,5,5,1,0,0,0,0,3,1,2,2,1,25,5,-1,-1,-1,-1,-1,-1,0,-1
2023320461454,2023,320461454,1,19,0,18,19,5,1,0,0,0,0,0,0,0,1,1,1,1,1,44,7,-1,-1,-1,-1,1,E01026308,0,-1
2023549367523,2023,549367523,2,9,0,18,19,5,3,0,0,3,0,0,0,0,1,1,2,2,2,23,5,-1,-1,-1,-1,2,E01015541,0,-1
2023522301181,2023,522301181,1,1,0,18,19,6,2,0,0,8,0,0,0,0,3,1,6,6,1,42,7,-1,-1,-1,-1,1,E01033366,0,-1
2023010485376,2023,010485376,2,1,0,17,19,7,3,0,0,1,0,0,0,0,4,1,2,2,1,42,7,-1,-1,-1,-1,2,E01002737,0,-1
2023131275798,2023,131275798,1,9,0,-1,-1,-1,-1,-1,-1,0,-1,-1,-1,0,-1,1,6,6,3,-1,-1,-1,-1,-1,-1,-1,-1,0,-1
2023201340170,2023,201340170,1,-1,0,5,5,8,4,9,9,6,0,0,0,0,1,1,6,6,3,-1,-1,-1,-1,-1,-1,-1,-1,0,-1
2023332301283,2023,332301283,1,1,0,18,19,7,3,0,0,6,0,0,0,0,1,1,6,6,1,19,4,-1,-1,-1,-1,1,E01013725,0,-1
2023311372740,2023,311372740,2,1,0,5,5,1,5,0,0,0,0,0,0,0,1,1,5,6,1,11,3,-1,-1,-1,-1,-1,-1,0,-1
2023340WN7062,2023,340WN7062,1,9,0,18,19,4,8,0,0,0,0,0,0,0,1,1,6,6,3,-1,-1,-1,-1,-1,-1,-1,-1,0,-1
2023010466194,2023,010466194,2,19,0,99,99,9,9,99,99,9,9,99,9,99,0,9,6,6,3,-1,-1,-1,-1,-1,-1,-1,-1,0,-1
2023480471897,2023,480471897,1,1,9,99,99,9,9,99,99,9,9,99,9,99,9,1,2,2,1,38,7,-1,-1,-1,-1,6,E01004583,0,-1
2023991384576,2023,991384576,2,9,0,3,3,6,4,0,0,1,0,0,0,0,2,1,6,6,1,21,5,-1,-1,-1,-1,7,-1,0,-1
2023440461389,2023,440461389,2,1,0,18,19,2,6,5,5,8,0,0,0,0,1,1,6,6,1,60,9,-1,-1,-1,-1,7,E01017197,0,-1
2023440434268,2023,440434268,1,1,0,18,19,8,4,4,4,8,0,0,0,0,0,1,1,1,1,56,9,-1,-1,-1,-1,1,E01017218,0,-1
2023421390148,2023,421390148,2,1,0,18,19,8,4,0,0,0,0,0,0,0,3,1,2,2,1,22,5,-1,-1,-1,-1,3,E01021850,0,-1
2023101291426,2023,101291426,1,23,0,17,19,3,7,9,9,0,0,0,0,0,1,1,6,6,1,38,7,-1,-1,-1,-1,2,E01033716,0,-1
2023340WN2962,2023,340WN2962,1,17,0,12,12,4,2,0,0,8,0,0,0,0,1,1,1,1,1,51,8,-1,-1,-1,-1,-1,-1,0,-1
2023501331980,2023,501331980,2,1,0,7,7,7,1,0,0,5,0,0,0,0,1,1,5,6,1,47,8,-1,-1,-1,-1,5,E01018973,0,-1
2023231367708,2023,231367708,2,19,0,4,4,7,3,0,0,0,0,0,0,0,2,1,6,6,1,42,7,-1,-1,-1,-1,8,E01031152,0,-1
2023010422824,2023,010422824,2,9,0,2,2,0,0,9,9,0,0,0,0,0,1,1,6,6,3,-1,-1,-1,-1,-1,-1,-1,-1,0,-1
2023411372520,2023,411372520,2,1,0,5,5,7,3,0,0,1,0,0,0,0,4,1,6,6,1,47,8,-1,-1,-1,-1,10,E01023821,0,-1
2023440299525,2023,440299525,1,9,0,18,19,8,4,0,0,1,0,0,0,0,0,1,6,6,1,-1,-1,-1,-1,-1,-1,-1,-1,0,-1
2023311365353,2023,311365353,1,11,0,18,19,1,5,0,0,0,0,0,0,0,0,1,1,1,1,-1,-1,-1,-1,-1,-1,-1,-1,0,-1
2023010432169,2023,010432169,1,1,0,18,19,6,2,0,0,1,0,0,0,0,1,1,6,6,1,-1,-1,-1,-1,-1,-1,-1,-1,0,-1