collision_index,collision_year,collision_ref_no,vehicle_reference,vehicle_type,towing_and_articulation,vehicle_manoeuvre_historic,vehicle_manoeuvre,vehicle_direction_from,vehicle_direction_to,vehicle_location_restricted_lane_historic,vehicle_location_restricted_lane,junction_location,skidding_and_overturning,hit_object_in_carriageway,vehicle_leaving_carriageway,hit_object_off_carriageway,first_point_of_impact,vehicle_left_hand_drive,journey_purpose_of_driver_historic,journey_purpose_of_driver,sex_of_driver,age_of_driver,age_band_of_driver,engine_capacity_cc,propulsion_code,age_of_vehicle,generic_make_model,driver_imd_decile,lsoa_of_driver,escooter_flag,driver_distance_banding
2023131278496,2023,131278496,1,9,0,18,19,-1,-1,0,0,0,-1,-1,-1,-1,-1,1,6,6,3,-1,-1,-1,-1,-1,-1,-1,-1,0,-1
2023451264145,2023,451264145,2,9,0,2,2,1,5,0,0,0,0,0,0,0,1,1,5,6,1,40,7,-1,-1,-1,-1,10,E01030475,0,-1
2023010428393,2023,010428393,2,1,0,15,15,1,5,0,0,1,0,0,0,0,4,1,6,6,1,30,6,-1,-1,-1,-1,7,E01003369,0,-1
2023440296745,2023,440296745,2,97,0,18,19,3,7,0,0,1,1,0,0,0,4,1,6,6,1,19,4,-1,-1,-1,-1,3,E01017054,0,-1
2023010450305,2023,010450305,2,1,0,15,15,6,2,0,0,1,0,0,0,0,4,1,2,2,2,27,6,-1,-1,-1,-1,3,E01003102,0,-1
2023411301624,2023,411301624,1,9,0,18,19,-1,-1,0,0,0,0,0,3,0,3,1,6,6,1,-1,-1,-1,-1,-1,-1,-1,-1,0,-1
2023471304384,2023,471304384,1,11,0,18,19,4,8,0,0,0,0,0,0,0,3,1,6,6,3,-1,-1,-1,-1,-1,-1,-1,-1,0,-1
2023231341159,2023,231341159,1,9,0,16,19,8,4,0,0,8,5,0,7,0,1,1,5,6,1,18,4,-1,-1,-1,-1,8,E01031011,0,-1
2023201357320,2023,201357320,2,1,0,5,5,2,6,0,0,0,0,4,0,0,2,1,6,6,1,48,8,-1,-1,-1,-1,1,E01010292,0,-1
2023122300671,2023,122300671,2,1,0,18,19,6,2,0,0,0,0,0,0,0,1,1,1,1,1,19,4,-1,-1,-1,-1,5,E01013446,0,-1
2023552301279,2023,552301279,2,1,0,18,19,2,6,2,2,0,0,0,0,0,1,1,6,6,1,56,9,-1,-1,-1,-1,8,E01020588,0,-1
2023221388306,2023,221388306,1,9,0,13,13,1,5,0,0,8,0,0,0,0,4,1,6,6,3,45,7,-1,-1,-1,-1,-1,-1,0,-1
2023411341937,2023,411341937,1,1,0,9,9,1,5,0,0,3,0,0,0,0,1,1,6,6,1,49,8,-1,-1,-1,-1,6,E01023921,0,-1
2023070612021,2023,070612021,1,9,0,14,14,5,3,0,0,8,0,0,0,0,1,1,6,6,3,-1,-1,-1,-1,-1,-1,-1,-1,0,-1
2023101349850,2023,101349850,1,2,0,18,19,1,5,5,5,0,0,0,0,0,3,1,6,6,3,35,6,-1,-1,-1,-1,-1,-1,0,-1
2023131329378,2023,131329378,1,9,0,-1,-1,-1,-1,-1,-1,1,-1,-1,-1,0,-1,1,6,6,3,23,5,-1,-1,-1,-1,-1,-1,0,-1
2023010433643,2023,010433643,2,1,0,18,19,5,1,0,0,3,0,0,0,0,3,1,2,2,2,29,6,-1,-1,-1,-1,3,E01002780,0,-1
2023201289330,2023,201289330,2,1,0,18,19,5,1,0,0,0,0,0,0,0,4,1,5,6,1,15,3,-1,-1,-1,-1,1,E01008940,0,-1
2023131364866,2023,131364866,1,90,0,18,19,5,1,0,0,2,0,0,0,0,-1,1,6,6,3,17,4,-1,-1,-1,-1,-1,-1,0,-1
2023302300234,2023,302300234,1,-1,0,18,19,2,6,0,0,8,0,0,0,0,1,1,6,6,1,-1,-1,-1,-1,-1,-1,-1,-1,1,-1
2023010470296,2023,010470296,1,1,9,99,99,9,9,99,99,9,9,99,9,99,9,1,2,2,1,18,4,-1,-1,-1,-1,3,E01004336,0,-1
2023010424626,2023,010424626,2,1,0,18,19,7,3,0,0,2,5,0,0,0,2,1,6,6,1,42,7,-1,-1,-1,-1,5,E01003480,0,-1
2023421292637,2023,421292637,1,9,0,16,19,5,1,0,0,0,1,0,0,0,1,1,2,2,1,61,9,-1,-1,-1,-1,9,E01021397,0,-1
2023201308312,2023,201308312,2,1,0,15,15,8,4,0,0,0,0,8,1,0,0,1,1,1,1,46,8,-1,-1,-1,-1,3,E01008921,0,-1
2023430491027,2023,430491027,2,1,0,18,19,2,6,0,0,8,0,0,0,0,4,1,6,6,1,56,9,-1,-1,-1,-1,2,E01016363,0,-1
2023471304683,2023,471304683,1,9,0,18,19,7,3,0,0,3,0,0,0,0,-1,1,6,6,3,-1,-1,-1,-1,-1,-1,-1,-1,0,-1
2023122300633,2023,122300633,2,9,0,13,13,2,6,0,0,1,0,0,0,0,1,1,6,6,1,33,6,-1,-1,-1,-1,4,E01012340,0,-1
2023101360472,2023,101360472,2,1,0,18,19,8,4,0,0,0,0,0,0,0,1,1,2,2,1,50,8,-1,-1,-1,-1,7,E01008374,0,-1
2023052301104,2023,052301104,1,19,0,18,19,2,4,0,0,0,0,0,0,0,1,1,6,6,3,-1,-1,-1,-1,-1,-1,-1,-1,0,-1
2023010468119,2023,010468119,1,1,9,99,99,9,9,99,99,9,9,99,9,99,1,1,2,2,2,28,6,-1,-1,-1,-1,7,E01002060,0,-1
2023010452032,2023,010452032,2,1,0,18,19,5,1,0,0,1,0,0,0,0,1,1,2,2,1,36,7,-1,-1,-1,-1,6,E01026260,0,-1
2023161318776,2023,161318776,2,1,0,18,19,3,7,0,0,8,0,0,0,0,4,1,5,6,2,32,6,-1,-1,-1,-1,1,E01012864,0,-1
2023522301837,2023,522301837,2,1,0,18,19,1,5,2,2,0,0,0,0,0,1,1,6,6,1,49,8,-1,-1,-1,-1,1,E01033358,0,-1
2023101287614,2023,101287614,1,11,0,7,7,5,8,0,0,8,0,0,0,0,0,1,1,1,1,41,7,-1,-1,-1,-1,5,E01008329,0,-1
2023010474572,2023,010474572,2,2,0,99,99,9,9,99,99,9,9,99,9,99,1,1,6,6,3,-1,-1,-1,-1,-1,-1,-1,-1,0,-1
2023411320226,2023,411320226,1,9,0,18,19,3,8,0,0,3,0,0,0,0,1,1,6,6,1,20,4,-1,-1,-1,-1,6,E01023874,0,-1
2023101416909,2023,101416909,2,11,0,18,19,8,8,0,0,1,0,0,0,0,0,1,1,1,2,31,6,-1,-1,-1,-1,5,E01008615,0,-1
2023501381193,2023,501381193,1,1,0,18,19,2,6,0,0,1,0,0,0,0,1,1,2,2,1,56,9,-1,-1,-1,-1,10,E01015033,0,-1
2023131291495,2023,131291495,2,9,0,-1,-1,-1,-1,0,0,1,-1,-1,-1,-1,-1,1,6,6,3,-1,-1,-1,-1,-1,-1,-1,-1,0,-1
2023070709146,2023,070709146,1,1,0,18,19,6,2,0,0,0,0,0,0,0,0,1,1,1,1,42,7,-1,-1,-1,-1,5,E01018418,0,-1
2023010435796,2023,010435796,1,3,0,12,12,1,5,0,0,0,0,0,0,0,1,1,6,6,1,29,6,-1,-1,-1,-1,4,E01004728,0,-1
2023010457609,2023,010457609,2,1,0,18,19,4,8,0,0,5,0,0,0,0,4,1,1,1,1,43,7,-1,-1,-1,-1,-1,-1,0,-1
2023010443323,2023,010443323,2,1,0,13,13,4,8,0,0,1,0,0,0,0,1,1,2,2,1,52,8,-1,-1,-1,-1,3,E01002543,0,-1
2023010449805,2023,010449805,2,1,0,15,15,1,5,4,4,1,0,0,0,0,1,1,6,6,1,27,6,-1,-1,-1,-1,6,E01002789,0,-1
2023101389655,2023,101389655,2,1,0,18,19,7,3,0,0,0,0,0,0,0,1,1,6,6,1,65,9,-1,-1,-1,-1,2,E01033716,0,-1
2023010482736,2023,010482736,3,1,0,5,5,7,3,9,9,0,0,11,0,0,1,1,2,2,2,47,8,-1,-1,-1,-1,5,E01001880,0,-1
2023522300967,2023,522300967,1,-1,0,18,19,4,8,4,4,1,9,0,0,0,9,1,6,6,1,36,7,-1,-1,-1,-1,4,E01014527,1,-1
2023430467773,2023,430467773,2,1,0,18,19,5,1,0,0,8,0,0,0,0,1,1,2,2,1,41,7,-1,-1,-1,-1,6,E01028813,0,-1
2023010473569,2023,010473569,2,1,0,18,19,3,7,0,0,1,0,0,0,0,1,1,2,2,2,28,6,-1,-1,-1,-1,7,E01004605,0,-1
2023430532199,2023,430532199,1,19,0,18,19,7,3,0,0,8,0,0,0,0,1,1,6,6,1,31,6,-1,-1,-1,-1,2,E01033498,0,-1
2023311362525,2023,311362525,1,9,0,7,7,6,8,0,0,0,0,0,0,0,0,1,6,6,3,-1,-1,-1,-1,-1,-1,-1,-1,0,-1
2023010430576,2023,010430576,2,1,0,18,19,1,5,0,0,1,0,0,0,0,1,1,6,6,1,20,4,-1,-1,-1,-1,2,E01001833,0,-1
2023430438313,2023,430438313,5,9,0,2,2,0,0,0,0,0,0,0,0,0,2,1,6,6,3,-1,-1,-1,-1,-1,-1,-1,-1,0,-1
2023522300677,2023,522300677,6,9,0,2,2,0,0,0,0,1,0,0,0,0,2,1,6,6,3,-1,-1,-1,-1,-1,-1,-1,-1,0,-1
2023010443268,2023,010443268,1,9,0,7,7,5,7,0,0,1,0,0,1,10,1,2,1,1,1,46,8,-1,-1,-1,-1,9,E01003382,0,-1
2023010425247,2023,010425247,1,11,0,3,3,1,5,0,0,0,0,0,0,0,2,1,1,1,1,59,9,-1,-1,-1,-1,3,E01000089,0,-1
2023010474611,2023,010474611,1,9,0,18,19,1,5,0,0,1,0,0,0,0,1,1,6,6,3,-1,-1,-1,-1,-1,-1,-1,-1,0,-1
2023101333102,2023,101333102,2,9,0,18,19,1,5,0,0,0,0,0,0,0,1,1,6,6,1,25,5,-1,-1,-1,-1,3,E01027391,0,-1
2023361329673,2023,361329673,1,9,0,17,19,7,4,0,0,0,2,0,7,0,1,1,6,6,1,25,5,-1,-1,-1,-1,-1,-1,0,-1
2023071234134,2023,071234134,1,9,0,18,19,6,1,0,0,1,0,0,0,0,4,1,6,6,2,-1,-1,-1,-1,-1,-1,-1,-1,0,-1
2023131328802,2023,131328802,1,1,0,13,13,7,3,0,0,8,0,0,0,0,1,1,5,6,1,58,9,-1,-1,-1,-1,1,-1,0,-1
2023010469946,2023,010469946,1,1,9,99,99,9,9,99,99,9,9,99,9,99,1,1,6,6,1,20,4,-1,-1,-1,-1,2,E01000861,0,-1
2023221367906,2023,221367906,2,1,0,18,19,6,2,0,0,0,0,0,0,0,2,1,4,7,1,12,3,-1,-1,-1,-1,1,E01028957,0,-1
2023302300338,2023,302300338,2,1,0,18,19,2,5,0,0,8,0,0,0,0,1,1,6,6,2,55,8,-1,-1,-1,-1,7,E01019677,0,-1
2023141311846,2023,141311846,1,90,0,18,19,-1,-1,9,9,0,0,0,0,0,1,1,6,6,3,-1,-1,-1,-1,-1,-1,-1,-1,0,-1
2023311326548,2023,311326548,1,22,0,18,19,7,3,9,9,0,0,0,0,0,1,1,6,6,3,30,6,-1,-1,-1,-1,-1,-1,0,-1
2023010428683,2023,010428683,1,11,0,17,19,5,1,0,0,1,0,0,0,0,1,2,1,1,1,60,9,-1,-1,-1,-1,2,E01000034,0,-1
2023010420559,2023,010420559,2,1,0,18,19,5,1,0,0,2,0,11,0,0,1,1,2,2,2,43,7,-1,-1,-1,-1,5,E01003018,0,-1
2023440391725,2023,440391725,3,9,0,4,4,6,2,0,0,0,0,0,0,0,2,1,6,6,1,48,8,-1,-1,-1,-1,5,E01030980,0,-1
2023351359410,2023,351359410,2,9,0,18,19,7,3,0,0,0,1,7,0,0,2,1,1,1,2,19,4,-1,-1,-1,-1,9,E01018119,0,-1
2023471275142,2023,471275142,1,9,0,18,19,3,7,0,0,0,0,0,0,0,4,1,6,6,3,-1,-1,-1,-1,-1,-1,-1,-1,0,-1
2023131369972,2023,131369972,1,9,0,17,19,7,3,0,0,0,0,0,0,0,3,1,6,6,3,-1,-1,-1,-1,-1,-1,-1,-1,0,-1
2023201410975,2023,201410975,1,9,0,18,19,8,4,0,0,8,0,0,0,0,1,1,6,6,1,-1,-1,-1,-1,-1,-1,-1,-1,0,-1
2023440410200,2023,440410200,2,19,0,3,3,4,8,0,0,0,0,0,0,0,2,1,6,6,2,32,6,-1,-1,-1,-1,9,E01022565,0,-1
2023552301330,2023,552301330,1,-1,0,18,19,8,4,5,5,0,1,0,0,0,0,1,6,6,1,19,4,-1,-1,-1,-1,5,E01015302,1,-1
2023471345455,2023,471345455,2,1,0,18,19,5,1,0,0,2,0,0,0,0,3,1,6,6,1,52,8,-1,-1,-1,-1,10,E01031389,0,-1
202363D033423,2023,63D033423,1,90,0,9,9,8,6,0,0,5,0,0,4,10,3,1,6,6,1,61,9,-1,-1,-1,-1,-1,-1,0,-1
2023010480437,2023,010480437,2,1,0,9,9,3,1,0,0,1,0,0,0,0,4,1,6,6,2,36,7,-1,-1,-1,-1,3,E01004592,0,-1
2023052400028,2023,052400028,2,1,0,18,19,3,5,0,0,4,0,0,0,0,1,1,6,6,1,55,8,-1,-1,-1,-1,2,E01006826,0,-1
2023471300215,2023,471300215,1,11,0,5,5,8,4,0,0,0,0,0,0,0,0,1,6,6,3,-1,-1,-1,-1,-1,-1,-1,-1,0,-1
2023031364820,2023,031364820,1,9,0,18,19,6,2,0,0,0,0,11,0,0,4,1,5,6,1,37,7,-1,-1,-1,-1,1,E01019295,0,-1
2023520400044,2023,520400044,2,1,0,18,19,1,5,0,0,0,0,0,0,0,1,1,6,6,1,49,8,-1,-1,-1,-1,3,E01029235,0,-1
2023010425947,2023,010425947,1,1,9,99,99,9,9,99,99,9,9,99,9,99,1,1,2,2,1,35,6,-1,-1,-1,-1,4,E01024162,0,-1
2023010459679,2023,010459679,2,1,0,18,19,1,5,4,4,8,0,0,1,0,1,1,6,6,1,32,6,-1,-1,-1,-1,-1,-1,0,-1
2023070764477,2023,070764477,2,10,0,4,4,4,8,0,0,1,0,0,0,0,2,1,1,1,1,63,9,-1,-1,-1,-1,4,E01018629,0,-1
2023122300867,2023,122300867,2,1,0,7,7,4,8,5,5,5,0,0,0,0,4,1,1,1,2,20,4,-1,-1,-1,-1,8,E01013403,0,-1
2023311318092,2023,311318092,2,19,0,11,11,7,7,2,2,0,0,0,0,0,4,1,6,6,3,-1,-1,-1,-1,-1,-1,-1,-1,0,-1
2023010467793,2023,010467793,2,1,0,18,19,3,7,0,0,0,0,0,0,0,0,1,6,6,1,32,6,-1,-1,-1,-1,5,E01004564,0,-1
2023430461938,2023,430461938,2,1,0,18,19,2,6,9,9,8,0,0,0,0,1,1,6,6,1,21,5,-1,-1,-1,-1,8,E01032758,0,-1
2023070838035,2023,070838035,1,9,0,18,19,5,1,0,0,0,0,0,0,0,4,1,6,6,3,-1,-1,-1,-1,-1,-1,-1,-1,0,-1
2023010466846,2023,010466846,2,90,0,18,19,1,5,0,0,2,0,0,0,0,0,1,6,6,2,27,6,-1,-1,-1,-1,2,E01033587,0,-1
2023201306510,2023,201306510,1,9,0,18,19,8,4,0,0,1,0,0,0,0,1,1,6,6,1,-1,-1,-1,-1,-1,-1,-1,-1,0,-1
2023411337223,2023,411337223,1,9,0,5,5,4,8,0,0,8,0,0,0,0,3,1,1,1,1,39,7,-1,-1,-1,-1,5,E01002682,0,-1
2023371390361,2023,371390361,1,20,0,18,19,2,6,0,0,0,0,0,0,0,1,1,5,6,2,57,9,-1,-1,-1,-1,10,E01030075,0,-1
2023991311490,2023,991311490,1,5,0,13,13,8,4,0,0,0,0,0,7,0,0,1,5,6,1,53,8,-1,-1,-1,-1,-1,-1,0,-1
2023991369007,2023,991369007,2,1,0,18,19,3,8,0,0,8,0,0,0,0,2,1,6,6,2,54,8,-1,-1,-1,-1,1,-1,0,-1
2023010450854,2023,010450854,1,1,0,18,19,1,5,5,5,6,5,10,0,0,3,1,6,6,1,23,5,-1,-1,-1,-1,-1,-1,0,-1
2023101364159,2023,101364159,1,-1,0,18,19,6,2,0,0,2,0,0,0,0,4,1,6,6,1,-1,-1,-1,-1,-1,-1,-1,-1,0,-1
2023991330339,2023,991330339,1,1,0,7,7,1,4,0,0,6,0,0,0,0,3,1,6,6,1,57,9,-1,-1,-1,-1,7,-1,0,-1
2023351268357,2023,351268357,2,9,0,4,4,2,6,0,0,0,0,0,7,9,2,1,6,6,2,55,8,-1,-1,-1,-1,4,E01018086,0,-1
2023101373088,2023,101373088,2,1,0,18,19,1,5,0,0,0,0,0,0,0,2,1,5,6,1,20,4,-1,-1,-1,-1,3,E01027396,0,-1
2023010440077,2023,010440077,2,1,0,18,19,7,3,4,4,8,0,0,0,0,3,1,6,6,1,35,6,-1,-1,-1,-1,5,E01003016,0,-1
2023440327023,2023,440327023,1,9,0,18,19,6,2,0,0,4,0,0,0,0,1,1,6,6,1,19,4,-1,-1,-1,-1,2,E01017276,0,-1
2023461299037,2023,461299037,3,19,0,2,2,0,0,0,0,0,0,0,0,0,0,1,6,6,3,-1,-1,-1,-1,-1,-1,-1,-1,0,-1
2023411352497,2023,411352497,2,1,0,9,9,-1,-1,0,0,8,0,0,0,0,1,1,6,6,1,41,7,-1,-1,-1,-1,10,E01023768,0,-1
2023052302043,2023,052302043,1,1,0,18,19,1,5,0,0,6,0,0,0,0,3,1,6,6,1,15,3,-1,-1,-1,-1,1,E01006495,0,-1
2023031388776,2023,031388776,2,1,0,18,19,2,6,0,0,0,0,0,0,0,2,1,6,6,1,74,10,-1,-1,-1,-1,10,E01006062,0,-1
2023501355736,2023,501355736,2,1,0,18,19,7,3,0,0,8,5,0,0,0,1,1,5,6,1,18,4,-1,-1,-1,-1,4,E01018948,0,-1
2023010480042,2023,010480042,1,1,9,99,99,9,9,99,99,9,9,99,9,99,9,1,6,6,3,-1,-1,-1,-1,-1,-1,-1,-1,0,-1
2023311322857,2023,311322857,2,1,0,18,19,7,3,0,0,8,0,0,0,0,1,1,6,6,1,80,11,-1,-1,-1,-1,7,E01028277,0,-1
2023052300587,2023,052300587,1,19,0,9,9,1,5,0,0,1,0,0,0,0,1,1,6,6,3,-1,-1,-1,-1,-1,-1,-1,-1,0,-1
2023351318810,2023,351318810,1,9,0,16,19,3,7,0,0,0,5,0,7,9,1,1,5,6,1,29,6,-1,-1,-1,-1,7,E01018168,0,-1
2023122400030,2023,122400030,2,1,0,18,19,1,5,0,0,8,0,0,0,0,1,1,6,6,2,63,9,-1,-1,-1,-1,4,E01013382,0,-1
2023440013211,2023,440013211,1,1,0,18,19,2,6,0,0,8,0,0,0,0,4,1,6,6,1,14,3,-1,-1,-1,-1,8,E01017302,0,-1
2023061320725,2023,061320725,1,1,0,-1,-1,-1,-1,-1,-1,-1,-1,-1,-1,0,1,1,2,2,1,28,6,-1,-1,-1,-1,6,E01005636,0,-1
2023351362056,2023,351362056,1,5,0,3,3,1,5,0,0,4,0,0,3,0,2,1,2,2,1,62,9,-1,-1,-1,-1,10,E01023657,0,-1
2023440481637,2023,440481637,1,9,0,4,4,6,2,0,0,0,0,0,0,0,2,1,6,6,1,35,6,-1,-1,-1,-1,7,E01022946,0,-1
2023010427010,2023,010427010,2,1,9,99,99,9,9,99,99,9,9,99,9,99,9,1,6,6,3,-1,-1,-1,-1,-1,-1,-1,-1,0,-1
2023010459904,2023,010459904,3,9,0,7,7,5,7,0,0,1,0,0,0,0,0,1,1,1,1,27,6,-1,-1,-1,-1,6,E01000330,0,-1
2023461389515,2023,461389515,2,9,0,2,2,0,0,0,0,0,0,0,0,0,4,1,6,6,2,62,9,-1,-1,-1,-1,1,E01024661,0,-1
2023201301182,2023,201301182,1,98,1,12,12,8,4,0,0,0,0,0,0,0,1,1,1,1,1,40,7,-1,-1,-1,-1,-1,-1,0,-1
2023141314067,2023,141314067,1,9,0,18,19,3,7,9,9,8,0,0,8,0,1,1,6,6,3,-1,-1,-1,-1,-1,-1,-1,-1,0,-1
2023501321616,2023,501321616,2,1,0,18,19,6,2,0,0,1,5,0,0,0,4,1,5,6,1,39,7,-1,-1,-1,-1,7,E01020233,0,-1
2023131316399,2023,131316399,1,9,0,4,4,1,5,0,0,1,0,0,0,0,0,1,6,6,3,-1,-1,-1,-1,-1,-1,-1,-1,0,-1
2023302300796,2023,302300796,1,1,0,18,19,8,4,0,0,0,0,0,0,0,1,1,6,6,1,28,6,-1,-1,-1,-1,1,E01013536,0,-1
2023520000786,2023,520000786,1,1,0,18,19,2,6,0,0,0,0,0,0,0,4,1,6,6,2,48,8,-1,-1,-1,-1,10,E01014460,0,-1
2023501350774,2023,501350774,2,1,0,16,19,3,7,4,4,8,2,0,0,0,1,1,5,6,1,44,7,-1,-1,-1,-1,7,E01015099,0,-1
2023201393248,2023,201393248,1,9,0,18,19,4,8,0,0,0,0,0,0,0,1,1,6,6,1,-1,-1,-1,-1,-1,-1,-1,-1,0,-1
2023131299786,2023,131299786,2,11,0,2,2,1,5,0,0,1,0,0,0,0,-1,1,1,1,3,-1,-1,-1,-1,-1,-1,-1,-1,0,-1
202360A012289,2023,60A012289,2,1,0,18,19,7,1,0,0,1,1,0,0,0,0,1,6,6,1,61,9,-1,-1,-1,-1,-1,-1,0,-1
2023440063452,2023,440063452,2,9,0,18,19,1,5,0,0,8,0,0,0,0,3,1,6,6,3,-1,-1,-1,-1,-1,-1,-1,-1,0,-1
2023141315569,2023,141315569,2,22,0,5,5,7,3,0,0,0,0,0,0,0,1,1,6,6,1,45,7,-1,-1,-1,-1,1,E01008065,0,-1
2023041309767,2023,041309767,1,9,0,18,19,-1,-1,0,0,1,0,0,0,0,-1,1,6,6,3,-1,-1,-1,-1,-1,-1,-1,-1,0,-1
2023461340157,2023,461340157,1,9,0,3,3,1,5,0,0,0,0,0,1,0,1,1,1,1,1,31,6,-1,-1,-1,-1,2,E01024664,0,-1
2023161332505,2023,161332505,2,97,0,18,19,1,5,0,0,2,1,0,0,0,1,1,6,6,3,-1,-1,-1,-1,-1,-1,-1,-1,0,-1
2023451359501,2023,451359501,2,1,0,9,9,7,5,0,0,1,0,0,0,0,0,1,6,6,1,56,9,-1,-1,-1,-1,6,E01030411,0,-1
2023010423798,2023,010423798,1,3,0,14,14,4,8,0,0,0,5,0,0,0,3,1,6,6,3,-1,-1,-1,-1,-1,-1,-1,-1,0,-1
2023201453378,2023,201453378,2,9,0,9,9,7,8,0,0,6,0,0,0,0,1,1,6,6,2,57,9,-1,-1,-1,-1,5,E01009072,0,-1
2023010455294,2023,010455294,2,1,0,18,19,3,7,9,9,8,5,0,0,0,1,1,6,6,2,27,6,-1,-1,-1,-1,3,E01002795,0,-1
2023440246327,2023,440246327,1,9,0,9,9,2,8,0,0,6,1,0,0,0,3,1,2,2,2,44,7,-1,-1,-1,-1,-1,-1,0,-1
2023201285988,2023,201285988,2,9,0,18,19,1,5,0,0,8,0,0,0,0,1,1,2,2,1,34,6,-1,-1,-1,-1,9,W01001123,0,-1
2023201366912,2023,201366912,1,9,0,16,19,2,6,0,0,1,0,10,0,0,3,1,6,6,1,22,5,-1,-1,-1,-1,1,E01009577,0,-1
2023501320277,2023,501320277,1,9,0,18,19,6,2,0,0,0,1,0,0,0,3,1,5,6,2,49,8,-1,-1,-1,-1,4,E01019006,0,-1
2023461362376,2023,461362376,1,1,0,18,19,2,6,0,0,0,1,0,0,0,0,1,6,6,2,65,9,-1,-1,-1,-1,10,E01024321,0,-1
2023340WN4822,2023,340WN4822,2,8,0,7,7,3,7,9,9,8,0,0,0,0,1,1,6,6,1,47,8,-1,-1,-1,-1,-1,-1,0,-1
2023401378062,2023,401378062,2,21,1,18,19,8,4,0,0,7,0,0,0,0,3,1,1,1,1,27,6,-1,-1,-1,-1,-1,-1,0,-1
2023471364684,2023,471364684,2,22,0,18,19,5,1,0,0,8,0,0,0,0,4,1,5,6,1,69,10,-1,-1,-1,-1,3,E01031787,0,-1
2023101372007,2023,101372007,2,1,-1,9,9,7,5,0,0,3,0,0,0,0,1,1,6,6,1,31,6,-1,-1,-1,-1,2,E01008285,0,-1
202360A088677,2023,60A088677,1,19,0,13,13,8,4,0,0,0,0,0,0,0,4,1,2,2,1,36,7,-1,-1,-1,-1,-1,-1,0,-1
2023010423800,2023,010423800,2,9,0,99,99,9,9,99,99,9,9,99,9,99,9,9,6,6,3,-1,-1,-1,-1,-1,-1,-1,-1,0,-1
2023351321475,2023,351321475,2,1,0,18,19,-1,-1,0,0,3,0,0,0,0,2,1,1,1,1,28,6,-1,-1,-1,-1,8,E01018286,0,-1
2023430045795,2023,430045795,1,1,0,18,19,6,2,0,0,8,0,0,0,0,1,1,1,1,1,28,6,-1,-1,-1,-1,3,E01033421,0,-1
2023010465707,2023,010465707,1,2,9,18,19,2,6,99,99,9,9,99,9,99,9,1,6,6,3,-1,-1,-1,-1,-1,-1,-1,-1,0,-1
2023131365356,2023,131365356,2,1,0,18,19,5,-1,0,0,0,0,0,0,0,4,1,6,6,1,28,6,-1,-1,-1,-1,8,E01011556,0,-1
2023201279575,2023,201279575,2,-1,0,9,9,7,5,0,0,5,0,0,0,0,3,1,6,6,1,29,6,-1,-1,-1,-1,1,E01009051,1,-1
2023161356821,2023,161356821,2,9,0,18,19,7,3,0,0,8,0,0,0,0,1,1,6,6,1,-1,-1,-1,-1,-1,-1,-1,-1,0,-1
2023161352221,2023,161352221,1,1,0,18,19,3,7,0,0,0,2,0,0,0,2,1,2,2,1,30,6,-1,-1,-1,-1,1,E01012944,0,-1
2023141346213,2023,141346213,2,23,0,13,13,3,7,0,0,1,0,0,0,0,1,1,6,6,1,19,4,-1,-1,-1,-1,10,E01008044,0,-1
2023010426980,2023,010426980,1,1,9,99,99,9,9,99,99,9,9,99,9,99,1,1,2,2,1,45,7,-1,-1,-1,-1,5,E01004521,0,-1
2023221266699,2023,221266699,1,9,0,9,9,1,7,0,0,5,0,0,0,0,4,1,6,6,1,51,8,-1,-1,-1,-1,-1,-1,0,-1
2023231259351,2023,231259351,8,9,0,18,19,8,4,0,0,0,0,0,0,0,1,1,6,6,1,64,9,-1,-1,-1,-1,2,E01008937,0,-1
2023010476413,2023,010476413,1,9,0,99,99,9,9,99,99,9,9,99,9,99,1,9,6,6,3,-1,-1,-1,-1,-1,-1,-1,-1,0,-1
2023211387051,2023,211387051,2,1,0,18,19,8,4,9,9,0,0,0,0,0,4,1,6,6,1,15,3,-1,-1,-1,-1,3,E01029725,0,-1
2023991278989,2023,991278989,4,9,0,18,19,7,3,0,0,0,0,0,0,0,2,1,1,1,2,22,5,-1,-1,-1,-1,5,-1,0,-1
2023010470518,2023,010470518,1,1,0,18,19,5,1,4,4,1,0,0,0,0,1,1,2,2,2,47,8,-1,-1,-1,-1,4,E01001241,0,-1
2023411347483,2023,411347483,3,9,0,9,9,6,2,0,0,0,0,0,0,0,1,1,1,1,2,-1,-1,-1,-1,-1,-1,-1,-1,0,-1
2023131399746,2023,131399746,1,9,0,4,4,3,7,0,0,1,0,0,0,0,-1,1,6,6,3,-1,-1,-1,-1,-1,-1,-1,-1,0,-1
2023170H10643,2023,170H10643,1,1,0,18,19,5,1,0,0,8,0,0,0,0,3,1,6,6,1,46,8,-1,-1,-1,-1,3,E01011987,0,-1
2023010464625,2023,010464625,2,1,0,17,19,3,7,0,0,3,0,0,0,0,4,1,6,6,1,59,9,-1,-1,-1,-1,9,E01002354,0,-1
2023471315910,2023,471315910,2,22,0,18,19,7,3,9,9,0,0,0,0,0,1,1,5,6,1,75,10,-1,-1,-1,-1,8,E01031399,0,-1
2023302301193,2023,302301193,2,-1,0,18,19,5,7,0,0,6,0,0,0,0,3,1,6,6,1,15,3,-1,-1,-1,-1,4,E01013525,1,-1
2023131298116,2023,131298116,2,-1,0,18,19,3,7,0,0,8,0,0,0,0,2,1,2,2,1,30,6,-1,-1,-1,-1,6,E01011308,1,-1
2023101386699,2023,101386699,2,1,0,18,19,3,6,0,0,8,0,0,0,0,4,1,2,2,1,59,9,-1,-1,-1,-1,1,E01008425,0,-1
2023010425318,2023,010425318,3,1,9,99,99,9,9,99,99,9,9,99,9,99,9,1,6,6,1,-1,-1,-1,-1,-1,-1,-1,-1,0,-1
2023471293956,2023,471293956,3,9,0,3,3,7,3,0,0,1,0,0,0,0,2,1,6,6,3,-1,-1,-1,-1,-1,-1,-1,-1,0,-1
2023061313128,2023,061313128,2,1,0,18,19,-1,-1,0,0,0,0,0,0,0,0,1,6,6,3,33,6,-1,-1,-1,-1,3,E01033652,0,-1
2023031335821,2023,031335821,7,9,0,2,2,0,0,0,0,0,0,4,0,0,3,1,6,6,3,-1,-1,-1,-1,-1,-1,-1,-1,0,-1