collision_index,collision_year,collision_ref_no,vehicle_reference,vehicle_type,towing_and_articulation,vehicle_manoeuvre_historic,vehicle_manoeuvre,vehicle_direction_from,vehicle_direction_to,vehicle_location_restricted_lane_historic,vehicle_location_restricted_lane,junction_location,skidding_and_overturning,hit_object_in_carriageway,vehicle_leaving_carriageway,hit_object_off_carriageway,first_point_of_impact,vehicle_left_hand_drive,journey_purpose_of_driver_historic,journey_purpose_of_driver,sex_of_driver,age_of_driver,age_band_of_driver,engine_capacity_cc,propulsion_code,age_of_vehicle,generic_make_model,driver_imd_decile,lsoa_of_driver,escooter_flag,driver_distance_banding
2023010467116,2023,010467116,1,1,9,99,99,9,9,99,99,0,9,99,9,99,9,1,2,2,1,24,5,-1,-1,-1,-1,9,E01004147,0,-1
2023010463875,2023,010463875,2,9,0,99,99,9,9,99,99,9,9,99,9,99,9,9,6,6,3,-1,-1,-1,-1,-1,-1,-1,-1,0,-1
2023010463022,2023,010463022,1,1,0,18,19,7,3,5,5,1,0,0,0,0,2,1,6,6,2,32,6,-1,-1,-1,-1,2,E01004305,0,-1
2023101366578,2023,101366578,1,1,0,18,19,3,7,0,0,0,0,0,0,0,1,1,6,6,1,16,4,-1,-1,-1,-1,-1,-1,0,-1
2023430032042,2023,430032042,1,9,0,2,2,0,0,0,0,0,0,0,0,0,3,1,6,6,1,-1,-1,-1,-1,-1,-1,-1,-1,0,-1
2023501329624,2023,501329624,3,19,0,18,19,4,8,0,0,1,0,0,0,0,3,1,6,6,2,49,8,-1,-1,-1,-1,10,E01020167,0,-1
2023122300402,2023,122300402,2,1,0,18,19,1,5,4,4,8,0,0,0,0,1,1,2,2,1,50,8,-1,-1,-1,-1,5,E01008969,0,-1
2023010436141,2023,010436141,2,9,0,99,99,9,9,99,99,9,9,99,9,99,9,9,6,6,3,-1,-1,-1,-1,-1,-1,-1,-1,0,-1
2023101367956,2023,101367956,2,1,0,18,19,6,2,0,0,8,5,0,0,0,1,1,1,1,2,24,5,-1,-1,-1,-1,1,E01008439,0,-1
202354C827523,2023,54C827523,1,9,0,18,19,5,8,0,0,0,0,0,0,0,0,1,6,6,3,-1,-1,-1,-1,-1,-1,-1,-1,0,-1
2023461331721,2023,461331721,1,9,0,-1,-1,-1,-1,0,0,6,0,0,0,0,-1,1,6,6,3,-1,-1,-1,-1,-1,-1,-1,-1,0,-1
2023541293423,2023,541293423,1,3,0,18,19,2,6,0,0,1,0,0,0,0,1,1,6,6,1,68,10,-1,-1,-1,-1,9,E01022372,0,-1
2023332301084,2023,332301084,1,5,0,3,3,5,1,0,0,1,0,0,0,0,2,1,2,2,1,30,6,-1,-1,-1,-1,9,E01019678,0,-1
2023411366811,2023,411366811,1,19,-1,-1,-1,-1,-1,-1,-1,0,-1,-1,-1,0,-1,1,6,6,1,-1,-1,-1,-1,-1,-1,-1,-1,0,-1
2023221341917,2023,221341917,1,9,0,18,19,5,1,0,0,0,0,0,0,0,1,1,6,6,3,31,6,-1,-1,-1,-1,-1,-1,0,-1
2023471361169,2023,471361169,2,1,0,18,19,3,7,0,0,2,0,0,0,0,4,1,3,7,1,38,7,-1,-1,-1,-1,4,E01016948,0,-1
2023010482481,2023,010482481,2,1,0,18,19,5,1,0,0,1,0,0,0,0,4,1,2,2,1,35,6,-1,-1,-1,-1,2,E01003191,0,-1
2023411363399,2023,411363399,2,1,0,5,5,7,3,0,0,8,0,0,0,0,2,1,5,6,1,45,7,-1,-1,-1,-1,4,E01023957,0,-1
2023201356118,2023,201356118,2,9,0,12,12,8,4,0,0,0,0,0,0,0,2,1,1,1,1,24,5,-1,-1,-1,-1,1,E01010369,0,-1
2023010467884,2023,010467884,1,9,0,18,19,2,6,0,0,2,0,0,0,0,1,1,6,6,3,-1,-1,-1,-1,-1,-1,-1,-1,0,-1
2023440315387,2023,440315387,3,9,0,3,3,6,2,0,0,1,0,0,0,0,2,1,6,6,1,39,7,-1,-1,-1,-1,3,E01023085,0,-1
2023010427945,2023,010427945,1,4,0,3,3,5,1,0,0,4,2,0,0,0,1,1,1,1,1,21,5,-1,-1,-1,-1,1,E01004399,0,-1
2023010429359,2023,010429359,1,1,9,99,99,9,9,99,99,0,9,99,9,99,9,1,1,1,1,21,5,-1,-1,-1,-1,2,E01004267,0,-1
2023010437697,2023,010437697,2,1,0,7,7,1,3,0,0,1,0,0,0,0,3,1,6,6,1,36,7,-1,-1,-1,-1,3,E01001747,0,-1
2023131362495,2023,131362495,1,9,0,-1,-1,-1,-1,-1,-1,-1,-1,-1,-1,-1,-1,1,6,6,3,99,11,-1,-1,-1,-1,-1,-1,0,-1
2023010426295,2023,010426295,2,9,0,99,99,9,9,99,99,0,9,99,9,99,0,9,6,6,3,-1,-1,-1,-1,-1,-1,-1,-1,0,-1
2023101322676,2023,101322676,2,1,0,18,19,8,4,0,0,8,0,0,0,0,1,1,5,6,1,59,9,-1,-1,-1,-1,4,E01008555,0,-1
2023010461154,2023,010461154,2,-1,0,18,19,1,5,0,0,1,0,0,0,0,1,1,2,2,2,48,8,-1,-1,-1,-1,3,E01001043,1,-1
2023131279627,2023,131279627,2,1,0,18,19,6,2,0,0,8,0,0,0,0,4,1,1,1,1,50,8,-1,-1,-1,-1,8,E01011929,0,-1
2023201296613,2023,201296613,1,9,0,18,19,4,8,0,0,0,0,4,0,0,3,1,6,6,3,-1,-1,-1,-1,-1,-1,-1,-1,0,-1
2023451323814,2023,451323814,1,9,0,16,19,6,2,0,0,0,0,0,0,0,1,1,6,6,1,55,8,-1,-1,-1,-1,3,E01000511,0,-1
2023440034256,2023,440034256,2,1,0,18,19,7,3,0,0,8,0,0,0,0,3,1,2,2,2,35,6,-1,-1,-1,-1,6,E01017018,0,-1
2023501332971,2023,501332971,1,9,0,4,4,5,1,0,0,0,0,0,0,0,0,1,6,6,3,-1,-1,-1,-1,-1,-1,-1,-1,0,-1
2023471354338,2023,471354338,2,1,0,15,15,5,1,0,0,1,5,0,1,0,3,1,5,6,1,52,8,-1,-1,-1,-1,5,E01031467,0,-1
2023522401210,2023,522401210,2,4,0,18,19,6,2,0,0,0,0,0,0,0,1,1,6,6,1,51,8,-1,-1,-1,-1,1,E01014654,0,-1
2023522400084,2023,522400084,1,5,0,18,19,5,1,0,0,8,0,0,0,0,9,1,6,6,1,33,6,-1,-1,-1,-1,6,E01014952,0,-1
2023070666030,2023,070666030,1,9,0,18,19,4,8,0,0,0,0,0,0,0,1,1,6,6,3,-1,-1,-1,-1,-1,-1,-1,-1,0,-1
2023340NN4622,2023,340NN4622,1,20,0,13,13,5,5,0,0,6,0,0,0,0,4,1,1,1,3,-1,-1,-1,-1,-1,-1,-1,-1,0,-1
2023302300366,2023,302300366,1,9,0,9,9,1,7,0,0,0,0,0,0,0,1,1,6,6,3,-1,-1,-1,-1,-1,-1,5,E01019456,0,-1
2023461390406,2023,461390406,1,19,9,18,19,7,3,0,0,0,0,0,0,0,9,1,1,1,1,35,6,-1,-1,-1,-1,-1,-1,0,-1
2023311308003,2023,311308003,2,-1,0,18,19,3,7,0,0,0,0,0,0,0,1,1,6,6,1,9,2,-1,-1,-1,-1,2,E01028112,1,-1
2023421316397,2023,421316397,1,9,0,18,19,7,3,0,0,0,0,0,0,0,1,1,6,6,3,-1,-1,-1,-1,-1,-1,-1,-1,0,-1
2023311310917,2023,311310917,1,18,1,18,19,1,5,1,1,0,0,0,0,0,1,1,1,1,1,53,8,-1,-1,-1,-1,-1,-1,0,-1
2023161303657,2023,161303657,1,1,0,18,19,2,6,0,0,8,0,0,0,0,4,1,2,2,2,41,7,-1,-1,-1,-1,1,E01012806,0,-1
2023052302714,2023,052302714,1,9,0,18,19,3,7,0,0,0,0,0,0,0,1,1,1,1,1,26,6,-1,-1,-1,-1,3,E01006860,0,-1
2023052302280,2023,052302280,2,1,0,18,19,5,1,0,0,1,0,0,0,0,1,1,6,6,1,24,5,-1,-1,-1,-1,1,E01007129,0,-1
2023471350500,2023,471350500,2,1,0,18,19,7,3,0,0,1,0,0,0,0,4,1,6,6,2,77,11,-1,-1,-1,-1,9,E01021225,0,-1
2023010454453,2023,010454453,2,1,0,18,19,5,1,0,0,1,0,0,0,0,4,1,6,6,2,33,6,-1,-1,-1,-1,3,E01003544,0,-1
2023010443006,2023,010443006,1,1,0,9,9,5,3,4,4,2,0,0,0,0,1,1,2,2,1,48,8,-1,-1,-1,-1,4,E01004016,0,-1
2023340WN1762,2023,340WN1762,2,-1,0,18,19,5,1,0,0,8,5,0,0,0,4,1,6,6,1,25,5,-1,-1,-1,-1,9,E01026997,1,-1
2023501280778,2023,501280778,2,1,0,18,19,5,1,4,4,1,5,0,0,0,3,1,6,6,1,24,5,-1,-1,-1,-1,3,E01019991,0,-1
2023010461536,2023,010461536,1,1,0,18,19,1,5,4,4,2,1,0,1,0,1,1,6,6,1,67,10,-1,-1,-1,-1,10,E01030386,0,-1
2023010463361,2023,010463361,1,9,9,99,99,9,9,99,99,9,9,99,9,99,9,9,6,6,3,-1,-1,-1,-1,-1,-1,-1,-1,0,-1
2023101427874,2023,101427874,1,9,0,18,19,5,1,0,0,0,0,0,0,0,1,1,6,6,3,-1,-1,-1,-1,-1,-1,-1,-1,0,-1
2023141370693,2023,141370693,2,9,0,11,11,1,5,0,0,8,0,10,0,0,4,2,5,6,1,31,6,-1,-1,-1,-1,1,E01007775,0,-1
2023041309430,2023,041309430,1,9,0,13,13,3,7,0,0,0,0,0,-1,0,4,1,6,6,3,-1,-1,-1,-1,-1,-1,-1,-1,0,-1
2023010471359,2023,010471359,2,8,0,99,99,9,9,99,99,9,9,99,9,99,9,9,6,6,3,-1,-1,-1,-1,-1,-1,-1,-1,0,-1
2023010430632,2023,010430632,1,1,0,18,19,1,5,0,0,4,0,0,0,0,1,1,6,6,1,50,8,-1,-1,-1,-1,4,E01001738,0,-1
2023031334694,2023,031334694,2,1,0,18,19,1,1,0,0,1,0,0,0,0,3,1,5,6,1,30,6,-1,-1,-1,-1,2,E01019172,0,-1
2023010442617,2023,010442617,1,1,9,99,99,9,9,99,99,9,9,99,9,99,1,1,6,6,3,-1,-1,-1,-1,-1,-1,-1,-1,0,-1
2023430116790,2023,430116790,2,9,0,2,2,0,0,0,0,0,0,0,0,0,4,1,6,6,1,30,6,-1,-1,-1,-1,4,E01028632,0,-1
2023010462861,2023,010462861,2,9,9,99,99,9,9,99,99,6,9,99,9,99,9,1,6,6,1,60,9,-1,-1,-1,-1,2,E01003499,0,-1
2023131319718,2023,131319718,1,9,0,-1,-1,-1,-1,-1,-1,0,-1,-1,-1,0,-1,1,6,6,3,-1,-1,-1,-1,-1,-1,-1,-1,0,-1
2023320509181,2023,320509181,1,2,0,18,19,4,8,0,0,8,0,0,0,0,1,1,6,6,1,33,6,-1,-1,-1,-1,2,E01026108,0,-1
2023201392714,2023,201392714,1,9,0,1,1,5,1,0,0,2,0,0,0,0,2,1,6,6,1,30,6,-1,-1,-1,-1,-1,-1,0,-1
2023548369323,2023,548369323,1,9,0,18,19,2,6,0,0,0,0,0,0,0,1,1,6,6,3,-1,-1,-1,-1,-1,-1,-1,-1,0,-1
2023421363404,2023,421363404,2,1,0,18,19,7,3,0,0,0,0,0,0,0,-1,1,6,6,1,43,7,-1,-1,-1,-1,5,E01003642,0,-1
2023161372780,2023,161372780,2,1,0,18,19,1,5,0,0,1,0,0,0,0,1,1,5,6,1,15,3,-1,-1,-1,-1,6,E01013160,0,-1
2023340WN3382,2023,340WN3382,1,9,0,18,19,3,7,0,0,0,0,0,0,0,4,1,6,6,3,-1,-1,-1,-1,-1,-1,-1,-1,0,-1
2023101385443,2023,101385443,2,1,0,18,19,5,1,0,0,1,0,0,0,0,4,1,5,6,1,13,3,-1,-1,-1,-1,5,E01027515,0,-1
2023010424688,2023,010424688,2,1,0,18,19,3,7,0,0,1,0,0,0,0,4,1,2,2,1,29,6,-1,-1,-1,-1,3,E01004259,0,-1
2023430078788,2023,430078788,2,1,0,18,19,8,4,0,0,1,0,0,0,0,3,1,2,2,2,44,7,-1,-1,-1,-1,7,E01016831,0,-1
2023201416302,2023,201416302,2,9,0,2,2,0,0,0,0,0,0,0,0,0,0,1,1,1,1,38,7,-1,-1,-1,-1,-1,-1,0,-1
2023522300412,2023,522300412,2,19,0,18,19,6,2,0,0,1,0,0,0,0,1,1,6,6,3,-1,-1,-1,-1,-1,-1,-1,-1,0,-1
2023471350740,2023,471350740,1,9,0,18,19,1,5,0,0,0,0,0,0,0,-1,1,6,6,3,-1,-1,-1,-1,-1,-1,-1,-1,0,-1
2023361372676,2023,361372676,3,1,0,5,5,7,3,0,0,0,0,0,0,0,4,1,6,6,2,11,3,-1,-1,-1,-1,-1,-1,0,-1
2023010436609,2023,010436609,1,9,0,99,99,9,9,99,99,0,9,99,9,99,1,9,2,2,1,21,5,-1,-1,-1,-1,4,E01033579,0,-1
2023302301145,2023,302301145,3,9,0,3,3,5,1,0,0,1,0,0,0,0,0,1,6,6,3,-1,-1,-1,-1,-1,-1,5,E01019456,0,-1
2023010461415,2023,010461415,2,-1,0,18,19,5,1,0,0,1,0,0,0,0,1,1,6,6,1,22,5,-1,-1,-1,-1,2,E01000743,1,-1
2023070205274,2023,070205274,2,1,0,5,5,3,7,0,0,8,0,0,0,0,1,1,4,7,1,12,3,-1,-1,-1,-1,6,E01018595,0,-1
2023211369919,2023,211369919,3,9,0,18,19,1,5,0,0,1,0,0,0,0,1,1,5,6,2,56,9,-1,-1,-1,-1,2,E01029390,0,-1
2023421373458,2023,421373458,1,9,0,18,19,3,2,0,0,0,1,0,0,0,1,1,6,6,1,20,4,-1,-1,-1,-1,2,E01003528,0,-1
2023010445511,2023,010445511,1,1,9,99,99,9,9,99,99,9,9,99,9,99,1,1,2,2,1,33,6,-1,-1,-1,-1,2,E01004467,0,-1
2023991313712,2023,991313712,1,1,0,16,19,6,2,0,0,0,0,0,0,0,0,1,5,6,3,50,8,-1,-1,-1,-1,-1,-1,0,-1
2023430469338,2023,430469338,2,9,0,18,19,1,5,0,0,0,0,0,0,0,1,1,6,6,3,61,9,-1,-1,-1,-1,9,E01016196,0,-1
2023170L10593,2023,170L10593,2,1,0,18,19,5,2,0,0,8,0,0,0,0,2,1,6,6,1,53,8,-1,-1,-1,-1,4,E01012162,0,-1
2023161360916,2023,161360916,2,23,0,18,19,5,1,0,0,0,0,0,0,0,4,1,6,6,1,30,6,-1,-1,-1,-1,3,E01012868,0,-1
2023332300875,2023,332300875,2,9,0,99,99,3,7,0,0,0,0,0,0,0,1,1,6,6,3,-1,-1,-1,-1,-1,-1,-1,-1,0,-1
2023501306051,2023,501306051,1,9,0,18,19,1,5,0,0,8,0,0,0,0,1,1,6,6,3,-1,-1,-1,-1,-1,-1,-1,-1,0,-1
2023010446101,2023,010446101,1,9,0,5,5,0,7,0,0,2,0,0,0,0,1,1,6,6,1,66,10,-1,-1,-1,-1,3,E01002502,0,-1
2023070946467,2023,070946467,1,1,0,18,19,1,5,0,0,0,0,4,0,0,1,1,1,1,1,18,4,-1,-1,-1,-1,10,E01012513,0,-1
2023302300452,2023,302300452,3,9,0,3,3,6,2,0,0,8,0,0,0,0,2,1,6,6,1,35,6,-1,-1,-1,-1,8,E01019707,0,-1
2023371320086,2023,371320086,1,1,0,18,19,4,8,9,9,8,0,0,0,0,3,1,5,6,1,43,7,-1,-1,-1,-1,3,E01029985,0,-1
2023131378222,2023,131378222,1,9,0,9,9,7,1,0,0,6,0,0,0,0,3,1,6,6,3,-1,-1,-1,-1,-1,-1,-1,-1,0,-1
2023451260262,2023,451260262,1,9,0,9,9,7,5,0,0,6,0,0,0,0,3,1,2,2,1,41,7,-1,-1,-1,-1,8,E01030335,0,-1
2023010433449,2023,010433449,1,1,9,99,99,9,9,99,99,9,9,99,9,99,1,1,6,6,1,41,7,-1,-1,-1,-1,6,E01033582,0,-1
2023471337805,2023,471337805,1,1,0,18,19,1,5,4,4,0,0,0,0,0,1,1,6,6,1,-1,-1,-1,-1,-1,-1,2,E01028577,0,-1
2023041361145,2023,041361145,2,1,0,18,19,2,6,0,0,0,2,0,0,0,1,1,6,6,1,72,10,-1,-1,-1,-1,8,E01025241,0,-1
2023131378253,2023,131378253,1,9,0,-1,-1,-1,-1,-1,-1,0,-1,-1,-1,0,-1,1,6,6,3,-1,-1,-1,-1,-1,-1,-1,-1,0,-1
2023170S10793,2023,170S10793,2,1,0,13,13,8,4,0,0,8,0,0,0,0,1,1,6,6,1,44,7,-1,-1,-1,-1,4,E01012285,0,-1
2023041275741,2023,041275741,1,1,0,18,19,7,3,5,5,1,0,0,0,0,0,1,5,6,1,80,11,-1,-1,-1,-1,5,E01025483,0,-1
2023161348348,2023,161348348,1,1,0,18,19,6,3,0,0,1,5,0,0,0,3,1,1,1,1,23,5,-1,-1,-1,-1,7,E01012993,0,-1
2023010481378,2023,010481378,1,9,0,18,19,1,5,0,0,1,0,0,0,0,4,1,2,2,1,28,6,-1,-1,-1,-1,2,E01001361,0,-1
2023361352932,2023,361352932,2,1,5,18,19,3,7,9,9,1,2,0,0,0,1,1,6,6,1,16,4,-1,-1,-1,-1,3,E01026861,0,-1
2023471318641,2023,471318641,1,9,0,8,8,1,3,4,4,5,0,0,0,0,2,1,6,6,2,-1,-1,-1,-1,-1,-1,-1,-1,0,-1
2023131348600,2023,131348600,1,8,0,-1,-1,-1,-1,-1,-1,-1,-1,-1,-1,-1,-1,1,6,6,3,-1,-1,-1,-1,-1,-1,-1,-1,0,-1
2023010448868,2023,010448868,2,2,0,99,99,9,9,99,99,9,9,99,9,99,1,1,6,6,3,-1,-1,-1,-1,-1,-1,-1,-1,0,-1
2023141330021,2023,141330021,3,9,0,14,14,4,8,0,0,0,0,0,0,0,1,1,5,6,1,47,8,-1,-1,-1,-1,1,E01008090,0,-1
2023461297292,2023,461297292,1,9,0,1,1,7,3,0,0,0,0,0,0,0,1,1,6,6,1,-1,-1,-1,-1,-1,-1,-1,-1,0,-1
2023201364264,2023,201364264,2,1,0,18,19,8,4,0,0,3,0,0,0,0,1,1,6,6,1,68,10,-1,-1,-1,-1,6,E01010230,0,-1
2023552400020,2023,552400020,1,19,0,13,13,4,8,0,0,8,0,0,0,0,1,1,6,6,3,-1,-1,-1,-1,-1,-1,-1,-1,0,-1
202360A031631,2023,60A031631,1,19,0,13,13,2,6,0,0,0,0,0,0,0,4,1,6,6,1,30,6,-1,-1,-1,-1,-1,-1,0,-1
2023010433373,2023,010433373,1,1,0,18,19,1,5,0,0,2,0,4,0,0,1,1,6,6,2,45,7,-1,-1,-1,-1,2,E01001791,0,-1
2023610044623,2023,610044623,4,9,0,2,2,0,0,0,0,2,0,0,0,0,2,1,6,6,1,-1,-1,-1,-1,-1,-1,4,W01001433,0,-1
2023320103368,2023,320103368,1,5,0,7,7,6,2,0,0,3,0,0,1,2,1,1,2,2,2,28,6,-1,-1,-1,-1,-1,-1,0,-1
2023201413907,2023,201413907,1,9,0,18,19,7,3,0,0,1,0,0,0,0,3,1,6,6,3,-1,-1,-1,-1,-1,-1,-1,-1,0,-1
2023010437322,2023,010437322,1,1,9,99,99,9,9,99,99,9,9,99,9,99,9,1,2,2,1,55,8,-1,-1,-1,-1,10,E01003858,0,-1
2023170H10343,2023,170H10343,1,1,0,18,19,5,1,4,4,8,0,0,0,0,1,1,6,6,1,59,9,-1,-1,-1,-1,1,E01012000,0,-1
2023522400461,2023,522400461,2,9,0,2,2,0,0,0,0,0,0,0,0,0,9,1,6,6,3,-1,-1,-1,-1,-1,-1,-1,-1,0,-1
2023010453008,2023,010453008,1,1,9,99,99,9,9,99,99,9,9,99,9,99,2,1,3,7,1,13,3,-1,-1,-1,-1,8,E01004506,0,-1
2023461390383,2023,461390383,1,9,0,18,19,5,1,0,0,0,0,0,0,0,4,1,6,6,3,-1,-1,-1,-1,-1,-1,-1,-1,0,-1
2023161272410,2023,161272410,2,1,0,18,19,3,7,0,0,1,0,0,0,0,1,1,6,6,1,22,5,-1,-1,-1,-1,1,E01012845,0,-1
2023340WN0452,2023,340WN0452,2,21,0,4,4,7,3,0,0,0,0,0,0,0,2,1,1,1,1,39,7,-1,-1,-1,-1,7,E01021646,0,-1
2023010464882,2023,010464882,2,1,0,18,19,3,7,0,0,1,0,0,0,0,1,1,2,2,1,46,8,-1,-1,-1,-1,5,E01001863,0,-1
2023061286797,2023,061286797,1,19,-1,18,19,5,1,0,0,8,0,0,0,0,1,1,6,6,1,30,6,-1,-1,-1,-1,-1,-1,0,-1
2023052302574,2023,052302574,1,19,0,5,5,1,5,0,0,0,0,0,0,0,1,1,6,6,3,-1,-1,-1,-1,-1,-1,-1,-1,0,-1
2023131393162,2023,131393162,2,1,0,7,7,4,8,0,0,0,0,0,0,0,1,1,1,1,1,17,4,-1,-1,-1,-1,3,E01011670,0,-1
2023010436609,2023,010436609,2,19,0,99,99,9,9,99,99,0,9,99,9,99,9,9,6,6,3,-1,-1,-1,-1,-1,-1,-1,-1,0,-1
2023010440045,2023,010440045,1,9,0,5,5,5,1,0,0,1,0,99,0,0,1,2,6,6,2,43,7,-1,-1,-1,-1,5,E01000277,0,-1
2023622300911,2023,622300911,1,23,0,5,5,4,8,0,0,0,0,0,0,0,1,1,2,2,1,21,5,-1,-1,-1,-1,3,W01001792,0,-1
2023070052629,2023,070052629,1,9,0,18,19,8,4,0,0,0,0,0,0,0,4,1,6,6,3,-1,-1,-1,-1,-1,-1,-1,-1,0,-1
2023461374720,2023,461374720,1,9,0,5,5,5,1,0,0,1,0,0,0,0,1,1,6,6,1,-1,-1,-1,-1,-1,-1,-1,-1,0,-1
2023361351166,2023,361351166,1,9,0,18,19,2,7,0,0,4,0,0,0,0,3,1,6,6,3,-1,-1,-1,-1,-1,-1,-1,-1,0,-1
2023010467304,2023,010467304,2,1,9,18,19,3,7,99,99,9,9,99,9,99,4,1,6,6,1,27,6,-1,-1,-1,-1,2,E01003506,0,-1
2023311359738,2023,311359738,1,-1,0,18,19,4,8,0,0,0,0,0,0,0,0,1,6,6,1,53,8,-1,-1,-1,-1,6,E01028074,1,-1
2023010438860,2023,010438860,1,1,0,4,4,1,5,0,0,6,0,0,0,0,0,1,6,6,1,37,7,-1,-1,-1,-1,4,E01033081,0,-1
2023430409430,2023,430409430,2,9,0,18,19,8,4,0,0,0,0,0,0,0,2,1,2,2,2,40,7,-1,-1,-1,-1,10,E01028664,0,-1
2023610037823,2023,610037823,1,17,4,17,19,7,4,0,0,0,0,0,0,0,1,1,1,1,1,21,5,-1,-1,-1,-1,5,W01001566,0,-1
2023122300600,2023,122300600,2,21,1,4,4,7,3,0,0,1,0,0,0,0,1,1,1,1,1,47,8,-1,-1,-1,-1,2,E01012342,0,-1
2023161320827,2023,161320827,1,9,0,9,9,3,1,0,0,5,0,0,0,0,3,1,6,6,1,-1,-1,-1,-1,-1,-1,-1,-1,0,-1
2023461291885,2023,461291885,1,1,0,18,19,1,5,0,0,0,0,0,0,0,1,1,6,6,1,26,6,-1,-1,-1,-1,1,E01024697,0,-1
2023211333377,2023,211333377,1,9,0,12,12,-1,-1,0,0,0,0,0,0,0,-1,1,6,6,3,-1,-1,-1,-1,-1,-1,-1,-1,0,-1
2023010447954,2023,010447954,1,3,0,16,19,1,3,0,0,2,0,0,0,0,1,1,6,6,3,-1,-1,-1,-1,-1,-1,-1,-1,0,-1
2023061371638,2023,061371638,1,9,0,9,9,6,2,0,0,1,0,0,0,0,1,1,6,6,1,40,7,-1,-1,-1,-1,10,E01006072,0,-1
2023010439305,2023,010439305,1,1,9,99,99,9,9,99,99,9,9,99,9,99,9,1,2,2,1,41,7,-1,-1,-1,-1,9,E01000396,0,-1
2023522301274,2023,522301274,2,9,0,9,9,3,7,0,0,6,0,0,0,0,9,1,6,6,3,-1,-1,-1,-1,-1,-1,-1,-1,0,-1
2023430223420,2023,430223420,1,9,0,11,11,6,2,0,0,8,0,0,0,0,4,1,6,6,3,-1,-1,-1,-1,-1,-1,-1,-1,0,-1
2023010428062,2023,010428062,1,1,9,99,99,9,9,99,99,9,9,99,9,99,1,1,6,6,1,15,3,-1,-1,-1,-1,6,E01004529,0,-1
2023520401073,2023,520401073,1,1,0,18,19,7,1,0,0,0,0,0,0,0,3,1,6,6,1,32,6,-1,-1,-1,-1,1,E01029106,0,-1
2023302301892,2023,302301892,1,20,0,18,19,6,2,0,0,0,0,0,0,0,0,1,6,6,3,-1,-1,-1,-1,-1,-1,5,E01019456,0,-1
2023010425186,2023,010425186,2,8,0,99,99,9,9,99,99,0,9,99,9,99,9,9,6,6,3,-1,-1,-1,-1,-1,-1,-1,-1,0,-1
2023340WN6892,2023,340WN6892,2,1,0,18,19,6,2,0,0,1,0,0,0,0,1,1,2,2,1,16,4,-1,-1,-1,-1,9,E01027167,0,-1
2023201389403,2023,201389403,2,1,0,2,2,0,0,0,0,1,0,0,0,0,0,1,6,6,1,52,8,-1,-1,-1,-1,2,E01009934,0,-1
2023221354646,2023,221354646,1,19,0,16,19,3,5,0,0,2,0,0,0,0,1,1,6,6,1,45,7,-1,-1,-1,-1,-1,-1,0,-1
2023501313083,2023,501313083,2,9,0,4,4,7,3,0,0,0,0,0,0,0,2,1,6,6,2,41,7,-1,-1,-1,-1,-1,-1,0,-1
2023610049423,2023,610049423,1,9,0,9,9,6,4,0,0,8,0,0,0,0,1,1,6,6,3,-1,-1,-1,-1,-1,-1,-1,-1,0,-1
2023010450760,2023,010450760,1,9,0,99,99,9,9,99,99,9,9,99,9,99,2,9,6,6,1,26,6,-1,-1,-1,-1,2,E01002312,0,-1
2023061276654,2023,061276654,1,9,0,9,9,3,1,0,0,1,0,0,0,0,2,1,6,6,1,-1,-1,-1,-1,-1,-1,-1,-1,0,-1
2023131298606,2023,131298606,1,1,0,18,19,5,1,0,0,8,0,0,0,0,3,1,5,6,1,14,3,-1,-1,-1,-1,1,E01010655,0,-1
2023201277042,2023,201277042,1,9,0,5,5,2,6,0,0,5,0,0,0,0,1,1,1,1,1,61,9,-1,-1,-1,-1,3,E01010051,0,-1
2023010421966,2023,010421966,1,9,0,18,19,5,1,0,0,8,0,0,0,0,4,1,6,6,1,60,9,-1,-1,-1,-1,4,E01000497,0,-1
2023052301266,2023,052301266,2,1,0,18,19,3,7,0,0,1,0,0,0,0,3,1,6,6,1,15,3,-1,-1,-1,-1,1,E01006678,0,-1
2023141384328,2023,141384328,2,9,0,5,5,2,6,0,0,4,0,0,0,0,1,1,6,6,1,-1,-1,-1,-1,-1,-1,-1,-1,0,-1
2023430383688,2023,430383688,2,9,0,2,2,0,0,0,0,1,0,0,0,0,2,1,6,6,3,-1,-1,-1,-1,-1,-1,-1,-1,0,-1
2023131317339,2023,131317339,1,9,0,4,4,3,7,0,0,0,0,0,0,0,1,1,6,6,2,-1,-1,-1,-1,-1,-1,-1,-1,0,-1
2023401349666,2023,401349666,2,1,0,4,4,6,2,9,9,0,0,0,0,0,1,1,6,6,1,65,9,-1,-1,-1,-1,2,E01015794,0,-1
2023161293643,2023,161293643,2,9,0,9,9,4,8,0,0,8,0,0,0,0,1,1,6,6,2,-1,-1,-1,-1,-1,-1,-1,-1,0,-1
2023421369369,2023,421369369,1,19,-1,-1,-1,-1,-1,0,0,0,-1,-1,-1,0,0,1,6,6,3,-1,-1,-1,-1,-1,-1,-1,-1,0,-1
2023010465511,2023,010465511,2,20,9,99,99,9,9,99,99,9,9,99,9,99,9,9,6,6,3,33,6,-1,-1,-1,-1,-1,-1,0,-1
2023010419676,2023,010419676,1,1,9,99,99,9,9,99,99,9,9,99,9,99,1,1,6,6,1,22,5,-1,-1,-1,-1,1,E01003486,0,-1
2023461261788,2023,461261788,2,1,0,18,19,2,6,0,0,2,5,0,0,0,4,1,5,6,1,75,10,-1,-1,-1,-1,8,E01024603,0,-1
2023010441888,2023,010441888,1,1,0,18,19,1,5,0,0,0,0,0,0,0,1,1,6,6,3,-1,-1,-1,-1,-1,-1,-1,-1,0,-1
2023340WN4592,2023,340WN4592,1,9,0,18,19,5,1,0,0,0,0,0,0,0,1,1,6,6,3,-1,-1,-1,-1,-1,-1,-1,-1,0,-1
2023440127985,2023,440127985,2,2,0,18,19,5,1,0,0,4,0,0,0,0,1,1,6,6,1,16,4,-1,-1,-1,-1,-1,-1,0,-1
2023351286512,2023,351286512,2,1,0,18,19,-1,-1,0,0,0,0,0,0,0,1,1,6,6,1,19,4,-1,-1,-1,-1,-1,-1,0,-1
2023522301866,2023,522301866,1,9,0,4,4,1,5,0,0,9,0,0,0,0,2,1,6,6,1,33,6,-1,-1,-1,-1,4,E01014968,0,-1
2023101351786,2023,101351786,1,97,0,18,19,4,8,0,0,1,0,0,0,0,1,1,6,6,1,60,9,-1,-1,-1,-1,1,E01008837,0,-1