collision_index,collision_year,collision_ref_no,vehicle_reference,vehicle_type,towing_and_articulation,vehicle_manoeuvre_historic,vehicle_manoeuvre,vehicle_direction_from,vehicle_direction_to,vehicle_location_restricted_lane_historic,vehicle_location_restricted_lane,junction_location,skidding_and_overturning,hit_object_in_carriageway,vehicle_leaving_carriageway,hit_object_off_carriageway,first_point_of_impact,vehicle_left_hand_drive,journey_purpose_of_driver_historic,journey_purpose_of_driver,sex_of_driver,age_of_driver,age_band_of_driver,engine_capacity_cc,propulsion_code,age_of_vehicle,generic_make_model,driver_imd_decile,lsoa_of_driver,escooter_flag,driver_distance_banding
2023501294995,2023,501294995,1,9,0,18,19,1,5,0,0,1,0,0,0,0,1,1,6,6,1,-1,-1,-1,-1,-1,-1,-1,-1,0,-1
2023010441171,2023,010441171,1,9,0,4,4,1,5,0,0,1,0,0,0,0,1,1,6,6,3,-1,-1,-1,-1,-1,-1,-1,-1,0,-1
2023201365694,2023,201365694,1,98,0,14,14,4,8,0,0,8,0,0,0,0,1,1,1,1,1,24,5,-1,-1,-1,-1,2,E01029356,0,-1
2023052301768,2023,052301768,2,1,0,18,19,7,3,0,0,0,0,0,0,0,3,1,6,6,2,35,6,-1,-1,-1,-1,7,E01007306,0,-1
2023610038223,2023,610038223,2,9,0,2,2,0,0,0,0,0,0,0,0,0,1,1,6,6,3,-1,-1,-1,-1,-1,-1,-1,-1,0,-1
2023010419871,2023,010419871,2,11,0,9,9,7,5,0,0,6,0,0,0,0,1,1,6,6,3,-1,-1,-1,-1,-1,-1,-1,-1,0,-1
2023531269902,2023,531269902,1,9,0,9,9,4,8,0,0,8,0,0,0,0,3,1,5,6,2,28,6,-1,-1,-1,-1,2,E01022322,0,-1
2023070212544,2023,070212544,1,9,0,17,19,7,3,0,0,0,0,0,0,0,1,1,6,6,2,68,10,-1,-1,-1,-1,8,E01018577,0,-1
2023111379280,2023,111379280,1,9,0,18,19,6,2,0,0,1,0,0,0,0,4,1,6,6,3,30,6,-1,-1,-1,-1,-1,-1,0,-1
2023320260048,2023,320260048,2,9,0,4,4,8,4,0,0,1,0,0,0,0,4,1,6,6,2,35,6,-1,-1,-1,-1,10,E01026189,0,-1
2023010444527,2023,010444527,2,1,0,5,5,7,3,0,0,1,5,0,0,0,2,1,4,7,1,11,3,-1,-1,-1,-1,1,E01003045,0,-1
2023052302327,2023,052302327,1,3,0,18,19,3,7,0,0,1,1,0,0,0,3,1,6,6,1,19,4,-1,-1,-1,-1,1,E01006481,0,-1
2023201321989,2023,201321989,1,-1,0,18,19,8,4,0,0,0,0,0,0,0,4,1,6,6,3,-1,-1,-1,-1,-1,-1,-1,-1,0,-1
2023010444694,2023,010444694,1,1,9,99,99,9,9,99,99,9,9,99,9,99,1,1,2,2,2,40,7,-1,-1,-1,-1,3,E01000866,0,-1
2023522301797,2023,522301797,2,9,0,18,19,7,3,0,0,4,0,0,0,0,1,1,6,6,3,-1,-1,-1,-1,-1,-1,-1,-1,0,-1
2023547220323,2023,547220323,1,9,0,13,13,6,2,0,0,0,0,0,0,0,4,1,6,6,3,-1,-1,-1,-1,-1,-1,-1,-1,0,-1
2023471273727,2023,471273727,1,9,0,18,19,1,5,0,0,0,1,0,0,0,1,1,2,2,1,25,5,-1,-1,-1,-1,8,E01031603,0,-1
2023991343181,2023,991343181,2,1,0,18,19,4,1,4,4,8,5,0,0,0,1,1,2,2,1,34,6,-1,-1,-1,-1,8,-1,0,-1
2023131293729,2023,131293729,2,1,0,9,9,3,7,0,0,8,2,0,0,0,3,1,1,1,1,38,7,-1,-1,-1,-1,1,E01010828,0,-1
2023311278122,2023,311278122,2,9,0,2,2,0,0,0,0,1,0,0,0,0,3,1,6,6,3,-1,-1,-1,-1,-1,-1,-1,-1,0,-1
2023061363915,2023,061363915,2,1,0,18,19,1,5,0,0,1,0,0,0,0,4,1,1,1,1,30,6,-1,-1,-1,-1,1,E01005287,0,-1
2023010441330,2023,010441330,1,1,9,99,99,9,9,99,99,9,9,99,9,99,9,1,6,6,1,48,8,-1,-1,-1,-1,3,E01000637,0,-1
2023991295345,2023,991295345,2,90,0,2,2,5,8,0,0,0,0,0,0,0,2,1,1,1,1,49,8,-1,-1,-1,-1,2,-1,0,-1
2023161337735,2023,161337735,1,90,0,16,19,8,3,0,0,0,0,0,0,0,1,2,6,6,1,64,9,-1,-1,-1,-1,6,E01013022,0,-1
2023351371780,2023,351371780,3,97,0,18,19,7,3,0,0,0,0,0,0,0,0,1,1,1,3,-1,-1,-1,-1,-1,-1,-1,-1,0,-1
2023170H10353,2023,170H10353,2,9,0,18,19,5,1,0,0,0,0,0,0,0,1,1,6,6,1,20,4,-1,-1,-1,-1,3,E01032541,0,-1
2023010479890,2023,010479890,2,9,0,99,99,9,9,99,99,9,9,99,9,99,9,9,6,6,3,-1,-1,-1,-1,-1,-1,-1,-1,0,-1
2023501399807,2023,501399807,2,1,0,7,7,6,8,0,0,0,5,0,0,0,3,1,6,6,1,57,9,-1,-1,-1,-1,4,E01015241,0,-1
2023010419555,2023,010419555,1,1,9,99,99,9,9,99,99,9,9,99,9,99,2,1,2,2,1,43,7,-1,-1,-1,-1,5,E01003274,0,-1
2023010448386,2023,010448386,2,23,0,18,19,1,5,0,0,8,0,0,0,0,1,1,1,1,1,19,4,-1,-1,-1,-1,2,E01001705,0,-1
2023010458749,2023,010458749,2,97,0,14,14,5,1,0,0,1,2,0,0,0,1,1,6,6,3,-1,-1,-1,-1,-1,-1,-1,-1,0,-1
2023543086023,2023,543086023,1,9,0,17,19,7,2,0,0,0,0,0,7,11,1,1,6,6,1,67,10,-1,-1,-1,-1,10,E01028745,0,-1
2023010460783,2023,010460783,1,1,0,18,19,4,8,0,0,1,0,0,0,0,1,1,6,6,3,33,6,-1,-1,-1,-1,-1,-1,0,-1
2023471327052,2023,471327052,2,1,0,18,19,1,5,0,0,1,0,0,0,0,1,1,1,1,1,31,6,-1,-1,-1,-1,1,E01020912,0,-1
2023170M11873,2023,170M11873,2,1,0,18,19,5,1,0,0,8,0,0,0,0,0,1,6,6,2,59,9,-1,-1,-1,-1,9,E01012063,0,-1
2023440108368,2023,440108368,2,1,0,18,19,1,5,0,0,8,0,0,0,0,4,1,6,6,1,45,7,-1,-1,-1,-1,-1,-1,0,-1
2023111358647,2023,111358647,2,1,0,18,19,4,8,0,0,8,5,0,0,0,2,1,6,6,2,55,8,-1,-1,-1,-1,8,E01008761,0,-1
2023461377633,2023,461377633,1,2,0,18,19,8,1,0,0,2,0,0,0,0,1,1,6,6,1,-1,-1,-1,-1,-1,-1,-1,-1,0,-1
2023501365615,2023,501365615,2,9,0,17,19,4,8,0,0,0,1,0,0,0,1,1,5,6,1,54,8,-1,-1,-1,-1,4,E01018773,0,-1
2023430147317,2023,430147317,1,99,0,13,13,6,2,0,0,0,0,0,0,0,4,1,6,6,3,-1,-1,-1,-1,-1,-1,-1,-1,0,-1
2023302301805,2023,302301805,3,21,1,16,19,3,6,0,0,0,0,0,0,0,1,1,6,6,3,-1,-1,-1,-1,-1,-1,5,E01019456,0,-1
2023010480942,2023,010480942,3,1,0,4,4,7,3,0,0,1,0,0,0,0,1,1,6,6,2,48,8,-1,-1,-1,-1,1,E01002066,0,-1
2023201394930,2023,201394930,2,9,0,18,19,6,2,0,0,1,0,0,0,0,3,1,6,6,3,-1,-1,-1,-1,-1,-1,-1,-1,0,-1
2023010483333,2023,010483333,1,1,9,99,99,9,9,99,99,9,9,99,9,99,1,1,1,1,1,35,6,-1,-1,-1,-1,7,E01000438,0,-1
2023201277224,2023,201277224,1,9,0,7,7,8,2,0,0,6,0,0,0,0,1,1,6,6,2,31,6,-1,-1,-1,-1,2,E01033624,0,-1
2023631348239,2023,631348239,1,9,0,-1,-1,-1,-1,-1,-1,1,-1,-1,-1,0,-1,1,6,6,3,-1,-1,-1,-1,-1,-1,-1,-1,0,-1
2023421334327,2023,421334327,1,9,0,18,19,5,8,0,0,1,0,0,0,0,1,1,6,6,1,30,6,-1,-1,-1,-1,5,E01015859,0,-1
2023211359858,2023,211359858,2,9,0,3,3,3,3,0,0,1,0,0,0,0,1,1,2,2,1,29,6,-1,-1,-1,-1,-1,-1,0,-1
2023440203361,2023,440203361,1,1,0,18,19,1,5,4,4,8,1,0,0,0,1,1,1,1,2,50,8,-1,-1,-1,-1,6,E01017015,0,-1
2023010457595,2023,010457595,2,1,0,18,19,3,7,0,0,8,0,0,0,0,4,1,1,1,1,46,8,-1,-1,-1,-1,4,E01000940,0,-1
2023421292224,2023,421292224,2,1,0,12,12,8,5,0,0,8,0,0,0,0,1,1,5,6,1,42,7,-1,-1,-1,-1,3,E01015868,0,-1
2023010421729,2023,010421729,2,9,0,7,7,1,4,0,0,8,0,0,0,0,4,1,6,6,3,-1,-1,-1,-1,-1,-1,-1,-1,0,-1
2023430187858,2023,430187858,2,1,0,18,19,1,5,0,0,2,0,0,0,0,4,1,6,6,1,17,4,-1,-1,-1,-1,10,E01016628,0,-1
2023161338113,2023,161338113,1,9,0,18,19,3,7,0,0,0,0,0,0,0,1,1,6,6,2,-1,-1,-1,-1,-1,-1,-1,-1,0,-1
2023131383236,2023,131383236,1,90,0,18,19,7,3,9,9,8,0,0,0,0,1,1,2,2,1,45,7,-1,-1,-1,-1,1,E01011366,0,-1
2023991358242,2023,991358242,2,1,0,2,2,0,0,0,0,0,0,0,0,0,0,1,5,6,2,32,6,-1,-1,-1,-1,-1,-1,0,-1
2023061265731,2023,061265731,2,-1,0,18,19,3,7,0,0,8,0,0,0,0,4,1,5,6,1,13,3,-1,-1,-1,-1,3,E01005797,1,-1
2023131310209,2023,131310209,1,9,0,-1,-1,-1,-1,-1,-1,0,-1,-1,-1,-1,-1,1,6,6,3,-1,-1,-1,-1,-1,-1,-1,-1,0,-1
2023201328036,2023,201328036,1,98,0,18,19,8,4,0,0,0,0,0,0,0,1,1,6,6,1,-1,-1,-1,-1,-1,-1,-1,-1,0,-1
2023332300997,2023,332300997,2,1,0,18,19,3,7,0,0,8,0,0,0,0,2,1,6,6,1,67,10,-1,-1,-1,-1,4,E01013733,0,-1
2023010483332,2023,010483332,1,1,9,99,99,9,9,99,99,9,9,99,9,99,9,1,2,2,1,30,6,-1,-1,-1,-1,3,E01003972,0,-1
2023351388276,2023,351388276,2,1,0,18,19,8,4,0,0,8,1,0,0,0,0,1,6,6,2,38,7,-1,-1,-1,-1,7,E01018140,0,-1
2023631346986,2023,631346986,1,5,0,18,19,8,4,0,0,0,0,0,0,0,1,1,5,6,1,41,7,-1,-1,-1,-1,-1,-1,0,-1
2023010429343,2023,010429343,1,1,0,18,19,8,4,0,0,0,0,0,0,0,1,1,6,6,1,25,5,-1,-1,-1,-1,-1,-1,0,-1
2023481355223,2023,481355223,1,1,0,12,12,1,5,0,0,0,0,0,0,0,3,1,2,2,1,33,6,-1,-1,-1,-1,-1,-1,0,-1
2023131325058,2023,131325058,2,1,0,18,19,4,8,0,0,8,0,0,0,0,1,1,1,1,1,17,4,-1,-1,-1,-1,1,E01011467,0,-1
2023131302669,2023,131302669,2,97,0,16,19,1,5,0,0,0,0,0,0,0,0,1,6,6,3,-1,-1,-1,-1,-1,-1,-1,-1,0,-1
2023522400445,2023,522400445,2,9,0,18,19,5,1,0,0,1,0,0,0,0,1,1,6,6,3,-1,-1,-1,-1,-1,-1,-1,-1,0,-1
2023061359990,2023,061359990,2,1,0,18,19,1,5,0,0,1,0,0,0,0,3,1,6,6,1,-1,-1,-1,-1,-1,-1,-1,-1,0,-1
2023161322684,2023,161322684,1,1,0,3,3,3,7,0,0,1,0,0,0,0,2,1,2,2,1,35,6,-1,-1,-1,-1,7,E01013008,0,-1
2023531393158,2023,531393158,1,9,4,18,19,4,8,0,0,2,0,0,0,0,1,1,6,6,3,-1,-1,-1,-1,-1,-1,-1,-1,0,-1
2023340NN3532,2023,340NN3532,1,1,0,9,9,3,7,0,0,6,0,0,0,0,4,1,4,7,1,13,3,-1,-1,-1,-1,4,E01026982,0,-1
2023041375693,2023,041375693,2,9,0,18,19,3,7,0,0,1,0,0,0,0,1,1,2,2,1,42,7,-1,-1,-1,-1,3,E01025289,0,-1
2023351321629,2023,351321629,2,1,0,10,10,1,7,0,0,8,2,0,0,0,1,1,2,2,1,39,7,-1,-1,-1,-1,1,E01015639,0,-1
2023552400052,2023,552400052,2,1,0,7,7,6,7,0,0,5,0,0,0,0,3,1,6,6,2,58,9,-1,-1,-1,-1,5,E01015377,0,-1
2023101352863,2023,101352863,2,1,0,18,19,6,2,4,4,1,0,0,0,0,4,1,6,6,1,43,7,-1,-1,-1,-1,8,E01027407,0,-1
2023010442233,2023,010442233,2,9,0,99,99,9,9,99,99,9,9,99,9,99,9,9,6,6,3,-1,-1,-1,-1,-1,-1,-1,-1,0,-1
2023320320127,2023,320320127,1,1,0,18,19,5,1,0,0,1,0,0,0,0,2,1,6,6,1,13,3,-1,-1,-1,-1,7,E01026106,0,-1
2023411352829,2023,411352829,1,-1,0,5,5,5,1,0,0,1,0,0,0,0,3,1,6,6,2,12,3,-1,-1,-1,-1,7,E01023776,1,-1
2023471353256,2023,471353256,1,1,0,18,19,1,6,4,4,1,0,0,1,2,1,1,2,2,1,47,8,-1,-1,-1,-1,10,E01021218,0,-1
2023411359805,2023,411359805,2,1,0,5,5,8,4,0,0,0,0,0,0,0,0,1,6,6,1,12,3,-1,-1,-1,-1,3,E01023310,0,-1
2023622300697,2023,622300697,1,-1,0,18,19,4,8,0,0,1,0,0,0,0,1,1,6,6,1,16,4,-1,-1,-1,-1,1,W01001835,1,-1
2023421294835,2023,421294835,2,1,0,18,19,6,2,0,0,0,0,0,0,0,2,1,5,6,2,22,5,-1,-1,-1,-1,9,E01021619,0,-1
2023041316654,2023,041316654,1,9,0,18,19,3,5,0,0,1,0,0,0,0,1,1,6,6,3,-1,-1,-1,-1,-1,-1,-1,-1,0,-1
2023440328592,2023,440328592,2,1,0,3,3,7,3,0,0,1,0,0,0,0,1,1,6,6,1,24,5,-1,-1,-1,-1,4,E01023068,0,-1
2023440221176,2023,440221176,2,1,0,14,14,1,5,0,0,1,0,0,0,0,1,1,2,2,1,43,7,-1,-1,-1,-1,1,E01017036,0,-1
2023430024774,2023,430024774,2,9,0,4,4,2,6,0,0,1,0,0,0,0,1,1,1,1,2,32,6,-1,-1,-1,-1,10,E01028752,0,-1
2023302300157,2023,302300157,1,20,0,1,1,8,4,9,9,0,0,0,0,0,2,1,1,1,1,63,9,-1,-1,-1,-1,6,E01019475,0,-1
2023141309813,2023,141309813,3,9,0,7,7,8,1,0,0,0,0,4,0,0,1,1,6,6,3,-1,-1,-1,-1,-1,-1,-1,-1,0,-1
2023010461027,2023,010461027,2,9,9,99,99,9,9,99,99,0,9,99,9,0,9,9,6,6,3,-1,-1,-1,-1,-1,-1,-1,-1,0,-1
2023622300993,2023,622300993,1,9,0,5,5,8,4,0,0,5,0,0,0,0,0,1,6,6,3,-1,-1,-1,-1,-1,-1,-1,-1,0,-1
2023430567555,2023,430567555,1,9,0,18,19,3,7,0,0,1,0,0,0,0,1,1,6,6,2,-1,-1,-1,-1,-1,-1,-1,-1,0,-1
2023543452623,2023,543452623,2,9,0,4,4,1,3,0,0,1,0,0,0,0,2,1,6,6,1,42,7,-1,-1,-1,-1,10,E01031984,0,-1
2023010471227,2023,010471227,1,1,9,99,99,9,9,99,99,9,9,99,9,99,1,1,2,2,1,23,5,-1,-1,-1,-1,3,E01003180,0,-1
2023010473249,2023,010473249,2,9,0,99,99,9,9,99,99,9,9,99,9,99,1,9,6,6,3,-1,-1,-1,-1,-1,-1,-1,-1,0,-1
2023131355353,2023,131355353,1,-1,0,18,19,3,7,0,0,1,0,0,0,0,1,1,5,6,1,12,3,-1,-1,-1,-1,2,E01010852,1,-1
2023010469918,2023,010469918,1,1,9,99,99,9,9,99,99,9,9,99,9,99,2,1,2,2,1,51,8,-1,-1,-1,-1,3,E01032785,0,-1
2023052302179,2023,052302179,1,9,0,18,19,1,5,0,0,0,0,0,0,0,4,1,6,6,3,-1,-1,-1,-1,-1,-1,-1,-1,0,-1
2023010473606,2023,010473606,2,4,0,99,99,9,9,99,99,9,9,99,9,99,9,1,6,6,3,-1,-1,-1,-1,-1,-1,-1,-1,0,-1
2023221280780,2023,221280780,1,9,0,18,19,3,7,0,0,4,0,0,0,0,1,1,6,6,3,42,7,-1,-1,-1,-1,-1,-1,0,-1
2023451356852,2023,451356852,2,98,0,18,19,1,5,0,0,1,0,0,0,0,0,1,6,6,3,77,11,-1,-1,-1,-1,-1,-1,0,-1
2023991302152,2023,991302152,2,1,0,5,5,1,5,0,0,2,0,0,1,0,0,1,6,6,1,61,9,-1,-1,-1,-1,10,-1,0,-1
2023501341562,2023,501341562,2,1,0,17,19,3,1,0,0,1,1,0,0,0,1,1,6,6,1,36,7,-1,-1,-1,-1,6,E01019893,0,-1
2023061344459,2023,061344459,2,1,0,18,19,4,8,4,4,1,0,0,0,0,1,1,2,2,1,35,6,-1,-1,-1,-1,1,E01005103,0,-1
2023131341227,2023,131341227,1,9,0,16,19,1,4,0,0,0,0,0,0,0,4,1,6,6,3,-1,-1,-1,-1,-1,-1,-1,-1,0,-1
2023211383491,2023,211383491,2,9,0,18,19,2,3,0,0,0,1,0,0,0,0,1,6,6,1,37,7,-1,-1,-1,-1,2,E01014236,0,-1
2023332301010,2023,332301010,2,1,0,5,5,3,7,0,0,8,0,0,0,0,3,1,1,1,1,40,7,-1,-1,-1,-1,1,E01013640,0,-1
2023010483654,2023,010483654,1,1,9,99,99,9,9,99,99,9,9,99,9,99,2,1,2,2,1,41,7,-1,-1,-1,-1,2,E01001783,0,-1
2023211319949,2023,211319949,1,1,0,12,12,1,5,0,0,1,0,0,2,0,1,1,6,6,1,31,6,-1,-1,-1,-1,2,E01014266,0,-1
2023122300481,2023,122300481,3,9,0,2,2,0,0,6,6,2,0,0,0,0,4,1,6,6,3,-1,-1,-1,-1,-1,-1,-1,-1,0,-1
2023201318998,2023,201318998,1,9,0,18,19,8,4,0,0,8,0,0,0,0,3,1,6,6,2,-1,-1,-1,-1,-1,-1,-1,-1,0,-1
2023010481818,2023,010481818,2,1,9,99,99,9,9,99,99,1,9,99,9,99,1,1,6,6,1,-1,-1,-1,-1,-1,-1,9,E01003806,0,-1
2023461293940,2023,461293940,2,1,0,18,19,6,2,0,0,8,0,0,0,0,4,1,5,6,2,33,6,-1,-1,-1,-1,2,E01024248,0,-1
2023471361517,2023,471361517,2,1,0,18,19,2,6,0,0,8,0,0,0,0,1,1,6,6,1,45,7,-1,-1,-1,-1,-1,-1,0,-1
2023421359997,2023,421359997,1,9,0,2,2,1,5,0,0,2,0,0,0,0,3,1,6,6,3,-1,-1,-1,-1,-1,-1,-1,-1,0,-1
2023440022217,2023,440022217,2,1,0,5,5,5,3,0,0,4,0,0,0,0,4,1,6,6,1,61,9,-1,-1,-1,-1,5,E01017206,0,-1
2023421304844,2023,421304844,2,1,0,18,19,5,1,0,0,8,0,0,0,0,1,1,5,6,1,50,8,-1,-1,-1,-1,10,E01021474,0,-1
202363D027123,2023,63D027123,1,5,0,18,19,4,8,0,0,0,1,0,2,10,1,1,6,6,1,39,7,-1,-1,-1,-1,-1,-1,0,-1
2023161324966,2023,161324966,1,9,0,18,19,1,5,0,0,8,0,0,0,0,1,1,6,6,3,-1,-1,-1,-1,-1,-1,-1,-1,0,-1
2023070134041,2023,070134041,1,9,0,18,19,3,7,0,0,8,0,0,0,0,1,1,1,1,1,58,9,-1,-1,-1,-1,4,E01029535,0,-1
2023010479162,2023,010479162,1,1,0,9,9,7,4,0,0,4,0,0,0,0,2,1,2,2,2,48,8,-1,-1,-1,-1,6,E01030600,0,-1
2023010435921,2023,010435921,2,9,0,99,99,9,9,0,0,5,0,0,0,0,9,1,6,6,1,48,8,-1,-1,-1,-1,3,E01016442,0,-1
2023010452696,2023,010452696,2,1,0,18,19,5,1,5,5,1,0,0,0,0,1,1,1,1,1,33,6,-1,-1,-1,-1,2,E01001332,0,-1
2023101300668,2023,101300668,2,1,0,18,19,1,5,0,0,1,0,0,0,0,3,1,5,6,1,45,7,-1,-1,-1,-1,3,E01008561,0,-1
2023440524473,2023,440524473,2,-1,0,18,19,4,8,0,0,8,0,0,0,0,4,1,6,6,1,24,5,-1,-1,-1,-1,4,E01023077,1,-1
2023131295836,2023,131295836,2,97,0,18,19,5,1,0,0,2,0,0,0,0,0,1,6,6,3,-1,-1,-1,-1,-1,-1,-1,-1,0,-1
2023610044823,2023,610044823,1,19,0,11,11,2,6,0,0,0,1,0,0,0,2,1,1,1,2,44,7,-1,-1,-1,-1,1,W01000958,0,-1
2023061350239,2023,061350239,2,1,0,18,19,5,1,4,4,1,0,0,0,0,1,1,6,6,1,32,6,-1,-1,-1,-1,1,E01005206,0,-1
2023231333098,2023,231333098,2,9,0,18,19,2,6,0,0,8,0,0,1,0,3,1,1,1,1,23,5,-1,-1,-1,-1,6,E01031017,0,-1
2023010434219,2023,010434219,2,9,0,99,99,9,9,99,99,9,9,99,9,99,9,9,6,6,3,-1,-1,-1,-1,-1,-1,-1,-1,0,-1
2023522300398,2023,522300398,1,9,0,18,19,6,2,0,0,0,0,0,0,0,2,1,6,6,1,60,9,-1,-1,-1,-1,-1,-1,0,-1
2023361264793,2023,361264793,2,1,0,18,19,7,5,0,0,8,0,0,0,0,1,1,6,6,3,31,6,-1,-1,-1,-1,1,E01026826,0,-1
202363A026123,2023,63A026123,2,9,4,5,5,2,6,0,0,6,0,0,0,0,4,1,6,6,1,76,11,-1,-1,-1,-1,-1,-1,0,-1
2023371377661,2023,371377661,2,1,0,18,19,7,3,0,0,0,0,0,0,0,2,1,5,6,1,15,3,-1,-1,-1,-1,7,E01030228,0,-1
2023430345469,2023,430345469,1,1,0,18,19,4,8,0,0,8,0,0,0,0,3,1,6,6,1,54,8,-1,-1,-1,-1,9,E01033135,0,-1
2023010478104,2023,010478104,1,1,9,99,99,9,9,99,99,9,9,99,9,99,1,1,2,2,2,53,8,-1,-1,-1,-1,5,E01004483,0,-1
2023061320760,2023,061320760,1,9,0,9,9,7,4,0,0,1,0,0,0,0,1,1,6,6,3,30,6,-1,-1,-1,-1,-1,-1,0,-1
2023131277959,2023,131277959,2,23,0,18,19,1,5,0,0,2,0,0,0,0,1,1,6,6,2,37,7,-1,-1,-1,-1,2,E01011163,0,-1
2023010424798,2023,010424798,2,-1,0,5,5,5,1,5,5,0,0,0,0,0,1,1,2,2,1,21,5,-1,-1,-1,-1,2,E01003922,1,-1
2023430035185,2023,430035185,2,1,0,18,19,7,3,0,0,8,0,0,0,0,1,1,6,6,1,38,7,-1,-1,-1,-1,9,E01016315,0,-1
2023010463315,2023,010463315,1,3,9,99,99,9,9,99,99,0,9,99,9,99,9,1,6,6,1,43,7,-1,-1,-1,-1,2,E01001485,0,-1
2023991350160,2023,991350160,2,1,0,17,19,1,6,0,0,3,0,0,0,0,4,1,6,6,1,44,7,-1,-1,-1,-1,10,-1,0,-1
2023061318421,2023,061318421,2,1,0,18,19,-1,-1,0,0,0,0,0,0,0,2,1,6,6,1,14,3,-1,-1,-1,-1,2,E01005471,0,-1
2023201336997,2023,201336997,2,1,0,18,19,8,4,0,0,8,0,0,0,0,4,1,4,7,1,12,3,-1,-1,-1,-1,6,E01010233,0,-1
2023010422420,2023,010422420,2,9,0,99,99,9,9,99,99,0,9,99,9,99,2,9,6,6,3,-1,-1,-1,-1,-1,-1,-1,-1,0,-1
2023010442975,2023,010442975,1,11,0,18,19,6,2,0,0,0,0,0,0,0,0,1,6,6,3,-1,-1,-1,-1,-1,-1,-1,-1,0,-1
2023501288172,2023,501288172,1,9,0,18,19,3,7,0,0,1,0,0,0,0,1,1,6,6,1,49,8,-1,-1,-1,-1,6,E01019967,0,-1
2023201403276,2023,201403276,1,1,0,18,19,2,6,9,9,0,0,0,0,0,1,1,6,6,1,22,5,-1,-1,-1,-1,1,E01009401,0,-1
2023421318452,2023,421318452,2,-1,0,18,19,3,7,0,0,0,0,0,0,0,4,1,5,6,1,16,4,-1,-1,-1,-1,3,E01021490,1,-1
2023070952862,2023,070952862,1,9,0,18,19,3,7,0,0,1,0,0,0,0,4,1,6,6,2,-1,-1,-1,-1,-1,-1,-1,-1,0,-1
2023451347093,2023,451347093,1,97,0,18,19,3,1,0,0,4,0,0,0,0,4,1,6,6,1,30,6,-1,-1,-1,-1,-1,-1,0,-1
2023302300171,2023,302300171,2,1,0,16,19,6,2,0,0,0,0,0,1,10,3,1,6,6,1,47,8,-1,-1,-1,-1,10,E01019794,0,-1
2023440013461,2023,440013461,1,8,0,5,5,5,1,0,0,4,0,0,0,0,1,1,6,6,3,-1,-1,-1,-1,-1,-1,-1,-1,0,-1
2023211324732,2023,211324732,1,9,0,18,19,7,3,0,0,0,0,0,0,0,4,1,6,6,3,30,6,-1,-1,-1,-1,-1,-1,0,-1
2023010443978,2023,010443978,1,11,0,5,5,7,3,2,2,1,0,0,0,0,0,1,1,1,1,28,6,-1,-1,-1,-1,2,E01001528,0,-1
2023311362413,2023,311362413,2,1,0,9,9,2,8,0,0,6,0,0,0,0,1,1,5,6,1,49,8,-1,-1,-1,-1,1,E01027968,0,-1
2023430338120,2023,430338120,2,97,0,18,19,4,8,0,0,0,0,0,0,0,1,1,6,6,1,16,4,-1,-1,-1,-1,-1,-1,0,-1
2023451319965,2023,451319965,2,1,0,18,19,6,2,0,0,8,5,0,0,0,1,1,5,6,1,58,9,-1,-1,-1,-1,10,E01002934,0,-1
2023340WN2492,2023,340WN2492,2,1,0,18,19,4,8,0,0,0,0,0,0,0,1,1,6,6,1,38,7,-1,-1,-1,-1,6,E01027029,0,-1
2023320697843,2023,320697843,1,19,0,18,19,8,4,0,0,1,0,0,0,0,4,1,6,6,3,-1,-1,-1,-1,-1,-1,-1,-1,0,-1
2023421357551,2023,421357551,1,17,0,18,19,3,7,0,0,0,0,0,0,0,3,1,6,6,3,-1,-1,-1,-1,-1,-1,-1,-1,0,-1
2023471319569,2023,471319569,2,1,0,18,19,8,4,0,0,0,0,0,0,0,0,1,6,6,1,52,8,-1,-1,-1,-1,9,E01031733,0,-1
2023010444026,2023,010444026,2,1,0,3,3,5,1,0,0,1,0,10,0,0,1,1,6,6,2,55,8,-1,-1,-1,-1,-1,-1,0,-1
202335T622086,2023,35T622086,1,9,0,7,7,2,4,0,0,6,0,0,0,0,1,1,6,6,1,42,7,-1,-1,-1,-1,3,E01015692,0,-1
2023430079195,2023,430079195,1,9,0,18,19,7,3,0,0,0,0,0,0,0,1,1,6,6,3,-1,-1,-1,-1,-1,-1,-1,-1,0,-1
2023471332292,2023,471332292,3,9,0,16,19,2,5,0,0,8,0,0,0,0,0,1,6,6,3,-1,-1,-1,-1,-1,-1,-1,-1,0,-1
2023010440700,2023,010440700,2,9,0,99,99,9,9,99,99,9,9,99,9,99,9,9,6,6,3,-1,-1,-1,-1,-1,-1,-1,-1,0,-1
2023610043423,2023,610043423,2,9,0,18,19,6,2,0,0,8,0,0,0,0,3,1,6,6,2,35,6,-1,-1,-1,-1,10,W01001604,0,-1
2023010421388,2023,010421388,2,9,0,99,99,9,9,99,99,9,9,99,9,99,1,9,6,6,3,-1,-1,-1,-1,-1,-1,-1,-1,0,-1
2023440272197,2023,440272197,2,1,0,18,19,3,7,0,0,8,0,0,0,0,1,1,2,2,2,54,8,-1,-1,-1,-1,7,E01022938,0,-1
2023170L21423,2023,170L21423,2,1,0,18,19,6,2,0,0,8,0,0,0,0,1,1,6,6,1,58,9,-1,-1,-1,-1,-1,-1,0,-1
2023052301834,2023,052301834,1,9,0,18,19,5,1,0,0,0,0,0,0,0,1,1,6,6,3,-1,-1,-1,-1,-1,-1,-1,-1,0,-1
2023401350401,2023,401350401,3,21,1,18,19,5,1,0,0,0,0,0,0,0,1,1,1,1,1,34,6,-1,-1,-1,-1,-1,-1,0,-1
2023201313236,2023,201313236,2,1,0,18,19,3,7,0,0,0,0,0,0,0,1,1,2,2,1,38,7,-1,-1,-1,-1,4,E01009894,0,-1
2023010473213,2023,010473213,2,1,0,18,19,5,1,0,0,2,0,0,0,0,1,1,6,6,1,48,8,-1,-1,-1,-1,3,E01003145,0,-1
2023430264329,2023,430264329,2,9,0,18,19,5,1,0,0,4,0,0,0,0,3,1,6,6,1,-1,-1,-1,-1,-1,-1,4,E01016481,0,-1
2023311292355,2023,311292355,2,-1,0,14,14,1,5,9,9,0,0,8,0,0,3,1,6,6,2,18,4,-1,-1,-1,-1,2,E01027980,1,-1
2023522400962,2023,522400962,2,1,0,18,19,4,8,0,0,6,0,0,0,0,3,1,6,6,2,19,4,-1,-1,-1,-1,8,E01014981,0,-1