collision_index,collision_year,collision_ref_no,vehicle_reference,vehicle_type,towing_and_articulation,vehicle_manoeuvre_historic,vehicle_manoeuvre,vehicle_direction_from,vehicle_direction_to,vehicle_location_restricted_lane_historic,vehicle_location_restricted_lane,junction_location,skidding_and_overturning,hit_object_in_carriageway,vehicle_leaving_carriageway,hit_object_off_carriageway,first_point_of_impact,vehicle_left_hand_drive,journey_purpose_of_driver_historic,journey_purpose_of_driver,sex_of_driver,age_of_driver,age_band_of_driver,engine_capacity_cc,propulsion_code,age_of_vehicle,generic_make_model,driver_imd_decile,lsoa_of_driver,escooter_flag,driver_distance_banding
2023111335631,2023,111335631,2,9,0,2,2,0,0,0,0,1,0,0,0,0,1,1,2,2,1,62,9,-1,-1,-1,-1,6,E01020619,0,-1
2023522400529,2023,522400529,2,9,0,14,14,6,2,0,0,0,0,0,0,0,1,1,6,6,3,-1,-1,-1,-1,-1,-1,-1,-1,0,-1
2023010471960,2023,010471960,1,1,9,99,99,9,9,99,99,9,9,99,9,99,9,1,6,6,3,-1,-1,-1,-1,-1,-1,-1,-1,0,-1
2023010458063,2023,010458063,2,1,0,18,19,5,1,0,0,1,0,0,0,0,1,1,1,1,1,26,6,-1,-1,-1,-1,5,E01000512,0,-1
2023411281227,2023,411281227,1,19,0,1,1,4,8,0,0,0,0,0,0,0,2,1,6,6,1,-1,-1,-1,-1,-1,-1,-1,-1,0,-1
2023101328743,2023,101328743,3,1,0,18,19,1,5,0,0,0,2,0,4,0,4,1,5,6,1,55,8,-1,-1,-1,-1,7,E01027428,0,-1
2023141359538,2023,141359538,1,9,0,18,19,-1,-1,0,0,0,0,0,0,0,1,1,6,6,3,-1,-1,-1,-1,-1,-1,-1,-1,0,-1
202360A157101,2023,60A157101,1,9,0,18,19,8,4,0,0,0,0,4,0,0,1,1,6,6,1,65,9,-1,-1,-1,-1,-1,-1,0,-1
2023010465416,2023,010465416,1,1,9,99,99,9,9,99,99,9,9,99,9,99,9,1,6,6,1,24,5,-1,-1,-1,-1,2,E01000033,0,-1
2023430015916,2023,430015916,1,9,0,18,19,1,5,0,0,8,0,0,0,0,1,1,6,6,2,27,6,-1,-1,-1,-1,9,E01016201,0,-1
2023440383223,2023,440383223,2,-1,0,18,19,2,6,0,0,8,0,0,0,0,3,1,6,6,2,18,4,-1,-1,-1,-1,2,E01017109,1,-1
2023010452030,2023,010452030,1,1,9,99,99,9,9,99,99,9,9,99,9,99,9,1,2,2,2,41,7,-1,-1,-1,-1,3,E01001900,0,-1
2023010425312,2023,010425312,1,1,9,99,99,9,9,99,99,9,9,99,9,99,0,1,1,1,1,42,7,-1,-1,-1,-1,5,E01002791,0,-1
2023010463418,2023,010463418,1,1,0,18,19,1,5,4,4,1,0,0,0,0,4,1,6,6,2,40,7,-1,-1,-1,-1,6,E01004501,0,-1
2023311341657,2023,311341657,1,9,0,17,19,8,4,0,0,0,5,0,2,10,1,1,5,6,2,23,5,-1,-1,-1,-1,1,E01028276,0,-1
2023991285656,2023,991285656,2,1,0,18,19,8,4,0,0,3,0,0,0,0,1,1,6,6,1,64,9,-1,-1,-1,-1,-1,-1,0,-1
2023010458394,2023,010458394,1,1,9,99,99,9,9,99,99,9,9,99,9,99,9,1,2,2,1,26,6,-1,-1,-1,-1,3,E01000137,0,-1
2023522301271,2023,522301271,2,1,0,18,19,4,8,0,0,8,0,0,0,0,1,1,6,6,2,27,6,-1,-1,-1,-1,3,E01014502,0,-1
2023531337552,2023,531337552,2,1,0,17,19,3,7,0,0,0,0,0,0,0,1,1,5,6,1,23,5,-1,-1,-1,-1,9,E01028793,0,-1
2023461374619,2023,461374619,1,9,0,17,19,2,7,0,0,0,0,0,7,4,1,1,2,2,1,38,7,-1,-1,-1,-1,7,E01024380,0,-1
2023610033423,2023,610033423,1,1,0,18,19,1,5,0,0,0,0,0,0,0,3,1,2,2,1,18,4,-1,-1,-1,-1,4,W01001610,0,-1
2023332300659,2023,332300659,1,9,0,18,19,5,1,0,0,0,0,0,7,4,1,1,6,6,1,54,8,-1,-1,-1,-1,-1,-1,0,-1
2023351289917,2023,351289917,2,1,0,18,19,7,3,5,5,1,0,0,0,0,1,1,6,6,1,16,4,-1,-1,-1,-1,10,E01017985,0,-1
2023311374703,2023,311374703,2,1,0,5,5,1,5,0,0,8,0,0,0,0,1,1,5,6,2,24,5,-1,-1,-1,-1,-1,-1,0,-1
202363C036523,2023,63C036523,1,9,0,1,1,4,8,0,0,8,0,0,0,0,3,1,6,6,1,47,8,-1,-1,-1,-1,-1,-1,0,-1
2023141311250,2023,141311250,1,9,0,18,19,3,6,0,0,1,0,0,0,0,4,1,6,6,3,45,7,-1,-1,-1,-1,-1,-1,0,-1
2023371392900,2023,371392900,1,9,0,18,19,3,7,0,0,1,0,0,0,0,1,1,6,6,3,-1,-1,-1,-1,-1,-1,-1,-1,0,-1
2023430105651,2023,430105651,2,1,0,18,19,8,4,0,0,1,0,0,0,0,4,1,6,6,1,-1,-1,-1,-1,-1,-1,-1,-1,0,-1
2023010483013,2023,010483013,1,23,0,99,99,9,9,99,99,9,9,99,9,99,1,1,6,6,1,27,6,-1,-1,-1,-1,2,E01000523,0,-1
2023010421167,2023,010421167,1,9,0,99,99,9,9,99,99,9,9,99,9,99,9,9,6,6,3,-1,-1,-1,-1,-1,-1,-1,-1,0,-1
2023451389059,2023,451389059,2,9,0,1,1,1,1,0,0,0,0,0,0,0,2,1,6,6,2,20,4,-1,-1,-1,-1,-1,-1,0,-1
2023440302644,2023,440302644,1,1,0,18,19,1,5,0,0,0,0,0,0,0,3,1,6,6,1,10,2,-1,-1,-1,-1,3,E01017051,0,-1
2023461380985,2023,461380985,1,9,0,18,19,5,1,0,0,0,0,0,0,0,1,1,1,1,1,52,8,-1,-1,-1,-1,7,E01024388,0,-1
2023440344726,2023,440344726,2,1,0,18,19,4,8,0,0,0,0,0,0,0,1,1,2,2,1,47,8,-1,-1,-1,-1,10,E01023005,0,-1
2023401394791,2023,401394791,1,9,0,18,19,4,8,0,0,2,0,0,0,0,4,1,1,1,1,48,8,-1,-1,-1,-1,3,E01016746,0,-1
2023131348615,2023,131348615,1,9,0,-1,-1,-1,-1,-1,-1,-1,-1,-1,-1,-1,-1,1,6,6,3,-1,-1,-1,-1,-1,-1,-1,-1,0,-1
202360A031631,2023,60A031631,2,1,0,18,19,2,6,0,0,0,0,0,0,0,2,1,2,2,1,38,7,-1,-1,-1,-1,-1,-1,0,-1
2023010420448,2023,010420448,2,97,0,99,99,9,9,99,99,9,9,99,9,99,1,1,6,6,3,-1,-1,-1,-1,-1,-1,-1,-1,0,-1
2023302301704,2023,302301704,2,9,0,13,13,2,6,0,0,0,0,0,0,0,0,1,6,6,3,-1,-1,-1,-1,-1,-1,5,E01019456,0,-1
2023201405924,2023,201405924,2,9,0,18,19,1,5,0,0,0,0,0,0,0,1,1,6,6,3,-1,-1,-1,-1,-1,-1,-1,-1,0,-1
2023351388282,2023,351388282,1,9,0,18,19,5,1,0,0,0,0,0,0,0,3,1,6,6,3,-1,-1,-1,-1,-1,-1,-1,-1,0,-1
2023440127339,2023,440127339,2,1,0,18,19,3,7,0,0,8,0,0,0,0,1,1,2,2,1,33,6,-1,-1,-1,-1,4,E01017122,0,-1
2023411300998,2023,411300998,1,9,0,9,9,6,2,0,0,1,0,0,0,0,1,1,6,6,1,46,8,-1,-1,-1,-1,6,E01023915,0,-1
2023531352870,2023,531352870,2,1,0,18,19,1,5,4,4,0,0,0,0,0,1,1,3,7,2,33,6,-1,-1,-1,-1,5,E01022327,0,-1
2023622300746,2023,622300746,1,23,0,18,19,6,2,0,0,8,0,0,0,0,1,1,6,6,1,26,6,-1,-1,-1,-1,1,W01001708,0,-1
2023010462575,2023,010462575,1,1,0,18,19,8,4,0,0,8,0,0,0,0,1,1,6,6,1,17,4,-1,-1,-1,-1,3,E01002796,0,-1
2023302301293,2023,302301293,2,1,0,18,19,8,4,9,9,1,0,0,0,0,2,1,6,6,1,15,3,-1,-1,-1,-1,7,E01019472,0,-1
2023111395756,2023,111395756,3,9,0,18,19,7,3,0,0,1,0,0,0,0,0,1,6,6,3,30,6,-1,-1,-1,-1,-1,-1,0,-1
2023201308253,2023,201308253,1,21,1,18,19,8,4,0,0,0,0,0,0,0,1,1,1,1,1,32,6,-1,-1,-1,-1,2,E01013283,0,-1
2023010447747,2023,010447747,2,9,0,12,12,7,3,0,0,1,0,0,0,0,0,1,6,6,3,-1,-1,-1,-1,-1,-1,-1,-1,0,-1
2023010443372,2023,010443372,2,3,0,99,99,9,9,99,99,9,9,99,9,99,1,1,6,6,3,32,6,-1,-1,-1,-1,3,E01001856,0,-1
2023430560659,2023,430560659,3,9,0,18,19,8,4,0,0,0,0,0,0,0,2,1,6,6,2,-1,-1,-1,-1,-1,-1,-1,-1,0,-1
2023430200856,2023,430200856,1,9,0,5,5,8,4,0,0,4,0,0,0,0,1,1,6,6,2,65,9,-1,-1,-1,-1,-1,-1,0,-1
2023552400011,2023,552400011,2,1,0,18,19,2,6,5,5,8,0,0,0,0,1,1,2,2,1,48,8,-1,-1,-1,-1,10,E01020395,0,-1
2023010419710,2023,010419710,2,9,0,18,19,5,1,0,0,1,0,0,0,0,1,1,6,6,3,-1,-1,-1,-1,-1,-1,-1,-1,0,-1
2023311393590,2023,311393590,1,9,0,9,9,1,6,0,0,6,0,0,0,0,3,1,6,6,1,22,5,-1,-1,-1,-1,8,E01028184,0,-1
2023201361305,2023,201361305,2,1,0,9,9,8,6,0,0,4,0,0,0,0,4,1,6,6,1,54,8,-1,-1,-1,-1,10,E01032227,0,-1
2023010443515,2023,010443515,1,97,0,18,19,1,5,9,9,0,9,99,9,99,9,1,6,6,3,-1,-1,-1,-1,-1,-1,-1,-1,0,-1
2023201403333,2023,201403333,1,9,0,18,19,6,2,0,0,8,1,0,0,0,1,1,6,6,1,17,4,-1,-1,-1,-1,1,E01009323,0,-1
2023430201677,2023,430201677,2,1,0,9,9,4,4,0,0,6,0,0,0,0,3,1,6,6,1,61,9,-1,-1,-1,-1,8,E01017690,0,-1
2023010467605,2023,010467605,1,-1,0,15,15,5,1,99,99,0,0,10,0,0,3,1,4,7,1,17,4,-1,-1,-1,-1,3,E01003014,1,-1
2023010426235,2023,010426235,2,1,0,18,19,4,8,0,0,1,0,0,0,0,1,1,6,6,1,33,6,-1,-1,-1,-1,7,E01000650,0,-1
2023320625459,2023,320625459,2,1,0,18,19,2,6,0,0,0,0,0,0,0,1,1,6,6,1,13,3,-1,-1,-1,-1,4,E01026248,0,-1
2023430526208,2023,430526208,2,21,1,12,12,6,2,0,0,0,0,0,0,1,3,1,6,6,3,-1,-1,-1,-1,-1,-1,-1,-1,0,-1
2023991319601,2023,991319601,2,1,0,18,19,5,1,0,0,1,0,0,1,0,1,1,5,6,1,76,11,-1,-1,-1,-1,5,E01020706,0,-1
2023010432205,2023,010432205,2,9,0,99,99,9,9,99,99,9,9,99,9,99,9,9,6,6,3,-1,-1,-1,-1,-1,-1,4,E01003683,0,-1
2023101374065,2023,101374065,1,9,0,18,19,5,1,0,0,8,0,0,0,0,1,1,6,6,1,-1,-1,-1,-1,-1,-1,-1,-1,0,-1
2023170S10413,2023,170S10413,1,9,0,18,19,1,5,0,0,8,0,0,0,0,1,1,6,6,1,18,4,-1,-1,-1,-1,1,E01012250,0,-1
2023631391056,2023,631391056,1,17,0,-1,-1,-1,-1,-1,-1,0,-1,-1,-1,0,-1,1,6,6,3,-1,-1,-1,-1,-1,-1,-1,-1,0,-1
2023161314963,2023,161314963,1,1,0,18,19,1,5,0,0,0,0,4,0,0,0,1,5,6,1,61,9,-1,-1,-1,-1,5,E01012758,0,-1
2023010461119,2023,010461119,1,19,0,17,19,1,5,0,0,2,1,11,1,10,1,1,1,1,1,50,8,-1,-1,-1,-1,-1,-1,0,-1
2023401289008,2023,401289008,1,9,0,9,9,6,4,0,0,6,0,0,0,0,3,1,6,6,1,35,6,-1,-1,-1,-1,4,E01017599,0,-1
2023010434301,2023,010434301,1,1,9,99,99,9,9,99,99,9,9,99,9,99,1,1,6,6,1,59,9,-1,-1,-1,-1,2,E01004041,0,-1
2023440498863,2023,440498863,2,1,0,18,19,2,6,0,0,8,0,0,0,0,3,1,6,6,1,26,6,-1,-1,-1,-1,9,E01023152,0,-1
2023411271883,2023,411271883,1,9,0,9,9,1,5,0,0,0,0,0,0,0,1,1,6,6,3,-1,-1,-1,-1,-1,-1,-1,-1,0,-1
2023010478224,2023,010478224,2,1,0,18,19,5,1,0,0,1,0,0,0,0,2,1,6,6,1,49,8,-1,-1,-1,-1,4,E01003412,0,-1
2023610006723,2023,610006723,1,19,0,17,19,4,1,0,0,4,0,0,0,0,1,1,2,2,1,27,6,-1,-1,-1,-1,4,W01001522,0,-1
2023131274014,2023,131274014,1,9,0,-1,-1,-1,-1,-1,-1,-1,-1,-1,-1,-1,-1,1,6,6,3,-1,-1,-1,-1,-1,-1,-1,-1,0,-1
2023201418486,2023,201418486,2,9,0,18,19,5,1,0,0,0,0,0,0,0,0,1,6,6,1,-1,-1,-1,-1,-1,-1,-1,-1,0,-1
2023421278972,2023,421278972,2,19,0,18,19,8,5,0,0,4,0,0,0,0,1,1,1,1,1,24,5,-1,-1,-1,-1,6,E01002353,0,-1
2023010423817,2023,010423817,1,19,0,16,19,1,5,0,0,4,0,0,0,0,1,1,6,6,1,39,7,-1,-1,-1,-1,10,E01000753,0,-1
2023991396987,2023,991396987,2,23,0,18,19,7,3,0,0,1,2,0,0,0,1,1,5,6,1,50,8,-1,-1,-1,-1,4,-1,0,-1
2023010449002,2023,010449002,2,9,0,18,19,1,5,0,0,0,0,0,0,0,2,1,1,1,1,56,9,-1,-1,-1,-1,2,E01004413,0,-1
2023010441211,2023,010441211,2,1,0,18,19,1,5,9,9,1,0,0,0,0,1,1,6,6,1,23,5,-1,-1,-1,-1,5,E01000589,0,-1
2023010441857,2023,010441857,2,-1,0,99,99,9,9,0,0,9,0,99,0,0,9,1,6,6,1,47,8,-1,-1,-1,-1,5,E01000937,1,-1
2023340NN3002,2023,340NN3002,2,1,0,9,9,4,2,0,0,5,0,0,0,0,2,1,6,6,1,76,11,-1,-1,-1,-1,8,E01027096,0,-1
2023010458354,2023,010458354,2,1,0,18,19,7,3,0,0,0,0,0,0,0,1,1,2,2,1,24,5,-1,-1,-1,-1,2,E01032805,0,-1
2023052301642,2023,052301642,2,1,0,18,19,3,7,0,0,0,0,0,0,0,1,1,6,6,1,31,6,-1,-1,-1,-1,4,E01007001,0,-1
2023011380373,2023,011380373,2,1,0,18,19,3,7,5,5,8,0,0,0,0,1,1,6,6,1,24,5,-1,-1,-1,-1,-1,-1,0,-1
2023440309608,2023,440309608,2,1,0,18,19,1,5,0,0,8,0,0,0,0,4,1,6,6,1,12,3,-1,-1,-1,-1,2,E01022819,0,-1
2023201276905,2023,201276905,2,9,0,1,1,-1,-1,0,0,0,0,0,0,0,2,1,6,6,3,-1,-1,-1,-1,-1,-1,-1,-1,0,-1
2023461375158,2023,461375158,1,-1,0,18,19,5,1,0,0,0,0,0,0,0,0,1,5,6,3,-1,-1,-1,-1,-1,-1,-1,-1,0,-1
2023141282919,2023,141282919,2,98,0,7,7,3,5,0,0,2,0,0,0,0,3,1,5,6,2,37,7,-1,-1,-1,-1,1,E01007508,0,-1
2023010422706,2023,010422706,2,9,0,18,19,5,1,0,0,0,0,0,0,0,1,1,6,6,1,24,5,-1,-1,-1,-1,3,E01001449,0,-1
2023320412811,2023,320412811,1,9,0,18,19,6,2,0,0,0,5,0,7,0,1,1,6,6,1,30,6,-1,-1,-1,-1,-1,-1,0,-1
2023451361786,2023,451361786,2,1,0,18,19,1,1,0,0,0,0,0,0,0,4,1,6,6,1,40,7,-1,-1,-1,-1,-1,-1,0,-1
2023401394713,2023,401394713,1,9,0,11,11,-1,-1,0,0,0,0,0,0,0,3,1,6,6,3,-1,-1,-1,-1,-1,-1,-1,-1,0,-1
2023440257055,2023,440257055,1,90,0,18,19,5,1,0,0,0,0,0,0,0,3,1,1,1,1,55,8,-1,-1,-1,-1,9,E01023170,0,-1
2023430442795,2023,430442795,2,1,0,18,19,4,8,0,0,1,0,0,0,0,1,1,2,2,2,23,5,-1,-1,-1,-1,8,E01017814,0,-1
2023010469621,2023,010469621,2,9,0,7,7,7,2,0,0,5,0,0,0,0,1,1,6,6,3,-1,-1,-1,-1,-1,-1,-1,-1,0,-1
2023010441328,2023,010441328,2,1,9,99,99,9,9,99,99,9,9,99,9,99,9,1,6,6,3,-1,-1,-1,-1,-1,-1,4,E01002098,0,-1
2023101320889,2023,101320889,1,9,0,7,7,3,6,0,0,8,0,0,0,0,0,1,6,6,2,40,7,-1,-1,-1,-1,-1,-1,0,-1
2023010471412,2023,010471412,1,1,9,99,99,9,9,99,99,9,9,99,9,99,9,1,2,2,1,39,7,-1,-1,-1,-1,6,E01000324,0,-1
2023201326538,2023,201326538,2,1,0,18,19,8,4,0,0,0,0,0,0,0,0,1,1,1,1,33,6,-1,-1,-1,-1,1,E01009510,0,-1
2023061396224,2023,061396224,2,1,-1,18,19,7,3,0,0,8,0,0,0,0,1,1,2,2,1,42,7,-1,-1,-1,-1,9,E01005855,0,-1
2023070864180,2023,070864180,2,1,0,18,19,5,1,0,0,0,0,0,0,0,4,1,6,6,1,20,4,-1,-1,-1,-1,-1,-1,0,-1
2023340NN2982,2023,340NN2982,2,9,0,9,9,5,1,0,0,1,1,0,7,0,3,1,6,6,1,26,6,-1,-1,-1,-1,5,E01027091,0,-1
2023010461724,2023,010461724,2,9,0,9,9,7,4,0,0,1,0,0,0,0,3,1,6,6,3,-1,-1,-1,-1,-1,-1,-1,-1,0,-1
2023010458419,2023,010458419,2,1,0,18,19,7,3,9,9,0,5,0,0,0,1,1,1,1,1,29,6,-1,-1,-1,-1,5,E01004517,0,-1
2023522400771,2023,522400771,1,1,0,18,19,3,7,0,0,0,0,10,0,0,3,1,6,6,1,34,6,-1,-1,-1,-1,5,E01014678,0,-1
2023041314752,2023,041314752,2,1,0,17,19,7,3,0,0,1,0,0,0,0,1,1,1,1,1,25,5,-1,-1,-1,-1,2,E01025471,0,-1
2023552300330,2023,552300330,2,1,0,18,19,6,2,0,0,8,0,0,0,0,1,1,6,6,1,38,7,-1,-1,-1,-1,7,E01020390,0,-1
2023522300259,2023,522300259,1,-1,0,17,19,6,4,0,0,8,0,0,0,0,4,1,6,6,1,42,7,-1,-1,-1,-1,1,E01014638,1,-1
2023522324442,2023,522324442,1,1,0,18,19,6,2,0,0,0,0,0,0,0,1,1,6,6,1,34,6,-1,-1,-1,-1,6,E01014677,0,-1
2023161279300,2023,161279300,3,9,0,18,19,8,3,0,0,0,0,0,0,0,2,1,6,6,1,-1,-1,-1,-1,-1,-1,3,E01007480,0,-1
2023991352880,2023,991352880,2,1,0,9,9,5,2,0,0,8,0,0,0,0,4,1,6,6,1,21,5,-1,-1,-1,-1,10,-1,0,-1
2023101336981,2023,101336981,1,1,0,18,19,7,3,0,0,8,0,0,0,0,1,1,5,6,1,75,10,-1,-1,-1,-1,-1,-1,0,-1
2023010438902,2023,010438902,1,2,0,5,5,1,5,0,0,0,0,0,0,0,1,1,6,6,3,-1,-1,-1,-1,-1,-1,-1,-1,0,-1
2023522301468,2023,522301468,2,-1,0,18,19,1,5,0,0,0,0,0,0,0,1,1,6,6,1,-1,-1,-1,-1,-1,-1,-1,-1,1,-1
2023010470072,2023,010470072,2,1,0,18,19,1,5,4,4,1,0,0,0,0,1,1,2,2,2,29,6,-1,-1,-1,-1,5,E01000003,0,-1
2023421324910,2023,421324910,2,1,0,17,19,3,7,0,0,8,0,0,0,0,1,1,5,6,1,52,8,-1,-1,-1,-1,10,E01022062,0,-1
2023131384515,2023,131384515,2,-1,0,18,19,3,7,0,0,0,5,0,0,0,1,1,6,6,1,49,8,-1,-1,-1,-1,1,E01010744,1,-1
2023340WN6362,2023,340WN6362,2,9,0,18,19,8,4,0,0,1,0,0,0,0,3,1,6,6,1,28,6,-1,-1,-1,-1,4,E01027132,0,-1
2023010455262,2023,010455262,1,9,9,99,99,9,9,99,99,8,9,99,9,99,9,9,6,6,3,-1,-1,-1,-1,-1,-1,-1,-1,0,-1
2023141302442,2023,141302442,1,-1,0,18,19,6,1,9,9,1,0,0,0,0,1,1,6,6,3,-1,-1,-1,-1,-1,-1,-1,-1,1,-1
2023052302161,2023,052302161,2,1,0,18,19,4,6,0,0,1,0,0,0,0,3,1,6,6,1,82,11,-1,-1,-1,-1,7,E01007148,0,-1
2023421389529,2023,421389529,1,9,0,-1,-1,-1,-1,-1,-1,-1,-1,-1,-1,0,-1,1,6,6,3,-1,-1,-1,-1,-1,-1,-1,-1,0,-1
2023070863341,2023,070863341,1,1,0,12,12,2,6,0,0,8,0,0,0,0,1,1,6,6,2,35,6,-1,-1,-1,-1,3,E01005158,0,-1
2023141350522,2023,141350522,3,9,0,18,19,2,4,0,0,2,0,0,0,0,1,1,1,1,1,63,9,-1,-1,-1,-1,1,E01007530,0,-1
2023052302350,2023,052302350,1,9,0,18,19,5,1,0,0,1,0,0,0,0,1,1,6,6,3,-1,-1,-1,-1,-1,-1,-1,-1,0,-1
2023010461914,2023,010461914,2,1,0,14,14,5,1,0,0,6,0,8,1,0,4,1,6,6,1,45,7,-1,-1,-1,-1,9,E01002537,0,-1
2023320271311,2023,320271311,2,9,0,3,3,2,6,0,0,0,0,0,0,0,2,1,2,2,1,22,5,-1,-1,-1,-1,3,E01026110,0,-1
2023041372318,2023,041372318,2,1,0,18,19,5,1,0,0,1,0,0,0,0,3,1,6,6,1,33,6,-1,-1,-1,-1,6,E01025598,0,-1
2023451384496,2023,451384496,1,19,0,4,4,1,5,0,0,0,0,0,0,0,2,1,1,1,1,32,6,-1,-1,-1,-1,1,E01029105,0,-1
2023361263749,2023,361263749,2,1,0,18,19,8,5,0,0,8,0,0,0,0,4,1,2,2,2,22,5,-1,-1,-1,-1,3,E01026823,0,-1
2023320765306,2023,320765306,1,9,0,18,19,2,6,0,0,2,0,0,0,0,3,1,6,6,2,-1,-1,-1,-1,-1,-1,-1,-1,0,-1
2023371370814,2023,371370814,2,1,0,18,19,2,6,0,0,0,0,0,0,0,2,1,2,2,1,60,9,-1,-1,-1,-1,7,E01030038,0,-1
2023461358751,2023,461358751,2,1,0,18,19,1,5,0,0,0,0,0,0,0,4,1,6,6,1,27,6,-1,-1,-1,-1,6,E01024021,0,-1
2023430242138,2023,430242138,1,4,0,13,13,6,2,0,0,8,0,0,0,0,1,1,6,6,1,56,9,-1,-1,-1,-1,10,E01016692,0,-1
2023311282458,2023,311282458,1,1,0,18,19,4,8,0,0,1,0,0,0,0,1,1,5,6,1,39,7,-1,-1,-1,-1,3,E01027931,0,-1
2023010425077,2023,010425077,2,1,0,8,8,7,2,9,9,0,0,0,0,0,1,1,4,7,1,12,3,-1,-1,-1,-1,2,E01003191,0,-1
2023010443740,2023,010443740,2,19,0,99,99,9,9,99,99,9,9,99,9,99,2,9,6,6,3,-1,-1,-1,-1,-1,-1,-1,-1,0,-1
2023101286788,2023,101286788,2,16,0,5,5,5,1,0,0,0,0,0,0,0,0,1,5,6,2,19,4,-1,-1,-1,-1,5,E01008686,0,-1
2023401304038,2023,401304038,2,98,0,18,19,3,7,0,0,1,0,0,0,0,1,1,6,6,3,-1,-1,-1,-1,-1,-1,-1,-1,0,-1
2023111340328,2023,111340328,1,9,0,18,19,5,7,0,0,8,0,0,0,0,1,1,6,6,3,30,6,-1,-1,-1,-1,-1,-1,0,-1
2023231387141,2023,231387141,1,1,0,18,19,8,4,0,0,0,0,0,0,0,3,1,6,6,1,58,9,-1,-1,-1,-1,7,E01032902,0,-1
2023201295759,2023,201295759,2,1,0,18,19,-1,-1,0,0,8,0,0,0,0,1,1,1,1,1,43,7,-1,-1,-1,-1,4,E01009228,0,-1
2023351380756,2023,351380756,2,1,0,18,19,8,4,4,4,8,0,0,0,0,2,1,6,6,1,27,6,-1,-1,-1,-1,8,E01017966,0,-1
2023010453991,2023,010453991,1,3,0,15,15,5,1,0,0,3,5,12,0,0,1,1,2,2,1,31,6,-1,-1,-1,-1,6,E01002670,0,-1
2023201367162,2023,201367162,1,9,0,12,12,6,2,0,0,0,0,0,0,0,1,1,6,6,1,24,5,-1,-1,-1,-1,9,E01029939,0,-1
2023471315684,2023,471315684,2,1,0,18,19,7,4,0,0,8,0,0,0,0,4,1,5,6,1,67,10,-1,-1,-1,-1,3,E01031830,0,-1
2023052302986,2023,052302986,1,1,0,18,19,2,6,0,0,1,0,0,0,0,1,1,6,6,3,-1,-1,-1,-1,-1,-1,-1,-1,0,-1
2023401374348,2023,401374348,2,8,0,3,3,7,3,0,0,0,0,0,0,0,3,1,1,1,1,34,6,-1,-1,-1,-1,7,E01021378,0,-1
2023311368173,2023,311368173,2,1,0,18,19,4,8,5,5,1,0,0,0,0,1,1,5,6,2,12,3,-1,-1,-1,-1,-1,-1,0,-1
2023010439683,2023,010439683,1,9,0,99,99,9,9,99,99,0,9,99,9,99,4,1,6,6,3,-1,-1,-1,-1,-1,-1,-1,-1,0,-1
2023101294565,2023,101294565,1,97,0,18,19,7,3,0,0,2,0,0,0,0,-1,1,6,6,3,-1,-1,-1,-1,-1,-1,-1,-1,0,-1
2023010431317,2023,010431317,1,97,0,15,15,3,7,0,0,0,0,0,0,0,1,1,6,6,3,-1,-1,-1,-1,-1,-1,-1,-1,0,-1
2023332300046,2023,332300046,2,9,0,18,19,2,6,0,0,0,0,0,0,0,1,1,6,6,3,-1,-1,-1,-1,-1,-1,-1,-1,0,-1
2023610048023,2023,610048023,1,9,0,18,19,2,6,0,0,1,0,0,0,0,3,1,6,6,2,43,7,-1,-1,-1,-1,1,W01001381,0,-1
2023501326385,2023,501326385,2,1,0,18,19,2,6,0,0,1,0,0,0,0,1,1,5,6,1,64,9,-1,-1,-1,-1,7,E01020027,0,-1
2023041328673,2023,041328673,2,1,0,18,19,1,5,9,9,0,0,0,0,0,1,1,5,6,2,32,6,-1,-1,-1,-1,1,E01012673,0,-1
2023131292896,2023,131292896,2,1,0,18,19,5,1,0,0,4,0,0,0,0,0,1,2,2,2,29,6,-1,-1,-1,-1,1,E01011430,0,-1
2023302300156,2023,302300156,3,9,0,18,19,7,3,0,0,2,0,0,0,0,0,1,6,6,3,-1,-1,-1,-1,-1,-1,5,E01019456,0,-1
2023522300751,2023,522300751,2,19,0,4,4,8,4,0,0,0,0,0,0,0,2,1,6,6,1,-1,-1,-1,-1,-1,-1,-1,-1,0,-1
2023010425761,2023,010425761,1,1,0,18,19,3,7,0,0,2,0,0,0,0,1,1,6,6,1,31,6,-1,-1,-1,-1,4,E01001261,0,-1
2023010432641,2023,010432641,2,19,0,99,99,9,9,99,99,9,9,99,9,99,1,9,6,6,3,-1,-1,-1,-1,-1,-1,-1,-1,0,-1
2023010447980,2023,010447980,2,9,0,99,99,9,9,99,99,9,9,99,9,99,9,9,6,6,3,-1,-1,-1,-1,-1,-1,-1,-1,0,-1
2023010466618,2023,010466618,1,1,9,99,99,9,9,99,99,0,9,99,9,99,9,1,6,6,1,43,7,-1,-1,-1,-1,5,E01004644,0,-1
2023201343888,2023,201343888,2,9,0,18,19,4,8,0,0,8,0,4,0,0,1,1,2,2,2,22,5,-1,-1,-1,-1,3,E01009221,0,-1
2023170M10733,2023,170M10733,2,1,0,18,19,4,8,9,9,8,0,0,0,0,1,1,4,7,1,12,3,-1,-1,-1,-1,-1,-1,0,-1
2023522400419,2023,522400419,2,9,0,18,19,7,3,0,0,1,0,0,0,0,1,1,6,6,3,-1,-1,-1,-1,-1,-1,-1,-1,0,-1
2023122300202,2023,122300202,2,1,0,18,19,5,1,0,0,8,0,0,0,0,4,1,6,6,1,74,10,-1,-1,-1,-1,10,E01013387,0,-1
2023622300086,2023,622300086,2,1,0,18,19,8,4,0,0,1,0,0,0,0,1,1,6,6,1,14,3,-1,-1,-1,-1,1,W01000958,0,-1
2023430100622,2023,430100622,1,9,0,9,9,1,7,0,0,5,0,0,0,0,3,1,2,2,2,34,6,-1,-1,-1,-1,9,E01028660,0,-1
2023361325053,2023,361325053,2,1,0,18,19,1,5,4,4,8,0,0,0,0,1,1,2,2,1,46,8,-1,-1,-1,-1,2,E01026711,0,-1
2023010457075,2023,010457075,1,1,9,99,99,9,9,99,99,9,9,99,9,99,9,1,2,2,1,34,6,-1,-1,-1,-1,2,E01001667,0,-1
2023221368415,2023,221368415,2,1,0,18,19,6,2,0,0,8,0,0,0,0,-1,1,2,2,1,58,9,-1,-1,-1,-1,8,E01032400,0,-1