collision_index,collision_year,collision_ref_no,vehicle_reference,vehicle_type,towing_and_articulation,vehicle_manoeuvre_historic,vehicle_manoeuvre,vehicle_direction_from,vehicle_direction_to,vehicle_location_restricted_lane_historic,vehicle_location_restricted_lane,junction_location,skidding_and_overturning,hit_object_in_carriageway,vehicle_leaving_carriageway,hit_object_off_carriageway,first_point_of_impact,vehicle_left_hand_drive,journey_purpose_of_driver_historic,journey_purpose_of_driver,sex_of_driver,age_of_driver,age_band_of_driver,engine_capacity_cc,propulsion_code,age_of_vehicle,generic_make_model,driver_imd_decile,lsoa_of_driver,escooter_flag,driver_distance_banding
2023351284331,2023,351284331,1,9,0,9,9,2,6,0,0,8,0,0,0,0,2,1,6,6,3,-1,-1,-1,-1,-1,-1,-1,-1,0,-1
2023010447661,2023,010447661,2,22,0,18,19,5,1,0,0,2,0,0,0,0,2,1,6,6,1,57,9,-1,-1,-1,-1,5,E01003955,0,-1
2023221357986,2023,221357986,1,19,0,18,19,8,4,0,0,0,0,0,0,0,4,1,6,6,3,32,6,-1,-1,-1,-1,-1,-1,0,-1
2023010446776,2023,010446776,1,1,9,99,99,9,9,99,99,9,9,99,9,99,1,1,6,6,1,41,7,-1,-1,-1,-1,2,E01004409,0,-1
2023440141739,2023,440141739,2,1,0,18,19,4,8,0,0,1,0,0,0,0,3,1,6,6,1,58,9,-1,-1,-1,-1,-1,-1,0,-1
2023010471613,2023,010471613,2,9,0,7,7,4,5,0,0,8,0,0,0,0,0,1,6,6,3,-1,-1,-1,-1,-1,-1,-1,-1,0,-1
2023401300588,2023,401300588,1,9,0,18,19,-1,-1,0,0,0,0,0,0,0,1,1,6,6,3,-1,-1,-1,-1,-1,-1,-1,-1,0,-1
2023351369020,2023,351369020,3,-1,0,5,5,5,3,0,0,6,0,0,0,0,0,1,6,6,3,-1,-1,-1,-1,-1,-1,-1,-1,0,-1
2023231356752,2023,231356752,1,9,0,18,19,5,1,0,0,0,0,0,0,0,1,1,6,6,3,30,6,-1,-1,-1,-1,-1,-1,0,-1
2023421374757,2023,421374757,2,1,0,-1,-1,-1,-1,-1,-1,0,-1,-1,-1,0,-1,1,2,2,1,37,7,-1,-1,-1,-1,1,E01015895,0,-1
2023471292444,2023,471292444,1,10,0,18,19,3,7,0,0,0,0,0,0,0,4,1,6,6,1,-1,-1,-1,-1,-1,-1,-1,-1,0,-1
2023010420248,2023,010420248,2,1,0,18,19,1,5,0,0,6,2,0,0,0,1,1,6,6,1,60,9,-1,-1,-1,-1,5,E01002666,0,-1
2023010428910,2023,010428910,1,1,9,99,99,9,9,99,99,9,9,99,9,99,9,1,6,6,3,30,6,-1,-1,-1,-1,4,E01002699,0,-1
2023010451673,2023,010451673,2,1,0,14,14,3,7,0,0,2,0,0,0,0,3,1,6,6,2,48,8,-1,-1,-1,-1,8,E01003009,0,-1
2023481355198,2023,481355198,2,1,0,18,19,3,7,0,0,8,0,0,0,0,3,1,2,2,1,35,6,-1,-1,-1,-1,-1,-1,0,-1
2023010483694,2023,010483694,1,1,9,99,99,9,9,99,99,9,9,99,9,99,9,1,2,2,2,39,7,-1,-1,-1,-1,5,E01001852,0,-1
2023430449596,2023,430449596,2,4,0,18,19,3,7,0,0,1,0,0,0,0,3,1,2,2,1,53,8,-1,-1,-1,-1,5,E01028697,0,-1
2023501298897,2023,501298897,3,9,0,2,2,0,0,0,0,0,0,4,0,0,1,1,6,6,1,32,6,-1,-1,-1,-1,4,E01029309,0,-1
2023311373067,2023,311373067,2,19,0,8,8,5,1,0,0,3,0,0,0,0,4,1,6,6,3,27,6,-1,-1,-1,-1,-1,-1,0,-1
2023052302731,2023,052302731,2,1,0,18,19,5,1,0,0,8,0,0,0,0,4,1,6,6,1,34,6,-1,-1,-1,-1,8,E01018703,0,-1
2023010425145,2023,010425145,3,9,0,18,19,3,7,0,0,0,0,0,0,0,1,1,6,6,1,35,6,-1,-1,-1,-1,2,E01032772,0,-1
2023010435877,2023,010435877,2,1,0,9,9,5,3,0,0,6,0,0,0,0,4,1,6,6,1,50,8,-1,-1,-1,-1,3,E01003096,0,-1
2023131314676,2023,131314676,1,9,0,-1,-1,-1,-1,-1,-1,0,-1,-1,-1,-1,-1,1,6,6,3,-1,-1,-1,-1,-1,-1,-1,-1,0,-1
2023430582150,2023,430582150,1,9,0,18,19,8,4,0,0,1,0,0,0,0,3,1,6,6,2,-1,-1,-1,-1,-1,-1,-1,-1,0,-1
2023430273544,2023,430273544,1,3,0,13,13,1,5,0,0,8,0,0,0,0,1,1,6,6,1,19,4,-1,-1,-1,-1,10,E01016587,0,-1
2023430095995,2023,430095995,2,1,0,18,19,6,2,0,0,8,0,0,0,0,1,1,2,2,2,44,7,-1,-1,-1,-1,9,E01028463,0,-1
2023010474890,2023,010474890,2,3,0,18,19,5,1,0,0,1,0,0,0,0,4,1,1,1,1,29,6,-1,-1,-1,-1,4,E01001173,0,-1
2023461380192,2023,461380192,2,9,0,10,10,3,3,0,0,1,0,0,0,0,1,1,6,6,1,36,7,-1,-1,-1,-1,4,E01024296,0,-1
2023340WN1282,2023,340WN1282,1,9,0,18,19,2,3,0,0,2,0,0,0,0,1,1,6,6,3,-1,-1,-1,-1,-1,-1,-1,-1,0,-1
2023351394738,2023,351394738,1,9,0,12,12,6,3,0,0,8,0,0,0,0,1,1,6,6,1,61,9,-1,-1,-1,-1,4,E01020971,0,-1
2023031360526,2023,031360526,2,1,0,17,19,7,2,0,0,8,0,0,0,0,1,1,5,6,1,25,5,-1,-1,-1,-1,-1,-1,0,-1
2023010444932,2023,010444932,2,90,0,18,19,2,6,0,0,9,0,99,0,0,9,1,6,6,1,43,7,-1,-1,-1,-1,8,E01003777,0,-1
2023471294360,2023,471294360,1,9,0,18,19,5,1,0,0,1,0,0,0,0,1,1,5,6,1,46,8,-1,-1,-1,-1,10,E01031754,0,-1
2023430469921,2023,430469921,1,1,0,18,19,7,3,0,0,8,0,0,0,0,4,1,1,1,1,26,6,-1,-1,-1,-1,5,E01002446,0,-1
2023070883333,2023,070883333,1,9,0,18,19,4,7,0,0,0,0,0,0,0,1,1,6,6,3,-1,-1,-1,-1,-1,-1,-1,-1,0,-1
2023070865315,2023,070865315,1,4,0,13,13,3,7,0,0,0,0,7,1,0,4,1,6,6,1,20,4,-1,-1,-1,-1,7,E01018332,0,-1
2023471334044,2023,471334044,2,1,0,18,19,1,6,4,4,0,0,0,0,0,2,1,6,6,1,28,6,-1,-1,-1,-1,1,E01016947,0,-1
2023010440466,2023,010440466,1,9,0,99,99,9,9,99,99,9,9,99,9,99,1,9,6,6,3,-1,-1,-1,-1,-1,-1,-1,-1,0,-1
2023041276148,2023,041276148,2,9,0,18,19,5,1,0,0,1,0,0,0,0,1,1,2,2,1,34,6,-1,-1,-1,-1,3,E01025246,0,-1
2023010443370,2023,010443370,1,1,9,99,99,9,9,99,99,9,9,99,9,99,1,1,2,2,3,24,5,-1,-1,-1,-1,6,E01000942,0,-1
2023991370345,2023,991370345,2,1,0,18,19,6,2,0,0,3,0,0,0,0,1,1,5,6,2,46,8,-1,-1,-1,-1,-1,-1,0,-1
2023311367720,2023,311367720,3,9,0,18,19,6,2,0,0,0,0,0,0,0,1,1,1,1,1,43,7,-1,-1,-1,-1,5,E01019436,0,-1
2023010433347,2023,010433347,1,1,9,99,99,9,9,99,99,9,9,99,9,99,9,1,2,2,2,40,7,-1,-1,-1,-1,5,E01000505,0,-1
2023041392484,2023,041392484,1,9,0,9,9,6,1,0,0,0,0,0,0,0,1,1,5,6,2,19,4,-1,-1,-1,-1,6,E01024949,0,-1
2023311355373,2023,311355373,2,1,0,18,19,4,8,5,5,1,0,4,0,0,1,1,5,6,1,27,6,-1,-1,-1,-1,2,E01028275,0,-1
2023302300604,2023,302300604,1,9,0,4,4,4,8,0,0,2,0,0,0,0,1,1,6,6,3,-1,-1,-1,-1,-1,-1,5,E01019456,0,-1
2023401383437,2023,401383437,2,1,0,-1,-1,-1,-1,-1,-1,-1,-1,-1,-1,0,3,1,2,2,2,30,6,-1,-1,-1,-1,4,E01017535,0,-1
2023010454187,2023,010454187,1,1,0,18,19,7,3,0,0,6,0,0,0,0,3,1,6,6,1,15,3,-1,-1,-1,-1,2,E01004719,0,-1
2023010462468,2023,010462468,1,1,9,99,99,9,9,99,99,9,9,99,9,99,1,1,2,2,1,50,8,-1,-1,-1,-1,2,E01002856,0,-1
2023101359426,2023,101359426,2,1,0,18,19,5,1,0,0,8,0,0,0,0,3,1,4,7,1,18,4,-1,-1,-1,-1,10,E01008309,0,-1
2023101359839,2023,101359839,1,1,0,18,19,1,5,0,0,8,0,0,0,0,4,1,5,6,1,5,1,-1,-1,-1,-1,5,E01008265,0,-1
202360A134849,2023,60A134849,3,9,0,2,2,0,0,6,6,0,0,0,0,0,2,1,6,6,1,24,5,-1,-1,-1,-1,-1,-1,0,-1
2023052300109,2023,052300109,1,19,0,18,19,5,1,0,0,1,0,0,0,0,1,1,6,6,3,-1,-1,-1,-1,-1,-1,-1,-1,0,-1
2023122300513,2023,122300513,2,5,0,14,14,5,1,0,0,1,1,0,7,1,1,1,6,6,1,49,8,-1,-1,-1,-1,7,E01012176,0,-1
2023320761202,2023,320761202,2,2,0,18,19,8,3,0,0,8,5,0,0,0,1,1,6,6,1,30,6,-1,-1,-1,-1,-1,-1,0,-1
2023201279100,2023,201279100,1,9,0,7,7,4,6,0,0,6,0,0,0,0,1,1,6,6,1,39,7,-1,-1,-1,-1,7,E01009931,0,-1
2023010470548,2023,010470548,2,1,9,99,99,9,9,99,99,9,9,99,9,99,9,1,6,6,1,21,5,-1,-1,-1,-1,3,E01000535,0,-1
2023161374256,2023,161374256,2,1,0,18,19,7,3,0,0,8,0,0,0,0,1,1,6,6,1,60,9,-1,-1,-1,-1,7,E01033108,0,-1
2023522301075,2023,522301075,1,1,0,18,19,5,1,0,0,1,0,4,0,0,4,1,6,6,2,38,7,-1,-1,-1,-1,2,E01014601,0,-1
2023141265135,2023,141265135,2,9,0,-1,-1,-1,-1,-1,-1,0,-1,-1,-1,0,-1,1,6,6,3,-1,-1,-1,-1,-1,-1,-1,-1,0,-1
2023122300466,2023,122300466,1,9,0,12,12,2,6,0,0,0,0,0,0,0,3,1,6,6,3,-1,-1,-1,-1,-1,-1,-1,-1,0,-1
2023471355397,2023,471355397,1,1,0,17,19,5,3,0,0,0,0,0,0,0,4,1,5,6,2,55,8,-1,-1,-1,-1,10,E01022926,0,-1
2023010479569,2023,010479569,2,22,0,18,19,6,2,0,0,8,5,0,0,0,3,1,6,6,1,74,10,-1,-1,-1,-1,1,E01003047,0,-1
2023302300411,2023,302300411,1,1,0,10,10,3,1,0,0,1,0,0,0,0,2,1,6,6,1,-1,-1,-1,-1,-1,-1,7,E01013489,0,-1
2023501313700,2023,501313700,2,1,0,9,9,1,7,0,0,5,5,0,0,0,2,1,6,6,1,69,10,-1,-1,-1,-1,5,E01018976,0,-1
2023161352148,2023,161352148,1,9,0,18,19,1,5,0,0,1,0,0,0,0,1,1,6,6,3,-1,-1,-1,-1,-1,-1,-1,-1,0,-1
2023052300059,2023,052300059,1,9,0,18,19,1,5,0,0,0,0,0,0,0,1,1,6,6,3,-1,-1,-1,-1,-1,-1,-1,-1,0,-1
2023101357484,2023,101357484,2,1,0,5,5,5,5,5,5,0,0,0,0,0,0,1,2,2,2,45,7,-1,-1,-1,-1,3,E01008704,0,-1
2023461268026,2023,461268026,1,1,0,18,19,1,5,0,0,0,0,0,0,0,1,1,6,6,1,62,9,-1,-1,-1,-1,6,E01024568,0,-1
2023361333757,2023,361333757,2,22,0,18,19,2,6,0,0,0,2,0,0,0,1,1,5,6,1,90,11,-1,-1,-1,-1,4,E01026891,0,-1
2023010453447,2023,010453447,2,19,0,99,99,9,9,99,99,9,9,99,9,99,1,9,6,6,3,-1,-1,-1,-1,-1,-1,-1,-1,0,-1
2023122400166,2023,122400166,2,1,0,18,19,7,4,0,0,8,0,0,0,0,4,1,6,6,1,33,6,-1,-1,-1,-1,7,E01013364,0,-1
2023461333516,2023,461333516,1,21,0,12,12,7,3,0,0,0,0,0,0,0,1,1,1,1,1,48,8,-1,-1,-1,-1,-1,-1,0,-1
2023010484244,2023,010484244,1,1,9,99,99,9,9,99,99,9,9,99,9,99,1,1,6,6,3,-1,-1,-1,-1,-1,-1,-1,-1,0,-1
2023430178235,2023,430178235,1,3,0,16,19,5,8,0,0,0,0,0,0,0,1,1,2,2,1,17,4,-1,-1,-1,-1,-1,-1,0,-1
2023010423704,2023,010423704,2,1,0,5,5,1,5,0,0,1,0,0,0,0,3,1,2,2,1,49,8,-1,-1,-1,-1,3,E01003145,0,-1
2023201308253,2023,201308253,3,9,0,4,4,8,4,0,0,0,0,0,0,0,2,1,1,1,1,27,6,-1,-1,-1,-1,1,E01014113,0,-1
2023302301415,2023,302301415,3,1,0,18,19,6,2,0,0,0,1,0,0,0,1,1,6,6,1,60,9,-1,-1,-1,-1,6,E01013528,0,-1
2023421271693,2023,421271693,1,9,0,-1,-1,-1,-1,-1,-1,-1,-1,-1,-1,0,-1,1,6,6,3,-1,-1,-1,-1,-1,-1,-1,-1,0,-1
2023440194855,2023,440194855,2,1,0,18,19,1,5,0,0,1,0,0,0,0,1,1,6,6,1,26,6,-1,-1,-1,-1,2,E01017238,0,-1
2023522301052,2023,522301052,2,9,0,7,7,6,8,0,0,6,0,0,0,0,1,1,6,6,2,-1,-1,-1,-1,-1,-1,-1,-1,0,-1
2023201384342,2023,201384342,2,1,0,5,5,6,2,0,0,4,0,0,0,0,1,1,1,1,1,29,6,-1,-1,-1,-1,-1,-1,0,-1
2023361367473,2023,361367473,1,9,0,18,19,4,8,0,0,0,0,0,0,0,1,1,6,6,3,-1,-1,-1,-1,-1,-1,-1,-1,0,-1
2023010474623,2023,010474623,2,9,0,99,99,9,9,99,99,9,9,99,9,99,9,9,6,6,3,-1,-1,-1,-1,-1,-1,-1,-1,0,-1
2023340WN1232,2023,340WN1232,1,9,0,7,7,7,1,0,0,6,0,0,0,0,1,1,6,6,1,-1,-1,-1,-1,-1,-1,-1,-1,0,-1
2023320453420,2023,320453420,2,1,0,18,19,8,4,4,4,8,0,0,0,0,1,1,6,6,1,15,3,-1,-1,-1,-1,-1,-1,0,-1
2023991364392,2023,991364392,2,1,0,9,9,3,1,0,0,3,0,0,0,0,4,1,6,6,1,19,4,-1,-1,-1,-1,1,-1,0,-1
202360A044240,2023,60A044240,2,5,0,4,4,8,4,0,0,1,0,0,0,0,4,1,6,6,1,53,8,-1,-1,-1,-1,-1,-1,0,-1
2023430161085,2023,430161085,1,9,0,18,19,5,1,0,0,2,0,0,0,0,1,1,6,6,1,52,8,-1,-1,-1,-1,8,E01016774,0,-1
2023991334053,2023,991334053,2,9,0,5,5,2,6,0,0,0,0,0,0,0,1,1,1,1,1,34,6,-1,-1,-1,-1,7,-1,0,-1
2023131384546,2023,131384546,2,1,0,18,19,5,1,0,0,1,0,0,0,0,2,1,2,2,1,48,8,-1,-1,-1,-1,9,E01011296,0,-1
2023010471566,2023,010471566,2,-1,9,99,99,9,9,99,99,0,9,99,9,99,9,1,6,6,2,31,6,-1,-1,-1,-1,2,E01003598,1,-1
2023461357518,2023,461357518,1,9,0,18,19,8,4,0,0,0,0,0,0,0,1,1,6,6,1,22,5,-1,-1,-1,-1,6,E01024036,0,-1
2023161258742,2023,161258742,1,9,0,18,19,6,2,0,0,0,0,0,7,4,1,1,1,1,1,51,8,-1,-1,-1,-1,-1,-1,0,-1
2023411382316,2023,411382316,2,1,0,18,19,3,7,0,0,0,0,0,0,0,9,1,5,6,1,71,10,-1,-1,-1,-1,7,E01023589,0,-1
2023430508259,2023,430508259,2,1,0,8,8,7,1,0,0,1,0,0,0,0,2,1,6,6,2,69,10,-1,-1,-1,-1,10,E01028823,0,-1
2023201411022,2023,201411022,1,9,0,18,19,7,4,0,0,8,0,0,0,0,1,1,6,6,1,-1,-1,-1,-1,-1,-1,-1,-1,0,-1
2023201297960,2023,201297960,3,9,0,18,19,3,7,0,0,2,0,0,0,0,1,1,1,1,1,-1,-1,-1,-1,-1,-1,-1,-1,0,-1
2023010444129,2023,010444129,2,9,0,99,99,9,9,99,99,9,9,99,9,99,2,9,6,6,3,-1,-1,-1,-1,-1,-1,-1,-1,0,-1
2023010442020,2023,010442020,2,9,0,99,99,9,9,99,99,0,9,99,9,99,9,1,6,6,3,-1,-1,-1,-1,-1,-1,-1,-1,0,-1
2023131343639,2023,131343639,1,9,0,18,19,1,5,0,0,1,0,0,0,0,-1,1,6,6,3,-1,-1,-1,-1,-1,-1,-1,-1,0,-1
2023070840512,2023,070840512,2,1,0,4,4,7,2,0,0,1,0,0,0,0,3,1,2,2,2,48,8,-1,-1,-1,-1,3,E01018720,0,-1
2023522301639,2023,522301639,3,1,0,18,19,3,1,0,0,0,0,0,0,0,1,1,6,6,1,41,7,-1,-1,-1,-1,8,E01014672,0,-1
2023430095006,2023,430095006,2,19,0,18,19,7,3,0,0,0,0,0,0,0,1,1,2,2,1,33,6,-1,-1,-1,-1,-1,-1,0,-1
2023010454449,2023,010454449,1,1,0,18,19,4,8,0,0,2,0,0,1,0,1,1,6,6,1,21,5,-1,-1,-1,-1,5,E01002446,0,-1
2023520301691,2023,520301691,1,-1,0,18,19,5,1,9,9,0,0,0,0,0,1,1,6,6,3,-1,-1,-1,-1,-1,-1,-1,-1,1,-1
2023010478445,2023,010478445,1,1,9,99,99,9,9,99,99,9,9,99,9,99,9,1,2,2,1,34,6,-1,-1,-1,-1,2,E01001770,0,-1
2023131373249,2023,131373249,2,9,0,2,2,0,0,0,0,0,0,0,1,0,2,1,6,6,3,-1,-1,-1,-1,-1,-1,-1,-1,0,-1
2023070331331,2023,070331331,2,11,0,18,19,1,4,0,0,1,0,0,0,0,3,1,1,1,1,-1,-1,-1,-1,-1,-1,-1,-1,0,-1
2023070060810,2023,070060810,2,9,0,18,19,5,1,0,0,8,0,0,7,10,4,1,2,2,2,59,9,-1,-1,-1,-1,9,E01018650,0,-1
2023061348370,2023,061348370,2,1,0,18,19,5,1,0,0,1,0,0,0,0,1,1,6,6,1,28,6,-1,-1,-1,-1,1,E01005061,0,-1
2023070186111,2023,070186111,2,9,0,18,19,4,8,9,9,6,0,0,0,0,4,1,6,6,2,77,11,-1,-1,-1,-1,-1,-1,0,-1
2023010429781,2023,010429781,1,1,9,99,99,9,9,99,99,9,9,99,9,99,1,1,2,2,1,25,5,-1,-1,-1,-1,5,E01004616,0,-1
2023122301185,2023,122301185,2,1,0,18,19,3,7,0,0,8,0,0,0,0,2,1,6,6,2,24,5,-1,-1,-1,-1,8,E01033066,0,-1
2023070663111,2023,070663111,3,9,0,18,19,5,1,0,0,8,0,0,0,0,0,1,6,6,2,-1,-1,-1,-1,-1,-1,-1,-1,0,-1
2023010455200,2023,010455200,2,1,0,18,19,1,5,0,0,2,0,0,0,0,2,1,6,6,1,61,9,-1,-1,-1,-1,1,E01004244,0,-1
2023991296698,2023,991296698,1,1,0,18,19,1,5,0,0,0,0,0,0,0,0,1,5,6,1,64,9,-1,-1,-1,-1,10,-1,0,-1
2023010429992,2023,010429992,1,1,9,99,99,9,9,99,99,0,9,99,9,99,9,1,6,6,1,50,8,-1,-1,-1,-1,2,E01001931,0,-1
2023471307625,2023,471307625,3,98,-1,18,19,8,4,-1,-1,1,0,0,0,0,0,1,6,6,3,-1,-1,-1,-1,-1,-1,-1,-1,0,-1
2023522301105,2023,522301105,2,1,0,18,19,8,4,0,0,8,0,0,0,0,3,1,6,6,1,21,5,-1,-1,-1,-1,7,E01014554,0,-1
2023061352462,2023,061352462,1,9,0,18,19,1,1,0,0,0,0,0,0,0,1,1,6,6,3,30,6,-1,-1,-1,-1,-1,-1,0,-1
2023430142859,2023,430142859,1,19,0,18,19,8,4,0,0,0,0,0,0,0,1,1,6,6,3,-1,-1,-1,-1,-1,-1,-1,-1,0,-1
2023101318153,2023,101318153,1,9,-1,-1,-1,8,4,-1,-1,-1,-1,-1,-1,0,1,1,6,6,1,-1,-1,-1,-1,-1,-1,-1,-1,0,-1
2023440454788,2023,440454788,2,9,0,9,9,2,8,0,0,6,0,0,0,0,1,1,6,6,2,52,8,-1,-1,-1,-1,-1,-1,0,-1
2023211387943,2023,211387943,2,9,0,4,4,5,5,0,0,1,0,0,0,0,1,1,5,6,1,54,8,-1,-1,-1,-1,3,E01014341,0,-1
2023451261002,2023,451261002,1,9,0,18,19,7,3,0,0,0,1,0,5,0,1,1,6,6,2,24,5,-1,-1,-1,-1,3,E01016005,0,-1
2023010473609,2023,010473609,1,3,9,99,99,9,9,99,99,0,9,99,9,99,1,1,6,6,1,21,5,-1,-1,-1,-1,4,E01004495,0,-1
2023501356643,2023,501356643,1,9,0,9,9,4,2,0,0,1,0,0,0,0,1,1,6,6,1,77,11,-1,-1,-1,-1,7,E01020071,0,-1
2023549367523,2023,549367523,1,19,0,12,12,5,3,0,0,3,0,0,0,0,3,1,2,2,1,38,7,-1,-1,-1,-1,10,E01020717,0,-1
2023010459782,2023,010459782,2,9,0,16,19,4,8,0,0,0,0,0,0,0,1,1,6,6,3,-1,-1,-1,-1,-1,-1,-1,-1,0,-1
2023302300194,2023,302300194,1,9,0,9,9,8,6,9,9,0,0,0,0,0,1,1,6,6,3,-1,-1,-1,-1,-1,-1,5,E01019456,0,-1
2023010477015,2023,010477015,2,1,0,18,19,1,5,0,0,1,1,0,0,0,3,1,6,6,1,30,6,-1,-1,-1,-1,-1,-1,0,-1
2023430490262,2023,430490262,2,9,0,18,19,6,2,0,0,1,0,0,0,0,1,1,6,6,1,-1,-1,-1,-1,-1,-1,-1,-1,0,-1
2023010435378,2023,010435378,2,9,0,99,99,9,9,99,99,9,9,99,9,99,1,9,6,6,3,46,8,-1,-1,-1,-1,4,E01001241,0,-1
2023010429516,2023,010429516,1,1,9,99,99,9,9,99,99,9,9,99,9,99,1,1,1,1,1,41,7,-1,-1,-1,-1,2,E01004315,0,-1
2023461376468,2023,461376468,2,1,0,18,19,3,7,0,0,1,1,0,0,0,1,1,6,6,1,34,6,-1,-1,-1,-1,10,E01031737,0,-1
2023991267603,2023,991267603,2,1,0,18,19,7,3,0,0,8,5,0,0,0,2,1,5,6,1,54,8,-1,-1,-1,-1,6,-1,0,-1
2023010421040,2023,010421040,1,9,0,99,99,9,9,99,99,0,9,99,9,99,1,9,6,6,3,-1,-1,-1,-1,-1,-1,-1,-1,0,-1
2023552301408,2023,552301408,1,9,0,18,19,4,8,0,0,8,0,0,0,0,1,1,6,6,3,-1,-1,-1,-1,-1,-1,-1,-1,0,-1
2023052301075,2023,052301075,1,19,0,18,19,5,1,0,0,0,0,0,0,0,3,1,1,1,3,-1,-1,-1,-1,-1,-1,-1,-1,0,-1
2023041391506,2023,041391506,1,97,0,9,9,1,7,0,0,8,1,0,0,0,0,1,6,6,1,35,6,-1,-1,-1,-1,4,E01012731,0,-1
2023010426808,2023,010426808,1,9,0,10,10,5,2,0,0,5,0,0,0,0,2,1,6,6,1,47,8,-1,-1,-1,-1,8,E01015003,0,-1
202363B030023,2023,63B030023,1,9,0,18,19,2,6,0,0,0,0,0,2,10,4,1,6,6,1,48,8,-1,-1,-1,-1,-1,-1,0,-1
2023141298477,2023,141298477,2,98,0,18,19,3,7,0,0,1,0,0,0,0,3,1,6,6,3,-1,-1,-1,-1,-1,-1,-1,-1,0,-1
2023010460751,2023,010460751,2,9,0,99,99,9,9,0,0,8,0,0,0,0,2,9,6,6,3,-1,-1,-1,-1,-1,-1,-1,-1,0,-1
2023010470081,2023,010470081,2,1,0,18,19,1,5,0,0,1,0,0,0,0,1,1,6,6,1,60,9,-1,-1,-1,-1,3,E01003135,0,-1
2023631328388,2023,631328388,3,98,0,3,3,6,1,0,0,0,0,0,0,0,2,1,6,6,3,-1,-1,-1,-1,-1,-1,-1,-1,0,-1
2023471315070,2023,471315070,2,1,0,18,19,4,8,0,0,1,0,0,0,0,2,1,6,6,1,41,7,-1,-1,-1,-1,4,E01031608,0,-1
2023430249729,2023,430249729,2,1,0,18,19,8,4,0,0,8,0,0,0,0,1,1,6,6,1,67,10,-1,-1,-1,-1,9,E01017403,0,-1
2023411309879,2023,411309879,2,9,0,18,19,7,3,0,0,0,0,0,0,0,0,1,6,6,3,-1,-1,-1,-1,-1,-1,-1,-1,0,-1
2023421393891,2023,421393891,1,21,1,12,12,5,1,0,0,8,0,0,0,0,3,2,6,6,1,25,5,-1,-1,-1,-1,-1,-1,0,-1
2023544402423,2023,544402423,2,9,0,2,2,0,0,0,0,0,0,0,0,0,1,1,6,6,1,-1,-1,-1,-1,-1,-1,-1,-1,0,-1
2023010440536,2023,010440536,1,1,9,99,99,9,9,99,99,9,9,99,9,99,9,1,6,6,3,-1,-1,-1,-1,-1,-1,-1,-1,0,-1
2023461347818,2023,461347818,1,19,0,11,11,7,2,7,6,0,0,0,0,0,1,1,1,1,1,21,5,-1,-1,-1,-1,-1,-1,0,-1
2023101271088,2023,101271088,1,9,0,18,19,5,2,0,0,8,0,0,0,0,1,1,6,6,3,30,6,-1,-1,-1,-1,-1,-1,0,-1
2023522400942,2023,522400942,1,19,0,5,5,9,9,9,9,0,0,0,0,0,9,1,6,6,1,-1,-1,-1,-1,-1,-1,-1,-1,0,-1
2023131326970,2023,131326970,2,1,0,18,19,2,-1,0,0,1,0,0,0,0,1,1,2,2,1,39,7,-1,-1,-1,-1,8,E01011277,0,-1
2023010460939,2023,010460939,1,97,0,18,19,5,1,0,0,1,0,0,0,0,1,1,6,6,3,-1,-1,-1,-1,-1,-1,-1,-1,0,-1
2023361353564,2023,361353564,2,9,0,18,19,7,4,0,0,1,0,0,0,0,1,1,5,6,2,60,9,-1,-1,-1,-1,4,E01026776,0,-1
2023010440955,2023,010440955,2,9,0,99,99,9,9,99,99,9,9,99,9,99,9,9,6,6,3,-1,-1,-1,-1,-1,-1,-1,-1,0,-1
2023061358791,2023,061358791,2,22,-1,-1,-1,-1,-1,-1,-1,0,-1,-1,-1,0,-1,1,6,6,1,44,7,-1,-1,-1,-1,4,E01005866,0,-1
2023320577531,2023,320577531,1,9,0,18,19,3,7,0,0,1,0,0,0,0,4,1,6,6,3,-1,-1,-1,-1,-1,-1,-1,-1,0,-1
2023501330631,2023,501330631,2,9,0,18,19,8,7,0,0,0,0,0,0,0,3,2,5,6,2,56,9,-1,-1,-1,-1,8,E01020120,0,-1
2023031275219,2023,031275219,1,1,-1,-1,-1,-1,-1,-1,-1,0,-1,-1,-1,0,-1,1,6,6,3,-1,-1,-1,-1,-1,-1,-1,-1,0,-1
2023201385481,2023,201385481,1,22,0,16,19,1,5,0,0,8,0,0,0,0,1,1,5,6,1,81,11,-1,-1,-1,-1,6,E01010380,0,-1
2023421364669,2023,421364669,2,1,0,18,19,3,1,0,0,0,5,0,1,0,2,1,6,6,2,50,8,-1,-1,-1,-1,-1,-1,0,-1
2023061366549,2023,061366549,2,-1,0,18,19,8,3,0,0,1,0,0,0,0,4,1,6,6,2,20,4,-1,-1,-1,-1,1,E01005658,1,-1
2023211302228,2023,211302228,1,9,0,18,19,3,7,0,0,0,0,0,0,0,0,1,6,6,3,-1,-1,-1,-1,-1,-1,-1,-1,0,-1
2023622400033,2023,622400033,2,97,0,18,19,8,4,0,0,0,0,0,0,0,1,1,6,6,3,-1,-1,-1,-1,-1,-1,-1,-1,0,-1
2023461351477,2023,461351477,1,9,0,18,19,0,0,0,0,8,0,0,0,0,1,1,6,6,3,-1,-1,-1,-1,-1,-1,-1,-1,0,-1
2023052301001,2023,052301001,2,1,0,18,19,7,3,0,0,0,0,0,0,0,3,1,6,6,2,23,5,-1,-1,-1,-1,1,E01006759,0,-1
2023522400987,2023,522400987,2,1,0,17,19,4,1,0,0,8,0,0,0,0,1,1,6,6,2,37,7,-1,-1,-1,-1,8,E01014553,0,-1
2023010429587,2023,010429587,2,9,9,99,99,9,9,99,99,9,9,99,9,99,9,9,6,6,3,-1,-1,-1,-1,-1,-1,-1,-1,0,-1
2023010457004,2023,010457004,2,1,0,18,19,7,3,0,0,6,0,0,0,0,3,1,6,6,1,71,10,-1,-1,-1,-1,9,E01003423,0,-1
2023070898867,2023,070898867,1,9,0,18,19,3,7,0,0,0,0,0,0,0,1,1,6,6,1,-1,-1,-1,-1,-1,-1,-1,-1,0,-1
2023332301102,2023,332301102,2,90,0,4,4,7,3,0,0,0,1,0,0,0,0,1,6,6,2,48,8,-1,-1,-1,-1,8,E01025745,0,-1
2023010447237,2023,010447237,2,1,0,18,19,3,7,0,0,1,0,0,0,0,0,1,2,2,2,63,9,-1,-1,-1,-1,9,E01030568,0,-1