collision_index,collision_year,collision_ref_no,vehicle_reference,vehicle_type,towing_and_articulation,vehicle_manoeuvre_historic,vehicle_manoeuvre,vehicle_direction_from,vehicle_direction_to,vehicle_location_restricted_lane_historic,vehicle_location_restricted_lane,junction_location,skidding_and_overturning,hit_object_in_carriageway,vehicle_leaving_carriageway,hit_object_off_carriageway,first_point_of_impact,vehicle_left_hand_drive,journey_purpose_of_driver_historic,journey_purpose_of_driver,sex_of_driver,age_of_driver,age_band_of_driver,engine_capacity_cc,propulsion_code,age_of_vehicle,generic_make_model,driver_imd_decile,lsoa_of_driver,escooter_flag,driver_distance_banding
2023052300543,2023,052300543,1,9,0,18,19,1,5,0,0,1,0,0,0,0,1,1,6,6,3,-1,-1,-1,-1,-1,-1,-1,-1,0,-1
2023010422948,2023,010422948,2,1,0,7,7,7,1,0,0,1,0,0,0,0,3,1,1,1,1,45,7,-1,-1,-1,-1,3,E01004303,0,-1
2023010476380,2023,010476380,3,9,0,99,99,9,9,99,99,0,9,99,9,99,1,9,6,6,3,-1,-1,-1,-1,-1,-1,6,E01002541,0,-1
2023552300704,2023,552300704,2,1,0,9,9,5,3,0,0,6,0,0,0,0,3,1,6,6,2,45,7,-1,-1,-1,-1,8,E01015378,0,-1
2023440445694,2023,440445694,2,19,0,18,19,6,2,0,0,0,0,0,0,0,2,1,2,2,1,45,7,-1,-1,-1,-1,9,E01017252,0,-1
2023211316868,2023,211316868,2,9,0,18,19,6,3,0,0,0,1,0,0,0,3,1,5,6,1,29,6,-1,-1,-1,-1,5,E01009779,0,-1
2023131340729,2023,131340729,1,9,0,18,19,1,5,0,0,0,0,0,0,0,1,1,6,6,3,-1,-1,-1,-1,-1,-1,-1,-1,0,-1
2023461348595,2023,461348595,2,1,0,18,19,7,3,0,0,2,0,0,0,0,1,1,6,6,1,5,1,-1,-1,-1,-1,5,E01032654,0,-1
2023531319891,2023,531319891,2,98,0,18,19,1,5,0,0,0,0,0,0,0,2,1,1,1,1,69,10,-1,-1,-1,-1,8,E01031894,0,-1
202363A032223,2023,63A032223,2,19,0,2,2,0,0,0,0,0,0,0,0,0,2,1,1,1,2,73,10,-1,-1,-1,-1,-1,-1,0,-1
2023111317986,2023,111317986,1,9,0,18,19,4,1,0,0,8,1,0,0,0,2,1,6,6,3,30,6,-1,-1,-1,-1,-1,-1,0,-1
2023430440257,2023,430440257,1,5,0,18,19,8,4,0,0,0,0,12,0,0,1,1,4,7,1,37,7,-1,-1,-1,-1,10,E01016618,0,-1
2023440494112,2023,440494112,1,1,0,15,15,6,2,5,5,0,0,4,0,0,1,1,2,2,1,57,9,-1,-1,-1,-1,10,E01022663,0,-1
2023211380821,2023,211380821,1,1,0,18,19,3,7,0,0,8,0,0,0,0,1,1,6,6,1,20,4,-1,-1,-1,-1,8,E01029736,0,-1
2023010452811,2023,010452811,1,9,0,18,19,6,2,0,0,1,0,0,0,0,1,1,6,6,3,-1,-1,-1,-1,-1,-1,-1,-1,0,-1
2023052302661,2023,052302661,1,97,0,18,19,5,1,0,0,1,0,0,0,0,1,1,6,6,3,-1,-1,-1,-1,-1,-1,-1,-1,0,-1
2023010461163,2023,010461163,2,9,0,99,99,9,9,99,99,9,9,99,9,99,1,9,6,6,3,-1,-1,-1,-1,-1,-1,-1,-1,0,-1
2023010453777,2023,010453777,2,9,0,99,99,9,9,99,99,9,9,99,9,99,9,9,6,6,3,-1,-1,-1,-1,-1,-1,-1,-1,0,-1
2023010449393,2023,010449393,2,1,0,18,19,7,3,4,4,1,0,0,0,0,1,1,6,6,1,45,7,-1,-1,-1,-1,9,E01001584,0,-1
2023311319598,2023,311319598,1,19,0,18,19,3,7,0,0,6,0,0,0,0,4,1,5,6,1,66,10,-1,-1,-1,-1,6,E01028160,0,-1
2023010464267,2023,010464267,2,1,0,18,19,5,1,0,0,0,0,4,0,0,2,1,2,2,1,32,6,-1,-1,-1,-1,6,E01001990,0,-1
2023010423901,2023,010423901,2,9,0,4,4,7,3,0,0,1,1,0,0,0,1,1,6,6,1,40,7,-1,-1,-1,-1,4,E01003053,0,-1
2023461356283,2023,461356283,2,1,0,8,8,0,0,0,0,8,0,0,0,0,1,1,6,6,1,54,8,-1,-1,-1,-1,6,E01024700,0,-1
2023061326088,2023,061326088,2,1,0,18,19,3,7,0,0,3,0,0,0,0,1,1,6,6,1,31,6,-1,-1,-1,-1,8,E01004918,0,-1
2023430490310,2023,430490310,1,1,0,18,19,1,5,0,0,8,0,0,0,0,4,1,2,2,1,34,6,-1,-1,-1,-1,3,E01016377,0,-1
2023061370457,2023,061370457,1,9,0,18,19,1,5,0,0,0,0,0,0,0,0,1,6,6,1,-1,-1,-1,-1,-1,-1,-1,-1,0,-1
2023461333997,2023,461333997,1,9,0,18,19,3,7,0,0,0,0,0,0,0,1,1,6,6,1,35,6,-1,-1,-1,-1,5,E01002529,0,-1
2023421359217,2023,421359217,1,9,0,3,3,1,5,0,0,1,0,0,0,0,1,1,6,6,2,-1,-1,-1,-1,-1,-1,-1,-1,0,-1
2023010455147,2023,010455147,2,9,0,7,7,4,6,0,0,5,0,0,0,0,4,1,6,6,3,-1,-1,-1,-1,-1,-1,-1,-1,0,-1
2023471356230,2023,471356230,2,1,0,18,19,5,1,0,0,1,0,0,0,0,1,1,2,2,2,35,6,-1,-1,-1,-1,6,E01031784,0,-1
2023411315331,2023,411315331,1,9,0,5,5,1,3,0,0,3,0,0,0,0,3,1,1,1,2,54,8,-1,-1,-1,-1,8,E01023907,0,-1
2023131348580,2023,131348580,1,1,0,18,19,5,5,0,0,8,0,0,0,0,4,1,1,1,1,37,7,-1,-1,-1,-1,1,E01011349,0,-1
2023332300369,2023,332300369,2,1,0,18,19,5,1,0,0,1,0,0,0,0,1,1,6,6,1,19,4,-1,-1,-1,-1,4,E01025666,0,-1
2023991294819,2023,991294819,1,1,0,9,9,7,4,0,0,1,0,0,0,0,1,1,6,6,1,79,11,-1,-1,-1,-1,6,-1,0,-1
2023531327603,2023,531327603,1,1,0,18,19,7,3,0,0,1,0,0,0,0,0,1,6,6,1,44,7,-1,-1,-1,-1,4,E01022365,0,-1
2023501344413,2023,501344413,1,9,-1,1,1,2,6,-1,-1,0,-1,0,-1,0,2,1,5,6,2,60,9,-1,-1,-1,-1,6,E01020223,0,-1
2023461308192,2023,461308192,1,90,0,18,19,3,7,0,0,0,1,0,7,0,1,1,6,6,1,23,5,-1,-1,-1,-1,1,E01016023,0,-1
2023052302503,2023,052302503,1,9,0,6,6,4,4,0,0,0,0,0,0,0,3,1,6,6,3,-1,-1,-1,-1,-1,-1,-1,-1,0,-1
2023041388846,2023,041388846,1,90,0,18,19,7,3,0,0,0,0,0,0,0,-1,1,6,6,3,-1,-1,-1,-1,-1,-1,-1,-1,0,-1
2023061277119,2023,061277119,1,9,-1,18,19,1,5,0,0,8,0,0,0,0,-1,1,6,6,3,-1,-1,-1,-1,-1,-1,-1,-1,0,-1
2023010444977,2023,010444977,1,1,9,99,99,9,9,99,99,9,9,99,9,99,1,1,2,2,1,37,7,-1,-1,-1,-1,4,E01003166,0,-1
2023522400087,2023,522400087,1,23,0,18,19,3,7,0,0,8,0,0,0,0,1,1,6,6,1,20,4,-1,-1,-1,-1,5,E01014973,0,-1
2023101306366,2023,101306366,2,1,0,7,7,1,3,0,0,8,0,0,0,0,3,1,2,2,2,44,7,-1,-1,-1,-1,2,E01008867,0,-1
2023552300368,2023,552300368,2,1,0,18,19,6,2,4,4,0,0,0,1,10,1,1,4,7,1,15,3,-1,-1,-1,-1,8,E01015314,0,-1
2023501365387,2023,501365387,2,1,0,9,9,3,2,0,0,8,0,0,0,0,1,1,6,6,2,55,8,-1,-1,-1,-1,7,E01020219,0,-1
2023010425585,2023,010425585,1,1,9,99,99,9,9,99,99,9,9,99,9,99,2,1,6,6,1,59,9,-1,-1,-1,-1,-1,-1,0,-1
2023010471322,2023,010471322,1,1,9,99,99,9,9,99,99,9,9,99,9,99,1,1,2,2,1,41,7,-1,-1,-1,-1,3,E01002526,0,-1
2023010435110,2023,010435110,1,1,0,16,19,1,5,9,9,0,2,0,0,0,0,1,6,6,1,56,9,-1,-1,-1,-1,3,E01004030,0,-1
2023221388306,2023,221388306,2,1,0,4,4,1,7,0,0,8,0,0,0,0,3,1,6,6,1,41,7,-1,-1,-1,-1,5,E01032454,0,-1
2023122301023,2023,122301023,2,9,4,18,19,3,7,0,0,8,0,0,0,0,1,1,6,6,1,41,7,-1,-1,-1,-1,8,E01027666,0,-1
2023371296901,2023,371296901,1,9,0,18,19,5,3,0,0,1,0,0,0,0,1,1,6,6,3,-1,-1,-1,-1,-1,-1,-1,-1,0,-1
2023221333120,2023,221333120,1,1,0,18,19,5,1,0,0,0,0,0,0,0,2,1,5,6,1,35,6,-1,-1,-1,-1,9,E01028916,0,-1
2023471298568,2023,471298568,2,1,0,18,19,2,6,0,0,0,0,0,0,0,1,1,2,2,1,55,8,-1,-1,-1,-1,5,E01031771,0,-1
2023361317911,2023,361317911,1,23,0,5,5,1,5,0,0,8,0,0,0,0,3,1,1,1,1,27,6,-1,-1,-1,-1,2,E01026425,0,-1
2023010474966,2023,010474966,1,9,0,5,5,8,4,0,0,8,0,0,0,0,1,1,6,6,3,-1,-1,-1,-1,-1,-1,-1,-1,0,-1
202360A158385,2023,60A158385,3,9,0,16,19,3,7,0,0,0,0,0,0,0,3,1,6,6,1,57,9,-1,-1,-1,-1,-1,-1,0,-1
2023221341449,2023,221341449,2,1,0,18,19,4,8,0,0,8,0,0,0,0,1,1,6,6,1,66,10,-1,-1,-1,-1,5,E01029013,0,-1
2023041260431,2023,041260431,1,90,0,18,19,1,1,9,9,1,0,4,0,0,1,1,6,6,1,15,3,-1,-1,-1,-1,5,E01012633,0,-1
2023111316168,2023,111316168,1,9,0,18,19,5,1,0,0,0,0,0,0,0,1,1,6,6,3,30,6,-1,-1,-1,-1,-1,-1,0,-1
2023332300299,2023,332300299,2,1,0,18,19,1,5,0,0,0,0,0,0,0,1,1,6,6,1,41,7,-1,-1,-1,-1,-1,-1,0,-1
2023010449363,2023,010449363,1,9,9,99,99,9,9,99,99,9,9,99,9,99,9,9,6,6,3,-1,-1,-1,-1,-1,-1,-1,-1,0,-1
2023501272580,2023,501272580,3,9,0,18,19,4,8,0,0,0,0,4,0,0,1,1,5,6,2,45,7,-1,-1,-1,-1,7,E01018787,0,-1
2023311358010,2023,311358010,1,9,0,5,5,1,5,0,0,6,0,0,0,0,1,1,6,6,1,57,9,-1,-1,-1,-1,9,E01033393,0,-1
2023101260085,2023,101260085,1,-1,0,18,19,1,5,0,0,8,2,0,0,0,4,1,6,6,1,55,8,-1,-1,-1,-1,-1,-1,0,-1
2023201321517,2023,201321517,1,9,0,17,19,7,4,0,0,8,0,0,0,0,1,1,6,6,1,-1,-1,-1,-1,-1,-1,-1,-1,0,-1
2023461284781,2023,461284781,2,9,0,18,19,3,7,0,0,1,0,0,0,0,4,1,6,6,1,23,5,-1,-1,-1,-1,10,E01024418,0,-1
2023440444302,2023,440444302,1,1,0,18,19,7,3,0,0,0,0,0,0,0,3,1,2,2,1,50,8,-1,-1,-1,-1,1,E01032755,0,-1
2023010456355,2023,010456355,2,5,0,10,10,3,8,0,0,2,0,0,0,0,2,1,6,6,1,77,11,-1,-1,-1,-1,-1,-1,0,-1
2023010446571,2023,010446571,2,1,0,18,19,3,7,4,4,1,0,0,0,0,1,1,2,2,1,36,7,-1,-1,-1,-1,3,E01004446,0,-1
2023430452314,2023,430452314,2,97,0,18,19,8,4,0,0,8,0,0,0,0,4,1,6,6,3,-1,-1,-1,-1,-1,-1,-1,-1,0,-1
2023010466482,2023,010466482,1,9,0,5,5,3,7,0,0,1,0,0,0,0,1,1,6,6,1,-1,-1,-1,-1,-1,-1,-1,-1,0,-1
2023471381004,2023,471381004,1,1,0,18,19,1,4,0,0,0,1,0,1,3,1,1,5,6,1,22,5,-1,-1,-1,-1,3,E01016907,0,-1
2023430025323,2023,430025323,3,9,0,9,9,6,5,0,0,6,0,0,0,0,0,1,6,6,1,-1,-1,-1,-1,-1,-1,-1,-1,0,-1
202360A027288,2023,60A027288,1,9,0,14,14,7,3,0,0,2,0,0,0,0,1,1,6,6,1,24,5,-1,-1,-1,-1,-1,-1,0,-1
2023461335754,2023,461335754,2,1,0,18,19,1,0,0,0,0,0,0,0,0,1,1,6,6,1,-1,-1,-1,-1,-1,-1,-1,-1,0,-1
2023141302484,2023,141302484,2,1,0,18,19,1,6,0,0,4,0,0,0,0,1,1,6,6,1,68,10,-1,-1,-1,-1,9,E01007890,0,-1
2023010427402,2023,010427402,2,1,0,18,19,3,7,0,0,1,5,0,0,0,1,1,6,6,1,24,5,-1,-1,-1,-1,1,E01001013,0,-1
2023010460068,2023,010460068,2,1,0,18,19,2,6,4,4,1,1,0,1,0,1,1,2,2,2,26,6,-1,-1,-1,-1,6,E01004481,0,-1
2023991262306,2023,991262306,1,97,0,18,19,2,6,0,0,0,0,0,0,0,1,1,6,6,3,40,7,-1,-1,-1,-1,-1,-1,0,-1
2023622300948,2023,622300948,2,-1,0,18,19,4,8,0,0,1,0,0,0,0,1,1,6,6,2,10,2,-1,-1,-1,-1,1,W01001807,1,-1
2023440231690,2023,440231690,2,9,0,18,19,8,4,0,0,8,0,0,0,0,4,1,6,6,1,20,4,-1,-1,-1,-1,9,E01023134,0,-1
2023622300600,2023,622300600,5,9,0,2,2,0,0,0,0,0,0,0,0,0,3,1,6,6,3,-1,-1,-1,-1,-1,-1,-1,-1,0,-1
2023052301458,2023,052301458,1,1,0,18,19,5,1,0,0,0,0,0,0,0,4,1,6,6,1,58,9,-1,-1,-1,-1,3,E01007240,0,-1
2023351314083,2023,351314083,1,9,0,9,9,7,3,0,0,4,0,0,0,0,1,1,5,6,1,17,4,-1,-1,-1,-1,6,E01018156,0,-1
2023211369919,2023,211369919,1,9,0,5,5,3,7,0,0,6,0,0,0,0,1,1,5,6,2,35,6,-1,-1,-1,-1,8,E01010487,0,-1
2023010422199,2023,010422199,2,9,0,2,2,0,0,9,9,0,0,4,0,0,4,1,6,6,3,-1,-1,-1,-1,-1,-1,-1,-1,0,-1
2023101281189,2023,101281189,2,1,0,18,19,2,6,0,0,8,0,0,0,0,1,1,5,6,1,52,8,-1,-1,-1,-1,8,E01008527,0,-1
2023440413864,2023,440413864,1,1,0,18,19,1,5,0,0,8,0,0,0,0,3,1,6,6,1,17,4,-1,-1,-1,-1,1,E01017036,0,-1
2023430030825,2023,430030825,1,9,0,18,19,4,8,0,0,7,5,0,7,10,1,1,6,6,1,18,4,-1,-1,-1,-1,-1,-1,0,-1
2023201276516,2023,201276516,1,9,0,18,19,5,1,0,0,0,0,0,0,0,1,1,6,6,3,-1,-1,-1,-1,-1,-1,-1,-1,0,-1
2023010458378,2023,010458378,3,3,0,18,19,8,4,0,0,8,5,0,0,0,2,1,6,6,1,50,8,-1,-1,-1,-1,7,E01000236,0,-1
2023010469210,2023,010469210,1,1,0,18,19,8,4,2,2,1,5,4,1,0,1,1,6,6,2,54,8,-1,-1,-1,-1,2,E01033327,0,-1
2023010446776,2023,010446776,2,9,0,99,99,9,9,99,99,9,9,99,9,99,9,9,6,6,3,-1,-1,-1,-1,-1,-1,-1,-1,0,-1
2023010467966,2023,010467966,2,97,0,99,99,9,9,99,99,9,9,99,9,99,9,9,6,6,3,-1,-1,-1,-1,-1,-1,-1,-1,0,-1
2023991317993,2023,991317993,2,1,0,18,19,8,4,0,0,0,0,0,0,0,1,1,6,6,1,42,7,-1,-1,-1,-1,-1,-1,0,-1
2023531265418,2023,531265418,2,1,0,18,19,7,3,0,0,1,0,0,0,0,1,1,6,6,2,40,7,-1,-1,-1,-1,9,E01022107,0,-1
2023430486138,2023,430486138,1,9,0,18,19,2,6,0,0,0,0,0,0,0,1,1,6,6,2,20,4,-1,-1,-1,-1,-1,-1,0,-1
2023061359600,2023,061359600,2,1,0,5,5,3,7,0,0,2,0,0,0,0,3,1,6,6,1,52,8,-1,-1,-1,-1,1,E01005261,0,-1
2023010475552,2023,010475552,2,9,0,99,99,9,9,99,99,9,9,99,9,99,9,9,6,6,3,-1,-1,-1,-1,-1,-1,-1,-1,0,-1
2023421357145,2023,421357145,2,1,0,18,19,1,5,0,0,4,0,0,0,0,3,1,5,6,1,51,8,-1,-1,-1,-1,8,E01021510,0,-1
2023010483451,2023,010483451,1,98,0,99,99,9,9,99,99,9,9,99,9,99,1,9,6,6,3,-1,-1,-1,-1,-1,-1,-1,-1,0,-1
2023010451714,2023,010451714,2,9,0,99,99,9,9,99,99,9,9,99,9,99,9,9,6,6,1,22,5,-1,-1,-1,-1,9,E01000670,0,-1
2023340WN0192,2023,340WN0192,1,19,0,18,19,2,6,0,0,0,0,0,0,0,1,1,6,6,1,-1,-1,-1,-1,-1,-1,-1,-1,0,-1
2023010450810,2023,010450810,1,3,0,18,19,1,5,0,0,0,0,0,0,0,3,1,6,6,3,-1,-1,-1,-1,-1,-1,-1,-1,0,-1
2023531275614,2023,531275614,2,1,0,18,19,4,8,0,0,3,2,0,0,0,4,1,1,1,2,27,6,-1,-1,-1,-1,-1,-1,0,-1
2023031308628,2023,031308628,2,9,0,2,2,0,0,0,0,0,0,0,1,0,3,1,6,6,1,40,7,-1,-1,-1,-1,10,E01019244,0,-1
2023201377370,2023,201377370,2,1,0,18,19,7,3,0,0,8,0,0,0,0,1,1,6,6,1,18,4,-1,-1,-1,-1,1,E01008899,0,-1
2023101374065,2023,101374065,2,1,0,18,19,7,3,0,0,8,5,0,0,0,3,1,6,6,1,40,7,-1,-1,-1,-1,5,E01033556,0,-1
2023010448181,2023,010448181,1,4,0,99,99,9,9,99,99,9,9,99,9,99,9,1,1,1,1,42,7,-1,-1,-1,-1,2,E01004224,0,-1
2023131305961,2023,131305961,1,-1,0,-1,-1,-1,-1,-1,-1,0,-1,-1,-1,0,-1,1,6,6,3,-1,-1,-1,-1,-1,-1,-1,-1,1,-1
2023461344942,2023,461344942,1,9,0,11,11,4,8,0,0,0,0,0,0,0,2,1,1,1,1,34,6,-1,-1,-1,-1,5,E01024356,0,-1
2023070692967,2023,070692967,2,1,0,18,19,4,8,0,0,0,0,0,0,0,3,1,6,6,1,47,8,-1,-1,-1,-1,5,E01018501,0,-1
2023010453897,2023,010453897,2,1,0,4,4,5,1,0,0,1,0,0,0,0,1,1,2,2,1,42,7,-1,-1,-1,-1,6,E01004608,0,-1
2023461267585,2023,461267585,1,9,0,18,19,8,4,0,0,1,0,0,0,0,1,1,6,6,3,-1,-1,-1,-1,-1,-1,-1,-1,0,-1
2023010467919,2023,010467919,2,9,0,18,19,3,7,0,0,1,0,0,0,0,1,1,6,6,3,-1,-1,-1,-1,-1,-1,-1,-1,0,-1
2023052300655,2023,052300655,1,9,0,5,5,1,5,0,0,0,0,0,0,0,1,1,6,6,1,-1,-1,-1,-1,-1,-1,-1,-1,0,-1
2023361374257,2023,361374257,1,19,0,18,19,3,7,0,0,0,0,0,0,0,-1,1,6,6,3,-1,-1,-1,-1,-1,-1,-1,-1,0,-1
2023010438714,2023,010438714,1,1,9,99,99,9,9,99,99,9,9,99,9,99,9,1,6,6,1,24,5,-1,-1,-1,-1,2,E01004306,0,-1
2023311388440,2023,311388440,2,1,0,18,19,7,3,0,0,1,0,0,0,0,1,1,6,6,1,16,4,-1,-1,-1,-1,-1,-1,0,-1
2023010419302,2023,010419302,1,9,0,18,19,4,8,0,0,2,0,0,0,0,1,1,6,6,3,-1,-1,-1,-1,-1,-1,-1,-1,0,-1
2023061321406,2023,061321406,2,1,0,3,3,1,5,4,4,0,0,0,0,0,1,1,2,2,2,32,6,-1,-1,-1,-1,1,E01005272,0,-1
2023010472807,2023,010472807,2,1,0,4,4,1,5,0,0,5,0,4,0,0,1,1,1,1,1,43,7,-1,-1,-1,-1,3,E01004676,0,-1
2023311389875,2023,311389875,1,9,0,18,19,4,7,0,0,0,0,0,0,0,2,1,2,2,1,36,7,-1,-1,-1,-1,9,E01028332,0,-1
2023440205350,2023,440205350,1,1,0,10,10,8,6,0,0,1,0,0,0,0,3,1,6,6,1,27,6,-1,-1,-1,-1,6,E01017138,0,-1
2023010480732,2023,010480732,2,90,0,99,99,9,9,99,99,9,9,99,9,99,9,9,6,6,3,23,5,-1,-1,-1,-1,2,E01000097,0,-1
2023552301469,2023,552301469,2,1,0,18,19,4,8,0,0,0,0,0,0,0,1,1,6,6,1,56,9,-1,-1,-1,-1,2,E01015341,0,-1
2023141311194,2023,141311194,2,1,0,18,19,8,8,0,0,8,1,0,0,0,2,1,6,6,1,57,9,-1,-1,-1,-1,5,E01019791,0,-1
2023302301269,2023,302301269,1,9,0,18,19,6,2,0,0,2,0,0,3,0,1,1,1,1,1,26,6,-1,-1,-1,-1,2,E01029445,0,-1
2023430178265,2023,430178265,2,9,0,13,13,2,8,0,0,8,0,0,0,0,1,1,1,1,1,25,5,-1,-1,-1,-1,6,E01017858,0,-1
2023010457742,2023,010457742,2,1,0,18,19,8,4,4,4,1,0,0,0,0,1,1,1,1,1,57,9,-1,-1,-1,-1,8,E01000394,0,-1
2023201328921,2023,201328921,1,98,0,18,19,8,4,0,0,1,0,0,0,0,1,1,6,6,1,-1,-1,-1,-1,-1,-1,-1,-1,0,-1
2023052301281,2023,052301281,2,1,0,18,19,1,5,0,0,1,0,0,0,0,3,1,6,6,1,20,4,-1,-1,-1,-1,5,E01006268,0,-1
2023991436259,2023,991436259,2,9,0,9,9,3,1,0,0,5,1,0,7,0,2,1,5,6,2,59,9,-1,-1,-1,-1,-1,-1,0,-1
2023010455056,2023,010455056,2,9,0,99,99,9,9,99,99,0,9,99,9,99,9,9,6,6,1,64,9,-1,-1,-1,-1,3,E01004350,0,-1
2023010456004,2023,010456004,2,9,9,99,99,9,9,99,99,9,9,99,9,99,9,9,6,6,3,-1,-1,-1,-1,-1,-1,-1,-1,0,-1
2023221259909,2023,221259909,2,1,0,18,19,2,6,0,0,8,0,0,0,0,1,1,5,6,1,35,6,-1,-1,-1,-1,1,E01014110,0,-1
2023101326350,2023,101326350,1,90,-1,9,9,3,1,0,0,1,0,0,0,0,-1,1,1,1,3,-1,-1,-1,-1,-1,-1,-1,-1,0,-1
2023131366802,2023,131366802,1,1,0,-1,-1,-1,-1,-1,-1,-1,-1,-1,-1,-1,-1,1,6,6,3,-1,-1,-1,-1,-1,-1,-1,-1,0,-1
2023010442501,2023,010442501,1,1,9,99,99,9,9,99,99,9,9,99,9,99,9,1,2,2,1,34,6,-1,-1,-1,-1,3,E01003135,0,-1
2023052302229,2023,052302229,1,1,0,18,19,7,3,0,0,1,0,0,0,0,1,1,6,6,1,15,3,-1,-1,-1,-1,1,E01007295,0,-1
2023371273338,2023,371273338,1,98,1,18,19,1,5,0,0,2,0,0,0,0,3,1,1,1,1,63,9,-1,-1,-1,-1,4,E01030270,0,-1
2023131259244,2023,131259244,1,9,0,-1,-1,-1,-1,-1,-1,-1,-1,-1,-1,-1,-1,1,6,6,3,-1,-1,-1,-1,-1,-1,-1,-1,0,-1
2023622300359,2023,622300359,1,9,0,18,19,6,2,0,0,1,0,0,0,0,1,1,6,6,3,-1,-1,-1,-1,-1,-1,-1,-1,0,-1
2023610044923,2023,610044923,1,9,0,9,9,2,8,0,0,8,0,0,0,0,1,1,6,6,2,23,5,-1,-1,-1,-1,1,W01001396,0,-1
2023010440159,2023,010440159,2,1,0,18,19,7,3,0,0,6,0,0,0,0,1,1,6,6,2,37,7,-1,-1,-1,-1,1,E01001786,0,-1
2023061285940,2023,061285940,1,-1,0,18,19,6,2,0,0,1,0,0,0,0,1,1,6,6,3,-1,-1,-1,-1,-1,-1,-1,-1,0,-1
2023531269217,2023,531269217,1,9,0,-1,-1,-1,-1,0,0,3,-1,-1,-1,0,-1,1,6,6,3,-1,-1,-1,-1,-1,-1,-1,-1,0,-1
2023481366721,2023,481366721,1,1,0,18,19,3,7,0,0,1,0,0,0,0,1,1,5,6,1,21,5,-1,-1,-1,-1,-1,-1,0,-1
2023610041823,2023,610041823,1,97,0,18,19,7,3,9,9,0,0,0,0,0,1,1,6,6,1,25,5,-1,-1,-1,-1,1,W01001619,0,-1
2023522401136,2023,522401136,2,1,0,18,19,4,8,0,0,8,0,0,0,0,1,1,6,6,1,32,6,-1,-1,-1,-1,1,E01014655,0,-1
2023010438520,2023,010438520,1,1,0,18,19,1,5,0,0,8,0,0,0,0,1,1,6,6,1,23,5,-1,-1,-1,-1,4,E01001146,0,-1
2023010428168,2023,010428168,1,1,9,99,99,9,9,99,99,9,9,99,9,99,9,1,6,6,1,27,6,-1,-1,-1,-1,3,E01004126,0,-1
2023010427010,2023,010427010,3,9,0,99,99,9,9,99,99,9,9,99,9,99,9,9,6,6,3,-1,-1,-1,-1,-1,-1,-1,-1,0,-1
2023052302620,2023,052302620,2,22,0,18,19,1,5,0,0,1,0,0,0,0,2,1,6,6,1,55,8,-1,-1,-1,-1,1,E01006950,0,-1
2023440219622,2023,440219622,1,9,0,7,7,1,3,0,0,8,0,0,0,0,4,1,6,6,3,-1,-1,-1,-1,-1,-1,-1,-1,0,-1
2023010467250,2023,010467250,2,1,0,13,13,3,7,0,0,8,2,0,0,0,4,1,6,6,1,35,6,-1,-1,-1,-1,5,E01001248,0,-1
2023991310241,2023,991310241,2,17,4,18,19,5,1,0,0,0,0,0,0,0,3,2,1,1,1,42,7,-1,-1,-1,-1,7,-1,0,-1
2023430383688,2023,430383688,4,9,0,2,2,0,0,0,0,1,0,0,0,0,2,1,6,6,3,-1,-1,-1,-1,-1,-1,-1,-1,0,-1
2023440309839,2023,440309839,2,1,0,18,19,1,5,0,0,1,0,0,0,0,1,1,6,6,1,14,3,-1,-1,-1,-1,2,E01017139,0,-1
2023221266154,2023,221266154,1,9,0,9,9,6,5,0,0,5,0,0,0,0,1,1,6,6,3,27,6,-1,-1,-1,-1,-1,-1,0,-1
2023010469347,2023,010469347,1,97,0,18,19,6,2,0,0,1,0,0,0,0,1,1,6,6,3,-1,-1,-1,-1,-1,-1,-1,-1,0,-1
2023010420866,2023,010420866,2,9,0,99,99,9,9,99,99,9,9,99,9,99,2,9,6,6,3,-1,-1,-1,-1,-1,-1,-1,-1,0,-1
2023471275492,2023,471275492,1,9,0,18,19,3,7,0,0,1,0,0,0,0,0,1,6,6,3,-1,-1,-1,-1,-1,-1,-1,-1,0,-1
2023201409574,2023,201409574,2,1,0,18,19,-1,-1,0,0,0,0,8,0,0,1,1,6,6,3,27,6,-1,-1,-1,-1,2,E01008915,0,-1
2023131359870,2023,131359870,1,9,0,-1,-1,-1,-1,-1,-1,0,-1,-1,-1,0,-1,1,6,6,3,95,11,-1,-1,-1,-1,-1,-1,0,-1
2023430201839,2023,430201839,1,9,0,18,19,7,3,0,0,0,0,0,7,4,1,1,2,2,2,41,7,-1,-1,-1,-1,6,E01028771,0,-1
2023540770123,2023,540770123,1,1,0,9,9,2,8,0,0,1,0,0,0,0,1,1,6,6,1,-1,-1,-1,-1,-1,-1,-1,-1,0,-1
2023991262540,2023,991262540,2,1,0,18,19,7,3,0,0,8,0,0,0,0,4,1,5,6,1,67,10,-1,-1,-1,-1,4,-1,0,-1
2023010422821,2023,010422821,2,1,0,18,19,5,1,0,0,1,0,0,0,0,3,1,2,2,2,61,9,-1,-1,-1,-1,3,E01002548,0,-1
2023052303063,2023,052303063,2,1,0,18,19,4,8,0,0,0,0,0,0,0,3,1,6,6,1,24,5,-1,-1,-1,-1,1,E01006674,0,-1
2023052302033,2023,052302033,2,1,0,18,19,1,5,0,0,8,0,0,0,0,2,1,6,6,1,25,5,-1,-1,-1,-1,2,E01033751,0,-1
2023131324591,2023,131324591,2,9,0,18,19,4,2,0,0,0,0,0,0,0,1,1,5,6,1,28,6,-1,-1,-1,-1,4,E01010601,0,-1
2023332300892,2023,332300892,2,1,0,18,19,1,5,0,0,0,0,0,0,0,1,1,4,7,1,12,3,-1,-1,-1,-1,9,E01025737,0,-1
2023010454133,2023,010454133,3,19,0,99,99,9,9,99,99,9,9,99,9,99,9,9,6,6,3,-1,-1,-1,-1,-1,-1,-1,-1,0,-1
2023131330000,2023,131330000,1,90,0,18,19,5,1,0,0,2,0,0,0,0,1,2,1,1,1,53,8,-1,-1,-1,-1,-1,-1,0,-1
2023061321111,2023,061321111,1,1,-1,18,19,7,3,0,0,1,0,0,0,0,1,1,6,6,1,16,4,-1,-1,-1,-1,7,E01005983,0,-1
2023061318385,2023,061318385,2,1,-1,18,19,1,5,0,0,8,0,0,0,0,1,1,6,6,1,30,6,-1,-1,-1,-1,3,E01005282,0,-1