collision_index,collision_year,collision_ref_no,vehicle_reference,vehicle_type,towing_and_articulation,vehicle_manoeuvre_historic,vehicle_manoeuvre,vehicle_direction_from,vehicle_direction_to,vehicle_location_restricted_lane_historic,vehicle_location_restricted_lane,junction_location,skidding_and_overturning,hit_object_in_carriageway,vehicle_leaving_carriageway,hit_object_off_carriageway,first_point_of_impact,vehicle_left_hand_drive,journey_purpose_of_driver_historic,journey_purpose_of_driver,sex_of_driver,age_of_driver,age_band_of_driver,engine_capacity_cc,propulsion_code,age_of_vehicle,generic_make_model,driver_imd_decile,lsoa_of_driver,escooter_flag,driver_distance_banding
2023131376133,2023,131376133,1,9,0,-1,-1,-1,-1,-1,-1,-1,-1,-1,-1,-1,-1,1,6,6,3,35,6,-1,-1,-1,-1,-1,-1,0,-1
2023501345718,2023,501345718,1,9,-1,18,19,5,7,0,0,1,0,0,0,0,-1,1,6,6,3,-1,-1,-1,-1,-1,-1,-1,-1,0,-1
2023010443522,2023,010443522,2,1,0,9,9,7,5,0,0,1,0,0,0,0,3,1,6,6,1,30,6,-1,-1,-1,-1,-1,-1,0,-1
2023131355309,2023,131355309,2,9,0,18,19,3,3,0,0,0,0,0,0,0,2,1,1,1,1,54,8,-1,-1,-1,-1,9,E01011937,0,-1
2023052300752,2023,052300752,2,1,0,18,19,5,1,0,0,0,0,0,0,0,4,1,6,6,1,67,10,-1,-1,-1,-1,7,E01007222,0,-1
2023141293743,2023,141293743,2,1,0,18,19,8,3,0,0,0,0,0,0,0,1,1,6,6,1,34,6,-1,-1,-1,-1,1,E01007645,0,-1
2023440251620,2023,440251620,2,9,0,3,3,7,3,0,0,1,0,0,0,0,2,1,6,6,1,49,8,-1,-1,-1,-1,3,E01022801,0,-1
2023211345660,2023,211345660,1,8,0,18,19,3,7,0,0,2,0,0,0,0,1,1,1,1,1,36,7,-1,-1,-1,-1,-1,-1,0,-1
2023201278193,2023,201278193,1,9,0,9,9,8,6,0,0,6,0,0,0,0,1,1,1,1,1,52,8,-1,-1,-1,-1,5,E01009703,0,-1
2023451364123,2023,451364123,2,9,0,18,19,1,5,0,0,1,0,0,0,0,1,1,6,6,1,45,7,-1,-1,-1,-1,8,E01030860,0,-1
2023010474031,2023,010474031,1,9,0,99,99,9,9,99,99,0,9,99,9,99,1,9,6,6,3,-1,-1,-1,-1,-1,-1,-1,-1,0,-1
2023221300574,2023,221300574,1,9,0,3,3,8,4,0,0,0,0,0,0,0,2,1,6,6,3,26,6,-1,-1,-1,-1,-1,-1,0,-1
2023430097991,2023,430097991,2,1,0,18,19,2,6,0,0,4,0,0,0,0,1,1,2,2,1,41,7,-1,-1,-1,-1,10,E01028698,0,-1
2023311337814,2023,311337814,1,11,0,5,5,8,4,2,2,0,0,0,0,0,3,1,1,1,1,30,6,-1,-1,-1,-1,-1,-1,0,-1
2023501324843,2023,501324843,2,1,0,18,19,8,4,0,0,1,5,10,1,11,1,1,5,6,1,43,7,-1,-1,-1,-1,8,E01015119,0,-1
2023231349378,2023,231349378,1,9,0,9,9,1,7,0,0,6,0,10,0,0,1,1,6,6,1,54,8,-1,-1,-1,-1,4,E01031008,0,-1
2023221321462,2023,221321462,1,9,0,4,4,1,5,0,0,4,0,0,0,0,1,1,6,6,2,25,5,-1,-1,-1,-1,-1,-1,0,-1
2023411363399,2023,411363399,1,9,0,5,5,1,5,0,0,4,0,0,0,0,1,1,5,6,1,43,7,-1,-1,-1,-1,9,E01023912,0,-1
2023430491028,2023,430491028,2,1,0,18,19,2,6,0,0,8,0,0,0,0,4,1,6,6,1,39,7,-1,-1,-1,-1,6,E01028581,0,-1
2023041279488,2023,041279488,1,1,0,18,19,-1,-1,0,0,8,0,0,0,0,1,1,6,6,1,23,5,-1,-1,-1,-1,6,E01025546,0,-1
202360A165072,2023,60A165072,1,9,0,18,19,2,6,0,0,1,1,0,3,0,1,1,6,6,1,42,7,-1,-1,-1,-1,-1,-1,0,-1
2023201287021,2023,201287021,2,9,0,2,2,0,0,0,0,0,0,0,0,0,2,1,6,6,1,-1,-1,-1,-1,-1,-1,-1,-1,0,-1
2023010484691,2023,010484691,1,11,0,99,99,9,9,99,99,0,9,99,9,99,4,9,6,6,3,-1,-1,-1,-1,-1,-1,-1,-1,0,-1
2023010429340,2023,010429340,1,9,0,18,19,2,6,0,0,2,0,0,0,0,1,1,6,6,3,-1,-1,-1,-1,-1,-1,-1,-1,0,-1
2023320152991,2023,320152991,2,9,0,9,9,8,6,0,0,6,0,0,0,0,3,1,2,2,2,47,8,-1,-1,-1,-1,3,E01027038,0,-1
2023461330654,2023,461330654,2,1,0,18,19,4,8,0,0,0,0,0,0,0,3,1,6,6,1,-1,-1,-1,-1,-1,-1,6,E01024079,0,-1
2023141320875,2023,141320875,2,-1,0,12,12,8,4,0,0,0,0,0,0,0,3,1,2,2,1,17,4,-1,-1,-1,-1,7,E01008140,1,-1
2023161328171,2023,161328171,2,1,0,18,19,4,2,0,0,8,0,0,0,0,3,1,6,6,2,24,5,-1,-1,-1,-1,6,E01012914,0,-1
2023010434007,2023,010434007,2,9,9,99,99,9,9,99,99,0,9,99,9,99,1,9,6,6,3,-1,-1,-1,-1,-1,-1,8,E01000453,0,-1
2023501294876,2023,501294876,1,9,0,18,19,7,3,0,0,0,0,0,0,0,1,1,5,6,2,76,11,-1,-1,-1,-1,9,E01015160,0,-1
2023430041679,2023,430041679,1,1,0,10,10,8,5,0,0,1,0,0,0,0,3,1,6,6,1,58,9,-1,-1,-1,-1,-1,-1,0,-1
2023010452272,2023,010452272,2,8,0,99,99,9,9,99,99,9,9,99,9,99,1,9,6,6,3,-1,-1,-1,-1,-1,-1,-1,-1,0,-1
2023332300907,2023,332300907,1,9,0,13,13,8,4,0,0,0,0,0,0,0,1,1,2,2,1,50,8,-1,-1,-1,-1,10,E01025780,0,-1
2023302301108,2023,302301108,2,1,0,9,9,4,2,0,0,1,0,0,0,0,3,1,6,6,2,25,5,-1,-1,-1,-1,3,E01033388,0,-1
2023552300936,2023,552300936,2,1,0,18,19,8,4,9,9,0,0,0,0,0,1,1,1,1,1,35,6,-1,-1,-1,-1,3,E01015415,0,-1
2023631352742,2023,631352742,2,1,0,18,19,1,5,0,0,8,0,0,0,0,1,1,1,1,1,33,6,-1,-1,-1,-1,1,W01000708,0,-1
2023010442476,2023,010442476,1,1,0,18,19,3,7,5,5,5,0,0,0,0,1,1,2,2,1,18,4,-1,-1,-1,-1,4,E01002444,0,-1
2023010450656,2023,010450656,1,1,9,99,99,9,9,99,99,9,9,99,9,99,9,1,6,6,2,36,7,-1,-1,-1,-1,3,E01004031,0,-1
2023071090894,2023,071090894,2,1,0,18,19,6,2,0,0,8,0,0,0,0,1,1,2,2,2,57,9,-1,-1,-1,-1,1,E01018351,0,-1
2023201376987,2023,201376987,1,9,0,18,19,4,8,0,0,0,0,0,0,0,2,1,5,6,1,39,7,-1,-1,-1,-1,8,E01009465,0,-1
2023421308633,2023,421308633,1,17,0,18,19,5,1,0,0,1,0,0,0,0,4,1,6,6,1,70,10,-1,-1,-1,-1,4,E01022016,0,-1
2023010450771,2023,010450771,1,11,0,2,2,0,0,9,9,8,0,0,0,0,0,1,6,6,3,-1,-1,-1,-1,-1,-1,-1,-1,0,-1
2023302301162,2023,302301162,2,9,0,4,4,6,2,0,0,0,0,0,0,0,2,1,6,6,1,64,9,-1,-1,-1,-1,4,E01013246,0,-1
2023430071714,2023,430071714,1,9,0,18,19,4,8,0,0,0,0,0,0,0,1,1,6,6,1,-1,-1,-1,-1,-1,-1,-1,-1,0,-1
2023201313779,2023,201313779,1,1,0,18,19,7,3,2,2,0,0,0,0,0,4,1,6,6,1,48,8,-1,-1,-1,-1,1,E01009475,0,-1
2023031318827,2023,031318827,1,21,1,9,9,5,2,0,0,1,0,0,0,0,4,2,1,1,1,49,8,-1,-1,-1,-1,-1,-1,0,-1
2023141390280,2023,141390280,2,9,0,13,13,3,7,0,0,0,0,0,0,0,1,1,6,6,1,-1,-1,-1,-1,-1,-1,-1,-1,0,-1
2023061302125,2023,061302125,2,1,0,18,19,3,7,0,0,0,0,0,0,0,4,1,6,6,1,53,8,-1,-1,-1,-1,-1,-1,0,-1
2023010472681,2023,010472681,2,9,0,99,99,9,9,99,99,9,9,99,9,99,1,9,6,6,3,33,6,-1,-1,-1,-1,-1,-1,0,-1
2023361345745,2023,361345745,1,1,0,18,19,5,1,0,0,1,0,0,0,0,1,1,6,6,1,22,5,-1,-1,-1,-1,1,E01026598,0,-1
2023010483021,2023,010483021,1,1,9,99,99,9,9,99,99,0,9,99,9,99,1,1,6,6,3,-1,-1,-1,-1,-1,-1,-1,-1,0,-1
2023131339046,2023,131339046,2,1,0,18,19,2,6,0,0,8,5,0,0,0,1,1,2,2,2,32,6,-1,-1,-1,-1,6,E01011610,0,-1
2023320390138,2023,320390138,2,9,0,18,19,8,4,0,0,0,5,0,7,9,1,1,6,6,1,74,10,-1,-1,-1,-1,9,E01017381,0,-1
2023061275395,2023,061275395,1,9,0,18,19,7,3,0,0,0,0,0,0,0,3,1,6,6,3,-1,-1,-1,-1,-1,-1,-1,-1,0,-1
2023430222254,2023,430222254,2,9,0,18,19,8,4,0,0,3,0,0,0,0,1,1,6,6,2,54,8,-1,-1,-1,-1,6,E01016509,0,-1
2023101318268,2023,101318268,1,1,0,5,5,7,3,0,0,0,0,0,0,0,4,1,6,6,1,13,3,-1,-1,-1,-1,3,E01008508,0,-1
2023122300203,2023,122300203,1,22,0,18,19,1,5,9,9,0,0,0,0,0,1,1,6,6,3,-1,-1,-1,-1,-1,-1,-1,-1,0,-1
2023221262421,2023,221262421,2,9,0,17,19,2,6,0,0,0,0,0,0,0,1,1,5,6,2,34,6,-1,-1,-1,-1,8,E01028937,0,-1
2023052302171,2023,052302171,1,9,9,99,99,9,9,0,0,0,9,99,9,99,9,9,6,6,3,-1,-1,-1,-1,-1,-1,-1,-1,0,-1
2023430422937,2023,430422937,1,9,0,18,19,7,3,0,0,0,0,4,0,0,1,1,6,6,1,75,10,-1,-1,-1,-1,9,E01028504,0,-1
2023421323138,2023,421323138,2,1,0,18,19,3,1,0,0,1,0,0,0,0,1,1,2,2,2,40,7,-1,-1,-1,-1,7,E01015822,0,-1
2023010421282,2023,010421282,1,1,0,18,19,7,3,0,0,1,0,0,0,0,1,1,6,6,1,23,5,-1,-1,-1,-1,-1,-1,0,-1
2023311346230,2023,311346230,2,1,0,17,19,5,1,4,4,0,0,0,0,0,2,1,2,2,1,17,4,-1,-1,-1,-1,10,E01028397,0,-1
2023010431293,2023,010431293,1,1,9,99,99,9,9,99,99,9,9,99,9,99,9,1,6,6,2,53,8,-1,-1,-1,-1,9,E01003837,0,-1
2023131261244,2023,131261244,1,9,0,18,19,6,2,0,0,8,1,0,0,0,4,1,5,6,1,36,7,-1,-1,-1,-1,3,E01011615,0,-1
2023131380554,2023,131380554,1,9,0,5,5,1,5,0,0,0,0,11,0,0,1,1,1,1,1,62,9,-1,-1,-1,-1,8,E01024939,0,-1
2023010473399,2023,010473399,1,1,9,99,99,9,9,99,99,9,9,99,9,99,9,1,6,6,1,32,6,-1,-1,-1,-1,2,E01003313,0,-1
2023461273212,2023,461273212,2,98,1,18,19,7,3,0,0,0,0,0,0,0,1,1,1,1,1,60,9,-1,-1,-1,-1,8,E01016079,0,-1
2023302301489,2023,302301489,2,1,0,18,19,7,3,0,0,1,1,0,0,0,1,1,6,6,1,20,4,-1,-1,-1,-1,9,E01013462,0,-1
2023010423696,2023,010423696,1,2,0,99,99,9,9,0,0,9,0,0,1,0,4,1,6,6,3,-1,-1,-1,-1,-1,-1,-1,-1,0,-1
2023552300215,2023,552300215,1,9,4,9,9,4,2,0,0,5,0,0,0,0,2,1,1,1,1,60,9,-1,-1,-1,-1,8,E01023167,0,-1
2023010482446,2023,010482446,2,9,0,4,4,1,5,0,0,3,0,0,0,0,1,1,1,1,1,41,7,-1,-1,-1,-1,7,E01017893,0,-1
2023440334107,2023,440334107,1,1,0,18,19,6,2,0,0,3,0,0,0,0,3,1,6,6,1,21,5,-1,-1,-1,-1,4,E01017122,0,-1
2023131333740,2023,131333740,2,1,0,18,19,8,4,0,0,1,0,0,0,0,1,1,5,6,1,12,3,-1,-1,-1,-1,10,E01011132,0,-1
2023201289763,2023,201289763,2,-1,0,18,19,2,6,0,0,8,0,0,0,0,1,1,2,2,1,20,4,-1,-1,-1,-1,2,E01009407,1,-1
2023010431949,2023,010431949,2,9,0,99,99,9,9,99,99,9,9,99,9,99,1,9,6,6,3,-1,-1,-1,-1,-1,-1,-1,-1,0,-1
2023440056678,2023,440056678,2,1,0,9,9,5,3,0,0,8,0,0,0,0,4,1,6,6,2,51,8,-1,-1,-1,-1,8,E01022754,0,-1
2023161259587,2023,161259587,2,1,0,18,19,7,3,0,0,8,0,0,0,0,1,1,2,2,1,48,8,-1,-1,-1,-1,4,E01012883,0,-1
2023010444576,2023,010444576,2,9,0,99,99,9,9,99,99,9,9,99,9,99,1,9,6,6,3,33,6,-1,-1,-1,-1,-1,-1,0,-1
2023440506328,2023,440506328,2,1,0,18,19,8,4,0,0,8,0,0,0,0,4,1,6,6,1,56,9,-1,-1,-1,-1,5,E01022842,0,-1
202363C038223,2023,63C038223,2,9,0,18,19,4,1,0,0,8,0,0,0,0,4,1,6,6,1,57,9,-1,-1,-1,-1,-1,-1,0,-1
2023010443814,2023,010443814,2,1,0,5,5,1,5,0,0,1,2,0,0,0,2,1,2,2,1,34,6,-1,-1,-1,-1,1,E01004199,0,-1
2023010443245,2023,010443245,1,1,0,13,13,4,8,0,0,6,0,0,0,0,3,1,1,1,1,35,6,-1,-1,-1,-1,10,E01030753,0,-1
2023010462324,2023,010462324,2,9,0,99,99,9,9,99,99,0,9,99,9,99,0,9,6,6,3,-1,-1,-1,-1,-1,-1,-1,-1,0,-1
2023201298393,2023,201298393,1,9,0,10,10,6,4,0,0,8,0,0,0,0,2,1,6,6,1,28,6,-1,-1,-1,-1,1,E01009057,0,-1
2023010443179,2023,010443179,2,9,0,18,19,1,5,0,0,8,0,0,0,0,1,1,6,6,3,-1,-1,-1,-1,-1,-1,-1,-1,0,-1
2023010450659,2023,010450659,1,1,9,99,99,9,9,99,99,9,9,99,9,99,2,1,2,2,1,46,8,-1,-1,-1,-1,2,E01003055,0,-1
2023010473022,2023,010473022,2,9,0,99,99,9,9,99,99,9,9,99,9,99,9,9,6,6,3,-1,-1,-1,-1,-1,-1,-1,-1,0,-1
2023471319236,2023,471319236,2,1,0,18,19,4,8,9,9,1,0,0,0,0,4,1,2,2,2,56,9,-1,-1,-1,-1,10,E01016998,0,-1
2023361369551,2023,361369551,1,-1,0,18,19,8,5,0,0,2,0,0,0,0,4,1,6,6,1,18,4,-1,-1,-1,-1,8,E01004582,1,-1
2023522400809,2023,522400809,2,-1,0,18,19,1,5,0,0,6,0,0,0,0,1,1,6,6,1,17,4,-1,-1,-1,-1,4,E01014928,1,-1
2023201381224,2023,201381224,2,1,0,7,7,4,6,0,0,3,0,0,0,0,9,1,2,2,1,51,8,-1,-1,-1,-1,7,E01025855,0,-1
202360A071865,2023,60A071865,3,9,0,18,19,6,2,0,0,1,0,0,0,0,0,1,6,6,1,24,5,-1,-1,-1,-1,-1,-1,0,-1
2023440306232,2023,440306232,2,1,0,18,19,1,5,0,0,0,0,0,0,0,3,1,6,6,2,56,9,-1,-1,-1,-1,5,E01033229,0,-1
2023231302017,2023,231302017,2,1,0,17,19,3,8,0,0,0,0,0,0,0,2,1,6,6,1,42,7,-1,-1,-1,-1,8,E01031230,0,-1
2023061371577,2023,061371577,1,9,-1,-1,-1,-1,-1,-1,-1,0,-1,-1,-1,0,-1,1,6,6,3,-1,-1,-1,-1,-1,-1,-1,-1,0,-1
2023010480950,2023,010480950,1,1,0,18,19,6,2,0,0,3,0,0,0,0,4,1,2,2,1,26,6,-1,-1,-1,-1,8,E01002989,0,-1
2023010464642,2023,010464642,1,19,0,18,19,5,1,0,0,1,0,0,0,0,1,1,6,6,3,-1,-1,-1,-1,-1,-1,-1,-1,0,-1
2023010461181,2023,010461181,2,3,0,99,99,9,9,99,99,9,9,99,9,99,1,1,6,6,3,-1,-1,-1,-1,-1,-1,-1,-1,0,-1
2023522301811,2023,522301811,1,1,0,18,19,5,1,0,0,8,0,0,0,0,1,1,6,6,1,10,2,-1,-1,-1,-1,8,E01014741,0,-1
2023070549288,2023,070549288,2,1,0,18,19,1,5,0,0,8,0,0,0,0,3,1,6,6,1,17,4,-1,-1,-1,-1,1,E01018563,0,-1
2023421315648,2023,421315648,1,1,0,18,19,7,3,0,0,0,0,0,0,0,1,1,5,6,1,18,4,-1,-1,-1,-1,10,E01028563,0,-1
2023201316401,2023,201316401,1,90,0,18,19,4,8,0,0,8,0,0,0,0,1,1,6,6,1,16,4,-1,-1,-1,-1,2,E01009481,0,-1
2023471369511,2023,471369511,1,1,0,18,19,3,7,0,0,0,0,0,0,0,1,1,4,7,1,13,3,-1,-1,-1,-1,6,E01031817,0,-1
2023010465103,2023,010465103,2,1,0,18,19,3,7,0,0,1,0,0,0,0,1,1,1,1,2,29,6,-1,-1,-1,-1,5,E01033577,0,-1
2023351361153,2023,351361153,1,1,0,18,19,1,1,9,9,0,0,0,0,0,4,1,6,6,2,41,7,-1,-1,-1,-1,4,E01017953,0,-1
2023010442917,2023,010442917,1,1,9,99,99,9,9,99,99,9,9,99,9,99,1,1,6,6,1,42,7,-1,-1,-1,-1,10,E01028974,0,-1
2023010443507,2023,010443507,1,1,9,99,99,9,9,99,99,9,9,99,9,99,9,1,1,1,1,29,6,-1,-1,-1,-1,2,E01002080,0,-1
2023131362049,2023,131362049,1,1,0,18,19,8,4,4,4,1,5,0,0,0,1,1,6,6,2,33,6,-1,-1,-1,-1,8,E01011459,0,-1
2023221335524,2023,221335524,1,9,0,16,19,4,8,0,0,0,0,0,7,10,1,1,6,6,1,18,4,-1,-1,-1,-1,9,E01009851,0,-1
2023991334495,2023,991334495,1,1,0,13,13,1,5,0,0,8,0,0,0,0,1,1,5,6,1,41,7,-1,-1,-1,-1,5,-1,0,-1
202363D025423,2023,63D025423,1,5,0,16,19,3,6,0,0,0,0,0,1,7,3,1,6,6,1,63,9,-1,-1,-1,-1,-1,-1,0,-1
2023320446142,2023,320446142,1,9,0,13,13,2,6,0,0,1,0,0,0,0,1,1,6,6,1,33,6,-1,-1,-1,-1,7,E01026319,0,-1
2023430339373,2023,430339373,2,8,0,8,8,7,1,0,0,1,0,0,0,0,1,1,1,1,1,30,6,-1,-1,-1,-1,7,E01028437,0,-1
2023231278770,2023,231278770,2,1,0,16,19,8,2,0,0,0,0,0,0,0,4,1,5,6,2,57,9,-1,-1,-1,-1,9,E01010220,0,-1
2023430292259,2023,430292259,2,9,0,9,9,6,4,0,0,6,0,0,0,0,4,1,6,6,2,20,4,-1,-1,-1,-1,-1,-1,0,-1
2023401433159,2023,401433159,2,97,-1,-1,-1,-1,-1,-1,-1,-1,-1,-1,-1,0,-1,1,5,6,1,14,3,-1,-1,-1,-1,2,E01015735,0,-1
2023520300531,2023,520300531,2,9,0,18,19,1,3,0,0,0,0,0,0,0,3,1,6,6,2,46,8,-1,-1,-1,-1,8,E01029126,0,-1
2023201340188,2023,201340188,2,9,0,1,1,2,6,0,0,0,0,0,0,0,2,1,6,6,3,-1,-1,-1,-1,-1,-1,-1,-1,0,-1
2023231262332,2023,231262332,1,9,0,18,19,3,7,0,0,1,0,0,0,0,1,1,6,6,3,30,6,-1,-1,-1,-1,-1,-1,0,-1
2023461347463,2023,461347463,2,1,0,18,19,5,1,4,4,0,2,0,0,0,2,1,6,6,1,38,7,-1,-1,-1,-1,8,E01024730,0,-1
2023411319396,2023,411319396,1,9,0,5,5,1,5,0,0,8,0,0,0,0,1,1,6,6,1,52,8,-1,-1,-1,-1,9,E01023417,0,-1
2023010443566,2023,010443566,1,3,0,7,7,2,3,0,0,1,0,0,0,0,1,1,6,6,1,23,5,-1,-1,-1,-1,-1,-1,0,-1
2023031369955,2023,031369955,1,9,0,4,4,1,4,0,0,1,1,0,0,0,1,1,6,6,2,45,7,-1,-1,-1,-1,-1,-1,0,-1
2023201379123,2023,201379123,1,9,0,5,5,7,5,0,0,6,0,0,0,0,3,1,6,6,3,-1,-1,-1,-1,-1,-1,-1,-1,0,-1
2023010439865,2023,010439865,1,9,9,99,99,9,9,99,99,9,9,99,9,99,9,9,6,6,3,-1,-1,-1,-1,-1,-1,-1,-1,0,-1
2023010428524,2023,010428524,2,-1,0,18,19,3,7,0,0,8,0,0,0,0,1,1,2,2,2,24,5,-1,-1,-1,-1,1,E01001781,1,-1
2023111310024,2023,111310024,1,97,-1,18,19,3,7,9,9,1,0,0,0,0,1,1,6,6,1,20,4,-1,-1,-1,-1,-1,-1,0,-1
2023302300734,2023,302300734,2,19,0,11,11,4,8,0,0,4,0,0,0,0,4,1,6,6,3,-1,-1,-1,-1,-1,-1,5,E01019456,0,-1
2023101347171,2023,101347171,1,9,0,18,19,1,5,0,0,0,0,0,0,0,1,1,6,6,3,-1,-1,-1,-1,-1,-1,-1,-1,0,-1
2023451289681,2023,451289681,1,9,0,17,19,5,1,0,0,0,5,7,1,7,1,1,5,6,2,20,4,-1,-1,-1,-1,9,E01030705,0,-1
202360A126449,2023,60A126449,1,1,0,7,7,3,4,0,0,5,5,0,0,0,2,1,6,6,2,14,3,-1,-1,-1,-1,-1,-1,0,-1
2023010462126,2023,010462126,1,1,0,9,9,3,1,0,0,8,1,0,0,0,0,1,2,2,1,38,7,-1,-1,-1,-1,3,E01000535,0,-1
2023010483176,2023,010483176,2,3,0,7,7,3,5,0,0,2,0,0,0,0,1,1,6,6,1,39,7,-1,-1,-1,-1,1,E01033455,0,-1
2023111308292,2023,111308292,1,98,0,18,19,7,3,0,0,0,0,0,0,0,0,1,6,6,3,30,6,-1,-1,-1,-1,6,E01008386,0,-1
2023461349741,2023,461349741,1,9,0,18,19,-1,-1,0,0,0,0,0,0,0,1,1,5,6,1,31,6,-1,-1,-1,-1,2,E01024505,0,-1
2023010480070,2023,010480070,1,-1,9,99,99,9,9,99,99,0,9,99,9,99,9,9,6,6,3,-1,-1,-1,-1,-1,-1,-1,-1,1,-1
2023471348737,2023,471348737,2,1,0,18,19,8,4,0,0,1,0,0,0,0,1,1,6,6,2,63,9,-1,-1,-1,-1,6,E01021047,0,-1
2023340WN1782,2023,340WN1782,1,9,0,18,19,7,3,0,0,1,0,0,0,0,4,1,6,6,3,-1,-1,-1,-1,-1,-1,-1,-1,0,-1
2023010451661,2023,010451661,1,1,9,99,99,9,9,99,99,9,9,99,9,99,1,1,2,2,1,31,6,-1,-1,-1,-1,4,E01003255,0,-1
2023070989090,2023,070989090,2,1,0,18,19,4,6,0,0,8,0,0,0,0,4,1,6,6,1,36,7,-1,-1,-1,-1,9,E01012487,0,-1
2023440228048,2023,440228048,2,9,0,5,5,3,7,0,0,6,0,0,0,0,1,1,6,6,1,-1,-1,-1,-1,-1,-1,-1,-1,0,-1
2023141263110,2023,141263110,1,9,0,9,9,5,3,0,0,2,0,0,0,0,1,1,6,6,2,-1,-1,-1,-1,-1,-1,1,E01007413,0,-1
202360A172548,2023,60A172548,2,16,0,18,19,3,7,0,0,0,0,0,0,0,0,1,6,6,2,46,8,-1,-1,-1,-1,-1,-1,0,-1
2023010455728,2023,010455728,1,1,9,99,99,9,9,99,99,9,9,99,9,99,9,1,2,2,2,23,5,-1,-1,-1,-1,-1,-1,0,-1
2023101345819,2023,101345819,2,1,0,18,19,7,3,0,0,0,0,0,0,0,1,1,5,6,1,5,1,-1,-1,-1,-1,-1,-1,0,-1
2023421326399,2023,421326399,1,-1,0,18,19,7,3,0,0,1,5,11,0,0,1,1,5,6,1,30,6,-1,-1,-1,-1,2,E01021485,1,-1
2023010452272,2023,010452272,1,1,9,99,99,9,9,99,99,9,9,99,9,99,9,1,2,2,1,30,6,-1,-1,-1,-1,1,E01001765,0,-1
2023201337751,2023,201337751,1,-1,0,7,7,4,6,0,0,6,0,0,0,0,1,1,6,6,1,13,3,-1,-1,-1,-1,10,E01010227,1,-1
2023010450648,2023,010450648,1,9,0,5,5,6,2,0,0,0,0,0,0,0,1,1,1,1,1,57,9,-1,-1,-1,-1,9,E01024445,0,-1
2023141371678,2023,141371678,2,9,0,9,9,5,1,0,0,6,0,0,0,0,1,1,6,6,3,-1,-1,-1,-1,-1,-1,-1,-1,0,-1
2023061371504,2023,061371504,2,1,-1,-1,-1,-1,-1,-1,-1,0,-1,-1,-1,0,-1,1,2,2,1,31,6,-1,-1,-1,-1,6,E01005168,0,-1
2023101315213,2023,101315213,2,9,0,16,19,7,3,0,0,1,0,0,0,0,1,1,1,1,1,33,6,-1,-1,-1,-1,6,E01008577,0,-1
2023010450634,2023,010450634,3,9,0,2,2,0,0,0,0,1,0,0,0,0,3,1,6,6,3,-1,-1,-1,-1,-1,-1,-1,-1,0,-1
2023010482417,2023,010482417,2,1,9,99,99,9,9,99,99,6,9,99,9,99,2,1,6,6,1,-1,-1,-1,-1,-1,-1,-1,-1,0,-1
2023201388938,2023,201388938,2,1,0,18,19,1,5,0,0,1,0,0,0,0,1,1,6,6,1,48,8,-1,-1,-1,-1,4,E01009166,0,-1
2023010458037,2023,010458037,2,19,0,99,99,9,9,99,99,9,9,99,9,99,9,9,6,6,3,-1,-1,-1,-1,-1,-1,-1,-1,0,-1
2023010450966,2023,010450966,1,1,9,99,99,9,9,99,99,9,9,99,9,99,1,1,2,2,1,25,5,-1,-1,-1,-1,7,E01002182,0,-1
2023430439290,2023,430439290,2,9,0,18,19,8,4,0,0,0,0,0,0,0,2,1,1,1,1,56,9,-1,-1,-1,-1,3,E01031559,0,-1
2023010483484,2023,010483484,1,1,9,99,99,9,9,99,99,9,9,99,9,99,1,1,6,6,1,24,5,-1,-1,-1,-1,10,E01000688,0,-1
2023061394252,2023,061394252,2,1,0,18,19,-1,-1,0,0,0,0,0,0,0,1,1,6,6,3,65,9,-1,-1,-1,-1,1,E01005729,0,-1
2023041296060,2023,041296060,2,1,0,18,19,1,5,0,0,1,0,0,0,0,1,1,6,6,1,42,7,-1,-1,-1,-1,4,E01012651,0,-1
2023340WN5772,2023,340WN5772,1,9,0,18,19,5,1,0,0,3,0,0,0,0,4,1,6,6,3,-1,-1,-1,-1,-1,-1,-1,-1,0,-1
2023471380993,2023,471380993,1,9,0,18,19,3,7,0,0,0,0,0,0,0,3,1,6,6,3,-1,-1,-1,-1,-1,-1,-1,-1,0,-1
2023471356040,2023,471356040,2,9,0,18,19,1,5,0,0,1,0,0,5,10,0,1,4,7,1,-1,-1,-1,-1,-1,-1,10,E01031828,0,-1
2023302301454,2023,302301454,1,-1,0,18,19,7,3,9,9,0,0,0,0,0,1,1,6,6,3,-1,-1,-1,-1,-1,-1,5,E01019456,1,-1
2023211345245,2023,211345245,3,9,-1,5,5,3,7,-1,-1,-1,-1,-1,-1,0,-1,1,6,6,3,-1,-1,-1,-1,-1,-1,-1,-1,0,-1
2023421350866,2023,421350866,2,1,0,5,5,8,3,0,0,8,0,0,0,0,2,1,6,6,2,24,5,-1,-1,-1,-1,3,E01021601,0,-1
2023010474898,2023,010474898,1,9,9,99,99,9,9,99,99,0,9,99,9,99,9,1,6,6,3,-1,-1,-1,-1,-1,-1,-1,-1,0,-1
2023520301607,2023,520301607,1,1,0,18,19,8,4,0,0,8,0,0,0,0,1,1,6,6,1,12,3,-1,-1,-1,-1,10,E01029160,0,-1
2023471376286,2023,471376286,2,1,0,18,19,2,8,0,0,8,0,0,0,0,3,1,6,6,1,-1,-1,-1,-1,-1,-1,6,E01031743,0,-1
2023340WN4412,2023,340WN4412,2,9,0,5,5,2,6,0,0,8,0,0,0,0,2,1,6,6,2,36,7,-1,-1,-1,-1,-1,-1,0,-1
2023052300800,2023,052300800,1,1,0,9,9,8,1,0,0,6,0,0,0,0,1,1,6,6,1,11,3,-1,-1,-1,-1,1,E01006721,0,-1
2023547344823,2023,547344823,2,1,0,9,9,5,3,0,0,1,0,0,0,0,3,1,6,6,2,43,7,-1,-1,-1,-1,5,E01031933,0,-1
2023010467019,2023,010467019,1,1,9,99,99,9,9,99,99,0,9,99,9,99,1,1,2,2,2,36,7,-1,-1,-1,-1,2,E01003297,0,-1
2023531419508,2023,531419508,1,9,0,18,19,5,1,0,0,0,0,0,0,0,4,1,6,6,3,-1,-1,-1,-1,-1,-1,-1,-1,0,-1
2023991377609,2023,991377609,2,9,0,9,9,2,7,0,0,1,0,0,0,0,3,1,1,1,1,50,8,-1,-1,-1,-1,4,-1,0,-1