collision_index,collision_year,collision_ref_no,vehicle_reference,vehicle_type,towing_and_articulation,vehicle_manoeuvre_historic,vehicle_manoeuvre,vehicle_direction_from,vehicle_direction_to,vehicle_location_restricted_lane_historic,vehicle_location_restricted_lane,junction_location,skidding_and_overturning,hit_object_in_carriageway,vehicle_leaving_carriageway,hit_object_off_carriageway,first_point_of_impact,vehicle_left_hand_drive,journey_purpose_of_driver_historic,journey_purpose_of_driver,sex_of_driver,age_of_driver,age_band_of_driver,engine_capacity_cc,propulsion_code,age_of_vehicle,generic_make_model,driver_imd_decile,lsoa_of_driver,escooter_flag,driver_distance_banding
2023340WN3512,2023,340WN3512,1,9,0,12,12,1,5,0,0,0,0,0,0,0,3,1,1,1,1,-1,-1,-1,-1,-1,-1,-1,-1,0,-1
2023421317153,2023,421317153,1,9,0,18,19,4,8,0,0,1,0,0,0,0,1,1,6,6,1,45,7,-1,-1,-1,-1,-1,-1,0,-1
202354B907423,2023,54B907423,2,1,0,18,19,8,4,0,0,2,0,0,0,0,2,1,6,6,1,45,7,-1,-1,-1,-1,8,E01031946,0,-1
2023010484236,2023,010484236,2,1,0,18,19,5,1,0,0,1,0,0,0,0,1,1,6,6,1,22,5,-1,-1,-1,-1,6,E01002266,0,-1
2023010439405,2023,010439405,2,9,9,18,19,1,5,0,0,8,9,0,0,0,1,9,6,6,3,-1,-1,-1,-1,-1,-1,-1,-1,0,-1
2023010435632,2023,010435632,2,98,0,99,99,9,9,99,99,9,9,99,9,99,9,9,6,6,3,-1,-1,-1,-1,-1,-1,-1,-1,0,-1
2023141267522,2023,141267522,1,9,0,18,19,2,6,0,0,4,0,0,0,0,2,1,6,6,2,31,6,-1,-1,-1,-1,4,E01007344,0,-1
2023041330320,2023,041330320,1,9,0,9,9,-1,-1,0,0,1,0,0,0,0,-1,1,6,6,3,-1,-1,-1,-1,-1,-1,-1,-1,0,-1
2023010465711,2023,010465711,1,23,9,99,99,9,9,99,99,1,9,99,9,0,2,1,6,6,3,-1,-1,-1,-1,-1,-1,-1,-1,0,-1
2023430406172,2023,430406172,1,9,0,13,13,5,1,0,0,3,0,0,0,0,4,1,6,6,3,-1,-1,-1,-1,-1,-1,-1,-1,0,-1
2023010428179,2023,010428179,2,9,0,18,19,1,5,0,0,0,0,0,0,0,1,1,6,6,3,-1,-1,-1,-1,-1,-1,-1,-1,0,-1
2023101382064,2023,101382064,2,4,0,18,19,3,7,0,0,1,0,0,0,0,1,1,6,6,1,33,6,-1,-1,-1,-1,3,E01027359,0,-1
2023302301831,2023,302301831,1,9,0,16,19,4,8,0,0,0,1,0,0,0,3,1,2,2,1,32,6,-1,-1,-1,-1,7,E01019553,0,-1
2023010420499,2023,010420499,2,1,9,99,99,9,9,99,99,9,9,99,9,99,1,1,6,6,3,-1,-1,-1,-1,-1,-1,-1,-1,0,-1
2023461352096,2023,461352096,1,90,0,18,19,4,8,0,0,0,0,0,0,0,3,1,6,6,1,51,8,-1,-1,-1,-1,4,E01000134,0,-1
2023552300432,2023,552300432,1,9,0,18,19,7,3,0,0,0,2,0,0,0,0,1,2,2,1,38,7,-1,-1,-1,-1,10,E01015445,0,-1
2023371310647,2023,371310647,2,1,-1,-1,-1,-1,-1,-1,-1,0,-1,-1,-1,0,-1,1,6,6,2,32,6,-1,-1,-1,-1,-1,-1,0,-1
2023010449178,2023,010449178,1,1,9,99,99,9,9,99,99,9,9,99,9,99,1,1,1,1,1,29,6,-1,-1,-1,-1,3,E01004698,0,-1
2023010453643,2023,010453643,1,1,9,99,99,9,9,99,99,9,9,99,9,99,1,1,2,2,1,41,7,-1,-1,-1,-1,10,E01002978,0,-1
2023547570523,2023,547570523,2,1,0,18,19,4,8,0,0,0,0,0,0,0,1,1,6,6,1,56,9,-1,-1,-1,-1,10,E01031984,0,-1
2023010425048,2023,010425048,1,21,0,18,19,3,7,0,0,0,0,0,0,0,0,1,6,6,3,-1,-1,-1,-1,-1,-1,-1,-1,0,-1
2023440469077,2023,440469077,1,9,0,4,4,1,5,0,0,1,0,0,0,0,2,1,1,1,2,44,7,-1,-1,-1,-1,2,E01017155,0,-1
2023010443601,2023,010443601,2,2,0,99,99,9,9,99,99,9,9,99,9,99,1,1,6,6,3,-1,-1,-1,-1,-1,-1,-1,-1,0,-1
2023010462209,2023,010462209,1,9,0,18,19,7,3,0,0,1,0,0,0,0,1,1,6,6,3,-1,-1,-1,-1,-1,-1,-1,-1,0,-1
2023430078268,2023,430078268,2,3,0,3,3,3,7,0,0,1,0,0,0,0,2,1,1,1,2,36,7,-1,-1,-1,-1,1,E01028576,0,-1
2023211327290,2023,211327290,2,9,4,18,19,5,1,9,9,0,0,0,0,0,1,1,5,6,1,66,10,-1,-1,-1,-1,-1,-1,0,-1
2023031354556,2023,031354556,2,1,0,18,19,3,7,0,0,0,0,0,0,0,1,1,5,6,2,13,3,-1,-1,-1,-1,10,E01019087,0,-1
2023010460054,2023,010460054,2,1,0,18,19,3,7,0,0,2,0,0,0,0,0,1,2,2,1,29,6,-1,-1,-1,-1,9,E01000266,0,-1
2023010443834,2023,010443834,1,1,9,99,99,9,9,99,99,0,9,99,9,99,1,1,4,7,3,17,4,-1,-1,-1,-1,8,E01002813,0,-1
2023141303562,2023,141303562,2,9,0,11,11,6,2,0,0,4,0,0,0,0,1,1,6,6,3,-1,-1,-1,-1,-1,-1,-1,-1,0,-1
2023010450691,2023,010450691,2,1,0,4,4,5,1,0,0,2,0,0,0,0,2,1,2,2,1,54,8,-1,-1,-1,-1,4,E01003803,0,-1
2023141328356,2023,141328356,1,1,0,18,19,5,7,0,0,3,2,0,0,0,4,1,2,2,2,28,6,-1,-1,-1,-1,5,E01008051,0,-1
2023461318146,2023,461318146,2,9,0,3,3,3,7,0,0,2,0,0,0,0,2,1,2,2,1,63,9,-1,-1,-1,-1,5,E01024014,0,-1
2023010479457,2023,010479457,2,1,0,18,19,1,5,0,0,2,0,0,0,0,4,1,4,7,1,17,4,-1,-1,-1,-1,2,E01001745,0,-1
2023161367094,2023,161367094,2,1,0,18,19,7,3,4,4,1,0,0,0,0,1,1,6,6,3,-1,-1,-1,-1,-1,-1,-1,-1,0,-1
2023010436532,2023,010436532,1,1,0,18,19,3,7,0,0,0,0,0,1,0,1,1,1,1,1,32,6,-1,-1,-1,-1,2,E01001777,0,-1
2023131397236,2023,131397236,1,90,0,4,4,5,5,0,0,4,0,0,0,0,2,1,1,1,1,28,6,-1,-1,-1,-1,5,E01011736,0,-1
2023131259037,2023,131259037,2,22,0,18,19,5,1,0,0,8,0,0,0,0,3,1,6,6,2,73,10,-1,-1,-1,-1,8,E01011413,0,-1
2023010422451,2023,010422451,2,19,0,99,99,9,9,99,99,9,9,99,9,99,1,9,6,6,3,-1,-1,-1,-1,-1,-1,5,E01004450,0,-1
2023471359420,2023,471359420,3,19,0,3,3,7,3,0,0,8,0,0,0,0,-1,1,5,6,3,-1,-1,-1,-1,-1,-1,-1,-1,0,-1
2023991322345,2023,991322345,2,1,0,18,19,2,6,0,0,1,0,0,0,0,1,1,5,6,1,33,6,-1,-1,-1,-1,2,-1,0,-1
2023201289288,2023,201289288,1,9,0,18,19,3,7,0,0,8,0,7,0,0,1,1,6,6,1,-1,-1,-1,-1,-1,-1,-1,-1,0,-1
2023131321324,2023,131321324,1,4,0,18,19,7,3,0,0,0,1,0,0,0,1,1,6,6,1,16,4,-1,-1,-1,-1,1,E01010800,0,-1
2023070054936,2023,070054936,1,9,0,18,19,8,4,0,0,1,1,0,0,0,1,1,6,6,1,-1,-1,-1,-1,-1,-1,-1,-1,0,-1
2023421303760,2023,421303760,3,11,0,18,19,7,3,0,0,0,0,0,0,0,0,1,6,6,3,-1,-1,-1,-1,-1,-1,-1,-1,0,-1
2023041320452,2023,041320452,2,1,0,18,19,1,5,0,0,8,0,0,0,0,4,1,5,6,1,58,9,-1,-1,-1,-1,9,E01025596,0,-1
2023010438269,2023,010438269,2,8,0,99,99,9,9,0,0,9,0,0,0,0,9,9,6,6,3,-1,-1,-1,-1,-1,-1,-1,-1,0,-1
2023010482537,2023,010482537,1,9,0,99,99,9,9,99,99,9,9,99,9,99,1,9,6,6,3,-1,-1,-1,-1,-1,-1,-1,-1,0,-1
2023631340467,2023,631340467,1,98,0,18,19,3,7,0,0,0,0,0,1,4,1,1,1,1,1,53,8,-1,-1,-1,-1,4,E01014906,0,-1
2023010467780,2023,010467780,1,1,9,99,99,9,9,99,99,9,9,99,9,99,9,1,2,2,1,26,6,-1,-1,-1,-1,3,E01003109,0,-1
2023131284425,2023,131284425,1,9,0,18,19,1,5,0,0,2,0,0,0,0,3,1,5,6,1,54,8,-1,-1,-1,-1,8,E01007502,0,-1
2023547158123,2023,547158123,2,21,0,2,2,0,0,6,6,0,0,0,0,0,2,1,1,1,1,43,7,-1,-1,-1,-1,-1,-1,0,-1
2023010434219,2023,010434219,1,1,9,99,99,9,9,99,99,9,9,99,9,99,9,1,6,6,1,35,6,-1,-1,-1,-1,6,E01001989,0,-1
2023041321243,2023,041321243,2,1,0,18,19,5,1,0,0,8,0,0,0,0,4,1,5,6,1,65,9,-1,-1,-1,-1,8,E01025141,0,-1
2023430458672,2023,430458672,1,9,0,18,19,6,2,0,0,1,0,0,0,0,4,1,6,6,1,-1,-1,-1,-1,-1,-1,-1,-1,0,-1
2023141283278,2023,141283278,1,1,0,18,19,3,7,0,0,2,0,0,0,0,1,1,1,1,1,30,6,-1,-1,-1,-1,3,E01033265,0,-1
2023010483735,2023,010483735,2,1,0,18,19,5,1,0,0,0,5,0,0,0,1,1,6,6,2,30,6,-1,-1,-1,-1,2,E01003971,0,-1
2023010439851,2023,010439851,2,1,0,18,19,1,5,0,0,8,0,0,0,0,0,1,2,2,2,23,5,-1,-1,-1,-1,2,E01000904,0,-1
2023131309299,2023,131309299,1,9,0,18,19,1,5,0,0,0,0,0,0,0,1,1,6,6,3,-1,-1,-1,-1,-1,-1,-1,-1,0,-1
2023070037210,2023,070037210,1,9,0,18,19,8,4,0,0,4,0,0,0,0,1,1,6,6,3,-1,-1,-1,-1,-1,-1,-1,-1,0,-1
2023332300310,2023,332300310,1,5,0,13,13,3,7,0,0,0,0,0,0,0,1,1,6,6,1,40,7,-1,-1,-1,-1,9,E01025778,0,-1
2023201416156,2023,201416156,2,1,0,18,19,8,3,0,0,0,0,0,0,0,1,1,2,2,1,54,8,-1,-1,-1,-1,2,E01010525,0,-1
2023201314107,2023,201314107,1,9,0,17,19,6,4,0,0,0,1,10,0,0,1,1,6,6,1,-1,-1,-1,-1,-1,-1,-1,-1,0,-1
2023340NN3172,2023,340NN3172,2,-1,0,17,19,3,8,0,0,3,2,0,0,0,2,1,2,2,2,43,7,-1,-1,-1,-1,3,E01027082,1,-1
2023340WN2362,2023,340WN2362,1,9,0,9,9,5,2,0,0,6,0,0,0,0,1,1,2,2,1,54,8,-1,-1,-1,-1,2,E01027105,0,-1
2023302300848,2023,302300848,2,-1,0,18,19,6,8,0,0,2,0,0,0,0,4,1,6,6,1,17,4,-1,-1,-1,-1,1,E01013535,1,-1
2023010475174,2023,010475174,1,1,9,99,99,9,9,99,99,9,9,99,9,99,2,1,2,2,2,32,6,-1,-1,-1,-1,4,E01003301,0,-1
2023201456319,2023,201456319,1,9,0,5,5,2,6,0,0,0,0,0,0,0,1,1,6,6,1,-1,-1,-1,-1,-1,-1,-1,-1,0,-1
2023010423632,2023,010423632,1,9,0,99,99,9,9,99,99,0,9,99,9,99,9,9,6,6,1,-1,-1,-1,-1,-1,-1,8,E01001211,0,-1
2023122301356,2023,122301356,2,1,0,18,19,7,3,4,4,0,0,0,0,0,1,1,6,6,1,57,9,-1,-1,-1,-1,4,E01027803,0,-1
2023522400594,2023,522400594,2,-1,0,18,19,2,6,9,9,0,0,0,0,0,1,1,6,6,1,22,5,-1,-1,-1,-1,4,E01014924,1,-1
2023440230311,2023,440230311,2,1,0,14,14,3,7,0,0,0,0,0,0,0,3,1,2,2,1,44,7,-1,-1,-1,-1,2,E01017337,0,-1
2023430348464,2023,430348464,3,9,3,4,4,6,2,0,0,0,0,0,0,0,2,1,3,7,1,44,7,-1,-1,-1,-1,10,E01012182,0,-1
2023052300228,2023,052300228,1,97,0,18,19,3,7,0,0,0,0,0,0,0,1,1,6,6,3,-1,-1,-1,-1,-1,-1,-1,-1,0,-1
2023471290162,2023,471290162,2,98,0,18,19,5,1,0,0,0,0,0,0,0,0,1,6,6,3,-1,-1,-1,-1,-1,-1,-1,-1,0,-1
2023522400485,2023,522400485,2,9,0,1,1,9,9,0,0,0,0,0,0,0,2,1,6,6,3,-1,-1,-1,-1,-1,-1,-1,-1,0,-1
2023440162123,2023,440162123,1,20,0,18,19,3,7,0,0,0,0,0,0,0,4,1,1,1,1,53,8,-1,-1,-1,-1,4,E01023154,0,-1
2023010458279,2023,010458279,1,1,9,99,99,9,9,99,99,9,9,99,9,99,9,1,2,2,1,47,8,-1,-1,-1,-1,7,E01030851,0,-1
2023430567045,2023,430567045,2,9,0,2,2,0,0,0,0,2,0,0,0,0,2,1,6,6,3,-1,-1,-1,-1,-1,-1,-1,-1,0,-1
2023201390465,2023,201390465,3,9,0,2,2,0,0,9,9,8,0,0,0,0,2,1,5,6,1,34,6,-1,-1,-1,-1,5,E01009848,0,-1
2023061364421,2023,061364421,2,9,0,18,19,3,7,0,0,8,0,0,0,0,1,1,5,6,2,56,9,-1,-1,-1,-1,5,E01006364,0,-1
2023010431060,2023,010431060,1,1,9,99,99,9,9,99,99,9,9,99,9,99,1,1,2,2,3,27,6,-1,-1,-1,-1,6,E01031673,0,-1
2023131320003,2023,131320003,2,1,0,18,19,4,8,0,0,1,5,0,0,0,1,1,2,2,1,22,5,-1,-1,-1,-1,5,E01010921,0,-1
2023471320072,2023,471320072,2,9,0,18,19,5,1,0,0,0,0,0,0,0,1,2,6,6,1,72,10,-1,-1,-1,-1,6,E01021796,0,-1
2023122300926,2023,122300926,2,9,0,4,4,5,2,0,0,1,0,0,0,0,0,1,6,6,3,-1,-1,-1,-1,-1,-1,-1,-1,0,-1
2023430367023,2023,430367023,2,1,0,18,19,8,4,0,0,8,0,0,0,0,1,1,6,6,1,47,8,-1,-1,-1,-1,9,E01017796,0,-1
2023231341397,2023,231341397,2,-1,0,18,19,1,5,9,9,1,1,0,0,0,1,1,2,2,2,34,6,-1,-1,-1,-1,7,E01031140,1,-1
2023010485470,2023,010485470,1,9,0,18,19,3,7,0,0,1,0,0,0,0,1,2,6,6,1,48,8,-1,-1,-1,-1,-1,-1,0,-1
2023010482571,2023,010482571,2,9,0,18,19,1,5,0,0,8,0,0,0,0,1,1,6,6,1,-1,-1,-1,-1,-1,-1,-1,-1,0,-1
2023320152991,2023,320152991,1,90,0,18,19,6,2,9,9,8,0,0,0,0,1,1,2,2,1,15,3,-1,-1,-1,-1,1,E01026092,0,-1
2023041373725,2023,041373725,1,1,0,18,19,1,5,0,0,1,0,0,0,0,1,1,6,6,1,15,3,-1,-1,-1,-1,5,E01012664,0,-1
2023501372190,2023,501372190,2,1,0,18,19,7,3,9,9,0,0,0,0,0,3,1,2,2,2,19,4,-1,-1,-1,-1,2,E01015073,0,-1
2023010435155,2023,010435155,1,9,0,99,99,9,9,99,99,9,9,99,9,99,9,9,6,6,3,-1,-1,-1,-1,-1,-1,-1,-1,0,-1
2023471279888,2023,471279888,2,1,0,18,19,3,7,0,0,8,0,0,0,0,2,1,2,2,2,50,8,-1,-1,-1,-1,9,E01031495,0,-1
2023320532482,2023,320532482,2,9,0,18,19,6,2,0,0,0,0,0,0,0,1,1,6,6,1,33,6,-1,-1,-1,-1,3,E01019459,0,-1
2023211291835,2023,211291835,2,9,0,18,19,2,4,0,0,0,0,0,0,0,2,1,6,6,3,50,8,-1,-1,-1,-1,-1,-1,0,-1
2023221324066,2023,221324066,1,9,0,13,13,2,6,0,0,8,0,0,0,0,1,1,6,6,1,57,9,-1,-1,-1,-1,-1,-1,0,-1
2023440000718,2023,440000718,2,9,0,18,19,1,5,0,0,0,0,0,0,0,3,1,6,6,3,-1,-1,-1,-1,-1,-1,-1,-1,0,-1
2023522300851,2023,522300851,1,-1,0,17,19,2,8,0,0,8,0,0,0,0,4,1,6,6,1,24,5,-1,-1,-1,-1,6,E01014528,1,-1
2023221326465,2023,221326465,1,9,0,13,13,4,8,0,0,0,0,0,0,0,0,1,6,6,3,24,5,-1,-1,-1,-1,-1,-1,0,-1
2023421274577,2023,421274577,1,98,-1,18,19,7,3,0,0,0,0,0,0,0,4,1,6,6,3,-1,-1,-1,-1,-1,-1,-1,-1,0,-1
2023010429101,2023,010429101,1,1,9,99,99,9,9,99,99,9,9,99,9,99,1,1,6,6,3,31,6,-1,-1,-1,-1,2,E01002077,0,-1
2023451310383,2023,451310383,1,1,0,18,19,3,7,0,0,8,2,0,0,0,4,1,5,6,2,44,7,-1,-1,-1,-1,10,E01030863,0,-1
2023471379391,2023,471379391,1,9,0,18,19,3,7,0,0,0,0,0,0,0,3,1,3,7,2,-1,-1,-1,-1,-1,-1,10,E01031797,0,-1
2023421309358,2023,421309358,1,17,0,18,19,1,5,0,0,0,0,0,1,0,1,1,5,6,1,87,11,-1,-1,-1,-1,5,E01021550,0,-1
2023211440435,2023,211440435,2,9,0,18,19,3,7,0,0,1,0,0,0,0,1,1,6,6,1,73,10,-1,-1,-1,-1,-1,-1,0,-1
2023351369881,2023,351369881,1,-1,0,18,19,1,5,9,9,0,0,0,0,0,1,1,6,6,1,30,6,-1,-1,-1,-1,-1,-1,1,-1
2023401380956,2023,401380956,1,90,0,18,19,2,6,9,9,0,0,0,0,0,1,1,6,6,2,12,3,-1,-1,-1,-1,-1,-1,0,-1
2023161285140,2023,161285140,1,1,0,18,19,1,5,0,0,8,0,0,0,0,1,1,6,6,1,25,5,-1,-1,-1,-1,9,E01013266,0,-1
2023061294204,2023,061294204,1,9,0,18,19,1,1,0,0,1,0,0,0,0,1,1,6,6,1,30,6,-1,-1,-1,-1,1,E01005539,0,-1
2023041371992,2023,041371992,1,9,0,18,19,1,5,0,0,1,1,0,0,0,1,1,6,6,1,30,6,-1,-1,-1,-1,9,E01025553,0,-1
2023061371902,2023,061371902,2,1,0,18,19,3,7,0,0,0,0,0,0,0,2,1,6,6,1,-1,-1,-1,-1,-1,-1,3,E01033653,0,-1
2023501359053,2023,501359053,1,9,0,18,19,2,2,0,0,3,0,0,0,0,1,1,6,6,2,35,6,-1,-1,-1,-1,-1,-1,0,-1
2023302300875,2023,302300875,2,1,0,18,19,8,4,0,0,0,0,0,0,0,3,1,6,6,1,36,7,-1,-1,-1,-1,3,E01019400,0,-1
2023041280645,2023,041280645,1,9,0,18,19,7,7,0,0,2,0,0,0,0,1,1,6,6,3,-1,-1,-1,-1,-1,-1,-1,-1,0,-1
2023461356945,2023,461356945,1,9,0,18,19,1,5,0,0,1,0,0,0,0,1,1,6,6,1,60,9,-1,-1,-1,-1,5,E01024206,0,-1
2023141264250,2023,141264250,1,98,0,10,10,7,6,0,0,6,0,0,0,0,1,1,2,2,1,32,6,-1,-1,-1,-1,3,E01007371,0,-1
2023010441413,2023,010441413,1,1,9,99,99,9,9,99,99,9,9,99,9,99,9,1,2,2,2,22,5,-1,-1,-1,-1,7,E01002691,0,-1
2023041332259,2023,041332259,2,1,0,18,19,6,2,0,0,8,0,0,0,0,1,1,2,2,1,49,8,-1,-1,-1,-1,1,E01025297,0,-1
2023471387863,2023,471387863,1,98,0,18,19,6,2,0,0,0,0,0,0,0,4,1,6,6,3,-1,-1,-1,-1,-1,-1,-1,-1,0,-1
2023010445843,2023,010445843,1,9,0,2,2,0,0,0,0,2,0,0,0,0,2,1,6,6,3,-1,-1,-1,-1,-1,-1,-1,-1,0,-1
2023471290861,2023,471290861,1,9,0,18,19,5,1,0,0,0,0,0,0,0,1,1,6,6,1,60,9,-1,-1,-1,-1,4,E01016882,0,-1
2023501303372,2023,501303372,2,1,0,18,19,2,6,0,0,8,5,0,0,0,1,1,5,6,1,6,2,-1,-1,-1,-1,6,E01020246,0,-1
2023548429423,2023,548429423,1,5,0,13,13,3,7,0,0,8,0,0,0,0,1,1,6,6,1,52,8,-1,-1,-1,-1,8,E01033580,0,-1
2023201356882,2023,201356882,2,1,0,18,19,7,3,0,0,0,0,0,0,0,3,1,1,1,1,50,8,-1,-1,-1,-1,1,E01032889,0,-1
2023170L31093,2023,170L31093,1,9,0,9,9,2,8,0,0,8,0,0,0,0,1,1,6,6,2,-1,-1,-1,-1,-1,-1,-1,-1,0,-1
2023010469514,2023,010469514,3,9,0,18,19,5,1,0,0,8,0,0,0,0,1,1,6,6,3,-1,-1,-1,-1,-1,-1,-1,-1,0,-1
2023302300509,2023,302300509,2,20,0,18,19,4,8,0,0,0,0,0,0,0,3,2,1,1,1,50,8,-1,-1,-1,-1,-1,-1,0,-1
2023010429101,2023,010429101,2,9,0,99,99,9,9,99,99,9,9,99,9,99,9,9,6,6,3,-1,-1,-1,-1,-1,-1,-1,-1,0,-1
2023010472292,2023,010472292,1,1,9,99,99,9,9,99,99,9,9,99,9,99,1,1,2,2,1,45,7,-1,-1,-1,-1,7,E01003270,0,-1
2023010451885,2023,010451885,2,1,0,7,7,8,2,0,0,6,5,0,0,0,3,1,6,6,1,19,4,-1,-1,-1,-1,4,E01023337,0,-1
2023131363867,2023,131363867,2,1,0,-1,-1,-1,-1,-1,-1,0,-1,-1,-1,0,-1,1,3,7,1,11,3,-1,-1,-1,-1,6,E01011688,0,-1
2023131387959,2023,131387959,2,1,0,17,19,3,7,0,0,1,0,0,0,0,1,1,5,6,1,71,10,-1,-1,-1,-1,2,E01011840,0,-1
2023070432969,2023,070432969,1,1,0,18,19,6,2,0,0,0,0,0,0,0,3,1,6,6,1,6,2,-1,-1,-1,-1,-1,-1,0,-1
2023430309907,2023,430309907,2,9,0,17,19,7,5,0,0,8,0,0,0,0,1,1,6,6,2,28,6,-1,-1,-1,-1,10,E01016262,0,-1
2023371435176,2023,371435176,1,1,0,18,19,8,4,0,0,8,5,0,0,0,1,1,6,6,1,16,4,-1,-1,-1,-1,7,E01029974,0,-1
2023610049623,2023,610049623,1,9,0,3,3,4,8,0,0,1,0,0,0,0,2,1,2,2,2,24,5,-1,-1,-1,-1,9,W01001637,0,-1
2023101344206,2023,101344206,2,1,0,18,19,1,5,9,9,8,0,0,0,0,0,1,2,2,1,39,7,-1,-1,-1,-1,2,E01008491,0,-1
2023451357782,2023,451357782,2,1,0,18,19,1,5,0,0,0,0,0,0,0,1,1,6,6,1,12,3,-1,-1,-1,-1,8,E01030950,0,-1
2023010431823,2023,010431823,1,9,0,18,19,2,6,0,0,1,0,0,0,0,1,1,6,6,3,-1,-1,-1,-1,-1,-1,-1,-1,0,-1
2023430488024,2023,430488024,1,9,0,9,9,1,3,0,0,5,0,0,0,0,3,1,6,6,2,49,8,-1,-1,-1,-1,7,E01028713,0,-1
2023421376032,2023,421376032,1,3,0,18,19,2,6,0,0,0,0,0,0,0,1,1,5,6,1,17,4,-1,-1,-1,-1,6,E01015864,0,-1
2023440455652,2023,440455652,2,1,0,9,9,4,2,0,0,6,0,0,0,0,3,1,6,6,1,58,9,-1,-1,-1,-1,10,E01023044,0,-1
2023522301389,2023,522301389,1,-1,0,18,19,1,5,0,0,0,0,0,0,0,1,1,6,6,2,27,6,-1,-1,-1,-1,4,E01014946,1,-1
2023361274421,2023,361274421,2,9,0,18,19,8,4,0,0,8,0,0,0,0,3,1,5,6,2,50,8,-1,-1,-1,-1,1,E01026687,0,-1
2023421294587,2023,421294587,2,9,0,4,4,6,2,0,0,0,0,0,0,0,2,1,6,6,1,31,6,-1,-1,-1,-1,8,E01021760,0,-1
2023010471320,2023,010471320,1,1,9,99,99,9,9,99,99,9,9,99,9,99,1,1,2,2,1,35,6,-1,-1,-1,-1,1,E01002034,0,-1
2023531329795,2023,531329795,1,9,0,18,19,5,1,0,0,8,0,0,0,0,4,1,5,6,1,83,11,-1,-1,-1,-1,-1,-1,0,-1
2023061318372,2023,061318372,2,1,0,18,19,3,7,0,0,4,0,0,0,0,2,1,6,6,1,48,8,-1,-1,-1,-1,10,E01004950,0,-1
2023201309992,2023,201309992,1,9,0,18,19,4,7,0,0,1,0,0,0,0,1,1,6,6,2,-1,-1,-1,-1,-1,-1,-1,-1,0,-1
2023522400336,2023,522400336,2,1,0,18,19,8,4,0,0,3,0,0,0,0,1,1,6,6,1,43,7,-1,-1,-1,-1,10,E01014980,0,-1
2023231313424,2023,231313424,2,1,0,18,19,6,1,0,0,8,0,0,0,0,1,1,6,6,1,28,6,-1,-1,-1,-1,-1,-1,0,-1
2023552301189,2023,552301189,1,1,0,18,19,6,2,0,0,8,0,0,0,0,1,1,4,7,1,13,3,-1,-1,-1,-1,9,E01015316,0,-1
2023991391849,2023,991391849,1,9,0,18,19,2,5,0,0,1,0,0,0,0,3,1,1,1,1,55,8,-1,-1,-1,-1,1,-1,0,-1
2023010419667,2023,010419667,2,1,0,18,19,5,1,0,0,1,0,0,0,0,1,1,2,2,2,44,7,-1,-1,-1,-1,1,E01004309,0,-1
2023430035730,2023,430035730,2,1,0,18,19,5,1,0,0,1,0,8,0,0,1,1,4,7,1,14,3,-1,-1,-1,-1,1,E01028568,0,-1
2023052302452,2023,052302452,1,8,0,5,5,3,7,0,0,0,0,0,0,0,3,1,1,1,1,-1,-1,-1,-1,-1,-1,-1,-1,0,-1
2023131296250,2023,131296250,2,19,0,8,8,7,3,0,0,1,0,0,0,0,0,1,6,6,3,-1,-1,-1,-1,-1,-1,-1,-1,0,-1
2023131267407,2023,131267407,1,1,0,-1,-1,-1,-1,-1,-1,-1,-1,-1,-1,-1,-1,1,6,6,3,-1,-1,-1,-1,-1,-1,-1,-1,0,-1
2023221387865,2023,221387865,1,5,0,13,13,4,8,0,0,0,0,0,0,0,1,1,6,6,1,30,6,-1,-1,-1,-1,7,E01014081,0,-1
2023401391319,2023,401391319,1,9,0,18,19,5,1,0,0,0,1,11,0,0,1,1,6,6,1,57,9,-1,-1,-1,-1,9,E01033433,0,-1
2023440061905,2023,440061905,2,1,0,18,19,5,1,0,0,8,0,0,0,0,3,1,6,6,1,76,11,-1,-1,-1,-1,10,E01023052,0,-1
2023010445786,2023,010445786,2,9,0,99,99,9,9,99,99,9,9,99,9,99,1,9,6,6,3,-1,-1,-1,-1,-1,-1,-1,-1,0,-1
2023052301423,2023,052301423,2,1,0,5,5,1,5,0,0,1,0,0,0,0,3,1,1,1,1,38,7,-1,-1,-1,-1,1,E01006690,0,-1
2023351333234,2023,351333234,2,-1,0,18,19,-1,-1,0,0,4,0,0,0,0,4,1,5,6,1,-1,-1,-1,-1,-1,-1,4,E01017947,1,-1
2023440214156,2023,440214156,1,-1,0,18,19,3,7,0,0,0,0,0,0,0,1,1,6,6,1,21,5,-1,-1,-1,-1,5,E01023139,1,-1
2023052300884,2023,052300884,2,23,0,18,19,3,7,0,0,1,0,0,0,0,1,1,6,6,1,59,9,-1,-1,-1,-1,7,E01007256,0,-1
2023501300484,2023,501300484,2,1,0,14,14,2,6,0,0,1,1,4,0,0,4,1,5,6,1,44,7,-1,-1,-1,-1,4,E01020036,0,-1
2023231308038,2023,231308038,2,1,0,18,19,1,5,0,0,0,0,0,0,0,0,1,5,6,1,54,8,-1,-1,-1,-1,10,E01028804,0,-1
2023332300551,2023,332300551,2,9,0,18,19,7,3,0,0,2,0,0,0,0,1,1,1,1,3,-1,-1,-1,-1,-1,-1,-1,-1,0,-1
2023010483385,2023,010483385,2,1,0,18,19,5,1,0,0,3,0,0,0,0,4,1,1,1,1,31,6,-1,-1,-1,-1,5,E01001685,0,-1
2023010432886,2023,010432886,2,19,0,99,99,9,9,99,99,9,9,99,9,99,1,9,6,6,1,-1,-1,-1,-1,-1,-1,-1,-1,0,-1
2023122300850,2023,122300850,1,9,0,18,19,1,5,0,0,1,0,0,0,0,1,1,6,6,3,-1,-1,-1,-1,-1,-1,-1,-1,0,-1
2023340NN4342,2023,340NN4342,1,1,0,18,19,3,7,0,0,1,0,0,0,0,3,1,4,7,1,12,3,-1,-1,-1,-1,1,E01026965,0,-1
2023061315153,2023,061315153,1,18,1,4,4,1,5,1,1,1,0,0,0,0,4,1,1,1,1,34,6,-1,-1,-1,-1,-1,-1,0,-1
2023101350437,2023,101350437,2,1,0,18,19,5,1,0,0,8,2,0,0,0,4,1,4,7,1,11,3,-1,-1,-1,-1,4,E01008568,0,-1
2023332300079,2023,332300079,1,9,0,18,19,3,7,0,0,1,0,0,0,0,1,1,6,6,1,22,5,-1,-1,-1,-1,-1,-1,0,-1