collision_index,collision_year,collision_ref_no,vehicle_reference,vehicle_type,towing_and_articulation,vehicle_manoeuvre_historic,vehicle_manoeuvre,vehicle_direction_from,vehicle_direction_to,vehicle_location_restricted_lane_historic,vehicle_location_restricted_lane,junction_location,skidding_and_overturning,hit_object_in_carriageway,vehicle_leaving_carriageway,hit_object_off_carriageway,first_point_of_impact,vehicle_left_hand_drive,journey_purpose_of_driver_historic,journey_purpose_of_driver,sex_of_driver,age_of_driver,age_band_of_driver,engine_capacity_cc,propulsion_code,age_of_vehicle,generic_make_model,driver_imd_decile,lsoa_of_driver,escooter_flag,driver_distance_banding
2023010451535,2023,010451535,2,1,0,9,9,5,2,0,0,1,0,0,0,0,3,1,3,7,2,39,7,-1,-1,-1,-1,5,E01033592,0,-1
2023430442469,2023,430442469,1,9,0,9,9,4,2,0,0,8,0,0,0,0,3,1,6,6,2,-1,-1,-1,-1,-1,-1,-1,-1,0,-1
2023311307208,2023,311307208,1,-1,0,18,19,1,5,0,0,2,0,0,0,0,0,1,5,6,1,20,4,-1,-1,-1,-1,-1,-1,1,-1
2023351364994,2023,351364994,2,1,0,18,19,5,1,0,0,8,5,0,0,0,4,1,2,2,1,54,8,-1,-1,-1,-1,6,E01018110,0,-1
2023010433347,2023,010433347,2,9,0,99,99,9,9,99,99,9,9,99,9,99,9,9,6,6,3,-1,-1,-1,-1,-1,-1,-1,-1,0,-1
2023111279622,2023,111279622,2,1,0,18,19,7,3,0,0,0,0,0,0,0,3,1,6,6,1,13,3,-1,-1,-1,-1,7,E01012334,0,-1
2023401344656,2023,401344656,2,97,0,18,19,3,7,0,0,0,2,0,0,0,2,1,5,6,1,17,4,-1,-1,-1,-1,9,E01017439,0,-1
202363A001723,2023,63A001723,1,9,0,18,19,2,6,0,0,0,5,0,1,10,1,1,2,2,1,26,6,-1,-1,-1,-1,7,W01000679,0,-1
2023430486281,2023,430486281,3,9,0,4,4,4,8,0,0,8,0,0,0,0,1,1,6,6,1,45,7,-1,-1,-1,-1,10,E01016427,0,-1
2023461382446,2023,461382446,1,90,0,18,19,7,3,9,9,8,0,0,0,0,1,1,6,6,3,-1,-1,-1,-1,-1,-1,-1,-1,0,-1
2023461267696,2023,461267696,2,1,0,18,19,3,7,0,0,1,0,0,0,0,1,1,6,6,1,50,8,-1,-1,-1,-1,-1,-1,0,-1
2023311371772,2023,311371772,2,9,0,-1,-1,-1,-1,0,0,1,-1,-1,-1,0,-1,1,6,6,3,-1,-1,-1,-1,-1,-1,-1,-1,0,-1
2023501354611,2023,501354611,2,9,4,18,19,2,5,0,0,0,0,0,0,0,0,1,5,6,1,53,8,-1,-1,-1,-1,4,E01018951,0,-1
2023421307483,2023,421307483,1,98,1,17,19,3,7,0,0,1,0,0,0,0,1,1,1,1,1,35,6,-1,-1,-1,-1,-1,-1,0,-1
2023201378345,2023,201378345,1,-1,0,9,9,4,2,0,0,2,0,0,0,0,1,1,5,6,3,-1,-1,-1,-1,-1,-1,-1,-1,0,-1
2023010452996,2023,010452996,1,1,9,99,99,9,9,99,99,9,9,99,9,99,1,1,6,6,1,26,6,-1,-1,-1,-1,1,E01004721,0,-1
202360A174183,2023,60A174183,1,98,0,18,19,2,6,0,0,2,0,0,0,0,4,1,6,6,1,67,10,-1,-1,-1,-1,-1,-1,0,-1
2023430482859,2023,430482859,2,1,0,18,19,8,4,0,0,8,0,0,0,0,3,1,6,6,2,50,8,-1,-1,-1,-1,9,E01028592,0,-1
2023041358934,2023,041358934,1,9,0,18,19,-1,-1,0,0,0,0,0,0,0,-1,1,6,6,3,-1,-1,-1,-1,-1,-1,-1,-1,0,-1
2023010482129,2023,010482129,2,19,0,7,7,7,8,0,0,1,0,0,0,0,1,1,6,6,3,-1,-1,-1,-1,-1,-1,-1,-1,0,-1
2023610054423,2023,610054423,1,9,0,18,19,6,2,0,0,8,0,0,0,0,3,1,6,6,1,74,10,-1,-1,-1,-1,1,W01001334,0,-1
2023131372472,2023,131372472,1,9,0,18,19,6,2,0,0,8,0,0,0,0,1,1,6,6,3,-1,-1,-1,-1,-1,-1,-1,-1,0,-1
2023411310171,2023,411310171,1,1,0,18,19,-1,-1,0,0,8,2,0,0,0,1,1,5,6,1,73,10,-1,-1,-1,-1,9,E01023509,0,-1
2023010447001,2023,010447001,1,1,9,99,99,9,9,99,99,9,9,99,9,99,9,1,6,6,1,17,4,-1,-1,-1,-1,7,E01003287,0,-1
2023471341597,2023,471341597,2,1,0,18,19,7,3,0,0,8,0,0,0,0,4,1,6,6,1,15,3,-1,-1,-1,-1,8,E01016992,0,-1
2023311269818,2023,311269818,2,-1,0,18,19,7,3,0,0,1,0,0,0,0,3,1,6,6,1,9,2,-1,-1,-1,-1,-1,-1,1,-1
2023010435507,2023,010435507,1,1,9,99,99,9,9,2,2,0,9,99,9,99,9,1,2,2,1,39,7,-1,-1,-1,-1,4,E01003793,0,-1
2023461380263,2023,461380263,2,10,0,4,4,8,4,0,0,0,0,0,0,0,2,1,6,6,1,46,8,-1,-1,-1,-1,5,E01024191,0,-1
2023501294723,2023,501294723,1,9,0,18,19,3,1,0,0,0,0,0,0,0,1,1,6,6,3,-1,-1,-1,-1,-1,-1,-1,-1,0,-1
2023401353932,2023,401353932,1,1,0,18,19,8,4,0,0,1,0,0,0,0,2,1,1,1,1,26,6,-1,-1,-1,-1,2,E01017474,0,-1
2023231316754,2023,231316754,2,9,0,9,9,6,5,0,0,5,0,0,0,0,3,1,1,1,1,41,7,-1,-1,-1,-1,8,E01010245,0,-1
2023031280288,2023,031280288,1,9,-1,18,19,6,2,0,0,1,0,0,0,0,-1,1,6,6,3,-1,-1,-1,-1,-1,-1,-1,-1,0,-1
2023131315831,2023,131315831,1,1,0,18,19,2,4,0,0,0,0,0,0,0,1,1,5,6,1,34,6,-1,-1,-1,-1,6,E01032946,0,-1
2023411307847,2023,411307847,1,9,0,18,19,-1,-1,0,0,0,0,0,0,0,0,1,6,6,3,-1,-1,-1,-1,-1,-1,-1,-1,0,-1
2023610053823,2023,610053823,1,9,0,16,19,4,6,0,0,0,1,0,7,4,4,1,6,6,2,36,7,-1,-1,-1,-1,3,W01001577,0,-1
2023421342942,2023,421342942,1,98,0,2,2,0,0,9,9,1,0,0,0,0,4,1,6,6,3,-1,-1,-1,-1,-1,-1,-1,-1,0,-1
2023141390280,2023,141390280,1,1,0,18,19,3,7,0,0,0,0,0,0,0,1,1,5,6,1,49,8,-1,-1,-1,-1,6,E01008154,0,-1
2023461284142,2023,461284142,1,9,0,18,19,3,7,0,0,0,0,0,0,0,1,1,6,6,3,-1,-1,-1,-1,-1,-1,-1,-1,0,-1
2023421272328,2023,421272328,1,1,0,18,19,3,7,0,0,2,0,0,0,0,0,1,6,6,3,-1,-1,-1,-1,-1,-1,-1,-1,0,-1
2023131321972,2023,131321972,2,1,0,12,12,7,3,0,0,0,0,0,0,0,3,1,5,6,1,59,9,-1,-1,-1,-1,10,E01010954,0,-1
2023340WN7042,2023,340WN7042,3,9,0,4,4,1,5,0,0,0,0,0,0,0,2,1,6,6,3,-1,-1,-1,-1,-1,-1,-1,-1,0,-1
2023010480792,2023,010480792,1,9,0,99,99,9,9,99,99,9,9,99,9,99,1,9,6,6,3,-1,-1,-1,-1,-1,-1,2,E01004246,0,-1
2023991320486,2023,991320486,2,9,0,18,19,2,5,0,0,8,0,0,0,0,0,1,6,6,3,-1,-1,-1,-1,-1,-1,-1,-1,0,-1
2023451350108,2023,451350108,1,1,0,18,19,1,5,0,0,3,2,0,0,0,4,1,2,2,2,40,7,-1,-1,-1,-1,8,E01030979,0,-1
2023010439267,2023,010439267,1,1,9,99,99,9,9,99,99,9,9,99,9,99,9,1,2,2,2,29,6,-1,-1,-1,-1,5,E01004057,0,-1
2023161300305,2023,161300305,2,9,0,18,19,3,7,0,0,0,0,0,0,0,1,1,6,6,2,-1,-1,-1,-1,-1,-1,-1,-1,0,-1
2023440009812,2023,440009812,2,1,0,3,3,7,3,9,9,2,0,0,0,0,4,1,6,6,1,46,8,-1,-1,-1,-1,7,E01023135,0,-1
2023430086775,2023,430086775,2,1,0,9,9,8,6,0,0,1,0,0,0,0,1,1,6,6,1,60,9,-1,-1,-1,-1,10,E01017682,0,-1
2023451305960,2023,451305960,3,9,0,18,19,7,3,0,0,0,0,0,0,0,2,1,5,6,1,56,9,-1,-1,-1,-1,9,E01030298,0,-1
2023371340580,2023,371340580,2,1,0,2,2,0,0,0,0,0,0,0,0,0,3,1,6,6,1,95,11,-1,-1,-1,-1,2,E01030024,0,-1
2023010480083,2023,010480083,2,1,0,7,7,3,6,0,0,8,0,0,0,0,4,1,6,6,1,39,7,-1,-1,-1,-1,2,E01001731,0,-1
2023010446617,2023,010446617,1,1,9,99,99,9,9,99,99,0,9,99,9,99,1,1,1,1,1,20,4,-1,-1,-1,-1,3,E01032785,0,-1
2023201440740,2023,201440740,2,1,0,18,19,7,3,0,0,4,0,0,0,0,1,1,6,6,2,51,8,-1,-1,-1,-1,1,E01009182,0,-1
2023430337077,2023,430337077,1,1,0,18,19,4,8,0,0,2,0,0,0,0,1,1,1,1,1,34,6,-1,-1,-1,-1,3,E01033422,0,-1
2023461369508,2023,461369508,3,1,0,18,19,7,3,0,0,0,0,0,0,0,2,1,6,6,2,14,3,-1,-1,-1,-1,6,E01024038,0,-1
2023311376624,2023,311376624,2,1,0,18,19,2,2,0,0,1,0,0,0,0,1,1,6,6,1,21,5,-1,-1,-1,-1,3,E01027927,0,-1
2023440021108,2023,440021108,2,9,0,4,4,5,1,0,0,0,0,0,0,0,1,1,2,2,1,-1,-1,-1,-1,-1,-1,-1,-1,0,-1
2023010427936,2023,010427936,1,1,9,99,99,9,9,99,99,9,9,99,9,99,1,1,6,6,1,28,6,-1,-1,-1,-1,6,E01000294,0,-1
2023041370384,2023,041370384,1,9,0,18,19,-1,-1,0,0,5,0,0,0,0,1,1,6,6,3,-1,-1,-1,-1,-1,-1,-1,-1,0,-1
2023101378221,2023,101378221,2,1,0,18,19,1,5,2,2,0,0,0,0,0,1,1,2,2,1,53,8,-1,-1,-1,-1,7,E01008848,0,-1
2023461282543,2023,461282543,3,9,0,18,19,2,6,0,0,0,1,0,0,0,2,1,5,6,1,61,9,-1,-1,-1,-1,9,E01024331,0,-1
2023221330625,2023,221330625,2,9,0,18,19,6,2,0,0,8,0,0,1,4,1,1,5,6,1,55,8,-1,-1,-1,-1,7,E01029250,0,-1
2023101274116,2023,101274116,2,90,5,18,19,1,5,0,0,2,0,0,0,0,0,1,1,1,1,28,6,-1,-1,-1,-1,3,E01008298,0,-1
2023061325360,2023,061325360,2,1,0,18,19,-1,-1,4,4,0,0,0,0,0,3,1,6,6,1,43,7,-1,-1,-1,-1,2,E01032907,0,-1
2023131299086,2023,131299086,1,9,0,7,7,5,3,0,0,2,0,0,0,0,1,1,6,6,3,-1,-1,-1,-1,-1,-1,-1,-1,0,-1
2023010423885,2023,010423885,2,1,0,18,19,7,3,0,0,8,0,0,0,0,1,1,2,2,1,56,9,-1,-1,-1,-1,3,E01003579,0,-1
2023531326988,2023,531326988,1,23,0,18,19,3,7,0,0,0,0,4,0,0,1,1,6,6,1,17,4,-1,-1,-1,-1,-1,-1,0,-1
2023010427049,2023,010427049,2,9,9,99,99,9,9,99,99,9,9,99,9,99,9,9,6,6,3,21,5,-1,-1,-1,-1,5,E01004451,0,-1
202363A024223,2023,63A024223,1,9,0,1,1,4,8,0,0,0,0,0,0,0,2,1,6,6,3,-1,-1,-1,-1,-1,-1,-1,-1,0,-1
2023010470280,2023,010470280,1,1,9,99,99,9,9,99,99,9,9,99,9,99,1,1,6,6,1,19,4,-1,-1,-1,-1,3,E01001048,0,-1
2023451361233,2023,451361233,2,1,0,18,19,1,5,0,0,8,5,0,0,0,3,1,5,6,1,15,3,-1,-1,-1,-1,5,E01030572,0,-1
2023231279577,2023,231279577,2,9,0,18,19,5,1,0,0,8,0,0,0,0,1,1,6,6,2,76,11,-1,-1,-1,-1,7,E01032588,0,-1
202363D005423,2023,63D005423,2,9,0,2,2,0,0,0,0,0,0,0,0,0,2,1,6,6,3,-1,-1,-1,-1,-1,-1,-1,-1,0,-1
2023361291361,2023,361291361,2,1,0,14,14,8,8,0,0,0,0,0,0,0,4,1,6,6,2,33,6,-1,-1,-1,-1,5,E01026845,0,-1
2023010424850,2023,010424850,1,1,9,18,19,1,5,99,99,9,9,99,9,99,3,1,6,6,2,23,5,-1,-1,-1,-1,3,E01002727,0,-1
2023131290516,2023,131290516,1,23,0,18,19,6,2,0,0,2,2,0,0,0,1,1,1,1,1,18,4,-1,-1,-1,-1,1,E01032497,0,-1
2023010427760,2023,010427760,1,1,9,99,99,9,9,99,99,0,9,99,9,99,9,1,2,2,1,21,5,-1,-1,-1,-1,2,E01001959,0,-1
2023070262306,2023,070262306,1,21,1,18,19,1,5,0,0,0,0,0,0,0,3,2,2,2,1,63,9,-1,-1,-1,-1,-1,-1,0,-1
2023010454611,2023,010454611,2,1,0,15,15,1,5,0,0,1,0,0,0,0,1,1,6,6,2,40,7,-1,-1,-1,-1,7,E01000983,0,-1
2023471349430,2023,471349430,2,1,0,18,19,1,5,0,0,8,0,0,0,0,1,1,6,6,1,57,9,-1,-1,-1,-1,6,E01031509,0,-1
2023131317677,2023,131317677,1,1,0,18,19,1,5,4,4,0,5,0,0,0,3,1,6,6,1,38,7,-1,-1,-1,-1,10,E01027574,0,-1
2023010439855,2023,010439855,2,9,0,99,99,9,9,99,99,9,9,99,9,99,9,9,6,6,3,-1,-1,-1,-1,-1,-1,-1,-1,0,-1
2023440024477,2023,440024477,1,1,0,18,19,6,2,0,0,0,0,0,0,0,0,1,6,6,2,59,9,-1,-1,-1,-1,4,E01017034,0,-1
2023631350093,2023,631350093,2,9,0,18,19,3,7,0,0,0,0,0,0,0,1,2,5,6,1,67,10,-1,-1,-1,-1,-1,-1,0,-1
2023161324208,2023,161324208,1,1,0,18,19,3,7,0,0,1,0,0,0,0,1,1,6,6,1,17,4,-1,-1,-1,-1,3,E01012827,0,-1
2023401282570,2023,401282570,2,1,0,18,19,-1,-1,0,0,0,0,0,0,0,1,1,5,6,1,28,6,-1,-1,-1,-1,2,E01015737,0,-1
2023010438706,2023,010438706,1,97,0,99,99,9,9,99,99,9,9,99,9,99,1,1,6,6,1,17,4,-1,-1,-1,-1,4,E01030608,0,-1
2023461361857,2023,461361857,2,-1,0,18,19,7,3,0,0,0,0,0,0,0,1,1,6,6,2,-1,-1,-1,-1,-1,-1,-1,-1,1,-1
2023451384007,2023,451384007,1,1,0,18,19,7,3,9,9,1,0,0,0,0,1,1,2,2,1,40,7,-1,-1,-1,-1,10,E01030495,0,-1
2023131292767,2023,131292767,2,1,0,18,19,2,6,0,0,1,0,0,0,0,4,1,6,6,2,35,6,-1,-1,-1,-1,9,E01011513,0,-1
2023010465965,2023,010465965,1,1,9,99,99,9,9,99,99,9,9,99,9,99,9,1,2,2,1,50,8,-1,-1,-1,-1,4,E01004622,0,-1
2023320547815,2023,320547815,1,10,0,18,19,7,2,0,0,4,5,0,0,0,3,1,6,6,1,55,8,-1,-1,-1,-1,4,E01026019,0,-1
2023430225222,2023,430225222,2,1,0,18,19,2,6,0,0,8,0,0,0,0,3,1,6,6,1,38,7,-1,-1,-1,-1,10,E01016188,0,-1
2023041326362,2023,041326362,1,9,0,18,19,3,7,0,0,0,0,0,0,0,1,1,5,6,1,55,8,-1,-1,-1,-1,9,E01012386,0,-1
2023411306221,2023,411306221,1,9,-1,16,19,6,8,0,0,1,0,0,0,0,-1,1,6,6,2,-1,-1,-1,-1,-1,-1,-1,-1,0,-1
2023170S12363,2023,170S12363,2,9,0,9,9,7,5,0,0,8,0,0,0,0,3,1,6,6,2,34,6,-1,-1,-1,-1,9,E01033475,0,-1
2023991268854,2023,991268854,2,1,0,5,5,5,1,0,0,1,0,0,0,0,2,1,6,6,2,22,5,-1,-1,-1,-1,-1,-1,0,-1
2023052301868,2023,052301868,1,1,0,18,19,1,5,0,0,1,0,0,0,0,1,1,6,6,3,-1,-1,-1,-1,-1,-1,-1,-1,0,-1
2023141318618,2023,141318618,2,1,0,18,19,4,8,0,0,2,0,0,0,0,1,1,6,6,2,27,6,-1,-1,-1,-1,1,E01007643,0,-1
2023010481239,2023,010481239,2,1,0,18,19,3,7,0,0,8,1,0,0,0,0,1,6,6,1,38,7,-1,-1,-1,-1,3,E01003295,0,-1
2023461300070,2023,461300070,1,9,-1,-1,-1,-1,-1,-1,-1,0,-1,-1,-1,0,-1,1,1,1,1,-1,-1,-1,-1,-1,-1,10,E01024337,0,-1
2023461303983,2023,461303983,2,1,0,18,19,3,7,0,0,8,0,0,0,0,1,1,6,6,1,46,8,-1,-1,-1,-1,6,E01024460,0,-1
2023440285903,2023,440285903,1,9,0,3,3,5,1,0,0,1,0,0,0,0,2,1,6,6,1,62,9,-1,-1,-1,-1,7,E01017050,0,-1
2023311278447,2023,311278447,2,90,4,6,6,5,1,0,0,0,0,0,0,0,1,1,6,6,1,42,7,-1,-1,-1,-1,-1,-1,0,-1
2023010485582,2023,010485582,2,1,0,18,19,3,7,0,0,6,0,0,0,0,1,1,2,2,1,33,6,-1,-1,-1,-1,3,E01003609,0,-1
2023501315695,2023,501315695,1,-1,0,18,19,1,5,0,0,1,0,0,0,0,1,1,6,6,1,11,3,-1,-1,-1,-1,6,E01015187,1,-1
2023991354604,2023,991354604,2,9,0,16,19,5,1,0,0,0,0,0,0,0,1,1,1,1,1,21,5,-1,-1,-1,-1,8,-1,0,-1
2023010450272,2023,010450272,2,1,0,18,19,8,4,0,0,0,2,4,0,0,1,1,6,6,1,20,4,-1,-1,-1,-1,2,E01003303,0,-1
2023421310418,2023,421310418,2,9,0,18,19,3,7,0,0,0,0,0,0,0,3,1,1,1,1,25,5,-1,-1,-1,-1,-1,-1,0,-1
2023991346979,2023,991346979,2,9,0,18,19,1,5,0,0,0,0,0,0,0,2,1,2,2,1,33,6,-1,-1,-1,-1,-1,-1,0,-1
2023061326212,2023,061326212,2,1,0,18,19,4,8,0,0,1,1,0,0,0,1,1,5,6,2,26,6,-1,-1,-1,-1,6,E01005083,0,-1
2023401325316,2023,401325316,1,9,0,1,1,-1,-1,0,0,0,0,0,0,0,2,1,6,6,3,-1,-1,-1,-1,-1,-1,-1,-1,0,-1
2023631377743,2023,631377743,2,1,0,8,8,1,3,0,0,8,0,0,0,0,1,1,6,6,1,56,9,-1,-1,-1,-1,1,W01000511,0,-1
2023320206003,2023,320206003,1,1,0,18,19,4,8,0,0,0,5,0,0,0,1,1,2,2,2,21,5,-1,-1,-1,-1,5,E01026266,0,-1
2023461371044,2023,461371044,1,9,0,18,19,7,3,0,0,0,0,0,0,0,1,1,6,6,1,-1,-1,-1,-1,-1,-1,-1,-1,0,-1
2023010448946,2023,010448946,2,9,0,99,99,9,9,99,99,9,9,99,9,99,1,9,6,6,3,-1,-1,-1,-1,-1,-1,-1,-1,0,-1
2023161304468,2023,161304468,2,1,0,18,19,3,7,4,4,1,0,0,0,0,3,1,1,1,2,43,7,-1,-1,-1,-1,2,E01012884,0,-1
2023010432714,2023,010432714,2,1,0,18,19,5,1,0,0,0,0,4,0,0,4,1,6,6,1,41,7,-1,-1,-1,-1,7,E01030051,0,-1
2023170S11453,2023,170S11453,3,19,0,18,19,3,7,0,0,1,0,0,0,0,1,1,1,1,1,45,7,-1,-1,-1,-1,1,E01012251,0,-1
2023010445240,2023,010445240,2,9,0,99,99,9,9,99,99,9,9,99,9,99,2,9,6,6,3,-1,-1,-1,-1,-1,-1,6,E01017550,0,-1
202360A088562,2023,60A088562,2,9,3,15,15,3,7,0,0,5,0,0,0,0,3,1,6,6,1,44,7,-1,-1,-1,-1,-1,-1,0,-1
2023481371679,2023,481371679,2,1,0,14,14,3,7,0,0,2,0,0,0,0,4,1,5,6,1,31,6,-1,-1,-1,-1,-1,-1,0,-1
2023052300294,2023,052300294,2,1,0,18,19,6,2,0,0,8,0,0,0,0,1,1,2,2,1,38,7,-1,-1,-1,-1,3,E01006906,0,-1
2023010458840,2023,010458840,1,1,9,99,99,9,9,99,99,9,9,99,9,99,9,1,2,2,1,34,6,-1,-1,-1,-1,3,E01003136,0,-1
2023010437466,2023,010437466,2,1,0,4,4,1,5,0,0,8,0,0,0,0,3,1,6,6,2,47,8,-1,-1,-1,-1,4,E01003211,0,-1
2023430326512,2023,430326512,1,3,0,18,19,7,3,0,0,0,0,0,0,0,1,1,1,1,1,18,4,-1,-1,-1,-1,4,E01016724,0,-1
2023101312402,2023,101312402,1,3,0,-1,-1,-1,-1,-1,-1,0,-1,-1,-1,0,-1,1,6,6,3,-1,-1,-1,-1,-1,-1,-1,-1,0,-1
2023010468616,2023,010468616,2,1,0,5,5,1,5,0,0,8,0,0,0,0,1,1,4,7,1,11,3,-1,-1,-1,-1,-1,-1,0,-1
2023010463616,2023,010463616,2,9,9,99,99,9,9,99,99,9,9,99,9,99,9,9,6,6,2,-1,-1,-1,-1,-1,-1,-1,-1,0,-1
2023010448844,2023,010448844,1,9,0,18,19,5,1,0,0,0,0,0,0,0,1,1,6,6,3,-1,-1,-1,-1,-1,-1,-1,-1,0,-1
2023052301423,2023,052301423,1,9,0,10,10,5,1,0,0,8,0,0,0,0,1,1,6,6,3,-1,-1,-1,-1,-1,-1,-1,-1,0,-1
2023010454719,2023,010454719,3,1,0,18,19,1,5,99,99,9,0,99,0,0,9,1,6,6,3,-1,-1,-1,-1,-1,-1,6,E01003954,0,-1
2023010421845,2023,010421845,2,1,0,4,4,5,1,0,0,5,0,0,0,0,0,1,6,6,1,41,7,-1,-1,-1,-1,5,E01000140,0,-1
2023010476300,2023,010476300,4,9,9,99,99,9,9,99,99,9,9,99,9,99,9,9,6,6,3,-1,-1,-1,-1,-1,-1,-1,-1,0,-1
2023211326349,2023,211326349,1,9,-1,1,1,-1,-1,-1,-1,0,-1,-1,-1,0,-1,1,6,6,1,66,10,-1,-1,-1,-1,8,E01029525,0,-1
2023361271382,2023,361271382,2,1,0,12,12,6,2,0,0,1,0,0,0,0,1,1,6,6,1,86,11,-1,-1,-1,-1,2,E01026425,0,-1
2023401270810,2023,401270810,1,20,1,12,12,-1,-1,0,0,0,0,0,0,0,3,1,6,6,3,-1,-1,-1,-1,-1,-1,-1,-1,0,-1
2023010469785,2023,010469785,2,8,0,99,99,9,9,99,99,9,9,99,9,99,2,9,6,6,3,-1,-1,-1,-1,-1,-1,-1,-1,0,-1
2023546661323,2023,546661323,1,9,0,1,1,3,7,0,0,1,0,0,0,0,2,1,6,6,3,-1,-1,-1,-1,-1,-1,-1,-1,0,-1
2023451339094,2023,451339094,1,9,0,18,19,7,3,0,0,0,0,0,0,0,1,1,1,1,1,26,6,-1,-1,-1,-1,3,E01032851,0,-1
2023010477552,2023,010477552,3,9,0,99,99,9,9,99,99,9,9,99,9,99,2,9,6,6,3,-1,-1,-1,-1,-1,-1,-1,-1,0,-1
2023010454915,2023,010454915,2,1,0,18,19,7,3,0,0,1,0,0,0,0,4,1,2,2,2,46,8,-1,-1,-1,-1,3,E01000866,0,-1
2023461359244,2023,461359244,2,1,0,18,19,-1,-1,0,0,0,0,0,0,0,4,1,2,2,1,30,6,-1,-1,-1,-1,9,E01023993,0,-1
2023131362574,2023,131362574,1,9,0,-1,-1,3,7,-1,-1,-1,-1,-1,-1,-1,-1,1,6,6,2,-1,-1,-1,-1,-1,-1,-1,-1,0,-1
2023010458776,2023,010458776,1,1,9,99,99,9,9,99,99,9,9,99,9,99,9,1,6,6,2,28,6,-1,-1,-1,-1,4,E01002696,0,-1
2023351410521,2023,351410521,1,9,0,4,4,7,3,0,0,1,0,0,0,0,4,1,1,1,1,26,6,-1,-1,-1,-1,1,E01018103,0,-1
2023211420523,2023,211420523,2,97,0,18,19,5,1,0,0,0,0,0,0,0,1,1,5,6,1,27,6,-1,-1,-1,-1,2,E01014281,0,-1
202354B638023,2023,54B638023,2,9,0,17,19,6,2,0,0,0,5,0,1,4,1,1,6,6,1,52,8,-1,-1,-1,-1,6,E01031844,0,-1
2023061376660,2023,061376660,2,98,0,-1,-1,-1,-1,-1,-1,0,-1,-1,-1,0,-1,1,6,6,3,-1,-1,-1,-1,-1,-1,9,E01005882,0,-1
2023111265213,2023,111265213,1,9,0,5,5,1,7,0,0,1,0,0,0,0,1,1,6,6,3,16,4,-1,-1,-1,-1,-1,-1,0,-1
2023161259218,2023,161259218,1,9,0,15,15,7,3,0,0,8,0,0,1,0,1,1,5,6,2,45,7,-1,-1,-1,-1,1,E01012898,0,-1
2023411377430,2023,411377430,1,19,0,18,19,5,1,0,0,0,0,0,0,0,0,1,1,1,1,27,6,-1,-1,-1,-1,4,E01024027,0,-1
2023010423878,2023,010423878,1,1,9,99,99,9,9,99,99,9,9,99,9,99,1,1,2,2,1,33,6,-1,-1,-1,-1,2,E01001115,0,-1
2023340WN3822,2023,340WN3822,2,9,0,18,19,5,1,0,0,0,0,0,0,0,1,1,1,1,1,33,6,-1,-1,-1,-1,3,E01031856,0,-1
2023421366099,2023,421366099,1,98,-1,-1,-1,-1,-1,-1,-1,0,-1,-1,-1,0,-1,1,6,6,3,-1,-1,-1,-1,-1,-1,-1,-1,0,-1
2023430454016,2023,430454016,1,-1,0,18,19,7,3,9,9,0,0,0,0,0,1,1,6,6,1,15,3,-1,-1,-1,-1,-1,-1,1,-1
2023131378046,2023,131378046,1,9,0,5,5,3,7,0,0,1,0,0,0,0,1,1,6,6,1,-1,-1,-1,-1,-1,-1,-1,-1,0,-1
2023010485231,2023,010485231,2,1,0,18,19,1,5,0,0,2,2,0,0,0,4,1,6,6,1,23,5,-1,-1,-1,-1,4,E01002594,0,-1
2023320090468,2023,320090468,2,1,0,7,7,3,4,0,0,6,5,0,0,0,3,1,6,6,1,64,9,-1,-1,-1,-1,8,E01013185,0,-1
2023070509815,2023,070509815,2,1,0,18,19,8,6,0,0,2,0,0,0,0,4,1,6,6,1,23,5,-1,-1,-1,-1,-1,-1,0,-1
2023070944203,2023,070944203,1,1,0,9,9,3,1,0,0,3,0,0,0,0,1,1,2,2,1,67,10,-1,-1,-1,-1,9,E01018628,0,-1
2023430039423,2023,430039423,1,1,0,18,19,3,6,9,9,8,0,0,0,0,1,1,3,7,1,49,8,-1,-1,-1,-1,9,E01028772,0,-1
2023010465930,2023,010465930,1,1,9,99,99,9,9,99,99,9,9,99,9,99,1,1,2,2,1,56,9,-1,-1,-1,-1,9,E01004607,0,-1
2023010428947,2023,010428947,2,2,0,7,7,6,1,0,0,6,5,0,0,0,1,1,1,1,1,22,5,-1,-1,-1,-1,2,E01001625,0,-1
2023010468079,2023,010468079,2,1,0,18,19,5,1,0,0,1,0,0,0,0,9,1,6,6,1,35,6,-1,-1,-1,-1,4,E01004049,0,-1
2023302300107,2023,302300107,3,11,0,3,3,2,6,0,0,0,0,0,0,0,0,1,1,1,3,-1,-1,-1,-1,-1,-1,5,E01019456,0,-1
2023461401391,2023,461401391,1,21,1,18,19,7,5,0,0,4,0,0,0,0,1,1,6,6,1,51,8,-1,-1,-1,-1,-1,-1,0,-1
2023010466405,2023,010466405,2,9,0,99,99,9,9,99,99,9,9,99,9,99,1,9,6,6,3,-1,-1,-1,-1,-1,-1,-1,-1,0,-1
2023421323846,2023,421323846,1,9,0,-1,-1,-1,-1,-1,-1,0,-1,-1,-1,0,-1,1,6,6,1,-1,-1,-1,-1,-1,-1,-1,-1,0,-1
2023430124904,2023,430124904,2,1,0,18,19,3,7,0,0,8,0,0,0,0,1,1,6,6,2,34,6,-1,-1,-1,-1,6,E01028579,0,-1
2023461313150,2023,461313150,1,1,0,18,19,6,2,0,0,0,0,0,0,0,1,1,6,6,2,44,7,-1,-1,-1,-1,8,E01004069,0,-1
2023010469630,2023,010469630,2,1,0,18,19,1,5,0,0,1,0,0,0,0,1,1,6,6,2,51,8,-1,-1,-1,-1,4,E01004457,0,-1
2023010461038,2023,010461038,2,9,0,99,99,9,9,99,99,9,9,99,9,99,9,9,6,6,3,-1,-1,-1,-1,-1,-1,2,E01002003,0,-1
2023471381011,2023,471381011,1,9,0,18,19,1,4,0,0,0,0,0,0,0,1,1,6,6,3,-1,-1,-1,-1,-1,-1,-1,-1,0,-1
2023421307911,2023,421307911,2,1,0,18,19,3,7,0,0,8,0,0,0,0,4,1,2,2,2,23,5,-1,-1,-1,-1,1,E01015852,0,-1
2023201325725,2023,201325725,1,9,0,1,1,1,6,0,0,0,0,0,0,0,2,1,1,1,1,56,9,-1,-1,-1,-1,2,E01010562,0,-1