collision_index,collision_year,collision_ref_no,vehicle_reference,vehicle_type,towing_and_articulation,vehicle_manoeuvre_historic,vehicle_manoeuvre,vehicle_direction_from,vehicle_direction_to,vehicle_location_restricted_lane_historic,vehicle_location_restricted_lane,junction_location,skidding_and_overturning,hit_object_in_carriageway,vehicle_leaving_carriageway,hit_object_off_carriageway,first_point_of_impact,vehicle_left_hand_drive,journey_purpose_of_driver_historic,journey_purpose_of_driver,sex_of_driver,age_of_driver,age_band_of_driver,engine_capacity_cc,propulsion_code,age_of_vehicle,generic_make_model,driver_imd_decile,lsoa_of_driver,escooter_flag,driver_distance_banding
202363B020623,2023,63B020623,1,1,0,5,5,6,2,0,0,8,0,0,0,0,1,1,6,6,1,15,3,-1,-1,-1,-1,7,W01000507,0,-1
2023451317292,2023,451317292,1,1,0,18,19,8,4,0,0,8,5,0,0,0,4,1,5,6,1,33,6,-1,-1,-1,-1,8,E01030313,0,-1
2023440056961,2023,440056961,2,9,0,18,19,5,1,0,0,1,0,0,0,0,1,1,1,1,1,42,7,-1,-1,-1,-1,5,E01015740,0,-1
2023231316016,2023,231316016,2,9,0,4,4,3,7,0,0,0,0,0,0,0,2,1,6,6,3,35,6,-1,-1,-1,-1,-1,-1,0,-1
2023010431047,2023,010431047,2,9,0,99,99,9,9,99,99,9,9,99,9,99,1,9,6,6,3,-1,-1,-1,-1,-1,-1,-1,-1,0,-1
2023010477451,2023,010477451,1,1,0,9,9,2,8,0,0,5,0,0,0,0,2,1,1,1,1,34,6,-1,-1,-1,-1,2,E01004390,0,-1
2023461338409,2023,461338409,1,9,0,18,19,6,2,0,0,1,0,0,0,0,1,1,5,6,2,56,9,-1,-1,-1,-1,5,E01024206,0,-1
2023201461868,2023,201461868,1,9,0,18,19,8,4,0,0,2,0,0,0,0,4,1,2,2,2,39,7,-1,-1,-1,-1,1,E01009566,0,-1
2023010485927,2023,010485927,2,9,0,99,99,9,9,99,99,9,9,99,9,99,1,9,6,6,3,-1,-1,-1,-1,-1,-1,-1,-1,0,-1
2023421318229,2023,421318229,2,1,0,18,19,8,4,0,0,0,0,0,0,0,4,1,6,6,1,28,6,-1,-1,-1,-1,8,E01021444,0,-1
2023122300785,2023,122300785,1,1,0,18,19,1,5,0,0,1,0,0,0,0,2,1,6,6,2,29,6,-1,-1,-1,-1,5,E01013384,0,-1
2023520301804,2023,520301804,1,1,0,18,19,4,8,0,0,0,0,0,0,0,3,1,6,6,1,61,9,-1,-1,-1,-1,3,E01032635,0,-1
2023631355691,2023,631355691,2,9,0,18,19,1,5,0,0,1,0,0,0,0,1,1,1,1,1,30,6,-1,-1,-1,-1,7,W01000642,0,-1
2023201392088,2023,201392088,1,9,0,15,15,7,3,0,0,0,0,0,0,0,1,1,6,6,3,-1,-1,-1,-1,-1,-1,-1,-1,0,-1
2023371432620,2023,371432620,2,1,0,18,19,7,4,0,0,8,0,0,0,0,2,1,5,6,1,18,4,-1,-1,-1,-1,2,E01030029,0,-1
2023531388666,2023,531388666,1,-1,0,18,19,7,3,0,0,1,0,0,0,0,1,1,6,6,1,-1,-1,-1,-1,-1,-1,-1,-1,1,-1
2023430387992,2023,430387992,2,1,0,18,19,8,4,0,0,8,0,0,0,0,1,1,6,6,1,58,9,-1,-1,-1,-1,10,E01023422,0,-1
2023201292543,2023,201292543,2,9,0,5,5,7,3,0,0,1,0,0,0,0,1,1,6,6,3,-1,-1,-1,-1,-1,-1,-1,-1,0,-1
2023461263635,2023,461263635,2,1,-1,18,19,1,5,0,0,1,0,0,0,0,1,1,6,6,1,32,6,-1,-1,-1,-1,10,E01024751,0,-1
2023101312640,2023,101312640,2,9,0,18,19,3,7,0,0,3,0,0,0,0,4,1,6,6,1,44,7,-1,-1,-1,-1,10,E01008309,0,-1
2023471305954,2023,471305954,2,9,0,18,19,8,4,0,0,0,0,0,0,0,1,1,2,2,1,38,7,-1,-1,-1,-1,3,E01031556,0,-1
2023421271821,2023,421271821,1,98,0,18,19,2,7,0,0,4,0,0,0,0,1,1,6,6,3,-1,-1,-1,-1,-1,-1,-1,-1,0,-1
2023010469233,2023,010469233,2,9,0,5,5,1,5,0,0,1,0,0,0,0,1,1,6,6,3,-1,-1,-1,-1,-1,-1,-1,-1,0,-1
2023451378670,2023,451378670,2,9,0,18,19,7,3,0,0,0,0,0,0,0,3,1,5,6,1,42,7,-1,-1,-1,-1,4,E01002973,0,-1
2023141370050,2023,141370050,1,9,0,18,19,1,4,0,0,0,0,0,0,0,4,1,6,6,3,40,7,-1,-1,-1,-1,-1,-1,0,-1
2023549284623,2023,549284623,2,1,0,5,5,5,1,0,0,1,0,0,0,0,1,1,6,6,2,58,9,-1,-1,-1,-1,2,E01015540,0,-1
2023161285112,2023,161285112,1,1,0,9,9,7,5,0,0,5,0,0,0,0,2,1,6,6,1,47,8,-1,-1,-1,-1,1,E01013208,0,-1
2023211433306,2023,211433306,3,9,0,18,19,1,5,0,0,0,0,0,0,0,1,1,2,2,1,30,6,-1,-1,-1,-1,-1,-1,0,-1
202363A034223,2023,63A034223,1,21,4,11,11,2,6,0,0,8,0,0,0,0,1,1,1,1,1,41,7,-1,-1,-1,-1,-1,-1,0,-1
2023522301419,2023,522301419,1,-1,0,18,19,6,2,0,0,0,0,0,0,0,1,1,6,6,2,20,4,-1,-1,-1,-1,3,E01014540,1,-1
2023311267679,2023,311267679,2,1,0,18,19,7,3,5,5,1,0,0,0,0,3,1,4,7,1,12,3,-1,-1,-1,-1,9,E01013979,0,-1
2023201318139,2023,201318139,1,9,0,18,19,8,4,0,0,8,0,0,0,0,1,1,1,1,1,27,6,-1,-1,-1,-1,1,E01010370,0,-1
2023610018223,2023,610018223,1,1,0,18,19,8,4,9,9,0,0,0,0,0,1,1,6,6,1,-1,-1,-1,-1,-1,-1,-1,-1,0,-1
2023221397266,2023,221397266,1,9,0,9,9,6,3,0,0,7,0,0,0,0,1,1,6,6,1,29,6,-1,-1,-1,-1,5,E01014065,0,-1
2023201373733,2023,201373733,2,9,0,18,19,8,2,0,0,1,0,0,0,0,1,1,6,6,3,-1,-1,-1,-1,-1,-1,-1,-1,0,-1
2023501310360,2023,501310360,1,9,0,12,12,7,8,0,0,0,0,0,0,0,3,1,2,2,1,45,7,-1,-1,-1,-1,6,E01020456,0,-1
2023351378431,2023,351378431,2,1,0,18,19,7,3,0,0,1,0,0,0,0,1,1,6,6,1,18,4,-1,-1,-1,-1,1,E01015602,0,-1
2023161362970,2023,161362970,1,9,0,18,19,4,8,0,0,0,0,0,0,0,1,1,6,6,1,34,6,-1,-1,-1,-1,1,E01012837,0,-1
2023430424211,2023,430424211,3,9,0,18,19,6,2,0,0,0,0,0,0,0,0,1,6,6,3,-1,-1,-1,-1,-1,-1,-1,-1,0,-1
2023010478298,2023,010478298,2,1,0,18,19,1,3,0,0,1,1,0,0,0,0,1,2,2,2,34,6,-1,-1,-1,-1,3,E01002105,0,-1
2023161322364,2023,161322364,3,23,0,13,13,5,1,0,0,0,1,4,0,0,1,1,6,6,3,-1,-1,-1,-1,-1,-1,-1,-1,0,-1
2023131279804,2023,131279804,2,1,0,18,19,6,2,0,0,1,0,0,0,0,1,1,6,6,1,49,8,-1,-1,-1,-1,6,E01011534,0,-1
2023302300489,2023,302300489,2,9,0,12,12,2,4,0,0,3,0,0,0,0,4,1,6,6,3,-1,-1,-1,-1,-1,-1,5,E01019456,0,-1
2023430550163,2023,430550163,2,9,0,18,19,4,8,0,0,4,0,0,0,0,1,1,6,6,3,-1,-1,-1,-1,-1,-1,-1,-1,0,-1
2023141383070,2023,141383070,1,90,0,18,19,6,2,0,0,1,0,0,0,0,1,1,5,6,1,17,4,-1,-1,-1,-1,8,E01007362,0,-1
2023531268035,2023,531268035,1,9,0,4,4,5,1,0,0,0,0,0,0,0,2,1,2,2,2,36,7,-1,-1,-1,-1,9,E01022259,0,-1
2023610049223,2023,610049223,1,20,0,18,19,8,4,0,0,0,0,0,0,0,4,1,1,1,1,52,8,-1,-1,-1,-1,5,W01001383,0,-1
2023430299595,2023,430299595,1,-1,0,18,19,4,8,0,0,1,0,0,0,0,4,1,6,6,1,14,3,-1,-1,-1,-1,6,E01028559,1,-1
2023010448654,2023,010448654,1,1,0,18,19,7,3,0,0,2,0,10,0,0,2,1,6,6,1,30,6,-1,-1,-1,-1,3,E01033596,0,-1
2023010470246,2023,010470246,2,9,0,9,9,5,2,0,0,1,0,0,0,0,1,1,6,6,3,-1,-1,-1,-1,-1,-1,-1,-1,0,-1
2023010457402,2023,010457402,1,1,0,4,4,7,3,0,0,0,0,0,1,10,0,1,2,2,1,47,8,-1,-1,-1,-1,2,E01002566,0,-1
2023010427483,2023,010427483,2,11,0,99,99,9,9,99,99,0,9,99,9,99,1,9,6,6,3,-1,-1,-1,-1,-1,-1,-1,-1,0,-1
2023010467571,2023,010467571,1,1,9,99,99,9,9,99,99,9,9,99,9,99,9,1,2,2,1,24,5,-1,-1,-1,-1,4,E01004015,0,-1
2023010479715,2023,010479715,2,19,0,99,99,9,9,99,99,9,9,99,9,99,9,9,6,6,3,-1,-1,-1,-1,-1,-1,-1,-1,0,-1
2023311269789,2023,311269789,2,9,0,18,19,2,6,0,0,6,0,0,0,0,1,1,1,1,2,47,8,-1,-1,-1,-1,-1,-1,0,-1
2023131361728,2023,131361728,1,20,0,-1,-1,-1,-1,-1,-1,-1,-1,-1,-1,-1,-1,1,6,6,3,-1,-1,-1,-1,-1,-1,-1,-1,0,-1
2023010444806,2023,010444806,2,-1,0,18,19,2,6,0,0,1,0,0,0,0,1,1,1,1,1,-1,-1,-1,-1,-1,-1,1,E01002034,1,-1
2023401265926,2023,401265926,1,9,0,18,19,-1,-1,0,0,0,0,0,0,0,1,1,6,6,3,-1,-1,-1,-1,-1,-1,-1,-1,0,-1
2023430383134,2023,430383134,1,8,0,18,19,3,7,0,0,1,0,0,0,0,1,1,6,6,1,45,7,-1,-1,-1,-1,-1,-1,0,-1
2023471273263,2023,471273263,2,1,0,18,19,5,1,0,0,8,0,0,0,0,3,1,4,7,1,12,3,-1,-1,-1,-1,5,E01031594,0,-1
2023451332024,2023,451332024,1,1,0,18,19,8,4,0,0,0,1,12,1,0,4,1,5,6,2,56,9,-1,-1,-1,-1,3,E01030483,0,-1
2023461344828,2023,461344828,1,9,0,4,4,1,5,0,0,0,0,0,0,0,2,1,5,6,3,-1,-1,-1,-1,-1,-1,-1,-1,0,-1
2023010433268,2023,010433268,2,9,0,99,99,9,9,99,99,9,9,99,9,99,9,9,6,6,3,-1,-1,-1,-1,-1,-1,-1,-1,0,-1
2023610044723,2023,610044723,2,9,0,18,19,8,4,0,0,8,0,0,0,0,1,1,2,2,1,19,4,-1,-1,-1,-1,10,W01001636,0,-1
2023201378548,2023,201378548,1,9,0,18,19,8,4,0,0,0,0,0,0,0,1,1,1,1,1,26,6,-1,-1,-1,-1,2,E01008919,0,-1
2023010449663,2023,010449663,2,1,0,18,19,1,5,0,0,0,0,0,0,0,1,1,1,1,1,32,6,-1,-1,-1,-1,4,E01001756,0,-1
202360A002970,2023,60A002970,2,1,0,18,19,6,2,0,0,8,0,0,0,0,1,1,6,6,1,60,9,-1,-1,-1,-1,-1,-1,0,-1
2023101373627,2023,101373627,3,9,0,2,2,0,0,0,0,0,0,0,0,0,2,1,1,1,1,61,9,-1,-1,-1,-1,4,E01020614,0,-1
2023430135454,2023,430135454,1,9,0,18,19,8,4,0,0,0,0,0,0,0,1,1,6,6,3,-1,-1,-1,-1,-1,-1,-1,-1,0,-1
2023340WN5472,2023,340WN5472,3,17,0,18,19,6,2,0,0,1,0,0,0,0,0,1,6,6,3,-1,-1,-1,-1,-1,-1,-1,-1,0,-1
2023201299367,2023,201299367,2,9,0,18,19,2,5,0,0,8,0,0,0,0,4,1,6,6,3,-1,-1,-1,-1,-1,-1,-1,-1,0,-1
2023991375344,2023,991375344,1,98,4,17,19,5,3,0,0,4,0,0,1,0,2,1,6,6,1,58,9,-1,-1,-1,-1,4,-1,0,-1
2023041370191,2023,041370191,1,1,0,-1,-1,-1,-1,0,0,0,0,0,0,0,1,1,6,6,3,-1,-1,-1,-1,-1,-1,-1,-1,0,-1
2023010446534,2023,010446534,1,1,9,99,99,9,9,99,99,9,9,99,9,99,9,1,6,6,1,63,9,-1,-1,-1,-1,4,E01003213,0,-1
2023501302233,2023,501302233,2,9,-1,-1,-1,-1,-1,-1,-1,-1,-1,-1,-1,0,-1,1,5,6,3,-1,-1,-1,-1,-1,-1,-1,-1,0,-1
2023440177031,2023,440177031,1,-1,0,18,19,1,5,0,0,8,0,0,0,0,1,1,2,2,1,20,4,-1,-1,-1,-1,2,E01022965,1,-1
2023201428073,2023,201428073,2,9,0,18,19,6,2,0,0,8,0,0,0,0,1,1,6,6,1,-1,-1,-1,-1,-1,-1,-1,-1,0,-1
2023010479441,2023,010479441,1,9,9,99,99,9,9,99,99,9,9,99,9,99,9,9,6,6,3,-1,-1,-1,-1,-1,-1,-1,-1,0,-1
2023471311380,2023,471311380,1,1,0,18,19,7,3,0,0,1,0,0,0,0,1,1,2,2,1,51,8,-1,-1,-1,-1,9,E01031458,0,-1
2023010478667,2023,010478667,1,1,0,18,19,1,5,5,5,8,0,0,0,0,1,1,6,6,3,-1,-1,-1,-1,-1,-1,-1,-1,0,-1
2023522300855,2023,522300855,2,9,0,13,13,1,5,0,0,0,0,0,0,0,1,1,6,6,3,-1,-1,-1,-1,-1,-1,-1,-1,0,-1
2023522300223,2023,522300223,2,1,0,18,19,7,3,0,0,0,0,0,0,0,1,1,6,6,2,-1,-1,-1,-1,-1,-1,-1,-1,0,-1
2023201408182,2023,201408182,1,9,0,18,19,2,6,0,0,8,0,0,0,0,1,1,6,6,1,-1,-1,-1,-1,-1,-1,-1,-1,0,-1
2023501383367,2023,501383367,1,9,0,18,19,3,7,0,0,1,1,0,0,0,1,1,5,6,1,39,7,-1,-1,-1,-1,3,E01019028,0,-1
2023501462035,2023,501462035,3,9,0,18,19,1,5,0,0,0,0,0,0,0,2,1,6,6,3,-1,-1,-1,-1,-1,-1,-1,-1,0,-1
2023461302509,2023,461302509,4,1,0,17,19,1,5,9,9,0,0,0,0,0,1,1,6,6,1,64,9,-1,-1,-1,-1,9,E01033214,0,-1
2023340WN7352,2023,340WN7352,3,9,0,4,4,6,2,0,0,0,0,0,0,0,2,1,6,6,1,27,6,-1,-1,-1,-1,6,E01027234,0,-1
2023547176423,2023,547176423,1,5,0,4,4,5,1,0,0,0,1,10,0,0,0,1,6,6,1,62,9,-1,-1,-1,-1,9,E01032069,0,-1
2023041319159,2023,041319159,2,1,0,18,19,1,5,0,0,1,0,2,0,0,4,1,6,6,1,46,8,-1,-1,-1,-1,8,E01025443,0,-1
2023161326824,2023,161326824,2,9,0,18,19,8,4,0,0,0,0,0,0,0,1,1,6,6,1,70,10,-1,-1,-1,-1,-1,-1,0,-1
2023471383144,2023,471383144,2,1,0,18,19,8,4,0,0,1,0,0,0,0,1,1,6,6,1,45,7,-1,-1,-1,-1,7,E01016896,0,-1
2023010435150,2023,010435150,2,1,0,18,19,7,3,0,0,6,0,0,0,0,1,1,1,1,1,24,5,-1,-1,-1,-1,3,E01001141,0,-1
2023052302281,2023,052302281,2,1,0,18,19,5,1,0,0,1,0,0,0,0,1,1,6,6,1,15,3,-1,-1,-1,-1,5,E01007106,0,-1
2023302301892,2023,302301892,2,1,0,18,19,6,2,0,0,0,1,0,1,0,4,1,6,6,1,53,8,-1,-1,-1,-1,1,E01008084,0,-1
2023522301459,2023,522301459,2,1,0,13,13,6,2,0,0,0,0,0,0,0,1,1,6,6,1,22,5,-1,-1,-1,-1,1,E01033348,0,-1
2023531262670,2023,531262670,1,-1,0,18,19,6,2,4,4,0,0,0,0,0,1,1,6,6,1,30,6,-1,-1,-1,-1,-1,-1,1,-1
2023131357399,2023,131357399,1,9,0,-1,-1,-1,-1,-1,-1,-1,-1,-1,-1,0,-1,1,6,6,3,-1,-1,-1,-1,-1,-1,-1,-1,0,-1
2023421309371,2023,421309371,1,19,0,18,19,1,5,0,0,0,0,0,0,0,1,1,6,6,1,-1,-1,-1,-1,-1,-1,-1,-1,0,-1
2023101305135,2023,101305135,1,9,-1,-1,-1,-1,-1,-1,-1,-1,-1,-1,-1,0,-1,1,6,6,1,-1,-1,-1,-1,-1,-1,-1,-1,0,-1
2023461278600,2023,461278600,1,9,-1,-1,-1,-1,-1,-1,-1,0,-1,-1,-1,0,-1,1,6,6,3,-1,-1,-1,-1,-1,-1,-1,-1,0,-1
2023052301699,2023,052301699,1,-1,0,18,19,5,1,0,0,8,0,0,0,0,1,1,6,6,1,40,7,-1,-1,-1,-1,1,E01006673,1,-1
2023010450683,2023,010450683,2,1,9,18,19,1,5,0,0,9,5,0,0,0,1,1,2,2,1,50,8,-1,-1,-1,-1,9,E01000768,0,-1
2023101272988,2023,101272988,1,9,0,5,5,6,2,0,0,4,0,0,0,0,1,1,6,6,3,21,5,-1,-1,-1,-1,-1,-1,0,-1
202360A088031,2023,60A088031,2,1,0,8,8,3,5,0,0,1,0,0,0,0,1,1,6,6,1,13,3,-1,-1,-1,-1,-1,-1,0,-1
2023351361057,2023,351361057,1,-1,0,18,19,-1,-1,0,0,0,0,0,0,0,1,1,6,6,3,-1,-1,-1,-1,-1,-1,-1,-1,0,-1
2023010443948,2023,010443948,3,19,9,18,19,1,5,99,99,0,9,99,9,99,9,1,6,6,3,-1,-1,-1,-1,-1,-1,-1,-1,0,-1
2023302301621,2023,302301621,2,1,0,18,19,1,4,0,0,8,0,0,0,0,4,1,6,6,2,37,7,-1,-1,-1,-1,6,E01013528,0,-1
2023361361177,2023,361361177,1,9,0,18,19,1,5,0,0,8,0,0,0,0,1,1,2,2,1,27,6,-1,-1,-1,-1,1,E01007327,0,-1
2023122301123,2023,122301123,1,1,0,18,19,6,2,0,0,0,0,0,0,0,2,1,6,6,1,12,3,-1,-1,-1,-1,9,E01013434,0,-1
2023010449203,2023,010449203,2,1,0,4,4,5,1,0,0,1,0,4,0,0,1,1,1,1,1,34,6,-1,-1,-1,-1,3,E01003264,0,-1
2023052302445,2023,052302445,2,1,0,18,19,5,1,0,0,1,1,8,0,0,1,1,6,6,1,39,7,-1,-1,-1,-1,1,E01033747,0,-1
2023471338577,2023,471338577,1,9,0,18,19,5,1,0,0,0,0,0,0,0,1,1,6,6,3,-1,-1,-1,-1,-1,-1,-1,-1,0,-1
2023471344904,2023,471344904,2,9,0,-1,-1,-1,-1,-1,-1,0,-1,-1,-1,0,-1,1,6,6,3,-1,-1,-1,-1,-1,-1,-1,-1,0,-1
2023501274534,2023,501274534,1,9,0,18,19,5,1,0,0,0,0,11,0,0,4,1,6,6,3,-1,-1,-1,-1,-1,-1,-1,-1,0,-1
2023451316861,2023,451316861,2,9,0,9,9,5,3,0,0,8,0,0,0,0,1,1,5,6,1,20,4,-1,-1,-1,-1,8,E01031732,0,-1
2023520300539,2023,520300539,1,9,0,9,9,2,7,0,0,8,0,0,0,0,1,1,1,1,1,36,7,-1,-1,-1,-1,8,E01032630,0,-1
2023010461985,2023,010461985,2,1,0,18,19,5,1,0,0,8,0,0,0,0,1,1,6,6,1,-1,-1,-1,-1,-1,-1,-1,-1,0,-1
2023430438313,2023,430438313,4,9,0,2,2,0,0,0,0,0,0,0,0,0,2,1,6,6,3,-1,-1,-1,-1,-1,-1,-1,-1,0,-1
2023430062225,2023,430062225,2,1,0,17,19,2,7,0,0,0,0,0,0,0,3,1,4,7,2,15,3,-1,-1,-1,-1,-1,-1,0,-1
2023010454382,2023,010454382,2,1,0,18,19,7,3,0,0,8,0,0,0,0,4,1,2,2,2,32,6,-1,-1,-1,-1,4,E01002987,0,-1
2023010437497,2023,010437497,1,1,9,99,99,9,9,99,99,9,9,99,9,99,1,1,2,2,1,41,7,-1,-1,-1,-1,4,E01003409,0,-1
2023010457213,2023,010457213,1,1,9,99,99,9,9,99,99,0,9,99,9,99,1,1,6,6,1,33,6,-1,-1,-1,-1,6,E01002875,0,-1
2023010449655,2023,010449655,1,9,0,99,99,9,9,99,99,9,9,99,9,99,1,9,6,6,3,-1,-1,-1,-1,-1,-1,-1,-1,0,-1
2023610043723,2023,610043723,3,9,0,2,2,0,0,0,0,0,0,0,0,0,1,1,6,6,2,79,11,-1,-1,-1,-1,10,W01001651,0,-1
2023010445079,2023,010445079,2,9,0,9,9,7,5,99,99,9,9,99,9,99,9,9,6,6,3,-1,-1,-1,-1,-1,-1,-1,-1,0,-1
2023010439883,2023,010439883,1,1,9,99,99,9,9,99,99,9,9,99,9,99,9,1,6,6,1,33,6,-1,-1,-1,-1,2,E01004224,0,-1
2023311260656,2023,311260656,1,9,0,18,19,2,6,0,0,0,0,0,0,0,1,1,5,6,2,42,7,-1,-1,-1,-1,5,E01028314,0,-1
2023010476524,2023,010476524,1,9,9,99,99,9,9,99,99,9,9,99,9,99,9,9,6,6,3,-1,-1,-1,-1,-1,-1,-1,-1,0,-1
202363C028323,2023,63C028323,2,9,0,17,19,7,4,0,0,0,0,0,0,0,1,1,6,6,1,42,7,-1,-1,-1,-1,-1,-1,0,-1
2023361344597,2023,361344597,4,4,0,18,19,8,3,0,0,0,1,0,0,0,1,1,6,6,1,27,6,-1,-1,-1,-1,-1,-1,0,-1
2023010480961,2023,010480961,1,9,0,18,19,5,1,0,0,1,0,0,0,0,1,1,6,6,3,-1,-1,-1,-1,-1,-1,-1,-1,0,-1
2023141305406,2023,141305406,2,22,0,5,5,1,5,0,0,6,5,0,0,0,1,1,6,6,2,41,7,-1,-1,-1,-1,1,E01007574,0,-1
2023991371564,2023,991371564,1,9,0,18,19,2,5,0,0,4,0,0,0,0,1,1,2,2,1,48,8,-1,-1,-1,-1,9,-1,0,-1
2023010443819,2023,010443819,2,1,0,18,19,3,7,0,0,8,0,0,0,0,1,1,6,6,1,48,8,-1,-1,-1,-1,9,E01004640,0,-1
2023471307530,2023,471307530,1,9,0,9,9,2,7,0,0,6,0,0,0,0,3,1,1,1,2,29,6,-1,-1,-1,-1,8,E01031382,0,-1
2023451370127,2023,451370127,2,9,0,6,6,6,6,0,0,1,0,0,0,0,3,1,6,6,1,32,6,-1,-1,-1,-1,-1,-1,0,-1
2023101390394,2023,101390394,2,11,0,2,2,3,7,2,2,0,0,0,0,0,2,1,1,1,3,-1,-1,-1,-1,-1,-1,-1,-1,0,-1
2023131364300,2023,131364300,2,1,0,18,19,4,8,0,0,8,5,0,0,0,3,1,2,2,1,60,9,-1,-1,-1,-1,7,E01011689,0,-1
2023010461202,2023,010461202,2,1,0,18,19,1,5,0,0,1,0,0,0,0,4,1,6,6,1,71,10,-1,-1,-1,-1,2,E01004233,0,-1
2023141292616,2023,141292616,1,9,0,18,19,2,6,0,0,0,0,0,0,0,1,1,6,6,3,-1,-1,-1,-1,-1,-1,-1,-1,0,-1
2023320653321,2023,320653321,2,9,0,18,19,6,2,0,0,8,0,0,0,0,1,1,6,6,1,64,9,-1,-1,-1,-1,8,E01032996,0,-1
2023421293160,2023,421293160,1,19,0,12,12,1,5,0,0,0,0,0,0,0,4,1,6,6,3,-1,-1,-1,-1,-1,-1,-1,-1,0,-1
2023101361956,2023,101361956,1,8,0,18,19,1,5,0,0,8,0,0,0,0,1,1,1,1,3,40,7,-1,-1,-1,-1,-1,-1,0,-1
2023302300672,2023,302300672,3,9,0,18,19,2,6,0,0,0,0,0,0,0,2,1,6,6,1,64,9,-1,-1,-1,-1,6,E01013476,0,-1
2023161339816,2023,161339816,2,9,0,18,19,6,3,0,0,8,0,0,0,0,4,1,6,6,2,-1,-1,-1,-1,-1,-1,-1,-1,0,-1
2023161319556,2023,161319556,2,97,0,18,19,3,7,0,0,0,0,4,0,0,1,1,6,6,1,19,4,-1,-1,-1,-1,2,E01032595,0,-1
2023471322829,2023,471322829,1,1,0,18,19,7,3,0,0,0,0,0,0,0,1,1,6,6,1,19,4,-1,-1,-1,-1,3,E01016860,0,-1
2023010456733,2023,010456733,1,1,9,99,99,9,9,99,99,9,9,99,9,99,2,1,6,6,1,21,5,-1,-1,-1,-1,7,E01000480,0,-1
2023332301258,2023,332301258,1,9,0,7,7,4,6,0,0,5,0,0,0,0,1,1,6,6,2,35,6,-1,-1,-1,-1,-1,-1,0,-1
2023451362275,2023,451362275,1,-1,0,18,19,1,5,0,0,0,0,0,0,0,3,1,5,6,1,17,4,-1,-1,-1,-1,5,E01030663,1,-1
2023131289922,2023,131289922,2,1,0,18,19,3,6,0,0,0,0,0,0,0,2,1,6,6,2,24,5,-1,-1,-1,-1,3,E01011488,0,-1
2023010482055,2023,010482055,2,1,0,18,19,5,1,0,0,8,0,0,0,0,4,1,1,1,1,32,6,-1,-1,-1,-1,4,E01000534,0,-1
2023440222263,2023,440222263,2,1,0,18,19,2,6,0,0,8,0,0,0,0,4,1,6,6,1,49,8,-1,-1,-1,-1,8,E01017059,0,-1
2023221305796,2023,221305796,1,1,0,18,19,2,6,0,0,0,0,4,0,0,1,1,6,6,1,58,9,-1,-1,-1,-1,2,E01032260,0,-1
2023411301978,2023,411301978,2,9,0,18,19,4,1,0,0,8,0,0,0,0,1,1,6,6,2,64,9,-1,-1,-1,-1,8,E01023875,0,-1
202354A778823,2023,54A778823,1,19,0,13,13,8,4,0,0,0,0,0,0,0,1,1,1,1,1,42,7,-1,-1,-1,-1,7,E01031887,0,-1
2023010449166,2023,010449166,2,20,0,99,99,9,9,99,99,9,9,99,9,99,1,9,6,6,3,-1,-1,-1,-1,-1,-1,-1,-1,0,-1
2023311285664,2023,311285664,2,1,0,18,19,2,8,0,0,1,0,0,0,0,1,1,1,1,1,17,4,-1,-1,-1,-1,1,E01013884,0,-1
2023991347662,2023,991347662,1,9,0,6,6,5,5,0,0,0,0,0,0,0,3,1,5,6,1,49,8,-1,-1,-1,-1,4,-1,0,-1
2023010486555,2023,010486555,1,1,9,99,99,9,9,99,99,9,9,99,9,99,1,1,6,6,1,18,4,-1,-1,-1,-1,8,E01003798,0,-1
2023522300998,2023,522300998,1,1,0,18,19,1,5,4,4,8,0,0,0,0,1,1,6,6,1,59,9,-1,-1,-1,-1,2,E01014660,0,-1
2023201340185,2023,201340185,2,9,0,5,5,7,1,0,0,6,0,0,0,0,0,1,2,2,2,32,6,-1,-1,-1,-1,2,E01009746,0,-1
2023010476467,2023,010476467,1,9,0,18,19,1,5,0,0,1,0,0,0,0,1,2,6,6,3,-1,-1,-1,-1,-1,-1,-1,-1,0,-1
2023461342595,2023,461342595,1,9,0,18,19,5,1,0,0,0,0,0,0,0,1,1,6,6,3,-1,-1,-1,-1,-1,-1,-1,-1,0,-1
2023311359375,2023,311359375,2,9,0,3,3,4,7,0,0,1,0,0,0,0,2,1,6,6,1,40,7,-1,-1,-1,-1,7,E01028163,0,-1
2023010459355,2023,010459355,1,1,9,99,99,9,9,99,99,9,9,99,9,99,9,1,2,2,1,37,7,-1,-1,-1,-1,7,E01002474,0,-1
2023430503881,2023,430503881,1,1,0,18,19,4,8,0,0,0,0,0,0,0,3,1,2,2,1,46,8,-1,-1,-1,-1,9,E01016513,0,-1
2023010441284,2023,010441284,1,1,9,99,99,9,9,99,99,9,9,99,9,99,1,1,2,2,1,46,8,-1,-1,-1,-1,3,E01033710,0,-1
2023440344496,2023,440344496,1,22,0,1,1,4,8,0,0,2,0,0,0,0,1,1,6,6,1,70,10,-1,-1,-1,-1,2,E01017186,0,-1
2023201339764,2023,201339764,2,9,0,18,19,6,2,0,0,0,0,0,0,0,3,1,6,6,3,-1,-1,-1,-1,-1,-1,-1,-1,0,-1
2023522400199,2023,522400199,2,9,0,1,1,1,5,0,0,6,0,0,0,0,2,1,1,1,1,-1,-1,-1,-1,-1,-1,-1,-1,0,-1
2023061363533,2023,061363533,1,8,0,4,4,3,7,0,0,1,0,0,0,0,1,1,1,1,1,-1,-1,-1,-1,-1,-1,-1,-1,0,-1
2023201387948,2023,201387948,1,-1,0,12,12,4,8,0,0,0,0,0,0,0,1,1,6,6,3,-1,-1,-1,-1,-1,-1,-1,-1,0,-1
2023311317327,2023,311317327,1,9,0,6,6,4,4,0,0,4,0,0,0,0,0,1,1,1,3,-1,-1,-1,-1,-1,-1,-1,-1,0,-1
2023010471677,2023,010471677,1,9,0,7,7,3,6,0,0,5,0,0,0,0,4,1,6,6,3,-1,-1,-1,-1,-1,-1,-1,-1,0,-1
2023010462262,2023,010462262,2,3,5,18,19,7,3,0,0,1,0,0,0,0,3,1,2,2,1,43,7,-1,-1,-1,-1,1,E01002067,0,-1
2023101359198,2023,101359198,2,1,0,18,19,4,2,0,0,0,0,0,0,0,2,1,4,7,1,16,4,-1,-1,-1,-1,2,E01008489,0,-1
2023070020965,2023,070020965,1,9,0,1,1,3,7,9,9,0,0,0,0,0,0,1,6,6,1,-1,-1,-1,-1,-1,-1,7,E01018448,0,-1