collision_index,collision_year,collision_ref_no,vehicle_reference,vehicle_type,towing_and_articulation,vehicle_manoeuvre_historic,vehicle_manoeuvre,vehicle_direction_from,vehicle_direction_to,vehicle_location_restricted_lane_historic,vehicle_location_restricted_lane,junction_location,skidding_and_overturning,hit_object_in_carriageway,vehicle_leaving_carriageway,hit_object_off_carriageway,first_point_of_impact,vehicle_left_hand_drive,journey_purpose_of_driver_historic,journey_purpose_of_driver,sex_of_driver,age_of_driver,age_band_of_driver,engine_capacity_cc,propulsion_code,age_of_vehicle,generic_make_model,driver_imd_decile,lsoa_of_driver,escooter_flag,driver_distance_banding
2023131317845,2023,131317845,2,1,0,5,5,1,5,0,0,8,5,0,0,0,1,1,6,6,1,9,2,-1,-1,-1,-1,4,E01010801,0,-1
2023231411829,2023,231411829,1,1,0,18,19,4,8,0,0,8,0,0,0,0,3,1,1,1,1,21,5,-1,-1,-1,-1,2,E01029824,0,-1
2023010467389,2023,010467389,2,1,0,9,9,3,1,0,0,3,5,0,0,0,1,1,6,6,1,24,5,-1,-1,-1,-1,3,E01033583,0,-1
2023501370810,2023,501370810,2,1,0,18,19,5,1,0,0,1,5,0,0,0,3,1,5,6,1,66,10,-1,-1,-1,-1,6,E01020243,0,-1
2023401264870,2023,401264870,1,9,0,18,19,4,8,0,0,2,0,0,0,0,1,1,6,6,1,33,6,-1,-1,-1,-1,2,E01015726,0,-1
2023411390587,2023,411390587,3,-1,0,18,19,5,1,0,0,0,0,0,0,0,2,1,6,6,3,-1,-1,-1,-1,-1,-1,-1,-1,0,-1
2023540031123,2023,540031123,2,1,0,18,19,8,4,0,0,8,0,0,0,0,1,1,6,6,1,55,8,-1,-1,-1,-1,10,E01015533,0,-1
2023430339390,2023,430339390,2,1,0,7,7,1,4,0,0,8,0,0,0,0,1,1,6,6,2,24,5,-1,-1,-1,-1,8,E01028547,0,-1
2023010474042,2023,010474042,1,1,0,18,19,1,5,0,0,1,5,0,0,0,0,1,2,2,1,28,6,-1,-1,-1,-1,2,E01003044,0,-1
2023501379206,2023,501379206,2,9,0,18,19,3,7,0,0,0,0,0,0,0,3,1,5,6,2,24,5,-1,-1,-1,-1,9,E01020371,0,-1
2023430531513,2023,430531513,2,8,0,10,10,6,2,0,0,1,0,0,0,0,2,1,1,1,1,-1,-1,-1,-1,-1,-1,-1,-1,0,-1
2023522300390,2023,522300390,2,1,0,9,9,1,6,1,1,8,0,0,0,0,2,1,6,6,1,58,9,-1,-1,-1,-1,10,E01014759,0,-1
2023421305964,2023,421305964,2,1,0,18,19,1,5,0,0,3,0,0,0,0,1,1,5,6,1,35,6,-1,-1,-1,-1,-1,-1,0,-1
2023041344052,2023,041344052,1,9,0,18,19,3,7,0,0,0,0,0,7,1,1,1,5,6,1,81,11,-1,-1,-1,-1,-1,-1,0,-1
2023430113483,2023,430113483,1,9,0,18,19,5,1,0,0,0,0,0,0,0,1,1,6,6,1,30,6,-1,-1,-1,-1,5,E01028633,0,-1
2023520300150,2023,520300150,1,1,0,18,19,7,3,0,0,1,0,0,0,0,3,1,6,6,1,16,4,-1,-1,-1,-1,4,E01029116,0,-1
2023411272046,2023,411272046,2,1,0,18,19,5,1,0,0,8,0,0,0,0,1,1,2,2,1,50,8,-1,-1,-1,-1,9,E01023964,0,-1
2023522400845,2023,522400845,1,1,0,18,19,9,9,0,0,1,0,0,0,0,3,1,6,6,1,32,6,-1,-1,-1,-1,6,E01014734,0,-1
2023430058003,2023,430058003,2,-1,0,18,19,8,4,0,0,0,0,0,0,0,4,1,6,6,1,22,5,-1,-1,-1,-1,4,E01028471,1,-1
2023631391890,2023,631391890,1,9,0,18,19,1,5,0,0,0,0,0,1,9,3,1,5,6,1,18,4,-1,-1,-1,-1,7,W01000573,0,-1
2023411366515,2023,411366515,2,1,0,18,19,1,5,0,0,0,0,0,0,0,2,1,6,6,1,27,6,-1,-1,-1,-1,4,E01023857,0,-1
2023010435715,2023,010435715,1,1,0,18,19,7,3,0,0,8,0,0,0,0,1,1,6,6,2,45,7,-1,-1,-1,-1,2,E01033707,0,-1
2023201339308,2023,201339308,1,9,0,9,9,3,1,0,0,6,0,0,0,0,4,1,6,6,1,26,6,-1,-1,-1,-1,1,E01009566,0,-1
2023361381252,2023,361381252,1,9,0,8,8,3,4,0,0,1,1,0,0,0,1,1,1,1,1,48,8,-1,-1,-1,-1,1,E01026641,0,-1
2023340WN1252,2023,340WN1252,2,9,0,18,19,7,3,0,0,8,0,0,0,0,1,1,6,6,1,46,8,-1,-1,-1,-1,-1,-1,0,-1
2023131388780,2023,131388780,2,9,0,18,19,3,7,0,0,1,0,0,0,0,1,1,6,6,1,62,9,-1,-1,-1,-1,10,E01010570,0,-1
2023311290433,2023,311290433,2,1,0,18,19,1,5,0,0,1,0,0,0,0,1,1,1,1,2,38,7,-1,-1,-1,-1,4,E01027929,0,-1
2023010479677,2023,010479677,2,10,0,11,11,9,9,99,99,0,9,99,9,99,4,9,6,6,3,-1,-1,-1,-1,-1,-1,-1,-1,0,-1
2023302300335,2023,302300335,1,1,0,18,19,4,8,0,0,0,0,0,0,0,3,1,6,6,1,16,4,-1,-1,-1,-1,1,E01013584,0,-1
2023061388506,2023,061388506,1,1,0,18,19,-1,-1,0,0,0,0,0,0,0,2,1,6,6,3,31,6,-1,-1,-1,-1,2,E01006352,0,-1
2023101378050,2023,101378050,1,-1,0,18,19,7,3,0,0,6,0,0,0,0,1,1,6,6,2,22,5,-1,-1,-1,-1,1,E01008603,1,-1
2023371374353,2023,371374353,1,9,-1,-1,-1,-1,-1,-1,-1,-1,-1,-1,-1,0,-1,1,6,6,3,-1,-1,-1,-1,-1,-1,-1,-1,0,-1
2023401343171,2023,401343171,1,21,1,12,12,1,5,0,0,0,0,0,0,0,3,1,1,1,1,44,7,-1,-1,-1,-1,-1,-1,0,-1
2023010439549,2023,010439549,2,1,0,18,19,5,1,0,0,1,0,0,0,0,2,1,2,2,2,29,6,-1,-1,-1,-1,1,E01003921,0,-1
2023351337595,2023,351337595,2,1,0,9,9,8,6,0,0,3,0,10,0,0,3,1,2,2,1,29,6,-1,-1,-1,-1,3,E01018072,0,-1
2023501345321,2023,501345321,2,1,0,18,19,3,7,0,0,0,0,0,1,10,3,1,6,6,1,34,6,-1,-1,-1,-1,7,E01020027,0,-1
2023522300551,2023,522300551,1,1,0,18,19,6,2,0,0,1,0,0,0,0,4,1,6,6,1,28,6,-1,-1,-1,-1,4,E01014485,0,-1
2023991333498,2023,991333498,1,9,0,18,19,7,3,0,0,8,5,10,2,10,1,1,5,6,1,44,7,-1,-1,-1,-1,-1,-1,0,-1
2023010425373,2023,010425373,2,8,0,99,99,9,9,99,99,0,9,99,9,99,9,9,6,6,3,-1,-1,-1,-1,-1,-1,-1,-1,0,-1
2023522301057,2023,522301057,1,9,0,16,19,5,7,0,0,1,0,0,0,0,1,1,6,6,1,18,4,-1,-1,-1,-1,10,E01014615,0,-1
2023522301728,2023,522301728,3,9,0,3,3,6,2,0,0,1,0,0,0,0,2,1,6,6,3,-1,-1,-1,-1,-1,-1,-1,-1,0,-1
2023010441561,2023,010441561,1,-1,0,18,19,5,1,4,4,2,0,0,0,0,3,1,6,6,2,19,4,-1,-1,-1,-1,2,E01004201,1,-1
2023010479291,2023,010479291,1,1,9,99,99,9,9,99,99,0,9,99,9,99,1,1,6,6,1,35,6,-1,-1,-1,-1,5,E01004046,0,-1
2023061328664,2023,061328664,2,1,-1,-1,-1,-1,-1,-1,-1,0,-1,-1,-1,0,-1,1,6,6,1,-1,-1,-1,-1,-1,-1,-1,-1,0,-1
2023170M10993,2023,170M10993,2,1,0,18,19,4,8,0,0,6,0,0,0,0,1,1,6,6,1,16,4,-1,-1,-1,-1,6,E01012012,0,-1
2023351368945,2023,351368945,1,8,0,3,3,-1,-1,0,0,1,0,0,0,0,-1,1,6,6,3,-1,-1,-1,-1,-1,-1,-1,-1,0,-1
2023010446184,2023,010446184,1,1,0,18,19,1,5,0,0,1,0,0,0,0,1,1,6,6,1,29,6,-1,-1,-1,-1,3,E01002044,0,-1
2023421325196,2023,421325196,1,97,0,18,19,1,5,0,0,0,0,0,0,0,1,1,6,6,1,11,3,-1,-1,-1,-1,8,E01021717,0,-1
2023421384348,2023,421384348,1,11,0,18,19,2,6,0,0,2,0,0,0,0,4,1,1,1,3,-1,-1,-1,-1,-1,-1,-1,-1,0,-1
2023101372721,2023,101372721,1,9,0,14,14,5,1,0,0,2,0,0,0,0,3,1,6,6,2,40,7,-1,-1,-1,-1,-1,-1,0,-1
2023010444097,2023,010444097,2,9,0,99,99,9,9,99,99,0,9,99,9,99,9,9,6,6,1,52,8,-1,-1,-1,-1,10,E01003871,0,-1
2023231367678,2023,231367678,1,8,0,7,7,8,2,0,0,5,0,0,0,0,2,1,1,1,3,40,7,-1,-1,-1,-1,-1,-1,0,-1
2023991390287,2023,991390287,1,9,0,17,19,7,2,0,0,6,0,0,0,0,3,1,6,6,3,30,6,-1,-1,-1,-1,-1,-1,0,-1
2023010477656,2023,010477656,2,9,0,99,99,9,9,99,99,9,9,99,9,99,0,9,6,6,3,-1,-1,-1,-1,-1,-1,5,E01022579,0,-1
2023421379935,2023,421379935,2,1,0,18,19,3,7,0,0,1,0,0,0,0,4,1,5,6,1,25,5,-1,-1,-1,-1,4,E01022016,0,-1
2023461315566,2023,461315566,1,9,0,9,9,1,5,0,0,8,0,0,0,0,1,1,6,6,3,-1,-1,-1,-1,-1,-1,-1,-1,0,-1
2023061274567,2023,061274567,2,1,0,9,9,5,1,0,0,1,0,0,0,0,2,1,2,2,1,72,10,-1,-1,-1,-1,7,E01005041,0,-1
2023041353761,2023,041353761,2,97,0,18,19,5,1,0,0,1,0,4,0,0,4,1,5,6,1,16,4,-1,-1,-1,-1,6,E01025004,0,-1
2023010478032,2023,010478032,2,90,0,99,99,9,9,99,99,9,9,99,9,99,1,9,6,6,3,-1,-1,-1,-1,-1,-1,-1,-1,0,-1
2023010484662,2023,010484662,1,9,0,99,99,9,9,99,99,1,9,99,9,99,9,9,6,6,3,-1,-1,-1,-1,-1,-1,-1,-1,0,-1
2023991436271,2023,991436271,1,9,0,5,5,4,4,0,0,4,0,0,0,0,1,2,6,6,3,18,4,-1,-1,-1,-1,-1,-1,0,-1
2023131381807,2023,131381807,4,1,0,18,19,4,4,0,0,1,0,0,0,0,1,1,5,6,1,24,5,-1,-1,-1,-1,9,E01010764,0,-1
2023501297134,2023,501297134,2,1,0,18,19,1,5,0,0,0,0,0,0,0,1,1,6,6,1,36,7,-1,-1,-1,-1,7,E01015099,0,-1
2023451334275,2023,451334275,1,97,0,18,19,3,5,0,0,1,0,0,0,0,1,1,6,6,3,20,4,-1,-1,-1,-1,-1,-1,0,-1
2023101309514,2023,101309514,2,1,0,7,7,5,1,0,0,3,0,0,0,0,3,1,2,2,1,55,8,-1,-1,-1,-1,5,E01008470,0,-1
2023052302090,2023,052302090,1,9,0,1,1,1,7,0,0,8,0,0,0,0,2,1,6,6,3,-1,-1,-1,-1,-1,-1,-1,-1,0,-1
2023371337430,2023,371337430,2,1,-1,-1,-1,-1,-1,-1,-1,0,-1,-1,-1,0,-1,1,5,6,1,27,6,-1,-1,-1,-1,1,E01030035,0,-1
2023010482472,2023,010482472,4,9,0,9,9,5,2,0,0,6,0,0,0,0,3,1,6,6,3,-1,-1,-1,-1,-1,-1,-1,-1,0,-1
2023461388549,2023,461388549,2,9,0,2,2,0,0,0,0,1,0,0,0,0,1,2,5,6,3,35,6,-1,-1,-1,-1,-1,-1,0,-1
2023041304507,2023,041304507,1,9,0,18,19,7,3,0,0,1,0,0,0,0,1,2,6,6,3,-1,-1,-1,-1,-1,-1,-1,-1,0,-1
2023201298690,2023,201298690,1,1,0,18,19,6,2,0,0,0,0,0,0,0,2,1,1,1,1,27,6,-1,-1,-1,-1,1,E01009273,0,-1
2023351358564,2023,351358564,2,-1,0,2,2,3,7,0,0,0,0,0,0,0,2,1,6,6,3,-1,-1,-1,-1,-1,-1,-1,-1,0,-1
2023411331791,2023,411331791,2,21,1,4,4,7,3,0,0,0,0,0,0,0,1,1,1,1,1,27,6,-1,-1,-1,-1,-1,-1,0,-1
2023010454133,2023,010454133,4,1,9,99,99,9,9,99,99,9,9,99,9,99,0,1,6,6,3,-1,-1,-1,-1,-1,-1,-1,-1,0,-1
2023311322294,2023,311322294,1,1,0,18,19,6,2,0,0,0,0,0,0,0,0,1,5,6,1,71,10,-1,-1,-1,-1,5,E01028341,0,-1
2023211346216,2023,211346216,2,1,0,18,19,1,5,5,5,0,0,7,0,0,1,1,5,6,1,55,8,-1,-1,-1,-1,1,E01014218,0,-1
2023332301070,2023,332301070,2,1,0,18,19,3,7,0,0,8,0,0,0,0,1,1,6,6,1,53,8,-1,-1,-1,-1,1,E01013621,0,-1
2023340WN3622,2023,340WN3622,1,9,0,18,19,1,5,0,0,1,0,0,0,0,4,1,6,6,2,60,9,-1,-1,-1,-1,6,E01027169,0,-1
2023411283563,2023,411283563,2,1,0,18,19,5,1,0,0,0,0,0,0,0,1,1,5,6,1,50,8,-1,-1,-1,-1,10,E01023691,0,-1
2023010419998,2023,010419998,3,1,9,99,99,9,9,99,99,9,9,99,9,99,0,1,6,6,3,33,6,-1,-1,-1,-1,-1,-1,0,-1
2023430523228,2023,430523228,2,9,0,18,19,3,7,0,0,8,0,0,0,0,3,1,2,2,1,35,6,-1,-1,-1,-1,3,E01032730,0,-1
2023052301836,2023,052301836,1,1,0,18,19,7,3,0,0,0,0,0,0,0,1,1,6,6,1,22,5,-1,-1,-1,-1,9,E01007151,0,-1
2023101288114,2023,101288114,1,9,0,18,19,1,5,0,0,0,0,4,0,0,4,1,6,6,3,17,4,-1,-1,-1,-1,-1,-1,0,-1
2023010425471,2023,010425471,2,9,0,99,99,9,9,99,99,9,9,99,9,99,1,9,6,6,3,-1,-1,-1,-1,-1,-1,-1,-1,0,-1
2023010458670,2023,010458670,1,1,9,99,99,9,9,99,99,9,9,99,9,99,9,1,6,6,1,29,6,-1,-1,-1,-1,8,E01001024,0,-1
2023041380601,2023,041380601,2,9,0,18,19,0,0,0,0,0,0,0,0,0,2,1,6,6,1,32,6,-1,-1,-1,-1,-1,-1,0,-1
2023461339380,2023,461339380,2,1,0,18,19,1,5,0,0,5,5,0,0,0,3,1,6,6,1,26,6,-1,-1,-1,-1,1,E01010441,0,-1
2023010431498,2023,010431498,2,23,0,99,99,9,9,99,99,9,9,99,9,99,1,1,6,6,1,22,5,-1,-1,-1,-1,7,E01002161,0,-1
2023501372412,2023,501372412,2,1,0,18,19,1,5,0,0,8,0,0,0,0,3,1,1,1,1,25,5,-1,-1,-1,-1,7,E01020214,0,-1
2023440376888,2023,440376888,1,1,0,18,19,3,7,0,0,1,0,0,0,0,3,1,2,2,1,27,6,-1,-1,-1,-1,3,E01032738,0,-1
2023101322263,2023,101322263,1,11,0,5,5,8,4,0,0,0,0,0,0,0,0,1,5,6,3,45,7,-1,-1,-1,-1,2,E01008791,0,-1
2023010443774,2023,010443774,2,9,0,99,99,9,9,99,99,9,9,99,9,99,1,9,6,6,3,-1,-1,-1,-1,-1,-1,4,E01004663,0,-1
2023421324972,2023,421324972,2,1,0,18,19,1,5,0,0,0,0,0,0,0,1,1,5,6,2,27,6,-1,-1,-1,-1,8,E01024209,0,-1
2023052302394,2023,052302394,2,9,0,5,5,8,4,0,0,8,0,0,0,0,4,1,1,1,1,22,5,-1,-1,-1,-1,2,E01006785,0,-1
2023302301926,2023,302301926,3,9,0,10,10,3,1,0,0,1,0,0,0,0,0,1,6,6,3,-1,-1,-1,-1,-1,-1,5,E01019456,0,-1
2023010462601,2023,010462601,1,9,0,9,9,1,7,0,0,1,0,0,0,0,1,1,6,6,3,-1,-1,-1,-1,-1,-1,-1,-1,0,-1
2023010464950,2023,010464950,2,1,0,18,19,3,7,0,0,1,0,0,0,0,1,1,6,6,1,64,9,-1,-1,-1,-1,6,E01002886,0,-1
2023201267121,2023,201267121,1,9,0,18,19,2,6,0,0,4,0,0,0,0,2,1,6,6,3,-1,-1,-1,-1,-1,-1,-1,-1,0,-1
2023061330182,2023,061330182,2,1,0,18,19,8,4,5,5,0,0,0,0,0,1,1,5,6,1,37,7,-1,-1,-1,-1,2,E01033686,0,-1
2023421325778,2023,421325778,1,9,0,9,9,7,5,0,0,5,0,0,0,0,4,1,6,6,1,-1,-1,-1,-1,-1,-1,-1,-1,0,-1
2023010456462,2023,010456462,1,1,9,99,99,9,9,99,99,9,9,99,9,99,1,1,6,6,3,-1,-1,-1,-1,-1,-1,-1,-1,0,-1
2023201458693,2023,201458693,1,9,0,18,19,7,4,0,0,0,0,0,0,0,1,1,6,6,3,-1,-1,-1,-1,-1,-1,-1,-1,0,-1
2023010429553,2023,010429553,1,1,9,99,99,9,9,99,99,9,9,99,9,99,1,1,1,1,1,32,6,-1,-1,-1,-1,6,E01004372,0,-1
2023010455941,2023,010455941,1,9,0,18,19,1,5,0,0,0,0,4,0,0,0,1,2,2,2,46,8,-1,-1,-1,-1,8,E01002163,0,-1
2023070225781,2023,070225781,2,1,0,18,19,6,1,0,0,2,0,0,0,0,2,1,1,1,1,37,7,-1,-1,-1,-1,2,E01033302,0,-1
2023991300333,2023,991300333,2,1,0,16,19,4,8,0,0,0,0,0,1,0,2,1,5,6,1,48,8,-1,-1,-1,-1,8,-1,0,-1
2023101304188,2023,101304188,2,1,0,18,19,8,8,0,0,0,0,0,0,0,3,1,5,6,1,40,7,-1,-1,-1,-1,2,E01020689,0,-1
2023010478830,2023,010478830,2,9,0,99,99,9,9,99,99,0,9,99,9,99,1,9,6,6,3,-1,-1,-1,-1,-1,-1,-1,-1,0,-1
2023421316903,2023,421316903,1,9,0,13,13,7,3,0,0,1,0,0,0,0,1,1,5,6,1,19,4,-1,-1,-1,-1,5,E01021362,0,-1
2023302301477,2023,302301477,2,1,0,18,19,1,6,0,0,8,0,0,0,0,1,1,6,6,1,-1,-1,-1,-1,-1,-1,7,E01029460,0,-1
2023031382756,2023,031382756,2,1,0,18,19,7,3,0,0,1,5,0,0,0,1,1,6,6,1,53,8,-1,-1,-1,-1,4,E01019247,0,-1
2023522300788,2023,522300788,1,19,0,18,19,1,5,0,0,8,0,0,0,0,3,1,6,6,1,61,9,-1,-1,-1,-1,5,E01014537,0,-1
2023041266300,2023,041266300,1,22,0,18,19,5,1,9,9,0,0,0,0,0,1,1,6,6,3,-1,-1,-1,-1,-1,-1,-1,-1,0,-1
2023010467418,2023,010467418,1,1,0,18,19,3,7,0,0,8,0,0,1,0,2,1,6,6,1,59,9,-1,-1,-1,-1,3,E01001489,0,-1
2023552301318,2023,552301318,1,9,0,18,19,2,6,0,0,4,0,0,0,0,1,1,6,6,1,67,10,-1,-1,-1,-1,10,E01020384,0,-1
2023122300737,2023,122300737,1,1,0,3,3,1,7,0,0,1,0,0,0,0,1,1,6,6,1,16,4,-1,-1,-1,-1,3,E01013385,0,-1
2023440180519,2023,440180519,2,1,0,9,9,4,1,0,0,1,1,0,0,0,2,1,6,6,1,-1,-1,-1,-1,-1,-1,-1,-1,0,-1
2023501319853,2023,501319853,1,1,0,18,19,8,4,0,0,0,2,0,0,0,0,1,5,6,1,32,6,-1,-1,-1,-1,8,E01020190,0,-1
2023520400674,2023,520400674,2,1,0,18,19,3,7,0,0,8,0,0,0,0,1,1,6,6,1,49,8,-1,-1,-1,-1,9,E01014440,0,-1
2023531352104,2023,531352104,2,9,0,10,10,1,5,0,0,1,0,0,0,0,2,1,1,1,1,60,9,-1,-1,-1,-1,5,E01022358,0,-1
2023010447879,2023,010447879,1,1,9,99,99,9,9,99,99,9,9,99,9,99,1,1,3,7,1,45,7,-1,-1,-1,-1,5,E01003945,0,-1
2023440489021,2023,440489021,1,-1,0,18,19,2,6,0,0,8,0,0,0,0,3,1,6,6,1,24,5,-1,-1,-1,-1,4,E01017083,1,-1
2023231372585,2023,231372585,1,-1,0,18,19,8,4,0,0,0,0,0,0,0,1,1,6,6,3,-1,-1,-1,-1,-1,-1,-1,-1,0,-1
2023440502268,2023,440502268,2,3,0,18,19,5,1,0,0,1,0,0,1,0,1,1,6,6,1,17,4,-1,-1,-1,-1,10,E01032850,0,-1
2023010423376,2023,010423376,2,1,0,18,19,1,5,0,0,1,5,0,0,0,1,1,2,2,1,42,7,-1,-1,-1,-1,3,E01001156,0,-1
2023201409582,2023,201409582,1,9,0,5,5,8,4,0,0,4,5,10,1,0,4,1,6,6,2,20,4,-1,-1,-1,-1,2,E01010474,0,-1
2023131392186,2023,131392186,2,1,0,18,19,1,1,0,0,8,0,0,0,0,1,1,5,6,2,53,8,-1,-1,-1,-1,6,E01011156,0,-1
2023010478630,2023,010478630,1,97,0,99,99,9,9,99,99,9,9,99,9,99,1,9,6,6,3,-1,-1,-1,-1,-1,-1,-1,-1,0,-1
2023141277548,2023,141277548,2,9,0,7,7,2,4,0,0,8,0,0,0,0,1,1,6,6,3,35,6,-1,-1,-1,-1,-1,-1,0,-1
2023041290993,2023,041290993,1,98,0,7,7,-1,-1,0,0,1,0,0,0,0,4,1,6,6,3,-1,-1,-1,-1,-1,-1,-1,-1,0,-1
2023010433923,2023,010433923,1,1,9,99,99,9,9,99,99,9,9,99,9,99,9,1,2,2,2,46,8,-1,-1,-1,-1,3,E01002620,0,-1
2023471304803,2023,471304803,2,9,0,18,19,2,6,0,0,1,0,0,0,0,3,1,6,6,1,51,8,-1,-1,-1,-1,4,E01031608,0,-1
202363B026823,2023,63B026823,2,9,0,18,19,6,2,0,0,8,1,0,1,10,3,1,6,6,2,31,6,-1,-1,-1,-1,-1,-1,0,-1
2023201461572,2023,201461572,1,19,0,9,9,6,8,0,0,6,0,0,0,0,3,1,1,1,1,40,7,-1,-1,-1,-1,3,E01010044,0,-1
2023440172767,2023,440172767,1,1,0,9,9,3,1,0,0,8,0,0,0,0,3,1,6,6,1,24,5,-1,-1,-1,-1,7,E01017224,0,-1
2023101311395,2023,101311395,1,11,0,18,19,5,1,0,0,2,0,0,0,0,0,1,1,1,1,43,7,-1,-1,-1,-1,1,E01008214,0,-1
2023411359417,2023,411359417,1,1,0,18,19,-1,-1,0,0,8,0,0,0,0,3,1,2,2,1,16,4,-1,-1,-1,-1,6,E01023413,0,-1
2023052302340,2023,052302340,1,8,0,1,1,1,5,0,0,0,0,0,0,0,2,1,6,6,3,-1,-1,-1,-1,-1,-1,-1,-1,0,-1
2023430420182,2023,430420182,2,-1,0,18,19,1,5,4,4,8,0,0,0,0,4,1,2,2,1,45,7,-1,-1,-1,-1,4,E01028525,1,-1
2023010433742,2023,010433742,2,9,0,99,99,9,9,99,99,9,9,99,9,99,1,9,6,6,3,-1,-1,-1,-1,-1,-1,-1,-1,0,-1
2023010469561,2023,010469561,1,8,0,99,99,9,9,99,99,9,9,99,9,99,1,9,6,6,3,-1,-1,-1,-1,-1,-1,-1,-1,0,-1
2023211382522,2023,211382522,1,9,0,18,19,7,3,0,0,0,0,0,0,0,1,2,6,6,2,50,8,-1,-1,-1,-1,-1,-1,0,-1
2023010481440,2023,010481440,1,3,0,99,99,9,9,99,99,9,9,99,9,99,1,1,6,6,2,28,6,-1,-1,-1,-1,3,E01001190,0,-1
2023361339360,2023,361339360,2,1,0,18,19,1,5,0,0,4,0,0,0,0,1,1,6,6,1,-1,-1,-1,-1,-1,-1,-1,-1,0,-1
2023061264686,2023,061264686,1,9,0,18,19,5,1,0,0,1,0,0,0,0,1,1,6,6,3,30,6,-1,-1,-1,-1,-1,-1,0,-1
2023201415319,2023,201415319,1,9,0,18,19,7,3,0,0,2,0,0,0,0,1,1,6,6,3,-1,-1,-1,-1,-1,-1,-1,-1,0,-1
2023010450622,2023,010450622,2,23,0,18,19,7,3,0,0,6,0,0,0,0,1,1,6,6,1,42,7,-1,-1,-1,-1,2,E01004755,0,-1
2023351366417,2023,351366417,2,9,0,9,9,5,3,0,0,1,0,0,0,0,1,1,6,6,2,27,6,-1,-1,-1,-1,10,E01033175,0,-1
2023401273706,2023,401273706,1,9,-1,5,5,2,6,0,0,0,0,0,0,0,1,1,6,6,1,19,4,-1,-1,-1,-1,-1,-1,0,-1
2023211384607,2023,211384607,2,9,0,4,4,5,1,0,0,0,0,0,0,0,2,1,6,6,2,21,5,-1,-1,-1,-1,3,E01029701,0,-1
2023052301750,2023,052301750,1,1,0,18,19,3,7,0,0,8,0,0,0,0,4,1,6,6,1,15,3,-1,-1,-1,-1,2,E01006477,0,-1
2023340WN6792,2023,340WN6792,2,-1,0,18,19,8,4,0,0,8,5,0,0,0,4,1,2,2,1,26,6,-1,-1,-1,-1,7,E01027172,1,-1
2023010441085,2023,010441085,2,1,0,15,15,1,5,0,0,6,0,0,0,0,2,1,2,2,2,62,9,-1,-1,-1,-1,1,E01002715,0,-1
2023010484498,2023,010484498,1,9,0,18,19,7,3,0,0,0,0,0,0,0,1,1,6,6,3,-1,-1,-1,-1,-1,-1,-1,-1,0,-1
2023411395050,2023,411395050,2,9,0,18,19,5,1,0,0,0,1,0,0,0,1,1,2,2,1,47,8,-1,-1,-1,-1,5,E01002302,0,-1
2023201393254,2023,201393254,2,22,0,5,5,1,5,0,0,2,0,0,0,0,1,1,6,6,1,17,4,-1,-1,-1,-1,5,E01008981,0,-1
2023101285893,2023,101285893,2,1,0,3,3,5,1,0,0,1,0,0,0,0,1,1,5,6,1,48,8,-1,-1,-1,-1,5,E01027448,0,-1
2023991321453,2023,991321453,1,1,0,18,19,4,7,0,0,0,0,0,0,0,1,1,1,1,1,50,8,-1,-1,-1,-1,10,-1,0,-1
2023401299326,2023,401299326,2,-1,0,17,19,5,3,0,0,0,0,0,0,0,2,1,6,6,3,-1,-1,-1,-1,-1,-1,-1,-1,0,-1
2023201398259,2023,201398259,1,9,0,18,19,3,7,0,0,1,0,0,0,0,1,1,6,6,1,-1,-1,-1,-1,-1,-1,-1,-1,0,-1
2023010455195,2023,010455195,1,9,0,99,99,9,9,99,99,0,9,99,9,99,2,9,6,6,3,-1,-1,-1,-1,-1,-1,-1,-1,0,-1
2023010455085,2023,010455085,2,1,0,18,19,5,1,0,0,0,5,10,0,0,1,1,4,7,1,11,3,-1,-1,-1,-1,4,E01003076,0,-1
2023501294959,2023,501294959,1,9,0,5,5,5,1,0,0,4,0,0,0,0,1,1,6,6,1,36,7,-1,-1,-1,-1,8,E01019970,0,-1
2023010419716,2023,010419716,2,1,0,9,9,8,5,0,0,1,0,0,0,0,1,1,2,2,1,33,6,-1,-1,-1,-1,2,E01023339,0,-1
2023010485902,2023,010485902,1,1,9,99,99,9,9,99,99,9,9,99,9,99,1,1,6,6,1,37,7,-1,-1,-1,-1,3,E01003923,0,-1
2023610044623,2023,610044623,2,9,0,10,10,7,3,0,0,8,0,0,0,0,1,1,2,2,1,59,9,-1,-1,-1,-1,4,W01001433,0,-1
2023531288251,2023,531288251,2,9,0,4,4,6,2,0,0,1,0,0,0,0,2,1,5,6,2,18,4,-1,-1,-1,-1,-1,-1,0,-1
2023430064105,2023,430064105,2,9,0,2,2,0,0,0,0,0,0,0,0,0,3,1,6,6,3,-1,-1,-1,-1,-1,-1,-1,-1,0,-1
2023501347213,2023,501347213,2,-1,0,12,12,5,1,-1,-1,0,0,0,0,0,3,1,6,6,3,-1,-1,-1,-1,-1,-1,-1,-1,0,-1
2023010459965,2023,010459965,2,19,0,99,99,9,9,99,99,9,9,99,9,99,9,9,6,6,3,-1,-1,-1,-1,-1,-1,-1,-1,0,-1
2023501347931,2023,501347931,1,9,0,18,19,2,6,0,0,0,0,0,0,0,4,1,6,6,3,-1,-1,-1,-1,-1,-1,-1,-1,0,-1
2023122300227,2023,122300227,1,1,0,18,19,7,3,0,0,6,1,0,0,0,1,1,6,6,1,17,4,-1,-1,-1,-1,4,E01027599,0,-1
2023211352095,2023,211352095,2,1,0,4,4,1,6,9,9,6,0,0,0,0,1,1,4,7,1,13,3,-1,-1,-1,-1,2,E01029445,0,-1
2023471318997,2023,471318997,2,1,0,18,19,3,7,0,0,1,0,0,0,0,4,1,3,7,1,13,3,-1,-1,-1,-1,9,E01031723,0,-1
2023010431471,2023,010431471,1,1,9,99,99,9,9,99,99,9,9,99,9,99,9,1,2,2,1,37,7,-1,-1,-1,-1,5,E01000140,0,-1
2023131299239,2023,131299239,1,9,0,9,9,5,3,0,0,8,0,0,0,0,1,1,6,6,3,-1,-1,-1,-1,-1,-1,-1,-1,0,-1
2023010474495,2023,010474495,1,10,0,18,19,7,3,0,0,8,9,0,0,0,3,9,6,6,3,-1,-1,-1,-1,-1,-1,-1,-1,0,-1