collision_index,collision_year,collision_ref_no,vehicle_reference,vehicle_type,towing_and_articulation,vehicle_manoeuvre_historic,vehicle_manoeuvre,vehicle_direction_from,vehicle_direction_to,vehicle_location_restricted_lane_historic,vehicle_location_restricted_lane,junction_location,skidding_and_overturning,hit_object_in_carriageway,vehicle_leaving_carriageway,hit_object_off_carriageway,first_point_of_impact,vehicle_left_hand_drive,journey_purpose_of_driver_historic,journey_purpose_of_driver,sex_of_driver,age_of_driver,age_band_of_driver,engine_capacity_cc,propulsion_code,age_of_vehicle,generic_make_model,driver_imd_decile,lsoa_of_driver,escooter_flag,driver_distance_banding
2023201339269,2023,201339269,2,8,0,5,5,3,8,0,0,6,0,0,0,0,1,1,6,6,3,-1,-1,-1,-1,-1,-1,-1,-1,0,-1
2023421314351,2023,421314351,1,97,0,18,19,3,7,0,0,1,1,0,0,0,1,1,6,6,2,16,4,-1,-1,-1,-1,4,E01015923,0,-1
2023302300531,2023,302300531,2,19,0,17,19,6,2,0,0,0,0,0,0,0,3,1,6,6,1,61,9,-1,-1,-1,-1,7,E01007997,0,-1
2023430415209,2023,430415209,2,9,0,15,15,2,6,0,0,0,0,0,0,0,3,1,6,6,1,-1,-1,-1,-1,-1,-1,-1,-1,0,-1
2023131328780,2023,131328780,1,1,0,18,19,5,1,0,0,8,0,0,0,0,0,1,5,6,1,74,10,-1,-1,-1,-1,7,E01011637,0,-1
2023340NN1422,2023,340NN1422,3,9,0,18,19,7,3,0,0,4,0,0,0,0,0,1,6,6,3,-1,-1,-1,-1,-1,-1,-1,-1,0,-1
2023010453883,2023,010453883,2,9,0,18,19,7,3,0,0,1,0,0,7,11,1,1,1,1,1,33,6,-1,-1,-1,-1,3,E01001637,0,-1
2023520400671,2023,520400671,1,1,0,18,19,4,8,0,0,0,0,0,0,0,3,1,6,6,1,66,10,-1,-1,-1,-1,6,E01029285,0,-1
2023440425660,2023,440425660,2,1,0,18,19,4,8,0,0,8,0,0,0,0,1,1,2,2,1,43,7,-1,-1,-1,-1,8,E01023084,0,-1
2023010451612,2023,010451612,1,1,9,99,99,9,9,99,99,9,9,99,9,99,9,1,2,2,1,44,7,-1,-1,-1,-1,10,E01030682,0,-1
2023522301699,2023,522301699,1,-1,0,17,19,9,9,0,0,8,0,0,0,0,4,1,6,6,2,36,7,-1,-1,-1,-1,3,E01014681,1,-1
2023522400163,2023,522400163,2,9,0,18,19,2,6,0,0,6,0,0,0,0,1,1,6,6,2,-1,-1,-1,-1,-1,-1,-1,-1,0,-1
2023010420560,2023,010420560,1,4,0,99,99,9,9,99,99,9,9,99,9,99,1,1,1,1,1,24,5,-1,-1,-1,-1,2,E01000013,0,-1
2023061316551,2023,061316551,1,1,0,18,19,3,7,0,0,2,0,0,0,0,1,1,6,6,1,15,3,-1,-1,-1,-1,-1,-1,0,-1
2023061298986,2023,061298986,1,9,-1,-1,-1,-1,-1,-1,-1,-1,-1,-1,-1,0,-1,1,6,6,1,-1,-1,-1,-1,-1,-1,-1,-1,0,-1
2023332300391,2023,332300391,1,1,0,18,19,2,6,4,4,1,0,0,0,0,1,1,1,1,1,33,6,-1,-1,-1,-1,-1,-1,0,-1
2023622300886,2023,622300886,2,22,0,18,19,6,2,0,0,8,0,0,0,0,1,1,6,6,2,50,8,-1,-1,-1,-1,1,W01001703,0,-1
2023461340157,2023,461340157,5,9,0,18,19,1,5,0,0,0,0,0,0,0,2,1,6,6,3,-1,-1,-1,-1,-1,-1,-1,-1,0,-1
2023542087123,2023,542087123,1,9,0,18,19,3,7,0,0,1,0,0,0,0,1,1,6,6,3,-1,-1,-1,-1,-1,-1,-1,-1,0,-1
2023010467605,2023,010467605,2,9,0,7,7,1,4,99,99,0,0,99,9,99,4,9,6,6,3,-1,-1,-1,-1,-1,-1,-1,-1,0,-1
2023211421494,2023,211421494,2,9,0,18,19,8,8,0,0,0,0,0,0,0,2,1,5,6,1,63,9,-1,-1,-1,-1,-1,-1,0,-1
2023501342699,2023,501342699,2,1,0,18,19,8,8,0,0,1,0,0,0,0,-1,1,6,6,1,29,6,-1,-1,-1,-1,6,E01020056,0,-1
2023201426387,2023,201426387,2,1,9,18,19,5,1,0,0,1,0,0,0,0,1,1,6,6,1,63,9,-1,-1,-1,-1,2,E01010096,0,-1
2023501298917,2023,501298917,2,-1,0,18,19,7,3,0,0,8,5,0,0,0,3,1,6,6,1,62,9,-1,-1,-1,-1,1,E01015046,1,-1
2023010483906,2023,010483906,1,-1,9,99,99,9,9,99,99,9,9,99,9,99,1,9,6,6,3,-1,-1,-1,-1,-1,-1,-1,-1,1,-1
2023311330598,2023,311330598,2,-1,0,18,19,8,4,0,0,8,0,0,0,0,1,1,6,6,1,52,8,-1,-1,-1,-1,1,E01013921,1,-1
2023411421968,2023,411421968,2,1,0,18,19,5,8,0,0,6,0,0,0,0,1,1,6,6,1,16,4,-1,-1,-1,-1,4,E01023870,0,-1
2023351330505,2023,351330505,1,-1,0,18,19,2,6,0,0,2,0,0,7,10,1,1,6,6,1,47,8,-1,-1,-1,-1,4,E01017947,1,-1
2023010472193,2023,010472193,2,1,0,18,19,7,3,0,0,1,0,0,0,0,1,1,1,1,1,52,8,-1,-1,-1,-1,5,E01003083,0,-1
2023211358311,2023,211358311,2,97,0,13,13,6,1,0,0,1,0,0,0,0,1,1,5,6,1,23,5,-1,-1,-1,-1,3,E01029472,0,-1
2023471263608,2023,471263608,1,9,0,7,7,3,6,0,0,6,0,0,0,0,-1,1,6,6,3,-1,-1,-1,-1,-1,-1,-1,-1,0,-1
2023010475034,2023,010475034,1,9,0,3,3,3,7,0,0,1,0,0,0,0,1,1,6,6,3,-1,-1,-1,-1,-1,-1,-1,-1,0,-1
2023161352659,2023,161352659,1,1,0,9,9,8,4,0,0,0,0,0,0,0,1,1,4,7,1,13,3,-1,-1,-1,-1,1,E01013204,0,-1
2023302301962,2023,302301962,1,97,0,14,14,5,1,0,0,0,1,0,0,0,1,1,6,6,3,-1,-1,-1,-1,-1,-1,-1,-1,0,-1
2023481363703,2023,481363703,1,8,0,18,19,1,5,0,0,8,0,0,0,0,1,1,1,1,1,40,7,-1,-1,-1,-1,-1,-1,0,-1
2023010437263,2023,010437263,1,1,0,18,19,1,5,0,0,8,0,0,0,0,1,1,6,6,1,22,5,-1,-1,-1,-1,-1,-1,0,-1
2023010444161,2023,010444161,2,1,0,18,19,3,7,0,0,1,0,0,0,0,3,1,1,1,1,24,5,-1,-1,-1,-1,2,E01004201,0,-1
2023201381260,2023,201381260,2,1,0,9,9,3,1,1,1,1,2,0,0,0,3,1,5,6,1,47,8,-1,-1,-1,-1,5,E01008981,0,-1
2023201318401,2023,201318401,1,9,0,16,19,8,2,0,0,0,0,0,0,0,4,1,6,6,3,-1,-1,-1,-1,-1,-1,-1,-1,0,-1
2023451349235,2023,451349235,2,9,0,18,19,1,5,0,0,1,0,0,0,0,1,1,6,6,1,55,8,-1,-1,-1,-1,-1,-1,0,-1
2023131358220,2023,131358220,1,9,0,18,19,1,5,0,0,1,0,0,0,0,-1,1,6,6,3,-1,-1,-1,-1,-1,-1,-1,-1,0,-1
2023070575454,2023,070575454,1,9,0,18,19,2,6,0,0,1,0,11,0,0,4,1,6,6,3,-1,-1,-1,-1,-1,-1,-1,-1,0,-1
2023631309381,2023,631309381,1,9,0,9,9,6,4,0,0,6,0,0,0,0,2,1,6,6,3,-1,-1,-1,-1,-1,-1,-1,-1,0,-1
2023211378573,2023,211378573,1,9,0,18,19,1,6,0,0,2,0,0,0,0,0,1,6,6,1,33,6,-1,-1,-1,-1,6,E01032899,0,-1
2023221274218,2023,221274218,2,1,0,18,19,5,1,0,0,0,0,0,0,0,2,1,5,6,1,12,3,-1,-1,-1,-1,5,E01014097,0,-1
2023311321736,2023,311321736,2,11,0,2,2,0,0,2,2,1,0,0,0,0,2,1,1,1,3,-1,-1,-1,-1,-1,-1,-1,-1,0,-1
2023070535307,2023,070535307,1,9,0,18,19,1,5,0,0,1,0,0,0,0,4,1,6,6,1,-1,-1,-1,-1,-1,-1,-1,-1,0,-1
2023010443783,2023,010443783,1,1,9,99,99,9,9,4,4,9,9,99,9,99,9,1,6,6,1,37,7,-1,-1,-1,-1,3,E01004448,0,-1
2023201330484,2023,201330484,1,8,0,9,9,2,8,0,0,5,0,0,0,0,1,1,6,6,1,-1,-1,-1,-1,-1,-1,-1,-1,0,-1
2023010479585,2023,010479585,2,1,0,18,19,3,7,0,0,1,0,0,0,0,0,1,6,6,1,19,4,-1,-1,-1,-1,6,E01004680,0,-1
2023531276123,2023,531276123,2,1,0,16,19,2,6,0,0,8,5,0,0,0,4,1,5,6,1,75,10,-1,-1,-1,-1,9,E01022357,0,-1
2023411281407,2023,411281407,2,1,0,18,19,6,1,0,0,3,0,0,0,0,4,1,6,6,1,78,11,-1,-1,-1,-1,10,E01023604,0,-1
2023320405199,2023,320405199,1,22,0,18,19,6,2,9,9,0,5,0,0,0,0,1,6,6,1,82,11,-1,-1,-1,-1,2,E01026108,0,-1
2023041282859,2023,041282859,1,98,0,17,19,-1,-1,0,0,1,0,0,0,0,2,1,6,6,3,-1,-1,-1,-1,-1,-1,-1,-1,0,-1
2023546608123,2023,546608123,1,23,0,5,5,3,7,0,0,1,5,0,0,0,3,1,6,6,1,27,6,-1,-1,-1,-1,-1,-1,0,-1
2023351318893,2023,351318893,2,1,0,18,19,-1,-1,0,0,8,0,0,0,0,4,1,2,2,2,50,8,-1,-1,-1,-1,7,E01018002,0,-1
2023010472307,2023,010472307,1,1,0,18,19,3,7,0,0,8,0,0,0,0,0,1,6,6,1,55,8,-1,-1,-1,-1,5,E01000003,0,-1
2023201283362,2023,201283362,1,9,0,4,4,2,6,0,0,3,0,0,0,0,1,1,6,6,3,-1,-1,-1,-1,-1,-1,-1,-1,0,-1
2023211387467,2023,211387467,1,21,0,18,19,3,3,0,0,1,0,0,0,0,1,1,6,6,1,26,6,-1,-1,-1,-1,3,E01029691,0,-1
2023010461125,2023,010461125,1,1,9,99,99,9,9,99,99,9,9,99,9,99,1,1,1,1,1,37,7,-1,-1,-1,-1,6,E01004509,0,-1
2023440296696,2023,440296696,2,1,0,4,4,8,4,0,0,2,0,0,0,0,3,1,6,6,1,11,3,-1,-1,-1,-1,9,E01022699,0,-1
2023161353441,2023,161353441,1,1,0,18,19,5,1,0,0,3,0,0,0,0,4,1,2,2,1,28,6,-1,-1,-1,-1,4,E01012820,0,-1
2023340NN1932,2023,340NN1932,1,9,0,18,19,1,5,0,0,1,0,0,0,0,1,1,6,6,3,-1,-1,-1,-1,-1,-1,-1,-1,0,-1
2023221330152,2023,221330152,2,19,4,18,19,8,4,0,0,4,0,0,0,0,1,2,1,1,1,21,5,-1,-1,-1,-1,-1,-1,0,-1
2023361330647,2023,361330647,2,9,0,18,19,7,3,0,0,8,0,0,2,11,3,1,5,6,2,67,10,-1,-1,-1,-1,4,E01026646,0,-1
2023221353827,2023,221353827,1,-1,0,18,19,4,8,0,0,8,0,0,0,0,1,1,6,6,1,17,4,-1,-1,-1,-1,-1,-1,1,-1
2023010429730,2023,010429730,2,9,0,99,99,9,9,99,99,9,9,99,9,99,9,9,6,6,3,-1,-1,-1,-1,-1,-1,-1,-1,0,-1
2023010484894,2023,010484894,3,19,0,14,14,1,5,0,0,1,0,0,0,0,1,1,6,6,3,-1,-1,-1,-1,-1,-1,-1,-1,0,-1
2023041289730,2023,041289730,1,9,0,5,5,7,3,0,0,0,0,0,0,0,1,1,6,6,1,-1,-1,-1,-1,-1,-1,-1,-1,0,-1
2023010449857,2023,010449857,1,1,9,99,99,9,9,99,99,9,9,99,9,99,9,1,6,6,2,25,5,-1,-1,-1,-1,4,E01004525,0,-1
2023991358186,2023,991358186,1,1,0,4,4,3,7,9,9,0,0,0,7,0,1,1,1,1,3,25,5,-1,-1,-1,-1,-1,-1,0,-1
2023411394154,2023,411394154,2,1,0,10,10,5,3,0,0,0,0,0,0,0,4,1,6,6,1,39,7,-1,-1,-1,-1,10,E01017651,0,-1
2023440421178,2023,440421178,2,9,0,18,19,6,2,0,0,0,0,0,0,0,0,1,6,6,3,-1,-1,-1,-1,-1,-1,-1,-1,0,-1
2023131327027,2023,131327027,2,1,0,18,19,4,8,4,4,0,0,0,0,0,1,1,6,6,1,54,8,-1,-1,-1,-1,-1,-1,0,-1
2023411300651,2023,411300651,2,9,0,4,4,7,3,0,0,0,0,0,0,0,2,1,1,1,2,54,8,-1,-1,-1,-1,7,E01023345,0,-1
2023430424823,2023,430424823,3,19,0,4,4,6,2,0,0,1,0,0,0,0,0,1,6,6,3,-1,-1,-1,-1,-1,-1,-1,-1,0,-1
2023461264130,2023,461264130,2,1,0,18,19,3,7,0,0,0,0,0,0,0,1,1,6,6,1,57,9,-1,-1,-1,-1,4,E01024284,0,-1
2023010432055,2023,010432055,2,3,0,99,99,9,9,99,99,9,9,99,9,99,1,1,6,6,3,-1,-1,-1,-1,-1,-1,-1,-1,0,-1
2023501371269,2023,501371269,1,19,-1,18,19,4,7,0,0,0,0,0,0,0,4,1,6,6,1,60,9,-1,-1,-1,-1,-1,-1,0,-1
2023221305634,2023,221305634,2,9,0,17,19,1,6,0,0,0,1,0,0,0,1,1,5,6,1,25,5,-1,-1,-1,-1,6,E01028850,0,-1
2023041375877,2023,041375877,1,1,0,18,19,7,3,0,0,6,0,0,0,0,1,1,6,6,1,23,5,-1,-1,-1,-1,1,E01025248,0,-1
2023451329695,2023,451329695,2,21,0,12,12,1,5,0,0,0,0,0,0,0,4,1,1,1,1,45,7,-1,-1,-1,-1,-1,-1,0,-1
2023361352932,2023,361352932,1,9,0,5,5,1,5,0,0,6,0,0,0,0,4,1,1,1,1,56,9,-1,-1,-1,-1,7,E01026502,0,-1
2023461364991,2023,461364991,1,9,0,18,19,3,7,0,0,1,1,0,0,0,1,1,6,6,3,-1,-1,-1,-1,-1,-1,-1,-1,0,-1
2023010476773,2023,010476773,2,1,0,14,14,1,5,0,0,1,0,0,0,0,1,1,6,6,2,58,9,-1,-1,-1,-1,2,E01001796,0,-1
2023041323715,2023,041323715,2,9,0,18,19,5,1,0,0,0,0,0,0,0,3,1,1,1,1,32,6,-1,-1,-1,-1,6,E01025507,0,-1
2023061282449,2023,061282449,1,1,0,9,9,7,5,0,0,1,0,0,0,0,2,1,6,6,1,25,5,-1,-1,-1,-1,1,E01005246,0,-1
202354D487323,2023,54D487323,1,9,0,18,19,3,7,0,0,8,0,0,0,0,1,1,6,6,1,59,9,-1,-1,-1,-1,-1,-1,0,-1
2023052301847,2023,052301847,1,8,0,6,6,1,1,0,0,0,0,0,0,0,1,1,1,1,1,61,9,-1,-1,-1,-1,1,E01033747,0,-1
2023471386917,2023,471386917,1,9,0,-1,-1,-1,-1,-1,-1,0,-1,-1,-1,0,1,1,6,6,1,-1,-1,-1,-1,-1,-1,-1,-1,0,-1
2023522300550,2023,522300550,2,9,0,7,7,5,8,0,0,4,0,0,0,0,1,1,6,6,1,25,5,-1,-1,-1,-1,-1,-1,0,-1
2023141370962,2023,141370962,1,1,0,7,7,1,7,0,0,3,0,0,1,0,3,1,6,6,1,25,5,-1,-1,-1,-1,7,E01008049,0,-1
2023010460911,2023,010460911,1,9,0,99,99,9,9,99,99,9,9,99,9,99,1,9,6,6,3,-1,-1,-1,-1,-1,-1,-1,-1,0,-1
2023332300462,2023,332300462,3,9,0,4,4,1,5,0,0,0,0,0,1,0,2,1,6,6,1,38,7,-1,-1,-1,-1,7,E01011067,0,-1
2023010461271,2023,010461271,2,1,9,99,99,9,9,99,99,9,9,99,9,99,1,1,6,6,1,-1,-1,-1,-1,-1,-1,-1,-1,0,-1
2023471329769,2023,471329769,3,1,0,2,2,0,0,5,5,0,0,0,0,0,1,1,6,6,1,75,10,-1,-1,-1,-1,9,E01031532,0,-1
2023320291823,2023,320291823,1,9,0,18,19,7,3,0,0,1,0,0,0,0,1,1,6,6,1,70,10,-1,-1,-1,-1,1,E01026150,0,-1
2023520300477,2023,520300477,1,9,0,7,7,5,7,0,0,5,0,0,0,0,9,1,6,6,1,100,11,-1,-1,-1,-1,-1,-1,0,-1
2023221281682,2023,221281682,2,1,0,17,19,8,6,0,0,0,0,0,0,0,1,1,5,6,1,77,11,-1,-1,-1,-1,5,E01028902,0,-1
2023010485120,2023,010485120,2,1,0,18,19,5,1,0,0,3,0,0,0,0,1,1,1,1,1,63,9,-1,-1,-1,-1,5,E01033708,0,-1
2023430047492,2023,430047492,2,1,0,7,7,2,4,0,0,8,0,0,0,0,4,1,6,6,1,28,6,-1,-1,-1,-1,7,E01028521,0,-1
2023430430099,2023,430430099,2,1,0,18,19,5,1,4,4,8,0,0,0,0,1,1,2,2,1,40,7,-1,-1,-1,-1,10,E01028788,0,-1
2023122300651,2023,122300651,1,1,0,18,19,5,1,0,0,0,0,10,1,0,4,1,6,6,2,58,9,-1,-1,-1,-1,5,E01027769,0,-1
2023440481724,2023,440481724,2,1,0,18,19,2,6,0,0,1,0,0,0,0,3,1,2,2,1,46,8,-1,-1,-1,-1,4,E01017159,0,-1
2023421366052,2023,421366052,1,-1,0,18,19,1,5,0,0,0,5,0,0,0,1,1,6,6,1,14,3,-1,-1,-1,-1,9,E01021825,1,-1
2023522400413,2023,522400413,1,1,0,15,15,7,3,0,0,8,0,0,0,0,3,1,6,6,1,34,6,-1,-1,-1,-1,7,E01014680,0,-1
2023010443235,2023,010443235,2,9,0,99,99,9,9,99,99,9,9,99,9,99,9,9,6,6,3,-1,-1,-1,-1,-1,-1,-1,-1,0,-1
2023010473175,2023,010473175,2,1,0,18,19,2,6,0,0,8,0,0,0,0,1,1,2,2,1,58,9,-1,-1,-1,-1,10,E01030408,0,-1
2023622300894,2023,622300894,1,8,0,15,15,3,7,0,0,0,0,0,0,0,1,1,6,6,3,-1,-1,-1,-1,-1,-1,-1,-1,0,-1
2023401352486,2023,401352486,1,98,1,12,12,-1,-1,0,0,0,3,0,0,0,4,1,6,6,1,74,10,-1,-1,-1,-1,-1,-1,0,-1
2023221342576,2023,221342576,2,1,0,18,19,2,6,0,0,8,0,0,0,0,2,1,6,6,1,25,5,-1,-1,-1,-1,-1,-1,0,-1
2023471343407,2023,471343407,1,3,0,18,19,4,8,0,0,2,0,0,0,0,-1,1,6,6,3,-1,-1,-1,-1,-1,-1,-1,-1,0,-1
2023010446803,2023,010446803,2,1,0,18,19,5,1,0,0,8,0,0,0,0,4,1,6,6,1,-1,-1,-1,-1,-1,-1,-1,-1,0,-1
2023371286052,2023,371286052,2,1,0,-1,-1,-1,-1,-1,-1,-1,-1,-1,-1,0,-1,1,6,6,1,23,5,-1,-1,-1,-1,1,E01033129,0,-1
2023451335445,2023,451335445,3,1,0,18,19,1,5,0,0,3,5,0,0,0,3,1,5,6,1,38,7,-1,-1,-1,-1,8,E01030977,0,-1
2023070811779,2023,070811779,2,1,0,18,19,8,4,0,0,1,0,0,0,0,3,1,6,6,1,58,9,-1,-1,-1,-1,3,E01012454,0,-1
2023311300676,2023,311300676,1,9,0,18,19,7,3,0,0,4,0,0,0,0,1,1,6,6,1,29,6,-1,-1,-1,-1,-1,-1,0,-1
2023631358753,2023,631358753,3,90,0,4,4,5,1,0,0,0,0,0,0,0,2,1,5,6,2,36,7,-1,-1,-1,-1,8,E01014123,0,-1
2023522300949,2023,522300949,2,23,0,18,19,7,3,0,0,1,0,0,0,0,1,1,6,6,1,36,7,-1,-1,-1,-1,9,E01014919,0,-1
2023131326965,2023,131326965,1,1,0,18,19,1,5,0,0,6,0,0,7,0,1,1,6,6,2,14,3,-1,-1,-1,-1,3,E01011341,0,-1
2023041371773,2023,041371773,1,97,0,18,19,5,1,0,0,3,1,0,0,0,4,1,2,2,1,47,8,-1,-1,-1,-1,7,E01025585,0,-1
2023332300525,2023,332300525,2,9,0,18,19,5,1,0,0,0,0,0,0,0,1,1,6,6,3,-1,-1,-1,-1,-1,-1,-1,-1,0,-1
2023010486213,2023,010486213,2,9,0,18,19,1,5,0,0,0,0,0,0,0,1,1,6,6,3,-1,-1,-1,-1,-1,-1,-1,-1,0,-1
2023421355899,2023,421355899,1,9,0,5,5,1,6,0,0,0,0,0,0,0,1,1,6,6,3,-1,-1,-1,-1,-1,-1,-1,-1,0,-1
2023041293776,2023,041293776,1,98,0,18,19,-1,-1,0,0,0,0,0,0,0,1,1,6,6,3,-1,-1,-1,-1,-1,-1,-1,-1,0,-1
2023991338555,2023,991338555,4,9,0,10,10,4,2,0,0,1,0,0,0,0,3,1,5,6,1,53,8,-1,-1,-1,-1,8,-1,0,-1
2023332300378,2023,332300378,2,1,0,18,19,6,2,0,0,8,1,0,0,0,1,1,6,6,1,54,8,-1,-1,-1,-1,10,E01025814,0,-1
2023201298817,2023,201298817,1,9,0,12,12,3,6,0,0,0,0,0,0,0,3,1,6,6,3,-1,-1,-1,-1,-1,-1,-1,-1,0,-1
2023451309524,2023,451309524,1,1,0,18,19,5,1,0,0,0,0,0,0,0,3,1,6,6,2,33,6,-1,-1,-1,-1,7,E01002971,0,-1
2023522300768,2023,522300768,1,1,0,18,19,5,1,0,0,0,0,0,0,0,1,1,6,6,1,48,8,-1,-1,-1,-1,9,E01014725,0,-1
2023101273006,2023,101273006,2,1,0,18,19,5,1,0,0,8,0,0,0,0,1,1,6,6,1,25,5,-1,-1,-1,-1,1,E01008170,0,-1
2023361331557,2023,361331557,1,9,0,5,5,5,1,0,0,1,0,0,0,0,-1,1,6,6,1,-1,-1,-1,-1,-1,-1,-1,-1,0,-1
2023010466050,2023,010466050,2,-1,0,18,19,3,7,0,0,1,1,0,0,0,1,1,6,6,1,21,5,-1,-1,-1,-1,5,E01000516,1,-1
2023161333286,2023,161333286,2,1,0,18,19,6,2,0,0,0,0,0,0,0,1,1,5,6,1,71,10,-1,-1,-1,-1,7,E01026089,0,-1
2023471312752,2023,471312752,2,1,0,18,19,3,7,0,0,8,0,0,0,0,4,1,6,6,1,41,7,-1,-1,-1,-1,8,E01031505,0,-1
202363D013823,2023,63D013823,1,9,0,18,19,1,5,0,0,0,0,0,0,0,1,1,6,6,1,51,8,-1,-1,-1,-1,7,W01000442,0,-1
2023010420970,2023,010420970,2,9,0,18,19,1,5,0,0,2,0,0,0,0,1,1,6,6,1,23,5,-1,-1,-1,-1,-1,-1,0,-1
2023461295403,2023,461295403,1,4,0,18,19,3,3,0,0,1,0,0,0,0,1,1,6,6,1,17,4,-1,-1,-1,-1,7,E01024375,0,-1
2023010433874,2023,010433874,1,1,9,99,99,9,9,99,99,9,9,99,9,99,9,1,2,2,2,27,6,-1,-1,-1,-1,8,E01001907,0,-1
2023010474594,2023,010474594,1,11,9,99,99,9,9,99,99,9,9,99,9,99,9,1,6,6,3,-1,-1,-1,-1,-1,-1,-1,-1,0,-1
2023461353594,2023,461353594,1,1,0,18,19,5,1,0,0,0,0,0,0,0,1,1,6,6,1,34,6,-1,-1,-1,-1,6,E01032768,0,-1
2023461387047,2023,461387047,2,1,0,18,19,3,7,0,0,1,0,0,0,0,1,1,2,2,2,30,6,-1,-1,-1,-1,6,E01032817,0,-1
2023010442094,2023,010442094,1,1,0,99,99,9,9,0,0,8,0,0,0,0,4,1,6,6,1,23,5,-1,-1,-1,-1,4,E01002576,0,-1
2023010440228,2023,010440228,1,11,9,99,99,9,9,0,0,9,9,0,0,0,9,1,1,1,3,43,7,-1,-1,-1,-1,-1,-1,0,-1
2023340NN4672,2023,340NN4672,1,9,0,16,19,8,2,0,0,1,0,0,0,0,1,1,6,6,3,-1,-1,-1,-1,-1,-1,-1,-1,0,-1
2023010424895,2023,010424895,2,9,0,99,99,9,9,99,99,9,9,99,9,99,1,9,6,6,3,-1,-1,-1,-1,-1,-1,8,E01000679,0,-1
2023131323781,2023,131323781,1,9,0,7,7,8,5,0,0,5,0,0,0,0,-1,1,6,6,3,99,11,-1,-1,-1,-1,-1,-1,0,-1
2023052302949,2023,052302949,1,9,0,18,19,1,5,0,0,0,0,0,0,0,1,1,6,6,3,-1,-1,-1,-1,-1,-1,-1,-1,0,-1
2023070556413,2023,070556413,2,1,0,15,15,7,3,0,0,0,0,4,0,0,3,1,6,6,1,27,6,-1,-1,-1,-1,-1,-1,0,-1
2023332301060,2023,332301060,1,9,0,18,19,3,7,0,0,0,0,0,0,0,1,1,6,6,3,-1,-1,-1,-1,-1,-1,-1,-1,0,-1
2023430055350,2023,430055350,1,11,0,13,13,8,4,0,0,0,0,0,0,0,1,1,1,1,1,40,7,-1,-1,-1,-1,9,E01016786,0,-1
2023991261730,2023,991261730,1,9,0,4,4,3,7,0,0,1,0,0,0,0,4,1,6,6,3,17,4,-1,-1,-1,-1,-1,-1,0,-1
2023010473861,2023,010473861,2,1,0,18,19,3,7,0,0,5,0,0,0,0,4,1,2,2,2,37,7,-1,-1,-1,-1,2,E01003920,0,-1
2023461310605,2023,461310605,2,1,0,-1,-1,-1,-1,-1,-1,0,-1,-1,-1,0,-1,1,6,6,1,-1,-1,-1,-1,-1,-1,-1,-1,0,-1
2023010457255,2023,010457255,2,11,0,99,99,9,9,99,99,9,9,99,9,99,1,9,6,6,3,-1,-1,-1,-1,-1,-1,-1,-1,0,-1
2023501367217,2023,501367217,1,19,0,9,9,4,2,0,0,0,0,0,0,0,0,1,6,6,1,43,7,-1,-1,-1,-1,6,E01018852,0,-1
2023361360174,2023,361360174,1,19,0,18,19,3,7,0,0,0,0,0,0,0,4,1,1,1,2,61,9,-1,-1,-1,-1,6,E01016732,0,-1
2023311384047,2023,311384047,2,1,0,18,19,3,5,9,9,1,0,0,0,0,4,1,5,6,1,15,3,-1,-1,-1,-1,8,E01027973,0,-1
202360A172132,2023,60A172132,1,9,0,6,6,6,6,0,0,6,0,0,0,0,3,1,6,6,1,89,11,-1,-1,-1,-1,-1,-1,0,-1
2023401272958,2023,401272958,3,19,0,16,19,3,7,0,0,0,0,0,0,0,1,1,1,1,1,37,7,-1,-1,-1,-1,-1,-1,0,-1
2023471307164,2023,471307164,2,1,0,18,19,7,3,4,4,0,0,0,0,0,2,1,1,1,1,42,7,-1,-1,-1,-1,6,E01016996,0,-1
2023501369625,2023,501369625,1,9,0,18,19,4,8,0,0,0,0,0,0,0,2,1,6,6,1,-1,-1,-1,-1,-1,-1,-1,-1,0,-1
2023421329494,2023,421329494,2,1,0,5,5,7,3,0,0,0,0,0,0,0,1,1,2,2,1,25,5,-1,-1,-1,-1,8,E01021513,0,-1
2023311372910,2023,311372910,1,90,0,18,19,6,1,2,2,1,0,0,0,0,1,1,6,6,1,18,4,-1,-1,-1,-1,-1,-1,0,-1
2023991292341,2023,991292341,1,8,0,18,19,6,2,0,0,1,0,0,0,0,1,1,6,6,3,-1,-1,-1,-1,-1,-1,-1,-1,0,-1
2023041306283,2023,041306283,2,1,0,18,19,-1,-1,0,0,0,0,0,0,0,-1,1,6,6,1,24,5,-1,-1,-1,-1,8,E01025090,0,-1
2023552300528,2023,552300528,2,1,0,18,19,6,2,0,0,0,0,0,0,0,2,1,2,2,1,29,6,-1,-1,-1,-1,8,E01020425,0,-1
2023351303971,2023,351303971,2,-1,0,18,19,-1,-1,0,0,1,0,0,0,0,0,1,6,6,2,44,7,-1,-1,-1,-1,1,E01018108,1,-1
2023101331502,2023,101331502,1,9,0,18,19,3,7,0,0,8,0,0,0,0,1,1,6,6,3,18,4,-1,-1,-1,-1,-1,-1,0,-1
2023401331329,2023,401331329,1,9,0,16,19,8,2,0,0,1,0,0,0,0,1,1,6,6,2,41,7,-1,-1,-1,-1,5,E01017388,0,-1
2023351378450,2023,351378450,1,1,0,18,19,1,5,0,0,0,0,0,0,0,3,1,6,6,2,16,4,-1,-1,-1,-1,6,E01018169,0,-1
2023332301158,2023,332301158,1,9,0,18,19,3,7,0,0,0,1,0,0,0,2,1,2,2,1,64,9,-1,-1,-1,-1,10,E01028401,0,-1
2023010443398,2023,010443398,2,1,0,18,19,3,7,0,0,8,0,0,0,0,1,1,6,6,1,55,8,-1,-1,-1,-1,1,E01003075,0,-1
2023501384508,2023,501384508,2,1,0,18,19,3,7,0,0,0,0,0,0,0,3,1,5,6,1,57,9,-1,-1,-1,-1,7,E01018883,0,-1
2023010474480,2023,010474480,1,1,9,99,99,9,9,99,99,9,9,99,9,99,1,1,2,2,2,58,9,-1,-1,-1,-1,4,E01002884,0,-1
2023201454219,2023,201454219,1,9,0,18,19,1,4,0,0,4,0,0,0,0,1,1,6,6,2,59,9,-1,-1,-1,-1,1,E01009107,0,-1
2023141338304,2023,141338304,1,9,0,18,19,5,1,0,0,0,0,0,0,0,1,1,6,6,3,18,4,-1,-1,-1,-1,-1,-1,0,-1