collision_index,collision_year,collision_ref_no,vehicle_reference,vehicle_type,towing_and_articulation,vehicle_manoeuvre_historic,vehicle_manoeuvre,vehicle_direction_from,vehicle_direction_to,vehicle_location_restricted_lane_historic,vehicle_location_restricted_lane,junction_location,skidding_and_overturning,hit_object_in_carriageway,vehicle_leaving_carriageway,hit_object_off_carriageway,first_point_of_impact,vehicle_left_hand_drive,journey_purpose_of_driver_historic,journey_purpose_of_driver,sex_of_driver,age_of_driver,age_band_of_driver,engine_capacity_cc,propulsion_code,age_of_vehicle,generic_make_model,driver_imd_decile,lsoa_of_driver,escooter_flag,driver_distance_banding
2023421379849,2023,421379849,1,1,0,18,19,5,1,0,0,1,2,0,0,0,1,1,2,2,1,17,4,-1,-1,-1,-1,-1,-1,0,-1
2023041285591,2023,041285591,2,9,0,18,19,5,1,0,0,0,0,0,0,0,4,1,5,6,1,43,7,-1,-1,-1,-1,8,E01025599,0,-1
2023010453751,2023,010453751,2,9,0,99,99,9,9,99,99,9,9,99,9,99,1,9,6,6,3,-1,-1,-1,-1,-1,-1,7,E01003903,0,-1
2023231309141,2023,231309141,2,1,0,9,9,3,1,0,0,8,0,0,0,0,4,1,6,6,1,54,8,-1,-1,-1,-1,3,E01031047,0,-1
2023351276159,2023,351276159,2,9,0,2,2,0,0,0,0,1,0,0,0,0,4,1,6,6,3,-1,-1,-1,-1,-1,-1,-1,-1,0,-1
2023122300136,2023,122300136,4,9,0,4,4,5,1,0,0,1,0,0,0,0,2,1,1,1,1,62,9,-1,-1,-1,-1,4,E01027832,0,-1
2023131324927,2023,131324927,1,9,0,-1,-1,-1,-1,-1,-1,0,-1,-1,-1,-1,-1,1,6,6,3,-1,-1,-1,-1,-1,-1,-1,-1,0,-1
2023010485557,2023,010485557,1,9,0,99,99,9,9,0,0,0,0,0,0,0,9,1,6,6,3,-1,-1,-1,-1,-1,-1,-1,-1,0,-1
2023061313061,2023,061313061,1,90,0,18,19,3,1,0,0,1,0,0,7,0,4,1,5,6,1,34,6,-1,-1,-1,-1,2,E01005280,0,-1
2023010470187,2023,010470187,1,9,0,99,99,9,9,99,99,9,9,99,9,99,2,9,6,6,1,55,8,-1,-1,-1,-1,4,E01004376,0,-1
2023010442562,2023,010442562,1,9,0,6,6,5,5,0,0,0,0,0,0,0,9,1,6,6,2,-1,-1,-1,-1,-1,-1,-1,-1,0,-1
2023501317759,2023,501317759,1,9,0,18,19,2,6,0,0,0,5,0,0,0,1,1,6,6,1,64,9,-1,-1,-1,-1,5,E01018864,0,-1
2023622300729,2023,622300729,2,1,0,18,19,3,7,0,0,1,0,0,0,0,1,1,6,6,1,5,1,-1,-1,-1,-1,1,W01000830,0,-1
2023522301715,2023,522301715,1,-1,0,18,19,4,8,0,0,8,0,0,0,0,1,1,6,6,2,24,5,-1,-1,-1,-1,4,E01014496,1,-1
2023052301740,2023,052301740,1,9,0,5,5,3,7,0,0,1,0,0,0,0,1,1,6,6,2,39,7,-1,-1,-1,-1,1,E01033759,0,-1
2023421375810,2023,421375810,1,9,0,18,19,5,7,0,0,0,0,0,0,0,1,1,1,1,2,59,9,-1,-1,-1,-1,5,E01033141,0,-1
2023552301231,2023,552301231,4,1,0,18,19,6,2,0,0,0,0,0,0,0,0,1,6,6,3,-1,-1,-1,-1,-1,-1,-1,-1,0,-1
2023131259492,2023,131259492,1,9,0,-1,-1,-1,-1,-1,-1,-1,-1,-1,-1,-1,-1,1,6,6,3,-1,-1,-1,-1,-1,-1,-1,-1,0,-1
2023131305758,2023,131305758,2,1,0,5,5,1,5,0,0,3,0,0,0,0,1,1,2,2,1,35,6,-1,-1,-1,-1,9,E01011576,0,-1
2023440412437,2023,440412437,1,9,0,9,9,8,6,0,0,6,0,0,0,0,3,1,2,2,1,25,5,-1,-1,-1,-1,8,E01022532,0,-1
2023451296131,2023,451296131,1,10,0,7,7,1,5,0,0,5,0,0,0,0,1,1,6,6,3,50,8,-1,-1,-1,-1,-1,-1,0,-1
2023471340649,2023,471340649,2,1,0,18,19,5,1,4,4,0,0,0,0,0,1,1,5,6,1,61,9,-1,-1,-1,-1,2,E01016909,0,-1
2023440045470,2023,440045470,1,1,0,7,7,1,3,4,4,8,1,0,0,0,0,1,2,2,2,40,7,-1,-1,-1,-1,3,E01017105,0,-1
2023141261776,2023,141261776,2,9,0,18,19,1,5,0,0,0,0,4,0,0,1,1,5,6,1,52,8,-1,-1,-1,-1,3,E01007799,0,-1
2023211361876,2023,211361876,1,9,0,18,19,5,1,0,0,1,0,0,0,0,4,1,6,6,1,19,4,-1,-1,-1,-1,6,E01019876,0,-1
2023101306903,2023,101306903,1,9,0,9,9,8,5,0,0,5,0,0,0,0,3,1,6,6,3,-1,-1,-1,-1,-1,-1,-1,-1,0,-1
2023010464068,2023,010464068,1,9,0,3,3,5,1,0,0,3,0,0,0,0,2,1,2,2,2,42,7,-1,-1,-1,-1,3,E01000287,0,-1
2023501336312,2023,501336312,3,9,0,4,4,4,8,0,0,0,0,0,0,0,2,1,6,6,3,-1,-1,-1,-1,-1,-1,-1,-1,0,-1
2023010461122,2023,010461122,2,-1,0,5,5,5,1,0,0,0,0,0,0,0,4,1,6,6,1,20,4,-1,-1,-1,-1,5,E01001214,1,-1
2023302300726,2023,302300726,1,9,0,9,9,4,2,0,0,0,0,0,0,0,3,1,2,2,2,52,8,-1,-1,-1,-1,6,E01013505,0,-1
2023451267607,2023,451267607,1,97,0,4,4,7,3,0,0,0,0,0,0,0,4,1,2,2,1,54,8,-1,-1,-1,-1,8,E01030393,0,-1
2023461364083,2023,461364083,1,3,0,9,9,1,5,0,0,0,0,0,0,0,1,1,5,6,1,15,3,-1,-1,-1,-1,2,E01024277,0,-1
2023010450983,2023,010450983,2,9,0,6,6,5,5,0,0,8,0,0,0,0,3,1,6,6,3,-1,-1,-1,-1,-1,-1,-1,-1,0,-1
2023010446838,2023,010446838,2,90,0,99,99,9,9,99,99,9,9,99,9,99,9,9,6,6,3,29,6,-1,-1,-1,-1,5,E01002237,0,-1
2023401329346,2023,401329346,2,1,0,18,19,5,1,0,0,0,0,0,0,0,3,1,1,1,1,11,3,-1,-1,-1,-1,4,E01015756,0,-1
2023461316150,2023,461316150,2,21,0,18,19,4,8,0,0,0,0,0,0,0,2,1,6,6,1,49,8,-1,-1,-1,-1,-1,-1,0,-1
2023010445507,2023,010445507,2,9,0,99,99,9,9,99,99,9,9,99,9,99,1,9,6,6,3,31,6,-1,-1,-1,-1,10,E01021253,0,-1
202360A147392,2023,60A147392,1,3,0,16,19,1,6,0,0,2,1,10,0,0,0,1,6,6,1,35,6,-1,-1,-1,-1,-1,-1,0,-1
2023351274382,2023,351274382,2,1,-1,-1,-1,-1,-1,-1,-1,-1,-1,-1,-1,0,-1,1,5,6,2,55,8,-1,-1,-1,-1,-1,-1,0,-1
2023471352502,2023,471352502,3,90,0,17,19,2,6,0,0,0,0,0,0,0,0,1,1,1,3,-1,-1,-1,-1,-1,-1,-1,-1,0,-1
2023991346555,2023,991346555,2,1,0,18,19,4,2,0,0,6,0,0,0,0,1,1,6,6,1,10,2,-1,-1,-1,-1,-1,-1,0,-1
2023371347616,2023,371347616,1,22,0,18,19,7,3,0,0,1,5,0,0,0,1,1,6,6,1,80,11,-1,-1,-1,-1,1,E01029986,0,-1
2023221390618,2023,221390618,2,1,0,15,15,1,5,0,0,8,0,0,0,0,1,1,6,6,1,49,8,-1,-1,-1,-1,6,E01032159,0,-1
2023471380954,2023,471380954,1,9,0,18,19,2,6,0,0,0,0,0,0,0,1,1,6,6,3,-1,-1,-1,-1,-1,-1,-1,-1,0,-1
202354B577723,2023,54B577723,2,9,0,17,19,1,5,0,0,0,0,0,0,0,1,1,1,1,1,39,7,-1,-1,-1,-1,2,E01015573,0,-1
2023221376953,2023,221376953,1,9,0,18,19,3,7,0,0,6,0,0,0,0,1,1,6,6,1,32,6,-1,-1,-1,-1,-1,-1,0,-1
2023471327689,2023,471327689,1,1,0,18,19,3,7,0,0,4,0,0,0,0,0,1,6,6,3,-1,-1,-1,-1,-1,-1,-1,-1,0,-1
2023622300149,2023,622300149,2,19,0,4,4,5,1,0,0,0,0,0,0,0,2,1,6,6,2,41,7,-1,-1,-1,-1,10,W01001916,0,-1
2023201379096,2023,201379096,2,1,0,18,19,8,4,0,0,8,0,0,0,0,3,1,6,6,2,41,7,-1,-1,-1,-1,9,E01009466,0,-1
2023451370687,2023,451370687,1,9,0,18,19,1,2,0,0,0,0,0,0,0,3,1,1,1,1,61,9,-1,-1,-1,-1,7,E01033093,0,-1
2023401346859,2023,401346859,1,9,0,9,9,-1,-1,0,0,1,1,0,0,0,1,1,6,6,3,-1,-1,-1,-1,-1,-1,-1,-1,0,-1
2023010435770,2023,010435770,1,1,9,99,99,9,9,99,99,0,9,99,9,99,2,1,6,6,1,47,8,-1,-1,-1,-1,2,E01003540,0,-1
2023430450458,2023,430450458,1,1,0,18,19,7,3,0,0,0,0,0,0,0,1,1,6,6,1,58,9,-1,-1,-1,-1,10,E01016658,0,-1
2023131367920,2023,131367920,1,9,0,7,7,5,1,0,0,8,0,0,0,0,4,1,6,6,3,99,11,-1,-1,-1,-1,-1,-1,0,-1
2023231349575,2023,231349575,1,9,0,18,19,7,3,0,0,0,0,0,0,0,3,2,2,2,1,34,6,-1,-1,-1,-1,9,E01031222,0,-1
2023010457992,2023,010457992,1,9,0,18,19,5,1,0,0,2,0,0,0,0,1,1,6,6,3,-1,-1,-1,-1,-1,-1,-1,-1,0,-1
2023161314047,2023,161314047,1,1,0,18,19,4,8,0,0,0,0,0,0,0,4,1,2,2,2,65,9,-1,-1,-1,-1,2,E01012763,0,-1
2023010425856,2023,010425856,2,9,0,99,99,9,9,99,99,9,9,99,9,99,2,9,6,6,3,-1,-1,-1,-1,-1,-1,-1,-1,0,-1
2023461321940,2023,461321940,1,9,0,16,19,6,8,0,0,0,5,0,0,0,1,1,6,6,1,53,8,-1,-1,-1,-1,3,E01024567,0,-1
2023010469378,2023,010469378,1,98,0,99,99,9,9,99,99,0,9,99,9,99,9,9,6,6,3,-1,-1,-1,-1,-1,-1,-1,-1,0,-1
2023440051089,2023,440051089,2,1,0,18,19,2,6,0,0,0,0,0,0,0,1,1,2,2,1,39,7,-1,-1,-1,-1,3,E01022732,0,-1
2023141285641,2023,141285641,2,8,0,18,19,4,8,0,0,1,0,0,0,0,4,1,6,6,3,-1,-1,-1,-1,-1,-1,-1,-1,0,-1
2023041314448,2023,041314448,1,1,0,18,19,5,1,0,0,0,0,0,0,0,0,1,5,6,2,38,7,-1,-1,-1,-1,3,E01025209,0,-1
2023061300878,2023,061300878,2,1,0,12,12,6,2,0,0,0,0,0,0,0,2,1,5,6,1,17,4,-1,-1,-1,-1,-1,-1,0,-1
2023302300719,2023,302300719,3,9,0,18,19,8,4,0,0,0,0,0,0,0,0,1,6,6,3,-1,-1,-1,-1,-1,-1,5,E01019456,0,-1
2023371359904,2023,371359904,2,1,0,18,19,3,7,4,4,5,0,0,0,0,3,1,2,2,1,33,6,-1,-1,-1,-1,3,E01029985,0,-1
2023430274316,2023,430274316,2,9,0,9,9,4,1,0,0,5,0,0,0,0,1,1,6,6,3,-1,-1,-1,-1,-1,-1,-1,-1,0,-1
2023141293900,2023,141293900,2,9,0,18,19,3,7,0,0,1,0,0,0,0,1,1,6,6,1,35,6,-1,-1,-1,-1,7,E01033280,0,-1
2023610044523,2023,610044523,1,9,0,10,10,6,5,0,0,1,0,0,0,0,3,1,6,6,2,38,7,-1,-1,-1,-1,9,W01001545,0,-1
2023010419794,2023,010419794,1,5,0,18,19,4,8,0,0,2,0,0,0,0,0,1,6,6,1,33,6,-1,-1,-1,-1,3,E01001043,0,-1
2023161260764,2023,161260764,1,9,0,18,19,7,3,0,0,0,1,0,0,0,1,1,5,6,1,18,4,-1,-1,-1,-1,8,E01013166,0,-1
2023010471143,2023,010471143,1,9,0,18,19,7,3,0,0,8,0,0,0,0,3,1,1,1,1,39,7,-1,-1,-1,-1,2,E01002709,0,-1
2023010483616,2023,010483616,2,3,0,15,15,1,5,0,0,1,0,0,0,0,1,1,6,6,1,22,5,-1,-1,-1,-1,2,E01002031,0,-1
2023052301037,2023,052301037,2,22,0,18,19,1,5,0,0,8,0,0,0,0,3,1,6,6,3,-1,-1,-1,-1,-1,-1,-1,-1,0,-1
2023451273501,2023,451273501,2,9,0,18,19,1,5,0,0,1,0,0,0,0,0,1,6,6,3,35,6,-1,-1,-1,-1,-1,-1,0,-1
2023440418744,2023,440418744,2,1,0,12,12,1,5,0,0,8,0,0,0,0,3,1,6,6,1,61,9,-1,-1,-1,-1,9,E01022768,0,-1
2023201413740,2023,201413740,2,9,0,3,3,8,4,0,0,1,0,0,0,0,2,1,6,6,3,27,6,-1,-1,-1,-1,-1,-1,0,-1
2023101297950,2023,101297950,1,9,0,7,7,1,3,0,0,1,0,0,0,0,4,1,6,6,3,18,4,-1,-1,-1,-1,-1,-1,0,-1
2023010429418,2023,010429418,1,1,9,99,99,9,9,99,99,0,9,99,9,99,9,1,2,2,1,26,6,-1,-1,-1,-1,5,E01000274,0,-1
2023111317516,2023,111317516,1,9,0,18,19,5,1,0,0,0,0,0,0,0,1,1,6,6,3,30,6,-1,-1,-1,-1,-1,-1,0,-1
2023430205805,2023,430205805,2,9,0,18,19,7,3,0,0,0,0,0,0,0,3,1,6,6,1,40,7,-1,-1,-1,-1,10,E01016598,0,-1
2023302301117,2023,302301117,2,98,0,17,19,8,5,0,0,8,1,0,0,0,1,1,1,1,1,30,6,-1,-1,-1,-1,-1,-1,0,-1
2023131301436,2023,131301436,2,1,0,18,19,8,4,0,0,1,0,0,0,0,1,1,1,1,2,35,6,-1,-1,-1,-1,2,E01011485,0,-1
2023052302586,2023,052302586,2,1,0,18,19,5,1,0,0,1,0,0,0,0,3,1,6,6,1,25,5,-1,-1,-1,-1,5,E01006491,0,-1
2023010467323,2023,010467323,1,11,0,5,5,1,5,0,0,9,9,0,0,0,0,9,6,6,3,-1,-1,-1,-1,-1,-1,-1,-1,0,-1
2023211312487,2023,211312487,1,9,0,18,19,5,1,0,0,0,1,0,1,0,1,1,2,2,1,30,6,-1,-1,-1,-1,10,E01019606,0,-1
2023440009647,2023,440009647,1,1,0,14,14,6,2,0,0,0,0,0,0,0,4,1,6,6,1,24,5,-1,-1,-1,-1,1,E01022905,0,-1
2023622400067,2023,622400067,1,-1,0,18,19,7,3,0,0,1,0,0,0,0,1,1,6,6,1,58,9,-1,-1,-1,-1,6,W01001718,1,-1
2023461310605,2023,461310605,1,9,0,-1,-1,-1,-1,-1,-1,0,-1,-1,-1,0,-1,1,6,6,3,-1,-1,-1,-1,-1,-1,-1,-1,0,-1
2023201377996,2023,201377996,2,9,0,18,19,4,8,0,0,0,0,0,0,0,2,1,6,6,1,57,9,-1,-1,-1,-1,-1,-1,0,-1
2023231261540,2023,231261540,1,9,0,5,5,4,8,0,0,0,0,0,0,0,4,1,1,1,3,45,7,-1,-1,-1,-1,4,E01031109,0,-1
2023010451463,2023,010451463,1,1,9,99,99,9,9,99,99,9,9,99,9,99,9,1,6,6,1,36,7,-1,-1,-1,-1,5,E01002849,0,-1
2023010443258,2023,010443258,1,1,9,99,99,9,9,99,99,9,9,99,9,99,9,1,6,6,1,-1,-1,-1,-1,-1,-1,10,E01030396,0,-1
2023141266559,2023,141266559,2,98,0,12,12,5,1,0,0,0,0,0,0,0,4,1,6,6,1,-1,-1,-1,-1,-1,-1,-1,-1,0,-1
2023010432300,2023,010432300,2,1,0,10,10,4,2,0,0,8,0,0,0,0,2,1,3,7,2,30,6,-1,-1,-1,-1,7,E01004609,0,-1
2023520400081,2023,520400081,2,9,0,18,19,1,5,0,0,1,0,0,0,0,1,1,6,6,3,-1,-1,-1,-1,-1,-1,-1,-1,0,-1
2023430199190,2023,430199190,2,1,0,9,9,7,5,0,0,2,0,0,0,0,1,1,6,6,1,27,6,-1,-1,-1,-1,3,E01028543,0,-1
2023010420893,2023,010420893,2,1,0,18,19,2,6,0,0,1,0,0,0,0,1,1,6,6,2,25,5,-1,-1,-1,-1,1,E01001559,0,-1
2023451388657,2023,451388657,1,1,0,5,5,5,1,0,0,0,5,0,0,0,1,1,1,1,1,11,3,-1,-1,-1,-1,6,E01030633,0,-1
2023302301970,2023,302301970,2,-1,0,9,9,1,8,0,0,8,5,0,0,0,3,1,2,2,1,30,6,-1,-1,-1,-1,3,E01013457,1,-1
2023461354910,2023,461354910,1,1,0,18,19,5,1,0,0,8,0,0,0,0,1,1,6,6,1,17,4,-1,-1,-1,-1,4,E01024694,0,-1
2023371333878,2023,371333878,1,98,1,4,4,1,5,7,6,0,0,0,0,0,3,1,1,1,1,31,6,-1,-1,-1,-1,3,E01030026,0,-1
2023340WN3332,2023,340WN3332,1,9,0,9,9,3,7,0,0,6,0,0,0,0,1,1,6,6,2,-1,-1,-1,-1,-1,-1,-1,-1,0,-1
2023531357067,2023,531357067,4,9,0,4,4,6,2,0,0,0,0,0,0,0,2,1,6,6,1,60,9,-1,-1,-1,-1,6,E01022222,0,-1
2023552300790,2023,552300790,1,9,0,7,7,8,2,0,0,5,0,0,0,0,1,1,6,6,3,-1,-1,-1,-1,-1,-1,-1,-1,0,-1
2023991375611,2023,991375611,2,1,0,10,10,7,4,0,0,1,2,0,1,0,2,1,2,2,1,31,6,-1,-1,-1,-1,3,-1,0,-1
2023010441474,2023,010441474,1,1,9,99,99,9,9,99,99,9,9,99,9,99,9,1,6,6,1,34,6,-1,-1,-1,-1,4,E01004396,0,-1
2023451380133,2023,451380133,2,9,0,7,7,7,1,0,0,7,0,0,0,0,3,1,6,6,1,53,8,-1,-1,-1,-1,6,E01030649,0,-1
2023201388569,2023,201388569,2,1,0,18,19,8,4,9,9,8,0,0,0,0,4,1,2,2,1,40,7,-1,-1,-1,-1,2,E01009991,0,-1
2023547972523,2023,547972523,1,98,0,18,19,3,7,0,0,1,0,0,0,0,9,1,6,6,3,-1,-1,-1,-1,-1,-1,-1,-1,0,-1
2023131368267,2023,131368267,2,1,0,18,19,6,2,0,0,0,0,0,0,0,3,1,6,6,1,17,4,-1,-1,-1,-1,3,E01011014,0,-1
2023991337688,2023,991337688,2,19,0,2,2,0,0,0,0,0,0,0,0,0,1,1,6,6,3,-1,-1,-1,-1,-1,-1,-1,-1,0,-1
2023070308748,2023,070308748,2,1,0,18,19,4,1,0,0,8,0,0,0,0,4,1,6,6,1,65,9,-1,-1,-1,-1,9,E01018408,0,-1
2023131309360,2023,131309360,2,1,0,18,19,3,7,0,0,6,0,0,0,0,1,1,5,6,1,14,3,-1,-1,-1,-1,1,E01011730,0,-1
2023332301096,2023,332301096,2,98,0,12,12,1,5,0,0,0,0,0,0,0,3,1,6,6,3,-1,-1,-1,-1,-1,-1,-1,-1,0,-1
2023522301177,2023,522301177,2,-1,0,18,19,8,4,0,0,6,0,0,0,0,1,1,6,6,1,-1,-1,-1,-1,-1,-1,-1,-1,1,-1
2023522301636,2023,522301636,2,9,0,18,19,5,1,0,0,0,0,0,0,0,1,1,6,6,1,21,5,-1,-1,-1,-1,9,E01014440,0,-1
2023010446430,2023,010446430,2,9,0,99,99,9,9,99,99,9,9,99,9,99,1,9,6,6,3,-1,-1,-1,-1,-1,-1,-1,-1,0,-1
2023501360489,2023,501360489,2,22,0,18,19,7,3,9,9,6,0,0,1,0,3,1,5,6,1,76,11,-1,-1,-1,-1,2,E01018867,0,-1
2023131378608,2023,131378608,1,1,0,18,19,1,5,0,0,0,0,0,0,0,1,1,6,6,1,21,5,-1,-1,-1,-1,-1,-1,0,-1
2023461311200,2023,461311200,2,1,-1,-1,-1,-1,-1,-1,-1,-1,-1,-1,-1,0,1,1,6,6,1,51,8,-1,-1,-1,-1,10,E01024631,0,-1
2023010476442,2023,010476442,2,9,0,99,99,9,9,99,99,0,9,99,9,99,0,9,6,6,3,-1,-1,-1,-1,-1,-1,-1,-1,0,-1
2023440209931,2023,440209931,2,9,0,7,7,2,4,0,0,0,0,0,0,0,2,1,6,6,2,-1,-1,-1,-1,-1,-1,-1,-1,0,-1
2023061272794,2023,061272794,1,9,0,18,19,-1,-1,-1,-1,-1,-1,-1,-1,0,1,1,6,6,2,-1,-1,-1,-1,-1,-1,-1,-1,0,-1
2023010462514,2023,010462514,2,1,0,18,19,5,1,0,0,1,0,0,0,0,1,1,6,6,1,31,6,-1,-1,-1,-1,6,E01003157,0,-1
2023430346795,2023,430346795,1,1,0,18,19,8,4,0,0,8,0,0,0,0,1,1,2,2,1,33,6,-1,-1,-1,-1,6,E01016393,0,-1
2023201432321,2023,201432321,1,9,0,1,1,8,4,0,0,0,0,0,0,0,2,1,6,6,3,-1,-1,-1,-1,-1,-1,-1,-1,0,-1
2023061305246,2023,061305246,1,9,0,18,19,2,6,0,0,1,0,0,0,0,1,1,6,6,3,30,6,-1,-1,-1,-1,-1,-1,0,-1
2023461315028,2023,461315028,2,1,0,4,4,2,4,9,9,0,0,0,0,0,3,1,5,6,2,36,7,-1,-1,-1,-1,3,E01032830,0,-1
2023201309133,2023,201309133,3,9,0,2,2,0,0,9,9,1,0,0,0,0,4,1,6,6,1,-1,-1,-1,-1,-1,-1,-1,-1,0,-1
2023061320737,2023,061320737,2,1,-1,-1,-1,-1,-1,-1,-1,-1,-1,-1,-1,0,-1,1,6,6,1,-1,-1,-1,-1,-1,-1,-1,-1,0,-1
2023010465864,2023,010465864,2,9,0,18,19,1,5,0,0,8,0,0,0,0,1,1,6,6,3,-1,-1,-1,-1,-1,-1,-1,-1,0,-1
2023361381409,2023,361381409,1,1,0,18,19,1,5,0,0,0,0,0,0,0,1,1,6,6,1,28,6,-1,-1,-1,-1,3,E01033438,0,-1
2023440450396,2023,440450396,2,1,0,18,19,1,5,0,0,8,0,0,0,0,3,1,6,6,2,32,6,-1,-1,-1,-1,5,E01022842,0,-1
2023401281719,2023,401281719,1,98,0,18,19,7,3,0,0,0,0,0,0,0,1,1,6,6,3,-1,-1,-1,-1,-1,-1,-1,-1,0,-1
2023340NN2432,2023,340NN2432,2,-1,0,18,19,3,7,5,5,0,0,0,0,0,1,1,6,6,1,-1,-1,-1,-1,-1,-1,-1,-1,1,-1
2023440106531,2023,440106531,2,9,0,18,19,7,3,0,0,4,0,0,0,0,1,1,6,6,1,-1,-1,-1,-1,-1,-1,-1,-1,0,-1
2023471354797,2023,471354797,2,23,-1,-1,-1,-1,-1,-1,-1,0,-1,-1,-1,0,-1,1,6,6,2,39,7,-1,-1,-1,-1,4,E01021057,0,-1
2023522400783,2023,522400783,1,-1,0,12,12,2,6,0,0,0,0,0,0,0,1,1,6,6,1,18,4,-1,-1,-1,-1,6,E01014670,1,-1
202354B071623,2023,54B071623,1,9,0,18,19,1,5,0,0,3,0,9,1,1,1,1,6,6,1,19,4,-1,-1,-1,-1,2,E01015476,0,-1
2023221325760,2023,221325760,2,1,0,18,19,3,7,0,0,0,0,0,0,0,2,1,5,6,1,11,3,-1,-1,-1,-1,7,E01032192,0,-1
2023161332869,2023,161332869,1,9,0,7,7,5,7,0,0,6,0,0,0,0,1,1,6,6,2,-1,-1,-1,-1,-1,-1,-1,-1,0,-1
2023451269831,2023,451269831,1,9,0,18,19,1,5,0,0,0,0,0,0,0,1,1,6,6,3,66,10,-1,-1,-1,-1,-1,-1,0,-1
2023991335542,2023,991335542,2,97,0,18,19,8,5,0,0,1,0,0,0,0,3,1,6,6,1,28,6,-1,-1,-1,-1,-1,-1,0,-1
2023340NN4262,2023,340NN4262,1,9,0,18,19,2,6,0,0,1,0,0,0,0,1,1,1,1,2,-1,-1,-1,-1,-1,-1,-1,-1,0,-1
2023231276914,2023,231276914,2,19,0,7,7,4,6,0,0,5,0,0,0,0,2,1,6,6,1,45,7,-1,-1,-1,-1,1,E01009564,0,-1
2023061352352,2023,061352352,1,-1,0,18,19,7,3,0,0,1,0,0,0,0,1,1,6,6,1,30,6,-1,-1,-1,-1,-1,-1,1,-1
2023351342235,2023,351342235,2,1,0,18,19,6,2,0,0,1,0,0,0,0,1,1,6,6,1,79,11,-1,-1,-1,-1,7,E01015683,0,-1
2023010456137,2023,010456137,1,1,9,99,99,9,9,99,99,9,9,99,9,99,9,1,2,2,2,33,6,-1,-1,-1,-1,6,E01001923,0,-1
2023430218029,2023,430218029,2,1,0,18,19,5,1,0,0,1,0,0,0,0,1,1,6,6,2,25,5,-1,-1,-1,-1,5,E01032555,0,-1
2023010441582,2023,010441582,1,1,9,99,99,9,9,99,99,9,9,99,9,99,9,1,6,6,1,28,6,-1,-1,-1,-1,2,E01003924,0,-1
2023010476321,2023,010476321,1,-1,0,99,99,9,9,0,0,0,0,0,0,0,9,1,6,6,1,-1,-1,-1,-1,-1,-1,-1,-1,1,-1
2023332300830,2023,332300830,3,9,0,3,3,8,4,0,0,0,0,0,0,0,1,1,2,2,1,53,8,-1,-1,-1,-1,9,E01028410,0,-1
2023201381364,2023,201381364,1,97,0,18,19,4,8,0,0,0,0,0,0,0,1,1,6,6,1,-1,-1,-1,-1,-1,-1,-1,-1,0,-1
2023302300899,2023,302300899,1,22,0,18,19,4,8,9,9,2,0,0,0,0,1,1,6,6,3,-1,-1,-1,-1,-1,-1,5,E01019456,0,-1
2023522400889,2023,522400889,2,9,0,18,19,1,5,0,0,8,0,0,0,0,1,1,6,6,2,-1,-1,-1,-1,-1,-1,-1,-1,0,-1
2023010436222,2023,010436222,2,1,9,99,99,9,9,99,99,9,9,99,9,99,2,1,6,6,1,-1,-1,-1,-1,-1,-1,-1,-1,0,-1
2023201381073,2023,201381073,2,-1,0,5,5,6,2,0,0,0,0,4,0,0,3,1,6,6,3,-1,-1,-1,-1,-1,-1,-1,-1,0,-1
2023991351771,2023,991351771,2,1,0,18,19,5,1,0,0,0,0,0,0,0,1,1,6,6,1,8,2,-1,-1,-1,-1,1,-1,0,-1
2023010445475,2023,010445475,1,9,0,99,99,9,9,99,99,9,9,99,9,99,9,9,6,6,2,48,8,-1,-1,-1,-1,6,E01000492,0,-1
2023010425750,2023,010425750,2,9,0,7,7,3,5,0,0,1,0,0,0,0,4,1,6,6,3,-1,-1,-1,-1,-1,-1,-1,-1,0,-1
2023010477382,2023,010477382,1,1,9,99,99,9,9,99,99,9,9,99,9,99,1,1,6,6,1,33,6,-1,-1,-1,-1,-1,-1,0,-1
202360A057924,2023,60A057924,1,9,0,18,19,7,3,0,0,1,0,0,0,0,1,1,6,6,3,-1,-1,-1,-1,-1,-1,-1,-1,0,-1
2023010445897,2023,010445897,2,9,0,18,19,1,5,0,0,1,0,0,0,0,1,1,6,6,3,-1,-1,-1,-1,-1,-1,-1,-1,0,-1
2023122400134,2023,122400134,1,1,0,18,19,4,8,9,9,0,0,0,1,7,0,1,6,6,1,58,9,-1,-1,-1,-1,9,E01027897,0,-1
2023131370842,2023,131370842,1,9,0,-1,-1,-1,-1,-1,-1,-1,-1,-1,-1,-1,-1,1,6,6,3,-1,-1,-1,-1,-1,-1,-1,-1,0,-1
2023461325981,2023,461325981,1,9,-1,-1,-1,-1,-1,-1,-1,0,-1,-1,-1,0,-1,1,5,6,1,-1,-1,-1,-1,-1,-1,-1,-1,0,-1
2023320386264,2023,320386264,2,5,0,13,13,6,2,0,0,0,0,0,7,0,1,1,6,6,1,25,5,-1,-1,-1,-1,3,E01013198,0,-1
2023122300625,2023,122300625,1,9,0,17,19,8,2,0,0,0,2,10,1,4,4,1,6,6,1,23,5,-1,-1,-1,-1,10,E01013402,0,-1
2023131317083,2023,131317083,2,1,0,18,19,1,5,0,0,0,0,0,0,0,3,1,4,7,1,16,4,-1,-1,-1,-1,4,E01010801,0,-1
2023471362529,2023,471362529,2,9,0,9,9,8,6,0,0,1,0,0,0,0,1,1,6,6,3,-1,-1,-1,-1,-1,-1,-1,-1,0,-1
2023010466175,2023,010466175,1,1,9,99,99,9,9,99,99,9,9,99,9,99,9,1,2,2,1,24,5,-1,-1,-1,-1,6,E01004501,0,-1
2023332300708,2023,332300708,2,9,0,12,12,7,3,0,0,8,0,0,0,0,4,1,6,6,1,17,4,-1,-1,-1,-1,3,E01032550,0,-1
2023161328277,2023,161328277,3,9,0,18,19,3,7,0,0,1,0,0,0,0,1,1,6,6,1,50,8,-1,-1,-1,-1,1,E01012856,0,-1
2023231375727,2023,231375727,2,3,0,18,19,7,3,0,0,0,0,0,0,0,1,1,6,6,2,21,5,-1,-1,-1,-1,5,E01031102,0,-1
2023421337417,2023,421337417,2,1,0,18,19,3,7,0,0,8,2,0,0,0,4,1,6,6,1,49,8,-1,-1,-1,-1,5,E01021715,0,-1
2023520400892,2023,520400892,1,9,0,18,19,3,7,0,0,0,0,0,0,0,1,1,6,6,3,-1,-1,-1,-1,-1,-1,-1,-1,0,-1
2023451344279,2023,451344279,1,9,0,18,19,0,1,0,0,0,0,0,0,0,0,1,6,6,2,45,7,-1,-1,-1,-1,-1,-1,0,-1