collision_index,collision_year,collision_ref_no,vehicle_reference,vehicle_type,towing_and_articulation,vehicle_manoeuvre_historic,vehicle_manoeuvre,vehicle_direction_from,vehicle_direction_to,vehicle_location_restricted_lane_historic,vehicle_location_restricted_lane,junction_location,skidding_and_overturning,hit_object_in_carriageway,vehicle_leaving_carriageway,hit_object_off_carriageway,first_point_of_impact,vehicle_left_hand_drive,journey_purpose_of_driver_historic,journey_purpose_of_driver,sex_of_driver,age_of_driver,age_band_of_driver,engine_capacity_cc,propulsion_code,age_of_vehicle,generic_make_model,driver_imd_decile,lsoa_of_driver,escooter_flag,driver_distance_banding
2023311295492,2023,311295492,1,9,0,5,5,4,8,0,0,0,0,0,0,0,1,1,6,6,3,-1,-1,-1,-1,-1,-1,-1,-1,0,-1
2023371375346,2023,371375346,2,19,0,3,3,-1,-1,0,0,0,0,0,0,0,3,1,1,1,1,-1,-1,-1,-1,-1,-1,8,E01030065,0,-1
2023131344411,2023,131344411,1,1,0,18,19,3,7,0,0,6,0,0,0,0,3,1,5,6,1,12,3,-1,-1,-1,-1,5,E01011860,0,-1
2023061284859,2023,061284859,2,1,0,18,19,6,3,0,0,1,0,0,0,0,1,1,6,6,3,44,7,-1,-1,-1,-1,7,E01005771,0,-1
2023211349016,2023,211349016,2,9,0,9,9,3,1,0,0,6,0,0,0,0,1,1,5,6,1,20,4,-1,-1,-1,-1,-1,-1,0,-1
2023451350440,2023,451350440,2,1,0,18,19,7,3,0,0,0,0,0,0,0,4,1,6,6,2,51,8,-1,-1,-1,-1,10,E01003811,0,-1
2023610038023,2023,610038023,1,8,0,16,19,6,1,0,0,0,0,0,0,0,4,1,1,1,1,35,6,-1,-1,-1,-1,2,W01001418,0,-1
2023010468454,2023,010468454,2,-1,9,99,99,9,9,99,99,0,9,99,9,99,9,1,6,6,3,-1,-1,-1,-1,-1,-1,-1,-1,1,-1
2023041275079,2023,041275079,2,1,0,18,19,-1,-1,0,0,4,0,0,0,0,1,1,6,6,1,22,5,-1,-1,-1,-1,-1,-1,0,-1
2023340WN3972,2023,340WN3972,2,9,0,2,2,5,1,0,0,0,0,0,0,0,3,1,1,1,1,56,9,-1,-1,-1,-1,8,E01027273,0,-1
2023010456597,2023,010456597,2,9,0,9,9,3,2,0,0,1,0,0,0,0,1,1,6,6,1,-1,-1,-1,-1,-1,-1,4,E01003541,0,-1
2023201373608,2023,201373608,1,1,0,18,19,4,8,0,0,6,0,0,0,0,1,1,5,6,1,21,5,-1,-1,-1,-1,1,E01010095,0,-1
2023010471005,2023,010471005,2,-1,0,99,99,9,9,0,0,9,0,99,9,0,9,1,6,6,2,40,7,-1,-1,-1,-1,4,E01002648,1,-1
2023131266334,2023,131266334,1,3,0,18,19,1,5,0,0,0,5,0,1,0,1,1,6,6,1,18,4,-1,-1,-1,-1,2,E01011656,0,-1
2023010430554,2023,010430554,2,1,0,18,19,1,5,0,0,8,0,0,0,0,4,1,6,6,1,52,8,-1,-1,-1,-1,2,E01002763,0,-1
2023471366918,2023,471366918,2,1,0,18,19,3,7,0,0,0,0,0,0,0,2,1,6,6,1,31,6,-1,-1,-1,-1,4,E01031810,0,-1
2023371353449,2023,371353449,2,1,0,18,19,7,3,4,4,1,0,0,0,0,1,1,6,6,2,71,10,-1,-1,-1,-1,10,E01030206,0,-1
2023041272707,2023,041272707,2,1,0,3,3,3,5,0,0,0,0,0,0,0,1,1,6,6,2,57,9,-1,-1,-1,-1,7,E01027584,0,-1
2023411347242,2023,411347242,2,9,0,17,19,1,5,0,0,8,0,0,0,0,3,1,5,6,1,28,6,-1,-1,-1,-1,4,E01023779,0,-1
2023131370121,2023,131370121,1,90,0,-1,-1,-1,-1,-1,-1,0,-1,-1,-1,0,-1,1,6,6,3,30,6,-1,-1,-1,-1,-1,-1,0,-1
2023421332025,2023,421332025,2,1,0,9,9,7,3,0,0,0,5,0,0,0,2,1,5,6,1,34,6,-1,-1,-1,-1,-1,-1,0,-1
2023622300664,2023,622300664,2,1,0,18,19,2,6,0,0,1,0,0,0,0,0,1,6,6,1,26,6,-1,-1,-1,-1,-1,-1,0,-1
2023361330771,2023,361330771,1,9,0,1,1,7,3,6,6,0,0,0,0,0,2,1,5,6,2,35,6,-1,-1,-1,-1,-1,-1,0,-1
2023451325514,2023,451325514,1,9,0,17,19,5,1,0,0,0,0,0,0,0,1,1,2,2,1,47,8,-1,-1,-1,-1,7,E01030414,0,-1
2023061396607,2023,061396607,1,98,-1,18,19,-1,-1,0,0,0,0,0,0,0,3,1,6,6,3,-1,-1,-1,-1,-1,-1,-1,-1,0,-1
2023461386450,2023,461386450,2,1,0,18,19,7,3,0,0,1,0,0,0,0,3,1,5,6,1,13,3,-1,-1,-1,-1,2,E01016066,0,-1
2023010472469,2023,010472469,1,9,0,18,19,7,3,0,0,1,0,0,0,0,1,1,6,6,1,40,7,-1,-1,-1,-1,10,E01000755,0,-1
2023010456229,2023,010456229,2,1,0,5,5,3,7,0,0,0,0,0,0,0,1,1,1,1,2,35,6,-1,-1,-1,-1,3,E01002752,0,-1
2023170L20543,2023,170L20543,1,9,0,18,19,4,8,0,0,0,0,0,0,0,1,1,6,6,3,-1,-1,-1,-1,-1,-1,-1,-1,0,-1
2023031261760,2023,031261760,1,9,0,16,19,1,5,0,0,2,2,10,0,0,3,1,6,6,1,19,4,-1,-1,-1,-1,-1,-1,0,-1
2023430286355,2023,430286355,1,1,0,9,9,7,5,0,0,2,0,0,0,0,2,1,2,2,1,19,4,-1,-1,-1,-1,5,E01022488,0,-1
2023010482133,2023,010482133,1,11,0,4,4,3,7,99,99,0,0,0,0,0,0,1,6,6,1,-1,-1,-1,-1,-1,-1,-1,-1,0,-1
2023471279534,2023,471279534,2,1,0,9,9,4,2,0,0,8,0,0,0,0,0,1,5,6,1,58,9,-1,-1,-1,-1,10,E01031654,0,-1
2023501298127,2023,501298127,1,1,0,16,19,1,3,0,0,1,2,0,0,0,1,1,6,6,1,49,8,-1,-1,-1,-1,3,E01020079,0,-1
2023010459267,2023,010459267,2,1,0,18,19,8,4,0,0,8,0,0,0,0,3,1,6,6,1,35,6,-1,-1,-1,-1,-1,-1,0,-1
2023122300310,2023,122300310,1,9,0,18,19,8,4,0,0,0,0,0,0,0,0,9,6,6,3,-1,-1,-1,-1,-1,-1,-1,-1,0,-1
2023010457316,2023,010457316,1,1,9,99,99,9,9,99,99,9,9,99,9,99,1,1,2,2,1,37,7,-1,-1,-1,-1,2,E01002033,0,-1
2023351378365,2023,351378365,1,9,0,18,19,6,1,0,0,0,0,0,1,0,1,1,1,1,1,57,9,-1,-1,-1,-1,8,E01018223,0,-1
2023170L20283,2023,170L20283,1,1,0,18,19,6,2,0,0,8,0,0,0,0,2,1,6,6,1,23,5,-1,-1,-1,-1,1,E01033471,0,-1
2023522323000,2023,522323000,2,1,0,18,19,1,5,0,0,8,0,0,0,0,3,1,6,6,1,20,4,-1,-1,-1,-1,8,E01014669,0,-1
2023010429687,2023,010429687,1,1,0,18,19,7,3,4,4,8,0,0,0,0,1,1,2,2,1,53,8,-1,-1,-1,-1,7,E01003408,0,-1
2023010471389,2023,010471389,1,1,0,16,19,5,1,0,0,1,0,0,1,0,1,1,6,6,1,31,6,-1,-1,-1,-1,3,E01001834,0,-1
2023211335878,2023,211335878,2,9,0,9,9,0,0,0,0,0,0,0,0,0,2,1,5,6,1,83,11,-1,-1,-1,-1,4,E01029386,0,-1
2023010459284,2023,010459284,1,1,9,99,99,9,9,99,99,9,9,99,9,99,1,1,6,6,1,33,6,-1,-1,-1,-1,4,E01003210,0,-1
2023451385031,2023,451385031,2,9,0,18,19,3,1,0,0,0,0,0,0,0,0,1,6,6,3,-1,-1,-1,-1,-1,-1,-1,-1,0,-1
2023070528901,2023,070528901,2,9,0,10,10,2,8,0,0,1,0,0,0,0,2,1,6,6,1,45,7,-1,-1,-1,-1,9,E01012392,0,-1
2023440133537,2023,440133537,2,9,0,18,19,7,3,0,0,8,0,0,0,0,0,1,6,6,3,-1,-1,-1,-1,-1,-1,-1,-1,0,-1
2023010450005,2023,010450005,2,9,9,99,99,9,9,99,99,9,9,99,9,99,9,9,6,6,3,-1,-1,-1,-1,-1,-1,-1,-1,0,-1
2023522400988,2023,522400988,3,9,0,3,3,8,4,0,0,8,0,0,0,0,2,1,6,6,3,-1,-1,-1,-1,-1,-1,-1,-1,0,-1
2023501341563,2023,501341563,1,9,0,1,1,4,8,9,9,0,0,0,7,0,2,1,6,6,3,-1,-1,-1,-1,-1,-1,-1,-1,0,-1
2023010467017,2023,010467017,2,9,0,18,19,1,5,0,0,8,0,0,0,0,1,1,6,6,3,-1,-1,-1,-1,-1,-1,-1,-1,0,-1
2023522301656,2023,522301656,2,9,0,6,6,6,6,0,0,8,0,0,0,0,3,1,6,6,3,-1,-1,-1,-1,-1,-1,-1,-1,0,-1
2023010436645,2023,010436645,1,9,0,9,9,1,8,0,0,6,0,0,0,0,2,1,6,6,2,32,6,-1,-1,-1,-1,3,E01032581,0,-1
2023440171247,2023,440171247,2,-1,0,18,19,7,3,0,0,8,0,0,0,0,1,1,2,2,1,33,6,-1,-1,-1,-1,1,E01017205,1,-1
2023101390897,2023,101390897,1,9,0,11,11,4,8,0,0,4,0,0,0,0,1,1,6,6,3,40,7,-1,-1,-1,-1,-1,-1,0,-1
2023010485117,2023,010485117,1,3,0,99,99,9,9,99,99,9,9,99,9,99,1,1,6,6,1,25,5,-1,-1,-1,-1,3,E01000641,0,-1
2023522301235,2023,522301235,1,19,0,18,19,1,5,0,0,1,0,0,0,0,1,1,6,6,1,-1,-1,-1,-1,-1,-1,-1,-1,0,-1
2023010468418,2023,010468418,1,5,0,18,19,5,1,5,5,0,0,0,0,0,1,1,1,1,1,32,6,-1,-1,-1,-1,4,E01003666,0,-1
202360A171404,2023,60A171404,1,9,4,2,2,0,0,0,0,0,0,0,0,0,2,1,6,6,1,55,8,-1,-1,-1,-1,-1,-1,0,-1
2023552300286,2023,552300286,1,9,0,18,19,7,3,0,0,8,0,0,0,0,1,1,6,6,3,-1,-1,-1,-1,-1,-1,-1,-1,0,-1
2023302300267,2023,302300267,2,1,0,18,19,2,8,0,0,8,0,0,0,0,2,1,6,6,1,48,8,-1,-1,-1,-1,3,E01019666,0,-1
2023421268778,2023,421268778,2,1,0,15,15,4,8,5,5,0,0,0,7,0,1,1,6,6,1,17,4,-1,-1,-1,-1,5,E01021484,0,-1
2023231259351,2023,231259351,7,9,0,18,19,4,8,0,0,0,0,11,0,0,1,1,6,6,1,30,6,-1,-1,-1,-1,3,E01008957,0,-1
2023320196319,2023,320196319,1,9,0,18,19,5,1,0,0,0,0,0,0,0,1,1,6,6,3,-1,-1,-1,-1,-1,-1,-1,-1,0,-1
2023549375023,2023,549375023,2,1,0,18,19,1,5,0,0,0,0,10,0,0,1,1,6,6,1,14,3,-1,-1,-1,-1,7,E01031872,0,-1
2023320702719,2023,320702719,2,9,0,18,19,6,2,0,0,1,0,0,0,0,1,1,1,1,1,52,8,-1,-1,-1,-1,4,E01026082,0,-1
2023010426743,2023,010426743,1,1,9,99,99,9,9,99,99,9,9,99,9,99,1,1,2,2,1,29,6,-1,-1,-1,-1,3,E01032784,0,-1
2023501307667,2023,501307667,1,9,0,14,14,5,3,0,0,0,0,0,0,0,4,1,6,6,3,-1,-1,-1,-1,-1,-1,-1,-1,0,-1
2023010480867,2023,010480867,1,3,0,18,19,3,7,0,0,1,0,0,0,0,1,1,6,6,1,22,5,-1,-1,-1,-1,3,E01004344,0,-1
2023010473231,2023,010473231,2,1,0,18,19,5,1,0,0,4,0,0,0,0,1,1,2,2,1,31,6,-1,-1,-1,-1,5,E01004178,0,-1
2023041353782,2023,041353782,2,1,0,18,19,1,5,0,0,8,0,0,0,0,2,1,6,6,1,15,3,-1,-1,-1,-1,1,E01025527,0,-1
2023131359969,2023,131359969,1,9,0,18,19,1,5,0,0,1,0,0,0,0,-1,1,6,6,3,99,11,-1,-1,-1,-1,-1,-1,0,-1
2023161308399,2023,161308399,2,9,0,1,1,1,5,0,0,1,0,0,0,0,2,1,6,6,1,-1,-1,-1,-1,-1,-1,-1,-1,0,-1
2023010435741,2023,010435741,2,1,0,9,9,5,3,0,0,4,0,0,0,0,1,1,2,2,1,31,6,-1,-1,-1,-1,5,E01003855,0,-1
2023430173398,2023,430173398,2,1,0,18,19,8,4,0,0,8,0,0,0,0,2,1,6,6,2,59,9,-1,-1,-1,-1,4,E01028574,0,-1
2023471318167,2023,471318167,1,9,0,2,2,7,3,0,0,1,0,0,0,0,1,1,5,6,1,40,7,-1,-1,-1,-1,10,E01031682,0,-1
2023131378689,2023,131378689,2,9,0,13,13,-1,-1,-1,-1,2,-1,-1,-1,0,-1,1,6,6,3,-1,-1,-1,-1,-1,-1,-1,-1,0,-1
2023461383856,2023,461383856,2,19,0,18,19,4,8,0,0,0,0,0,0,0,3,1,6,6,2,48,8,-1,-1,-1,-1,8,E01021140,0,-1
2023141340620,2023,141340620,2,1,0,18,19,7,3,0,0,0,0,0,0,0,2,1,5,6,1,38,7,-1,-1,-1,-1,1,E01008122,0,-1
2023010477756,2023,010477756,1,1,9,99,99,9,9,99,99,9,9,99,9,99,1,1,2,2,2,49,8,-1,-1,-1,-1,3,E01001779,0,-1
2023070884781,2023,070884781,2,9,0,3,3,5,1,0,0,1,0,0,0,0,2,1,6,6,1,46,8,-1,-1,-1,-1,10,E01018397,0,-1
2023010472296,2023,010472296,2,1,0,18,19,1,5,4,4,8,0,0,0,0,4,1,2,2,1,37,7,-1,-1,-1,-1,1,E01001145,0,-1
2023010420240,2023,010420240,1,11,0,99,99,9,9,99,99,9,9,99,9,99,9,9,1,1,1,47,8,-1,-1,-1,-1,1,E01001955,0,-1
2023010424340,2023,010424340,1,23,0,99,99,9,9,99,99,9,9,99,9,99,2,1,1,1,1,28,6,-1,-1,-1,-1,6,E01001527,0,-1
2023070872047,2023,070872047,2,1,0,18,19,3,7,0,0,8,0,0,0,0,3,1,6,6,1,16,4,-1,-1,-1,-1,9,E01012566,0,-1
2023122300266,2023,122300266,1,1,0,14,14,6,2,0,0,8,0,0,0,0,4,1,2,2,1,54,8,-1,-1,-1,-1,9,E01013408,0,-1
2023531313905,2023,531313905,1,98,0,18,19,5,1,0,0,1,0,0,0,0,1,1,6,6,3,-1,-1,-1,-1,-1,-1,-1,-1,0,-1
2023501378959,2023,501378959,3,9,0,2,2,0,0,0,0,0,0,0,0,0,2,1,6,6,3,-1,-1,-1,-1,-1,-1,-1,-1,0,-1
2023522301022,2023,522301022,2,9,0,12,12,5,2,0,0,8,0,0,0,0,1,1,6,6,1,31,6,-1,-1,-1,-1,1,E01014703,0,-1
2023041283647,2023,041283647,1,9,0,9,9,-1,-1,0,0,1,0,0,0,0,1,1,6,6,1,-1,-1,-1,-1,-1,-1,-1,-1,0,-1
2023010434934,2023,010434934,1,9,0,18,19,7,3,0,0,0,0,0,0,0,1,1,6,6,3,-1,-1,-1,-1,-1,-1,-1,-1,0,-1
2023320011137,2023,320011137,2,1,0,18,19,8,4,0,0,8,5,0,0,0,3,1,6,6,1,41,7,-1,-1,-1,-1,4,E01026389,0,-1
2023061323033,2023,061323033,2,1,0,18,19,4,8,4,4,8,0,0,0,0,1,1,2,2,1,32,6,-1,-1,-1,-1,-1,-1,0,-1
2023010473990,2023,010473990,1,1,9,99,99,9,9,99,99,9,9,99,9,99,9,1,6,6,2,45,7,-1,-1,-1,-1,6,E01003393,0,-1
2023010467066,2023,010467066,1,1,0,18,19,3,7,0,0,8,0,0,0,0,1,1,6,6,1,17,4,-1,-1,-1,-1,6,E01001275,0,-1
2023430488119,2023,430488119,1,1,0,18,19,1,5,4,4,8,0,0,0,0,4,1,2,2,1,57,9,-1,-1,-1,-1,5,E01016279,0,-1
2023010473376,2023,010473376,1,1,9,99,99,9,9,99,99,9,9,99,9,99,9,1,1,1,1,19,4,-1,-1,-1,-1,3,E01002457,0,-1
202363D002023,2023,63D002023,1,9,0,11,11,4,8,0,0,0,1,0,5,6,3,1,6,6,1,45,7,-1,-1,-1,-1,7,W01000564,0,-1
2023031387567,2023,031387567,2,1,0,18,19,3,7,0,0,0,0,0,0,0,1,1,6,6,1,51,8,-1,-1,-1,-1,9,E01019358,0,-1
2023031345667,2023,031345667,2,19,0,5,5,2,6,0,0,6,0,0,6,0,1,1,6,6,1,33,6,-1,-1,-1,-1,-1,-1,0,-1
2023440010311,2023,440010311,1,9,0,18,19,4,8,0,0,2,0,0,0,0,3,1,2,2,1,23,5,-1,-1,-1,-1,7,E01022795,0,-1
2023010434147,2023,010434147,2,1,0,18,19,7,3,0,0,1,0,8,0,0,1,1,6,6,1,42,7,-1,-1,-1,-1,6,E01002565,0,-1
2023440151768,2023,440151768,1,-1,0,18,19,3,7,0,0,0,0,0,0,0,4,1,6,6,1,20,4,-1,-1,-1,-1,5,E01023285,1,-1
2023161348368,2023,161348368,1,9,0,18,19,5,1,0,0,0,0,0,0,0,1,1,6,6,3,-1,-1,-1,-1,-1,-1,-1,-1,0,-1
2023552300256,2023,552300256,1,9,0,1,1,3,7,0,0,1,0,0,0,0,2,1,6,6,3,-1,-1,-1,-1,-1,-1,-1,-1,0,-1
202360A000471,2023,60A000471,2,9,0,18,19,6,2,0,0,1,0,0,0,0,0,1,6,6,1,24,5,-1,-1,-1,-1,-1,-1,0,-1
2023101304696,2023,101304696,1,9,-1,18,19,3,7,0,0,0,0,0,0,0,4,1,6,6,2,-1,-1,-1,-1,-1,-1,-1,-1,0,-1
2023340WN3502,2023,340WN3502,3,9,0,2,2,0,0,0,0,0,0,0,0,0,3,1,6,6,3,-1,-1,-1,-1,-1,-1,-1,-1,0,-1
2023010437635,2023,010437635,2,1,0,18,19,2,6,0,0,0,0,0,0,0,2,1,1,1,1,18,4,-1,-1,-1,-1,-1,-1,0,-1
2023052302750,2023,052302750,1,8,0,4,4,4,8,0,0,0,0,0,0,0,0,1,1,1,1,-1,-1,-1,-1,-1,-1,-1,-1,0,-1
2023332300519,2023,332300519,2,9,0,13,13,3,7,0,0,0,0,0,0,0,4,1,6,6,1,23,5,-1,-1,-1,-1,-1,-1,0,-1
2023351306563,2023,351306563,2,19,0,4,4,5,1,0,0,1,1,0,0,0,1,1,6,6,1,-1,-1,-1,-1,-1,-1,5,E01027062,0,-1
2023131376850,2023,131376850,1,9,0,9,9,2,6,0,0,2,0,0,0,0,-1,1,6,6,3,40,7,-1,-1,-1,-1,-1,-1,0,-1
2023010426158,2023,010426158,2,1,0,18,19,3,7,0,0,0,0,0,0,0,1,1,6,6,1,46,8,-1,-1,-1,-1,10,E01030764,0,-1
2023010441961,2023,010441961,1,2,0,99,99,9,9,99,99,9,9,99,9,99,9,1,6,6,3,-1,-1,-1,-1,-1,-1,-1,-1,0,-1
2023010470217,2023,010470217,2,1,0,9,9,7,5,0,0,2,0,0,0,0,0,1,6,6,1,16,4,-1,-1,-1,-1,3,E01001162,0,-1
2023440099688,2023,440099688,1,19,0,1,1,7,3,0,0,0,0,0,0,0,2,1,6,6,1,73,10,-1,-1,-1,-1,7,E01023109,0,-1
2023010472473,2023,010472473,1,3,0,18,19,7,3,0,0,1,0,0,0,0,1,1,4,7,1,17,4,-1,-1,-1,-1,1,E01004300,0,-1
2023221324066,2023,221324066,2,1,0,9,9,2,8,0,0,5,0,0,0,0,3,1,2,2,1,19,4,-1,-1,-1,-1,9,E01032433,0,-1
2023041342972,2023,041342972,1,1,0,18,19,5,1,0,0,1,0,0,0,0,1,1,1,1,1,26,6,-1,-1,-1,-1,3,E01025232,0,-1
2023211277934,2023,211277934,2,1,-1,-1,-1,-1,-1,-1,-1,-1,-1,-1,-1,0,-1,1,6,6,1,63,9,-1,-1,-1,-1,-1,-1,0,-1
2023440202685,2023,440202685,1,9,0,18,19,3,7,0,0,1,0,0,0,0,1,1,6,6,1,23,5,-1,-1,-1,-1,7,E01023185,0,-1
2023401390134,2023,401390134,1,9,0,1,1,-1,-1,0,0,-1,0,0,0,0,2,1,5,6,3,-1,-1,-1,-1,-1,-1,-1,-1,0,-1
2023531357011,2023,531357011,2,1,0,18,19,7,3,0,0,8,0,0,0,0,3,1,6,6,2,57,9,-1,-1,-1,-1,10,E01022406,0,-1
2023430225222,2023,430225222,1,9,0,18,19,1,5,0,0,3,0,0,0,0,1,1,6,6,3,-1,-1,-1,-1,-1,-1,-1,-1,0,-1
2023201310604,2023,201310604,2,1,0,18,19,6,2,0,0,1,0,0,0,0,4,1,6,6,1,45,7,-1,-1,-1,-1,1,E01009362,0,-1
2023302300119,2023,302300119,1,9,0,18,19,5,1,0,0,1,0,4,0,0,1,1,6,6,2,45,7,-1,-1,-1,-1,3,E01019484,0,-1
2023010420247,2023,010420247,1,9,0,7,7,3,5,0,0,2,0,0,0,0,1,1,6,6,1,34,6,-1,-1,-1,-1,8,E01000420,0,-1
2023371353866,2023,371353866,1,1,0,18,19,1,5,0,0,8,0,0,0,0,1,1,6,6,1,8,2,-1,-1,-1,-1,3,E01029968,0,-1
2023302301026,2023,302301026,1,-1,0,4,4,5,1,9,9,0,0,0,0,0,4,1,6,6,1,52,8,-1,-1,-1,-1,1,E01013590,1,-1
2023010453468,2023,010453468,1,90,0,99,99,9,9,99,99,9,9,99,9,99,1,9,2,2,1,58,9,-1,-1,-1,-1,3,E01002772,0,-1
2023010441279,2023,010441279,1,1,9,99,99,9,9,99,99,9,9,99,9,99,9,1,2,2,1,54,8,-1,-1,-1,-1,7,E01003817,0,-1
2023201380562,2023,201380562,1,9,0,1,1,1,5,9,9,8,0,0,0,0,2,1,6,6,1,40,7,-1,-1,-1,-1,-1,-1,0,-1
2023041398629,2023,041398629,1,9,0,7,7,7,1,0,0,5,0,0,0,0,3,1,6,6,3,-1,-1,-1,-1,-1,-1,-1,-1,0,-1
2023340WN4142,2023,340WN4142,1,1,0,18,19,3,7,0,0,0,0,0,0,0,3,1,6,6,1,7,2,-1,-1,-1,-1,7,E01027204,0,-1
2023010435289,2023,010435289,1,9,0,18,19,3,7,0,0,0,0,0,0,0,1,1,6,6,1,33,6,-1,-1,-1,-1,3,E01002554,0,-1
2023430019335,2023,430019335,3,9,0,18,19,7,3,0,0,8,0,0,0,0,1,1,6,6,2,24,5,-1,-1,-1,-1,1,E01016811,0,-1
2023610010323,2023,610010323,3,9,0,18,19,3,7,0,0,0,0,0,0,0,1,1,6,6,1,-1,-1,-1,-1,-1,-1,4,W01001628,0,-1
2023101347275,2023,101347275,1,19,0,18,19,2,8,0,0,0,0,0,0,0,4,1,6,6,3,-1,-1,-1,-1,-1,-1,-1,-1,0,-1
2023041272707,2023,041272707,1,9,0,7,7,3,5,0,0,0,0,0,0,0,0,1,6,6,3,-1,-1,-1,-1,-1,-1,-1,-1,0,-1
2023201461825,2023,201461825,1,9,0,5,5,6,2,0,0,6,0,10,1,1,3,1,2,2,2,60,9,-1,-1,-1,-1,8,E01010492,0,-1
2023111276987,2023,111276987,2,9,0,3,3,1,4,0,0,1,0,0,0,0,2,1,1,1,1,26,6,-1,-1,-1,-1,3,E01020652,0,-1
2023340NN0492,2023,340NN0492,2,1,0,18,19,5,1,0,0,8,0,0,0,0,4,1,2,2,1,24,5,-1,-1,-1,-1,6,E01027039,0,-1
2023471280868,2023,471280868,2,19,0,4,4,1,5,0,0,0,0,0,0,0,2,1,1,1,1,45,7,-1,-1,-1,-1,8,E01020963,0,-1
2023501326773,2023,501326773,2,5,0,18,19,1,5,0,0,0,2,0,0,0,1,1,6,6,1,43,7,-1,-1,-1,-1,5,E01020256,0,-1
2023451298744,2023,451298744,1,9,0,2,2,1,3,5,5,0,0,0,0,0,1,1,1,1,1,36,7,-1,-1,-1,-1,10,E01030341,0,-1
2023361266584,2023,361266584,2,9,0,18,19,5,1,0,0,8,0,0,0,0,1,1,6,6,1,45,7,-1,-1,-1,-1,6,E01026781,0,-1
2023010434690,2023,010434690,1,9,0,5,5,3,7,0,0,1,0,0,0,0,1,9,6,6,3,-1,-1,-1,-1,-1,-1,-1,-1,0,-1
2023010432862,2023,010432862,1,19,0,4,4,1,5,0,0,1,0,0,0,0,3,1,1,1,1,47,8,-1,-1,-1,-1,2,E01004467,0,-1
2023440478041,2023,440478041,1,9,0,18,19,2,6,0,0,4,0,0,0,0,1,1,6,6,1,84,11,-1,-1,-1,-1,8,E01023245,0,-1
2023361367106,2023,361367106,2,1,0,18,19,8,3,0,0,8,1,0,0,0,0,1,6,6,1,34,6,-1,-1,-1,-1,-1,-1,0,-1
2023131283246,2023,131283246,2,1,0,18,19,1,5,0,0,0,0,0,0,0,1,1,5,6,1,49,8,-1,-1,-1,-1,3,E01011222,0,-1
2023552301336,2023,552301336,2,1,0,18,19,7,3,4,4,8,0,0,0,0,3,1,6,6,1,59,9,-1,-1,-1,-1,7,E01020354,0,-1
2023201326881,2023,201326881,2,1,0,18,19,5,1,9,9,8,0,0,0,0,1,1,6,6,1,14,3,-1,-1,-1,-1,1,E01033649,0,-1
2023501286139,2023,501286139,1,9,0,18,19,1,5,0,0,1,0,0,0,0,1,1,6,6,3,-1,-1,-1,-1,-1,-1,-1,-1,0,-1
2023471377127,2023,471377127,1,90,0,18,19,7,3,0,0,1,0,0,0,0,1,1,1,1,1,71,10,-1,-1,-1,-1,9,E01031714,0,-1
2023010434823,2023,010434823,1,1,9,99,99,9,9,99,99,0,9,99,9,99,1,1,6,6,1,26,6,-1,-1,-1,-1,7,E01002172,0,-1
2023440342225,2023,440342225,2,-1,0,18,19,6,2,9,9,1,0,0,0,0,1,1,6,6,1,-1,-1,-1,-1,-1,-1,-1,-1,1,-1
2023010455043,2023,010455043,1,9,9,18,19,5,1,0,0,1,0,12,0,0,4,9,6,6,3,-1,-1,-1,-1,-1,-1,-1,-1,0,-1
2023141355605,2023,141355605,1,9,0,5,5,5,7,0,0,0,0,0,0,0,3,1,6,6,3,20,4,-1,-1,-1,-1,-1,-1,0,-1
2023010463304,2023,010463304,1,1,9,99,99,9,9,99,99,9,9,99,9,99,9,1,6,6,1,51,8,-1,-1,-1,-1,4,E01002016,0,-1
2023052301853,2023,052301853,1,1,0,5,5,1,5,0,0,0,0,0,0,0,4,1,6,6,1,6,2,-1,-1,-1,-1,3,E01006836,0,-1
2023302301662,2023,302301662,1,9,0,18,19,6,2,0,0,0,0,0,0,0,3,1,6,6,3,-1,-1,-1,-1,-1,-1,5,E01019456,0,-1
2023010480814,2023,010480814,1,9,9,99,99,9,9,99,99,9,9,99,9,99,9,9,6,6,3,-1,-1,-1,-1,-1,-1,-1,-1,0,-1
2023631384745,2023,631384745,2,1,0,18,19,5,1,0,0,0,5,0,7,0,0,1,5,6,1,77,11,-1,-1,-1,-1,8,W01000466,0,-1
2023501391144,2023,501391144,1,19,0,17,19,6,2,0,0,0,0,0,0,0,1,1,1,1,1,31,6,-1,-1,-1,-1,8,E01020158,0,-1
2023991347949,2023,991347949,2,1,0,18,19,1,5,0,0,0,0,0,0,0,1,1,6,6,1,41,7,-1,-1,-1,-1,-1,-1,0,-1
2023052302552,2023,052302552,2,1,0,18,19,7,3,0,0,8,0,0,0,0,1,1,6,6,1,59,9,-1,-1,-1,-1,1,E01007204,0,-1
2023501294452,2023,501294452,2,9,0,18,19,2,6,0,0,1,0,0,0,0,1,1,6,6,1,39,7,-1,-1,-1,-1,2,E01015190,0,-1
2023501335576,2023,501335576,1,9,0,7,7,1,2,0,0,5,0,0,0,0,4,1,6,6,1,20,4,-1,-1,-1,-1,6,E01020202,0,-1
2023522400011,2023,522400011,2,97,0,14,14,9,9,0,0,0,0,0,0,0,1,1,6,6,3,-1,-1,-1,-1,-1,-1,-1,-1,0,-1
2023451387437,2023,451387437,1,1,0,18,19,7,3,0,0,0,5,0,1,0,3,1,2,2,1,52,8,-1,-1,-1,-1,8,E01030848,0,-1
2023010476124,2023,010476124,1,8,0,18,19,7,3,0,0,1,0,0,0,0,1,1,6,6,1,44,7,-1,-1,-1,-1,6,E01004634,0,-1
2023531306356,2023,531306356,2,-1,0,17,19,2,6,0,0,8,0,0,0,0,2,1,5,6,1,21,5,-1,-1,-1,-1,9,E01022137,1,-1
2023461276383,2023,461276383,1,9,0,18,19,8,4,0,0,8,0,0,0,0,1,1,6,6,3,-1,-1,-1,-1,-1,-1,-1,-1,0,-1
2023010464460,2023,010464460,2,1,0,5,5,3,7,0,0,8,0,0,0,0,3,1,2,2,1,33,6,-1,-1,-1,-1,3,E01000918,0,-1
2023010480389,2023,010480389,2,19,0,99,99,9,9,99,99,9,9,99,9,99,9,9,6,6,3,-1,-1,-1,-1,-1,-1,-1,-1,0,-1