collision_index,collision_year,collision_ref_no,vehicle_reference,vehicle_type,towing_and_articulation,vehicle_manoeuvre_historic,vehicle_manoeuvre,vehicle_direction_from,vehicle_direction_to,vehicle_location_restricted_lane_historic,vehicle_location_restricted_lane,junction_location,skidding_and_overturning,hit_object_in_carriageway,vehicle_leaving_carriageway,hit_object_off_carriageway,first_point_of_impact,vehicle_left_hand_drive,journey_purpose_of_driver_historic,journey_purpose_of_driver,sex_of_driver,age_of_driver,age_band_of_driver,engine_capacity_cc,propulsion_code,age_of_vehicle,generic_make_model,driver_imd_decile,lsoa_of_driver,escooter_flag,driver_distance_banding
2023201268741,2023,201268741,2,9,0,9,9,4,2,0,0,5,1,10,7,1,4,1,2,2,1,27,6,-1,-1,-1,-1,5,E01009926,0,-1
2023061279329,2023,061279329,2,1,-1,18,19,1,3,0,0,4,0,0,0,0,4,1,6,6,1,27,6,-1,-1,-1,-1,4,E01005853,0,-1
2023161360955,2023,161360955,2,9,0,18,19,3,7,0,0,1,0,0,0,0,1,1,6,6,3,-1,-1,-1,-1,-1,-1,-1,-1,0,-1
2023531327503,2023,531327503,2,1,0,18,19,5,1,0,0,0,0,0,0,0,3,1,5,6,1,55,8,-1,-1,-1,-1,10,E01028476,0,-1
2023547826523,2023,547826523,1,9,0,18,19,1,5,0,0,0,0,0,0,0,3,1,6,6,1,22,5,-1,-1,-1,-1,2,E01015539,0,-1
2023010447362,2023,010447362,2,9,0,2,2,0,0,0,0,1,0,0,0,0,9,1,6,6,3,-1,-1,-1,-1,-1,-1,-1,-1,0,-1
2023501344963,2023,501344963,1,9,0,17,19,6,3,6,6,0,0,0,1,0,1,1,5,6,2,73,10,-1,-1,-1,-1,7,E01020233,0,-1
2023061349087,2023,061349087,1,9,-1,18,19,-1,-1,-1,-1,0,-1,-1,-1,0,1,1,6,6,3,-1,-1,-1,-1,-1,-1,-1,-1,0,-1
2023461387333,2023,461387333,1,97,0,18,19,6,2,0,0,1,0,0,0,0,1,1,6,6,3,-1,-1,-1,-1,-1,-1,-1,-1,0,-1
2023010436714,2023,010436714,2,19,0,99,99,9,9,99,99,9,9,99,9,99,2,9,6,6,3,-1,-1,-1,-1,-1,-1,-1,-1,0,-1
2023421341090,2023,421341090,1,97,0,18,19,1,5,0,0,0,5,0,0,0,1,1,5,6,1,15,3,-1,-1,-1,-1,2,E01021592,0,-1
2023131320432,2023,131320432,2,1,0,18,19,5,1,0,0,1,0,0,0,0,1,1,5,6,1,52,8,-1,-1,-1,-1,2,E01011227,0,-1
2023010434978,2023,010434978,1,9,0,99,99,9,9,99,99,9,9,99,9,99,1,9,6,6,3,-1,-1,-1,-1,-1,-1,-1,-1,0,-1
2023471378810,2023,471378810,2,1,0,18,19,4,8,0,0,2,0,0,0,0,0,1,2,2,1,40,7,-1,-1,-1,-1,4,E01031549,0,-1
2023010440038,2023,010440038,1,1,9,99,99,9,9,99,99,0,9,99,9,99,9,1,6,6,1,31,6,-1,-1,-1,-1,2,E01004223,0,-1
2023401342217,2023,401342217,2,1,0,18,19,-1,-1,0,0,0,0,0,0,0,2,1,6,6,1,73,10,-1,-1,-1,-1,9,E01018172,0,-1
2023421360367,2023,421360367,2,1,0,18,19,5,1,0,0,0,0,0,0,0,3,1,5,6,1,34,6,-1,-1,-1,-1,9,E01022072,0,-1
2023010461630,2023,010461630,1,1,9,99,99,9,9,99,99,9,9,99,9,99,9,1,6,6,2,39,7,-1,-1,-1,-1,7,E01008049,0,-1
2023201411011,2023,201411011,1,9,0,18,19,1,5,0,0,0,0,0,0,0,1,1,2,2,2,51,8,-1,-1,-1,-1,1,E01009514,0,-1
2023161268958,2023,161268958,2,1,0,18,19,3,7,0,0,1,0,0,0,0,1,1,6,6,2,51,8,-1,-1,-1,-1,2,E01012821,0,-1
2023421328160,2023,421328160,1,9,0,18,19,7,7,0,0,2,0,0,0,0,4,1,6,6,1,-1,-1,-1,-1,-1,-1,-1,-1,0,-1
2023010420499,2023,010420499,1,1,9,99,99,9,9,99,99,9,9,99,9,99,9,1,2,2,1,57,9,-1,-1,-1,-1,4,E01003282,0,-1
2023461354717,2023,461354717,1,97,0,-1,-1,-1,-1,-1,-1,0,-1,-1,-1,0,4,1,6,6,3,-1,-1,-1,-1,-1,-1,-1,-1,0,-1
2023061312968,2023,061312968,2,1,-1,-1,-1,-1,-1,-1,-1,-1,-1,-1,-1,0,-1,1,6,6,1,37,7,-1,-1,-1,-1,1,E01005240,0,-1
2023201339667,2023,201339667,2,1,0,4,4,6,2,0,0,1,0,0,0,0,4,1,6,6,1,79,11,-1,-1,-1,-1,4,E01033622,0,-1
2023501386074,2023,501386074,2,9,0,18,19,5,1,0,0,1,0,0,0,0,1,1,2,2,1,49,8,-1,-1,-1,-1,2,E01015194,0,-1
2023231261865,2023,231261865,1,9,0,18,19,2,6,0,0,6,0,0,0,0,1,1,6,6,3,35,6,-1,-1,-1,-1,-1,-1,0,-1
2023340NN2612,2023,340NN2612,1,21,0,11,11,7,3,0,0,0,0,0,0,0,4,1,1,1,3,-1,-1,-1,-1,-1,-1,-1,-1,0,-1
2023041347011,2023,041347011,1,1,0,18,19,5,1,0,0,0,0,0,0,0,1,1,6,6,1,23,5,-1,-1,-1,-1,3,E01012653,0,-1
2023141328356,2023,141328356,2,9,0,5,5,2,1,0,0,4,0,0,0,0,3,1,6,6,3,-1,-1,-1,-1,-1,-1,-1,-1,0,-1
2023161296786,2023,161296786,1,9,0,18,19,6,2,0,0,0,0,0,0,0,1,1,6,6,3,-1,-1,-1,-1,-1,-1,-1,-1,0,-1
2023010475714,2023,010475714,1,9,0,99,99,9,9,99,99,9,9,99,9,99,1,9,6,6,3,-1,-1,-1,-1,-1,-1,-1,-1,0,-1
2023610024623,2023,610024623,1,9,0,18,19,3,7,0,0,6,0,0,1,2,1,1,6,6,1,-1,-1,-1,-1,-1,-1,1,W01001621,0,-1
2023010424709,2023,010424709,1,1,0,18,19,7,3,4,4,1,9,99,9,0,9,1,6,6,3,-1,-1,-1,-1,-1,-1,-1,-1,0,-1
2023552300933,2023,552300933,1,21,1,9,9,6,4,0,0,8,0,0,0,0,1,2,1,1,1,34,6,-1,-1,-1,-1,-1,-1,0,-1
2023122300201,2023,122300201,1,8,0,18,19,2,6,0,0,1,0,0,0,0,1,1,6,6,3,-1,-1,-1,-1,-1,-1,-1,-1,0,-1
2023421316569,2023,421316569,2,22,0,17,19,5,1,0,0,1,0,0,1,0,3,1,5,6,1,82,11,-1,-1,-1,-1,-1,-1,0,-1
2023052302400,2023,052302400,2,1,0,18,19,2,6,0,0,4,0,0,0,0,1,1,6,6,1,59,9,-1,-1,-1,-1,9,E01006316,0,-1
2023522300711,2023,522300711,1,1,0,18,19,1,5,0,0,8,0,0,0,0,1,1,6,6,1,54,8,-1,-1,-1,-1,3,E01015543,0,-1
2023010421260,2023,010421260,2,19,0,18,19,4,8,0,0,1,0,0,0,0,1,1,6,6,3,-1,-1,-1,-1,-1,-1,-1,-1,0,-1
2023010474378,2023,010474378,1,1,0,18,19,1,5,0,0,0,0,0,0,0,1,1,6,6,1,45,7,-1,-1,-1,-1,3,E01001806,0,-1
2023131364915,2023,131364915,1,9,0,18,19,5,1,0,0,0,0,0,0,0,1,1,2,2,1,45,7,-1,-1,-1,-1,2,E01007815,0,-1
2023520300367,2023,520300367,2,9,0,13,13,9,9,0,0,1,0,0,0,0,4,9,6,6,1,68,10,-1,-1,-1,-1,2,E01029098,0,-1
2023430184460,2023,430184460,2,-1,0,18,19,7,3,0,0,1,0,0,0,0,3,1,6,6,1,16,4,-1,-1,-1,-1,9,E01016292,1,-1
2023161371177,2023,161371177,1,9,0,1,1,2,6,0,0,0,0,0,0,0,2,1,6,6,1,-1,-1,-1,-1,-1,-1,-1,-1,0,-1
2023010451766,2023,010451766,2,9,0,99,99,9,9,99,99,0,9,99,9,99,9,9,6,6,3,-1,-1,-1,-1,-1,-1,-1,-1,0,-1
2023351286658,2023,351286658,3,1,-1,-1,-1,-1,-1,-1,-1,-1,-1,-1,-1,0,-1,1,5,6,1,39,7,-1,-1,-1,-1,9,E01018008,0,-1
2023461323517,2023,461323517,2,90,1,5,5,5,1,0,0,6,3,0,0,0,3,1,2,2,1,65,9,-1,-1,-1,-1,8,E01024209,0,-1
2023131375100,2023,131375100,2,9,0,18,19,5,1,0,0,0,0,0,5,0,3,1,1,1,1,56,9,-1,-1,-1,-1,4,E01010637,0,-1
2023101344664,2023,101344664,1,9,0,7,7,6,8,0,0,8,0,0,0,0,1,1,6,6,2,-1,-1,-1,-1,-1,-1,-1,-1,0,-1
2023010445125,2023,010445125,1,9,0,15,15,5,1,0,0,0,0,0,0,0,1,1,6,6,1,21,5,-1,-1,-1,-1,3,E01033593,0,-1
2023101390160,2023,101390160,1,8,0,18,19,3,7,0,0,1,0,0,0,0,1,1,1,1,1,45,7,-1,-1,-1,-1,-1,-1,0,-1
2023501291022,2023,501291022,2,1,0,18,19,6,2,0,0,0,5,0,0,0,1,1,5,6,1,23,5,-1,-1,-1,-1,8,E01020019,0,-1
2023010437394,2023,010437394,1,19,0,99,99,9,9,99,99,0,9,99,9,99,2,9,6,6,3,-1,-1,-1,-1,-1,-1,-1,-1,0,-1
2023371384601,2023,371384601,1,9,0,-1,-1,-1,-1,-1,-1,-1,-1,-1,-1,0,-1,1,6,6,1,58,9,-1,-1,-1,-1,9,E01021376,0,-1
2023010453133,2023,010453133,1,90,0,16,19,2,5,0,0,1,0,0,1,0,1,1,1,1,1,33,6,-1,-1,-1,-1,6,E01003013,0,-1
2023320359484,2023,320359484,1,9,0,7,7,1,2,0,0,2,0,0,0,0,1,1,6,6,1,-1,-1,-1,-1,-1,-1,-1,-1,0,-1
2023440151173,2023,440151173,2,1,0,18,19,1,5,0,0,1,0,0,0,0,4,1,6,6,1,30,6,-1,-1,-1,-1,3,E01017107,0,-1
2023131290215,2023,131290215,2,1,0,13,13,1,5,0,0,1,0,0,0,0,1,1,6,6,1,32,6,-1,-1,-1,-1,1,E01011429,0,-1
2023320097745,2023,320097745,3,9,0,18,19,4,8,0,0,0,0,0,0,0,1,1,1,1,1,33,6,-1,-1,-1,-1,7,E01026199,0,-1
2023471332151,2023,471332151,1,1,0,18,19,1,5,9,9,0,5,0,0,0,1,1,5,6,1,-1,-1,-1,-1,-1,-1,6,E01031586,0,-1
2023221371782,2023,221371782,1,9,0,18,19,5,2,0,0,0,0,0,0,0,1,1,6,6,2,42,7,-1,-1,-1,-1,-1,-1,0,-1
2023010450973,2023,010450973,3,1,0,17,19,1,5,0,0,0,0,4,0,0,1,1,6,6,1,-1,-1,-1,-1,-1,-1,-1,-1,0,-1
2023041359103,2023,041359103,1,9,0,18,19,-1,-1,0,0,0,0,0,0,0,4,1,6,6,3,-1,-1,-1,-1,-1,-1,-1,-1,0,-1
2023161309843,2023,161309843,1,1,0,18,19,7,3,0,0,8,0,0,0,0,0,1,2,2,1,35,6,-1,-1,-1,-1,2,E01013283,0,-1
2023070875712,2023,070875712,1,9,0,9,9,7,3,0,0,6,0,0,0,0,1,2,6,6,1,-1,-1,-1,-1,-1,-1,-1,-1,0,-1
2023421394347,2023,421394347,1,19,-1,18,19,1,5,0,0,0,-1,-1,-1,0,1,1,6,6,3,-1,-1,-1,-1,-1,-1,-1,-1,0,-1
2023010483577,2023,010483577,1,9,0,18,19,6,2,0,0,1,0,0,0,0,1,1,2,2,1,41,7,-1,-1,-1,-1,5,E01003413,0,-1
2023991331530,2023,991331530,2,1,0,5,5,6,2,0,0,0,0,0,7,0,3,1,5,6,1,51,8,-1,-1,-1,-1,5,-1,0,-1
2023010428087,2023,010428087,3,9,0,5,5,7,3,0,0,3,0,0,0,0,1,1,6,6,1,50,8,-1,-1,-1,-1,3,E01002528,0,-1
2023052300451,2023,052300451,1,9,0,1,1,1,5,0,0,0,0,0,0,0,2,1,6,6,3,-1,-1,-1,-1,-1,-1,-1,-1,0,-1
2023430505948,2023,430505948,1,1,0,9,9,6,4,0,0,5,0,0,0,0,3,1,6,6,1,91,11,-1,-1,-1,-1,10,E01028745,0,-1
2023501308290,2023,501308290,2,1,-1,-1,-1,-1,-1,-1,-1,0,-1,-1,-1,0,-1,1,6,6,1,-1,-1,-1,-1,-1,-1,-1,-1,0,-1
2023010430435,2023,010430435,2,9,0,99,99,9,9,99,99,9,9,99,9,99,1,9,6,6,3,-1,-1,-1,-1,-1,-1,-1,-1,0,-1
2023010482091,2023,010482091,1,9,0,18,19,8,4,0,0,0,0,0,0,0,1,1,6,6,3,-1,-1,-1,-1,-1,-1,-1,-1,0,-1
2023201415538,2023,201415538,2,-1,0,18,19,4,8,0,0,1,0,0,0,0,1,1,6,6,1,-1,-1,-1,-1,-1,-1,2,E01009029,1,-1
2023501320235,2023,501320235,2,22,0,18,19,3,7,0,0,8,0,0,0,0,1,1,6,6,2,67,10,-1,-1,-1,-1,2,E01015026,0,-1
2023101347297,2023,101347297,2,19,0,18,19,1,4,0,0,0,0,0,0,0,1,1,6,6,3,20,4,-1,-1,-1,-1,-1,-1,0,-1
2023461392748,2023,461392748,1,9,0,18,19,7,3,0,0,1,0,0,0,0,1,1,6,6,3,-1,-1,-1,-1,-1,-1,-1,-1,0,-1
2023010465613,2023,010465613,2,1,9,99,99,9,9,99,99,9,9,99,9,99,9,1,6,6,1,-1,-1,-1,-1,-1,-1,8,E01002453,0,-1
2023451277033,2023,451277033,2,98,0,15,15,1,5,0,0,0,0,0,0,0,4,1,6,6,3,55,8,-1,-1,-1,-1,-1,-1,0,-1
2023451361929,2023,451361929,1,1,0,18,19,3,7,0,0,0,0,0,0,0,4,1,6,6,1,43,7,-1,-1,-1,-1,8,E01030803,0,-1
2023522301621,2023,522301621,2,1,0,9,9,7,5,0,0,8,0,0,0,0,1,1,6,6,1,42,7,-1,-1,-1,-1,9,E01014382,0,-1
2023991285621,2023,991285621,1,1,0,9,9,8,5,0,0,1,0,0,0,0,1,1,6,6,1,13,3,-1,-1,-1,-1,10,-1,0,-1
2023010433729,2023,010433729,2,1,0,18,19,5,1,0,0,2,0,0,0,0,1,1,1,1,2,27,6,-1,-1,-1,-1,3,E01001243,0,-1
2023010423627,2023,010423627,2,-1,0,15,15,3,7,0,0,1,0,0,0,0,0,1,6,6,1,19,4,-1,-1,-1,-1,7,E01004605,1,-1
2023320559619,2023,320559619,1,9,0,18,19,2,6,0,0,2,0,0,0,0,2,1,6,6,3,-1,-1,-1,-1,-1,-1,-1,-1,0,-1
2023010428714,2023,010428714,1,19,0,99,99,9,9,99,99,9,9,99,9,99,9,9,6,6,3,-1,-1,-1,-1,-1,-1,-1,-1,0,-1
2023010455479,2023,010455479,2,9,0,99,99,9,9,99,99,9,9,99,9,99,9,9,6,6,3,-1,-1,-1,-1,-1,-1,-1,-1,0,-1
2023161281524,2023,161281524,2,1,0,18,19,2,6,0,0,1,0,0,0,0,2,1,1,1,2,37,7,-1,-1,-1,-1,5,E01033414,0,-1
2023122300396,2023,122300396,2,1,0,18,19,7,3,0,0,1,0,0,0,0,4,1,6,6,2,65,9,-1,-1,-1,-1,4,E01027787,0,-1
2023471352473,2023,471352473,2,9,0,18,19,7,3,0,0,8,0,0,0,0,1,1,5,6,1,41,7,-1,-1,-1,-1,8,E01031634,0,-1
2023451354172,2023,451354172,1,1,0,18,19,2,8,0,0,1,0,4,1,0,1,1,5,6,1,45,7,-1,-1,-1,-1,10,E01003007,0,-1
2023010452935,2023,010452935,1,1,0,4,4,5,1,0,0,0,0,0,0,0,2,1,6,6,2,57,9,-1,-1,-1,-1,7,E01003456,0,-1
2023010474178,2023,010474178,2,9,9,99,99,9,9,99,99,9,9,99,9,99,9,1,6,6,3,-1,-1,-1,-1,-1,-1,-1,-1,0,-1
2023201400640,2023,201400640,1,9,0,18,19,6,2,0,0,1,0,7,1,3,1,1,6,6,1,-1,-1,-1,-1,-1,-1,-1,-1,0,-1
2023440186104,2023,440186104,1,1,0,9,9,7,4,0,0,1,0,0,0,0,3,1,2,2,1,47,8,-1,-1,-1,-1,-1,-1,0,-1
2023991328013,2023,991328013,2,1,0,18,19,2,6,0,0,0,0,0,0,0,2,1,5,6,2,66,10,-1,-1,-1,-1,9,-1,0,-1
2023351270426,2023,351270426,1,9,0,5,5,3,7,0,0,6,0,0,0,0,1,1,6,6,3,-1,-1,-1,-1,-1,-1,-1,-1,0,-1
2023440290721,2023,440290721,2,-1,0,18,19,3,7,0,0,8,0,0,0,0,1,1,6,6,2,13,3,-1,-1,-1,-1,2,E01017241,1,-1
2023332300581,2023,332300581,1,1,0,18,19,1,5,9,9,8,0,0,0,0,1,1,6,6,1,58,9,-1,-1,-1,-1,1,E01013619,0,-1
2023141311259,2023,141311259,1,9,0,18,19,1,5,0,0,0,5,0,0,0,1,1,1,1,1,57,9,-1,-1,-1,-1,1,E01010126,0,-1
2023481363634,2023,481363634,2,1,0,18,19,1,5,5,5,8,0,0,0,0,1,1,2,2,1,51,8,-1,-1,-1,-1,-1,-1,0,-1
2023010443297,2023,010443297,2,1,0,18,19,3,7,0,0,2,0,0,1,0,3,1,2,2,1,56,9,-1,-1,-1,-1,1,E01001781,0,-1
2023501302398,2023,501302398,1,9,0,18,19,1,1,0,0,0,0,0,0,0,2,1,3,7,1,37,7,-1,-1,-1,-1,1,E01015153,0,-1
2023010442035,2023,010442035,1,1,9,99,99,9,9,99,99,9,9,99,9,99,9,1,6,6,1,57,9,-1,-1,-1,-1,2,E01003046,0,-1
2023311260788,2023,311260788,2,9,0,18,19,1,5,0,0,0,0,0,0,0,3,1,6,6,3,-1,-1,-1,-1,-1,-1,-1,-1,0,-1
2023610026523,2023,610026523,2,9,0,2,2,0,0,0,0,0,0,0,0,0,2,1,6,6,3,-1,-1,-1,-1,-1,-1,-1,-1,0,-1
2023311336328,2023,311336328,2,1,0,18,19,5,1,0,0,8,0,0,0,0,4,1,2,2,1,21,5,-1,-1,-1,-1,2,E01013856,0,-1
2023141283235,2023,141283235,1,9,0,3,3,5,5,0,0,0,0,0,0,0,2,1,5,6,2,26,6,-1,-1,-1,-1,7,E01007503,0,-1
2023311331815,2023,311331815,1,-1,0,18,19,-1,-1,9,9,0,0,0,0,0,1,1,6,6,1,15,3,-1,-1,-1,-1,-1,-1,1,-1
2023010442594,2023,010442594,3,1,9,99,99,9,9,99,99,9,9,99,9,99,9,1,6,6,3,-1,-1,-1,-1,-1,-1,-1,-1,0,-1
2023010448970,2023,010448970,2,1,0,18,19,1,5,0,0,1,5,0,0,0,0,1,2,2,1,22,5,-1,-1,-1,-1,4,E01002762,0,-1
2023430160909,2023,430160909,1,9,0,1,1,2,6,0,0,6,0,0,0,0,2,1,1,1,1,27,6,-1,-1,-1,-1,8,E01017736,0,-1
2023520301694,2023,520301694,1,1,0,18,19,3,7,0,0,0,0,0,0,0,1,1,6,6,1,46,8,-1,-1,-1,-1,9,E01029207,0,-1
2023052301398,2023,052301398,2,9,0,18,19,1,5,0,0,0,0,0,0,0,4,1,1,1,1,68,10,-1,-1,-1,-1,8,E01006992,0,-1
2023141266187,2023,141266187,3,1,0,18,19,4,8,0,0,0,0,0,0,0,4,1,6,6,1,44,7,-1,-1,-1,-1,-1,-1,0,-1
2023332300835,2023,332300835,2,9,0,18,19,7,3,0,0,1,0,0,0,0,1,1,6,6,2,20,4,-1,-1,-1,-1,6,E01025978,0,-1
2023471350074,2023,471350074,1,9,0,-1,-1,3,7,-1,-1,0,-1,-1,-1,0,-1,1,6,6,1,-1,-1,-1,-1,-1,-1,-1,-1,0,-1
2023010469402,2023,010469402,2,1,0,5,5,7,3,0,0,1,0,0,0,0,1,1,6,6,1,33,6,-1,-1,-1,-1,6,E01002565,0,-1
2023541373523,2023,541373523,1,1,0,18,19,4,8,0,0,1,0,0,0,0,2,1,6,6,1,47,8,-1,-1,-1,-1,10,E01016299,0,-1
2023991295168,2023,991295168,1,9,0,18,19,3,7,0,0,0,0,0,0,0,4,1,6,6,3,-1,-1,-1,-1,-1,-1,-1,-1,0,-1
2023451276310,2023,451276310,1,98,0,18,19,3,7,0,0,0,0,0,0,0,1,2,1,1,1,34,6,-1,-1,-1,-1,-1,-1,0,-1
2023131307654,2023,131307654,1,9,0,5,5,5,1,0,0,8,0,0,0,0,0,1,1,1,1,58,9,-1,-1,-1,-1,1,E01010679,0,-1
2023361346224,2023,361346224,1,1,-1,-1,-1,-1,-1,-1,-1,0,-1,-1,-1,0,-1,1,6,6,1,25,5,-1,-1,-1,-1,9,E01026875,0,-1
2023411376691,2023,411376691,1,9,0,18,19,-1,-1,0,0,1,0,0,0,0,1,1,6,6,3,-1,-1,-1,-1,-1,-1,-1,-1,0,-1
2023201461825,2023,201461825,2,9,0,18,19,4,8,0,0,8,0,0,0,0,1,1,6,6,1,59,9,-1,-1,-1,-1,2,E01009782,0,-1
2023522301637,2023,522301637,2,1,0,13,13,8,4,0,0,8,0,0,0,0,1,1,6,6,1,23,5,-1,-1,-1,-1,8,E01014921,0,-1
2023351347250,2023,351347250,1,9,0,7,7,1,5,0,0,6,0,0,0,0,1,1,6,6,2,-1,-1,-1,-1,-1,-1,-1,-1,0,-1
2023052300096,2023,052300096,2,1,0,99,99,5,1,0,0,0,1,0,0,0,3,1,4,7,1,11,3,-1,-1,-1,-1,3,E01006654,0,-1
2023501380191,2023,501380191,1,9,0,9,9,3,2,0,0,8,5,0,0,0,3,1,5,6,2,50,8,-1,-1,-1,-1,4,E01018926,0,-1
2023010442611,2023,010442611,1,1,9,99,99,9,9,99,99,9,9,99,9,99,1,1,2,2,1,39,7,-1,-1,-1,-1,4,E01033099,0,-1
2023201284478,2023,201284478,2,9,0,17,19,6,3,0,0,8,0,0,0,0,1,1,6,6,2,25,5,-1,-1,-1,-1,1,E01010031,0,-1
2023430455833,2023,430455833,2,1,0,2,2,0,0,6,6,0,0,0,0,0,2,1,1,1,1,52,8,-1,-1,-1,-1,9,E01028683,0,-1
2023461358416,2023,461358416,1,9,0,18,19,1,7,0,0,0,0,0,0,0,1,1,6,6,1,28,6,-1,-1,-1,-1,7,E01024798,0,-1
2023061297810,2023,061297810,2,1,-1,-1,-1,-1,-1,-1,-1,-1,-1,-1,-1,0,-1,1,6,6,1,-1,-1,-1,-1,-1,-1,-1,-1,0,-1
2023631369846,2023,631369846,1,98,0,-1,-1,-1,-1,-1,-1,0,-1,-1,-1,0,-1,1,6,6,3,-1,-1,-1,-1,-1,-1,9,W01000549,0,-1
2023440088748,2023,440088748,1,1,0,18,19,6,2,0,0,8,0,0,0,0,4,1,2,2,1,60,9,-1,-1,-1,-1,7,E01017175,0,-1
2023161302499,2023,161302499,1,9,0,18,19,5,1,0,0,0,0,0,0,0,4,1,6,6,3,-1,-1,-1,-1,-1,-1,-1,-1,0,-1
2023010467087,2023,010467087,2,1,0,18,19,5,1,4,4,1,0,0,0,0,2,1,1,1,1,45,7,-1,-1,-1,-1,3,E01004440,0,-1
2023451295101,2023,451295101,2,1,0,18,19,7,4,0,0,8,0,0,0,0,0,1,2,2,1,53,8,-1,-1,-1,-1,5,E01030981,0,-1
2023461378142,2023,461378142,1,19,0,18,19,5,1,0,0,0,0,0,0,0,1,1,6,6,3,-1,-1,-1,-1,-1,-1,-1,-1,0,-1
2023010467481,2023,010467481,1,9,0,7,7,7,8,4,4,0,0,0,0,0,1,1,6,6,1,43,7,-1,-1,-1,-1,-1,-1,0,-1
2023010455614,2023,010455614,1,1,9,99,99,9,9,99,99,0,9,99,9,99,9,1,6,6,1,29,6,-1,-1,-1,-1,9,E01004640,0,-1
2023052301305,2023,052301305,2,1,0,18,19,5,1,0,0,0,0,0,0,0,4,1,6,6,1,57,9,-1,-1,-1,-1,8,E01012495,0,-1
2023461342568,2023,461342568,1,9,0,18,19,6,2,0,0,0,0,0,0,0,1,1,6,6,1,-1,-1,-1,-1,-1,-1,-1,-1,0,-1
2023070054620,2023,070054620,2,9,0,4,4,1,5,0,0,0,0,0,0,0,2,1,2,2,1,34,6,-1,-1,-1,-1,-1,-1,0,-1
2023610046923,2023,610046923,2,9,0,2,2,0,0,0,0,0,0,0,0,0,3,1,6,6,2,43,7,-1,-1,-1,-1,10,W01001916,0,-1
2023010432614,2023,010432614,1,9,9,99,99,9,9,99,99,9,9,99,9,99,9,9,6,6,3,-1,-1,-1,-1,-1,-1,-1,-1,0,-1
2023010459800,2023,010459800,1,9,0,18,19,3,7,0,0,1,0,0,0,0,1,1,6,6,3,-1,-1,-1,-1,-1,-1,-1,-1,0,-1
2023461345324,2023,461345324,2,1,0,18,19,5,1,0,0,1,0,0,0,0,1,1,5,6,3,33,6,-1,-1,-1,-1,10,E01032827,0,-1
2023010449470,2023,010449470,3,9,0,99,99,9,9,99,99,9,9,99,9,99,1,9,6,6,3,-1,-1,-1,-1,-1,-1,-1,-1,0,-1
2023010422309,2023,010422309,1,1,0,99,99,9,9,0,0,1,0,0,9,0,9,1,6,6,1,28,6,-1,-1,-1,-1,5,E01031403,0,-1
2023552301554,2023,552301554,1,9,0,9,9,8,6,0,0,6,0,0,0,0,3,1,6,6,3,-1,-1,-1,-1,-1,-1,-1,-1,0,-1
2023440274004,2023,440274004,2,9,0,1,1,3,7,0,0,0,0,0,0,0,2,1,6,6,3,-1,-1,-1,-1,-1,-1,-1,-1,0,-1
2023010460414,2023,010460414,1,1,9,99,99,9,9,99,99,0,9,99,9,99,9,1,6,6,3,-1,-1,-1,-1,-1,-1,-1,-1,0,-1
2023320177517,2023,320177517,2,22,0,18,19,6,2,0,0,1,0,0,0,0,3,1,6,6,1,95,11,-1,-1,-1,-1,7,E01026275,0,-1
2023131325382,2023,131325382,4,9,0,4,4,7,3,0,0,0,0,0,0,0,2,1,1,1,1,40,7,-1,-1,-1,-1,8,E01005367,0,-1
2023010467344,2023,010467344,2,9,0,99,99,9,9,99,99,9,9,99,9,99,9,9,6,6,3,-1,-1,-1,-1,-1,-1,-1,-1,0,-1
2023031339951,2023,031339951,1,9,0,18,19,6,2,0,0,8,0,0,0,0,1,1,5,6,1,33,6,-1,-1,-1,-1,4,E01019229,0,-1
2023411283458,2023,411283458,1,9,0,18,19,-1,-1,0,0,8,0,0,0,0,3,1,6,6,3,-1,-1,-1,-1,-1,-1,-1,-1,0,-1
2023411276129,2023,411276129,1,9,0,4,4,1,2,0,0,0,1,0,0,0,1,1,2,2,1,49,8,-1,-1,-1,-1,5,E01002262,0,-1
2023131291847,2023,131291847,2,1,0,18,19,7,7,0,0,8,0,0,0,0,2,1,5,6,2,30,6,-1,-1,-1,-1,7,E01011351,0,-1
2023430055742,2023,430055742,2,1,0,18,19,5,1,0,0,8,0,0,0,0,1,1,6,6,2,30,6,-1,-1,-1,-1,2,E01028513,0,-1
2023340NN1312,2023,340NN1312,1,9,0,17,19,5,1,0,0,2,2,0,1,4,1,1,6,6,1,20,4,-1,-1,-1,-1,8,E01025640,0,-1
2023010438168,2023,010438168,1,9,0,3,3,1,5,0,0,0,0,0,0,0,0,1,1,1,1,49,8,-1,-1,-1,-1,2,E01000059,0,-1
2023522301543,2023,522301543,3,99,0,18,19,4,8,0,0,0,0,0,0,0,2,1,6,6,3,-1,-1,-1,-1,-1,-1,-1,-1,0,-1
2023070397648,2023,070397648,2,1,0,18,19,7,3,0,0,1,0,0,0,0,1,1,6,6,1,13,3,-1,-1,-1,-1,1,E01012424,0,-1
2023221265282,2023,221265282,4,9,0,18,19,1,5,0,0,0,0,0,0,0,2,1,6,6,1,32,6,-1,-1,-1,-1,6,E01014095,0,-1
2023231278770,2023,231278770,1,1,0,16,19,8,2,0,0,0,1,0,0,0,3,1,5,6,2,62,9,-1,-1,-1,-1,10,E01010155,0,-1
2023311362076,2023,311362076,1,1,0,18,19,3,7,0,0,0,5,0,0,0,1,1,5,6,1,36,7,-1,-1,-1,-1,10,E01028181,0,-1
2023531285510,2023,531285510,2,1,0,18,19,7,3,0,0,4,0,0,0,0,1,1,1,1,1,38,7,-1,-1,-1,-1,6,E01022117,0,-1
2023430511423,2023,430511423,1,1,0,7,7,6,8,0,0,3,0,0,1,2,1,1,6,6,1,77,11,-1,-1,-1,-1,9,E01016696,0,-1
2023451343864,2023,451343864,1,1,0,18,19,1,5,0,0,1,0,0,0,0,4,1,5,6,2,50,8,-1,-1,-1,-1,10,E01003364,0,-1
2023010444554,2023,010444554,2,9,0,99,99,9,9,99,99,9,9,99,9,99,1,9,6,6,3,-1,-1,-1,-1,-1,-1,-1,-1,0,-1
2023141382563,2023,141382563,2,9,0,18,19,8,3,0,0,1,0,0,0,0,1,1,6,6,3,-1,-1,-1,-1,-1,-1,-1,-1,0,-1
2023522301194,2023,522301194,2,1,0,18,19,3,7,0,0,8,0,0,0,0,1,1,6,6,1,25,5,-1,-1,-1,-1,1,E01014658,0,-1