collision_index,collision_year,collision_ref_no,vehicle_reference,vehicle_type,towing_and_articulation,vehicle_manoeuvre_historic,vehicle_manoeuvre,vehicle_direction_from,vehicle_direction_to,vehicle_location_restricted_lane_historic,vehicle_location_restricted_lane,junction_location,skidding_and_overturning,hit_object_in_carriageway,vehicle_leaving_carriageway,hit_object_off_carriageway,first_point_of_impact,vehicle_left_hand_drive,journey_purpose_of_driver_historic,journey_purpose_of_driver,sex_of_driver,age_of_driver,age_band_of_driver,engine_capacity_cc,propulsion_code,age_of_vehicle,generic_make_model,driver_imd_decile,lsoa_of_driver,escooter_flag,driver_distance_banding
2023052302874,2023,052302874,2,1,0,18,19,5,1,0,0,8,0,0,0,0,4,1,6,6,1,31,6,-1,-1,-1,-1,1,E01006659,0,-1
2023010442751,2023,010442751,2,1,9,99,99,9,9,99,99,9,9,99,9,99,9,1,6,6,1,-1,-1,-1,-1,-1,-1,-1,-1,0,-1
2023351373060,2023,351373060,1,9,0,3,3,2,6,0,0,0,0,0,0,0,1,1,1,1,1,36,7,-1,-1,-1,-1,9,E01017389,0,-1
2023361333041,2023,361333041,1,1,0,18,19,6,2,0,0,0,5,0,0,0,1,1,2,2,1,34,6,-1,-1,-1,-1,-1,-1,0,-1
2023361395093,2023,361395093,2,1,0,18,19,-1,-1,0,0,8,0,0,0,0,-1,1,2,2,1,52,8,-1,-1,-1,-1,1,E01026793,0,-1
2023010445701,2023,010445701,2,1,0,18,19,1,5,0,0,1,0,0,0,0,1,1,6,6,1,27,6,-1,-1,-1,-1,1,E01000596,0,-1
2023010439962,2023,010439962,2,9,0,99,99,9,9,99,99,0,9,99,9,99,9,9,6,6,3,-1,-1,-1,-1,-1,-1,-1,-1,0,-1
2023141327411,2023,141327411,2,9,0,-1,-1,-1,-1,-1,-1,-1,-1,-1,-1,0,-1,1,6,6,3,-1,-1,-1,-1,-1,-1,-1,-1,0,-1
2023430261457,2023,430261457,1,1,0,17,19,2,7,0,0,0,1,0,0,0,3,1,6,6,1,59,9,-1,-1,-1,-1,8,E01017836,0,-1
2023332300746,2023,332300746,2,20,0,18,19,8,4,0,0,0,0,0,0,0,4,1,6,6,3,-1,-1,-1,-1,-1,-1,-1,-1,0,-1
2023340NN3092,2023,340NN3092,2,9,0,3,3,5,1,0,0,4,0,0,0,0,2,1,6,6,2,78,11,-1,-1,-1,-1,10,E01027115,0,-1
2023010453425,2023,010453425,2,9,9,99,99,9,9,99,99,0,9,99,9,99,9,9,6,6,3,-1,-1,-1,-1,-1,-1,-1,-1,0,-1
2023340NN1882,2023,340NN1882,2,9,0,18,19,4,8,0,0,3,0,0,0,0,4,1,6,6,2,22,5,-1,-1,-1,-1,5,E01027179,0,-1
2023430213858,2023,430213858,3,1,0,18,19,7,3,0,0,8,0,0,0,0,0,1,4,7,1,11,3,-1,-1,-1,-1,10,E01028699,0,-1
2023141389535,2023,141389535,2,1,0,18,19,1,5,0,0,2,0,0,0,0,4,1,6,6,1,43,7,-1,-1,-1,-1,-1,-1,0,-1
2023161370332,2023,161370332,2,8,0,1,1,7,3,0,0,0,0,0,0,0,2,1,1,1,3,-1,-1,-1,-1,-1,-1,-1,-1,0,-1
2023430003402,2023,430003402,2,9,0,3,3,3,7,0,0,0,0,0,0,0,2,1,6,6,1,60,9,-1,-1,-1,-1,5,E01016554,0,-1
2023520300977,2023,520300977,2,17,4,18,19,3,7,0,0,0,0,0,0,0,4,1,6,6,1,100,11,-1,-1,-1,-1,-1,-1,0,-1
2023010428093,2023,010428093,2,9,0,99,99,9,9,99,99,9,9,99,9,99,1,9,6,6,3,-1,-1,-1,-1,-1,-1,-1,-1,0,-1
2023141303803,2023,141303803,2,9,0,18,19,5,1,0,0,0,0,0,0,0,2,1,6,6,3,-1,-1,-1,-1,-1,-1,-1,-1,0,-1
2023451352176,2023,451352176,1,1,0,18,19,3,1,0,0,0,2,0,2,0,1,1,2,2,1,55,8,-1,-1,-1,-1,9,E01030510,0,-1
2023010468896,2023,010468896,2,1,9,99,99,9,9,99,99,9,9,99,9,99,2,1,6,6,1,-1,-1,-1,-1,-1,-1,-1,-1,0,-1
2023101392200,2023,101392200,1,97,0,18,19,1,5,0,0,0,0,0,0,0,1,1,6,6,1,-1,-1,-1,-1,-1,-1,-1,-1,0,-1
2023131327982,2023,131327982,2,1,0,18,19,1,1,0,0,2,0,0,0,0,4,1,1,1,1,36,7,-1,-1,-1,-1,1,E01010611,0,-1
2023010460879,2023,010460879,1,1,9,99,99,9,9,99,99,9,9,99,9,99,9,1,2,2,1,55,8,-1,-1,-1,-1,10,E01030345,0,-1
2023010445145,2023,010445145,2,9,0,4,4,1,5,0,0,0,0,99,9,0,0,9,6,6,3,-1,-1,-1,-1,-1,-1,-1,-1,0,-1
2023461380491,2023,461380491,1,9,-1,4,4,7,3,0,0,0,0,0,0,0,1,1,6,6,3,-1,-1,-1,-1,-1,-1,-1,-1,0,-1
2023041274008,2023,041274008,1,9,0,18,19,7,3,0,0,0,0,0,0,0,4,1,6,6,3,-1,-1,-1,-1,-1,-1,-1,-1,0,-1
2023201277782,2023,201277782,2,9,0,18,19,6,2,0,0,1,0,0,0,0,2,1,1,1,2,43,7,-1,-1,-1,-1,-1,-1,0,-1
2023522400176,2023,522400176,2,19,0,1,1,9,9,0,0,0,0,0,0,0,2,1,6,6,3,-1,-1,-1,-1,-1,-1,-1,-1,0,-1
2023531374888,2023,531374888,1,23,0,18,19,8,4,0,0,8,0,0,0,0,3,1,6,6,1,22,5,-1,-1,-1,-1,3,E01022157,0,-1
2023451261719,2023,451261719,1,1,0,18,19,1,3,0,0,0,0,0,0,0,1,1,2,2,2,25,5,-1,-1,-1,-1,10,E01030728,0,-1
2023010423379,2023,010423379,1,1,9,99,99,9,9,99,99,9,9,99,9,99,1,1,2,2,1,37,7,-1,-1,-1,-1,2,E01004455,0,-1
2023552300609,2023,552300609,1,98,1,18,19,3,7,0,0,0,0,0,0,0,3,1,1,1,3,-1,-1,-1,-1,-1,-1,-1,-1,0,-1
2023131346056,2023,131346056,2,1,0,18,19,1,5,0,0,1,0,0,0,0,1,1,5,6,1,43,7,-1,-1,-1,-1,1,E01011283,0,-1
2023052301170,2023,052301170,1,8,0,99,99,1,5,0,0,0,0,0,0,0,1,1,6,6,3,-1,-1,-1,-1,-1,-1,-1,-1,0,-1
2023161333340,2023,161333340,2,9,0,18,19,1,5,0,0,1,0,0,0,0,1,1,6,6,1,18,4,-1,-1,-1,-1,-1,-1,0,-1
2023211331463,2023,211331463,1,1,-1,-1,-1,-1,-1,-1,-1,-1,-1,-1,-1,0,-1,1,5,6,1,25,5,-1,-1,-1,-1,-1,-1,0,-1
2023010444385,2023,010444385,2,19,0,13,13,3,7,0,0,2,0,0,0,0,3,1,6,6,3,-1,-1,-1,-1,-1,-1,-1,-1,0,-1
2023201387492,2023,201387492,6,9,-1,3,3,1,5,0,0,0,0,0,0,0,1,1,6,6,1,60,9,-1,-1,-1,-1,2,E01009832,0,-1
2023531394482,2023,531394482,2,1,0,18,19,5,1,0,0,0,0,0,0,0,2,1,6,6,1,53,8,-1,-1,-1,-1,7,E01022190,0,-1
2023201370373,2023,201370373,2,1,0,18,19,2,6,5,5,2,0,0,0,0,1,1,2,2,1,60,9,-1,-1,-1,-1,2,E01010412,0,-1
2023440490567,2023,440490567,1,9,0,18,19,6,2,0,0,8,0,0,0,0,1,1,6,6,2,42,7,-1,-1,-1,-1,10,E01022664,0,-1
2023430482863,2023,430482863,2,1,0,18,19,7,3,0,0,0,0,8,0,0,1,1,2,2,2,44,7,-1,-1,-1,-1,9,E01028683,0,-1
2023131317192,2023,131317192,1,1,0,7,7,7,1,0,0,1,0,0,0,0,1,1,1,1,1,32,6,-1,-1,-1,-1,1,E01011625,0,-1
2023201283353,2023,201283353,1,-1,0,18,19,8,4,0,0,0,0,0,0,0,1,1,6,6,3,-1,-1,-1,-1,-1,-1,-1,-1,0,-1
2023610049523,2023,610049523,1,1,0,17,19,1,6,0,0,8,0,0,0,0,4,1,6,6,1,40,7,-1,-1,-1,-1,6,W01001472,0,-1
2023351268830,2023,351268830,1,21,1,16,19,3,5,0,0,4,0,0,0,0,1,1,1,1,1,-1,-1,-1,-1,-1,-1,-1,-1,0,-1
2023161284381,2023,161284381,1,1,0,18,19,1,5,9,9,0,0,0,0,0,3,1,2,2,1,22,5,-1,-1,-1,-1,8,E01013170,0,-1
2023070033269,2023,070033269,2,9,0,18,19,3,7,0,0,8,0,0,1,1,1,1,6,6,1,33,6,-1,-1,-1,-1,4,E01012521,0,-1
2023430503423,2023,430503423,1,1,0,18,19,1,5,0,0,0,0,0,0,0,1,1,1,1,1,27,6,-1,-1,-1,-1,7,E01017645,0,-1
2023211436691,2023,211436691,2,9,0,18,19,5,1,0,0,1,0,0,0,0,1,1,2,2,1,61,9,-1,-1,-1,-1,-1,-1,0,-1
2023052301093,2023,052301093,2,1,0,9,9,5,7,0,0,3,0,0,0,0,1,1,6,6,1,52,8,-1,-1,-1,-1,6,E01006941,0,-1
2023061328558,2023,061328558,1,98,0,18,19,5,7,0,0,1,0,0,0,0,1,1,6,6,1,35,6,-1,-1,-1,-1,2,E01006369,0,-1
2023010474444,2023,010474444,3,1,9,99,99,9,9,99,99,9,9,99,9,99,0,1,6,6,3,-1,-1,-1,-1,-1,-1,-1,-1,0,-1
2023430204991,2023,430204991,1,11,0,5,5,2,6,0,0,0,0,0,0,0,4,1,1,1,1,-1,-1,-1,-1,-1,-1,-1,-1,0,-1
2023501287669,2023,501287669,2,9,0,2,2,0,0,0,0,0,0,0,0,0,4,1,1,1,1,50,8,-1,-1,-1,-1,1,E01015180,0,-1
2023501282248,2023,501282248,1,19,-1,3,3,3,8,9,9,0,0,0,0,0,4,1,6,6,1,54,8,-1,-1,-1,-1,3,E01020095,0,-1
2023622300561,2023,622300561,2,1,0,15,15,4,8,0,0,0,0,0,0,0,3,1,6,6,1,54,8,-1,-1,-1,-1,1,W01001694,0,-1
2023070270239,2023,070270239,1,1,0,18,19,1,5,0,0,1,0,0,0,0,3,1,6,6,1,17,4,-1,-1,-1,-1,1,E01018563,0,-1
2023340WN5862,2023,340WN5862,2,98,0,18,19,1,4,0,0,0,0,0,0,0,2,1,6,6,3,-1,-1,-1,-1,-1,-1,-1,-1,0,-1
2023101262738,2023,101262738,1,9,-1,18,19,8,4,0,0,0,0,0,0,0,1,1,6,6,3,-1,-1,-1,-1,-1,-1,-1,-1,0,-1
2023302301148,2023,302301148,1,2,0,13,13,2,6,0,0,1,0,0,0,0,1,1,6,6,1,34,6,-1,-1,-1,-1,1,E01013473,0,-1
2023010468584,2023,010468584,1,1,9,99,99,9,9,99,99,9,9,99,9,99,1,1,2,2,1,29,6,-1,-1,-1,-1,5,E01004648,0,-1
2023010474454,2023,010474454,1,9,0,99,99,9,9,99,99,9,9,99,9,99,2,9,6,6,1,44,7,-1,-1,-1,-1,2,E01033737,0,-1
2023302301075,2023,302301075,1,9,0,7,7,7,1,0,0,1,0,0,0,0,4,1,6,6,3,-1,-1,-1,-1,-1,-1,5,E01019456,0,-1
2023991319865,2023,991319865,1,9,0,17,19,3,1,0,0,0,5,0,1,1,4,1,6,6,2,18,4,-1,-1,-1,-1,3,-1,0,-1
2023201299373,2023,201299373,2,98,0,9,9,1,6,0,0,5,0,0,0,0,1,1,6,6,3,-1,-1,-1,-1,-1,-1,-1,-1,0,-1
2023010467420,2023,010467420,2,1,0,18,19,5,1,0,0,0,0,0,0,0,1,1,1,1,1,19,4,-1,-1,-1,-1,4,E01003178,0,-1
2023361361254,2023,361361254,1,1,0,18,19,1,5,0,0,1,0,0,0,0,1,1,6,6,1,32,6,-1,-1,-1,-1,3,E01033438,0,-1
2023010427807,2023,010427807,1,-1,0,18,19,7,3,0,0,1,0,0,0,0,1,1,6,6,1,55,8,-1,-1,-1,-1,5,E01003547,1,-1
2023201431526,2023,201431526,1,9,0,7,7,7,1,0,0,5,0,0,0,0,1,1,6,6,1,63,9,-1,-1,-1,-1,1,E01010541,0,-1
2023131391532,2023,131391532,2,9,0,-1,-1,1,5,-1,-1,1,-1,-1,-1,0,-1,1,6,6,3,-1,-1,-1,-1,-1,-1,-1,-1,0,-1
2023991375559,2023,991375559,2,1,0,18,19,6,2,0,0,0,0,0,0,0,2,1,2,2,1,26,6,-1,-1,-1,-1,9,-1,0,-1
2023010422113,2023,010422113,1,9,9,99,99,9,9,0,0,6,9,99,9,99,9,9,6,6,1,53,8,-1,-1,-1,-1,3,E01003536,0,-1
2023061382190,2023,061382190,2,1,-1,-1,-1,-1,-1,-1,-1,0,-1,-1,-1,0,-1,1,6,6,1,22,5,-1,-1,-1,-1,2,E01005288,0,-1
2023201461564,2023,201461564,2,9,0,4,4,2,6,0,0,1,0,0,0,0,1,1,6,6,2,41,7,-1,-1,-1,-1,1,E01009585,0,-1
2023311290433,2023,311290433,1,9,0,7,7,1,3,0,0,8,0,0,0,0,2,1,6,6,2,40,7,-1,-1,-1,-1,-1,-1,0,-1
2023411289460,2023,411289460,2,9,-1,18,19,-1,-1,-1,-1,1,0,-1,0,0,1,1,6,6,3,-1,-1,-1,-1,-1,-1,-1,-1,0,-1
2023061323108,2023,061323108,1,9,0,18,19,3,7,0,0,1,0,0,0,0,1,1,6,6,3,30,6,-1,-1,-1,-1,-1,-1,0,-1
2023010434683,2023,010434683,1,9,0,18,19,7,3,0,0,3,0,0,0,0,1,1,6,6,3,-1,-1,-1,-1,-1,-1,-1,-1,0,-1
202360A124309,2023,60A124309,2,1,0,18,19,1,5,0,0,0,0,0,0,0,0,1,6,6,1,17,4,-1,-1,-1,-1,-1,-1,0,-1
2023131306800,2023,131306800,1,23,0,15,15,1,5,0,0,0,0,0,0,0,1,1,6,6,3,-1,-1,-1,-1,-1,-1,-1,-1,0,-1
2023201393477,2023,201393477,2,9,0,18,19,8,4,0,0,1,0,0,0,0,1,1,6,6,1,-1,-1,-1,-1,-1,-1,-1,-1,0,-1
2023010455119,2023,010455119,1,1,0,18,19,3,7,0,0,3,0,0,0,0,9,1,6,6,3,47,8,-1,-1,-1,-1,8,E01000673,0,-1
2023161371583,2023,161371583,2,1,0,18,19,8,5,0,0,8,0,0,0,0,4,1,6,6,1,22,5,-1,-1,-1,-1,-1,-1,0,-1
2023010451713,2023,010451713,1,1,9,99,99,9,9,99,99,9,9,99,9,99,1,1,6,6,1,56,9,-1,-1,-1,-1,3,E01001999,0,-1
2023471309308,2023,471309308,2,1,0,5,5,4,8,0,0,0,0,1,0,0,2,1,2,2,1,49,8,-1,-1,-1,-1,7,E01030629,0,-1
2023010440753,2023,010440753,2,1,9,99,99,9,9,99,99,0,9,99,9,99,9,1,6,6,3,-1,-1,-1,-1,-1,-1,-1,-1,0,-1
2023481355260,2023,481355260,2,1,0,14,14,5,1,0,0,2,0,0,0,0,3,1,2,2,2,61,9,-1,-1,-1,-1,-1,-1,0,-1
2023131393678,2023,131393678,1,9,0,-1,-1,-1,-1,-1,-1,0,-1,-1,-1,-1,-1,1,6,6,3,-1,-1,-1,-1,-1,-1,-1,-1,0,-1
2023552300395,2023,552300395,2,9,0,18,19,4,8,0,0,0,0,0,0,0,0,1,6,6,3,-1,-1,-1,-1,-1,-1,-1,-1,0,-1
2023010459316,2023,010459316,1,9,0,99,99,9,9,99,99,9,9,99,9,99,9,9,6,6,3,-1,-1,-1,-1,-1,-1,-1,-1,0,-1
2023552301187,2023,552301187,2,1,0,18,19,8,4,0,0,8,0,0,0,0,1,1,2,2,1,40,7,-1,-1,-1,-1,8,E01020478,0,-1
2023010454636,2023,010454636,2,1,9,99,99,9,9,99,99,9,9,99,9,99,1,1,6,6,3,-1,-1,-1,-1,-1,-1,8,E01008147,0,-1
2023211368142,2023,211368142,2,22,0,18,19,7,2,0,0,8,0,0,0,0,3,1,5,6,2,87,11,-1,-1,-1,-1,9,E01029641,0,-1
2023221368155,2023,221368155,1,9,0,14,14,6,2,0,0,1,0,0,0,0,4,1,6,6,2,42,7,-1,-1,-1,-1,-1,-1,0,-1
2023522301853,2023,522301853,2,9,0,11,11,1,5,0,0,3,0,0,0,0,4,1,6,6,3,-1,-1,-1,-1,-1,-1,-1,-1,0,-1
2023070473712,2023,070473712,2,1,0,18,19,3,7,0,0,4,0,0,0,0,1,1,6,6,1,79,11,-1,-1,-1,-1,6,E01018615,0,-1
2023451272436,2023,451272436,1,9,0,18,19,7,3,0,0,0,2,10,2,1,1,1,6,6,1,18,4,-1,-1,-1,-1,8,E01032758,0,-1
2023610048923,2023,610048923,1,9,0,16,19,1,4,0,0,8,0,0,1,2,3,1,1,1,1,22,5,-1,-1,-1,-1,7,W01001515,0,-1
2023010452142,2023,010452142,1,1,9,99,99,9,9,99,99,9,9,99,9,99,1,1,6,6,1,75,10,-1,-1,-1,-1,4,E01004215,0,-1
2023010468471,2023,010468471,2,9,0,13,13,3,7,0,0,0,0,0,0,0,1,1,6,6,3,-1,-1,-1,-1,-1,-1,-1,-1,0,-1
2023221343793,2023,221343793,3,1,0,17,19,5,2,0,0,8,1,0,0,0,3,1,5,6,1,45,7,-1,-1,-1,-1,1,E01008962,0,-1
2023201415573,2023,201415573,2,9,0,9,9,1,6,0,0,6,0,0,0,0,1,1,1,1,1,52,8,-1,-1,-1,-1,9,E01009667,0,-1
2023531292696,2023,531292696,2,97,0,18,19,8,4,0,0,2,0,0,0,0,2,1,6,6,1,35,6,-1,-1,-1,-1,2,E01022288,0,-1
2023141365649,2023,141365649,1,22,0,18,19,1,4,0,0,1,5,0,0,0,4,1,5,6,1,52,8,-1,-1,-1,-1,3,E01007776,0,-1
2023141337310,2023,141337310,2,9,0,18,19,4,8,0,0,7,0,0,1,0,1,1,6,6,3,-1,-1,-1,-1,-1,-1,-1,-1,0,-1
2023010483474,2023,010483474,2,1,0,5,5,3,7,0,0,6,0,0,0,0,1,1,2,2,2,65,9,-1,-1,-1,-1,2,E01004405,0,-1
2023161300184,2023,161300184,2,9,0,18,19,4,8,0,0,4,0,0,0,0,3,1,6,6,1,-1,-1,-1,-1,-1,-1,-1,-1,0,-1
2023520000621,2023,520000621,4,9,0,18,19,1,5,1,1,0,0,0,0,0,4,2,6,6,1,47,8,-1,-1,-1,-1,10,E01025502,0,-1
2023440455564,2023,440455564,2,-1,0,4,4,1,5,0,0,0,0,0,0,0,2,1,6,6,2,28,6,-1,-1,-1,-1,8,E01017069,1,-1
2023451291740,2023,451291740,3,9,0,5,5,1,3,0,0,0,0,0,0,0,2,1,6,6,1,40,7,-1,-1,-1,-1,-1,-1,0,-1
2023201328092,2023,201328092,1,-1,0,5,5,3,7,0,0,6,0,0,0,0,1,1,6,6,2,-1,-1,-1,-1,-1,-1,-1,-1,0,-1
2023070799483,2023,070799483,4,9,0,18,19,8,4,0,0,0,0,0,0,0,2,1,6,6,2,49,8,-1,-1,-1,-1,-1,-1,0,-1
2023531374634,2023,531374634,1,9,0,18,19,5,1,0,0,0,0,0,0,0,4,1,6,6,3,-1,-1,-1,-1,-1,-1,-1,-1,0,-1
2023010443936,2023,010443936,2,1,0,5,5,5,1,0,0,0,0,0,0,0,2,1,1,1,1,34,6,-1,-1,-1,-1,1,E01002751,0,-1
2023010464932,2023,010464932,1,1,9,99,99,9,9,99,99,9,9,99,9,99,1,1,6,6,1,51,8,-1,-1,-1,-1,2,E01003988,0,-1
2023111347632,2023,111347632,1,19,0,13,13,3,7,0,0,0,0,0,0,0,4,1,6,6,3,30,6,-1,-1,-1,-1,-1,-1,0,-1
2023231396295,2023,231396295,1,90,0,18,19,2,6,0,0,1,0,0,3,10,1,1,5,6,1,7,2,-1,-1,-1,-1,-1,-1,0,-1
2023070456488,2023,070456488,3,10,0,18,19,7,3,0,0,1,0,0,0,0,4,1,1,1,1,48,8,-1,-1,-1,-1,1,E01006677,0,-1
2023170S12043,2023,170S12043,1,1,0,18,19,6,2,0,0,1,0,0,0,0,0,1,6,6,2,51,8,-1,-1,-1,-1,9,E01012224,0,-1
2023010477060,2023,010477060,1,9,0,18,19,3,7,0,0,8,0,0,0,0,4,2,6,6,3,46,8,-1,-1,-1,-1,6,E01000414,0,-1
2023302301410,2023,302301410,1,23,0,18,19,2,6,0,0,2,1,0,0,0,1,1,6,6,1,22,5,-1,-1,-1,-1,5,E01019733,0,-1
2023201281117,2023,201281117,1,9,0,18,19,4,8,0,0,1,0,0,0,0,1,1,6,6,1,30,6,-1,-1,-1,-1,-1,-1,0,-1
2023131274068,2023,131274068,1,1,0,18,19,8,4,0,0,0,0,0,0,0,0,1,2,2,1,36,7,-1,-1,-1,-1,2,E01032500,0,-1
2023211305054,2023,211305054,2,9,0,18,19,1,4,0,0,8,0,0,0,0,4,1,1,1,1,26,6,-1,-1,-1,-1,2,E01010564,0,-1
2023010476096,2023,010476096,1,9,0,9,9,3,1,0,0,8,0,0,0,0,1,1,6,6,3,-1,-1,-1,-1,-1,-1,-1,-1,0,-1
2023141357850,2023,141357850,1,9,0,9,9,2,1,0,0,5,0,0,0,0,1,1,2,2,1,20,4,-1,-1,-1,-1,2,E01007522,0,-1
2023501282945,2023,501282945,1,9,0,4,4,1,6,0,0,1,0,0,0,0,1,1,6,6,1,49,8,-1,-1,-1,-1,5,E01020127,0,-1
2023430218956,2023,430218956,2,1,0,18,19,2,6,0,0,0,0,0,0,0,3,1,4,7,2,10,2,-1,-1,-1,-1,7,E01016740,0,-1
2023430232920,2023,430232920,2,1,0,18,19,8,4,4,4,1,0,0,0,0,3,1,6,6,1,29,6,-1,-1,-1,-1,9,E01028561,0,-1
2023161379562,2023,161379562,2,-1,0,18,19,3,7,0,0,5,0,0,0,0,1,1,6,6,1,17,4,-1,-1,-1,-1,1,E01012782,1,-1
2023010437580,2023,010437580,2,9,0,9,9,1,6,0,0,8,0,0,0,0,1,1,6,6,3,23,5,-1,-1,-1,-1,-1,-1,0,-1
2023430351708,2023,430351708,1,9,0,18,19,4,8,0,0,8,5,0,0,0,3,1,1,1,2,35,6,-1,-1,-1,-1,4,E01033415,0,-1
2023311283267,2023,311283267,1,1,0,18,19,3,7,9,9,2,0,0,0,0,1,1,6,6,1,26,6,-1,-1,-1,-1,-1,-1,0,-1
2023421387647,2023,421387647,2,19,0,2,2,0,0,0,0,0,0,0,0,0,4,1,6,6,3,-1,-1,-1,-1,-1,-1,-1,-1,0,-1
2023170S11253,2023,170S11253,1,-1,0,18,19,8,4,0,0,0,0,0,0,0,4,1,6,6,1,38,7,-1,-1,-1,-1,1,E01012267,1,-1
2023010435751,2023,010435751,1,1,9,18,19,1,5,99,99,9,9,99,9,99,9,1,6,6,1,36,7,-1,-1,-1,-1,2,E01001755,0,-1
2023461320971,2023,461320971,2,9,0,18,19,6,2,0,0,0,0,0,1,10,1,1,6,6,1,33,6,-1,-1,-1,-1,3,E01024047,0,-1
2023451284269,2023,451284269,2,97,0,14,14,7,3,0,0,0,0,0,0,0,1,1,5,6,1,16,4,-1,-1,-1,-1,6,E01004108,0,-1
2023010460607,2023,010460607,1,9,0,99,99,9,9,99,99,9,9,99,9,99,9,9,6,6,1,43,7,-1,-1,-1,-1,5,E01003415,0,-1
2023111343980,2023,111343980,1,1,0,18,19,7,5,0,0,0,0,0,0,0,1,1,6,6,2,30,6,-1,-1,-1,-1,8,E01033481,0,-1
2023522400520,2023,522400520,1,8,0,13,13,7,3,0,0,0,0,0,0,0,1,1,1,1,3,-1,-1,-1,-1,-1,-1,-1,-1,0,-1
2023010433805,2023,010433805,1,9,0,13,13,1,5,0,0,5,0,0,0,0,1,1,6,6,3,65,9,-1,-1,-1,-1,3,E01002554,0,-1
2023221308265,2023,221308265,2,9,0,10,10,4,3,0,0,8,0,0,0,0,2,1,5,6,2,50,8,-1,-1,-1,-1,8,E01014195,0,-1
2023131275787,2023,131275787,2,1,0,18,19,1,5,0,0,0,0,0,0,0,1,1,6,6,1,20,4,-1,-1,-1,-1,1,E01010736,0,-1
2023471333261,2023,471333261,3,9,-1,7,7,1,4,0,0,8,0,0,0,0,0,1,6,6,3,-1,-1,-1,-1,-1,-1,-1,-1,0,-1
2023010445306,2023,010445306,1,1,9,99,99,9,9,99,99,9,9,99,9,99,1,1,2,2,1,43,7,-1,-1,-1,-1,5,E01004374,0,-1
2023522300085,2023,522300085,3,-1,0,17,19,6,3,0,0,8,0,0,0,0,4,1,6,6,3,-1,-1,-1,-1,-1,-1,-1,-1,1,-1
2023991294553,2023,991294553,1,9,0,18,19,2,6,0,0,2,0,4,0,0,1,1,1,1,1,22,5,-1,-1,-1,-1,4,-1,0,-1
2023401337235,2023,401337235,1,-1,0,18,19,-1,-1,0,0,0,0,0,0,0,1,1,6,6,1,-1,-1,-1,-1,-1,-1,-1,-1,1,-1
2023401389787,2023,401389787,2,1,0,18,19,1,5,0,0,0,0,0,0,0,2,1,6,6,1,37,7,-1,-1,-1,-1,8,E01017461,0,-1
2023991362816,2023,991362816,2,1,0,5,5,3,8,0,0,6,0,0,0,0,3,1,6,6,1,25,5,-1,-1,-1,-1,-1,-1,0,-1
2023010483684,2023,010483684,2,1,0,18,19,1,5,4,4,1,0,0,0,0,0,1,2,2,1,39,7,-1,-1,-1,-1,8,E01001987,0,-1
2023010430973,2023,010430973,1,1,9,18,19,1,5,9,9,0,0,0,9,0,1,1,6,6,1,23,5,-1,-1,-1,-1,-1,-1,0,-1
2023461307837,2023,461307837,2,9,0,4,4,7,3,0,0,0,0,0,0,0,2,1,5,6,2,34,6,-1,-1,-1,-1,6,E01024038,0,-1
2023401321492,2023,401321492,1,9,0,4,4,3,7,0,0,1,0,0,0,0,4,1,1,1,2,60,9,-1,-1,-1,-1,7,E01023585,0,-1
2023522324134,2023,522324134,1,1,0,18,19,1,5,2,2,8,0,0,0,0,1,1,6,6,1,14,3,-1,-1,-1,-1,7,E01014535,0,-1
2023430082118,2023,430082118,2,9,0,18,19,2,6,0,0,2,0,0,0,0,3,1,6,6,3,-1,-1,-1,-1,-1,-1,-1,-1,0,-1
2023440033847,2023,440033847,1,2,0,3,3,7,3,0,0,1,0,0,0,0,2,1,2,2,2,19,4,-1,-1,-1,-1,-1,-1,0,-1
2023411268127,2023,411268127,1,98,0,5,5,7,3,0,0,4,0,0,0,0,1,1,6,6,1,-1,-1,-1,-1,-1,-1,-1,-1,0,-1
2023010446750,2023,010446750,1,1,0,18,19,3,7,0,0,0,0,0,0,0,2,1,6,6,1,49,8,-1,-1,-1,-1,7,E01000877,0,-1
2023010504997,2023,010504997,2,19,9,99,99,9,9,99,99,9,9,99,9,99,9,9,6,6,3,-1,-1,-1,-1,-1,-1,-1,-1,0,-1
2023221325300,2023,221325300,2,1,0,18,19,7,3,0,0,8,0,0,0,0,4,1,5,6,2,59,9,-1,-1,-1,-1,5,E01028948,0,-1
2023991314797,2023,991314797,1,1,0,18,19,5,2,9,9,8,0,0,0,0,1,1,6,6,1,47,8,-1,-1,-1,-1,1,-1,0,-1
2023302300942,2023,302300942,2,1,0,18,19,2,6,0,0,1,0,0,0,0,2,1,6,6,1,57,9,-1,-1,-1,-1,7,E01019700,0,-1
2023201389737,2023,201389737,2,1,0,18,19,7,3,9,9,0,0,0,0,0,4,1,5,6,1,14,3,-1,-1,-1,-1,4,E01009715,0,-1
2023010448975,2023,010448975,1,9,0,99,99,9,9,99,99,9,9,99,9,99,9,1,6,6,3,-1,-1,-1,-1,-1,-1,-1,-1,0,-1
2023430154842,2023,430154842,1,9,0,16,19,3,6,0,0,0,1,0,0,0,3,1,6,6,3,-1,-1,-1,-1,-1,-1,-1,-1,0,-1
202360A088036,2023,60A088036,2,1,0,18,19,5,8,9,9,0,0,0,1,0,1,1,6,6,1,17,4,-1,-1,-1,-1,-1,-1,0,-1
2023010464441,2023,010464441,2,1,0,15,15,5,1,0,0,1,2,0,0,0,1,1,1,1,1,38,7,-1,-1,-1,-1,4,E01003166,0,-1
2023131261715,2023,131261715,2,1,0,18,19,7,3,0,0,0,0,4,0,0,1,1,6,6,1,54,8,-1,-1,-1,-1,10,E01011572,0,-1
202363A031623,2023,63A031623,1,9,0,18,19,4,8,0,0,0,0,0,7,10,3,1,6,6,1,35,6,-1,-1,-1,-1,-1,-1,0,-1
2023531341586,2023,531341586,2,1,0,5,5,3,7,0,0,1,0,0,0,0,1,1,5,6,1,11,3,-1,-1,-1,-1,-1,-1,0,-1
2023451317189,2023,451317189,2,98,0,18,19,8,4,0,0,0,0,0,0,0,2,1,1,1,1,59,9,-1,-1,-1,-1,8,E01023732,0,-1
2023461270047,2023,461270047,1,9,0,13,13,1,5,0,0,0,1,0,0,0,4,1,5,6,1,46,8,-1,-1,-1,-1,9,E01024442,0,-1