collision_index,collision_year,collision_ref_no,vehicle_reference,vehicle_type,towing_and_articulation,vehicle_manoeuvre_historic,vehicle_manoeuvre,vehicle_direction_from,vehicle_direction_to,vehicle_location_restricted_lane_historic,vehicle_location_restricted_lane,junction_location,skidding_and_overturning,hit_object_in_carriageway,vehicle_leaving_carriageway,hit_object_off_carriageway,first_point_of_impact,vehicle_left_hand_drive,journey_purpose_of_driver_historic,journey_purpose_of_driver,sex_of_driver,age_of_driver,age_band_of_driver,engine_capacity_cc,propulsion_code,age_of_vehicle,generic_make_model,driver_imd_decile,lsoa_of_driver,escooter_flag,driver_distance_banding
2023101388336,2023,101388336,1,-1,0,18,19,8,4,0,0,0,0,0,0,0,1,1,6,6,1,-1,-1,-1,-1,-1,-1,-1,-1,0,-1
2023061305323,2023,061305323,1,19,0,7,7,2,5,0,0,0,0,0,0,0,1,1,6,6,3,30,6,-1,-1,-1,-1,-1,-1,0,-1
2023201370840,2023,201370840,2,21,1,2,2,1,3,0,0,0,0,0,0,0,2,1,1,1,1,50,8,-1,-1,-1,-1,-1,-1,0,-1
2023522301723,2023,522301723,2,9,0,18,19,3,7,0,0,0,0,0,0,0,0,1,6,6,3,-1,-1,-1,-1,-1,-1,-1,-1,0,-1
2023610001123,2023,610001123,1,3,0,18,19,5,1,0,0,8,0,0,0,0,1,1,6,6,1,19,4,-1,-1,-1,-1,-1,-1,0,-1
2023201277407,2023,201277407,1,9,0,18,19,-1,-1,0,0,0,0,0,0,0,1,1,6,6,3,-1,-1,-1,-1,-1,-1,-1,-1,0,-1
2023430434641,2023,430434641,2,1,0,18,19,3,7,0,0,1,0,0,0,0,1,1,2,2,1,60,9,-1,-1,-1,-1,7,E01028437,0,-1
2023122300891,2023,122300891,1,17,0,9,9,3,7,0,0,5,0,0,0,0,0,1,6,6,1,42,7,-1,-1,-1,-1,6,E01027918,0,-1
2023451292991,2023,451292991,1,9,0,18,19,4,8,0,0,0,0,0,0,0,3,1,6,6,3,50,8,-1,-1,-1,-1,-1,-1,0,-1
2023010428173,2023,010428173,1,1,9,99,99,9,9,99,99,0,9,99,9,99,9,1,2,2,1,52,8,-1,-1,-1,-1,6,E01030857,0,-1
2023371331512,2023,371331512,2,1,0,18,19,1,1,4,4,1,5,0,0,0,3,1,5,6,2,57,9,-1,-1,-1,-1,9,E01033450,0,-1
2023311370708,2023,311370708,1,9,0,4,4,6,4,0,0,1,0,0,0,0,4,1,2,2,1,33,6,-1,-1,-1,-1,4,E01013460,0,-1
2023411326551,2023,411326551,1,9,0,9,9,3,7,0,0,1,0,0,0,0,2,1,6,6,1,54,8,-1,-1,-1,-1,7,E01033023,0,-1
2023451383926,2023,451383926,2,1,0,17,19,3,7,0,0,2,0,0,0,0,2,1,5,6,2,68,10,-1,-1,-1,-1,10,E01030443,0,-1
2023052301543,2023,052301543,2,1,0,18,19,3,7,0,0,0,0,0,0,0,1,1,6,6,1,-1,-1,-1,-1,-1,-1,-1,-1,0,-1
2023010431480,2023,010431480,2,3,0,99,99,9,9,99,99,9,9,99,9,99,2,1,6,6,3,-1,-1,-1,-1,-1,-1,2,E01001893,0,-1
2023010480730,2023,010480730,1,3,0,18,19,1,5,0,0,0,0,0,0,0,1,1,6,6,1,52,8,-1,-1,-1,-1,5,E01033592,0,-1
2023332300850,2023,332300850,2,1,0,18,19,2,6,0,0,0,0,0,0,0,1,1,6,6,1,20,4,-1,-1,-1,-1,1,E01013628,0,-1
2023302300903,2023,302300903,2,9,0,7,7,4,8,0,0,1,0,0,0,0,1,1,6,6,1,-1,-1,-1,-1,-1,-1,10,E01019831,0,-1
2023131360755,2023,131360755,2,1,0,18,19,2,3,0,0,1,0,0,0,0,1,1,6,6,1,10,2,-1,-1,-1,-1,-1,-1,0,-1
2023501305121,2023,501305121,2,9,0,-1,-1,1,4,-1,-1,0,-1,-1,-1,0,-1,1,6,6,3,-1,-1,-1,-1,-1,-1,-1,-1,0,-1
2023340WN1082,2023,340WN1082,1,9,0,18,19,5,1,0,0,1,0,0,0,0,1,1,6,6,2,-1,-1,-1,-1,-1,-1,-1,-1,0,-1
2023211315753,2023,211315753,2,1,-1,17,19,8,5,-1,-1,-1,-1,-1,-1,0,-1,1,6,6,1,63,9,-1,-1,-1,-1,-1,-1,0,-1
2023201317897,2023,201317897,2,1,0,5,5,3,7,9,9,8,0,0,0,0,1,1,6,6,1,46,8,-1,-1,-1,-1,2,E01009395,0,-1
2023421384483,2023,421384483,1,9,0,13,13,7,5,0,0,0,0,0,0,0,0,1,6,6,3,-1,-1,-1,-1,-1,-1,-1,-1,0,-1
2023631318731,2023,631318731,2,19,0,4,4,2,6,0,0,2,0,0,0,0,2,1,5,6,1,36,7,-1,-1,-1,-1,7,W01000513,0,-1
2023061295170,2023,061295170,2,9,0,-1,-1,-1,-1,-1,-1,0,-1,-1,-1,0,-1,1,6,6,3,20,4,-1,-1,-1,-1,-1,-1,0,-1
2023010434476,2023,010434476,1,9,4,5,5,5,1,0,0,1,0,0,0,0,4,1,1,1,1,51,8,-1,-1,-1,-1,8,E01031518,0,-1
2023010439505,2023,010439505,2,9,0,99,99,9,9,99,99,9,9,99,9,99,9,9,6,6,3,-1,-1,-1,-1,-1,-1,-1,-1,0,-1
2023430377893,2023,430377893,1,3,0,16,19,1,4,0,0,0,0,0,0,0,0,1,6,6,1,20,4,-1,-1,-1,-1,5,E01002456,0,-1
2023620029923,2023,620029923,1,9,0,18,19,2,6,0,0,7,0,0,0,0,0,1,6,6,1,-1,-1,-1,-1,-1,-1,-1,-1,0,-1
2023371261134,2023,371261134,1,9,0,18,19,-1,-1,0,0,0,0,0,0,0,-1,1,6,6,3,-1,-1,-1,-1,-1,-1,-1,-1,0,-1
2023340NN3932,2023,340NN3932,2,98,0,18,19,6,2,0,0,0,0,0,0,0,1,1,1,1,1,49,8,-1,-1,-1,-1,5,E01027138,0,-1
2023010483247,2023,010483247,2,1,0,16,19,1,5,0,0,2,5,0,0,0,1,1,1,1,1,29,6,-1,-1,-1,-1,4,E01002000,0,-1
2023010457573,2023,010457573,2,1,0,10,10,5,2,0,0,1,0,0,0,0,1,1,2,2,1,57,9,-1,-1,-1,-1,4,E01000928,0,-1
2023211305965,2023,211305965,4,9,0,3,3,1,5,0,0,2,0,4,0,0,1,1,6,6,2,50,8,-1,-1,-1,-1,-1,-1,0,-1
2023451296553,2023,451296553,2,19,0,18,19,3,7,0,0,1,0,0,0,0,1,1,6,6,3,30,6,-1,-1,-1,-1,-1,-1,0,-1
2023070186111,2023,070186111,1,1,0,17,19,6,4,9,9,1,0,0,0,0,1,1,6,6,1,16,4,-1,-1,-1,-1,3,E01018423,0,-1
2023201413879,2023,201413879,2,1,0,18,19,2,6,0,0,8,0,0,0,0,3,1,6,6,1,20,4,-1,-1,-1,-1,1,E01009476,0,-1
2023010425026,2023,010425026,2,9,0,99,99,9,9,99,99,0,9,99,9,99,1,9,6,6,3,-1,-1,-1,-1,-1,-1,-1,-1,0,-1
2023361369765,2023,361369765,1,19,0,18,19,7,3,0,0,0,0,0,0,0,0,1,6,6,3,50,8,-1,-1,-1,-1,-1,-1,0,-1
2023361349454,2023,361349454,1,9,0,16,19,5,8,0,0,0,0,0,0,0,1,1,1,1,1,23,5,-1,-1,-1,-1,5,E01026442,0,-1
2023010428040,2023,010428040,2,9,0,99,99,9,9,99,99,8,9,99,9,99,2,9,6,6,1,-1,-1,-1,-1,-1,-1,-1,-1,0,-1
2023201304295,2023,201304295,1,9,0,18,19,-1,-1,0,0,0,0,0,0,0,1,1,6,6,1,-1,-1,-1,-1,-1,-1,2,E01010058,0,-1
2023010421710,2023,010421710,1,1,9,99,99,9,9,99,99,0,9,99,9,99,2,1,6,6,1,34,6,-1,-1,-1,-1,2,E01001748,0,-1
2023430442556,2023,430442556,1,1,0,18,19,4,8,0,0,2,0,0,0,0,3,1,6,6,1,84,11,-1,-1,-1,-1,9,E01016682,0,-1
2023302300233,2023,302300233,1,1,0,5,5,6,2,0,0,0,0,0,0,0,1,1,6,6,1,24,5,-1,-1,-1,-1,-1,-1,0,-1
2023311263131,2023,311263131,2,9,0,18,19,6,2,0,0,0,0,0,0,0,3,1,6,6,3,-1,-1,-1,-1,-1,-1,-1,-1,0,-1
2023010476534,2023,010476534,1,1,9,99,99,9,9,99,99,0,9,99,9,99,9,1,2,2,1,39,7,-1,-1,-1,-1,5,E01000619,0,-1
2023052302828,2023,052302828,1,9,0,18,19,5,1,0,0,1,0,0,0,0,1,1,6,6,3,-1,-1,-1,-1,-1,-1,-1,-1,0,-1
2023531276315,2023,531276315,2,1,0,18,19,1,5,0,0,0,0,0,0,0,2,1,6,6,1,29,6,-1,-1,-1,-1,6,E01022383,0,-1
202354D758323,2023,54D758323,1,9,0,18,19,7,3,0,0,0,0,0,0,0,3,1,6,6,3,-1,-1,-1,-1,-1,-1,-1,-1,0,-1
2023010429203,2023,010429203,1,9,0,18,19,1,5,0,0,8,1,0,7,2,1,2,6,6,3,-1,-1,-1,-1,-1,-1,-1,-1,0,-1
2023010473688,2023,010473688,2,1,0,18,19,3,7,0,0,1,0,0,0,0,1,1,2,2,1,53,8,-1,-1,-1,-1,3,E01003942,0,-1
2023411343998,2023,411343998,1,21,1,18,19,1,5,0,0,0,0,0,0,0,1,1,1,1,1,51,8,-1,-1,-1,-1,-1,-1,0,-1
2023010447580,2023,010447580,2,1,0,4,4,5,1,3,2,1,0,0,0,0,2,1,6,6,2,33,6,-1,-1,-1,-1,3,E01003025,0,-1
2023440108368,2023,440108368,1,9,0,7,7,3,5,0,0,8,0,0,0,0,1,1,6,6,2,61,9,-1,-1,-1,-1,7,E01023082,0,-1
2023421275278,2023,421275278,3,9,0,6,6,1,8,0,0,8,0,0,0,0,0,1,6,6,3,-1,-1,-1,-1,-1,-1,-1,-1,0,-1
2023010447784,2023,010447784,1,98,0,99,99,9,9,99,99,9,9,99,9,99,9,9,6,6,3,-1,-1,-1,-1,-1,-1,-1,-1,0,-1
2023440523405,2023,440523405,1,-1,0,18,19,4,8,0,0,1,0,0,0,0,1,1,6,6,3,-1,-1,-1,-1,-1,-1,-1,-1,1,-1
2023501289845,2023,501289845,1,9,0,16,19,3,6,0,0,0,-1,0,0,0,0,1,6,6,3,-1,-1,-1,-1,-1,-1,-1,-1,0,-1
2023501384717,2023,501384717,1,1,0,9,9,5,8,0,0,8,5,0,0,0,3,1,5,6,1,18,4,-1,-1,-1,-1,-1,-1,0,-1
2023471290164,2023,471290164,2,1,0,4,4,1,5,0,0,0,1,0,0,0,2,1,2,2,2,23,5,-1,-1,-1,-1,9,E01031461,0,-1
2023631359937,2023,631359937,2,9,0,18,19,1,5,0,0,1,0,0,0,0,4,1,2,2,1,35,6,-1,-1,-1,-1,10,W01000525,0,-1
2023161381593,2023,161381593,2,90,0,18,19,5,1,0,0,0,0,0,0,0,1,1,5,6,1,32,6,-1,-1,-1,-1,5,E01012964,0,-1
2023522300091,2023,522300091,1,9,0,10,10,3,7,0,0,8,0,0,0,0,2,1,6,6,2,42,7,-1,-1,-1,-1,6,E01014769,0,-1
2023371377284,2023,371377284,2,22,0,18,19,2,6,9,9,1,0,0,0,0,3,1,6,6,1,56,9,-1,-1,-1,-1,3,E01030262,0,-1
2023101379930,2023,101379930,1,9,0,-1,-1,1,-1,0,0,1,0,0,0,0,-1,1,6,6,3,-1,-1,-1,-1,-1,-1,-1,-1,0,-1
2023302301546,2023,302301546,2,3,0,14,14,6,2,0,0,0,0,0,0,0,4,1,6,6,1,27,6,124,1,9,-1,7,E01019701,0,-1
2023501294774,2023,501294774,2,3,0,3,3,8,3,0,0,0,0,0,0,0,1,1,1,1,1,27,6,124,1,10,-1,4,E01015054,0,-1
2023122300696,2023,122300696,1,5,0,18,19,5,1,0,0,8,0,0,0,0,3,1,6,6,1,58,9,821,1,8,-1,10,E01008522,0,-1
2023991339921,2023,991339921,1,5,0,16,19,7,3,0,0,0,0,0,0,0,4,1,5,6,1,50,8,821,1,8,-1,2,-1,0,-1
2023010464058,2023,010464058,2,5,0,18,19,6,2,0,0,0,0,0,0,0,1,1,6,6,1,39,7,821,1,8,-1,3,E01000130,0,-1
2023010467002,2023,010467002,2,2,0,18,19,7,3,0,0,1,1,0,0,0,1,1,1,1,1,31,6,-1,3,1,-1,4,E01003118,0,-1
2023361325437,2023,361325437,2,17,4,17,19,1,5,0,0,0,0,0,0,0,1,1,1,1,1,35,6,6056,2,1,FENDT MODEL MISSING,5,E01026491,0,-1
2023991273367,2023,991273367,1,17,0,9,9,3,8,0,0,1,0,0,0,0,3,1,1,1,1,56,9,-1,2,18,FENDT MODEL MISSING,8,-1,0,-1
2023211327143,2023,211327143,1,17,4,9,9,7,4,0,0,1,0,0,0,0,1,1,1,1,1,35,6,-1,2,14,FENDT MODEL MISSING,6,E01029801,0,-1
2023371336924,2023,371336924,1,17,0,14,14,3,7,0,0,0,0,0,0,0,1,1,1,1,1,21,5,-1,2,9,FENDT MODEL MISSING,7,E01029873,0,-1
2023041369562,2023,041369562,1,17,4,18,19,3,7,0,0,0,3,0,0,0,3,1,1,1,1,23,5,6056,2,3,FENDT MODEL MISSING,9,E01025342,0,-1
2023991313062,2023,991313062,2,17,5,18,19,3,7,0,0,0,0,0,0,0,2,1,1,1,1,41,7,6056,2,1,FENDT MODEL MISSING,7,-1,0,-1
2023991274120,2023,991274120,1,17,4,17,19,5,1,0,0,0,0,0,0,0,3,1,1,1,1,23,5,6056,2,2,FENDT MODEL MISSING,5,E01027365,0,-1
2023221368151,2023,221368151,2,17,0,17,19,7,4,0,0,0,0,0,0,0,1,1,1,1,1,23,5,-1,2,12,FENDT MODEL MISSING,5,E01028961,0,-1
2023361332263,2023,361332263,2,17,5,18,19,3,6,0,0,8,0,0,0,0,3,1,1,1,1,35,6,6056,2,4,FENDT MODEL MISSING,5,E01026491,0,-1
2023361375275,2023,361375275,2,17,0,4,4,4,4,0,0,0,0,0,0,0,3,1,2,2,1,57,9,7400,2,4,FENDT MODEL MISSING,4,E01026787,0,-1
2023991330845,2023,991330845,1,17,0,9,9,4,4,0,0,1,5,0,1,0,4,1,1,1,1,28,6,-1,2,10,FENDT MODEL MISSING,7,-1,0,-1
2023552301385,2023,552301385,2,17,0,18,19,5,1,0,0,0,0,0,0,0,1,1,6,6,1,37,7,-1,2,8,FENDT MODEL MISSING,4,E01032036,0,-1
2023371342427,2023,371342427,2,17,5,10,10,1,6,0,0,0,0,0,0,0,3,1,1,1,2,32,6,-1,2,7,FENDT MODEL MISSING,6,E01030100,0,-1
2023320784462,2023,320784462,3,17,0,18,19,6,2,0,0,0,0,0,0,0,3,1,1,1,1,21,5,-1,2,12,FENDT MODEL MISSING,5,E01007762,0,-1
2023361349137,2023,361349137,1,17,4,9,9,4,7,0,0,6,0,0,0,0,1,1,1,1,1,25,5,6056,2,6,FENDT MODEL MISSING,9,E01026938,0,-1
2023531387399,2023,531387399,1,17,0,9,9,1,5,0,0,5,0,0,0,0,4,1,1,1,1,65,9,-1,2,9,FENDT MODEL MISSING,8,E01022413,0,-1
2023122300327,2023,122300327,2,17,4,16,19,3,1,0,0,0,0,0,0,0,1,1,1,1,1,31,6,-1,2,12,FENDT MODEL MISSING,7,E01027724,0,-1
2023351390470,2023,351390470,2,17,0,16,19,6,2,0,0,0,0,0,0,0,2,1,1,1,1,36,7,6056,2,5,FENDT MODEL MISSING,9,E01018137,0,-1
2023070122202,2023,070122202,2,17,0,18,19,3,7,0,0,0,0,0,0,0,2,1,1,1,1,26,6,8284,2,2,FENDT MODEL MISSING,6,E01018394,0,-1
2023041288817,2023,041288817,1,17,4,17,19,8,4,0,0,0,0,0,3,0,1,1,5,6,1,60,9,-1,2,10,FENDT MODEL MISSING,7,E01025167,0,-1
2023552300682,2023,552300682,2,17,4,17,19,5,2,0,0,0,0,0,0,0,1,1,1,1,1,50,8,-1,2,12,FENDT MODEL MISSING,5,E01020535,0,-1
2023320573069,2023,320573069,2,17,0,9,9,1,7,0,0,8,0,0,0,0,1,1,1,1,1,32,6,-1,2,2,FENDT MODEL MISSING,4,E01026057,0,-1
2023991352205,2023,991352205,3,17,4,18,19,6,1,0,0,1,1,0,1,0,3,1,1,1,1,40,7,9037,2,0,FENDT MODEL MISSING,4,-1,0,-1
2023361316139,2023,361316139,2,90,5,18,19,1,5,7,6,0,0,0,0,0,2,1,5,6,1,21,5,-1,2,4,-1,4,E01026780,0,-1
2023332300495,2023,332300495,2,9,0,17,19,8,0,0,0,0,0,0,0,0,1,1,6,6,2,51,8,1248,2,9,FIAT 500L,5,E01025818,0,-1
2023052302232,2023,052302232,3,9,0,3,3,7,3,0,0,0,0,0,0,0,2,1,6,6,2,81,11,1248,2,9,FIAT 500L,8,E01006857,0,-1
2023101276468,2023,101276468,1,9,0,5,5,7,3,9,9,1,0,0,0,0,1,1,1,1,2,27,6,1368,1,9,FIAT 500L,4,E01008502,0,-1
2023461287172,2023,461287172,1,9,0,18,19,5,1,0,0,4,0,0,0,0,1,1,6,6,2,25,5,875,1,9,FIAT 500L,4,E01024179,0,-1
2023141277921,2023,141277921,1,9,0,5,5,1,5,0,0,4,0,0,0,0,1,1,5,6,2,73,10,1248,2,9,FIAT 500L,5,E01007751,0,-1
2023221390267,2023,221390267,1,9,0,9,9,1,6,0,0,4,0,0,0,0,1,1,6,6,2,76,11,1368,1,5,FIAT 500L,6,E01014006,0,-1
2023471347783,2023,471347783,3,9,0,4,4,3,7,0,0,0,0,0,0,0,2,1,5,6,2,28,6,1598,2,10,FIAT 500L,4,E01031628,0,-1
2023361262811,2023,361262811,2,9,0,5,5,1,5,0,0,0,0,0,0,0,2,1,6,6,1,25,5,1248,2,10,FIAT 500L,5,E01026760,0,-1
2023211364606,2023,211364606,2,9,0,18,19,8,4,0,0,4,0,0,0,0,4,1,5,6,2,40,7,1368,1,4,FIAT 500L,-1,-1,0,-1
2023471380571,2023,471380571,2,9,0,18,19,1,5,0,0,3,0,0,0,0,3,1,5,6,1,48,8,1248,2,9,FIAT 500L,6,E01021033,0,-1
2023411300722,2023,411300722,3,9,0,3,3,-1,-1,0,0,1,0,0,0,0,2,1,6,6,2,-1,-1,1368,1,9,FIAT 500L,-1,-1,0,-1
2023302300446,2023,302300446,1,9,0,18,19,8,4,0,0,1,0,0,0,0,1,1,6,6,3,-1,-1,1248,2,10,FIAT 500L,5,E01019456,0,-1
2023371377731,2023,371377731,2,9,0,18,19,7,3,0,0,0,0,0,0,0,4,1,6,6,2,31,6,1248,2,9,FIAT 500L,3,E01030014,0,-1
2023010450923,2023,010450923,1,9,0,9,9,6,3,0,0,1,0,0,0,0,3,1,2,2,1,56,9,1368,1,10,FIAT 500L,-1,-1,0,-1
2023622300428,2023,622300428,2,9,0,2,2,0,0,0,0,0,0,0,0,0,1,1,6,6,3,-1,-1,1248,2,9,FIAT 500L,-1,-1,0,-1
2023031295512,2023,031295512,1,9,0,18,19,3,7,0,0,0,0,0,0,0,1,1,5,6,2,41,7,1248,2,9,FIAT 500L,5,-1,0,-1
2023430275190,2023,430275190,1,9,0,18,19,8,4,0,0,0,0,0,0,0,1,1,6,6,2,75,10,1368,1,4,FIAT 500L,10,E01032962,0,-1
2023161345098,2023,161345098,1,9,0,3,3,5,1,0,0,1,0,0,0,0,2,1,6,6,1,40,7,1248,2,9,FIAT 500L,7,E01013039,0,-1
2023311350756,2023,311350756,2,9,0,1,1,8,8,0,0,8,0,0,0,0,2,1,6,6,1,40,7,1598,2,9,FIAT 500L,-1,-1,0,-1
2023991378019,2023,991378019,1,9,0,18,19,2,6,0,0,0,0,0,0,0,1,1,1,1,1,21,5,1248,2,9,FIAT 500L,5,-1,0,-1
2023041374135,2023,041374135,1,9,0,18,19,0,7,0,0,1,0,0,0,0,4,1,3,7,2,44,7,1368,1,10,FIAT 500L,5,E01012700,0,-1
2023421294584,2023,421294584,1,9,0,18,19,1,5,0,0,0,0,0,0,0,1,1,5,6,1,76,11,1368,1,9,FIAT 500L,7,E01021803,0,-1
2023311368074,2023,311368074,2,9,0,5,5,6,8,0,0,6,0,0,0,0,1,1,5,6,1,75,10,1248,2,9,FIAT 500L,8,E01028246,0,-1
2023461320647,2023,461320647,2,9,0,5,5,6,2,0,0,4,0,0,0,0,3,1,3,7,2,63,9,1368,1,2,FIAT 500L,2,E01024247,0,-1
2023461333497,2023,461333497,2,9,0,4,4,7,3,0,0,0,0,0,0,0,2,1,5,6,2,33,6,1248,2,9,FIAT 500L,5,E01016088,0,-1
2023201326176,2023,201326176,1,9,0,7,7,8,2,0,0,6,0,0,0,0,1,1,1,1,2,62,9,875,1,9,FIAT 500L,7,E01009648,0,-1
2023161366019,2023,161366019,1,9,0,18,19,3,7,0,0,8,0,0,0,0,1,1,3,7,2,34,6,1248,2,9,FIAT 500L,1,E01012879,0,-1
2023631326328,2023,631326328,2,9,0,9,9,6,2,0,0,5,0,0,0,0,3,1,5,6,1,22,5,1248,2,9,FIAT 500L,9,E01028425,0,-1
2023031298939,2023,031298939,1,9,0,3,3,4,8,0,0,1,0,0,0,0,2,1,6,6,2,62,9,1248,2,10,FIAT 500L,-1,-1,0,-1
2023991306982,2023,991306982,1,9,0,9,9,6,4,0,0,8,0,4,0,0,4,1,5,6,2,42,7,1248,2,9,FIAT 500L,3,-1,0,-1
2023421359140,2023,421359140,2,9,0,9,9,1,7,0,0,1,0,0,0,0,3,1,6,6,1,43,7,1248,2,10,FIAT 500L,6,E01021772,0,-1
2023211365665,2023,211365665,1,9,0,16,19,5,1,0,0,0,0,0,1,10,1,1,5,6,1,38,7,1248,2,10,FIAT 500L,8,E01029653,0,-1
2023201377045,2023,201377045,1,9,0,18,19,8,4,0,0,1,0,0,0,0,1,1,5,6,1,61,9,1598,2,10,FIAT 500L,4,E01010499,0,-1
2023991379213,2023,991379213,1,9,0,18,19,5,1,0,0,0,5,0,7,4,1,1,5,6,2,51,8,1248,2,10,FIAT 500L,6,E01027562,0,-1
2023430316797,2023,430316797,1,9,0,2,2,0,0,0,0,0,0,0,0,0,1,1,1,1,1,63,9,1248,2,9,FIAT 500L,6,E01017852,0,-1
2023201330512,2023,201330512,2,9,0,2,2,0,0,0,0,0,0,0,0,0,2,1,6,6,1,43,7,1248,2,10,FIAT 500L,4,E01009879,0,-1
2023622300932,2023,622300932,1,9,0,18,19,6,1,0,0,3,0,0,0,0,1,1,1,1,2,51,8,1598,2,9,FIAT 500L,3,W01000925,0,-1
2023010465185,2023,010465185,1,9,0,6,6,7,7,0,0,2,0,0,1,0,4,1,6,6,1,39,7,1368,1,10,FIAT 500L,7,E01001642,0,-1
2023131266121,2023,131266121,2,9,0,18,19,5,1,0,0,8,0,0,0,0,4,1,5,6,1,30,6,1248,2,9,FIAT 500L,3,E01011907,0,-1
2023131277678,2023,131277678,2,9,0,7,7,1,5,0,0,4,1,4,0,0,1,1,2,2,2,43,7,1248,2,9,FIAT 500L,6,E01011738,0,-1
2023451259722,2023,451259722,1,9,0,2,2,1,3,0,0,1,0,0,0,0,3,1,5,6,2,42,7,1248,2,9,FIAT 500L,10,E01030754,0,-1
2023371312575,2023,371312575,1,5,0,14,14,5,1,0,0,0,0,4,0,0,1,1,5,6,1,29,6,600,1,18,-1,10,E01030292,0,-1
2023411307340,2023,411307340,2,4,0,18,19,8,4,0,0,0,1,0,0,0,1,1,1,1,1,39,7,293,1,2,-1,-1,-1,0,-1
2023501342141,2023,501342141,2,4,0,9,9,2,5,0,0,4,0,0,0,0,1,1,5,6,1,26,6,293,1,1,-1,3,E01019922,0,-1
2023122300814,2023,122300814,2,3,0,18,19,1,5,0,0,0,0,6,0,0,1,1,6,6,1,21,5,125,1,7,-1,3,E01011851,0,-1
2023361269793,2023,361269793,2,19,0,10,10,7,5,0,0,0,0,0,0,0,4,1,1,1,1,64,9,2497,2,13,-1,5,E01026760,0,-1
2023161325618,2023,161325618,2,19,0,18,19,1,5,0,0,2,0,0,0,0,1,1,6,6,1,-1,-1,2497,2,4,-1,-1,-1,0,-1
2023231375794,2023,231375794,2,9,0,18,19,4,8,0,0,8,0,0,0,0,4,1,6,6,1,32,6,3498,1,9,-1,1,E01032890,0,-1
2023141269221,2023,141269221,2,3,0,13,13,1,1,0,0,0,0,0,0,0,1,1,5,6,1,22,5,125,1,21,-1,6,E01007456,0,-1
2023451319174,2023,451319174,2,5,0,18,19,3,7,0,0,1,1,0,0,0,1,1,6,6,1,57,9,749,1,35,KAWASAKI VN,6,E01030995,0,-1
2023070975916,2023,070975916,1,5,0,18,19,5,1,0,0,0,5,0,1,4,1,1,6,6,1,60,9,-1,-1,-1,KAWASAKI VN,3,E01032930,0,-1
2023231356753,2023,231356753,1,5,0,5,5,8,4,0,0,3,0,0,0,0,1,1,5,6,1,31,6,1470,1,25,KAWASAKI VN,2,E01031010,0,-1
2023201384315,2023,201384315,1,5,0,18,19,2,6,0,0,8,2,0,0,0,1,1,5,6,1,51,8,1471,1,21,KAWASAKI VN,2,E01009932,0,-1
2023451345861,2023,451345861,1,5,0,16,19,4,1,0,0,0,0,6,0,0,1,1,5,6,1,61,9,903,1,10,KAWASAKI VN,8,E01016334,0,-1
2023131274414,2023,131274414,2,5,0,18,19,3,7,0,0,8,0,0,0,0,4,1,6,6,1,36,7,903,1,12,KAWASAKI VN,1,E01010782,0,-1
2023552300538,2023,552300538,2,4,0,18,19,8,4,0,0,0,0,0,0,0,3,1,6,6,1,34,6,903,1,12,-1,3,E01020556,0,-1
2023131351094,2023,131351094,3,5,0,18,19,3,7,0,0,0,0,0,0,0,3,1,5,6,1,39,7,903,1,9,KAWASAKI VN,8,E01011092,0,-1
2023622300270,2023,622300270,1,5,0,15,15,1,5,0,0,0,1,0,0,0,1,1,6,6,1,30,6,903,1,8,KAWASAKI VN,5,W01000802,0,-1
2023302300287,2023,302300287,2,5,0,18,19,6,2,0,0,0,0,0,0,0,1,1,6,6,1,49,8,2000,1,18,KAWASAKI VN,5,E01019520,0,-1
2023351310871,2023,351310871,2,4,0,18,19,2,6,0,0,0,0,0,0,0,1,1,5,6,1,57,9,903,1,10,-1,-1,-1,0,-1
2023031376868,2023,031376868,1,5,0,18,19,-1,-1,0,0,0,1,0,0,0,0,1,6,6,1,60,9,903,1,15,KAWASAKI VN,8,E01019337,0,-1
2023231271084,2023,231271084,2,5,0,18,19,1,4,0,0,8,1,0,7,9,1,1,5,6,1,55,8,1471,1,20,KAWASAKI VN,9,E01010220,0,-1
2023471331949,2023,471331949,6,5,0,2,2,0,0,0,0,0,0,0,0,0,3,1,6,6,3,-1,-1,903,1,10,KAWASAKI VN,-1,-1,0,-1
2023122300494,2023,122300494,1,3,0,18,19,5,1,0,0,0,1,0,0,0,1,1,6,6,1,74,10,805,1,25,-1,9,E01027921,0,-1
2023501308718,2023,501308718,2,5,0,18,19,1,5,0,0,0,0,0,0,0,2,1,5,6,1,24,5,1500,1,18,KAWASAKI VN,5,E01015139,0,-1
202360A114468,2023,60A114468,1,5,0,17,19,2,7,0,0,0,0,0,1,11,4,1,2,2,1,69,10,805,1,26,KAWASAKI VN,-1,-1,0,-1
2023552300320,2023,552300320,2,4,0,3,3,6,2,0,0,1,0,0,0,0,2,1,6,6,1,62,9,903,1,9,-1,7,E01020345,0,-1
2023010465185,2023,010465185,2,2,0,18,19,7,3,0,0,2,0,0,0,0,1,1,1,1,1,40,7,49,1,3,-1,4,E01002867,0,-1
2023461271353,2023,461271353,1,9,0,9,9,2,7,0,0,5,0,0,0,0,3,1,5,6,1,47,8,1991,1,21,-1,7,E01024131,0,-1
2023070594520,2023,070594520,2,9,0,18,19,3,7,0,0,8,1,0,0,0,1,1,2,2,2,62,9,1798,1,16,MAZDA MX-5,-1,-1,0,-1
2023070411116,2023,070411116,2,9,0,4,4,1,5,0,0,1,0,0,1,1,2,1,6,6,2,39,7,1999,1,10,MAZDA MX-5,3,W01000372,0,-1
2023421281949,2023,421281949,1,9,0,18,19,6,3,0,0,0,0,0,1,0,1,1,6,6,1,46,8,1999,1,18,MAZDA MX-5,6,E01029906,0,-1