collision_index,collision_year,collision_ref_no,vehicle_reference,vehicle_type,towing_and_articulation,vehicle_manoeuvre_historic,vehicle_manoeuvre,vehicle_direction_from,vehicle_direction_to,vehicle_location_restricted_lane_historic,vehicle_location_restricted_lane,junction_location,skidding_and_overturning,hit_object_in_carriageway,vehicle_leaving_carriageway,hit_object_off_carriageway,first_point_of_impact,vehicle_left_hand_drive,journey_purpose_of_driver_historic,journey_purpose_of_driver,sex_of_driver,age_of_driver,age_band_of_driver,engine_capacity_cc,propulsion_code,age_of_vehicle,generic_make_model,driver_imd_decile,lsoa_of_driver,escooter_flag,driver_distance_banding
2023471270543,2023,471270543,1,9,0,13,13,5,1,0,0,0,0,0,5,6,1,1,5,6,1,41,7,1839,1,19,MAZDA MX-5,3,E01020930,0,-1
2023991304941,2023,991304941,1,9,0,13,13,4,8,0,0,0,0,0,0,0,0,1,6,6,1,26,6,1496,1,7,MAZDA MX-5,4,E01028532,0,-1
2023010455026,2023,010455026,1,9,0,18,19,5,1,0,0,0,0,0,0,0,4,1,6,6,2,70,10,1798,1,15,MAZDA MX-5,6,E01024568,0,-1
2023421338322,2023,421338322,1,9,0,18,19,5,1,0,0,0,0,0,0,0,3,1,6,6,1,22,5,1840,1,21,MAZDA MX-5,8,E01033144,0,-1
2023631316136,2023,631316136,2,9,0,2,2,0,0,6,6,2,0,0,7,10,1,1,6,6,3,-1,-1,1798,1,17,MAZDA MX-5,-1,-1,0,-1
2023010444011,2023,010444011,1,9,0,5,5,1,5,0,0,0,0,0,0,0,1,1,2,2,2,56,9,1999,1,15,MAZDA MX-5,8,E01000784,0,-1
2023010461798,2023,010461798,1,9,0,99,99,9,9,99,99,9,9,99,9,99,9,9,6,6,1,40,7,1798,1,14,MAZDA MX-5,6,E01000700,0,-1
2023430422624,2023,430422624,2,9,0,16,19,8,3,0,0,0,0,0,7,0,1,1,6,6,1,23,5,1798,1,11,MAZDA MX-5,10,E01028736,0,-1
2023010446553,2023,010446553,2,9,0,99,99,9,9,99,99,9,9,99,9,99,1,9,6,6,3,-1,-1,1999,1,12,MAZDA MX-5,-1,-1,0,-1
2023461274176,2023,461274176,1,9,0,18,19,8,4,0,0,0,0,0,0,0,1,1,6,6,1,20,4,1597,1,33,MAZDA MX-5,10,E01030635,0,-1
2023131365268,2023,131365268,1,9,0,18,19,3,7,0,0,0,1,0,0,0,1,1,5,6,1,20,4,1600,1,30,MAZDA MX-5,9,E01010953,0,-1
2023031294692,2023,031294692,2,2,0,4,4,8,8,0,0,1,0,0,0,0,2,1,6,6,1,16,4,50,1,2,-1,2,E01019173,0,-1
2023010475320,2023,010475320,1,3,0,99,99,9,9,99,99,9,9,99,9,99,9,1,2,2,1,46,8,-1,3,1,-1,7,E01002222,0,-1
2023522301464,2023,522301464,1,5,0,8,8,6,8,0,0,1,0,0,0,0,2,1,6,6,1,35,6,-1,-1,-1,-1,-1,-1,0,-1
2023010467695,2023,010467695,1,3,0,18,19,5,1,0,0,2,2,0,0,0,1,1,6,6,1,28,6,-1,-1,-1,-1,7,E01001950,0,-1
2023122300385,2023,122300385,2,2,0,14,14,7,3,0,0,1,0,0,0,0,1,1,6,6,1,16,4,49,1,17,-1,9,E01027619,0,-1
2023461347285,2023,461347285,2,2,0,7,7,5,1,0,0,1,0,0,0,0,1,1,5,6,1,23,5,49,1,20,-1,2,E01024648,0,-1
202354D684323,2023,54D684323,2,3,0,9,9,3,7,0,0,4,0,0,0,0,4,1,6,6,1,40,7,-1,-1,-1,-1,2,E01032093,0,-1
2023101325036,2023,101325036,1,2,0,18,19,7,3,0,0,0,1,0,0,0,4,1,6,6,1,49,8,49,1,20,-1,3,E01027544,0,-1
2023351344744,2023,351344744,1,3,-1,-1,-1,-1,-1,-1,-1,-1,-1,-1,-1,0,-1,1,6,6,1,16,4,-1,-1,-1,-1,-1,-1,0,-1
2023302301520,2023,302301520,1,5,0,16,19,7,2,0,0,0,0,0,0,0,3,1,6,6,1,29,6,599,1,21,-1,9,E01009435,0,-1
2023302301171,2023,302301171,1,5,0,18,19,2,6,0,0,2,0,0,0,0,3,1,6,6,1,49,8,1634,1,17,-1,2,E01006032,0,-1
2023461358199,2023,461358199,1,4,0,9,9,8,4,0,0,0,0,0,0,0,1,1,6,6,1,77,11,847,1,4,-1,5,E01014414,0,-1
2023141321101,2023,141321101,2,3,0,16,19,7,3,0,0,0,0,0,0,0,1,1,6,6,1,66,10,124,1,11,YAMAHA YBR,3,E01007488,0,-1
2023332300705,2023,332300705,1,3,0,18,19,5,1,0,0,0,0,0,0,0,1,1,6,6,1,25,5,124,1,13,YAMAHA YBR,7,E01025752,0,-1
2023361281003,2023,361281003,1,3,0,4,4,7,3,0,0,5,1,0,0,0,4,1,5,6,2,26,6,124,1,11,YAMAHA YBR,2,E01026821,0,-1
2023010433180,2023,010433180,1,3,0,99,99,9,9,99,99,9,9,99,9,99,1,1,2,2,1,57,9,124,1,11,YAMAHA YBR,3,E01001516,0,-1
2023440041161,2023,440041161,2,3,0,18,19,3,7,0,0,8,1,0,0,0,1,1,2,2,1,45,7,124,1,16,YAMAHA YBR,5,E01017273,0,-1
2023311275217,2023,311275217,2,3,0,18,19,1,5,0,0,0,0,0,0,0,1,1,1,1,1,32,6,124,1,12,YAMAHA YBR,5,E01033413,0,-1
2023231280108,2023,231280108,1,3,0,18,19,1,5,0,0,8,0,0,0,0,1,1,6,6,1,29,6,125,1,8,YAMAHA YBR,-1,-1,0,-1
2023010420247,2023,010420247,2,3,0,18,19,3,7,0,0,1,0,0,0,0,3,1,6,6,2,33,6,124,1,14,YAMAHA YBR,2,E01003502,0,-1
2023010479399,2023,010479399,1,3,0,99,99,9,9,99,99,9,9,99,9,99,9,1,6,6,1,49,8,124,1,10,YAMAHA YBR,3,E01004030,0,-1
2023161292842,2023,161292842,2,3,0,18,19,3,7,0,0,8,0,0,0,0,4,1,2,2,1,30,6,124,1,14,YAMAHA YBR,3,E01012757,0,-1
2023010442074,2023,010442074,2,3,0,18,19,3,7,0,0,1,1,0,0,0,1,1,2,2,1,51,8,124,1,12,YAMAHA YBR,-1,-1,0,-1
2023471338013,2023,471338013,1,3,0,4,4,8,4,0,0,0,1,0,0,0,1,1,1,1,2,35,6,124,1,9,YAMAHA YBR,7,E01031708,0,-1
2023361347817,2023,361347817,1,3,0,18,19,5,1,0,0,0,0,0,0,0,1,1,6,6,1,18,4,124,1,13,YAMAHA YBR,6,E01026919,0,-1
2023340NN0722,2023,340NN0722,2,4,0,18,19,5,1,0,0,0,0,0,0,0,1,1,6,6,1,20,4,124,1,13,YAMAHA YBR,5,E01027328,0,-1
2023421311457,2023,421311457,2,3,0,14,14,4,8,0,0,1,0,0,0,0,4,1,6,6,1,17,4,124,1,14,YAMAHA YBR,4,E01015905,0,-1
2023340NN2782,2023,340NN2782,2,3,0,11,11,3,7,0,0,0,1,0,1,0,2,1,2,2,1,21,5,124,1,16,YAMAHA YBR,5,E01016577,0,-1
2023010443208,2023,010443208,1,3,0,99,99,9,9,99,99,0,9,99,9,99,1,1,1,1,1,35,6,124,1,13,YAMAHA YBR,2,E01004723,0,-1
2023161328143,2023,161328143,2,3,0,18,19,5,1,0,0,1,0,0,0,0,3,1,6,6,1,-1,-1,124,1,17,YAMAHA YBR,-1,-1,0,-1
2023471345189,2023,471345189,1,3,0,18,19,6,2,0,0,1,0,0,0,0,1,1,6,6,1,17,4,124,1,15,YAMAHA YBR,9,E01031772,0,-1
2023010455691,2023,010455691,1,3,0,99,99,9,9,99,99,9,9,99,9,99,1,1,2,2,1,36,7,124,1,12,YAMAHA YBR,7,E01021684,0,-1
2023440436305,2023,440436305,1,4,0,17,19,5,2,0,0,1,0,0,0,0,0,1,6,6,1,32,6,124,1,15,YAMAHA YBR,10,E01022687,0,-1
2023471309811,2023,471309811,2,3,0,18,19,7,4,0,0,8,0,0,0,0,4,1,5,6,1,28,6,124,1,18,YAMAHA YBR,3,E01031556,0,-1
2023010473960,2023,010473960,1,3,9,99,99,9,9,99,99,9,9,99,9,99,1,1,1,1,1,28,6,124,1,11,YAMAHA YBR,4,E01000068,0,-1
2023141365667,2023,141365667,2,3,0,18,19,6,2,0,0,2,0,0,0,0,1,1,5,6,1,18,4,125,1,6,YAMAHA YBR,6,E01007518,0,-1
2023201440143,2023,201440143,1,3,0,18,19,5,8,0,0,8,0,10,7,0,1,1,5,6,1,19,4,124,1,14,YAMAHA YBR,4,E01009750,0,-1
2023201384343,2023,201384343,2,3,0,18,19,5,1,0,0,8,0,0,0,0,1,1,5,6,1,19,4,124,1,11,YAMAHA YBR,1,E01009957,0,-1
2023041355022,2023,041355022,1,3,0,15,15,7,3,0,0,1,0,8,0,0,3,1,6,6,1,55,8,124,1,10,YAMAHA YBR,-1,-1,0,-1
2023010458515,2023,010458515,1,3,0,99,99,9,9,99,99,1,9,99,9,99,9,1,6,6,1,41,7,124,1,11,YAMAHA YBR,2,E01001555,0,-1
2023501332953,2023,501332953,1,3,0,18,19,3,7,0,0,0,0,0,0,0,1,1,6,6,1,17,4,124,1,13,YAMAHA YBR,2,E01018857,0,-1
2023041339603,2023,041339603,2,3,0,18,19,3,7,0,0,8,0,0,0,0,1,1,5,6,1,17,4,124,1,11,YAMAHA YBR,2,E01012685,0,-1
2023010471653,2023,010471653,1,3,0,18,19,3,7,0,0,4,0,0,0,0,1,1,6,6,2,22,5,124,1,11,YAMAHA YBR,2,E01000096,0,-1
2023522400260,2023,522400260,2,3,0,18,19,2,6,0,0,8,0,0,0,0,1,1,6,6,1,21,5,124,1,11,YAMAHA YBR,5,E01014518,0,-1
2023451374840,2023,451374840,2,3,0,18,19,1,5,0,0,0,1,0,0,0,1,1,2,2,1,18,4,125,1,8,YAMAHA YBR,9,E01030605,0,-1
2023041362236,2023,041362236,2,3,0,18,19,8,4,0,0,0,5,0,0,0,4,1,5,6,1,27,6,124,1,10,YAMAHA YBR,4,E01012604,0,-1
2023122300939,2023,122300939,2,3,0,18,19,7,3,0,0,1,1,0,1,9,1,1,6,6,1,18,4,124,1,12,YAMAHA YBR,7,E01027799,0,-1
2023421380687,2023,421380687,2,3,0,-1,-1,-1,-1,0,0,1,1,0,0,0,3,1,6,6,1,19,4,124,1,14,YAMAHA YBR,3,E01021669,0,-1
2023430205697,2023,430205697,1,2,0,13,13,8,4,0,0,8,0,0,0,0,1,1,2,2,1,18,4,125,1,7,-1,5,E01016556,0,-1
2023471306367,2023,471306367,1,3,0,18,19,7,3,0,0,0,1,0,7,0,1,1,2,2,1,25,5,124,1,11,YAMAHA YBR,5,E01021000,0,-1
2023531310674,2023,531310674,2,4,0,18,19,3,7,0,0,1,0,0,0,0,1,1,6,6,1,61,9,250,1,13,YAMAHA YBR,9,E01022207,0,-1
2023440514363,2023,440514363,2,3,0,18,19,6,2,0,0,0,0,0,0,0,1,1,6,6,1,59,9,124,1,14,YAMAHA YBR,4,E01023154,0,-1
2023361330723,2023,361330723,2,3,0,18,19,7,3,0,0,6,0,0,0,0,1,1,5,6,1,23,5,124,1,13,YAMAHA YBR,5,E01026770,0,-1
2023052302155,2023,052302155,1,3,0,18,19,1,5,0,0,8,0,0,0,0,1,1,1,1,1,19,4,125,1,8,YAMAHA YBR,1,E01006434,0,-1
2023430154384,2023,430154384,1,2,0,5,5,7,3,0,0,0,0,0,0,0,1,1,6,6,1,17,4,125,1,8,-1,5,E01028787,0,-1
2023461345451,2023,461345451,1,3,0,18,19,5,1,0,0,1,0,0,0,0,1,1,6,6,1,26,6,124,1,10,YAMAHA YBR,5,E01024776,0,-1
2023610003823,2023,610003823,1,3,0,18,19,4,8,0,0,0,1,0,0,0,1,1,6,6,1,36,7,124,1,13,YAMAHA YBR,2,W01001436,0,-1
2023332300376,2023,332300376,1,4,0,18,19,1,5,0,0,1,0,0,1,11,1,1,6,6,1,21,5,124,1,11,YAMAHA YBR,10,E01025785,0,-1
2023302300701,2023,302300701,2,3,0,13,13,8,4,0,0,1,0,0,0,0,1,1,1,1,1,36,7,124,1,13,YAMAHA YBR,9,E01019845,0,-1
2023010469068,2023,010469068,3,2,0,15,15,5,1,0,0,0,2,0,0,0,1,1,6,6,1,23,5,125,1,7,-1,1,E01033585,0,-1
2023451287320,2023,451287320,1,3,0,18,19,1,5,9,9,1,0,0,0,0,1,1,2,2,1,21,5,124,1,10,YAMAHA YBR,5,E01003833,0,-1
2023361333145,2023,361333145,1,3,0,9,9,3,6,0,0,8,0,0,0,0,1,1,5,6,1,21,5,124,1,12,YAMAHA YBR,1,E01026800,0,-1
2023991308578,2023,991308578,2,3,0,18,19,7,3,0,0,0,0,0,0,0,1,1,5,6,1,25,5,124,1,11,YAMAHA YBR,3,-1,0,-1
2023201397959,2023,201397959,2,3,0,18,19,6,2,0,0,8,0,0,0,0,1,1,2,2,1,27,6,124,1,11,YAMAHA YBR,8,E01009067,0,-1
2023161351674,2023,161351674,1,2,0,9,9,2,7,0,0,1,2,0,0,0,1,1,5,6,1,23,5,124,1,17,-1,5,E01013078,0,-1
2023122300803,2023,122300803,1,3,0,18,19,7,3,0,0,1,1,0,0,0,3,1,6,6,1,29,6,125,1,9,YAMAHA YBR,1,E01033473,0,-1
2023991357980,2023,991357980,2,3,0,18,19,4,8,0,0,1,0,0,0,0,1,1,6,6,1,24,5,124,1,14,YAMAHA YBR,5,-1,0,-1
2023201384212,2023,201384212,2,3,0,18,19,2,6,0,0,8,0,0,0,0,1,1,6,6,1,23,5,124,1,12,YAMAHA YBR,-1,-1,0,-1
2023221355851,2023,221355851,2,3,0,18,19,3,7,0,0,8,0,0,0,0,1,1,6,6,1,18,4,124,1,14,YAMAHA YBR,8,E01032233,0,-1
2023430312181,2023,430312181,2,3,0,18,19,2,6,0,0,0,1,10,0,0,1,1,6,6,1,34,6,125,1,7,YAMAHA YBR,1,E01017471,0,-1
2023010432386,2023,010432386,1,3,0,5,5,5,1,0,0,1,0,0,0,0,1,1,6,6,1,47,8,125,1,7,YAMAHA YBR,1,E01001786,0,-1
2023451381413,2023,451381413,1,3,0,18,19,1,5,0,0,1,1,10,0,0,1,1,5,6,1,16,4,124,1,12,YAMAHA YBR,9,E01030947,0,-1
202363D002123,2023,63D002123,1,3,0,18,19,6,2,0,0,0,0,0,0,0,1,1,1,1,1,22,5,125,1,7,YAMAHA YBR,7,W01000501,0,-1
2023430481084,2023,430481084,1,2,0,16,19,6,1,0,0,1,0,12,0,0,1,1,2,2,1,19,4,124,1,11,-1,6,E01016268,0,-1
2023010437087,2023,010437087,2,3,0,13,13,5,1,0,0,8,0,0,0,0,1,1,2,2,1,30,6,125,1,8,YAMAHA YBR,6,E01001997,0,-1
2023461330492,2023,461330492,1,4,0,18,19,2,6,0,0,2,2,4,0,0,1,1,6,6,1,19,4,124,1,11,YAMAHA YBR,2,E01024294,0,-1
2023131368472,2023,131368472,2,3,0,18,19,7,7,0,0,0,0,0,0,0,1,1,6,6,1,58,9,125,1,9,YAMAHA YBR,2,E01011815,0,-1
2023010427413,2023,010427413,1,3,0,18,19,5,1,0,0,8,5,0,0,0,1,1,2,2,1,31,6,124,1,10,YAMAHA YBR,7,E01001495,0,-1
2023351343161,2023,351343161,1,3,0,18,19,6,2,0,0,2,0,0,1,4,1,1,5,6,1,18,4,125,1,9,YAMAHA YBR,9,E01018148,0,-1
2023131299359,2023,131299359,2,3,0,18,19,4,1,0,0,1,0,0,0,0,1,1,6,6,1,23,5,124,1,14,YAMAHA YBR,1,E01010826,0,-1
2023361379382,2023,361379382,2,3,0,18,19,7,3,0,0,8,0,0,0,0,1,1,6,6,1,29,6,124,1,13,YAMAHA YBR,5,E01033539,0,-1
2023141361669,2023,141361669,1,3,0,18,19,8,4,0,0,1,5,0,1,0,1,1,6,6,1,55,8,125,1,7,YAMAHA YBR,3,E01008063,0,-1
2023302301603,2023,302301603,2,4,0,13,13,4,8,0,0,1,0,0,0,0,3,1,2,2,1,21,5,124,1,13,YAMAHA YBR,10,E01019829,0,-1
2023320474769,2023,320474769,1,3,0,17,19,8,4,0,0,0,5,10,1,0,3,1,6,6,1,22,5,124,1,10,YAMAHA YBR,-1,-1,0,-1
2023451314753,2023,451314753,1,3,0,13,13,3,7,0,0,0,0,0,0,0,1,1,5,6,2,18,4,125,1,8,YAMAHA YBR,2,E01000103,0,-1
2023991317976,2023,991317976,2,3,0,17,19,4,1,0,0,3,0,0,0,0,4,1,2,2,1,24,5,124,1,14,YAMAHA YBR,5,-1,0,-1
2023131381981,2023,131381981,2,3,0,18,19,5,1,0,0,8,5,0,0,0,3,1,6,6,1,30,6,124,1,9,YAMAHA YBR,3,E01011776,0,-1
2023411399489,2023,411399489,2,3,0,9,9,6,1,0,0,5,0,0,0,0,1,1,6,6,1,17,4,124,1,15,YAMAHA YBR,7,E01023462,0,-1
2023471367386,2023,471367386,2,3,0,18,19,3,1,0,0,8,5,0,0,0,2,1,2,2,1,28,6,124,1,17,YAMAHA YBR,5,E01031595,0,-1
2023131260471,2023,131260471,2,3,0,18,19,3,7,0,0,8,0,0,0,0,4,1,6,6,1,34,6,124,1,11,YAMAHA YBR,7,E01010917,0,-1
2023231415275,2023,231415275,2,3,0,18,19,7,3,0,0,8,0,0,0,0,1,1,2,2,1,62,9,125,1,7,YAMAHA YBR,6,E01031107,0,-1
2023332300227,2023,332300227,2,3,0,18,19,7,3,0,0,8,1,0,1,0,1,1,2,2,1,20,4,124,1,16,YAMAHA YBR,6,E01013789,0,-1
2023430336265,2023,430336265,2,3,0,10,10,7,5,0,0,8,0,0,0,0,4,1,6,6,1,28,6,124,1,11,YAMAHA YBR,10,E01016267,0,-1
2023302301087,2023,302301087,1,3,0,17,19,2,7,0,0,0,1,0,1,9,1,1,6,6,1,19,4,124,1,12,YAMAHA YBR,2,E01010446,0,-1
202360A162753,2023,60A162753,2,3,0,18,19,2,6,0,0,1,0,0,0,0,1,1,6,6,1,17,4,124,1,11,YAMAHA YBR,-1,-1,0,-1
2023351360175,2023,351360175,1,3,0,16,19,5,1,0,0,0,1,0,0,0,1,1,1,1,1,19,4,125,1,8,YAMAHA YBR,5,E01018158,0,-1
2023061328786,2023,061328786,1,4,0,18,19,1,5,0,0,2,0,0,0,0,1,1,5,6,1,27,6,124,1,16,YAMAHA YBR,1,E01005104,0,-1
2023231313141,2023,231313141,2,3,0,7,7,2,5,0,0,8,0,0,0,0,1,1,5,6,1,81,11,124,1,11,YAMAHA YBR,6,E01031283,0,-1
2023411337689,2023,411337689,2,3,-1,18,19,-1,-1,0,0,0,-1,-1,0,0,-1,1,2,2,1,51,8,125,1,8,YAMAHA YBR,3,E01001445,0,-1
2023471381442,2023,471381442,1,3,0,18,19,6,2,0,0,0,1,0,0,0,1,1,6,6,1,17,4,124,1,14,YAMAHA YBR,7,E01031527,0,-1
2023201289500,2023,201289500,1,3,0,10,10,4,2,0,0,8,0,0,0,0,2,1,6,6,1,27,6,125,1,6,YAMAHA YBR,2,E01010065,0,-1
2023451378710,2023,451378710,1,3,0,17,19,7,3,0,0,0,0,0,1,0,1,1,5,6,1,28,6,124,1,17,YAMAHA YBR,6,E01030862,0,-1
2023302301195,2023,302301195,1,3,0,18,19,7,3,0,0,8,0,0,0,0,1,1,6,6,1,20,4,124,1,13,YAMAHA YBR,7,E01019553,0,-1
2023361328314,2023,361328314,2,3,0,18,19,6,2,0,0,1,1,0,0,0,1,1,5,6,1,67,10,124,1,10,YAMAHA YBR,9,E01026933,0,-1
2023010447748,2023,010447748,1,3,0,18,19,1,5,0,0,2,0,0,0,0,1,1,6,6,3,-1,-1,124,1,10,YAMAHA YBR,-1,-1,0,-1
2023451331687,2023,451331687,1,3,0,13,13,5,1,0,0,1,5,0,0,0,4,1,2,2,1,44,7,124,1,14,YAMAHA YBR,6,E01031557,0,-1
2023332300722,2023,332300722,1,3,0,4,4,1,5,0,0,0,1,4,0,0,1,1,6,6,1,29,6,124,1,10,YAMAHA YBR,3,E01025852,0,-1
2023520001447,2023,520001447,2,3,0,18,19,3,7,0,0,8,0,0,0,0,4,1,6,6,1,19,4,124,1,13,YAMAHA YBR,5,E01014437,0,-1
2023061282244,2023,061282244,2,3,0,18,19,-1,-1,0,0,0,0,0,0,0,1,1,6,6,1,23,5,124,1,12,YAMAHA YBR,5,E01005700,0,-1
2023361299089,2023,361299089,1,3,0,4,4,4,8,0,0,0,1,0,0,0,3,1,5,6,1,20,4,124,1,10,YAMAHA YBR,1,E01026793,0,-1
2023401353945,2023,401353945,1,3,0,13,13,6,2,0,0,0,2,0,1,0,3,1,6,6,1,17,4,125,1,9,YAMAHA YBR,10,E01017405,0,-1
2023131347027,2023,131347027,1,3,0,18,19,1,5,0,0,0,5,0,0,0,1,1,6,6,1,18,4,124,1,17,YAMAHA YBR,4,E01011049,0,-1
2023320428630,2023,320428630,2,2,0,18,19,2,6,0,0,0,2,0,0,0,1,1,1,1,1,36,7,124,1,13,-1,6,E01026244,0,-1
2023311291891,2023,311291891,2,3,0,18,19,7,3,0,0,0,0,0,0,0,1,1,1,1,1,18,4,124,1,11,YAMAHA YBR,-1,-1,0,-1
2023061333429,2023,061333429,1,2,0,9,9,1,3,0,0,1,0,0,0,0,3,1,6,6,1,24,5,124,1,14,-1,2,E01006030,0,-1
2023461274145,2023,461274145,2,3,0,18,19,1,5,0,0,8,1,0,0,0,1,1,5,6,1,31,6,124,1,16,YAMAHA YBR,5,E01024598,0,-1
2023451385031,2023,451385031,1,3,0,4,4,7,3,0,0,0,0,0,0,0,0,1,5,6,1,28,6,124,1,15,YAMAHA YBR,10,E01030307,0,-1
2023991348184,2023,991348184,1,3,0,7,7,4,7,0,0,6,0,10,8,0,1,1,2,2,2,17,4,124,1,14,YAMAHA YBR,8,-1,0,-1
2023421281804,2023,421281804,2,3,0,18,19,2,6,0,0,0,2,0,7,0,4,1,5,6,1,18,4,124,1,16,YAMAHA YBR,2,E01021846,0,-1
2023991320778,2023,991320778,2,3,0,3,3,8,3,0,0,1,0,0,0,0,2,1,5,6,1,17,4,125,1,9,YAMAHA YBR,6,-1,0,-1
2023211320590,2023,211320590,1,3,0,18,19,5,1,0,0,1,0,0,0,0,1,1,6,6,1,45,7,125,1,7,YAMAHA YBR,-1,-1,0,-1
2023440302164,2023,440302164,2,4,0,14,14,5,1,0,0,1,0,0,0,0,4,1,6,6,1,34,6,124,1,9,YAMAHA YBR,3,E01017073,0,-1
2023131295107,2023,131295107,1,3,0,17,19,7,3,0,0,0,1,0,2,0,0,1,2,2,1,28,6,124,1,10,YAMAHA YBR,9,E01010692,0,-1
2023010426063,2023,010426063,1,3,0,14,14,1,5,0,0,1,5,0,0,0,3,1,1,1,1,53,8,124,1,9,YAMAHA YBR,3,E01001466,0,-1
2023361299975,2023,361299975,2,3,0,18,19,2,6,0,0,1,0,0,0,0,1,1,5,6,1,20,4,124,1,10,YAMAHA YBR,1,E01026793,0,-1
2023440449698,2023,440449698,1,3,0,3,3,1,5,0,0,1,0,0,0,0,2,1,6,6,2,30,6,124,1,16,YAMAHA YBR,1,E01032882,0,-1
2023991299735,2023,991299735,1,3,0,18,19,5,1,0,0,0,0,0,0,0,1,1,5,6,2,18,4,124,1,13,YAMAHA YBR,8,-1,0,-1
2023340NN4452,2023,340NN4452,1,3,0,18,19,4,8,0,0,0,0,0,0,0,1,1,2,2,1,19,4,124,1,13,YAMAHA YBR,5,E01027073,0,-1
2023351320831,2023,351320831,1,3,0,13,13,2,6,0,0,1,0,0,0,0,4,1,6,6,1,17,4,125,1,8,YAMAHA YBR,8,E01018021,0,-1
2023361366725,2023,361366725,1,3,0,9,9,8,4,0,0,8,0,0,0,0,3,1,2,2,2,26,6,124,1,13,YAMAHA YBR,6,E01026451,0,-1
202360A015838,2023,60A015838,2,3,0,18,19,8,4,0,0,1,0,0,0,0,1,1,2,2,1,58,9,124,1,10,YAMAHA YBR,-1,-1,0,-1
2023440363166,2023,440363166,1,5,0,18,19,6,2,0,0,0,1,12,1,9,1,1,2,2,1,34,6,125,1,8,-1,2,E01015280,0,-1
2023141367103,2023,141367103,2,3,0,18,19,8,4,0,0,8,0,0,0,0,1,1,2,2,1,22,5,125,1,7,YAMAHA YBR,1,E01007941,0,-1
2023430579051,2023,430579051,1,4,0,18,19,8,4,0,0,1,1,0,0,0,1,1,1,1,1,44,7,124,1,10,YAMAHA YBR,3,E01016804,0,-1
2023371301435,2023,371301435,1,3,0,18,19,3,1,0,0,0,0,0,0,0,1,1,1,1,1,36,7,124,1,9,YAMAHA YBR,6,E01029891,0,-1
2023302301668,2023,302301668,1,3,0,18,19,8,4,0,0,2,0,0,0,0,1,1,6,6,1,17,4,124,1,11,YAMAHA YBR,2,E01019556,0,-1
2023010450170,2023,010450170,2,3,0,99,99,9,9,99,99,9,9,99,9,99,9,1,6,6,1,31,6,124,1,16,YAMAHA YBR,1,E01004222,0,-1
2023320736816,2023,320736816,1,3,0,4,4,4,8,6,6,0,1,4,7,0,1,1,6,6,1,21,5,124,1,15,YAMAHA YBR,-1,-1,0,-1
2023531305600,2023,531305600,1,3,0,18,19,7,3,0,0,0,0,0,0,0,1,1,2,2,1,29,6,124,1,13,YAMAHA YBR,8,E01032938,0,-1
2023401342991,2023,401342991,3,3,0,2,2,0,0,0,0,1,0,0,0,0,3,1,6,6,1,-1,-1,124,1,17,YAMAHA YBR,-1,-1,0,-1
2023231396192,2023,231396192,1,4,0,18,19,1,5,0,0,8,1,0,0,0,4,1,2,2,1,27,6,124,1,9,YAMAHA YBR,8,E01025771,0,-1
2023451330677,2023,451330677,1,3,0,4,4,2,4,0,0,0,1,0,0,0,1,1,1,1,1,28,6,124,1,8,YAMAHA YBR,4,E01001174,0,-1
2023010447977,2023,010447977,1,3,0,99,99,7,3,99,99,0,9,99,9,99,9,1,2,2,1,58,9,124,1,16,YAMAHA YBR,2,E01000065,0,-1
2023010458305,2023,010458305,1,3,0,3,3,3,7,99,99,9,9,0,0,0,3,1,2,2,1,37,7,125,1,8,YAMAHA YBR,10,E01021284,0,-1
2023010469548,2023,010469548,1,3,0,99,99,9,9,99,99,0,9,99,9,99,1,1,2,2,1,30,6,124,1,10,YAMAHA YBR,3,E01002311,0,-1
2023201419050,2023,201419050,2,3,0,18,19,8,4,0,0,8,2,0,0,0,0,1,1,1,1,25,5,124,1,15,YAMAHA YBR,2,E01010263,0,-1
2023501309116,2023,501309116,1,3,0,14,14,1,5,0,0,0,1,0,0,0,4,1,6,6,1,34,6,124,1,13,YAMAHA YBR,3,E01018815,0,-1
2023471313367,2023,471313367,1,3,0,14,14,5,1,0,0,1,0,0,0,0,1,1,6,6,1,23,5,124,1,8,YAMAHA YBR,1,E01004209,0,-1
2023311323491,2023,311323491,1,3,0,7,7,8,2,0,0,3,1,0,0,0,1,1,2,2,1,21,5,124,1,11,YAMAHA YBR,1,E01013850,0,-1
2023501344858,2023,501344858,1,3,0,18,19,8,4,0,0,0,0,0,0,0,3,1,2,2,2,20,4,124,1,10,YAMAHA YBR,8,E01015165,0,-1
2023101320974,2023,101320974,1,3,0,17,19,5,1,0,0,0,2,0,0,0,3,1,5,6,1,20,4,124,1,14,YAMAHA YBR,8,E01008249,0,-1
2023131345630,2023,131345630,1,3,0,18,19,1,5,0,0,1,2,0,0,0,2,1,5,6,1,30,6,125,1,8,YAMAHA YBR,1,E01010819,0,-1
2023501344469,2023,501344469,2,4,0,18,19,3,7,0,0,1,0,0,0,0,1,1,6,6,1,26,6,125,1,8,YAMAHA YBR,5,E01020339,0,-1
2023451383748,2023,451383748,1,3,0,13,13,6,2,0,0,0,5,0,0,0,2,1,5,6,1,46,8,125,1,7,YAMAHA YBR,10,E01023097,0,-1